INFO|2024-09-25 13:41:59: 
{'batch_size': 256,
 'config': '/home/bingxing2/ailab/zhaozhen/energy/senseflow/configs/test_gnns_gatconv_v2_1.yaml',
 'data': {'batch_size': 256,
          'batch_size_test': 256,
          'meta': {'edge': [['PQ', 'default', 'PQ'],
                            ['PQ', 'default', 'PV'],
                            ['PQ', 'default', 'Slack'],
                            ['PV', 'default', 'PQ'],
                            ['PV', 'default', 'PV'],
                            ['PV', 'default', 'Slack'],
                            ['Slack', 'default', 'PQ'],
                            ['Slack', 'default', 'PV']],
                   'node': ['PQ', 'PV', 'Slack']},
          'num_workers': 4,
          'train': {'data_root': '/',
                    'dataset_type': 'PowerFlowDataset',
                    'mask_num': 0,
                    'pq_len': 29,
                    'pv_len': 9,
                    'slack_len': 1,
                    'split_txt': '/home/bingxing2/ailab/zhaozhen/energy/senseflow/data_json/processed/10w_case39_n_n_1.json'},
          'val': {'data_root': '/',
                  'dataset_type': 'PowerFlowDataset',
                  'mask_num': 0,
                  'pq_len': 29,
                  'pv_len': 9,
                  'slack_len': 1,
                  'split_txt': '/home/bingxing2/ailab/zhaozhen/energy/senseflow/data_json/processed/2w_case39_n_2.json'}},
 'distributed': False,
 'flag_return_losses': True,
 'local_rank': 0,
 'log_path': './results/test_gnns_gatconv_v2_1/2024_09_25_13_41_59',
 'loss': {'aggr': 'abs', 'filt_type': True, 'type': 'bi_deltapq_loss'},
 'mask_num': 0,
 'model': {'batch_size': 256,
           'ema_decay_param': 0.99,
           'ema_warmup_epoch': 10,
           'flag_use_edge_feat': False,
           'flag_use_ema': True,
           'flag_use_ffn': False,
           'flag_use_fusion': False,
           'flag_weighted_loss': True,
           'gcn_type': 'gatconv',
           'heads_num': 4,
           'hidden_channels': 128,
           'loss_type': 'l1',
           'loss_weight_equ': 0.1,
           'loss_weight_va': 1.0,
           'loss_weight_vm': 10.0,
           'matrix': 'vm_va',
           'num_block': 8,
           'num_loops_test': -1,
           'num_loops_train': 8,
           'resume_ckpt_path': '',
           'scaling_factor_va': 0.01,
           'scaling_factor_vm': 0.01,
           'type': 'test_gnn',
           'with_norm': True},
 'ngpus': 1,
 'pq_len': 29,
 'pv_len': 9,
 'scheduler': {'eta_min': '1e-5', 'type': 'Cosine'},
 'seed': 2024,
 'slack_len': 1,
 'train': {'epochs': 100,
           'learning_rate': 0.001,
           'logs_freq': 10,
           'momentum': 0.9,
           'optimizer_type': 'Adam',
           'weight_decay': 0.0}}
INFO|2024-09-25 13:42:05: ==================== Total number of parameters: 8.667M
INFO|2024-09-25 13:42:05: -------------------- Epoch: 1 --------------------
INFO|2024-09-25 13:43:11: Epoch[001/100], iter[040/392], loss_total:6.14365, loss_equ:15.34596 loss_pq_vm:0.11185 loss_pq_va:1.69084 loss_pv_va:1.79975
INFO|2024-09-25 13:44:14: Epoch[001/100], iter[079/392], loss_total:5.64727, loss_equ:13.94586 loss_pq_vm:0.09439 loss_pq_va:1.59926 loss_pv_va:1.70948
INFO|2024-09-25 13:45:17: Epoch[001/100], iter[118/392], loss_total:5.35871, loss_equ:11.54178 loss_pq_vm:0.08615 loss_pq_va:1.61275 loss_pv_va:1.73030
INFO|2024-09-25 13:46:20: Epoch[001/100], iter[157/392], loss_total:4.99761, loss_equ:10.97874 loss_pq_vm:0.08151 loss_pq_va:1.49166 loss_pv_va:1.59302
INFO|2024-09-25 13:47:24: Epoch[001/100], iter[196/392], loss_total:5.42275, loss_equ:12.53344 loss_pq_vm:0.08025 loss_pq_va:1.63629 loss_pv_va:1.73062
INFO|2024-09-25 13:48:27: Epoch[001/100], iter[235/392], loss_total:4.63122, loss_equ:11.14841 loss_pq_vm:0.06567 loss_pq_va:1.38428 loss_pv_va:1.47539
INFO|2024-09-25 13:49:30: Epoch[001/100], iter[274/392], loss_total:4.21170, loss_equ:10.44887 loss_pq_vm:0.06099 loss_pq_va:1.25462 loss_pv_va:1.30228
INFO|2024-09-25 13:50:33: Epoch[001/100], iter[313/392], loss_total:4.56468, loss_equ:11.38002 loss_pq_vm:0.07204 loss_pq_va:1.30920 loss_pv_va:1.39709
INFO|2024-09-25 13:51:36: Epoch[001/100], iter[352/392], loss_total:4.76051, loss_equ:12.21895 loss_pq_vm:0.06881 loss_pq_va:1.36857 loss_pv_va:1.48195
INFO|2024-09-25 13:52:41: Epoch[001/100], iter[392/392], loss_total:4.22636, loss_equ:12.32939 loss_pq_vm:0.06989 loss_pq_va:1.10489 loss_pv_va:1.18963
INFO|2024-09-25 13:54:50: Epoch 0/100, lr:  0.00099976, eta: 21.02h, train_loss:  5.30513, valid_loss:  4.61482
INFO|2024-09-25 13:54:50: 	Train: PQ_Vm_rmse: 0.01275112  PQ_Va_rmse: 0.19784027  PV_Va_rmse: 0.21476072  delta_p: 0.77424178  delta_q: 0.32198123  
INFO|2024-09-25 13:54:50: 	ZTest: PQ_Vm_rmse: 0.01080630  PQ_Va_rmse: 0.11893950  PV_Va_rmse: 0.13242194  delta_p: 0.92473951  delta_q: 0.29259767  
INFO|2024-09-25 13:54:50: 	ZTest-ema: PQ_Vm_rmse: 0.010806  PQ_Va_rmse: 0.118940  PV_Va_rmse: 0.132422  delta_p: 0.924734  delta_q: 0.292598  
INFO|2024-09-25 13:54:50: 	           ValOfEMA:0.132422/0.132422,  Epoch:1/1
INFO|2024-09-25 13:54:51: 	Time(ep):764s,  Val(curr/best):0.132422/0.132422,  Epoch(curr/best):1/1
INFO|2024-09-25 13:54:51: -------------------- Epoch: 2 --------------------
INFO|2024-09-25 13:55:57: Epoch[002/100], iter[040/392], loss_total:3.70140, loss_equ:8.46314 loss_pq_vm:0.06749 loss_pq_va:1.04779 loss_pv_va:1.13234
INFO|2024-09-25 13:57:00: Epoch[002/100], iter[079/392], loss_total:3.16006, loss_equ:8.53544 loss_pq_vm:0.05254 loss_pq_va:0.85523 loss_pv_va:0.92585
INFO|2024-09-25 13:58:03: Epoch[002/100], iter[118/392], loss_total:3.60786, loss_equ:9.48389 loss_pq_vm:0.05922 loss_pq_va:0.99416 loss_pv_va:1.07311
INFO|2024-09-25 13:59:07: Epoch[002/100], iter[157/392], loss_total:3.72251, loss_equ:9.40189 loss_pq_vm:0.06946 loss_pq_va:1.00168 loss_pv_va:1.08604
INFO|2024-09-25 14:00:10: Epoch[002/100], iter[196/392], loss_total:3.31530, loss_equ:8.70321 loss_pq_vm:0.05137 loss_pq_va:0.92446 loss_pv_va:1.00680
INFO|2024-09-25 14:01:13: Epoch[002/100], iter[235/392], loss_total:3.15699, loss_equ:8.09528 loss_pq_vm:0.05030 loss_pq_va:0.88363 loss_pv_va:0.96081
INFO|2024-09-25 14:02:16: Epoch[002/100], iter[274/392], loss_total:3.76778, loss_equ:8.13203 loss_pq_vm:0.05549 loss_pq_va:1.14498 loss_pv_va:1.25466
INFO|2024-09-25 14:03:19: Epoch[002/100], iter[313/392], loss_total:3.18091, loss_equ:8.59162 loss_pq_vm:0.05235 loss_pq_va:0.85941 loss_pv_va:0.93885
INFO|2024-09-25 14:04:23: Epoch[002/100], iter[352/392], loss_total:3.19379, loss_equ:10.58394 loss_pq_vm:0.05426 loss_pq_va:0.76659 loss_pv_va:0.82624
INFO|2024-09-25 14:05:27: Epoch[002/100], iter[392/392], loss_total:3.10637, loss_equ:8.03606 loss_pq_vm:0.04797 loss_pq_va:0.87381 loss_pv_va:0.94927
INFO|2024-09-25 14:07:36: Epoch 1/100, lr:  0.00099902, eta: 20.84h, train_loss:  3.45612, valid_loss:  3.52978
INFO|2024-09-25 14:07:36: 	Train: PQ_Vm_rmse: 0.00726620  PQ_Va_rmse: 0.08680894  PV_Va_rmse: 0.09576054  delta_p: 0.58151997  delta_q: 0.18606704  
INFO|2024-09-25 14:07:36: 	ZTest: PQ_Vm_rmse: 0.00830846  PQ_Va_rmse: 0.08923076  PV_Va_rmse: 0.09752098  delta_p: 0.57015108  delta_q: 0.16715115  
INFO|2024-09-25 14:07:36: 	ZTest-ema: PQ_Vm_rmse: 0.008308  PQ_Va_rmse: 0.089231  PV_Va_rmse: 0.097521  delta_p: 0.570150  delta_q: 0.167151  
INFO|2024-09-25 14:07:36: 	           ValOfEMA:0.097521/0.097521,  Epoch:2/2
INFO|2024-09-25 14:07:38: 	Time(ep):765s,  Val(curr/best):0.097521/0.097521,  Epoch(curr/best):2/2
INFO|2024-09-25 14:07:38: -------------------- Epoch: 3 --------------------
INFO|2024-09-25 14:08:43: Epoch[003/100], iter[040/392], loss_total:3.00862, loss_equ:8.50666 loss_pq_vm:0.06286 loss_pq_va:0.73015 loss_pv_va:0.79920
INFO|2024-09-25 14:09:46: Epoch[003/100], iter[079/392], loss_total:2.58875, loss_equ:6.82989 loss_pq_vm:0.04819 loss_pq_va:0.68094 loss_pv_va:0.74296
INFO|2024-09-25 14:10:50: Epoch[003/100], iter[118/392], loss_total:2.85301, loss_equ:7.28455 loss_pq_vm:0.05320 loss_pq_va:0.75702 loss_pv_va:0.83558
INFO|2024-09-25 14:11:52: Epoch[003/100], iter[157/392], loss_total:3.00931, loss_equ:8.36408 loss_pq_vm:0.04531 loss_pq_va:0.82346 loss_pv_va:0.89637
INFO|2024-09-25 14:12:55: Epoch[003/100], iter[196/392], loss_total:2.85231, loss_equ:8.26480 loss_pq_vm:0.04706 loss_pq_va:0.74176 loss_pv_va:0.81346
INFO|2024-09-25 14:13:58: Epoch[003/100], iter[235/392], loss_total:3.96375, loss_equ:17.06915 loss_pq_vm:0.05699 loss_pq_va:0.80841 loss_pv_va:0.87850
INFO|2024-09-25 14:15:01: Epoch[003/100], iter[274/392], loss_total:2.84242, loss_equ:7.10620 loss_pq_vm:0.05294 loss_pq_va:0.77035 loss_pv_va:0.83205
INFO|2024-09-25 14:16:04: Epoch[003/100], iter[313/392], loss_total:2.59117, loss_equ:7.08247 loss_pq_vm:0.04898 loss_pq_va:0.66676 loss_pv_va:0.72636
INFO|2024-09-25 14:17:08: Epoch[003/100], iter[352/392], loss_total:2.59897, loss_equ:7.32284 loss_pq_vm:0.04072 loss_pq_va:0.68911 loss_pv_va:0.77039
INFO|2024-09-25 14:18:12: Epoch[003/100], iter[392/392], loss_total:2.63444, loss_equ:7.16215 loss_pq_vm:0.03935 loss_pq_va:0.71930 loss_pv_va:0.80540
INFO|2024-09-25 14:20:21: Epoch 2/100, lr:  0.00099780, eta: 20.57h, train_loss:  2.89559, valid_loss:  3.00750
INFO|2024-09-25 14:20:21: 	Train: PQ_Vm_rmse: 0.00605722  PQ_Va_rmse: 0.06577703  PV_Va_rmse: 0.07282991  delta_p: 0.48168530  delta_q: 0.15107762  
INFO|2024-09-25 14:20:21: 	ZTest: PQ_Vm_rmse: 0.00749654  PQ_Va_rmse: 0.06563510  PV_Va_rmse: 0.07198377  delta_p: 0.57372897  delta_q: 0.16037248  
INFO|2024-09-25 14:20:21: 	ZTest-ema: PQ_Vm_rmse: 0.007497  PQ_Va_rmse: 0.065635  PV_Va_rmse: 0.071984  delta_p: 0.573730  delta_q: 0.160373  
INFO|2024-09-25 14:20:21: 	           ValOfEMA:0.071984/0.071984,  Epoch:3/3
INFO|2024-09-25 14:20:22: 	Time(ep):763s,  Val(curr/best):0.071984/0.071984,  Epoch(curr/best):3/3
INFO|2024-09-25 14:20:22: -------------------- Epoch: 4 --------------------
INFO|2024-09-25 14:21:28: Epoch[004/100], iter[040/392], loss_total:2.99685, loss_equ:7.11519 loss_pq_vm:0.04815 loss_pq_va:0.86422 loss_pv_va:0.93962
INFO|2024-09-25 14:22:30: Epoch[004/100], iter[079/392], loss_total:3.01529, loss_equ:8.09780 loss_pq_vm:0.05445 loss_pq_va:0.79522 loss_pv_va:0.86575
INFO|2024-09-25 14:23:33: Epoch[004/100], iter[118/392], loss_total:2.96928, loss_equ:7.86631 loss_pq_vm:0.04815 loss_pq_va:0.81219 loss_pv_va:0.88898
INFO|2024-09-25 14:24:37: Epoch[004/100], iter[157/392], loss_total:2.81084, loss_equ:8.66525 loss_pq_vm:0.05028 loss_pq_va:0.68816 loss_pv_va:0.75337
INFO|2024-09-25 14:25:40: Epoch[004/100], iter[196/392], loss_total:2.87614, loss_equ:7.52297 loss_pq_vm:0.05314 loss_pq_va:0.76608 loss_pv_va:0.82641
INFO|2024-09-25 14:26:43: Epoch[004/100], iter[235/392], loss_total:2.55358, loss_equ:7.79497 loss_pq_vm:0.04069 loss_pq_va:0.64608 loss_pv_va:0.72107
INFO|2024-09-25 14:27:46: Epoch[004/100], iter[274/392], loss_total:2.40102, loss_equ:6.26240 loss_pq_vm:0.03708 loss_pq_va:0.66881 loss_pv_va:0.73518
INFO|2024-09-25 14:28:49: Epoch[004/100], iter[313/392], loss_total:2.45858, loss_equ:7.22856 loss_pq_vm:0.04027 loss_pq_va:0.63972 loss_pv_va:0.69334
INFO|2024-09-25 14:29:53: Epoch[004/100], iter[352/392], loss_total:2.29254, loss_equ:7.01732 loss_pq_vm:0.04403 loss_pq_va:0.54827 loss_pv_va:0.60226
INFO|2024-09-25 14:30:58: Epoch[004/100], iter[392/392], loss_total:2.27380, loss_equ:6.74731 loss_pq_vm:0.03952 loss_pq_va:0.57529 loss_pv_va:0.62856
INFO|2024-09-25 14:33:06: Epoch 3/100, lr:  0.00099610, eta: 20.37h, train_loss:  2.64645, valid_loss:  2.67789
INFO|2024-09-25 14:33:06: 	Train: PQ_Vm_rmse: 0.00559335  PQ_Va_rmse: 0.05880138  PV_Va_rmse: 0.06451572  delta_p: 0.41519656  delta_q: 0.13666264  
INFO|2024-09-25 14:33:06: 	ZTest: PQ_Vm_rmse: 0.00607433  PQ_Va_rmse: 0.06112898  PV_Va_rmse: 0.06727613  delta_p: 0.45562427  delta_q: 0.14133380  
INFO|2024-09-25 14:33:06: 	ZTest-ema: PQ_Vm_rmse: 0.006074  PQ_Va_rmse: 0.061129  PV_Va_rmse: 0.067276  delta_p: 0.455623  delta_q: 0.141334  
INFO|2024-09-25 14:33:06: 	           ValOfEMA:0.067276/0.067276,  Epoch:4/4
INFO|2024-09-25 14:33:07: 	Time(ep):764s,  Val(curr/best):0.067276/0.067276,  Epoch(curr/best):4/4
INFO|2024-09-25 14:33:07: -------------------- Epoch: 5 --------------------
INFO|2024-09-25 14:34:13: Epoch[005/100], iter[040/392], loss_total:2.25763, loss_equ:6.07073 loss_pq_vm:0.03816 loss_pq_va:0.60420 loss_pv_va:0.66477
INFO|2024-09-25 14:35:16: Epoch[005/100], iter[079/392], loss_total:2.36068, loss_equ:6.23017 loss_pq_vm:0.04264 loss_pq_va:0.62647 loss_pv_va:0.68483
INFO|2024-09-25 14:36:19: Epoch[005/100], iter[118/392], loss_total:2.23094, loss_equ:6.79901 loss_pq_vm:0.03627 loss_pq_va:0.57763 loss_pv_va:0.61067
INFO|2024-09-25 14:37:23: Epoch[005/100], iter[157/392], loss_total:2.91903, loss_equ:8.95971 loss_pq_vm:0.04620 loss_pq_va:0.74636 loss_pv_va:0.81471
INFO|2024-09-25 14:38:26: Epoch[005/100], iter[196/392], loss_total:3.13765, loss_equ:7.99701 loss_pq_vm:0.08141 loss_pq_va:0.74454 loss_pv_va:0.77928
INFO|2024-09-25 14:39:29: Epoch[005/100], iter[235/392], loss_total:2.32462, loss_equ:6.85733 loss_pq_vm:0.04366 loss_pq_va:0.58143 loss_pv_va:0.62087
INFO|2024-09-25 14:40:32: Epoch[005/100], iter[274/392], loss_total:2.38539, loss_equ:7.12587 loss_pq_vm:0.04547 loss_pq_va:0.57837 loss_pv_va:0.63974
INFO|2024-09-25 14:41:35: Epoch[005/100], iter[313/392], loss_total:2.39611, loss_equ:5.99986 loss_pq_vm:0.04613 loss_pq_va:0.63609 loss_pv_va:0.69870
INFO|2024-09-25 14:42:38: Epoch[005/100], iter[352/392], loss_total:2.05227, loss_equ:6.45822 loss_pq_vm:0.03588 loss_pq_va:0.49790 loss_pv_va:0.54980
INFO|2024-09-25 14:43:43: Epoch[005/100], iter[392/392], loss_total:2.01131, loss_equ:6.20368 loss_pq_vm:0.03597 loss_pq_va:0.49545 loss_pv_va:0.53582
INFO|2024-09-25 14:45:52: Epoch 4/100, lr:  0.00099391, eta: 20.18h, train_loss:  2.46651, valid_loss:  2.49354
INFO|2024-09-25 14:45:52: 	Train: PQ_Vm_rmse: 0.00516944  PQ_Va_rmse: 0.05313890  PV_Va_rmse: 0.05809141  delta_p: 0.38063185  delta_q: 0.12456455  
INFO|2024-09-25 14:45:52: 	ZTest: PQ_Vm_rmse: 0.00562014  PQ_Va_rmse: 0.05676875  PV_Va_rmse: 0.06287021  delta_p: 0.33633747  delta_q: 0.11464836  
INFO|2024-09-25 14:45:52: 	ZTest-ema: PQ_Vm_rmse: 0.005620  PQ_Va_rmse: 0.056769  PV_Va_rmse: 0.062870  delta_p: 0.336338  delta_q: 0.114648  
INFO|2024-09-25 14:45:52: 	           ValOfEMA:0.062870/0.062870,  Epoch:5/5
INFO|2024-09-25 14:45:53: 	Time(ep):764s,  Val(curr/best):0.062870/0.062870,  Epoch(curr/best):5/5
INFO|2024-09-25 14:45:53: -------------------- Epoch: 6 --------------------
INFO|2024-09-25 14:46:59: Epoch[006/100], iter[040/392], loss_total:2.43108, loss_equ:7.97195 loss_pq_vm:0.03953 loss_pq_va:0.59166 loss_pv_va:0.64694
INFO|2024-09-25 14:48:02: Epoch[006/100], iter[079/392], loss_total:2.23287, loss_equ:7.02361 loss_pq_vm:0.03834 loss_pq_va:0.54636 loss_pv_va:0.60072
INFO|2024-09-25 14:49:06: Epoch[006/100], iter[118/392], loss_total:3.01700, loss_equ:6.91234 loss_pq_vm:0.04570 loss_pq_va:0.88805 loss_pv_va:0.98074
INFO|2024-09-25 14:50:09: Epoch[006/100], iter[157/392], loss_total:2.67708, loss_equ:8.03686 loss_pq_vm:0.04314 loss_pq_va:0.69502 loss_pv_va:0.74696
INFO|2024-09-25 14:51:12: Epoch[006/100], iter[196/392], loss_total:2.31063, loss_equ:6.11221 loss_pq_vm:0.03840 loss_pq_va:0.62867 loss_pv_va:0.68673
INFO|2024-09-25 14:52:15: Epoch[006/100], iter[235/392], loss_total:2.75411, loss_equ:5.98498 loss_pq_vm:0.05502 loss_pq_va:0.76636 loss_pv_va:0.83902
INFO|2024-09-25 14:53:18: Epoch[006/100], iter[274/392], loss_total:1.91724, loss_equ:6.05918 loss_pq_vm:0.03362 loss_pq_va:0.46682 loss_pv_va:0.50834
INFO|2024-09-25 14:54:22: Epoch[006/100], iter[313/392], loss_total:2.38743, loss_equ:5.49700 loss_pq_vm:0.04611 loss_pq_va:0.65339 loss_pv_va:0.72321
INFO|2024-09-25 14:55:25: Epoch[006/100], iter[352/392], loss_total:2.11382, loss_equ:6.24381 loss_pq_vm:0.04016 loss_pq_va:0.52253 loss_pv_va:0.56535
INFO|2024-09-25 14:56:30: Epoch[006/100], iter[392/392], loss_total:1.96504, loss_equ:6.61061 loss_pq_vm:0.03337 loss_pq_va:0.46413 loss_pv_va:0.50611
INFO|2024-09-25 14:58:39: Epoch 5/100, lr:  0.00099123, eta: 19.99h, train_loss:  2.22760, valid_loss:  2.48875
INFO|2024-09-25 14:58:39: 	Train: PQ_Vm_rmse: 0.00455272  PQ_Va_rmse: 0.04565423  PV_Va_rmse: 0.04973664  delta_p: 0.32902250  delta_q: 0.10854816  
INFO|2024-09-25 14:58:39: 	ZTest: PQ_Vm_rmse: 0.00603672  PQ_Va_rmse: 0.04709638  PV_Va_rmse: 0.05111414  delta_p: 0.37104640  delta_q: 0.12407731  
INFO|2024-09-25 14:58:39: 	ZTest-ema: PQ_Vm_rmse: 0.006037  PQ_Va_rmse: 0.047096  PV_Va_rmse: 0.051114  delta_p: 0.371053  delta_q: 0.124078  
INFO|2024-09-25 14:58:39: 	           ValOfEMA:0.051114/0.051114,  Epoch:6/6
INFO|2024-09-25 14:58:40: 	Time(ep):765s,  Val(curr/best):0.051114/0.051114,  Epoch(curr/best):6/6
INFO|2024-09-25 14:58:40: -------------------- Epoch: 7 --------------------
INFO|2024-09-25 14:59:46: Epoch[007/100], iter[040/392], loss_total:1.92830, loss_equ:5.91808 loss_pq_vm:0.03310 loss_pq_va:0.48069 loss_pv_va:0.52480
INFO|2024-09-25 15:00:49: Epoch[007/100], iter[079/392], loss_total:2.64671, loss_equ:6.98079 loss_pq_vm:0.05651 loss_pq_va:0.66210 loss_pv_va:0.72145
INFO|2024-09-25 15:01:52: Epoch[007/100], iter[118/392], loss_total:1.82923, loss_equ:5.79271 loss_pq_vm:0.03338 loss_pq_va:0.43618 loss_pv_va:0.47998
INFO|2024-09-25 15:02:55: Epoch[007/100], iter[157/392], loss_total:1.90057, loss_equ:5.65371 loss_pq_vm:0.03447 loss_pq_va:0.46998 loss_pv_va:0.52054
INFO|2024-09-25 15:03:58: Epoch[007/100], iter[196/392], loss_total:2.40107, loss_equ:5.66873 loss_pq_vm:0.03865 loss_pq_va:0.69216 loss_pv_va:0.75557
INFO|2024-09-25 15:05:01: Epoch[007/100], iter[235/392], loss_total:2.39755, loss_equ:6.51446 loss_pq_vm:0.04481 loss_pq_va:0.62626 loss_pv_va:0.67177
INFO|2024-09-25 15:06:04: Epoch[007/100], iter[274/392], loss_total:2.53076, loss_equ:7.18463 loss_pq_vm:0.04315 loss_pq_va:0.65784 loss_pv_va:0.72293
INFO|2024-09-25 15:07:07: Epoch[007/100], iter[313/392], loss_total:1.95651, loss_equ:5.91113 loss_pq_vm:0.03453 loss_pq_va:0.48923 loss_pv_va:0.53091
INFO|2024-09-25 15:08:10: Epoch[007/100], iter[352/392], loss_total:3.44784, loss_equ:6.99646 loss_pq_vm:0.05445 loss_pq_va:1.04668 loss_pv_va:1.15703
INFO|2024-09-25 15:09:15: Epoch[007/100], iter[392/392], loss_total:2.63030, loss_equ:7.07413 loss_pq_vm:0.04594 loss_pq_va:0.69631 loss_pv_va:0.76720
INFO|2024-09-25 15:11:23: Epoch 6/100, lr:  0.00098808, eta: 19.73h, train_loss:  2.24432, valid_loss:  2.69763
INFO|2024-09-25 15:11:23: 	Train: PQ_Vm_rmse: 0.00473193  PQ_Va_rmse: 0.04958402  PV_Va_rmse: 0.05420861  delta_p: 0.31438984  delta_q: 0.10555782  
INFO|2024-09-25 15:11:23: 	ZTest: PQ_Vm_rmse: 0.00633990  PQ_Va_rmse: 0.06210617  PV_Va_rmse: 0.06905505  delta_p: 0.46407483  delta_q: 0.15632401  
INFO|2024-09-25 15:11:23: 	ZTest-ema: PQ_Vm_rmse: 0.006340  PQ_Va_rmse: 0.062106  PV_Va_rmse: 0.069055  delta_p: 0.464072  delta_q: 0.156323  
INFO|2024-09-25 15:11:23: 	           ValOfEMA:0.069055/0.051114,  Epoch:7/6
INFO|2024-09-25 15:11:24: 	Time(ep):763s,  Val(curr/best):0.069055/0.051114,  Epoch(curr/best):7/6
INFO|2024-09-25 15:11:24: -------------------- Epoch: 8 --------------------
INFO|2024-09-25 15:12:30: Epoch[008/100], iter[040/392], loss_total:2.05095, loss_equ:6.04862 loss_pq_vm:0.04275 loss_pq_va:0.49027 loss_pv_va:0.52829
INFO|2024-09-25 15:13:33: Epoch[008/100], iter[079/392], loss_total:2.28161, loss_equ:7.47928 loss_pq_vm:0.04075 loss_pq_va:0.53626 loss_pv_va:0.58996
INFO|2024-09-25 15:14:37: Epoch[008/100], iter[118/392], loss_total:2.05141, loss_equ:6.02988 loss_pq_vm:0.04135 loss_pq_va:0.48895 loss_pv_va:0.54601
INFO|2024-09-25 15:15:40: Epoch[008/100], iter[157/392], loss_total:3.58630, loss_equ:9.23277 loss_pq_vm:0.06537 loss_pq_va:0.94244 loss_pv_va:1.06687
INFO|2024-09-25 15:16:43: Epoch[008/100], iter[196/392], loss_total:2.49804, loss_equ:7.76487 loss_pq_vm:0.04322 loss_pq_va:0.61303 loss_pv_va:0.67628
INFO|2024-09-25 15:17:46: Epoch[008/100], iter[235/392], loss_total:2.07797, loss_equ:6.29866 loss_pq_vm:0.03674 loss_pq_va:0.51577 loss_pv_va:0.56498
INFO|2024-09-25 15:18:49: Epoch[008/100], iter[274/392], loss_total:1.94926, loss_equ:5.83184 loss_pq_vm:0.03256 loss_pq_va:0.49745 loss_pv_va:0.54306
INFO|2024-09-25 15:19:52: Epoch[008/100], iter[313/392], loss_total:2.05928, loss_equ:6.32089 loss_pq_vm:0.04106 loss_pq_va:0.48733 loss_pv_va:0.52927
INFO|2024-09-25 15:20:56: Epoch[008/100], iter[352/392], loss_total:2.01789, loss_equ:6.65290 loss_pq_vm:0.03733 loss_pq_va:0.46732 loss_pv_va:0.51193
INFO|2024-09-25 15:22:00: Epoch[008/100], iter[392/392], loss_total:1.89280, loss_equ:5.33467 loss_pq_vm:0.03040 loss_pq_va:0.50251 loss_pv_va:0.55280
INFO|2024-09-25 15:24:08: Epoch 7/100, lr:  0.00098445, eta: 19.53h, train_loss:  2.26418, valid_loss:  2.48045
INFO|2024-09-25 15:24:08: 	Train: PQ_Vm_rmse: 0.00489563  PQ_Va_rmse: 0.04503131  PV_Va_rmse: 0.04898362  delta_p: 0.32837491  delta_q: 0.12230022  
INFO|2024-09-25 15:24:08: 	ZTest: PQ_Vm_rmse: 0.00567351  PQ_Va_rmse: 0.06677569  PV_Va_rmse: 0.07307954  delta_p: 0.31644921  delta_q: 0.10953765  
INFO|2024-09-25 15:24:08: 	ZTest-ema: PQ_Vm_rmse: 0.005674  PQ_Va_rmse: 0.066776  PV_Va_rmse: 0.073080  delta_p: 0.316449  delta_q: 0.109537  
INFO|2024-09-25 15:24:08: 	           ValOfEMA:0.073080/0.051114,  Epoch:8/6
INFO|2024-09-25 15:24:09: 	Time(ep):764s,  Val(curr/best):0.073080/0.051114,  Epoch(curr/best):8/6
INFO|2024-09-25 15:24:09: -------------------- Epoch: 9 --------------------
INFO|2024-09-25 15:25:15: Epoch[009/100], iter[040/392], loss_total:2.33652, loss_equ:5.54931 loss_pq_vm:0.04763 loss_pq_va:0.62072 loss_pv_va:0.68460
INFO|2024-09-25 15:26:18: Epoch[009/100], iter[079/392], loss_total:2.45012, loss_equ:7.38988 loss_pq_vm:0.04344 loss_pq_va:0.62725 loss_pv_va:0.64949
INFO|2024-09-25 15:27:21: Epoch[009/100], iter[118/392], loss_total:2.04391, loss_equ:6.05820 loss_pq_vm:0.03720 loss_pq_va:0.50653 loss_pv_va:0.55958
INFO|2024-09-25 15:28:24: Epoch[009/100], iter[157/392], loss_total:2.30734, loss_equ:8.82693 loss_pq_vm:0.03538 loss_pq_va:0.50807 loss_pv_va:0.56278
INFO|2024-09-25 15:29:27: Epoch[009/100], iter[196/392], loss_total:1.90485, loss_equ:5.32135 loss_pq_vm:0.03488 loss_pq_va:0.49026 loss_pv_va:0.53369
INFO|2024-09-25 15:30:30: Epoch[009/100], iter[235/392], loss_total:1.94105, loss_equ:6.18388 loss_pq_vm:0.03117 loss_pq_va:0.48011 loss_pv_va:0.53082
INFO|2024-09-25 15:31:33: Epoch[009/100], iter[274/392], loss_total:1.75171, loss_equ:5.56004 loss_pq_vm:0.02976 loss_pq_va:0.42186 loss_pv_va:0.47622
INFO|2024-09-25 15:32:35: Epoch[009/100], iter[313/392], loss_total:2.17447, loss_equ:6.23206 loss_pq_vm:0.03935 loss_pq_va:0.54903 loss_pv_va:0.60870
INFO|2024-09-25 15:33:38: Epoch[009/100], iter[352/392], loss_total:2.13119, loss_equ:5.85347 loss_pq_vm:0.03702 loss_pq_va:0.55576 loss_pv_va:0.61989
INFO|2024-09-25 15:34:43: Epoch[009/100], iter[392/392], loss_total:1.54813, loss_equ:4.90687 loss_pq_vm:0.02896 loss_pq_va:0.36431 loss_pv_va:0.40351
INFO|2024-09-25 15:36:52: Epoch 8/100, lr:  0.00098035, eta: 19.28h, train_loss:  2.04459, valid_loss:  2.06541
INFO|2024-09-25 15:36:52: 	Train: PQ_Vm_rmse: 0.00415999  PQ_Va_rmse: 0.04152460  PV_Va_rmse: 0.04532427  delta_p: 0.28631269  delta_q: 0.10085255  
INFO|2024-09-25 15:36:52: 	ZTest: PQ_Vm_rmse: 0.00493693  PQ_Va_rmse: 0.04242025  PV_Va_rmse: 0.04587988  delta_p: 0.24831936  delta_q: 0.09740648  
INFO|2024-09-25 15:36:52: 	ZTest-ema: PQ_Vm_rmse: 0.004937  PQ_Va_rmse: 0.042420  PV_Va_rmse: 0.045880  delta_p: 0.248317  delta_q: 0.097406  
INFO|2024-09-25 15:36:52: 	           ValOfEMA:0.045880/0.045880,  Epoch:9/9
INFO|2024-09-25 15:36:53: 	Time(ep):762s,  Val(curr/best):0.045880/0.045880,  Epoch(curr/best):9/9
INFO|2024-09-25 15:36:53: -------------------- Epoch: 10 --------------------
INFO|2024-09-25 15:37:59: Epoch[010/100], iter[040/392], loss_total:2.06093, loss_equ:7.10760 loss_pq_vm:0.04048 loss_pq_va:0.44895 loss_pv_va:0.49646
INFO|2024-09-25 15:39:02: Epoch[010/100], iter[079/392], loss_total:1.91697, loss_equ:5.42297 loss_pq_vm:0.03455 loss_pq_va:0.48898 loss_pv_va:0.54019
INFO|2024-09-25 15:40:06: Epoch[010/100], iter[118/392], loss_total:2.06153, loss_equ:6.52909 loss_pq_vm:0.04345 loss_pq_va:0.45388 loss_pv_va:0.52018
INFO|2024-09-25 15:41:09: Epoch[010/100], iter[157/392], loss_total:1.95526, loss_equ:5.86676 loss_pq_vm:0.03456 loss_pq_va:0.48350 loss_pv_va:0.53947
INFO|2024-09-25 15:42:13: Epoch[010/100], iter[196/392], loss_total:1.75059, loss_equ:4.70423 loss_pq_vm:0.02895 loss_pq_va:0.47380 loss_pv_va:0.51688
INFO|2024-09-25 15:43:16: Epoch[010/100], iter[235/392], loss_total:1.97909, loss_equ:6.58677 loss_pq_vm:0.03878 loss_pq_va:0.44034 loss_pv_va:0.49230
INFO|2024-09-25 15:44:19: Epoch[010/100], iter[274/392], loss_total:1.82758, loss_equ:5.13369 loss_pq_vm:0.03517 loss_pq_va:0.45892 loss_pv_va:0.50355
INFO|2024-09-25 15:45:22: Epoch[010/100], iter[313/392], loss_total:1.84464, loss_equ:5.19453 loss_pq_vm:0.03604 loss_pq_va:0.46461 loss_pv_va:0.50014
INFO|2024-09-25 15:46:26: Epoch[010/100], iter[352/392], loss_total:1.67458, loss_equ:5.09008 loss_pq_vm:0.02881 loss_pq_va:0.41492 loss_pv_va:0.46256
INFO|2024-09-25 15:47:30: Epoch[010/100], iter[392/392], loss_total:1.51148, loss_equ:5.27966 loss_pq_vm:0.02622 loss_pq_va:0.34432 loss_pv_va:0.37704
INFO|2024-09-25 15:49:39: Epoch 9/100, lr:  0.00097577, eta: 19.17h, train_loss:  1.84273, valid_loss:  2.00589
INFO|2024-09-25 15:49:39: 	Train: PQ_Vm_rmse: 0.00360883  PQ_Va_rmse: 0.03430759  PV_Va_rmse: 0.03735095  delta_p: 0.24307710  delta_q: 0.08951927  
INFO|2024-09-25 15:49:39: 	ZTest: PQ_Vm_rmse: 0.00479103  PQ_Va_rmse: 0.03865752  PV_Va_rmse: 0.04181319  delta_p: 0.32734006  delta_q: 0.10098085  
INFO|2024-09-25 15:49:39: 	ZTest-ema: PQ_Vm_rmse: 0.004791  PQ_Va_rmse: 0.038657  PV_Va_rmse: 0.041814  delta_p: 0.327374  delta_q: 0.100981  
INFO|2024-09-25 15:49:39: 	           ValOfEMA:0.041814/0.041814,  Epoch:10/10
INFO|2024-09-25 15:49:41: 	Time(ep):766s,  Val(curr/best):0.041813/0.041813,  Epoch(curr/best):10/10
INFO|2024-09-25 15:49:41: -------------------- Epoch: 11 --------------------
INFO|2024-09-25 15:50:47: Epoch[011/100], iter[040/392], loss_total:1.57297, loss_equ:5.06503 loss_pq_vm:0.02876 loss_pq_va:0.37014 loss_pv_va:0.40869
INFO|2024-09-25 15:51:50: Epoch[011/100], iter[079/392], loss_total:1.75215, loss_equ:5.46920 loss_pq_vm:0.03075 loss_pq_va:0.42936 loss_pv_va:0.46839
INFO|2024-09-25 15:52:53: Epoch[011/100], iter[118/392], loss_total:2.22503, loss_equ:5.79618 loss_pq_vm:0.03801 loss_pq_va:0.59286 loss_pv_va:0.67247
INFO|2024-09-25 15:53:56: Epoch[011/100], iter[157/392], loss_total:1.75925, loss_equ:5.21680 loss_pq_vm:0.03068 loss_pq_va:0.43985 loss_pv_va:0.49095
INFO|2024-09-25 15:54:59: Epoch[011/100], iter[196/392], loss_total:1.87695, loss_equ:6.60614 loss_pq_vm:0.04416 loss_pq_va:0.37088 loss_pv_va:0.40381
INFO|2024-09-25 15:56:02: Epoch[011/100], iter[235/392], loss_total:2.45202, loss_equ:7.50055 loss_pq_vm:0.03378 loss_pq_va:0.66947 loss_pv_va:0.69467
INFO|2024-09-25 15:57:04: Epoch[011/100], iter[274/392], loss_total:1.58021, loss_equ:4.98430 loss_pq_vm:0.03032 loss_pq_va:0.37337 loss_pv_va:0.40522
INFO|2024-09-25 15:58:08: Epoch[011/100], iter[313/392], loss_total:1.60925, loss_equ:5.31722 loss_pq_vm:0.02777 loss_pq_va:0.38082 loss_pv_va:0.41897
INFO|2024-09-25 15:59:11: Epoch[011/100], iter[352/392], loss_total:1.65210, loss_equ:5.02972 loss_pq_vm:0.02858 loss_pq_va:0.41365 loss_pv_va:0.44965
INFO|2024-09-25 16:00:15: Epoch[011/100], iter[392/392], loss_total:1.98889, loss_equ:5.32271 loss_pq_vm:0.04065 loss_pq_va:0.50696 loss_pv_va:0.54311
INFO|2024-09-25 16:02:25: Epoch 10/100, lr:  0.00097074, eta: 18.9h, train_loss:  1.80329, valid_loss:  2.15729
INFO|2024-09-25 16:02:25: 	Train: PQ_Vm_rmse: 0.00341624  PQ_Va_rmse: 0.03145435  PV_Va_rmse: 0.03417271  delta_p: 0.23728273  delta_q: 0.08664254  
INFO|2024-09-25 16:02:25: 	ZTest: PQ_Vm_rmse: 0.00567083  PQ_Va_rmse: 0.04831682  PV_Va_rmse: 0.05157091  delta_p: 0.34721743  delta_q: 0.10946867  
INFO|2024-09-25 16:02:25: 	ZTest-ema: PQ_Vm_rmse: 0.005671  PQ_Va_rmse: 0.048317  PV_Va_rmse: 0.051571  delta_p: 0.347216  delta_q: 0.109469  
INFO|2024-09-25 16:02:25: 	           ValOfEMA:0.051571/0.041814,  Epoch:11/10
INFO|2024-09-25 16:02:26: 	Time(ep):764s,  Val(curr/best):0.051571/0.041813,  Epoch(curr/best):11/10
INFO|2024-09-25 16:02:26: -------------------- Epoch: 12 --------------------
INFO|2024-09-25 16:03:32: Epoch[012/100], iter[040/392], loss_total:2.08355, loss_equ:8.08152 loss_pq_vm:0.03919 loss_pq_va:0.41561 loss_pv_va:0.46787
INFO|2024-09-25 16:04:35: Epoch[012/100], iter[079/392], loss_total:2.04544, loss_equ:5.63418 loss_pq_vm:0.03359 loss_pq_va:0.53889 loss_pv_va:0.60724
INFO|2024-09-25 16:05:38: Epoch[012/100], iter[118/392], loss_total:1.87404, loss_equ:4.87228 loss_pq_vm:0.03577 loss_pq_va:0.48652 loss_pv_va:0.54262
INFO|2024-09-25 16:06:41: Epoch[012/100], iter[157/392], loss_total:1.65369, loss_equ:4.58957 loss_pq_vm:0.02793 loss_pq_va:0.43183 loss_pv_va:0.48362
INFO|2024-09-25 16:07:44: Epoch[012/100], iter[196/392], loss_total:2.09295, loss_equ:8.23294 loss_pq_vm:0.03189 loss_pq_va:0.45195 loss_pv_va:0.49884
INFO|2024-09-25 16:08:48: Epoch[012/100], iter[235/392], loss_total:1.68921, loss_equ:6.07633 loss_pq_vm:0.02918 loss_pq_va:0.37709 loss_pv_va:0.41264
INFO|2024-09-25 16:09:51: Epoch[012/100], iter[274/392], loss_total:2.14593, loss_equ:6.38227 loss_pq_vm:0.03643 loss_pq_va:0.53778 loss_pv_va:0.60561
INFO|2024-09-25 16:10:54: Epoch[012/100], iter[313/392], loss_total:1.66790, loss_equ:5.07356 loss_pq_vm:0.02530 loss_pq_va:0.42096 loss_pv_va:0.48659
INFO|2024-09-25 16:11:57: Epoch[012/100], iter[352/392], loss_total:1.40969, loss_equ:4.97371 loss_pq_vm:0.02356 loss_pq_va:0.31991 loss_pv_va:0.35681
INFO|2024-09-25 16:13:02: Epoch[012/100], iter[392/392], loss_total:1.55417, loss_equ:4.98259 loss_pq_vm:0.03027 loss_pq_va:0.35485 loss_pv_va:0.39833
INFO|2024-09-25 16:15:11: Epoch 11/100, lr:  0.00096524, eta: 18.72h, train_loss:  1.77339, valid_loss:  1.87916
INFO|2024-09-25 16:15:11: 	Train: PQ_Vm_rmse: 0.00349286  PQ_Va_rmse: 0.03148312  PV_Va_rmse: 0.03459737  delta_p: 0.25800233  delta_q: 0.08572545  
INFO|2024-09-25 16:15:11: 	ZTest: PQ_Vm_rmse: 0.00469763  PQ_Va_rmse: 0.03681178  PV_Va_rmse: 0.03996765  delta_p: 0.32890727  delta_q: 0.08691233  
INFO|2024-09-25 16:15:11: 	ZTest-ema: PQ_Vm_rmse: 0.004553  PQ_Va_rmse: 0.035136  PV_Va_rmse: 0.038169  delta_p: 0.232669  delta_q: 0.082238  
INFO|2024-09-25 16:15:11: 	           ValOfEMA:0.038169/0.038169,  Epoch:12/12
INFO|2024-09-25 16:15:13: 	Time(ep):765s,  Val(curr/best):0.039968/0.039968,  Epoch(curr/best):12/12
INFO|2024-09-25 16:15:13: -------------------- Epoch: 13 --------------------
INFO|2024-09-25 16:16:19: Epoch[013/100], iter[040/392], loss_total:1.93994, loss_equ:7.00520 loss_pq_vm:0.03300 loss_pq_va:0.44020 loss_pv_va:0.46924
INFO|2024-09-25 16:17:22: Epoch[013/100], iter[079/392], loss_total:1.48877, loss_equ:4.95908 loss_pq_vm:0.02814 loss_pq_va:0.33530 loss_pv_va:0.37617
INFO|2024-09-25 16:18:25: Epoch[013/100], iter[118/392], loss_total:1.41310, loss_equ:4.57341 loss_pq_vm:0.02917 loss_pq_va:0.31682 loss_pv_va:0.34720
INFO|2024-09-25 16:19:28: Epoch[013/100], iter[157/392], loss_total:1.74131, loss_equ:5.59525 loss_pq_vm:0.03226 loss_pq_va:0.40836 loss_pv_va:0.45082
INFO|2024-09-25 16:20:31: Epoch[013/100], iter[196/392], loss_total:1.56363, loss_equ:4.49352 loss_pq_vm:0.02551 loss_pq_va:0.40436 loss_pv_va:0.45483
INFO|2024-09-25 16:21:34: Epoch[013/100], iter[235/392], loss_total:1.41177, loss_equ:4.45942 loss_pq_vm:0.02504 loss_pq_va:0.34192 loss_pv_va:0.37350
INFO|2024-09-25 16:22:37: Epoch[013/100], iter[274/392], loss_total:1.68839, loss_equ:5.23786 loss_pq_vm:0.02689 loss_pq_va:0.42279 loss_pv_va:0.47292
INFO|2024-09-25 16:23:40: Epoch[013/100], iter[313/392], loss_total:1.37886, loss_equ:4.44704 loss_pq_vm:0.02581 loss_pq_va:0.32129 loss_pv_va:0.35479
INFO|2024-09-25 16:24:43: Epoch[013/100], iter[352/392], loss_total:1.45352, loss_equ:4.90422 loss_pq_vm:0.02542 loss_pq_va:0.33517 loss_pv_va:0.37374
INFO|2024-09-25 16:25:48: Epoch[013/100], iter[392/392], loss_total:1.71380, loss_equ:5.78782 loss_pq_vm:0.03728 loss_pq_va:0.36001 loss_pv_va:0.40219
INFO|2024-09-25 16:27:57: Epoch 12/100, lr:  0.00095929, eta: 18.47h, train_loss:  1.61947, valid_loss:  2.10736
INFO|2024-09-25 16:27:57: 	Train: PQ_Vm_rmse: 0.00311977  PQ_Va_rmse: 0.02528237  PV_Va_rmse: 0.02770854  delta_p: 0.21077743  delta_q: 0.07664692  
INFO|2024-09-25 16:27:57: 	ZTest: PQ_Vm_rmse: 0.00555964  PQ_Va_rmse: 0.04227658  PV_Va_rmse: 0.04507380  delta_p: 0.38095426  delta_q: 0.10797576  
INFO|2024-09-25 16:27:57: 	ZTest-ema: PQ_Vm_rmse: 0.004950  PQ_Va_rmse: 0.035347  PV_Va_rmse: 0.038350  delta_p: 0.221915  delta_q: 0.082673  
INFO|2024-09-25 16:27:57: 	           ValOfEMA:0.038350/0.038169,  Epoch:13/12
INFO|2024-09-25 16:27:57: 	Time(ep):764s,  Val(curr/best):0.045074/0.039968,  Epoch(curr/best):13/12
INFO|2024-09-25 16:27:58: -------------------- Epoch: 14 --------------------
INFO|2024-09-25 16:29:04: Epoch[014/100], iter[040/392], loss_total:1.65604, loss_equ:5.46982 loss_pq_vm:0.02936 loss_pq_va:0.39537 loss_pv_va:0.42011
INFO|2024-09-25 16:30:07: Epoch[014/100], iter[079/392], loss_total:1.42239, loss_equ:4.50701 loss_pq_vm:0.02836 loss_pq_va:0.32667 loss_pv_va:0.36139
INFO|2024-09-25 16:31:10: Epoch[014/100], iter[118/392], loss_total:1.54849, loss_equ:5.79589 loss_pq_vm:0.02700 loss_pq_va:0.33094 loss_pv_va:0.36800
INFO|2024-09-25 16:32:14: Epoch[014/100], iter[157/392], loss_total:1.52576, loss_equ:4.81322 loss_pq_vm:0.02576 loss_pq_va:0.36846 loss_pv_va:0.41833
INFO|2024-09-25 16:33:16: Epoch[014/100], iter[196/392], loss_total:1.87824, loss_equ:5.23379 loss_pq_vm:0.03367 loss_pq_va:0.48174 loss_pv_va:0.53642
INFO|2024-09-25 16:34:19: Epoch[014/100], iter[235/392], loss_total:1.45266, loss_equ:4.68529 loss_pq_vm:0.02385 loss_pq_va:0.35502 loss_pv_va:0.39057
INFO|2024-09-25 16:35:22: Epoch[014/100], iter[274/392], loss_total:1.48949, loss_equ:4.93452 loss_pq_vm:0.02451 loss_pq_va:0.35134 loss_pv_va:0.39962
INFO|2024-09-25 16:36:25: Epoch[014/100], iter[313/392], loss_total:1.40169, loss_equ:4.26475 loss_pq_vm:0.02500 loss_pq_va:0.34596 loss_pv_va:0.37930
INFO|2024-09-25 16:37:27: Epoch[014/100], iter[352/392], loss_total:1.27609, loss_equ:4.32670 loss_pq_vm:0.02345 loss_pq_va:0.28768 loss_pv_va:0.32127
INFO|2024-09-25 16:38:32: Epoch[014/100], iter[392/392], loss_total:1.85309, loss_equ:5.92578 loss_pq_vm:0.03000 loss_pq_va:0.44760 loss_pv_va:0.51293
INFO|2024-09-25 16:40:42: Epoch 13/100, lr:  0.00095289, eta: 18.26h, train_loss:  1.56012, valid_loss:  2.22806
INFO|2024-09-25 16:40:42: 	Train: PQ_Vm_rmse: 0.00285975  PQ_Va_rmse: 0.02554428  PV_Va_rmse: 0.02795754  delta_p: 0.19303964  delta_q: 0.06954466  
INFO|2024-09-25 16:40:42: 	ZTest: PQ_Vm_rmse: 0.00523608  PQ_Va_rmse: 0.04386367  PV_Va_rmse: 0.04972159  delta_p: 0.36977360  delta_q: 0.11253495  
INFO|2024-09-25 16:40:42: 	ZTest-ema: PQ_Vm_rmse: 0.004694  PQ_Va_rmse: 0.033967  PV_Va_rmse: 0.036938  delta_p: 0.200572  delta_q: 0.076209  
INFO|2024-09-25 16:40:42: 	           ValOfEMA:0.036938/0.036938,  Epoch:14/14
INFO|2024-09-25 16:40:42: 	Time(ep):764s,  Val(curr/best):0.049722/0.039968,  Epoch(curr/best):14/12
INFO|2024-09-25 16:40:42: -------------------- Epoch: 15 --------------------
INFO|2024-09-25 16:41:48: Epoch[015/100], iter[040/392], loss_total:1.38365, loss_equ:4.43738 loss_pq_vm:0.02543 loss_pq_va:0.32677 loss_pv_va:0.35887
INFO|2024-09-25 16:42:51: Epoch[015/100], iter[079/392], loss_total:1.44188, loss_equ:4.62990 loss_pq_vm:0.02642 loss_pq_va:0.33434 loss_pv_va:0.38038
INFO|2024-09-25 16:43:54: Epoch[015/100], iter[118/392], loss_total:1.40934, loss_equ:4.86288 loss_pq_vm:0.02620 loss_pq_va:0.31268 loss_pv_va:0.34838
INFO|2024-09-25 16:44:56: Epoch[015/100], iter[157/392], loss_total:1.51881, loss_equ:4.92217 loss_pq_vm:0.03287 loss_pq_va:0.32797 loss_pv_va:0.36990
INFO|2024-09-25 16:45:59: Epoch[015/100], iter[196/392], loss_total:1.45343, loss_equ:4.40267 loss_pq_vm:0.02648 loss_pq_va:0.35417 loss_pv_va:0.39422
INFO|2024-09-25 16:47:02: Epoch[015/100], iter[235/392], loss_total:1.44229, loss_equ:4.36245 loss_pq_vm:0.02450 loss_pq_va:0.35769 loss_pv_va:0.40335
INFO|2024-09-25 16:48:06: Epoch[015/100], iter[274/392], loss_total:1.26838, loss_equ:4.05387 loss_pq_vm:0.02713 loss_pq_va:0.27907 loss_pv_va:0.31265
INFO|2024-09-25 16:49:09: Epoch[015/100], iter[313/392], loss_total:1.64817, loss_equ:5.23936 loss_pq_vm:0.02766 loss_pq_va:0.39718 loss_pv_va:0.45045
INFO|2024-09-25 16:50:12: Epoch[015/100], iter[352/392], loss_total:1.36572, loss_equ:4.56544 loss_pq_vm:0.02503 loss_pq_va:0.30926 loss_pv_va:0.34961
INFO|2024-09-25 16:51:16: Epoch[015/100], iter[392/392], loss_total:1.31876, loss_equ:4.40454 loss_pq_vm:0.02315 loss_pq_va:0.30294 loss_pv_va:0.34384
INFO|2024-09-25 16:53:26: Epoch 14/100, lr:  0.00094605, eta: 18.02h, train_loss:  1.47675, valid_loss:  1.78416
INFO|2024-09-25 16:53:26: 	Train: PQ_Vm_rmse: 0.00278447  PQ_Va_rmse: 0.02283686  PV_Va_rmse: 0.02487851  delta_p: 0.18004837  delta_q: 0.06490000  
INFO|2024-09-25 16:53:26: 	ZTest: PQ_Vm_rmse: 0.00514367  PQ_Va_rmse: 0.03845010  PV_Va_rmse: 0.04274765  delta_p: 0.24016450  delta_q: 0.08161168  
INFO|2024-09-25 16:53:26: 	ZTest-ema: PQ_Vm_rmse: 0.004774  PQ_Va_rmse: 0.034019  PV_Va_rmse: 0.037091  delta_p: 0.191255  delta_q: 0.073492  
INFO|2024-09-25 16:53:26: 	           ValOfEMA:0.037091/0.036938,  Epoch:15/14
INFO|2024-09-25 16:53:26: 	Time(ep):763s,  Val(curr/best):0.042748/0.039968,  Epoch(curr/best):15/12
INFO|2024-09-25 16:53:26: -------------------- Epoch: 16 --------------------
INFO|2024-09-25 16:54:32: Epoch[016/100], iter[040/392], loss_total:1.50519, loss_equ:4.69993 loss_pq_vm:0.02968 loss_pq_va:0.35376 loss_pv_va:0.38468
INFO|2024-09-25 16:55:35: Epoch[016/100], iter[079/392], loss_total:1.71314, loss_equ:5.66818 loss_pq_vm:0.03097 loss_pq_va:0.38984 loss_pv_va:0.44675
INFO|2024-09-25 16:56:39: Epoch[016/100], iter[118/392], loss_total:1.51004, loss_equ:5.84399 loss_pq_vm:0.02676 loss_pq_va:0.31320 loss_pv_va:0.34482
INFO|2024-09-25 16:57:42: Epoch[016/100], iter[157/392], loss_total:1.32806, loss_equ:4.28989 loss_pq_vm:0.02273 loss_pq_va:0.31981 loss_pv_va:0.35200
INFO|2024-09-25 16:58:45: Epoch[016/100], iter[196/392], loss_total:1.86951, loss_equ:4.49095 loss_pq_vm:0.02624 loss_pq_va:0.54758 loss_pv_va:0.61043
INFO|2024-09-25 16:59:47: Epoch[016/100], iter[235/392], loss_total:1.35210, loss_equ:4.21998 loss_pq_vm:0.02676 loss_pq_va:0.31348 loss_pv_va:0.34907
INFO|2024-09-25 17:00:50: Epoch[016/100], iter[274/392], loss_total:1.21744, loss_equ:3.81819 loss_pq_vm:0.02424 loss_pq_va:0.28363 loss_pv_va:0.30963
INFO|2024-09-25 17:01:53: Epoch[016/100], iter[313/392], loss_total:1.43086, loss_equ:4.62299 loss_pq_vm:0.02678 loss_pq_va:0.33443 loss_pv_va:0.36629
INFO|2024-09-25 17:02:56: Epoch[016/100], iter[352/392], loss_total:1.82400, loss_equ:4.76934 loss_pq_vm:0.03325 loss_pq_va:0.48172 loss_pv_va:0.53288
INFO|2024-09-25 17:04:00: Epoch[016/100], iter[392/392], loss_total:1.73453, loss_equ:4.74918 loss_pq_vm:0.03589 loss_pq_va:0.43064 loss_pv_va:0.47008
INFO|2024-09-25 17:06:09: Epoch 15/100, lr:  0.00093877, eta: 17.79h, train_loss:  1.52326, valid_loss:  1.89295
INFO|2024-09-25 17:06:09: 	Train: PQ_Vm_rmse: 0.00290466  PQ_Va_rmse: 0.02565874  PV_Va_rmse: 0.02792780  delta_p: 0.17061739  delta_q: 0.06317320  
INFO|2024-09-25 17:06:09: 	ZTest: PQ_Vm_rmse: 0.00613437  PQ_Va_rmse: 0.04523025  PV_Va_rmse: 0.04853533  delta_p: 0.28953147  delta_q: 0.09654323  
INFO|2024-09-25 17:06:09: 	ZTest-ema: PQ_Vm_rmse: 0.005219  PQ_Va_rmse: 0.035879  PV_Va_rmse: 0.039380  delta_p: 0.217851  delta_q: 0.079278  
INFO|2024-09-25 17:06:09: 	           ValOfEMA:0.039380/0.036938,  Epoch:16/14
INFO|2024-09-25 17:06:09: 	Time(ep):762s,  Val(curr/best):0.048535/0.039968,  Epoch(curr/best):16/12
INFO|2024-09-25 17:06:09: -------------------- Epoch: 17 --------------------
INFO|2024-09-25 17:07:15: Epoch[017/100], iter[040/392], loss_total:1.32361, loss_equ:4.19188 loss_pq_vm:0.02447 loss_pq_va:0.31325 loss_pv_va:0.34648
INFO|2024-09-25 17:08:18: Epoch[017/100], iter[079/392], loss_total:1.29548, loss_equ:4.16775 loss_pq_vm:0.02430 loss_pq_va:0.30250 loss_pv_va:0.33321
INFO|2024-09-25 17:09:21: Epoch[017/100], iter[118/392], loss_total:1.49511, loss_equ:4.16348 loss_pq_vm:0.02983 loss_pq_va:0.37502 loss_pv_va:0.40544
INFO|2024-09-25 17:10:25: Epoch[017/100], iter[157/392], loss_total:1.26116, loss_equ:4.05937 loss_pq_vm:0.02215 loss_pq_va:0.30092 loss_pv_va:0.33276
INFO|2024-09-25 17:11:28: Epoch[017/100], iter[196/392], loss_total:1.59591, loss_equ:4.33008 loss_pq_vm:0.03313 loss_pq_va:0.39392 loss_pv_va:0.43773
INFO|2024-09-25 17:12:31: Epoch[017/100], iter[235/392], loss_total:1.53432, loss_equ:5.21788 loss_pq_vm:0.02989 loss_pq_va:0.34274 loss_pv_va:0.37093
INFO|2024-09-25 17:13:34: Epoch[017/100], iter[274/392], loss_total:1.43132, loss_equ:4.70572 loss_pq_vm:0.02629 loss_pq_va:0.33016 loss_pv_va:0.36775
INFO|2024-09-25 17:14:37: Epoch[017/100], iter[313/392], loss_total:1.55770, loss_equ:5.27315 loss_pq_vm:0.02663 loss_pq_va:0.36067 loss_pv_va:0.40343
INFO|2024-09-25 17:15:39: Epoch[017/100], iter[352/392], loss_total:1.19833, loss_equ:3.89273 loss_pq_vm:0.02100 loss_pq_va:0.28330 loss_pv_va:0.31578
INFO|2024-09-25 17:16:43: Epoch[017/100], iter[392/392], loss_total:1.24485, loss_equ:3.85646 loss_pq_vm:0.02290 loss_pq_va:0.29882 loss_pv_va:0.33136
INFO|2024-09-25 17:18:53: Epoch 16/100, lr:  0.00093107, eta: 17.6h, train_loss:  1.40787, valid_loss:  1.65850
INFO|2024-09-25 17:18:53: 	Train: PQ_Vm_rmse: 0.00264757  PQ_Va_rmse: 0.02196370  PV_Va_rmse: 0.02364999  delta_p: 0.16076614  delta_q: 0.05981523  
INFO|2024-09-25 17:18:53: 	ZTest: PQ_Vm_rmse: 0.00523906  PQ_Va_rmse: 0.03656864  PV_Va_rmse: 0.03982349  delta_p: 0.20136243  delta_q: 0.07797333  
INFO|2024-09-25 17:18:53: 	ZTest-ema: PQ_Vm_rmse: 0.004914  PQ_Va_rmse: 0.034406  PV_Va_rmse: 0.037448  delta_p: 0.183531  delta_q: 0.070267  
INFO|2024-09-25 17:18:53: 	           ValOfEMA:0.037448/0.036938,  Epoch:17/14
INFO|2024-09-25 17:18:54: 	Time(ep):763s,  Val(curr/best):0.039823/0.039823,  Epoch(curr/best):17/17
INFO|2024-09-25 17:18:54: -------------------- Epoch: 18 --------------------
INFO|2024-09-25 17:20:00: Epoch[018/100], iter[040/392], loss_total:1.21418, loss_equ:3.88006 loss_pq_vm:0.02649 loss_pq_va:0.26470 loss_pv_va:0.29656
INFO|2024-09-25 17:21:04: Epoch[018/100], iter[079/392], loss_total:1.69817, loss_equ:6.48725 loss_pq_vm:0.02645 loss_pq_va:0.36591 loss_pv_va:0.41903
INFO|2024-09-25 17:22:07: Epoch[018/100], iter[118/392], loss_total:1.36219, loss_equ:4.58376 loss_pq_vm:0.02247 loss_pq_va:0.31921 loss_pv_va:0.35991
INFO|2024-09-25 17:23:10: Epoch[018/100], iter[157/392], loss_total:1.34792, loss_equ:4.95034 loss_pq_vm:0.02424 loss_pq_va:0.29082 loss_pv_va:0.31966
INFO|2024-09-25 17:24:13: Epoch[018/100], iter[196/392], loss_total:1.47453, loss_equ:4.48450 loss_pq_vm:0.02731 loss_pq_va:0.35440 loss_pv_va:0.39860
INFO|2024-09-25 17:25:16: Epoch[018/100], iter[235/392], loss_total:2.46813, loss_equ:8.51890 loss_pq_vm:0.05470 loss_pq_va:0.51081 loss_pv_va:0.55840
INFO|2024-09-25 17:26:20: Epoch[018/100], iter[274/392], loss_total:1.63811, loss_equ:4.82314 loss_pq_vm:0.02965 loss_pq_va:0.40331 loss_pv_va:0.45602
INFO|2024-09-25 17:27:23: Epoch[018/100], iter[313/392], loss_total:1.40158, loss_equ:4.32232 loss_pq_vm:0.02307 loss_pq_va:0.34616 loss_pv_va:0.39250
INFO|2024-09-25 17:28:26: Epoch[018/100], iter[352/392], loss_total:1.24682, loss_equ:4.01426 loss_pq_vm:0.02203 loss_pq_va:0.29417 loss_pv_va:0.33097
INFO|2024-09-25 17:29:31: Epoch[018/100], iter[392/392], loss_total:1.51696, loss_equ:4.57317 loss_pq_vm:0.02716 loss_pq_va:0.36523 loss_pv_va:0.42280
INFO|2024-09-25 17:31:41: Epoch 17/100, lr:  0.00092294, eta: 17.47h, train_loss:  1.50396, valid_loss:  1.93674
INFO|2024-09-25 17:31:41: 	Train: PQ_Vm_rmse: 0.00279609  PQ_Va_rmse: 0.02435534  PV_Va_rmse: 0.02674779  delta_p: 0.17348909  delta_q: 0.06333665  
INFO|2024-09-25 17:31:41: 	ZTest: PQ_Vm_rmse: 0.00596931  PQ_Va_rmse: 0.04187455  PV_Va_rmse: 0.04651522  delta_p: 0.27012999  delta_q: 0.09497645  
INFO|2024-09-25 17:31:41: 	ZTest-ema: PQ_Vm_rmse: 0.004530  PQ_Va_rmse: 0.032872  PV_Va_rmse: 0.036568  delta_p: 0.194727  delta_q: 0.071402  
INFO|2024-09-25 17:31:41: 	           ValOfEMA:0.036568/0.036568,  Epoch:18/18
INFO|2024-09-25 17:31:41: 	Time(ep):766s,  Val(curr/best):0.046515/0.039823,  Epoch(curr/best):18/17
INFO|2024-09-25 17:31:41: -------------------- Epoch: 19 --------------------
INFO|2024-09-25 17:32:47: Epoch[019/100], iter[040/392], loss_total:1.27622, loss_equ:3.98523 loss_pq_vm:0.02580 loss_pq_va:0.29400 loss_pv_va:0.32572
INFO|2024-09-25 17:33:51: Epoch[019/100], iter[079/392], loss_total:1.29583, loss_equ:4.20842 loss_pq_vm:0.02280 loss_pq_va:0.30665 loss_pv_va:0.34035
INFO|2024-09-25 17:34:54: Epoch[019/100], iter[118/392], loss_total:1.32857, loss_equ:3.85298 loss_pq_vm:0.02618 loss_pq_va:0.32314 loss_pv_va:0.35829
INFO|2024-09-25 17:35:57: Epoch[019/100], iter[157/392], loss_total:1.86260, loss_equ:6.40303 loss_pq_vm:0.04316 loss_pq_va:0.38221 loss_pv_va:0.40845
INFO|2024-09-25 17:37:00: Epoch[019/100], iter[196/392], loss_total:1.29469, loss_equ:4.33054 loss_pq_vm:0.02299 loss_pq_va:0.30230 loss_pv_va:0.32942
INFO|2024-09-25 17:38:03: Epoch[019/100], iter[235/392], loss_total:1.43523, loss_equ:4.19853 loss_pq_vm:0.02657 loss_pq_va:0.36269 loss_pv_va:0.38702
INFO|2024-09-25 17:39:07: Epoch[019/100], iter[274/392], loss_total:1.31068, loss_equ:3.79116 loss_pq_vm:0.02483 loss_pq_va:0.32298 loss_pv_va:0.36033
INFO|2024-09-25 17:40:10: Epoch[019/100], iter[313/392], loss_total:1.35078, loss_equ:3.88541 loss_pq_vm:0.02541 loss_pq_va:0.33346 loss_pv_va:0.37468
INFO|2024-09-25 17:41:13: Epoch[019/100], iter[352/392], loss_total:1.77051, loss_equ:4.75656 loss_pq_vm:0.03949 loss_pq_va:0.42155 loss_pv_va:0.47843
INFO|2024-09-25 17:42:18: Epoch[019/100], iter[392/392], loss_total:1.50986, loss_equ:4.72982 loss_pq_vm:0.02735 loss_pq_va:0.35725 loss_pv_va:0.40613
INFO|2024-09-25 17:44:27: Epoch 18/100, lr:  0.00091440, eta: 17.23h, train_loss:  1.49682, valid_loss:  1.85600
INFO|2024-09-25 17:44:27: 	Train: PQ_Vm_rmse: 0.00307609  PQ_Va_rmse: 0.02529917  PV_Va_rmse: 0.02772553  delta_p: 0.16767695  delta_q: 0.06341644  
INFO|2024-09-25 17:44:27: 	ZTest: PQ_Vm_rmse: 0.00466123  PQ_Va_rmse: 0.04037096  PV_Va_rmse: 0.04561234  delta_p: 0.23709093  delta_q: 0.08353275  
INFO|2024-09-25 17:44:27: 	ZTest-ema: PQ_Vm_rmse: 0.004524  PQ_Va_rmse: 0.033781  PV_Va_rmse: 0.037527  delta_p: 0.183394  delta_q: 0.068915  
INFO|2024-09-25 17:44:27: 	           ValOfEMA:0.037527/0.036568,  Epoch:19/18
INFO|2024-09-25 17:44:28: 	Time(ep):765s,  Val(curr/best):0.045612/0.039823,  Epoch(curr/best):19/17
INFO|2024-09-25 17:44:28: -------------------- Epoch: 20 --------------------
INFO|2024-09-25 17:45:34: Epoch[020/100], iter[040/392], loss_total:1.86026, loss_equ:4.50787 loss_pq_vm:0.03869 loss_pq_va:0.48564 loss_pv_va:0.53698
INFO|2024-09-25 17:46:37: Epoch[020/100], iter[079/392], loss_total:1.44377, loss_equ:4.97460 loss_pq_vm:0.02778 loss_pq_va:0.31696 loss_pv_va:0.35156
INFO|2024-09-25 17:47:40: Epoch[020/100], iter[118/392], loss_total:1.40572, loss_equ:4.24867 loss_pq_vm:0.02580 loss_pq_va:0.34285 loss_pv_va:0.38004
INFO|2024-09-25 17:48:43: Epoch[020/100], iter[157/392], loss_total:1.33213, loss_equ:4.36611 loss_pq_vm:0.02399 loss_pq_va:0.31025 loss_pv_va:0.34537
INFO|2024-09-25 17:49:45: Epoch[020/100], iter[196/392], loss_total:1.42504, loss_equ:4.32388 loss_pq_vm:0.02606 loss_pq_va:0.35070 loss_pv_va:0.38138
INFO|2024-09-25 17:50:48: Epoch[020/100], iter[235/392], loss_total:1.21196, loss_equ:3.88755 loss_pq_vm:0.02429 loss_pq_va:0.27388 loss_pv_va:0.30644
INFO|2024-09-25 17:51:51: Epoch[020/100], iter[274/392], loss_total:1.44428, loss_equ:4.76833 loss_pq_vm:0.02589 loss_pq_va:0.34479 loss_pv_va:0.36377
INFO|2024-09-25 17:52:54: Epoch[020/100], iter[313/392], loss_total:1.49351, loss_equ:4.81694 loss_pq_vm:0.02798 loss_pq_va:0.34934 loss_pv_va:0.38268
INFO|2024-09-25 17:53:57: Epoch[020/100], iter[352/392], loss_total:1.37800, loss_equ:4.03708 loss_pq_vm:0.02439 loss_pq_va:0.34495 loss_pv_va:0.38549
INFO|2024-09-25 17:55:02: Epoch[020/100], iter[392/392], loss_total:1.20055, loss_equ:3.87052 loss_pq_vm:0.02239 loss_pq_va:0.27834 loss_pv_va:0.31130
INFO|2024-09-25 17:57:10: Epoch 19/100, lr:  0.00090546, eta: 16.95h, train_loss:  1.42221, valid_loss:  1.58225
INFO|2024-09-25 17:57:10: 	Train: PQ_Vm_rmse: 0.00264780  PQ_Va_rmse: 0.02236038  PV_Va_rmse: 0.02449424  delta_p: 0.15654478  delta_q: 0.06009943  
INFO|2024-09-25 17:57:10: 	ZTest: PQ_Vm_rmse: 0.00479648  PQ_Va_rmse: 0.03452651  PV_Va_rmse: 0.03872564  delta_p: 0.18029496  delta_q: 0.06970946  
INFO|2024-09-25 17:57:10: 	ZTest-ema: PQ_Vm_rmse: 0.004591  PQ_Va_rmse: 0.032883  PV_Va_rmse: 0.036871  delta_p: 0.168504  delta_q: 0.066146  
INFO|2024-09-25 17:57:10: 	           ValOfEMA:0.036871/0.036568,  Epoch:20/18
INFO|2024-09-25 17:57:12: 	Time(ep):762s,  Val(curr/best):0.038726/0.038726,  Epoch(curr/best):20/20
INFO|2024-09-25 17:57:12: -------------------- Epoch: 21 --------------------
INFO|2024-09-25 17:58:17: Epoch[021/100], iter[040/392], loss_total:1.35398, loss_equ:4.01898 loss_pq_vm:0.03120 loss_pq_va:0.30097 loss_pv_va:0.33915
INFO|2024-09-25 17:59:21: Epoch[021/100], iter[079/392], loss_total:1.14414, loss_equ:3.78883 loss_pq_vm:0.02480 loss_pq_va:0.24416 loss_pv_va:0.27312
INFO|2024-09-25 18:00:24: Epoch[021/100], iter[118/392], loss_total:1.42885, loss_equ:4.01194 loss_pq_vm:0.02275 loss_pq_va:0.37136 loss_pv_va:0.42877
INFO|2024-09-25 18:01:27: Epoch[021/100], iter[157/392], loss_total:1.29981, loss_equ:4.01476 loss_pq_vm:0.02348 loss_pq_va:0.30710 loss_pv_va:0.35643
INFO|2024-09-25 18:02:31: Epoch[021/100], iter[196/392], loss_total:1.55310, loss_equ:5.82701 loss_pq_vm:0.02662 loss_pq_va:0.32662 loss_pv_va:0.37760
INFO|2024-09-25 18:03:34: Epoch[021/100], iter[235/392], loss_total:1.45157, loss_equ:5.06287 loss_pq_vm:0.02506 loss_pq_va:0.32298 loss_pv_va:0.37173
INFO|2024-09-25 18:04:38: Epoch[021/100], iter[274/392], loss_total:1.26747, loss_equ:4.06100 loss_pq_vm:0.02338 loss_pq_va:0.29573 loss_pv_va:0.33183
INFO|2024-09-25 18:05:41: Epoch[021/100], iter[313/392], loss_total:1.30628, loss_equ:4.37955 loss_pq_vm:0.02221 loss_pq_va:0.30938 loss_pv_va:0.33680
INFO|2024-09-25 18:06:44: Epoch[021/100], iter[352/392], loss_total:1.21838, loss_equ:4.15147 loss_pq_vm:0.02322 loss_pq_va:0.27113 loss_pv_va:0.29988
INFO|2024-09-25 18:07:49: Epoch[021/100], iter[392/392], loss_total:1.37034, loss_equ:3.95611 loss_pq_vm:0.02785 loss_pq_va:0.33255 loss_pv_va:0.36372
INFO|2024-09-25 18:09:58: Epoch 20/100, lr:  0.00089613, eta: 16.81h, train_loss:  1.35207, valid_loss:  2.10373
INFO|2024-09-25 18:09:58: 	Train: PQ_Vm_rmse: 0.00246676  PQ_Va_rmse: 0.02024673  PV_Va_rmse: 0.02232853  delta_p: 0.15247498  delta_q: 0.05539847  
INFO|2024-09-25 18:09:58: 	ZTest: PQ_Vm_rmse: 0.00613359  PQ_Va_rmse: 0.04821164  PV_Va_rmse: 0.05376736  delta_p: 0.23757882  delta_q: 0.08156515  
INFO|2024-09-25 18:09:58: 	ZTest-ema: PQ_Vm_rmse: 0.005101  PQ_Va_rmse: 0.034889  PV_Va_rmse: 0.039237  delta_p: 0.182851  delta_q: 0.068727  
INFO|2024-09-25 18:09:58: 	           ValOfEMA:0.039237/0.036568,  Epoch:21/18
INFO|2024-09-25 18:09:58: 	Time(ep):766s,  Val(curr/best):0.053767/0.038726,  Epoch(curr/best):21/20
INFO|2024-09-25 18:09:58: -------------------- Epoch: 22 --------------------
INFO|2024-09-25 18:11:04: Epoch[022/100], iter[040/392], loss_total:1.15350, loss_equ:3.72722 loss_pq_vm:0.02382 loss_pq_va:0.25340 loss_pv_va:0.28922
INFO|2024-09-25 18:12:08: Epoch[022/100], iter[079/392], loss_total:1.24201, loss_equ:3.95795 loss_pq_vm:0.02336 loss_pq_va:0.28707 loss_pv_va:0.32560
INFO|2024-09-25 18:13:11: Epoch[022/100], iter[118/392], loss_total:1.17686, loss_equ:3.91318 loss_pq_vm:0.02258 loss_pq_va:0.26541 loss_pv_va:0.29435
INFO|2024-09-25 18:14:14: Epoch[022/100], iter[157/392], loss_total:1.33859, loss_equ:4.14595 loss_pq_vm:0.02430 loss_pq_va:0.31688 loss_pv_va:0.36412
INFO|2024-09-25 18:15:17: Epoch[022/100], iter[196/392], loss_total:1.24163, loss_equ:4.13197 loss_pq_vm:0.02410 loss_pq_va:0.27602 loss_pv_va:0.31140
INFO|2024-09-25 18:16:20: Epoch[022/100], iter[235/392], loss_total:1.44506, loss_equ:5.05081 loss_pq_vm:0.02745 loss_pq_va:0.31960 loss_pv_va:0.34587
INFO|2024-09-25 18:17:24: Epoch[022/100], iter[274/392], loss_total:1.50760, loss_equ:4.20087 loss_pq_vm:0.02703 loss_pq_va:0.38379 loss_pv_va:0.43338
INFO|2024-09-25 18:18:27: Epoch[022/100], iter[313/392], loss_total:1.14639, loss_equ:3.54764 loss_pq_vm:0.02063 loss_pq_va:0.27559 loss_pv_va:0.30970
INFO|2024-09-25 18:19:29: Epoch[022/100], iter[352/392], loss_total:1.29083, loss_equ:4.04743 loss_pq_vm:0.02679 loss_pq_va:0.29197 loss_pv_va:0.32626
INFO|2024-09-25 18:20:34: Epoch[022/100], iter[392/392], loss_total:1.30726, loss_equ:4.07763 loss_pq_vm:0.03196 loss_pq_va:0.27159 loss_pv_va:0.30831
INFO|2024-09-25 18:22:43: Epoch 21/100, lr:  0.00088640, eta: 16.57h, train_loss:  1.35495, valid_loss:  1.61802
INFO|2024-09-25 18:22:43: 	Train: PQ_Vm_rmse: 0.00260162  PQ_Va_rmse: 0.02050122  PV_Va_rmse: 0.02259630  delta_p: 0.13749298  delta_q: 0.05780476  
INFO|2024-09-25 18:22:43: 	ZTest: PQ_Vm_rmse: 0.00468505  PQ_Va_rmse: 0.03498121  PV_Va_rmse: 0.03962496  delta_p: 0.20240181  delta_q: 0.07777428  
INFO|2024-09-25 18:22:43: 	ZTest-ema: PQ_Vm_rmse: 0.004663  PQ_Va_rmse: 0.032762  PV_Va_rmse: 0.036805  delta_p: 0.165510  delta_q: 0.064715  
INFO|2024-09-25 18:22:43: 	           ValOfEMA:0.036805/0.036568,  Epoch:22/18
INFO|2024-09-25 18:22:44: 	Time(ep):764s,  Val(curr/best):0.039625/0.038726,  Epoch(curr/best):22/20
INFO|2024-09-25 18:22:44: -------------------- Epoch: 23 --------------------
INFO|2024-09-25 18:23:50: Epoch[023/100], iter[040/392], loss_total:1.10183, loss_equ:3.54278 loss_pq_vm:0.02142 loss_pq_va:0.25219 loss_pv_va:0.28113
INFO|2024-09-25 18:24:53: Epoch[023/100], iter[079/392], loss_total:1.18754, loss_equ:3.70577 loss_pq_vm:0.02828 loss_pq_va:0.25537 loss_pv_va:0.27882
INFO|2024-09-25 18:25:56: Epoch[023/100], iter[118/392], loss_total:1.11749, loss_equ:3.45367 loss_pq_vm:0.02046 loss_pq_va:0.26764 loss_pv_va:0.29989
INFO|2024-09-25 18:26:59: Epoch[023/100], iter[157/392], loss_total:1.13321, loss_equ:3.80646 loss_pq_vm:0.02116 loss_pq_va:0.25780 loss_pv_va:0.28312
INFO|2024-09-25 18:28:02: Epoch[023/100], iter[196/392], loss_total:1.16861, loss_equ:3.66343 loss_pq_vm:0.02451 loss_pq_va:0.26552 loss_pv_va:0.29161
INFO|2024-09-25 18:29:06: Epoch[023/100], iter[235/392], loss_total:1.21618, loss_equ:3.95570 loss_pq_vm:0.02273 loss_pq_va:0.28071 loss_pv_va:0.31265
INFO|2024-09-25 18:30:09: Epoch[023/100], iter[274/392], loss_total:1.23499, loss_equ:3.73492 loss_pq_vm:0.03097 loss_pq_va:0.26402 loss_pv_va:0.28779
INFO|2024-09-25 18:31:11: Epoch[023/100], iter[313/392], loss_total:1.32049, loss_equ:5.06119 loss_pq_vm:0.02426 loss_pq_va:0.27039 loss_pv_va:0.30136
INFO|2024-09-25 18:32:14: Epoch[023/100], iter[352/392], loss_total:1.33901, loss_equ:4.49264 loss_pq_vm:0.02659 loss_pq_va:0.29567 loss_pv_va:0.32822
INFO|2024-09-25 18:33:19: Epoch[023/100], iter[392/392], loss_total:1.32654, loss_equ:4.00229 loss_pq_vm:0.03597 loss_pq_va:0.26824 loss_pv_va:0.29838
INFO|2024-09-25 18:35:28: Epoch 22/100, lr:  0.00087630, eta: 16.35h, train_loss:  1.23850, valid_loss:  1.56248
INFO|2024-09-25 18:35:28: 	Train: PQ_Vm_rmse: 0.00238384  PQ_Va_rmse: 0.01647339  PV_Va_rmse: 0.01775932  delta_p: 0.11667192  delta_q: 0.05086108  
INFO|2024-09-25 18:35:28: 	ZTest: PQ_Vm_rmse: 0.00539410  PQ_Va_rmse: 0.03427439  PV_Va_rmse: 0.03854475  delta_p: 0.17480707  delta_q: 0.07214563  
INFO|2024-09-25 18:35:28: 	ZTest-ema: PQ_Vm_rmse: 0.004519  PQ_Va_rmse: 0.032161  PV_Va_rmse: 0.036223  delta_p: 0.149624  delta_q: 0.061397  
INFO|2024-09-25 18:35:28: 	           ValOfEMA:0.036223/0.036223,  Epoch:23/23
INFO|2024-09-25 18:35:29: 	Time(ep):764s,  Val(curr/best):0.038545/0.038545,  Epoch(curr/best):23/23
INFO|2024-09-25 18:35:29: -------------------- Epoch: 24 --------------------
INFO|2024-09-25 18:36:34: Epoch[024/100], iter[040/392], loss_total:1.20848, loss_equ:4.27655 loss_pq_vm:0.02602 loss_pq_va:0.24855 loss_pv_va:0.27204
INFO|2024-09-25 18:37:38: Epoch[024/100], iter[079/392], loss_total:1.16799, loss_equ:3.87069 loss_pq_vm:0.02378 loss_pq_va:0.25576 loss_pv_va:0.28737
INFO|2024-09-25 18:38:41: Epoch[024/100], iter[118/392], loss_total:1.16889, loss_equ:3.70548 loss_pq_vm:0.02037 loss_pq_va:0.28641 loss_pv_va:0.30818
INFO|2024-09-25 18:39:44: Epoch[024/100], iter[157/392], loss_total:1.31821, loss_equ:3.92149 loss_pq_vm:0.03170 loss_pq_va:0.29040 loss_pv_va:0.31863
INFO|2024-09-25 18:40:47: Epoch[024/100], iter[196/392], loss_total:1.35575, loss_equ:4.58169 loss_pq_vm:0.03001 loss_pq_va:0.28254 loss_pv_va:0.31493
INFO|2024-09-25 18:41:50: Epoch[024/100], iter[235/392], loss_total:1.30306, loss_equ:4.09342 loss_pq_vm:0.02154 loss_pq_va:0.32015 loss_pv_va:0.35815
INFO|2024-09-25 18:42:52: Epoch[024/100], iter[274/392], loss_total:1.85330, loss_equ:4.22889 loss_pq_vm:0.03387 loss_pq_va:0.50882 loss_pv_va:0.58285
INFO|2024-09-25 18:43:55: Epoch[024/100], iter[313/392], loss_total:1.44985, loss_equ:4.18800 loss_pq_vm:0.02832 loss_pq_va:0.36103 loss_pv_va:0.38678
INFO|2024-09-25 18:44:58: Epoch[024/100], iter[352/392], loss_total:1.33773, loss_equ:3.65160 loss_pq_vm:0.02643 loss_pq_va:0.33500 loss_pv_va:0.37323
INFO|2024-09-25 18:46:02: Epoch[024/100], iter[392/392], loss_total:1.14733, loss_equ:3.61937 loss_pq_vm:0.02306 loss_pq_va:0.26143 loss_pv_va:0.29335
INFO|2024-09-25 18:48:11: Epoch 23/100, lr:  0.00086584, eta: 16.09h, train_loss:  1.30081, valid_loss:  1.67019
INFO|2024-09-25 18:48:11: 	Train: PQ_Vm_rmse: 0.00248811  PQ_Va_rmse: 0.01992457  PV_Va_rmse: 0.02150834  delta_p: 0.13039316  delta_q: 0.05118435  
INFO|2024-09-25 18:48:11: 	ZTest: PQ_Vm_rmse: 0.00561352  PQ_Va_rmse: 0.04143955  PV_Va_rmse: 0.04668565  delta_p: 0.19929574  delta_q: 0.07173532  
INFO|2024-09-25 18:48:11: 	ZTest-ema: PQ_Vm_rmse: 0.004706  PQ_Va_rmse: 0.033572  PV_Va_rmse: 0.038164  delta_p: 0.159858  delta_q: 0.062009  
INFO|2024-09-25 18:48:11: 	           ValOfEMA:0.038164/0.036223,  Epoch:24/23
INFO|2024-09-25 18:48:12: 	Time(ep):762s,  Val(curr/best):0.046686/0.038545,  Epoch(curr/best):24/23
INFO|2024-09-25 18:48:12: -------------------- Epoch: 25 --------------------
INFO|2024-09-25 18:49:18: Epoch[025/100], iter[040/392], loss_total:1.13397, loss_equ:3.51818 loss_pq_vm:0.02187 loss_pq_va:0.26228 loss_pv_va:0.30118
INFO|2024-09-25 18:50:21: Epoch[025/100], iter[079/392], loss_total:1.25846, loss_equ:3.92314 loss_pq_vm:0.02141 loss_pq_va:0.30425 loss_pv_va:0.34780
INFO|2024-09-25 18:51:24: Epoch[025/100], iter[118/392], loss_total:1.30272, loss_equ:4.59564 loss_pq_vm:0.02347 loss_pq_va:0.28879 loss_pv_va:0.31970
INFO|2024-09-25 18:52:27: Epoch[025/100], iter[157/392], loss_total:1.19962, loss_equ:3.59771 loss_pq_vm:0.02280 loss_pq_va:0.28731 loss_pv_va:0.32456
INFO|2024-09-25 18:53:30: Epoch[025/100], iter[196/392], loss_total:1.21285, loss_equ:4.26868 loss_pq_vm:0.02299 loss_pq_va:0.26284 loss_pv_va:0.29321
INFO|2024-09-25 18:54:33: Epoch[025/100], iter[235/392], loss_total:1.27024, loss_equ:4.72628 loss_pq_vm:0.02358 loss_pq_va:0.26565 loss_pv_va:0.29616
INFO|2024-09-25 18:55:35: Epoch[025/100], iter[274/392], loss_total:1.21289, loss_equ:3.62994 loss_pq_vm:0.01992 loss_pq_va:0.30939 loss_pv_va:0.34130
INFO|2024-09-25 18:56:38: Epoch[025/100], iter[313/392], loss_total:1.33465, loss_equ:3.97423 loss_pq_vm:0.02290 loss_pq_va:0.33885 loss_pv_va:0.36935
INFO|2024-09-25 18:57:41: Epoch[025/100], iter[352/392], loss_total:1.21835, loss_equ:4.75575 loss_pq_vm:0.02071 loss_pq_va:0.25264 loss_pv_va:0.28302
INFO|2024-09-25 18:58:46: Epoch[025/100], iter[392/392], loss_total:1.15627, loss_equ:3.63243 loss_pq_vm:0.02054 loss_pq_va:0.28079 loss_pv_va:0.30688
INFO|2024-09-25 19:00:54: Epoch 24/100, lr:  0.00085502, eta: 15.88h, train_loss:  1.24793, valid_loss:  1.51194
INFO|2024-09-25 19:00:54: 	Train: PQ_Vm_rmse: 0.00218119  PQ_Va_rmse: 0.01799615  PV_Va_rmse: 0.01956240  delta_p: 0.12661909  delta_q: 0.04820322  
INFO|2024-09-25 19:00:54: 	ZTest: PQ_Vm_rmse: 0.00575699  PQ_Va_rmse: 0.03868917  PV_Va_rmse: 0.04278522  delta_p: 0.17814061  delta_q: 0.06709868  
INFO|2024-09-25 19:00:54: 	ZTest-ema: PQ_Vm_rmse: 0.005258  PQ_Va_rmse: 0.034849  PV_Va_rmse: 0.039299  delta_p: 0.159995  delta_q: 0.061068  
INFO|2024-09-25 19:00:54: 	           ValOfEMA:0.039299/0.036223,  Epoch:25/23
INFO|2024-09-25 19:00:55: 	Time(ep):762s,  Val(curr/best):0.042785/0.038545,  Epoch(curr/best):25/23
INFO|2024-09-25 19:00:55: -------------------- Epoch: 26 --------------------
INFO|2024-09-25 19:02:01: Epoch[026/100], iter[040/392], loss_total:1.54584, loss_equ:4.38325 loss_pq_vm:0.03330 loss_pq_va:0.36222 loss_pv_va:0.41225
INFO|2024-09-25 19:03:03: Epoch[026/100], iter[079/392], loss_total:1.88439, loss_equ:4.29632 loss_pq_vm:0.02597 loss_pq_va:0.54566 loss_pv_va:0.64944
INFO|2024-09-25 19:04:06: Epoch[026/100], iter[118/392], loss_total:1.25195, loss_equ:4.48088 loss_pq_vm:0.02220 loss_pq_va:0.27063 loss_pv_va:0.31119
INFO|2024-09-25 19:05:09: Epoch[026/100], iter[157/392], loss_total:1.09284, loss_equ:3.68995 loss_pq_vm:0.02093 loss_pq_va:0.24248 loss_pv_va:0.27202
INFO|2024-09-25 19:06:12: Epoch[026/100], iter[196/392], loss_total:1.53379, loss_equ:4.67661 loss_pq_vm:0.02435 loss_pq_va:0.37622 loss_pv_va:0.44637
INFO|2024-09-25 19:07:15: Epoch[026/100], iter[235/392], loss_total:1.60988, loss_equ:3.87534 loss_pq_vm:0.02788 loss_pq_va:0.44351 loss_pv_va:0.49999
INFO|2024-09-25 19:08:18: Epoch[026/100], iter[274/392], loss_total:1.10618, loss_equ:3.65974 loss_pq_vm:0.02143 loss_pq_va:0.24834 loss_pv_va:0.27760
INFO|2024-09-25 19:09:21: Epoch[026/100], iter[313/392], loss_total:1.05669, loss_equ:3.87879 loss_pq_vm:0.01816 loss_pq_va:0.23032 loss_pv_va:0.25687
INFO|2024-09-25 19:10:24: Epoch[026/100], iter[352/392], loss_total:1.24767, loss_equ:4.25965 loss_pq_vm:0.02109 loss_pq_va:0.29053 loss_pv_va:0.32031
INFO|2024-09-25 19:11:29: Epoch[026/100], iter[392/392], loss_total:1.22911, loss_equ:3.84890 loss_pq_vm:0.02512 loss_pq_va:0.28352 loss_pv_va:0.30953
INFO|2024-09-25 19:13:38: Epoch 25/100, lr:  0.00084385, eta: 15.68h, train_loss:  1.29104, valid_loss:  1.64231
INFO|2024-09-25 19:13:38: 	Train: PQ_Vm_rmse: 0.00237509  PQ_Va_rmse: 0.02036808  PV_Va_rmse: 0.02250498  delta_p: 0.13283255  delta_q: 0.04858266  
INFO|2024-09-25 19:13:38: 	ZTest: PQ_Vm_rmse: 0.00543305  PQ_Va_rmse: 0.04103777  PV_Va_rmse: 0.04570071  delta_p: 0.20195761  delta_q: 0.06949012  
INFO|2024-09-25 19:13:38: 	ZTest-ema: PQ_Vm_rmse: 0.005111  PQ_Va_rmse: 0.034985  PV_Va_rmse: 0.039545  delta_p: 0.153205  delta_q: 0.059048  
INFO|2024-09-25 19:13:38: 	           ValOfEMA:0.039545/0.036223,  Epoch:26/23
INFO|2024-09-25 19:13:39: 	Time(ep):762s,  Val(curr/best):0.045701/0.038545,  Epoch(curr/best):26/23
INFO|2024-09-25 19:13:39: -------------------- Epoch: 27 --------------------
INFO|2024-09-25 19:14:44: Epoch[027/100], iter[040/392], loss_total:1.10636, loss_equ:3.65759 loss_pq_vm:0.02239 loss_pq_va:0.24520 loss_pv_va:0.27148
INFO|2024-09-25 19:15:47: Epoch[027/100], iter[079/392], loss_total:1.04197, loss_equ:3.23756 loss_pq_vm:0.01890 loss_pq_va:0.25110 loss_pv_va:0.27815
INFO|2024-09-25 19:16:50: Epoch[027/100], iter[118/392], loss_total:1.06224, loss_equ:3.36765 loss_pq_vm:0.02116 loss_pq_va:0.24149 loss_pv_va:0.27235
INFO|2024-09-25 19:17:53: Epoch[027/100], iter[157/392], loss_total:1.22911, loss_equ:4.11731 loss_pq_vm:0.02321 loss_pq_va:0.27935 loss_pv_va:0.30590
INFO|2024-09-25 19:18:56: Epoch[027/100], iter[196/392], loss_total:1.20643, loss_equ:3.66630 loss_pq_vm:0.02416 loss_pq_va:0.27927 loss_pv_va:0.31890
INFO|2024-09-25 19:19:59: Epoch[027/100], iter[235/392], loss_total:1.12808, loss_equ:3.59513 loss_pq_vm:0.02072 loss_pq_va:0.26704 loss_pv_va:0.29435
INFO|2024-09-25 19:21:02: Epoch[027/100], iter[274/392], loss_total:1.28579, loss_equ:3.90009 loss_pq_vm:0.03434 loss_pq_va:0.26391 loss_pv_va:0.28843
INFO|2024-09-25 19:22:05: Epoch[027/100], iter[313/392], loss_total:1.06262, loss_equ:3.64491 loss_pq_vm:0.01973 loss_pq_va:0.23701 loss_pv_va:0.26386
INFO|2024-09-25 19:23:08: Epoch[027/100], iter[352/392], loss_total:1.10744, loss_equ:3.54945 loss_pq_vm:0.02319 loss_pq_va:0.24365 loss_pv_va:0.27696
INFO|2024-09-25 19:24:12: Epoch[027/100], iter[392/392], loss_total:1.31384, loss_equ:3.93007 loss_pq_vm:0.02810 loss_pq_va:0.29994 loss_pv_va:0.33988
INFO|2024-09-25 19:26:21: Epoch 26/100, lr:  0.00083235, eta: 15.46h, train_loss:  1.21165, valid_loss:  1.72440
INFO|2024-09-25 19:26:21: 	Train: PQ_Vm_rmse: 0.00218737  PQ_Va_rmse: 0.01730357  PV_Va_rmse: 0.01893843  delta_p: 0.11076552  delta_q: 0.04506319  
INFO|2024-09-25 19:26:21: 	ZTest: PQ_Vm_rmse: 0.00583993  PQ_Va_rmse: 0.04164268  PV_Va_rmse: 0.04696358  delta_p: 0.26474822  delta_q: 0.08847642  
INFO|2024-09-25 19:26:21: 	ZTest-ema: PQ_Vm_rmse: 0.005002  PQ_Va_rmse: 0.034719  PV_Va_rmse: 0.038948  delta_p: 0.165762  delta_q: 0.060599  
INFO|2024-09-25 19:26:21: 	           ValOfEMA:0.038948/0.036223,  Epoch:27/23
INFO|2024-09-25 19:26:22: 	Time(ep):762s,  Val(curr/best):0.046964/0.038545,  Epoch(curr/best):27/23
INFO|2024-09-25 19:26:22: -------------------- Epoch: 28 --------------------
INFO|2024-09-25 19:27:27: Epoch[028/100], iter[040/392], loss_total:0.97939, loss_equ:3.29283 loss_pq_vm:0.01858 loss_pq_va:0.22000 loss_pv_va:0.24426
INFO|2024-09-25 19:28:31: Epoch[028/100], iter[079/392], loss_total:1.25927, loss_equ:4.39466 loss_pq_vm:0.02512 loss_pq_va:0.26526 loss_pv_va:0.30339
INFO|2024-09-25 19:29:34: Epoch[028/100], iter[118/392], loss_total:1.18527, loss_equ:4.12779 loss_pq_vm:0.02619 loss_pq_va:0.24171 loss_pv_va:0.26893
INFO|2024-09-25 19:30:37: Epoch[028/100], iter[157/392], loss_total:1.64076, loss_equ:4.26207 loss_pq_vm:0.03784 loss_pq_va:0.39855 loss_pv_va:0.43763
INFO|2024-09-25 19:31:40: Epoch[028/100], iter[196/392], loss_total:1.12983, loss_equ:3.42285 loss_pq_vm:0.01972 loss_pq_va:0.27760 loss_pv_va:0.31280
INFO|2024-09-25 19:32:43: Epoch[028/100], iter[235/392], loss_total:1.02808, loss_equ:3.23264 loss_pq_vm:0.01900 loss_pq_va:0.24124 loss_pv_va:0.27360
INFO|2024-09-25 19:33:46: Epoch[028/100], iter[274/392], loss_total:1.06274, loss_equ:3.21671 loss_pq_vm:0.02177 loss_pq_va:0.24911 loss_pv_va:0.27423
INFO|2024-09-25 19:34:49: Epoch[028/100], iter[313/392], loss_total:1.30765, loss_equ:3.33785 loss_pq_vm:0.02447 loss_pq_va:0.34639 loss_pv_va:0.38275
INFO|2024-09-25 19:35:51: Epoch[028/100], iter[352/392], loss_total:1.08706, loss_equ:3.15972 loss_pq_vm:0.02286 loss_pq_va:0.25800 loss_pv_va:0.28448
INFO|2024-09-25 19:36:56: Epoch[028/100], iter[392/392], loss_total:1.50042, loss_equ:4.52285 loss_pq_vm:0.02813 loss_pq_va:0.36099 loss_pv_va:0.40589
INFO|2024-09-25 19:39:04: Epoch 27/100, lr:  0.00082052, eta: 15.25h, train_loss:  1.16403, valid_loss:  1.93155
INFO|2024-09-25 19:39:04: 	Train: PQ_Vm_rmse: 0.00217407  PQ_Va_rmse: 0.01695457  PV_Va_rmse: 0.01843746  delta_p: 0.10431345  delta_q: 0.04403445  
INFO|2024-09-25 19:39:04: 	ZTest: PQ_Vm_rmse: 0.00584589  PQ_Va_rmse: 0.04992070  PV_Va_rmse: 0.05764252  delta_p: 0.26024631  delta_q: 0.09291803  
INFO|2024-09-25 19:39:04: 	ZTest-ema: PQ_Vm_rmse: 0.005423  PQ_Va_rmse: 0.034942  PV_Va_rmse: 0.038991  delta_p: 0.140008  delta_q: 0.056924  
INFO|2024-09-25 19:39:04: 	           ValOfEMA:0.038991/0.036223,  Epoch:28/23
INFO|2024-09-25 19:39:05: 	Time(ep):762s,  Val(curr/best):0.057643/0.038545,  Epoch(curr/best):28/23
INFO|2024-09-25 19:39:05: -------------------- Epoch: 29 --------------------
INFO|2024-09-25 19:40:11: Epoch[029/100], iter[040/392], loss_total:1.09107, loss_equ:3.42899 loss_pq_vm:0.02239 loss_pq_va:0.24839 loss_pv_va:0.27592
INFO|2024-09-25 19:41:14: Epoch[029/100], iter[079/392], loss_total:1.06126, loss_equ:3.32023 loss_pq_vm:0.02049 loss_pq_va:0.24798 loss_pv_va:0.27636
INFO|2024-09-25 19:42:17: Epoch[029/100], iter[118/392], loss_total:1.04093, loss_equ:3.23552 loss_pq_vm:0.01900 loss_pq_va:0.24850 loss_pv_va:0.27887
INFO|2024-09-25 19:43:19: Epoch[029/100], iter[157/392], loss_total:1.00407, loss_equ:3.16825 loss_pq_vm:0.02052 loss_pq_va:0.22694 loss_pv_va:0.25508
INFO|2024-09-25 19:44:22: Epoch[029/100], iter[196/392], loss_total:1.28850, loss_equ:3.33109 loss_pq_vm:0.02048 loss_pq_va:0.35548 loss_pv_va:0.39513
INFO|2024-09-25 19:45:25: Epoch[029/100], iter[235/392], loss_total:1.13842, loss_equ:3.20639 loss_pq_vm:0.01937 loss_pq_va:0.29518 loss_pv_va:0.32888
INFO|2024-09-25 19:46:28: Epoch[029/100], iter[274/392], loss_total:1.02952, loss_equ:3.28222 loss_pq_vm:0.01936 loss_pq_va:0.23912 loss_pv_va:0.26853
INFO|2024-09-25 19:47:31: Epoch[029/100], iter[313/392], loss_total:1.23750, loss_equ:3.92864 loss_pq_vm:0.02311 loss_pq_va:0.28833 loss_pv_va:0.32525
INFO|2024-09-25 19:48:34: Epoch[029/100], iter[352/392], loss_total:1.20109, loss_equ:3.52557 loss_pq_vm:0.02037 loss_pq_va:0.31153 loss_pv_va:0.33331
INFO|2024-09-25 19:49:39: Epoch[029/100], iter[392/392], loss_total:1.25548, loss_equ:3.29161 loss_pq_vm:0.02122 loss_pq_va:0.33450 loss_pv_va:0.37959
INFO|2024-09-25 19:51:47: Epoch 28/100, lr:  0.00080839, eta: 15.03h, train_loss:  1.19407, valid_loss:  1.45633
INFO|2024-09-25 19:51:47: 	Train: PQ_Vm_rmse: 0.00217545  PQ_Va_rmse: 0.01868271  PV_Va_rmse: 0.02032792  delta_p: 0.09925321  delta_q: 0.04235072  
INFO|2024-09-25 19:51:47: 	ZTest: PQ_Vm_rmse: 0.00561551  PQ_Va_rmse: 0.03919697  PV_Va_rmse: 0.04387850  delta_p: 0.17096322  delta_q: 0.06479594  
INFO|2024-09-25 19:51:47: 	ZTest-ema: PQ_Vm_rmse: 0.005255  PQ_Va_rmse: 0.035360  PV_Va_rmse: 0.039512  delta_p: 0.146284  delta_q: 0.057375  
INFO|2024-09-25 19:51:47: 	           ValOfEMA:0.039512/0.036223,  Epoch:29/23
INFO|2024-09-25 19:51:48: 	Time(ep):762s,  Val(curr/best):0.043878/0.038545,  Epoch(curr/best):29/23
INFO|2024-09-25 19:51:48: -------------------- Epoch: 30 --------------------
INFO|2024-09-25 19:52:54: Epoch[030/100], iter[040/392], loss_total:1.20871, loss_equ:4.27759 loss_pq_vm:0.02248 loss_pq_va:0.26326 loss_pv_va:0.29293
INFO|2024-09-25 19:53:57: Epoch[030/100], iter[079/392], loss_total:1.08258, loss_equ:3.38202 loss_pq_vm:0.02140 loss_pq_va:0.24977 loss_pv_va:0.28061
INFO|2024-09-25 19:55:00: Epoch[030/100], iter[118/392], loss_total:1.15670, loss_equ:3.29842 loss_pq_vm:0.02092 loss_pq_va:0.29077 loss_pv_va:0.32693
INFO|2024-09-25 19:56:02: Epoch[030/100], iter[157/392], loss_total:0.99259, loss_equ:3.17067 loss_pq_vm:0.01841 loss_pq_va:0.23220 loss_pv_va:0.25920
INFO|2024-09-25 19:57:06: Epoch[030/100], iter[196/392], loss_total:1.26876, loss_equ:5.16558 loss_pq_vm:0.02003 loss_pq_va:0.26024 loss_pv_va:0.29163
INFO|2024-09-25 19:58:08: Epoch[030/100], iter[235/392], loss_total:1.41198, loss_equ:5.36730 loss_pq_vm:0.03400 loss_pq_va:0.25329 loss_pv_va:0.28200
INFO|2024-09-25 19:59:11: Epoch[030/100], iter[274/392], loss_total:1.27068, loss_equ:4.27922 loss_pq_vm:0.02305 loss_pq_va:0.29081 loss_pv_va:0.32140
INFO|2024-09-25 20:00:14: Epoch[030/100], iter[313/392], loss_total:1.04494, loss_equ:3.27640 loss_pq_vm:0.01817 loss_pq_va:0.25526 loss_pv_va:0.28033
INFO|2024-09-25 20:01:17: Epoch[030/100], iter[352/392], loss_total:1.05945, loss_equ:3.33965 loss_pq_vm:0.01997 loss_pq_va:0.24859 loss_pv_va:0.27724
INFO|2024-09-25 20:02:21: Epoch[030/100], iter[392/392], loss_total:1.37465, loss_equ:5.00751 loss_pq_vm:0.02182 loss_pq_va:0.29567 loss_pv_va:0.36003
INFO|2024-09-25 20:04:31: Epoch 29/100, lr:  0.00079595, eta: 14.83h, train_loss:  1.20232, valid_loss:  1.72593
INFO|2024-09-25 20:04:31: 	Train: PQ_Vm_rmse: 0.00212957  PQ_Va_rmse: 0.01678537  PV_Va_rmse: 0.01822153  delta_p: 0.11699178  delta_q: 0.04638987  
INFO|2024-09-25 20:04:31: 	ZTest: PQ_Vm_rmse: 0.00498519  PQ_Va_rmse: 0.03933820  PV_Va_rmse: 0.04309614  delta_p: 0.25780418  delta_q: 0.07226568  
INFO|2024-09-25 20:04:31: 	ZTest-ema: PQ_Vm_rmse: 0.004496  PQ_Va_rmse: 0.032892  PV_Va_rmse: 0.037228  delta_p: 0.131519  delta_q: 0.052810  
INFO|2024-09-25 20:04:31: 	           ValOfEMA:0.037228/0.036223,  Epoch:30/23
INFO|2024-09-25 20:04:31: 	Time(ep):762s,  Val(curr/best):0.043096/0.038545,  Epoch(curr/best):30/23
INFO|2024-09-25 20:04:31: -------------------- Epoch: 31 --------------------
INFO|2024-09-25 20:05:37: Epoch[031/100], iter[040/392], loss_total:1.13864, loss_equ:3.47323 loss_pq_vm:0.01960 loss_pq_va:0.27940 loss_pv_va:0.31591
INFO|2024-09-25 20:06:40: Epoch[031/100], iter[079/392], loss_total:1.08139, loss_equ:3.31768 loss_pq_vm:0.01867 loss_pq_va:0.26210 loss_pv_va:0.30079
INFO|2024-09-25 20:07:43: Epoch[031/100], iter[118/392], loss_total:1.06498, loss_equ:3.27964 loss_pq_vm:0.01857 loss_pq_va:0.26058 loss_pv_va:0.29073
INFO|2024-09-25 20:08:45: Epoch[031/100], iter[157/392], loss_total:1.03773, loss_equ:3.34344 loss_pq_vm:0.02563 loss_pq_va:0.21053 loss_pv_va:0.23660
INFO|2024-09-25 20:09:48: Epoch[031/100], iter[196/392], loss_total:1.13457, loss_equ:3.71838 loss_pq_vm:0.01957 loss_pq_va:0.26664 loss_pv_va:0.30038
INFO|2024-09-25 20:10:51: Epoch[031/100], iter[235/392], loss_total:1.04752, loss_equ:3.43217 loss_pq_vm:0.02144 loss_pq_va:0.23101 loss_pv_va:0.25885
INFO|2024-09-25 20:11:54: Epoch[031/100], iter[274/392], loss_total:1.46444, loss_equ:3.55939 loss_pq_vm:0.02627 loss_pq_va:0.39927 loss_pv_va:0.44654
INFO|2024-09-25 20:12:57: Epoch[031/100], iter[313/392], loss_total:1.16971, loss_equ:3.34146 loss_pq_vm:0.02707 loss_pq_va:0.26623 loss_pv_va:0.29862
INFO|2024-09-25 20:14:00: Epoch[031/100], iter[352/392], loss_total:1.56698, loss_equ:3.58350 loss_pq_vm:0.02436 loss_pq_va:0.45879 loss_pv_va:0.50625
INFO|2024-09-25 20:15:05: Epoch[031/100], iter[392/392], loss_total:1.63791, loss_equ:5.25012 loss_pq_vm:0.05015 loss_pq_va:0.28748 loss_pv_va:0.32395
INFO|2024-09-25 20:17:14: Epoch 30/100, lr:  0.00078323, eta: 14.63h, train_loss:  1.22094, valid_loss:  1.95356
INFO|2024-09-25 20:17:14: 	Train: PQ_Vm_rmse: 0.00228922  PQ_Va_rmse: 0.01963850  PV_Va_rmse: 0.02155465  delta_p: 0.11245345  delta_q: 0.04336499  
INFO|2024-09-25 20:17:14: 	ZTest: PQ_Vm_rmse: 0.00726824  PQ_Va_rmse: 0.03907107  PV_Va_rmse: 0.04248346  delta_p: 0.22231097  delta_q: 0.10125826  
INFO|2024-09-25 20:17:14: 	ZTest-ema: PQ_Vm_rmse: 0.004634  PQ_Va_rmse: 0.033072  PV_Va_rmse: 0.036945  delta_p: 0.138447  delta_q: 0.054179  
INFO|2024-09-25 20:17:14: 	           ValOfEMA:0.036945/0.036223,  Epoch:31/23
INFO|2024-09-25 20:17:15: 	Time(ep):763s,  Val(curr/best):0.042483/0.038545,  Epoch(curr/best):31/23
INFO|2024-09-25 20:17:15: -------------------- Epoch: 32 --------------------
INFO|2024-09-25 20:18:21: Epoch[032/100], iter[040/392], loss_total:1.25991, loss_equ:4.88897 loss_pq_vm:0.02243 loss_pq_va:0.25758 loss_pv_va:0.28914
INFO|2024-09-25 20:19:24: Epoch[032/100], iter[079/392], loss_total:1.10595, loss_equ:3.89768 loss_pq_vm:0.02213 loss_pq_va:0.23165 loss_pv_va:0.26325
INFO|2024-09-25 20:20:27: Epoch[032/100], iter[118/392], loss_total:1.02900, loss_equ:3.38147 loss_pq_vm:0.02110 loss_pq_va:0.22587 loss_pv_va:0.25396
INFO|2024-09-25 20:21:30: Epoch[032/100], iter[157/392], loss_total:1.00307, loss_equ:3.24259 loss_pq_vm:0.01816 loss_pq_va:0.23227 loss_pv_va:0.26494
INFO|2024-09-25 20:22:33: Epoch[032/100], iter[196/392], loss_total:1.15388, loss_equ:3.33946 loss_pq_vm:0.02129 loss_pq_va:0.28379 loss_pv_va:0.32324
INFO|2024-09-25 20:23:36: Epoch[032/100], iter[235/392], loss_total:1.12113, loss_equ:3.46837 loss_pq_vm:0.01927 loss_pq_va:0.27152 loss_pv_va:0.31004
INFO|2024-09-25 20:24:39: Epoch[032/100], iter[274/392], loss_total:1.04129, loss_equ:3.49887 loss_pq_vm:0.02157 loss_pq_va:0.22496 loss_pv_va:0.25079
INFO|2024-09-25 20:25:42: Epoch[032/100], iter[313/392], loss_total:0.92191, loss_equ:3.14267 loss_pq_vm:0.01706 loss_pq_va:0.20565 loss_pv_va:0.23140
INFO|2024-09-25 20:26:45: Epoch[032/100], iter[352/392], loss_total:0.97732, loss_equ:3.13200 loss_pq_vm:0.01750 loss_pq_va:0.22990 loss_pv_va:0.25924
INFO|2024-09-25 20:27:50: Epoch[032/100], iter[392/392], loss_total:1.03783, loss_equ:3.26006 loss_pq_vm:0.02118 loss_pq_va:0.23691 loss_pv_va:0.26313
INFO|2024-09-25 20:29:58: Epoch 31/100, lr:  0.00077023, eta: 14.42h, train_loss:  1.11416, valid_loss:  1.45374
INFO|2024-09-25 20:29:58: 	Train: PQ_Vm_rmse: 0.00196860  PQ_Va_rmse: 0.01486297  PV_Va_rmse: 0.01623469  delta_p: 0.09612323  delta_q: 0.03869137  
INFO|2024-09-25 20:29:58: 	ZTest: PQ_Vm_rmse: 0.00494063  PQ_Va_rmse: 0.03472060  PV_Va_rmse: 0.03898363  delta_p: 0.14997045  delta_q: 0.05869339  
INFO|2024-09-25 20:29:58: 	ZTest-ema: PQ_Vm_rmse: 0.004893  PQ_Va_rmse: 0.033637  PV_Va_rmse: 0.037592  delta_p: 0.130097  delta_q: 0.051502  
INFO|2024-09-25 20:29:58: 	           ValOfEMA:0.037592/0.036223,  Epoch:32/23
INFO|2024-09-25 20:29:59: 	Time(ep):763s,  Val(curr/best):0.038984/0.038545,  Epoch(curr/best):32/23
INFO|2024-09-25 20:29:59: -------------------- Epoch: 33 --------------------
INFO|2024-09-25 20:31:05: Epoch[033/100], iter[040/392], loss_total:1.19436, loss_equ:4.31296 loss_pq_vm:0.02539 loss_pq_va:0.24041 loss_pv_va:0.26878
INFO|2024-09-25 20:32:08: Epoch[033/100], iter[079/392], loss_total:0.97163, loss_equ:3.13037 loss_pq_vm:0.01776 loss_pq_va:0.22606 loss_pv_va:0.25489
INFO|2024-09-25 20:33:11: Epoch[033/100], iter[118/392], loss_total:1.14902, loss_equ:3.65757 loss_pq_vm:0.01967 loss_pq_va:0.27393 loss_pv_va:0.31262
INFO|2024-09-25 20:34:14: Epoch[033/100], iter[157/392], loss_total:1.20717, loss_equ:3.12148 loss_pq_vm:0.02000 loss_pq_va:0.32582 loss_pv_va:0.36917
INFO|2024-09-25 20:35:18: Epoch[033/100], iter[196/392], loss_total:1.06819, loss_equ:3.38171 loss_pq_vm:0.02288 loss_pq_va:0.23487 loss_pv_va:0.26632
INFO|2024-09-25 20:36:21: Epoch[033/100], iter[235/392], loss_total:1.25650, loss_equ:4.46876 loss_pq_vm:0.02032 loss_pq_va:0.28182 loss_pv_va:0.32456
INFO|2024-09-25 20:37:24: Epoch[033/100], iter[274/392], loss_total:1.43374, loss_equ:3.75836 loss_pq_vm:0.02810 loss_pq_va:0.36542 loss_pv_va:0.41151
INFO|2024-09-25 20:38:27: Epoch[033/100], iter[313/392], loss_total:1.11827, loss_equ:3.46496 loss_pq_vm:0.02241 loss_pq_va:0.25738 loss_pv_va:0.29029
INFO|2024-09-25 20:39:30: Epoch[033/100], iter[352/392], loss_total:1.18295, loss_equ:3.27755 loss_pq_vm:0.02061 loss_pq_va:0.31318 loss_pv_va:0.33593
INFO|2024-09-25 20:40:34: Epoch[033/100], iter[392/392], loss_total:1.15450, loss_equ:3.33402 loss_pq_vm:0.01906 loss_pq_va:0.29554 loss_pv_va:0.33500
INFO|2024-09-25 20:42:44: Epoch 32/100, lr:  0.00075698, eta: 14.23h, train_loss:  1.15717, valid_loss:  1.44297
INFO|2024-09-25 20:42:44: 	Train: PQ_Vm_rmse: 0.00195793  PQ_Va_rmse: 0.01698223  PV_Va_rmse: 0.01854941  delta_p: 0.09419971  delta_q: 0.03806277  
INFO|2024-09-25 20:42:44: 	ZTest: PQ_Vm_rmse: 0.00545503  PQ_Va_rmse: 0.03501734  PV_Va_rmse: 0.03936635  delta_p: 0.16762800  delta_q: 0.05989834  
INFO|2024-09-25 20:42:44: 	ZTest-ema: PQ_Vm_rmse: 0.004880  PQ_Va_rmse: 0.033051  PV_Va_rmse: 0.036956  delta_p: 0.138805  delta_q: 0.052116  
INFO|2024-09-25 20:42:44: 	           ValOfEMA:0.036956/0.036223,  Epoch:33/23
INFO|2024-09-25 20:42:44: 	Time(ep):764s,  Val(curr/best):0.039366/0.038545,  Epoch(curr/best):33/23
INFO|2024-09-25 20:42:44: -------------------- Epoch: 34 --------------------
INFO|2024-09-25 20:43:50: Epoch[034/100], iter[040/392], loss_total:1.23206, loss_equ:3.81837 loss_pq_vm:0.02097 loss_pq_va:0.30886 loss_pv_va:0.33167
INFO|2024-09-25 20:44:53: Epoch[034/100], iter[079/392], loss_total:1.01828, loss_equ:3.23080 loss_pq_vm:0.01748 loss_pq_va:0.24930 loss_pv_va:0.27113
INFO|2024-09-25 20:45:56: Epoch[034/100], iter[118/392], loss_total:0.99940, loss_equ:3.04612 loss_pq_vm:0.01984 loss_pq_va:0.23435 loss_pv_va:0.26200
INFO|2024-09-25 20:46:59: Epoch[034/100], iter[157/392], loss_total:0.89558, loss_equ:2.89890 loss_pq_vm:0.01777 loss_pq_va:0.20111 loss_pv_va:0.22692
INFO|2024-09-25 20:48:02: Epoch[034/100], iter[196/392], loss_total:0.99296, loss_equ:3.30694 loss_pq_vm:0.02037 loss_pq_va:0.21500 loss_pv_va:0.24353
INFO|2024-09-25 20:49:04: Epoch[034/100], iter[235/392], loss_total:1.09388, loss_equ:4.11529 loss_pq_vm:0.01894 loss_pq_va:0.23162 loss_pv_va:0.26130
INFO|2024-09-25 20:50:07: Epoch[034/100], iter[274/392], loss_total:1.31244, loss_equ:4.17354 loss_pq_vm:0.02915 loss_pq_va:0.28573 loss_pv_va:0.31788
INFO|2024-09-25 20:51:11: Epoch[034/100], iter[313/392], loss_total:1.28641, loss_equ:3.61770 loss_pq_vm:0.02024 loss_pq_va:0.33064 loss_pv_va:0.39159
INFO|2024-09-25 20:52:14: Epoch[034/100], iter[352/392], loss_total:0.96741, loss_equ:3.15286 loss_pq_vm:0.01783 loss_pq_va:0.22204 loss_pv_va:0.25179
INFO|2024-09-25 20:53:18: Epoch[034/100], iter[392/392], loss_total:0.96320, loss_equ:2.96982 loss_pq_vm:0.01808 loss_pq_va:0.22860 loss_pv_va:0.25684
INFO|2024-09-25 20:55:27: Epoch 33/100, lr:  0.00074347, eta: 13.99h, train_loss:  1.05559, valid_loss:  1.34866
INFO|2024-09-25 20:55:27: 	Train: PQ_Vm_rmse: 0.00174583  PQ_Va_rmse: 0.01374154  PV_Va_rmse: 0.01485169  delta_p: 0.08762980  delta_q: 0.03520206  
INFO|2024-09-25 20:55:27: 	ZTest: PQ_Vm_rmse: 0.00524020  PQ_Va_rmse: 0.03536719  PV_Va_rmse: 0.03861412  delta_p: 0.13779199  delta_q: 0.05184769  
INFO|2024-09-25 20:55:27: 	ZTest-ema: PQ_Vm_rmse: 0.004969  PQ_Va_rmse: 0.032911  PV_Va_rmse: 0.036261  delta_p: 0.126443  delta_q: 0.048570  
INFO|2024-09-25 20:55:27: 	           ValOfEMA:0.036261/0.036223,  Epoch:34/23
INFO|2024-09-25 20:55:28: 	Time(ep):762s,  Val(curr/best):0.038614/0.038545,  Epoch(curr/best):34/23
INFO|2024-09-25 20:55:28: -------------------- Epoch: 35 --------------------
INFO|2024-09-25 20:56:34: Epoch[035/100], iter[040/392], loss_total:1.50125, loss_equ:3.70687 loss_pq_vm:0.02389 loss_pq_va:0.41852 loss_pv_va:0.47312
INFO|2024-09-25 20:57:37: Epoch[035/100], iter[079/392], loss_total:1.04258, loss_equ:3.68088 loss_pq_vm:0.02047 loss_pq_va:0.22088 loss_pv_va:0.24896
INFO|2024-09-25 20:58:40: Epoch[035/100], iter[118/392], loss_total:1.08382, loss_equ:3.83416 loss_pq_vm:0.01935 loss_pq_va:0.24123 loss_pv_va:0.26564
INFO|2024-09-25 20:59:43: Epoch[035/100], iter[157/392], loss_total:1.11961, loss_equ:4.10018 loss_pq_vm:0.02138 loss_pq_va:0.23480 loss_pv_va:0.26096
INFO|2024-09-25 21:00:46: Epoch[035/100], iter[196/392], loss_total:1.07238, loss_equ:3.53160 loss_pq_vm:0.02389 loss_pq_va:0.22367 loss_pv_va:0.25665
INFO|2024-09-25 21:01:49: Epoch[035/100], iter[235/392], loss_total:1.02010, loss_equ:3.38855 loss_pq_vm:0.01889 loss_pq_va:0.22840 loss_pv_va:0.26394
INFO|2024-09-25 21:02:51: Epoch[035/100], iter[274/392], loss_total:1.11363, loss_equ:3.13117 loss_pq_vm:0.01935 loss_pq_va:0.28498 loss_pv_va:0.32203
INFO|2024-09-25 21:03:54: Epoch[035/100], iter[313/392], loss_total:1.13095, loss_equ:3.38118 loss_pq_vm:0.01943 loss_pq_va:0.28217 loss_pv_va:0.31639
INFO|2024-09-25 21:04:57: Epoch[035/100], iter[352/392], loss_total:0.93196, loss_equ:2.94327 loss_pq_vm:0.01611 loss_pq_va:0.22393 loss_pv_va:0.25255
INFO|2024-09-25 21:06:02: Epoch[035/100], iter[392/392], loss_total:1.31221, loss_equ:3.27557 loss_pq_vm:0.02528 loss_pq_va:0.34470 loss_pv_va:0.38714
INFO|2024-09-25 21:08:10: Epoch 34/100, lr:  0.00072973, eta: 13.76h, train_loss:  1.12722, valid_loss:  1.53394
INFO|2024-09-25 21:08:10: 	Train: PQ_Vm_rmse: 0.00190572  PQ_Va_rmse: 0.01654679  PV_Va_rmse: 0.01815050  delta_p: 0.09552190  delta_q: 0.03591078  
INFO|2024-09-25 21:08:10: 	ZTest: PQ_Vm_rmse: 0.00561782  PQ_Va_rmse: 0.04584195  PV_Va_rmse: 0.05012972  delta_p: 0.15682381  delta_q: 0.05534875  
INFO|2024-09-25 21:08:10: 	ZTest-ema: PQ_Vm_rmse: 0.005166  PQ_Va_rmse: 0.034479  PV_Va_rmse: 0.038107  delta_p: 0.136986  delta_q: 0.050960  
INFO|2024-09-25 21:08:10: 	           ValOfEMA:0.038107/0.036223,  Epoch:35/23
INFO|2024-09-25 21:08:15: 	Time(ep):762s,  Val(curr/best):0.050130/0.038545,  Epoch(curr/best):35/23
INFO|2024-09-25 21:08:15: -------------------- Epoch: 36 --------------------
INFO|2024-09-25 21:09:21: Epoch[036/100], iter[040/392], loss_total:1.16223, loss_equ:4.52373 loss_pq_vm:0.02133 loss_pq_va:0.23889 loss_pv_va:0.25763
INFO|2024-09-25 21:10:24: Epoch[036/100], iter[079/392], loss_total:1.50344, loss_equ:3.73191 loss_pq_vm:0.02835 loss_pq_va:0.39584 loss_pv_va:0.45087
INFO|2024-09-25 21:11:26: Epoch[036/100], iter[118/392], loss_total:0.94956, loss_equ:3.21892 loss_pq_vm:0.02026 loss_pq_va:0.19917 loss_pv_va:0.22588
INFO|2024-09-25 21:12:30: Epoch[036/100], iter[157/392], loss_total:1.09665, loss_equ:2.97822 loss_pq_vm:0.01830 loss_pq_va:0.29008 loss_pv_va:0.32572
INFO|2024-09-25 21:13:32: Epoch[036/100], iter[196/392], loss_total:1.01202, loss_equ:3.09168 loss_pq_vm:0.02079 loss_pq_va:0.23240 loss_pv_va:0.26250
INFO|2024-09-25 21:14:35: Epoch[036/100], iter[235/392], loss_total:0.94796, loss_equ:3.00030 loss_pq_vm:0.01807 loss_pq_va:0.21922 loss_pv_va:0.24806
INFO|2024-09-25 21:15:38: Epoch[036/100], iter[274/392], loss_total:1.13493, loss_equ:3.82479 loss_pq_vm:0.02285 loss_pq_va:0.24655 loss_pv_va:0.27744
INFO|2024-09-25 21:16:41: Epoch[036/100], iter[313/392], loss_total:1.06908, loss_equ:3.53614 loss_pq_vm:0.02437 loss_pq_va:0.22185 loss_pv_va:0.24994
INFO|2024-09-25 21:17:44: Epoch[036/100], iter[352/392], loss_total:1.04299, loss_equ:3.78427 loss_pq_vm:0.01916 loss_pq_va:0.22149 loss_pv_va:0.25146
INFO|2024-09-25 21:18:48: Epoch[036/100], iter[392/392], loss_total:0.97538, loss_equ:3.41539 loss_pq_vm:0.01733 loss_pq_va:0.21438 loss_pv_va:0.24614
INFO|2024-09-25 21:20:57: Epoch 35/100, lr:  0.00071576, eta: 13.55h, train_loss:  1.06285, valid_loss:  1.37554
INFO|2024-09-25 21:20:57: 	Train: PQ_Vm_rmse: 0.00175482  PQ_Va_rmse: 0.01415919  PV_Va_rmse: 0.01564214  delta_p: 0.09289302  delta_q: 0.03505710  
INFO|2024-09-25 21:20:57: 	ZTest: PQ_Vm_rmse: 0.00573301  PQ_Va_rmse: 0.03738971  PV_Va_rmse: 0.04124413  delta_p: 0.14042543  delta_q: 0.05371436  
INFO|2024-09-25 21:20:57: 	ZTest-ema: PQ_Vm_rmse: 0.005562  PQ_Va_rmse: 0.036714  PV_Va_rmse: 0.040404  delta_p: 0.122287  delta_q: 0.047503  
INFO|2024-09-25 21:20:57: 	           ValOfEMA:0.040404/0.036223,  Epoch:36/23
INFO|2024-09-25 21:20:58: 	Time(ep):762s,  Val(curr/best):0.041244/0.038545,  Epoch(curr/best):36/23
INFO|2024-09-25 21:20:58: -------------------- Epoch: 37 --------------------
INFO|2024-09-25 21:22:04: Epoch[037/100], iter[040/392], loss_total:0.94776, loss_equ:2.92996 loss_pq_vm:0.01818 loss_pq_va:0.22394 loss_pv_va:0.24903
INFO|2024-09-25 21:23:07: Epoch[037/100], iter[079/392], loss_total:1.78956, loss_equ:4.43055 loss_pq_vm:0.03040 loss_pq_va:0.49948 loss_pv_va:0.54301
INFO|2024-09-25 21:24:10: Epoch[037/100], iter[118/392], loss_total:1.00386, loss_equ:3.44210 loss_pq_vm:0.01809 loss_pq_va:0.22751 loss_pv_va:0.25123
INFO|2024-09-25 21:25:13: Epoch[037/100], iter[157/392], loss_total:0.94676, loss_equ:2.94499 loss_pq_vm:0.01626 loss_pq_va:0.23042 loss_pv_va:0.25920
INFO|2024-09-25 21:26:15: Epoch[037/100], iter[196/392], loss_total:1.12734, loss_equ:3.76477 loss_pq_vm:0.02124 loss_pq_va:0.25369 loss_pv_va:0.28481
INFO|2024-09-25 21:27:18: Epoch[037/100], iter[235/392], loss_total:0.93184, loss_equ:3.25274 loss_pq_vm:0.01610 loss_pq_va:0.20851 loss_pv_va:0.23706
INFO|2024-09-25 21:28:21: Epoch[037/100], iter[274/392], loss_total:0.87073, loss_equ:2.89168 loss_pq_vm:0.01637 loss_pq_va:0.19657 loss_pv_va:0.22131
INFO|2024-09-25 21:29:24: Epoch[037/100], iter[313/392], loss_total:1.02527, loss_equ:3.04328 loss_pq_vm:0.01950 loss_pq_va:0.24800 loss_pv_va:0.27789
INFO|2024-09-25 21:30:27: Epoch[037/100], iter[352/392], loss_total:1.11003, loss_equ:2.95430 loss_pq_vm:0.01877 loss_pq_va:0.29587 loss_pv_va:0.33107
INFO|2024-09-25 21:31:32: Epoch[037/100], iter[392/392], loss_total:0.91640, loss_equ:2.84498 loss_pq_vm:0.01669 loss_pq_va:0.21841 loss_pv_va:0.24654
INFO|2024-09-25 21:33:41: Epoch 36/100, lr:  0.00070159, eta: 13.35h, train_loss:  1.04285, valid_loss:  1.34760
INFO|2024-09-25 21:33:41: 	Train: PQ_Vm_rmse: 0.00170797  PQ_Va_rmse: 0.01430017  PV_Va_rmse: 0.01562028  delta_p: 0.07633711  delta_q: 0.03187887  
INFO|2024-09-25 21:33:41: 	ZTest: PQ_Vm_rmse: 0.00566760  PQ_Va_rmse: 0.03833755  PV_Va_rmse: 0.04197643  delta_p: 0.14310836  delta_q: 0.05429352  
INFO|2024-09-25 21:33:41: 	ZTest-ema: PQ_Vm_rmse: 0.005288  PQ_Va_rmse: 0.034864  PV_Va_rmse: 0.038366  delta_p: 0.127654  delta_q: 0.049728  
INFO|2024-09-25 21:33:41: 	           ValOfEMA:0.038366/0.036223,  Epoch:37/23
INFO|2024-09-25 21:33:41: 	Time(ep):762s,  Val(curr/best):0.041976/0.038545,  Epoch(curr/best):37/23
INFO|2024-09-25 21:33:41: -------------------- Epoch: 38 --------------------
INFO|2024-09-25 21:34:47: Epoch[038/100], iter[040/392], loss_total:0.92750, loss_equ:2.73408 loss_pq_vm:0.01884 loss_pq_va:0.21912 loss_pv_va:0.24661
INFO|2024-09-25 21:35:50: Epoch[038/100], iter[079/392], loss_total:0.97651, loss_equ:2.90740 loss_pq_vm:0.01798 loss_pq_va:0.23823 loss_pv_va:0.26775
INFO|2024-09-25 21:36:52: Epoch[038/100], iter[118/392], loss_total:0.97660, loss_equ:2.81094 loss_pq_vm:0.01902 loss_pq_va:0.23983 loss_pv_va:0.26544
INFO|2024-09-25 21:37:55: Epoch[038/100], iter[157/392], loss_total:0.94887, loss_equ:3.14165 loss_pq_vm:0.01909 loss_pq_va:0.20975 loss_pv_va:0.23410
INFO|2024-09-25 21:38:58: Epoch[038/100], iter[196/392], loss_total:1.61721, loss_equ:6.15728 loss_pq_vm:0.03679 loss_pq_va:0.29703 loss_pv_va:0.33655
INFO|2024-09-25 21:40:01: Epoch[038/100], iter[235/392], loss_total:1.07690, loss_equ:3.86934 loss_pq_vm:0.02064 loss_pq_va:0.22730 loss_pv_va:0.25631
INFO|2024-09-25 21:41:04: Epoch[038/100], iter[274/392], loss_total:1.21374, loss_equ:4.26807 loss_pq_vm:0.02522 loss_pq_va:0.24958 loss_pv_va:0.28518
INFO|2024-09-25 21:42:07: Epoch[038/100], iter[313/392], loss_total:1.40735, loss_equ:4.54963 loss_pq_vm:0.02498 loss_pq_va:0.33290 loss_pv_va:0.36970
INFO|2024-09-25 21:43:10: Epoch[038/100], iter[352/392], loss_total:1.01970, loss_equ:3.82721 loss_pq_vm:0.01719 loss_pq_va:0.22297 loss_pv_va:0.24213
INFO|2024-09-25 21:44:14: Epoch[038/100], iter[392/392], loss_total:1.19140, loss_equ:3.31973 loss_pq_vm:0.03003 loss_pq_va:0.26318 loss_pv_va:0.29598
INFO|2024-09-25 21:46:23: Epoch 37/100, lr:  0.00068722, eta: 13.12h, train_loss:  1.07952, valid_loss:  1.42428
INFO|2024-09-25 21:46:23: 	Train: PQ_Vm_rmse: 0.00182540  PQ_Va_rmse: 0.01435519  PV_Va_rmse: 0.01563769  delta_p: 0.09204913  delta_q: 0.03760479  
INFO|2024-09-25 21:46:23: 	ZTest: PQ_Vm_rmse: 0.00621983  PQ_Va_rmse: 0.03702187  PV_Va_rmse: 0.04043887  delta_p: 0.14759859  delta_q: 0.05930388  
INFO|2024-09-25 21:46:23: 	ZTest-ema: PQ_Vm_rmse: 0.005335  PQ_Va_rmse: 0.034502  PV_Va_rmse: 0.037551  delta_p: 0.118223  delta_q: 0.045799  
INFO|2024-09-25 21:46:23: 	           ValOfEMA:0.037551/0.036223,  Epoch:38/23
INFO|2024-09-25 21:46:24: 	Time(ep):762s,  Val(curr/best):0.040439/0.038545,  Epoch(curr/best):38/23
INFO|2024-09-25 21:46:24: -------------------- Epoch: 39 --------------------
INFO|2024-09-25 21:47:30: Epoch[039/100], iter[040/392], loss_total:0.89147, loss_equ:2.91022 loss_pq_vm:0.01754 loss_pq_va:0.19993 loss_pv_va:0.22514
INFO|2024-09-25 21:48:33: Epoch[039/100], iter[079/392], loss_total:0.91771, loss_equ:2.82543 loss_pq_vm:0.01752 loss_pq_va:0.21557 loss_pv_va:0.24441
INFO|2024-09-25 21:49:36: Epoch[039/100], iter[118/392], loss_total:0.89660, loss_equ:2.81515 loss_pq_vm:0.01596 loss_pq_va:0.21601 loss_pv_va:0.23944
INFO|2024-09-25 21:50:39: Epoch[039/100], iter[157/392], loss_total:0.89115, loss_equ:2.81230 loss_pq_vm:0.01574 loss_pq_va:0.21440 loss_pv_va:0.23807
INFO|2024-09-25 21:51:42: Epoch[039/100], iter[196/392], loss_total:1.05960, loss_equ:2.89557 loss_pq_vm:0.02251 loss_pq_va:0.25592 loss_pv_va:0.28898
INFO|2024-09-25 21:52:45: Epoch[039/100], iter[235/392], loss_total:0.90225, loss_equ:2.86276 loss_pq_vm:0.01908 loss_pq_va:0.19971 loss_pv_va:0.22549
INFO|2024-09-25 21:53:48: Epoch[039/100], iter[274/392], loss_total:0.94621, loss_equ:2.96093 loss_pq_vm:0.02009 loss_pq_va:0.21021 loss_pv_va:0.23902
INFO|2024-09-25 21:54:51: Epoch[039/100], iter[313/392], loss_total:1.65620, loss_equ:3.66195 loss_pq_vm:0.02743 loss_pq_va:0.47865 loss_pv_va:0.53707
INFO|2024-09-25 21:55:54: Epoch[039/100], iter[352/392], loss_total:1.05813, loss_equ:3.05079 loss_pq_vm:0.02219 loss_pq_va:0.25356 loss_pv_va:0.27761
INFO|2024-09-25 21:56:59: Epoch[039/100], iter[392/392], loss_total:1.06673, loss_equ:2.87920 loss_pq_vm:0.01964 loss_pq_va:0.27464 loss_pv_va:0.30780
INFO|2024-09-25 21:59:08: Epoch 38/100, lr:  0.00067268, eta: 12.94h, train_loss:  0.96936, valid_loss:  1.37941
INFO|2024-09-25 21:59:08: 	Train: PQ_Vm_rmse: 0.00161388  PQ_Va_rmse: 0.01222427  PV_Va_rmse: 0.01318257  delta_p: 0.06359542  delta_q: 0.02936133  
INFO|2024-09-25 21:59:08: 	ZTest: PQ_Vm_rmse: 0.00540873  PQ_Va_rmse: 0.03871760  PV_Va_rmse: 0.04216528  delta_p: 0.12915805  delta_q: 0.05006805  
INFO|2024-09-25 21:59:08: 	ZTest-ema: PQ_Vm_rmse: 0.005295  PQ_Va_rmse: 0.034535  PV_Va_rmse: 0.037549  delta_p: 0.118859  delta_q: 0.046545  
INFO|2024-09-25 21:59:08: 	           ValOfEMA:0.037549/0.036223,  Epoch:39/23
INFO|2024-09-25 21:59:08: 	Time(ep):763s,  Val(curr/best):0.042165/0.038545,  Epoch(curr/best):39/23
INFO|2024-09-25 21:59:08: -------------------- Epoch: 40 --------------------
INFO|2024-09-25 22:00:14: Epoch[040/100], iter[040/392], loss_total:0.96519, loss_equ:2.81283 loss_pq_vm:0.01851 loss_pq_va:0.23492 loss_pv_va:0.26390
INFO|2024-09-25 22:01:17: Epoch[040/100], iter[079/392], loss_total:0.89501, loss_equ:2.70581 loss_pq_vm:0.01845 loss_pq_va:0.20721 loss_pv_va:0.23274
INFO|2024-09-25 22:02:21: Epoch[040/100], iter[118/392], loss_total:1.01488, loss_equ:2.88480 loss_pq_vm:0.01842 loss_pq_va:0.25550 loss_pv_va:0.28671
INFO|2024-09-25 22:03:24: Epoch[040/100], iter[157/392], loss_total:0.89003, loss_equ:2.77162 loss_pq_vm:0.01579 loss_pq_va:0.21394 loss_pv_va:0.24106
INFO|2024-09-25 22:04:27: Epoch[040/100], iter[196/392], loss_total:0.87672, loss_equ:2.69239 loss_pq_vm:0.01616 loss_pq_va:0.20830 loss_pv_va:0.23762
INFO|2024-09-25 22:05:30: Epoch[040/100], iter[235/392], loss_total:0.90164, loss_equ:2.69308 loss_pq_vm:0.01858 loss_pq_va:0.21036 loss_pv_va:0.23621
INFO|2024-09-25 22:06:33: Epoch[040/100], iter[274/392], loss_total:0.85562, loss_equ:2.62261 loss_pq_vm:0.01497 loss_pq_va:0.20779 loss_pv_va:0.23589
INFO|2024-09-25 22:07:36: Epoch[040/100], iter[313/392], loss_total:0.89367, loss_equ:2.72026 loss_pq_vm:0.01715 loss_pq_va:0.21148 loss_pv_va:0.23871
INFO|2024-09-25 22:08:39: Epoch[040/100], iter[352/392], loss_total:1.14463, loss_equ:4.61834 loss_pq_vm:0.02013 loss_pq_va:0.22730 loss_pv_va:0.25423
INFO|2024-09-25 22:09:43: Epoch[040/100], iter[392/392], loss_total:0.94675, loss_equ:3.20430 loss_pq_vm:0.01743 loss_pq_va:0.21233 loss_pv_va:0.23970
INFO|2024-09-25 22:11:52: Epoch 39/100, lr:  0.00065796, eta: 12.73h, train_loss:  0.96580, valid_loss:  1.35951
INFO|2024-09-25 22:11:52: 	Train: PQ_Vm_rmse: 0.00155286  PQ_Va_rmse: 0.01320951  PV_Va_rmse: 0.01441246  delta_p: 0.06710999  delta_q: 0.02956237  
INFO|2024-09-25 22:11:52: 	ZTest: PQ_Vm_rmse: 0.00554826  PQ_Va_rmse: 0.03645047  PV_Va_rmse: 0.03949742  delta_p: 0.13261655  delta_q: 0.05250480  
INFO|2024-09-25 22:11:52: 	ZTest-ema: PQ_Vm_rmse: 0.005306  PQ_Va_rmse: 0.034400  PV_Va_rmse: 0.037247  delta_p: 0.109892  delta_q: 0.043870  
INFO|2024-09-25 22:11:52: 	           ValOfEMA:0.037247/0.036223,  Epoch:40/23
INFO|2024-09-25 22:11:53: 	Time(ep):763s,  Val(curr/best):0.039497/0.038545,  Epoch(curr/best):40/23
INFO|2024-09-25 22:11:53: -------------------- Epoch: 41 --------------------
INFO|2024-09-25 22:12:58: Epoch[041/100], iter[040/392], loss_total:1.26507, loss_equ:3.99686 loss_pq_vm:0.03403 loss_pq_va:0.24787 loss_pv_va:0.27724
INFO|2024-09-25 22:14:01: Epoch[041/100], iter[079/392], loss_total:1.12575, loss_equ:3.62579 loss_pq_vm:0.02501 loss_pq_va:0.24273 loss_pv_va:0.27038
INFO|2024-09-25 22:15:04: Epoch[041/100], iter[118/392], loss_total:1.24901, loss_equ:4.44843 loss_pq_vm:0.02644 loss_pq_va:0.25940 loss_pv_va:0.28036
INFO|2024-09-25 22:16:07: Epoch[041/100], iter[157/392], loss_total:1.10845, loss_equ:3.20493 loss_pq_vm:0.02034 loss_pq_va:0.27750 loss_pv_va:0.30704
INFO|2024-09-25 22:17:10: Epoch[041/100], iter[196/392], loss_total:0.97177, loss_equ:3.37203 loss_pq_vm:0.01797 loss_pq_va:0.21785 loss_pv_va:0.23703
INFO|2024-09-25 22:18:13: Epoch[041/100], iter[235/392], loss_total:1.00173, loss_equ:3.02967 loss_pq_vm:0.01843 loss_pq_va:0.24419 loss_pv_va:0.27031
INFO|2024-09-25 22:19:16: Epoch[041/100], iter[274/392], loss_total:0.99246, loss_equ:3.28297 loss_pq_vm:0.02108 loss_pq_va:0.21472 loss_pv_va:0.23865
INFO|2024-09-25 22:20:19: Epoch[041/100], iter[313/392], loss_total:1.02973, loss_equ:3.27023 loss_pq_vm:0.01849 loss_pq_va:0.24291 loss_pv_va:0.27491
INFO|2024-09-25 22:21:22: Epoch[041/100], iter[352/392], loss_total:0.97556, loss_equ:3.11725 loss_pq_vm:0.01890 loss_pq_va:0.22265 loss_pv_va:0.25218
INFO|2024-09-25 22:22:27: Epoch[041/100], iter[392/392], loss_total:0.93501, loss_equ:2.94309 loss_pq_vm:0.01628 loss_pq_va:0.22505 loss_pv_va:0.25282
INFO|2024-09-25 22:24:36: Epoch 40/100, lr:  0.00064310, eta: 12.51h, train_loss:  1.06059, valid_loss:  1.33515
INFO|2024-09-25 22:24:36: 	Train: PQ_Vm_rmse: 0.00177824  PQ_Va_rmse: 0.01327004  PV_Va_rmse: 0.01436710  delta_p: 0.08508029  delta_q: 0.03521661  
INFO|2024-09-25 22:24:36: 	ZTest: PQ_Vm_rmse: 0.00541577  PQ_Va_rmse: 0.03782843  PV_Va_rmse: 0.04233055  delta_p: 0.12911063  delta_q: 0.04797041  
INFO|2024-09-25 22:24:36: 	ZTest-ema: PQ_Vm_rmse: 0.005185  PQ_Va_rmse: 0.033337  PV_Va_rmse: 0.036539  delta_p: 0.116756  delta_q: 0.044914  
INFO|2024-09-25 22:24:36: 	           ValOfEMA:0.036539/0.036223,  Epoch:41/23
INFO|2024-09-25 22:24:37: 	Time(ep):763s,  Val(curr/best):0.042331/0.038545,  Epoch(curr/best):41/23
INFO|2024-09-25 22:24:37: -------------------- Epoch: 42 --------------------
INFO|2024-09-25 22:25:43: Epoch[042/100], iter[040/392], loss_total:0.86287, loss_equ:2.72666 loss_pq_vm:0.01492 loss_pq_va:0.20776 loss_pv_va:0.23323
INFO|2024-09-25 22:26:46: Epoch[042/100], iter[079/392], loss_total:0.89836, loss_equ:2.69618 loss_pq_vm:0.01525 loss_pq_va:0.22287 loss_pv_va:0.25333
INFO|2024-09-25 22:27:49: Epoch[042/100], iter[118/392], loss_total:0.90397, loss_equ:2.68031 loss_pq_vm:0.01863 loss_pq_va:0.21297 loss_pv_va:0.23671
INFO|2024-09-25 22:28:53: Epoch[042/100], iter[157/392], loss_total:0.88604, loss_equ:2.61083 loss_pq_vm:0.01600 loss_pq_va:0.21849 loss_pv_va:0.24651
INFO|2024-09-25 22:29:56: Epoch[042/100], iter[196/392], loss_total:0.83508, loss_equ:2.69818 loss_pq_vm:0.01672 loss_pq_va:0.18775 loss_pv_va:0.21030
INFO|2024-09-25 22:30:59: Epoch[042/100], iter[235/392], loss_total:1.02422, loss_equ:2.84296 loss_pq_vm:0.01908 loss_pq_va:0.25820 loss_pv_va:0.29089
INFO|2024-09-25 22:32:03: Epoch[042/100], iter[274/392], loss_total:0.94500, loss_equ:2.74559 loss_pq_vm:0.01829 loss_pq_va:0.22876 loss_pv_va:0.25874
INFO|2024-09-25 22:33:06: Epoch[042/100], iter[313/392], loss_total:0.88107, loss_equ:2.76818 loss_pq_vm:0.01671 loss_pq_va:0.20591 loss_pv_va:0.23123
INFO|2024-09-25 22:34:09: Epoch[042/100], iter[352/392], loss_total:1.08543, loss_equ:3.94060 loss_pq_vm:0.01923 loss_pq_va:0.23333 loss_pv_va:0.26574
INFO|2024-09-25 22:35:13: Epoch[042/100], iter[392/392], loss_total:0.93142, loss_equ:2.87124 loss_pq_vm:0.01568 loss_pq_va:0.22848 loss_pv_va:0.25902
INFO|2024-09-25 22:37:23: Epoch 41/100, lr:  0.00062810, eta: 12.34h, train_loss:  0.95859, valid_loss:  1.30871
INFO|2024-09-25 22:37:23: 	Train: PQ_Vm_rmse: 0.00151656  PQ_Va_rmse: 0.01294874  PV_Va_rmse: 0.01410131  delta_p: 0.06492908  delta_q: 0.02855673  
INFO|2024-09-25 22:37:23: 	ZTest: PQ_Vm_rmse: 0.00520051  PQ_Va_rmse: 0.03498284  PV_Va_rmse: 0.03727739  delta_p: 0.11644669  delta_q: 0.04661833  
INFO|2024-09-25 22:37:23: 	ZTest-ema: PQ_Vm_rmse: 0.005170  PQ_Va_rmse: 0.033349  PV_Va_rmse: 0.036011  delta_p: 0.104381  delta_q: 0.042227  
INFO|2024-09-25 22:37:23: 	           ValOfEMA:0.036011/0.036011,  Epoch:42/42
INFO|2024-09-25 22:37:24: 	Time(ep):765s,  Val(curr/best):0.037277/0.037277,  Epoch(curr/best):42/42
INFO|2024-09-25 22:37:24: -------------------- Epoch: 43 --------------------
INFO|2024-09-25 22:38:30: Epoch[043/100], iter[040/392], loss_total:0.84563, loss_equ:2.62968 loss_pq_vm:0.01478 loss_pq_va:0.20410 loss_pv_va:0.23074
INFO|2024-09-25 22:39:34: Epoch[043/100], iter[079/392], loss_total:1.02683, loss_equ:2.74887 loss_pq_vm:0.02200 loss_pq_va:0.25233 loss_pv_va:0.27964
INFO|2024-09-25 22:40:37: Epoch[043/100], iter[118/392], loss_total:1.12367, loss_equ:3.74136 loss_pq_vm:0.02721 loss_pq_va:0.22266 loss_pv_va:0.25481
INFO|2024-09-25 22:41:40: Epoch[043/100], iter[157/392], loss_total:0.98698, loss_equ:3.24524 loss_pq_vm:0.01997 loss_pq_va:0.21826 loss_pv_va:0.24450
INFO|2024-09-25 22:42:43: Epoch[043/100], iter[196/392], loss_total:0.85885, loss_equ:2.66884 loss_pq_vm:0.01558 loss_pq_va:0.20278 loss_pv_va:0.23337
INFO|2024-09-25 22:43:46: Epoch[043/100], iter[235/392], loss_total:0.93105, loss_equ:3.08036 loss_pq_vm:0.02143 loss_pq_va:0.19220 loss_pv_va:0.21651
INFO|2024-09-25 22:44:48: Epoch[043/100], iter[274/392], loss_total:1.19034, loss_equ:3.12696 loss_pq_vm:0.01738 loss_pq_va:0.33410 loss_pv_va:0.36970
INFO|2024-09-25 22:45:51: Epoch[043/100], iter[313/392], loss_total:1.09808, loss_equ:3.11364 loss_pq_vm:0.01853 loss_pq_va:0.27966 loss_pv_va:0.32175
INFO|2024-09-25 22:46:53: Epoch[043/100], iter[352/392], loss_total:0.91579, loss_equ:2.69498 loss_pq_vm:0.01606 loss_pq_va:0.22827 loss_pv_va:0.25741
INFO|2024-09-25 22:47:58: Epoch[043/100], iter[392/392], loss_total:0.92196, loss_equ:2.62503 loss_pq_vm:0.01670 loss_pq_va:0.23318 loss_pv_va:0.25928
INFO|2024-09-25 22:50:07: Epoch 42/100, lr:  0.00061298, eta: 12.08h, train_loss:  0.97569, valid_loss:  1.28599
INFO|2024-09-25 22:50:07: 	Train: PQ_Vm_rmse: 0.00158378  PQ_Va_rmse: 0.01210130  PV_Va_rmse: 0.01307851  delta_p: 0.06731143  delta_q: 0.03030113  
INFO|2024-09-25 22:50:07: 	ZTest: PQ_Vm_rmse: 0.00542871  PQ_Va_rmse: 0.03759360  PV_Va_rmse: 0.04088614  delta_p: 0.12362934  delta_q: 0.04844166  
INFO|2024-09-25 22:50:07: 	ZTest-ema: PQ_Vm_rmse: 0.005307  PQ_Va_rmse: 0.034610  PV_Va_rmse: 0.037985  delta_p: 0.114028  delta_q: 0.044681  
INFO|2024-09-25 22:50:07: 	           ValOfEMA:0.037985/0.036011,  Epoch:43/42
INFO|2024-09-25 22:50:08: 	Time(ep):762s,  Val(curr/best):0.040886/0.037277,  Epoch(curr/best):43/42
INFO|2024-09-25 22:50:08: -------------------- Epoch: 44 --------------------
INFO|2024-09-25 22:51:13: Epoch[044/100], iter[040/392], loss_total:0.91672, loss_equ:2.61109 loss_pq_vm:0.01473 loss_pq_va:0.23955 loss_pv_va:0.26872
INFO|2024-09-25 22:52:16: Epoch[044/100], iter[079/392], loss_total:0.83069, loss_equ:2.60910 loss_pq_vm:0.01598 loss_pq_va:0.19233 loss_pv_va:0.21763
INFO|2024-09-25 22:53:19: Epoch[044/100], iter[118/392], loss_total:0.92322, loss_equ:2.59588 loss_pq_vm:0.01634 loss_pq_va:0.23576 loss_pv_va:0.26448
INFO|2024-09-25 22:54:21: Epoch[044/100], iter[157/392], loss_total:1.08873, loss_equ:2.71776 loss_pq_vm:0.01616 loss_pq_va:0.30696 loss_pv_va:0.34834
INFO|2024-09-25 22:55:24: Epoch[044/100], iter[196/392], loss_total:0.95001, loss_equ:3.00929 loss_pq_vm:0.01655 loss_pq_va:0.22326 loss_pv_va:0.26028
INFO|2024-09-25 22:56:26: Epoch[044/100], iter[235/392], loss_total:0.86213, loss_equ:2.60987 loss_pq_vm:0.01821 loss_pq_va:0.19654 loss_pv_va:0.22246
INFO|2024-09-25 22:57:29: Epoch[044/100], iter[274/392], loss_total:0.85584, loss_equ:2.59544 loss_pq_vm:0.01512 loss_pq_va:0.20829 loss_pv_va:0.23685
INFO|2024-09-25 22:58:32: Epoch[044/100], iter[313/392], loss_total:0.86340, loss_equ:2.57925 loss_pq_vm:0.01774 loss_pq_va:0.20146 loss_pv_va:0.22659
INFO|2024-09-25 22:59:36: Epoch[044/100], iter[352/392], loss_total:1.21106, loss_equ:4.18993 loss_pq_vm:0.01848 loss_pq_va:0.28051 loss_pv_va:0.32679
INFO|2024-09-25 23:00:40: Epoch[044/100], iter[392/392], loss_total:0.88302, loss_equ:2.81552 loss_pq_vm:0.01685 loss_pq_va:0.20284 loss_pv_va:0.23016
INFO|2024-09-25 23:02:49: Epoch 43/100, lr:  0.00059775, eta: 11.85h, train_loss:  0.90906, valid_loss:  1.31918
INFO|2024-09-25 23:02:49: 	Train: PQ_Vm_rmse: 0.00140511  PQ_Va_rmse: 0.01182130  PV_Va_rmse: 0.01289987  delta_p: 0.05835974  delta_q: 0.02625804  
INFO|2024-09-25 23:02:49: 	ZTest: PQ_Vm_rmse: 0.00509848  PQ_Va_rmse: 0.03554045  PV_Va_rmse: 0.03900555  delta_p: 0.13063756  delta_q: 0.04668987  
INFO|2024-09-25 23:02:49: 	ZTest-ema: PQ_Vm_rmse: 0.005173  PQ_Va_rmse: 0.034211  PV_Va_rmse: 0.037897  delta_p: 0.103379  delta_q: 0.041944  
INFO|2024-09-25 23:02:49: 	           ValOfEMA:0.037897/0.036011,  Epoch:44/42
INFO|2024-09-25 23:02:50: 	Time(ep):761s,  Val(curr/best):0.039006/0.037277,  Epoch(curr/best):44/42
INFO|2024-09-25 23:02:50: -------------------- Epoch: 45 --------------------
INFO|2024-09-25 23:03:56: Epoch[045/100], iter[040/392], loss_total:0.84547, loss_equ:2.92086 loss_pq_vm:0.01506 loss_pq_va:0.19004 loss_pv_va:0.21277
INFO|2024-09-25 23:04:59: Epoch[045/100], iter[079/392], loss_total:1.14974, loss_equ:3.52934 loss_pq_vm:0.01938 loss_pq_va:0.27756 loss_pv_va:0.32541
INFO|2024-09-25 23:06:02: Epoch[045/100], iter[118/392], loss_total:1.10946, loss_equ:3.64101 loss_pq_vm:0.01990 loss_pq_va:0.26230 loss_pv_va:0.28408
INFO|2024-09-25 23:07:04: Epoch[045/100], iter[157/392], loss_total:0.93506, loss_equ:3.01431 loss_pq_vm:0.01772 loss_pq_va:0.21673 loss_pv_va:0.23971
INFO|2024-09-25 23:08:07: Epoch[045/100], iter[196/392], loss_total:0.98976, loss_equ:2.87839 loss_pq_vm:0.01674 loss_pq_va:0.25150 loss_pv_va:0.28305
INFO|2024-09-25 23:09:09: Epoch[045/100], iter[235/392], loss_total:0.86010, loss_equ:2.65445 loss_pq_vm:0.01607 loss_pq_va:0.20516 loss_pv_va:0.22881
INFO|2024-09-25 23:10:12: Epoch[045/100], iter[274/392], loss_total:0.92361, loss_equ:2.86475 loss_pq_vm:0.01702 loss_pq_va:0.21721 loss_pv_va:0.24969
INFO|2024-09-25 23:11:15: Epoch[045/100], iter[313/392], loss_total:0.91173, loss_equ:2.87004 loss_pq_vm:0.01718 loss_pq_va:0.21397 loss_pv_va:0.23897
INFO|2024-09-25 23:12:18: Epoch[045/100], iter[352/392], loss_total:1.24290, loss_equ:3.73826 loss_pq_vm:0.02462 loss_pq_va:0.28539 loss_pv_va:0.33748
INFO|2024-09-25 23:13:23: Epoch[045/100], iter[392/392], loss_total:1.07676, loss_equ:3.24309 loss_pq_vm:0.02171 loss_pq_va:0.24822 loss_pv_va:0.28712
INFO|2024-09-25 23:15:32: Epoch 44/100, lr:  0.00058244, eta: 11.63h, train_loss:  0.97427, valid_loss:  1.39229
INFO|2024-09-25 23:15:32: 	Train: PQ_Vm_rmse: 0.00145655  PQ_Va_rmse: 0.01193849  PV_Va_rmse: 0.01300667  delta_p: 0.07695083  delta_q: 0.02877572  
INFO|2024-09-25 23:15:32: 	ZTest: PQ_Vm_rmse: 0.00550072  PQ_Va_rmse: 0.03576190  PV_Va_rmse: 0.03922292  delta_p: 0.13817096  delta_q: 0.04958221  
INFO|2024-09-25 23:15:32: 	ZTest-ema: PQ_Vm_rmse: 0.005144  PQ_Va_rmse: 0.033826  PV_Va_rmse: 0.036886  delta_p: 0.103198  delta_q: 0.041121  
INFO|2024-09-25 23:15:32: 	           ValOfEMA:0.036886/0.036011,  Epoch:45/42
INFO|2024-09-25 23:15:32: 	Time(ep):761s,  Val(curr/best):0.039223/0.037277,  Epoch(curr/best):45/42
INFO|2024-09-25 23:15:32: -------------------- Epoch: 46 --------------------
INFO|2024-09-25 23:16:38: Epoch[046/100], iter[040/392], loss_total:0.77914, loss_equ:2.64404 loss_pq_vm:0.01437 loss_pq_va:0.17327 loss_pv_va:0.19776
INFO|2024-09-25 23:17:41: Epoch[046/100], iter[079/392], loss_total:1.20416, loss_equ:4.40490 loss_pq_vm:0.02401 loss_pq_va:0.25018 loss_pv_va:0.27340
INFO|2024-09-25 23:18:44: Epoch[046/100], iter[118/392], loss_total:1.17107, loss_equ:3.38547 loss_pq_vm:0.02196 loss_pq_va:0.28952 loss_pv_va:0.32344
INFO|2024-09-25 23:19:47: Epoch[046/100], iter[157/392], loss_total:0.90757, loss_equ:2.78508 loss_pq_vm:0.01767 loss_pq_va:0.21312 loss_pv_va:0.23925
INFO|2024-09-25 23:20:50: Epoch[046/100], iter[196/392], loss_total:0.91340, loss_equ:2.85645 loss_pq_vm:0.01671 loss_pq_va:0.21463 loss_pv_va:0.24607
INFO|2024-09-25 23:21:53: Epoch[046/100], iter[235/392], loss_total:0.97894, loss_equ:2.79339 loss_pq_vm:0.01549 loss_pq_va:0.25495 loss_pv_va:0.28975
INFO|2024-09-25 23:22:56: Epoch[046/100], iter[274/392], loss_total:0.79561, loss_equ:2.53780 loss_pq_vm:0.01530 loss_pq_va:0.18185 loss_pv_va:0.20700
INFO|2024-09-25 23:23:59: Epoch[046/100], iter[313/392], loss_total:0.85535, loss_equ:2.61458 loss_pq_vm:0.01475 loss_pq_va:0.20806 loss_pv_va:0.23836
INFO|2024-09-25 23:25:02: Epoch[046/100], iter[352/392], loss_total:0.83021, loss_equ:2.64986 loss_pq_vm:0.01564 loss_pq_va:0.19075 loss_pv_va:0.21805
INFO|2024-09-25 23:26:07: Epoch[046/100], iter[392/392], loss_total:0.90245, loss_equ:2.84532 loss_pq_vm:0.01481 loss_pq_va:0.21775 loss_pv_va:0.25204
INFO|2024-09-25 23:28:16: Epoch 45/100, lr:  0.00056704, eta: 11.45h, train_loss:  0.91538, valid_loss:  1.25972
INFO|2024-09-25 23:28:16: 	Train: PQ_Vm_rmse: 0.00136371  PQ_Va_rmse: 0.01116959  PV_Va_rmse: 0.01220123  delta_p: 0.06783142  delta_q: 0.02589378  
INFO|2024-09-25 23:28:16: 	ZTest: PQ_Vm_rmse: 0.00531134  PQ_Va_rmse: 0.03361177  PV_Va_rmse: 0.03675321  delta_p: 0.12285985  delta_q: 0.04531576  
INFO|2024-09-25 23:28:16: 	ZTest-ema: PQ_Vm_rmse: 0.005364  PQ_Va_rmse: 0.033885  PV_Va_rmse: 0.037251  delta_p: 0.117213  delta_q: 0.043490  
INFO|2024-09-25 23:28:16: 	           ValOfEMA:0.037251/0.036011,  Epoch:46/42
INFO|2024-09-25 23:28:17: 	Time(ep):763s,  Val(curr/best):0.036753/0.036753,  Epoch(curr/best):46/46
INFO|2024-09-25 23:28:17: -------------------- Epoch: 47 --------------------
INFO|2024-09-25 23:29:23: Epoch[047/100], iter[040/392], loss_total:1.29782, loss_equ:4.75192 loss_pq_vm:0.02826 loss_pq_va:0.25647 loss_pv_va:0.28360
INFO|2024-09-25 23:30:26: Epoch[047/100], iter[079/392], loss_total:0.95022, loss_equ:3.09487 loss_pq_vm:0.01882 loss_pq_va:0.21225 loss_pv_va:0.24032
INFO|2024-09-25 23:31:29: Epoch[047/100], iter[118/392], loss_total:0.85624, loss_equ:2.81388 loss_pq_vm:0.01587 loss_pq_va:0.19555 loss_pv_va:0.22064
INFO|2024-09-25 23:32:32: Epoch[047/100], iter[157/392], loss_total:0.80468, loss_equ:2.78592 loss_pq_vm:0.01384 loss_pq_va:0.17971 loss_pv_va:0.20792
INFO|2024-09-25 23:33:35: Epoch[047/100], iter[196/392], loss_total:0.94313, loss_equ:2.77731 loss_pq_vm:0.01604 loss_pq_va:0.23596 loss_pv_va:0.26901
INFO|2024-09-25 23:34:37: Epoch[047/100], iter[235/392], loss_total:0.95366, loss_equ:2.82636 loss_pq_vm:0.01811 loss_pq_va:0.23100 loss_pv_va:0.25895
INFO|2024-09-25 23:35:40: Epoch[047/100], iter[274/392], loss_total:0.82085, loss_equ:2.58046 loss_pq_vm:0.01677 loss_pq_va:0.18576 loss_pv_va:0.20931
INFO|2024-09-25 23:36:43: Epoch[047/100], iter[313/392], loss_total:0.83197, loss_equ:2.55102 loss_pq_vm:0.01741 loss_pq_va:0.18879 loss_pv_va:0.21395
INFO|2024-09-25 23:37:46: Epoch[047/100], iter[352/392], loss_total:0.85618, loss_equ:2.69157 loss_pq_vm:0.01625 loss_pq_va:0.20003 loss_pv_va:0.22445
INFO|2024-09-25 23:38:51: Epoch[047/100], iter[392/392], loss_total:0.90168, loss_equ:3.05086 loss_pq_vm:0.01607 loss_pq_va:0.20372 loss_pv_va:0.23213
INFO|2024-09-25 23:41:00: Epoch 46/100, lr:  0.00055158, eta: 11.22h, train_loss:  0.89762, valid_loss:  1.32694
INFO|2024-09-25 23:41:00: 	Train: PQ_Vm_rmse: 0.00137855  PQ_Va_rmse: 0.00980620  PV_Va_rmse: 0.01058435  delta_p: 0.06232048  delta_q: 0.02603328  
INFO|2024-09-25 23:41:00: 	ZTest: PQ_Vm_rmse: 0.00577737  PQ_Va_rmse: 0.03762893  PV_Va_rmse: 0.04057901  delta_p: 0.13467520  delta_q: 0.04902403  
INFO|2024-09-25 23:41:00: 	ZTest-ema: PQ_Vm_rmse: 0.005427  PQ_Va_rmse: 0.035640  PV_Va_rmse: 0.038862  delta_p: 0.102952  delta_q: 0.040842  
INFO|2024-09-25 23:41:00: 	           ValOfEMA:0.038862/0.036011,  Epoch:47/42
INFO|2024-09-25 23:41:00: 	Time(ep):762s,  Val(curr/best):0.040579/0.036753,  Epoch(curr/best):47/46
INFO|2024-09-25 23:41:00: -------------------- Epoch: 48 --------------------
INFO|2024-09-25 23:42:06: Epoch[048/100], iter[040/392], loss_total:0.99246, loss_equ:3.48541 loss_pq_vm:0.01838 loss_pq_va:0.21793 loss_pv_va:0.24221
INFO|2024-09-25 23:43:09: Epoch[048/100], iter[079/392], loss_total:0.82338, loss_equ:2.82821 loss_pq_vm:0.01516 loss_pq_va:0.18287 loss_pv_va:0.20612
INFO|2024-09-25 23:44:12: Epoch[048/100], iter[118/392], loss_total:0.93580, loss_equ:2.66684 loss_pq_vm:0.01619 loss_pq_va:0.23689 loss_pv_va:0.27034
INFO|2024-09-25 23:45:15: Epoch[048/100], iter[157/392], loss_total:0.83186, loss_equ:2.73090 loss_pq_vm:0.01442 loss_pq_va:0.19338 loss_pv_va:0.22117
INFO|2024-09-25 23:46:18: Epoch[048/100], iter[196/392], loss_total:0.83131, loss_equ:2.70196 loss_pq_vm:0.01503 loss_pq_va:0.19264 loss_pv_va:0.21815
INFO|2024-09-25 23:47:21: Epoch[048/100], iter[235/392], loss_total:0.85804, loss_equ:3.05229 loss_pq_vm:0.01447 loss_pq_va:0.18980 loss_pv_va:0.21834
INFO|2024-09-25 23:48:24: Epoch[048/100], iter[274/392], loss_total:0.83173, loss_equ:2.71693 loss_pq_vm:0.01484 loss_pq_va:0.19199 loss_pv_va:0.21963
INFO|2024-09-25 23:49:28: Epoch[048/100], iter[313/392], loss_total:0.83167, loss_equ:2.72350 loss_pq_vm:0.01589 loss_pq_va:0.18754 loss_pv_va:0.21286
INFO|2024-09-25 23:50:31: Epoch[048/100], iter[352/392], loss_total:0.75914, loss_equ:2.58423 loss_pq_vm:0.01317 loss_pq_va:0.17310 loss_pv_va:0.19589
INFO|2024-09-25 23:51:35: Epoch[048/100], iter[392/392], loss_total:0.89471, loss_equ:3.21522 loss_pq_vm:0.01594 loss_pq_va:0.19382 loss_pv_va:0.21992
INFO|2024-09-25 23:53:44: Epoch 47/100, lr:  0.00053608, eta: 11.03h, train_loss:  0.87169, valid_loss:  1.31215
INFO|2024-09-25 23:53:44: 	Train: PQ_Vm_rmse: 0.00124649  PQ_Va_rmse: 0.00927151  PV_Va_rmse: 0.01008406  delta_p: 0.05907202  delta_q: 0.02355233  
INFO|2024-09-25 23:53:44: 	ZTest: PQ_Vm_rmse: 0.00575147  PQ_Va_rmse: 0.03640946  PV_Va_rmse: 0.03983740  delta_p: 0.13781983  delta_q: 0.04599785  
INFO|2024-09-25 23:53:44: 	ZTest-ema: PQ_Vm_rmse: 0.005381  PQ_Va_rmse: 0.034458  PV_Va_rmse: 0.037840  delta_p: 0.105748  delta_q: 0.040146  
INFO|2024-09-25 23:53:44: 	           ValOfEMA:0.037840/0.036011,  Epoch:48/42
INFO|2024-09-25 23:53:45: 	Time(ep):763s,  Val(curr/best):0.039837/0.036753,  Epoch(curr/best):48/46
INFO|2024-09-25 23:53:45: -------------------- Epoch: 49 --------------------
INFO|2024-09-25 23:54:51: Epoch[049/100], iter[040/392], loss_total:0.79169, loss_equ:2.64231 loss_pq_vm:0.01423 loss_pq_va:0.17856 loss_pv_va:0.20665
INFO|2024-09-25 23:55:54: Epoch[049/100], iter[079/392], loss_total:0.85930, loss_equ:2.74693 loss_pq_vm:0.01442 loss_pq_va:0.20760 loss_pv_va:0.23283
INFO|2024-09-25 23:56:57: Epoch[049/100], iter[118/392], loss_total:0.83299, loss_equ:2.65576 loss_pq_vm:0.01708 loss_pq_va:0.18469 loss_pv_va:0.21190
INFO|2024-09-25 23:58:00: Epoch[049/100], iter[157/392], loss_total:1.07642, loss_equ:2.90859 loss_pq_vm:0.01770 loss_pq_va:0.28539 loss_pv_va:0.32314
INFO|2024-09-25 23:59:02: Epoch[049/100], iter[196/392], loss_total:0.85532, loss_equ:2.64048 loss_pq_vm:0.01602 loss_pq_va:0.20147 loss_pv_va:0.22957
INFO|2024-09-26 00:00:05: Epoch[049/100], iter[235/392], loss_total:0.90060, loss_equ:2.68125 loss_pq_vm:0.01608 loss_pq_va:0.21759 loss_pv_va:0.25408
INFO|2024-09-26 00:01:08: Epoch[049/100], iter[274/392], loss_total:0.83941, loss_equ:2.61368 loss_pq_vm:0.01663 loss_pq_va:0.19224 loss_pv_va:0.21946
INFO|2024-09-26 00:02:10: Epoch[049/100], iter[313/392], loss_total:0.82326, loss_equ:2.67611 loss_pq_vm:0.01526 loss_pq_va:0.18761 loss_pv_va:0.21540
INFO|2024-09-26 00:03:13: Epoch[049/100], iter[352/392], loss_total:0.88535, loss_equ:3.01360 loss_pq_vm:0.01619 loss_pq_va:0.19898 loss_pv_va:0.22310
INFO|2024-09-26 00:04:18: Epoch[049/100], iter[392/392], loss_total:0.85216, loss_equ:2.85337 loss_pq_vm:0.01532 loss_pq_va:0.19394 loss_pv_va:0.21966
INFO|2024-09-26 00:06:26: Epoch 48/100, lr:  0.00052055, eta: 10.79h, train_loss:  0.88942, valid_loss:  1.26797
INFO|2024-09-26 00:06:26: 	Train: PQ_Vm_rmse: 0.00131837  PQ_Va_rmse: 0.01069595  PV_Va_rmse: 0.01185123  delta_p: 0.06241034  delta_q: 0.02397686  
INFO|2024-09-26 00:06:26: 	ZTest: PQ_Vm_rmse: 0.00574258  PQ_Va_rmse: 0.03665355  PV_Va_rmse: 0.04013066  delta_p: 0.12610369  delta_q: 0.04560005  
INFO|2024-09-26 00:06:26: 	ZTest-ema: PQ_Vm_rmse: 0.005530  PQ_Va_rmse: 0.034666  PV_Va_rmse: 0.037505  delta_p: 0.102913  delta_q: 0.039133  
INFO|2024-09-26 00:06:26: 	           ValOfEMA:0.037505/0.036011,  Epoch:49/42
INFO|2024-09-26 00:06:27: 	Time(ep):761s,  Val(curr/best):0.040131/0.036753,  Epoch(curr/best):49/46
INFO|2024-09-26 00:06:27: -------------------- Epoch: 50 --------------------
INFO|2024-09-26 00:07:33: Epoch[050/100], iter[040/392], loss_total:0.89462, loss_equ:2.89142 loss_pq_vm:0.01624 loss_pq_va:0.20991 loss_pv_va:0.23317
INFO|2024-09-26 00:08:36: Epoch[050/100], iter[079/392], loss_total:0.88614, loss_equ:2.71184 loss_pq_vm:0.01761 loss_pq_va:0.20651 loss_pv_va:0.23230
INFO|2024-09-26 00:09:39: Epoch[050/100], iter[118/392], loss_total:0.87632, loss_equ:2.72767 loss_pq_vm:0.02388 loss_pq_va:0.17078 loss_pv_va:0.19401
INFO|2024-09-26 00:10:42: Epoch[050/100], iter[157/392], loss_total:0.92036, loss_equ:2.95565 loss_pq_vm:0.02281 loss_pq_va:0.18789 loss_pv_va:0.20878
INFO|2024-09-26 00:11:45: Epoch[050/100], iter[196/392], loss_total:0.89117, loss_equ:3.25461 loss_pq_vm:0.01588 loss_pq_va:0.19190 loss_pv_va:0.21502
INFO|2024-09-26 00:12:48: Epoch[050/100], iter[235/392], loss_total:1.33914, loss_equ:3.04336 loss_pq_vm:0.01789 loss_pq_va:0.39932 loss_pv_va:0.45656
INFO|2024-09-26 00:13:51: Epoch[050/100], iter[274/392], loss_total:0.79369, loss_equ:2.65428 loss_pq_vm:0.01488 loss_pq_va:0.17669 loss_pv_va:0.20281
INFO|2024-09-26 00:14:54: Epoch[050/100], iter[313/392], loss_total:0.84921, loss_equ:2.70980 loss_pq_vm:0.01615 loss_pq_va:0.19615 loss_pv_va:0.22060
INFO|2024-09-26 00:15:57: Epoch[050/100], iter[352/392], loss_total:0.79622, loss_equ:2.54211 loss_pq_vm:0.01480 loss_pq_va:0.18466 loss_pv_va:0.20932
INFO|2024-09-26 00:17:01: Epoch[050/100], iter[392/392], loss_total:0.84993, loss_equ:2.50733 loss_pq_vm:0.01468 loss_pq_va:0.21126 loss_pv_va:0.24116
INFO|2024-09-26 00:19:10: Epoch 49/100, lr:  0.00050500, eta: 10.59h, train_loss:  0.89345, valid_loss:  1.24580
INFO|2024-09-26 00:19:10: 	Train: PQ_Vm_rmse: 0.00130316  PQ_Va_rmse: 0.00962945  PV_Va_rmse: 0.01042980  delta_p: 0.05882148  delta_q: 0.02612900  
INFO|2024-09-26 00:19:10: 	ZTest: PQ_Vm_rmse: 0.00567783  PQ_Va_rmse: 0.03555570  PV_Va_rmse: 0.03984683  delta_p: 0.11359598  delta_q: 0.04260744  
INFO|2024-09-26 00:19:10: 	ZTest-ema: PQ_Vm_rmse: 0.005703  PQ_Va_rmse: 0.034173  PV_Va_rmse: 0.037356  delta_p: 0.107563  delta_q: 0.040861  
INFO|2024-09-26 00:19:10: 	           ValOfEMA:0.037356/0.036011,  Epoch:50/42
INFO|2024-09-26 00:19:10: 	Time(ep):762s,  Val(curr/best):0.039847/0.036753,  Epoch(curr/best):50/46
INFO|2024-09-26 00:19:10: -------------------- Epoch: 51 --------------------
INFO|2024-09-26 00:20:16: Epoch[051/100], iter[040/392], loss_total:0.80549, loss_equ:2.51477 loss_pq_vm:0.01394 loss_pq_va:0.19430 loss_pv_va:0.22030
INFO|2024-09-26 00:21:19: Epoch[051/100], iter[079/392], loss_total:0.75671, loss_equ:2.51546 loss_pq_vm:0.01395 loss_pq_va:0.17182 loss_pv_va:0.19381
INFO|2024-09-26 00:22:22: Epoch[051/100], iter[118/392], loss_total:0.85020, loss_equ:2.68245 loss_pq_vm:0.01507 loss_pq_va:0.20426 loss_pv_va:0.22696
INFO|2024-09-26 00:23:26: Epoch[051/100], iter[157/392], loss_total:0.88356, loss_equ:2.69591 loss_pq_vm:0.01478 loss_pq_va:0.22054 loss_pv_va:0.24566
INFO|2024-09-26 00:24:29: Epoch[051/100], iter[196/392], loss_total:0.88405, loss_equ:2.64513 loss_pq_vm:0.01864 loss_pq_va:0.20253 loss_pv_va:0.23060
INFO|2024-09-26 00:25:31: Epoch[051/100], iter[235/392], loss_total:0.89306, loss_equ:2.95706 loss_pq_vm:0.01734 loss_pq_va:0.19917 loss_pv_va:0.22475
INFO|2024-09-26 00:26:35: Epoch[051/100], iter[274/392], loss_total:0.91765, loss_equ:2.60184 loss_pq_vm:0.01600 loss_pq_va:0.23486 loss_pv_va:0.26264
INFO|2024-09-26 00:27:38: Epoch[051/100], iter[313/392], loss_total:0.91271, loss_equ:2.52963 loss_pq_vm:0.01709 loss_pq_va:0.23019 loss_pv_va:0.25861
INFO|2024-09-26 00:28:41: Epoch[051/100], iter[352/392], loss_total:0.73535, loss_equ:2.39962 loss_pq_vm:0.01313 loss_pq_va:0.16957 loss_pv_va:0.19452
INFO|2024-09-26 00:29:45: Epoch[051/100], iter[392/392], loss_total:0.75514, loss_equ:2.41373 loss_pq_vm:0.01415 loss_pq_va:0.17501 loss_pv_va:0.19727
INFO|2024-09-26 00:31:54: Epoch 50/100, lr:  0.00048945, eta: 10.39h, train_loss:  0.82532, valid_loss:  1.18937
INFO|2024-09-26 00:31:54: 	Train: PQ_Vm_rmse: 0.00117594  PQ_Va_rmse: 0.00912948  PV_Va_rmse: 0.00989136  delta_p: 0.04986597  delta_q: 0.02093597  
INFO|2024-09-26 00:31:54: 	ZTest: PQ_Vm_rmse: 0.00584890  PQ_Va_rmse: 0.03608457  PV_Va_rmse: 0.03904800  delta_p: 0.10821855  delta_q: 0.04140307  
INFO|2024-09-26 00:31:54: 	ZTest-ema: PQ_Vm_rmse: 0.005753  PQ_Va_rmse: 0.034406  PV_Va_rmse: 0.037358  delta_p: 0.104604  delta_q: 0.039942  
INFO|2024-09-26 00:31:54: 	           ValOfEMA:0.037358/0.036011,  Epoch:51/42
INFO|2024-09-26 00:31:54: 	Time(ep):763s,  Val(curr/best):0.039048/0.036753,  Epoch(curr/best):51/46
INFO|2024-09-26 00:31:54: -------------------- Epoch: 52 --------------------
INFO|2024-09-26 00:33:00: Epoch[052/100], iter[040/392], loss_total:0.75797, loss_equ:2.40637 loss_pq_vm:0.01423 loss_pq_va:0.17577 loss_pv_va:0.19924
INFO|2024-09-26 00:34:03: Epoch[052/100], iter[079/392], loss_total:0.79883, loss_equ:2.42580 loss_pq_vm:0.01390 loss_pq_va:0.19566 loss_pv_va:0.22164
INFO|2024-09-26 00:35:06: Epoch[052/100], iter[118/392], loss_total:0.74217, loss_equ:2.31920 loss_pq_vm:0.01288 loss_pq_va:0.17808 loss_pv_va:0.20334
INFO|2024-09-26 00:36:08: Epoch[052/100], iter[157/392], loss_total:0.91853, loss_equ:2.61045 loss_pq_vm:0.01422 loss_pq_va:0.24279 loss_pv_va:0.27248
INFO|2024-09-26 00:37:12: Epoch[052/100], iter[196/392], loss_total:0.80908, loss_equ:2.52860 loss_pq_vm:0.01510 loss_pq_va:0.18994 loss_pv_va:0.21530
INFO|2024-09-26 00:38:15: Epoch[052/100], iter[235/392], loss_total:0.89847, loss_equ:3.10536 loss_pq_vm:0.01618 loss_pq_va:0.19781 loss_pv_va:0.22836
INFO|2024-09-26 00:39:17: Epoch[052/100], iter[274/392], loss_total:0.87264, loss_equ:2.77174 loss_pq_vm:0.01564 loss_pq_va:0.20412 loss_pv_va:0.23490
INFO|2024-09-26 00:40:19: Epoch[052/100], iter[313/392], loss_total:1.09087, loss_equ:4.42575 loss_pq_vm:0.02042 loss_pq_va:0.20866 loss_pv_va:0.23539
INFO|2024-09-26 00:41:22: Epoch[052/100], iter[352/392], loss_total:0.85788, loss_equ:2.96934 loss_pq_vm:0.01626 loss_pq_va:0.19112 loss_pv_va:0.20720
INFO|2024-09-26 00:42:27: Epoch[052/100], iter[392/392], loss_total:0.92904, loss_equ:2.59689 loss_pq_vm:0.01435 loss_pq_va:0.24601 loss_pv_va:0.27981
INFO|2024-09-26 00:44:35: Epoch 51/100, lr:  0.00047392, eta: 10.15h, train_loss:  0.89022, valid_loss:  1.25616
INFO|2024-09-26 00:44:35: 	Train: PQ_Vm_rmse: 0.00132805  PQ_Va_rmse: 0.00961435  PV_Va_rmse: 0.01036843  delta_p: 0.06373284  delta_q: 0.02577383  
INFO|2024-09-26 00:44:35: 	ZTest: PQ_Vm_rmse: 0.00595940  PQ_Va_rmse: 0.03834604  PV_Va_rmse: 0.04196154  delta_p: 0.10954637  delta_q: 0.04027119  
INFO|2024-09-26 00:44:35: 	ZTest-ema: PQ_Vm_rmse: 0.005670  PQ_Va_rmse: 0.034174  PV_Va_rmse: 0.037362  delta_p: 0.101126  delta_q: 0.038410  
INFO|2024-09-26 00:44:35: 	           ValOfEMA:0.037362/0.036011,  Epoch:52/42
INFO|2024-09-26 00:44:36: 	Time(ep):761s,  Val(curr/best):0.041962/0.036753,  Epoch(curr/best):52/46
INFO|2024-09-26 00:44:36: -------------------- Epoch: 53 --------------------
INFO|2024-09-26 00:45:42: Epoch[053/100], iter[040/392], loss_total:0.78202, loss_equ:2.42844 loss_pq_vm:0.01400 loss_pq_va:0.18596 loss_pv_va:0.21322
INFO|2024-09-26 00:46:45: Epoch[053/100], iter[079/392], loss_total:0.90526, loss_equ:2.48230 loss_pq_vm:0.01476 loss_pq_va:0.23965 loss_pv_va:0.26974
INFO|2024-09-26 00:47:48: Epoch[053/100], iter[118/392], loss_total:0.83630, loss_equ:2.49086 loss_pq_vm:0.01366 loss_pq_va:0.21423 loss_pv_va:0.23639
INFO|2024-09-26 00:48:51: Epoch[053/100], iter[157/392], loss_total:0.82975, loss_equ:2.45785 loss_pq_vm:0.01345 loss_pq_va:0.20756 loss_pv_va:0.24192
INFO|2024-09-26 00:49:54: Epoch[053/100], iter[196/392], loss_total:0.73042, loss_equ:2.40266 loss_pq_vm:0.01268 loss_pq_va:0.16954 loss_pv_va:0.19385
INFO|2024-09-26 00:50:56: Epoch[053/100], iter[235/392], loss_total:0.82735, loss_equ:2.63239 loss_pq_vm:0.01465 loss_pq_va:0.19335 loss_pv_va:0.22422
INFO|2024-09-26 00:51:59: Epoch[053/100], iter[274/392], loss_total:0.76376, loss_equ:2.58146 loss_pq_vm:0.01324 loss_pq_va:0.17285 loss_pv_va:0.20035
INFO|2024-09-26 00:53:02: Epoch[053/100], iter[313/392], loss_total:0.79453, loss_equ:2.68144 loss_pq_vm:0.01415 loss_pq_va:0.17964 loss_pv_va:0.20521
INFO|2024-09-26 00:54:05: Epoch[053/100], iter[352/392], loss_total:0.82848, loss_equ:2.56322 loss_pq_vm:0.01586 loss_pq_va:0.19504 loss_pv_va:0.21850
INFO|2024-09-26 00:55:10: Epoch[053/100], iter[392/392], loss_total:0.75863, loss_equ:2.44950 loss_pq_vm:0.01412 loss_pq_va:0.17354 loss_pv_va:0.19894
INFO|2024-09-26 00:57:19: Epoch 52/100, lr:  0.00045842, eta: 9.95h, train_loss:  0.79848, valid_loss:  1.21997
INFO|2024-09-26 00:57:19: 	Train: PQ_Vm_rmse: 0.00110948  PQ_Va_rmse: 0.00843501  PV_Va_rmse: 0.00918902  delta_p: 0.04777405  delta_q: 0.02000147  
INFO|2024-09-26 00:57:19: 	ZTest: PQ_Vm_rmse: 0.00599345  PQ_Va_rmse: 0.03582785  PV_Va_rmse: 0.03934598  delta_p: 0.11357035  delta_q: 0.04233334  
INFO|2024-09-26 00:57:19: 	ZTest-ema: PQ_Vm_rmse: 0.006032  PQ_Va_rmse: 0.035567  PV_Va_rmse: 0.038560  delta_p: 0.104448  delta_q: 0.039407  
INFO|2024-09-26 00:57:19: 	           ValOfEMA:0.038560/0.036011,  Epoch:53/42
INFO|2024-09-26 00:57:19: 	Time(ep):762s,  Val(curr/best):0.039346/0.036753,  Epoch(curr/best):53/46
INFO|2024-09-26 00:57:19: -------------------- Epoch: 54 --------------------
INFO|2024-09-26 00:58:25: Epoch[054/100], iter[040/392], loss_total:0.75409, loss_equ:2.46856 loss_pq_vm:0.01459 loss_pq_va:0.16880 loss_pv_va:0.19250
INFO|2024-09-26 00:59:28: Epoch[054/100], iter[079/392], loss_total:0.73446, loss_equ:2.57817 loss_pq_vm:0.01307 loss_pq_va:0.16102 loss_pv_va:0.18493
INFO|2024-09-26 01:00:31: Epoch[054/100], iter[118/392], loss_total:0.85153, loss_equ:2.68159 loss_pq_vm:0.01669 loss_pq_va:0.19438 loss_pv_va:0.22214
INFO|2024-09-26 01:01:34: Epoch[054/100], iter[157/392], loss_total:0.83158, loss_equ:2.51255 loss_pq_vm:0.01757 loss_pq_va:0.18984 loss_pv_va:0.21480
INFO|2024-09-26 01:02:37: Epoch[054/100], iter[196/392], loss_total:0.79147, loss_equ:2.55090 loss_pq_vm:0.01530 loss_pq_va:0.17974 loss_pv_va:0.20363
INFO|2024-09-26 01:03:39: Epoch[054/100], iter[235/392], loss_total:0.80293, loss_equ:2.83009 loss_pq_vm:0.01459 loss_pq_va:0.17439 loss_pv_va:0.19962
INFO|2024-09-26 01:04:42: Epoch[054/100], iter[274/392], loss_total:0.77588, loss_equ:2.57722 loss_pq_vm:0.01434 loss_pq_va:0.17607 loss_pv_va:0.19871
INFO|2024-09-26 01:05:45: Epoch[054/100], iter[313/392], loss_total:0.89649, loss_equ:2.65425 loss_pq_vm:0.01521 loss_pq_va:0.22523 loss_pv_va:0.25378
INFO|2024-09-26 01:06:47: Epoch[054/100], iter[352/392], loss_total:0.83583, loss_equ:2.49813 loss_pq_vm:0.01521 loss_pq_va:0.20100 loss_pv_va:0.23288
INFO|2024-09-26 01:07:51: Epoch[054/100], iter[392/392], loss_total:0.84228, loss_equ:2.62504 loss_pq_vm:0.01812 loss_pq_va:0.18862 loss_pv_va:0.20995
INFO|2024-09-26 01:09:59: Epoch 53/100, lr:  0.00044296, eta: 9.71h, train_loss:  0.80541, valid_loss:  1.26737
INFO|2024-09-26 01:09:59: 	Train: PQ_Vm_rmse: 0.00109239  PQ_Va_rmse: 0.00794002  PV_Va_rmse: 0.00855091  delta_p: 0.04891753  delta_q: 0.01987760  
INFO|2024-09-26 01:09:59: 	ZTest: PQ_Vm_rmse: 0.00621046  PQ_Va_rmse: 0.03418528  PV_Va_rmse: 0.03753352  delta_p: 0.13200450  delta_q: 0.04221116  
INFO|2024-09-26 01:09:59: 	ZTest-ema: PQ_Vm_rmse: 0.006555  PQ_Va_rmse: 0.036917  PV_Va_rmse: 0.039796  delta_p: 0.104982  delta_q: 0.038908  
INFO|2024-09-26 01:09:59: 	           ValOfEMA:0.039796/0.036011,  Epoch:54/42
INFO|2024-09-26 01:10:00: 	Time(ep):759s,  Val(curr/best):0.037534/0.036753,  Epoch(curr/best):54/46
INFO|2024-09-26 01:10:00: -------------------- Epoch: 55 --------------------
INFO|2024-09-26 01:11:06: Epoch[055/100], iter[040/392], loss_total:0.83333, loss_equ:2.51994 loss_pq_vm:0.01458 loss_pq_va:0.20292 loss_pv_va:0.23260
INFO|2024-09-26 01:12:09: Epoch[055/100], iter[079/392], loss_total:0.72200, loss_equ:2.39890 loss_pq_vm:0.01311 loss_pq_va:0.16328 loss_pv_va:0.18769
INFO|2024-09-26 01:13:12: Epoch[055/100], iter[118/392], loss_total:0.97038, loss_equ:2.57021 loss_pq_vm:0.01581 loss_pq_va:0.26071 loss_pv_va:0.29452
INFO|2024-09-26 01:14:15: Epoch[055/100], iter[157/392], loss_total:0.81792, loss_equ:2.49661 loss_pq_vm:0.01431 loss_pq_va:0.20039 loss_pv_va:0.22478
INFO|2024-09-26 01:15:18: Epoch[055/100], iter[196/392], loss_total:0.83193, loss_equ:2.73116 loss_pq_vm:0.01612 loss_pq_va:0.18551 loss_pv_va:0.21206
INFO|2024-09-26 01:16:21: Epoch[055/100], iter[235/392], loss_total:0.78055, loss_equ:2.77913 loss_pq_vm:0.01296 loss_pq_va:0.17585 loss_pv_va:0.19719
INFO|2024-09-26 01:17:24: Epoch[055/100], iter[274/392], loss_total:0.86863, loss_equ:3.08193 loss_pq_vm:0.01538 loss_pq_va:0.19002 loss_pv_va:0.21665
INFO|2024-09-26 01:18:27: Epoch[055/100], iter[313/392], loss_total:0.79503, loss_equ:2.65728 loss_pq_vm:0.01357 loss_pq_va:0.18449 loss_pv_va:0.20911
INFO|2024-09-26 01:19:29: Epoch[055/100], iter[352/392], loss_total:0.76115, loss_equ:2.46339 loss_pq_vm:0.01347 loss_pq_va:0.17903 loss_pv_va:0.20108
INFO|2024-09-26 01:20:34: Epoch[055/100], iter[392/392], loss_total:1.05519, loss_equ:3.88221 loss_pq_vm:0.02063 loss_pq_va:0.21492 loss_pv_va:0.24576
INFO|2024-09-26 01:22:43: Epoch 54/100, lr:  0.00042756, eta: 9.54h, train_loss:  0.81237, valid_loss:  1.49370
INFO|2024-09-26 01:22:43: 	Train: PQ_Vm_rmse: 0.00109616  PQ_Va_rmse: 0.00793483  PV_Va_rmse: 0.00850124  delta_p: 0.05141222  delta_q: 0.02137076  
INFO|2024-09-26 01:22:43: 	ZTest: PQ_Vm_rmse: 0.00648765  PQ_Va_rmse: 0.04037283  PV_Va_rmse: 0.04395694  delta_p: 0.17135774  delta_q: 0.08237244  
INFO|2024-09-26 01:22:43: 	ZTest-ema: PQ_Vm_rmse: 0.006142  PQ_Va_rmse: 0.036489  PV_Va_rmse: 0.039977  delta_p: 0.103033  delta_q: 0.038146  
INFO|2024-09-26 01:22:43: 	           ValOfEMA:0.039977/0.036011,  Epoch:55/42
INFO|2024-09-26 01:22:44: 	Time(ep):763s,  Val(curr/best):0.043957/0.036753,  Epoch(curr/best):55/46
INFO|2024-09-26 01:22:44: -------------------- Epoch: 56 --------------------
INFO|2024-09-26 01:23:50: Epoch[056/100], iter[040/392], loss_total:0.95147, loss_equ:2.67713 loss_pq_vm:0.01662 loss_pq_va:0.24329 loss_pv_va:0.27430
INFO|2024-09-26 01:24:54: Epoch[056/100], iter[079/392], loss_total:0.79756, loss_equ:2.47374 loss_pq_vm:0.01466 loss_pq_va:0.18853 loss_pv_va:0.21505
INFO|2024-09-26 01:25:57: Epoch[056/100], iter[118/392], loss_total:0.77017, loss_equ:2.37482 loss_pq_vm:0.01386 loss_pq_va:0.18397 loss_pv_va:0.21012
INFO|2024-09-26 01:27:01: Epoch[056/100], iter[157/392], loss_total:0.74508, loss_equ:2.45397 loss_pq_vm:0.01484 loss_pq_va:0.16547 loss_pv_va:0.18583
INFO|2024-09-26 01:28:04: Epoch[056/100], iter[196/392], loss_total:0.76474, loss_equ:2.35527 loss_pq_vm:0.01434 loss_pq_va:0.18091 loss_pv_va:0.20486
INFO|2024-09-26 01:29:07: Epoch[056/100], iter[235/392], loss_total:0.79155, loss_equ:2.41289 loss_pq_vm:0.01368 loss_pq_va:0.19315 loss_pv_va:0.22028
INFO|2024-09-26 01:30:11: Epoch[056/100], iter[274/392], loss_total:0.78742, loss_equ:2.64132 loss_pq_vm:0.01386 loss_pq_va:0.18418 loss_pv_va:0.20053
INFO|2024-09-26 01:31:14: Epoch[056/100], iter[313/392], loss_total:0.74008, loss_equ:2.34535 loss_pq_vm:0.01268 loss_pq_va:0.17807 loss_pv_va:0.20072
INFO|2024-09-26 01:32:16: Epoch[056/100], iter[352/392], loss_total:0.76611, loss_equ:2.67113 loss_pq_vm:0.01280 loss_pq_va:0.17451 loss_pv_va:0.19644
INFO|2024-09-26 01:33:21: Epoch[056/100], iter[392/392], loss_total:0.80215, loss_equ:2.61386 loss_pq_vm:0.01617 loss_pq_va:0.17677 loss_pv_va:0.20230
INFO|2024-09-26 01:35:29: Epoch 55/100, lr:  0.00041225, eta: 9.34h, train_loss:  0.81088, valid_loss:  1.18485
INFO|2024-09-26 01:35:29: 	Train: PQ_Vm_rmse: 0.00115027  PQ_Va_rmse: 0.00856111  PV_Va_rmse: 0.00924168  delta_p: 0.04740283  delta_q: 0.02069633  
INFO|2024-09-26 01:35:29: 	ZTest: PQ_Vm_rmse: 0.00655137  PQ_Va_rmse: 0.03814482  PV_Va_rmse: 0.04111156  delta_p: 0.11511248  delta_q: 0.04194569  
INFO|2024-09-26 01:35:29: 	ZTest-ema: PQ_Vm_rmse: 0.006363  PQ_Va_rmse: 0.036794  PV_Va_rmse: 0.039512  delta_p: 0.102103  delta_q: 0.037933  
INFO|2024-09-26 01:35:29: 	           ValOfEMA:0.039512/0.036011,  Epoch:56/42
INFO|2024-09-26 01:35:29: 	Time(ep):764s,  Val(curr/best):0.041112/0.036753,  Epoch(curr/best):56/46
INFO|2024-09-26 01:35:29: -------------------- Epoch: 57 --------------------
INFO|2024-09-26 01:36:35: Epoch[057/100], iter[040/392], loss_total:0.73927, loss_equ:2.57474 loss_pq_vm:0.01341 loss_pq_va:0.16255 loss_pv_va:0.18517
INFO|2024-09-26 01:37:38: Epoch[057/100], iter[079/392], loss_total:0.75478, loss_equ:2.41492 loss_pq_vm:0.01297 loss_pq_va:0.18082 loss_pv_va:0.20279
INFO|2024-09-26 01:38:40: Epoch[057/100], iter[118/392], loss_total:0.72954, loss_equ:2.39750 loss_pq_vm:0.01262 loss_pq_va:0.17006 loss_pv_va:0.19354
INFO|2024-09-26 01:39:42: Epoch[057/100], iter[157/392], loss_total:0.80342, loss_equ:2.40306 loss_pq_vm:0.01663 loss_pq_va:0.18506 loss_pv_va:0.21178
INFO|2024-09-26 01:40:45: Epoch[057/100], iter[196/392], loss_total:0.78558, loss_equ:2.86919 loss_pq_vm:0.01402 loss_pq_va:0.16673 loss_pv_va:0.19173
INFO|2024-09-26 01:41:48: Epoch[057/100], iter[235/392], loss_total:0.75793, loss_equ:2.57459 loss_pq_vm:0.01396 loss_pq_va:0.16945 loss_pv_va:0.19146
INFO|2024-09-26 01:42:51: Epoch[057/100], iter[274/392], loss_total:0.75592, loss_equ:2.44893 loss_pq_vm:0.01439 loss_pq_va:0.17197 loss_pv_va:0.19518
INFO|2024-09-26 01:43:54: Epoch[057/100], iter[313/392], loss_total:0.84814, loss_equ:2.45900 loss_pq_vm:0.01478 loss_pq_va:0.21577 loss_pv_va:0.23872
INFO|2024-09-26 01:44:57: Epoch[057/100], iter[352/392], loss_total:0.99823, loss_equ:2.58242 loss_pq_vm:0.01509 loss_pq_va:0.27243 loss_pv_va:0.31668
INFO|2024-09-26 01:46:02: Epoch[057/100], iter[392/392], loss_total:0.77780, loss_equ:2.47830 loss_pq_vm:0.01480 loss_pq_va:0.17667 loss_pv_va:0.20529
INFO|2024-09-26 01:48:12: Epoch 56/100, lr:  0.00039702, eta: 9.11h, train_loss:  0.78251, valid_loss:  1.19986
INFO|2024-09-26 01:48:12: 	Train: PQ_Vm_rmse: 0.00108472  PQ_Va_rmse: 0.00732806  PV_Va_rmse: 0.00782119  delta_p: 0.04593697  delta_q: 0.01960646  
INFO|2024-09-26 01:48:12: 	ZTest: PQ_Vm_rmse: 0.00610675  PQ_Va_rmse: 0.03666859  PV_Va_rmse: 0.04016573  delta_p: 0.11721230  delta_q: 0.04105138  
INFO|2024-09-26 01:48:12: 	ZTest-ema: PQ_Vm_rmse: 0.006301  PQ_Va_rmse: 0.035350  PV_Va_rmse: 0.038246  delta_p: 0.099384  delta_q: 0.037018  
INFO|2024-09-26 01:48:12: 	           ValOfEMA:0.038246/0.036011,  Epoch:57/42
INFO|2024-09-26 01:48:13: 	Time(ep):762s,  Val(curr/best):0.040166/0.036753,  Epoch(curr/best):57/46
INFO|2024-09-26 01:48:13: -------------------- Epoch: 58 --------------------
INFO|2024-09-26 01:49:18: Epoch[058/100], iter[040/392], loss_total:0.78653, loss_equ:2.41452 loss_pq_vm:0.01297 loss_pq_va:0.19523 loss_pv_va:0.22014
INFO|2024-09-26 01:50:21: Epoch[058/100], iter[079/392], loss_total:0.73058, loss_equ:2.32365 loss_pq_vm:0.01351 loss_pq_va:0.17127 loss_pv_va:0.19186
INFO|2024-09-26 01:51:24: Epoch[058/100], iter[118/392], loss_total:0.69513, loss_equ:2.31124 loss_pq_vm:0.01202 loss_pq_va:0.15985 loss_pv_va:0.18393
INFO|2024-09-26 01:52:26: Epoch[058/100], iter[157/392], loss_total:0.72431, loss_equ:2.44973 loss_pq_vm:0.01304 loss_pq_va:0.16256 loss_pv_va:0.18633
INFO|2024-09-26 01:53:29: Epoch[058/100], iter[196/392], loss_total:0.84580, loss_equ:2.51506 loss_pq_vm:0.01326 loss_pq_va:0.21558 loss_pv_va:0.24616
INFO|2024-09-26 01:54:32: Epoch[058/100], iter[235/392], loss_total:0.71600, loss_equ:2.35773 loss_pq_vm:0.01307 loss_pq_va:0.16240 loss_pv_va:0.18712
INFO|2024-09-26 01:55:35: Epoch[058/100], iter[274/392], loss_total:0.70878, loss_equ:2.31476 loss_pq_vm:0.01242 loss_pq_va:0.16569 loss_pv_va:0.18744
INFO|2024-09-26 01:56:38: Epoch[058/100], iter[313/392], loss_total:0.75755, loss_equ:2.42213 loss_pq_vm:0.01300 loss_pq_va:0.17790 loss_pv_va:0.20740
INFO|2024-09-26 01:57:41: Epoch[058/100], iter[352/392], loss_total:0.83253, loss_equ:2.39456 loss_pq_vm:0.01416 loss_pq_va:0.21110 loss_pv_va:0.24036
INFO|2024-09-26 01:58:46: Epoch[058/100], iter[392/392], loss_total:0.74906, loss_equ:2.38162 loss_pq_vm:0.01452 loss_pq_va:0.17012 loss_pv_va:0.19559
INFO|2024-09-26 02:00:54: Epoch 57/100, lr:  0.00038190, eta: 8.89h, train_loss:  0.75408, valid_loss:  1.15768
INFO|2024-09-26 02:00:54: 	Train: PQ_Vm_rmse: 0.00096470  PQ_Va_rmse: 0.00713320  PV_Va_rmse: 0.00766997  delta_p: 0.03928747  delta_q: 0.01715617  
INFO|2024-09-26 02:00:54: 	ZTest: PQ_Vm_rmse: 0.00659463  PQ_Va_rmse: 0.03715400  PV_Va_rmse: 0.04033392  delta_p: 0.10020534  delta_q: 0.03764686  
INFO|2024-09-26 02:00:54: 	ZTest-ema: PQ_Vm_rmse: 0.006503  PQ_Va_rmse: 0.036228  PV_Va_rmse: 0.039442  delta_p: 0.098536  delta_q: 0.037057  
INFO|2024-09-26 02:00:54: 	           ValOfEMA:0.039442/0.036011,  Epoch:58/42
INFO|2024-09-26 02:00:55: 	Time(ep):761s,  Val(curr/best):0.040334/0.036753,  Epoch(curr/best):58/46
INFO|2024-09-26 02:00:55: -------------------- Epoch: 59 --------------------
INFO|2024-09-26 02:02:01: Epoch[059/100], iter[040/392], loss_total:0.69512, loss_equ:2.24573 loss_pq_vm:0.01218 loss_pq_va:0.16292 loss_pv_va:0.18580
INFO|2024-09-26 02:03:03: Epoch[059/100], iter[079/392], loss_total:1.03960, loss_equ:2.72258 loss_pq_vm:0.01622 loss_pq_va:0.28240 loss_pv_va:0.32277
INFO|2024-09-26 02:04:06: Epoch[059/100], iter[118/392], loss_total:0.85155, loss_equ:2.65901 loss_pq_vm:0.01740 loss_pq_va:0.19073 loss_pv_va:0.22087
INFO|2024-09-26 02:05:09: Epoch[059/100], iter[157/392], loss_total:0.84911, loss_equ:2.46441 loss_pq_vm:0.01512 loss_pq_va:0.21319 loss_pv_va:0.23828
INFO|2024-09-26 02:06:13: Epoch[059/100], iter[196/392], loss_total:0.71008, loss_equ:2.23023 loss_pq_vm:0.01224 loss_pq_va:0.16899 loss_pv_va:0.19562
INFO|2024-09-26 02:07:16: Epoch[059/100], iter[235/392], loss_total:0.69915, loss_equ:2.25642 loss_pq_vm:0.01404 loss_pq_va:0.15457 loss_pv_va:0.17858
INFO|2024-09-26 02:08:18: Epoch[059/100], iter[274/392], loss_total:0.81645, loss_equ:2.46894 loss_pq_vm:0.01447 loss_pq_va:0.19664 loss_pv_va:0.22827
INFO|2024-09-26 02:09:21: Epoch[059/100], iter[313/392], loss_total:0.73042, loss_equ:2.33969 loss_pq_vm:0.01497 loss_pq_va:0.16108 loss_pv_va:0.18566
INFO|2024-09-26 02:10:24: Epoch[059/100], iter[352/392], loss_total:0.97605, loss_equ:3.21205 loss_pq_vm:0.02254 loss_pq_va:0.20247 loss_pv_va:0.22693
INFO|2024-09-26 02:11:28: Epoch[059/100], iter[392/392], loss_total:0.87020, loss_equ:2.88674 loss_pq_vm:0.01905 loss_pq_va:0.18334 loss_pv_va:0.20772
INFO|2024-09-26 02:13:38: Epoch 58/100, lr:  0.00036690, eta: 8.69h, train_loss:  0.80850, valid_loss:  1.25542
INFO|2024-09-26 02:13:38: 	Train: PQ_Vm_rmse: 0.00115280  PQ_Va_rmse: 0.00874981  PV_Va_rmse: 0.00949811  delta_p: 0.04621453  delta_q: 0.01989288  
INFO|2024-09-26 02:13:38: 	ZTest: PQ_Vm_rmse: 0.00616505  PQ_Va_rmse: 0.03593310  PV_Va_rmse: 0.03871153  delta_p: 0.13462752  delta_q: 0.04523439  
INFO|2024-09-26 02:13:38: 	ZTest-ema: PQ_Vm_rmse: 0.006490  PQ_Va_rmse: 0.036551  PV_Va_rmse: 0.039904  delta_p: 0.098249  delta_q: 0.037527  
INFO|2024-09-26 02:13:38: 	           ValOfEMA:0.039904/0.036011,  Epoch:59/42
INFO|2024-09-26 02:13:38: 	Time(ep):762s,  Val(curr/best):0.038712/0.036753,  Epoch(curr/best):59/46
INFO|2024-09-26 02:13:38: -------------------- Epoch: 60 --------------------
INFO|2024-09-26 02:14:45: Epoch[060/100], iter[040/392], loss_total:0.82347, loss_equ:2.84257 loss_pq_vm:0.01485 loss_pq_va:0.18349 loss_pv_va:0.20723
INFO|2024-09-26 02:15:47: Epoch[060/100], iter[079/392], loss_total:0.72621, loss_equ:2.36328 loss_pq_vm:0.01299 loss_pq_va:0.16727 loss_pv_va:0.19275
INFO|2024-09-26 02:16:51: Epoch[060/100], iter[118/392], loss_total:0.68339, loss_equ:2.26287 loss_pq_vm:0.01252 loss_pq_va:0.15476 loss_pv_va:0.17716
INFO|2024-09-26 02:17:54: Epoch[060/100], iter[157/392], loss_total:0.78892, loss_equ:2.58245 loss_pq_vm:0.01679 loss_pq_va:0.16819 loss_pv_va:0.19456
INFO|2024-09-26 02:18:56: Epoch[060/100], iter[196/392], loss_total:0.76252, loss_equ:2.35741 loss_pq_vm:0.01361 loss_pq_va:0.18267 loss_pv_va:0.20797
INFO|2024-09-26 02:19:58: Epoch[060/100], iter[235/392], loss_total:0.69664, loss_equ:2.23349 loss_pq_vm:0.01262 loss_pq_va:0.16291 loss_pv_va:0.18415
INFO|2024-09-26 02:21:01: Epoch[060/100], iter[274/392], loss_total:0.66714, loss_equ:2.21545 loss_pq_vm:0.01155 loss_pq_va:0.15330 loss_pv_va:0.17683
INFO|2024-09-26 02:22:04: Epoch[060/100], iter[313/392], loss_total:0.75183, loss_equ:2.36981 loss_pq_vm:0.01351 loss_pq_va:0.17739 loss_pv_va:0.20239
INFO|2024-09-26 02:23:07: Epoch[060/100], iter[352/392], loss_total:0.72200, loss_equ:2.40242 loss_pq_vm:0.01251 loss_pq_va:0.16646 loss_pv_va:0.19020
INFO|2024-09-26 02:24:11: Epoch[060/100], iter[392/392], loss_total:0.70909, loss_equ:2.31032 loss_pq_vm:0.01254 loss_pq_va:0.16490 loss_pv_va:0.18777
INFO|2024-09-26 02:26:20: Epoch 59/100, lr:  0.00035204, eta: 8.46h, train_loss:  0.75210, valid_loss:  1.13061
INFO|2024-09-26 02:26:20: 	Train: PQ_Vm_rmse: 0.00097317  PQ_Va_rmse: 0.00691845  PV_Va_rmse: 0.00740198  delta_p: 0.04201772  delta_q: 0.01792189  
INFO|2024-09-26 02:26:20: 	ZTest: PQ_Vm_rmse: 0.00642417  PQ_Va_rmse: 0.03644220  PV_Va_rmse: 0.03967459  delta_p: 0.10533556  delta_q: 0.03854063  
INFO|2024-09-26 02:26:20: 	ZTest-ema: PQ_Vm_rmse: 0.006482  PQ_Va_rmse: 0.037031  PV_Va_rmse: 0.040456  delta_p: 0.097673  delta_q: 0.036828  
INFO|2024-09-26 02:26:20: 	           ValOfEMA:0.040456/0.036011,  Epoch:60/42
INFO|2024-09-26 02:26:21: 	Time(ep):761s,  Val(curr/best):0.039675/0.036753,  Epoch(curr/best):60/46
INFO|2024-09-26 02:26:21: -------------------- Epoch: 61 --------------------
INFO|2024-09-26 02:27:27: Epoch[061/100], iter[040/392], loss_total:0.73657, loss_equ:2.44306 loss_pq_vm:0.01318 loss_pq_va:0.16737 loss_pv_va:0.19307
INFO|2024-09-26 02:28:30: Epoch[061/100], iter[079/392], loss_total:0.73649, loss_equ:2.37045 loss_pq_vm:0.01448 loss_pq_va:0.16694 loss_pv_va:0.18766
INFO|2024-09-26 02:29:33: Epoch[061/100], iter[118/392], loss_total:0.73867, loss_equ:2.47686 loss_pq_vm:0.01399 loss_pq_va:0.16353 loss_pv_va:0.18759
INFO|2024-09-26 02:30:35: Epoch[061/100], iter[157/392], loss_total:0.71282, loss_equ:2.39955 loss_pq_vm:0.01312 loss_pq_va:0.15968 loss_pv_va:0.18196
INFO|2024-09-26 02:31:38: Epoch[061/100], iter[196/392], loss_total:0.69482, loss_equ:2.28692 loss_pq_vm:0.01210 loss_pq_va:0.16093 loss_pv_va:0.18419
INFO|2024-09-26 02:32:40: Epoch[061/100], iter[235/392], loss_total:0.70710, loss_equ:2.25500 loss_pq_vm:0.01251 loss_pq_va:0.16754 loss_pv_va:0.18895
INFO|2024-09-26 02:33:43: Epoch[061/100], iter[274/392], loss_total:0.70588, loss_equ:2.28725 loss_pq_vm:0.01215 loss_pq_va:0.16539 loss_pv_va:0.19025
INFO|2024-09-26 02:34:46: Epoch[061/100], iter[313/392], loss_total:0.73133, loss_equ:2.30727 loss_pq_vm:0.01330 loss_pq_va:0.17242 loss_pv_va:0.19520
INFO|2024-09-26 02:35:49: Epoch[061/100], iter[352/392], loss_total:0.81381, loss_equ:2.51391 loss_pq_vm:0.01469 loss_pq_va:0.19716 loss_pv_va:0.21841
INFO|2024-09-26 02:36:54: Epoch[061/100], iter[392/392], loss_total:0.71805, loss_equ:2.33982 loss_pq_vm:0.01272 loss_pq_va:0.16696 loss_pv_va:0.18993
INFO|2024-09-26 02:39:03: Epoch 60/100, lr:  0.00033732, eta: 8.26h, train_loss:  0.74292, valid_loss:  1.14556
INFO|2024-09-26 02:39:03: 	Train: PQ_Vm_rmse: 0.00095245  PQ_Va_rmse: 0.00679954  PV_Va_rmse: 0.00733019  delta_p: 0.03951934  delta_q: 0.01729083  
INFO|2024-09-26 02:39:03: 	ZTest: PQ_Vm_rmse: 0.00673212  PQ_Va_rmse: 0.03879037  PV_Va_rmse: 0.04191964  delta_p: 0.10696219  delta_q: 0.03840031  
INFO|2024-09-26 02:39:03: 	ZTest-ema: PQ_Vm_rmse: 0.006510  PQ_Va_rmse: 0.036530  PV_Va_rmse: 0.039849  delta_p: 0.097384  delta_q: 0.036100  
INFO|2024-09-26 02:39:03: 	           ValOfEMA:0.039849/0.036011,  Epoch:61/42
INFO|2024-09-26 02:39:04: 	Time(ep):762s,  Val(curr/best):0.041920/0.036753,  Epoch(curr/best):61/46
INFO|2024-09-26 02:39:04: -------------------- Epoch: 62 --------------------
INFO|2024-09-26 02:40:09: Epoch[062/100], iter[040/392], loss_total:0.80994, loss_equ:2.40042 loss_pq_vm:0.01381 loss_pq_va:0.20208 loss_pv_va:0.22970
INFO|2024-09-26 02:41:12: Epoch[062/100], iter[079/392], loss_total:0.75798, loss_equ:2.48001 loss_pq_vm:0.01419 loss_pq_va:0.17460 loss_pv_va:0.19353
INFO|2024-09-26 02:42:14: Epoch[062/100], iter[118/392], loss_total:0.71177, loss_equ:2.33853 loss_pq_vm:0.01275 loss_pq_va:0.16262 loss_pv_va:0.18778
INFO|2024-09-26 02:43:18: Epoch[062/100], iter[157/392], loss_total:0.77367, loss_equ:2.57790 loss_pq_vm:0.01434 loss_pq_va:0.17614 loss_pv_va:0.19636
INFO|2024-09-26 02:44:21: Epoch[062/100], iter[196/392], loss_total:0.72909, loss_equ:2.46962 loss_pq_vm:0.01227 loss_pq_va:0.16575 loss_pv_va:0.19370
INFO|2024-09-26 02:45:24: Epoch[062/100], iter[235/392], loss_total:0.72315, loss_equ:2.41342 loss_pq_vm:0.01269 loss_pq_va:0.16460 loss_pv_va:0.19031
INFO|2024-09-26 02:46:27: Epoch[062/100], iter[274/392], loss_total:0.70346, loss_equ:2.29701 loss_pq_vm:0.01232 loss_pq_va:0.16285 loss_pv_va:0.18771
INFO|2024-09-26 02:47:30: Epoch[062/100], iter[313/392], loss_total:0.75169, loss_equ:2.34615 loss_pq_vm:0.01562 loss_pq_va:0.16876 loss_pv_va:0.19208
INFO|2024-09-26 02:48:33: Epoch[062/100], iter[352/392], loss_total:0.74091, loss_equ:2.35356 loss_pq_vm:0.01264 loss_pq_va:0.17505 loss_pv_va:0.20412
INFO|2024-09-26 02:49:38: Epoch[062/100], iter[392/392], loss_total:0.70868, loss_equ:2.31984 loss_pq_vm:0.01196 loss_pq_va:0.16771 loss_pv_va:0.18940
INFO|2024-09-26 02:51:46: Epoch 61/100, lr:  0.00032278, eta: 8.05h, train_loss:  0.73726, valid_loss:  1.11779
INFO|2024-09-26 02:51:46: 	Train: PQ_Vm_rmse: 0.00090688  PQ_Va_rmse: 0.00666622  PV_Va_rmse: 0.00718696  delta_p: 0.04163049  delta_q: 0.01679288  
INFO|2024-09-26 02:51:46: 	ZTest: PQ_Vm_rmse: 0.00690115  PQ_Va_rmse: 0.03759233  PV_Va_rmse: 0.04067309  delta_p: 0.09937294  delta_q: 0.03675098  
INFO|2024-09-26 02:51:46: 	ZTest-ema: PQ_Vm_rmse: 0.006565  PQ_Va_rmse: 0.037486  PV_Va_rmse: 0.040579  delta_p: 0.095800  delta_q: 0.036154  
INFO|2024-09-26 02:51:46: 	           ValOfEMA:0.040579/0.036011,  Epoch:62/42
INFO|2024-09-26 02:51:47: 	Time(ep):762s,  Val(curr/best):0.040673/0.036753,  Epoch(curr/best):62/46
INFO|2024-09-26 02:51:47: -------------------- Epoch: 63 --------------------
INFO|2024-09-26 02:52:53: Epoch[063/100], iter[040/392], loss_total:0.69040, loss_equ:2.23705 loss_pq_vm:0.01343 loss_pq_va:0.15411 loss_pv_va:0.17824
INFO|2024-09-26 02:53:56: Epoch[063/100], iter[079/392], loss_total:0.68331, loss_equ:2.22223 loss_pq_vm:0.01128 loss_pq_va:0.16157 loss_pv_va:0.18675
INFO|2024-09-26 02:54:59: Epoch[063/100], iter[118/392], loss_total:0.75803, loss_equ:2.22381 loss_pq_vm:0.01193 loss_pq_va:0.19288 loss_pv_va:0.22344
INFO|2024-09-26 02:56:02: Epoch[063/100], iter[157/392], loss_total:0.68889, loss_equ:2.19952 loss_pq_vm:0.01235 loss_pq_va:0.16087 loss_pv_va:0.18452
INFO|2024-09-26 02:57:05: Epoch[063/100], iter[196/392], loss_total:0.70947, loss_equ:2.22584 loss_pq_vm:0.01308 loss_pq_va:0.16624 loss_pv_va:0.18987
INFO|2024-09-26 02:58:08: Epoch[063/100], iter[235/392], loss_total:0.70530, loss_equ:2.28383 loss_pq_vm:0.01343 loss_pq_va:0.15891 loss_pv_va:0.18365
INFO|2024-09-26 02:59:11: Epoch[063/100], iter[274/392], loss_total:0.71458, loss_equ:2.23248 loss_pq_vm:0.01248 loss_pq_va:0.17099 loss_pv_va:0.19559
INFO|2024-09-26 03:00:14: Epoch[063/100], iter[313/392], loss_total:0.70652, loss_equ:2.28104 loss_pq_vm:0.01270 loss_pq_va:0.16257 loss_pv_va:0.18889
INFO|2024-09-26 03:01:17: Epoch[063/100], iter[352/392], loss_total:0.70053, loss_equ:2.23482 loss_pq_vm:0.01280 loss_pq_va:0.16238 loss_pv_va:0.18670
INFO|2024-09-26 03:02:21: Epoch[063/100], iter[392/392], loss_total:0.66140, loss_equ:2.18464 loss_pq_vm:0.01096 loss_pq_va:0.15363 loss_pv_va:0.17974
INFO|2024-09-26 03:04:30: Epoch 62/100, lr:  0.00030841, eta: 7.84h, train_loss:  0.70814, valid_loss:  1.14230
INFO|2024-09-26 03:04:30: 	Train: PQ_Vm_rmse: 0.00088266  PQ_Va_rmse: 0.00660165  PV_Va_rmse: 0.00720247  delta_p: 0.03578407  delta_q: 0.01516767  
INFO|2024-09-26 03:04:30: 	ZTest: PQ_Vm_rmse: 0.00672051  PQ_Va_rmse: 0.03690064  PV_Va_rmse: 0.04014250  delta_p: 0.09866768  delta_q: 0.03681717  
INFO|2024-09-26 03:04:30: 	ZTest-ema: PQ_Vm_rmse: 0.006727  PQ_Va_rmse: 0.036517  PV_Va_rmse: 0.039551  delta_p: 0.097196  delta_q: 0.035730  
INFO|2024-09-26 03:04:30: 	           ValOfEMA:0.039551/0.036011,  Epoch:63/42
INFO|2024-09-26 03:04:31: 	Time(ep):762s,  Val(curr/best):0.040143/0.036753,  Epoch(curr/best):63/46
INFO|2024-09-26 03:04:31: -------------------- Epoch: 64 --------------------
INFO|2024-09-26 03:05:37: Epoch[064/100], iter[040/392], loss_total:0.73598, loss_equ:2.32399 loss_pq_vm:0.01281 loss_pq_va:0.17478 loss_pv_va:0.20069
INFO|2024-09-26 03:06:39: Epoch[064/100], iter[079/392], loss_total:0.72948, loss_equ:2.26220 loss_pq_vm:0.01330 loss_pq_va:0.17121 loss_pv_va:0.19907
INFO|2024-09-26 03:07:42: Epoch[064/100], iter[118/392], loss_total:0.70345, loss_equ:2.22455 loss_pq_vm:0.01247 loss_pq_va:0.16676 loss_pv_va:0.18955
INFO|2024-09-26 03:08:45: Epoch[064/100], iter[157/392], loss_total:0.68941, loss_equ:2.24593 loss_pq_vm:0.01210 loss_pq_va:0.16027 loss_pv_va:0.18354
INFO|2024-09-26 03:09:48: Epoch[064/100], iter[196/392], loss_total:0.66597, loss_equ:2.15776 loss_pq_vm:0.01261 loss_pq_va:0.15128 loss_pv_va:0.17284
INFO|2024-09-26 03:10:51: Epoch[064/100], iter[235/392], loss_total:0.65993, loss_equ:2.12791 loss_pq_vm:0.01160 loss_pq_va:0.15393 loss_pv_va:0.17719
INFO|2024-09-26 03:11:54: Epoch[064/100], iter[274/392], loss_total:0.69606, loss_equ:2.31516 loss_pq_vm:0.01236 loss_pq_va:0.15690 loss_pv_va:0.18400
INFO|2024-09-26 03:12:57: Epoch[064/100], iter[313/392], loss_total:0.67970, loss_equ:2.20662 loss_pq_vm:0.01216 loss_pq_va:0.15673 loss_pv_va:0.18068
INFO|2024-09-26 03:14:00: Epoch[064/100], iter[352/392], loss_total:0.76320, loss_equ:2.63162 loss_pq_vm:0.01356 loss_pq_va:0.16908 loss_pv_va:0.19535
INFO|2024-09-26 03:15:05: Epoch[064/100], iter[392/392], loss_total:0.91883, loss_equ:2.40854 loss_pq_vm:0.01446 loss_pq_va:0.24728 loss_pv_va:0.28609
INFO|2024-09-26 03:17:13: Epoch 63/100, lr:  0.00029424, eta: 7.62h, train_loss:  0.69963, valid_loss:  1.23355
INFO|2024-09-26 03:17:13: 	Train: PQ_Vm_rmse: 0.00086771  PQ_Va_rmse: 0.00600128  PV_Va_rmse: 0.00645869  delta_p: 0.03381006  delta_q: 0.01509538  
INFO|2024-09-26 03:17:13: 	ZTest: PQ_Vm_rmse: 0.00674838  PQ_Va_rmse: 0.04028560  PV_Va_rmse: 0.04350876  delta_p: 0.10271723  delta_q: 0.03920136  
INFO|2024-09-26 03:17:13: 	ZTest-ema: PQ_Vm_rmse: 0.006783  PQ_Va_rmse: 0.036771  PV_Va_rmse: 0.040189  delta_p: 0.093880  delta_q: 0.035224  
INFO|2024-09-26 03:17:13: 	           ValOfEMA:0.040189/0.036011,  Epoch:64/42
INFO|2024-09-26 03:17:14: 	Time(ep):762s,  Val(curr/best):0.043509/0.036753,  Epoch(curr/best):64/46
INFO|2024-09-26 03:17:14: -------------------- Epoch: 65 --------------------
INFO|2024-09-26 03:18:20: Epoch[065/100], iter[040/392], loss_total:0.69711, loss_equ:2.25769 loss_pq_vm:0.01231 loss_pq_va:0.16121 loss_pv_va:0.18700
INFO|2024-09-26 03:19:23: Epoch[065/100], iter[079/392], loss_total:0.69660, loss_equ:2.35278 loss_pq_vm:0.01215 loss_pq_va:0.15700 loss_pv_va:0.18278
INFO|2024-09-26 03:20:26: Epoch[065/100], iter[118/392], loss_total:0.95895, loss_equ:2.94216 loss_pq_vm:0.01508 loss_pq_va:0.23673 loss_pv_va:0.27721
INFO|2024-09-26 03:21:28: Epoch[065/100], iter[157/392], loss_total:0.80824, loss_equ:2.81419 loss_pq_vm:0.01430 loss_pq_va:0.17780 loss_pv_va:0.20600
INFO|2024-09-26 03:22:31: Epoch[065/100], iter[196/392], loss_total:0.66806, loss_equ:2.29415 loss_pq_vm:0.01148 loss_pq_va:0.15117 loss_pv_va:0.17269
INFO|2024-09-26 03:23:33: Epoch[065/100], iter[235/392], loss_total:0.69690, loss_equ:2.29138 loss_pq_vm:0.01248 loss_pq_va:0.16010 loss_pv_va:0.18283
INFO|2024-09-26 03:24:36: Epoch[065/100], iter[274/392], loss_total:0.71235, loss_equ:2.37758 loss_pq_vm:0.01252 loss_pq_va:0.16392 loss_pv_va:0.18550
INFO|2024-09-26 03:25:40: Epoch[065/100], iter[313/392], loss_total:0.65199, loss_equ:2.18813 loss_pq_vm:0.01212 loss_pq_va:0.14390 loss_pv_va:0.16806
INFO|2024-09-26 03:26:43: Epoch[065/100], iter[352/392], loss_total:0.65699, loss_equ:2.16980 loss_pq_vm:0.01160 loss_pq_va:0.15108 loss_pv_va:0.17294
INFO|2024-09-26 03:27:48: Epoch[065/100], iter[392/392], loss_total:0.71283, loss_equ:2.39130 loss_pq_vm:0.01253 loss_pq_va:0.16154 loss_pv_va:0.18683
INFO|2024-09-26 03:29:57: Epoch 64/100, lr:  0.00028027, eta: 7.41h, train_loss:  0.72443, valid_loss:  1.13127
INFO|2024-09-26 03:29:57: 	Train: PQ_Vm_rmse: 0.00089597  PQ_Va_rmse: 0.00612712  PV_Va_rmse: 0.00657155  delta_p: 0.03900826  delta_q: 0.01668004  
INFO|2024-09-26 03:29:57: 	ZTest: PQ_Vm_rmse: 0.00666033  PQ_Va_rmse: 0.03646696  PV_Va_rmse: 0.03902020  delta_p: 0.10314414  delta_q: 0.03719459  
INFO|2024-09-26 03:29:57: 	ZTest-ema: PQ_Vm_rmse: 0.006854  PQ_Va_rmse: 0.037387  PV_Va_rmse: 0.040257  delta_p: 0.096188  delta_q: 0.035558  
INFO|2024-09-26 03:29:57: 	           ValOfEMA:0.040257/0.036011,  Epoch:65/42
INFO|2024-09-26 03:29:57: 	Time(ep):762s,  Val(curr/best):0.039020/0.036753,  Epoch(curr/best):65/46
INFO|2024-09-26 03:29:57: -------------------- Epoch: 66 --------------------
INFO|2024-09-26 03:31:03: Epoch[066/100], iter[040/392], loss_total:0.68523, loss_equ:2.22133 loss_pq_vm:0.01211 loss_pq_va:0.15883 loss_pv_va:0.18317
INFO|2024-09-26 03:32:06: Epoch[066/100], iter[079/392], loss_total:0.66570, loss_equ:2.33277 loss_pq_vm:0.01102 loss_pq_va:0.14824 loss_pv_va:0.17402
INFO|2024-09-26 03:33:09: Epoch[066/100], iter[118/392], loss_total:0.66477, loss_equ:2.17681 loss_pq_vm:0.01189 loss_pq_va:0.15253 loss_pv_va:0.17566
INFO|2024-09-26 03:34:12: Epoch[066/100], iter[157/392], loss_total:0.68969, loss_equ:2.23780 loss_pq_vm:0.01210 loss_pq_va:0.15978 loss_pv_va:0.18516
INFO|2024-09-26 03:35:15: Epoch[066/100], iter[196/392], loss_total:0.63402, loss_equ:2.11704 loss_pq_vm:0.01097 loss_pq_va:0.14511 loss_pv_va:0.16751
INFO|2024-09-26 03:36:18: Epoch[066/100], iter[235/392], loss_total:0.68574, loss_equ:2.23853 loss_pq_vm:0.01208 loss_pq_va:0.15781 loss_pv_va:0.18327
INFO|2024-09-26 03:37:21: Epoch[066/100], iter[274/392], loss_total:0.72003, loss_equ:2.18889 loss_pq_vm:0.01220 loss_pq_va:0.17727 loss_pv_va:0.20183
INFO|2024-09-26 03:38:25: Epoch[066/100], iter[313/392], loss_total:0.78434, loss_equ:2.64767 loss_pq_vm:0.01358 loss_pq_va:0.17948 loss_pv_va:0.20431
INFO|2024-09-26 03:39:28: Epoch[066/100], iter[352/392], loss_total:0.67977, loss_equ:2.30154 loss_pq_vm:0.01192 loss_pq_va:0.15418 loss_pv_va:0.17622
INFO|2024-09-26 03:40:32: Epoch[066/100], iter[392/392], loss_total:0.77869, loss_equ:2.43152 loss_pq_vm:0.01320 loss_pq_va:0.18628 loss_pv_va:0.21727
INFO|2024-09-26 03:42:41: Epoch 65/100, lr:  0.00026653, eta: 7.21h, train_loss:  0.70946, valid_loss:  1.13079
INFO|2024-09-26 03:42:41: 	Train: PQ_Vm_rmse: 0.00086649  PQ_Va_rmse: 0.00597686  PV_Va_rmse: 0.00640089  delta_p: 0.03486937  delta_q: 0.01570015  
INFO|2024-09-26 03:42:41: 	ZTest: PQ_Vm_rmse: 0.00642741  PQ_Va_rmse: 0.03517741  PV_Va_rmse: 0.03865558  delta_p: 0.09650272  delta_q: 0.03719684  
INFO|2024-09-26 03:42:41: 	ZTest-ema: PQ_Vm_rmse: 0.006260  PQ_Va_rmse: 0.034903  PV_Va_rmse: 0.037906  delta_p: 0.091836  delta_q: 0.034187  
INFO|2024-09-26 03:42:41: 	           ValOfEMA:0.037906/0.036011,  Epoch:66/42
INFO|2024-09-26 03:42:42: 	Time(ep):763s,  Val(curr/best):0.038656/0.036753,  Epoch(curr/best):66/46
INFO|2024-09-26 03:42:42: -------------------- Epoch: 67 --------------------
INFO|2024-09-26 03:43:48: Epoch[067/100], iter[040/392], loss_total:0.70897, loss_equ:2.41071 loss_pq_vm:0.01325 loss_pq_va:0.15527 loss_pv_va:0.18014
INFO|2024-09-26 03:44:51: Epoch[067/100], iter[079/392], loss_total:0.66059, loss_equ:2.23837 loss_pq_vm:0.01226 loss_pq_va:0.14518 loss_pv_va:0.16899
INFO|2024-09-26 03:45:53: Epoch[067/100], iter[118/392], loss_total:0.64098, loss_equ:2.15306 loss_pq_vm:0.01102 loss_pq_va:0.14518 loss_pv_va:0.17026
INFO|2024-09-26 03:46:56: Epoch[067/100], iter[157/392], loss_total:0.73060, loss_equ:2.24581 loss_pq_vm:0.01359 loss_pq_va:0.17541 loss_pv_va:0.19473
INFO|2024-09-26 03:47:59: Epoch[067/100], iter[196/392], loss_total:0.65517, loss_equ:2.19045 loss_pq_vm:0.01131 loss_pq_va:0.15008 loss_pv_va:0.17290
INFO|2024-09-26 03:49:02: Epoch[067/100], iter[235/392], loss_total:0.69640, loss_equ:2.31918 loss_pq_vm:0.01251 loss_pq_va:0.15755 loss_pv_va:0.18186
INFO|2024-09-26 03:50:05: Epoch[067/100], iter[274/392], loss_total:0.69736, loss_equ:2.24361 loss_pq_vm:0.01131 loss_pq_va:0.16805 loss_pv_va:0.19189
INFO|2024-09-26 03:51:08: Epoch[067/100], iter[313/392], loss_total:0.70143, loss_equ:2.17309 loss_pq_vm:0.01250 loss_pq_va:0.16853 loss_pv_va:0.19054
INFO|2024-09-26 03:52:11: Epoch[067/100], iter[352/392], loss_total:0.69060, loss_equ:2.14407 loss_pq_vm:0.01143 loss_pq_va:0.16696 loss_pv_va:0.19497
INFO|2024-09-26 03:53:15: Epoch[067/100], iter[392/392], loss_total:0.65073, loss_equ:2.14107 loss_pq_vm:0.01181 loss_pq_va:0.14801 loss_pv_va:0.17050
INFO|2024-09-26 03:55:25: Epoch 66/100, lr:  0.00025302, eta: 6.99h, train_loss:  0.69038, valid_loss:  1.08633
INFO|2024-09-26 03:55:25: 	Train: PQ_Vm_rmse: 0.00083435  PQ_Va_rmse: 0.00590376  PV_Va_rmse: 0.00634546  delta_p: 0.03341777  delta_q: 0.01484416  
INFO|2024-09-26 03:55:25: 	ZTest: PQ_Vm_rmse: 0.00659903  PQ_Va_rmse: 0.03735911  PV_Va_rmse: 0.04061618  delta_p: 0.09606077  delta_q: 0.03521265  
INFO|2024-09-26 03:55:25: 	ZTest-ema: PQ_Vm_rmse: 0.006310  PQ_Va_rmse: 0.035532  PV_Va_rmse: 0.038633  delta_p: 0.091108  delta_q: 0.033826  
INFO|2024-09-26 03:55:25: 	           ValOfEMA:0.038633/0.036011,  Epoch:67/42
INFO|2024-09-26 03:55:26: 	Time(ep):762s,  Val(curr/best):0.040616/0.036753,  Epoch(curr/best):67/46
INFO|2024-09-26 03:55:26: -------------------- Epoch: 68 --------------------
INFO|2024-09-26 03:56:31: Epoch[068/100], iter[040/392], loss_total:0.68028, loss_equ:2.19120 loss_pq_vm:0.01193 loss_pq_va:0.15963 loss_pv_va:0.18219
INFO|2024-09-26 03:57:35: Epoch[068/100], iter[079/392], loss_total:0.64504, loss_equ:2.13728 loss_pq_vm:0.01063 loss_pq_va:0.15065 loss_pv_va:0.17438
INFO|2024-09-26 03:58:38: Epoch[068/100], iter[118/392], loss_total:0.66545, loss_equ:2.20646 loss_pq_vm:0.01134 loss_pq_va:0.15356 loss_pv_va:0.17784
INFO|2024-09-26 03:59:41: Epoch[068/100], iter[157/392], loss_total:0.70450, loss_equ:2.22831 loss_pq_vm:0.01548 loss_pq_va:0.15173 loss_pv_va:0.17513
INFO|2024-09-26 04:00:44: Epoch[068/100], iter[196/392], loss_total:0.68200, loss_equ:2.22399 loss_pq_vm:0.01345 loss_pq_va:0.14929 loss_pv_va:0.17577
INFO|2024-09-26 04:01:47: Epoch[068/100], iter[235/392], loss_total:0.67805, loss_equ:2.15297 loss_pq_vm:0.01260 loss_pq_va:0.15698 loss_pv_va:0.17978
INFO|2024-09-26 04:02:50: Epoch[068/100], iter[274/392], loss_total:0.68057, loss_equ:2.26829 loss_pq_vm:0.01148 loss_pq_va:0.15768 loss_pv_va:0.18121
INFO|2024-09-26 04:03:53: Epoch[068/100], iter[313/392], loss_total:0.66632, loss_equ:2.19763 loss_pq_vm:0.01141 loss_pq_va:0.15341 loss_pv_va:0.17903
INFO|2024-09-26 04:04:56: Epoch[068/100], iter[352/392], loss_total:0.65997, loss_equ:2.19369 loss_pq_vm:0.01178 loss_pq_va:0.15043 loss_pv_va:0.17241
INFO|2024-09-26 04:06:00: Epoch[068/100], iter[392/392], loss_total:0.64828, loss_equ:2.10504 loss_pq_vm:0.01142 loss_pq_va:0.15116 loss_pv_va:0.17243
INFO|2024-09-26 04:08:10: Epoch 67/100, lr:  0.00023977, eta: 6.79h, train_loss:  0.67918, valid_loss:  1.08593
INFO|2024-09-26 04:08:10: 	Train: PQ_Vm_rmse: 0.00080352  PQ_Va_rmse: 0.00554516  PV_Va_rmse: 0.00594489  delta_p: 0.03193607  delta_q: 0.01434363  
INFO|2024-09-26 04:08:10: 	ZTest: PQ_Vm_rmse: 0.00650868  PQ_Va_rmse: 0.03602714  PV_Va_rmse: 0.03892368  delta_p: 0.09296046  delta_q: 0.03508603  
INFO|2024-09-26 04:08:10: 	ZTest-ema: PQ_Vm_rmse: 0.006446  PQ_Va_rmse: 0.035493  PV_Va_rmse: 0.038572  delta_p: 0.088117  delta_q: 0.033534  
INFO|2024-09-26 04:08:10: 	           ValOfEMA:0.038572/0.036011,  Epoch:68/42
INFO|2024-09-26 04:08:10: 	Time(ep):763s,  Val(curr/best):0.038924/0.036753,  Epoch(curr/best):68/46
INFO|2024-09-26 04:08:10: -------------------- Epoch: 69 --------------------
INFO|2024-09-26 04:09:16: Epoch[069/100], iter[040/392], loss_total:0.69378, loss_equ:2.17048 loss_pq_vm:0.01235 loss_pq_va:0.16598 loss_pv_va:0.18730
INFO|2024-09-26 04:10:19: Epoch[069/100], iter[079/392], loss_total:0.65181, loss_equ:2.17347 loss_pq_vm:0.01134 loss_pq_va:0.14925 loss_pv_va:0.17180
INFO|2024-09-26 04:11:22: Epoch[069/100], iter[118/392], loss_total:0.64754, loss_equ:2.13880 loss_pq_vm:0.01126 loss_pq_va:0.14936 loss_pv_va:0.17169
INFO|2024-09-26 04:12:25: Epoch[069/100], iter[157/392], loss_total:0.71950, loss_equ:2.33345 loss_pq_vm:0.01637 loss_pq_va:0.14967 loss_pv_va:0.17278
INFO|2024-09-26 04:13:28: Epoch[069/100], iter[196/392], loss_total:0.63355, loss_equ:2.18261 loss_pq_vm:0.01198 loss_pq_va:0.13513 loss_pv_va:0.16036
INFO|2024-09-26 04:14:32: Epoch[069/100], iter[235/392], loss_total:0.71935, loss_equ:2.34831 loss_pq_vm:0.01482 loss_pq_va:0.15557 loss_pv_va:0.18075
INFO|2024-09-26 04:15:35: Epoch[069/100], iter[274/392], loss_total:0.68759, loss_equ:2.21663 loss_pq_vm:0.01187 loss_pq_va:0.16510 loss_pv_va:0.18213
INFO|2024-09-26 04:16:38: Epoch[069/100], iter[313/392], loss_total:0.68604, loss_equ:2.27697 loss_pq_vm:0.01176 loss_pq_va:0.15928 loss_pv_va:0.18147
INFO|2024-09-26 04:17:40: Epoch[069/100], iter[352/392], loss_total:0.66152, loss_equ:2.20449 loss_pq_vm:0.01138 loss_pq_va:0.15185 loss_pv_va:0.17546
INFO|2024-09-26 04:18:44: Epoch[069/100], iter[392/392], loss_total:0.65192, loss_equ:2.12696 loss_pq_vm:0.01103 loss_pq_va:0.15142 loss_pv_va:0.17753
INFO|2024-09-26 04:20:54: Epoch 68/100, lr:  0.00022677, eta: 6.57h, train_loss:  0.66949, valid_loss:  1.09066
INFO|2024-09-26 04:20:54: 	Train: PQ_Vm_rmse: 0.00078631  PQ_Va_rmse: 0.00514897  PV_Va_rmse: 0.00549072  delta_p: 0.03282953  delta_q: 0.01425347  
INFO|2024-09-26 04:20:54: 	ZTest: PQ_Vm_rmse: 0.00653020  PQ_Va_rmse: 0.03631081  PV_Va_rmse: 0.03961021  delta_p: 0.09743082  delta_q: 0.03508206  
INFO|2024-09-26 04:20:54: 	ZTest-ema: PQ_Vm_rmse: 0.006610  PQ_Va_rmse: 0.036404  PV_Va_rmse: 0.039674  delta_p: 0.090636  delta_q: 0.033680  
INFO|2024-09-26 04:20:54: 	           ValOfEMA:0.039674/0.036011,  Epoch:69/42
INFO|2024-09-26 04:20:54: 	Time(ep):763s,  Val(curr/best):0.039610/0.036753,  Epoch(curr/best):69/46
INFO|2024-09-26 04:20:54: -------------------- Epoch: 70 --------------------
INFO|2024-09-26 04:22:00: Epoch[070/100], iter[040/392], loss_total:0.65985, loss_equ:2.16842 loss_pq_vm:0.01120 loss_pq_va:0.15379 loss_pv_va:0.17724
INFO|2024-09-26 04:23:03: Epoch[070/100], iter[079/392], loss_total:0.65160, loss_equ:2.06407 loss_pq_vm:0.01045 loss_pq_va:0.15829 loss_pv_va:0.18240
INFO|2024-09-26 04:24:06: Epoch[070/100], iter[118/392], loss_total:0.62351, loss_equ:2.09751 loss_pq_vm:0.01096 loss_pq_va:0.13945 loss_pv_va:0.16466
INFO|2024-09-26 04:25:09: Epoch[070/100], iter[157/392], loss_total:0.62874, loss_equ:2.13854 loss_pq_vm:0.01111 loss_pq_va:0.14045 loss_pv_va:0.16336
INFO|2024-09-26 04:26:12: Epoch[070/100], iter[196/392], loss_total:0.63943, loss_equ:2.09598 loss_pq_vm:0.01142 loss_pq_va:0.14641 loss_pv_va:0.16920
INFO|2024-09-26 04:27:15: Epoch[070/100], iter[235/392], loss_total:0.61134, loss_equ:2.07381 loss_pq_vm:0.01046 loss_pq_va:0.13804 loss_pv_va:0.16127
INFO|2024-09-26 04:28:18: Epoch[070/100], iter[274/392], loss_total:0.67165, loss_equ:2.17004 loss_pq_vm:0.01241 loss_pq_va:0.15430 loss_pv_va:0.17629
INFO|2024-09-26 04:29:21: Epoch[070/100], iter[313/392], loss_total:0.79222, loss_equ:2.54780 loss_pq_vm:0.01624 loss_pq_va:0.17490 loss_pv_va:0.20010
INFO|2024-09-26 04:30:25: Epoch[070/100], iter[352/392], loss_total:0.66704, loss_equ:2.20154 loss_pq_vm:0.01212 loss_pq_va:0.15064 loss_pv_va:0.17508
INFO|2024-09-26 04:31:29: Epoch[070/100], iter[392/392], loss_total:0.64332, loss_equ:2.16302 loss_pq_vm:0.01073 loss_pq_va:0.14760 loss_pv_va:0.17214
INFO|2024-09-26 04:33:38: Epoch 69/100, lr:  0.00021405, eta: 6.37h, train_loss:  0.66365, valid_loss:  1.07999
INFO|2024-09-26 04:33:38: 	Train: PQ_Vm_rmse: 0.00077671  PQ_Va_rmse: 0.00505874  PV_Va_rmse: 0.00536700  delta_p: 0.03178174  delta_q: 0.01421172  
INFO|2024-09-26 04:33:38: 	ZTest: PQ_Vm_rmse: 0.00667950  PQ_Va_rmse: 0.03725484  PV_Va_rmse: 0.04061436  delta_p: 0.09658440  delta_q: 0.03606793  
INFO|2024-09-26 04:33:38: 	ZTest-ema: PQ_Vm_rmse: 0.006390  PQ_Va_rmse: 0.036181  PV_Va_rmse: 0.040000  delta_p: 0.091717  delta_q: 0.034152  
INFO|2024-09-26 04:33:38: 	           ValOfEMA:0.040000/0.036011,  Epoch:70/42
INFO|2024-09-26 04:33:39: 	Time(ep):763s,  Val(curr/best):0.040614/0.036753,  Epoch(curr/best):70/46
INFO|2024-09-26 04:33:39: -------------------- Epoch: 71 --------------------
INFO|2024-09-26 04:34:45: Epoch[071/100], iter[040/392], loss_total:0.65872, loss_equ:2.15451 loss_pq_vm:0.01202 loss_pq_va:0.14927 loss_pv_va:0.17380
INFO|2024-09-26 04:35:48: Epoch[071/100], iter[079/392], loss_total:0.62414, loss_equ:2.12179 loss_pq_vm:0.01040 loss_pq_va:0.14178 loss_pv_va:0.16614
INFO|2024-09-26 04:36:51: Epoch[071/100], iter[118/392], loss_total:0.62613, loss_equ:2.12270 loss_pq_vm:0.01118 loss_pq_va:0.13863 loss_pv_va:0.16343
INFO|2024-09-26 04:37:54: Epoch[071/100], iter[157/392], loss_total:0.65038, loss_equ:2.12239 loss_pq_vm:0.01197 loss_pq_va:0.14699 loss_pv_va:0.17148
INFO|2024-09-26 04:38:57: Epoch[071/100], iter[196/392], loss_total:0.65973, loss_equ:2.20444 loss_pq_vm:0.01270 loss_pq_va:0.14407 loss_pv_va:0.16819
INFO|2024-09-26 04:40:00: Epoch[071/100], iter[235/392], loss_total:0.66202, loss_equ:2.21249 loss_pq_vm:0.01165 loss_pq_va:0.14996 loss_pv_va:0.17432
INFO|2024-09-26 04:41:04: Epoch[071/100], iter[274/392], loss_total:0.61816, loss_equ:2.10061 loss_pq_vm:0.01093 loss_pq_va:0.13825 loss_pv_va:0.16051
INFO|2024-09-26 04:42:07: Epoch[071/100], iter[313/392], loss_total:0.65655, loss_equ:2.16866 loss_pq_vm:0.01155 loss_pq_va:0.15085 loss_pv_va:0.17330
INFO|2024-09-26 04:43:10: Epoch[071/100], iter[352/392], loss_total:0.63131, loss_equ:2.15333 loss_pq_vm:0.01091 loss_pq_va:0.14083 loss_pv_va:0.16606
INFO|2024-09-26 04:44:13: Epoch[071/100], iter[392/392], loss_total:0.67765, loss_equ:2.19993 loss_pq_vm:0.01184 loss_pq_va:0.15885 loss_pv_va:0.18041
INFO|2024-09-26 04:46:23: Epoch 70/100, lr:  0.00020161, eta: 6.15h, train_loss:  0.65875, valid_loss:  1.08376
INFO|2024-09-26 04:46:23: 	Train: PQ_Vm_rmse: 0.00075627  PQ_Va_rmse: 0.00495702  PV_Va_rmse: 0.00526511  delta_p: 0.03092455  delta_q: 0.01361137  
INFO|2024-09-26 04:46:23: 	ZTest: PQ_Vm_rmse: 0.00659304  PQ_Va_rmse: 0.03709075  PV_Va_rmse: 0.04086171  delta_p: 0.09505077  delta_q: 0.03456809  
INFO|2024-09-26 04:46:23: 	ZTest-ema: PQ_Vm_rmse: 0.006519  PQ_Va_rmse: 0.035770  PV_Va_rmse: 0.038722  delta_p: 0.090921  delta_q: 0.033256  
INFO|2024-09-26 04:46:23: 	           ValOfEMA:0.038722/0.036011,  Epoch:71/42
INFO|2024-09-26 04:46:24: 	Time(ep):763s,  Val(curr/best):0.040862/0.036753,  Epoch(curr/best):71/46
INFO|2024-09-26 04:46:24: -------------------- Epoch: 72 --------------------
INFO|2024-09-26 04:47:29: Epoch[072/100], iter[040/392], loss_total:0.67083, loss_equ:2.06527 loss_pq_vm:0.01175 loss_pq_va:0.16136 loss_pv_va:0.18546
INFO|2024-09-26 04:48:33: Epoch[072/100], iter[079/392], loss_total:0.67005, loss_equ:2.12239 loss_pq_vm:0.01060 loss_pq_va:0.16401 loss_pv_va:0.18782
INFO|2024-09-26 04:49:36: Epoch[072/100], iter[118/392], loss_total:0.63089, loss_equ:2.08736 loss_pq_vm:0.01098 loss_pq_va:0.14459 loss_pv_va:0.16773
INFO|2024-09-26 04:50:39: Epoch[072/100], iter[157/392], loss_total:0.60987, loss_equ:2.00631 loss_pq_vm:0.01079 loss_pq_va:0.13984 loss_pv_va:0.16152
INFO|2024-09-26 04:51:42: Epoch[072/100], iter[196/392], loss_total:0.70227, loss_equ:2.25079 loss_pq_vm:0.01318 loss_pq_va:0.15977 loss_pv_va:0.18562
INFO|2024-09-26 04:52:45: Epoch[072/100], iter[235/392], loss_total:0.74381, loss_equ:2.17455 loss_pq_vm:0.01196 loss_pq_va:0.19023 loss_pv_va:0.21649
INFO|2024-09-26 04:53:48: Epoch[072/100], iter[274/392], loss_total:0.71140, loss_equ:2.21159 loss_pq_vm:0.01419 loss_pq_va:0.16229 loss_pv_va:0.18604
INFO|2024-09-26 04:54:51: Epoch[072/100], iter[313/392], loss_total:0.65873, loss_equ:2.22950 loss_pq_vm:0.01096 loss_pq_va:0.15196 loss_pv_va:0.17419
INFO|2024-09-26 04:55:54: Epoch[072/100], iter[352/392], loss_total:0.65125, loss_equ:2.15430 loss_pq_vm:0.01096 loss_pq_va:0.15078 loss_pv_va:0.17545
INFO|2024-09-26 04:56:58: Epoch[072/100], iter[392/392], loss_total:0.63514, loss_equ:2.09720 loss_pq_vm:0.01098 loss_pq_va:0.14561 loss_pv_va:0.17000
INFO|2024-09-26 04:59:07: Epoch 71/100, lr:  0.00018948, eta: 5.94h, train_loss:  0.65584, valid_loss:  1.06640
INFO|2024-09-26 04:59:07: 	Train: PQ_Vm_rmse: 0.00073097  PQ_Va_rmse: 0.00510226  PV_Va_rmse: 0.00544335  delta_p: 0.02935642  delta_q: 0.01317043  
INFO|2024-09-26 04:59:07: 	ZTest: PQ_Vm_rmse: 0.00644924  PQ_Va_rmse: 0.03725945  PV_Va_rmse: 0.04104496  delta_p: 0.09231348  delta_q: 0.03426901  
INFO|2024-09-26 04:59:07: 	ZTest-ema: PQ_Vm_rmse: 0.006313  PQ_Va_rmse: 0.036238  PV_Va_rmse: 0.039863  delta_p: 0.090008  delta_q: 0.033636  
INFO|2024-09-26 04:59:07: 	           ValOfEMA:0.039863/0.036011,  Epoch:72/42
INFO|2024-09-26 04:59:08: 	Time(ep):763s,  Val(curr/best):0.041045/0.036753,  Epoch(curr/best):72/46
INFO|2024-09-26 04:59:08: -------------------- Epoch: 73 --------------------
INFO|2024-09-26 05:00:14: Epoch[073/100], iter[040/392], loss_total:0.62041, loss_equ:2.07841 loss_pq_vm:0.01066 loss_pq_va:0.13974 loss_pv_va:0.16619
INFO|2024-09-26 05:01:17: Epoch[073/100], iter[079/392], loss_total:0.65269, loss_equ:2.11631 loss_pq_vm:0.01139 loss_pq_va:0.15144 loss_pv_va:0.17570
INFO|2024-09-26 05:02:19: Epoch[073/100], iter[118/392], loss_total:0.63363, loss_equ:2.03633 loss_pq_vm:0.01096 loss_pq_va:0.14850 loss_pv_va:0.17191
INFO|2024-09-26 05:03:22: Epoch[073/100], iter[157/392], loss_total:0.62245, loss_equ:2.04946 loss_pq_vm:0.01055 loss_pq_va:0.14466 loss_pv_va:0.16730
INFO|2024-09-26 05:04:25: Epoch[073/100], iter[196/392], loss_total:0.63163, loss_equ:2.05164 loss_pq_vm:0.01126 loss_pq_va:0.14578 loss_pv_va:0.16806
INFO|2024-09-26 05:05:28: Epoch[073/100], iter[235/392], loss_total:0.78979, loss_equ:2.23372 loss_pq_vm:0.01308 loss_pq_va:0.19889 loss_pv_va:0.23675
INFO|2024-09-26 05:06:31: Epoch[073/100], iter[274/392], loss_total:0.60818, loss_equ:2.04773 loss_pq_vm:0.01060 loss_pq_va:0.13674 loss_pv_va:0.16065
INFO|2024-09-26 05:07:34: Epoch[073/100], iter[313/392], loss_total:0.62581, loss_equ:2.08190 loss_pq_vm:0.01080 loss_pq_va:0.14240 loss_pv_va:0.16721
INFO|2024-09-26 05:08:37: Epoch[073/100], iter[352/392], loss_total:0.61826, loss_equ:2.07023 loss_pq_vm:0.01059 loss_pq_va:0.14120 loss_pv_va:0.16413
INFO|2024-09-26 05:09:41: Epoch[073/100], iter[392/392], loss_total:0.65636, loss_equ:2.16178 loss_pq_vm:0.01226 loss_pq_va:0.14573 loss_pv_va:0.17186
INFO|2024-09-26 05:11:50: Epoch 72/100, lr:  0.00017765, eta: 5.72h, train_loss:  0.64732, valid_loss:  1.07648
INFO|2024-09-26 05:11:50: 	Train: PQ_Vm_rmse: 0.00073495  PQ_Va_rmse: 0.00499448  PV_Va_rmse: 0.00537273  delta_p: 0.02840738  delta_q: 0.01328130  
INFO|2024-09-26 05:11:50: 	ZTest: PQ_Vm_rmse: 0.00681484  PQ_Va_rmse: 0.03776534  PV_Va_rmse: 0.04142691  delta_p: 0.09192161  delta_q: 0.03540601  
INFO|2024-09-26 05:11:50: 	ZTest-ema: PQ_Vm_rmse: 0.006553  PQ_Va_rmse: 0.037294  PV_Va_rmse: 0.040819  delta_p: 0.090854  delta_q: 0.033671  
INFO|2024-09-26 05:11:50: 	           ValOfEMA:0.040819/0.036011,  Epoch:73/42
INFO|2024-09-26 05:11:51: 	Time(ep):762s,  Val(curr/best):0.041427/0.036753,  Epoch(curr/best):73/46
INFO|2024-09-26 05:11:51: -------------------- Epoch: 74 --------------------
INFO|2024-09-26 05:12:57: Epoch[074/100], iter[040/392], loss_total:0.62819, loss_equ:2.04386 loss_pq_vm:0.01084 loss_pq_va:0.14565 loss_pv_va:0.16980
INFO|2024-09-26 05:14:00: Epoch[074/100], iter[079/392], loss_total:0.61843, loss_equ:2.01884 loss_pq_vm:0.01051 loss_pq_va:0.14441 loss_pv_va:0.16704
INFO|2024-09-26 05:15:03: Epoch[074/100], iter[118/392], loss_total:0.62108, loss_equ:2.03411 loss_pq_vm:0.01060 loss_pq_va:0.14358 loss_pv_va:0.16811
INFO|2024-09-26 05:16:06: Epoch[074/100], iter[157/392], loss_total:0.60304, loss_equ:1.99144 loss_pq_vm:0.01019 loss_pq_va:0.14009 loss_pv_va:0.16194
INFO|2024-09-26 05:17:09: Epoch[074/100], iter[196/392], loss_total:0.64242, loss_equ:2.07124 loss_pq_vm:0.01102 loss_pq_va:0.15107 loss_pv_va:0.17402
INFO|2024-09-26 05:18:12: Epoch[074/100], iter[235/392], loss_total:0.69520, loss_equ:2.13164 loss_pq_vm:0.01114 loss_pq_va:0.17082 loss_pv_va:0.19978
INFO|2024-09-26 05:19:15: Epoch[074/100], iter[274/392], loss_total:0.61691, loss_equ:2.02172 loss_pq_vm:0.01111 loss_pq_va:0.13977 loss_pv_va:0.16384
INFO|2024-09-26 05:20:18: Epoch[074/100], iter[313/392], loss_total:0.64060, loss_equ:2.07761 loss_pq_vm:0.01146 loss_pq_va:0.14788 loss_pv_va:0.17039
INFO|2024-09-26 05:21:22: Epoch[074/100], iter[352/392], loss_total:0.60551, loss_equ:2.04861 loss_pq_vm:0.01061 loss_pq_va:0.13640 loss_pv_va:0.15819
INFO|2024-09-26 05:22:26: Epoch[074/100], iter[392/392], loss_total:0.62806, loss_equ:2.07982 loss_pq_vm:0.01080 loss_pq_va:0.14318 loss_pv_va:0.16889
INFO|2024-09-26 05:24:35: Epoch 73/100, lr:  0.00016615, eta: 5.51h, train_loss:  0.62760, valid_loss:  1.08066
INFO|2024-09-26 05:24:35: 	Train: PQ_Vm_rmse: 0.00069379  PQ_Va_rmse: 0.00447157  PV_Va_rmse: 0.00474947  delta_p: 0.02601062  delta_q: 0.01216996  
INFO|2024-09-26 05:24:35: 	ZTest: PQ_Vm_rmse: 0.00606825  PQ_Va_rmse: 0.03617704  PV_Va_rmse: 0.04026944  delta_p: 0.08814697  delta_q: 0.03220835  
INFO|2024-09-26 05:24:35: 	ZTest-ema: PQ_Vm_rmse: 0.006366  PQ_Va_rmse: 0.037135  PV_Va_rmse: 0.041400  delta_p: 0.084845  delta_q: 0.031950  
INFO|2024-09-26 05:24:35: 	           ValOfEMA:0.041400/0.036011,  Epoch:74/42
INFO|2024-09-26 05:24:35: 	Time(ep):763s,  Val(curr/best):0.040269/0.036753,  Epoch(curr/best):74/46
INFO|2024-09-26 05:24:35: -------------------- Epoch: 75 --------------------
INFO|2024-09-26 05:25:42: Epoch[075/100], iter[040/392], loss_total:0.59987, loss_equ:2.00791 loss_pq_vm:0.01023 loss_pq_va:0.13660 loss_pv_va:0.16022
INFO|2024-09-26 05:26:45: Epoch[075/100], iter[079/392], loss_total:0.60890, loss_equ:2.01879 loss_pq_vm:0.01002 loss_pq_va:0.14101 loss_pv_va:0.16579
INFO|2024-09-26 05:27:48: Epoch[075/100], iter[118/392], loss_total:0.58647, loss_equ:1.99484 loss_pq_vm:0.00994 loss_pq_va:0.13197 loss_pv_va:0.15562
INFO|2024-09-26 05:28:52: Epoch[075/100], iter[157/392], loss_total:0.60789, loss_equ:2.00245 loss_pq_vm:0.01011 loss_pq_va:0.14139 loss_pv_va:0.16511
INFO|2024-09-26 05:29:55: Epoch[075/100], iter[196/392], loss_total:0.62151, loss_equ:2.05597 loss_pq_vm:0.01138 loss_pq_va:0.13990 loss_pv_va:0.16224
INFO|2024-09-26 05:30:57: Epoch[075/100], iter[235/392], loss_total:0.61340, loss_equ:2.12362 loss_pq_vm:0.01042 loss_pq_va:0.13652 loss_pv_va:0.16033
INFO|2024-09-26 05:31:59: Epoch[075/100], iter[274/392], loss_total:0.63830, loss_equ:2.22428 loss_pq_vm:0.01083 loss_pq_va:0.14239 loss_pv_va:0.16519
INFO|2024-09-26 05:33:02: Epoch[075/100], iter[313/392], loss_total:0.65243, loss_equ:2.14468 loss_pq_vm:0.01220 loss_pq_va:0.14694 loss_pv_va:0.16902
INFO|2024-09-26 05:34:05: Epoch[075/100], iter[352/392], loss_total:0.64478, loss_equ:2.10261 loss_pq_vm:0.01129 loss_pq_va:0.14925 loss_pv_va:0.17238
INFO|2024-09-26 05:35:10: Epoch[075/100], iter[392/392], loss_total:0.63401, loss_equ:2.07236 loss_pq_vm:0.01077 loss_pq_va:0.14837 loss_pv_va:0.17067
INFO|2024-09-26 05:37:19: Epoch 74/100, lr:  0.00015498, eta: 5.3h, train_loss:  0.63020, valid_loss:  1.05881
INFO|2024-09-26 05:37:19: 	Train: PQ_Vm_rmse: 0.00069759  PQ_Va_rmse: 0.00436279  PV_Va_rmse: 0.00463737  delta_p: 0.02796864  delta_q: 0.01267702  
INFO|2024-09-26 05:37:19: 	ZTest: PQ_Vm_rmse: 0.00606722  PQ_Va_rmse: 0.03665381  PV_Va_rmse: 0.04086151  delta_p: 0.08684175  delta_q: 0.03279262  
INFO|2024-09-26 05:37:19: 	ZTest-ema: PQ_Vm_rmse: 0.006104  PQ_Va_rmse: 0.036007  PV_Va_rmse: 0.039698  delta_p: 0.084985  delta_q: 0.032152  
INFO|2024-09-26 05:37:19: 	           ValOfEMA:0.039698/0.036011,  Epoch:75/42
INFO|2024-09-26 05:37:20: 	Time(ep):763s,  Val(curr/best):0.040862/0.036753,  Epoch(curr/best):75/46
INFO|2024-09-26 05:37:20: -------------------- Epoch: 76 --------------------
INFO|2024-09-26 05:38:26: Epoch[076/100], iter[040/392], loss_total:0.61383, loss_equ:2.02593 loss_pq_vm:0.01094 loss_pq_va:0.14019 loss_pv_va:0.16163
INFO|2024-09-26 05:39:29: Epoch[076/100], iter[079/392], loss_total:0.61718, loss_equ:2.05979 loss_pq_vm:0.01026 loss_pq_va:0.14298 loss_pv_va:0.16564
INFO|2024-09-26 05:40:32: Epoch[076/100], iter[118/392], loss_total:0.63312, loss_equ:2.08626 loss_pq_vm:0.01193 loss_pq_va:0.14211 loss_pv_va:0.16313
INFO|2024-09-26 05:41:35: Epoch[076/100], iter[157/392], loss_total:0.59800, loss_equ:2.01190 loss_pq_vm:0.01047 loss_pq_va:0.13552 loss_pv_va:0.15654
INFO|2024-09-26 05:42:38: Epoch[076/100], iter[196/392], loss_total:0.62327, loss_equ:2.03958 loss_pq_vm:0.01036 loss_pq_va:0.14522 loss_pv_va:0.17046
INFO|2024-09-26 05:43:41: Epoch[076/100], iter[235/392], loss_total:0.59385, loss_equ:2.00749 loss_pq_vm:0.01031 loss_pq_va:0.13424 loss_pv_va:0.15580
INFO|2024-09-26 05:44:44: Epoch[076/100], iter[274/392], loss_total:0.66416, loss_equ:2.01059 loss_pq_vm:0.01128 loss_pq_va:0.16299 loss_pv_va:0.18732
INFO|2024-09-26 05:45:47: Epoch[076/100], iter[313/392], loss_total:0.59752, loss_equ:2.00789 loss_pq_vm:0.01045 loss_pq_va:0.13471 loss_pv_va:0.15756
INFO|2024-09-26 05:46:50: Epoch[076/100], iter[352/392], loss_total:0.59760, loss_equ:1.96026 loss_pq_vm:0.00992 loss_pq_va:0.13907 loss_pv_va:0.16330
INFO|2024-09-26 05:47:55: Epoch[076/100], iter[392/392], loss_total:0.61409, loss_equ:2.03046 loss_pq_vm:0.01083 loss_pq_va:0.13972 loss_pv_va:0.16302
INFO|2024-09-26 05:50:03: Epoch 75/100, lr:  0.00014416, eta: 5.09h, train_loss:  0.62190, valid_loss:  1.05154
INFO|2024-09-26 05:50:03: 	Train: PQ_Vm_rmse: 0.00068368  PQ_Va_rmse: 0.00445846  PV_Va_rmse: 0.00475160  delta_p: 0.02564381  delta_q: 0.01193141  
INFO|2024-09-26 05:50:03: 	ZTest: PQ_Vm_rmse: 0.00637474  PQ_Va_rmse: 0.03704225  PV_Va_rmse: 0.04042966  delta_p: 0.08914685  delta_q: 0.03255212  
INFO|2024-09-26 05:50:03: 	ZTest-ema: PQ_Vm_rmse: 0.006295  PQ_Va_rmse: 0.036697  PV_Va_rmse: 0.040418  delta_p: 0.086362  delta_q: 0.032198  
INFO|2024-09-26 05:50:03: 	           ValOfEMA:0.040418/0.036011,  Epoch:76/42
INFO|2024-09-26 05:50:04: 	Time(ep):763s,  Val(curr/best):0.040430/0.036753,  Epoch(curr/best):76/46
INFO|2024-09-26 05:50:04: -------------------- Epoch: 77 --------------------
INFO|2024-09-26 05:51:09: Epoch[077/100], iter[040/392], loss_total:0.59794, loss_equ:2.00059 loss_pq_vm:0.01018 loss_pq_va:0.13708 loss_pv_va:0.15897
INFO|2024-09-26 05:52:13: Epoch[077/100], iter[079/392], loss_total:0.60140, loss_equ:2.05890 loss_pq_vm:0.01009 loss_pq_va:0.13478 loss_pv_va:0.15985
INFO|2024-09-26 05:53:16: Epoch[077/100], iter[118/392], loss_total:0.63503, loss_equ:2.03569 loss_pq_vm:0.01059 loss_pq_va:0.14989 loss_pv_va:0.17568
INFO|2024-09-26 05:54:19: Epoch[077/100], iter[157/392], loss_total:0.61811, loss_equ:1.98160 loss_pq_vm:0.01070 loss_pq_va:0.14564 loss_pv_va:0.16729
INFO|2024-09-26 05:55:22: Epoch[077/100], iter[196/392], loss_total:0.62296, loss_equ:2.02722 loss_pq_vm:0.01131 loss_pq_va:0.14134 loss_pv_va:0.16576
INFO|2024-09-26 05:56:25: Epoch[077/100], iter[235/392], loss_total:0.62155, loss_equ:2.01582 loss_pq_vm:0.01094 loss_pq_va:0.14312 loss_pv_va:0.16749
INFO|2024-09-26 05:57:28: Epoch[077/100], iter[274/392], loss_total:0.68439, loss_equ:2.47789 loss_pq_vm:0.01208 loss_pq_va:0.14630 loss_pv_va:0.16950
INFO|2024-09-26 05:58:31: Epoch[077/100], iter[313/392], loss_total:0.60401, loss_equ:2.04983 loss_pq_vm:0.01006 loss_pq_va:0.13708 loss_pv_va:0.16136
INFO|2024-09-26 05:59:34: Epoch[077/100], iter[352/392], loss_total:0.64015, loss_equ:2.12894 loss_pq_vm:0.01157 loss_pq_va:0.14397 loss_pv_va:0.16758
INFO|2024-09-26 06:00:39: Epoch[077/100], iter[392/392], loss_total:0.61077, loss_equ:2.02852 loss_pq_vm:0.01028 loss_pq_va:0.14140 loss_pv_va:0.16377
INFO|2024-09-26 06:02:48: Epoch 76/100, lr:  0.00013370, eta: 4.88h, train_loss:  0.62066, valid_loss:  1.05504
INFO|2024-09-26 06:02:48: 	Train: PQ_Vm_rmse: 0.00067824  PQ_Va_rmse: 0.00423916  PV_Va_rmse: 0.00450928  delta_p: 0.02516659  delta_q: 0.01221558  
INFO|2024-09-26 06:02:48: 	ZTest: PQ_Vm_rmse: 0.00616525  PQ_Va_rmse: 0.03578408  PV_Va_rmse: 0.03912924  delta_p: 0.08943900  delta_q: 0.03299714  
INFO|2024-09-26 06:02:48: 	ZTest-ema: PQ_Vm_rmse: 0.006254  PQ_Va_rmse: 0.036155  PV_Va_rmse: 0.040035  delta_p: 0.085684  delta_q: 0.032147  
INFO|2024-09-26 06:02:48: 	           ValOfEMA:0.040035/0.036011,  Epoch:77/42
INFO|2024-09-26 06:02:49: 	Time(ep):764s,  Val(curr/best):0.039129/0.036753,  Epoch(curr/best):77/46
INFO|2024-09-26 06:02:49: -------------------- Epoch: 78 --------------------
INFO|2024-09-26 06:03:54: Epoch[078/100], iter[040/392], loss_total:0.59714, loss_equ:1.99351 loss_pq_vm:0.01024 loss_pq_va:0.13630 loss_pv_va:0.15904
INFO|2024-09-26 06:04:57: Epoch[078/100], iter[079/392], loss_total:0.64267, loss_equ:2.06871 loss_pq_vm:0.01135 loss_pq_va:0.14911 loss_pv_va:0.17317
INFO|2024-09-26 06:06:01: Epoch[078/100], iter[118/392], loss_total:0.60880, loss_equ:1.96617 loss_pq_vm:0.01005 loss_pq_va:0.14389 loss_pv_va:0.16777
INFO|2024-09-26 06:07:03: Epoch[078/100], iter[157/392], loss_total:0.66595, loss_equ:2.04411 loss_pq_vm:0.01075 loss_pq_va:0.16457 loss_pv_va:0.18946
INFO|2024-09-26 06:08:06: Epoch[078/100], iter[196/392], loss_total:0.60440, loss_equ:2.05720 loss_pq_vm:0.01031 loss_pq_va:0.13577 loss_pv_va:0.15976
INFO|2024-09-26 06:09:09: Epoch[078/100], iter[235/392], loss_total:0.63712, loss_equ:2.14428 loss_pq_vm:0.01071 loss_pq_va:0.14747 loss_pv_va:0.16815
INFO|2024-09-26 06:10:12: Epoch[078/100], iter[274/392], loss_total:0.65276, loss_equ:2.03886 loss_pq_vm:0.01256 loss_pq_va:0.14874 loss_pv_va:0.17449
INFO|2024-09-26 06:11:15: Epoch[078/100], iter[313/392], loss_total:0.62739, loss_equ:2.05688 loss_pq_vm:0.01094 loss_pq_va:0.14406 loss_pv_va:0.16827
INFO|2024-09-26 06:12:19: Epoch[078/100], iter[352/392], loss_total:0.61387, loss_equ:1.98846 loss_pq_vm:0.01042 loss_pq_va:0.14449 loss_pv_va:0.16633
INFO|2024-09-26 06:13:23: Epoch[078/100], iter[392/392], loss_total:0.59682, loss_equ:1.97976 loss_pq_vm:0.01035 loss_pq_va:0.13681 loss_pv_va:0.15851
INFO|2024-09-26 06:15:32: Epoch 77/100, lr:  0.00012360, eta: 4.67h, train_loss:  0.61498, valid_loss:  1.04472
INFO|2024-09-26 06:15:32: 	Train: PQ_Vm_rmse: 0.00066334  PQ_Va_rmse: 0.00415815  PV_Va_rmse: 0.00438403  delta_p: 0.02522142  delta_q: 0.01189662  
INFO|2024-09-26 06:15:32: 	ZTest: PQ_Vm_rmse: 0.00626488  PQ_Va_rmse: 0.03763430  PV_Va_rmse: 0.04184132  delta_p: 0.08507702  delta_q: 0.03242607  
INFO|2024-09-26 06:15:32: 	ZTest-ema: PQ_Vm_rmse: 0.006131  PQ_Va_rmse: 0.036847  PV_Va_rmse: 0.040558  delta_p: 0.083146  delta_q: 0.031634  
INFO|2024-09-26 06:15:32: 	           ValOfEMA:0.040558/0.036011,  Epoch:78/42
INFO|2024-09-26 06:15:33: 	Time(ep):763s,  Val(curr/best):0.041841/0.036753,  Epoch(curr/best):78/46
INFO|2024-09-26 06:15:33: -------------------- Epoch: 79 --------------------
INFO|2024-09-26 06:16:39: Epoch[079/100], iter[040/392], loss_total:0.58771, loss_equ:1.95628 loss_pq_vm:0.01032 loss_pq_va:0.13375 loss_pv_va:0.15511
INFO|2024-09-26 06:17:42: Epoch[079/100], iter[079/392], loss_total:0.62615, loss_equ:2.02324 loss_pq_vm:0.01087 loss_pq_va:0.14621 loss_pv_va:0.16892
INFO|2024-09-26 06:18:45: Epoch[079/100], iter[118/392], loss_total:0.62597, loss_equ:1.99803 loss_pq_vm:0.01032 loss_pq_va:0.14939 loss_pv_va:0.17357
INFO|2024-09-26 06:19:48: Epoch[079/100], iter[157/392], loss_total:0.60238, loss_equ:1.93651 loss_pq_vm:0.01039 loss_pq_va:0.13971 loss_pv_va:0.16509
INFO|2024-09-26 06:20:51: Epoch[079/100], iter[196/392], loss_total:0.57952, loss_equ:1.96474 loss_pq_vm:0.00965 loss_pq_va:0.13235 loss_pv_va:0.15416
INFO|2024-09-26 06:21:54: Epoch[079/100], iter[235/392], loss_total:0.61513, loss_equ:2.00640 loss_pq_vm:0.01045 loss_pq_va:0.14393 loss_pv_va:0.16609
INFO|2024-09-26 06:22:57: Epoch[079/100], iter[274/392], loss_total:0.60234, loss_equ:2.01180 loss_pq_vm:0.01048 loss_pq_va:0.13749 loss_pv_va:0.15892
INFO|2024-09-26 06:24:01: Epoch[079/100], iter[313/392], loss_total:0.63675, loss_equ:2.01842 loss_pq_vm:0.01109 loss_pq_va:0.14952 loss_pv_va:0.17450
INFO|2024-09-26 06:25:04: Epoch[079/100], iter[352/392], loss_total:0.62724, loss_equ:2.03732 loss_pq_vm:0.01268 loss_pq_va:0.13720 loss_pv_va:0.15947
INFO|2024-09-26 06:26:08: Epoch[079/100], iter[392/392], loss_total:0.61130, loss_equ:1.98307 loss_pq_vm:0.01079 loss_pq_va:0.14168 loss_pv_va:0.16338
INFO|2024-09-26 06:28:17: Epoch 78/100, lr:  0.00011387, eta: 4.46h, train_loss:  0.60729, valid_loss:  1.05251
INFO|2024-09-26 06:28:17: 	Train: PQ_Vm_rmse: 0.00064571  PQ_Va_rmse: 0.00407502  PV_Va_rmse: 0.00432607  delta_p: 0.02319370  delta_q: 0.01137232  
INFO|2024-09-26 06:28:17: 	ZTest: PQ_Vm_rmse: 0.00616810  PQ_Va_rmse: 0.03691531  PV_Va_rmse: 0.04093332  delta_p: 0.08760241  delta_q: 0.03212948  
INFO|2024-09-26 06:28:17: 	ZTest-ema: PQ_Vm_rmse: 0.006203  PQ_Va_rmse: 0.037049  PV_Va_rmse: 0.041090  delta_p: 0.084701  delta_q: 0.031652  
INFO|2024-09-26 06:28:17: 	           ValOfEMA:0.041090/0.036011,  Epoch:79/42
INFO|2024-09-26 06:28:18: 	Time(ep):764s,  Val(curr/best):0.040933/0.036753,  Epoch(curr/best):79/46
INFO|2024-09-26 06:28:18: -------------------- Epoch: 80 --------------------
INFO|2024-09-26 06:29:24: Epoch[080/100], iter[040/392], loss_total:0.59284, loss_equ:1.97587 loss_pq_vm:0.01011 loss_pq_va:0.13568 loss_pv_va:0.15847
INFO|2024-09-26 06:30:27: Epoch[080/100], iter[079/392], loss_total:0.61087, loss_equ:2.16915 loss_pq_vm:0.01037 loss_pq_va:0.13474 loss_pv_va:0.15551
INFO|2024-09-26 06:31:30: Epoch[080/100], iter[118/392], loss_total:0.61324, loss_equ:2.02273 loss_pq_vm:0.01100 loss_pq_va:0.14002 loss_pv_va:0.16097
INFO|2024-09-26 06:32:33: Epoch[080/100], iter[157/392], loss_total:0.59698, loss_equ:2.03194 loss_pq_vm:0.00999 loss_pq_va:0.13588 loss_pv_va:0.15801
INFO|2024-09-26 06:33:36: Epoch[080/100], iter[196/392], loss_total:0.61321, loss_equ:2.03481 loss_pq_vm:0.01068 loss_pq_va:0.14023 loss_pv_va:0.16271
INFO|2024-09-26 06:34:39: Epoch[080/100], iter[235/392], loss_total:0.57296, loss_equ:1.97257 loss_pq_vm:0.00967 loss_pq_va:0.12892 loss_pv_va:0.15010
INFO|2024-09-26 06:35:42: Epoch[080/100], iter[274/392], loss_total:0.61368, loss_equ:2.04015 loss_pq_vm:0.01060 loss_pq_va:0.13910 loss_pv_va:0.16454
INFO|2024-09-26 06:36:45: Epoch[080/100], iter[313/392], loss_total:0.60414, loss_equ:2.00280 loss_pq_vm:0.00993 loss_pq_va:0.14143 loss_pv_va:0.16314
INFO|2024-09-26 06:37:48: Epoch[080/100], iter[352/392], loss_total:0.57965, loss_equ:1.90252 loss_pq_vm:0.00982 loss_pq_va:0.13528 loss_pv_va:0.15587
INFO|2024-09-26 06:38:53: Epoch[080/100], iter[392/392], loss_total:0.57846, loss_equ:1.93297 loss_pq_vm:0.00945 loss_pq_va:0.13408 loss_pv_va:0.15655
INFO|2024-09-26 06:41:02: Epoch 79/100, lr:  0.00010454, eta: 4.25h, train_loss:  0.60282, valid_loss:  1.03472
INFO|2024-09-26 06:41:02: 	Train: PQ_Vm_rmse: 0.00063564  PQ_Va_rmse: 0.00385718  PV_Va_rmse: 0.00404962  delta_p: 0.02401892  delta_q: 0.01137090  
INFO|2024-09-26 06:41:02: 	ZTest: PQ_Vm_rmse: 0.00612864  PQ_Va_rmse: 0.03685378  PV_Va_rmse: 0.04057997  delta_p: 0.08463990  delta_q: 0.03153028  
INFO|2024-09-26 06:41:02: 	ZTest-ema: PQ_Vm_rmse: 0.006150  PQ_Va_rmse: 0.037267  PV_Va_rmse: 0.041261  delta_p: 0.084111  delta_q: 0.031404  
INFO|2024-09-26 06:41:02: 	           ValOfEMA:0.041261/0.036011,  Epoch:80/42
INFO|2024-09-26 06:41:03: 	Time(ep):764s,  Val(curr/best):0.040580/0.036753,  Epoch(curr/best):80/46
INFO|2024-09-26 06:41:03: -------------------- Epoch: 81 --------------------
INFO|2024-09-26 06:42:08: Epoch[081/100], iter[040/392], loss_total:0.61032, loss_equ:2.02978 loss_pq_vm:0.01062 loss_pq_va:0.13791 loss_pv_va:0.16319
INFO|2024-09-26 06:43:11: Epoch[081/100], iter[079/392], loss_total:0.60289, loss_equ:1.96648 loss_pq_vm:0.01065 loss_pq_va:0.13923 loss_pv_va:0.16054
INFO|2024-09-26 06:44:14: Epoch[081/100], iter[118/392], loss_total:0.59756, loss_equ:2.02078 loss_pq_vm:0.01019 loss_pq_va:0.13521 loss_pv_va:0.15839
INFO|2024-09-26 06:45:17: Epoch[081/100], iter[157/392], loss_total:0.63551, loss_equ:2.04397 loss_pq_vm:0.01062 loss_pq_va:0.14995 loss_pv_va:0.17499
INFO|2024-09-26 06:46:20: Epoch[081/100], iter[196/392], loss_total:0.59933, loss_equ:1.98218 loss_pq_vm:0.01003 loss_pq_va:0.13915 loss_pv_va:0.16161
INFO|2024-09-26 06:47:23: Epoch[081/100], iter[235/392], loss_total:0.58373, loss_equ:1.95409 loss_pq_vm:0.00977 loss_pq_va:0.13427 loss_pv_va:0.15639
INFO|2024-09-26 06:48:26: Epoch[081/100], iter[274/392], loss_total:0.60948, loss_equ:1.97791 loss_pq_vm:0.01035 loss_pq_va:0.14321 loss_pv_va:0.16497
INFO|2024-09-26 06:49:30: Epoch[081/100], iter[313/392], loss_total:0.57958, loss_equ:1.96133 loss_pq_vm:0.00968 loss_pq_va:0.13314 loss_pv_va:0.15353
INFO|2024-09-26 06:50:32: Epoch[081/100], iter[352/392], loss_total:0.61451, loss_equ:2.00506 loss_pq_vm:0.00995 loss_pq_va:0.14409 loss_pv_va:0.17038
INFO|2024-09-26 06:51:37: Epoch[081/100], iter[392/392], loss_total:0.59714, loss_equ:1.96076 loss_pq_vm:0.01001 loss_pq_va:0.13910 loss_pv_va:0.16190
INFO|2024-09-26 06:53:45: Epoch 80/100, lr:  0.00009560, eta: 4.02h, train_loss:  0.59929, valid_loss:  1.03386
INFO|2024-09-26 06:53:45: 	Train: PQ_Vm_rmse: 0.00063281  PQ_Va_rmse: 0.00395260  PV_Va_rmse: 0.00416580  delta_p: 0.02211651  delta_q: 0.01087172  
INFO|2024-09-26 06:53:45: 	ZTest: PQ_Vm_rmse: 0.00645683  PQ_Va_rmse: 0.03759790  PV_Va_rmse: 0.04138833  delta_p: 0.08429964  delta_q: 0.03183942  
INFO|2024-09-26 06:53:45: 	ZTest-ema: PQ_Vm_rmse: 0.006259  PQ_Va_rmse: 0.037332  PV_Va_rmse: 0.041492  delta_p: 0.084949  delta_q: 0.032229  
INFO|2024-09-26 06:53:45: 	           ValOfEMA:0.041492/0.036011,  Epoch:81/42
INFO|2024-09-26 06:53:46: 	Time(ep):762s,  Val(curr/best):0.041388/0.036753,  Epoch(curr/best):81/46
INFO|2024-09-26 06:53:46: -------------------- Epoch: 82 --------------------
INFO|2024-09-26 06:54:51: Epoch[082/100], iter[040/392], loss_total:0.61450, loss_equ:1.98263 loss_pq_vm:0.01016 loss_pq_va:0.14466 loss_pv_va:0.17002
INFO|2024-09-26 06:55:54: Epoch[082/100], iter[079/392], loss_total:0.58577, loss_equ:1.92326 loss_pq_vm:0.01004 loss_pq_va:0.13429 loss_pv_va:0.15878
INFO|2024-09-26 06:56:57: Epoch[082/100], iter[118/392], loss_total:0.60462, loss_equ:2.00085 loss_pq_vm:0.01023 loss_pq_va:0.13977 loss_pv_va:0.16246
INFO|2024-09-26 06:58:00: Epoch[082/100], iter[157/392], loss_total:0.56703, loss_equ:1.88658 loss_pq_vm:0.00949 loss_pq_va:0.13079 loss_pv_va:0.15265
INFO|2024-09-26 06:59:03: Epoch[082/100], iter[196/392], loss_total:0.61567, loss_equ:2.00176 loss_pq_vm:0.01054 loss_pq_va:0.14153 loss_pv_va:0.16859
INFO|2024-09-26 07:00:06: Epoch[082/100], iter[235/392], loss_total:0.57781, loss_equ:1.93815 loss_pq_vm:0.00964 loss_pq_va:0.13402 loss_pv_va:0.15355
INFO|2024-09-26 07:01:09: Epoch[082/100], iter[274/392], loss_total:0.60675, loss_equ:1.98826 loss_pq_vm:0.01038 loss_pq_va:0.14000 loss_pv_va:0.16416
INFO|2024-09-26 07:02:12: Epoch[082/100], iter[313/392], loss_total:0.60912, loss_equ:2.02872 loss_pq_vm:0.00977 loss_pq_va:0.14368 loss_pv_va:0.16488
INFO|2024-09-26 07:03:15: Epoch[082/100], iter[352/392], loss_total:0.60653, loss_equ:2.00934 loss_pq_vm:0.01018 loss_pq_va:0.13866 loss_pv_va:0.16516
INFO|2024-09-26 07:04:20: Epoch[082/100], iter[392/392], loss_total:0.58342, loss_equ:1.97972 loss_pq_vm:0.01007 loss_pq_va:0.13142 loss_pv_va:0.15334
INFO|2024-09-26 07:06:29: Epoch 81/100, lr:  0.00008706, eta: 3.82h, train_loss:  0.59458, valid_loss:  1.04026
INFO|2024-09-26 07:06:29: 	Train: PQ_Vm_rmse: 0.00061559  PQ_Va_rmse: 0.00370365  PV_Va_rmse: 0.00389759  delta_p: 0.02235240  delta_q: 0.01086172  
INFO|2024-09-26 07:06:29: 	ZTest: PQ_Vm_rmse: 0.00641470  PQ_Va_rmse: 0.03767190  PV_Va_rmse: 0.04095346  delta_p: 0.08511045  delta_q: 0.03167730  
INFO|2024-09-26 07:06:29: 	ZTest-ema: PQ_Vm_rmse: 0.006246  PQ_Va_rmse: 0.037098  PV_Va_rmse: 0.040931  delta_p: 0.083799  delta_q: 0.031422  
INFO|2024-09-26 07:06:29: 	           ValOfEMA:0.040931/0.036011,  Epoch:82/42
INFO|2024-09-26 07:06:29: 	Time(ep):763s,  Val(curr/best):0.040953/0.036753,  Epoch(curr/best):82/46
INFO|2024-09-26 07:06:29: -------------------- Epoch: 83 --------------------
INFO|2024-09-26 07:07:35: Epoch[083/100], iter[040/392], loss_total:0.60509, loss_equ:2.00878 loss_pq_vm:0.01008 loss_pq_va:0.13971 loss_pv_va:0.16373
INFO|2024-09-26 07:08:38: Epoch[083/100], iter[079/392], loss_total:0.60226, loss_equ:1.99989 loss_pq_vm:0.00997 loss_pq_va:0.13852 loss_pv_va:0.16410
INFO|2024-09-26 07:09:42: Epoch[083/100], iter[118/392], loss_total:0.59167, loss_equ:1.95780 loss_pq_vm:0.00971 loss_pq_va:0.13790 loss_pv_va:0.16094
INFO|2024-09-26 07:10:45: Epoch[083/100], iter[157/392], loss_total:0.59446, loss_equ:1.92223 loss_pq_vm:0.00988 loss_pq_va:0.14033 loss_pv_va:0.16306
INFO|2024-09-26 07:11:48: Epoch[083/100], iter[196/392], loss_total:0.58628, loss_equ:1.92284 loss_pq_vm:0.01028 loss_pq_va:0.13527 loss_pv_va:0.15589
INFO|2024-09-26 07:12:51: Epoch[083/100], iter[235/392], loss_total:0.58492, loss_equ:1.93554 loss_pq_vm:0.01007 loss_pq_va:0.13377 loss_pv_va:0.15691
INFO|2024-09-26 07:13:54: Epoch[083/100], iter[274/392], loss_total:0.57888, loss_equ:1.94411 loss_pq_vm:0.00980 loss_pq_va:0.13212 loss_pv_va:0.15433
INFO|2024-09-26 07:14:57: Epoch[083/100], iter[313/392], loss_total:0.59185, loss_equ:1.96842 loss_pq_vm:0.00991 loss_pq_va:0.13616 loss_pv_va:0.15971
INFO|2024-09-26 07:16:00: Epoch[083/100], iter[352/392], loss_total:0.60455, loss_equ:1.99595 loss_pq_vm:0.01006 loss_pq_va:0.14032 loss_pv_va:0.16408
INFO|2024-09-26 07:17:04: Epoch[083/100], iter[392/392], loss_total:0.62623, loss_equ:1.98629 loss_pq_vm:0.01093 loss_pq_va:0.14719 loss_pv_va:0.17109
INFO|2024-09-26 07:19:13: Epoch 82/100, lr:  0.00007893, eta: 3.6h, train_loss:  0.59219, valid_loss:  1.04038
INFO|2024-09-26 07:19:13: 	Train: PQ_Vm_rmse: 0.00061549  PQ_Va_rmse: 0.00373849  PV_Va_rmse: 0.00392613  delta_p: 0.02210661  delta_q: 0.01080136  
INFO|2024-09-26 07:19:13: 	ZTest: PQ_Vm_rmse: 0.00625925  PQ_Va_rmse: 0.03748415  PV_Va_rmse: 0.04121380  delta_p: 0.08450102  delta_q: 0.03164244  
INFO|2024-09-26 07:19:13: 	ZTest-ema: PQ_Vm_rmse: 0.006288  PQ_Va_rmse: 0.037575  PV_Va_rmse: 0.041061  delta_p: 0.084172  delta_q: 0.031513  
INFO|2024-09-26 07:19:13: 	           ValOfEMA:0.041061/0.036011,  Epoch:83/42
INFO|2024-09-26 07:19:13: 	Time(ep):763s,  Val(curr/best):0.041214/0.036753,  Epoch(curr/best):83/46
INFO|2024-09-26 07:19:13: -------------------- Epoch: 84 --------------------
INFO|2024-09-26 07:20:19: Epoch[084/100], iter[040/392], loss_total:0.58321, loss_equ:1.94528 loss_pq_vm:0.00967 loss_pq_va:0.13412 loss_pv_va:0.15790
INFO|2024-09-26 07:21:23: Epoch[084/100], iter[079/392], loss_total:0.56175, loss_equ:1.89814 loss_pq_vm:0.00928 loss_pq_va:0.12784 loss_pv_va:0.15126
INFO|2024-09-26 07:22:26: Epoch[084/100], iter[118/392], loss_total:0.56077, loss_equ:1.92799 loss_pq_vm:0.00965 loss_pq_va:0.12415 loss_pv_va:0.14733
INFO|2024-09-26 07:23:29: Epoch[084/100], iter[157/392], loss_total:0.55026, loss_equ:1.91218 loss_pq_vm:0.00936 loss_pq_va:0.12145 loss_pv_va:0.14401
INFO|2024-09-26 07:24:31: Epoch[084/100], iter[196/392], loss_total:0.57973, loss_equ:1.96160 loss_pq_vm:0.00969 loss_pq_va:0.13177 loss_pv_va:0.15485
INFO|2024-09-26 07:25:34: Epoch[084/100], iter[235/392], loss_total:0.57607, loss_equ:1.96111 loss_pq_vm:0.00969 loss_pq_va:0.13158 loss_pv_va:0.15143
INFO|2024-09-26 07:26:38: Epoch[084/100], iter[274/392], loss_total:0.62870, loss_equ:1.98340 loss_pq_vm:0.01044 loss_pq_va:0.15053 loss_pv_va:0.17539
INFO|2024-09-26 07:27:41: Epoch[084/100], iter[313/392], loss_total:0.58033, loss_equ:1.89765 loss_pq_vm:0.01004 loss_pq_va:0.13412 loss_pv_va:0.15605
INFO|2024-09-26 07:28:43: Epoch[084/100], iter[352/392], loss_total:0.60239, loss_equ:1.98406 loss_pq_vm:0.01049 loss_pq_va:0.13763 loss_pv_va:0.16142
INFO|2024-09-26 07:29:48: Epoch[084/100], iter[392/392], loss_total:0.58684, loss_equ:1.95593 loss_pq_vm:0.00995 loss_pq_va:0.13563 loss_pv_va:0.15612
INFO|2024-09-26 07:31:57: Epoch 83/100, lr:  0.00007123, eta: 3.39h, train_loss:  0.58940, valid_loss:  1.02917
INFO|2024-09-26 07:31:57: 	Train: PQ_Vm_rmse: 0.00060551  PQ_Va_rmse: 0.00363262  PV_Va_rmse: 0.00381281  delta_p: 0.02171553  delta_q: 0.01063253  
INFO|2024-09-26 07:31:57: 	ZTest: PQ_Vm_rmse: 0.00606974  PQ_Va_rmse: 0.03593879  PV_Va_rmse: 0.03968028  delta_p: 0.08267657  delta_q: 0.03105414  
INFO|2024-09-26 07:31:57: 	ZTest-ema: PQ_Vm_rmse: 0.006133  PQ_Va_rmse: 0.036410  PV_Va_rmse: 0.040008  delta_p: 0.082043  delta_q: 0.030813  
INFO|2024-09-26 07:31:57: 	           ValOfEMA:0.040008/0.036011,  Epoch:84/42
INFO|2024-09-26 07:31:57: 	Time(ep):763s,  Val(curr/best):0.039680/0.036753,  Epoch(curr/best):84/46
INFO|2024-09-26 07:31:57: -------------------- Epoch: 85 --------------------
INFO|2024-09-26 07:33:03: Epoch[085/100], iter[040/392], loss_total:0.56130, loss_equ:1.92237 loss_pq_vm:0.00967 loss_pq_va:0.12494 loss_pv_va:0.14746
INFO|2024-09-26 07:34:06: Epoch[085/100], iter[079/392], loss_total:0.56957, loss_equ:1.92671 loss_pq_vm:0.00942 loss_pq_va:0.12911 loss_pv_va:0.15359
INFO|2024-09-26 07:35:09: Epoch[085/100], iter[118/392], loss_total:0.58940, loss_equ:1.95305 loss_pq_vm:0.00996 loss_pq_va:0.13624 loss_pv_va:0.15825
INFO|2024-09-26 07:36:12: Epoch[085/100], iter[157/392], loss_total:0.60264, loss_equ:1.98991 loss_pq_vm:0.01026 loss_pq_va:0.13888 loss_pv_va:0.16221
INFO|2024-09-26 07:37:15: Epoch[085/100], iter[196/392], loss_total:0.55904, loss_equ:1.91309 loss_pq_vm:0.00951 loss_pq_va:0.12627 loss_pv_va:0.14639
INFO|2024-09-26 07:38:18: Epoch[085/100], iter[235/392], loss_total:0.61182, loss_equ:2.04435 loss_pq_vm:0.01031 loss_pq_va:0.13956 loss_pv_va:0.16469
INFO|2024-09-26 07:39:22: Epoch[085/100], iter[274/392], loss_total:0.55533, loss_equ:1.91503 loss_pq_vm:0.00927 loss_pq_va:0.12489 loss_pv_va:0.14624
INFO|2024-09-26 07:40:24: Epoch[085/100], iter[313/392], loss_total:0.60145, loss_equ:1.97958 loss_pq_vm:0.01023 loss_pq_va:0.13825 loss_pv_va:0.16291
INFO|2024-09-26 07:41:27: Epoch[085/100], iter[352/392], loss_total:0.60299, loss_equ:1.99138 loss_pq_vm:0.01025 loss_pq_va:0.13951 loss_pv_va:0.16185
INFO|2024-09-26 07:42:32: Epoch[085/100], iter[392/392], loss_total:0.58770, loss_equ:1.98780 loss_pq_vm:0.01008 loss_pq_va:0.13234 loss_pv_va:0.15577
INFO|2024-09-26 07:44:41: Epoch 84/100, lr:  0.00006395, eta: 3.18h, train_loss:  0.58638, valid_loss:  1.03773
INFO|2024-09-26 07:44:41: 	Train: PQ_Vm_rmse: 0.00060121  PQ_Va_rmse: 0.00352114  PV_Va_rmse: 0.00369104  delta_p: 0.02210749  delta_q: 0.01064514  
INFO|2024-09-26 07:44:41: 	ZTest: PQ_Vm_rmse: 0.00621729  PQ_Va_rmse: 0.03719278  PV_Va_rmse: 0.04066371  delta_p: 0.08793187  delta_q: 0.03115275  
INFO|2024-09-26 07:44:41: 	ZTest-ema: PQ_Vm_rmse: 0.006123  PQ_Va_rmse: 0.037059  PV_Va_rmse: 0.040872  delta_p: 0.082530  delta_q: 0.030953  
INFO|2024-09-26 07:44:41: 	           ValOfEMA:0.040872/0.036011,  Epoch:85/42
INFO|2024-09-26 07:44:42: 	Time(ep):763s,  Val(curr/best):0.040664/0.036753,  Epoch(curr/best):85/46
INFO|2024-09-26 07:44:42: -------------------- Epoch: 86 --------------------
INFO|2024-09-26 07:45:47: Epoch[086/100], iter[040/392], loss_total:0.58005, loss_equ:1.92392 loss_pq_vm:0.00982 loss_pq_va:0.13266 loss_pv_va:0.15683
INFO|2024-09-26 07:46:50: Epoch[086/100], iter[079/392], loss_total:0.58166, loss_equ:1.98726 loss_pq_vm:0.00938 loss_pq_va:0.13183 loss_pv_va:0.15735
INFO|2024-09-26 07:47:53: Epoch[086/100], iter[118/392], loss_total:0.57228, loss_equ:1.94759 loss_pq_vm:0.00946 loss_pq_va:0.12955 loss_pv_va:0.15335
INFO|2024-09-26 07:48:57: Epoch[086/100], iter[157/392], loss_total:0.58324, loss_equ:1.88039 loss_pq_vm:0.00993 loss_pq_va:0.13824 loss_pv_va:0.15765
INFO|2024-09-26 07:50:00: Epoch[086/100], iter[196/392], loss_total:0.58589, loss_equ:1.89822 loss_pq_vm:0.00993 loss_pq_va:0.13698 loss_pv_va:0.15974
INFO|2024-09-26 07:51:03: Epoch[086/100], iter[235/392], loss_total:0.56965, loss_equ:1.98126 loss_pq_vm:0.00958 loss_pq_va:0.12708 loss_pv_va:0.14865
INFO|2024-09-26 07:52:06: Epoch[086/100], iter[274/392], loss_total:0.57598, loss_equ:1.94389 loss_pq_vm:0.00973 loss_pq_va:0.13056 loss_pv_va:0.15370
INFO|2024-09-26 07:53:09: Epoch[086/100], iter[313/392], loss_total:0.56894, loss_equ:1.93727 loss_pq_vm:0.00954 loss_pq_va:0.12888 loss_pv_va:0.15094
INFO|2024-09-26 07:54:12: Epoch[086/100], iter[352/392], loss_total:0.55619, loss_equ:1.90790 loss_pq_vm:0.00891 loss_pq_va:0.12710 loss_pv_va:0.14915
INFO|2024-09-26 07:55:17: Epoch[086/100], iter[392/392], loss_total:0.58036, loss_equ:1.86812 loss_pq_vm:0.01006 loss_pq_va:0.13468 loss_pv_va:0.15824
INFO|2024-09-26 07:57:26: Epoch 85/100, lr:  0.00005711, eta: 2.97h, train_loss:  0.58358, valid_loss:  1.02159
INFO|2024-09-26 07:57:26: 	Train: PQ_Vm_rmse: 0.00058887  PQ_Va_rmse: 0.00341781  PV_Va_rmse: 0.00357223  delta_p: 0.02135585  delta_q: 0.01049496  
INFO|2024-09-26 07:57:26: 	ZTest: PQ_Vm_rmse: 0.00607896  PQ_Va_rmse: 0.03622071  PV_Va_rmse: 0.04062373  delta_p: 0.08317800  delta_q: 0.03087138  
INFO|2024-09-26 07:57:26: 	ZTest-ema: PQ_Vm_rmse: 0.005972  PQ_Va_rmse: 0.036003  PV_Va_rmse: 0.039960  delta_p: 0.083693  delta_q: 0.031140  
INFO|2024-09-26 07:57:26: 	           ValOfEMA:0.039960/0.036011,  Epoch:86/42
INFO|2024-09-26 07:57:27: 	Time(ep):764s,  Val(curr/best):0.040624/0.036753,  Epoch(curr/best):86/46
INFO|2024-09-26 07:57:27: -------------------- Epoch: 87 --------------------
INFO|2024-09-26 07:58:32: Epoch[087/100], iter[040/392], loss_total:0.58859, loss_equ:1.91519 loss_pq_vm:0.01003 loss_pq_va:0.13770 loss_pv_va:0.15910
INFO|2024-09-26 07:59:35: Epoch[087/100], iter[079/392], loss_total:0.60514, loss_equ:1.96701 loss_pq_vm:0.01026 loss_pq_va:0.14036 loss_pv_va:0.16544
INFO|2024-09-26 08:00:38: Epoch[087/100], iter[118/392], loss_total:0.57146, loss_equ:1.90578 loss_pq_vm:0.00962 loss_pq_va:0.13126 loss_pv_va:0.15345
INFO|2024-09-26 08:01:41: Epoch[087/100], iter[157/392], loss_total:0.58694, loss_equ:1.94204 loss_pq_vm:0.00995 loss_pq_va:0.13488 loss_pv_va:0.15838
INFO|2024-09-26 08:02:45: Epoch[087/100], iter[196/392], loss_total:0.58748, loss_equ:1.93885 loss_pq_vm:0.00992 loss_pq_va:0.13492 loss_pv_va:0.15944
INFO|2024-09-26 08:03:48: Epoch[087/100], iter[235/392], loss_total:0.57328, loss_equ:1.90965 loss_pq_vm:0.00966 loss_pq_va:0.13118 loss_pv_va:0.15455
INFO|2024-09-26 08:04:51: Epoch[087/100], iter[274/392], loss_total:0.58948, loss_equ:1.96279 loss_pq_vm:0.00967 loss_pq_va:0.13661 loss_pv_va:0.15993
INFO|2024-09-26 08:05:54: Epoch[087/100], iter[313/392], loss_total:0.58627, loss_equ:1.96936 loss_pq_vm:0.00973 loss_pq_va:0.13435 loss_pv_va:0.15765
INFO|2024-09-26 08:06:56: Epoch[087/100], iter[352/392], loss_total:0.61571, loss_equ:2.00390 loss_pq_vm:0.01087 loss_pq_va:0.14187 loss_pv_va:0.16475
INFO|2024-09-26 08:08:00: Epoch[087/100], iter[392/392], loss_total:0.57450, loss_equ:1.89340 loss_pq_vm:0.00949 loss_pq_va:0.13387 loss_pv_va:0.15643
INFO|2024-09-26 08:10:09: Epoch 86/100, lr:  0.00005071, eta: 2.75h, train_loss:  0.57981, valid_loss:  1.02194
INFO|2024-09-26 08:10:09: 	Train: PQ_Vm_rmse: 0.00058545  PQ_Va_rmse: 0.00342207  PV_Va_rmse: 0.00357622  delta_p: 0.02031441  delta_q: 0.01022856  
INFO|2024-09-26 08:10:09: 	ZTest: PQ_Vm_rmse: 0.00589895  PQ_Va_rmse: 0.03584736  PV_Va_rmse: 0.03966211  delta_p: 0.08126674  delta_q: 0.03035058  
INFO|2024-09-26 08:10:09: 	ZTest-ema: PQ_Vm_rmse: 0.005910  PQ_Va_rmse: 0.036540  PV_Va_rmse: 0.040595  delta_p: 0.082622  delta_q: 0.030798  
INFO|2024-09-26 08:10:09: 	           ValOfEMA:0.040595/0.036011,  Epoch:87/42
INFO|2024-09-26 08:10:10: 	Time(ep):762s,  Val(curr/best):0.039662/0.036753,  Epoch(curr/best):87/46
INFO|2024-09-26 08:10:10: -------------------- Epoch: 88 --------------------
INFO|2024-09-26 08:11:16: Epoch[088/100], iter[040/392], loss_total:0.57778, loss_equ:1.91182 loss_pq_vm:0.00959 loss_pq_va:0.13335 loss_pv_va:0.15732
INFO|2024-09-26 08:12:19: Epoch[088/100], iter[079/392], loss_total:0.58617, loss_equ:1.94424 loss_pq_vm:0.00981 loss_pq_va:0.13453 loss_pv_va:0.15908
INFO|2024-09-26 08:13:22: Epoch[088/100], iter[118/392], loss_total:0.58781, loss_equ:1.94529 loss_pq_vm:0.00991 loss_pq_va:0.13662 loss_pv_va:0.15755
INFO|2024-09-26 08:14:25: Epoch[088/100], iter[157/392], loss_total:0.55488, loss_equ:1.88199 loss_pq_vm:0.00928 loss_pq_va:0.12637 loss_pv_va:0.14747
INFO|2024-09-26 08:15:28: Epoch[088/100], iter[196/392], loss_total:0.59580, loss_equ:1.94773 loss_pq_vm:0.01008 loss_pq_va:0.13751 loss_pv_va:0.16267
INFO|2024-09-26 08:16:31: Epoch[088/100], iter[235/392], loss_total:0.55698, loss_equ:1.88298 loss_pq_vm:0.00905 loss_pq_va:0.12760 loss_pv_va:0.15062
INFO|2024-09-26 08:17:35: Epoch[088/100], iter[274/392], loss_total:0.58564, loss_equ:1.93309 loss_pq_vm:0.00974 loss_pq_va:0.13582 loss_pv_va:0.15907
INFO|2024-09-26 08:18:38: Epoch[088/100], iter[313/392], loss_total:0.58586, loss_equ:1.91349 loss_pq_vm:0.01007 loss_pq_va:0.13561 loss_pv_va:0.15819
INFO|2024-09-26 08:19:41: Epoch[088/100], iter[352/392], loss_total:0.58582, loss_equ:1.94600 loss_pq_vm:0.01002 loss_pq_va:0.13375 loss_pv_va:0.15725
INFO|2024-09-26 08:20:45: Epoch[088/100], iter[392/392], loss_total:0.58178, loss_equ:1.91092 loss_pq_vm:0.01009 loss_pq_va:0.13441 loss_pv_va:0.15535
INFO|2024-09-26 08:22:54: Epoch 87/100, lr:  0.00004476, eta: 2.55h, train_loss:  0.57939, valid_loss:  1.02252
INFO|2024-09-26 08:22:54: 	Train: PQ_Vm_rmse: 0.00058304  PQ_Va_rmse: 0.00345920  PV_Va_rmse: 0.00362859  delta_p: 0.02047453  delta_q: 0.01021702  
INFO|2024-09-26 08:22:54: 	ZTest: PQ_Vm_rmse: 0.00587713  PQ_Va_rmse: 0.03585368  PV_Va_rmse: 0.03968019  delta_p: 0.08147169  delta_q: 0.03031036  
INFO|2024-09-26 08:22:54: 	ZTest-ema: PQ_Vm_rmse: 0.005859  PQ_Va_rmse: 0.036300  PV_Va_rmse: 0.039961  delta_p: 0.080464  delta_q: 0.030258  
INFO|2024-09-26 08:22:54: 	           ValOfEMA:0.039961/0.036011,  Epoch:88/42
INFO|2024-09-26 08:22:55: 	Time(ep):764s,  Val(curr/best):0.039680/0.036753,  Epoch(curr/best):88/46
INFO|2024-09-26 08:22:55: -------------------- Epoch: 89 --------------------
INFO|2024-09-26 08:24:01: Epoch[089/100], iter[040/392], loss_total:0.60331, loss_equ:1.95940 loss_pq_vm:0.01069 loss_pq_va:0.13910 loss_pv_va:0.16141
INFO|2024-09-26 08:25:03: Epoch[089/100], iter[079/392], loss_total:0.59800, loss_equ:1.95658 loss_pq_vm:0.01012 loss_pq_va:0.13834 loss_pv_va:0.16281
INFO|2024-09-26 08:26:06: Epoch[089/100], iter[118/392], loss_total:0.58700, loss_equ:1.93045 loss_pq_vm:0.00996 loss_pq_va:0.13597 loss_pv_va:0.15840
INFO|2024-09-26 08:27:09: Epoch[089/100], iter[157/392], loss_total:0.59385, loss_equ:1.95546 loss_pq_vm:0.00976 loss_pq_va:0.13739 loss_pv_va:0.16334
INFO|2024-09-26 08:28:11: Epoch[089/100], iter[196/392], loss_total:0.60128, loss_equ:1.96596 loss_pq_vm:0.01043 loss_pq_va:0.13977 loss_pv_va:0.16060
INFO|2024-09-26 08:29:13: Epoch[089/100], iter[235/392], loss_total:0.59626, loss_equ:1.95636 loss_pq_vm:0.01006 loss_pq_va:0.13866 loss_pv_va:0.16135
INFO|2024-09-26 08:30:16: Epoch[089/100], iter[274/392], loss_total:0.56741, loss_equ:1.90906 loss_pq_vm:0.00967 loss_pq_va:0.12920 loss_pv_va:0.15059
INFO|2024-09-26 08:31:19: Epoch[089/100], iter[313/392], loss_total:0.60549, loss_equ:2.00080 loss_pq_vm:0.01000 loss_pq_va:0.13950 loss_pv_va:0.16587
INFO|2024-09-26 08:32:22: Epoch[089/100], iter[352/392], loss_total:0.58690, loss_equ:1.93603 loss_pq_vm:0.00999 loss_pq_va:0.13481 loss_pv_va:0.15858
INFO|2024-09-26 08:33:26: Epoch[089/100], iter[392/392], loss_total:0.56222, loss_equ:1.88114 loss_pq_vm:0.00936 loss_pq_va:0.12860 loss_pv_va:0.15195
INFO|2024-09-26 08:35:34: Epoch 88/100, lr:  0.00003926, eta: 2.32h, train_loss:  0.57801, valid_loss:  1.02408
INFO|2024-09-26 08:35:34: 	Train: PQ_Vm_rmse: 0.00057901  PQ_Va_rmse: 0.00339249  PV_Va_rmse: 0.00355724  delta_p: 0.02025620  delta_q: 0.01015885  
INFO|2024-09-26 08:35:34: 	ZTest: PQ_Vm_rmse: 0.00573509  PQ_Va_rmse: 0.03622382  PV_Va_rmse: 0.04012052  delta_p: 0.08185342  delta_q: 0.03064659  
INFO|2024-09-26 08:35:34: 	ZTest-ema: PQ_Vm_rmse: 0.005838  PQ_Va_rmse: 0.036489  PV_Va_rmse: 0.040179  delta_p: 0.081911  delta_q: 0.030976  
INFO|2024-09-26 08:35:34: 	           ValOfEMA:0.040179/0.036011,  Epoch:89/42
INFO|2024-09-26 08:35:35: 	Time(ep):759s,  Val(curr/best):0.040121/0.036753,  Epoch(curr/best):89/46
INFO|2024-09-26 08:35:35: -------------------- Epoch: 90 --------------------
INFO|2024-09-26 08:36:41: Epoch[090/100], iter[040/392], loss_total:0.57527, loss_equ:1.94471 loss_pq_vm:0.00971 loss_pq_va:0.13101 loss_pv_va:0.15267
INFO|2024-09-26 08:37:43: Epoch[090/100], iter[079/392], loss_total:0.56202, loss_equ:1.87445 loss_pq_vm:0.00954 loss_pq_va:0.12752 loss_pv_va:0.15164
INFO|2024-09-26 08:38:46: Epoch[090/100], iter[118/392], loss_total:0.55973, loss_equ:1.90936 loss_pq_vm:0.00904 loss_pq_va:0.12780 loss_pv_va:0.15056
INFO|2024-09-26 08:39:49: Epoch[090/100], iter[157/392], loss_total:0.55081, loss_equ:1.85984 loss_pq_vm:0.00902 loss_pq_va:0.12681 loss_pv_va:0.14786
INFO|2024-09-26 08:40:52: Epoch[090/100], iter[196/392], loss_total:0.56271, loss_equ:1.86991 loss_pq_vm:0.00943 loss_pq_va:0.12902 loss_pv_va:0.15244
INFO|2024-09-26 08:41:55: Epoch[090/100], iter[235/392], loss_total:0.57484, loss_equ:1.93036 loss_pq_vm:0.00954 loss_pq_va:0.13102 loss_pv_va:0.15539
INFO|2024-09-26 08:42:58: Epoch[090/100], iter[274/392], loss_total:0.57273, loss_equ:1.89734 loss_pq_vm:0.00946 loss_pq_va:0.13270 loss_pv_va:0.15571
INFO|2024-09-26 08:44:00: Epoch[090/100], iter[313/392], loss_total:0.56974, loss_equ:1.91863 loss_pq_vm:0.00937 loss_pq_va:0.13163 loss_pv_va:0.15253
INFO|2024-09-26 08:45:03: Epoch[090/100], iter[352/392], loss_total:0.55596, loss_equ:1.89105 loss_pq_vm:0.00905 loss_pq_va:0.12754 loss_pv_va:0.14878
INFO|2024-09-26 08:46:08: Epoch[090/100], iter[392/392], loss_total:0.57713, loss_equ:1.87178 loss_pq_vm:0.00906 loss_pq_va:0.13677 loss_pv_va:0.16260
INFO|2024-09-26 08:48:16: Epoch 89/100, lr:  0.00003423, eta: 2.11h, train_loss:  0.57586, valid_loss:  1.01773
INFO|2024-09-26 08:48:16: 	Train: PQ_Vm_rmse: 0.00057757  PQ_Va_rmse: 0.00338875  PV_Va_rmse: 0.00355056  delta_p: 0.01995914  delta_q: 0.01004351  
INFO|2024-09-26 08:48:16: 	ZTest: PQ_Vm_rmse: 0.00575822  PQ_Va_rmse: 0.03602714  PV_Va_rmse: 0.04027359  delta_p: 0.08024188  delta_q: 0.02977858  
INFO|2024-09-26 08:48:16: 	ZTest-ema: PQ_Vm_rmse: 0.005660  PQ_Va_rmse: 0.035702  PV_Va_rmse: 0.039386  delta_p: 0.080274  delta_q: 0.030322  
INFO|2024-09-26 08:48:16: 	           ValOfEMA:0.039386/0.036011,  Epoch:90/42
INFO|2024-09-26 08:48:17: 	Time(ep):760s,  Val(curr/best):0.040274/0.036753,  Epoch(curr/best):90/46
INFO|2024-09-26 08:48:17: -------------------- Epoch: 91 --------------------
INFO|2024-09-26 08:49:22: Epoch[091/100], iter[040/392], loss_total:0.59622, loss_equ:1.95636 loss_pq_vm:0.00954 loss_pq_va:0.14085 loss_pv_va:0.16438
INFO|2024-09-26 08:50:25: Epoch[091/100], iter[079/392], loss_total:0.55949, loss_equ:1.92230 loss_pq_vm:0.00941 loss_pq_va:0.12557 loss_pv_va:0.14755
INFO|2024-09-26 08:51:29: Epoch[091/100], iter[118/392], loss_total:0.55063, loss_equ:1.86882 loss_pq_vm:0.00887 loss_pq_va:0.12727 loss_pv_va:0.14781
INFO|2024-09-26 08:52:32: Epoch[091/100], iter[157/392], loss_total:0.57160, loss_equ:1.91595 loss_pq_vm:0.00996 loss_pq_va:0.12896 loss_pv_va:0.15144
INFO|2024-09-26 08:53:35: Epoch[091/100], iter[196/392], loss_total:0.56830, loss_equ:1.89927 loss_pq_vm:0.00979 loss_pq_va:0.12995 loss_pv_va:0.15049
INFO|2024-09-26 08:54:38: Epoch[091/100], iter[235/392], loss_total:0.56130, loss_equ:1.92232 loss_pq_vm:0.00940 loss_pq_va:0.12676 loss_pv_va:0.14836
INFO|2024-09-26 08:55:41: Epoch[091/100], iter[274/392], loss_total:0.56276, loss_equ:1.88981 loss_pq_vm:0.00928 loss_pq_va:0.12939 loss_pv_va:0.15162
INFO|2024-09-26 08:56:44: Epoch[091/100], iter[313/392], loss_total:0.54182, loss_equ:1.84919 loss_pq_vm:0.00949 loss_pq_va:0.12130 loss_pv_va:0.14067
INFO|2024-09-26 08:57:47: Epoch[091/100], iter[352/392], loss_total:0.59909, loss_equ:1.96481 loss_pq_vm:0.01027 loss_pq_va:0.13882 loss_pv_va:0.16110
INFO|2024-09-26 08:58:51: Epoch[091/100], iter[392/392], loss_total:0.55076, loss_equ:1.88824 loss_pq_vm:0.00913 loss_pq_va:0.12499 loss_pv_va:0.14559
INFO|2024-09-26 09:01:00: Epoch 90/100, lr:  0.00002965, eta: 1.91h, train_loss:  0.57296, valid_loss:  1.02157
INFO|2024-09-26 09:01:00: 	Train: PQ_Vm_rmse: 0.00057302  PQ_Va_rmse: 0.00327444  PV_Va_rmse: 0.00342349  delta_p: 0.01966773  delta_q: 0.01001809  
INFO|2024-09-26 09:01:00: 	ZTest: PQ_Vm_rmse: 0.00588170  PQ_Va_rmse: 0.03592107  PV_Va_rmse: 0.03923514  delta_p: 0.08121255  delta_q: 0.03023255  
INFO|2024-09-26 09:01:00: 	ZTest-ema: PQ_Vm_rmse: 0.005921  PQ_Va_rmse: 0.036441  PV_Va_rmse: 0.040215  delta_p: 0.080036  delta_q: 0.030380  
INFO|2024-09-26 09:01:00: 	           ValOfEMA:0.040215/0.036011,  Epoch:91/42
INFO|2024-09-26 09:01:00: 	Time(ep):763s,  Val(curr/best):0.039235/0.036753,  Epoch(curr/best):91/46
INFO|2024-09-26 09:01:00: -------------------- Epoch: 92 --------------------
INFO|2024-09-26 09:02:07: Epoch[092/100], iter[040/392], loss_total:0.56450, loss_equ:1.90329 loss_pq_vm:0.00946 loss_pq_va:0.12873 loss_pv_va:0.15085
INFO|2024-09-26 09:03:10: Epoch[092/100], iter[079/392], loss_total:0.57102, loss_equ:1.91226 loss_pq_vm:0.00993 loss_pq_va:0.12900 loss_pv_va:0.15152
INFO|2024-09-26 09:04:13: Epoch[092/100], iter[118/392], loss_total:0.54974, loss_equ:1.86633 loss_pq_vm:0.00917 loss_pq_va:0.12504 loss_pv_va:0.14636
INFO|2024-09-26 09:05:16: Epoch[092/100], iter[157/392], loss_total:0.58081, loss_equ:1.93674 loss_pq_vm:0.00970 loss_pq_va:0.13356 loss_pv_va:0.15656
INFO|2024-09-26 09:06:19: Epoch[092/100], iter[196/392], loss_total:0.56972, loss_equ:1.89564 loss_pq_vm:0.00946 loss_pq_va:0.13249 loss_pv_va:0.15307
INFO|2024-09-26 09:07:22: Epoch[092/100], iter[235/392], loss_total:0.55701, loss_equ:1.89180 loss_pq_vm:0.00895 loss_pq_va:0.12699 loss_pv_va:0.15131
INFO|2024-09-26 09:08:25: Epoch[092/100], iter[274/392], loss_total:0.56596, loss_equ:1.90150 loss_pq_vm:0.00925 loss_pq_va:0.13078 loss_pv_va:0.15250
INFO|2024-09-26 09:09:28: Epoch[092/100], iter[313/392], loss_total:0.56316, loss_equ:1.90128 loss_pq_vm:0.00955 loss_pq_va:0.12732 loss_pv_va:0.15018
INFO|2024-09-26 09:10:31: Epoch[092/100], iter[352/392], loss_total:0.56651, loss_equ:1.88522 loss_pq_vm:0.00958 loss_pq_va:0.13085 loss_pv_va:0.15129
INFO|2024-09-26 09:11:36: Epoch[092/100], iter[392/392], loss_total:0.60054, loss_equ:1.93356 loss_pq_vm:0.01005 loss_pq_va:0.14243 loss_pv_va:0.16426
INFO|2024-09-26 09:13:45: Epoch 91/100, lr:  0.00002555, eta: 1.7h, train_loss:  0.57169, valid_loss:  1.01894
INFO|2024-09-26 09:13:45: 	Train: PQ_Vm_rmse: 0.00056745  PQ_Va_rmse: 0.00326709  PV_Va_rmse: 0.00341468  delta_p: 0.01930134  delta_q: 0.00988554  
INFO|2024-09-26 09:13:45: 	ZTest: PQ_Vm_rmse: 0.00582497  PQ_Va_rmse: 0.03608075  PV_Va_rmse: 0.03959315  delta_p: 0.07942789  delta_q: 0.02973033  
INFO|2024-09-26 09:13:45: 	ZTest-ema: PQ_Vm_rmse: 0.005784  PQ_Va_rmse: 0.035888  PV_Va_rmse: 0.039098  delta_p: 0.081805  delta_q: 0.030234  
INFO|2024-09-26 09:13:45: 	           ValOfEMA:0.039098/0.036011,  Epoch:92/42
INFO|2024-09-26 09:13:45: 	Time(ep):764s,  Val(curr/best):0.039593/0.036753,  Epoch(curr/best):92/46
INFO|2024-09-26 09:13:45: -------------------- Epoch: 93 --------------------
INFO|2024-09-26 09:14:52: Epoch[093/100], iter[040/392], loss_total:0.54552, loss_equ:1.87771 loss_pq_vm:0.00895 loss_pq_va:0.12296 loss_pv_va:0.14529
INFO|2024-09-26 09:15:55: Epoch[093/100], iter[079/392], loss_total:0.58509, loss_equ:1.92596 loss_pq_vm:0.00992 loss_pq_va:0.13508 loss_pv_va:0.15826
INFO|2024-09-26 09:16:58: Epoch[093/100], iter[118/392], loss_total:0.58254, loss_equ:1.92858 loss_pq_vm:0.00993 loss_pq_va:0.13338 loss_pv_va:0.15704
INFO|2024-09-26 09:18:01: Epoch[093/100], iter[157/392], loss_total:0.56567, loss_equ:1.91106 loss_pq_vm:0.00930 loss_pq_va:0.12919 loss_pv_va:0.15241
INFO|2024-09-26 09:19:04: Epoch[093/100], iter[196/392], loss_total:0.58624, loss_equ:1.93088 loss_pq_vm:0.00970 loss_pq_va:0.13666 loss_pv_va:0.15948
INFO|2024-09-26 09:20:07: Epoch[093/100], iter[235/392], loss_total:0.56650, loss_equ:1.90725 loss_pq_vm:0.00963 loss_pq_va:0.12840 loss_pv_va:0.15109
INFO|2024-09-26 09:21:10: Epoch[093/100], iter[274/392], loss_total:0.57971, loss_equ:1.89567 loss_pq_vm:0.00981 loss_pq_va:0.13515 loss_pv_va:0.15687
INFO|2024-09-26 09:22:13: Epoch[093/100], iter[313/392], loss_total:0.57815, loss_equ:1.91950 loss_pq_vm:0.00963 loss_pq_va:0.13289 loss_pv_va:0.15699
INFO|2024-09-26 09:23:16: Epoch[093/100], iter[352/392], loss_total:0.58787, loss_equ:1.93041 loss_pq_vm:0.00984 loss_pq_va:0.13549 loss_pv_va:0.16094
INFO|2024-09-26 09:24:20: Epoch[093/100], iter[392/392], loss_total:0.57982, loss_equ:1.91199 loss_pq_vm:0.00977 loss_pq_va:0.13402 loss_pv_va:0.15692
INFO|2024-09-26 09:26:30: Epoch 92/100, lr:  0.00002192, eta: 1.49h, train_loss:  0.57037, valid_loss:  1.02415
INFO|2024-09-26 09:26:30: 	Train: PQ_Vm_rmse: 0.00056486  PQ_Va_rmse: 0.00328623  PV_Va_rmse: 0.00344229  delta_p: 0.01920148  delta_q: 0.00982612  
INFO|2024-09-26 09:26:30: 	ZTest: PQ_Vm_rmse: 0.00579451  PQ_Va_rmse: 0.03567442  PV_Va_rmse: 0.03914298  delta_p: 0.07966249  delta_q: 0.03015641  
INFO|2024-09-26 09:26:30: 	ZTest-ema: PQ_Vm_rmse: 0.005850  PQ_Va_rmse: 0.035948  PV_Va_rmse: 0.039362  delta_p: 0.080015  delta_q: 0.029654  
INFO|2024-09-26 09:26:30: 	           ValOfEMA:0.039362/0.036011,  Epoch:93/42
INFO|2024-09-26 09:26:31: 	Time(ep):764s,  Val(curr/best):0.039143/0.036753,  Epoch(curr/best):93/46
INFO|2024-09-26 09:26:31: -------------------- Epoch: 94 --------------------
INFO|2024-09-26 09:27:36: Epoch[094/100], iter[040/392], loss_total:0.57715, loss_equ:1.92561 loss_pq_vm:0.00967 loss_pq_va:0.13207 loss_pv_va:0.15584
INFO|2024-09-26 09:28:40: Epoch[094/100], iter[079/392], loss_total:0.54640, loss_equ:1.82979 loss_pq_vm:0.00923 loss_pq_va:0.12473 loss_pv_va:0.14643
INFO|2024-09-26 09:29:43: Epoch[094/100], iter[118/392], loss_total:0.57959, loss_equ:1.94068 loss_pq_vm:0.00962 loss_pq_va:0.13358 loss_pv_va:0.15570
INFO|2024-09-26 09:30:46: Epoch[094/100], iter[157/392], loss_total:0.56315, loss_equ:1.88941 loss_pq_vm:0.00932 loss_pq_va:0.12937 loss_pv_va:0.15166
INFO|2024-09-26 09:31:49: Epoch[094/100], iter[196/392], loss_total:0.61035, loss_equ:2.01379 loss_pq_vm:0.01051 loss_pq_va:0.14104 loss_pv_va:0.16287
INFO|2024-09-26 09:32:52: Epoch[094/100], iter[235/392], loss_total:0.55078, loss_equ:1.86832 loss_pq_vm:0.00929 loss_pq_va:0.12405 loss_pv_va:0.14695
INFO|2024-09-26 09:33:55: Epoch[094/100], iter[274/392], loss_total:0.55941, loss_equ:1.88359 loss_pq_vm:0.00924 loss_pq_va:0.12746 loss_pv_va:0.15116
INFO|2024-09-26 09:34:58: Epoch[094/100], iter[313/392], loss_total:0.59478, loss_equ:1.93422 loss_pq_vm:0.00997 loss_pq_va:0.13920 loss_pv_va:0.16249
INFO|2024-09-26 09:36:01: Epoch[094/100], iter[352/392], loss_total:0.57135, loss_equ:1.93619 loss_pq_vm:0.00942 loss_pq_va:0.13068 loss_pv_va:0.15286
INFO|2024-09-26 09:37:06: Epoch[094/100], iter[392/392], loss_total:0.59364, loss_equ:1.96085 loss_pq_vm:0.00978 loss_pq_va:0.13725 loss_pv_va:0.16253
INFO|2024-09-26 09:39:15: Epoch 93/100, lr:  0.00001877, eta: 1.27h, train_loss:  0.56939, valid_loss:  1.01408
INFO|2024-09-26 09:39:15: 	Train: PQ_Vm_rmse: 0.00056103  PQ_Va_rmse: 0.00324949  PV_Va_rmse: 0.00339609  delta_p: 0.01914385  delta_q: 0.00975326  
INFO|2024-09-26 09:39:15: 	ZTest: PQ_Vm_rmse: 0.00586458  PQ_Va_rmse: 0.03606752  PV_Va_rmse: 0.03928303  delta_p: 0.08015506  delta_q: 0.03010123  
INFO|2024-09-26 09:39:15: 	ZTest-ema: PQ_Vm_rmse: 0.005862  PQ_Va_rmse: 0.036183  PV_Va_rmse: 0.039563  delta_p: 0.079175  delta_q: 0.029968  
INFO|2024-09-26 09:39:15: 	           ValOfEMA:0.039563/0.036011,  Epoch:94/42
INFO|2024-09-26 09:39:16: 	Time(ep):764s,  Val(curr/best):0.039283/0.036753,  Epoch(curr/best):94/46
INFO|2024-09-26 09:39:16: -------------------- Epoch: 95 --------------------
INFO|2024-09-26 09:40:22: Epoch[095/100], iter[040/392], loss_total:0.53903, loss_equ:1.84525 loss_pq_vm:0.00909 loss_pq_va:0.11961 loss_pv_va:0.14396
INFO|2024-09-26 09:41:25: Epoch[095/100], iter[079/392], loss_total:0.56492, loss_equ:1.91084 loss_pq_vm:0.00925 loss_pq_va:0.12955 loss_pv_va:0.15175
INFO|2024-09-26 09:42:28: Epoch[095/100], iter[118/392], loss_total:0.59184, loss_equ:1.94657 loss_pq_vm:0.00977 loss_pq_va:0.13766 loss_pv_va:0.16179
INFO|2024-09-26 09:43:31: Epoch[095/100], iter[157/392], loss_total:0.56550, loss_equ:1.88524 loss_pq_vm:0.00930 loss_pq_va:0.13115 loss_pv_va:0.15279
INFO|2024-09-26 09:44:34: Epoch[095/100], iter[196/392], loss_total:0.54049, loss_equ:1.83013 loss_pq_vm:0.00878 loss_pq_va:0.12363 loss_pv_va:0.14605
INFO|2024-09-26 09:45:37: Epoch[095/100], iter[235/392], loss_total:0.56564, loss_equ:1.92816 loss_pq_vm:0.00936 loss_pq_va:0.12841 loss_pv_va:0.15084
INFO|2024-09-26 09:46:40: Epoch[095/100], iter[274/392], loss_total:0.57620, loss_equ:1.89946 loss_pq_vm:0.00960 loss_pq_va:0.13327 loss_pv_va:0.15702
INFO|2024-09-26 09:47:43: Epoch[095/100], iter[313/392], loss_total:0.55948, loss_equ:1.92638 loss_pq_vm:0.00938 loss_pq_va:0.12494 loss_pv_va:0.14809
INFO|2024-09-26 09:48:46: Epoch[095/100], iter[352/392], loss_total:0.57235, loss_equ:1.91886 loss_pq_vm:0.00957 loss_pq_va:0.13115 loss_pv_va:0.15362
INFO|2024-09-26 09:49:50: Epoch[095/100], iter[392/392], loss_total:0.55376, loss_equ:1.86829 loss_pq_vm:0.00921 loss_pq_va:0.12536 loss_pv_va:0.14943
INFO|2024-09-26 09:51:59: Epoch 94/100, lr:  0.00001609, eta: 1.06h, train_loss:  0.56799, valid_loss:  1.01884
INFO|2024-09-26 09:51:59: 	Train: PQ_Vm_rmse: 0.00055930  PQ_Va_rmse: 0.00319538  PV_Va_rmse: 0.00333391  delta_p: 0.01890429  delta_q: 0.00971731  
INFO|2024-09-26 09:51:59: 	ZTest: PQ_Vm_rmse: 0.00584027  PQ_Va_rmse: 0.03561293  PV_Va_rmse: 0.03878046  delta_p: 0.07999402  delta_q: 0.03005229  
INFO|2024-09-26 09:51:59: 	ZTest-ema: PQ_Vm_rmse: 0.005730  PQ_Va_rmse: 0.035291  PV_Va_rmse: 0.038400  delta_p: 0.079733  delta_q: 0.029654  
INFO|2024-09-26 09:51:59: 	           ValOfEMA:0.038400/0.036011,  Epoch:95/42
INFO|2024-09-26 09:52:00: 	Time(ep):763s,  Val(curr/best):0.038780/0.036753,  Epoch(curr/best):95/46
INFO|2024-09-26 09:52:00: -------------------- Epoch: 96 --------------------
INFO|2024-09-26 09:53:06: Epoch[096/100], iter[040/392], loss_total:0.58806, loss_equ:1.93769 loss_pq_vm:0.01018 loss_pq_va:0.13515 loss_pv_va:0.15732
INFO|2024-09-26 09:54:09: Epoch[096/100], iter[079/392], loss_total:0.57297, loss_equ:1.90486 loss_pq_vm:0.00932 loss_pq_va:0.13145 loss_pv_va:0.15783
INFO|2024-09-26 09:55:12: Epoch[096/100], iter[118/392], loss_total:0.57471, loss_equ:1.89269 loss_pq_vm:0.00970 loss_pq_va:0.13399 loss_pv_va:0.15441
INFO|2024-09-26 09:56:15: Epoch[096/100], iter[157/392], loss_total:0.57641, loss_equ:1.92096 loss_pq_vm:0.00964 loss_pq_va:0.13245 loss_pv_va:0.15548
INFO|2024-09-26 09:57:17: Epoch[096/100], iter[196/392], loss_total:0.56718, loss_equ:1.92979 loss_pq_vm:0.00937 loss_pq_va:0.12818 loss_pv_va:0.15228
INFO|2024-09-26 09:58:20: Epoch[096/100], iter[235/392], loss_total:0.58392, loss_equ:1.91331 loss_pq_vm:0.00955 loss_pq_va:0.13676 loss_pv_va:0.16031
INFO|2024-09-26 09:59:23: Epoch[096/100], iter[274/392], loss_total:0.55243, loss_equ:1.87000 loss_pq_vm:0.00938 loss_pq_va:0.12437 loss_pv_va:0.14725
INFO|2024-09-26 10:00:25: Epoch[096/100], iter[313/392], loss_total:0.59829, loss_equ:1.92234 loss_pq_vm:0.01012 loss_pq_va:0.14007 loss_pv_va:0.16477
INFO|2024-09-26 10:01:28: Epoch[096/100], iter[352/392], loss_total:0.59146, loss_equ:1.93777 loss_pq_vm:0.00982 loss_pq_va:0.13831 loss_pv_va:0.16122
INFO|2024-09-26 10:02:32: Epoch[096/100], iter[392/392], loss_total:0.57044, loss_equ:1.89829 loss_pq_vm:0.00956 loss_pq_va:0.13157 loss_pv_va:0.15346
INFO|2024-09-26 10:04:41: Epoch 95/100, lr:  0.00001390, eta: 0.85h, train_loss:  0.56724, valid_loss:  1.01976
INFO|2024-09-26 10:04:41: 	Train: PQ_Vm_rmse: 0.00055687  PQ_Va_rmse: 0.00318679  PV_Va_rmse: 0.00332422  delta_p: 0.01885662  delta_q: 0.00969998  
INFO|2024-09-26 10:04:41: 	ZTest: PQ_Vm_rmse: 0.00574560  PQ_Va_rmse: 0.03539418  PV_Va_rmse: 0.03872048  delta_p: 0.08032153  delta_q: 0.02990268  
INFO|2024-09-26 10:04:41: 	ZTest-ema: PQ_Vm_rmse: 0.005737  PQ_Va_rmse: 0.035049  PV_Va_rmse: 0.038802  delta_p: 0.080908  delta_q: 0.029746  
INFO|2024-09-26 10:04:41: 	           ValOfEMA:0.038802/0.036011,  Epoch:96/42
INFO|2024-09-26 10:04:41: 	Time(ep):760s,  Val(curr/best):0.038720/0.036753,  Epoch(curr/best):96/46
INFO|2024-09-26 10:04:41: -------------------- Epoch: 97 --------------------
INFO|2024-09-26 10:05:47: Epoch[097/100], iter[040/392], loss_total:0.57367, loss_equ:1.95474 loss_pq_vm:0.00944 loss_pq_va:0.13006 loss_pv_va:0.15370
INFO|2024-09-26 10:06:50: Epoch[097/100], iter[079/392], loss_total:0.55157, loss_equ:1.88440 loss_pq_vm:0.00938 loss_pq_va:0.12212 loss_pv_va:0.14721
INFO|2024-09-26 10:07:53: Epoch[097/100], iter[118/392], loss_total:0.56019, loss_equ:1.91294 loss_pq_vm:0.00931 loss_pq_va:0.12773 loss_pv_va:0.14811
INFO|2024-09-26 10:08:56: Epoch[097/100], iter[157/392], loss_total:0.54001, loss_equ:1.85996 loss_pq_vm:0.00879 loss_pq_va:0.12132 loss_pv_va:0.14484
INFO|2024-09-26 10:09:58: Epoch[097/100], iter[196/392], loss_total:0.56586, loss_equ:1.90744 loss_pq_vm:0.00960 loss_pq_va:0.12814 loss_pv_va:0.15097
INFO|2024-09-26 10:11:01: Epoch[097/100], iter[235/392], loss_total:0.55640, loss_equ:1.88313 loss_pq_vm:0.00938 loss_pq_va:0.12652 loss_pv_va:0.14777
INFO|2024-09-26 10:12:04: Epoch[097/100], iter[274/392], loss_total:0.55611, loss_equ:1.85248 loss_pq_vm:0.00919 loss_pq_va:0.12806 loss_pv_va:0.15088
INFO|2024-09-26 10:13:06: Epoch[097/100], iter[313/392], loss_total:0.53590, loss_equ:1.84508 loss_pq_vm:0.00900 loss_pq_va:0.12040 loss_pv_va:0.14098
INFO|2024-09-26 10:14:09: Epoch[097/100], iter[352/392], loss_total:0.57025, loss_equ:1.91742 loss_pq_vm:0.00942 loss_pq_va:0.13060 loss_pv_va:0.15366
INFO|2024-09-26 10:15:14: Epoch[097/100], iter[392/392], loss_total:0.58135, loss_equ:1.96544 loss_pq_vm:0.00960 loss_pq_va:0.13245 loss_pv_va:0.15635
INFO|2024-09-26 10:17:22: Epoch 96/100, lr:  0.00001220, eta: 0.63h, train_loss:  0.56622, valid_loss:  1.01252
INFO|2024-09-26 10:17:22: 	Train: PQ_Vm_rmse: 0.00055542  PQ_Va_rmse: 0.00315818  PV_Va_rmse: 0.00329216  delta_p: 0.01868535  delta_q: 0.00962891  
INFO|2024-09-26 10:17:22: 	ZTest: PQ_Vm_rmse: 0.00561648  PQ_Va_rmse: 0.03496947  PV_Va_rmse: 0.03843637  delta_p: 0.07901420  delta_q: 0.02927320  
INFO|2024-09-26 10:17:22: 	ZTest-ema: PQ_Vm_rmse: 0.005727  PQ_Va_rmse: 0.035172  PV_Va_rmse: 0.038449  delta_p: 0.079318  delta_q: 0.029216  
INFO|2024-09-26 10:17:22: 	           ValOfEMA:0.038449/0.036011,  Epoch:97/42
INFO|2024-09-26 10:17:23: 	Time(ep):761s,  Val(curr/best):0.038436/0.036753,  Epoch(curr/best):97/46
INFO|2024-09-26 10:17:23: -------------------- Epoch: 98 --------------------
INFO|2024-09-26 10:18:29: Epoch[098/100], iter[040/392], loss_total:0.54234, loss_equ:1.86884 loss_pq_vm:0.00903 loss_pq_va:0.12197 loss_pv_va:0.14318
INFO|2024-09-26 10:19:32: Epoch[098/100], iter[079/392], loss_total:0.56723, loss_equ:1.88678 loss_pq_vm:0.00931 loss_pq_va:0.13126 loss_pv_va:0.15417
INFO|2024-09-26 10:20:35: Epoch[098/100], iter[118/392], loss_total:0.54274, loss_equ:1.86015 loss_pq_vm:0.00909 loss_pq_va:0.12068 loss_pv_va:0.14513
INFO|2024-09-26 10:21:39: Epoch[098/100], iter[157/392], loss_total:0.56901, loss_equ:1.90060 loss_pq_vm:0.00954 loss_pq_va:0.13082 loss_pv_va:0.15270
INFO|2024-09-26 10:22:42: Epoch[098/100], iter[196/392], loss_total:0.56575, loss_equ:1.88160 loss_pq_vm:0.00952 loss_pq_va:0.13073 loss_pv_va:0.15162
INFO|2024-09-26 10:23:45: Epoch[098/100], iter[235/392], loss_total:0.54859, loss_equ:1.86653 loss_pq_vm:0.00900 loss_pq_va:0.12594 loss_pv_va:0.14598
INFO|2024-09-26 10:24:48: Epoch[098/100], iter[274/392], loss_total:0.56553, loss_equ:1.91826 loss_pq_vm:0.00939 loss_pq_va:0.12842 loss_pv_va:0.15141
INFO|2024-09-26 10:25:51: Epoch[098/100], iter[313/392], loss_total:0.54863, loss_equ:1.85218 loss_pq_vm:0.00881 loss_pq_va:0.12630 loss_pv_va:0.14900
INFO|2024-09-26 10:26:54: Epoch[098/100], iter[352/392], loss_total:0.56678, loss_equ:1.90178 loss_pq_vm:0.00958 loss_pq_va:0.12887 loss_pv_va:0.15192
INFO|2024-09-26 10:27:59: Epoch[098/100], iter[392/392], loss_total:0.59015, loss_equ:1.94528 loss_pq_vm:0.01046 loss_pq_va:0.13455 loss_pv_va:0.15643
INFO|2024-09-26 10:30:07: Epoch 97/100, lr:  0.00001098, eta: 0.42h, train_loss:  0.56557, valid_loss:  1.01898
INFO|2024-09-26 10:30:07: 	Train: PQ_Vm_rmse: 0.00055535  PQ_Va_rmse: 0.00318543  PV_Va_rmse: 0.00332789  delta_p: 0.01870661  delta_q: 0.00961190  
INFO|2024-09-26 10:30:07: 	ZTest: PQ_Vm_rmse: 0.00569204  PQ_Va_rmse: 0.03500946  PV_Va_rmse: 0.03836054  delta_p: 0.07996198  delta_q: 0.02919594  
INFO|2024-09-26 10:30:07: 	ZTest-ema: PQ_Vm_rmse: 0.005616  PQ_Va_rmse: 0.034953  PV_Va_rmse: 0.038525  delta_p: 0.079908  delta_q: 0.029023  
INFO|2024-09-26 10:30:07: 	           ValOfEMA:0.038525/0.036011,  Epoch:98/42
INFO|2024-09-26 10:30:08: 	Time(ep):764s,  Val(curr/best):0.038361/0.036753,  Epoch(curr/best):98/46
INFO|2024-09-26 10:30:08: -------------------- Epoch: 99 --------------------
INFO|2024-09-26 10:31:14: Epoch[099/100], iter[040/392], loss_total:0.54093, loss_equ:1.84967 loss_pq_vm:0.00910 loss_pq_va:0.12129 loss_pv_va:0.14372
INFO|2024-09-26 10:32:17: Epoch[099/100], iter[079/392], loss_total:0.54958, loss_equ:1.86066 loss_pq_vm:0.00919 loss_pq_va:0.12509 loss_pv_va:0.14655
INFO|2024-09-26 10:33:20: Epoch[099/100], iter[118/392], loss_total:0.56451, loss_equ:1.88790 loss_pq_vm:0.00961 loss_pq_va:0.12970 loss_pv_va:0.14995
INFO|2024-09-26 10:34:23: Epoch[099/100], iter[157/392], loss_total:0.57320, loss_equ:1.90295 loss_pq_vm:0.00943 loss_pq_va:0.13370 loss_pv_va:0.15492
INFO|2024-09-26 10:35:26: Epoch[099/100], iter[196/392], loss_total:0.58522, loss_equ:1.90651 loss_pq_vm:0.01010 loss_pq_va:0.13642 loss_pv_va:0.15716
INFO|2024-09-26 10:36:29: Epoch[099/100], iter[235/392], loss_total:0.56936, loss_equ:1.90239 loss_pq_vm:0.00925 loss_pq_va:0.13155 loss_pv_va:0.15505
INFO|2024-09-26 10:37:32: Epoch[099/100], iter[274/392], loss_total:0.53374, loss_equ:1.81891 loss_pq_vm:0.00915 loss_pq_va:0.11944 loss_pv_va:0.14093
INFO|2024-09-26 10:38:35: Epoch[099/100], iter[313/392], loss_total:0.56834, loss_equ:1.91292 loss_pq_vm:0.00959 loss_pq_va:0.12817 loss_pv_va:0.15303
INFO|2024-09-26 10:39:38: Epoch[099/100], iter[352/392], loss_total:0.56423, loss_equ:1.92701 loss_pq_vm:0.00972 loss_pq_va:0.12576 loss_pv_va:0.14852
INFO|2024-09-26 10:40:43: Epoch[099/100], iter[392/392], loss_total:0.55621, loss_equ:1.86516 loss_pq_vm:0.00913 loss_pq_va:0.12731 loss_pv_va:0.15113
INFO|2024-09-26 10:42:52: Epoch 98/100, lr:  0.00001024, eta: 0.21h, train_loss:  0.56494, valid_loss:  1.01303
INFO|2024-09-26 10:42:52: 	Train: PQ_Vm_rmse: 0.00055435  PQ_Va_rmse: 0.00315492  PV_Va_rmse: 0.00328972  delta_p: 0.01857707  delta_q: 0.00958700  
INFO|2024-09-26 10:42:52: 	ZTest: PQ_Vm_rmse: 0.00567998  PQ_Va_rmse: 0.03498988  PV_Va_rmse: 0.03852997  delta_p: 0.08004547  delta_q: 0.02905325  
INFO|2024-09-26 10:42:52: 	ZTest-ema: PQ_Vm_rmse: 0.005690  PQ_Va_rmse: 0.035187  PV_Va_rmse: 0.038593  delta_p: 0.078721  delta_q: 0.028936  
INFO|2024-09-26 10:42:52: 	           ValOfEMA:0.038593/0.036011,  Epoch:99/42
INFO|2024-09-26 10:42:53: 	Time(ep):763s,  Val(curr/best):0.038530/0.036753,  Epoch(curr/best):99/46
INFO|2024-09-26 10:42:53: -------------------- Epoch: 100 --------------------
INFO|2024-09-26 10:43:59: Epoch[100/100], iter[040/392], loss_total:0.61936, loss_equ:1.95188 loss_pq_vm:0.01058 loss_pq_va:0.14578 loss_pv_va:0.17262
INFO|2024-09-26 10:45:02: Epoch[100/100], iter[079/392], loss_total:0.57280, loss_equ:1.91267 loss_pq_vm:0.00927 loss_pq_va:0.13339 loss_pv_va:0.15546
INFO|2024-09-26 10:46:04: Epoch[100/100], iter[118/392], loss_total:0.59761, loss_equ:1.91687 loss_pq_vm:0.00999 loss_pq_va:0.14188 loss_pv_va:0.16413
INFO|2024-09-26 10:47:07: Epoch[100/100], iter[157/392], loss_total:0.55124, loss_equ:1.83642 loss_pq_vm:0.00953 loss_pq_va:0.12529 loss_pv_va:0.14700
INFO|2024-09-26 10:48:09: Epoch[100/100], iter[196/392], loss_total:0.56382, loss_equ:1.90021 loss_pq_vm:0.00944 loss_pq_va:0.12932 loss_pv_va:0.15009
INFO|2024-09-26 10:49:11: Epoch[100/100], iter[235/392], loss_total:0.57254, loss_equ:1.88150 loss_pq_vm:0.00981 loss_pq_va:0.13241 loss_pv_va:0.15386
INFO|2024-09-26 10:50:13: Epoch[100/100], iter[274/392], loss_total:0.59682, loss_equ:1.96929 loss_pq_vm:0.01004 loss_pq_va:0.13768 loss_pv_va:0.16182
INFO|2024-09-26 10:51:16: Epoch[100/100], iter[313/392], loss_total:0.56184, loss_equ:1.88354 loss_pq_vm:0.00908 loss_pq_va:0.13007 loss_pv_va:0.15264
INFO|2024-09-26 10:52:19: Epoch[100/100], iter[352/392], loss_total:0.56978, loss_equ:1.89667 loss_pq_vm:0.00936 loss_pq_va:0.13103 loss_pv_va:0.15550
INFO|2024-09-26 10:53:24: Epoch[100/100], iter[392/392], loss_total:0.56874, loss_equ:1.89440 loss_pq_vm:0.00935 loss_pq_va:0.13110 loss_pv_va:0.15473
INFO|2024-09-26 10:55:32: Epoch 99/100, lr:  0.00001000, eta: 0.0h, train_loss:  0.56422, valid_loss:  1.01251
INFO|2024-09-26 10:55:32: 	Train: PQ_Vm_rmse: 0.00055116  PQ_Va_rmse: 0.00312573  PV_Va_rmse: 0.00325621  delta_p: 0.01848043  delta_q: 0.00955772  
INFO|2024-09-26 10:55:32: 	ZTest: PQ_Vm_rmse: 0.00577850  PQ_Va_rmse: 0.03487306  PV_Va_rmse: 0.03834799  delta_p: 0.07834929  delta_q: 0.02935740  
INFO|2024-09-26 10:55:32: 	ZTest-ema: PQ_Vm_rmse: 0.005789  PQ_Va_rmse: 0.035130  PV_Va_rmse: 0.038582  delta_p: 0.080386  delta_q: 0.029563  
INFO|2024-09-26 10:55:32: 	           ValOfEMA:0.038582/0.036011,  Epoch:100/42
INFO|2024-09-26 10:55:33: 	Time(ep):759s,  Val(curr/best):0.038348/0.036753,  Epoch(curr/best):100/46
