INFO|2024-09-25 13:41:59: 
{'batch_size': 256,
 'config': '/home/bingxing2/ailab/zhaozhen/energy/senseflow/configs/test_gnns_gatconv_v1_2.yaml',
 'data': {'batch_size': 256,
          'batch_size_test': 256,
          'meta': {'edge': [['PQ', 'default', 'PQ'],
                            ['PQ', 'default', 'PV'],
                            ['PQ', 'default', 'Slack'],
                            ['PV', 'default', 'PQ'],
                            ['PV', 'default', 'PV'],
                            ['PV', 'default', 'Slack'],
                            ['Slack', 'default', 'PQ'],
                            ['Slack', 'default', 'PV']],
                   'node': ['PQ', 'PV', 'Slack']},
          'num_workers': 4,
          'train': {'data_root': '/',
                    'dataset_type': 'PowerFlowDataset',
                    'mask_num': 0,
                    'pq_len': 64,
                    'pv_len': 53,
                    'slack_len': 1,
                    'split_txt': '/home/bingxing2/ailab/zhaozhen/energy/senseflow/data_json/processed/10w_case118_n_n_1.json'},
          'val': {'data_root': '/',
                  'dataset_type': 'PowerFlowDataset',
                  'mask_num': 0,
                  'pq_len': 64,
                  'pv_len': 53,
                  'slack_len': 1,
                  'split_txt': '/home/bingxing2/ailab/zhaozhen/energy/senseflow/data_json/processed/2w_case118_n_2.json'}},
 'distributed': False,
 'flag_return_losses': True,
 'local_rank': 0,
 'log_path': './results/test_gnns_gatconv_v1_2/2024_09_25_13_41_59',
 'loss': {'aggr': 'abs', 'filt_type': True, 'type': 'bi_deltapq_loss'},
 'mask_num': 0,
 'model': {'batch_size': 256,
           'ema_decay_param': 0.99,
           'ema_warmup_epoch': 10,
           'flag_use_edge_feat': False,
           'flag_use_ema': True,
           'flag_use_ffn': False,
           'flag_use_fusion': False,
           'flag_weighted_loss': True,
           'gcn_type': 'gatconv',
           'heads_num': 4,
           'hidden_channels': 128,
           'loss_type': 'l1',
           'loss_weight_equ': 0.1,
           'loss_weight_va': 1.0,
           'loss_weight_vm': 10.0,
           'matrix': 'vm_va',
           'num_block': 8,
           'num_loops_test': -1,
           'num_loops_train': 1,
           'resume_ckpt_path': '',
           'scaling_factor_va': 0.01,
           'scaling_factor_vm': 0.01,
           'type': 'test_gnn',
           'with_norm': True},
 'ngpus': 1,
 'pq_len': 64,
 'pv_len': 53,
 'scheduler': {'eta_min': '1e-5', 'type': 'Cosine'},
 'seed': 2024,
 'slack_len': 1,
 'train': {'epochs': 100,
           'learning_rate': 0.001,
           'logs_freq': 10,
           'momentum': 0.9,
           'optimizer_type': 'Adam',
           'weight_decay': 0.0}}
INFO|2024-09-25 13:42:05: ==================== Total number of parameters: 8.667M
INFO|2024-09-25 13:42:05: -------------------- Epoch: 1 --------------------
INFO|2024-09-25 13:42:20: Epoch[001/100], iter[040/392], loss_total:0.68113, loss_equ:1.10970 loss_pq_vm:0.01362 loss_pq_va:0.22341 loss_pv_va:0.21057
INFO|2024-09-25 13:42:34: Epoch[001/100], iter[079/392], loss_total:0.55125, loss_equ:0.85688 loss_pq_vm:0.00966 loss_pq_va:0.18994 loss_pv_va:0.17904
INFO|2024-09-25 13:42:47: Epoch[001/100], iter[118/392], loss_total:0.48821, loss_equ:0.78779 loss_pq_vm:0.00769 loss_pq_va:0.17110 loss_pv_va:0.16141
INFO|2024-09-25 13:43:01: Epoch[001/100], iter[157/392], loss_total:0.42436, loss_equ:0.74137 loss_pq_vm:0.00745 loss_pq_va:0.14240 loss_pv_va:0.13335
INFO|2024-09-25 13:43:14: Epoch[001/100], iter[196/392], loss_total:0.36363, loss_equ:0.68060 loss_pq_vm:0.00545 loss_pq_va:0.12341 loss_pv_va:0.11768
INFO|2024-09-25 13:43:28: Epoch[001/100], iter[235/392], loss_total:0.39316, loss_equ:0.76031 loss_pq_vm:0.01048 loss_pq_va:0.10657 loss_pv_va:0.10576
INFO|2024-09-25 13:43:41: Epoch[001/100], iter[274/392], loss_total:0.29869, loss_equ:0.56841 loss_pq_vm:0.00521 loss_pq_va:0.09640 loss_pv_va:0.09338
INFO|2024-09-25 13:43:55: Epoch[001/100], iter[313/392], loss_total:0.30343, loss_equ:0.66654 loss_pq_vm:0.00610 loss_pq_va:0.08842 loss_pv_va:0.08735
INFO|2024-09-25 13:44:08: Epoch[001/100], iter[352/392], loss_total:0.26714, loss_equ:0.50547 loss_pq_vm:0.00433 loss_pq_va:0.08751 loss_pv_va:0.08580
INFO|2024-09-25 13:44:22: Epoch[001/100], iter[392/392], loss_total:0.26137, loss_equ:0.49988 loss_pq_vm:0.00469 loss_pq_va:0.08214 loss_pv_va:0.08232
INFO|2024-09-25 13:45:15: Epoch 0/100, lr:  0.00099976, eta: 5.21h, train_loss:  0.43420, valid_loss:  0.28085
INFO|2024-09-25 13:45:15: 	Train: PQ_Vm_rmse: 0.01099573  PQ_Va_rmse: 0.18192225  PV_Va_rmse: 0.17542455  delta_p: 0.46839297  delta_q: 0.17089844  
INFO|2024-09-25 13:45:15: 	ZTest: PQ_Vm_rmse: 0.00715643  PQ_Va_rmse: 0.12677965  PV_Va_rmse: 0.12469788  delta_p: 0.36247924  delta_q: 0.10390076  
INFO|2024-09-25 13:45:15: 	ZTest-ema: PQ_Vm_rmse: 0.007156  PQ_Va_rmse: 0.126780  PV_Va_rmse: 0.124698  delta_p: 0.362479  delta_q: 0.103901  
INFO|2024-09-25 13:45:15: 	           ValOfEMA:0.126780/0.126780,  Epoch:1/1
INFO|2024-09-25 13:45:16: 	Time(ep):189s,  Val(curr/best):0.126780/0.126780,  Epoch(curr/best):1/1
INFO|2024-09-25 13:45:16: -------------------- Epoch: 2 --------------------
INFO|2024-09-25 13:45:30: Epoch[002/100], iter[040/392], loss_total:0.25137, loss_equ:0.43804 loss_pq_vm:0.00378 loss_pq_va:0.08494 loss_pv_va:0.08487
INFO|2024-09-25 13:45:43: Epoch[002/100], iter[079/392], loss_total:0.23723, loss_equ:0.44104 loss_pq_vm:0.00381 loss_pq_va:0.07797 loss_pv_va:0.07704
INFO|2024-09-25 13:45:55: Epoch[002/100], iter[118/392], loss_total:0.25249, loss_equ:0.47720 loss_pq_vm:0.00504 loss_pq_va:0.07761 loss_pv_va:0.07677
INFO|2024-09-25 13:46:08: Epoch[002/100], iter[157/392], loss_total:0.25869, loss_equ:0.50440 loss_pq_vm:0.00595 loss_pq_va:0.07441 loss_pv_va:0.07432
INFO|2024-09-25 13:46:20: Epoch[002/100], iter[196/392], loss_total:0.22274, loss_equ:0.38435 loss_pq_vm:0.00340 loss_pq_va:0.07468 loss_pv_va:0.07560
INFO|2024-09-25 13:46:32: Epoch[002/100], iter[235/392], loss_total:0.23719, loss_equ:0.43575 loss_pq_vm:0.00436 loss_pq_va:0.07498 loss_pv_va:0.07505
INFO|2024-09-25 13:46:45: Epoch[002/100], iter[274/392], loss_total:0.24332, loss_equ:0.41237 loss_pq_vm:0.00446 loss_pq_va:0.07867 loss_pv_va:0.07881
INFO|2024-09-25 13:46:57: Epoch[002/100], iter[313/392], loss_total:0.21596, loss_equ:0.37422 loss_pq_vm:0.00322 loss_pq_va:0.07371 loss_pv_va:0.07262
INFO|2024-09-25 13:47:10: Epoch[002/100], iter[352/392], loss_total:0.21503, loss_equ:0.41769 loss_pq_vm:0.00341 loss_pq_va:0.07007 loss_pv_va:0.06907
INFO|2024-09-25 13:47:22: Epoch[002/100], iter[392/392], loss_total:0.19737, loss_equ:0.34267 loss_pq_vm:0.00311 loss_pq_va:0.06677 loss_pv_va:0.06529
INFO|2024-09-25 13:48:13: Epoch 1/100, lr:  0.00099902, eta: 4.83h, train_loss:  0.23962, valid_loss:  0.23219
INFO|2024-09-25 13:48:13: 	Train: PQ_Vm_rmse: 0.00596940  PQ_Va_rmse: 0.10824229  PV_Va_rmse: 0.10628042  delta_p: 0.27463523  delta_q: 0.08252149  
INFO|2024-09-25 13:48:13: 	ZTest: PQ_Vm_rmse: 0.00591649  PQ_Va_rmse: 0.11362042  PV_Va_rmse: 0.11075150  delta_p: 0.24684230  delta_q: 0.07407364  
INFO|2024-09-25 13:48:13: 	ZTest-ema: PQ_Vm_rmse: 0.005916  PQ_Va_rmse: 0.113620  PV_Va_rmse: 0.110751  delta_p: 0.246842  delta_q: 0.074074  
INFO|2024-09-25 13:48:13: 	           ValOfEMA:0.113620/0.113620,  Epoch:2/2
INFO|2024-09-25 13:48:14: 	Time(ep):177s,  Val(curr/best):0.113620/0.113620,  Epoch(curr/best):2/2
INFO|2024-09-25 13:48:14: -------------------- Epoch: 3 --------------------
INFO|2024-09-25 13:48:28: Epoch[003/100], iter[040/392], loss_total:0.23107, loss_equ:0.37030 loss_pq_vm:0.00357 loss_pq_va:0.08000 loss_pv_va:0.07836
INFO|2024-09-25 13:48:40: Epoch[003/100], iter[079/392], loss_total:0.22572, loss_equ:0.40308 loss_pq_vm:0.00371 loss_pq_va:0.07350 loss_pv_va:0.07484
INFO|2024-09-25 13:48:53: Epoch[003/100], iter[118/392], loss_total:0.22012, loss_equ:0.37919 loss_pq_vm:0.00434 loss_pq_va:0.07045 loss_pv_va:0.06832
INFO|2024-09-25 13:49:05: Epoch[003/100], iter[157/392], loss_total:0.22701, loss_equ:0.40149 loss_pq_vm:0.00464 loss_pq_va:0.07107 loss_pv_va:0.06941
INFO|2024-09-25 13:49:17: Epoch[003/100], iter[196/392], loss_total:0.22540, loss_equ:0.37813 loss_pq_vm:0.00335 loss_pq_va:0.07689 loss_pv_va:0.07722
INFO|2024-09-25 13:49:29: Epoch[003/100], iter[235/392], loss_total:0.19942, loss_equ:0.34021 loss_pq_vm:0.00323 loss_pq_va:0.06755 loss_pv_va:0.06555
INFO|2024-09-25 13:49:42: Epoch[003/100], iter[274/392], loss_total:0.20004, loss_equ:0.37138 loss_pq_vm:0.00294 loss_pq_va:0.06739 loss_pv_va:0.06612
INFO|2024-09-25 13:49:54: Epoch[003/100], iter[313/392], loss_total:0.19902, loss_equ:0.37598 loss_pq_vm:0.00317 loss_pq_va:0.06497 loss_pv_va:0.06473
INFO|2024-09-25 13:50:06: Epoch[003/100], iter[352/392], loss_total:0.19896, loss_equ:0.43060 loss_pq_vm:0.00388 loss_pq_va:0.05901 loss_pv_va:0.05814
INFO|2024-09-25 13:50:18: Epoch[003/100], iter[392/392], loss_total:0.20590, loss_equ:0.35678 loss_pq_vm:0.00296 loss_pq_va:0.07024 loss_pv_va:0.07039
INFO|2024-09-25 13:51:10: Epoch 2/100, lr:  0.00099780, eta: 4.73h, train_loss:  0.21553, valid_loss:  0.21911
INFO|2024-09-25 13:51:10: 	Train: PQ_Vm_rmse: 0.00548992  PQ_Va_rmse: 0.09898301  PV_Va_rmse: 0.09595105  delta_p: 0.24519585  delta_q: 0.07361019  
INFO|2024-09-25 13:51:10: 	ZTest: PQ_Vm_rmse: 0.00627309  PQ_Va_rmse: 0.10209428  PV_Va_rmse: 0.09903737  delta_p: 0.25095419  delta_q: 0.07898340  
INFO|2024-09-25 13:51:10: 	ZTest-ema: PQ_Vm_rmse: 0.006273  PQ_Va_rmse: 0.102094  PV_Va_rmse: 0.099037  delta_p: 0.250954  delta_q: 0.078983  
INFO|2024-09-25 13:51:10: 	           ValOfEMA:0.102094/0.102094,  Epoch:3/3
INFO|2024-09-25 13:51:11: 	Time(ep):175s,  Val(curr/best):0.102094/0.102094,  Epoch(curr/best):3/3
INFO|2024-09-25 13:51:11: -------------------- Epoch: 4 --------------------
INFO|2024-09-25 13:51:25: Epoch[004/100], iter[040/392], loss_total:0.18742, loss_equ:0.33942 loss_pq_vm:0.00289 loss_pq_va:0.06245 loss_pv_va:0.06211
INFO|2024-09-25 13:51:37: Epoch[004/100], iter[079/392], loss_total:0.17628, loss_equ:0.34810 loss_pq_vm:0.00300 loss_pq_va:0.05614 loss_pv_va:0.05528
INFO|2024-09-25 13:51:49: Epoch[004/100], iter[118/392], loss_total:0.19570, loss_equ:0.35251 loss_pq_vm:0.00333 loss_pq_va:0.06447 loss_pv_va:0.06269
INFO|2024-09-25 13:52:01: Epoch[004/100], iter[157/392], loss_total:0.20320, loss_equ:0.38242 loss_pq_vm:0.00466 loss_pq_va:0.05956 loss_pv_va:0.05877
INFO|2024-09-25 13:52:14: Epoch[004/100], iter[196/392], loss_total:0.20203, loss_equ:0.35207 loss_pq_vm:0.00334 loss_pq_va:0.06627 loss_pv_va:0.06711
INFO|2024-09-25 13:52:26: Epoch[004/100], iter[235/392], loss_total:0.19185, loss_equ:0.37095 loss_pq_vm:0.00330 loss_pq_va:0.06141 loss_pv_va:0.06030
INFO|2024-09-25 13:52:38: Epoch[004/100], iter[274/392], loss_total:0.19840, loss_equ:0.41609 loss_pq_vm:0.00401 loss_pq_va:0.05852 loss_pv_va:0.05819
INFO|2024-09-25 13:52:50: Epoch[004/100], iter[313/392], loss_total:0.19731, loss_equ:0.39733 loss_pq_vm:0.00381 loss_pq_va:0.05953 loss_pv_va:0.05991
INFO|2024-09-25 13:53:02: Epoch[004/100], iter[352/392], loss_total:0.18508, loss_equ:0.34316 loss_pq_vm:0.00325 loss_pq_va:0.05938 loss_pv_va:0.05884
INFO|2024-09-25 13:53:15: Epoch[004/100], iter[392/392], loss_total:0.16700, loss_equ:0.32710 loss_pq_vm:0.00291 loss_pq_va:0.05222 loss_pv_va:0.05295
INFO|2024-09-25 13:54:07: Epoch 3/100, lr:  0.00099610, eta: 4.69h, train_loss:  0.19314, valid_loss:  0.18872
INFO|2024-09-25 13:54:07: 	Train: PQ_Vm_rmse: 0.00496800  PQ_Va_rmse: 0.08710399  PV_Va_rmse: 0.08524207  delta_p: 0.23815217  delta_q: 0.06827287  
INFO|2024-09-25 13:54:07: 	ZTest: PQ_Vm_rmse: 0.00540180  PQ_Va_rmse: 0.09081245  PV_Va_rmse: 0.08811211  delta_p: 0.23758339  delta_q: 0.06363974  
INFO|2024-09-25 13:54:07: 	ZTest-ema: PQ_Vm_rmse: 0.005402  PQ_Va_rmse: 0.090812  PV_Va_rmse: 0.088112  delta_p: 0.237583  delta_q: 0.063640  
INFO|2024-09-25 13:54:07: 	           ValOfEMA:0.090812/0.090812,  Epoch:4/4
INFO|2024-09-25 13:54:08: 	Time(ep):175s,  Val(curr/best):0.090812/0.090812,  Epoch(curr/best):4/4
INFO|2024-09-25 13:54:08: -------------------- Epoch: 5 --------------------
INFO|2024-09-25 13:54:21: Epoch[005/100], iter[040/392], loss_total:0.22764, loss_equ:0.41741 loss_pq_vm:0.00395 loss_pq_va:0.07089 loss_pv_va:0.07549
INFO|2024-09-25 13:54:33: Epoch[005/100], iter[079/392], loss_total:0.19269, loss_equ:0.33713 loss_pq_vm:0.00334 loss_pq_va:0.06147 loss_pv_va:0.06415
INFO|2024-09-25 13:54:45: Epoch[005/100], iter[118/392], loss_total:0.17465, loss_equ:0.31975 loss_pq_vm:0.00278 loss_pq_va:0.05749 loss_pv_va:0.05735
INFO|2024-09-25 13:54:57: Epoch[005/100], iter[157/392], loss_total:0.19023, loss_equ:0.37225 loss_pq_vm:0.00373 loss_pq_va:0.05829 loss_pv_va:0.05744
INFO|2024-09-25 13:55:09: Epoch[005/100], iter[196/392], loss_total:0.19136, loss_equ:0.42884 loss_pq_vm:0.00334 loss_pq_va:0.05758 loss_pv_va:0.05751
INFO|2024-09-25 13:55:22: Epoch[005/100], iter[235/392], loss_total:0.17085, loss_equ:0.31601 loss_pq_vm:0.00297 loss_pq_va:0.05490 loss_pv_va:0.05462
INFO|2024-09-25 13:55:34: Epoch[005/100], iter[274/392], loss_total:0.17654, loss_equ:0.34098 loss_pq_vm:0.00284 loss_pq_va:0.05721 loss_pv_va:0.05683
INFO|2024-09-25 13:55:46: Epoch[005/100], iter[313/392], loss_total:0.17633, loss_equ:0.33210 loss_pq_vm:0.00355 loss_pq_va:0.05419 loss_pv_va:0.05346
INFO|2024-09-25 13:55:58: Epoch[005/100], iter[352/392], loss_total:0.17987, loss_equ:0.34273 loss_pq_vm:0.00453 loss_pq_va:0.05039 loss_pv_va:0.04987
INFO|2024-09-25 13:56:10: Epoch[005/100], iter[392/392], loss_total:0.17953, loss_equ:0.35697 loss_pq_vm:0.00339 loss_pq_va:0.05550 loss_pv_va:0.05440
INFO|2024-09-25 13:56:57: Epoch 4/100, lr:  0.00099391, eta: 4.45h, train_loss:  0.18093, valid_loss:  0.19025
INFO|2024-09-25 13:56:57: 	Train: PQ_Vm_rmse: 0.00472156  PQ_Va_rmse: 0.08029161  PV_Va_rmse: 0.07932193  delta_p: 0.23020592  delta_q: 0.06351746  
INFO|2024-09-25 13:56:57: 	ZTest: PQ_Vm_rmse: 0.00501461  PQ_Va_rmse: 0.08856086  PV_Va_rmse: 0.08836690  delta_p: 0.24735954  delta_q: 0.06227941  
INFO|2024-09-25 13:56:57: 	ZTest-ema: PQ_Vm_rmse: 0.005015  PQ_Va_rmse: 0.088561  PV_Va_rmse: 0.088367  delta_p: 0.247360  delta_q: 0.062279  
INFO|2024-09-25 13:56:57: 	           ValOfEMA:0.088561/0.088561,  Epoch:5/5
INFO|2024-09-25 13:56:58: 	Time(ep):168s,  Val(curr/best):0.088561/0.088561,  Epoch(curr/best):5/5
INFO|2024-09-25 13:56:58: -------------------- Epoch: 6 --------------------
INFO|2024-09-25 13:57:11: Epoch[006/100], iter[040/392], loss_total:0.16113, loss_equ:0.31176 loss_pq_vm:0.00304 loss_pq_va:0.04979 loss_pv_va:0.04981
INFO|2024-09-25 13:57:24: Epoch[006/100], iter[079/392], loss_total:0.17267, loss_equ:0.32742 loss_pq_vm:0.00381 loss_pq_va:0.05128 loss_pv_va:0.05054
INFO|2024-09-25 13:57:36: Epoch[006/100], iter[118/392], loss_total:0.15471, loss_equ:0.29965 loss_pq_vm:0.00304 loss_pq_va:0.04732 loss_pv_va:0.04700
INFO|2024-09-25 13:57:48: Epoch[006/100], iter[157/392], loss_total:0.17551, loss_equ:0.35145 loss_pq_vm:0.00428 loss_pq_va:0.04890 loss_pv_va:0.04872
INFO|2024-09-25 13:58:00: Epoch[006/100], iter[196/392], loss_total:0.16100, loss_equ:0.30781 loss_pq_vm:0.00317 loss_pq_va:0.04926 loss_pv_va:0.04926
INFO|2024-09-25 13:58:12: Epoch[006/100], iter[235/392], loss_total:0.16472, loss_equ:0.33080 loss_pq_vm:0.00273 loss_pq_va:0.05251 loss_pv_va:0.05187
INFO|2024-09-25 13:58:24: Epoch[006/100], iter[274/392], loss_total:0.16091, loss_equ:0.32084 loss_pq_vm:0.00304 loss_pq_va:0.04950 loss_pv_va:0.04888
INFO|2024-09-25 13:58:36: Epoch[006/100], iter[313/392], loss_total:0.15937, loss_equ:0.34436 loss_pq_vm:0.00317 loss_pq_va:0.04662 loss_pv_va:0.04663
INFO|2024-09-25 13:58:48: Epoch[006/100], iter[352/392], loss_total:0.14232, loss_equ:0.28969 loss_pq_vm:0.00245 loss_pq_va:0.04419 loss_pv_va:0.04463
INFO|2024-09-25 13:59:00: Epoch[006/100], iter[392/392], loss_total:0.15068, loss_equ:0.29468 loss_pq_vm:0.00294 loss_pq_va:0.04608 loss_pv_va:0.04572
INFO|2024-09-25 13:59:49: Epoch 5/100, lr:  0.00099123, eta: 4.47h, train_loss:  0.17138, valid_loss:  0.18628
INFO|2024-09-25 13:59:49: 	Train: PQ_Vm_rmse: 0.00463924  PQ_Va_rmse: 0.07539255  PV_Va_rmse: 0.07455768  delta_p: 0.21086701  delta_q: 0.06209720  
INFO|2024-09-25 13:59:49: 	ZTest: PQ_Vm_rmse: 0.00606148  PQ_Va_rmse: 0.08226854  PV_Va_rmse: 0.08058588  delta_p: 0.21276929  delta_q: 0.07211678  
INFO|2024-09-25 13:59:49: 	ZTest-ema: PQ_Vm_rmse: 0.006061  PQ_Va_rmse: 0.082269  PV_Va_rmse: 0.080586  delta_p: 0.212769  delta_q: 0.072117  
INFO|2024-09-25 13:59:49: 	           ValOfEMA:0.082269/0.082269,  Epoch:6/6
INFO|2024-09-25 13:59:50: 	Time(ep):171s,  Val(curr/best):0.082269/0.082269,  Epoch(curr/best):6/6
INFO|2024-09-25 13:59:50: -------------------- Epoch: 7 --------------------
INFO|2024-09-25 14:00:03: Epoch[007/100], iter[040/392], loss_total:0.16515, loss_equ:0.36925 loss_pq_vm:0.00292 loss_pq_va:0.04961 loss_pv_va:0.04939
INFO|2024-09-25 14:00:15: Epoch[007/100], iter[079/392], loss_total:0.18726, loss_equ:0.33833 loss_pq_vm:0.00333 loss_pq_va:0.06036 loss_pv_va:0.05977
INFO|2024-09-25 14:00:27: Epoch[007/100], iter[118/392], loss_total:0.17159, loss_equ:0.35547 loss_pq_vm:0.00292 loss_pq_va:0.05231 loss_pv_va:0.05457
INFO|2024-09-25 14:00:39: Epoch[007/100], iter[157/392], loss_total:0.16202, loss_equ:0.34064 loss_pq_vm:0.00345 loss_pq_va:0.04669 loss_pv_va:0.04672
INFO|2024-09-25 14:00:51: Epoch[007/100], iter[196/392], loss_total:0.16852, loss_equ:0.29533 loss_pq_vm:0.00253 loss_pq_va:0.05725 loss_pv_va:0.05641
INFO|2024-09-25 14:01:03: Epoch[007/100], iter[235/392], loss_total:0.15858, loss_equ:0.34184 loss_pq_vm:0.00280 loss_pq_va:0.04835 loss_pv_va:0.04804
INFO|2024-09-25 14:01:15: Epoch[007/100], iter[274/392], loss_total:0.15561, loss_equ:0.30802 loss_pq_vm:0.00252 loss_pq_va:0.04940 loss_pv_va:0.05016
INFO|2024-09-25 14:01:27: Epoch[007/100], iter[313/392], loss_total:0.14986, loss_equ:0.32444 loss_pq_vm:0.00303 loss_pq_va:0.04408 loss_pv_va:0.04300
INFO|2024-09-25 14:01:39: Epoch[007/100], iter[352/392], loss_total:0.17758, loss_equ:0.41599 loss_pq_vm:0.00273 loss_pq_va:0.05313 loss_pv_va:0.05550
INFO|2024-09-25 14:01:52: Epoch[007/100], iter[392/392], loss_total:0.15564, loss_equ:0.31248 loss_pq_vm:0.00319 loss_pq_va:0.04631 loss_pv_va:0.04620
INFO|2024-09-25 14:02:40: Epoch 6/100, lr:  0.00098808, eta: 4.39h, train_loss:  0.16596, valid_loss:  0.17476
INFO|2024-09-25 14:02:40: 	Train: PQ_Vm_rmse: 0.00449152  PQ_Va_rmse: 0.07130660  PV_Va_rmse: 0.07045300  delta_p: 0.22864050  delta_q: 0.06094154  
INFO|2024-09-25 14:02:40: 	ZTest: PQ_Vm_rmse: 0.00472264  PQ_Va_rmse: 0.08148836  PV_Va_rmse: 0.08043047  delta_p: 0.21522697  delta_q: 0.05894445  
INFO|2024-09-25 14:02:40: 	ZTest-ema: PQ_Vm_rmse: 0.004723  PQ_Va_rmse: 0.081488  PV_Va_rmse: 0.080430  delta_p: 0.215227  delta_q: 0.058944  
INFO|2024-09-25 14:02:40: 	           ValOfEMA:0.081488/0.081488,  Epoch:7/7
INFO|2024-09-25 14:02:41: 	Time(ep):170s,  Val(curr/best):0.081488/0.081488,  Epoch(curr/best):7/7
INFO|2024-09-25 14:02:41: -------------------- Epoch: 8 --------------------
INFO|2024-09-25 14:02:54: Epoch[008/100], iter[040/392], loss_total:0.15116, loss_equ:0.28335 loss_pq_vm:0.00276 loss_pq_va:0.04798 loss_pv_va:0.04727
INFO|2024-09-25 14:03:06: Epoch[008/100], iter[079/392], loss_total:0.14204, loss_equ:0.28040 loss_pq_vm:0.00266 loss_pq_va:0.04397 loss_pv_va:0.04341
INFO|2024-09-25 14:03:18: Epoch[008/100], iter[118/392], loss_total:0.14716, loss_equ:0.30158 loss_pq_vm:0.00295 loss_pq_va:0.04416 loss_pv_va:0.04331
INFO|2024-09-25 14:03:30: Epoch[008/100], iter[157/392], loss_total:0.15728, loss_equ:0.33263 loss_pq_vm:0.00317 loss_pq_va:0.04637 loss_pv_va:0.04596
INFO|2024-09-25 14:03:42: Epoch[008/100], iter[196/392], loss_total:0.17467, loss_equ:0.34557 loss_pq_vm:0.00451 loss_pq_va:0.04781 loss_pv_va:0.04723
INFO|2024-09-25 14:03:54: Epoch[008/100], iter[235/392], loss_total:0.15462, loss_equ:0.32728 loss_pq_vm:0.00338 loss_pq_va:0.04406 loss_pv_va:0.04403
INFO|2024-09-25 14:04:06: Epoch[008/100], iter[274/392], loss_total:0.18519, loss_equ:0.34202 loss_pq_vm:0.00364 loss_pq_va:0.05738 loss_pv_va:0.05720
INFO|2024-09-25 14:04:18: Epoch[008/100], iter[313/392], loss_total:0.15741, loss_equ:0.28643 loss_pq_vm:0.00304 loss_pq_va:0.04937 loss_pv_va:0.04895
INFO|2024-09-25 14:04:30: Epoch[008/100], iter[352/392], loss_total:0.14686, loss_equ:0.29355 loss_pq_vm:0.00308 loss_pq_va:0.04353 loss_pv_va:0.04320
INFO|2024-09-25 14:04:42: Epoch[008/100], iter[392/392], loss_total:0.15987, loss_equ:0.34218 loss_pq_vm:0.00281 loss_pq_va:0.04836 loss_pv_va:0.04919
INFO|2024-09-25 14:05:31: Epoch 7/100, lr:  0.00098445, eta: 4.35h, train_loss:  0.15803, valid_loss:  0.17301
INFO|2024-09-25 14:05:31: 	Train: PQ_Vm_rmse: 0.00431207  PQ_Va_rmse: 0.06896037  PV_Va_rmse: 0.06813440  delta_p: 0.20165152  delta_q: 0.05715164  
INFO|2024-09-25 14:05:31: 	ZTest: PQ_Vm_rmse: 0.00488590  PQ_Va_rmse: 0.07967911  PV_Va_rmse: 0.07911641  delta_p: 0.20969189  delta_q: 0.06312339  
INFO|2024-09-25 14:05:31: 	ZTest-ema: PQ_Vm_rmse: 0.004886  PQ_Va_rmse: 0.079679  PV_Va_rmse: 0.079116  delta_p: 0.209692  delta_q: 0.063123  
INFO|2024-09-25 14:05:31: 	           ValOfEMA:0.079679/0.079679,  Epoch:8/8
INFO|2024-09-25 14:05:32: 	Time(ep):170s,  Val(curr/best):0.079679/0.079679,  Epoch(curr/best):8/8
INFO|2024-09-25 14:05:32: -------------------- Epoch: 9 --------------------
INFO|2024-09-25 14:05:46: Epoch[009/100], iter[040/392], loss_total:0.14756, loss_equ:0.28450 loss_pq_vm:0.00315 loss_pq_va:0.04422 loss_pv_va:0.04342
INFO|2024-09-25 14:05:58: Epoch[009/100], iter[079/392], loss_total:0.15013, loss_equ:0.31216 loss_pq_vm:0.00269 loss_pq_va:0.04623 loss_pv_va:0.04574
INFO|2024-09-25 14:06:10: Epoch[009/100], iter[118/392], loss_total:0.14100, loss_equ:0.26763 loss_pq_vm:0.00241 loss_pq_va:0.04494 loss_pv_va:0.04518
INFO|2024-09-25 14:06:22: Epoch[009/100], iter[157/392], loss_total:0.18122, loss_equ:0.28419 loss_pq_vm:0.00244 loss_pq_va:0.06387 loss_pv_va:0.06451
INFO|2024-09-25 14:06:34: Epoch[009/100], iter[196/392], loss_total:0.14945, loss_equ:0.29963 loss_pq_vm:0.00307 loss_pq_va:0.04372 loss_pv_va:0.04503
INFO|2024-09-25 14:06:46: Epoch[009/100], iter[235/392], loss_total:0.16261, loss_equ:0.31792 loss_pq_vm:0.00318 loss_pq_va:0.04982 loss_pv_va:0.04915
INFO|2024-09-25 14:06:58: Epoch[009/100], iter[274/392], loss_total:0.15966, loss_equ:0.35618 loss_pq_vm:0.00240 loss_pq_va:0.05083 loss_pv_va:0.04925
INFO|2024-09-25 14:07:10: Epoch[009/100], iter[313/392], loss_total:0.13528, loss_equ:0.33383 loss_pq_vm:0.00243 loss_pq_va:0.03894 loss_pv_va:0.03868
INFO|2024-09-25 14:07:22: Epoch[009/100], iter[352/392], loss_total:0.15233, loss_equ:0.30552 loss_pq_vm:0.00348 loss_pq_va:0.04350 loss_pv_va:0.04347
INFO|2024-09-25 14:07:34: Epoch[009/100], iter[392/392], loss_total:0.14318, loss_equ:0.29813 loss_pq_vm:0.00276 loss_pq_va:0.04294 loss_pv_va:0.04284
INFO|2024-09-25 14:08:23: Epoch 8/100, lr:  0.00098035, eta: 4.32h, train_loss:  0.14997, valid_loss:  0.17827
INFO|2024-09-25 14:08:23: 	Train: PQ_Vm_rmse: 0.00409875  PQ_Va_rmse: 0.06511385  PV_Va_rmse: 0.06428215  delta_p: 0.20230289  delta_q: 0.05524985  
INFO|2024-09-25 14:08:23: 	ZTest: PQ_Vm_rmse: 0.00617765  PQ_Va_rmse: 0.07252625  PV_Va_rmse: 0.07090914  delta_p: 0.22256581  delta_q: 0.07730436  
INFO|2024-09-25 14:08:23: 	ZTest-ema: PQ_Vm_rmse: 0.006178  PQ_Va_rmse: 0.072526  PV_Va_rmse: 0.070909  delta_p: 0.222566  delta_q: 0.077304  
INFO|2024-09-25 14:08:23: 	           ValOfEMA:0.072526/0.072526,  Epoch:9/9
INFO|2024-09-25 14:08:24: 	Time(ep):170s,  Val(curr/best):0.072526/0.072526,  Epoch(curr/best):9/9
INFO|2024-09-25 14:08:24: -------------------- Epoch: 10 --------------------
INFO|2024-09-25 14:08:37: Epoch[010/100], iter[040/392], loss_total:0.15136, loss_equ:0.28886 loss_pq_vm:0.00280 loss_pq_va:0.04646 loss_pv_va:0.04802
INFO|2024-09-25 14:08:49: Epoch[010/100], iter[079/392], loss_total:0.20007, loss_equ:0.28742 loss_pq_vm:0.00248 loss_pq_va:0.07372 loss_pv_va:0.07279
INFO|2024-09-25 14:09:01: Epoch[010/100], iter[118/392], loss_total:0.15000, loss_equ:0.29427 loss_pq_vm:0.00390 loss_pq_va:0.04090 loss_pv_va:0.04066
INFO|2024-09-25 14:09:13: Epoch[010/100], iter[157/392], loss_total:0.14272, loss_equ:0.27420 loss_pq_vm:0.00268 loss_pq_va:0.04425 loss_pv_va:0.04420
INFO|2024-09-25 14:09:24: Epoch[010/100], iter[196/392], loss_total:0.13147, loss_equ:0.26951 loss_pq_vm:0.00223 loss_pq_va:0.04139 loss_pv_va:0.04087
INFO|2024-09-25 14:09:36: Epoch[010/100], iter[235/392], loss_total:0.15575, loss_equ:0.30172 loss_pq_vm:0.00303 loss_pq_va:0.04737 loss_pv_va:0.04795
INFO|2024-09-25 14:09:48: Epoch[010/100], iter[274/392], loss_total:0.16069, loss_equ:0.32528 loss_pq_vm:0.00304 loss_pq_va:0.04997 loss_pv_va:0.04780
INFO|2024-09-25 14:10:00: Epoch[010/100], iter[313/392], loss_total:0.14379, loss_equ:0.29359 loss_pq_vm:0.00344 loss_pq_va:0.04021 loss_pv_va:0.03984
INFO|2024-09-25 14:10:12: Epoch[010/100], iter[352/392], loss_total:0.15292, loss_equ:0.31196 loss_pq_vm:0.00272 loss_pq_va:0.04658 loss_pv_va:0.04798
INFO|2024-09-25 14:10:24: Epoch[010/100], iter[392/392], loss_total:0.18340, loss_equ:0.29510 loss_pq_vm:0.00373 loss_pq_va:0.05751 loss_pv_va:0.05910
INFO|2024-09-25 14:11:11: Epoch 9/100, lr:  0.00097577, eta: 4.18h, train_loss:  0.14764, valid_loss:  0.19758
INFO|2024-09-25 14:11:11: 	Train: PQ_Vm_rmse: 0.00401632  PQ_Va_rmse: 0.06440130  PV_Va_rmse: 0.06369791  delta_p: 0.19094940  delta_q: 0.05372258  
INFO|2024-09-25 14:11:11: 	ZTest: PQ_Vm_rmse: 0.00554910  PQ_Va_rmse: 0.08073115  PV_Va_rmse: 0.08210761  delta_p: 0.21632897  delta_q: 0.06777252  
INFO|2024-09-25 14:11:11: 	ZTest-ema: PQ_Vm_rmse: 0.005549  PQ_Va_rmse: 0.080731  PV_Va_rmse: 0.082108  delta_p: 0.216329  delta_q: 0.067773  
INFO|2024-09-25 14:11:11: 	           ValOfEMA:0.082108/0.072526,  Epoch:10/9
INFO|2024-09-25 14:11:12: 	Time(ep):167s,  Val(curr/best):0.082108/0.072526,  Epoch(curr/best):10/9
INFO|2024-09-25 14:11:12: -------------------- Epoch: 11 --------------------
INFO|2024-09-25 14:11:26: Epoch[011/100], iter[040/392], loss_total:0.15776, loss_equ:0.28903 loss_pq_vm:0.00270 loss_pq_va:0.05066 loss_pv_va:0.05122
INFO|2024-09-25 14:11:38: Epoch[011/100], iter[079/392], loss_total:0.16887, loss_equ:0.28925 loss_pq_vm:0.00309 loss_pq_va:0.05360 loss_pv_va:0.05542
INFO|2024-09-25 14:11:50: Epoch[011/100], iter[118/392], loss_total:0.14488, loss_equ:0.31969 loss_pq_vm:0.00290 loss_pq_va:0.04139 loss_pv_va:0.04254
INFO|2024-09-25 14:12:02: Epoch[011/100], iter[157/392], loss_total:0.12796, loss_equ:0.27816 loss_pq_vm:0.00268 loss_pq_va:0.03651 loss_pv_va:0.03680
INFO|2024-09-25 14:12:14: Epoch[011/100], iter[196/392], loss_total:0.14781, loss_equ:0.30637 loss_pq_vm:0.00263 loss_pq_va:0.04585 loss_pv_va:0.04504
INFO|2024-09-25 14:12:26: Epoch[011/100], iter[235/392], loss_total:0.13924, loss_equ:0.27582 loss_pq_vm:0.00266 loss_pq_va:0.04280 loss_pv_va:0.04228
INFO|2024-09-25 14:12:38: Epoch[011/100], iter[274/392], loss_total:0.15766, loss_equ:0.40046 loss_pq_vm:0.00334 loss_pq_va:0.04214 loss_pv_va:0.04207
INFO|2024-09-25 14:12:50: Epoch[011/100], iter[313/392], loss_total:0.12682, loss_equ:0.26889 loss_pq_vm:0.00234 loss_pq_va:0.03838 loss_pv_va:0.03813
INFO|2024-09-25 14:13:02: Epoch[011/100], iter[352/392], loss_total:0.15022, loss_equ:0.35141 loss_pq_vm:0.00267 loss_pq_va:0.04369 loss_pv_va:0.04472
INFO|2024-09-25 14:13:14: Epoch[011/100], iter[392/392], loss_total:0.13503, loss_equ:0.27437 loss_pq_vm:0.00248 loss_pq_va:0.04157 loss_pv_va:0.04119
INFO|2024-09-25 14:14:03: Epoch 10/100, lr:  0.00097074, eta: 4.22h, train_loss:  0.14862, valid_loss:  0.15496
INFO|2024-09-25 14:14:03: 	Train: PQ_Vm_rmse: 0.00408873  PQ_Va_rmse: 0.06293540  PV_Va_rmse: 0.06212478  delta_p: 0.20835554  delta_q: 0.05575572  
INFO|2024-09-25 14:14:03: 	ZTest: PQ_Vm_rmse: 0.00429121  PQ_Va_rmse: 0.07184873  PV_Va_rmse: 0.07123964  delta_p: 0.20974234  delta_q: 0.05265496  
INFO|2024-09-25 14:14:03: 	ZTest-ema: PQ_Vm_rmse: 0.004291  PQ_Va_rmse: 0.071849  PV_Va_rmse: 0.071240  delta_p: 0.209742  delta_q: 0.052655  
INFO|2024-09-25 14:14:03: 	           ValOfEMA:0.071849/0.071849,  Epoch:11/11
INFO|2024-09-25 14:14:04: 	Time(ep):170s,  Val(curr/best):0.071849/0.071849,  Epoch(curr/best):11/11
INFO|2024-09-25 14:14:04: -------------------- Epoch: 12 --------------------
INFO|2024-09-25 14:14:18: Epoch[012/100], iter[040/392], loss_total:0.14980, loss_equ:0.28200 loss_pq_vm:0.00234 loss_pq_va:0.04899 loss_pv_va:0.04920
INFO|2024-09-25 14:14:30: Epoch[012/100], iter[079/392], loss_total:0.12992, loss_equ:0.27075 loss_pq_vm:0.00250 loss_pq_va:0.03902 loss_pv_va:0.03884
INFO|2024-09-25 14:14:42: Epoch[012/100], iter[118/392], loss_total:0.14596, loss_equ:0.28128 loss_pq_vm:0.00381 loss_pq_va:0.03995 loss_pv_va:0.03982
INFO|2024-09-25 14:14:54: Epoch[012/100], iter[157/392], loss_total:0.13407, loss_equ:0.27243 loss_pq_vm:0.00253 loss_pq_va:0.04099 loss_pv_va:0.04049
INFO|2024-09-25 14:15:05: Epoch[012/100], iter[196/392], loss_total:0.15721, loss_equ:0.28767 loss_pq_vm:0.00272 loss_pq_va:0.05102 loss_pv_va:0.05022
INFO|2024-09-25 14:15:17: Epoch[012/100], iter[235/392], loss_total:0.15135, loss_equ:0.26202 loss_pq_vm:0.00263 loss_pq_va:0.04939 loss_pv_va:0.04948
INFO|2024-09-25 14:15:29: Epoch[012/100], iter[274/392], loss_total:0.14181, loss_equ:0.27336 loss_pq_vm:0.00253 loss_pq_va:0.04504 loss_pv_va:0.04414
INFO|2024-09-25 14:15:41: Epoch[012/100], iter[313/392], loss_total:0.15388, loss_equ:0.27589 loss_pq_vm:0.00249 loss_pq_va:0.04989 loss_pv_va:0.05146
INFO|2024-09-25 14:15:53: Epoch[012/100], iter[352/392], loss_total:0.14899, loss_equ:0.29185 loss_pq_vm:0.00340 loss_pq_va:0.04298 loss_pv_va:0.04279
INFO|2024-09-25 14:16:05: Epoch[012/100], iter[392/392], loss_total:0.14105, loss_equ:0.26729 loss_pq_vm:0.00232 loss_pq_va:0.04569 loss_pv_va:0.04544
INFO|2024-09-25 14:16:54: Epoch 11/100, lr:  0.00096524, eta: 4.15h, train_loss:  0.14096, valid_loss:  0.16136
INFO|2024-09-25 14:16:54: 	Train: PQ_Vm_rmse: 0.00394288  PQ_Va_rmse: 0.06083717  PV_Va_rmse: 0.06017591  delta_p: 0.18180004  delta_q: 0.05244150  
INFO|2024-09-25 14:16:54: 	ZTest: PQ_Vm_rmse: 0.00543678  PQ_Va_rmse: 0.06811232  PV_Va_rmse: 0.06702121  delta_p: 0.20629763  delta_q: 0.06446843  
INFO|2024-09-25 14:16:54: 	ZTest-ema: PQ_Vm_rmse: 0.004072  PQ_Va_rmse: 0.066880  PV_Va_rmse: 0.065019  delta_p: 0.172766  delta_q: 0.047553  
INFO|2024-09-25 14:16:54: 	           ValOfEMA:0.066880/0.066880,  Epoch:12/12
INFO|2024-09-25 14:16:55: 	Time(ep):169s,  Val(curr/best):0.068112/0.068112,  Epoch(curr/best):12/12
INFO|2024-09-25 14:16:55: -------------------- Epoch: 13 --------------------
INFO|2024-09-25 14:17:08: Epoch[013/100], iter[040/392], loss_total:0.13067, loss_equ:0.27823 loss_pq_vm:0.00238 loss_pq_va:0.03902 loss_pv_va:0.04004
INFO|2024-09-25 14:17:20: Epoch[013/100], iter[079/392], loss_total:0.12483, loss_equ:0.26618 loss_pq_vm:0.00260 loss_pq_va:0.03593 loss_pv_va:0.03631
INFO|2024-09-25 14:17:32: Epoch[013/100], iter[118/392], loss_total:0.14734, loss_equ:0.30622 loss_pq_vm:0.00355 loss_pq_va:0.04073 loss_pv_va:0.04052
INFO|2024-09-25 14:17:44: Epoch[013/100], iter[157/392], loss_total:0.14999, loss_equ:0.29189 loss_pq_vm:0.00384 loss_pq_va:0.04109 loss_pv_va:0.04134
INFO|2024-09-25 14:17:56: Epoch[013/100], iter[196/392], loss_total:0.14263, loss_equ:0.32044 loss_pq_vm:0.00261 loss_pq_va:0.04228 loss_pv_va:0.04225
INFO|2024-09-25 14:18:08: Epoch[013/100], iter[235/392], loss_total:0.14666, loss_equ:0.28906 loss_pq_vm:0.00217 loss_pq_va:0.04703 loss_pv_va:0.04901
INFO|2024-09-25 14:18:19: Epoch[013/100], iter[274/392], loss_total:0.13021, loss_equ:0.26294 loss_pq_vm:0.00259 loss_pq_va:0.03939 loss_pv_va:0.03863
INFO|2024-09-25 14:18:31: Epoch[013/100], iter[313/392], loss_total:0.12232, loss_equ:0.25474 loss_pq_vm:0.00221 loss_pq_va:0.03744 loss_pv_va:0.03732
INFO|2024-09-25 14:18:43: Epoch[013/100], iter[352/392], loss_total:0.12852, loss_equ:0.27294 loss_pq_vm:0.00232 loss_pq_va:0.03893 loss_pv_va:0.03909
INFO|2024-09-25 14:18:55: Epoch[013/100], iter[392/392], loss_total:0.14615, loss_equ:0.39215 loss_pq_vm:0.00280 loss_pq_va:0.03941 loss_pv_va:0.03954
INFO|2024-09-25 14:19:42: Epoch 12/100, lr:  0.00095929, eta: 4.04h, train_loss:  0.13861, valid_loss:  0.16000
INFO|2024-09-25 14:19:42: 	Train: PQ_Vm_rmse: 0.00385879  PQ_Va_rmse: 0.05889827  PV_Va_rmse: 0.05831003  delta_p: 0.19190957  delta_q: 0.05240719  
INFO|2024-09-25 14:19:42: 	ZTest: PQ_Vm_rmse: 0.00472162  PQ_Va_rmse: 0.07321644  PV_Va_rmse: 0.07103127  delta_p: 0.22365875  delta_q: 0.06183642  
INFO|2024-09-25 14:19:42: 	ZTest-ema: PQ_Vm_rmse: 0.003996  PQ_Va_rmse: 0.065384  PV_Va_rmse: 0.063629  delta_p: 0.171250  delta_q: 0.046893  
INFO|2024-09-25 14:19:42: 	           ValOfEMA:0.065384/0.065384,  Epoch:13/13
INFO|2024-09-25 14:19:43: 	Time(ep):167s,  Val(curr/best):0.073216/0.068112,  Epoch(curr/best):13/12
INFO|2024-09-25 14:19:43: -------------------- Epoch: 14 --------------------
INFO|2024-09-25 14:19:56: Epoch[014/100], iter[040/392], loss_total:0.13337, loss_equ:0.28229 loss_pq_vm:0.00295 loss_pq_va:0.03772 loss_pv_va:0.03788
INFO|2024-09-25 14:20:08: Epoch[014/100], iter[079/392], loss_total:0.14352, loss_equ:0.28294 loss_pq_vm:0.00296 loss_pq_va:0.04263 loss_pv_va:0.04303
INFO|2024-09-25 14:20:20: Epoch[014/100], iter[118/392], loss_total:0.12627, loss_equ:0.24388 loss_pq_vm:0.00233 loss_pq_va:0.03930 loss_pv_va:0.03929
INFO|2024-09-25 14:20:32: Epoch[014/100], iter[157/392], loss_total:0.13323, loss_equ:0.34971 loss_pq_vm:0.00219 loss_pq_va:0.03723 loss_pv_va:0.03912
INFO|2024-09-25 14:20:44: Epoch[014/100], iter[196/392], loss_total:0.13077, loss_equ:0.29999 loss_pq_vm:0.00281 loss_pq_va:0.03631 loss_pv_va:0.03640
INFO|2024-09-25 14:20:56: Epoch[014/100], iter[235/392], loss_total:0.13630, loss_equ:0.28830 loss_pq_vm:0.00362 loss_pq_va:0.03572 loss_pv_va:0.03557
INFO|2024-09-25 14:21:08: Epoch[014/100], iter[274/392], loss_total:0.12355, loss_equ:0.25648 loss_pq_vm:0.00222 loss_pq_va:0.03796 loss_pv_va:0.03774
INFO|2024-09-25 14:21:20: Epoch[014/100], iter[313/392], loss_total:0.14098, loss_equ:0.28758 loss_pq_vm:0.00374 loss_pq_va:0.03742 loss_pv_va:0.03740
INFO|2024-09-25 14:21:31: Epoch[014/100], iter[352/392], loss_total:0.12155, loss_equ:0.25569 loss_pq_vm:0.00224 loss_pq_va:0.03689 loss_pv_va:0.03671
INFO|2024-09-25 14:21:44: Epoch[014/100], iter[392/392], loss_total:0.12516, loss_equ:0.27194 loss_pq_vm:0.00235 loss_pq_va:0.03729 loss_pv_va:0.03720
INFO|2024-09-25 14:22:32: Epoch 13/100, lr:  0.00095289, eta: 4.05h, train_loss:  0.13493, valid_loss:  0.14119
INFO|2024-09-25 14:22:32: 	Train: PQ_Vm_rmse: 0.00378604  PQ_Va_rmse: 0.05760193  PV_Va_rmse: 0.05696650  delta_p: 0.18377515  delta_q: 0.05052200  
INFO|2024-09-25 14:22:32: 	ZTest: PQ_Vm_rmse: 0.00409890  PQ_Va_rmse: 0.06563974  PV_Va_rmse: 0.06479157  delta_p: 0.20016868  delta_q: 0.05069690  
INFO|2024-09-25 14:22:32: 	ZTest-ema: PQ_Vm_rmse: 0.003945  PQ_Va_rmse: 0.063860  PV_Va_rmse: 0.062172  delta_p: 0.169989  delta_q: 0.046475  
INFO|2024-09-25 14:22:32: 	           ValOfEMA:0.063860/0.063860,  Epoch:14/14
INFO|2024-09-25 14:22:34: 	Time(ep):169s,  Val(curr/best):0.065640/0.065640,  Epoch(curr/best):14/14
INFO|2024-09-25 14:22:34: -------------------- Epoch: 15 --------------------
INFO|2024-09-25 14:22:47: Epoch[015/100], iter[040/392], loss_total:0.13918, loss_equ:0.27172 loss_pq_vm:0.00228 loss_pq_va:0.04409 loss_pv_va:0.04510
INFO|2024-09-25 14:22:59: Epoch[015/100], iter[079/392], loss_total:0.11851, loss_equ:0.24762 loss_pq_vm:0.00221 loss_pq_va:0.03556 loss_pv_va:0.03606
INFO|2024-09-25 14:23:11: Epoch[015/100], iter[118/392], loss_total:0.12933, loss_equ:0.28615 loss_pq_vm:0.00253 loss_pq_va:0.03803 loss_pv_va:0.03735
INFO|2024-09-25 14:23:23: Epoch[015/100], iter[157/392], loss_total:0.11749, loss_equ:0.25978 loss_pq_vm:0.00205 loss_pq_va:0.03528 loss_pv_va:0.03569
INFO|2024-09-25 14:23:35: Epoch[015/100], iter[196/392], loss_total:0.14209, loss_equ:0.28231 loss_pq_vm:0.00402 loss_pq_va:0.03691 loss_pv_va:0.03673
INFO|2024-09-25 14:23:47: Epoch[015/100], iter[235/392], loss_total:0.13420, loss_equ:0.25399 loss_pq_vm:0.00247 loss_pq_va:0.04203 loss_pv_va:0.04205
INFO|2024-09-25 14:23:58: Epoch[015/100], iter[274/392], loss_total:0.12332, loss_equ:0.27721 loss_pq_vm:0.00240 loss_pq_va:0.03544 loss_pv_va:0.03619
INFO|2024-09-25 14:24:11: Epoch[015/100], iter[313/392], loss_total:0.14149, loss_equ:0.27161 loss_pq_vm:0.00219 loss_pq_va:0.04566 loss_pv_va:0.04676
INFO|2024-09-25 14:24:22: Epoch[015/100], iter[352/392], loss_total:0.13042, loss_equ:0.24744 loss_pq_vm:0.00246 loss_pq_va:0.04043 loss_pv_va:0.04060
INFO|2024-09-25 14:24:34: Epoch[015/100], iter[392/392], loss_total:0.13859, loss_equ:0.27590 loss_pq_vm:0.00208 loss_pq_va:0.04575 loss_pv_va:0.04441
INFO|2024-09-25 14:25:23: Epoch 14/100, lr:  0.00094605, eta: 4.01h, train_loss:  0.13342, valid_loss:  0.14676
INFO|2024-09-25 14:25:23: 	Train: PQ_Vm_rmse: 0.00363376  PQ_Va_rmse: 0.05736835  PV_Va_rmse: 0.05679880  delta_p: 0.18401749  delta_q: 0.04922688  
INFO|2024-09-25 14:25:23: 	ZTest: PQ_Vm_rmse: 0.00428050  PQ_Va_rmse: 0.06698667  PV_Va_rmse: 0.06694795  delta_p: 0.18859193  delta_q: 0.05433411  
INFO|2024-09-25 14:25:23: 	ZTest-ema: PQ_Vm_rmse: 0.003885  PQ_Va_rmse: 0.063295  PV_Va_rmse: 0.061706  delta_p: 0.165633  delta_q: 0.045809  
INFO|2024-09-25 14:25:23: 	           ValOfEMA:0.063295/0.063295,  Epoch:15/15
INFO|2024-09-25 14:25:24: 	Time(ep):169s,  Val(curr/best):0.066987/0.065640,  Epoch(curr/best):15/14
INFO|2024-09-25 14:25:24: -------------------- Epoch: 16 --------------------
INFO|2024-09-25 14:25:38: Epoch[016/100], iter[040/392], loss_total:0.12325, loss_equ:0.25073 loss_pq_vm:0.00205 loss_pq_va:0.03859 loss_pv_va:0.03905
INFO|2024-09-25 14:25:49: Epoch[016/100], iter[079/392], loss_total:0.13631, loss_equ:0.26926 loss_pq_vm:0.00308 loss_pq_va:0.03907 loss_pv_va:0.03952
INFO|2024-09-25 14:26:01: Epoch[016/100], iter[118/392], loss_total:0.13522, loss_equ:0.27290 loss_pq_vm:0.00256 loss_pq_va:0.04080 loss_pv_va:0.04149
INFO|2024-09-25 14:26:13: Epoch[016/100], iter[157/392], loss_total:0.11810, loss_equ:0.25360 loss_pq_vm:0.00218 loss_pq_va:0.03552 loss_pv_va:0.03541
INFO|2024-09-25 14:26:25: Epoch[016/100], iter[196/392], loss_total:0.17221, loss_equ:0.26071 loss_pq_vm:0.00271 loss_pq_va:0.05913 loss_pv_va:0.05990
INFO|2024-09-25 14:26:37: Epoch[016/100], iter[235/392], loss_total:0.12389, loss_equ:0.25913 loss_pq_vm:0.00229 loss_pq_va:0.03736 loss_pv_va:0.03773
INFO|2024-09-25 14:26:49: Epoch[016/100], iter[274/392], loss_total:0.11564, loss_equ:0.25185 loss_pq_vm:0.00207 loss_pq_va:0.03464 loss_pv_va:0.03509
INFO|2024-09-25 14:27:01: Epoch[016/100], iter[313/392], loss_total:0.13607, loss_equ:0.25082 loss_pq_vm:0.00289 loss_pq_va:0.04095 loss_pv_va:0.04117
INFO|2024-09-25 14:27:13: Epoch[016/100], iter[352/392], loss_total:0.11184, loss_equ:0.24840 loss_pq_vm:0.00219 loss_pq_va:0.03237 loss_pv_va:0.03277
INFO|2024-09-25 14:27:25: Epoch[016/100], iter[392/392], loss_total:0.12500, loss_equ:0.24136 loss_pq_vm:0.00206 loss_pq_va:0.04025 loss_pv_va:0.04003
INFO|2024-09-25 14:28:13: Epoch 15/100, lr:  0.00093877, eta: 3.94h, train_loss:  0.12874, valid_loss:  0.13510
INFO|2024-09-25 14:28:13: 	Train: PQ_Vm_rmse: 0.00353215  PQ_Va_rmse: 0.05567560  PV_Va_rmse: 0.05511601  delta_p: 0.17362854  delta_q: 0.04801997  
INFO|2024-09-25 14:28:13: 	ZTest: PQ_Vm_rmse: 0.00390402  PQ_Va_rmse: 0.06396583  PV_Va_rmse: 0.06309813  delta_p: 0.18087620  delta_q: 0.04925150  
INFO|2024-09-25 14:28:13: 	ZTest-ema: PQ_Vm_rmse: 0.003799  PQ_Va_rmse: 0.061461  PV_Va_rmse: 0.059942  delta_p: 0.165176  delta_q: 0.045199  
INFO|2024-09-25 14:28:13: 	           ValOfEMA:0.061461/0.061461,  Epoch:16/16
INFO|2024-09-25 14:28:14: 	Time(ep):168s,  Val(curr/best):0.063966/0.063966,  Epoch(curr/best):16/16
INFO|2024-09-25 14:28:14: -------------------- Epoch: 17 --------------------
INFO|2024-09-25 14:28:28: Epoch[017/100], iter[040/392], loss_total:0.13838, loss_equ:0.28271 loss_pq_vm:0.00214 loss_pq_va:0.04407 loss_pv_va:0.04468
INFO|2024-09-25 14:28:40: Epoch[017/100], iter[079/392], loss_total:0.12307, loss_equ:0.25876 loss_pq_vm:0.00221 loss_pq_va:0.03707 loss_pv_va:0.03799
INFO|2024-09-25 14:28:52: Epoch[017/100], iter[118/392], loss_total:0.14169, loss_equ:0.35713 loss_pq_vm:0.00276 loss_pq_va:0.03936 loss_pv_va:0.03900
INFO|2024-09-25 14:29:04: Epoch[017/100], iter[157/392], loss_total:0.12311, loss_equ:0.27081 loss_pq_vm:0.00279 loss_pq_va:0.03389 loss_pv_va:0.03426
INFO|2024-09-25 14:29:16: Epoch[017/100], iter[196/392], loss_total:0.12679, loss_equ:0.24523 loss_pq_vm:0.00264 loss_pq_va:0.03785 loss_pv_va:0.03805
INFO|2024-09-25 14:29:29: Epoch[017/100], iter[235/392], loss_total:0.11361, loss_equ:0.25712 loss_pq_vm:0.00206 loss_pq_va:0.03348 loss_pv_va:0.03384
INFO|2024-09-25 14:29:41: Epoch[017/100], iter[274/392], loss_total:0.12476, loss_equ:0.23865 loss_pq_vm:0.00211 loss_pq_va:0.03988 loss_pv_va:0.03996
INFO|2024-09-25 14:29:53: Epoch[017/100], iter[313/392], loss_total:0.11899, loss_equ:0.28912 loss_pq_vm:0.00279 loss_pq_va:0.03078 loss_pv_va:0.03144
INFO|2024-09-25 14:30:05: Epoch[017/100], iter[352/392], loss_total:0.13782, loss_equ:0.25679 loss_pq_vm:0.00231 loss_pq_va:0.04466 loss_pv_va:0.04435
INFO|2024-09-25 14:30:18: Epoch[017/100], iter[392/392], loss_total:0.12412, loss_equ:0.26389 loss_pq_vm:0.00216 loss_pq_va:0.03783 loss_pv_va:0.03830
INFO|2024-09-25 14:31:06: Epoch 16/100, lr:  0.00093107, eta: 3.96h, train_loss:  0.12904, valid_loss:  0.16652
INFO|2024-09-25 14:31:06: 	Train: PQ_Vm_rmse: 0.00365955  PQ_Va_rmse: 0.05424161  PV_Va_rmse: 0.05383435  delta_p: 0.17762821  delta_q: 0.04957151  
INFO|2024-09-25 14:31:06: 	ZTest: PQ_Vm_rmse: 0.00432322  PQ_Va_rmse: 0.07099484  PV_Va_rmse: 0.07239019  delta_p: 0.20986520  delta_q: 0.05796215  
INFO|2024-09-25 14:31:06: 	ZTest-ema: PQ_Vm_rmse: 0.003775  PQ_Va_rmse: 0.060490  PV_Va_rmse: 0.059052  delta_p: 0.164309  delta_q: 0.045019  
INFO|2024-09-25 14:31:06: 	           ValOfEMA:0.060490/0.060490,  Epoch:17/17
INFO|2024-09-25 14:31:06: 	Time(ep):171s,  Val(curr/best):0.072390/0.063966,  Epoch(curr/best):17/16
INFO|2024-09-25 14:31:06: -------------------- Epoch: 18 --------------------
INFO|2024-09-25 14:31:20: Epoch[018/100], iter[040/392], loss_total:0.11918, loss_equ:0.24873 loss_pq_vm:0.00209 loss_pq_va:0.03674 loss_pv_va:0.03665
INFO|2024-09-25 14:31:32: Epoch[018/100], iter[079/392], loss_total:0.12058, loss_equ:0.25295 loss_pq_vm:0.00213 loss_pq_va:0.03730 loss_pv_va:0.03672
INFO|2024-09-25 14:31:44: Epoch[018/100], iter[118/392], loss_total:0.11504, loss_equ:0.25000 loss_pq_vm:0.00220 loss_pq_va:0.03380 loss_pv_va:0.03420
INFO|2024-09-25 14:31:56: Epoch[018/100], iter[157/392], loss_total:0.11676, loss_equ:0.26901 loss_pq_vm:0.00223 loss_pq_va:0.03371 loss_pv_va:0.03389
INFO|2024-09-25 14:32:08: Epoch[018/100], iter[196/392], loss_total:0.13630, loss_equ:0.26969 loss_pq_vm:0.00244 loss_pq_va:0.04237 loss_pv_va:0.04256
INFO|2024-09-25 14:32:20: Epoch[018/100], iter[235/392], loss_total:0.11884, loss_equ:0.24051 loss_pq_vm:0.00226 loss_pq_va:0.03557 loss_pv_va:0.03660
INFO|2024-09-25 14:32:33: Epoch[018/100], iter[274/392], loss_total:0.12962, loss_equ:0.23167 loss_pq_vm:0.00221 loss_pq_va:0.04206 loss_pv_va:0.04231
INFO|2024-09-25 14:32:45: Epoch[018/100], iter[313/392], loss_total:0.12422, loss_equ:0.24352 loss_pq_vm:0.00230 loss_pq_va:0.03836 loss_pv_va:0.03854
INFO|2024-09-25 14:32:57: Epoch[018/100], iter[352/392], loss_total:0.12372, loss_equ:0.26196 loss_pq_vm:0.00316 loss_pq_va:0.03301 loss_pv_va:0.03289
INFO|2024-09-25 14:33:09: Epoch[018/100], iter[392/392], loss_total:0.11699, loss_equ:0.24489 loss_pq_vm:0.00224 loss_pq_va:0.03517 loss_pv_va:0.03495
INFO|2024-09-25 14:33:57: Epoch 17/100, lr:  0.00092294, eta: 3.89h, train_loss:  0.12632, valid_loss:  0.14001
INFO|2024-09-25 14:33:57: 	Train: PQ_Vm_rmse: 0.00350883  PQ_Va_rmse: 0.05381199  PV_Va_rmse: 0.05337868  delta_p: 0.17175030  delta_q: 0.04800296  
INFO|2024-09-25 14:33:57: 	ZTest: PQ_Vm_rmse: 0.00403120  PQ_Va_rmse: 0.06408811  PV_Va_rmse: 0.06389447  delta_p: 0.18172313  delta_q: 0.05102714  
INFO|2024-09-25 14:33:57: 	ZTest-ema: PQ_Vm_rmse: 0.003726  PQ_Va_rmse: 0.059901  PV_Va_rmse: 0.058505  delta_p: 0.161402  delta_q: 0.044488  
INFO|2024-09-25 14:33:57: 	           ValOfEMA:0.059901/0.059901,  Epoch:18/18
INFO|2024-09-25 14:33:58: 	Time(ep):170s,  Val(curr/best):0.064088/0.063966,  Epoch(curr/best):18/16
INFO|2024-09-25 14:33:58: -------------------- Epoch: 19 --------------------
INFO|2024-09-25 14:34:11: Epoch[019/100], iter[040/392], loss_total:0.12328, loss_equ:0.32623 loss_pq_vm:0.00262 loss_pq_va:0.03211 loss_pv_va:0.03237
INFO|2024-09-25 14:34:23: Epoch[019/100], iter[079/392], loss_total:0.12072, loss_equ:0.28268 loss_pq_vm:0.00255 loss_pq_va:0.03344 loss_pv_va:0.03352
INFO|2024-09-25 14:34:35: Epoch[019/100], iter[118/392], loss_total:0.11602, loss_equ:0.29475 loss_pq_vm:0.00207 loss_pq_va:0.03265 loss_pv_va:0.03315
INFO|2024-09-25 14:34:47: Epoch[019/100], iter[157/392], loss_total:0.12555, loss_equ:0.24605 loss_pq_vm:0.00219 loss_pq_va:0.03955 loss_pv_va:0.03953
INFO|2024-09-25 14:34:59: Epoch[019/100], iter[196/392], loss_total:0.11809, loss_equ:0.24981 loss_pq_vm:0.00222 loss_pq_va:0.03531 loss_pv_va:0.03554
INFO|2024-09-25 14:35:12: Epoch[019/100], iter[235/392], loss_total:0.14641, loss_equ:0.38437 loss_pq_vm:0.00395 loss_pq_va:0.03379 loss_pv_va:0.03468
INFO|2024-09-25 14:35:24: Epoch[019/100], iter[274/392], loss_total:0.12038, loss_equ:0.27713 loss_pq_vm:0.00227 loss_pq_va:0.03507 loss_pv_va:0.03494
INFO|2024-09-25 14:35:36: Epoch[019/100], iter[313/392], loss_total:0.12202, loss_equ:0.23149 loss_pq_vm:0.00258 loss_pq_va:0.03630 loss_pv_va:0.03682
INFO|2024-09-25 14:35:48: Epoch[019/100], iter[352/392], loss_total:0.10918, loss_equ:0.23375 loss_pq_vm:0.00215 loss_pq_va:0.03197 loss_pv_va:0.03231
INFO|2024-09-25 14:36:00: Epoch[019/100], iter[392/392], loss_total:0.12727, loss_equ:0.24753 loss_pq_vm:0.00261 loss_pq_va:0.03822 loss_pv_va:0.03815
INFO|2024-09-25 14:36:50: Epoch 18/100, lr:  0.00091440, eta: 3.87h, train_loss:  0.12552, valid_loss:  0.13426
INFO|2024-09-25 14:36:50: 	Train: PQ_Vm_rmse: 0.00348734  PQ_Va_rmse: 0.05286605  PV_Va_rmse: 0.05251742  delta_p: 0.17593969  delta_q: 0.04789423  
INFO|2024-09-25 14:36:50: 	ZTest: PQ_Vm_rmse: 0.00404699  PQ_Va_rmse: 0.06334522  PV_Va_rmse: 0.06138640  delta_p: 0.18007143  delta_q: 0.04768521  
INFO|2024-09-25 14:36:50: 	ZTest-ema: PQ_Vm_rmse: 0.003683  PQ_Va_rmse: 0.059147  PV_Va_rmse: 0.057840  delta_p: 0.160602  delta_q: 0.044240  
INFO|2024-09-25 14:36:50: 	           ValOfEMA:0.059147/0.059147,  Epoch:19/19
INFO|2024-09-25 14:36:51: 	Time(ep):171s,  Val(curr/best):0.063345/0.063345,  Epoch(curr/best):19/19
INFO|2024-09-25 14:36:51: -------------------- Epoch: 20 --------------------
INFO|2024-09-25 14:37:04: Epoch[020/100], iter[040/392], loss_total:0.13087, loss_equ:0.26184 loss_pq_vm:0.00227 loss_pq_va:0.04081 loss_pv_va:0.04121
INFO|2024-09-25 14:37:16: Epoch[020/100], iter[079/392], loss_total:0.12480, loss_equ:0.26751 loss_pq_vm:0.00220 loss_pq_va:0.03845 loss_pv_va:0.03762
INFO|2024-09-25 14:37:28: Epoch[020/100], iter[118/392], loss_total:0.12821, loss_equ:0.25900 loss_pq_vm:0.00242 loss_pq_va:0.03911 loss_pv_va:0.03897
INFO|2024-09-25 14:37:40: Epoch[020/100], iter[157/392], loss_total:0.11298, loss_equ:0.27186 loss_pq_vm:0.00206 loss_pq_va:0.03206 loss_pv_va:0.03317
INFO|2024-09-25 14:37:52: Epoch[020/100], iter[196/392], loss_total:0.13305, loss_equ:0.28587 loss_pq_vm:0.00292 loss_pq_va:0.03696 loss_pv_va:0.03831
INFO|2024-09-25 14:38:04: Epoch[020/100], iter[235/392], loss_total:0.11823, loss_equ:0.28021 loss_pq_vm:0.00215 loss_pq_va:0.03458 loss_pv_va:0.03418
INFO|2024-09-25 14:38:16: Epoch[020/100], iter[274/392], loss_total:0.13244, loss_equ:0.23937 loss_pq_vm:0.00243 loss_pq_va:0.04220 loss_pv_va:0.04204
INFO|2024-09-25 14:38:29: Epoch[020/100], iter[313/392], loss_total:0.12852, loss_equ:0.22790 loss_pq_vm:0.00193 loss_pq_va:0.04322 loss_pv_va:0.04316
INFO|2024-09-25 14:38:40: Epoch[020/100], iter[352/392], loss_total:0.12819, loss_equ:0.29662 loss_pq_vm:0.00221 loss_pq_va:0.03747 loss_pv_va:0.03894
INFO|2024-09-25 14:38:52: Epoch[020/100], iter[392/392], loss_total:0.12216, loss_equ:0.27217 loss_pq_vm:0.00290 loss_pq_va:0.03314 loss_pv_va:0.03283
INFO|2024-09-25 14:39:39: Epoch 19/100, lr:  0.00090546, eta: 3.74h, train_loss:  0.12355, valid_loss:  0.13737
INFO|2024-09-25 14:39:39: 	Train: PQ_Vm_rmse: 0.00341763  PQ_Va_rmse: 0.05188115  PV_Va_rmse: 0.05149416  delta_p: 0.17970527  delta_q: 0.04712919  
INFO|2024-09-25 14:39:39: 	ZTest: PQ_Vm_rmse: 0.00426620  PQ_Va_rmse: 0.05904184  PV_Va_rmse: 0.05784182  delta_p: 0.21504754  delta_q: 0.05412423  
INFO|2024-09-25 14:39:39: 	ZTest-ema: PQ_Vm_rmse: 0.003636  PQ_Va_rmse: 0.058339  PV_Va_rmse: 0.057045  delta_p: 0.159969  delta_q: 0.043916  
INFO|2024-09-25 14:39:39: 	           ValOfEMA:0.058339/0.058339,  Epoch:20/20
INFO|2024-09-25 14:39:40: 	Time(ep):168s,  Val(curr/best):0.059042/0.059042,  Epoch(curr/best):20/20
INFO|2024-09-25 14:39:40: -------------------- Epoch: 21 --------------------
INFO|2024-09-25 14:39:53: Epoch[021/100], iter[040/392], loss_total:0.11690, loss_equ:0.25460 loss_pq_vm:0.00245 loss_pq_va:0.03299 loss_pv_va:0.03399
INFO|2024-09-25 14:40:05: Epoch[021/100], iter[079/392], loss_total:0.11610, loss_equ:0.24031 loss_pq_vm:0.00199 loss_pq_va:0.03584 loss_pv_va:0.03638
INFO|2024-09-25 14:40:17: Epoch[021/100], iter[118/392], loss_total:0.11256, loss_equ:0.23960 loss_pq_vm:0.00234 loss_pq_va:0.03262 loss_pv_va:0.03258
INFO|2024-09-25 14:40:29: Epoch[021/100], iter[157/392], loss_total:0.11466, loss_equ:0.24489 loss_pq_vm:0.00198 loss_pq_va:0.03464 loss_pv_va:0.03568
INFO|2024-09-25 14:40:41: Epoch[021/100], iter[196/392], loss_total:0.11583, loss_equ:0.24712 loss_pq_vm:0.00243 loss_pq_va:0.03331 loss_pv_va:0.03355
INFO|2024-09-25 14:40:53: Epoch[021/100], iter[235/392], loss_total:0.11987, loss_equ:0.24770 loss_pq_vm:0.00232 loss_pq_va:0.03531 loss_pv_va:0.03659
INFO|2024-09-25 14:41:05: Epoch[021/100], iter[274/392], loss_total:0.12118, loss_equ:0.23309 loss_pq_vm:0.00203 loss_pq_va:0.03853 loss_pv_va:0.03900
INFO|2024-09-25 14:41:18: Epoch[021/100], iter[313/392], loss_total:0.11491, loss_equ:0.23099 loss_pq_vm:0.00233 loss_pq_va:0.03440 loss_pv_va:0.03406
INFO|2024-09-25 14:41:29: Epoch[021/100], iter[352/392], loss_total:0.12508, loss_equ:0.26650 loss_pq_vm:0.00217 loss_pq_va:0.03779 loss_pv_va:0.03892
INFO|2024-09-25 14:41:42: Epoch[021/100], iter[392/392], loss_total:0.10313, loss_equ:0.23017 loss_pq_vm:0.00192 loss_pq_va:0.03008 loss_pv_va:0.03087
INFO|2024-09-25 14:42:29: Epoch 20/100, lr:  0.00089613, eta: 3.71h, train_loss:  0.11987, valid_loss:  0.13157
INFO|2024-09-25 14:42:29: 	Train: PQ_Vm_rmse: 0.00332432  PQ_Va_rmse: 0.05132903  PV_Va_rmse: 0.05093246  delta_p: 0.16318052  delta_q: 0.04464293  
INFO|2024-09-25 14:42:29: 	ZTest: PQ_Vm_rmse: 0.00381383  PQ_Va_rmse: 0.06078836  PV_Va_rmse: 0.06039988  delta_p: 0.17816472  delta_q: 0.04864574  
INFO|2024-09-25 14:42:29: 	ZTest-ema: PQ_Vm_rmse: 0.003592  PQ_Va_rmse: 0.057878  PV_Va_rmse: 0.056587  delta_p: 0.156686  delta_q: 0.043403  
INFO|2024-09-25 14:42:29: 	           ValOfEMA:0.057878/0.057878,  Epoch:21/21
INFO|2024-09-25 14:42:30: 	Time(ep):168s,  Val(curr/best):0.060788/0.059042,  Epoch(curr/best):21/20
INFO|2024-09-25 14:42:30: -------------------- Epoch: 22 --------------------
INFO|2024-09-25 14:42:43: Epoch[022/100], iter[040/392], loss_total:0.11906, loss_equ:0.25477 loss_pq_vm:0.00260 loss_pq_va:0.03361 loss_pv_va:0.03398
INFO|2024-09-25 14:42:55: Epoch[022/100], iter[079/392], loss_total:0.11710, loss_equ:0.24101 loss_pq_vm:0.00254 loss_pq_va:0.03339 loss_pv_va:0.03419
INFO|2024-09-25 14:43:07: Epoch[022/100], iter[118/392], loss_total:0.11834, loss_equ:0.24212 loss_pq_vm:0.00202 loss_pq_va:0.03673 loss_pv_va:0.03724
INFO|2024-09-25 14:43:19: Epoch[022/100], iter[157/392], loss_total:0.13536, loss_equ:0.23708 loss_pq_vm:0.00200 loss_pq_va:0.04619 loss_pv_va:0.04542
INFO|2024-09-25 14:43:30: Epoch[022/100], iter[196/392], loss_total:0.11741, loss_equ:0.22854 loss_pq_vm:0.00193 loss_pq_va:0.03787 loss_pv_va:0.03735
INFO|2024-09-25 14:43:42: Epoch[022/100], iter[235/392], loss_total:0.12255, loss_equ:0.24300 loss_pq_vm:0.00198 loss_pq_va:0.03953 loss_pv_va:0.03897
INFO|2024-09-25 14:43:54: Epoch[022/100], iter[274/392], loss_total:0.14469, loss_equ:0.31488 loss_pq_vm:0.00212 loss_pq_va:0.04706 loss_pv_va:0.04496
INFO|2024-09-25 14:44:07: Epoch[022/100], iter[313/392], loss_total:0.11628, loss_equ:0.23692 loss_pq_vm:0.00200 loss_pq_va:0.03620 loss_pv_va:0.03641
INFO|2024-09-25 14:44:18: Epoch[022/100], iter[352/392], loss_total:0.11069, loss_equ:0.24095 loss_pq_vm:0.00244 loss_pq_va:0.03106 loss_pv_va:0.03111
INFO|2024-09-25 14:44:31: Epoch[022/100], iter[392/392], loss_total:0.11749, loss_equ:0.23603 loss_pq_vm:0.00229 loss_pq_va:0.03538 loss_pv_va:0.03562
INFO|2024-09-25 14:45:20: Epoch 21/100, lr:  0.00088640, eta: 3.69h, train_loss:  0.11818, valid_loss:  0.13128
INFO|2024-09-25 14:45:20: 	Train: PQ_Vm_rmse: 0.00324644  PQ_Va_rmse: 0.05046758  PV_Va_rmse: 0.05005512  delta_p: 0.16350289  delta_q: 0.04478492  
INFO|2024-09-25 14:45:20: 	ZTest: PQ_Vm_rmse: 0.00376520  PQ_Va_rmse: 0.06229334  PV_Va_rmse: 0.06123074  delta_p: 0.16642288  delta_q: 0.04706498  
INFO|2024-09-25 14:45:20: 	ZTest-ema: PQ_Vm_rmse: 0.003540  PQ_Va_rmse: 0.057142  PV_Va_rmse: 0.055906  delta_p: 0.155554  delta_q: 0.042974  
INFO|2024-09-25 14:45:20: 	           ValOfEMA:0.057142/0.057142,  Epoch:22/22
INFO|2024-09-25 14:45:21: 	Time(ep):170s,  Val(curr/best):0.062293/0.059042,  Epoch(curr/best):22/20
INFO|2024-09-25 14:45:21: -------------------- Epoch: 23 --------------------
INFO|2024-09-25 14:45:34: Epoch[023/100], iter[040/392], loss_total:0.10651, loss_equ:0.22154 loss_pq_vm:0.00203 loss_pq_va:0.03166 loss_pv_va:0.03240
INFO|2024-09-25 14:45:46: Epoch[023/100], iter[079/392], loss_total:0.10840, loss_equ:0.27918 loss_pq_vm:0.00198 loss_pq_va:0.02979 loss_pv_va:0.03087
INFO|2024-09-25 14:45:59: Epoch[023/100], iter[118/392], loss_total:0.11714, loss_equ:0.24409 loss_pq_vm:0.00225 loss_pq_va:0.03455 loss_pv_va:0.03572
INFO|2024-09-25 14:46:10: Epoch[023/100], iter[157/392], loss_total:0.10946, loss_equ:0.24661 loss_pq_vm:0.00197 loss_pq_va:0.03270 loss_pv_va:0.03238
INFO|2024-09-25 14:46:22: Epoch[023/100], iter[196/392], loss_total:0.11375, loss_equ:0.22453 loss_pq_vm:0.00198 loss_pq_va:0.03545 loss_pv_va:0.03601
INFO|2024-09-25 14:46:34: Epoch[023/100], iter[235/392], loss_total:0.11733, loss_equ:0.23438 loss_pq_vm:0.00207 loss_pq_va:0.03684 loss_pv_va:0.03638
INFO|2024-09-25 14:46:46: Epoch[023/100], iter[274/392], loss_total:0.11149, loss_equ:0.22466 loss_pq_vm:0.00206 loss_pq_va:0.03389 loss_pv_va:0.03454
INFO|2024-09-25 14:46:58: Epoch[023/100], iter[313/392], loss_total:0.11767, loss_equ:0.23365 loss_pq_vm:0.00194 loss_pq_va:0.03725 loss_pv_va:0.03767
INFO|2024-09-25 14:47:10: Epoch[023/100], iter[352/392], loss_total:0.11065, loss_equ:0.23685 loss_pq_vm:0.00264 loss_pq_va:0.02985 loss_pv_va:0.03067
INFO|2024-09-25 14:47:22: Epoch[023/100], iter[392/392], loss_total:0.11394, loss_equ:0.25448 loss_pq_vm:0.00192 loss_pq_va:0.03490 loss_pv_va:0.03437
INFO|2024-09-25 14:48:10: Epoch 22/100, lr:  0.00087630, eta: 3.63h, train_loss:  0.11696, valid_loss:  0.12943
INFO|2024-09-25 14:48:10: 	Train: PQ_Vm_rmse: 0.00319618  PQ_Va_rmse: 0.05025717  PV_Va_rmse: 0.04981157  delta_p: 0.15938487  delta_q: 0.04322168  
INFO|2024-09-25 14:48:10: 	ZTest: PQ_Vm_rmse: 0.00375671  PQ_Va_rmse: 0.05795689  PV_Va_rmse: 0.05683215  delta_p: 0.20641421  delta_q: 0.04750689  
INFO|2024-09-25 14:48:10: 	ZTest-ema: PQ_Vm_rmse: 0.003498  PQ_Va_rmse: 0.056623  PV_Va_rmse: 0.055409  delta_p: 0.153708  delta_q: 0.042598  
INFO|2024-09-25 14:48:10: 	           ValOfEMA:0.056623/0.056623,  Epoch:23/23
INFO|2024-09-25 14:48:11: 	Time(ep):169s,  Val(curr/best):0.057957/0.057957,  Epoch(curr/best):23/23
INFO|2024-09-25 14:48:11: -------------------- Epoch: 24 --------------------
INFO|2024-09-25 14:48:25: Epoch[024/100], iter[040/392], loss_total:0.11700, loss_equ:0.32122 loss_pq_vm:0.00232 loss_pq_va:0.03013 loss_pv_va:0.03153
INFO|2024-09-25 14:48:36: Epoch[024/100], iter[079/392], loss_total:0.10666, loss_equ:0.23467 loss_pq_vm:0.00193 loss_pq_va:0.03180 loss_pv_va:0.03204
INFO|2024-09-25 14:48:48: Epoch[024/100], iter[118/392], loss_total:0.11588, loss_equ:0.26105 loss_pq_vm:0.00242 loss_pq_va:0.03249 loss_pv_va:0.03309
INFO|2024-09-25 14:48:59: Epoch[024/100], iter[157/392], loss_total:0.11454, loss_equ:0.23848 loss_pq_vm:0.00212 loss_pq_va:0.03470 loss_pv_va:0.03482
INFO|2024-09-25 14:49:11: Epoch[024/100], iter[196/392], loss_total:0.11022, loss_equ:0.23878 loss_pq_vm:0.00217 loss_pq_va:0.03219 loss_pv_va:0.03243
INFO|2024-09-25 14:49:22: Epoch[024/100], iter[235/392], loss_total:0.11491, loss_equ:0.30174 loss_pq_vm:0.00208 loss_pq_va:0.03170 loss_pv_va:0.03221
INFO|2024-09-25 14:49:34: Epoch[024/100], iter[274/392], loss_total:0.13319, loss_equ:0.23423 loss_pq_vm:0.00197 loss_pq_va:0.04488 loss_pv_va:0.04520
INFO|2024-09-25 14:49:46: Epoch[024/100], iter[313/392], loss_total:0.11138, loss_equ:0.22963 loss_pq_vm:0.00237 loss_pq_va:0.03225 loss_pv_va:0.03248
INFO|2024-09-25 14:49:57: Epoch[024/100], iter[352/392], loss_total:0.11226, loss_equ:0.24933 loss_pq_vm:0.00211 loss_pq_va:0.03307 loss_pv_va:0.03319
INFO|2024-09-25 14:50:09: Epoch[024/100], iter[392/392], loss_total:0.12815, loss_equ:0.24527 loss_pq_vm:0.00263 loss_pq_va:0.03840 loss_pv_va:0.03893
INFO|2024-09-25 14:50:58: Epoch 23/100, lr:  0.00086584, eta: 3.51h, train_loss:  0.11677, valid_loss:  0.12646
INFO|2024-09-25 14:50:58: 	Train: PQ_Vm_rmse: 0.00320251  PQ_Va_rmse: 0.04900391  PV_Va_rmse: 0.04870134  delta_p: 0.17272163  delta_q: 0.04528199  
INFO|2024-09-25 14:50:58: 	ZTest: PQ_Vm_rmse: 0.00361936  PQ_Va_rmse: 0.05945555  PV_Va_rmse: 0.05804162  delta_p: 0.17696551  delta_q: 0.04842041  
INFO|2024-09-25 14:50:58: 	ZTest-ema: PQ_Vm_rmse: 0.003468  PQ_Va_rmse: 0.055695  PV_Va_rmse: 0.054533  delta_p: 0.155396  delta_q: 0.042573  
INFO|2024-09-25 14:50:58: 	           ValOfEMA:0.055695/0.055695,  Epoch:24/24
INFO|2024-09-25 14:50:59: 	Time(ep):166s,  Val(curr/best):0.059456/0.057957,  Epoch(curr/best):24/23
INFO|2024-09-25 14:50:59: -------------------- Epoch: 25 --------------------
INFO|2024-09-25 14:51:12: Epoch[025/100], iter[040/392], loss_total:0.12956, loss_equ:0.23255 loss_pq_vm:0.00205 loss_pq_va:0.04274 loss_pv_va:0.04305
INFO|2024-09-25 14:51:23: Epoch[025/100], iter[079/392], loss_total:0.12554, loss_equ:0.23649 loss_pq_vm:0.00195 loss_pq_va:0.04092 loss_pv_va:0.04146
INFO|2024-09-25 14:51:35: Epoch[025/100], iter[118/392], loss_total:0.11264, loss_equ:0.26101 loss_pq_vm:0.00276 loss_pq_va:0.02931 loss_pv_va:0.02959
INFO|2024-09-25 14:51:46: Epoch[025/100], iter[157/392], loss_total:0.10973, loss_equ:0.24947 loss_pq_vm:0.00219 loss_pq_va:0.03139 loss_pv_va:0.03146
INFO|2024-09-25 14:51:58: Epoch[025/100], iter[196/392], loss_total:0.10371, loss_equ:0.23741 loss_pq_vm:0.00205 loss_pq_va:0.02969 loss_pv_va:0.02982
INFO|2024-09-25 14:52:10: Epoch[025/100], iter[235/392], loss_total:0.11307, loss_equ:0.23994 loss_pq_vm:0.00202 loss_pq_va:0.03381 loss_pv_va:0.03508
INFO|2024-09-25 14:52:21: Epoch[025/100], iter[274/392], loss_total:0.10992, loss_equ:0.25196 loss_pq_vm:0.00247 loss_pq_va:0.02983 loss_pv_va:0.03018
INFO|2024-09-25 14:52:33: Epoch[025/100], iter[313/392], loss_total:0.19550, loss_equ:0.28274 loss_pq_vm:0.00254 loss_pq_va:0.07033 loss_pv_va:0.07152
INFO|2024-09-25 14:52:45: Epoch[025/100], iter[352/392], loss_total:0.12706, loss_equ:0.24385 loss_pq_vm:0.00218 loss_pq_va:0.04033 loss_pv_va:0.04052
INFO|2024-09-25 14:52:56: Epoch[025/100], iter[392/392], loss_total:0.11217, loss_equ:0.23718 loss_pq_vm:0.00198 loss_pq_va:0.03401 loss_pv_va:0.03467
INFO|2024-09-25 14:53:45: Epoch 24/100, lr:  0.00085502, eta: 3.47h, train_loss:  0.11618, valid_loss:  0.12798
INFO|2024-09-25 14:53:45: 	Train: PQ_Vm_rmse: 0.00330328  PQ_Va_rmse: 0.04836924  PV_Va_rmse: 0.04809527  delta_p: 0.16159058  delta_q: 0.04582992  
INFO|2024-09-25 14:53:45: 	ZTest: PQ_Vm_rmse: 0.00377509  PQ_Va_rmse: 0.05872481  PV_Va_rmse: 0.05810068  delta_p: 0.17855873  delta_q: 0.04886747  
INFO|2024-09-25 14:53:45: 	ZTest-ema: PQ_Vm_rmse: 0.003455  PQ_Va_rmse: 0.055108  PV_Va_rmse: 0.053971  delta_p: 0.154380  delta_q: 0.042462  
INFO|2024-09-25 14:53:45: 	           ValOfEMA:0.055108/0.055108,  Epoch:25/25
INFO|2024-09-25 14:53:46: 	Time(ep):166s,  Val(curr/best):0.058725/0.057957,  Epoch(curr/best):25/23
INFO|2024-09-25 14:53:46: -------------------- Epoch: 26 --------------------
INFO|2024-09-25 14:53:59: Epoch[026/100], iter[040/392], loss_total:0.12926, loss_equ:0.31207 loss_pq_vm:0.00397 loss_pq_va:0.02907 loss_pv_va:0.02928
INFO|2024-09-25 14:54:11: Epoch[026/100], iter[079/392], loss_total:0.11206, loss_equ:0.24428 loss_pq_vm:0.00212 loss_pq_va:0.03286 loss_pv_va:0.03354
INFO|2024-09-25 14:54:22: Epoch[026/100], iter[118/392], loss_total:0.12398, loss_equ:0.23089 loss_pq_vm:0.00207 loss_pq_va:0.04019 loss_pv_va:0.04004
INFO|2024-09-25 14:54:35: Epoch[026/100], iter[157/392], loss_total:0.11856, loss_equ:0.22805 loss_pq_vm:0.00186 loss_pq_va:0.03844 loss_pv_va:0.03875
INFO|2024-09-25 14:54:47: Epoch[026/100], iter[196/392], loss_total:0.11069, loss_equ:0.21838 loss_pq_vm:0.00205 loss_pq_va:0.03405 loss_pv_va:0.03428
INFO|2024-09-25 14:54:59: Epoch[026/100], iter[235/392], loss_total:0.10851, loss_equ:0.21451 loss_pq_vm:0.00192 loss_pq_va:0.03369 loss_pv_va:0.03414
INFO|2024-09-25 14:55:11: Epoch[026/100], iter[274/392], loss_total:0.11182, loss_equ:0.21788 loss_pq_vm:0.00198 loss_pq_va:0.03492 loss_pv_va:0.03533
INFO|2024-09-25 14:55:23: Epoch[026/100], iter[313/392], loss_total:0.11148, loss_equ:0.21618 loss_pq_vm:0.00210 loss_pq_va:0.03407 loss_pv_va:0.03483
INFO|2024-09-25 14:55:35: Epoch[026/100], iter[352/392], loss_total:0.10782, loss_equ:0.21878 loss_pq_vm:0.00190 loss_pq_va:0.03312 loss_pv_va:0.03382
INFO|2024-09-25 14:55:47: Epoch[026/100], iter[392/392], loss_total:0.11475, loss_equ:0.21965 loss_pq_vm:0.00208 loss_pq_va:0.03588 loss_pv_va:0.03611
INFO|2024-09-25 14:56:34: Epoch 25/100, lr:  0.00084385, eta: 3.46h, train_loss:  0.11429, valid_loss:  0.12814
INFO|2024-09-25 14:56:34: 	Train: PQ_Vm_rmse: 0.00310658  PQ_Va_rmse: 0.04896884  PV_Va_rmse: 0.04887525  delta_p: 0.15212273  delta_q: 0.04287143  
INFO|2024-09-25 14:56:34: 	ZTest: PQ_Vm_rmse: 0.00366849  PQ_Va_rmse: 0.05929665  PV_Va_rmse: 0.05853568  delta_p: 0.16293895  delta_q: 0.04544028  
INFO|2024-09-25 14:56:34: 	ZTest-ema: PQ_Vm_rmse: 0.003402  PQ_Va_rmse: 0.055248  PV_Va_rmse: 0.054169  delta_p: 0.149721  delta_q: 0.041832  
INFO|2024-09-25 14:56:34: 	           ValOfEMA:0.055248/0.055108,  Epoch:26/25
INFO|2024-09-25 14:56:35: 	Time(ep):168s,  Val(curr/best):0.059297/0.057957,  Epoch(curr/best):26/23
INFO|2024-09-25 14:56:35: -------------------- Epoch: 27 --------------------
INFO|2024-09-25 14:56:48: Epoch[027/100], iter[040/392], loss_total:0.10574, loss_equ:0.23500 loss_pq_vm:0.00204 loss_pq_va:0.03067 loss_pv_va:0.03120
INFO|2024-09-25 14:57:00: Epoch[027/100], iter[079/392], loss_total:0.11109, loss_equ:0.25472 loss_pq_vm:0.00251 loss_pq_va:0.03001 loss_pv_va:0.03052
INFO|2024-09-25 14:57:12: Epoch[027/100], iter[118/392], loss_total:0.12496, loss_equ:0.26102 loss_pq_vm:0.00212 loss_pq_va:0.03951 loss_pv_va:0.03813
INFO|2024-09-25 14:57:24: Epoch[027/100], iter[157/392], loss_total:0.11097, loss_equ:0.22249 loss_pq_vm:0.00202 loss_pq_va:0.03371 loss_pv_va:0.03478
INFO|2024-09-25 14:57:36: Epoch[027/100], iter[196/392], loss_total:0.10759, loss_equ:0.22182 loss_pq_vm:0.00236 loss_pq_va:0.03071 loss_pv_va:0.03109
INFO|2024-09-25 14:57:48: Epoch[027/100], iter[235/392], loss_total:0.11117, loss_equ:0.24513 loss_pq_vm:0.00213 loss_pq_va:0.03200 loss_pv_va:0.03335
INFO|2024-09-25 14:58:00: Epoch[027/100], iter[274/392], loss_total:0.11814, loss_equ:0.23616 loss_pq_vm:0.00187 loss_pq_va:0.03836 loss_pv_va:0.03748
INFO|2024-09-25 14:58:12: Epoch[027/100], iter[313/392], loss_total:0.11907, loss_equ:0.31253 loss_pq_vm:0.00230 loss_pq_va:0.03237 loss_pv_va:0.03242
INFO|2024-09-25 14:58:24: Epoch[027/100], iter[352/392], loss_total:0.10672, loss_equ:0.22998 loss_pq_vm:0.00188 loss_pq_va:0.03231 loss_pv_va:0.03258
INFO|2024-09-25 14:58:36: Epoch[027/100], iter[392/392], loss_total:0.10514, loss_equ:0.22607 loss_pq_vm:0.00195 loss_pq_va:0.03156 loss_pv_va:0.03143
INFO|2024-09-25 14:59:24: Epoch 26/100, lr:  0.00083235, eta: 3.44h, train_loss:  0.11212, valid_loss:  0.11742
INFO|2024-09-25 14:59:24: 	Train: PQ_Vm_rmse: 0.00319480  PQ_Va_rmse: 0.04652034  PV_Va_rmse: 0.04628696  delta_p: 0.16129767  delta_q: 0.04442928  
INFO|2024-09-25 14:59:24: 	ZTest: PQ_Vm_rmse: 0.00348672  PQ_Va_rmse: 0.05452829  PV_Va_rmse: 0.05342438  delta_p: 0.16578107  delta_q: 0.04550176  
INFO|2024-09-25 14:59:24: 	ZTest-ema: PQ_Vm_rmse: 0.003387  PQ_Va_rmse: 0.054037  PV_Va_rmse: 0.052971  delta_p: 0.152907  delta_q: 0.042001  
INFO|2024-09-25 14:59:24: 	           ValOfEMA:0.054037/0.054037,  Epoch:27/27
INFO|2024-09-25 14:59:25: 	Time(ep):169s,  Val(curr/best):0.054528/0.054528,  Epoch(curr/best):27/27
INFO|2024-09-25 14:59:25: -------------------- Epoch: 28 --------------------
INFO|2024-09-25 14:59:39: Epoch[028/100], iter[040/392], loss_total:0.10934, loss_equ:0.23924 loss_pq_vm:0.00202 loss_pq_va:0.03210 loss_pv_va:0.03313
INFO|2024-09-25 14:59:50: Epoch[028/100], iter[079/392], loss_total:0.10548, loss_equ:0.22531 loss_pq_vm:0.00193 loss_pq_va:0.03147 loss_pv_va:0.03215
INFO|2024-09-25 15:00:02: Epoch[028/100], iter[118/392], loss_total:0.10748, loss_equ:0.22072 loss_pq_vm:0.00193 loss_pq_va:0.03246 loss_pv_va:0.03366
INFO|2024-09-25 15:00:14: Epoch[028/100], iter[157/392], loss_total:0.09874, loss_equ:0.21487 loss_pq_vm:0.00204 loss_pq_va:0.02822 loss_pv_va:0.02860
INFO|2024-09-25 15:00:26: Epoch[028/100], iter[196/392], loss_total:0.10879, loss_equ:0.21523 loss_pq_vm:0.00196 loss_pq_va:0.03369 loss_pv_va:0.03398
INFO|2024-09-25 15:00:37: Epoch[028/100], iter[235/392], loss_total:0.10691, loss_equ:0.22283 loss_pq_vm:0.00184 loss_pq_va:0.03332 loss_pv_va:0.03292
INFO|2024-09-25 15:00:49: Epoch[028/100], iter[274/392], loss_total:0.11729, loss_equ:0.25351 loss_pq_vm:0.00223 loss_pq_va:0.03516 loss_pv_va:0.03443
INFO|2024-09-25 15:01:01: Epoch[028/100], iter[313/392], loss_total:0.10545, loss_equ:0.22838 loss_pq_vm:0.00207 loss_pq_va:0.03069 loss_pv_va:0.03119
INFO|2024-09-25 15:01:13: Epoch[028/100], iter[352/392], loss_total:0.10056, loss_equ:0.22648 loss_pq_vm:0.00190 loss_pq_va:0.02928 loss_pv_va:0.02966
INFO|2024-09-25 15:01:25: Epoch[028/100], iter[392/392], loss_total:0.11301, loss_equ:0.24586 loss_pq_vm:0.00217 loss_pq_va:0.03327 loss_pv_va:0.03344
INFO|2024-09-25 15:02:13: Epoch 27/100, lr:  0.00082052, eta: 3.35h, train_loss:  0.10960, valid_loss:  0.13016
INFO|2024-09-25 15:02:13: 	Train: PQ_Vm_rmse: 0.00302445  PQ_Va_rmse: 0.04651845  PV_Va_rmse: 0.04626409  delta_p: 0.15440855  delta_q: 0.04170839  
INFO|2024-09-25 15:02:13: 	ZTest: PQ_Vm_rmse: 0.00398865  PQ_Va_rmse: 0.05679583  PV_Va_rmse: 0.05604255  delta_p: 0.17498221  delta_q: 0.04916315  
INFO|2024-09-25 15:02:13: 	ZTest-ema: PQ_Vm_rmse: 0.003342  PQ_Va_rmse: 0.053572  PV_Va_rmse: 0.052518  delta_p: 0.151065  delta_q: 0.041546  
INFO|2024-09-25 15:02:13: 	           ValOfEMA:0.053572/0.053572,  Epoch:28/28
INFO|2024-09-25 15:02:14: 	Time(ep):167s,  Val(curr/best):0.056796/0.054528,  Epoch(curr/best):28/27
INFO|2024-09-25 15:02:14: -------------------- Epoch: 29 --------------------
INFO|2024-09-25 15:02:27: Epoch[029/100], iter[040/392], loss_total:0.10905, loss_equ:0.22447 loss_pq_vm:0.00180 loss_pq_va:0.03423 loss_pv_va:0.03433
INFO|2024-09-25 15:02:39: Epoch[029/100], iter[079/392], loss_total:0.10249, loss_equ:0.23239 loss_pq_vm:0.00209 loss_pq_va:0.02896 loss_pv_va:0.02938
INFO|2024-09-25 15:02:51: Epoch[029/100], iter[118/392], loss_total:0.10835, loss_equ:0.23312 loss_pq_vm:0.00193 loss_pq_va:0.03265 loss_pv_va:0.03307
INFO|2024-09-25 15:03:03: Epoch[029/100], iter[157/392], loss_total:0.11546, loss_equ:0.21758 loss_pq_vm:0.00185 loss_pq_va:0.03760 loss_pv_va:0.03761
INFO|2024-09-25 15:03:15: Epoch[029/100], iter[196/392], loss_total:0.11362, loss_equ:0.23400 loss_pq_vm:0.00193 loss_pq_va:0.03514 loss_pv_va:0.03574
INFO|2024-09-25 15:03:27: Epoch[029/100], iter[235/392], loss_total:0.10092, loss_equ:0.21896 loss_pq_vm:0.00186 loss_pq_va:0.03007 loss_pv_va:0.03035
INFO|2024-09-25 15:03:39: Epoch[029/100], iter[274/392], loss_total:0.11666, loss_equ:0.23841 loss_pq_vm:0.00211 loss_pq_va:0.03535 loss_pv_va:0.03636
INFO|2024-09-25 15:03:51: Epoch[029/100], iter[313/392], loss_total:0.10942, loss_equ:0.21857 loss_pq_vm:0.00231 loss_pq_va:0.03196 loss_pv_va:0.03256
INFO|2024-09-25 15:04:03: Epoch[029/100], iter[352/392], loss_total:0.10293, loss_equ:0.20942 loss_pq_vm:0.00193 loss_pq_va:0.03087 loss_pv_va:0.03184
INFO|2024-09-25 15:04:15: Epoch[029/100], iter[392/392], loss_total:0.10308, loss_equ:0.20790 loss_pq_vm:0.00183 loss_pq_va:0.03183 loss_pv_va:0.03218
INFO|2024-09-25 15:05:03: Epoch 28/100, lr:  0.00080839, eta: 3.35h, train_loss:  0.10915, valid_loss:  0.12266
INFO|2024-09-25 15:05:03: 	Train: PQ_Vm_rmse: 0.00296824  PQ_Va_rmse: 0.04637170  PV_Va_rmse: 0.04613114  delta_p: 0.15631943  delta_q: 0.04144167  
INFO|2024-09-25 15:05:03: 	ZTest: PQ_Vm_rmse: 0.00349067  PQ_Va_rmse: 0.05893434  PV_Va_rmse: 0.05744290  delta_p: 0.15743993  delta_q: 0.04346608  
INFO|2024-09-25 15:05:03: 	ZTest-ema: PQ_Vm_rmse: 0.003313  PQ_Va_rmse: 0.053539  PV_Va_rmse: 0.052502  delta_p: 0.148740  delta_q: 0.041240  
INFO|2024-09-25 15:05:03: 	           ValOfEMA:0.053539/0.053539,  Epoch:29/29
INFO|2024-09-25 15:05:04: 	Time(ep):169s,  Val(curr/best):0.058934/0.054528,  Epoch(curr/best):29/27
INFO|2024-09-25 15:05:04: -------------------- Epoch: 30 --------------------
INFO|2024-09-25 15:05:17: Epoch[030/100], iter[040/392], loss_total:0.10521, loss_equ:0.20913 loss_pq_vm:0.00202 loss_pq_va:0.03198 loss_pv_va:0.03212
INFO|2024-09-25 15:05:29: Epoch[030/100], iter[079/392], loss_total:0.10537, loss_equ:0.23080 loss_pq_vm:0.00199 loss_pq_va:0.03116 loss_pv_va:0.03123
INFO|2024-09-25 15:05:41: Epoch[030/100], iter[118/392], loss_total:0.10205, loss_equ:0.21033 loss_pq_vm:0.00177 loss_pq_va:0.03134 loss_pv_va:0.03198
INFO|2024-09-25 15:05:54: Epoch[030/100], iter[157/392], loss_total:0.10689, loss_equ:0.22349 loss_pq_vm:0.00187 loss_pq_va:0.03262 loss_pv_va:0.03321
INFO|2024-09-25 15:06:05: Epoch[030/100], iter[196/392], loss_total:0.11686, loss_equ:0.25907 loss_pq_vm:0.00245 loss_pq_va:0.03278 loss_pv_va:0.03370
INFO|2024-09-25 15:06:18: Epoch[030/100], iter[235/392], loss_total:0.10854, loss_equ:0.24829 loss_pq_vm:0.00234 loss_pq_va:0.02976 loss_pv_va:0.03055
INFO|2024-09-25 15:06:30: Epoch[030/100], iter[274/392], loss_total:0.10547, loss_equ:0.22443 loss_pq_vm:0.00242 loss_pq_va:0.02890 loss_pv_va:0.02993
INFO|2024-09-25 15:06:42: Epoch[030/100], iter[313/392], loss_total:0.11325, loss_equ:0.28858 loss_pq_vm:0.00234 loss_pq_va:0.03034 loss_pv_va:0.03066
INFO|2024-09-25 15:06:54: Epoch[030/100], iter[352/392], loss_total:0.11100, loss_equ:0.21277 loss_pq_vm:0.00202 loss_pq_va:0.03466 loss_pv_va:0.03489
INFO|2024-09-25 15:07:06: Epoch[030/100], iter[392/392], loss_total:0.11760, loss_equ:0.25884 loss_pq_vm:0.00188 loss_pq_va:0.03627 loss_pv_va:0.03668
INFO|2024-09-25 15:07:55: Epoch 29/100, lr:  0.00079595, eta: 3.32h, train_loss:  0.10940, valid_loss:  0.13225
INFO|2024-09-25 15:07:55: 	Train: PQ_Vm_rmse: 0.00304471  PQ_Va_rmse: 0.04604835  PV_Va_rmse: 0.04575588  delta_p: 0.15375118  delta_q: 0.04218513  
INFO|2024-09-25 15:07:55: 	ZTest: PQ_Vm_rmse: 0.00348169  PQ_Va_rmse: 0.06077040  PV_Va_rmse: 0.06000044  delta_p: 0.17149353  delta_q: 0.04553400  
INFO|2024-09-25 15:07:55: 	ZTest-ema: PQ_Vm_rmse: 0.003303  PQ_Va_rmse: 0.053067  PV_Va_rmse: 0.052040  delta_p: 0.149439  delta_q: 0.041246  
INFO|2024-09-25 15:07:55: 	           ValOfEMA:0.053067/0.053067,  Epoch:30/30
INFO|2024-09-25 15:07:56: 	Time(ep):170s,  Val(curr/best):0.060770/0.054528,  Epoch(curr/best):30/27
INFO|2024-09-25 15:07:56: -------------------- Epoch: 31 --------------------
INFO|2024-09-25 15:08:09: Epoch[031/100], iter[040/392], loss_total:0.12618, loss_equ:0.25404 loss_pq_vm:0.00251 loss_pq_va:0.03789 loss_pv_va:0.03781
INFO|2024-09-25 15:08:21: Epoch[031/100], iter[079/392], loss_total:0.13643, loss_equ:0.27016 loss_pq_vm:0.00321 loss_pq_va:0.03814 loss_pv_va:0.03918
INFO|2024-09-25 15:08:33: Epoch[031/100], iter[118/392], loss_total:0.10137, loss_equ:0.22089 loss_pq_vm:0.00188 loss_pq_va:0.03019 loss_pv_va:0.03028
INFO|2024-09-25 15:08:45: Epoch[031/100], iter[157/392], loss_total:0.10961, loss_equ:0.22067 loss_pq_vm:0.00219 loss_pq_va:0.03248 loss_pv_va:0.03320
INFO|2024-09-25 15:08:57: Epoch[031/100], iter[196/392], loss_total:0.10231, loss_equ:0.20555 loss_pq_vm:0.00175 loss_pq_va:0.03205 loss_pv_va:0.03218
INFO|2024-09-25 15:09:09: Epoch[031/100], iter[235/392], loss_total:0.10632, loss_equ:0.20981 loss_pq_vm:0.00190 loss_pq_va:0.03308 loss_pv_va:0.03323
INFO|2024-09-25 15:09:22: Epoch[031/100], iter[274/392], loss_total:0.10811, loss_equ:0.27793 loss_pq_vm:0.00190 loss_pq_va:0.03034 loss_pv_va:0.03097
INFO|2024-09-25 15:09:34: Epoch[031/100], iter[313/392], loss_total:0.09859, loss_equ:0.22698 loss_pq_vm:0.00182 loss_pq_va:0.02859 loss_pv_va:0.02910
INFO|2024-09-25 15:09:46: Epoch[031/100], iter[352/392], loss_total:0.10316, loss_equ:0.21922 loss_pq_vm:0.00178 loss_pq_va:0.03136 loss_pv_va:0.03204
INFO|2024-09-25 15:09:59: Epoch[031/100], iter[392/392], loss_total:0.10653, loss_equ:0.20685 loss_pq_vm:0.00183 loss_pq_va:0.03364 loss_pv_va:0.03395
INFO|2024-09-25 15:10:46: Epoch 30/100, lr:  0.00078323, eta: 3.26h, train_loss:  0.10867, valid_loss:  0.11873
INFO|2024-09-25 15:10:46: 	Train: PQ_Vm_rmse: 0.00302589  PQ_Va_rmse: 0.04562670  PV_Va_rmse: 0.04551960  delta_p: 0.15232601  delta_q: 0.04189292  
INFO|2024-09-25 15:10:46: 	ZTest: PQ_Vm_rmse: 0.00345631  PQ_Va_rmse: 0.05640135  PV_Va_rmse: 0.05553287  delta_p: 0.15203339  delta_q: 0.04319624  
INFO|2024-09-25 15:10:46: 	ZTest-ema: PQ_Vm_rmse: 0.003270  PQ_Va_rmse: 0.052750  PV_Va_rmse: 0.051754  delta_p: 0.147947  delta_q: 0.040973  
INFO|2024-09-25 15:10:46: 	           ValOfEMA:0.052750/0.052750,  Epoch:31/31
INFO|2024-09-25 15:10:46: 	Time(ep):170s,  Val(curr/best):0.056401/0.054528,  Epoch(curr/best):31/27
INFO|2024-09-25 15:10:46: -------------------- Epoch: 32 --------------------
INFO|2024-09-25 15:11:00: Epoch[032/100], iter[040/392], loss_total:0.09666, loss_equ:0.20535 loss_pq_vm:0.00180 loss_pq_va:0.02870 loss_pv_va:0.02943
INFO|2024-09-25 15:11:12: Epoch[032/100], iter[079/392], loss_total:0.10389, loss_equ:0.25172 loss_pq_vm:0.00191 loss_pq_va:0.02952 loss_pv_va:0.03011
INFO|2024-09-25 15:11:24: Epoch[032/100], iter[118/392], loss_total:0.10964, loss_equ:0.22436 loss_pq_vm:0.00216 loss_pq_va:0.03256 loss_pv_va:0.03300
INFO|2024-09-25 15:11:36: Epoch[032/100], iter[157/392], loss_total:0.09738, loss_equ:0.22329 loss_pq_vm:0.00184 loss_pq_va:0.02802 loss_pv_va:0.02861
INFO|2024-09-25 15:11:48: Epoch[032/100], iter[196/392], loss_total:0.10772, loss_equ:0.23388 loss_pq_vm:0.00185 loss_pq_va:0.03272 loss_pv_va:0.03313
INFO|2024-09-25 15:12:00: Epoch[032/100], iter[235/392], loss_total:0.10938, loss_equ:0.26932 loss_pq_vm:0.00229 loss_pq_va:0.02963 loss_pv_va:0.02991
INFO|2024-09-25 15:12:12: Epoch[032/100], iter[274/392], loss_total:0.09619, loss_equ:0.22012 loss_pq_vm:0.00195 loss_pq_va:0.02701 loss_pv_va:0.02770
INFO|2024-09-25 15:12:24: Epoch[032/100], iter[313/392], loss_total:0.09420, loss_equ:0.22728 loss_pq_vm:0.00181 loss_pq_va:0.02650 loss_pv_va:0.02691
INFO|2024-09-25 15:12:36: Epoch[032/100], iter[352/392], loss_total:0.11636, loss_equ:0.21631 loss_pq_vm:0.00225 loss_pq_va:0.03613 loss_pv_va:0.03614
INFO|2024-09-25 15:12:49: Epoch[032/100], iter[392/392], loss_total:0.10751, loss_equ:0.23559 loss_pq_vm:0.00190 loss_pq_va:0.03257 loss_pv_va:0.03235
INFO|2024-09-25 15:13:38: Epoch 31/100, lr:  0.00077023, eta: 3.24h, train_loss:  0.10692, valid_loss:  0.12572
INFO|2024-09-25 15:13:38: 	Train: PQ_Vm_rmse: 0.00294685  PQ_Va_rmse: 0.04462808  PV_Va_rmse: 0.04449133  delta_p: 0.15655048  delta_q: 0.04186076  
INFO|2024-09-25 15:13:38: 	ZTest: PQ_Vm_rmse: 0.00373330  PQ_Va_rmse: 0.05515761  PV_Va_rmse: 0.05401004  delta_p: 0.18020708  delta_q: 0.04964917  
INFO|2024-09-25 15:13:38: 	ZTest-ema: PQ_Vm_rmse: 0.003253  PQ_Va_rmse: 0.052373  PV_Va_rmse: 0.051402  delta_p: 0.148187  delta_q: 0.040870  
INFO|2024-09-25 15:13:38: 	           ValOfEMA:0.052373/0.052373,  Epoch:32/32
INFO|2024-09-25 15:13:39: 	Time(ep):171s,  Val(curr/best):0.055158/0.054528,  Epoch(curr/best):32/27
INFO|2024-09-25 15:13:39: -------------------- Epoch: 33 --------------------
INFO|2024-09-25 15:13:52: Epoch[033/100], iter[040/392], loss_total:0.09884, loss_equ:0.23413 loss_pq_vm:0.00197 loss_pq_va:0.02797 loss_pv_va:0.02773
INFO|2024-09-25 15:14:05: Epoch[033/100], iter[079/392], loss_total:0.09909, loss_equ:0.22611 loss_pq_vm:0.00205 loss_pq_va:0.02776 loss_pv_va:0.02823
INFO|2024-09-25 15:14:17: Epoch[033/100], iter[118/392], loss_total:0.10067, loss_equ:0.20961 loss_pq_vm:0.00197 loss_pq_va:0.02979 loss_pv_va:0.03018
INFO|2024-09-25 15:14:29: Epoch[033/100], iter[157/392], loss_total:0.10218, loss_equ:0.20594 loss_pq_vm:0.00202 loss_pq_va:0.03079 loss_pv_va:0.03062
INFO|2024-09-25 15:14:41: Epoch[033/100], iter[196/392], loss_total:0.13998, loss_equ:0.23333 loss_pq_vm:0.00282 loss_pq_va:0.04421 loss_pv_va:0.04419
INFO|2024-09-25 15:14:53: Epoch[033/100], iter[235/392], loss_total:0.11758, loss_equ:0.22201 loss_pq_vm:0.00199 loss_pq_va:0.03739 loss_pv_va:0.03814
INFO|2024-09-25 15:15:05: Epoch[033/100], iter[274/392], loss_total:0.10715, loss_equ:0.21080 loss_pq_vm:0.00197 loss_pq_va:0.03328 loss_pv_va:0.03313
INFO|2024-09-25 15:15:17: Epoch[033/100], iter[313/392], loss_total:0.10080, loss_equ:0.20814 loss_pq_vm:0.00185 loss_pq_va:0.03059 loss_pv_va:0.03087
INFO|2024-09-25 15:15:29: Epoch[033/100], iter[352/392], loss_total:0.10523, loss_equ:0.21114 loss_pq_vm:0.00207 loss_pq_va:0.03145 loss_pv_va:0.03194
INFO|2024-09-25 15:15:42: Epoch[033/100], iter[392/392], loss_total:0.09423, loss_equ:0.21518 loss_pq_vm:0.00176 loss_pq_va:0.02725 loss_pv_va:0.02784
INFO|2024-09-25 15:16:31: Epoch 32/100, lr:  0.00075698, eta: 3.21h, train_loss:  0.10454, valid_loss:  0.11635
INFO|2024-09-25 15:16:31: 	Train: PQ_Vm_rmse: 0.00289514  PQ_Va_rmse: 0.04410637  PV_Va_rmse: 0.04394495  delta_p: 0.14844452  delta_q: 0.04039840  
INFO|2024-09-25 15:16:31: 	ZTest: PQ_Vm_rmse: 0.00331672  PQ_Va_rmse: 0.05350012  PV_Va_rmse: 0.05272094  delta_p: 0.16937747  delta_q: 0.04435935  
INFO|2024-09-25 15:16:31: 	ZTest-ema: PQ_Vm_rmse: 0.003220  PQ_Va_rmse: 0.051915  PV_Va_rmse: 0.050956  delta_p: 0.146924  delta_q: 0.040614  
INFO|2024-09-25 15:16:31: 	           ValOfEMA:0.051915/0.051915,  Epoch:33/33
INFO|2024-09-25 15:16:32: 	Time(ep):172s,  Val(curr/best):0.053500/0.053500,  Epoch(curr/best):33/33
INFO|2024-09-25 15:16:32: -------------------- Epoch: 34 --------------------
INFO|2024-09-25 15:16:46: Epoch[034/100], iter[040/392], loss_total:0.12124, loss_equ:0.23902 loss_pq_vm:0.00220 loss_pq_va:0.03837 loss_pv_va:0.03701
INFO|2024-09-25 15:16:58: Epoch[034/100], iter[079/392], loss_total:0.10631, loss_equ:0.22245 loss_pq_vm:0.00200 loss_pq_va:0.03160 loss_pv_va:0.03248
INFO|2024-09-25 15:17:10: Epoch[034/100], iter[118/392], loss_total:0.10119, loss_equ:0.22274 loss_pq_vm:0.00201 loss_pq_va:0.02922 loss_pv_va:0.02962
INFO|2024-09-25 15:17:22: Epoch[034/100], iter[157/392], loss_total:0.09906, loss_equ:0.22573 loss_pq_vm:0.00190 loss_pq_va:0.02852 loss_pv_va:0.02900
INFO|2024-09-25 15:17:34: Epoch[034/100], iter[196/392], loss_total:0.10755, loss_equ:0.21516 loss_pq_vm:0.00177 loss_pq_va:0.03412 loss_pv_va:0.03420
INFO|2024-09-25 15:17:46: Epoch[034/100], iter[235/392], loss_total:0.11227, loss_equ:0.21898 loss_pq_vm:0.00190 loss_pq_va:0.03610 loss_pv_va:0.03522
INFO|2024-09-25 15:17:58: Epoch[034/100], iter[274/392], loss_total:0.10699, loss_equ:0.20628 loss_pq_vm:0.00182 loss_pq_va:0.03363 loss_pv_va:0.03452
INFO|2024-09-25 15:18:10: Epoch[034/100], iter[313/392], loss_total:0.09621, loss_equ:0.20183 loss_pq_vm:0.00185 loss_pq_va:0.02848 loss_pv_va:0.02902
INFO|2024-09-25 15:18:23: Epoch[034/100], iter[352/392], loss_total:0.09917, loss_equ:0.19908 loss_pq_vm:0.00186 loss_pq_va:0.03026 loss_pv_va:0.03036
INFO|2024-09-25 15:18:35: Epoch[034/100], iter[392/392], loss_total:0.09771, loss_equ:0.21530 loss_pq_vm:0.00180 loss_pq_va:0.02861 loss_pv_va:0.02957
INFO|2024-09-25 15:19:25: Epoch 33/100, lr:  0.00074347, eta: 3.16h, train_loss:  0.10388, valid_loss:  0.11674
INFO|2024-09-25 15:19:25: 	Train: PQ_Vm_rmse: 0.00290406  PQ_Va_rmse: 0.04367652  PV_Va_rmse: 0.04356674  delta_p: 0.14569175  delta_q: 0.04049233  
INFO|2024-09-25 15:19:25: 	ZTest: PQ_Vm_rmse: 0.00350987  PQ_Va_rmse: 0.05297749  PV_Va_rmse: 0.05193452  delta_p: 0.16696619  delta_q: 0.04360285  
INFO|2024-09-25 15:19:25: 	ZTest-ema: PQ_Vm_rmse: 0.003195  PQ_Va_rmse: 0.051692  PV_Va_rmse: 0.050753  delta_p: 0.145618  delta_q: 0.040349  
INFO|2024-09-25 15:19:25: 	           ValOfEMA:0.051692/0.051692,  Epoch:34/34
INFO|2024-09-25 15:19:26: 	Time(ep):172s,  Val(curr/best):0.052977/0.052977,  Epoch(curr/best):34/34
INFO|2024-09-25 15:19:26: -------------------- Epoch: 35 --------------------
INFO|2024-09-25 15:19:39: Epoch[035/100], iter[040/392], loss_total:0.10400, loss_equ:0.21438 loss_pq_vm:0.00206 loss_pq_va:0.03086 loss_pv_va:0.03114
INFO|2024-09-25 15:19:51: Epoch[035/100], iter[079/392], loss_total:0.10597, loss_equ:0.20678 loss_pq_vm:0.00188 loss_pq_va:0.03349 loss_pv_va:0.03298
INFO|2024-09-25 15:20:03: Epoch[035/100], iter[118/392], loss_total:0.09798, loss_equ:0.20307 loss_pq_vm:0.00179 loss_pq_va:0.02955 loss_pv_va:0.03017
INFO|2024-09-25 15:20:16: Epoch[035/100], iter[157/392], loss_total:0.11121, loss_equ:0.24780 loss_pq_vm:0.00215 loss_pq_va:0.03258 loss_pv_va:0.03236
INFO|2024-09-25 15:20:27: Epoch[035/100], iter[196/392], loss_total:0.11279, loss_equ:0.22684 loss_pq_vm:0.00200 loss_pq_va:0.03484 loss_pv_va:0.03529
INFO|2024-09-25 15:20:39: Epoch[035/100], iter[235/392], loss_total:0.13046, loss_equ:0.30163 loss_pq_vm:0.00245 loss_pq_va:0.03943 loss_pv_va:0.03641
INFO|2024-09-25 15:20:51: Epoch[035/100], iter[274/392], loss_total:0.10437, loss_equ:0.21690 loss_pq_vm:0.00179 loss_pq_va:0.03242 loss_pv_va:0.03237
INFO|2024-09-25 15:21:04: Epoch[035/100], iter[313/392], loss_total:0.10323, loss_equ:0.21707 loss_pq_vm:0.00180 loss_pq_va:0.03126 loss_pv_va:0.03228
INFO|2024-09-25 15:21:15: Epoch[035/100], iter[352/392], loss_total:0.09395, loss_equ:0.21457 loss_pq_vm:0.00180 loss_pq_va:0.02706 loss_pv_va:0.02748
INFO|2024-09-25 15:21:27: Epoch[035/100], iter[392/392], loss_total:0.09619, loss_equ:0.21372 loss_pq_vm:0.00175 loss_pq_va:0.02853 loss_pv_va:0.02884
INFO|2024-09-25 15:22:15: Epoch 34/100, lr:  0.00072973, eta: 3.06h, train_loss:  0.10129, valid_loss:  0.11129
INFO|2024-09-25 15:22:15: 	Train: PQ_Vm_rmse: 0.00282961  PQ_Va_rmse: 0.04249446  PV_Va_rmse: 0.04228727  delta_p: 0.14753388  delta_q: 0.04023123  
INFO|2024-09-25 15:22:15: 	ZTest: PQ_Vm_rmse: 0.00324159  PQ_Va_rmse: 0.05140838  PV_Va_rmse: 0.05061182  delta_p: 0.15835352  delta_q: 0.04288708  
INFO|2024-09-25 15:22:15: 	ZTest-ema: PQ_Vm_rmse: 0.003171  PQ_Va_rmse: 0.050916  PV_Va_rmse: 0.049996  delta_p: 0.147134  delta_q: 0.040328  
INFO|2024-09-25 15:22:15: 	           ValOfEMA:0.050916/0.050916,  Epoch:35/35
INFO|2024-09-25 15:22:21: 	Time(ep):169s,  Val(curr/best):0.051408/0.051408,  Epoch(curr/best):35/35
INFO|2024-09-25 15:22:21: -------------------- Epoch: 36 --------------------
INFO|2024-09-25 15:22:35: Epoch[036/100], iter[040/392], loss_total:0.11401, loss_equ:0.27841 loss_pq_vm:0.00286 loss_pq_va:0.02866 loss_pv_va:0.02893
INFO|2024-09-25 15:22:47: Epoch[036/100], iter[079/392], loss_total:0.11110, loss_equ:0.24034 loss_pq_vm:0.00241 loss_pq_va:0.03126 loss_pv_va:0.03172
INFO|2024-09-25 15:22:59: Epoch[036/100], iter[118/392], loss_total:0.09875, loss_equ:0.20524 loss_pq_vm:0.00187 loss_pq_va:0.02939 loss_pv_va:0.03013
INFO|2024-09-25 15:23:11: Epoch[036/100], iter[157/392], loss_total:0.09828, loss_equ:0.19834 loss_pq_vm:0.00182 loss_pq_va:0.03018 loss_pv_va:0.03007
INFO|2024-09-25 15:23:22: Epoch[036/100], iter[196/392], loss_total:0.10354, loss_equ:0.20611 loss_pq_vm:0.00190 loss_pq_va:0.03172 loss_pv_va:0.03220
INFO|2024-09-25 15:23:34: Epoch[036/100], iter[235/392], loss_total:0.09513, loss_equ:0.20409 loss_pq_vm:0.00171 loss_pq_va:0.02867 loss_pv_va:0.02891
INFO|2024-09-25 15:23:47: Epoch[036/100], iter[274/392], loss_total:0.09535, loss_equ:0.19926 loss_pq_vm:0.00188 loss_pq_va:0.02796 loss_pv_va:0.02865
INFO|2024-09-25 15:23:59: Epoch[036/100], iter[313/392], loss_total:0.10023, loss_equ:0.20616 loss_pq_vm:0.00174 loss_pq_va:0.03125 loss_pv_va:0.03093
INFO|2024-09-25 15:24:11: Epoch[036/100], iter[352/392], loss_total:0.10740, loss_equ:0.22138 loss_pq_vm:0.00188 loss_pq_va:0.03328 loss_pv_va:0.03316
INFO|2024-09-25 15:24:23: Epoch[036/100], iter[392/392], loss_total:0.11651, loss_equ:0.23459 loss_pq_vm:0.00225 loss_pq_va:0.03583 loss_pv_va:0.03471
INFO|2024-09-25 15:25:11: Epoch 35/100, lr:  0.00071576, eta: 3.02h, train_loss:  0.10098, valid_loss:  0.13557
INFO|2024-09-25 15:25:11: 	Train: PQ_Vm_rmse: 0.00277807  PQ_Va_rmse: 0.04285488  PV_Va_rmse: 0.04259949  delta_p: 0.14250369  delta_q: 0.03914069  
INFO|2024-09-25 15:25:11: 	ZTest: PQ_Vm_rmse: 0.00382587  PQ_Va_rmse: 0.05656352  PV_Va_rmse: 0.05554866  delta_p: 0.23546282  delta_q: 0.05461797  
INFO|2024-09-25 15:25:11: 	ZTest-ema: PQ_Vm_rmse: 0.003138  PQ_Va_rmse: 0.050961  PV_Va_rmse: 0.050018  delta_p: 0.144564  delta_q: 0.039929  
INFO|2024-09-25 15:25:11: 	           ValOfEMA:0.050961/0.050916,  Epoch:36/35
INFO|2024-09-25 15:25:12: 	Time(ep):169s,  Val(curr/best):0.056564/0.051408,  Epoch(curr/best):36/35
INFO|2024-09-25 15:25:12: -------------------- Epoch: 37 --------------------
INFO|2024-09-25 15:25:25: Epoch[037/100], iter[040/392], loss_total:0.09538, loss_equ:0.20658 loss_pq_vm:0.00177 loss_pq_va:0.02812 loss_pv_va:0.02891
INFO|2024-09-25 15:25:37: Epoch[037/100], iter[079/392], loss_total:0.09498, loss_equ:0.20320 loss_pq_vm:0.00189 loss_pq_va:0.02791 loss_pv_va:0.02789
INFO|2024-09-25 15:25:48: Epoch[037/100], iter[118/392], loss_total:0.09933, loss_equ:0.21354 loss_pq_vm:0.00221 loss_pq_va:0.02764 loss_pv_va:0.02821
INFO|2024-09-25 15:26:00: Epoch[037/100], iter[157/392], loss_total:0.10927, loss_equ:0.25142 loss_pq_vm:0.00238 loss_pq_va:0.03009 loss_pv_va:0.03023
INFO|2024-09-25 15:26:11: Epoch[037/100], iter[196/392], loss_total:0.10505, loss_equ:0.24196 loss_pq_vm:0.00196 loss_pq_va:0.03062 loss_pv_va:0.03068
INFO|2024-09-25 15:26:23: Epoch[037/100], iter[235/392], loss_total:0.09259, loss_equ:0.20876 loss_pq_vm:0.00193 loss_pq_va:0.02592 loss_pv_va:0.02653
INFO|2024-09-25 15:26:35: Epoch[037/100], iter[274/392], loss_total:0.10449, loss_equ:0.21568 loss_pq_vm:0.00240 loss_pq_va:0.02932 loss_pv_va:0.02958
INFO|2024-09-25 15:26:47: Epoch[037/100], iter[313/392], loss_total:0.09936, loss_equ:0.20308 loss_pq_vm:0.00176 loss_pq_va:0.03028 loss_pv_va:0.03115
INFO|2024-09-25 15:26:58: Epoch[037/100], iter[352/392], loss_total:0.09718, loss_equ:0.19896 loss_pq_vm:0.00176 loss_pq_va:0.02972 loss_pv_va:0.02993
INFO|2024-09-25 15:27:10: Epoch[037/100], iter[392/392], loss_total:0.09660, loss_equ:0.20325 loss_pq_vm:0.00187 loss_pq_va:0.02909 loss_pv_va:0.02850
INFO|2024-09-25 15:27:58: Epoch 36/100, lr:  0.00070159, eta: 2.91h, train_loss:  0.10018, valid_loss:  0.11377
INFO|2024-09-25 15:27:58: 	Train: PQ_Vm_rmse: 0.00282311  PQ_Va_rmse: 0.04200150  PV_Va_rmse: 0.04188186  delta_p: 0.14033820  delta_q: 0.03961176  
INFO|2024-09-25 15:27:58: 	ZTest: PQ_Vm_rmse: 0.00317372  PQ_Va_rmse: 0.05239069  PV_Va_rmse: 0.05232089  delta_p: 0.15022366  delta_q: 0.04121330  
INFO|2024-09-25 15:27:58: 	ZTest-ema: PQ_Vm_rmse: 0.003125  PQ_Va_rmse: 0.050547  PV_Va_rmse: 0.049654  delta_p: 0.144045  delta_q: 0.039874  
INFO|2024-09-25 15:27:58: 	           ValOfEMA:0.050547/0.050547,  Epoch:37/37
INFO|2024-09-25 15:27:59: 	Time(ep):166s,  Val(curr/best):0.052391/0.051408,  Epoch(curr/best):37/35
INFO|2024-09-25 15:27:59: -------------------- Epoch: 38 --------------------
INFO|2024-09-25 15:28:12: Epoch[038/100], iter[040/392], loss_total:0.09163, loss_equ:0.21083 loss_pq_vm:0.00171 loss_pq_va:0.02655 loss_pv_va:0.02691
INFO|2024-09-25 15:28:24: Epoch[038/100], iter[079/392], loss_total:0.10041, loss_equ:0.19775 loss_pq_vm:0.00180 loss_pq_va:0.03126 loss_pv_va:0.03134
INFO|2024-09-25 15:28:35: Epoch[038/100], iter[118/392], loss_total:0.09450, loss_equ:0.19728 loss_pq_vm:0.00178 loss_pq_va:0.02818 loss_pv_va:0.02876
INFO|2024-09-25 15:28:47: Epoch[038/100], iter[157/392], loss_total:0.09817, loss_equ:0.19850 loss_pq_vm:0.00177 loss_pq_va:0.03011 loss_pv_va:0.03048
INFO|2024-09-25 15:28:58: Epoch[038/100], iter[196/392], loss_total:0.09973, loss_equ:0.20702 loss_pq_vm:0.00198 loss_pq_va:0.02984 loss_pv_va:0.02941
INFO|2024-09-25 15:29:10: Epoch[038/100], iter[235/392], loss_total:0.10343, loss_equ:0.20955 loss_pq_vm:0.00176 loss_pq_va:0.03217 loss_pv_va:0.03269
INFO|2024-09-25 15:29:22: Epoch[038/100], iter[274/392], loss_total:0.10111, loss_equ:0.28959 loss_pq_vm:0.00178 loss_pq_va:0.02702 loss_pv_va:0.02730
INFO|2024-09-25 15:29:34: Epoch[038/100], iter[313/392], loss_total:0.10330, loss_equ:0.21265 loss_pq_vm:0.00187 loss_pq_va:0.03142 loss_pv_va:0.03190
INFO|2024-09-25 15:29:45: Epoch[038/100], iter[352/392], loss_total:0.09418, loss_equ:0.21295 loss_pq_vm:0.00174 loss_pq_va:0.02764 loss_pv_va:0.02789
INFO|2024-09-25 15:29:57: Epoch[038/100], iter[392/392], loss_total:0.09564, loss_equ:0.22820 loss_pq_vm:0.00175 loss_pq_va:0.02737 loss_pv_va:0.02792
INFO|2024-09-25 15:30:46: Epoch 37/100, lr:  0.00068722, eta: 2.87h, train_loss:  0.09727, valid_loss:  0.11257
INFO|2024-09-25 15:30:46: 	Train: PQ_Vm_rmse: 0.00268869  PQ_Va_rmse: 0.04109919  PV_Va_rmse: 0.04089436  delta_p: 0.14264247  delta_q: 0.03790683  
INFO|2024-09-25 15:30:46: 	ZTest: PQ_Vm_rmse: 0.00317667  PQ_Va_rmse: 0.05257142  PV_Va_rmse: 0.05153575  delta_p: 0.16034850  delta_q: 0.04221906  
INFO|2024-09-25 15:30:46: 	ZTest-ema: PQ_Vm_rmse: 0.003099  PQ_Va_rmse: 0.050045  PV_Va_rmse: 0.049142  delta_p: 0.145107  delta_q: 0.039759  
INFO|2024-09-25 15:30:46: 	           ValOfEMA:0.050045/0.050045,  Epoch:38/38
INFO|2024-09-25 15:30:46: 	Time(ep):166s,  Val(curr/best):0.052571/0.051408,  Epoch(curr/best):38/35
INFO|2024-09-25 15:30:46: -------------------- Epoch: 39 --------------------
INFO|2024-09-25 15:30:59: Epoch[039/100], iter[040/392], loss_total:0.09254, loss_equ:0.21168 loss_pq_vm:0.00176 loss_pq_va:0.02682 loss_pv_va:0.02696
INFO|2024-09-25 15:31:11: Epoch[039/100], iter[079/392], loss_total:0.09833, loss_equ:0.21250 loss_pq_vm:0.00239 loss_pq_va:0.02616 loss_pv_va:0.02697
INFO|2024-09-25 15:31:23: Epoch[039/100], iter[118/392], loss_total:0.09538, loss_equ:0.22312 loss_pq_vm:0.00194 loss_pq_va:0.02674 loss_pv_va:0.02697
INFO|2024-09-25 15:31:34: Epoch[039/100], iter[157/392], loss_total:0.10476, loss_equ:0.27841 loss_pq_vm:0.00204 loss_pq_va:0.02762 loss_pv_va:0.02887
INFO|2024-09-25 15:31:46: Epoch[039/100], iter[196/392], loss_total:0.09440, loss_equ:0.24677 loss_pq_vm:0.00191 loss_pq_va:0.02497 loss_pv_va:0.02567
INFO|2024-09-25 15:31:58: Epoch[039/100], iter[235/392], loss_total:0.09006, loss_equ:0.20483 loss_pq_vm:0.00173 loss_pq_va:0.02571 loss_pv_va:0.02655
INFO|2024-09-25 15:32:09: Epoch[039/100], iter[274/392], loss_total:0.10432, loss_equ:0.24504 loss_pq_vm:0.00260 loss_pq_va:0.02695 loss_pv_va:0.02684
INFO|2024-09-25 15:32:21: Epoch[039/100], iter[313/392], loss_total:0.10182, loss_equ:0.22585 loss_pq_vm:0.00189 loss_pq_va:0.03049 loss_pv_va:0.02988
INFO|2024-09-25 15:32:32: Epoch[039/100], iter[352/392], loss_total:0.09706, loss_equ:0.19834 loss_pq_vm:0.00177 loss_pq_va:0.02967 loss_pv_va:0.02982
INFO|2024-09-25 15:32:44: Epoch[039/100], iter[392/392], loss_total:0.09811, loss_equ:0.19916 loss_pq_vm:0.00182 loss_pq_va:0.02977 loss_pv_va:0.03026
INFO|2024-09-25 15:33:33: Epoch 38/100, lr:  0.00067268, eta: 2.83h, train_loss:  0.09930, valid_loss:  0.11563
INFO|2024-09-25 15:33:33: 	Train: PQ_Vm_rmse: 0.00277914  PQ_Va_rmse: 0.04130836  PV_Va_rmse: 0.04124193  delta_p: 0.14449814  delta_q: 0.03984417  
INFO|2024-09-25 15:33:33: 	ZTest: PQ_Vm_rmse: 0.00325712  PQ_Va_rmse: 0.05429998  PV_Va_rmse: 0.05357935  delta_p: 0.14998268  delta_q: 0.04130069  
INFO|2024-09-25 15:33:33: 	ZTest-ema: PQ_Vm_rmse: 0.003085  PQ_Va_rmse: 0.050009  PV_Va_rmse: 0.049142  delta_p: 0.143162  delta_q: 0.039542  
INFO|2024-09-25 15:33:33: 	           ValOfEMA:0.050009/0.050009,  Epoch:39/39
INFO|2024-09-25 15:33:34: 	Time(ep):166s,  Val(curr/best):0.054300/0.051408,  Epoch(curr/best):39/35
INFO|2024-09-25 15:33:34: -------------------- Epoch: 40 --------------------
INFO|2024-09-25 15:33:47: Epoch[040/100], iter[040/392], loss_total:0.09479, loss_equ:0.19354 loss_pq_vm:0.00181 loss_pq_va:0.02823 loss_pv_va:0.02914
INFO|2024-09-25 15:33:58: Epoch[040/100], iter[079/392], loss_total:0.09586, loss_equ:0.20285 loss_pq_vm:0.00187 loss_pq_va:0.02825 loss_pv_va:0.02862
INFO|2024-09-25 15:34:10: Epoch[040/100], iter[118/392], loss_total:0.09847, loss_equ:0.20460 loss_pq_vm:0.00209 loss_pq_va:0.02852 loss_pv_va:0.02856
INFO|2024-09-25 15:34:22: Epoch[040/100], iter[157/392], loss_total:0.09551, loss_equ:0.20985 loss_pq_vm:0.00166 loss_pq_va:0.02859 loss_pv_va:0.02935
INFO|2024-09-25 15:34:33: Epoch[040/100], iter[196/392], loss_total:0.09681, loss_equ:0.20148 loss_pq_vm:0.00169 loss_pq_va:0.02954 loss_pv_va:0.03021
INFO|2024-09-25 15:34:45: Epoch[040/100], iter[235/392], loss_total:0.09536, loss_equ:0.20275 loss_pq_vm:0.00166 loss_pq_va:0.02954 loss_pv_va:0.02895
INFO|2024-09-25 15:34:56: Epoch[040/100], iter[274/392], loss_total:0.10074, loss_equ:0.21545 loss_pq_vm:0.00172 loss_pq_va:0.03067 loss_pv_va:0.03132
INFO|2024-09-25 15:35:08: Epoch[040/100], iter[313/392], loss_total:0.09887, loss_equ:0.21000 loss_pq_vm:0.00177 loss_pq_va:0.03001 loss_pv_va:0.03020
INFO|2024-09-25 15:35:20: Epoch[040/100], iter[352/392], loss_total:0.09784, loss_equ:0.24037 loss_pq_vm:0.00186 loss_pq_va:0.02733 loss_pv_va:0.02788
INFO|2024-09-25 15:35:32: Epoch[040/100], iter[392/392], loss_total:0.09629, loss_equ:0.20338 loss_pq_vm:0.00175 loss_pq_va:0.02892 loss_pv_va:0.02951
INFO|2024-09-25 15:36:20: Epoch 39/100, lr:  0.00065796, eta: 2.77h, train_loss:  0.09585, valid_loss:  0.11517
INFO|2024-09-25 15:36:20: 	Train: PQ_Vm_rmse: 0.00264149  PQ_Va_rmse: 0.04073848  PV_Va_rmse: 0.04058877  delta_p: 0.13531056  delta_q: 0.03729995  
INFO|2024-09-25 15:36:20: 	ZTest: PQ_Vm_rmse: 0.00323157  PQ_Va_rmse: 0.05244842  PV_Va_rmse: 0.05180593  delta_p: 0.15398115  delta_q: 0.04242798  
INFO|2024-09-25 15:36:20: 	ZTest-ema: PQ_Vm_rmse: 0.003057  PQ_Va_rmse: 0.049625  PV_Va_rmse: 0.048767  delta_p: 0.142569  delta_q: 0.039329  
INFO|2024-09-25 15:36:20: 	           ValOfEMA:0.049625/0.049625,  Epoch:40/40
INFO|2024-09-25 15:36:21: 	Time(ep):166s,  Val(curr/best):0.052448/0.051408,  Epoch(curr/best):40/35
INFO|2024-09-25 15:36:21: -------------------- Epoch: 41 --------------------
INFO|2024-09-25 15:36:34: Epoch[041/100], iter[040/392], loss_total:0.09230, loss_equ:0.19456 loss_pq_vm:0.00170 loss_pq_va:0.02791 loss_pv_va:0.02798
INFO|2024-09-25 15:36:46: Epoch[041/100], iter[079/392], loss_total:0.10009, loss_equ:0.19687 loss_pq_vm:0.00171 loss_pq_va:0.03146 loss_pv_va:0.03183
INFO|2024-09-25 15:36:57: Epoch[041/100], iter[118/392], loss_total:0.09668, loss_equ:0.21702 loss_pq_vm:0.00207 loss_pq_va:0.02673 loss_pv_va:0.02751
INFO|2024-09-25 15:37:09: Epoch[041/100], iter[157/392], loss_total:0.09162, loss_equ:0.19652 loss_pq_vm:0.00168 loss_pq_va:0.02737 loss_pv_va:0.02784
INFO|2024-09-25 15:37:21: Epoch[041/100], iter[196/392], loss_total:0.10661, loss_equ:0.21501 loss_pq_vm:0.00185 loss_pq_va:0.03305 loss_pv_va:0.03358
INFO|2024-09-25 15:37:32: Epoch[041/100], iter[235/392], loss_total:0.09718, loss_equ:0.20814 loss_pq_vm:0.00199 loss_pq_va:0.02773 loss_pv_va:0.02874
INFO|2024-09-25 15:37:44: Epoch[041/100], iter[274/392], loss_total:0.09165, loss_equ:0.20395 loss_pq_vm:0.00168 loss_pq_va:0.02686 loss_pv_va:0.02757
INFO|2024-09-25 15:37:55: Epoch[041/100], iter[313/392], loss_total:0.09425, loss_equ:0.20013 loss_pq_vm:0.00171 loss_pq_va:0.02835 loss_pv_va:0.02876
INFO|2024-09-25 15:38:07: Epoch[041/100], iter[352/392], loss_total:0.10430, loss_equ:0.22684 loss_pq_vm:0.00186 loss_pq_va:0.03137 loss_pv_va:0.03160
INFO|2024-09-25 15:38:19: Epoch[041/100], iter[392/392], loss_total:0.09990, loss_equ:0.24561 loss_pq_vm:0.00213 loss_pq_va:0.02699 loss_pv_va:0.02703
INFO|2024-09-25 15:39:08: Epoch 40/100, lr:  0.00064310, eta: 2.73h, train_loss:  0.09675, valid_loss:  0.11308
INFO|2024-09-25 15:39:08: 	Train: PQ_Vm_rmse: 0.00268560  PQ_Va_rmse: 0.04056665  PV_Va_rmse: 0.04051313  delta_p: 0.13943378  delta_q: 0.03822018  
INFO|2024-09-25 15:39:08: 	ZTest: PQ_Vm_rmse: 0.00325314  PQ_Va_rmse: 0.05087006  PV_Va_rmse: 0.05022865  delta_p: 0.16470782  delta_q: 0.04586627  
INFO|2024-09-25 15:39:08: 	ZTest-ema: PQ_Vm_rmse: 0.003050  PQ_Va_rmse: 0.049464  PV_Va_rmse: 0.048631  delta_p: 0.142296  delta_q: 0.039263  
INFO|2024-09-25 15:39:08: 	           ValOfEMA:0.049464/0.049464,  Epoch:41/41
INFO|2024-09-25 15:39:09: 	Time(ep):166s,  Val(curr/best):0.050870/0.050870,  Epoch(curr/best):41/41
INFO|2024-09-25 15:39:09: -------------------- Epoch: 42 --------------------
INFO|2024-09-25 15:39:22: Epoch[042/100], iter[040/392], loss_total:0.09266, loss_equ:0.20044 loss_pq_vm:0.00180 loss_pq_va:0.02704 loss_pv_va:0.02759
INFO|2024-09-25 15:39:34: Epoch[042/100], iter[079/392], loss_total:0.09213, loss_equ:0.19987 loss_pq_vm:0.00194 loss_pq_va:0.02619 loss_pv_va:0.02651
INFO|2024-09-25 15:39:45: Epoch[042/100], iter[118/392], loss_total:0.09565, loss_equ:0.21930 loss_pq_vm:0.00179 loss_pq_va:0.02802 loss_pv_va:0.02785
INFO|2024-09-25 15:39:57: Epoch[042/100], iter[157/392], loss_total:0.10018, loss_equ:0.20626 loss_pq_vm:0.00174 loss_pq_va:0.03068 loss_pv_va:0.03149
INFO|2024-09-25 15:40:08: Epoch[042/100], iter[196/392], loss_total:0.08719, loss_equ:0.22452 loss_pq_vm:0.00172 loss_pq_va:0.02345 loss_pv_va:0.02407
INFO|2024-09-25 15:40:20: Epoch[042/100], iter[235/392], loss_total:0.10328, loss_equ:0.20350 loss_pq_vm:0.00171 loss_pq_va:0.03265 loss_pv_va:0.03322
INFO|2024-09-25 15:40:32: Epoch[042/100], iter[274/392], loss_total:0.09801, loss_equ:0.21906 loss_pq_vm:0.00231 loss_pq_va:0.02656 loss_pv_va:0.02640
INFO|2024-09-25 15:40:43: Epoch[042/100], iter[313/392], loss_total:0.11063, loss_equ:0.22877 loss_pq_vm:0.00189 loss_pq_va:0.03414 loss_pv_va:0.03471
INFO|2024-09-25 15:40:55: Epoch[042/100], iter[352/392], loss_total:0.09024, loss_equ:0.22208 loss_pq_vm:0.00171 loss_pq_va:0.02532 loss_pv_va:0.02560
INFO|2024-09-25 15:41:07: Epoch[042/100], iter[392/392], loss_total:0.09855, loss_equ:0.23709 loss_pq_vm:0.00192 loss_pq_va:0.02770 loss_pv_va:0.02791
INFO|2024-09-25 15:41:56: Epoch 41/100, lr:  0.00062810, eta: 2.69h, train_loss:  0.09483, valid_loss:  0.11667
INFO|2024-09-25 15:41:56: 	Train: PQ_Vm_rmse: 0.00270322  PQ_Va_rmse: 0.03897296  PV_Va_rmse: 0.03901529  delta_p: 0.14324410  delta_q: 0.03883208  
INFO|2024-09-25 15:41:56: 	ZTest: PQ_Vm_rmse: 0.00371135  PQ_Va_rmse: 0.04936186  PV_Va_rmse: 0.04858927  delta_p: 0.16650577  delta_q: 0.05066521  
INFO|2024-09-25 15:41:56: 	ZTest-ema: PQ_Vm_rmse: 0.003035  PQ_Va_rmse: 0.048907  PV_Va_rmse: 0.048091  delta_p: 0.143628  delta_q: 0.039278  
INFO|2024-09-25 15:41:56: 	           ValOfEMA:0.048907/0.048907,  Epoch:42/42
INFO|2024-09-25 15:41:57: 	Time(ep):167s,  Val(curr/best):0.049362/0.049362,  Epoch(curr/best):42/42
INFO|2024-09-25 15:41:57: -------------------- Epoch: 43 --------------------
INFO|2024-09-25 15:42:11: Epoch[043/100], iter[040/392], loss_total:0.09362, loss_equ:0.20199 loss_pq_vm:0.00176 loss_pq_va:0.02760 loss_pv_va:0.02826
INFO|2024-09-25 15:42:22: Epoch[043/100], iter[079/392], loss_total:0.09039, loss_equ:0.19255 loss_pq_vm:0.00172 loss_pq_va:0.02671 loss_pv_va:0.02721
INFO|2024-09-25 15:42:34: Epoch[043/100], iter[118/392], loss_total:0.09277, loss_equ:0.19747 loss_pq_vm:0.00176 loss_pq_va:0.02750 loss_pv_va:0.02788
INFO|2024-09-25 15:42:46: Epoch[043/100], iter[157/392], loss_total:0.08985, loss_equ:0.19055 loss_pq_vm:0.00170 loss_pq_va:0.02663 loss_pv_va:0.02721
INFO|2024-09-25 15:42:58: Epoch[043/100], iter[196/392], loss_total:0.08773, loss_equ:0.18820 loss_pq_vm:0.00164 loss_pq_va:0.02604 loss_pv_va:0.02645
INFO|2024-09-25 15:43:10: Epoch[043/100], iter[235/392], loss_total:0.09249, loss_equ:0.19287 loss_pq_vm:0.00183 loss_pq_va:0.02723 loss_pv_va:0.02770
INFO|2024-09-25 15:43:21: Epoch[043/100], iter[274/392], loss_total:0.09073, loss_equ:0.19018 loss_pq_vm:0.00171 loss_pq_va:0.02716 loss_pv_va:0.02747
INFO|2024-09-25 15:43:33: Epoch[043/100], iter[313/392], loss_total:0.09155, loss_equ:0.19224 loss_pq_vm:0.00178 loss_pq_va:0.02698 loss_pv_va:0.02755
INFO|2024-09-25 15:43:45: Epoch[043/100], iter[352/392], loss_total:0.09480, loss_equ:0.19630 loss_pq_vm:0.00180 loss_pq_va:0.02843 loss_pv_va:0.02878
INFO|2024-09-25 15:43:57: Epoch[043/100], iter[392/392], loss_total:0.10566, loss_equ:0.24525 loss_pq_vm:0.00191 loss_pq_va:0.03085 loss_pv_va:0.03120
INFO|2024-09-25 15:44:47: Epoch 42/100, lr:  0.00061298, eta: 2.68h, train_loss:  0.09392, valid_loss:  0.11909
INFO|2024-09-25 15:44:47: 	Train: PQ_Vm_rmse: 0.00258732  PQ_Va_rmse: 0.03988134  PV_Va_rmse: 0.03986902  delta_p: 0.13145320  delta_q: 0.03659088  
INFO|2024-09-25 15:44:47: 	ZTest: PQ_Vm_rmse: 0.00335782  PQ_Va_rmse: 0.05298254  PV_Va_rmse: 0.05269154  delta_p: 0.16980831  delta_q: 0.04676951  
INFO|2024-09-25 15:44:47: 	ZTest-ema: PQ_Vm_rmse: 0.003013  PQ_Va_rmse: 0.049181  PV_Va_rmse: 0.048361  delta_p: 0.139958  delta_q: 0.038871  
INFO|2024-09-25 15:44:47: 	           ValOfEMA:0.049181/0.048907,  Epoch:43/42
INFO|2024-09-25 15:44:47: 	Time(ep):169s,  Val(curr/best):0.052983/0.049362,  Epoch(curr/best):43/42
INFO|2024-09-25 15:44:47: -------------------- Epoch: 44 --------------------
INFO|2024-09-25 15:45:01: Epoch[044/100], iter[040/392], loss_total:0.09504, loss_equ:0.20724 loss_pq_vm:0.00212 loss_pq_va:0.02621 loss_pv_va:0.02693
INFO|2024-09-25 15:45:13: Epoch[044/100], iter[079/392], loss_total:0.09103, loss_equ:0.21660 loss_pq_vm:0.00195 loss_pq_va:0.02480 loss_pv_va:0.02503
INFO|2024-09-25 15:45:25: Epoch[044/100], iter[118/392], loss_total:0.11159, loss_equ:0.21938 loss_pq_vm:0.00193 loss_pq_va:0.03515 loss_pv_va:0.03525
INFO|2024-09-25 15:45:36: Epoch[044/100], iter[157/392], loss_total:0.09203, loss_equ:0.20039 loss_pq_vm:0.00180 loss_pq_va:0.02670 loss_pv_va:0.02733
INFO|2024-09-25 15:45:48: Epoch[044/100], iter[196/392], loss_total:0.09348, loss_equ:0.20010 loss_pq_vm:0.00163 loss_pq_va:0.02870 loss_pv_va:0.02851
INFO|2024-09-25 15:46:00: Epoch[044/100], iter[235/392], loss_total:0.09423, loss_equ:0.19223 loss_pq_vm:0.00165 loss_pq_va:0.02925 loss_pv_va:0.02926
INFO|2024-09-25 15:46:13: Epoch[044/100], iter[274/392], loss_total:0.09136, loss_equ:0.20446 loss_pq_vm:0.00166 loss_pq_va:0.02702 loss_pv_va:0.02730
INFO|2024-09-25 15:46:25: Epoch[044/100], iter[313/392], loss_total:0.09183, loss_equ:0.19804 loss_pq_vm:0.00179 loss_pq_va:0.02676 loss_pv_va:0.02735
INFO|2024-09-25 15:46:37: Epoch[044/100], iter[352/392], loss_total:0.09521, loss_equ:0.19715 loss_pq_vm:0.00164 loss_pq_va:0.02953 loss_pv_va:0.02954
INFO|2024-09-25 15:46:49: Epoch[044/100], iter[392/392], loss_total:0.09614, loss_equ:0.20437 loss_pq_vm:0.00175 loss_pq_va:0.02931 loss_pv_va:0.02894
INFO|2024-09-25 15:47:37: Epoch 43/100, lr:  0.00059775, eta: 2.65h, train_loss:  0.09283, valid_loss:  0.10723
INFO|2024-09-25 15:47:37: 	Train: PQ_Vm_rmse: 0.00257700  PQ_Va_rmse: 0.03919248  PV_Va_rmse: 0.03904733  delta_p: 0.13383657  delta_q: 0.03657982  
INFO|2024-09-25 15:47:37: 	ZTest: PQ_Vm_rmse: 0.00307384  PQ_Va_rmse: 0.04955284  PV_Va_rmse: 0.04890745  delta_p: 0.14655200  delta_q: 0.04049834  
INFO|2024-09-25 15:47:37: 	ZTest-ema: PQ_Vm_rmse: 0.002994  PQ_Va_rmse: 0.048795  PV_Va_rmse: 0.047976  delta_p: 0.140169  delta_q: 0.038794  
INFO|2024-09-25 15:47:37: 	           ValOfEMA:0.048795/0.048795,  Epoch:44/44
INFO|2024-09-25 15:47:38: 	Time(ep):170s,  Val(curr/best):0.049553/0.049362,  Epoch(curr/best):44/42
INFO|2024-09-25 15:47:38: -------------------- Epoch: 45 --------------------
INFO|2024-09-25 15:47:52: Epoch[045/100], iter[040/392], loss_total:0.09272, loss_equ:0.19908 loss_pq_vm:0.00166 loss_pq_va:0.02798 loss_pv_va:0.02827
INFO|2024-09-25 15:48:04: Epoch[045/100], iter[079/392], loss_total:0.08677, loss_equ:0.20341 loss_pq_vm:0.00163 loss_pq_va:0.02498 loss_pv_va:0.02514
INFO|2024-09-25 15:48:16: Epoch[045/100], iter[118/392], loss_total:0.09217, loss_equ:0.19745 loss_pq_vm:0.00175 loss_pq_va:0.02717 loss_pv_va:0.02775
INFO|2024-09-25 15:48:28: Epoch[045/100], iter[157/392], loss_total:0.09403, loss_equ:0.21317 loss_pq_vm:0.00225 loss_pq_va:0.02489 loss_pv_va:0.02532
INFO|2024-09-25 15:48:40: Epoch[045/100], iter[196/392], loss_total:0.09380, loss_equ:0.21041 loss_pq_vm:0.00181 loss_pq_va:0.02695 loss_pv_va:0.02772
INFO|2024-09-25 15:48:52: Epoch[045/100], iter[235/392], loss_total:0.09308, loss_equ:0.21062 loss_pq_vm:0.00170 loss_pq_va:0.02743 loss_pv_va:0.02762
INFO|2024-09-25 15:49:04: Epoch[045/100], iter[274/392], loss_total:0.08699, loss_equ:0.20216 loss_pq_vm:0.00170 loss_pq_va:0.02460 loss_pv_va:0.02517
INFO|2024-09-25 15:49:16: Epoch[045/100], iter[313/392], loss_total:0.08721, loss_equ:0.20929 loss_pq_vm:0.00184 loss_pq_va:0.02374 loss_pv_va:0.02417
INFO|2024-09-25 15:49:27: Epoch[045/100], iter[352/392], loss_total:0.08900, loss_equ:0.21385 loss_pq_vm:0.00179 loss_pq_va:0.02467 loss_pv_va:0.02505
INFO|2024-09-25 15:49:40: Epoch[045/100], iter[392/392], loss_total:0.09241, loss_equ:0.22286 loss_pq_vm:0.00205 loss_pq_va:0.02447 loss_pv_va:0.02513
INFO|2024-09-25 15:50:28: Epoch 44/100, lr:  0.00058244, eta: 2.59h, train_loss:  0.09296, valid_loss:  0.10930
INFO|2024-09-25 15:50:28: 	Train: PQ_Vm_rmse: 0.00263553  PQ_Va_rmse: 0.03806831  PV_Va_rmse: 0.03814427  delta_p: 0.14222925  delta_q: 0.03827520  
INFO|2024-09-25 15:50:28: 	ZTest: PQ_Vm_rmse: 0.00319837  PQ_Va_rmse: 0.04885453  PV_Va_rmse: 0.04844500  delta_p: 0.16590616  delta_q: 0.04341813  
INFO|2024-09-25 15:50:28: 	ZTest-ema: PQ_Vm_rmse: 0.002981  PQ_Va_rmse: 0.048269  PV_Va_rmse: 0.047491  delta_p: 0.142104  delta_q: 0.038863  
INFO|2024-09-25 15:50:28: 	           ValOfEMA:0.048269/0.048269,  Epoch:45/45
INFO|2024-09-25 15:50:29: 	Time(ep):169s,  Val(curr/best):0.048855/0.048855,  Epoch(curr/best):45/45
INFO|2024-09-25 15:50:29: -------------------- Epoch: 46 --------------------
INFO|2024-09-25 15:50:42: Epoch[046/100], iter[040/392], loss_total:0.08670, loss_equ:0.19703 loss_pq_vm:0.00166 loss_pq_va:0.02476 loss_pv_va:0.02559
INFO|2024-09-25 15:50:54: Epoch[046/100], iter[079/392], loss_total:0.08276, loss_equ:0.19591 loss_pq_vm:0.00163 loss_pq_va:0.02316 loss_pv_va:0.02369
INFO|2024-09-25 15:51:06: Epoch[046/100], iter[118/392], loss_total:0.08747, loss_equ:0.21287 loss_pq_vm:0.00197 loss_pq_va:0.02303 loss_pv_va:0.02343
INFO|2024-09-25 15:51:19: Epoch[046/100], iter[157/392], loss_total:0.09166, loss_equ:0.20484 loss_pq_vm:0.00163 loss_pq_va:0.02730 loss_pv_va:0.02758
INFO|2024-09-25 15:51:30: Epoch[046/100], iter[196/392], loss_total:0.09051, loss_equ:0.19317 loss_pq_vm:0.00174 loss_pq_va:0.02673 loss_pv_va:0.02702
INFO|2024-09-25 15:51:43: Epoch[046/100], iter[235/392], loss_total:0.09013, loss_equ:0.18839 loss_pq_vm:0.00162 loss_pq_va:0.02737 loss_pv_va:0.02776
INFO|2024-09-25 15:51:55: Epoch[046/100], iter[274/392], loss_total:0.08866, loss_equ:0.18968 loss_pq_vm:0.00160 loss_pq_va:0.02653 loss_pv_va:0.02710
INFO|2024-09-25 15:52:07: Epoch[046/100], iter[313/392], loss_total:0.09500, loss_equ:0.19306 loss_pq_vm:0.00175 loss_pq_va:0.02907 loss_pv_va:0.02909
INFO|2024-09-25 15:52:19: Epoch[046/100], iter[352/392], loss_total:0.08857, loss_equ:0.20419 loss_pq_vm:0.00181 loss_pq_va:0.02468 loss_pv_va:0.02536
INFO|2024-09-25 15:52:31: Epoch[046/100], iter[392/392], loss_total:0.08877, loss_equ:0.19681 loss_pq_vm:0.00183 loss_pq_va:0.02522 loss_pv_va:0.02559
INFO|2024-09-25 15:53:19: Epoch 45/100, lr:  0.00056704, eta: 2.55h, train_loss:  0.09124, valid_loss:  0.10573
INFO|2024-09-25 15:53:19: 	Train: PQ_Vm_rmse: 0.00255595  PQ_Va_rmse: 0.03806514  PV_Va_rmse: 0.03812976  delta_p: 0.13400254  delta_q: 0.03651135  
INFO|2024-09-25 15:53:19: 	ZTest: PQ_Vm_rmse: 0.00305923  PQ_Va_rmse: 0.04918425  PV_Va_rmse: 0.04857495  delta_p: 0.14796341  delta_q: 0.04003568  
INFO|2024-09-25 15:53:19: 	ZTest-ema: PQ_Vm_rmse: 0.002963  PQ_Va_rmse: 0.048175  PV_Va_rmse: 0.047406  delta_p: 0.140100  delta_q: 0.038620  
INFO|2024-09-25 15:53:19: 	           ValOfEMA:0.048175/0.048175,  Epoch:46/46
INFO|2024-09-25 15:53:20: 	Time(ep):170s,  Val(curr/best):0.049184/0.048855,  Epoch(curr/best):46/45
INFO|2024-09-25 15:53:20: -------------------- Epoch: 47 --------------------
INFO|2024-09-25 15:53:33: Epoch[047/100], iter[040/392], loss_total:0.09229, loss_equ:0.19359 loss_pq_vm:0.00171 loss_pq_va:0.02767 loss_pv_va:0.02820
INFO|2024-09-25 15:53:45: Epoch[047/100], iter[079/392], loss_total:0.08682, loss_equ:0.18926 loss_pq_vm:0.00167 loss_pq_va:0.02557 loss_pv_va:0.02558
INFO|2024-09-25 15:53:57: Epoch[047/100], iter[118/392], loss_total:0.09397, loss_equ:0.19089 loss_pq_vm:0.00172 loss_pq_va:0.02855 loss_pv_va:0.02911
INFO|2024-09-25 15:54:10: Epoch[047/100], iter[157/392], loss_total:0.10165, loss_equ:0.27049 loss_pq_vm:0.00234 loss_pq_va:0.02498 loss_pv_va:0.02626
INFO|2024-09-25 15:54:22: Epoch[047/100], iter[196/392], loss_total:0.09525, loss_equ:0.21097 loss_pq_vm:0.00178 loss_pq_va:0.02800 loss_pv_va:0.02834
INFO|2024-09-25 15:54:34: Epoch[047/100], iter[235/392], loss_total:0.09044, loss_equ:0.19217 loss_pq_vm:0.00164 loss_pq_va:0.02725 loss_pv_va:0.02761
INFO|2024-09-25 15:54:46: Epoch[047/100], iter[274/392], loss_total:0.09285, loss_equ:0.19579 loss_pq_vm:0.00179 loss_pq_va:0.02765 loss_pv_va:0.02772
INFO|2024-09-25 15:54:59: Epoch[047/100], iter[313/392], loss_total:0.08951, loss_equ:0.19828 loss_pq_vm:0.00168 loss_pq_va:0.02603 loss_pv_va:0.02689
INFO|2024-09-25 15:55:11: Epoch[047/100], iter[352/392], loss_total:0.08725, loss_equ:0.19006 loss_pq_vm:0.00164 loss_pq_va:0.02570 loss_pv_va:0.02614
INFO|2024-09-25 15:55:23: Epoch[047/100], iter[392/392], loss_total:0.08391, loss_equ:0.21783 loss_pq_vm:0.00165 loss_pq_va:0.02254 loss_pv_va:0.02306
INFO|2024-09-25 15:56:11: Epoch 46/100, lr:  0.00055158, eta: 2.53h, train_loss:  0.08991, valid_loss:  0.11120
INFO|2024-09-25 15:56:11: 	Train: PQ_Vm_rmse: 0.00250036  PQ_Va_rmse: 0.03787751  PV_Va_rmse: 0.03790241  delta_p: 0.12988600  delta_q: 0.03573883  
INFO|2024-09-25 15:56:11: 	ZTest: PQ_Vm_rmse: 0.00336584  PQ_Va_rmse: 0.04831953  PV_Va_rmse: 0.04771705  delta_p: 0.15957120  delta_q: 0.04527382  
INFO|2024-09-25 15:56:11: 	ZTest-ema: PQ_Vm_rmse: 0.002945  PQ_Va_rmse: 0.048024  PV_Va_rmse: 0.047258  delta_p: 0.139276  delta_q: 0.038463  
INFO|2024-09-25 15:56:11: 	           ValOfEMA:0.048024/0.048024,  Epoch:47/47
INFO|2024-09-25 15:56:12: 	Time(ep):171s,  Val(curr/best):0.048320/0.048320,  Epoch(curr/best):47/47
INFO|2024-09-25 15:56:12: -------------------- Epoch: 48 --------------------
INFO|2024-09-25 15:56:26: Epoch[048/100], iter[040/392], loss_total:0.09091, loss_equ:0.20330 loss_pq_vm:0.00166 loss_pq_va:0.02671 loss_pv_va:0.02732
INFO|2024-09-25 15:56:38: Epoch[048/100], iter[079/392], loss_total:0.10641, loss_equ:0.23664 loss_pq_vm:0.00258 loss_pq_va:0.02879 loss_pv_va:0.02816
INFO|2024-09-25 15:56:50: Epoch[048/100], iter[118/392], loss_total:0.08560, loss_equ:0.20072 loss_pq_vm:0.00174 loss_pq_va:0.02383 loss_pv_va:0.02434
INFO|2024-09-25 15:57:02: Epoch[048/100], iter[157/392], loss_total:0.08897, loss_equ:0.20727 loss_pq_vm:0.00220 loss_pq_va:0.02265 loss_pv_va:0.02360
INFO|2024-09-25 15:57:14: Epoch[048/100], iter[196/392], loss_total:0.09673, loss_equ:0.21751 loss_pq_vm:0.00188 loss_pq_va:0.02783 loss_pv_va:0.02837
INFO|2024-09-25 15:57:26: Epoch[048/100], iter[235/392], loss_total:0.08848, loss_equ:0.20053 loss_pq_vm:0.00174 loss_pq_va:0.02519 loss_pv_va:0.02588
INFO|2024-09-25 15:57:39: Epoch[048/100], iter[274/392], loss_total:0.08595, loss_equ:0.18831 loss_pq_vm:0.00160 loss_pq_va:0.02537 loss_pv_va:0.02578
INFO|2024-09-25 15:57:51: Epoch[048/100], iter[313/392], loss_total:0.09884, loss_equ:0.25062 loss_pq_vm:0.00197 loss_pq_va:0.02687 loss_pv_va:0.02721
INFO|2024-09-25 15:58:03: Epoch[048/100], iter[352/392], loss_total:0.08468, loss_equ:0.19777 loss_pq_vm:0.00163 loss_pq_va:0.02402 loss_pv_va:0.02455
INFO|2024-09-25 15:58:15: Epoch[048/100], iter[392/392], loss_total:0.09068, loss_equ:0.19245 loss_pq_vm:0.00166 loss_pq_va:0.02713 loss_pv_va:0.02771
INFO|2024-09-25 15:59:04: Epoch 47/100, lr:  0.00053608, eta: 2.48h, train_loss:  0.09101, valid_loss:  0.11069
INFO|2024-09-25 15:59:04: 	Train: PQ_Vm_rmse: 0.00258238  PQ_Va_rmse: 0.03722024  PV_Va_rmse: 0.03727551  delta_p: 0.13971379  delta_q: 0.03725939  
INFO|2024-09-25 15:59:04: 	ZTest: PQ_Vm_rmse: 0.00315060  PQ_Va_rmse: 0.05128779  PV_Va_rmse: 0.05036158  delta_p: 0.14760995  delta_q: 0.04141402  
INFO|2024-09-25 15:59:04: 	ZTest-ema: PQ_Vm_rmse: 0.002938  PQ_Va_rmse: 0.047704  PV_Va_rmse: 0.046957  delta_p: 0.140575  delta_q: 0.038516  
INFO|2024-09-25 15:59:04: 	           ValOfEMA:0.047704/0.047704,  Epoch:48/48
INFO|2024-09-25 15:59:05: 	Time(ep):171s,  Val(curr/best):0.051288/0.048320,  Epoch(curr/best):48/47
INFO|2024-09-25 15:59:05: -------------------- Epoch: 49 --------------------
INFO|2024-09-25 15:59:19: Epoch[049/100], iter[040/392], loss_total:0.10876, loss_equ:0.19484 loss_pq_vm:0.00165 loss_pq_va:0.03628 loss_pv_va:0.03653
INFO|2024-09-25 15:59:31: Epoch[049/100], iter[079/392], loss_total:0.08699, loss_equ:0.20402 loss_pq_vm:0.00183 loss_pq_va:0.02393 loss_pv_va:0.02437
INFO|2024-09-25 15:59:43: Epoch[049/100], iter[118/392], loss_total:0.08457, loss_equ:0.19433 loss_pq_vm:0.00162 loss_pq_va:0.02428 loss_pv_va:0.02463
INFO|2024-09-25 15:59:55: Epoch[049/100], iter[157/392], loss_total:0.08459, loss_equ:0.19004 loss_pq_vm:0.00173 loss_pq_va:0.02378 loss_pv_va:0.02453
INFO|2024-09-25 16:00:07: Epoch[049/100], iter[196/392], loss_total:0.08804, loss_equ:0.19187 loss_pq_vm:0.00161 loss_pq_va:0.02630 loss_pv_va:0.02644
INFO|2024-09-25 16:00:19: Epoch[049/100], iter[235/392], loss_total:0.08755, loss_equ:0.19028 loss_pq_vm:0.00163 loss_pq_va:0.02576 loss_pv_va:0.02646
INFO|2024-09-25 16:00:31: Epoch[049/100], iter[274/392], loss_total:0.08566, loss_equ:0.18913 loss_pq_vm:0.00164 loss_pq_va:0.02473 loss_pv_va:0.02562
INFO|2024-09-25 16:00:43: Epoch[049/100], iter[313/392], loss_total:0.08569, loss_equ:0.18931 loss_pq_vm:0.00163 loss_pq_va:0.02489 loss_pv_va:0.02560
INFO|2024-09-25 16:00:55: Epoch[049/100], iter[352/392], loss_total:0.08562, loss_equ:0.18353 loss_pq_vm:0.00159 loss_pq_va:0.02542 loss_pv_va:0.02600
INFO|2024-09-25 16:01:07: Epoch[049/100], iter[392/392], loss_total:0.08467, loss_equ:0.19093 loss_pq_vm:0.00166 loss_pq_va:0.02411 loss_pv_va:0.02490
INFO|2024-09-25 16:01:56: Epoch 48/100, lr:  0.00052055, eta: 2.42h, train_loss:  0.08852, valid_loss:  0.11032
INFO|2024-09-25 16:01:56: 	Train: PQ_Vm_rmse: 0.00250344  PQ_Va_rmse: 0.03701336  PV_Va_rmse: 0.03709037  delta_p: 0.12758068  delta_q: 0.03564342  
INFO|2024-09-25 16:01:56: 	ZTest: PQ_Vm_rmse: 0.00303839  PQ_Va_rmse: 0.05142061  PV_Va_rmse: 0.05054765  delta_p: 0.14438774  delta_q: 0.04060590  
INFO|2024-09-25 16:01:56: 	ZTest-ema: PQ_Vm_rmse: 0.002916  PQ_Va_rmse: 0.047631  PV_Va_rmse: 0.046894  delta_p: 0.138432  delta_q: 0.038237  
INFO|2024-09-25 16:01:56: 	           ValOfEMA:0.047631/0.047631,  Epoch:49/49
INFO|2024-09-25 16:01:57: 	Time(ep):171s,  Val(curr/best):0.051421/0.048320,  Epoch(curr/best):49/47
INFO|2024-09-25 16:01:57: -------------------- Epoch: 50 --------------------
INFO|2024-09-25 16:02:11: Epoch[050/100], iter[040/392], loss_total:0.08709, loss_equ:0.20109 loss_pq_vm:0.00187 loss_pq_va:0.02390 loss_pv_va:0.02441
INFO|2024-09-25 16:02:23: Epoch[050/100], iter[079/392], loss_total:0.09038, loss_equ:0.23836 loss_pq_vm:0.00215 loss_pq_va:0.02226 loss_pv_va:0.02284
INFO|2024-09-25 16:02:35: Epoch[050/100], iter[118/392], loss_total:0.08762, loss_equ:0.18900 loss_pq_vm:0.00167 loss_pq_va:0.02580 loss_pv_va:0.02623
INFO|2024-09-25 16:02:47: Epoch[050/100], iter[157/392], loss_total:0.08574, loss_equ:0.19323 loss_pq_vm:0.00163 loss_pq_va:0.02490 loss_pv_va:0.02519
INFO|2024-09-25 16:02:59: Epoch[050/100], iter[196/392], loss_total:0.08380, loss_equ:0.18796 loss_pq_vm:0.00163 loss_pq_va:0.02404 loss_pv_va:0.02469
INFO|2024-09-25 16:03:11: Epoch[050/100], iter[235/392], loss_total:0.08499, loss_equ:0.19235 loss_pq_vm:0.00158 loss_pq_va:0.02453 loss_pv_va:0.02543
INFO|2024-09-25 16:03:23: Epoch[050/100], iter[274/392], loss_total:0.08893, loss_equ:0.18600 loss_pq_vm:0.00158 loss_pq_va:0.02710 loss_pv_va:0.02738
INFO|2024-09-25 16:03:35: Epoch[050/100], iter[313/392], loss_total:0.08438, loss_equ:0.18694 loss_pq_vm:0.00159 loss_pq_va:0.02433 loss_pv_va:0.02545
INFO|2024-09-25 16:03:47: Epoch[050/100], iter[352/392], loss_total:0.09438, loss_equ:0.18866 loss_pq_vm:0.00163 loss_pq_va:0.02956 loss_pv_va:0.02961
INFO|2024-09-25 16:03:59: Epoch[050/100], iter[392/392], loss_total:0.09294, loss_equ:0.25364 loss_pq_vm:0.00173 loss_pq_va:0.02474 loss_pv_va:0.02549
INFO|2024-09-25 16:04:48: Epoch 49/100, lr:  0.00050500, eta: 2.37h, train_loss:  0.08752, valid_loss:  0.11160
INFO|2024-09-25 16:04:48: 	Train: PQ_Vm_rmse: 0.00248711  PQ_Va_rmse: 0.03643131  PV_Va_rmse: 0.03656314  delta_p: 0.12776430  delta_q: 0.03561680  
INFO|2024-09-25 16:04:48: 	ZTest: PQ_Vm_rmse: 0.00342654  PQ_Va_rmse: 0.04869689  PV_Va_rmse: 0.04793728  delta_p: 0.15069997  delta_q: 0.04502812  
INFO|2024-09-25 16:04:48: 	ZTest-ema: PQ_Vm_rmse: 0.002904  PQ_Va_rmse: 0.047422  PV_Va_rmse: 0.046697  delta_p: 0.138474  delta_q: 0.038175  
INFO|2024-09-25 16:04:48: 	           ValOfEMA:0.047422/0.047422,  Epoch:50/50
INFO|2024-09-25 16:04:49: 	Time(ep):170s,  Val(curr/best):0.048697/0.048320,  Epoch(curr/best):50/47
INFO|2024-09-25 16:04:49: -------------------- Epoch: 51 --------------------
INFO|2024-09-25 16:05:02: Epoch[051/100], iter[040/392], loss_total:0.09185, loss_equ:0.20315 loss_pq_vm:0.00231 loss_pq_va:0.02397 loss_pv_va:0.02448
INFO|2024-09-25 16:05:14: Epoch[051/100], iter[079/392], loss_total:0.08453, loss_equ:0.20435 loss_pq_vm:0.00170 loss_pq_va:0.02309 loss_pv_va:0.02399
INFO|2024-09-25 16:05:26: Epoch[051/100], iter[118/392], loss_total:0.07937, loss_equ:0.18998 loss_pq_vm:0.00156 loss_pq_va:0.02217 loss_pv_va:0.02256
INFO|2024-09-25 16:05:38: Epoch[051/100], iter[157/392], loss_total:0.08103, loss_equ:0.19413 loss_pq_vm:0.00159 loss_pq_va:0.02251 loss_pv_va:0.02317
INFO|2024-09-25 16:05:50: Epoch[051/100], iter[196/392], loss_total:0.08676, loss_equ:0.21924 loss_pq_vm:0.00163 loss_pq_va:0.02402 loss_pv_va:0.02448
INFO|2024-09-25 16:06:02: Epoch[051/100], iter[235/392], loss_total:0.11768, loss_equ:0.28067 loss_pq_vm:0.00220 loss_pq_va:0.03383 loss_pv_va:0.03375
INFO|2024-09-25 16:06:15: Epoch[051/100], iter[274/392], loss_total:0.09812, loss_equ:0.22670 loss_pq_vm:0.00269 loss_pq_va:0.02380 loss_pv_va:0.02470
INFO|2024-09-25 16:06:27: Epoch[051/100], iter[313/392], loss_total:0.11249, loss_equ:0.20805 loss_pq_vm:0.00176 loss_pq_va:0.03676 loss_pv_va:0.03732
INFO|2024-09-25 16:06:39: Epoch[051/100], iter[352/392], loss_total:0.08261, loss_equ:0.19136 loss_pq_vm:0.00162 loss_pq_va:0.02336 loss_pv_va:0.02395
INFO|2024-09-25 16:06:51: Epoch[051/100], iter[392/392], loss_total:0.08830, loss_equ:0.19652 loss_pq_vm:0.00180 loss_pq_va:0.02518 loss_pv_va:0.02546
INFO|2024-09-25 16:07:39: Epoch 50/100, lr:  0.00048945, eta: 2.33h, train_loss:  0.09071, valid_loss:  0.10972
INFO|2024-09-25 16:07:40: 	Train: PQ_Vm_rmse: 0.00259203  PQ_Va_rmse: 0.03682549  PV_Va_rmse: 0.03695199  delta_p: 0.13819642  delta_q: 0.03712607  
INFO|2024-09-25 16:07:40: 	ZTest: PQ_Vm_rmse: 0.00298351  PQ_Va_rmse: 0.05175703  PV_Va_rmse: 0.05068724  delta_p: 0.15286303  delta_q: 0.04001803  
INFO|2024-09-25 16:07:40: 	ZTest-ema: PQ_Vm_rmse: 0.002907  PQ_Va_rmse: 0.047394  PV_Va_rmse: 0.046664  delta_p: 0.139072  delta_q: 0.038220  
INFO|2024-09-25 16:07:40: 	           ValOfEMA:0.047394/0.047394,  Epoch:51/51
INFO|2024-09-25 16:07:40: 	Time(ep):170s,  Val(curr/best):0.051757/0.048320,  Epoch(curr/best):51/47
INFO|2024-09-25 16:07:40: -------------------- Epoch: 52 --------------------
INFO|2024-09-25 16:07:54: Epoch[052/100], iter[040/392], loss_total:0.08003, loss_equ:0.19096 loss_pq_vm:0.00163 loss_pq_va:0.02187 loss_pv_va:0.02275
INFO|2024-09-25 16:08:06: Epoch[052/100], iter[079/392], loss_total:0.08723, loss_equ:0.19888 loss_pq_vm:0.00172 loss_pq_va:0.02519 loss_pv_va:0.02499
INFO|2024-09-25 16:08:18: Epoch[052/100], iter[118/392], loss_total:0.07819, loss_equ:0.18450 loss_pq_vm:0.00161 loss_pq_va:0.02151 loss_pv_va:0.02216
INFO|2024-09-25 16:08:30: Epoch[052/100], iter[157/392], loss_total:0.08010, loss_equ:0.19218 loss_pq_vm:0.00157 loss_pq_va:0.02226 loss_pv_va:0.02290
INFO|2024-09-25 16:08:42: Epoch[052/100], iter[196/392], loss_total:0.08196, loss_equ:0.19583 loss_pq_vm:0.00178 loss_pq_va:0.02208 loss_pv_va:0.02250
INFO|2024-09-25 16:08:54: Epoch[052/100], iter[235/392], loss_total:0.08225, loss_equ:0.19153 loss_pq_vm:0.00165 loss_pq_va:0.02300 loss_pv_va:0.02356
INFO|2024-09-25 16:09:06: Epoch[052/100], iter[274/392], loss_total:0.08641, loss_equ:0.19364 loss_pq_vm:0.00162 loss_pq_va:0.02503 loss_pv_va:0.02579
INFO|2024-09-25 16:09:19: Epoch[052/100], iter[313/392], loss_total:0.08286, loss_equ:0.18510 loss_pq_vm:0.00157 loss_pq_va:0.02388 loss_pv_va:0.02482
INFO|2024-09-25 16:09:31: Epoch[052/100], iter[352/392], loss_total:0.08905, loss_equ:0.18701 loss_pq_vm:0.00157 loss_pq_va:0.02710 loss_pv_va:0.02753
INFO|2024-09-25 16:09:43: Epoch[052/100], iter[392/392], loss_total:0.08570, loss_equ:0.18858 loss_pq_vm:0.00164 loss_pq_va:0.02488 loss_pv_va:0.02555
INFO|2024-09-25 16:10:31: Epoch 51/100, lr:  0.00047392, eta: 2.27h, train_loss:  0.08623, valid_loss:  0.10531
INFO|2024-09-25 16:10:31: 	Train: PQ_Vm_rmse: 0.00243258  PQ_Va_rmse: 0.03580350  PV_Va_rmse: 0.03591940  delta_p: 0.13003788  delta_q: 0.03523178  
INFO|2024-09-25 16:10:31: 	ZTest: PQ_Vm_rmse: 0.00292666  PQ_Va_rmse: 0.04869701  PV_Va_rmse: 0.04805026  delta_p: 0.14383470  delta_q: 0.03911045  
INFO|2024-09-25 16:10:31: 	ZTest-ema: PQ_Vm_rmse: 0.002884  PQ_Va_rmse: 0.047098  PV_Va_rmse: 0.046384  delta_p: 0.138224  delta_q: 0.038058  
INFO|2024-09-25 16:10:31: 	           ValOfEMA:0.047098/0.047098,  Epoch:52/52
INFO|2024-09-25 16:10:31: 	Time(ep):170s,  Val(curr/best):0.048697/0.048320,  Epoch(curr/best):52/47
INFO|2024-09-25 16:10:31: -------------------- Epoch: 53 --------------------
INFO|2024-09-25 16:10:45: Epoch[053/100], iter[040/392], loss_total:0.08345, loss_equ:0.18399 loss_pq_vm:0.00158 loss_pq_va:0.02433 loss_pv_va:0.02494
INFO|2024-09-25 16:10:57: Epoch[053/100], iter[079/392], loss_total:0.08535, loss_equ:0.18204 loss_pq_vm:0.00159 loss_pq_va:0.02537 loss_pv_va:0.02589
INFO|2024-09-25 16:11:09: Epoch[053/100], iter[118/392], loss_total:0.08442, loss_equ:0.18450 loss_pq_vm:0.00157 loss_pq_va:0.02479 loss_pv_va:0.02546
INFO|2024-09-25 16:11:20: Epoch[053/100], iter[157/392], loss_total:0.08569, loss_equ:0.18472 loss_pq_vm:0.00161 loss_pq_va:0.02550 loss_pv_va:0.02566
INFO|2024-09-25 16:11:32: Epoch[053/100], iter[196/392], loss_total:0.08367, loss_equ:0.18651 loss_pq_vm:0.00161 loss_pq_va:0.02436 loss_pv_va:0.02460
INFO|2024-09-25 16:11:44: Epoch[053/100], iter[235/392], loss_total:0.08126, loss_equ:0.18275 loss_pq_vm:0.00158 loss_pq_va:0.02347 loss_pv_va:0.02375
INFO|2024-09-25 16:11:56: Epoch[053/100], iter[274/392], loss_total:0.07854, loss_equ:0.18303 loss_pq_vm:0.00153 loss_pq_va:0.02212 loss_pv_va:0.02278
INFO|2024-09-25 16:12:08: Epoch[053/100], iter[313/392], loss_total:0.07832, loss_equ:0.18894 loss_pq_vm:0.00155 loss_pq_va:0.02161 loss_pv_va:0.02230
INFO|2024-09-25 16:12:20: Epoch[053/100], iter[352/392], loss_total:0.08405, loss_equ:0.18746 loss_pq_vm:0.00156 loss_pq_va:0.02465 loss_pv_va:0.02509
INFO|2024-09-25 16:12:32: Epoch[053/100], iter[392/392], loss_total:0.09779, loss_equ:0.25357 loss_pq_vm:0.00182 loss_pq_va:0.02647 loss_pv_va:0.02774
INFO|2024-09-25 16:13:20: Epoch 52/100, lr:  0.00045842, eta: 2.2h, train_loss:  0.08411, valid_loss:  0.11043
INFO|2024-09-25 16:13:20: 	Train: PQ_Vm_rmse: 0.00237464  PQ_Va_rmse: 0.03519684  PV_Va_rmse: 0.03528789  delta_p: 0.12507773  delta_q: 0.03435654  
INFO|2024-09-25 16:13:20: 	ZTest: PQ_Vm_rmse: 0.00308071  PQ_Va_rmse: 0.04756863  PV_Va_rmse: 0.04726726  delta_p: 0.18818743  delta_q: 0.04297641  
INFO|2024-09-25 16:13:20: 	ZTest-ema: PQ_Vm_rmse: 0.002866  PQ_Va_rmse: 0.046876  PV_Va_rmse: 0.046182  delta_p: 0.137954  delta_q: 0.037909  
INFO|2024-09-25 16:13:20: 	           ValOfEMA:0.046876/0.046876,  Epoch:53/53
INFO|2024-09-25 16:13:21: 	Time(ep):168s,  Val(curr/best):0.047569/0.047569,  Epoch(curr/best):53/53
INFO|2024-09-25 16:13:21: -------------------- Epoch: 54 --------------------
INFO|2024-09-25 16:13:35: Epoch[054/100], iter[040/392], loss_total:0.08311, loss_equ:0.19356 loss_pq_vm:0.00157 loss_pq_va:0.02391 loss_pv_va:0.02417
INFO|2024-09-25 16:13:46: Epoch[054/100], iter[079/392], loss_total:0.08478, loss_equ:0.21224 loss_pq_vm:0.00167 loss_pq_va:0.02336 loss_pv_va:0.02350
INFO|2024-09-25 16:13:58: Epoch[054/100], iter[118/392], loss_total:0.08408, loss_equ:0.20609 loss_pq_vm:0.00163 loss_pq_va:0.02340 loss_pv_va:0.02382
INFO|2024-09-25 16:14:10: Epoch[054/100], iter[157/392], loss_total:0.08347, loss_equ:0.18742 loss_pq_vm:0.00158 loss_pq_va:0.02438 loss_pv_va:0.02454
INFO|2024-09-25 16:14:22: Epoch[054/100], iter[196/392], loss_total:0.08787, loss_equ:0.18703 loss_pq_vm:0.00163 loss_pq_va:0.02638 loss_pv_va:0.02652
INFO|2024-09-25 16:14:34: Epoch[054/100], iter[235/392], loss_total:0.08110, loss_equ:0.18876 loss_pq_vm:0.00160 loss_pq_va:0.02273 loss_pv_va:0.02352
INFO|2024-09-25 16:14:45: Epoch[054/100], iter[274/392], loss_total:0.08213, loss_equ:0.18744 loss_pq_vm:0.00156 loss_pq_va:0.02358 loss_pv_va:0.02416
INFO|2024-09-25 16:14:57: Epoch[054/100], iter[313/392], loss_total:0.09400, loss_equ:0.20807 loss_pq_vm:0.00232 loss_pq_va:0.02482 loss_pv_va:0.02521
INFO|2024-09-25 16:15:09: Epoch[054/100], iter[352/392], loss_total:0.08192, loss_equ:0.19049 loss_pq_vm:0.00157 loss_pq_va:0.02331 loss_pv_va:0.02386
INFO|2024-09-25 16:15:21: Epoch[054/100], iter[392/392], loss_total:0.07876, loss_equ:0.18989 loss_pq_vm:0.00155 loss_pq_va:0.02177 loss_pv_va:0.02253
INFO|2024-09-25 16:16:10: Epoch 53/100, lr:  0.00044296, eta: 2.15h, train_loss:  0.08428, valid_loss:  0.10230
INFO|2024-09-25 16:16:10: 	Train: PQ_Vm_rmse: 0.00243222  PQ_Va_rmse: 0.03452032  PV_Va_rmse: 0.03469014  delta_p: 0.12955337  delta_q: 0.03526725  
INFO|2024-09-25 16:16:10: 	ZTest: PQ_Vm_rmse: 0.00290902  PQ_Va_rmse: 0.04710306  PV_Va_rmse: 0.04648961  delta_p: 0.14444535  delta_q: 0.03978317  
INFO|2024-09-25 16:16:10: 	ZTest-ema: PQ_Vm_rmse: 0.002855  PQ_Va_rmse: 0.046550  PV_Va_rmse: 0.045873  delta_p: 0.138446  delta_q: 0.037883  
INFO|2024-09-25 16:16:10: 	           ValOfEMA:0.046550/0.046550,  Epoch:54/54
INFO|2024-09-25 16:16:15: 	Time(ep):168s,  Val(curr/best):0.047103/0.047103,  Epoch(curr/best):54/54
INFO|2024-09-25 16:16:15: -------------------- Epoch: 55 --------------------
INFO|2024-09-25 16:16:28: Epoch[055/100], iter[040/392], loss_total:0.08555, loss_equ:0.19846 loss_pq_vm:0.00204 loss_pq_va:0.02239 loss_pv_va:0.02296
INFO|2024-09-25 16:16:39: Epoch[055/100], iter[079/392], loss_total:0.08236, loss_equ:0.18382 loss_pq_vm:0.00156 loss_pq_va:0.02391 loss_pv_va:0.02445
INFO|2024-09-25 16:16:51: Epoch[055/100], iter[118/392], loss_total:0.07791, loss_equ:0.18160 loss_pq_vm:0.00155 loss_pq_va:0.02189 loss_pv_va:0.02234
INFO|2024-09-25 16:17:03: Epoch[055/100], iter[157/392], loss_total:0.08390, loss_equ:0.19485 loss_pq_vm:0.00181 loss_pq_va:0.02294 loss_pv_va:0.02341
INFO|2024-09-25 16:17:15: Epoch[055/100], iter[196/392], loss_total:0.08442, loss_equ:0.18336 loss_pq_vm:0.00154 loss_pq_va:0.02507 loss_pv_va:0.02560
INFO|2024-09-25 16:17:27: Epoch[055/100], iter[235/392], loss_total:0.08488, loss_equ:0.18777 loss_pq_vm:0.00163 loss_pq_va:0.02467 loss_pv_va:0.02509
INFO|2024-09-25 16:17:38: Epoch[055/100], iter[274/392], loss_total:0.08933, loss_equ:0.20176 loss_pq_vm:0.00161 loss_pq_va:0.02600 loss_pv_va:0.02706
INFO|2024-09-25 16:17:50: Epoch[055/100], iter[313/392], loss_total:0.07898, loss_equ:0.18543 loss_pq_vm:0.00164 loss_pq_va:0.02170 loss_pv_va:0.02235
INFO|2024-09-25 16:18:02: Epoch[055/100], iter[352/392], loss_total:0.08489, loss_equ:0.20191 loss_pq_vm:0.00157 loss_pq_va:0.02434 loss_pv_va:0.02463
INFO|2024-09-25 16:18:14: Epoch[055/100], iter[392/392], loss_total:0.10119, loss_equ:0.21414 loss_pq_vm:0.00155 loss_pq_va:0.03280 loss_pv_va:0.03148
INFO|2024-09-25 16:19:02: Epoch 54/100, lr:  0.00042756, eta: 2.09h, train_loss:  0.08384, valid_loss:  0.14869
INFO|2024-09-25 16:19:02: 	Train: PQ_Vm_rmse: 0.00239577  PQ_Va_rmse: 0.03470264  PV_Va_rmse: 0.03484907  delta_p: 0.12553373  delta_q: 0.03457743  
INFO|2024-09-25 16:19:02: 	ZTest: PQ_Vm_rmse: 0.00303765  PQ_Va_rmse: 0.06639684  PV_Va_rmse: 0.06083002  delta_p: 0.26758574  delta_q: 0.04908811  
INFO|2024-09-25 16:19:02: 	ZTest-ema: PQ_Vm_rmse: 0.002842  PQ_Va_rmse: 0.046542  PV_Va_rmse: 0.045871  delta_p: 0.137449  delta_q: 0.037733  
INFO|2024-09-25 16:19:02: 	           ValOfEMA:0.046542/0.046542,  Epoch:55/55
INFO|2024-09-25 16:19:03: 	Time(ep):167s,  Val(curr/best):0.066397/0.047103,  Epoch(curr/best):55/54
INFO|2024-09-25 16:19:03: -------------------- Epoch: 56 --------------------
INFO|2024-09-25 16:19:16: Epoch[056/100], iter[040/392], loss_total:0.07879, loss_equ:0.19664 loss_pq_vm:0.00156 loss_pq_va:0.02137 loss_pv_va:0.02221
INFO|2024-09-25 16:19:28: Epoch[056/100], iter[079/392], loss_total:0.08019, loss_equ:0.18701 loss_pq_vm:0.00154 loss_pq_va:0.02280 loss_pv_va:0.02333
INFO|2024-09-25 16:19:40: Epoch[056/100], iter[118/392], loss_total:0.07559, loss_equ:0.18186 loss_pq_vm:0.00152 loss_pq_va:0.02066 loss_pv_va:0.02151
INFO|2024-09-25 16:19:52: Epoch[056/100], iter[157/392], loss_total:0.07823, loss_equ:0.18624 loss_pq_vm:0.00153 loss_pq_va:0.02192 loss_pv_va:0.02239
INFO|2024-09-25 16:20:04: Epoch[056/100], iter[196/392], loss_total:0.08562, loss_equ:0.19184 loss_pq_vm:0.00161 loss_pq_va:0.02517 loss_pv_va:0.02519
INFO|2024-09-25 16:20:16: Epoch[056/100], iter[235/392], loss_total:0.08678, loss_equ:0.18734 loss_pq_vm:0.00159 loss_pq_va:0.02579 loss_pv_va:0.02635
INFO|2024-09-25 16:20:28: Epoch[056/100], iter[274/392], loss_total:0.07927, loss_equ:0.18579 loss_pq_vm:0.00155 loss_pq_va:0.02249 loss_pv_va:0.02274
INFO|2024-09-25 16:20:40: Epoch[056/100], iter[313/392], loss_total:0.08178, loss_equ:0.18791 loss_pq_vm:0.00156 loss_pq_va:0.02336 loss_pv_va:0.02402
INFO|2024-09-25 16:20:51: Epoch[056/100], iter[352/392], loss_total:0.08230, loss_equ:0.18493 loss_pq_vm:0.00160 loss_pq_va:0.02355 loss_pv_va:0.02428
INFO|2024-09-25 16:21:04: Epoch[056/100], iter[392/392], loss_total:0.08578, loss_equ:0.20331 loss_pq_vm:0.00160 loss_pq_va:0.02469 loss_pv_va:0.02472
INFO|2024-09-25 16:21:52: Epoch 55/100, lr:  0.00041225, eta: 2.07h, train_loss:  0.08283, valid_loss:  0.10997
INFO|2024-09-25 16:21:52: 	Train: PQ_Vm_rmse: 0.00238538  PQ_Va_rmse: 0.03392943  PV_Va_rmse: 0.03417051  delta_p: 0.12737272  delta_q: 0.03473205  
INFO|2024-09-25 16:21:52: 	ZTest: PQ_Vm_rmse: 0.00309733  PQ_Va_rmse: 0.04754588  PV_Va_rmse: 0.04633620  delta_p: 0.18401810  delta_q: 0.04653614  
INFO|2024-09-25 16:21:52: 	ZTest-ema: PQ_Vm_rmse: 0.002830  PQ_Va_rmse: 0.046352  PV_Va_rmse: 0.045695  delta_p: 0.137006  delta_q: 0.037663  
INFO|2024-09-25 16:21:52: 	           ValOfEMA:0.046352/0.046352,  Epoch:56/56
INFO|2024-09-25 16:21:53: 	Time(ep):169s,  Val(curr/best):0.047546/0.047103,  Epoch(curr/best):56/54
INFO|2024-09-25 16:21:53: -------------------- Epoch: 57 --------------------
INFO|2024-09-25 16:22:06: Epoch[057/100], iter[040/392], loss_total:0.08477, loss_equ:0.20117 loss_pq_vm:0.00156 loss_pq_va:0.02396 loss_pv_va:0.02512
INFO|2024-09-25 16:22:18: Epoch[057/100], iter[079/392], loss_total:0.07826, loss_equ:0.18757 loss_pq_vm:0.00163 loss_pq_va:0.02127 loss_pv_va:0.02189
INFO|2024-09-25 16:22:30: Epoch[057/100], iter[118/392], loss_total:0.07836, loss_equ:0.18172 loss_pq_vm:0.00160 loss_pq_va:0.02180 loss_pv_va:0.02243
INFO|2024-09-25 16:22:42: Epoch[057/100], iter[157/392], loss_total:0.08334, loss_equ:0.20997 loss_pq_vm:0.00155 loss_pq_va:0.02322 loss_pv_va:0.02363
INFO|2024-09-25 16:22:54: Epoch[057/100], iter[196/392], loss_total:0.08188, loss_equ:0.19691 loss_pq_vm:0.00162 loss_pq_va:0.02277 loss_pv_va:0.02326
INFO|2024-09-25 16:23:06: Epoch[057/100], iter[235/392], loss_total:0.08206, loss_equ:0.18456 loss_pq_vm:0.00164 loss_pq_va:0.02332 loss_pv_va:0.02386
INFO|2024-09-25 16:23:18: Epoch[057/100], iter[274/392], loss_total:0.08491, loss_equ:0.19134 loss_pq_vm:0.00156 loss_pq_va:0.02509 loss_pv_va:0.02506
INFO|2024-09-25 16:23:30: Epoch[057/100], iter[313/392], loss_total:0.08038, loss_equ:0.19640 loss_pq_vm:0.00159 loss_pq_va:0.02229 loss_pv_va:0.02258
INFO|2024-09-25 16:23:42: Epoch[057/100], iter[352/392], loss_total:0.08323, loss_equ:0.17997 loss_pq_vm:0.00157 loss_pq_va:0.02471 loss_pv_va:0.02483
INFO|2024-09-25 16:23:54: Epoch[057/100], iter[392/392], loss_total:0.08296, loss_equ:0.18303 loss_pq_vm:0.00162 loss_pq_va:0.02399 loss_pv_va:0.02445
INFO|2024-09-25 16:24:42: Epoch 56/100, lr:  0.00039702, eta: 2.01h, train_loss:  0.08218, valid_loss:  0.10335
INFO|2024-09-25 16:24:42: 	Train: PQ_Vm_rmse: 0.00234836  PQ_Va_rmse: 0.03382342  PV_Va_rmse: 0.03401437  delta_p: 0.12688734  delta_q: 0.03439376  
INFO|2024-09-25 16:24:42: 	ZTest: PQ_Vm_rmse: 0.00287383  PQ_Va_rmse: 0.04767968  PV_Va_rmse: 0.04704745  delta_p: 0.14138173  delta_q: 0.03864149  
INFO|2024-09-25 16:24:42: 	ZTest-ema: PQ_Vm_rmse: 0.002819  PQ_Va_rmse: 0.046277  PV_Va_rmse: 0.045618  delta_p: 0.136853  delta_q: 0.037580  
INFO|2024-09-25 16:24:42: 	           ValOfEMA:0.046277/0.046277,  Epoch:57/57
INFO|2024-09-25 16:24:42: 	Time(ep):168s,  Val(curr/best):0.047680/0.047103,  Epoch(curr/best):57/54
INFO|2024-09-25 16:24:42: -------------------- Epoch: 58 --------------------
INFO|2024-09-25 16:24:56: Epoch[058/100], iter[040/392], loss_total:0.07567, loss_equ:0.18094 loss_pq_vm:0.00154 loss_pq_va:0.02082 loss_pv_va:0.02137
INFO|2024-09-25 16:25:08: Epoch[058/100], iter[079/392], loss_total:0.07867, loss_equ:0.18347 loss_pq_vm:0.00154 loss_pq_va:0.02203 loss_pv_va:0.02292
INFO|2024-09-25 16:25:20: Epoch[058/100], iter[118/392], loss_total:0.08051, loss_equ:0.18441 loss_pq_vm:0.00153 loss_pq_va:0.02327 loss_pv_va:0.02349
INFO|2024-09-25 16:25:32: Epoch[058/100], iter[157/392], loss_total:0.07845, loss_equ:0.19559 loss_pq_vm:0.00153 loss_pq_va:0.02126 loss_pv_va:0.02229
INFO|2024-09-25 16:25:44: Epoch[058/100], iter[196/392], loss_total:0.08021, loss_equ:0.18265 loss_pq_vm:0.00154 loss_pq_va:0.02300 loss_pv_va:0.02356
INFO|2024-09-25 16:25:56: Epoch[058/100], iter[235/392], loss_total:0.08167, loss_equ:0.18504 loss_pq_vm:0.00161 loss_pq_va:0.02331 loss_pv_va:0.02374
INFO|2024-09-25 16:26:08: Epoch[058/100], iter[274/392], loss_total:0.08597, loss_equ:0.18511 loss_pq_vm:0.00155 loss_pq_va:0.02576 loss_pv_va:0.02619
INFO|2024-09-25 16:26:20: Epoch[058/100], iter[313/392], loss_total:0.08402, loss_equ:0.18583 loss_pq_vm:0.00181 loss_pq_va:0.02341 loss_pv_va:0.02392
INFO|2024-09-25 16:26:32: Epoch[058/100], iter[352/392], loss_total:0.07775, loss_equ:0.18448 loss_pq_vm:0.00151 loss_pq_va:0.02186 loss_pv_va:0.02229
INFO|2024-09-25 16:26:44: Epoch[058/100], iter[392/392], loss_total:0.09191, loss_equ:0.21123 loss_pq_vm:0.00155 loss_pq_va:0.02801 loss_pv_va:0.02731
INFO|2024-09-25 16:27:33: Epoch 57/100, lr:  0.00038190, eta: 1.99h, train_loss:  0.08119, valid_loss:  0.10244
INFO|2024-09-25 16:27:33: 	Train: PQ_Vm_rmse: 0.00235246  PQ_Va_rmse: 0.03345738  PV_Va_rmse: 0.03364297  delta_p: 0.12213982  delta_q: 0.03393514  
INFO|2024-09-25 16:27:33: 	ZTest: PQ_Vm_rmse: 0.00290520  PQ_Va_rmse: 0.04650576  PV_Va_rmse: 0.04595319  delta_p: 0.14986184  delta_q: 0.03964422  
INFO|2024-09-25 16:27:33: 	ZTest-ema: PQ_Vm_rmse: 0.002809  PQ_Va_rmse: 0.046108  PV_Va_rmse: 0.045454  delta_p: 0.136575  delta_q: 0.037483  
INFO|2024-09-25 16:27:33: 	           ValOfEMA:0.046108/0.046108,  Epoch:58/58
INFO|2024-09-25 16:27:34: 	Time(ep):170s,  Val(curr/best):0.046506/0.046506,  Epoch(curr/best):58/58
INFO|2024-09-25 16:27:34: -------------------- Epoch: 59 --------------------
INFO|2024-09-25 16:27:47: Epoch[059/100], iter[040/392], loss_total:0.07998, loss_equ:0.18116 loss_pq_vm:0.00152 loss_pq_va:0.02317 loss_pv_va:0.02350
INFO|2024-09-25 16:27:59: Epoch[059/100], iter[079/392], loss_total:0.07853, loss_equ:0.18719 loss_pq_vm:0.00154 loss_pq_va:0.02184 loss_pv_va:0.02254
INFO|2024-09-25 16:28:11: Epoch[059/100], iter[118/392], loss_total:0.08319, loss_equ:0.19497 loss_pq_vm:0.00158 loss_pq_va:0.02350 loss_pv_va:0.02443
INFO|2024-09-25 16:28:23: Epoch[059/100], iter[157/392], loss_total:0.08017, loss_equ:0.18029 loss_pq_vm:0.00153 loss_pq_va:0.02327 loss_pv_va:0.02355
INFO|2024-09-25 16:28:34: Epoch[059/100], iter[196/392], loss_total:0.07785, loss_equ:0.18285 loss_pq_vm:0.00158 loss_pq_va:0.02165 loss_pv_va:0.02206
INFO|2024-09-25 16:28:46: Epoch[059/100], iter[235/392], loss_total:0.08079, loss_equ:0.18412 loss_pq_vm:0.00153 loss_pq_va:0.02342 loss_pv_va:0.02368
INFO|2024-09-25 16:28:58: Epoch[059/100], iter[274/392], loss_total:0.07855, loss_equ:0.18148 loss_pq_vm:0.00158 loss_pq_va:0.02202 loss_pv_va:0.02254
INFO|2024-09-25 16:29:10: Epoch[059/100], iter[313/392], loss_total:0.07905, loss_equ:0.18366 loss_pq_vm:0.00153 loss_pq_va:0.02234 loss_pv_va:0.02304
INFO|2024-09-25 16:29:22: Epoch[059/100], iter[352/392], loss_total:0.07895, loss_equ:0.18112 loss_pq_vm:0.00151 loss_pq_va:0.02252 loss_pv_va:0.02317
INFO|2024-09-25 16:29:35: Epoch[059/100], iter[392/392], loss_total:0.07757, loss_equ:0.18368 loss_pq_vm:0.00156 loss_pq_va:0.02144 loss_pv_va:0.02213
INFO|2024-09-25 16:30:24: Epoch 58/100, lr:  0.00036690, eta: 1.93h, train_loss:  0.08021, valid_loss:  0.10079
INFO|2024-09-25 16:30:24: 	Train: PQ_Vm_rmse: 0.00231378  PQ_Va_rmse: 0.03296124  PV_Va_rmse: 0.03318781  delta_p: 0.12357536  delta_q: 0.03380505  
INFO|2024-09-25 16:30:24: 	ZTest: PQ_Vm_rmse: 0.00284471  PQ_Va_rmse: 0.04664754  PV_Va_rmse: 0.04602432  delta_p: 0.14260954  delta_q: 0.03858786  
INFO|2024-09-25 16:30:24: 	ZTest-ema: PQ_Vm_rmse: 0.002797  PQ_Va_rmse: 0.045953  PV_Va_rmse: 0.045315  delta_p: 0.136301  delta_q: 0.037425  
INFO|2024-09-25 16:30:24: 	           ValOfEMA:0.045953/0.045953,  Epoch:59/59
INFO|2024-09-25 16:30:24: 	Time(ep):169s,  Val(curr/best):0.046648/0.046506,  Epoch(curr/best):59/58
INFO|2024-09-25 16:30:24: -------------------- Epoch: 60 --------------------
INFO|2024-09-25 16:30:38: Epoch[060/100], iter[040/392], loss_total:0.08351, loss_equ:0.20480 loss_pq_vm:0.00154 loss_pq_va:0.02335 loss_pv_va:0.02424
INFO|2024-09-25 16:30:50: Epoch[060/100], iter[079/392], loss_total:0.08432, loss_equ:0.19178 loss_pq_vm:0.00153 loss_pq_va:0.02489 loss_pv_va:0.02498
INFO|2024-09-25 16:31:02: Epoch[060/100], iter[118/392], loss_total:0.07852, loss_equ:0.18199 loss_pq_vm:0.00150 loss_pq_va:0.02244 loss_pv_va:0.02284
INFO|2024-09-25 16:31:14: Epoch[060/100], iter[157/392], loss_total:0.08132, loss_equ:0.19343 loss_pq_vm:0.00187 loss_pq_va:0.02122 loss_pv_va:0.02205
INFO|2024-09-25 16:31:26: Epoch[060/100], iter[196/392], loss_total:0.08737, loss_equ:0.20739 loss_pq_vm:0.00163 loss_pq_va:0.02462 loss_pv_va:0.02575
INFO|2024-09-25 16:31:38: Epoch[060/100], iter[235/392], loss_total:0.08298, loss_equ:0.20081 loss_pq_vm:0.00174 loss_pq_va:0.02255 loss_pv_va:0.02298
INFO|2024-09-25 16:31:50: Epoch[060/100], iter[274/392], loss_total:0.08507, loss_equ:0.19265 loss_pq_vm:0.00162 loss_pq_va:0.02466 loss_pv_va:0.02493
INFO|2024-09-25 16:32:02: Epoch[060/100], iter[313/392], loss_total:0.07963, loss_equ:0.18153 loss_pq_vm:0.00155 loss_pq_va:0.02290 loss_pv_va:0.02312
INFO|2024-09-25 16:32:14: Epoch[060/100], iter[352/392], loss_total:0.09713, loss_equ:0.20811 loss_pq_vm:0.00206 loss_pq_va:0.02789 loss_pv_va:0.02785
INFO|2024-09-25 16:32:27: Epoch[060/100], iter[392/392], loss_total:0.07594, loss_equ:0.17803 loss_pq_vm:0.00158 loss_pq_va:0.02097 loss_pv_va:0.02135
INFO|2024-09-25 16:33:15: Epoch 59/100, lr:  0.00035204, eta: 1.9h, train_loss:  0.08095, valid_loss:  0.10179
INFO|2024-09-25 16:33:15: 	Train: PQ_Vm_rmse: 0.00235935  PQ_Va_rmse: 0.03272283  PV_Va_rmse: 0.03299562  delta_p: 0.12814777  delta_q: 0.03432861  
INFO|2024-09-25 16:33:15: 	ZTest: PQ_Vm_rmse: 0.00293725  PQ_Va_rmse: 0.04639142  PV_Va_rmse: 0.04589600  delta_p: 0.14091463  delta_q: 0.03872521  
INFO|2024-09-25 16:33:15: 	ZTest-ema: PQ_Vm_rmse: 0.002792  PQ_Va_rmse: 0.045842  PV_Va_rmse: 0.045207  delta_p: 0.136545  delta_q: 0.037398  
INFO|2024-09-25 16:33:15: 	           ValOfEMA:0.045842/0.045842,  Epoch:60/60
INFO|2024-09-25 16:33:16: 	Time(ep):170s,  Val(curr/best):0.046391/0.046391,  Epoch(curr/best):60/60
INFO|2024-09-25 16:33:16: -------------------- Epoch: 61 --------------------
INFO|2024-09-25 16:33:30: Epoch[061/100], iter[040/392], loss_total:0.07744, loss_equ:0.18500 loss_pq_vm:0.00173 loss_pq_va:0.02058 loss_pv_va:0.02107
INFO|2024-09-25 16:33:42: Epoch[061/100], iter[079/392], loss_total:0.07928, loss_equ:0.17834 loss_pq_vm:0.00151 loss_pq_va:0.02278 loss_pv_va:0.02356
INFO|2024-09-25 16:33:54: Epoch[061/100], iter[118/392], loss_total:0.08005, loss_equ:0.19006 loss_pq_vm:0.00166 loss_pq_va:0.02203 loss_pv_va:0.02238
INFO|2024-09-25 16:34:06: Epoch[061/100], iter[157/392], loss_total:0.08105, loss_equ:0.17861 loss_pq_vm:0.00155 loss_pq_va:0.02350 loss_pv_va:0.02422
INFO|2024-09-25 16:34:18: Epoch[061/100], iter[196/392], loss_total:0.08202, loss_equ:0.18231 loss_pq_vm:0.00151 loss_pq_va:0.02415 loss_pv_va:0.02455
INFO|2024-09-25 16:34:30: Epoch[061/100], iter[235/392], loss_total:0.08101, loss_equ:0.18399 loss_pq_vm:0.00153 loss_pq_va:0.02334 loss_pv_va:0.02400
INFO|2024-09-25 16:34:42: Epoch[061/100], iter[274/392], loss_total:0.07755, loss_equ:0.18343 loss_pq_vm:0.00158 loss_pq_va:0.02128 loss_pv_va:0.02209
INFO|2024-09-25 16:34:55: Epoch[061/100], iter[313/392], loss_total:0.08015, loss_equ:0.17951 loss_pq_vm:0.00151 loss_pq_va:0.02334 loss_pv_va:0.02379
INFO|2024-09-25 16:35:07: Epoch[061/100], iter[352/392], loss_total:0.07655, loss_equ:0.18103 loss_pq_vm:0.00153 loss_pq_va:0.02120 loss_pv_va:0.02198
INFO|2024-09-25 16:35:19: Epoch[061/100], iter[392/392], loss_total:0.07559, loss_equ:0.18142 loss_pq_vm:0.00150 loss_pq_va:0.02084 loss_pv_va:0.02156
INFO|2024-09-25 16:36:07: Epoch 60/100, lr:  0.00033732, eta: 1.85h, train_loss:  0.07800, valid_loss:  0.10468
INFO|2024-09-25 16:36:07: 	Train: PQ_Vm_rmse: 0.00228626  PQ_Va_rmse: 0.03197390  PV_Va_rmse: 0.03229510  delta_p: 0.12006519  delta_q: 0.03321000  
INFO|2024-09-25 16:36:07: 	ZTest: PQ_Vm_rmse: 0.00281797  PQ_Va_rmse: 0.04893825  PV_Va_rmse: 0.04844867  delta_p: 0.14184264  delta_q: 0.03830721  
INFO|2024-09-25 16:36:07: 	ZTest-ema: PQ_Vm_rmse: 0.002778  PQ_Va_rmse: 0.045677  PV_Va_rmse: 0.045051  delta_p: 0.136571  delta_q: 0.037330  
INFO|2024-09-25 16:36:07: 	           ValOfEMA:0.045677/0.045677,  Epoch:61/61
INFO|2024-09-25 16:36:08: 	Time(ep):170s,  Val(curr/best):0.048938/0.046391,  Epoch(curr/best):61/60
INFO|2024-09-25 16:36:08: -------------------- Epoch: 62 --------------------
INFO|2024-09-25 16:36:21: Epoch[062/100], iter[040/392], loss_total:0.07590, loss_equ:0.18181 loss_pq_vm:0.00153 loss_pq_va:0.02086 loss_pv_va:0.02157
INFO|2024-09-25 16:36:33: Epoch[062/100], iter[079/392], loss_total:0.07857, loss_equ:0.18288 loss_pq_vm:0.00152 loss_pq_va:0.02227 loss_pv_va:0.02283
INFO|2024-09-25 16:36:45: Epoch[062/100], iter[118/392], loss_total:0.07669, loss_equ:0.18789 loss_pq_vm:0.00150 loss_pq_va:0.02120 loss_pv_va:0.02170
INFO|2024-09-25 16:36:57: Epoch[062/100], iter[157/392], loss_total:0.08083, loss_equ:0.18110 loss_pq_vm:0.00155 loss_pq_va:0.02334 loss_pv_va:0.02391
INFO|2024-09-25 16:37:09: Epoch[062/100], iter[196/392], loss_total:0.09206, loss_equ:0.18507 loss_pq_vm:0.00175 loss_pq_va:0.02769 loss_pv_va:0.02840
INFO|2024-09-25 16:37:21: Epoch[062/100], iter[235/392], loss_total:0.07936, loss_equ:0.18573 loss_pq_vm:0.00162 loss_pq_va:0.02194 loss_pv_va:0.02262
INFO|2024-09-25 16:37:33: Epoch[062/100], iter[274/392], loss_total:0.07756, loss_equ:0.18359 loss_pq_vm:0.00149 loss_pq_va:0.02177 loss_pv_va:0.02257
INFO|2024-09-25 16:37:45: Epoch[062/100], iter[313/392], loss_total:0.07965, loss_equ:0.19211 loss_pq_vm:0.00155 loss_pq_va:0.02216 loss_pv_va:0.02281
INFO|2024-09-25 16:37:57: Epoch[062/100], iter[352/392], loss_total:0.07818, loss_equ:0.17600 loss_pq_vm:0.00151 loss_pq_va:0.02247 loss_pv_va:0.02304
INFO|2024-09-25 16:38:09: Epoch[062/100], iter[392/392], loss_total:0.07964, loss_equ:0.18678 loss_pq_vm:0.00156 loss_pq_va:0.02241 loss_pv_va:0.02297
INFO|2024-09-25 16:38:57: Epoch 61/100, lr:  0.00032278, eta: 1.78h, train_loss:  0.07962, valid_loss:  0.10282
INFO|2024-09-25 16:38:57: 	Train: PQ_Vm_rmse: 0.00230575  PQ_Va_rmse: 0.03256634  PV_Va_rmse: 0.03294376  delta_p: 0.12156632  delta_q: 0.03340343  
INFO|2024-09-25 16:38:57: 	ZTest: PQ_Vm_rmse: 0.00282904  PQ_Va_rmse: 0.04803606  PV_Va_rmse: 0.04758726  delta_p: 0.14140959  delta_q: 0.03841652  
INFO|2024-09-25 16:38:57: 	ZTest-ema: PQ_Vm_rmse: 0.002774  PQ_Va_rmse: 0.045740  PV_Va_rmse: 0.045111  delta_p: 0.135776  delta_q: 0.037236  
INFO|2024-09-25 16:38:57: 	           ValOfEMA:0.045740/0.045677,  Epoch:62/61
INFO|2024-09-25 16:38:57: 	Time(ep):168s,  Val(curr/best):0.048036/0.046391,  Epoch(curr/best):62/60
INFO|2024-09-25 16:38:57: -------------------- Epoch: 63 --------------------
INFO|2024-09-25 16:39:11: Epoch[063/100], iter[040/392], loss_total:0.07536, loss_equ:0.17916 loss_pq_vm:0.00148 loss_pq_va:0.02102 loss_pv_va:0.02161
INFO|2024-09-25 16:39:23: Epoch[063/100], iter[079/392], loss_total:0.08226, loss_equ:0.20034 loss_pq_vm:0.00194 loss_pq_va:0.02107 loss_pv_va:0.02178
INFO|2024-09-25 16:39:35: Epoch[063/100], iter[118/392], loss_total:0.07699, loss_equ:0.18314 loss_pq_vm:0.00154 loss_pq_va:0.02122 loss_pv_va:0.02210
INFO|2024-09-25 16:39:47: Epoch[063/100], iter[157/392], loss_total:0.07998, loss_equ:0.18406 loss_pq_vm:0.00156 loss_pq_va:0.02256 loss_pv_va:0.02337
INFO|2024-09-25 16:39:58: Epoch[063/100], iter[196/392], loss_total:0.07233, loss_equ:0.17573 loss_pq_vm:0.00147 loss_pq_va:0.01967 loss_pv_va:0.02035
INFO|2024-09-25 16:40:10: Epoch[063/100], iter[235/392], loss_total:0.07537, loss_equ:0.17845 loss_pq_vm:0.00148 loss_pq_va:0.02107 loss_pv_va:0.02161
INFO|2024-09-25 16:40:23: Epoch[063/100], iter[274/392], loss_total:0.08628, loss_equ:0.17922 loss_pq_vm:0.00149 loss_pq_va:0.02657 loss_pv_va:0.02690
INFO|2024-09-25 16:40:35: Epoch[063/100], iter[313/392], loss_total:0.07728, loss_equ:0.18414 loss_pq_vm:0.00163 loss_pq_va:0.02106 loss_pv_va:0.02155
INFO|2024-09-25 16:40:47: Epoch[063/100], iter[352/392], loss_total:0.08207, loss_equ:0.18169 loss_pq_vm:0.00158 loss_pq_va:0.02377 loss_pv_va:0.02432
INFO|2024-09-25 16:40:59: Epoch[063/100], iter[392/392], loss_total:0.07934, loss_equ:0.18022 loss_pq_vm:0.00151 loss_pq_va:0.02301 loss_pv_va:0.02324
INFO|2024-09-25 16:41:48: Epoch 62/100, lr:  0.00030841, eta: 1.76h, train_loss:  0.07892, valid_loss:  0.10070
INFO|2024-09-25 16:41:48: 	Train: PQ_Vm_rmse: 0.00229206  PQ_Va_rmse: 0.03216164  PV_Va_rmse: 0.03254373  delta_p: 0.12262099  delta_q: 0.03330310  
INFO|2024-09-25 16:41:48: 	ZTest: PQ_Vm_rmse: 0.00281600  PQ_Va_rmse: 0.04634863  PV_Va_rmse: 0.04578019  delta_p: 0.13976394  delta_q: 0.03816124  
INFO|2024-09-25 16:41:48: 	ZTest-ema: PQ_Vm_rmse: 0.002764  PQ_Va_rmse: 0.045641  PV_Va_rmse: 0.045020  delta_p: 0.135465  delta_q: 0.037157  
INFO|2024-09-25 16:41:48: 	           ValOfEMA:0.045641/0.045641,  Epoch:63/63
INFO|2024-09-25 16:41:49: 	Time(ep):170s,  Val(curr/best):0.046349/0.046349,  Epoch(curr/best):63/63
INFO|2024-09-25 16:41:49: -------------------- Epoch: 64 --------------------
INFO|2024-09-25 16:42:03: Epoch[064/100], iter[040/392], loss_total:0.07719, loss_equ:0.18382 loss_pq_vm:0.00150 loss_pq_va:0.02171 loss_pv_va:0.02211
INFO|2024-09-25 16:42:15: Epoch[064/100], iter[079/392], loss_total:0.07436, loss_equ:0.17992 loss_pq_vm:0.00161 loss_pq_va:0.01981 loss_pv_va:0.02046
INFO|2024-09-25 16:42:27: Epoch[064/100], iter[118/392], loss_total:0.07641, loss_equ:0.17901 loss_pq_vm:0.00151 loss_pq_va:0.02140 loss_pv_va:0.02204
INFO|2024-09-25 16:42:39: Epoch[064/100], iter[157/392], loss_total:0.07329, loss_equ:0.18022 loss_pq_vm:0.00147 loss_pq_va:0.02001 loss_pv_va:0.02053
INFO|2024-09-25 16:42:51: Epoch[064/100], iter[196/392], loss_total:0.07239, loss_equ:0.17468 loss_pq_vm:0.00147 loss_pq_va:0.01988 loss_pv_va:0.02037
INFO|2024-09-25 16:43:03: Epoch[064/100], iter[235/392], loss_total:0.07226, loss_equ:0.18054 loss_pq_vm:0.00152 loss_pq_va:0.01925 loss_pv_va:0.01974
INFO|2024-09-25 16:43:14: Epoch[064/100], iter[274/392], loss_total:0.07326, loss_equ:0.18016 loss_pq_vm:0.00152 loss_pq_va:0.01981 loss_pv_va:0.02026
INFO|2024-09-25 16:43:26: Epoch[064/100], iter[313/392], loss_total:0.07888, loss_equ:0.18229 loss_pq_vm:0.00151 loss_pq_va:0.02238 loss_pv_va:0.02316
INFO|2024-09-25 16:43:38: Epoch[064/100], iter[352/392], loss_total:0.07749, loss_equ:0.17753 loss_pq_vm:0.00147 loss_pq_va:0.02212 loss_pv_va:0.02290
INFO|2024-09-25 16:43:50: Epoch[064/100], iter[392/392], loss_total:0.07290, loss_equ:0.17384 loss_pq_vm:0.00150 loss_pq_va:0.01993 loss_pv_va:0.02058
INFO|2024-09-25 16:44:39: Epoch 63/100, lr:  0.00029424, eta: 1.7h, train_loss:  0.07621, valid_loss:  0.10118
INFO|2024-09-25 16:44:39: 	Train: PQ_Vm_rmse: 0.00223991  PQ_Va_rmse: 0.03122233  PV_Va_rmse: 0.03155390  delta_p: 0.11878488  delta_q: 0.03285792  
INFO|2024-09-25 16:44:39: 	ZTest: PQ_Vm_rmse: 0.00280015  PQ_Va_rmse: 0.04782714  PV_Va_rmse: 0.04709534  delta_p: 0.13775839  delta_q: 0.03825670  
INFO|2024-09-25 16:44:39: 	ZTest-ema: PQ_Vm_rmse: 0.002753  PQ_Va_rmse: 0.045464  PV_Va_rmse: 0.044868  delta_p: 0.135302  delta_q: 0.037091  
INFO|2024-09-25 16:44:39: 	           ValOfEMA:0.045464/0.045464,  Epoch:64/64
INFO|2024-09-25 16:44:40: 	Time(ep):169s,  Val(curr/best):0.047827/0.046349,  Epoch(curr/best):64/63
INFO|2024-09-25 16:44:40: -------------------- Epoch: 65 --------------------
INFO|2024-09-25 16:44:53: Epoch[065/100], iter[040/392], loss_total:0.07242, loss_equ:0.17661 loss_pq_vm:0.00148 loss_pq_va:0.01967 loss_pv_va:0.02033
INFO|2024-09-25 16:45:05: Epoch[065/100], iter[079/392], loss_total:0.07094, loss_equ:0.17960 loss_pq_vm:0.00147 loss_pq_va:0.01876 loss_pv_va:0.01948
INFO|2024-09-25 16:45:17: Epoch[065/100], iter[118/392], loss_total:0.07835, loss_equ:0.19442 loss_pq_vm:0.00153 loss_pq_va:0.02145 loss_pv_va:0.02211
INFO|2024-09-25 16:45:29: Epoch[065/100], iter[157/392], loss_total:0.07985, loss_equ:0.18138 loss_pq_vm:0.00152 loss_pq_va:0.02286 loss_pv_va:0.02360
INFO|2024-09-25 16:45:41: Epoch[065/100], iter[196/392], loss_total:0.07656, loss_equ:0.17775 loss_pq_vm:0.00149 loss_pq_va:0.02164 loss_pv_va:0.02224
INFO|2024-09-25 16:45:52: Epoch[065/100], iter[235/392], loss_total:0.07443, loss_equ:0.18080 loss_pq_vm:0.00151 loss_pq_va:0.02048 loss_pv_va:0.02076
INFO|2024-09-25 16:46:04: Epoch[065/100], iter[274/392], loss_total:0.07289, loss_equ:0.17658 loss_pq_vm:0.00149 loss_pq_va:0.01993 loss_pv_va:0.02038
INFO|2024-09-25 16:46:16: Epoch[065/100], iter[313/392], loss_total:0.07569, loss_equ:0.18364 loss_pq_vm:0.00159 loss_pq_va:0.02041 loss_pv_va:0.02103
INFO|2024-09-25 16:46:28: Epoch[065/100], iter[352/392], loss_total:0.07258, loss_equ:0.18205 loss_pq_vm:0.00152 loss_pq_va:0.01926 loss_pv_va:0.01997
INFO|2024-09-25 16:46:40: Epoch[065/100], iter[392/392], loss_total:0.07992, loss_equ:0.18212 loss_pq_vm:0.00167 loss_pq_va:0.02204 loss_pv_va:0.02296
INFO|2024-09-25 16:47:29: Epoch 64/100, lr:  0.00028027, eta: 1.64h, train_loss:  0.07644, valid_loss:  0.10331
INFO|2024-09-25 16:47:29: 	Train: PQ_Vm_rmse: 0.00226976  PQ_Va_rmse: 0.03096315  PV_Va_rmse: 0.03134793  delta_p: 0.12032144  delta_q: 0.03317358  
INFO|2024-09-25 16:47:29: 	ZTest: PQ_Vm_rmse: 0.00287606  PQ_Va_rmse: 0.04666598  PV_Va_rmse: 0.04627438  delta_p: 0.14238673  delta_q: 0.03926573  
INFO|2024-09-25 16:47:29: 	ZTest-ema: PQ_Vm_rmse: 0.002745  PQ_Va_rmse: 0.045331  PV_Va_rmse: 0.044739  delta_p: 0.135654  delta_q: 0.037096  
INFO|2024-09-25 16:47:29: 	           ValOfEMA:0.045331/0.045331,  Epoch:65/65
INFO|2024-09-25 16:47:29: 	Time(ep):168s,  Val(curr/best):0.046666/0.046349,  Epoch(curr/best):65/63
INFO|2024-09-25 16:47:29: -------------------- Epoch: 66 --------------------
INFO|2024-09-25 16:47:43: Epoch[066/100], iter[040/392], loss_total:0.07400, loss_equ:0.17987 loss_pq_vm:0.00147 loss_pq_va:0.02028 loss_pv_va:0.02105
INFO|2024-09-25 16:47:54: Epoch[066/100], iter[079/392], loss_total:0.07786, loss_equ:0.18183 loss_pq_vm:0.00153 loss_pq_va:0.02197 loss_pv_va:0.02238
INFO|2024-09-25 16:48:06: Epoch[066/100], iter[118/392], loss_total:0.07743, loss_equ:0.18866 loss_pq_vm:0.00146 loss_pq_va:0.02147 loss_pv_va:0.02249
INFO|2024-09-25 16:48:18: Epoch[066/100], iter[157/392], loss_total:0.07638, loss_equ:0.17689 loss_pq_vm:0.00149 loss_pq_va:0.02171 loss_pv_va:0.02210
INFO|2024-09-25 16:48:30: Epoch[066/100], iter[196/392], loss_total:0.07522, loss_equ:0.17866 loss_pq_vm:0.00145 loss_pq_va:0.02112 loss_pv_va:0.02173
INFO|2024-09-25 16:48:42: Epoch[066/100], iter[235/392], loss_total:0.08572, loss_equ:0.18860 loss_pq_vm:0.00191 loss_pq_va:0.02349 loss_pv_va:0.02424
INFO|2024-09-25 16:48:54: Epoch[066/100], iter[274/392], loss_total:0.07073, loss_equ:0.17580 loss_pq_vm:0.00147 loss_pq_va:0.01890 loss_pv_va:0.01958
INFO|2024-09-25 16:49:06: Epoch[066/100], iter[313/392], loss_total:0.07550, loss_equ:0.17818 loss_pq_vm:0.00148 loss_pq_va:0.02108 loss_pv_va:0.02179
INFO|2024-09-25 16:49:18: Epoch[066/100], iter[352/392], loss_total:0.07433, loss_equ:0.17656 loss_pq_vm:0.00146 loss_pq_va:0.02070 loss_pv_va:0.02135
INFO|2024-09-25 16:49:30: Epoch[066/100], iter[392/392], loss_total:0.07490, loss_equ:0.17536 loss_pq_vm:0.00147 loss_pq_va:0.02106 loss_pv_va:0.02157
INFO|2024-09-25 16:50:18: Epoch 65/100, lr:  0.00026653, eta: 1.6h, train_loss:  0.07597, valid_loss:  0.10043
INFO|2024-09-25 16:50:18: 	Train: PQ_Vm_rmse: 0.00223892  PQ_Va_rmse: 0.03095949  PV_Va_rmse: 0.03135294  delta_p: 0.11818634  delta_q: 0.03268745  
INFO|2024-09-25 16:50:18: 	ZTest: PQ_Vm_rmse: 0.00276324  PQ_Va_rmse: 0.04647070  PV_Va_rmse: 0.04581444  delta_p: 0.13909519  delta_q: 0.03791887  
INFO|2024-09-25 16:50:18: 	ZTest-ema: PQ_Vm_rmse: 0.002738  PQ_Va_rmse: 0.045310  PV_Va_rmse: 0.044727  delta_p: 0.135073  delta_q: 0.037002  
INFO|2024-09-25 16:50:18: 	           ValOfEMA:0.045310/0.045310,  Epoch:66/66
INFO|2024-09-25 16:50:19: 	Time(ep):168s,  Val(curr/best):0.046471/0.046349,  Epoch(curr/best):66/63
INFO|2024-09-25 16:50:19: -------------------- Epoch: 67 --------------------
INFO|2024-09-25 16:50:32: Epoch[067/100], iter[040/392], loss_total:0.07560, loss_equ:0.18356 loss_pq_vm:0.00148 loss_pq_va:0.02095 loss_pv_va:0.02153
INFO|2024-09-25 16:50:44: Epoch[067/100], iter[079/392], loss_total:0.08162, loss_equ:0.18582 loss_pq_vm:0.00152 loss_pq_va:0.02341 loss_pv_va:0.02437
INFO|2024-09-25 16:50:56: Epoch[067/100], iter[118/392], loss_total:0.07416, loss_equ:0.17907 loss_pq_vm:0.00151 loss_pq_va:0.02027 loss_pv_va:0.02087
INFO|2024-09-25 16:51:08: Epoch[067/100], iter[157/392], loss_total:0.07614, loss_equ:0.18218 loss_pq_vm:0.00160 loss_pq_va:0.02068 loss_pv_va:0.02128
INFO|2024-09-25 16:51:20: Epoch[067/100], iter[196/392], loss_total:0.07338, loss_equ:0.17806 loss_pq_vm:0.00147 loss_pq_va:0.02012 loss_pv_va:0.02076
INFO|2024-09-25 16:51:32: Epoch[067/100], iter[235/392], loss_total:0.07284, loss_equ:0.17711 loss_pq_vm:0.00151 loss_pq_va:0.01956 loss_pv_va:0.02050
INFO|2024-09-25 16:51:44: Epoch[067/100], iter[274/392], loss_total:0.07355, loss_equ:0.17483 loss_pq_vm:0.00148 loss_pq_va:0.02030 loss_pv_va:0.02093
INFO|2024-09-25 16:51:56: Epoch[067/100], iter[313/392], loss_total:0.07173, loss_equ:0.17727 loss_pq_vm:0.00149 loss_pq_va:0.01924 loss_pv_va:0.01987
INFO|2024-09-25 16:52:08: Epoch[067/100], iter[352/392], loss_total:0.07521, loss_equ:0.18040 loss_pq_vm:0.00149 loss_pq_va:0.02094 loss_pv_va:0.02138
INFO|2024-09-25 16:52:20: Epoch[067/100], iter[392/392], loss_total:0.07303, loss_equ:0.17653 loss_pq_vm:0.00152 loss_pq_va:0.01980 loss_pv_va:0.02041
INFO|2024-09-25 16:53:07: Epoch 66/100, lr:  0.00025302, eta: 1.54h, train_loss:  0.07446, valid_loss:  0.10055
INFO|2024-09-25 16:53:07: 	Train: PQ_Vm_rmse: 0.00222596  PQ_Va_rmse: 0.03019580  PV_Va_rmse: 0.03062592  delta_p: 0.11775205  delta_q: 0.03252005  
INFO|2024-09-25 16:53:07: 	ZTest: PQ_Vm_rmse: 0.00279257  PQ_Va_rmse: 0.04704746  PV_Va_rmse: 0.04641923  delta_p: 0.13871119  delta_q: 0.03775774  
INFO|2024-09-25 16:53:07: 	ZTest-ema: PQ_Vm_rmse: 0.002730  PQ_Va_rmse: 0.045139  PV_Va_rmse: 0.044561  delta_p: 0.135331  delta_q: 0.036964  
INFO|2024-09-25 16:53:07: 	           ValOfEMA:0.045139/0.045139,  Epoch:67/67
INFO|2024-09-25 16:53:08: 	Time(ep):168s,  Val(curr/best):0.047047/0.046349,  Epoch(curr/best):67/63
INFO|2024-09-25 16:53:08: -------------------- Epoch: 68 --------------------
INFO|2024-09-25 16:53:21: Epoch[068/100], iter[040/392], loss_total:0.07439, loss_equ:0.17875 loss_pq_vm:0.00144 loss_pq_va:0.02079 loss_pv_va:0.02131
INFO|2024-09-25 16:53:34: Epoch[068/100], iter[079/392], loss_total:0.07354, loss_equ:0.17630 loss_pq_vm:0.00147 loss_pq_va:0.02032 loss_pv_va:0.02087
INFO|2024-09-25 16:53:45: Epoch[068/100], iter[118/392], loss_total:0.06753, loss_equ:0.17240 loss_pq_vm:0.00145 loss_pq_va:0.01760 loss_pv_va:0.01819
INFO|2024-09-25 16:53:57: Epoch[068/100], iter[157/392], loss_total:0.07295, loss_equ:0.17593 loss_pq_vm:0.00148 loss_pq_va:0.02009 loss_pv_va:0.02050
INFO|2024-09-25 16:54:09: Epoch[068/100], iter[196/392], loss_total:0.07326, loss_equ:0.17764 loss_pq_vm:0.00147 loss_pq_va:0.02013 loss_pv_va:0.02067
INFO|2024-09-25 16:54:21: Epoch[068/100], iter[235/392], loss_total:0.07588, loss_equ:0.17681 loss_pq_vm:0.00149 loss_pq_va:0.02135 loss_pv_va:0.02196
INFO|2024-09-25 16:54:33: Epoch[068/100], iter[274/392], loss_total:0.07934, loss_equ:0.18054 loss_pq_vm:0.00149 loss_pq_va:0.02299 loss_pv_va:0.02337
INFO|2024-09-25 16:54:45: Epoch[068/100], iter[313/392], loss_total:0.07432, loss_equ:0.17751 loss_pq_vm:0.00146 loss_pq_va:0.02068 loss_pv_va:0.02127
INFO|2024-09-25 16:54:57: Epoch[068/100], iter[352/392], loss_total:0.07984, loss_equ:0.17888 loss_pq_vm:0.00149 loss_pq_va:0.02325 loss_pv_va:0.02379
INFO|2024-09-25 16:55:10: Epoch[068/100], iter[392/392], loss_total:0.07045, loss_equ:0.17605 loss_pq_vm:0.00144 loss_pq_va:0.01887 loss_pv_va:0.01957
INFO|2024-09-25 16:55:58: Epoch 67/100, lr:  0.00023977, eta: 1.51h, train_loss:  0.07444, valid_loss:  0.10084
INFO|2024-09-25 16:55:58: 	Train: PQ_Vm_rmse: 0.00222092  PQ_Va_rmse: 0.03015598  PV_Va_rmse: 0.03058687  delta_p: 0.11731246  delta_q: 0.03248885  
INFO|2024-09-25 16:55:58: 	ZTest: PQ_Vm_rmse: 0.00284653  PQ_Va_rmse: 0.04674450  PV_Va_rmse: 0.04607005  delta_p: 0.13794455  delta_q: 0.03775701  
INFO|2024-09-25 16:55:58: 	ZTest-ema: PQ_Vm_rmse: 0.002724  PQ_Va_rmse: 0.045097  PV_Va_rmse: 0.044521  delta_p: 0.134880  delta_q: 0.036888  
INFO|2024-09-25 16:55:58: 	           ValOfEMA:0.045097/0.045097,  Epoch:68/68
INFO|2024-09-25 16:55:59: 	Time(ep):169s,  Val(curr/best):0.046744/0.046349,  Epoch(curr/best):68/63
INFO|2024-09-25 16:55:59: -------------------- Epoch: 69 --------------------
INFO|2024-09-25 16:56:12: Epoch[069/100], iter[040/392], loss_total:0.07025, loss_equ:0.17618 loss_pq_vm:0.00146 loss_pq_va:0.01864 loss_pv_va:0.01937
INFO|2024-09-25 16:56:24: Epoch[069/100], iter[079/392], loss_total:0.07268, loss_equ:0.17156 loss_pq_vm:0.00145 loss_pq_va:0.02014 loss_pv_va:0.02085
INFO|2024-09-25 16:56:36: Epoch[069/100], iter[118/392], loss_total:0.07300, loss_equ:0.17754 loss_pq_vm:0.00145 loss_pq_va:0.01997 loss_pv_va:0.02075
INFO|2024-09-25 16:56:48: Epoch[069/100], iter[157/392], loss_total:0.07086, loss_equ:0.17671 loss_pq_vm:0.00147 loss_pq_va:0.01884 loss_pv_va:0.01967
INFO|2024-09-25 16:57:00: Epoch[069/100], iter[196/392], loss_total:0.07424, loss_equ:0.17683 loss_pq_vm:0.00149 loss_pq_va:0.02046 loss_pv_va:0.02119
INFO|2024-09-25 16:57:12: Epoch[069/100], iter[235/392], loss_total:0.07797, loss_equ:0.18243 loss_pq_vm:0.00145 loss_pq_va:0.02211 loss_pv_va:0.02312
INFO|2024-09-25 16:57:24: Epoch[069/100], iter[274/392], loss_total:0.07514, loss_equ:0.17797 loss_pq_vm:0.00145 loss_pq_va:0.02107 loss_pv_va:0.02183
INFO|2024-09-25 16:57:36: Epoch[069/100], iter[313/392], loss_total:0.06986, loss_equ:0.17382 loss_pq_vm:0.00145 loss_pq_va:0.01858 loss_pv_va:0.01937
INFO|2024-09-25 16:57:48: Epoch[069/100], iter[352/392], loss_total:0.07606, loss_equ:0.17521 loss_pq_vm:0.00147 loss_pq_va:0.02158 loss_pv_va:0.02230
INFO|2024-09-25 16:58:00: Epoch[069/100], iter[392/392], loss_total:0.07334, loss_equ:0.17599 loss_pq_vm:0.00147 loss_pq_va:0.02006 loss_pv_va:0.02096
INFO|2024-09-25 16:58:49: Epoch 68/100, lr:  0.00022677, eta: 1.47h, train_loss:  0.07329, valid_loss:  0.09875
INFO|2024-09-25 16:58:49: 	Train: PQ_Vm_rmse: 0.00219294  PQ_Va_rmse: 0.02973942  PV_Va_rmse: 0.03020660  delta_p: 0.11612418  delta_q: 0.03217881  
INFO|2024-09-25 16:58:49: 	ZTest: PQ_Vm_rmse: 0.00280191  PQ_Va_rmse: 0.04535063  PV_Va_rmse: 0.04479508  delta_p: 0.14012136  delta_q: 0.03799262  
INFO|2024-09-25 16:58:49: 	ZTest-ema: PQ_Vm_rmse: 0.002715  PQ_Va_rmse: 0.045008  PV_Va_rmse: 0.044448  delta_p: 0.134852  delta_q: 0.036836  
INFO|2024-09-25 16:58:49: 	           ValOfEMA:0.045008/0.045008,  Epoch:69/69
INFO|2024-09-25 16:58:50: 	Time(ep):170s,  Val(curr/best):0.045351/0.045351,  Epoch(curr/best):69/69
INFO|2024-09-25 16:58:50: -------------------- Epoch: 70 --------------------
INFO|2024-09-25 16:59:04: Epoch[070/100], iter[040/392], loss_total:0.07350, loss_equ:0.17468 loss_pq_vm:0.00148 loss_pq_va:0.02041 loss_pv_va:0.02085
INFO|2024-09-25 16:59:16: Epoch[070/100], iter[079/392], loss_total:0.07132, loss_equ:0.17609 loss_pq_vm:0.00148 loss_pq_va:0.01920 loss_pv_va:0.01971
INFO|2024-09-25 16:59:28: Epoch[070/100], iter[118/392], loss_total:0.07026, loss_equ:0.17358 loss_pq_vm:0.00145 loss_pq_va:0.01883 loss_pv_va:0.01956
INFO|2024-09-25 16:59:40: Epoch[070/100], iter[157/392], loss_total:0.06952, loss_equ:0.17585 loss_pq_vm:0.00146 loss_pq_va:0.01821 loss_pv_va:0.01915
INFO|2024-09-25 16:59:52: Epoch[070/100], iter[196/392], loss_total:0.07320, loss_equ:0.18656 loss_pq_vm:0.00159 loss_pq_va:0.01893 loss_pv_va:0.01970
INFO|2024-09-25 17:00:04: Epoch[070/100], iter[235/392], loss_total:0.07267, loss_equ:0.17593 loss_pq_vm:0.00146 loss_pq_va:0.01996 loss_pv_va:0.02050
INFO|2024-09-25 17:00:16: Epoch[070/100], iter[274/392], loss_total:0.07070, loss_equ:0.17289 loss_pq_vm:0.00146 loss_pq_va:0.01903 loss_pv_va:0.01976
INFO|2024-09-25 17:00:28: Epoch[070/100], iter[313/392], loss_total:0.06958, loss_equ:0.17433 loss_pq_vm:0.00144 loss_pq_va:0.01840 loss_pv_va:0.01935
INFO|2024-09-25 17:00:39: Epoch[070/100], iter[352/392], loss_total:0.07116, loss_equ:0.17681 loss_pq_vm:0.00149 loss_pq_va:0.01889 loss_pv_va:0.01970
INFO|2024-09-25 17:00:51: Epoch[070/100], iter[392/392], loss_total:0.07124, loss_equ:0.17684 loss_pq_vm:0.00145 loss_pq_va:0.01920 loss_pv_va:0.01985
INFO|2024-09-25 17:01:40: Epoch 69/100, lr:  0.00021405, eta: 1.42h, train_loss:  0.07249, valid_loss:  0.09867
INFO|2024-09-25 17:01:40: 	Train: PQ_Vm_rmse: 0.00217570  PQ_Va_rmse: 0.02935940  PV_Va_rmse: 0.02985708  delta_p: 0.11568871  delta_q: 0.03200401  
INFO|2024-09-25 17:01:40: 	ZTest: PQ_Vm_rmse: 0.00273727  PQ_Va_rmse: 0.04615601  PV_Va_rmse: 0.04550467  delta_p: 0.13754569  delta_q: 0.03761257  
INFO|2024-09-25 17:01:40: 	ZTest-ema: PQ_Vm_rmse: 0.002708  PQ_Va_rmse: 0.044965  PV_Va_rmse: 0.044411  delta_p: 0.134516  delta_q: 0.036776  
INFO|2024-09-25 17:01:40: 	           ValOfEMA:0.044965/0.044965,  Epoch:70/70
INFO|2024-09-25 17:01:41: 	Time(ep):169s,  Val(curr/best):0.046156/0.045351,  Epoch(curr/best):70/69
INFO|2024-09-25 17:01:41: -------------------- Epoch: 71 --------------------
INFO|2024-09-25 17:01:54: Epoch[071/100], iter[040/392], loss_total:0.07421, loss_equ:0.17623 loss_pq_vm:0.00145 loss_pq_va:0.02074 loss_pv_va:0.02140
INFO|2024-09-25 17:02:06: Epoch[071/100], iter[079/392], loss_total:0.07246, loss_equ:0.17643 loss_pq_vm:0.00148 loss_pq_va:0.01973 loss_pv_va:0.02031
INFO|2024-09-25 17:02:18: Epoch[071/100], iter[118/392], loss_total:0.06834, loss_equ:0.17246 loss_pq_vm:0.00145 loss_pq_va:0.01789 loss_pv_va:0.01865
INFO|2024-09-25 17:02:30: Epoch[071/100], iter[157/392], loss_total:0.07293, loss_equ:0.17357 loss_pq_vm:0.00145 loss_pq_va:0.02021 loss_pv_va:0.02083
INFO|2024-09-25 17:02:42: Epoch[071/100], iter[196/392], loss_total:0.07517, loss_equ:0.17765 loss_pq_vm:0.00144 loss_pq_va:0.02125 loss_pv_va:0.02173
INFO|2024-09-25 17:02:54: Epoch[071/100], iter[235/392], loss_total:0.07030, loss_equ:0.17190 loss_pq_vm:0.00144 loss_pq_va:0.01917 loss_pv_va:0.01953
INFO|2024-09-25 17:03:06: Epoch[071/100], iter[274/392], loss_total:0.07036, loss_equ:0.17702 loss_pq_vm:0.00145 loss_pq_va:0.01888 loss_pv_va:0.01925
INFO|2024-09-25 17:03:18: Epoch[071/100], iter[313/392], loss_total:0.07414, loss_equ:0.17704 loss_pq_vm:0.00146 loss_pq_va:0.02070 loss_pv_va:0.02117
INFO|2024-09-25 17:03:30: Epoch[071/100], iter[352/392], loss_total:0.07302, loss_equ:0.17576 loss_pq_vm:0.00145 loss_pq_va:0.02012 loss_pv_va:0.02082
INFO|2024-09-25 17:03:42: Epoch[071/100], iter[392/392], loss_total:0.07353, loss_equ:0.17585 loss_pq_vm:0.00148 loss_pq_va:0.02020 loss_pv_va:0.02092
INFO|2024-09-25 17:04:30: Epoch 70/100, lr:  0.00020161, eta: 1.36h, train_loss:  0.07248, valid_loss:  0.09836
INFO|2024-09-25 17:04:30: 	Train: PQ_Vm_rmse: 0.00216963  PQ_Va_rmse: 0.02929829  PV_Va_rmse: 0.02980807  delta_p: 0.11611884  delta_q: 0.03194772  
INFO|2024-09-25 17:04:30: 	ZTest: PQ_Vm_rmse: 0.00272411  PQ_Va_rmse: 0.04601220  PV_Va_rmse: 0.04535553  delta_p: 0.13724124  delta_q: 0.03737188  
INFO|2024-09-25 17:04:30: 	ZTest-ema: PQ_Vm_rmse: 0.002702  PQ_Va_rmse: 0.044939  PV_Va_rmse: 0.044386  delta_p: 0.134385  delta_q: 0.036731  
INFO|2024-09-25 17:04:30: 	           ValOfEMA:0.044939/0.044939,  Epoch:71/71
INFO|2024-09-25 17:04:31: 	Time(ep):169s,  Val(curr/best):0.046012/0.045351,  Epoch(curr/best):71/69
INFO|2024-09-25 17:04:31: -------------------- Epoch: 72 --------------------
INFO|2024-09-25 17:04:44: Epoch[072/100], iter[040/392], loss_total:0.07370, loss_equ:0.17250 loss_pq_vm:0.00144 loss_pq_va:0.02075 loss_pv_va:0.02133
INFO|2024-09-25 17:04:56: Epoch[072/100], iter[079/392], loss_total:0.07018, loss_equ:0.17387 loss_pq_vm:0.00151 loss_pq_va:0.01855 loss_pv_va:0.01911
INFO|2024-09-25 17:05:08: Epoch[072/100], iter[118/392], loss_total:0.07371, loss_equ:0.17332 loss_pq_vm:0.00144 loss_pq_va:0.02069 loss_pv_va:0.02127
INFO|2024-09-25 17:05:20: Epoch[072/100], iter[157/392], loss_total:0.07277, loss_equ:0.17503 loss_pq_vm:0.00149 loss_pq_va:0.01996 loss_pv_va:0.02045
INFO|2024-09-25 17:05:32: Epoch[072/100], iter[196/392], loss_total:0.07228, loss_equ:0.17380 loss_pq_vm:0.00147 loss_pq_va:0.01981 loss_pv_va:0.02039
INFO|2024-09-25 17:05:44: Epoch[072/100], iter[235/392], loss_total:0.06931, loss_equ:0.17351 loss_pq_vm:0.00143 loss_pq_va:0.01847 loss_pv_va:0.01921
INFO|2024-09-25 17:05:56: Epoch[072/100], iter[274/392], loss_total:0.07020, loss_equ:0.17429 loss_pq_vm:0.00146 loss_pq_va:0.01884 loss_pv_va:0.01938
INFO|2024-09-25 17:06:08: Epoch[072/100], iter[313/392], loss_total:0.07505, loss_equ:0.17570 loss_pq_vm:0.00147 loss_pq_va:0.02118 loss_pv_va:0.02161
INFO|2024-09-25 17:06:20: Epoch[072/100], iter[352/392], loss_total:0.07127, loss_equ:0.17384 loss_pq_vm:0.00145 loss_pq_va:0.01943 loss_pv_va:0.01999
INFO|2024-09-25 17:06:33: Epoch[072/100], iter[392/392], loss_total:0.06927, loss_equ:0.17275 loss_pq_vm:0.00142 loss_pq_va:0.01852 loss_pv_va:0.01931
INFO|2024-09-25 17:07:20: Epoch 71/100, lr:  0.00018948, eta: 1.32h, train_loss:  0.07141, valid_loss:  0.09810
INFO|2024-09-25 17:07:20: 	Train: PQ_Vm_rmse: 0.00216306  PQ_Va_rmse: 0.02888505  PV_Va_rmse: 0.02941309  delta_p: 0.11396612  delta_q: 0.03173347  
INFO|2024-09-25 17:07:20: 	ZTest: PQ_Vm_rmse: 0.00272180  PQ_Va_rmse: 0.04589392  PV_Va_rmse: 0.04526905  delta_p: 0.13688604  delta_q: 0.03737564  
INFO|2024-09-25 17:07:20: 	ZTest-ema: PQ_Vm_rmse: 0.002696  PQ_Va_rmse: 0.044846  PV_Va_rmse: 0.044304  delta_p: 0.134404  delta_q: 0.036702  
INFO|2024-09-25 17:07:20: 	           ValOfEMA:0.044846/0.044846,  Epoch:72/72
INFO|2024-09-25 17:07:21: 	Time(ep):169s,  Val(curr/best):0.045894/0.045351,  Epoch(curr/best):72/69
INFO|2024-09-25 17:07:21: -------------------- Epoch: 73 --------------------
INFO|2024-09-25 17:07:35: Epoch[073/100], iter[040/392], loss_total:0.06856, loss_equ:0.17485 loss_pq_vm:0.00145 loss_pq_va:0.01795 loss_pv_va:0.01861
INFO|2024-09-25 17:07:47: Epoch[073/100], iter[079/392], loss_total:0.07542, loss_equ:0.17406 loss_pq_vm:0.00149 loss_pq_va:0.02127 loss_pv_va:0.02188
INFO|2024-09-25 17:07:59: Epoch[073/100], iter[118/392], loss_total:0.07259, loss_equ:0.17329 loss_pq_vm:0.00144 loss_pq_va:0.02018 loss_pv_va:0.02072
INFO|2024-09-25 17:08:11: Epoch[073/100], iter[157/392], loss_total:0.06991, loss_equ:0.17217 loss_pq_vm:0.00143 loss_pq_va:0.01888 loss_pv_va:0.01948
INFO|2024-09-25 17:08:23: Epoch[073/100], iter[196/392], loss_total:0.07374, loss_equ:0.17613 loss_pq_vm:0.00144 loss_pq_va:0.02049 loss_pv_va:0.02121
INFO|2024-09-25 17:08:35: Epoch[073/100], iter[235/392], loss_total:0.06902, loss_equ:0.17396 loss_pq_vm:0.00144 loss_pq_va:0.01821 loss_pv_va:0.01904
INFO|2024-09-25 17:08:47: Epoch[073/100], iter[274/392], loss_total:0.06966, loss_equ:0.17025 loss_pq_vm:0.00142 loss_pq_va:0.01886 loss_pv_va:0.01953
INFO|2024-09-25 17:08:59: Epoch[073/100], iter[313/392], loss_total:0.07018, loss_equ:0.17344 loss_pq_vm:0.00144 loss_pq_va:0.01892 loss_pv_va:0.01948
INFO|2024-09-25 17:09:11: Epoch[073/100], iter[352/392], loss_total:0.07434, loss_equ:0.17622 loss_pq_vm:0.00143 loss_pq_va:0.02084 loss_pv_va:0.02161
INFO|2024-09-25 17:09:24: Epoch[073/100], iter[392/392], loss_total:0.07075, loss_equ:0.17497 loss_pq_vm:0.00149 loss_pq_va:0.01891 loss_pv_va:0.01942
INFO|2024-09-25 17:10:11: Epoch 72/100, lr:  0.00017765, eta: 1.28h, train_loss:  0.07091, valid_loss:  0.09849
INFO|2024-09-25 17:10:11: 	Train: PQ_Vm_rmse: 0.00215293  PQ_Va_rmse: 0.02862110  PV_Va_rmse: 0.02916886  delta_p: 0.11411066  delta_q: 0.03167032  
INFO|2024-09-25 17:10:11: 	ZTest: PQ_Vm_rmse: 0.00271838  PQ_Va_rmse: 0.04530457  PV_Va_rmse: 0.04481354  delta_p: 0.13796700  delta_q: 0.03774492  
INFO|2024-09-25 17:10:11: 	ZTest-ema: PQ_Vm_rmse: 0.002689  PQ_Va_rmse: 0.044790  PV_Va_rmse: 0.044255  delta_p: 0.134244  delta_q: 0.036653  
INFO|2024-09-25 17:10:11: 	           ValOfEMA:0.044790/0.044790,  Epoch:73/73
INFO|2024-09-25 17:10:12: 	Time(ep):170s,  Val(curr/best):0.045305/0.045305,  Epoch(curr/best):73/73
INFO|2024-09-25 17:10:12: -------------------- Epoch: 74 --------------------
INFO|2024-09-25 17:10:26: Epoch[074/100], iter[040/392], loss_total:0.08143, loss_equ:0.17682 loss_pq_vm:0.00149 loss_pq_va:0.02418 loss_pv_va:0.02462
INFO|2024-09-25 17:10:38: Epoch[074/100], iter[079/392], loss_total:0.07093, loss_equ:0.17158 loss_pq_vm:0.00149 loss_pq_va:0.01923 loss_pv_va:0.01964
INFO|2024-09-25 17:10:50: Epoch[074/100], iter[118/392], loss_total:0.06980, loss_equ:0.16964 loss_pq_vm:0.00142 loss_pq_va:0.01907 loss_pv_va:0.01956
INFO|2024-09-25 17:11:02: Epoch[074/100], iter[157/392], loss_total:0.07072, loss_equ:0.17240 loss_pq_vm:0.00145 loss_pq_va:0.01922 loss_pv_va:0.01972
INFO|2024-09-25 17:11:14: Epoch[074/100], iter[196/392], loss_total:0.06896, loss_equ:0.17153 loss_pq_vm:0.00142 loss_pq_va:0.01848 loss_pv_va:0.01910
INFO|2024-09-25 17:11:26: Epoch[074/100], iter[235/392], loss_total:0.07048, loss_equ:0.17211 loss_pq_vm:0.00144 loss_pq_va:0.01910 loss_pv_va:0.01976
INFO|2024-09-25 17:11:38: Epoch[074/100], iter[274/392], loss_total:0.06994, loss_equ:0.17031 loss_pq_vm:0.00143 loss_pq_va:0.01895 loss_pv_va:0.01969
INFO|2024-09-25 17:11:51: Epoch[074/100], iter[313/392], loss_total:0.07191, loss_equ:0.17322 loss_pq_vm:0.00145 loss_pq_va:0.01978 loss_pv_va:0.02034
INFO|2024-09-25 17:12:03: Epoch[074/100], iter[352/392], loss_total:0.06897, loss_equ:0.17184 loss_pq_vm:0.00145 loss_pq_va:0.01839 loss_pv_va:0.01888
INFO|2024-09-25 17:12:15: Epoch[074/100], iter[392/392], loss_total:0.07452, loss_equ:0.17680 loss_pq_vm:0.00146 loss_pq_va:0.02082 loss_pv_va:0.02138
INFO|2024-09-25 17:13:04: Epoch 73/100, lr:  0.00016615, eta: 1.24h, train_loss:  0.07046, valid_loss:  0.09838
INFO|2024-09-25 17:13:04: 	Train: PQ_Vm_rmse: 0.00214680  PQ_Va_rmse: 0.02840260  PV_Va_rmse: 0.02897508  delta_p: 0.11314620  delta_q: 0.03151602  
INFO|2024-09-25 17:13:04: 	ZTest: PQ_Vm_rmse: 0.00276198  PQ_Va_rmse: 0.04560584  PV_Va_rmse: 0.04506382  delta_p: 0.13685992  delta_q: 0.03762682  
INFO|2024-09-25 17:13:04: 	ZTest-ema: PQ_Vm_rmse: 0.002684  PQ_Va_rmse: 0.044740  PV_Va_rmse: 0.044207  delta_p: 0.134197  delta_q: 0.036623  
INFO|2024-09-25 17:13:04: 	           ValOfEMA:0.044740/0.044740,  Epoch:74/74
INFO|2024-09-25 17:13:05: 	Time(ep):171s,  Val(curr/best):0.045606/0.045305,  Epoch(curr/best):74/73
INFO|2024-09-25 17:13:05: -------------------- Epoch: 75 --------------------
INFO|2024-09-25 17:13:18: Epoch[075/100], iter[040/392], loss_total:0.07013, loss_equ:0.17234 loss_pq_vm:0.00145 loss_pq_va:0.01881 loss_pv_va:0.01963
INFO|2024-09-25 17:13:30: Epoch[075/100], iter[079/392], loss_total:0.07085, loss_equ:0.17438 loss_pq_vm:0.00144 loss_pq_va:0.01920 loss_pv_va:0.01982
INFO|2024-09-25 17:13:43: Epoch[075/100], iter[118/392], loss_total:0.06761, loss_equ:0.17032 loss_pq_vm:0.00143 loss_pq_va:0.01773 loss_pv_va:0.01858
INFO|2024-09-25 17:13:55: Epoch[075/100], iter[157/392], loss_total:0.06703, loss_equ:0.17125 loss_pq_vm:0.00142 loss_pq_va:0.01741 loss_pv_va:0.01826
INFO|2024-09-25 17:14:07: Epoch[075/100], iter[196/392], loss_total:0.07032, loss_equ:0.17218 loss_pq_vm:0.00145 loss_pq_va:0.01901 loss_pv_va:0.01959
INFO|2024-09-25 17:14:19: Epoch[075/100], iter[235/392], loss_total:0.07130, loss_equ:0.17021 loss_pq_vm:0.00143 loss_pq_va:0.01963 loss_pv_va:0.02035
INFO|2024-09-25 17:14:31: Epoch[075/100], iter[274/392], loss_total:0.06811, loss_equ:0.17093 loss_pq_vm:0.00143 loss_pq_va:0.01807 loss_pv_va:0.01864
INFO|2024-09-25 17:14:43: Epoch[075/100], iter[313/392], loss_total:0.07117, loss_equ:0.17394 loss_pq_vm:0.00143 loss_pq_va:0.01940 loss_pv_va:0.02012
INFO|2024-09-25 17:14:55: Epoch[075/100], iter[352/392], loss_total:0.06894, loss_equ:0.17221 loss_pq_vm:0.00145 loss_pq_va:0.01820 loss_pv_va:0.01906
INFO|2024-09-25 17:15:07: Epoch[075/100], iter[392/392], loss_total:0.07025, loss_equ:0.17365 loss_pq_vm:0.00143 loss_pq_va:0.01900 loss_pv_va:0.01961
INFO|2024-09-25 17:15:58: Epoch 74/100, lr:  0.00015498, eta: 1.2h, train_loss:  0.06962, valid_loss:  0.09715
INFO|2024-09-25 17:15:58: 	Train: PQ_Vm_rmse: 0.00213100  PQ_Va_rmse: 0.02804675  PV_Va_rmse: 0.02864253  delta_p: 0.11275428  delta_q: 0.03138210  
INFO|2024-09-25 17:15:58: 	ZTest: PQ_Vm_rmse: 0.00269418  PQ_Va_rmse: 0.04493370  PV_Va_rmse: 0.04450634  delta_p: 0.13615854  delta_q: 0.03709180  
INFO|2024-09-25 17:15:58: 	ZTest-ema: PQ_Vm_rmse: 0.002678  PQ_Va_rmse: 0.044694  PV_Va_rmse: 0.044167  delta_p: 0.133990  delta_q: 0.036581  
INFO|2024-09-25 17:15:58: 	           ValOfEMA:0.044694/0.044694,  Epoch:75/75
INFO|2024-09-25 17:15:59: 	Time(ep):172s,  Val(curr/best):0.044934/0.044934,  Epoch(curr/best):75/75
INFO|2024-09-25 17:15:59: -------------------- Epoch: 76 --------------------
INFO|2024-09-25 17:16:12: Epoch[076/100], iter[040/392], loss_total:0.06766, loss_equ:0.16996 loss_pq_vm:0.00140 loss_pq_va:0.01796 loss_pv_va:0.01868
INFO|2024-09-25 17:16:24: Epoch[076/100], iter[079/392], loss_total:0.06902, loss_equ:0.17275 loss_pq_vm:0.00143 loss_pq_va:0.01837 loss_pv_va:0.01904
INFO|2024-09-25 17:16:36: Epoch[076/100], iter[118/392], loss_total:0.07032, loss_equ:0.17173 loss_pq_vm:0.00144 loss_pq_va:0.01907 loss_pv_va:0.01967
INFO|2024-09-25 17:16:48: Epoch[076/100], iter[157/392], loss_total:0.06845, loss_equ:0.17299 loss_pq_vm:0.00143 loss_pq_va:0.01809 loss_pv_va:0.01880
INFO|2024-09-25 17:17:00: Epoch[076/100], iter[196/392], loss_total:0.06920, loss_equ:0.17301 loss_pq_vm:0.00145 loss_pq_va:0.01832 loss_pv_va:0.01908
INFO|2024-09-25 17:17:12: Epoch[076/100], iter[235/392], loss_total:0.06870, loss_equ:0.17250 loss_pq_vm:0.00143 loss_pq_va:0.01822 loss_pv_va:0.01888
INFO|2024-09-25 17:17:25: Epoch[076/100], iter[274/392], loss_total:0.07187, loss_equ:0.17244 loss_pq_vm:0.00142 loss_pq_va:0.01972 loss_pv_va:0.02067
INFO|2024-09-25 17:17:37: Epoch[076/100], iter[313/392], loss_total:0.06943, loss_equ:0.17041 loss_pq_vm:0.00144 loss_pq_va:0.01856 loss_pv_va:0.01940
INFO|2024-09-25 17:17:49: Epoch[076/100], iter[352/392], loss_total:0.06877, loss_equ:0.16803 loss_pq_vm:0.00143 loss_pq_va:0.01847 loss_pv_va:0.01918
INFO|2024-09-25 17:18:01: Epoch[076/100], iter[392/392], loss_total:0.07103, loss_equ:0.17343 loss_pq_vm:0.00144 loss_pq_va:0.01943 loss_pv_va:0.01990
INFO|2024-09-25 17:18:50: Epoch 75/100, lr:  0.00014416, eta: 1.14h, train_loss:  0.06920, valid_loss:  0.09672
INFO|2024-09-25 17:18:50: 	Train: PQ_Vm_rmse: 0.00212536  PQ_Va_rmse: 0.02780416  PV_Va_rmse: 0.02842122  delta_p: 0.11244666  delta_q: 0.03129375  
INFO|2024-09-25 17:18:50: 	ZTest: PQ_Vm_rmse: 0.00269631  PQ_Va_rmse: 0.04480520  PV_Va_rmse: 0.04429777  delta_p: 0.13672714  delta_q: 0.03715107  
INFO|2024-09-25 17:18:50: 	ZTest-ema: PQ_Vm_rmse: 0.002673  PQ_Va_rmse: 0.044621  PV_Va_rmse: 0.044109  delta_p: 0.133966  delta_q: 0.036545  
INFO|2024-09-25 17:18:50: 	           ValOfEMA:0.044621/0.044621,  Epoch:76/76
INFO|2024-09-25 17:18:51: 	Time(ep):171s,  Val(curr/best):0.044805/0.044805,  Epoch(curr/best):76/76
INFO|2024-09-25 17:18:51: -------------------- Epoch: 77 --------------------
INFO|2024-09-25 17:19:05: Epoch[077/100], iter[040/392], loss_total:0.06853, loss_equ:0.17114 loss_pq_vm:0.00140 loss_pq_va:0.01834 loss_pv_va:0.01905
INFO|2024-09-25 17:19:17: Epoch[077/100], iter[079/392], loss_total:0.06906, loss_equ:0.17284 loss_pq_vm:0.00143 loss_pq_va:0.01838 loss_pv_va:0.01913
INFO|2024-09-25 17:19:29: Epoch[077/100], iter[118/392], loss_total:0.06971, loss_equ:0.16996 loss_pq_vm:0.00141 loss_pq_va:0.01906 loss_pv_va:0.01950
INFO|2024-09-25 17:19:41: Epoch[077/100], iter[157/392], loss_total:0.06790, loss_equ:0.16982 loss_pq_vm:0.00142 loss_pq_va:0.01804 loss_pv_va:0.01864
INFO|2024-09-25 17:19:53: Epoch[077/100], iter[196/392], loss_total:0.06965, loss_equ:0.17075 loss_pq_vm:0.00141 loss_pq_va:0.01893 loss_pv_va:0.01951
INFO|2024-09-25 17:20:06: Epoch[077/100], iter[235/392], loss_total:0.06748, loss_equ:0.16917 loss_pq_vm:0.00140 loss_pq_va:0.01803 loss_pv_va:0.01857
INFO|2024-09-25 17:20:18: Epoch[077/100], iter[274/392], loss_total:0.06893, loss_equ:0.17145 loss_pq_vm:0.00143 loss_pq_va:0.01827 loss_pv_va:0.01919
INFO|2024-09-25 17:20:30: Epoch[077/100], iter[313/392], loss_total:0.06906, loss_equ:0.17256 loss_pq_vm:0.00143 loss_pq_va:0.01834 loss_pv_va:0.01911
INFO|2024-09-25 17:20:42: Epoch[077/100], iter[352/392], loss_total:0.06835, loss_equ:0.17073 loss_pq_vm:0.00142 loss_pq_va:0.01808 loss_pv_va:0.01900
INFO|2024-09-25 17:20:55: Epoch[077/100], iter[392/392], loss_total:0.07075, loss_equ:0.17126 loss_pq_vm:0.00142 loss_pq_va:0.01939 loss_pv_va:0.01998
INFO|2024-09-25 17:21:42: Epoch 76/100, lr:  0.00013370, eta: 1.09h, train_loss:  0.06864, valid_loss:  0.09666
INFO|2024-09-25 17:21:42: 	Train: PQ_Vm_rmse: 0.00211656  PQ_Va_rmse: 0.02754353  PV_Va_rmse: 0.02818966  delta_p: 0.11194003  delta_q: 0.03115505  
INFO|2024-09-25 17:21:42: 	ZTest: PQ_Vm_rmse: 0.00268939  PQ_Va_rmse: 0.04480754  PV_Va_rmse: 0.04433380  delta_p: 0.13528350  delta_q: 0.03705119  
INFO|2024-09-25 17:21:42: 	ZTest-ema: PQ_Vm_rmse: 0.002668  PQ_Va_rmse: 0.044608  PV_Va_rmse: 0.044101  delta_p: 0.133780  delta_q: 0.036497  
INFO|2024-09-25 17:21:43: 	           ValOfEMA:0.044608/0.044608,  Epoch:77/77
INFO|2024-09-25 17:21:43: 	Time(ep):171s,  Val(curr/best):0.044808/0.044805,  Epoch(curr/best):77/76
INFO|2024-09-25 17:21:43: -------------------- Epoch: 78 --------------------
INFO|2024-09-25 17:21:57: Epoch[078/100], iter[040/392], loss_total:0.06719, loss_equ:0.16993 loss_pq_vm:0.00141 loss_pq_va:0.01770 loss_pv_va:0.01843
INFO|2024-09-25 17:22:08: Epoch[078/100], iter[079/392], loss_total:0.06696, loss_equ:0.16969 loss_pq_vm:0.00140 loss_pq_va:0.01762 loss_pv_va:0.01837
INFO|2024-09-25 17:22:20: Epoch[078/100], iter[118/392], loss_total:0.06848, loss_equ:0.16871 loss_pq_vm:0.00141 loss_pq_va:0.01836 loss_pv_va:0.01916
INFO|2024-09-25 17:22:33: Epoch[078/100], iter[157/392], loss_total:0.06674, loss_equ:0.17043 loss_pq_vm:0.00143 loss_pq_va:0.01722 loss_pv_va:0.01820
INFO|2024-09-25 17:22:44: Epoch[078/100], iter[196/392], loss_total:0.06565, loss_equ:0.16736 loss_pq_vm:0.00144 loss_pq_va:0.01692 loss_pv_va:0.01761
INFO|2024-09-25 17:22:56: Epoch[078/100], iter[235/392], loss_total:0.06959, loss_equ:0.17068 loss_pq_vm:0.00142 loss_pq_va:0.01891 loss_pv_va:0.01940
INFO|2024-09-25 17:23:08: Epoch[078/100], iter[274/392], loss_total:0.07053, loss_equ:0.17144 loss_pq_vm:0.00141 loss_pq_va:0.01922 loss_pv_va:0.02006
INFO|2024-09-25 17:23:20: Epoch[078/100], iter[313/392], loss_total:0.06994, loss_equ:0.17204 loss_pq_vm:0.00157 loss_pq_va:0.01815 loss_pv_va:0.01885
INFO|2024-09-25 17:23:33: Epoch[078/100], iter[352/392], loss_total:0.07077, loss_equ:0.16999 loss_pq_vm:0.00141 loss_pq_va:0.01943 loss_pv_va:0.02023
INFO|2024-09-25 17:23:45: Epoch[078/100], iter[392/392], loss_total:0.06989, loss_equ:0.18048 loss_pq_vm:0.00157 loss_pq_va:0.01767 loss_pv_va:0.01849
INFO|2024-09-25 17:24:33: Epoch 77/100, lr:  0.00012360, eta: 1.04h, train_loss:  0.06901, valid_loss:  0.09823
INFO|2024-09-25 17:24:33: 	Train: PQ_Vm_rmse: 0.00212496  PQ_Va_rmse: 0.02765906  PV_Va_rmse: 0.02830225  delta_p: 0.11178734  delta_q: 0.03116054  
INFO|2024-09-25 17:24:33: 	ZTest: PQ_Vm_rmse: 0.00271454  PQ_Va_rmse: 0.04574548  PV_Va_rmse: 0.04511307  delta_p: 0.13658928  delta_q: 0.03703397  
INFO|2024-09-25 17:24:33: 	ZTest-ema: PQ_Vm_rmse: 0.002664  PQ_Va_rmse: 0.044613  PV_Va_rmse: 0.044106  delta_p: 0.133356  delta_q: 0.036438  
INFO|2024-09-25 17:24:33: 	           ValOfEMA:0.044613/0.044608,  Epoch:78/77
INFO|2024-09-25 17:24:34: 	Time(ep):170s,  Val(curr/best):0.045745/0.044805,  Epoch(curr/best):78/76
INFO|2024-09-25 17:24:34: -------------------- Epoch: 79 --------------------
INFO|2024-09-25 17:24:47: Epoch[079/100], iter[040/392], loss_total:0.06934, loss_equ:0.16847 loss_pq_vm:0.00140 loss_pq_va:0.01905 loss_pv_va:0.01947
INFO|2024-09-25 17:24:59: Epoch[079/100], iter[079/392], loss_total:0.06860, loss_equ:0.16944 loss_pq_vm:0.00139 loss_pq_va:0.01849 loss_pv_va:0.01926
INFO|2024-09-25 17:25:11: Epoch[079/100], iter[118/392], loss_total:0.07061, loss_equ:0.16860 loss_pq_vm:0.00141 loss_pq_va:0.01955 loss_pv_va:0.02006
INFO|2024-09-25 17:25:23: Epoch[079/100], iter[157/392], loss_total:0.07045, loss_equ:0.16943 loss_pq_vm:0.00142 loss_pq_va:0.01942 loss_pv_va:0.01990
INFO|2024-09-25 17:25:34: Epoch[079/100], iter[196/392], loss_total:0.06831, loss_equ:0.16874 loss_pq_vm:0.00142 loss_pq_va:0.01842 loss_pv_va:0.01880
INFO|2024-09-25 17:25:46: Epoch[079/100], iter[235/392], loss_total:0.06884, loss_equ:0.17183 loss_pq_vm:0.00142 loss_pq_va:0.01851 loss_pv_va:0.01892
INFO|2024-09-25 17:25:58: Epoch[079/100], iter[274/392], loss_total:0.06956, loss_equ:0.16999 loss_pq_vm:0.00140 loss_pq_va:0.01880 loss_pv_va:0.01979
INFO|2024-09-25 17:26:11: Epoch[079/100], iter[313/392], loss_total:0.06891, loss_equ:0.16913 loss_pq_vm:0.00140 loss_pq_va:0.01862 loss_pv_va:0.01939
INFO|2024-09-25 17:26:22: Epoch[079/100], iter[352/392], loss_total:0.06650, loss_equ:0.16892 loss_pq_vm:0.00141 loss_pq_va:0.01736 loss_pv_va:0.01815
INFO|2024-09-25 17:26:35: Epoch[079/100], iter[392/392], loss_total:0.06983, loss_equ:0.17110 loss_pq_vm:0.00141 loss_pq_va:0.01890 loss_pv_va:0.01970
INFO|2024-09-25 17:27:23: Epoch 78/100, lr:  0.00011387, eta: 0.99h, train_loss:  0.06801, valid_loss:  0.09636
INFO|2024-09-25 17:27:23: 	Train: PQ_Vm_rmse: 0.00210503  PQ_Va_rmse: 0.02726852  PV_Va_rmse: 0.02793663  delta_p: 0.11119619  delta_q: 0.03096679  
INFO|2024-09-25 17:27:23: 	ZTest: PQ_Vm_rmse: 0.00267663  PQ_Va_rmse: 0.04461332  PV_Va_rmse: 0.04414180  delta_p: 0.13560081  delta_q: 0.03699867  
INFO|2024-09-25 17:27:23: 	ZTest-ema: PQ_Vm_rmse: 0.002660  PQ_Va_rmse: 0.044551  PV_Va_rmse: 0.044053  delta_p: 0.133595  delta_q: 0.036435  
INFO|2024-09-25 17:27:23: 	           ValOfEMA:0.044551/0.044551,  Epoch:79/79
INFO|2024-09-25 17:27:24: 	Time(ep):169s,  Val(curr/best):0.044613/0.044613,  Epoch(curr/best):79/79
INFO|2024-09-25 17:27:24: -------------------- Epoch: 80 --------------------
INFO|2024-09-25 17:27:37: Epoch[080/100], iter[040/392], loss_total:0.06837, loss_equ:0.16724 loss_pq_vm:0.00143 loss_pq_va:0.01824 loss_pv_va:0.01912
INFO|2024-09-25 17:27:49: Epoch[080/100], iter[079/392], loss_total:0.06847, loss_equ:0.16702 loss_pq_vm:0.00142 loss_pq_va:0.01855 loss_pv_va:0.01904
INFO|2024-09-25 17:28:01: Epoch[080/100], iter[118/392], loss_total:0.06703, loss_equ:0.16659 loss_pq_vm:0.00140 loss_pq_va:0.01759 loss_pv_va:0.01874
INFO|2024-09-25 17:28:13: Epoch[080/100], iter[157/392], loss_total:0.06816, loss_equ:0.16806 loss_pq_vm:0.00142 loss_pq_va:0.01823 loss_pv_va:0.01891
INFO|2024-09-25 17:28:25: Epoch[080/100], iter[196/392], loss_total:0.06714, loss_equ:0.17100 loss_pq_vm:0.00140 loss_pq_va:0.01765 loss_pv_va:0.01839
INFO|2024-09-25 17:28:37: Epoch[080/100], iter[235/392], loss_total:0.06478, loss_equ:0.16620 loss_pq_vm:0.00137 loss_pq_va:0.01697 loss_pv_va:0.01754
INFO|2024-09-25 17:28:49: Epoch[080/100], iter[274/392], loss_total:0.06482, loss_equ:0.16782 loss_pq_vm:0.00139 loss_pq_va:0.01660 loss_pv_va:0.01750
INFO|2024-09-25 17:29:01: Epoch[080/100], iter[313/392], loss_total:0.06668, loss_equ:0.17004 loss_pq_vm:0.00140 loss_pq_va:0.01748 loss_pv_va:0.01817
INFO|2024-09-25 17:29:12: Epoch[080/100], iter[352/392], loss_total:0.06689, loss_equ:0.16662 loss_pq_vm:0.00142 loss_pq_va:0.01762 loss_pv_va:0.01843
INFO|2024-09-25 17:29:24: Epoch[080/100], iter[392/392], loss_total:0.06757, loss_equ:0.17027 loss_pq_vm:0.00142 loss_pq_va:0.01784 loss_pv_va:0.01851
INFO|2024-09-25 17:30:13: Epoch 79/100, lr:  0.00010454, eta: 0.94h, train_loss:  0.06748, valid_loss:  0.09632
INFO|2024-09-25 17:30:13: 	Train: PQ_Vm_rmse: 0.00209887  PQ_Va_rmse: 0.02699780  PV_Va_rmse: 0.02768825  delta_p: 0.11077191  delta_q: 0.03088102  
INFO|2024-09-25 17:30:13: 	ZTest: PQ_Vm_rmse: 0.00266987  PQ_Va_rmse: 0.04461114  PV_Va_rmse: 0.04414004  delta_p: 0.13627657  delta_q: 0.03685629  
INFO|2024-09-25 17:30:13: 	ZTest-ema: PQ_Vm_rmse: 0.002656  PQ_Va_rmse: 0.044532  PV_Va_rmse: 0.044035  delta_p: 0.133670  delta_q: 0.036422  
INFO|2024-09-25 17:30:13: 	           ValOfEMA:0.044532/0.044532,  Epoch:80/80
INFO|2024-09-25 17:30:15: 	Time(ep):169s,  Val(curr/best):0.044611/0.044611,  Epoch(curr/best):80/80
INFO|2024-09-25 17:30:15: -------------------- Epoch: 81 --------------------
INFO|2024-09-25 17:30:28: Epoch[081/100], iter[040/392], loss_total:0.06716, loss_equ:0.16744 loss_pq_vm:0.00140 loss_pq_va:0.01782 loss_pv_va:0.01859
INFO|2024-09-25 17:30:40: Epoch[081/100], iter[079/392], loss_total:0.06506, loss_equ:0.16879 loss_pq_vm:0.00141 loss_pq_va:0.01672 loss_pv_va:0.01736
INFO|2024-09-25 17:30:52: Epoch[081/100], iter[118/392], loss_total:0.06697, loss_equ:0.16876 loss_pq_vm:0.00140 loss_pq_va:0.01764 loss_pv_va:0.01846
INFO|2024-09-25 17:31:04: Epoch[081/100], iter[157/392], loss_total:0.06440, loss_equ:0.16684 loss_pq_vm:0.00141 loss_pq_va:0.01648 loss_pv_va:0.01713
INFO|2024-09-25 17:31:15: Epoch[081/100], iter[196/392], loss_total:0.06585, loss_equ:0.16783 loss_pq_vm:0.00142 loss_pq_va:0.01700 loss_pv_va:0.01792
INFO|2024-09-25 17:31:27: Epoch[081/100], iter[235/392], loss_total:0.06949, loss_equ:0.17107 loss_pq_vm:0.00140 loss_pq_va:0.01893 loss_pv_va:0.01949
INFO|2024-09-25 17:31:39: Epoch[081/100], iter[274/392], loss_total:0.06848, loss_equ:0.17084 loss_pq_vm:0.00141 loss_pq_va:0.01822 loss_pv_va:0.01904
INFO|2024-09-25 17:31:51: Epoch[081/100], iter[313/392], loss_total:0.06822, loss_equ:0.16848 loss_pq_vm:0.00143 loss_pq_va:0.01808 loss_pv_va:0.01896
INFO|2024-09-25 17:32:03: Epoch[081/100], iter[352/392], loss_total:0.06868, loss_equ:0.17124 loss_pq_vm:0.00138 loss_pq_va:0.01861 loss_pv_va:0.01913
INFO|2024-09-25 17:32:15: Epoch[081/100], iter[392/392], loss_total:0.07143, loss_equ:0.17324 loss_pq_vm:0.00144 loss_pq_va:0.01957 loss_pv_va:0.02015
INFO|2024-09-25 17:33:03: Epoch 80/100, lr:  0.00009560, eta: 0.89h, train_loss:  0.06706, valid_loss:  0.09624
INFO|2024-09-25 17:33:03: 	Train: PQ_Vm_rmse: 0.00209286  PQ_Va_rmse: 0.02681615  PV_Va_rmse: 0.02751333  delta_p: 0.11066171  delta_q: 0.03081079  
INFO|2024-09-25 17:33:03: 	ZTest: PQ_Vm_rmse: 0.00266416  PQ_Va_rmse: 0.04467546  PV_Va_rmse: 0.04418158  delta_p: 0.13534561  delta_q: 0.03679373  
INFO|2024-09-25 17:33:03: 	ZTest-ema: PQ_Vm_rmse: 0.002653  PQ_Va_rmse: 0.044496  PV_Va_rmse: 0.044002  delta_p: 0.133532  delta_q: 0.036377  
INFO|2024-09-25 17:33:03: 	           ValOfEMA:0.044496/0.044496,  Epoch:81/81
INFO|2024-09-25 17:33:04: 	Time(ep):168s,  Val(curr/best):0.044675/0.044611,  Epoch(curr/best):81/80
INFO|2024-09-25 17:33:04: -------------------- Epoch: 82 --------------------
INFO|2024-09-25 17:33:17: Epoch[082/100], iter[040/392], loss_total:0.06874, loss_equ:0.16850 loss_pq_vm:0.00140 loss_pq_va:0.01871 loss_pv_va:0.01920
INFO|2024-09-25 17:33:29: Epoch[082/100], iter[079/392], loss_total:0.06564, loss_equ:0.16788 loss_pq_vm:0.00139 loss_pq_va:0.01704 loss_pv_va:0.01794
INFO|2024-09-25 17:33:41: Epoch[082/100], iter[118/392], loss_total:0.06435, loss_equ:0.16493 loss_pq_vm:0.00138 loss_pq_va:0.01659 loss_pv_va:0.01745
INFO|2024-09-25 17:33:53: Epoch[082/100], iter[157/392], loss_total:0.06856, loss_equ:0.16785 loss_pq_vm:0.00139 loss_pq_va:0.01856 loss_pv_va:0.01932
INFO|2024-09-25 17:34:05: Epoch[082/100], iter[196/392], loss_total:0.06433, loss_equ:0.16908 loss_pq_vm:0.00143 loss_pq_va:0.01609 loss_pv_va:0.01700
INFO|2024-09-25 17:34:17: Epoch[082/100], iter[235/392], loss_total:0.06500, loss_equ:0.16558 loss_pq_vm:0.00140 loss_pq_va:0.01689 loss_pv_va:0.01755
INFO|2024-09-25 17:34:29: Epoch[082/100], iter[274/392], loss_total:0.06585, loss_equ:0.16658 loss_pq_vm:0.00141 loss_pq_va:0.01717 loss_pv_va:0.01794
INFO|2024-09-25 17:34:41: Epoch[082/100], iter[313/392], loss_total:0.06747, loss_equ:0.17009 loss_pq_vm:0.00142 loss_pq_va:0.01786 loss_pv_va:0.01838
INFO|2024-09-25 17:34:53: Epoch[082/100], iter[352/392], loss_total:0.06451, loss_equ:0.16661 loss_pq_vm:0.00141 loss_pq_va:0.01636 loss_pv_va:0.01735
INFO|2024-09-25 17:35:05: Epoch[082/100], iter[392/392], loss_total:0.06753, loss_equ:0.17063 loss_pq_vm:0.00141 loss_pq_va:0.01774 loss_pv_va:0.01860
INFO|2024-09-25 17:35:54: Epoch 81/100, lr:  0.00008706, eta: 0.85h, train_loss:  0.06671, valid_loss:  0.09623
INFO|2024-09-25 17:35:54: 	Train: PQ_Vm_rmse: 0.00208707  PQ_Va_rmse: 0.02663742  PV_Va_rmse: 0.02736618  delta_p: 0.11018361  delta_q: 0.03070402  
INFO|2024-09-25 17:35:54: 	ZTest: PQ_Vm_rmse: 0.00265830  PQ_Va_rmse: 0.04468097  PV_Va_rmse: 0.04422709  delta_p: 0.13543119  delta_q: 0.03678079  
INFO|2024-09-25 17:35:54: 	ZTest-ema: PQ_Vm_rmse: 0.002648  PQ_Va_rmse: 0.044478  PV_Va_rmse: 0.043990  delta_p: 0.133517  delta_q: 0.036372  
INFO|2024-09-25 17:35:54: 	           ValOfEMA:0.044478/0.044478,  Epoch:82/82
INFO|2024-09-25 17:35:54: 	Time(ep):169s,  Val(curr/best):0.044681/0.044611,  Epoch(curr/best):82/80
INFO|2024-09-25 17:35:54: -------------------- Epoch: 83 --------------------
INFO|2024-09-25 17:36:08: Epoch[083/100], iter[040/392], loss_total:0.06554, loss_equ:0.16870 loss_pq_vm:0.00138 loss_pq_va:0.01700 loss_pv_va:0.01784
INFO|2024-09-25 17:36:20: Epoch[083/100], iter[079/392], loss_total:0.06400, loss_equ:0.16743 loss_pq_vm:0.00140 loss_pq_va:0.01615 loss_pv_va:0.01713
INFO|2024-09-25 17:36:32: Epoch[083/100], iter[118/392], loss_total:0.06501, loss_equ:0.16580 loss_pq_vm:0.00140 loss_pq_va:0.01693 loss_pv_va:0.01752
INFO|2024-09-25 17:36:44: Epoch[083/100], iter[157/392], loss_total:0.06673, loss_equ:0.16583 loss_pq_vm:0.00138 loss_pq_va:0.01783 loss_pv_va:0.01854
INFO|2024-09-25 17:36:56: Epoch[083/100], iter[196/392], loss_total:0.06717, loss_equ:0.16572 loss_pq_vm:0.00140 loss_pq_va:0.01788 loss_pv_va:0.01869
INFO|2024-09-25 17:37:08: Epoch[083/100], iter[235/392], loss_total:0.06811, loss_equ:0.16693 loss_pq_vm:0.00142 loss_pq_va:0.01830 loss_pv_va:0.01888
INFO|2024-09-25 17:37:20: Epoch[083/100], iter[274/392], loss_total:0.06757, loss_equ:0.16927 loss_pq_vm:0.00140 loss_pq_va:0.01803 loss_pv_va:0.01863
INFO|2024-09-25 17:37:32: Epoch[083/100], iter[313/392], loss_total:0.06510, loss_equ:0.16856 loss_pq_vm:0.00139 loss_pq_va:0.01678 loss_pv_va:0.01753
INFO|2024-09-25 17:37:44: Epoch[083/100], iter[352/392], loss_total:0.06692, loss_equ:0.16817 loss_pq_vm:0.00142 loss_pq_va:0.01774 loss_pv_va:0.01819
INFO|2024-09-25 17:37:56: Epoch[083/100], iter[392/392], loss_total:0.06829, loss_equ:0.16890 loss_pq_vm:0.00142 loss_pq_va:0.01819 loss_pv_va:0.01901
INFO|2024-09-25 17:38:43: Epoch 82/100, lr:  0.00007893, eta: 0.8h, train_loss:  0.06656, valid_loss:  0.09604
INFO|2024-09-25 17:38:43: 	Train: PQ_Vm_rmse: 0.00208438  PQ_Va_rmse: 0.02657039  PV_Va_rmse: 0.02729846  delta_p: 0.11001507  delta_q: 0.03066638  
INFO|2024-09-25 17:38:43: 	ZTest: PQ_Vm_rmse: 0.00265755  PQ_Va_rmse: 0.04449850  PV_Va_rmse: 0.04404991  delta_p: 0.13449297  delta_q: 0.03664419  
INFO|2024-09-25 17:38:43: 	ZTest-ema: PQ_Vm_rmse: 0.002645  PQ_Va_rmse: 0.044480  PV_Va_rmse: 0.043997  delta_p: 0.133323  delta_q: 0.036334  
INFO|2024-09-25 17:38:43: 	           ValOfEMA:0.044480/0.044478,  Epoch:83/82
INFO|2024-09-25 17:38:44: 	Time(ep):168s,  Val(curr/best):0.044499/0.044499,  Epoch(curr/best):83/83
INFO|2024-09-25 17:38:44: -------------------- Epoch: 84 --------------------
INFO|2024-09-25 17:38:57: Epoch[084/100], iter[040/392], loss_total:0.06902, loss_equ:0.16995 loss_pq_vm:0.00141 loss_pq_va:0.01864 loss_pv_va:0.01930
INFO|2024-09-25 17:39:09: Epoch[084/100], iter[079/392], loss_total:0.06526, loss_equ:0.16630 loss_pq_vm:0.00137 loss_pq_va:0.01714 loss_pv_va:0.01775
INFO|2024-09-25 17:39:21: Epoch[084/100], iter[118/392], loss_total:0.06616, loss_equ:0.16659 loss_pq_vm:0.00138 loss_pq_va:0.01754 loss_pv_va:0.01812
INFO|2024-09-25 17:39:33: Epoch[084/100], iter[157/392], loss_total:0.06468, loss_equ:0.16764 loss_pq_vm:0.00139 loss_pq_va:0.01659 loss_pv_va:0.01746
INFO|2024-09-25 17:39:44: Epoch[084/100], iter[196/392], loss_total:0.06716, loss_equ:0.16751 loss_pq_vm:0.00141 loss_pq_va:0.01775 loss_pv_va:0.01861
INFO|2024-09-25 17:39:56: Epoch[084/100], iter[235/392], loss_total:0.06607, loss_equ:0.16500 loss_pq_vm:0.00138 loss_pq_va:0.01747 loss_pv_va:0.01834
INFO|2024-09-25 17:40:08: Epoch[084/100], iter[274/392], loss_total:0.06547, loss_equ:0.16444 loss_pq_vm:0.00138 loss_pq_va:0.01734 loss_pv_va:0.01784
INFO|2024-09-25 17:40:20: Epoch[084/100], iter[313/392], loss_total:0.06616, loss_equ:0.17041 loss_pq_vm:0.00141 loss_pq_va:0.01710 loss_pv_va:0.01792
INFO|2024-09-25 17:40:32: Epoch[084/100], iter[352/392], loss_total:0.06640, loss_equ:0.16838 loss_pq_vm:0.00142 loss_pq_va:0.01728 loss_pv_va:0.01810
INFO|2024-09-25 17:40:44: Epoch[084/100], iter[392/392], loss_total:0.06549, loss_equ:0.16647 loss_pq_vm:0.00138 loss_pq_va:0.01720 loss_pv_va:0.01788
INFO|2024-09-25 17:41:32: Epoch 83/100, lr:  0.00007123, eta: 0.75h, train_loss:  0.06630, valid_loss:  0.09602
INFO|2024-09-25 17:41:32: 	Train: PQ_Vm_rmse: 0.00207992  PQ_Va_rmse: 0.02644892  PV_Va_rmse: 0.02719026  delta_p: 0.10954637  delta_q: 0.03058056  
INFO|2024-09-25 17:41:32: 	ZTest: PQ_Vm_rmse: 0.00265083  PQ_Va_rmse: 0.04464470  PV_Va_rmse: 0.04415717  delta_p: 0.13457781  delta_q: 0.03659464  
INFO|2024-09-25 17:41:33: 	ZTest-ema: PQ_Vm_rmse: 0.002643  PQ_Va_rmse: 0.044451  PV_Va_rmse: 0.043970  delta_p: 0.133305  delta_q: 0.036315  
INFO|2024-09-25 17:41:33: 	           ValOfEMA:0.044451/0.044451,  Epoch:84/84
INFO|2024-09-25 17:41:33: 	Time(ep):168s,  Val(curr/best):0.044645/0.044499,  Epoch(curr/best):84/83
INFO|2024-09-25 17:41:33: -------------------- Epoch: 85 --------------------
INFO|2024-09-25 17:41:46: Epoch[085/100], iter[040/392], loss_total:0.06569, loss_equ:0.16809 loss_pq_vm:0.00142 loss_pq_va:0.01698 loss_pv_va:0.01774
INFO|2024-09-25 17:41:58: Epoch[085/100], iter[079/392], loss_total:0.06379, loss_equ:0.16581 loss_pq_vm:0.00138 loss_pq_va:0.01631 loss_pv_va:0.01708
INFO|2024-09-25 17:42:10: Epoch[085/100], iter[118/392], loss_total:0.06601, loss_equ:0.16602 loss_pq_vm:0.00138 loss_pq_va:0.01740 loss_pv_va:0.01819
INFO|2024-09-25 17:42:22: Epoch[085/100], iter[157/392], loss_total:0.06613, loss_equ:0.16437 loss_pq_vm:0.00140 loss_pq_va:0.01748 loss_pv_va:0.01820
INFO|2024-09-25 17:42:34: Epoch[085/100], iter[196/392], loss_total:0.06657, loss_equ:0.16713 loss_pq_vm:0.00140 loss_pq_va:0.01761 loss_pv_va:0.01824
INFO|2024-09-25 17:42:46: Epoch[085/100], iter[235/392], loss_total:0.06366, loss_equ:0.16600 loss_pq_vm:0.00137 loss_pq_va:0.01630 loss_pv_va:0.01703
INFO|2024-09-25 17:42:58: Epoch[085/100], iter[274/392], loss_total:0.06424, loss_equ:0.16464 loss_pq_vm:0.00139 loss_pq_va:0.01663 loss_pv_va:0.01722
INFO|2024-09-25 17:43:10: Epoch[085/100], iter[313/392], loss_total:0.06315, loss_equ:0.16348 loss_pq_vm:0.00137 loss_pq_va:0.01617 loss_pv_va:0.01696
INFO|2024-09-25 17:43:21: Epoch[085/100], iter[352/392], loss_total:0.06673, loss_equ:0.16583 loss_pq_vm:0.00141 loss_pq_va:0.01754 loss_pv_va:0.01847
INFO|2024-09-25 17:43:34: Epoch[085/100], iter[392/392], loss_total:0.06404, loss_equ:0.16505 loss_pq_vm:0.00137 loss_pq_va:0.01645 loss_pv_va:0.01734
INFO|2024-09-25 17:44:22: Epoch 84/100, lr:  0.00006395, eta: 0.7h, train_loss:  0.06582, valid_loss:  0.09596
INFO|2024-09-25 17:44:22: 	Train: PQ_Vm_rmse: 0.00207528  PQ_Va_rmse: 0.02621167  PV_Va_rmse: 0.02697934  delta_p: 0.10929358  delta_q: 0.03050229  
INFO|2024-09-25 17:44:22: 	ZTest: PQ_Vm_rmse: 0.00264718  PQ_Va_rmse: 0.04436039  PV_Va_rmse: 0.04392929  delta_p: 0.13495021  delta_q: 0.03655782  
INFO|2024-09-25 17:44:22: 	ZTest-ema: PQ_Vm_rmse: 0.002640  PQ_Va_rmse: 0.044444  PV_Va_rmse: 0.043962  delta_p: 0.133313  delta_q: 0.036302  
INFO|2024-09-25 17:44:22: 	           ValOfEMA:0.044444/0.044444,  Epoch:85/85
INFO|2024-09-25 17:44:23: 	Time(ep):169s,  Val(curr/best):0.044360/0.044360,  Epoch(curr/best):85/85
INFO|2024-09-25 17:44:23: -------------------- Epoch: 86 --------------------
INFO|2024-09-25 17:44:37: Epoch[086/100], iter[040/392], loss_total:0.06425, loss_equ:0.16353 loss_pq_vm:0.00138 loss_pq_va:0.01666 loss_pv_va:0.01739
INFO|2024-09-25 17:44:49: Epoch[086/100], iter[079/392], loss_total:0.06926, loss_equ:0.16679 loss_pq_vm:0.00139 loss_pq_va:0.01902 loss_pv_va:0.01970
INFO|2024-09-25 17:45:01: Epoch[086/100], iter[118/392], loss_total:0.06530, loss_equ:0.16804 loss_pq_vm:0.00140 loss_pq_va:0.01688 loss_pv_va:0.01765
INFO|2024-09-25 17:45:13: Epoch[086/100], iter[157/392], loss_total:0.06593, loss_equ:0.16453 loss_pq_vm:0.00142 loss_pq_va:0.01728 loss_pv_va:0.01801
INFO|2024-09-25 17:45:25: Epoch[086/100], iter[196/392], loss_total:0.06541, loss_equ:0.16484 loss_pq_vm:0.00137 loss_pq_va:0.01709 loss_pv_va:0.01813
INFO|2024-09-25 17:45:37: Epoch[086/100], iter[235/392], loss_total:0.06717, loss_equ:0.16482 loss_pq_vm:0.00139 loss_pq_va:0.01797 loss_pv_va:0.01881
INFO|2024-09-25 17:45:49: Epoch[086/100], iter[274/392], loss_total:0.06349, loss_equ:0.16442 loss_pq_vm:0.00138 loss_pq_va:0.01623 loss_pv_va:0.01705
INFO|2024-09-25 17:46:01: Epoch[086/100], iter[313/392], loss_total:0.06520, loss_equ:0.16452 loss_pq_vm:0.00138 loss_pq_va:0.01710 loss_pv_va:0.01784
INFO|2024-09-25 17:46:12: Epoch[086/100], iter[352/392], loss_total:0.06546, loss_equ:0.16479 loss_pq_vm:0.00139 loss_pq_va:0.01715 loss_pv_va:0.01792
INFO|2024-09-25 17:46:24: Epoch[086/100], iter[392/392], loss_total:0.06902, loss_equ:0.16854 loss_pq_vm:0.00141 loss_pq_va:0.01867 loss_pv_va:0.01937
INFO|2024-09-25 17:47:12: Epoch 85/100, lr:  0.00005711, eta: 0.66h, train_loss:  0.06552, valid_loss:  0.09608
INFO|2024-09-25 17:47:12: 	Train: PQ_Vm_rmse: 0.00207085  PQ_Va_rmse: 0.02608744  PV_Va_rmse: 0.02686231  delta_p: 0.10910351  delta_q: 0.03043846  
INFO|2024-09-25 17:47:12: 	ZTest: PQ_Vm_rmse: 0.00264553  PQ_Va_rmse: 0.04450406  PV_Va_rmse: 0.04407759  delta_p: 0.13454569  delta_q: 0.03652083  
INFO|2024-09-25 17:47:12: 	ZTest-ema: PQ_Vm_rmse: 0.002638  PQ_Va_rmse: 0.044431  PV_Va_rmse: 0.043953  delta_p: 0.133305  delta_q: 0.036287  
INFO|2024-09-25 17:47:12: 	           ValOfEMA:0.044431/0.044431,  Epoch:86/86
INFO|2024-09-25 17:47:13: 	Time(ep):168s,  Val(curr/best):0.044504/0.044360,  Epoch(curr/best):86/85
INFO|2024-09-25 17:47:13: -------------------- Epoch: 87 --------------------
INFO|2024-09-25 17:47:26: Epoch[087/100], iter[040/392], loss_total:0.06243, loss_equ:0.16677 loss_pq_vm:0.00138 loss_pq_va:0.01557 loss_pv_va:0.01637
INFO|2024-09-25 17:47:38: Epoch[087/100], iter[079/392], loss_total:0.06401, loss_equ:0.16591 loss_pq_vm:0.00139 loss_pq_va:0.01633 loss_pv_va:0.01714
INFO|2024-09-25 17:47:50: Epoch[087/100], iter[118/392], loss_total:0.06511, loss_equ:0.16514 loss_pq_vm:0.00139 loss_pq_va:0.01696 loss_pv_va:0.01773
INFO|2024-09-25 17:48:02: Epoch[087/100], iter[157/392], loss_total:0.06527, loss_equ:0.16457 loss_pq_vm:0.00136 loss_pq_va:0.01714 loss_pv_va:0.01805
INFO|2024-09-25 17:48:14: Epoch[087/100], iter[196/392], loss_total:0.06538, loss_equ:0.16540 loss_pq_vm:0.00136 loss_pq_va:0.01722 loss_pv_va:0.01802
INFO|2024-09-25 17:48:26: Epoch[087/100], iter[235/392], loss_total:0.06585, loss_equ:0.16406 loss_pq_vm:0.00139 loss_pq_va:0.01742 loss_pv_va:0.01811
INFO|2024-09-25 17:48:38: Epoch[087/100], iter[274/392], loss_total:0.06357, loss_equ:0.16515 loss_pq_vm:0.00137 loss_pq_va:0.01631 loss_pv_va:0.01708
INFO|2024-09-25 17:48:50: Epoch[087/100], iter[313/392], loss_total:0.06561, loss_equ:0.16539 loss_pq_vm:0.00138 loss_pq_va:0.01733 loss_pv_va:0.01799
INFO|2024-09-25 17:49:02: Epoch[087/100], iter[352/392], loss_total:0.06293, loss_equ:0.16293 loss_pq_vm:0.00139 loss_pq_va:0.01592 loss_pv_va:0.01679
INFO|2024-09-25 17:49:14: Epoch[087/100], iter[392/392], loss_total:0.06635, loss_equ:0.16738 loss_pq_vm:0.00141 loss_pq_va:0.01739 loss_pv_va:0.01815
INFO|2024-09-25 17:50:01: Epoch 86/100, lr:  0.00005071, eta: 0.61h, train_loss:  0.06537, valid_loss:  0.09595
INFO|2024-09-25 17:50:01: 	Train: PQ_Vm_rmse: 0.00206768  PQ_Va_rmse: 0.02604265  PV_Va_rmse: 0.02681999  delta_p: 0.10886439  delta_q: 0.03037791  
INFO|2024-09-25 17:50:01: 	ZTest: PQ_Vm_rmse: 0.00264645  PQ_Va_rmse: 0.04455645  PV_Va_rmse: 0.04409061  delta_p: 0.13419770  delta_q: 0.03650949  
INFO|2024-09-25 17:50:01: 	ZTest-ema: PQ_Vm_rmse: 0.002636  PQ_Va_rmse: 0.044428  PV_Va_rmse: 0.043949  delta_p: 0.133172  delta_q: 0.036260  
INFO|2024-09-25 17:50:01: 	           ValOfEMA:0.044428/0.044428,  Epoch:87/87
INFO|2024-09-25 17:50:02: 	Time(ep):168s,  Val(curr/best):0.044556/0.044360,  Epoch(curr/best):87/85
INFO|2024-09-25 17:50:02: -------------------- Epoch: 88 --------------------
INFO|2024-09-25 17:50:16: Epoch[088/100], iter[040/392], loss_total:0.06454, loss_equ:0.16571 loss_pq_vm:0.00138 loss_pq_va:0.01672 loss_pv_va:0.01743
INFO|2024-09-25 17:50:28: Epoch[088/100], iter[079/392], loss_total:0.06540, loss_equ:0.16541 loss_pq_vm:0.00141 loss_pq_va:0.01709 loss_pv_va:0.01772
INFO|2024-09-25 17:50:40: Epoch[088/100], iter[118/392], loss_total:0.06357, loss_equ:0.16456 loss_pq_vm:0.00136 loss_pq_va:0.01630 loss_pv_va:0.01726
INFO|2024-09-25 17:50:52: Epoch[088/100], iter[157/392], loss_total:0.06377, loss_equ:0.16378 loss_pq_vm:0.00138 loss_pq_va:0.01640 loss_pv_va:0.01723
INFO|2024-09-25 17:51:04: Epoch[088/100], iter[196/392], loss_total:0.06512, loss_equ:0.16576 loss_pq_vm:0.00139 loss_pq_va:0.01689 loss_pv_va:0.01772
INFO|2024-09-25 17:51:16: Epoch[088/100], iter[235/392], loss_total:0.06821, loss_equ:0.16712 loss_pq_vm:0.00138 loss_pq_va:0.01856 loss_pv_va:0.01911
INFO|2024-09-25 17:51:28: Epoch[088/100], iter[274/392], loss_total:0.06694, loss_equ:0.16552 loss_pq_vm:0.00136 loss_pq_va:0.01805 loss_pv_va:0.01870
INFO|2024-09-25 17:51:40: Epoch[088/100], iter[313/392], loss_total:0.06531, loss_equ:0.16642 loss_pq_vm:0.00140 loss_pq_va:0.01686 loss_pv_va:0.01781
INFO|2024-09-25 17:51:52: Epoch[088/100], iter[352/392], loss_total:0.06400, loss_equ:0.16614 loss_pq_vm:0.00138 loss_pq_va:0.01630 loss_pv_va:0.01731
INFO|2024-09-25 17:52:04: Epoch[088/100], iter[392/392], loss_total:0.06531, loss_equ:0.16539 loss_pq_vm:0.00136 loss_pq_va:0.01719 loss_pv_va:0.01796
INFO|2024-09-25 17:52:51: Epoch 87/100, lr:  0.00004476, eta: 0.56h, train_loss:  0.06511, valid_loss:  0.09582
INFO|2024-09-25 17:52:51: 	Train: PQ_Vm_rmse: 0.00206439  PQ_Va_rmse: 0.02590451  PV_Va_rmse: 0.02669701  delta_p: 0.10863406  delta_q: 0.03032971  
INFO|2024-09-25 17:52:51: 	ZTest: PQ_Vm_rmse: 0.00263620  PQ_Va_rmse: 0.04448870  PV_Va_rmse: 0.04402848  delta_p: 0.13388847  delta_q: 0.03640401  
INFO|2024-09-25 17:52:51: 	ZTest-ema: PQ_Vm_rmse: 0.002634  PQ_Va_rmse: 0.044433  PV_Va_rmse: 0.043953  delta_p: 0.133205  delta_q: 0.036252  
INFO|2024-09-25 17:52:51: 	           ValOfEMA:0.044433/0.044428,  Epoch:88/87
INFO|2024-09-25 17:52:52: 	Time(ep):169s,  Val(curr/best):0.044489/0.044360,  Epoch(curr/best):88/85
INFO|2024-09-25 17:52:52: -------------------- Epoch: 89 --------------------
INFO|2024-09-25 17:53:05: Epoch[089/100], iter[040/392], loss_total:0.06387, loss_equ:0.16537 loss_pq_vm:0.00139 loss_pq_va:0.01625 loss_pv_va:0.01716
INFO|2024-09-25 17:53:18: Epoch[089/100], iter[079/392], loss_total:0.06655, loss_equ:0.16531 loss_pq_vm:0.00140 loss_pq_va:0.01758 loss_pv_va:0.01845
INFO|2024-09-25 17:53:30: Epoch[089/100], iter[118/392], loss_total:0.06700, loss_equ:0.16724 loss_pq_vm:0.00139 loss_pq_va:0.01780 loss_pv_va:0.01854
INFO|2024-09-25 17:53:42: Epoch[089/100], iter[157/392], loss_total:0.06238, loss_equ:0.16258 loss_pq_vm:0.00136 loss_pq_va:0.01589 loss_pv_va:0.01663
INFO|2024-09-25 17:53:54: Epoch[089/100], iter[196/392], loss_total:0.06614, loss_equ:0.16467 loss_pq_vm:0.00138 loss_pq_va:0.01758 loss_pv_va:0.01829
INFO|2024-09-25 17:54:06: Epoch[089/100], iter[235/392], loss_total:0.06417, loss_equ:0.16376 loss_pq_vm:0.00139 loss_pq_va:0.01654 loss_pv_va:0.01734
INFO|2024-09-25 17:54:18: Epoch[089/100], iter[274/392], loss_total:0.06539, loss_equ:0.16486 loss_pq_vm:0.00138 loss_pq_va:0.01704 loss_pv_va:0.01805
INFO|2024-09-25 17:54:30: Epoch[089/100], iter[313/392], loss_total:0.06589, loss_equ:0.16717 loss_pq_vm:0.00140 loss_pq_va:0.01723 loss_pv_va:0.01795
INFO|2024-09-25 17:54:42: Epoch[089/100], iter[352/392], loss_total:0.06666, loss_equ:0.16636 loss_pq_vm:0.00139 loss_pq_va:0.01771 loss_pv_va:0.01842
INFO|2024-09-25 17:54:54: Epoch[089/100], iter[392/392], loss_total:0.06587, loss_equ:0.16687 loss_pq_vm:0.00140 loss_pq_va:0.01720 loss_pv_va:0.01797
INFO|2024-09-25 17:55:43: Epoch 88/100, lr:  0.00003926, eta: 0.52h, train_loss:  0.06485, valid_loss:  0.09586
INFO|2024-09-25 17:55:43: 	Train: PQ_Vm_rmse: 0.00206182  PQ_Va_rmse: 0.02577935  PV_Va_rmse: 0.02658352  delta_p: 0.10839340  delta_q: 0.03027268  
INFO|2024-09-25 17:55:43: 	ZTest: PQ_Vm_rmse: 0.00263700  PQ_Va_rmse: 0.04453295  PV_Va_rmse: 0.04407111  delta_p: 0.13383082  delta_q: 0.03643299  
INFO|2024-09-25 17:55:43: 	ZTest-ema: PQ_Vm_rmse: 0.002632  PQ_Va_rmse: 0.044416  PV_Va_rmse: 0.043941  delta_p: 0.133157  delta_q: 0.036243  
INFO|2024-09-25 17:55:43: 	           ValOfEMA:0.044416/0.044416,  Epoch:89/89
INFO|2024-09-25 17:55:44: 	Time(ep):171s,  Val(curr/best):0.044533/0.044360,  Epoch(curr/best):89/85
INFO|2024-09-25 17:55:44: -------------------- Epoch: 90 --------------------
INFO|2024-09-25 17:55:57: Epoch[090/100], iter[040/392], loss_total:0.06202, loss_equ:0.16205 loss_pq_vm:0.00133 loss_pq_va:0.01579 loss_pv_va:0.01669
INFO|2024-09-25 17:56:09: Epoch[090/100], iter[079/392], loss_total:0.06555, loss_equ:0.16216 loss_pq_vm:0.00138 loss_pq_va:0.01758 loss_pv_va:0.01790
INFO|2024-09-25 17:56:21: Epoch[090/100], iter[118/392], loss_total:0.06263, loss_equ:0.16246 loss_pq_vm:0.00136 loss_pq_va:0.01599 loss_pv_va:0.01676
INFO|2024-09-25 17:56:33: Epoch[090/100], iter[157/392], loss_total:0.06395, loss_equ:0.16357 loss_pq_vm:0.00138 loss_pq_va:0.01650 loss_pv_va:0.01728
INFO|2024-09-25 17:56:44: Epoch[090/100], iter[196/392], loss_total:0.07034, loss_equ:0.16783 loss_pq_vm:0.00139 loss_pq_va:0.01952 loss_pv_va:0.02010
INFO|2024-09-25 17:56:56: Epoch[090/100], iter[235/392], loss_total:0.06400, loss_equ:0.16380 loss_pq_vm:0.00138 loss_pq_va:0.01652 loss_pv_va:0.01728
INFO|2024-09-25 17:57:08: Epoch[090/100], iter[274/392], loss_total:0.06439, loss_equ:0.16161 loss_pq_vm:0.00138 loss_pq_va:0.01702 loss_pv_va:0.01745
INFO|2024-09-25 17:57:20: Epoch[090/100], iter[313/392], loss_total:0.06439, loss_equ:0.16347 loss_pq_vm:0.00138 loss_pq_va:0.01670 loss_pv_va:0.01759
INFO|2024-09-25 17:57:32: Epoch[090/100], iter[352/392], loss_total:0.06578, loss_equ:0.16474 loss_pq_vm:0.00138 loss_pq_va:0.01737 loss_pv_va:0.01811
INFO|2024-09-25 17:57:44: Epoch[090/100], iter[392/392], loss_total:0.06557, loss_equ:0.16684 loss_pq_vm:0.00136 loss_pq_va:0.01718 loss_pv_va:0.01809
INFO|2024-09-25 17:58:32: Epoch 89/100, lr:  0.00003423, eta: 0.47h, train_loss:  0.06461, valid_loss:  0.09577
INFO|2024-09-25 17:58:32: 	Train: PQ_Vm_rmse: 0.00205831  PQ_Va_rmse: 0.02569597  PV_Va_rmse: 0.02650863  delta_p: 0.10821966  delta_q: 0.03022121  
INFO|2024-09-25 17:58:32: 	ZTest: PQ_Vm_rmse: 0.00263614  PQ_Va_rmse: 0.04439045  PV_Va_rmse: 0.04393875  delta_p: 0.13394910  delta_q: 0.03642353  
INFO|2024-09-25 17:58:32: 	ZTest-ema: PQ_Vm_rmse: 0.002630  PQ_Va_rmse: 0.044409  PV_Va_rmse: 0.043939  delta_p: 0.133195  delta_q: 0.036238  
INFO|2024-09-25 17:58:32: 	           ValOfEMA:0.044409/0.044409,  Epoch:90/90
INFO|2024-09-25 17:58:33: 	Time(ep):168s,  Val(curr/best):0.044390/0.044360,  Epoch(curr/best):90/85
INFO|2024-09-25 17:58:33: -------------------- Epoch: 91 --------------------
INFO|2024-09-25 17:58:46: Epoch[091/100], iter[040/392], loss_total:0.06283, loss_equ:0.16386 loss_pq_vm:0.00137 loss_pq_va:0.01595 loss_pv_va:0.01681
INFO|2024-09-25 17:58:58: Epoch[091/100], iter[079/392], loss_total:0.06299, loss_equ:0.16148 loss_pq_vm:0.00139 loss_pq_va:0.01608 loss_pv_va:0.01684
INFO|2024-09-25 17:59:10: Epoch[091/100], iter[118/392], loss_total:0.06344, loss_equ:0.16377 loss_pq_vm:0.00137 loss_pq_va:0.01630 loss_pv_va:0.01708
INFO|2024-09-25 17:59:22: Epoch[091/100], iter[157/392], loss_total:0.06319, loss_equ:0.16288 loss_pq_vm:0.00135 loss_pq_va:0.01627 loss_pv_va:0.01713
INFO|2024-09-25 17:59:33: Epoch[091/100], iter[196/392], loss_total:0.06492, loss_equ:0.16457 loss_pq_vm:0.00135 loss_pq_va:0.01703 loss_pv_va:0.01792
INFO|2024-09-25 17:59:46: Epoch[091/100], iter[235/392], loss_total:0.06342, loss_equ:0.16233 loss_pq_vm:0.00136 loss_pq_va:0.01642 loss_pv_va:0.01717
INFO|2024-09-25 17:59:58: Epoch[091/100], iter[274/392], loss_total:0.06365, loss_equ:0.16531 loss_pq_vm:0.00137 loss_pq_va:0.01635 loss_pv_va:0.01708
INFO|2024-09-25 18:00:10: Epoch[091/100], iter[313/392], loss_total:0.06487, loss_equ:0.16235 loss_pq_vm:0.00136 loss_pq_va:0.01717 loss_pv_va:0.01791
INFO|2024-09-25 18:00:22: Epoch[091/100], iter[352/392], loss_total:0.06430, loss_equ:0.16487 loss_pq_vm:0.00139 loss_pq_va:0.01655 loss_pv_va:0.01737
INFO|2024-09-25 18:00:34: Epoch[091/100], iter[392/392], loss_total:0.06640, loss_equ:0.16516 loss_pq_vm:0.00137 loss_pq_va:0.01765 loss_pv_va:0.01855
INFO|2024-09-25 18:01:22: Epoch 90/100, lr:  0.00002965, eta: 0.42h, train_loss:  0.06444, valid_loss:  0.09565
INFO|2024-09-25 18:01:22: 	Train: PQ_Vm_rmse: 0.00205617  PQ_Va_rmse: 0.02559115  PV_Va_rmse: 0.02641344  delta_p: 0.10803684  delta_q: 0.03017844  
INFO|2024-09-25 18:01:22: 	ZTest: PQ_Vm_rmse: 0.00263226  PQ_Va_rmse: 0.04443792  PV_Va_rmse: 0.04396141  delta_p: 0.13367017  delta_q: 0.03637531  
INFO|2024-09-25 18:01:22: 	ZTest-ema: PQ_Vm_rmse: 0.002629  PQ_Va_rmse: 0.044407  PV_Va_rmse: 0.043937  delta_p: 0.133167  delta_q: 0.036229  
INFO|2024-09-25 18:01:22: 	           ValOfEMA:0.044407/0.044407,  Epoch:91/91
INFO|2024-09-25 18:01:23: 	Time(ep):169s,  Val(curr/best):0.044438/0.044360,  Epoch(curr/best):91/85
INFO|2024-09-25 18:01:23: -------------------- Epoch: 92 --------------------
INFO|2024-09-25 18:01:36: Epoch[092/100], iter[040/392], loss_total:0.06268, loss_equ:0.16375 loss_pq_vm:0.00137 loss_pq_va:0.01582 loss_pv_va:0.01681
INFO|2024-09-25 18:01:48: Epoch[092/100], iter[079/392], loss_total:0.06571, loss_equ:0.16652 loss_pq_vm:0.00138 loss_pq_va:0.01730 loss_pv_va:0.01792
INFO|2024-09-25 18:02:00: Epoch[092/100], iter[118/392], loss_total:0.06393, loss_equ:0.16412 loss_pq_vm:0.00140 loss_pq_va:0.01636 loss_pv_va:0.01720
INFO|2024-09-25 18:02:11: Epoch[092/100], iter[157/392], loss_total:0.06307, loss_equ:0.16234 loss_pq_vm:0.00137 loss_pq_va:0.01621 loss_pv_va:0.01693
INFO|2024-09-25 18:02:23: Epoch[092/100], iter[196/392], loss_total:0.06419, loss_equ:0.16417 loss_pq_vm:0.00138 loss_pq_va:0.01660 loss_pv_va:0.01732
INFO|2024-09-25 18:02:35: Epoch[092/100], iter[235/392], loss_total:0.06421, loss_equ:0.16370 loss_pq_vm:0.00136 loss_pq_va:0.01672 loss_pv_va:0.01747
INFO|2024-09-25 18:02:46: Epoch[092/100], iter[274/392], loss_total:0.06436, loss_equ:0.16503 loss_pq_vm:0.00138 loss_pq_va:0.01654 loss_pv_va:0.01746
INFO|2024-09-25 18:02:58: Epoch[092/100], iter[313/392], loss_total:0.06355, loss_equ:0.16286 loss_pq_vm:0.00138 loss_pq_va:0.01633 loss_pv_va:0.01715
INFO|2024-09-25 18:03:10: Epoch[092/100], iter[352/392], loss_total:0.06190, loss_equ:0.16010 loss_pq_vm:0.00136 loss_pq_va:0.01570 loss_pv_va:0.01654
INFO|2024-09-25 18:03:22: Epoch[092/100], iter[392/392], loss_total:0.06329, loss_equ:0.16394 loss_pq_vm:0.00138 loss_pq_va:0.01610 loss_pv_va:0.01701
INFO|2024-09-25 18:04:11: Epoch 91/100, lr:  0.00002555, eta: 0.37h, train_loss:  0.06429, valid_loss:  0.09584
INFO|2024-09-25 18:04:11: 	Train: PQ_Vm_rmse: 0.00205342  PQ_Va_rmse: 0.02552883  PV_Va_rmse: 0.02635741  delta_p: 0.10785635  delta_q: 0.03013797  
INFO|2024-09-25 18:04:11: 	ZTest: PQ_Vm_rmse: 0.00263828  PQ_Va_rmse: 0.04463178  PV_Va_rmse: 0.04415480  delta_p: 0.13328215  delta_q: 0.03630763  
INFO|2024-09-25 18:04:11: 	ZTest-ema: PQ_Vm_rmse: 0.002628  PQ_Va_rmse: 0.044409  PV_Va_rmse: 0.043938  delta_p: 0.133127  delta_q: 0.036217  
INFO|2024-09-25 18:04:11: 	           ValOfEMA:0.044409/0.044407,  Epoch:92/91
INFO|2024-09-25 18:04:12: 	Time(ep):168s,  Val(curr/best):0.044632/0.044360,  Epoch(curr/best):92/85
INFO|2024-09-25 18:04:12: -------------------- Epoch: 93 --------------------
INFO|2024-09-25 18:04:25: Epoch[093/100], iter[040/392], loss_total:0.06353, loss_equ:0.16403 loss_pq_vm:0.00136 loss_pq_va:0.01634 loss_pv_va:0.01720
INFO|2024-09-25 18:04:37: Epoch[093/100], iter[079/392], loss_total:0.06360, loss_equ:0.16343 loss_pq_vm:0.00139 loss_pq_va:0.01622 loss_pv_va:0.01716
INFO|2024-09-25 18:04:48: Epoch[093/100], iter[118/392], loss_total:0.06422, loss_equ:0.16575 loss_pq_vm:0.00136 loss_pq_va:0.01666 loss_pv_va:0.01737
INFO|2024-09-25 18:05:00: Epoch[093/100], iter[157/392], loss_total:0.06532, loss_equ:0.16372 loss_pq_vm:0.00136 loss_pq_va:0.01734 loss_pv_va:0.01798
INFO|2024-09-25 18:05:11: Epoch[093/100], iter[196/392], loss_total:0.06354, loss_equ:0.16394 loss_pq_vm:0.00139 loss_pq_va:0.01615 loss_pv_va:0.01711
INFO|2024-09-25 18:05:23: Epoch[093/100], iter[235/392], loss_total:0.06593, loss_equ:0.16578 loss_pq_vm:0.00136 loss_pq_va:0.01742 loss_pv_va:0.01838
INFO|2024-09-25 18:05:35: Epoch[093/100], iter[274/392], loss_total:0.06418, loss_equ:0.16560 loss_pq_vm:0.00136 loss_pq_va:0.01669 loss_pv_va:0.01732
INFO|2024-09-25 18:05:47: Epoch[093/100], iter[313/392], loss_total:0.06283, loss_equ:0.16420 loss_pq_vm:0.00137 loss_pq_va:0.01583 loss_pv_va:0.01692
INFO|2024-09-25 18:05:58: Epoch[093/100], iter[352/392], loss_total:0.06473, loss_equ:0.16421 loss_pq_vm:0.00138 loss_pq_va:0.01694 loss_pv_va:0.01763
INFO|2024-09-25 18:06:10: Epoch[093/100], iter[392/392], loss_total:0.06323, loss_equ:0.16433 loss_pq_vm:0.00134 loss_pq_va:0.01639 loss_pv_va:0.01696
INFO|2024-09-25 18:06:58: Epoch 92/100, lr:  0.00002192, eta: 0.32h, train_loss:  0.06414, valid_loss:  0.09563
INFO|2024-09-25 18:06:58: 	Train: PQ_Vm_rmse: 0.00205123  PQ_Va_rmse: 0.02549481  PV_Va_rmse: 0.02632333  delta_p: 0.10768023  delta_q: 0.03009950  
INFO|2024-09-25 18:06:58: 	ZTest: PQ_Vm_rmse: 0.00263090  PQ_Va_rmse: 0.04439631  PV_Va_rmse: 0.04394664  delta_p: 0.13375198  delta_q: 0.03635419  
INFO|2024-09-25 18:06:58: 	ZTest-ema: PQ_Vm_rmse: 0.002627  PQ_Va_rmse: 0.044408  PV_Va_rmse: 0.043945  delta_p: 0.133094  delta_q: 0.036208  
INFO|2024-09-25 18:06:58: 	           ValOfEMA:0.044408/0.044407,  Epoch:93/91
INFO|2024-09-25 18:06:59: 	Time(ep):166s,  Val(curr/best):0.044396/0.044360,  Epoch(curr/best):93/85
INFO|2024-09-25 18:06:59: -------------------- Epoch: 94 --------------------
INFO|2024-09-25 18:07:12: Epoch[094/100], iter[040/392], loss_total:0.06411, loss_equ:0.16396 loss_pq_vm:0.00137 loss_pq_va:0.01662 loss_pv_va:0.01737
INFO|2024-09-25 18:07:25: Epoch[094/100], iter[079/392], loss_total:0.06277, loss_equ:0.16318 loss_pq_vm:0.00138 loss_pq_va:0.01594 loss_pv_va:0.01673
INFO|2024-09-25 18:07:37: Epoch[094/100], iter[118/392], loss_total:0.06311, loss_equ:0.16355 loss_pq_vm:0.00138 loss_pq_va:0.01607 loss_pv_va:0.01691
INFO|2024-09-25 18:07:49: Epoch[094/100], iter[157/392], loss_total:0.06496, loss_equ:0.16510 loss_pq_vm:0.00139 loss_pq_va:0.01689 loss_pv_va:0.01770
INFO|2024-09-25 18:08:01: Epoch[094/100], iter[196/392], loss_total:0.06564, loss_equ:0.16511 loss_pq_vm:0.00138 loss_pq_va:0.01741 loss_pv_va:0.01790
INFO|2024-09-25 18:08:13: Epoch[094/100], iter[235/392], loss_total:0.06348, loss_equ:0.16206 loss_pq_vm:0.00136 loss_pq_va:0.01645 loss_pv_va:0.01723
INFO|2024-09-25 18:08:25: Epoch[094/100], iter[274/392], loss_total:0.06575, loss_equ:0.16541 loss_pq_vm:0.00139 loss_pq_va:0.01725 loss_pv_va:0.01802
INFO|2024-09-25 18:08:38: Epoch[094/100], iter[313/392], loss_total:0.06584, loss_equ:0.16433 loss_pq_vm:0.00137 loss_pq_va:0.01754 loss_pv_va:0.01814
INFO|2024-09-25 18:08:50: Epoch[094/100], iter[352/392], loss_total:0.06413, loss_equ:0.16520 loss_pq_vm:0.00137 loss_pq_va:0.01654 loss_pv_va:0.01740
INFO|2024-09-25 18:09:02: Epoch[094/100], iter[392/392], loss_total:0.06522, loss_equ:0.16492 loss_pq_vm:0.00138 loss_pq_va:0.01705 loss_pv_va:0.01789
INFO|2024-09-25 18:09:51: Epoch 93/100, lr:  0.00001877, eta: 0.29h, train_loss:  0.06399, valid_loss:  0.09570
INFO|2024-09-25 18:09:51: 	Train: PQ_Vm_rmse: 0.00204954  PQ_Va_rmse: 0.02541412  PV_Va_rmse: 0.02625383  delta_p: 0.10756878  delta_q: 0.03006222  
INFO|2024-09-25 18:09:51: 	ZTest: PQ_Vm_rmse: 0.00262909  PQ_Va_rmse: 0.04453928  PV_Va_rmse: 0.04406010  delta_p: 0.13336815  delta_q: 0.03628153  
INFO|2024-09-25 18:09:51: 	ZTest-ema: PQ_Vm_rmse: 0.002626  PQ_Va_rmse: 0.044398  PV_Va_rmse: 0.043932  delta_p: 0.133124  delta_q: 0.036204  
INFO|2024-09-25 18:09:51: 	           ValOfEMA:0.044398/0.044398,  Epoch:94/94
INFO|2024-09-25 18:09:51: 	Time(ep):171s,  Val(curr/best):0.044539/0.044360,  Epoch(curr/best):94/85
INFO|2024-09-25 18:09:51: -------------------- Epoch: 95 --------------------
INFO|2024-09-25 18:10:05: Epoch[095/100], iter[040/392], loss_total:0.06253, loss_equ:0.16332 loss_pq_vm:0.00137 loss_pq_va:0.01584 loss_pv_va:0.01661
INFO|2024-09-25 18:10:17: Epoch[095/100], iter[079/392], loss_total:0.06389, loss_equ:0.16378 loss_pq_vm:0.00137 loss_pq_va:0.01650 loss_pv_va:0.01733
INFO|2024-09-25 18:10:29: Epoch[095/100], iter[118/392], loss_total:0.06232, loss_equ:0.16274 loss_pq_vm:0.00137 loss_pq_va:0.01582 loss_pv_va:0.01658
INFO|2024-09-25 18:10:41: Epoch[095/100], iter[157/392], loss_total:0.06599, loss_equ:0.16572 loss_pq_vm:0.00141 loss_pq_va:0.01730 loss_pv_va:0.01803
INFO|2024-09-25 18:10:53: Epoch[095/100], iter[196/392], loss_total:0.06216, loss_equ:0.16192 loss_pq_vm:0.00136 loss_pq_va:0.01570 loss_pv_va:0.01664
INFO|2024-09-25 18:11:05: Epoch[095/100], iter[235/392], loss_total:0.06391, loss_equ:0.16306 loss_pq_vm:0.00134 loss_pq_va:0.01680 loss_pv_va:0.01742
INFO|2024-09-25 18:11:17: Epoch[095/100], iter[274/392], loss_total:0.06330, loss_equ:0.16270 loss_pq_vm:0.00137 loss_pq_va:0.01627 loss_pv_va:0.01705
INFO|2024-09-25 18:11:29: Epoch[095/100], iter[313/392], loss_total:0.06306, loss_equ:0.16457 loss_pq_vm:0.00137 loss_pq_va:0.01607 loss_pv_va:0.01685
INFO|2024-09-25 18:11:41: Epoch[095/100], iter[352/392], loss_total:0.06314, loss_equ:0.16390 loss_pq_vm:0.00139 loss_pq_va:0.01597 loss_pv_va:0.01684
INFO|2024-09-25 18:11:53: Epoch[095/100], iter[392/392], loss_total:0.06365, loss_equ:0.16193 loss_pq_vm:0.00137 loss_pq_va:0.01649 loss_pv_va:0.01727
INFO|2024-09-25 18:12:40: Epoch 94/100, lr:  0.00001609, eta: 0.24h, train_loss:  0.06387, valid_loss:  0.09558
INFO|2024-09-25 18:12:40: 	Train: PQ_Vm_rmse: 0.00204813  PQ_Va_rmse: 0.02535794  PV_Va_rmse: 0.02620145  delta_p: 0.10744846  delta_q: 0.03003247  
INFO|2024-09-25 18:12:40: 	ZTest: PQ_Vm_rmse: 0.00262653  PQ_Va_rmse: 0.04444853  PV_Va_rmse: 0.04397402  delta_p: 0.13333808  delta_q: 0.03629143  
INFO|2024-09-25 18:12:40: 	ZTest-ema: PQ_Vm_rmse: 0.002625  PQ_Va_rmse: 0.044399  PV_Va_rmse: 0.043935  delta_p: 0.133062  delta_q: 0.036192  
INFO|2024-09-25 18:12:41: 	           ValOfEMA:0.044399/0.044398,  Epoch:95/94
INFO|2024-09-25 18:12:41: 	Time(ep):169s,  Val(curr/best):0.044449/0.044360,  Epoch(curr/best):95/85
INFO|2024-09-25 18:12:41: -------------------- Epoch: 96 --------------------
INFO|2024-09-25 18:12:55: Epoch[096/100], iter[040/392], loss_total:0.06077, loss_equ:0.16227 loss_pq_vm:0.00135 loss_pq_va:0.01509 loss_pv_va:0.01593
INFO|2024-09-25 18:13:07: Epoch[096/100], iter[079/392], loss_total:0.06240, loss_equ:0.16311 loss_pq_vm:0.00138 loss_pq_va:0.01561 loss_pv_va:0.01667
INFO|2024-09-25 18:13:19: Epoch[096/100], iter[118/392], loss_total:0.06241, loss_equ:0.16311 loss_pq_vm:0.00137 loss_pq_va:0.01572 loss_pv_va:0.01669
INFO|2024-09-25 18:13:31: Epoch[096/100], iter[157/392], loss_total:0.06306, loss_equ:0.16222 loss_pq_vm:0.00137 loss_pq_va:0.01633 loss_pv_va:0.01685
INFO|2024-09-25 18:13:42: Epoch[096/100], iter[196/392], loss_total:0.06563, loss_equ:0.16385 loss_pq_vm:0.00138 loss_pq_va:0.01737 loss_pv_va:0.01803
INFO|2024-09-25 18:13:54: Epoch[096/100], iter[235/392], loss_total:0.06353, loss_equ:0.16486 loss_pq_vm:0.00137 loss_pq_va:0.01624 loss_pv_va:0.01708
INFO|2024-09-25 18:14:06: Epoch[096/100], iter[274/392], loss_total:0.06353, loss_equ:0.16327 loss_pq_vm:0.00135 loss_pq_va:0.01645 loss_pv_va:0.01723
INFO|2024-09-25 18:14:18: Epoch[096/100], iter[313/392], loss_total:0.06175, loss_equ:0.16365 loss_pq_vm:0.00136 loss_pq_va:0.01540 loss_pv_va:0.01633
INFO|2024-09-25 18:14:30: Epoch[096/100], iter[352/392], loss_total:0.06211, loss_equ:0.15958 loss_pq_vm:0.00134 loss_pq_va:0.01589 loss_pv_va:0.01681
INFO|2024-09-25 18:14:42: Epoch[096/100], iter[392/392], loss_total:0.06266, loss_equ:0.16272 loss_pq_vm:0.00136 loss_pq_va:0.01598 loss_pv_va:0.01678
INFO|2024-09-25 18:15:31: Epoch 95/100, lr:  0.00001390, eta: 0.19h, train_loss:  0.06375, valid_loss:  0.09560
INFO|2024-09-25 18:15:31: 	Train: PQ_Vm_rmse: 0.00204588  PQ_Va_rmse: 0.02531084  PV_Va_rmse: 0.02615944  delta_p: 0.10734614  delta_q: 0.03000518  
INFO|2024-09-25 18:15:31: 	ZTest: PQ_Vm_rmse: 0.00262630  PQ_Va_rmse: 0.04446619  PV_Va_rmse: 0.04399196  delta_p: 0.13329336  delta_q: 0.03624967  
INFO|2024-09-25 18:15:31: 	ZTest-ema: PQ_Vm_rmse: 0.002624  PQ_Va_rmse: 0.044395  PV_Va_rmse: 0.043932  delta_p: 0.133125  delta_q: 0.036197  
INFO|2024-09-25 18:15:31: 	           ValOfEMA:0.044395/0.044395,  Epoch:96/96
INFO|2024-09-25 18:15:31: 	Time(ep):169s,  Val(curr/best):0.044466/0.044360,  Epoch(curr/best):96/85
INFO|2024-09-25 18:15:31: -------------------- Epoch: 97 --------------------
INFO|2024-09-25 18:15:45: Epoch[097/100], iter[040/392], loss_total:0.06338, loss_equ:0.16476 loss_pq_vm:0.00138 loss_pq_va:0.01611 loss_pv_va:0.01696
INFO|2024-09-25 18:15:57: Epoch[097/100], iter[079/392], loss_total:0.06241, loss_equ:0.16141 loss_pq_vm:0.00137 loss_pq_va:0.01583 loss_pv_va:0.01675
INFO|2024-09-25 18:16:09: Epoch[097/100], iter[118/392], loss_total:0.06437, loss_equ:0.16385 loss_pq_vm:0.00137 loss_pq_va:0.01671 loss_pv_va:0.01760
INFO|2024-09-25 18:16:21: Epoch[097/100], iter[157/392], loss_total:0.06440, loss_equ:0.16452 loss_pq_vm:0.00138 loss_pq_va:0.01661 loss_pv_va:0.01752
INFO|2024-09-25 18:16:32: Epoch[097/100], iter[196/392], loss_total:0.06772, loss_equ:0.16614 loss_pq_vm:0.00136 loss_pq_va:0.01846 loss_pv_va:0.01902
INFO|2024-09-25 18:16:45: Epoch[097/100], iter[235/392], loss_total:0.06292, loss_equ:0.16175 loss_pq_vm:0.00136 loss_pq_va:0.01616 loss_pv_va:0.01695
INFO|2024-09-25 18:16:57: Epoch[097/100], iter[274/392], loss_total:0.06300, loss_equ:0.16249 loss_pq_vm:0.00137 loss_pq_va:0.01616 loss_pv_va:0.01686
INFO|2024-09-25 18:17:09: Epoch[097/100], iter[313/392], loss_total:0.06182, loss_equ:0.16277 loss_pq_vm:0.00136 loss_pq_va:0.01547 loss_pv_va:0.01650
INFO|2024-09-25 18:17:21: Epoch[097/100], iter[352/392], loss_total:0.06591, loss_equ:0.16502 loss_pq_vm:0.00137 loss_pq_va:0.01747 loss_pv_va:0.01822
INFO|2024-09-25 18:17:33: Epoch[097/100], iter[392/392], loss_total:0.06612, loss_equ:0.16515 loss_pq_vm:0.00137 loss_pq_va:0.01765 loss_pv_va:0.01825
INFO|2024-09-25 18:18:22: Epoch 96/100, lr:  0.00001220, eta: 0.14h, train_loss:  0.06366, valid_loss:  0.09581
INFO|2024-09-25 18:18:22: 	Train: PQ_Vm_rmse: 0.00204487  PQ_Va_rmse: 0.02525708  PV_Va_rmse: 0.02611308  delta_p: 0.10723708  delta_q: 0.02998482  
INFO|2024-09-25 18:18:22: 	ZTest: PQ_Vm_rmse: 0.00262905  PQ_Va_rmse: 0.04462337  PV_Va_rmse: 0.04414785  delta_p: 0.13323862  delta_q: 0.03623831  
INFO|2024-09-25 18:18:22: 	ZTest-ema: PQ_Vm_rmse: 0.002624  PQ_Va_rmse: 0.044393  PV_Va_rmse: 0.043931  delta_p: 0.133114  delta_q: 0.036193  
INFO|2024-09-25 18:18:22: 	           ValOfEMA:0.044393/0.044393,  Epoch:97/97
INFO|2024-09-25 18:18:23: 	Time(ep):170s,  Val(curr/best):0.044623/0.044360,  Epoch(curr/best):97/85
INFO|2024-09-25 18:18:23: -------------------- Epoch: 98 --------------------
INFO|2024-09-25 18:18:36: Epoch[098/100], iter[040/392], loss_total:0.06425, loss_equ:0.16606 loss_pq_vm:0.00140 loss_pq_va:0.01639 loss_pv_va:0.01725
INFO|2024-09-25 18:18:48: Epoch[098/100], iter[079/392], loss_total:0.06535, loss_equ:0.16421 loss_pq_vm:0.00138 loss_pq_va:0.01714 loss_pv_va:0.01803
INFO|2024-09-25 18:18:59: Epoch[098/100], iter[118/392], loss_total:0.06163, loss_equ:0.16154 loss_pq_vm:0.00136 loss_pq_va:0.01540 loss_pv_va:0.01646
INFO|2024-09-25 18:19:11: Epoch[098/100], iter[157/392], loss_total:0.06256, loss_equ:0.16270 loss_pq_vm:0.00135 loss_pq_va:0.01594 loss_pv_va:0.01687
INFO|2024-09-25 18:19:23: Epoch[098/100], iter[196/392], loss_total:0.06469, loss_equ:0.16463 loss_pq_vm:0.00139 loss_pq_va:0.01663 loss_pv_va:0.01769
INFO|2024-09-25 18:19:35: Epoch[098/100], iter[235/392], loss_total:0.06597, loss_equ:0.16332 loss_pq_vm:0.00136 loss_pq_va:0.01764 loss_pv_va:0.01836
INFO|2024-09-25 18:19:47: Epoch[098/100], iter[274/392], loss_total:0.06154, loss_equ:0.16152 loss_pq_vm:0.00136 loss_pq_va:0.01548 loss_pv_va:0.01626
INFO|2024-09-25 18:19:59: Epoch[098/100], iter[313/392], loss_total:0.06547, loss_equ:0.16557 loss_pq_vm:0.00138 loss_pq_va:0.01722 loss_pv_va:0.01790
INFO|2024-09-25 18:20:10: Epoch[098/100], iter[352/392], loss_total:0.06271, loss_equ:0.16221 loss_pq_vm:0.00135 loss_pq_va:0.01602 loss_pv_va:0.01693
INFO|2024-09-25 18:20:23: Epoch[098/100], iter[392/392], loss_total:0.06292, loss_equ:0.16408 loss_pq_vm:0.00136 loss_pq_va:0.01603 loss_pv_va:0.01686
INFO|2024-09-25 18:21:10: Epoch 97/100, lr:  0.00001098, eta: 0.09h, train_loss:  0.06358, valid_loss:  0.09556
INFO|2024-09-25 18:21:10: 	Train: PQ_Vm_rmse: 0.00204436  PQ_Va_rmse: 0.02522541  PV_Va_rmse: 0.02607886  delta_p: 0.10721088  delta_q: 0.02996836  
INFO|2024-09-25 18:21:10: 	ZTest: PQ_Vm_rmse: 0.00262340  PQ_Va_rmse: 0.04442870  PV_Va_rmse: 0.04395490  delta_p: 0.13334300  delta_q: 0.03622975  
INFO|2024-09-25 18:21:10: 	ZTest-ema: PQ_Vm_rmse: 0.002623  PQ_Va_rmse: 0.044389  PV_Va_rmse: 0.043925  delta_p: 0.133109  delta_q: 0.036189  
INFO|2024-09-25 18:21:10: 	           ValOfEMA:0.044389/0.044389,  Epoch:98/98
INFO|2024-09-25 18:21:10: 	Time(ep):166s,  Val(curr/best):0.044429/0.044360,  Epoch(curr/best):98/85
INFO|2024-09-25 18:21:10: -------------------- Epoch: 99 --------------------
INFO|2024-09-25 18:21:24: Epoch[099/100], iter[040/392], loss_total:0.06521, loss_equ:0.16471 loss_pq_vm:0.00138 loss_pq_va:0.01712 loss_pv_va:0.01777
INFO|2024-09-25 18:21:36: Epoch[099/100], iter[079/392], loss_total:0.06362, loss_equ:0.16430 loss_pq_vm:0.00138 loss_pq_va:0.01633 loss_pv_va:0.01705
INFO|2024-09-25 18:21:48: Epoch[099/100], iter[118/392], loss_total:0.06315, loss_equ:0.16199 loss_pq_vm:0.00134 loss_pq_va:0.01637 loss_pv_va:0.01715
INFO|2024-09-25 18:22:00: Epoch[099/100], iter[157/392], loss_total:0.06600, loss_equ:0.16519 loss_pq_vm:0.00137 loss_pq_va:0.01751 loss_pv_va:0.01824
INFO|2024-09-25 18:22:12: Epoch[099/100], iter[196/392], loss_total:0.06326, loss_equ:0.16545 loss_pq_vm:0.00137 loss_pq_va:0.01603 loss_pv_va:0.01697
INFO|2024-09-25 18:22:24: Epoch[099/100], iter[235/392], loss_total:0.06460, loss_equ:0.16709 loss_pq_vm:0.00138 loss_pq_va:0.01666 loss_pv_va:0.01743
INFO|2024-09-25 18:22:36: Epoch[099/100], iter[274/392], loss_total:0.06419, loss_equ:0.16322 loss_pq_vm:0.00136 loss_pq_va:0.01663 loss_pv_va:0.01760
INFO|2024-09-25 18:22:48: Epoch[099/100], iter[313/392], loss_total:0.06438, loss_equ:0.16566 loss_pq_vm:0.00139 loss_pq_va:0.01655 loss_pv_va:0.01734
INFO|2024-09-25 18:23:00: Epoch[099/100], iter[352/392], loss_total:0.06308, loss_equ:0.16396 loss_pq_vm:0.00137 loss_pq_va:0.01609 loss_pv_va:0.01693
INFO|2024-09-25 18:23:13: Epoch[099/100], iter[392/392], loss_total:0.06308, loss_equ:0.16410 loss_pq_vm:0.00140 loss_pq_va:0.01585 loss_pv_va:0.01681
INFO|2024-09-25 18:24:01: Epoch 98/100, lr:  0.00001024, eta: 0.05h, train_loss:  0.06352, valid_loss:  0.09555
INFO|2024-09-25 18:24:01: 	Train: PQ_Vm_rmse: 0.00204324  PQ_Va_rmse: 0.02520822  PV_Va_rmse: 0.02606749  delta_p: 0.10713410  delta_q: 0.02995185  
INFO|2024-09-25 18:24:01: 	ZTest: PQ_Vm_rmse: 0.00262268  PQ_Va_rmse: 0.04437769  PV_Va_rmse: 0.04392543  delta_p: 0.13323657  delta_q: 0.03622204  
INFO|2024-09-25 18:24:01: 	ZTest-ema: PQ_Vm_rmse: 0.002622  PQ_Va_rmse: 0.044390  PV_Va_rmse: 0.043928  delta_p: 0.133087  delta_q: 0.036183  
INFO|2024-09-25 18:24:01: 	           ValOfEMA:0.044390/0.044389,  Epoch:99/98
INFO|2024-09-25 18:24:01: 	Time(ep):170s,  Val(curr/best):0.044378/0.044360,  Epoch(curr/best):99/85
INFO|2024-09-25 18:24:01: -------------------- Epoch: 100 --------------------
INFO|2024-09-25 18:24:15: Epoch[100/100], iter[040/392], loss_total:0.06454, loss_equ:0.16365 loss_pq_vm:0.00138 loss_pq_va:0.01670 loss_pv_va:0.01772
INFO|2024-09-25 18:24:27: Epoch[100/100], iter[079/392], loss_total:0.06506, loss_equ:0.16395 loss_pq_vm:0.00137 loss_pq_va:0.01704 loss_pv_va:0.01788
INFO|2024-09-25 18:24:39: Epoch[100/100], iter[118/392], loss_total:0.06416, loss_equ:0.16439 loss_pq_vm:0.00137 loss_pq_va:0.01658 loss_pv_va:0.01741
INFO|2024-09-25 18:24:51: Epoch[100/100], iter[157/392], loss_total:0.06242, loss_equ:0.16016 loss_pq_vm:0.00137 loss_pq_va:0.01599 loss_pv_va:0.01675
INFO|2024-09-25 18:25:03: Epoch[100/100], iter[196/392], loss_total:0.06535, loss_equ:0.16484 loss_pq_vm:0.00137 loss_pq_va:0.01710 loss_pv_va:0.01802
INFO|2024-09-25 18:25:15: Epoch[100/100], iter[235/392], loss_total:0.06401, loss_equ:0.16500 loss_pq_vm:0.00135 loss_pq_va:0.01660 loss_pv_va:0.01738
INFO|2024-09-25 18:25:27: Epoch[100/100], iter[274/392], loss_total:0.06271, loss_equ:0.16264 loss_pq_vm:0.00137 loss_pq_va:0.01594 loss_pv_va:0.01685
INFO|2024-09-25 18:25:38: Epoch[100/100], iter[313/392], loss_total:0.06366, loss_equ:0.16209 loss_pq_vm:0.00137 loss_pq_va:0.01649 loss_pv_va:0.01730
INFO|2024-09-25 18:25:50: Epoch[100/100], iter[352/392], loss_total:0.06276, loss_equ:0.16333 loss_pq_vm:0.00137 loss_pq_va:0.01592 loss_pv_va:0.01682
INFO|2024-09-25 18:26:02: Epoch[100/100], iter[392/392], loss_total:0.06322, loss_equ:0.16377 loss_pq_vm:0.00135 loss_pq_va:0.01624 loss_pv_va:0.01715
INFO|2024-09-25 18:26:50: Epoch 99/100, lr:  0.00001000, eta: 0.0h, train_loss:  0.06348, valid_loss:  0.09551
INFO|2024-09-25 18:26:50: 	Train: PQ_Vm_rmse: 0.00204261  PQ_Va_rmse: 0.02518682  PV_Va_rmse: 0.02604754  delta_p: 0.10708037  delta_q: 0.02993971  
INFO|2024-09-25 18:26:50: 	ZTest: PQ_Vm_rmse: 0.00262339  PQ_Va_rmse: 0.04434326  PV_Va_rmse: 0.04388360  delta_p: 0.13326146  delta_q: 0.03621302  
INFO|2024-09-25 18:26:50: 	ZTest-ema: PQ_Vm_rmse: 0.002622  PQ_Va_rmse: 0.044388  PV_Va_rmse: 0.043926  delta_p: 0.133105  delta_q: 0.036183  
INFO|2024-09-25 18:26:50: 	           ValOfEMA:0.044388/0.044388,  Epoch:100/100
INFO|2024-09-25 18:26:51: 	Time(ep):169s,  Val(curr/best):0.044343/0.044343,  Epoch(curr/best):100/100
