INFO|2024-09-25 12:55:33: 
{'batch_size': 256,
 'config': '/home/bingxing2/ailab/zhaozhen/energy/senseflow/configs/test_gnns_gatconv_v1_1.yaml',
 'data': {'batch_size': 256,
          'batch_size_test': 256,
          'meta': {'edge': [['PQ', 'default', 'PQ'],
                            ['PQ', 'default', 'PV'],
                            ['PQ', 'default', 'Slack'],
                            ['PV', 'default', 'PQ'],
                            ['PV', 'default', 'PV'],
                            ['PV', 'default', 'Slack'],
                            ['Slack', 'default', 'PQ'],
                            ['Slack', 'default', 'PV']],
                   'node': ['PQ', 'PV', 'Slack']},
          'num_workers': 4,
          'train': {'data_root': '/',
                    'dataset_type': 'PowerFlowDataset',
                    'mask_num': 0,
                    'pq_len': 29,
                    'pv_len': 9,
                    'slack_len': 1,
                    'split_txt': '/home/bingxing2/ailab/zhaozhen/energy/senseflow/data_json/processed/10w_case39_n_n_1.json'},
          'val': {'data_root': '/',
                  'dataset_type': 'PowerFlowDataset',
                  'mask_num': 0,
                  'pq_len': 29,
                  'pv_len': 9,
                  'slack_len': 1,
                  'split_txt': '/home/bingxing2/ailab/zhaozhen/energy/senseflow/data_json/processed/2w_case39_n_2.json'}},
 'distributed': False,
 'flag_return_losses': True,
 'local_rank': 0,
 'log_path': './results/test_gnns_gatconv_v1_1/2024_09_25_12_55_33',
 'loss': {'aggr': 'abs', 'filt_type': True, 'type': 'bi_deltapq_loss'},
 'mask_num': 0,
 'model': {'batch_size': 256,
           'ema_decay_param': 0.99,
           'ema_warmup_epoch': 10,
           'flag_use_edge_feat': False,
           'flag_use_ema': True,
           'flag_use_ffn': False,
           'flag_use_fusion': False,
           'flag_weighted_loss': True,
           'gcn_type': 'gatconv',
           'heads_num': 4,
           'hidden_channels': 128,
           'loss_type': 'l1',
           'loss_weight_equ': 0.1,
           'loss_weight_va': 1.0,
           'loss_weight_vm': 10.0,
           'matrix': 'vm_va',
           'num_block': 8,
           'num_loops_test': -1,
           'num_loops_train': 1,
           'resume_ckpt_path': '',
           'scaling_factor_va': 0.01,
           'scaling_factor_vm': 0.01,
           'type': 'test_gnn',
           'with_norm': True},
 'ngpus': 1,
 'pq_len': 29,
 'pv_len': 9,
 'scheduler': {'eta_min': '1e-5', 'type': 'Cosine'},
 'seed': 2024,
 'slack_len': 1,
 'train': {'epochs': 100,
           'learning_rate': 0.001,
           'logs_freq': 10,
           'momentum': 0.9,
           'optimizer_type': 'Adam',
           'weight_decay': 0.0}}
INFO|2024-09-25 12:55:40: ==================== Total number of parameters: 8.667M
INFO|2024-09-25 12:55:40: -------------------- Epoch: 1 --------------------
INFO|2024-09-25 12:55:55: Epoch[001/100], iter[040/392], loss_total:0.90834, loss_equ:2.11645 loss_pq_vm:0.01757 loss_pq_va:0.26164 loss_pv_va:0.25932
INFO|2024-09-25 12:56:09: Epoch[001/100], iter[079/392], loss_total:0.78902, loss_equ:1.71416 loss_pq_vm:0.01304 loss_pq_va:0.23947 loss_pv_va:0.24777
INFO|2024-09-25 12:56:22: Epoch[001/100], iter[118/392], loss_total:0.73986, loss_equ:1.49322 loss_pq_vm:0.01154 loss_pq_va:0.22911 loss_pv_va:0.24607
INFO|2024-09-25 12:56:35: Epoch[001/100], iter[157/392], loss_total:0.68560, loss_equ:1.55570 loss_pq_vm:0.01106 loss_pq_va:0.20002 loss_pv_va:0.21945
INFO|2024-09-25 12:56:48: Epoch[001/100], iter[196/392], loss_total:0.72003, loss_equ:1.34798 loss_pq_vm:0.01207 loss_pq_va:0.22097 loss_pv_va:0.24353
INFO|2024-09-25 12:57:02: Epoch[001/100], iter[235/392], loss_total:0.62015, loss_equ:1.15867 loss_pq_vm:0.01059 loss_pq_va:0.18653 loss_pv_va:0.21186
INFO|2024-09-25 12:57:15: Epoch[001/100], iter[274/392], loss_total:0.64021, loss_equ:1.19960 loss_pq_vm:0.01072 loss_pq_va:0.19328 loss_pv_va:0.21979
INFO|2024-09-25 12:57:29: Epoch[001/100], iter[313/392], loss_total:0.63154, loss_equ:1.14702 loss_pq_vm:0.00999 loss_pq_va:0.19565 loss_pv_va:0.22125
INFO|2024-09-25 12:57:42: Epoch[001/100], iter[352/392], loss_total:0.63871, loss_equ:1.21931 loss_pq_vm:0.00827 loss_pq_va:0.20275 loss_pv_va:0.23128
INFO|2024-09-25 12:57:56: Epoch[001/100], iter[392/392], loss_total:0.62574, loss_equ:1.09013 loss_pq_vm:0.01241 loss_pq_va:0.18290 loss_pv_va:0.20972
INFO|2024-09-25 12:58:47: Epoch 0/100, lr:  0.00099976, eta: 5.14h, train_loss:  0.72891, valid_loss:  0.67154
INFO|2024-09-25 12:58:47: 	Train: PQ_Vm_rmse: 0.01759624  PQ_Va_rmse: 0.27489167  PV_Va_rmse: 0.29878048  delta_p: 0.91679120  delta_q: 0.41886825  
INFO|2024-09-25 12:58:47: 	ZTest: PQ_Vm_rmse: 0.01525318  PQ_Va_rmse: 0.25938719  PV_Va_rmse: 0.29700157  delta_p: 0.79465951  delta_q: 0.39415306  
INFO|2024-09-25 12:58:47: 	ZTest-ema: PQ_Vm_rmse: 0.015253  PQ_Va_rmse: 0.259387  PV_Va_rmse: 0.297002  delta_p: 0.794660  delta_q: 0.394153  
INFO|2024-09-25 12:58:47: 	           ValOfEMA:0.297002/0.297002,  Epoch:1/1
INFO|2024-09-25 12:58:49: 	Time(ep):187s,  Val(curr/best):0.297002/0.297002,  Epoch(curr/best):1/1
INFO|2024-09-25 12:58:49: -------------------- Epoch: 2 --------------------
INFO|2024-09-25 12:59:03: Epoch[002/100], iter[040/392], loss_total:0.61896, loss_equ:1.02865 loss_pq_vm:0.00951 loss_pq_va:0.19692 loss_pv_va:0.22411
INFO|2024-09-25 12:59:15: Epoch[002/100], iter[079/392], loss_total:0.56295, loss_equ:1.02480 loss_pq_vm:0.00847 loss_pq_va:0.17508 loss_pv_va:0.20069
INFO|2024-09-25 12:59:28: Epoch[002/100], iter[118/392], loss_total:0.62912, loss_equ:1.11614 loss_pq_vm:0.00841 loss_pq_va:0.20371 loss_pv_va:0.22972
INFO|2024-09-25 12:59:41: Epoch[002/100], iter[157/392], loss_total:0.63835, loss_equ:1.08430 loss_pq_vm:0.01044 loss_pq_va:0.20052 loss_pv_va:0.22504
INFO|2024-09-25 12:59:53: Epoch[002/100], iter[196/392], loss_total:0.60693, loss_equ:1.03219 loss_pq_vm:0.00936 loss_pq_va:0.19355 loss_pv_va:0.21657
INFO|2024-09-25 13:00:06: Epoch[002/100], iter[235/392], loss_total:0.62269, loss_equ:1.01855 loss_pq_vm:0.00987 loss_pq_va:0.20028 loss_pv_va:0.22190
INFO|2024-09-25 13:00:18: Epoch[002/100], iter[274/392], loss_total:0.59010, loss_equ:1.23347 loss_pq_vm:0.00788 loss_pq_va:0.18421 loss_pv_va:0.20378
INFO|2024-09-25 13:00:31: Epoch[002/100], iter[313/392], loss_total:0.56521, loss_equ:0.97280 loss_pq_vm:0.00768 loss_pq_va:0.18619 loss_pv_va:0.20493
INFO|2024-09-25 13:00:43: Epoch[002/100], iter[352/392], loss_total:0.54130, loss_equ:0.96703 loss_pq_vm:0.00924 loss_pq_va:0.16835 loss_pv_va:0.18389
INFO|2024-09-25 13:00:56: Epoch[002/100], iter[392/392], loss_total:0.52788, loss_equ:1.00596 loss_pq_vm:0.00805 loss_pq_va:0.16494 loss_pv_va:0.18182
INFO|2024-09-25 13:01:46: Epoch 1/100, lr:  0.00099902, eta: 4.84h, train_loss:  0.58278, valid_loss:  0.60382
INFO|2024-09-25 13:01:46: 	Train: PQ_Vm_rmse: 0.01272530  PQ_Va_rmse: 0.23501763  PV_Va_rmse: 0.26093279  delta_p: 0.65107903  delta_q: 0.28025452  
INFO|2024-09-25 13:01:46: 	ZTest: PQ_Vm_rmse: 0.01525186  PQ_Va_rmse: 0.23899196  PV_Va_rmse: 0.26435702  delta_p: 0.77952000  delta_q: 0.26940193  
INFO|2024-09-25 13:01:46: 	ZTest-ema: PQ_Vm_rmse: 0.015252  PQ_Va_rmse: 0.238992  PV_Va_rmse: 0.264357  delta_p: 0.779520  delta_q: 0.269402  
INFO|2024-09-25 13:01:46: 	           ValOfEMA:0.264357/0.264357,  Epoch:2/2
INFO|2024-09-25 13:01:48: 	Time(ep):177s,  Val(curr/best):0.264357/0.264357,  Epoch(curr/best):2/2
INFO|2024-09-25 13:01:48: -------------------- Epoch: 3 --------------------
INFO|2024-09-25 13:02:02: Epoch[003/100], iter[040/392], loss_total:0.57850, loss_equ:1.19940 loss_pq_vm:0.01023 loss_pq_va:0.17181 loss_pv_va:0.18440
INFO|2024-09-25 13:02:14: Epoch[003/100], iter[079/392], loss_total:0.54181, loss_equ:1.05952 loss_pq_vm:0.00969 loss_pq_va:0.16343 loss_pv_va:0.17548
INFO|2024-09-25 13:02:27: Epoch[003/100], iter[118/392], loss_total:0.53388, loss_equ:1.12893 loss_pq_vm:0.00750 loss_pq_va:0.16569 loss_pv_va:0.18034
INFO|2024-09-25 13:02:40: Epoch[003/100], iter[157/392], loss_total:0.53826, loss_equ:1.16034 loss_pq_vm:0.00748 loss_pq_va:0.16504 loss_pv_va:0.18241
INFO|2024-09-25 13:02:52: Epoch[003/100], iter[196/392], loss_total:0.52995, loss_equ:1.13016 loss_pq_vm:0.00852 loss_pq_va:0.16144 loss_pv_va:0.17027
INFO|2024-09-25 13:03:04: Epoch[003/100], iter[235/392], loss_total:0.48195, loss_equ:1.09397 loss_pq_vm:0.00696 loss_pq_va:0.14597 loss_pv_va:0.15700
INFO|2024-09-25 13:03:17: Epoch[003/100], iter[274/392], loss_total:0.49429, loss_equ:1.12498 loss_pq_vm:0.00735 loss_pq_va:0.15055 loss_pv_va:0.15771
INFO|2024-09-25 13:03:30: Epoch[003/100], iter[313/392], loss_total:0.49508, loss_equ:1.15787 loss_pq_vm:0.00743 loss_pq_va:0.14570 loss_pv_va:0.15926
INFO|2024-09-25 13:03:42: Epoch[003/100], iter[352/392], loss_total:0.46574, loss_equ:1.17335 loss_pq_vm:0.00698 loss_pq_va:0.13531 loss_pv_va:0.14333
INFO|2024-09-25 13:03:55: Epoch[003/100], iter[392/392], loss_total:0.48395, loss_equ:1.24463 loss_pq_vm:0.00755 loss_pq_va:0.13609 loss_pv_va:0.14788
INFO|2024-09-25 13:04:47: Epoch 2/100, lr:  0.00099780, eta: 4.82h, train_loss:  0.51112, valid_loss:  0.50982
INFO|2024-09-25 13:04:47: 	Train: PQ_Vm_rmse: 0.01113074  PQ_Va_rmse: 0.19874445  PV_Va_rmse: 0.21382532  delta_p: 0.73027071  delta_q: 0.27733776  
INFO|2024-09-25 13:04:47: 	ZTest: PQ_Vm_rmse: 0.01191105  PQ_Va_rmse: 0.18956088  PV_Va_rmse: 0.20773753  delta_p: 0.85546004  delta_q: 0.28792454  
INFO|2024-09-25 13:04:47: 	ZTest-ema: PQ_Vm_rmse: 0.011911  PQ_Va_rmse: 0.189561  PV_Va_rmse: 0.207738  delta_p: 0.855460  delta_q: 0.287925  
INFO|2024-09-25 13:04:47: 	           ValOfEMA:0.207738/0.207738,  Epoch:3/3
INFO|2024-09-25 13:04:48: 	Time(ep):178s,  Val(curr/best):0.207738/0.207738,  Epoch(curr/best):3/3
INFO|2024-09-25 13:04:48: -------------------- Epoch: 4 --------------------
INFO|2024-09-25 13:05:01: Epoch[004/100], iter[040/392], loss_total:0.46949, loss_equ:1.26297 loss_pq_vm:0.00705 loss_pq_va:0.13293 loss_pv_va:0.13973
INFO|2024-09-25 13:05:14: Epoch[004/100], iter[079/392], loss_total:0.50942, loss_equ:1.08690 loss_pq_vm:0.01169 loss_pq_va:0.13724 loss_pv_va:0.14657
INFO|2024-09-25 13:05:27: Epoch[004/100], iter[118/392], loss_total:0.48587, loss_equ:1.15797 loss_pq_vm:0.00747 loss_pq_va:0.14435 loss_pv_va:0.15100
INFO|2024-09-25 13:05:40: Epoch[004/100], iter[157/392], loss_total:0.43059, loss_equ:1.11716 loss_pq_vm:0.00695 loss_pq_va:0.11917 loss_pv_va:0.13017
INFO|2024-09-25 13:05:52: Epoch[004/100], iter[196/392], loss_total:0.45550, loss_equ:1.17307 loss_pq_vm:0.00633 loss_pq_va:0.13180 loss_pv_va:0.14313
INFO|2024-09-25 13:06:04: Epoch[004/100], iter[235/392], loss_total:0.42325, loss_equ:1.15689 loss_pq_vm:0.00613 loss_pq_va:0.11697 loss_pv_va:0.12931
INFO|2024-09-25 13:06:17: Epoch[004/100], iter[274/392], loss_total:0.42366, loss_equ:1.05612 loss_pq_vm:0.00782 loss_pq_va:0.11494 loss_pv_va:0.12488
INFO|2024-09-25 13:06:30: Epoch[004/100], iter[313/392], loss_total:0.41424, loss_equ:1.18598 loss_pq_vm:0.00646 loss_pq_va:0.10959 loss_pv_va:0.12147
INFO|2024-09-25 13:06:42: Epoch[004/100], iter[352/392], loss_total:0.40892, loss_equ:1.10174 loss_pq_vm:0.00713 loss_pq_va:0.10740 loss_pv_va:0.12005
INFO|2024-09-25 13:06:55: Epoch[004/100], iter[392/392], loss_total:0.40858, loss_equ:1.12982 loss_pq_vm:0.00612 loss_pq_va:0.11028 loss_pv_va:0.12416
INFO|2024-09-25 13:07:46: Epoch 3/100, lr:  0.00099610, eta: 4.76h, train_loss:  0.44451, valid_loss:  0.48097
INFO|2024-09-25 13:07:46: 	Train: PQ_Vm_rmse: 0.01023714  PQ_Va_rmse: 0.16028380  PV_Va_rmse: 0.17470673  delta_p: 0.76635730  delta_q: 0.26583343  
INFO|2024-09-25 13:07:46: 	ZTest: PQ_Vm_rmse: 0.01209321  PQ_Va_rmse: 0.16983751  PV_Va_rmse: 0.19075128  delta_p: 0.86051303  delta_q: 0.30721932  
INFO|2024-09-25 13:07:46: 	ZTest-ema: PQ_Vm_rmse: 0.012093  PQ_Va_rmse: 0.169838  PV_Va_rmse: 0.190751  delta_p: 0.860513  delta_q: 0.307219  
INFO|2024-09-25 13:07:46: 	           ValOfEMA:0.190751/0.190751,  Epoch:4/4
INFO|2024-09-25 13:07:47: 	Time(ep):178s,  Val(curr/best):0.190751/0.190751,  Epoch(curr/best):4/4
INFO|2024-09-25 13:07:47: -------------------- Epoch: 5 --------------------
INFO|2024-09-25 13:08:01: Epoch[005/100], iter[040/392], loss_total:0.46149, loss_equ:1.28265 loss_pq_vm:0.01015 loss_pq_va:0.10802 loss_pv_va:0.12368
INFO|2024-09-25 13:08:13: Epoch[005/100], iter[079/392], loss_total:0.44170, loss_equ:1.23602 loss_pq_vm:0.00675 loss_pq_va:0.11525 loss_pv_va:0.13535
INFO|2024-09-25 13:08:26: Epoch[005/100], iter[118/392], loss_total:0.39024, loss_equ:1.00963 loss_pq_vm:0.00706 loss_pq_va:0.10090 loss_pv_va:0.11781
INFO|2024-09-25 13:08:38: Epoch[005/100], iter[157/392], loss_total:0.37976, loss_equ:1.07945 loss_pq_vm:0.00624 loss_pq_va:0.09783 loss_pv_va:0.11157
INFO|2024-09-25 13:08:51: Epoch[005/100], iter[196/392], loss_total:0.35594, loss_equ:1.09474 loss_pq_vm:0.00538 loss_pq_va:0.08996 loss_pv_va:0.10272
INFO|2024-09-25 13:09:03: Epoch[005/100], iter[235/392], loss_total:0.37250, loss_equ:1.09339 loss_pq_vm:0.00571 loss_pq_va:0.09599 loss_pv_va:0.11004
INFO|2024-09-25 13:09:16: Epoch[005/100], iter[274/392], loss_total:0.38504, loss_equ:1.13202 loss_pq_vm:0.00601 loss_pq_va:0.09759 loss_pv_va:0.11412
INFO|2024-09-25 13:09:28: Epoch[005/100], iter[313/392], loss_total:0.38475, loss_equ:1.09375 loss_pq_vm:0.00803 loss_pq_va:0.09058 loss_pv_va:0.10445
INFO|2024-09-25 13:09:41: Epoch[005/100], iter[352/392], loss_total:0.37636, loss_equ:0.98315 loss_pq_vm:0.00861 loss_pq_va:0.08784 loss_pv_va:0.10414
INFO|2024-09-25 13:09:54: Epoch[005/100], iter[392/392], loss_total:0.35965, loss_equ:1.08032 loss_pq_vm:0.00680 loss_pq_va:0.08456 loss_pv_va:0.09903
INFO|2024-09-25 13:10:45: Epoch 4/100, lr:  0.00099391, eta: 4.69h, train_loss:  0.40248, valid_loss:  0.42267
INFO|2024-09-25 13:10:45: 	Train: PQ_Vm_rmse: 0.00978841  PQ_Va_rmse: 0.13424178  PV_Va_rmse: 0.15271366  delta_p: 0.77209121  delta_q: 0.25628754  
INFO|2024-09-25 13:10:45: 	ZTest: PQ_Vm_rmse: 0.01088685  PQ_Va_rmse: 0.14347543  PV_Va_rmse: 0.16495974  delta_p: 0.85197356  delta_q: 0.27491920  
INFO|2024-09-25 13:10:45: 	ZTest-ema: PQ_Vm_rmse: 0.010887  PQ_Va_rmse: 0.143475  PV_Va_rmse: 0.164960  delta_p: 0.851974  delta_q: 0.274919  
INFO|2024-09-25 13:10:45: 	           ValOfEMA:0.164960/0.164960,  Epoch:5/5
INFO|2024-09-25 13:10:46: 	Time(ep):177s,  Val(curr/best):0.164960/0.164960,  Epoch(curr/best):5/5
INFO|2024-09-25 13:10:46: -------------------- Epoch: 6 --------------------
INFO|2024-09-25 13:11:00: Epoch[006/100], iter[040/392], loss_total:0.37453, loss_equ:1.05129 loss_pq_vm:0.00564 loss_pq_va:0.09954 loss_pv_va:0.11350
INFO|2024-09-25 13:11:12: Epoch[006/100], iter[079/392], loss_total:0.34998, loss_equ:0.97887 loss_pq_vm:0.00564 loss_pq_va:0.08854 loss_pv_va:0.10718
INFO|2024-09-25 13:11:25: Epoch[006/100], iter[118/392], loss_total:0.40231, loss_equ:1.31675 loss_pq_vm:0.00576 loss_pq_va:0.09798 loss_pv_va:0.11508
INFO|2024-09-25 13:11:38: Epoch[006/100], iter[157/392], loss_total:0.38901, loss_equ:1.17982 loss_pq_vm:0.00612 loss_pq_va:0.09852 loss_pv_va:0.11132
INFO|2024-09-25 13:11:50: Epoch[006/100], iter[196/392], loss_total:0.35971, loss_equ:1.10940 loss_pq_vm:0.00555 loss_pq_va:0.08956 loss_pv_va:0.10372
INFO|2024-09-25 13:12:03: Epoch[006/100], iter[235/392], loss_total:0.36735, loss_equ:1.09311 loss_pq_vm:0.00671 loss_pq_va:0.08838 loss_pv_va:0.10261
INFO|2024-09-25 13:12:15: Epoch[006/100], iter[274/392], loss_total:0.39859, loss_equ:1.12024 loss_pq_vm:0.00747 loss_pq_va:0.09621 loss_pv_va:0.11569
INFO|2024-09-25 13:12:28: Epoch[006/100], iter[313/392], loss_total:0.36096, loss_equ:1.14166 loss_pq_vm:0.00655 loss_pq_va:0.08268 loss_pv_va:0.09866
INFO|2024-09-25 13:12:40: Epoch[006/100], iter[352/392], loss_total:0.37232, loss_equ:1.07133 loss_pq_vm:0.00680 loss_pq_va:0.09166 loss_pv_va:0.10558
INFO|2024-09-25 13:12:53: Epoch[006/100], iter[392/392], loss_total:0.36549, loss_equ:1.05867 loss_pq_vm:0.00684 loss_pq_va:0.08539 loss_pv_va:0.10579
INFO|2024-09-25 13:13:44: Epoch 5/100, lr:  0.00099123, eta: 4.65h, train_loss:  0.37193, valid_loss:  0.42744
INFO|2024-09-25 13:13:44: 	Train: PQ_Vm_rmse: 0.00914705  PQ_Va_rmse: 0.11961067  PV_Va_rmse: 0.13993123  delta_p: 0.75745635  delta_q: 0.23864880  
INFO|2024-09-25 13:13:44: 	ZTest: PQ_Vm_rmse: 0.01098747  PQ_Va_rmse: 0.13977033  PV_Va_rmse: 0.16468966  delta_p: 0.85977403  delta_q: 0.27442378  
INFO|2024-09-25 13:13:44: 	ZTest-ema: PQ_Vm_rmse: 0.010987  PQ_Va_rmse: 0.139770  PV_Va_rmse: 0.164690  delta_p: 0.859774  delta_q: 0.274424  
INFO|2024-09-25 13:13:44: 	           ValOfEMA:0.164690/0.164690,  Epoch:6/6
INFO|2024-09-25 13:13:45: 	Time(ep):177s,  Val(curr/best):0.164690/0.164690,  Epoch(curr/best):6/6
INFO|2024-09-25 13:13:45: -------------------- Epoch: 7 --------------------
INFO|2024-09-25 13:13:58: Epoch[007/100], iter[040/392], loss_total:0.35045, loss_equ:1.23098 loss_pq_vm:0.00507 loss_pq_va:0.08219 loss_pv_va:0.09451
INFO|2024-09-25 13:14:11: Epoch[007/100], iter[079/392], loss_total:0.37474, loss_equ:1.06370 loss_pq_vm:0.00593 loss_pq_va:0.09332 loss_pv_va:0.11572
INFO|2024-09-25 13:14:23: Epoch[007/100], iter[118/392], loss_total:0.33079, loss_equ:1.03192 loss_pq_vm:0.00541 loss_pq_va:0.07853 loss_pv_va:0.09500
INFO|2024-09-25 13:14:36: Epoch[007/100], iter[157/392], loss_total:0.34973, loss_equ:1.21586 loss_pq_vm:0.00532 loss_pq_va:0.07840 loss_pv_va:0.09655
INFO|2024-09-25 13:14:48: Epoch[007/100], iter[196/392], loss_total:0.38482, loss_equ:1.02424 loss_pq_vm:0.00716 loss_pq_va:0.09599 loss_pv_va:0.11483
INFO|2024-09-25 13:15:01: Epoch[007/100], iter[235/392], loss_total:0.35000, loss_equ:1.06810 loss_pq_vm:0.00584 loss_pq_va:0.08393 loss_pv_va:0.10089
INFO|2024-09-25 13:15:14: Epoch[007/100], iter[274/392], loss_total:0.37791, loss_equ:1.10684 loss_pq_vm:0.00951 loss_pq_va:0.07808 loss_pv_va:0.09405
INFO|2024-09-25 13:15:26: Epoch[007/100], iter[313/392], loss_total:0.35742, loss_equ:1.22817 loss_pq_vm:0.00566 loss_pq_va:0.08154 loss_pv_va:0.09643
INFO|2024-09-25 13:15:38: Epoch[007/100], iter[352/392], loss_total:0.35153, loss_equ:0.98799 loss_pq_vm:0.00586 loss_pq_va:0.08775 loss_pv_va:0.10633
INFO|2024-09-25 13:15:51: Epoch[007/100], iter[392/392], loss_total:0.38938, loss_equ:1.08694 loss_pq_vm:0.00939 loss_pq_va:0.08558 loss_pv_va:0.10117
INFO|2024-09-25 13:16:42: Epoch 6/100, lr:  0.00098808, eta: 4.58h, train_loss:  0.36140, valid_loss:  0.49279
INFO|2024-09-25 13:16:42: 	Train: PQ_Vm_rmse: 0.00901141  PQ_Va_rmse: 0.11283093  PV_Va_rmse: 0.13428257  delta_p: 0.75779359  delta_q: 0.23266113  
INFO|2024-09-25 13:16:42: 	ZTest: PQ_Vm_rmse: 0.01760955  PQ_Va_rmse: 0.13886407  PV_Va_rmse: 0.15801025  delta_p: 0.97310857  delta_q: 0.29530648  
INFO|2024-09-25 13:16:42: 	ZTest-ema: PQ_Vm_rmse: 0.017610  PQ_Va_rmse: 0.138864  PV_Va_rmse: 0.158010  delta_p: 0.973109  delta_q: 0.295306  
INFO|2024-09-25 13:16:42: 	           ValOfEMA:0.158010/0.158010,  Epoch:7/7
INFO|2024-09-25 13:16:43: 	Time(ep):177s,  Val(curr/best):0.158010/0.158010,  Epoch(curr/best):7/7
INFO|2024-09-25 13:16:43: -------------------- Epoch: 8 --------------------
INFO|2024-09-25 13:16:57: Epoch[008/100], iter[040/392], loss_total:0.32875, loss_equ:1.00438 loss_pq_vm:0.00527 loss_pq_va:0.07924 loss_pv_va:0.09636
INFO|2024-09-25 13:17:09: Epoch[008/100], iter[079/392], loss_total:0.33994, loss_equ:1.08433 loss_pq_vm:0.00756 loss_pq_va:0.06947 loss_pv_va:0.08640
INFO|2024-09-25 13:17:21: Epoch[008/100], iter[118/392], loss_total:0.45041, loss_equ:1.38379 loss_pq_vm:0.01192 loss_pq_va:0.08962 loss_pv_va:0.10322
INFO|2024-09-25 13:17:34: Epoch[008/100], iter[157/392], loss_total:0.32005, loss_equ:1.02362 loss_pq_vm:0.00579 loss_pq_va:0.07213 loss_pv_va:0.08766
INFO|2024-09-25 13:17:46: Epoch[008/100], iter[196/392], loss_total:0.35196, loss_equ:1.05374 loss_pq_vm:0.00721 loss_pq_va:0.07863 loss_pv_va:0.09587
INFO|2024-09-25 13:17:59: Epoch[008/100], iter[235/392], loss_total:0.36618, loss_equ:1.07291 loss_pq_vm:0.00684 loss_pq_va:0.08534 loss_pv_va:0.10512
INFO|2024-09-25 13:18:12: Epoch[008/100], iter[274/392], loss_total:0.35056, loss_equ:1.12277 loss_pq_vm:0.00621 loss_pq_va:0.08085 loss_pv_va:0.09531
INFO|2024-09-25 13:18:24: Epoch[008/100], iter[313/392], loss_total:0.32705, loss_equ:0.93348 loss_pq_vm:0.00493 loss_pq_va:0.08240 loss_pv_va:0.10201
INFO|2024-09-25 13:18:36: Epoch[008/100], iter[352/392], loss_total:0.33433, loss_equ:1.02284 loss_pq_vm:0.00606 loss_pq_va:0.07653 loss_pv_va:0.09496
INFO|2024-09-25 13:18:49: Epoch[008/100], iter[392/392], loss_total:0.34009, loss_equ:1.03895 loss_pq_vm:0.00631 loss_pq_va:0.07752 loss_pv_va:0.09554
INFO|2024-09-25 13:19:40: Epoch 7/100, lr:  0.00098445, eta: 4.53h, train_loss:  0.34507, valid_loss:  0.40930
INFO|2024-09-25 13:19:40: 	Train: PQ_Vm_rmse: 0.00858970  PQ_Va_rmse: 0.10584714  PV_Va_rmse: 0.12810093  delta_p: 0.74396051  delta_q: 0.22592654  
INFO|2024-09-25 13:19:40: 	ZTest: PQ_Vm_rmse: 0.01122645  PQ_Va_rmse: 0.13111773  PV_Va_rmse: 0.15283336  delta_p: 0.84832984  delta_q: 0.27658312  
INFO|2024-09-25 13:19:40: 	ZTest-ema: PQ_Vm_rmse: 0.011226  PQ_Va_rmse: 0.131118  PV_Va_rmse: 0.152833  delta_p: 0.848330  delta_q: 0.276583  
INFO|2024-09-25 13:19:40: 	           ValOfEMA:0.152833/0.152833,  Epoch:8/8
INFO|2024-09-25 13:19:41: 	Time(ep):177s,  Val(curr/best):0.152833/0.152833,  Epoch(curr/best):8/8
INFO|2024-09-25 13:19:41: -------------------- Epoch: 9 --------------------
INFO|2024-09-25 13:19:55: Epoch[009/100], iter[040/392], loss_total:0.37985, loss_equ:1.04295 loss_pq_vm:0.00715 loss_pq_va:0.09401 loss_pv_va:0.11005
INFO|2024-09-25 13:20:08: Epoch[009/100], iter[079/392], loss_total:0.33441, loss_equ:1.00797 loss_pq_vm:0.00731 loss_pq_va:0.07192 loss_pv_va:0.08855
INFO|2024-09-25 13:20:21: Epoch[009/100], iter[118/392], loss_total:0.33479, loss_equ:0.99207 loss_pq_vm:0.00703 loss_pq_va:0.07315 loss_pv_va:0.09208
INFO|2024-09-25 13:20:33: Epoch[009/100], iter[157/392], loss_total:0.33334, loss_equ:0.95493 loss_pq_vm:0.00626 loss_pq_va:0.07776 loss_pv_va:0.09745
INFO|2024-09-25 13:20:45: Epoch[009/100], iter[196/392], loss_total:0.33581, loss_equ:0.92835 loss_pq_vm:0.00547 loss_pq_va:0.08502 loss_pv_va:0.10327
INFO|2024-09-25 13:20:58: Epoch[009/100], iter[235/392], loss_total:0.31240, loss_equ:0.97384 loss_pq_vm:0.00518 loss_pq_va:0.07352 loss_pv_va:0.08966
INFO|2024-09-25 13:21:11: Epoch[009/100], iter[274/392], loss_total:0.34610, loss_equ:1.07681 loss_pq_vm:0.00711 loss_pq_va:0.07609 loss_pv_va:0.09125
INFO|2024-09-25 13:21:23: Epoch[009/100], iter[313/392], loss_total:0.34175, loss_equ:0.97795 loss_pq_vm:0.00683 loss_pq_va:0.07909 loss_pv_va:0.09654
INFO|2024-09-25 13:21:35: Epoch[009/100], iter[352/392], loss_total:0.31507, loss_equ:0.89384 loss_pq_vm:0.00542 loss_pq_va:0.07756 loss_pv_va:0.09389
INFO|2024-09-25 13:21:48: Epoch[009/100], iter[392/392], loss_total:0.35023, loss_equ:0.97368 loss_pq_vm:0.00789 loss_pq_va:0.07629 loss_pv_va:0.09768
INFO|2024-09-25 13:22:39: Epoch 8/100, lr:  0.00098035, eta: 4.49h, train_loss:  0.33312, valid_loss:  0.41811
INFO|2024-09-25 13:22:39: 	Train: PQ_Vm_rmse: 0.00834737  PQ_Va_rmse: 0.10331509  PV_Va_rmse: 0.12606180  delta_p: 0.69661244  delta_q: 0.21197984  
INFO|2024-09-25 13:22:39: 	ZTest: PQ_Vm_rmse: 0.01126913  PQ_Va_rmse: 0.13201523  PV_Va_rmse: 0.15761101  delta_p: 0.80644866  delta_q: 0.26107471  
INFO|2024-09-25 13:22:39: 	ZTest-ema: PQ_Vm_rmse: 0.011269  PQ_Va_rmse: 0.132015  PV_Va_rmse: 0.157611  delta_p: 0.806449  delta_q: 0.261075  
INFO|2024-09-25 13:22:39: 	           ValOfEMA:0.157611/0.152833,  Epoch:9/8
INFO|2024-09-25 13:22:39: 	Time(ep):177s,  Val(curr/best):0.157611/0.152833,  Epoch(curr/best):9/8
INFO|2024-09-25 13:22:39: -------------------- Epoch: 10 --------------------
INFO|2024-09-25 13:22:53: Epoch[010/100], iter[040/392], loss_total:0.31110, loss_equ:0.99917 loss_pq_vm:0.00505 loss_pq_va:0.07221 loss_pv_va:0.08850
INFO|2024-09-25 13:23:06: Epoch[010/100], iter[079/392], loss_total:0.30595, loss_equ:0.97439 loss_pq_vm:0.00480 loss_pq_va:0.07134 loss_pv_va:0.08920
INFO|2024-09-25 13:23:18: Epoch[010/100], iter[118/392], loss_total:0.34573, loss_equ:1.00595 loss_pq_vm:0.00922 loss_pq_va:0.06736 loss_pv_va:0.08557
INFO|2024-09-25 13:23:31: Epoch[010/100], iter[157/392], loss_total:0.36322, loss_equ:1.07471 loss_pq_vm:0.00654 loss_pq_va:0.08564 loss_pv_va:0.10470
INFO|2024-09-25 13:23:43: Epoch[010/100], iter[196/392], loss_total:0.33564, loss_equ:1.06987 loss_pq_vm:0.00660 loss_pq_va:0.07282 loss_pv_va:0.08983
INFO|2024-09-25 13:23:56: Epoch[010/100], iter[235/392], loss_total:0.29741, loss_equ:0.95977 loss_pq_vm:0.00458 loss_pq_va:0.06844 loss_pv_va:0.08715
INFO|2024-09-25 13:24:08: Epoch[010/100], iter[274/392], loss_total:0.31911, loss_equ:0.97856 loss_pq_vm:0.00588 loss_pq_va:0.07338 loss_pv_va:0.08909
INFO|2024-09-25 13:24:21: Epoch[010/100], iter[313/392], loss_total:0.32057, loss_equ:0.92357 loss_pq_vm:0.00505 loss_pq_va:0.07886 loss_pv_va:0.09885
INFO|2024-09-25 13:24:33: Epoch[010/100], iter[352/392], loss_total:0.31433, loss_equ:1.05264 loss_pq_vm:0.00525 loss_pq_va:0.06935 loss_pv_va:0.08718
INFO|2024-09-25 13:24:46: Epoch[010/100], iter[392/392], loss_total:0.29466, loss_equ:0.97159 loss_pq_vm:0.00442 loss_pq_va:0.06754 loss_pv_va:0.08578
INFO|2024-09-25 13:25:37: Epoch 9/100, lr:  0.00097577, eta: 4.44h, train_loss:  0.32622, valid_loss:  0.38030
INFO|2024-09-25 13:25:37: 	Train: PQ_Vm_rmse: 0.00826575  PQ_Va_rmse: 0.09820654  PV_Va_rmse: 0.12132225  delta_p: 0.70192779  delta_q: 0.21839898  
INFO|2024-09-25 13:25:37: 	ZTest: PQ_Vm_rmse: 0.01043031  PQ_Va_rmse: 0.12073513  PV_Va_rmse: 0.14438613  delta_p: 0.82383357  delta_q: 0.26394189  
INFO|2024-09-25 13:25:37: 	ZTest-ema: PQ_Vm_rmse: 0.010430  PQ_Va_rmse: 0.120735  PV_Va_rmse: 0.144386  delta_p: 0.823834  delta_q: 0.263942  
INFO|2024-09-25 13:25:37: 	           ValOfEMA:0.144386/0.144386,  Epoch:10/10
INFO|2024-09-25 13:25:38: 	Time(ep):177s,  Val(curr/best):0.144386/0.144386,  Epoch(curr/best):10/10
INFO|2024-09-25 13:25:38: -------------------- Epoch: 11 --------------------
INFO|2024-09-25 13:25:52: Epoch[011/100], iter[040/392], loss_total:0.29943, loss_equ:0.93819 loss_pq_vm:0.00484 loss_pq_va:0.07016 loss_pv_va:0.08704
INFO|2024-09-25 13:26:05: Epoch[011/100], iter[079/392], loss_total:0.33377, loss_equ:1.08524 loss_pq_vm:0.00541 loss_pq_va:0.07827 loss_pv_va:0.09288
INFO|2024-09-25 13:26:18: Epoch[011/100], iter[118/392], loss_total:0.31536, loss_equ:0.92133 loss_pq_vm:0.00631 loss_pq_va:0.07237 loss_pv_va:0.08775
INFO|2024-09-25 13:26:30: Epoch[011/100], iter[157/392], loss_total:0.32262, loss_equ:0.95945 loss_pq_vm:0.00464 loss_pq_va:0.08012 loss_pv_va:0.10011
INFO|2024-09-25 13:26:42: Epoch[011/100], iter[196/392], loss_total:0.28408, loss_equ:0.98880 loss_pq_vm:0.00414 loss_pq_va:0.06252 loss_pv_va:0.08126
INFO|2024-09-25 13:26:55: Epoch[011/100], iter[235/392], loss_total:0.41410, loss_equ:1.02939 loss_pq_vm:0.00655 loss_pq_va:0.11430 loss_pv_va:0.13139
INFO|2024-09-25 13:27:08: Epoch[011/100], iter[274/392], loss_total:0.32482, loss_equ:1.15028 loss_pq_vm:0.00493 loss_pq_va:0.07316 loss_pv_va:0.08737
INFO|2024-09-25 13:27:20: Epoch[011/100], iter[313/392], loss_total:0.36048, loss_equ:1.05638 loss_pq_vm:0.00577 loss_pq_va:0.08569 loss_pv_va:0.11143
INFO|2024-09-25 13:27:32: Epoch[011/100], iter[352/392], loss_total:0.32648, loss_equ:0.96045 loss_pq_vm:0.00576 loss_pq_va:0.07741 loss_pv_va:0.09541
INFO|2024-09-25 13:27:45: Epoch[011/100], iter[392/392], loss_total:0.30982, loss_equ:0.91242 loss_pq_vm:0.00471 loss_pq_va:0.07706 loss_pv_va:0.09440
INFO|2024-09-25 13:28:37: Epoch 10/100, lr:  0.00097074, eta: 4.41h, train_loss:  0.32227, valid_loss:  0.38932
INFO|2024-09-25 13:28:37: 	Train: PQ_Vm_rmse: 0.00791223  PQ_Va_rmse: 0.09752339  PV_Va_rmse: 0.12103992  delta_p: 0.71258342  delta_q: 0.20847124  
INFO|2024-09-25 13:28:37: 	ZTest: PQ_Vm_rmse: 0.01048832  PQ_Va_rmse: 0.13104805  PV_Va_rmse: 0.15443047  delta_p: 0.80502963  delta_q: 0.23282168  
INFO|2024-09-25 13:28:37: 	ZTest-ema: PQ_Vm_rmse: 0.010488  PQ_Va_rmse: 0.131048  PV_Va_rmse: 0.154430  delta_p: 0.805030  delta_q: 0.232822  
INFO|2024-09-25 13:28:37: 	           ValOfEMA:0.154430/0.144386,  Epoch:11/10
INFO|2024-09-25 13:28:37: 	Time(ep):178s,  Val(curr/best):0.154430/0.144386,  Epoch(curr/best):11/10
INFO|2024-09-25 13:28:37: -------------------- Epoch: 12 --------------------
INFO|2024-09-25 13:28:51: Epoch[012/100], iter[040/392], loss_total:0.30050, loss_equ:0.89788 loss_pq_vm:0.00456 loss_pq_va:0.07367 loss_pv_va:0.09140
INFO|2024-09-25 13:29:03: Epoch[012/100], iter[079/392], loss_total:0.29639, loss_equ:0.89193 loss_pq_vm:0.00446 loss_pq_va:0.07093 loss_pv_va:0.09164
INFO|2024-09-25 13:29:16: Epoch[012/100], iter[118/392], loss_total:0.31902, loss_equ:0.89586 loss_pq_vm:0.00594 loss_pq_va:0.07504 loss_pv_va:0.09501
INFO|2024-09-25 13:29:29: Epoch[012/100], iter[157/392], loss_total:0.31622, loss_equ:0.94122 loss_pq_vm:0.00537 loss_pq_va:0.07492 loss_pv_va:0.09348
INFO|2024-09-25 13:29:41: Epoch[012/100], iter[196/392], loss_total:0.30586, loss_equ:1.03587 loss_pq_vm:0.00485 loss_pq_va:0.06851 loss_pv_va:0.08526
INFO|2024-09-25 13:29:54: Epoch[012/100], iter[235/392], loss_total:0.30891, loss_equ:0.96023 loss_pq_vm:0.00476 loss_pq_va:0.07383 loss_pv_va:0.09146
INFO|2024-09-25 13:30:06: Epoch[012/100], iter[274/392], loss_total:0.32712, loss_equ:1.11934 loss_pq_vm:0.00578 loss_pq_va:0.06821 loss_pv_va:0.08916
INFO|2024-09-25 13:30:19: Epoch[012/100], iter[313/392], loss_total:0.30091, loss_equ:0.99529 loss_pq_vm:0.00563 loss_pq_va:0.06404 loss_pv_va:0.08102
INFO|2024-09-25 13:30:31: Epoch[012/100], iter[352/392], loss_total:0.29242, loss_equ:0.99029 loss_pq_vm:0.00503 loss_pq_va:0.06313 loss_pv_va:0.07997
INFO|2024-09-25 13:30:44: Epoch[012/100], iter[392/392], loss_total:0.30806, loss_equ:0.97274 loss_pq_vm:0.00531 loss_pq_va:0.06837 loss_pv_va:0.08936
INFO|2024-09-25 13:31:35: Epoch 11/100, lr:  0.00096524, eta: 4.34h, train_loss:  0.30920, valid_loss:  0.37129
INFO|2024-09-25 13:31:35: 	Train: PQ_Vm_rmse: 0.00761078  PQ_Va_rmse: 0.09449748  PV_Va_rmse: 0.11815178  delta_p: 0.66957692  delta_q: 0.20212887  
INFO|2024-09-25 13:31:35: 	ZTest: PQ_Vm_rmse: 0.00932649  PQ_Va_rmse: 0.12337542  PV_Va_rmse: 0.14758571  delta_p: 0.82503796  delta_q: 0.22509478  
INFO|2024-09-25 13:31:35: 	ZTest-ema: PQ_Vm_rmse: 0.009498  PQ_Va_rmse: 0.117980  PV_Va_rmse: 0.141351  delta_p: 0.734854  delta_q: 0.210438  
INFO|2024-09-25 13:31:35: 	           ValOfEMA:0.141351/0.141351,  Epoch:12/12
INFO|2024-09-25 13:31:35: 	Time(ep):177s,  Val(curr/best):0.147586/0.144386,  Epoch(curr/best):12/10
INFO|2024-09-25 13:31:35: -------------------- Epoch: 13 --------------------
INFO|2024-09-25 13:31:49: Epoch[013/100], iter[040/392], loss_total:0.30106, loss_equ:0.89057 loss_pq_vm:0.00535 loss_pq_va:0.07000 loss_pv_va:0.08851
INFO|2024-09-25 13:32:01: Epoch[013/100], iter[079/392], loss_total:0.31424, loss_equ:0.93395 loss_pq_vm:0.00612 loss_pq_va:0.07038 loss_pv_va:0.08926
INFO|2024-09-25 13:32:14: Epoch[013/100], iter[118/392], loss_total:0.28391, loss_equ:0.88856 loss_pq_vm:0.00506 loss_pq_va:0.06394 loss_pv_va:0.08048
INFO|2024-09-25 13:32:26: Epoch[013/100], iter[157/392], loss_total:0.29967, loss_equ:1.01397 loss_pq_vm:0.00478 loss_pq_va:0.06654 loss_pv_va:0.08396
INFO|2024-09-25 13:32:38: Epoch[013/100], iter[196/392], loss_total:0.29603, loss_equ:0.93996 loss_pq_vm:0.00525 loss_pq_va:0.06657 loss_pv_va:0.08300
INFO|2024-09-25 13:32:51: Epoch[013/100], iter[235/392], loss_total:0.28344, loss_equ:0.88047 loss_pq_vm:0.00429 loss_pq_va:0.06850 loss_pv_va:0.08400
INFO|2024-09-25 13:33:03: Epoch[013/100], iter[274/392], loss_total:0.30530, loss_equ:1.05572 loss_pq_vm:0.00455 loss_pq_va:0.06902 loss_pv_va:0.08522
INFO|2024-09-25 13:33:16: Epoch[013/100], iter[313/392], loss_total:0.32882, loss_equ:1.03644 loss_pq_vm:0.00709 loss_pq_va:0.06895 loss_pv_va:0.08535
INFO|2024-09-25 13:33:28: Epoch[013/100], iter[352/392], loss_total:0.29869, loss_equ:0.96446 loss_pq_vm:0.00465 loss_pq_va:0.06960 loss_pv_va:0.08612
INFO|2024-09-25 13:33:41: Epoch[013/100], iter[392/392], loss_total:0.31605, loss_equ:0.86463 loss_pq_vm:0.00635 loss_pq_va:0.07536 loss_pv_va:0.09072
INFO|2024-09-25 13:34:30: Epoch 12/100, lr:  0.00095929, eta: 4.22h, train_loss:  0.30893, valid_loss:  0.36287
INFO|2024-09-25 13:34:30: 	Train: PQ_Vm_rmse: 0.00752546  PQ_Va_rmse: 0.09417781  PV_Va_rmse: 0.11817949  delta_p: 0.67578366  delta_q: 0.19954002  
INFO|2024-09-25 13:34:30: 	ZTest: PQ_Vm_rmse: 0.00948162  PQ_Va_rmse: 0.12493022  PV_Va_rmse: 0.14676614  delta_p: 0.73810500  delta_q: 0.22159019  
INFO|2024-09-25 13:34:30: 	ZTest-ema: PQ_Vm_rmse: 0.009422  PQ_Va_rmse: 0.117492  PV_Va_rmse: 0.140837  delta_p: 0.722802  delta_q: 0.206933  
INFO|2024-09-25 13:34:30: 	           ValOfEMA:0.140837/0.140837,  Epoch:13/13
INFO|2024-09-25 13:34:31: 	Time(ep):174s,  Val(curr/best):0.146766/0.144386,  Epoch(curr/best):13/10
INFO|2024-09-25 13:34:31: -------------------- Epoch: 14 --------------------
INFO|2024-09-25 13:34:44: Epoch[014/100], iter[040/392], loss_total:0.29961, loss_equ:0.87401 loss_pq_vm:0.00554 loss_pq_va:0.06957 loss_pv_va:0.08720
INFO|2024-09-25 13:34:57: Epoch[014/100], iter[079/392], loss_total:0.31176, loss_equ:0.99626 loss_pq_vm:0.00609 loss_pq_va:0.06550 loss_pv_va:0.08576
INFO|2024-09-25 13:35:10: Epoch[014/100], iter[118/392], loss_total:0.29201, loss_equ:0.96997 loss_pq_vm:0.00446 loss_pq_va:0.06587 loss_pv_va:0.08457
INFO|2024-09-25 13:35:22: Epoch[014/100], iter[157/392], loss_total:0.28958, loss_equ:0.83496 loss_pq_vm:0.00481 loss_pq_va:0.07132 loss_pv_va:0.08665
INFO|2024-09-25 13:35:34: Epoch[014/100], iter[196/392], loss_total:0.28027, loss_equ:0.81479 loss_pq_vm:0.00420 loss_pq_va:0.06960 loss_pv_va:0.08718
INFO|2024-09-25 13:35:47: Epoch[014/100], iter[235/392], loss_total:0.28373, loss_equ:0.83222 loss_pq_vm:0.00462 loss_pq_va:0.06915 loss_pv_va:0.08512
INFO|2024-09-25 13:35:59: Epoch[014/100], iter[274/392], loss_total:0.28929, loss_equ:0.88327 loss_pq_vm:0.00430 loss_pq_va:0.07038 loss_pv_va:0.08754
INFO|2024-09-25 13:36:12: Epoch[014/100], iter[313/392], loss_total:0.28364, loss_equ:0.82930 loss_pq_vm:0.00508 loss_pq_va:0.06716 loss_pv_va:0.08276
INFO|2024-09-25 13:36:24: Epoch[014/100], iter[352/392], loss_total:0.27901, loss_equ:0.87964 loss_pq_vm:0.00471 loss_pq_va:0.06338 loss_pv_va:0.08055
INFO|2024-09-25 13:36:37: Epoch[014/100], iter[392/392], loss_total:0.28301, loss_equ:0.95468 loss_pq_vm:0.00472 loss_pq_va:0.06183 loss_pv_va:0.07851
INFO|2024-09-25 13:37:27: Epoch 13/100, lr:  0.00095289, eta: 4.21h, train_loss:  0.30054, valid_loss:  0.35795
INFO|2024-09-25 13:37:27: 	Train: PQ_Vm_rmse: 0.00746665  PQ_Va_rmse: 0.09200732  PV_Va_rmse: 0.11599785  delta_p: 0.64592378  delta_q: 0.18877070  
INFO|2024-09-25 13:37:27: 	ZTest: PQ_Vm_rmse: 0.00913007  PQ_Va_rmse: 0.11621772  PV_Va_rmse: 0.14036030  delta_p: 0.81787043  delta_q: 0.22547328  
INFO|2024-09-25 13:37:27: 	ZTest-ema: PQ_Vm_rmse: 0.009310  PQ_Va_rmse: 0.116218  PV_Va_rmse: 0.139788  delta_p: 0.714944  delta_q: 0.202675  
INFO|2024-09-25 13:37:27: 	           ValOfEMA:0.139788/0.139788,  Epoch:14/14
INFO|2024-09-25 13:37:28: 	Time(ep):176s,  Val(curr/best):0.140360/0.140360,  Epoch(curr/best):14/14
INFO|2024-09-25 13:37:28: -------------------- Epoch: 15 --------------------
INFO|2024-09-25 13:37:42: Epoch[015/100], iter[040/392], loss_total:0.30681, loss_equ:1.05197 loss_pq_vm:0.00445 loss_pq_va:0.06963 loss_pv_va:0.08749
INFO|2024-09-25 13:37:54: Epoch[015/100], iter[079/392], loss_total:0.30031, loss_equ:0.98266 loss_pq_vm:0.00509 loss_pq_va:0.06649 loss_pv_va:0.08460
INFO|2024-09-25 13:38:06: Epoch[015/100], iter[118/392], loss_total:0.28814, loss_equ:0.87009 loss_pq_vm:0.00433 loss_pq_va:0.06920 loss_pv_va:0.08863
INFO|2024-09-25 13:38:19: Epoch[015/100], iter[157/392], loss_total:0.29642, loss_equ:0.87796 loss_pq_vm:0.00458 loss_pq_va:0.07267 loss_pv_va:0.09010
INFO|2024-09-25 13:38:31: Epoch[015/100], iter[196/392], loss_total:0.30571, loss_equ:0.90972 loss_pq_vm:0.00501 loss_pq_va:0.07280 loss_pv_va:0.09182
INFO|2024-09-25 13:38:43: Epoch[015/100], iter[235/392], loss_total:0.29635, loss_equ:0.86032 loss_pq_vm:0.00498 loss_pq_va:0.07063 loss_pv_va:0.08990
INFO|2024-09-25 13:38:56: Epoch[015/100], iter[274/392], loss_total:0.27715, loss_equ:0.84340 loss_pq_vm:0.00462 loss_pq_va:0.06373 loss_pv_va:0.08289
INFO|2024-09-25 13:39:08: Epoch[015/100], iter[313/392], loss_total:0.30456, loss_equ:0.97783 loss_pq_vm:0.00477 loss_pq_va:0.07151 loss_pv_va:0.08758
INFO|2024-09-25 13:39:20: Epoch[015/100], iter[352/392], loss_total:0.30010, loss_equ:0.97402 loss_pq_vm:0.00588 loss_pq_va:0.06306 loss_pv_va:0.08087
INFO|2024-09-25 13:39:33: Epoch[015/100], iter[392/392], loss_total:0.30093, loss_equ:0.90536 loss_pq_vm:0.00556 loss_pq_va:0.06818 loss_pv_va:0.08662
INFO|2024-09-25 13:40:23: Epoch 14/100, lr:  0.00094605, eta: 4.12h, train_loss:  0.30180, valid_loss:  0.35835
INFO|2024-09-25 13:40:23: 	Train: PQ_Vm_rmse: 0.00738622  PQ_Va_rmse: 0.09137871  PV_Va_rmse: 0.11550614  delta_p: 0.66777702  delta_q: 0.19191969  
INFO|2024-09-25 13:40:23: 	ZTest: PQ_Vm_rmse: 0.00974723  PQ_Va_rmse: 0.11741903  PV_Va_rmse: 0.14185147  delta_p: 0.77771561  delta_q: 0.22499888  
INFO|2024-09-25 13:40:23: 	ZTest-ema: PQ_Vm_rmse: 0.009211  PQ_Va_rmse: 0.115326  PV_Va_rmse: 0.139079  delta_p: 0.715682  delta_q: 0.201774  
INFO|2024-09-25 13:40:23: 	           ValOfEMA:0.139079/0.139079,  Epoch:15/15
INFO|2024-09-25 13:40:23: 	Time(ep):174s,  Val(curr/best):0.141851/0.140360,  Epoch(curr/best):15/14
INFO|2024-09-25 13:40:23: -------------------- Epoch: 16 --------------------
INFO|2024-09-25 13:40:37: Epoch[016/100], iter[040/392], loss_total:0.28040, loss_equ:0.85201 loss_pq_vm:0.00436 loss_pq_va:0.06722 loss_pv_va:0.08438
INFO|2024-09-25 13:40:50: Epoch[016/100], iter[079/392], loss_total:0.29260, loss_equ:0.85625 loss_pq_vm:0.00480 loss_pq_va:0.07051 loss_pv_va:0.08843
INFO|2024-09-25 13:41:02: Epoch[016/100], iter[118/392], loss_total:0.33183, loss_equ:0.95167 loss_pq_vm:0.00724 loss_pq_va:0.07303 loss_pv_va:0.09119
INFO|2024-09-25 13:41:15: Epoch[016/100], iter[157/392], loss_total:0.28598, loss_equ:0.93795 loss_pq_vm:0.00460 loss_pq_va:0.06314 loss_pv_va:0.08302
INFO|2024-09-25 13:41:27: Epoch[016/100], iter[196/392], loss_total:0.31684, loss_equ:0.95944 loss_pq_vm:0.00650 loss_pq_va:0.06847 loss_pv_va:0.08739
INFO|2024-09-25 13:41:39: Epoch[016/100], iter[235/392], loss_total:0.28172, loss_equ:0.87227 loss_pq_vm:0.00408 loss_pq_va:0.06760 loss_pv_va:0.08605
INFO|2024-09-25 13:41:52: Epoch[016/100], iter[274/392], loss_total:0.26263, loss_equ:0.82889 loss_pq_vm:0.00400 loss_pq_va:0.06188 loss_pv_va:0.07783
INFO|2024-09-25 13:42:05: Epoch[016/100], iter[313/392], loss_total:0.28483, loss_equ:0.83497 loss_pq_vm:0.00511 loss_pq_va:0.06577 loss_pv_va:0.08444
INFO|2024-09-25 13:42:17: Epoch[016/100], iter[352/392], loss_total:0.30049, loss_equ:1.00094 loss_pq_vm:0.00521 loss_pq_va:0.06357 loss_pv_va:0.08476
INFO|2024-09-25 13:42:30: Epoch[016/100], iter[392/392], loss_total:0.27337, loss_equ:0.87513 loss_pq_vm:0.00401 loss_pq_va:0.06320 loss_pv_va:0.08257
INFO|2024-09-25 13:43:20: Epoch 15/100, lr:  0.00093877, eta: 4.12h, train_loss:  0.29476, valid_loss:  0.37399
INFO|2024-09-25 13:43:20: 	Train: PQ_Vm_rmse: 0.00722229  PQ_Va_rmse: 0.09035168  PV_Va_rmse: 0.11477684  delta_p: 0.64023836  delta_q: 0.18350291  
INFO|2024-09-25 13:43:20: 	ZTest: PQ_Vm_rmse: 0.01172050  PQ_Va_rmse: 0.11571818  PV_Va_rmse: 0.13960029  delta_p: 0.80186459  delta_q: 0.21885983  
INFO|2024-09-25 13:43:20: 	ZTest-ema: PQ_Vm_rmse: 0.009110  PQ_Va_rmse: 0.114390  PV_Va_rmse: 0.138303  delta_p: 0.709598  delta_q: 0.199082  
INFO|2024-09-25 13:43:20: 	           ValOfEMA:0.138303/0.138303,  Epoch:16/16
INFO|2024-09-25 13:43:21: 	Time(ep):176s,  Val(curr/best):0.139600/0.139600,  Epoch(curr/best):16/16
INFO|2024-09-25 13:43:21: -------------------- Epoch: 17 --------------------
INFO|2024-09-25 13:43:35: Epoch[017/100], iter[040/392], loss_total:0.29253, loss_equ:0.84651 loss_pq_vm:0.00498 loss_pq_va:0.06980 loss_pv_va:0.08830
INFO|2024-09-25 13:43:47: Epoch[017/100], iter[079/392], loss_total:0.27760, loss_equ:0.83130 loss_pq_vm:0.00398 loss_pq_va:0.06779 loss_pv_va:0.08689
INFO|2024-09-25 13:44:00: Epoch[017/100], iter[118/392], loss_total:0.26712, loss_equ:0.91844 loss_pq_vm:0.00435 loss_pq_va:0.05706 loss_pv_va:0.07473
INFO|2024-09-25 13:44:12: Epoch[017/100], iter[157/392], loss_total:0.28424, loss_equ:0.96002 loss_pq_vm:0.00488 loss_pq_va:0.06073 loss_pv_va:0.07874
INFO|2024-09-25 13:44:24: Epoch[017/100], iter[196/392], loss_total:0.27839, loss_equ:0.85655 loss_pq_vm:0.00437 loss_pq_va:0.06556 loss_pv_va:0.08349
INFO|2024-09-25 13:44:37: Epoch[017/100], iter[235/392], loss_total:0.27725, loss_equ:0.85951 loss_pq_vm:0.00394 loss_pq_va:0.06602 loss_pv_va:0.08588
INFO|2024-09-25 13:44:50: Epoch[017/100], iter[274/392], loss_total:0.28690, loss_equ:0.84355 loss_pq_vm:0.00560 loss_pq_va:0.06349 loss_pv_va:0.08305
INFO|2024-09-25 13:45:02: Epoch[017/100], iter[313/392], loss_total:0.28509, loss_equ:0.97311 loss_pq_vm:0.00428 loss_pq_va:0.06370 loss_pv_va:0.08132
INFO|2024-09-25 13:45:14: Epoch[017/100], iter[352/392], loss_total:0.27382, loss_equ:0.85223 loss_pq_vm:0.00426 loss_pq_va:0.06352 loss_pv_va:0.08246
INFO|2024-09-25 13:45:27: Epoch[017/100], iter[392/392], loss_total:0.29308, loss_equ:0.87664 loss_pq_vm:0.00555 loss_pq_va:0.06646 loss_pv_va:0.08341
INFO|2024-09-25 13:46:17: Epoch 16/100, lr:  0.00093107, eta: 4.06h, train_loss:  0.28805, valid_loss:  0.34908
INFO|2024-09-25 13:46:17: 	Train: PQ_Vm_rmse: 0.00695534  PQ_Va_rmse: 0.08794501  PV_Va_rmse: 0.11266580  delta_p: 0.63862558  delta_q: 0.18019640  
INFO|2024-09-25 13:46:17: 	ZTest: PQ_Vm_rmse: 0.00893506  PQ_Va_rmse: 0.11308080  PV_Va_rmse: 0.13794051  delta_p: 0.75571899  delta_q: 0.22211524  
INFO|2024-09-25 13:46:17: 	ZTest-ema: PQ_Vm_rmse: 0.008998  PQ_Va_rmse: 0.113277  PV_Va_rmse: 0.137503  delta_p: 0.709990  delta_q: 0.196888  
INFO|2024-09-25 13:46:17: 	           ValOfEMA:0.137503/0.137503,  Epoch:17/17
INFO|2024-09-25 13:46:18: 	Time(ep):176s,  Val(curr/best):0.137941/0.137941,  Epoch(curr/best):17/17
INFO|2024-09-25 13:46:18: -------------------- Epoch: 18 --------------------
INFO|2024-09-25 13:46:32: Epoch[018/100], iter[040/392], loss_total:0.26746, loss_equ:0.82303 loss_pq_vm:0.00457 loss_pq_va:0.06098 loss_pv_va:0.07845
INFO|2024-09-25 13:46:44: Epoch[018/100], iter[079/392], loss_total:0.28362, loss_equ:0.87138 loss_pq_vm:0.00529 loss_pq_va:0.06204 loss_pv_va:0.08153
INFO|2024-09-25 13:46:57: Epoch[018/100], iter[118/392], loss_total:0.26385, loss_equ:0.83162 loss_pq_vm:0.00362 loss_pq_va:0.06308 loss_pv_va:0.08139
INFO|2024-09-25 13:47:09: Epoch[018/100], iter[157/392], loss_total:0.29711, loss_equ:0.91070 loss_pq_vm:0.00542 loss_pq_va:0.06657 loss_pv_va:0.08523
INFO|2024-09-25 13:47:22: Epoch[018/100], iter[196/392], loss_total:0.30683, loss_equ:1.05152 loss_pq_vm:0.00487 loss_pq_va:0.06714 loss_pv_va:0.08588
INFO|2024-09-25 13:47:35: Epoch[018/100], iter[235/392], loss_total:0.26988, loss_equ:0.87838 loss_pq_vm:0.00439 loss_pq_va:0.05915 loss_pv_va:0.07902
INFO|2024-09-25 13:47:47: Epoch[018/100], iter[274/392], loss_total:0.30251, loss_equ:0.96614 loss_pq_vm:0.00393 loss_pq_va:0.07080 loss_pv_va:0.09585
INFO|2024-09-25 13:48:00: Epoch[018/100], iter[313/392], loss_total:0.28343, loss_equ:0.91721 loss_pq_vm:0.00501 loss_pq_va:0.06165 loss_pv_va:0.07994
INFO|2024-09-25 13:48:12: Epoch[018/100], iter[352/392], loss_total:0.26486, loss_equ:0.85922 loss_pq_vm:0.00385 loss_pq_va:0.06075 loss_pv_va:0.07973
INFO|2024-09-25 13:48:25: Epoch[018/100], iter[392/392], loss_total:0.27768, loss_equ:0.84541 loss_pq_vm:0.00452 loss_pq_va:0.06487 loss_pv_va:0.08309
INFO|2024-09-25 13:49:15: Epoch 17/100, lr:  0.00092294, eta: 4.03h, train_loss:  0.28382, valid_loss:  0.34207
INFO|2024-09-25 13:49:15: 	Train: PQ_Vm_rmse: 0.00681643  PQ_Va_rmse: 0.08764717  PV_Va_rmse: 0.11237553  delta_p: 0.62115637  delta_q: 0.17570075  
INFO|2024-09-25 13:49:15: 	ZTest: PQ_Vm_rmse: 0.00886140  PQ_Va_rmse: 0.11355344  PV_Va_rmse: 0.13853071  delta_p: 0.73662319  delta_q: 0.20541551  
INFO|2024-09-25 13:49:15: 	ZTest-ema: PQ_Vm_rmse: 0.008910  PQ_Va_rmse: 0.112764  PV_Va_rmse: 0.137021  delta_p: 0.704265  delta_q: 0.194398  
INFO|2024-09-25 13:49:15: 	           ValOfEMA:0.137021/0.137021,  Epoch:18/18
INFO|2024-09-25 13:49:15: 	Time(ep):177s,  Val(curr/best):0.138531/0.137941,  Epoch(curr/best):18/17
INFO|2024-09-25 13:49:15: -------------------- Epoch: 19 --------------------
INFO|2024-09-25 13:49:29: Epoch[019/100], iter[040/392], loss_total:0.29331, loss_equ:1.04093 loss_pq_vm:0.00452 loss_pq_va:0.06325 loss_pv_va:0.08079
INFO|2024-09-25 13:49:42: Epoch[019/100], iter[079/392], loss_total:0.28839, loss_equ:0.90484 loss_pq_vm:0.00502 loss_pq_va:0.06407 loss_pv_va:0.08366
INFO|2024-09-25 13:49:55: Epoch[019/100], iter[118/392], loss_total:0.28655, loss_equ:0.84560 loss_pq_vm:0.00493 loss_pq_va:0.06867 loss_pv_va:0.08399
INFO|2024-09-25 13:50:07: Epoch[019/100], iter[157/392], loss_total:0.28746, loss_equ:0.81820 loss_pq_vm:0.00538 loss_pq_va:0.06787 loss_pv_va:0.08392
INFO|2024-09-25 13:50:19: Epoch[019/100], iter[196/392], loss_total:0.28934, loss_equ:1.00899 loss_pq_vm:0.00477 loss_pq_va:0.06138 loss_pv_va:0.07940
INFO|2024-09-25 13:50:32: Epoch[019/100], iter[235/392], loss_total:0.28722, loss_equ:0.87114 loss_pq_vm:0.00462 loss_pq_va:0.06843 loss_pv_va:0.08543
INFO|2024-09-25 13:50:44: Epoch[019/100], iter[274/392], loss_total:0.26061, loss_equ:0.84862 loss_pq_vm:0.00405 loss_pq_va:0.05804 loss_pv_va:0.07723
INFO|2024-09-25 13:50:57: Epoch[019/100], iter[313/392], loss_total:0.29253, loss_equ:0.87529 loss_pq_vm:0.00552 loss_pq_va:0.06585 loss_pv_va:0.08393
INFO|2024-09-25 13:51:09: Epoch[019/100], iter[352/392], loss_total:0.30270, loss_equ:0.91929 loss_pq_vm:0.00680 loss_pq_va:0.06200 loss_pv_va:0.08077
INFO|2024-09-25 13:51:22: Epoch[019/100], iter[392/392], loss_total:0.27712, loss_equ:0.83358 loss_pq_vm:0.00528 loss_pq_va:0.06173 loss_pv_va:0.07923
INFO|2024-09-25 13:52:12: Epoch 18/100, lr:  0.00091440, eta: 3.96h, train_loss:  0.28237, valid_loss:  0.35721
INFO|2024-09-25 13:52:12: 	Train: PQ_Vm_rmse: 0.00672193  PQ_Va_rmse: 0.08650783  PV_Va_rmse: 0.11136308  delta_p: 0.62979721  delta_q: 0.17659803  
INFO|2024-09-25 13:52:12: 	ZTest: PQ_Vm_rmse: 0.01047056  PQ_Va_rmse: 0.11435129  PV_Va_rmse: 0.13900664  delta_p: 0.74379270  delta_q: 0.20484182  
INFO|2024-09-25 13:52:12: 	ZTest-ema: PQ_Vm_rmse: 0.008830  PQ_Va_rmse: 0.112102  PV_Va_rmse: 0.136453  delta_p: 0.702489  delta_q: 0.192610  
INFO|2024-09-25 13:52:12: 	           ValOfEMA:0.136453/0.136453,  Epoch:19/19
INFO|2024-09-25 13:52:12: 	Time(ep):176s,  Val(curr/best):0.139007/0.137941,  Epoch(curr/best):19/17
INFO|2024-09-25 13:52:12: -------------------- Epoch: 20 --------------------
INFO|2024-09-25 13:52:26: Epoch[020/100], iter[040/392], loss_total:0.28467, loss_equ:0.84534 loss_pq_vm:0.00548 loss_pq_va:0.06278 loss_pv_va:0.08255
INFO|2024-09-25 13:52:39: Epoch[020/100], iter[079/392], loss_total:0.26487, loss_equ:0.81143 loss_pq_vm:0.00396 loss_pq_va:0.06246 loss_pv_va:0.08169
INFO|2024-09-25 13:52:51: Epoch[020/100], iter[118/392], loss_total:0.27445, loss_equ:0.90096 loss_pq_vm:0.00447 loss_pq_va:0.06149 loss_pv_va:0.07814
INFO|2024-09-25 13:53:04: Epoch[020/100], iter[157/392], loss_total:0.28960, loss_equ:0.85144 loss_pq_vm:0.00517 loss_pq_va:0.06688 loss_pv_va:0.08592
INFO|2024-09-25 13:53:16: Epoch[020/100], iter[196/392], loss_total:0.27482, loss_equ:0.81872 loss_pq_vm:0.00406 loss_pq_va:0.06685 loss_pv_va:0.08554
INFO|2024-09-25 13:53:29: Epoch[020/100], iter[235/392], loss_total:0.26337, loss_equ:0.88506 loss_pq_vm:0.00378 loss_pq_va:0.06009 loss_pv_va:0.07700
INFO|2024-09-25 13:53:41: Epoch[020/100], iter[274/392], loss_total:0.29168, loss_equ:0.98775 loss_pq_vm:0.00461 loss_pq_va:0.06357 loss_pv_va:0.08323
INFO|2024-09-25 13:53:54: Epoch[020/100], iter[313/392], loss_total:0.28387, loss_equ:1.00720 loss_pq_vm:0.00428 loss_pq_va:0.06002 loss_pv_va:0.08038
INFO|2024-09-25 13:54:06: Epoch[020/100], iter[352/392], loss_total:0.28430, loss_equ:0.89449 loss_pq_vm:0.00438 loss_pq_va:0.06566 loss_pv_va:0.08541
INFO|2024-09-25 13:54:18: Epoch[020/100], iter[392/392], loss_total:0.29080, loss_equ:0.83421 loss_pq_vm:0.00475 loss_pq_va:0.07266 loss_pv_va:0.08724
INFO|2024-09-25 13:55:08: Epoch 19/100, lr:  0.00090546, eta: 3.92h, train_loss:  0.27838, valid_loss:  0.36209
INFO|2024-09-25 13:55:08: 	Train: PQ_Vm_rmse: 0.00662011  PQ_Va_rmse: 0.08571333  PV_Va_rmse: 0.11064553  delta_p: 0.62057096  delta_q: 0.17130099  
INFO|2024-09-25 13:55:08: 	ZTest: PQ_Vm_rmse: 0.01066266  PQ_Va_rmse: 0.11616883  PV_Va_rmse: 0.14324343  delta_p: 0.74071524  delta_q: 0.20312840  
INFO|2024-09-25 13:55:08: 	ZTest-ema: PQ_Vm_rmse: 0.008753  PQ_Va_rmse: 0.111570  PV_Va_rmse: 0.135914  delta_p: 0.700867  delta_q: 0.191326  
INFO|2024-09-25 13:55:08: 	           ValOfEMA:0.135914/0.135914,  Epoch:20/20
INFO|2024-09-25 13:55:09: 	Time(ep):176s,  Val(curr/best):0.143243/0.137941,  Epoch(curr/best):20/17
INFO|2024-09-25 13:55:09: -------------------- Epoch: 21 --------------------
INFO|2024-09-25 13:55:23: Epoch[021/100], iter[040/392], loss_total:0.26704, loss_equ:0.81387 loss_pq_vm:0.00415 loss_pq_va:0.06391 loss_pv_va:0.08024
INFO|2024-09-25 13:55:35: Epoch[021/100], iter[079/392], loss_total:0.28857, loss_equ:1.00375 loss_pq_vm:0.00438 loss_pq_va:0.06429 loss_pv_va:0.08015
INFO|2024-09-25 13:55:48: Epoch[021/100], iter[118/392], loss_total:0.31753, loss_equ:0.89335 loss_pq_vm:0.00843 loss_pq_va:0.06232 loss_pv_va:0.08159
INFO|2024-09-25 13:56:00: Epoch[021/100], iter[157/392], loss_total:0.27651, loss_equ:0.83438 loss_pq_vm:0.00472 loss_pq_va:0.06419 loss_pv_va:0.08165
INFO|2024-09-25 13:56:12: Epoch[021/100], iter[196/392], loss_total:0.29116, loss_equ:0.81099 loss_pq_vm:0.00479 loss_pq_va:0.07250 loss_pv_va:0.08964
INFO|2024-09-25 13:56:24: Epoch[021/100], iter[235/392], loss_total:0.30332, loss_equ:0.87544 loss_pq_vm:0.00529 loss_pq_va:0.07150 loss_pv_va:0.09133
INFO|2024-09-25 13:56:37: Epoch[021/100], iter[274/392], loss_total:0.28442, loss_equ:0.86888 loss_pq_vm:0.00389 loss_pq_va:0.06954 loss_pv_va:0.08907
INFO|2024-09-25 13:56:49: Epoch[021/100], iter[313/392], loss_total:0.30835, loss_equ:0.84451 loss_pq_vm:0.00544 loss_pq_va:0.07545 loss_pv_va:0.09401
INFO|2024-09-25 13:57:02: Epoch[021/100], iter[352/392], loss_total:0.26748, loss_equ:0.85266 loss_pq_vm:0.00518 loss_pq_va:0.05614 loss_pv_va:0.07423
INFO|2024-09-25 13:57:14: Epoch[021/100], iter[392/392], loss_total:0.28011, loss_equ:0.92790 loss_pq_vm:0.00452 loss_pq_va:0.06095 loss_pv_va:0.08115
INFO|2024-09-25 13:58:06: Epoch 20/100, lr:  0.00089613, eta: 3.88h, train_loss:  0.27967, valid_loss:  0.35090
INFO|2024-09-25 13:58:06: 	Train: PQ_Vm_rmse: 0.00660407  PQ_Va_rmse: 0.08550050  PV_Va_rmse: 0.11082063  delta_p: 0.62790001  delta_q: 0.17229526  
INFO|2024-09-25 13:58:06: 	ZTest: PQ_Vm_rmse: 0.00896184  PQ_Va_rmse: 0.11975155  PV_Va_rmse: 0.14351591  delta_p: 0.76016447  delta_q: 0.20582632  
INFO|2024-09-25 13:58:06: 	ZTest-ema: PQ_Vm_rmse: 0.008740  PQ_Va_rmse: 0.111018  PV_Va_rmse: 0.135612  delta_p: 0.700859  delta_q: 0.190672  
INFO|2024-09-25 13:58:06: 	           ValOfEMA:0.135612/0.135612,  Epoch:21/21
INFO|2024-09-25 13:58:06: 	Time(ep):176s,  Val(curr/best):0.143516/0.137941,  Epoch(curr/best):21/17
INFO|2024-09-25 13:58:06: -------------------- Epoch: 22 --------------------
INFO|2024-09-25 13:58:19: Epoch[022/100], iter[040/392], loss_total:0.26655, loss_equ:0.93223 loss_pq_vm:0.00382 loss_pq_va:0.05819 loss_pv_va:0.07694
INFO|2024-09-25 13:58:31: Epoch[022/100], iter[079/392], loss_total:0.26594, loss_equ:0.78429 loss_pq_vm:0.00488 loss_pq_va:0.06086 loss_pv_va:0.07782
INFO|2024-09-25 13:58:43: Epoch[022/100], iter[118/392], loss_total:0.26313, loss_equ:0.80188 loss_pq_vm:0.00467 loss_pq_va:0.06041 loss_pv_va:0.07586
INFO|2024-09-25 13:58:55: Epoch[022/100], iter[157/392], loss_total:0.30128, loss_equ:0.87891 loss_pq_vm:0.00460 loss_pq_va:0.07246 loss_pv_va:0.09496
INFO|2024-09-25 13:59:07: Epoch[022/100], iter[196/392], loss_total:0.30203, loss_equ:0.84621 loss_pq_vm:0.00470 loss_pq_va:0.07637 loss_pv_va:0.09405
INFO|2024-09-25 13:59:20: Epoch[022/100], iter[235/392], loss_total:0.26861, loss_equ:0.87841 loss_pq_vm:0.00409 loss_pq_va:0.06016 loss_pv_va:0.07966
INFO|2024-09-25 13:59:32: Epoch[022/100], iter[274/392], loss_total:0.29819, loss_equ:0.87108 loss_pq_vm:0.00588 loss_pq_va:0.06767 loss_pv_va:0.08465
INFO|2024-09-25 13:59:45: Epoch[022/100], iter[313/392], loss_total:0.27728, loss_equ:0.89846 loss_pq_vm:0.00533 loss_pq_va:0.05785 loss_pv_va:0.07627
INFO|2024-09-25 13:59:57: Epoch[022/100], iter[352/392], loss_total:0.27628, loss_equ:0.83309 loss_pq_vm:0.00384 loss_pq_va:0.06714 loss_pv_va:0.08743
INFO|2024-09-25 14:00:10: Epoch[022/100], iter[392/392], loss_total:0.28988, loss_equ:0.99065 loss_pq_vm:0.00498 loss_pq_va:0.06109 loss_pv_va:0.07997
INFO|2024-09-25 14:01:01: Epoch 21/100, lr:  0.00088640, eta: 3.78h, train_loss:  0.27661, valid_loss:  0.36711
INFO|2024-09-25 14:01:01: 	Train: PQ_Vm_rmse: 0.00652495  PQ_Va_rmse: 0.08510781  PV_Va_rmse: 0.11012389  delta_p: 0.61936428  delta_q: 0.17106793  
INFO|2024-09-25 14:01:01: 	ZTest: PQ_Vm_rmse: 0.00927509  PQ_Va_rmse: 0.11102895  PV_Va_rmse: 0.13592928  delta_p: 0.90924302  delta_q: 0.26037933  
INFO|2024-09-25 14:01:01: 	ZTest-ema: PQ_Vm_rmse: 0.008674  PQ_Va_rmse: 0.110719  PV_Va_rmse: 0.135321  delta_p: 0.696027  delta_q: 0.189478  
INFO|2024-09-25 14:01:01: 	           ValOfEMA:0.135321/0.135321,  Epoch:22/22
INFO|2024-09-25 14:01:02: 	Time(ep):174s,  Val(curr/best):0.135929/0.135929,  Epoch(curr/best):22/22
INFO|2024-09-25 14:01:02: -------------------- Epoch: 23 --------------------
INFO|2024-09-25 14:01:15: Epoch[023/100], iter[040/392], loss_total:0.26833, loss_equ:0.81669 loss_pq_vm:0.00553 loss_pq_va:0.05682 loss_pv_va:0.07449
INFO|2024-09-25 14:01:28: Epoch[023/100], iter[079/392], loss_total:0.26402, loss_equ:0.84756 loss_pq_vm:0.00384 loss_pq_va:0.06155 loss_pv_va:0.07933
INFO|2024-09-25 14:01:40: Epoch[023/100], iter[118/392], loss_total:0.25948, loss_equ:0.78102 loss_pq_vm:0.00361 loss_pq_va:0.06338 loss_pv_va:0.08190
INFO|2024-09-25 14:01:53: Epoch[023/100], iter[157/392], loss_total:0.26112, loss_equ:0.86212 loss_pq_vm:0.00385 loss_pq_va:0.05880 loss_pv_va:0.07763
INFO|2024-09-25 14:02:05: Epoch[023/100], iter[196/392], loss_total:0.25583, loss_equ:0.78379 loss_pq_vm:0.00396 loss_pq_va:0.06127 loss_pv_va:0.07657
INFO|2024-09-25 14:02:18: Epoch[023/100], iter[235/392], loss_total:0.28200, loss_equ:0.90961 loss_pq_vm:0.00457 loss_pq_va:0.06365 loss_pv_va:0.08168
INFO|2024-09-25 14:02:30: Epoch[023/100], iter[274/392], loss_total:0.26912, loss_equ:0.80980 loss_pq_vm:0.00455 loss_pq_va:0.06268 loss_pv_va:0.07998
INFO|2024-09-25 14:02:43: Epoch[023/100], iter[313/392], loss_total:0.29771, loss_equ:1.00658 loss_pq_vm:0.00458 loss_pq_va:0.06597 loss_pv_va:0.08531
INFO|2024-09-25 14:02:55: Epoch[023/100], iter[352/392], loss_total:0.26984, loss_equ:0.78312 loss_pq_vm:0.00438 loss_pq_va:0.06539 loss_pv_va:0.08237
INFO|2024-09-25 14:03:08: Epoch[023/100], iter[392/392], loss_total:0.27962, loss_equ:0.82662 loss_pq_vm:0.00452 loss_pq_va:0.06491 loss_pv_va:0.08687
INFO|2024-09-25 14:03:59: Epoch 22/100, lr:  0.00087630, eta: 3.79h, train_loss:  0.26995, valid_loss:  0.34304
INFO|2024-09-25 14:03:59: 	Train: PQ_Vm_rmse: 0.00632185  PQ_Va_rmse: 0.08399975  PV_Va_rmse: 0.10918767  delta_p: 0.59574446  delta_q: 0.16565415  
INFO|2024-09-25 14:03:59: 	ZTest: PQ_Vm_rmse: 0.00898033  PQ_Va_rmse: 0.11090029  PV_Va_rmse: 0.13685061  delta_p: 0.76650418  delta_q: 0.21389289  
INFO|2024-09-25 14:03:59: 	ZTest-ema: PQ_Vm_rmse: 0.008627  PQ_Va_rmse: 0.110208  PV_Va_rmse: 0.134927  delta_p: 0.691992  delta_q: 0.187148  
INFO|2024-09-25 14:03:59: 	           ValOfEMA:0.134927/0.134927,  Epoch:23/23
INFO|2024-09-25 14:03:59: 	Time(ep):177s,  Val(curr/best):0.136851/0.135929,  Epoch(curr/best):23/22
INFO|2024-09-25 14:03:59: -------------------- Epoch: 24 --------------------
INFO|2024-09-25 14:04:13: Epoch[024/100], iter[040/392], loss_total:0.26357, loss_equ:0.84715 loss_pq_vm:0.00497 loss_pq_va:0.05560 loss_pv_va:0.07355
INFO|2024-09-25 14:04:26: Epoch[024/100], iter[079/392], loss_total:0.27198, loss_equ:0.77112 loss_pq_vm:0.00397 loss_pq_va:0.07027 loss_pv_va:0.08486
INFO|2024-09-25 14:04:38: Epoch[024/100], iter[118/392], loss_total:0.27651, loss_equ:0.80468 loss_pq_vm:0.00588 loss_pq_va:0.05956 loss_pv_va:0.07772
INFO|2024-09-25 14:04:51: Epoch[024/100], iter[157/392], loss_total:0.26097, loss_equ:0.83662 loss_pq_vm:0.00356 loss_pq_va:0.05969 loss_pv_va:0.08198
INFO|2024-09-25 14:05:03: Epoch[024/100], iter[196/392], loss_total:0.26928, loss_equ:0.82472 loss_pq_vm:0.00411 loss_pq_va:0.06251 loss_pv_va:0.08324
INFO|2024-09-25 14:05:15: Epoch[024/100], iter[235/392], loss_total:0.30499, loss_equ:0.85209 loss_pq_vm:0.00409 loss_pq_va:0.07953 loss_pv_va:0.09934
INFO|2024-09-25 14:05:28: Epoch[024/100], iter[274/392], loss_total:0.30124, loss_equ:0.91090 loss_pq_vm:0.00720 loss_pq_va:0.05935 loss_pv_va:0.07883
INFO|2024-09-25 14:05:41: Epoch[024/100], iter[313/392], loss_total:0.27846, loss_equ:0.85236 loss_pq_vm:0.00555 loss_pq_va:0.06059 loss_pv_va:0.07712
INFO|2024-09-25 14:05:53: Epoch[024/100], iter[352/392], loss_total:0.27881, loss_equ:0.85981 loss_pq_vm:0.00435 loss_pq_va:0.06492 loss_pv_va:0.08443
INFO|2024-09-25 14:06:05: Epoch[024/100], iter[392/392], loss_total:0.25594, loss_equ:0.77681 loss_pq_vm:0.00363 loss_pq_va:0.06202 loss_pv_va:0.07998
INFO|2024-09-25 14:06:56: Epoch 23/100, lr:  0.00086584, eta: 3.74h, train_loss:  0.27399, valid_loss:  0.33552
INFO|2024-09-25 14:06:56: 	Train: PQ_Vm_rmse: 0.00650930  PQ_Va_rmse: 0.08408284  PV_Va_rmse: 0.10946293  delta_p: 0.60543837  delta_q: 0.16800415  
INFO|2024-09-25 14:06:56: 	ZTest: PQ_Vm_rmse: 0.00848373  PQ_Va_rmse: 0.11328252  PV_Va_rmse: 0.13817119  delta_p: 0.70940547  delta_q: 0.20217018  
INFO|2024-09-25 14:06:56: 	ZTest-ema: PQ_Vm_rmse: 0.008633  PQ_Va_rmse: 0.110386  PV_Va_rmse: 0.135049  delta_p: 0.690597  delta_q: 0.186148  
INFO|2024-09-25 14:06:56: 	           ValOfEMA:0.135049/0.134927,  Epoch:24/23
INFO|2024-09-25 14:06:57: 	Time(ep):177s,  Val(curr/best):0.138171/0.135929,  Epoch(curr/best):24/22
INFO|2024-09-25 14:06:57: -------------------- Epoch: 25 --------------------
INFO|2024-09-25 14:07:11: Epoch[025/100], iter[040/392], loss_total:0.25516, loss_equ:0.78121 loss_pq_vm:0.00358 loss_pq_va:0.06094 loss_pv_va:0.08027
INFO|2024-09-25 14:07:23: Epoch[025/100], iter[079/392], loss_total:0.27176, loss_equ:0.85733 loss_pq_vm:0.00389 loss_pq_va:0.06532 loss_pv_va:0.08177
INFO|2024-09-25 14:07:36: Epoch[025/100], iter[118/392], loss_total:0.26578, loss_equ:0.80786 loss_pq_vm:0.00480 loss_pq_va:0.05915 loss_pv_va:0.07789
INFO|2024-09-25 14:07:48: Epoch[025/100], iter[157/392], loss_total:0.28844, loss_equ:0.80480 loss_pq_vm:0.00640 loss_pq_va:0.06315 loss_pv_va:0.08082
INFO|2024-09-25 14:08:01: Epoch[025/100], iter[196/392], loss_total:0.27672, loss_equ:0.84032 loss_pq_vm:0.00367 loss_pq_va:0.06894 loss_pv_va:0.08708
INFO|2024-09-25 14:08:13: Epoch[025/100], iter[235/392], loss_total:0.26911, loss_equ:0.82942 loss_pq_vm:0.00388 loss_pq_va:0.06367 loss_pv_va:0.08370
INFO|2024-09-25 14:08:26: Epoch[025/100], iter[274/392], loss_total:0.26999, loss_equ:0.80336 loss_pq_vm:0.00372 loss_pq_va:0.06598 loss_pv_va:0.08651
INFO|2024-09-25 14:08:38: Epoch[025/100], iter[313/392], loss_total:0.26768, loss_equ:0.74573 loss_pq_vm:0.00397 loss_pq_va:0.06840 loss_pv_va:0.08499
INFO|2024-09-25 14:08:50: Epoch[025/100], iter[352/392], loss_total:0.27863, loss_equ:0.84872 loss_pq_vm:0.00573 loss_pq_va:0.05980 loss_pv_va:0.07671
INFO|2024-09-25 14:09:03: Epoch[025/100], iter[392/392], loss_total:0.26846, loss_equ:0.81263 loss_pq_vm:0.00372 loss_pq_va:0.06610 loss_pv_va:0.08391
INFO|2024-09-25 14:09:55: Epoch 24/100, lr:  0.00085502, eta: 3.7h, train_loss:  0.26719, valid_loss:  0.34045
INFO|2024-09-25 14:09:55: 	Train: PQ_Vm_rmse: 0.00632162  PQ_Va_rmse: 0.08269718  PV_Va_rmse: 0.10785037  delta_p: 0.59048766  delta_q: 0.16429015  
INFO|2024-09-25 14:09:55: 	ZTest: PQ_Vm_rmse: 0.00839629  PQ_Va_rmse: 0.11224611  PV_Va_rmse: 0.13881659  delta_p: 0.75916659  delta_q: 0.19748191  
INFO|2024-09-25 14:09:55: 	ZTest-ema: PQ_Vm_rmse: 0.008585  PQ_Va_rmse: 0.109496  PV_Va_rmse: 0.134361  delta_p: 0.691022  delta_q: 0.185530  
INFO|2024-09-25 14:09:55: 	           ValOfEMA:0.134361/0.134361,  Epoch:25/25
INFO|2024-09-25 14:09:55: 	Time(ep):177s,  Val(curr/best):0.138817/0.135929,  Epoch(curr/best):25/22
INFO|2024-09-25 14:09:55: -------------------- Epoch: 26 --------------------
INFO|2024-09-25 14:10:10: Epoch[026/100], iter[040/392], loss_total:0.25553, loss_equ:0.83182 loss_pq_vm:0.00388 loss_pq_va:0.05729 loss_pv_va:0.07622
INFO|2024-09-25 14:10:22: Epoch[026/100], iter[079/392], loss_total:0.24727, loss_equ:0.77688 loss_pq_vm:0.00360 loss_pq_va:0.05748 loss_pv_va:0.07610
INFO|2024-09-25 14:10:35: Epoch[026/100], iter[118/392], loss_total:0.24520, loss_equ:0.76111 loss_pq_vm:0.00385 loss_pq_va:0.05615 loss_pv_va:0.07444
INFO|2024-09-25 14:10:47: Epoch[026/100], iter[157/392], loss_total:0.28127, loss_equ:0.84628 loss_pq_vm:0.00410 loss_pq_va:0.06729 loss_pv_va:0.08835
INFO|2024-09-25 14:11:00: Epoch[026/100], iter[196/392], loss_total:0.24915, loss_equ:0.89965 loss_pq_vm:0.00345 loss_pq_va:0.05344 loss_pv_va:0.07120
INFO|2024-09-25 14:11:12: Epoch[026/100], iter[235/392], loss_total:0.28089, loss_equ:0.74408 loss_pq_vm:0.00431 loss_pq_va:0.07306 loss_pv_va:0.09032
INFO|2024-09-25 14:11:25: Epoch[026/100], iter[274/392], loss_total:0.24965, loss_equ:0.80143 loss_pq_vm:0.00380 loss_pq_va:0.05611 loss_pv_va:0.07544
INFO|2024-09-25 14:11:37: Epoch[026/100], iter[313/392], loss_total:0.25568, loss_equ:0.81339 loss_pq_vm:0.00424 loss_pq_va:0.05628 loss_pv_va:0.07567
INFO|2024-09-25 14:11:49: Epoch[026/100], iter[352/392], loss_total:0.28249, loss_equ:0.86346 loss_pq_vm:0.00581 loss_pq_va:0.05918 loss_pv_va:0.07890
INFO|2024-09-25 14:12:02: Epoch[026/100], iter[392/392], loss_total:0.27291, loss_equ:0.89252 loss_pq_vm:0.00476 loss_pq_va:0.05865 loss_pv_va:0.07737
INFO|2024-09-25 14:12:53: Epoch 25/100, lr:  0.00084385, eta: 3.65h, train_loss:  0.26775, valid_loss:  0.33895
INFO|2024-09-25 14:12:53: 	Train: PQ_Vm_rmse: 0.00623390  PQ_Va_rmse: 0.08325674  PV_Va_rmse: 0.10871917  delta_p: 0.59373953  delta_q: 0.16192020  
INFO|2024-09-25 14:12:53: 	ZTest: PQ_Vm_rmse: 0.00856224  PQ_Va_rmse: 0.10842635  PV_Va_rmse: 0.13472004  delta_p: 0.75750250  delta_q: 0.21207363  
INFO|2024-09-25 14:12:53: 	ZTest-ema: PQ_Vm_rmse: 0.008553  PQ_Va_rmse: 0.109414  PV_Va_rmse: 0.134227  delta_p: 0.686700  delta_q: 0.184629  
INFO|2024-09-25 14:12:53: 	           ValOfEMA:0.134227/0.134227,  Epoch:26/26
INFO|2024-09-25 14:12:54: 	Time(ep):177s,  Val(curr/best):0.134720/0.134720,  Epoch(curr/best):26/26
INFO|2024-09-25 14:12:54: -------------------- Epoch: 27 --------------------
INFO|2024-09-25 14:13:08: Epoch[027/100], iter[040/392], loss_total:0.25810, loss_equ:0.77410 loss_pq_vm:0.00381 loss_pq_va:0.06160 loss_pv_va:0.08103
INFO|2024-09-25 14:13:20: Epoch[027/100], iter[079/392], loss_total:0.27675, loss_equ:0.83173 loss_pq_vm:0.00403 loss_pq_va:0.06769 loss_pv_va:0.08564
INFO|2024-09-25 14:13:33: Epoch[027/100], iter[118/392], loss_total:0.25042, loss_equ:0.79517 loss_pq_vm:0.00469 loss_pq_va:0.05300 loss_pv_va:0.07097
INFO|2024-09-25 14:13:45: Epoch[027/100], iter[157/392], loss_total:0.25359, loss_equ:0.76708 loss_pq_vm:0.00419 loss_pq_va:0.05955 loss_pv_va:0.07542
INFO|2024-09-25 14:13:57: Epoch[027/100], iter[196/392], loss_total:0.28888, loss_equ:0.82321 loss_pq_vm:0.00374 loss_pq_va:0.07494 loss_pv_va:0.09418
INFO|2024-09-25 14:14:10: Epoch[027/100], iter[235/392], loss_total:0.26876, loss_equ:0.82872 loss_pq_vm:0.00496 loss_pq_va:0.05936 loss_pv_va:0.07689
INFO|2024-09-25 14:14:23: Epoch[027/100], iter[274/392], loss_total:0.25190, loss_equ:0.75987 loss_pq_vm:0.00374 loss_pq_va:0.06021 loss_pv_va:0.07832
INFO|2024-09-25 14:14:35: Epoch[027/100], iter[313/392], loss_total:0.27834, loss_equ:0.83805 loss_pq_vm:0.00435 loss_pq_va:0.06466 loss_pv_va:0.08635
INFO|2024-09-25 14:14:47: Epoch[027/100], iter[352/392], loss_total:0.26790, loss_equ:0.79271 loss_pq_vm:0.00544 loss_pq_va:0.05786 loss_pv_va:0.07635
INFO|2024-09-25 14:15:00: Epoch[027/100], iter[392/392], loss_total:0.27079, loss_equ:0.80462 loss_pq_vm:0.00490 loss_pq_va:0.06124 loss_pv_va:0.08011
INFO|2024-09-25 14:15:51: Epoch 26/100, lr:  0.00083235, eta: 3.58h, train_loss:  0.26207, valid_loss:  0.33275
INFO|2024-09-25 14:15:51: 	Train: PQ_Vm_rmse: 0.00612939  PQ_Va_rmse: 0.08219553  PV_Va_rmse: 0.10753713  delta_p: 0.57630505  delta_q: 0.15582109  
INFO|2024-09-25 14:15:51: 	ZTest: PQ_Vm_rmse: 0.00859728  PQ_Va_rmse: 0.11155589  PV_Va_rmse: 0.13673648  delta_p: 0.71944432  delta_q: 0.19855120  
INFO|2024-09-25 14:15:51: 	ZTest-ema: PQ_Vm_rmse: 0.008485  PQ_Va_rmse: 0.108879  PV_Va_rmse: 0.133844  delta_p: 0.686097  delta_q: 0.183089  
INFO|2024-09-25 14:15:51: 	           ValOfEMA:0.133844/0.133844,  Epoch:27/27
INFO|2024-09-25 14:15:51: 	Time(ep):176s,  Val(curr/best):0.136736/0.134720,  Epoch(curr/best):27/26
INFO|2024-09-25 14:15:51: -------------------- Epoch: 28 --------------------
INFO|2024-09-25 14:16:05: Epoch[028/100], iter[040/392], loss_total:0.25601, loss_equ:0.76705 loss_pq_vm:0.00454 loss_pq_va:0.05801 loss_pv_va:0.07591
INFO|2024-09-25 14:16:18: Epoch[028/100], iter[079/392], loss_total:0.23732, loss_equ:0.75368 loss_pq_vm:0.00343 loss_pq_va:0.05532 loss_pv_va:0.07229
INFO|2024-09-25 14:16:31: Epoch[028/100], iter[118/392], loss_total:0.25128, loss_equ:0.77536 loss_pq_vm:0.00372 loss_pq_va:0.05814 loss_pv_va:0.07840
INFO|2024-09-25 14:16:43: Epoch[028/100], iter[157/392], loss_total:0.26547, loss_equ:0.75579 loss_pq_vm:0.00390 loss_pq_va:0.06714 loss_pv_va:0.08379
INFO|2024-09-25 14:16:55: Epoch[028/100], iter[196/392], loss_total:0.25859, loss_equ:0.82584 loss_pq_vm:0.00408 loss_pq_va:0.05826 loss_pv_va:0.07691
INFO|2024-09-25 14:17:08: Epoch[028/100], iter[235/392], loss_total:0.25119, loss_equ:0.78284 loss_pq_vm:0.00371 loss_pq_va:0.05841 loss_pv_va:0.07742
INFO|2024-09-25 14:17:20: Epoch[028/100], iter[274/392], loss_total:0.25855, loss_equ:0.82899 loss_pq_vm:0.00356 loss_pq_va:0.06093 loss_pv_va:0.07913
INFO|2024-09-25 14:17:33: Epoch[028/100], iter[313/392], loss_total:0.24688, loss_equ:0.77763 loss_pq_vm:0.00374 loss_pq_va:0.05656 loss_pv_va:0.07516
INFO|2024-09-25 14:17:45: Epoch[028/100], iter[352/392], loss_total:0.26316, loss_equ:0.84769 loss_pq_vm:0.00365 loss_pq_va:0.06159 loss_pv_va:0.08029
INFO|2024-09-25 14:17:58: Epoch[028/100], iter[392/392], loss_total:0.25696, loss_equ:0.79032 loss_pq_vm:0.00375 loss_pq_va:0.05998 loss_pv_va:0.08040
INFO|2024-09-25 14:18:48: Epoch 27/100, lr:  0.00082052, eta: 3.54h, train_loss:  0.25840, valid_loss:  0.32425
INFO|2024-09-25 14:18:48: 	Train: PQ_Vm_rmse: 0.00596863  PQ_Va_rmse: 0.08091501  PV_Va_rmse: 0.10658663  delta_p: 0.57525360  delta_q: 0.15504127  
INFO|2024-09-25 14:18:48: 	ZTest: PQ_Vm_rmse: 0.00816837  PQ_Va_rmse: 0.10822098  PV_Va_rmse: 0.13380151  delta_p: 0.73484587  delta_q: 0.19204811  
INFO|2024-09-25 14:18:48: 	ZTest-ema: PQ_Vm_rmse: 0.008430  PQ_Va_rmse: 0.108308  PV_Va_rmse: 0.133410  delta_p: 0.687071  delta_q: 0.182634  
INFO|2024-09-25 14:18:48: 	           ValOfEMA:0.133410/0.133410,  Epoch:28/28
INFO|2024-09-25 14:18:49: 	Time(ep):176s,  Val(curr/best):0.133802/0.133802,  Epoch(curr/best):28/28
INFO|2024-09-25 14:18:49: -------------------- Epoch: 29 --------------------
INFO|2024-09-25 14:19:03: Epoch[029/100], iter[040/392], loss_total:0.26553, loss_equ:0.90773 loss_pq_vm:0.00454 loss_pq_va:0.05543 loss_pv_va:0.07392
INFO|2024-09-25 14:19:16: Epoch[029/100], iter[079/392], loss_total:0.24808, loss_equ:0.79755 loss_pq_vm:0.00409 loss_pq_va:0.05492 loss_pv_va:0.07253
INFO|2024-09-25 14:19:28: Epoch[029/100], iter[118/392], loss_total:0.24610, loss_equ:0.76565 loss_pq_vm:0.00347 loss_pq_va:0.05747 loss_pv_va:0.07738
INFO|2024-09-25 14:19:41: Epoch[029/100], iter[157/392], loss_total:0.25438, loss_equ:0.79083 loss_pq_vm:0.00402 loss_pq_va:0.05889 loss_pv_va:0.07617
INFO|2024-09-25 14:19:53: Epoch[029/100], iter[196/392], loss_total:0.25189, loss_equ:0.78918 loss_pq_vm:0.00341 loss_pq_va:0.05933 loss_pv_va:0.07955
INFO|2024-09-25 14:20:05: Epoch[029/100], iter[235/392], loss_total:0.24676, loss_equ:0.74890 loss_pq_vm:0.00365 loss_pq_va:0.05886 loss_pv_va:0.07656
INFO|2024-09-25 14:20:18: Epoch[029/100], iter[274/392], loss_total:0.26421, loss_equ:0.86871 loss_pq_vm:0.00370 loss_pq_va:0.06120 loss_pv_va:0.07910
INFO|2024-09-25 14:20:31: Epoch[029/100], iter[313/392], loss_total:0.26134, loss_equ:0.78769 loss_pq_vm:0.00449 loss_pq_va:0.05911 loss_pv_va:0.07854
INFO|2024-09-25 14:20:43: Epoch[029/100], iter[352/392], loss_total:0.25754, loss_equ:0.81586 loss_pq_vm:0.00436 loss_pq_va:0.05790 loss_pv_va:0.07445
INFO|2024-09-25 14:20:56: Epoch[029/100], iter[392/392], loss_total:0.24708, loss_equ:0.78098 loss_pq_vm:0.00353 loss_pq_va:0.05869 loss_pv_va:0.07499
INFO|2024-09-25 14:21:46: Epoch 28/100, lr:  0.00080839, eta: 3.48h, train_loss:  0.25891, valid_loss:  0.34210
INFO|2024-09-25 14:21:46: 	Train: PQ_Vm_rmse: 0.00596426  PQ_Va_rmse: 0.08066110  PV_Va_rmse: 0.10630377  delta_p: 0.58542371  delta_q: 0.15520163  
INFO|2024-09-25 14:21:46: 	ZTest: PQ_Vm_rmse: 0.00928877  PQ_Va_rmse: 0.10911653  PV_Va_rmse: 0.13548768  delta_p: 0.74252143  delta_q: 0.20552060  
INFO|2024-09-25 14:21:46: 	ZTest-ema: PQ_Vm_rmse: 0.008445  PQ_Va_rmse: 0.108133  PV_Va_rmse: 0.133259  delta_p: 0.685343  delta_q: 0.181677  
INFO|2024-09-25 14:21:46: 	           ValOfEMA:0.133259/0.133259,  Epoch:29/29
INFO|2024-09-25 14:21:47: 	Time(ep):176s,  Val(curr/best):0.135488/0.133802,  Epoch(curr/best):29/28
INFO|2024-09-25 14:21:47: -------------------- Epoch: 30 --------------------
INFO|2024-09-25 14:22:00: Epoch[030/100], iter[040/392], loss_total:0.24854, loss_equ:0.81618 loss_pq_vm:0.00346 loss_pq_va:0.05764 loss_pv_va:0.07474
INFO|2024-09-25 14:22:13: Epoch[030/100], iter[079/392], loss_total:0.25398, loss_equ:0.78411 loss_pq_vm:0.00445 loss_pq_va:0.05596 loss_pv_va:0.07507
INFO|2024-09-25 14:22:25: Epoch[030/100], iter[118/392], loss_total:0.24905, loss_equ:0.76955 loss_pq_vm:0.00371 loss_pq_va:0.05956 loss_pv_va:0.07546
INFO|2024-09-25 14:22:38: Epoch[030/100], iter[157/392], loss_total:0.24302, loss_equ:0.73134 loss_pq_vm:0.00340 loss_pq_va:0.05924 loss_pv_va:0.07662
INFO|2024-09-25 14:22:50: Epoch[030/100], iter[196/392], loss_total:0.24748, loss_equ:0.75271 loss_pq_vm:0.00382 loss_pq_va:0.05775 loss_pv_va:0.07629
INFO|2024-09-25 14:23:03: Epoch[030/100], iter[235/392], loss_total:0.26090, loss_equ:0.84917 loss_pq_vm:0.00381 loss_pq_va:0.05896 loss_pv_va:0.07892
INFO|2024-09-25 14:23:15: Epoch[030/100], iter[274/392], loss_total:0.25113, loss_equ:0.81966 loss_pq_vm:0.00429 loss_pq_va:0.05472 loss_pv_va:0.07152
INFO|2024-09-25 14:23:28: Epoch[030/100], iter[313/392], loss_total:0.26550, loss_equ:0.92450 loss_pq_vm:0.00444 loss_pq_va:0.05536 loss_pv_va:0.07324
INFO|2024-09-25 14:23:40: Epoch[030/100], iter[352/392], loss_total:0.26949, loss_equ:0.78000 loss_pq_vm:0.00388 loss_pq_va:0.06637 loss_pv_va:0.08632
INFO|2024-09-25 14:23:53: Epoch[030/100], iter[392/392], loss_total:0.24216, loss_equ:0.76769 loss_pq_vm:0.00339 loss_pq_va:0.05675 loss_pv_va:0.07475
INFO|2024-09-25 14:24:44: Epoch 29/100, lr:  0.00079595, eta: 3.45h, train_loss:  0.25679, valid_loss:  0.32495
INFO|2024-09-25 14:24:44: 	Train: PQ_Vm_rmse: 0.00593206  PQ_Va_rmse: 0.08024390  PV_Va_rmse: 0.10593660  delta_p: 0.57095233  delta_q: 0.15602133  
INFO|2024-09-25 14:24:44: 	ZTest: PQ_Vm_rmse: 0.00833101  PQ_Va_rmse: 0.10969091  PV_Va_rmse: 0.13483146  delta_p: 0.70195630  delta_q: 0.20356838  
INFO|2024-09-25 14:24:44: 	ZTest-ema: PQ_Vm_rmse: 0.008389  PQ_Va_rmse: 0.107949  PV_Va_rmse: 0.133125  delta_p: 0.683235  delta_q: 0.180581  
INFO|2024-09-25 14:24:44: 	           ValOfEMA:0.133125/0.133125,  Epoch:30/30
INFO|2024-09-25 14:24:45: 	Time(ep):177s,  Val(curr/best):0.134831/0.133802,  Epoch(curr/best):30/28
INFO|2024-09-25 14:24:45: -------------------- Epoch: 31 --------------------
INFO|2024-09-25 14:24:58: Epoch[031/100], iter[040/392], loss_total:0.23187, loss_equ:0.76841 loss_pq_vm:0.00320 loss_pq_va:0.05244 loss_pv_va:0.07058
INFO|2024-09-25 14:25:11: Epoch[031/100], iter[079/392], loss_total:0.24507, loss_equ:0.78414 loss_pq_vm:0.00350 loss_pq_va:0.05570 loss_pv_va:0.07595
INFO|2024-09-25 14:25:23: Epoch[031/100], iter[118/392], loss_total:0.27740, loss_equ:0.83021 loss_pq_vm:0.00489 loss_pq_va:0.06364 loss_pv_va:0.08183
INFO|2024-09-25 14:25:36: Epoch[031/100], iter[157/392], loss_total:0.22809, loss_equ:0.71081 loss_pq_vm:0.00357 loss_pq_va:0.05286 loss_pv_va:0.06841
INFO|2024-09-25 14:25:48: Epoch[031/100], iter[196/392], loss_total:0.25398, loss_equ:0.76029 loss_pq_vm:0.00430 loss_pq_va:0.05771 loss_pv_va:0.07727
INFO|2024-09-25 14:26:00: Epoch[031/100], iter[235/392], loss_total:0.25027, loss_equ:0.72771 loss_pq_vm:0.00370 loss_pq_va:0.06181 loss_pv_va:0.07872
INFO|2024-09-25 14:26:13: Epoch[031/100], iter[274/392], loss_total:0.24879, loss_equ:0.76665 loss_pq_vm:0.00413 loss_pq_va:0.05599 loss_pv_va:0.07484
INFO|2024-09-25 14:26:25: Epoch[031/100], iter[313/392], loss_total:0.29331, loss_equ:0.86450 loss_pq_vm:0.00653 loss_pq_va:0.06110 loss_pv_va:0.08050
INFO|2024-09-25 14:26:38: Epoch[031/100], iter[352/392], loss_total:0.25705, loss_equ:0.79324 loss_pq_vm:0.00417 loss_pq_va:0.05801 loss_pv_va:0.07801
INFO|2024-09-25 14:26:50: Epoch[031/100], iter[392/392], loss_total:0.24110, loss_equ:0.79051 loss_pq_vm:0.00402 loss_pq_va:0.05248 loss_pv_va:0.06938
INFO|2024-09-25 14:27:41: Epoch 30/100, lr:  0.00078323, eta: 3.37h, train_loss:  0.25658, valid_loss:  0.34217
INFO|2024-09-25 14:27:41: 	Train: PQ_Vm_rmse: 0.00604077  PQ_Va_rmse: 0.07978967  PV_Va_rmse: 0.10534207  delta_p: 0.56696520  delta_q: 0.15435194  
INFO|2024-09-25 14:27:41: 	ZTest: PQ_Vm_rmse: 0.00991956  PQ_Va_rmse: 0.10811616  PV_Va_rmse: 0.13363557  delta_p: 0.73360772  delta_q: 0.20104718  
INFO|2024-09-25 14:27:41: 	ZTest-ema: PQ_Vm_rmse: 0.008384  PQ_Va_rmse: 0.107746  PV_Va_rmse: 0.132964  delta_p: 0.683889  delta_q: 0.179688  
INFO|2024-09-25 14:27:41: 	           ValOfEMA:0.132964/0.132964,  Epoch:31/31
INFO|2024-09-25 14:27:42: 	Time(ep):176s,  Val(curr/best):0.133636/0.133636,  Epoch(curr/best):31/31
INFO|2024-09-25 14:27:42: -------------------- Epoch: 32 --------------------
INFO|2024-09-25 14:27:55: Epoch[032/100], iter[040/392], loss_total:0.25282, loss_equ:0.76160 loss_pq_vm:0.00345 loss_pq_va:0.06148 loss_pv_va:0.08066
INFO|2024-09-25 14:28:08: Epoch[032/100], iter[079/392], loss_total:0.24071, loss_equ:0.79096 loss_pq_vm:0.00372 loss_pq_va:0.05305 loss_pv_va:0.07131
INFO|2024-09-25 14:28:20: Epoch[032/100], iter[118/392], loss_total:0.24075, loss_equ:0.80287 loss_pq_vm:0.00351 loss_pq_va:0.05402 loss_pv_va:0.07132
INFO|2024-09-25 14:28:33: Epoch[032/100], iter[157/392], loss_total:0.24329, loss_equ:0.80099 loss_pq_vm:0.00320 loss_pq_va:0.05558 loss_pv_va:0.07557
INFO|2024-09-25 14:28:45: Epoch[032/100], iter[196/392], loss_total:0.26016, loss_equ:0.78276 loss_pq_vm:0.00373 loss_pq_va:0.06452 loss_pv_va:0.08007
INFO|2024-09-25 14:28:58: Epoch[032/100], iter[235/392], loss_total:0.25029, loss_equ:0.76374 loss_pq_vm:0.00372 loss_pq_va:0.05906 loss_pv_va:0.07767
INFO|2024-09-25 14:29:10: Epoch[032/100], iter[274/392], loss_total:0.23212, loss_equ:0.75804 loss_pq_vm:0.00312 loss_pq_va:0.05350 loss_pv_va:0.07159
INFO|2024-09-25 14:29:23: Epoch[032/100], iter[313/392], loss_total:0.23733, loss_equ:0.80720 loss_pq_vm:0.00337 loss_pq_va:0.05331 loss_pv_va:0.06965
INFO|2024-09-25 14:29:35: Epoch[032/100], iter[352/392], loss_total:0.26352, loss_equ:0.78831 loss_pq_vm:0.00460 loss_pq_va:0.05988 loss_pv_va:0.07882
INFO|2024-09-25 14:29:48: Epoch[032/100], iter[392/392], loss_total:0.28065, loss_equ:0.80188 loss_pq_vm:0.00672 loss_pq_va:0.05805 loss_pv_va:0.07520
INFO|2024-09-25 14:30:38: Epoch 31/100, lr:  0.00077023, eta: 3.33h, train_loss:  0.25413, valid_loss:  0.33027
INFO|2024-09-25 14:30:38: 	Train: PQ_Vm_rmse: 0.00579431  PQ_Va_rmse: 0.07938911  PV_Va_rmse: 0.10520978  delta_p: 0.57404800  delta_q: 0.15119777  
INFO|2024-09-25 14:30:38: 	ZTest: PQ_Vm_rmse: 0.00924734  PQ_Va_rmse: 0.11002726  PV_Va_rmse: 0.13487424  delta_p: 0.69016646  delta_q: 0.18734798  
INFO|2024-09-25 14:30:38: 	ZTest-ema: PQ_Vm_rmse: 0.008312  PQ_Va_rmse: 0.107535  PV_Va_rmse: 0.132833  delta_p: 0.682445  delta_q: 0.179140  
INFO|2024-09-25 14:30:38: 	           ValOfEMA:0.132833/0.132833,  Epoch:32/32
INFO|2024-09-25 14:30:38: 	Time(ep):176s,  Val(curr/best):0.134874/0.133636,  Epoch(curr/best):32/31
INFO|2024-09-25 14:30:38: -------------------- Epoch: 33 --------------------
INFO|2024-09-25 14:30:52: Epoch[033/100], iter[040/392], loss_total:0.24772, loss_equ:0.76294 loss_pq_vm:0.00348 loss_pq_va:0.05915 loss_pv_va:0.07743
INFO|2024-09-25 14:31:05: Epoch[033/100], iter[079/392], loss_total:0.25209, loss_equ:0.80292 loss_pq_vm:0.00346 loss_pq_va:0.05961 loss_pv_va:0.07758
INFO|2024-09-25 14:31:17: Epoch[033/100], iter[118/392], loss_total:0.23859, loss_equ:0.75404 loss_pq_vm:0.00357 loss_pq_va:0.05444 loss_pv_va:0.07301
INFO|2024-09-25 14:31:30: Epoch[033/100], iter[157/392], loss_total:0.24787, loss_equ:0.75756 loss_pq_vm:0.00370 loss_pq_va:0.05951 loss_pv_va:0.07564
INFO|2024-09-25 14:31:42: Epoch[033/100], iter[196/392], loss_total:0.27232, loss_equ:0.85524 loss_pq_vm:0.00407 loss_pq_va:0.06151 loss_pv_va:0.08459
INFO|2024-09-25 14:31:54: Epoch[033/100], iter[235/392], loss_total:0.24876, loss_equ:0.81736 loss_pq_vm:0.00371 loss_pq_va:0.05530 loss_pv_va:0.07464
INFO|2024-09-25 14:32:07: Epoch[033/100], iter[274/392], loss_total:0.26043, loss_equ:0.77629 loss_pq_vm:0.00379 loss_pq_va:0.06303 loss_pv_va:0.08184
INFO|2024-09-25 14:32:20: Epoch[033/100], iter[313/392], loss_total:0.25052, loss_equ:0.76067 loss_pq_vm:0.00467 loss_pq_va:0.05596 loss_pv_va:0.07180
INFO|2024-09-25 14:32:32: Epoch[033/100], iter[352/392], loss_total:0.27841, loss_equ:0.81637 loss_pq_vm:0.00376 loss_pq_va:0.06938 loss_pv_va:0.08983
INFO|2024-09-25 14:32:45: Epoch[033/100], iter[392/392], loss_total:0.25333, loss_equ:0.82791 loss_pq_vm:0.00379 loss_pq_va:0.05877 loss_pv_va:0.07383
INFO|2024-09-25 14:33:33: Epoch 32/100, lr:  0.00075698, eta: 3.25h, train_loss:  0.25741, valid_loss:  0.34330
INFO|2024-09-25 14:33:33: 	Train: PQ_Vm_rmse: 0.00599029  PQ_Va_rmse: 0.07970441  PV_Va_rmse: 0.10541946  delta_p: 0.57507675  delta_q: 0.15295299  
INFO|2024-09-25 14:33:33: 	ZTest: PQ_Vm_rmse: 0.01026272  PQ_Va_rmse: 0.10919091  PV_Va_rmse: 0.13368846  delta_p: 0.75017542  delta_q: 0.18886400  
INFO|2024-09-25 14:33:33: 	ZTest-ema: PQ_Vm_rmse: 0.008345  PQ_Va_rmse: 0.107292  PV_Va_rmse: 0.132606  delta_p: 0.682900  delta_q: 0.179082  
INFO|2024-09-25 14:33:33: 	           ValOfEMA:0.132606/0.132606,  Epoch:33/33
INFO|2024-09-25 14:33:33: 	Time(ep):174s,  Val(curr/best):0.133688/0.133636,  Epoch(curr/best):33/31
INFO|2024-09-25 14:33:33: -------------------- Epoch: 34 --------------------
INFO|2024-09-25 14:33:47: Epoch[034/100], iter[040/392], loss_total:0.26049, loss_equ:0.82255 loss_pq_vm:0.00482 loss_pq_va:0.05545 loss_pv_va:0.07456
INFO|2024-09-25 14:34:00: Epoch[034/100], iter[079/392], loss_total:0.24397, loss_equ:0.83932 loss_pq_vm:0.00372 loss_pq_va:0.05351 loss_pv_va:0.06937
INFO|2024-09-25 14:34:12: Epoch[034/100], iter[118/392], loss_total:0.26070, loss_equ:0.77750 loss_pq_vm:0.00419 loss_pq_va:0.06166 loss_pv_va:0.07937
INFO|2024-09-25 14:34:25: Epoch[034/100], iter[157/392], loss_total:0.23812, loss_equ:0.77233 loss_pq_vm:0.00371 loss_pq_va:0.05265 loss_pv_va:0.07113
INFO|2024-09-25 14:34:37: Epoch[034/100], iter[196/392], loss_total:0.25574, loss_equ:0.73429 loss_pq_vm:0.00371 loss_pq_va:0.06318 loss_pv_va:0.08199
INFO|2024-09-25 14:34:49: Epoch[034/100], iter[235/392], loss_total:0.24060, loss_equ:0.78150 loss_pq_vm:0.00330 loss_pq_va:0.05560 loss_pv_va:0.07385
INFO|2024-09-25 14:35:02: Epoch[034/100], iter[274/392], loss_total:0.24885, loss_equ:0.72879 loss_pq_vm:0.00351 loss_pq_va:0.06174 loss_pv_va:0.07911
INFO|2024-09-25 14:35:14: Epoch[034/100], iter[313/392], loss_total:0.24752, loss_equ:0.75014 loss_pq_vm:0.00479 loss_pq_va:0.05191 loss_pv_va:0.07273
INFO|2024-09-25 14:35:26: Epoch[034/100], iter[352/392], loss_total:0.29257, loss_equ:0.78726 loss_pq_vm:0.00515 loss_pq_va:0.07099 loss_pv_va:0.09133
INFO|2024-09-25 14:35:39: Epoch[034/100], iter[392/392], loss_total:0.23976, loss_equ:0.77451 loss_pq_vm:0.00350 loss_pq_va:0.05399 loss_pv_va:0.07328
INFO|2024-09-25 14:36:30: Epoch 33/100, lr:  0.00074347, eta: 3.23h, train_loss:  0.25259, valid_loss:  0.34664
INFO|2024-09-25 14:36:30: 	Train: PQ_Vm_rmse: 0.00582669  PQ_Va_rmse: 0.07941212  PV_Va_rmse: 0.10510850  delta_p: 0.55890608  delta_q: 0.14809317  
INFO|2024-09-25 14:36:30: 	ZTest: PQ_Vm_rmse: 0.01052644  PQ_Va_rmse: 0.10993053  PV_Va_rmse: 0.13412554  delta_p: 0.71644412  delta_q: 0.19555670  
INFO|2024-09-25 14:36:30: 	ZTest-ema: PQ_Vm_rmse: 0.008311  PQ_Va_rmse: 0.107094  PV_Va_rmse: 0.132512  delta_p: 0.679793  delta_q: 0.178138  
INFO|2024-09-25 14:36:30: 	           ValOfEMA:0.132512/0.132512,  Epoch:34/34
INFO|2024-09-25 14:36:30: 	Time(ep):176s,  Val(curr/best):0.134126/0.133636,  Epoch(curr/best):34/31
INFO|2024-09-25 14:36:30: -------------------- Epoch: 35 --------------------
INFO|2024-09-25 14:36:44: Epoch[035/100], iter[040/392], loss_total:0.25132, loss_equ:0.79655 loss_pq_vm:0.00351 loss_pq_va:0.05921 loss_pv_va:0.07732
INFO|2024-09-25 14:36:56: Epoch[035/100], iter[079/392], loss_total:0.24878, loss_equ:0.82993 loss_pq_vm:0.00359 loss_pq_va:0.05588 loss_pv_va:0.07397
INFO|2024-09-25 14:37:08: Epoch[035/100], iter[118/392], loss_total:0.24162, loss_equ:0.75342 loss_pq_vm:0.00360 loss_pq_va:0.05626 loss_pv_va:0.07400
INFO|2024-09-25 14:37:20: Epoch[035/100], iter[157/392], loss_total:0.25018, loss_equ:0.75975 loss_pq_vm:0.00335 loss_pq_va:0.06055 loss_pv_va:0.08015
INFO|2024-09-25 14:37:32: Epoch[035/100], iter[196/392], loss_total:0.24200, loss_equ:0.73031 loss_pq_vm:0.00392 loss_pq_va:0.05596 loss_pv_va:0.07384
INFO|2024-09-25 14:37:45: Epoch[035/100], iter[235/392], loss_total:0.22948, loss_equ:0.74192 loss_pq_vm:0.00337 loss_pq_va:0.05123 loss_pv_va:0.07041
INFO|2024-09-25 14:37:57: Epoch[035/100], iter[274/392], loss_total:0.24134, loss_equ:0.72816 loss_pq_vm:0.00357 loss_pq_va:0.05719 loss_pv_va:0.07564
INFO|2024-09-25 14:38:10: Epoch[035/100], iter[313/392], loss_total:0.25032, loss_equ:0.78294 loss_pq_vm:0.00348 loss_pq_va:0.05951 loss_pv_va:0.07771
INFO|2024-09-25 14:38:22: Epoch[035/100], iter[352/392], loss_total:0.22964, loss_equ:0.74255 loss_pq_vm:0.00318 loss_pq_va:0.05300 loss_pv_va:0.07062
INFO|2024-09-25 14:38:35: Epoch[035/100], iter[392/392], loss_total:0.24698, loss_equ:0.77870 loss_pq_vm:0.00338 loss_pq_va:0.05779 loss_pv_va:0.07748
INFO|2024-09-25 14:39:25: Epoch 34/100, lr:  0.00072973, eta: 3.15h, train_loss:  0.24653, valid_loss:  0.32709
INFO|2024-09-25 14:39:25: 	Train: PQ_Vm_rmse: 0.00558058  PQ_Va_rmse: 0.07781144  PV_Va_rmse: 0.10360274  delta_p: 0.55667977  delta_q: 0.14601066  
INFO|2024-09-25 14:39:25: 	ZTest: PQ_Vm_rmse: 0.00847664  PQ_Va_rmse: 0.10740931  PV_Va_rmse: 0.13364812  delta_p: 0.74312070  delta_q: 0.19179084  
INFO|2024-09-25 14:39:25: 	ZTest-ema: PQ_Vm_rmse: 0.008263  PQ_Va_rmse: 0.106666  PV_Va_rmse: 0.132215  delta_p: 0.681260  delta_q: 0.177854  
INFO|2024-09-25 14:39:25: 	           ValOfEMA:0.132215/0.132215,  Epoch:35/35
INFO|2024-09-25 14:39:25: 	Time(ep):174s,  Val(curr/best):0.133648/0.133636,  Epoch(curr/best):35/31
INFO|2024-09-25 14:39:25: -------------------- Epoch: 36 --------------------
INFO|2024-09-25 14:39:39: Epoch[036/100], iter[040/392], loss_total:0.22910, loss_equ:0.72991 loss_pq_vm:0.00337 loss_pq_va:0.05299 loss_pv_va:0.06944
INFO|2024-09-25 14:39:51: Epoch[036/100], iter[079/392], loss_total:0.24525, loss_equ:0.74355 loss_pq_vm:0.00428 loss_pq_va:0.05460 loss_pv_va:0.07350
INFO|2024-09-25 14:40:04: Epoch[036/100], iter[118/392], loss_total:0.22748, loss_equ:0.72861 loss_pq_vm:0.00302 loss_pq_va:0.05299 loss_pv_va:0.07147
INFO|2024-09-25 14:40:16: Epoch[036/100], iter[157/392], loss_total:0.25840, loss_equ:0.76218 loss_pq_vm:0.00408 loss_pq_va:0.06178 loss_pv_va:0.07956
INFO|2024-09-25 14:40:28: Epoch[036/100], iter[196/392], loss_total:0.25028, loss_equ:0.74961 loss_pq_vm:0.00424 loss_pq_va:0.05775 loss_pv_va:0.07520
INFO|2024-09-25 14:40:41: Epoch[036/100], iter[235/392], loss_total:0.25096, loss_equ:0.78483 loss_pq_vm:0.00390 loss_pq_va:0.05782 loss_pv_va:0.07568
INFO|2024-09-25 14:40:53: Epoch[036/100], iter[274/392], loss_total:0.26855, loss_equ:0.79354 loss_pq_vm:0.00445 loss_pq_va:0.06203 loss_pv_va:0.08271
INFO|2024-09-25 14:41:05: Epoch[036/100], iter[313/392], loss_total:0.25023, loss_equ:0.75062 loss_pq_vm:0.00401 loss_pq_va:0.05861 loss_pv_va:0.07645
INFO|2024-09-25 14:41:18: Epoch[036/100], iter[352/392], loss_total:0.23304, loss_equ:0.74105 loss_pq_vm:0.00314 loss_pq_va:0.05466 loss_pv_va:0.07284
INFO|2024-09-25 14:41:31: Epoch[036/100], iter[392/392], loss_total:0.23400, loss_equ:0.71521 loss_pq_vm:0.00341 loss_pq_va:0.05615 loss_pv_va:0.07222
INFO|2024-09-25 14:42:20: Epoch 35/100, lr:  0.00071576, eta: 3.1h, train_loss:  0.24722, valid_loss:  0.33363
INFO|2024-09-25 14:42:20: 	Train: PQ_Vm_rmse: 0.00565573  PQ_Va_rmse: 0.07810422  PV_Va_rmse: 0.10381486  delta_p: 0.54973990  delta_q: 0.14428917  
INFO|2024-09-25 14:42:20: 	ZTest: PQ_Vm_rmse: 0.00977902  PQ_Va_rmse: 0.10798532  PV_Va_rmse: 0.13325303  delta_p: 0.70353788  delta_q: 0.18806651  
INFO|2024-09-25 14:42:20: 	ZTest-ema: PQ_Vm_rmse: 0.008281  PQ_Va_rmse: 0.106843  PV_Va_rmse: 0.132366  delta_p: 0.677218  delta_q: 0.176603  
INFO|2024-09-25 14:42:20: 	           ValOfEMA:0.132366/0.132215,  Epoch:36/35
INFO|2024-09-25 14:42:21: 	Time(ep):174s,  Val(curr/best):0.133253/0.133253,  Epoch(curr/best):36/36
INFO|2024-09-25 14:42:21: -------------------- Epoch: 37 --------------------
INFO|2024-09-25 14:42:35: Epoch[037/100], iter[040/392], loss_total:0.23603, loss_equ:0.72772 loss_pq_vm:0.00376 loss_pq_va:0.05374 loss_pv_va:0.07194
INFO|2024-09-25 14:42:47: Epoch[037/100], iter[079/392], loss_total:0.24002, loss_equ:0.72760 loss_pq_vm:0.00341 loss_pq_va:0.05815 loss_pv_va:0.07502
INFO|2024-09-25 14:42:59: Epoch[037/100], iter[118/392], loss_total:0.24280, loss_equ:0.76697 loss_pq_vm:0.00401 loss_pq_va:0.05409 loss_pv_va:0.07187
INFO|2024-09-25 14:43:12: Epoch[037/100], iter[157/392], loss_total:0.23128, loss_equ:0.74235 loss_pq_vm:0.00321 loss_pq_va:0.05374 loss_pv_va:0.07122
INFO|2024-09-25 14:43:24: Epoch[037/100], iter[196/392], loss_total:0.24011, loss_equ:0.74486 loss_pq_vm:0.00361 loss_pq_va:0.05498 loss_pv_va:0.07458
INFO|2024-09-25 14:43:36: Epoch[037/100], iter[235/392], loss_total:0.24429, loss_equ:0.73380 loss_pq_vm:0.00347 loss_pq_va:0.05908 loss_pv_va:0.07713
INFO|2024-09-25 14:43:48: Epoch[037/100], iter[274/392], loss_total:0.22681, loss_equ:0.71668 loss_pq_vm:0.00334 loss_pq_va:0.05224 loss_pv_va:0.06950
INFO|2024-09-25 14:44:01: Epoch[037/100], iter[313/392], loss_total:0.24456, loss_equ:0.73107 loss_pq_vm:0.00362 loss_pq_va:0.05874 loss_pv_va:0.07651
INFO|2024-09-25 14:44:13: Epoch[037/100], iter[352/392], loss_total:0.24228, loss_equ:0.77146 loss_pq_vm:0.00361 loss_pq_va:0.05528 loss_pv_va:0.07373
INFO|2024-09-25 14:44:25: Epoch[037/100], iter[392/392], loss_total:0.24551, loss_equ:0.77606 loss_pq_vm:0.00339 loss_pq_va:0.05804 loss_pv_va:0.07595
INFO|2024-09-25 14:45:14: Epoch 36/100, lr:  0.00070159, eta: 3.02h, train_loss:  0.24387, valid_loss:  0.33383
INFO|2024-09-25 14:45:14: 	Train: PQ_Vm_rmse: 0.00550742  PQ_Va_rmse: 0.07697370  PV_Va_rmse: 0.10283961  delta_p: 0.55170446  delta_q: 0.14398591  
INFO|2024-09-25 14:45:14: 	ZTest: PQ_Vm_rmse: 0.00910218  PQ_Va_rmse: 0.11207371  PV_Va_rmse: 0.13712253  delta_p: 0.72540570  delta_q: 0.18910241  
INFO|2024-09-25 14:45:14: 	ZTest-ema: PQ_Vm_rmse: 0.008228  PQ_Va_rmse: 0.106261  PV_Va_rmse: 0.131950  delta_p: 0.680088  delta_q: 0.176280  
INFO|2024-09-25 14:45:14: 	           ValOfEMA:0.131950/0.131950,  Epoch:37/37
INFO|2024-09-25 14:45:14: 	Time(ep):172s,  Val(curr/best):0.137123/0.133253,  Epoch(curr/best):37/36
INFO|2024-09-25 14:45:14: -------------------- Epoch: 38 --------------------
INFO|2024-09-25 14:45:28: Epoch[038/100], iter[040/392], loss_total:0.23926, loss_equ:0.75242 loss_pq_vm:0.00389 loss_pq_va:0.05320 loss_pv_va:0.07194
INFO|2024-09-25 14:45:40: Epoch[038/100], iter[079/392], loss_total:0.23752, loss_equ:0.74390 loss_pq_vm:0.00339 loss_pq_va:0.05454 loss_pv_va:0.07464
INFO|2024-09-25 14:45:53: Epoch[038/100], iter[118/392], loss_total:0.23988, loss_equ:0.74997 loss_pq_vm:0.00329 loss_pq_va:0.05706 loss_pv_va:0.07489
INFO|2024-09-25 14:46:05: Epoch[038/100], iter[157/392], loss_total:0.24760, loss_equ:0.74981 loss_pq_vm:0.00469 loss_pq_va:0.05399 loss_pv_va:0.07172
INFO|2024-09-25 14:46:17: Epoch[038/100], iter[196/392], loss_total:0.25135, loss_equ:0.75563 loss_pq_vm:0.00414 loss_pq_va:0.05752 loss_pv_va:0.07688
INFO|2024-09-25 14:46:30: Epoch[038/100], iter[235/392], loss_total:0.24107, loss_equ:0.79982 loss_pq_vm:0.00364 loss_pq_va:0.05413 loss_pv_va:0.07056
INFO|2024-09-25 14:46:42: Epoch[038/100], iter[274/392], loss_total:0.24577, loss_equ:0.73261 loss_pq_vm:0.00404 loss_pq_va:0.05781 loss_pv_va:0.07427
INFO|2024-09-25 14:46:55: Epoch[038/100], iter[313/392], loss_total:0.24499, loss_equ:0.72746 loss_pq_vm:0.00340 loss_pq_va:0.05876 loss_pv_va:0.07951
INFO|2024-09-25 14:47:07: Epoch[038/100], iter[352/392], loss_total:0.23135, loss_equ:0.72231 loss_pq_vm:0.00346 loss_pq_va:0.05385 loss_pv_va:0.07064
INFO|2024-09-25 14:47:20: Epoch[038/100], iter[392/392], loss_total:0.23165, loss_equ:0.73238 loss_pq_vm:0.00321 loss_pq_va:0.05386 loss_pv_va:0.07241
INFO|2024-09-25 14:48:10: Epoch 37/100, lr:  0.00068722, eta: 3.03h, train_loss:  0.24084, valid_loss:  0.32243
INFO|2024-09-25 14:48:10: 	Train: PQ_Vm_rmse: 0.00544965  PQ_Va_rmse: 0.07643178  PV_Va_rmse: 0.10230218  delta_p: 0.54100229  delta_q: 0.14149824  
INFO|2024-09-25 14:48:10: 	ZTest: PQ_Vm_rmse: 0.00832006  PQ_Va_rmse: 0.10690643  PV_Va_rmse: 0.13286863  delta_p: 0.74444733  delta_q: 0.19231599  
INFO|2024-09-25 14:48:10: 	ZTest-ema: PQ_Vm_rmse: 0.008211  PQ_Va_rmse: 0.106093  PV_Va_rmse: 0.131834  delta_p: 0.679712  delta_q: 0.175506  
INFO|2024-09-25 14:48:10: 	           ValOfEMA:0.131834/0.131834,  Epoch:38/38
INFO|2024-09-25 14:48:11: 	Time(ep):175s,  Val(curr/best):0.132869/0.132869,  Epoch(curr/best):38/38
INFO|2024-09-25 14:48:11: -------------------- Epoch: 39 --------------------
INFO|2024-09-25 14:48:25: Epoch[039/100], iter[040/392], loss_total:0.24760, loss_equ:0.80580 loss_pq_vm:0.00346 loss_pq_va:0.05638 loss_pv_va:0.07605
INFO|2024-09-25 14:48:37: Epoch[039/100], iter[079/392], loss_total:0.23079, loss_equ:0.72965 loss_pq_vm:0.00312 loss_pq_va:0.05488 loss_pv_va:0.07173
INFO|2024-09-25 14:48:49: Epoch[039/100], iter[118/392], loss_total:0.24418, loss_equ:0.78989 loss_pq_vm:0.00334 loss_pq_va:0.05610 loss_pv_va:0.07567
INFO|2024-09-25 14:49:02: Epoch[039/100], iter[157/392], loss_total:0.23069, loss_equ:0.72641 loss_pq_vm:0.00334 loss_pq_va:0.05350 loss_pv_va:0.07116
INFO|2024-09-25 14:49:14: Epoch[039/100], iter[196/392], loss_total:0.25160, loss_equ:0.83936 loss_pq_vm:0.00382 loss_pq_va:0.05572 loss_pv_va:0.07376
INFO|2024-09-25 14:49:26: Epoch[039/100], iter[235/392], loss_total:0.24528, loss_equ:0.79150 loss_pq_vm:0.00349 loss_pq_va:0.05574 loss_pv_va:0.07547
INFO|2024-09-25 14:49:39: Epoch[039/100], iter[274/392], loss_total:0.24663, loss_equ:0.73605 loss_pq_vm:0.00382 loss_pq_va:0.05874 loss_pv_va:0.07607
INFO|2024-09-25 14:49:51: Epoch[039/100], iter[313/392], loss_total:0.23483, loss_equ:0.71461 loss_pq_vm:0.00336 loss_pq_va:0.05668 loss_pv_va:0.07313
INFO|2024-09-25 14:50:03: Epoch[039/100], iter[352/392], loss_total:0.28183, loss_equ:0.81092 loss_pq_vm:0.00434 loss_pq_va:0.06935 loss_pv_va:0.08800
INFO|2024-09-25 14:50:16: Epoch[039/100], iter[392/392], loss_total:0.23992, loss_equ:0.73913 loss_pq_vm:0.00387 loss_pq_va:0.05455 loss_pv_va:0.07275
INFO|2024-09-25 14:51:06: Epoch 38/100, lr:  0.00067268, eta: 2.96h, train_loss:  0.24319, valid_loss:  0.31685
INFO|2024-09-25 14:51:06: 	Train: PQ_Vm_rmse: 0.00549292  PQ_Va_rmse: 0.07662822  PV_Va_rmse: 0.10242974  delta_p: 0.55271851  delta_q: 0.14313441  
INFO|2024-09-25 14:51:06: 	ZTest: PQ_Vm_rmse: 0.00808900  PQ_Va_rmse: 0.10591513  PV_Va_rmse: 0.13207403  delta_p: 0.70788271  delta_q: 0.18648249  
INFO|2024-09-25 14:51:06: 	ZTest-ema: PQ_Vm_rmse: 0.008225  PQ_Va_rmse: 0.106226  PV_Va_rmse: 0.132015  delta_p: 0.679245  delta_q: 0.174991  
INFO|2024-09-25 14:51:06: 	           ValOfEMA:0.132015/0.131834,  Epoch:39/38
INFO|2024-09-25 14:51:06: 	Time(ep):174s,  Val(curr/best):0.132074/0.132074,  Epoch(curr/best):39/39
INFO|2024-09-25 14:51:06: -------------------- Epoch: 40 --------------------
INFO|2024-09-25 14:51:20: Epoch[040/100], iter[040/392], loss_total:0.23311, loss_equ:0.71732 loss_pq_vm:0.00372 loss_pq_va:0.05259 loss_pv_va:0.07155
INFO|2024-09-25 14:51:33: Epoch[040/100], iter[079/392], loss_total:0.23617, loss_equ:0.72338 loss_pq_vm:0.00328 loss_pq_va:0.05590 loss_pv_va:0.07513
INFO|2024-09-25 14:51:45: Epoch[040/100], iter[118/392], loss_total:0.24074, loss_equ:0.73088 loss_pq_vm:0.00332 loss_pq_va:0.05737 loss_pv_va:0.07710
INFO|2024-09-25 14:51:58: Epoch[040/100], iter[157/392], loss_total:0.23432, loss_equ:0.73222 loss_pq_vm:0.00323 loss_pq_va:0.05568 loss_pv_va:0.07307
INFO|2024-09-25 14:52:10: Epoch[040/100], iter[196/392], loss_total:0.23536, loss_equ:0.74320 loss_pq_vm:0.00317 loss_pq_va:0.05549 loss_pv_va:0.07381
INFO|2024-09-25 14:52:23: Epoch[040/100], iter[235/392], loss_total:0.24602, loss_equ:0.74027 loss_pq_vm:0.00331 loss_pq_va:0.06035 loss_pv_va:0.07850
INFO|2024-09-25 14:52:35: Epoch[040/100], iter[274/392], loss_total:0.22384, loss_equ:0.74721 loss_pq_vm:0.00297 loss_pq_va:0.05114 loss_pv_va:0.06828
INFO|2024-09-25 14:52:48: Epoch[040/100], iter[313/392], loss_total:0.23901, loss_equ:0.73035 loss_pq_vm:0.00330 loss_pq_va:0.05747 loss_pv_va:0.07546
INFO|2024-09-25 14:53:00: Epoch[040/100], iter[352/392], loss_total:0.21955, loss_equ:0.69886 loss_pq_vm:0.00288 loss_pq_va:0.05166 loss_pv_va:0.06917
INFO|2024-09-25 14:53:13: Epoch[040/100], iter[392/392], loss_total:0.23670, loss_equ:0.71986 loss_pq_vm:0.00328 loss_pq_va:0.05733 loss_pv_va:0.07456
INFO|2024-09-25 14:54:03: Epoch 39/100, lr:  0.00065796, eta: 2.95h, train_loss:  0.23627, valid_loss:  0.32289
INFO|2024-09-25 14:54:03: 	Train: PQ_Vm_rmse: 0.00528191  PQ_Va_rmse: 0.07558254  PV_Va_rmse: 0.10151375  delta_p: 0.53331880  delta_q: 0.13753645  
INFO|2024-09-25 14:54:03: 	ZTest: PQ_Vm_rmse: 0.00882311  PQ_Va_rmse: 0.11076330  PV_Va_rmse: 0.13459724  delta_p: 0.69690878  delta_q: 0.18007991  
INFO|2024-09-25 14:54:03: 	ZTest-ema: PQ_Vm_rmse: 0.008165  PQ_Va_rmse: 0.105760  PV_Va_rmse: 0.131679  delta_p: 0.678949  delta_q: 0.174729  
INFO|2024-09-25 14:54:03: 	           ValOfEMA:0.131679/0.131679,  Epoch:40/40
INFO|2024-09-25 14:54:04: 	Time(ep):176s,  Val(curr/best):0.134597/0.132074,  Epoch(curr/best):40/39
INFO|2024-09-25 14:54:04: -------------------- Epoch: 41 --------------------
INFO|2024-09-25 14:54:18: Epoch[041/100], iter[040/392], loss_total:0.24155, loss_equ:0.70502 loss_pq_vm:0.00334 loss_pq_va:0.05895 loss_pv_va:0.07873
INFO|2024-09-25 14:54:30: Epoch[041/100], iter[079/392], loss_total:0.23425, loss_equ:0.69574 loss_pq_vm:0.00352 loss_pq_va:0.05603 loss_pv_va:0.07350
INFO|2024-09-25 14:54:43: Epoch[041/100], iter[118/392], loss_total:0.24048, loss_equ:0.73157 loss_pq_vm:0.00408 loss_pq_va:0.05418 loss_pv_va:0.07231
INFO|2024-09-25 14:54:55: Epoch[041/100], iter[157/392], loss_total:0.23220, loss_equ:0.74881 loss_pq_vm:0.00389 loss_pq_va:0.05124 loss_pv_va:0.06714
INFO|2024-09-25 14:55:07: Epoch[041/100], iter[196/392], loss_total:0.23320, loss_equ:0.72994 loss_pq_vm:0.00336 loss_pq_va:0.05348 loss_pv_va:0.07317
INFO|2024-09-25 14:55:20: Epoch[041/100], iter[235/392], loss_total:0.23355, loss_equ:0.75010 loss_pq_vm:0.00332 loss_pq_va:0.05450 loss_pv_va:0.07082
INFO|2024-09-25 14:55:32: Epoch[041/100], iter[274/392], loss_total:0.23826, loss_equ:0.70598 loss_pq_vm:0.00390 loss_pq_va:0.05549 loss_pv_va:0.07317
INFO|2024-09-25 14:55:45: Epoch[041/100], iter[313/392], loss_total:0.24222, loss_equ:0.70604 loss_pq_vm:0.00333 loss_pq_va:0.06038 loss_pv_va:0.07793
INFO|2024-09-25 14:55:57: Epoch[041/100], iter[352/392], loss_total:0.23318, loss_equ:0.72187 loss_pq_vm:0.00326 loss_pq_va:0.05530 loss_pv_va:0.07314
INFO|2024-09-25 14:56:10: Epoch[041/100], iter[392/392], loss_total:0.25405, loss_equ:0.89840 loss_pq_vm:0.00317 loss_pq_va:0.05801 loss_pv_va:0.07450
INFO|2024-09-25 14:57:00: Epoch 40/100, lr:  0.00064310, eta: 2.88h, train_loss:  0.23708, valid_loss:  0.31905
INFO|2024-09-25 14:57:00: 	Train: PQ_Vm_rmse: 0.00532931  PQ_Va_rmse: 0.07546085  PV_Va_rmse: 0.10142248  delta_p: 0.53450073  delta_q: 0.13763138  
INFO|2024-09-25 14:57:00: 	ZTest: PQ_Vm_rmse: 0.00832591  PQ_Va_rmse: 0.10789097  PV_Va_rmse: 0.13310440  delta_p: 0.71767529  delta_q: 0.18636410  
INFO|2024-09-25 14:57:00: 	ZTest-ema: PQ_Vm_rmse: 0.008187  PQ_Va_rmse: 0.105799  PV_Va_rmse: 0.131756  delta_p: 0.676431  delta_q: 0.173716  
INFO|2024-09-25 14:57:00: 	           ValOfEMA:0.131756/0.131679,  Epoch:41/40
INFO|2024-09-25 14:57:00: 	Time(ep):175s,  Val(curr/best):0.133104/0.132074,  Epoch(curr/best):41/39
INFO|2024-09-25 14:57:00: -------------------- Epoch: 42 --------------------
INFO|2024-09-25 14:57:14: Epoch[042/100], iter[040/392], loss_total:0.23541, loss_equ:0.71779 loss_pq_vm:0.00339 loss_pq_va:0.05585 loss_pv_va:0.07390
INFO|2024-09-25 14:57:26: Epoch[042/100], iter[079/392], loss_total:0.23185, loss_equ:0.71737 loss_pq_vm:0.00343 loss_pq_va:0.05341 loss_pv_va:0.07241
INFO|2024-09-25 14:57:38: Epoch[042/100], iter[118/392], loss_total:0.24384, loss_equ:0.71846 loss_pq_vm:0.00346 loss_pq_va:0.05962 loss_pv_va:0.07773
INFO|2024-09-25 14:57:51: Epoch[042/100], iter[157/392], loss_total:0.22597, loss_equ:0.74925 loss_pq_vm:0.00298 loss_pq_va:0.05218 loss_pv_va:0.06910
INFO|2024-09-25 14:58:03: Epoch[042/100], iter[196/392], loss_total:0.25847, loss_equ:0.72660 loss_pq_vm:0.00421 loss_pq_va:0.06361 loss_pv_va:0.08009
INFO|2024-09-25 14:58:15: Epoch[042/100], iter[235/392], loss_total:0.25073, loss_equ:0.75374 loss_pq_vm:0.00363 loss_pq_va:0.06023 loss_pv_va:0.07887
INFO|2024-09-25 14:58:28: Epoch[042/100], iter[274/392], loss_total:0.24761, loss_equ:0.73730 loss_pq_vm:0.00475 loss_pq_va:0.05386 loss_pv_va:0.07249
INFO|2024-09-25 14:58:40: Epoch[042/100], iter[313/392], loss_total:0.23092, loss_equ:0.72179 loss_pq_vm:0.00325 loss_pq_va:0.05440 loss_pv_va:0.07183
INFO|2024-09-25 14:58:53: Epoch[042/100], iter[352/392], loss_total:0.24366, loss_equ:0.74144 loss_pq_vm:0.00329 loss_pq_va:0.05909 loss_pv_va:0.07756
INFO|2024-09-25 14:59:05: Epoch[042/100], iter[392/392], loss_total:0.22385, loss_equ:0.69504 loss_pq_vm:0.00314 loss_pq_va:0.05216 loss_pv_va:0.07077
INFO|2024-09-25 14:59:55: Epoch 41/100, lr:  0.00062810, eta: 2.81h, train_loss:  0.23833, valid_loss:  0.31456
INFO|2024-09-25 14:59:55: 	Train: PQ_Vm_rmse: 0.00538921  PQ_Va_rmse: 0.07507501  PV_Va_rmse: 0.10101958  delta_p: 0.53984977  delta_q: 0.14165729  
INFO|2024-09-25 14:59:55: 	ZTest: PQ_Vm_rmse: 0.00792832  PQ_Va_rmse: 0.10539715  PV_Va_rmse: 0.13237558  delta_p: 0.70510133  delta_q: 0.18401949  
INFO|2024-09-25 14:59:55: 	ZTest-ema: PQ_Vm_rmse: 0.008153  PQ_Va_rmse: 0.105531  PV_Va_rmse: 0.131618  delta_p: 0.678986  delta_q: 0.173539  
INFO|2024-09-25 14:59:55: 	           ValOfEMA:0.131618/0.131618,  Epoch:42/42
INFO|2024-09-25 14:59:55: 	Time(ep):174s,  Val(curr/best):0.132376/0.132074,  Epoch(curr/best):42/39
INFO|2024-09-25 14:59:55: -------------------- Epoch: 43 --------------------
INFO|2024-09-25 15:00:09: Epoch[043/100], iter[040/392], loss_total:0.22700, loss_equ:0.73172 loss_pq_vm:0.00306 loss_pq_va:0.05250 loss_pv_va:0.07068
INFO|2024-09-25 15:00:22: Epoch[043/100], iter[079/392], loss_total:0.22314, loss_equ:0.73363 loss_pq_vm:0.00303 loss_pq_va:0.05049 loss_pv_va:0.06896
INFO|2024-09-25 15:00:34: Epoch[043/100], iter[118/392], loss_total:0.23491, loss_equ:0.70904 loss_pq_vm:0.00384 loss_pq_va:0.05376 loss_pv_va:0.07189
INFO|2024-09-25 15:00:46: Epoch[043/100], iter[157/392], loss_total:0.22742, loss_equ:0.70539 loss_pq_vm:0.00319 loss_pq_va:0.05394 loss_pv_va:0.07107
INFO|2024-09-25 15:00:58: Epoch[043/100], iter[196/392], loss_total:0.23324, loss_equ:0.72870 loss_pq_vm:0.00398 loss_pq_va:0.05147 loss_pv_va:0.06910
INFO|2024-09-25 15:01:11: Epoch[043/100], iter[235/392], loss_total:0.22743, loss_equ:0.71131 loss_pq_vm:0.00365 loss_pq_va:0.05142 loss_pv_va:0.06843
INFO|2024-09-25 15:01:23: Epoch[043/100], iter[274/392], loss_total:0.22898, loss_equ:0.74474 loss_pq_vm:0.00336 loss_pq_va:0.05169 loss_pv_va:0.06924
INFO|2024-09-25 15:01:36: Epoch[043/100], iter[313/392], loss_total:0.23702, loss_equ:0.73441 loss_pq_vm:0.00325 loss_pq_va:0.05650 loss_pv_va:0.07463
INFO|2024-09-25 15:01:48: Epoch[043/100], iter[352/392], loss_total:0.23604, loss_equ:0.75031 loss_pq_vm:0.00315 loss_pq_va:0.05525 loss_pv_va:0.07430
INFO|2024-09-25 15:02:01: Epoch[043/100], iter[392/392], loss_total:0.23130, loss_equ:0.71066 loss_pq_vm:0.00338 loss_pq_va:0.05504 loss_pv_va:0.07143
INFO|2024-09-25 15:02:51: Epoch 42/100, lr:  0.00061298, eta: 2.78h, train_loss:  0.23452, valid_loss:  0.31494
INFO|2024-09-25 15:02:51: 	Train: PQ_Vm_rmse: 0.00524129  PQ_Va_rmse: 0.07447215  PV_Va_rmse: 0.10047740  delta_p: 0.53512698  delta_q: 0.13668870  
INFO|2024-09-25 15:02:51: 	ZTest: PQ_Vm_rmse: 0.00816123  PQ_Va_rmse: 0.10614111  PV_Va_rmse: 0.13207472  delta_p: 0.70298246  delta_q: 0.18270428  
INFO|2024-09-25 15:02:51: 	ZTest-ema: PQ_Vm_rmse: 0.008133  PQ_Va_rmse: 0.105283  PV_Va_rmse: 0.131452  delta_p: 0.681035  delta_q: 0.173521  
INFO|2024-09-25 15:02:51: 	           ValOfEMA:0.131452/0.131452,  Epoch:43/43
INFO|2024-09-25 15:02:52: 	Time(ep):175s,  Val(curr/best):0.132075/0.132074,  Epoch(curr/best):43/39
INFO|2024-09-25 15:02:52: -------------------- Epoch: 44 --------------------
INFO|2024-09-25 15:03:06: Epoch[044/100], iter[040/392], loss_total:0.21769, loss_equ:0.68409 loss_pq_vm:0.00284 loss_pq_va:0.05109 loss_pv_va:0.06979
INFO|2024-09-25 15:03:18: Epoch[044/100], iter[079/392], loss_total:0.24279, loss_equ:0.78240 loss_pq_vm:0.00323 loss_pq_va:0.05641 loss_pv_va:0.07582
INFO|2024-09-25 15:03:30: Epoch[044/100], iter[118/392], loss_total:0.23067, loss_equ:0.71105 loss_pq_vm:0.00398 loss_pq_va:0.05103 loss_pv_va:0.06873
INFO|2024-09-25 15:03:43: Epoch[044/100], iter[157/392], loss_total:0.23220, loss_equ:0.71170 loss_pq_vm:0.00385 loss_pq_va:0.05261 loss_pv_va:0.06989
INFO|2024-09-25 15:03:55: Epoch[044/100], iter[196/392], loss_total:0.23262, loss_equ:0.71756 loss_pq_vm:0.00357 loss_pq_va:0.05314 loss_pv_va:0.07205
INFO|2024-09-25 15:04:07: Epoch[044/100], iter[235/392], loss_total:0.22194, loss_equ:0.70155 loss_pq_vm:0.00294 loss_pq_va:0.05249 loss_pv_va:0.06994
INFO|2024-09-25 15:04:20: Epoch[044/100], iter[274/392], loss_total:0.22919, loss_equ:0.79772 loss_pq_vm:0.00305 loss_pq_va:0.04992 loss_pv_va:0.06898
INFO|2024-09-25 15:04:32: Epoch[044/100], iter[313/392], loss_total:0.23884, loss_equ:0.75012 loss_pq_vm:0.00357 loss_pq_va:0.05443 loss_pv_va:0.07370
INFO|2024-09-25 15:04:44: Epoch[044/100], iter[352/392], loss_total:0.23916, loss_equ:0.74743 loss_pq_vm:0.00313 loss_pq_va:0.05626 loss_pv_va:0.07683
INFO|2024-09-25 15:04:57: Epoch[044/100], iter[392/392], loss_total:0.23527, loss_equ:0.75857 loss_pq_vm:0.00325 loss_pq_va:0.05459 loss_pv_va:0.07230
INFO|2024-09-25 15:05:47: Epoch 43/100, lr:  0.00059775, eta: 2.73h, train_loss:  0.23405, valid_loss:  0.32047
INFO|2024-09-25 15:05:47: 	Train: PQ_Vm_rmse: 0.00521171  PQ_Va_rmse: 0.07443359  PV_Va_rmse: 0.10048934  delta_p: 0.53238406  delta_q: 0.13680227  
INFO|2024-09-25 15:05:47: 	ZTest: PQ_Vm_rmse: 0.00802355  PQ_Va_rmse: 0.10604531  PV_Va_rmse: 0.13362655  delta_p: 0.73244511  delta_q: 0.18623120  
INFO|2024-09-25 15:05:47: 	ZTest-ema: PQ_Vm_rmse: 0.008122  PQ_Va_rmse: 0.105368  PV_Va_rmse: 0.131566  delta_p: 0.679113  delta_q: 0.173182  
INFO|2024-09-25 15:05:47: 	           ValOfEMA:0.131566/0.131452,  Epoch:44/43
INFO|2024-09-25 15:05:48: 	Time(ep):175s,  Val(curr/best):0.133627/0.132074,  Epoch(curr/best):44/39
INFO|2024-09-25 15:05:48: -------------------- Epoch: 45 --------------------
INFO|2024-09-25 15:06:01: Epoch[045/100], iter[040/392], loss_total:0.21620, loss_equ:0.68398 loss_pq_vm:0.00299 loss_pq_va:0.04997 loss_pv_va:0.06789
INFO|2024-09-25 15:06:13: Epoch[045/100], iter[079/392], loss_total:0.23336, loss_equ:0.74694 loss_pq_vm:0.00317 loss_pq_va:0.05499 loss_pv_va:0.07192
INFO|2024-09-25 15:06:26: Epoch[045/100], iter[118/392], loss_total:0.22641, loss_equ:0.68708 loss_pq_vm:0.00355 loss_pq_va:0.05198 loss_pv_va:0.07019
INFO|2024-09-25 15:06:38: Epoch[045/100], iter[157/392], loss_total:0.24007, loss_equ:0.74024 loss_pq_vm:0.00333 loss_pq_va:0.05682 loss_pv_va:0.07592
INFO|2024-09-25 15:06:50: Epoch[045/100], iter[196/392], loss_total:0.23379, loss_equ:0.69930 loss_pq_vm:0.00324 loss_pq_va:0.05634 loss_pv_va:0.07515
INFO|2024-09-25 15:07:02: Epoch[045/100], iter[235/392], loss_total:0.24388, loss_equ:0.71543 loss_pq_vm:0.00326 loss_pq_va:0.06091 loss_pv_va:0.07881
INFO|2024-09-25 15:07:14: Epoch[045/100], iter[274/392], loss_total:0.23153, loss_equ:0.74935 loss_pq_vm:0.00324 loss_pq_va:0.05309 loss_pv_va:0.07114
INFO|2024-09-25 15:07:26: Epoch[045/100], iter[313/392], loss_total:0.22136, loss_equ:0.73240 loss_pq_vm:0.00335 loss_pq_va:0.04949 loss_pv_va:0.06516
INFO|2024-09-25 15:07:38: Epoch[045/100], iter[352/392], loss_total:0.22859, loss_equ:0.69395 loss_pq_vm:0.00339 loss_pq_va:0.05351 loss_pv_va:0.07178
INFO|2024-09-25 15:07:51: Epoch[045/100], iter[392/392], loss_total:0.24286, loss_equ:0.73558 loss_pq_vm:0.00444 loss_pq_va:0.05343 loss_pv_va:0.07144
INFO|2024-09-25 15:08:42: Epoch 44/100, lr:  0.00058244, eta: 2.66h, train_loss:  0.23258, valid_loss:  0.31828
INFO|2024-09-25 15:08:42: 	Train: PQ_Vm_rmse: 0.00517863  PQ_Va_rmse: 0.07404732  PV_Va_rmse: 0.10000578  delta_p: 0.53198199  delta_q: 0.13489946  
INFO|2024-09-25 15:08:42: 	ZTest: PQ_Vm_rmse: 0.00816554  PQ_Va_rmse: 0.10561280  PV_Va_rmse: 0.13331128  delta_p: 0.72324420  delta_q: 0.18270481  
INFO|2024-09-25 15:08:42: 	ZTest-ema: PQ_Vm_rmse: 0.008141  PQ_Va_rmse: 0.105287  PV_Va_rmse: 0.131585  delta_p: 0.679773  delta_q: 0.172980  
INFO|2024-09-25 15:08:42: 	           ValOfEMA:0.131585/0.131452,  Epoch:45/43
INFO|2024-09-25 15:08:42: 	Time(ep):173s,  Val(curr/best):0.133311/0.132074,  Epoch(curr/best):45/39
INFO|2024-09-25 15:08:42: -------------------- Epoch: 46 --------------------
INFO|2024-09-25 15:08:56: Epoch[046/100], iter[040/392], loss_total:0.21837, loss_equ:0.67654 loss_pq_vm:0.00347 loss_pq_va:0.04913 loss_pv_va:0.06688
INFO|2024-09-25 15:09:08: Epoch[046/100], iter[079/392], loss_total:0.24432, loss_equ:0.72159 loss_pq_vm:0.00349 loss_pq_va:0.05817 loss_pv_va:0.07906
INFO|2024-09-25 15:09:21: Epoch[046/100], iter[118/392], loss_total:0.23620, loss_equ:0.71229 loss_pq_vm:0.00345 loss_pq_va:0.05602 loss_pv_va:0.07449
INFO|2024-09-25 15:09:34: Epoch[046/100], iter[157/392], loss_total:0.22907, loss_equ:0.68764 loss_pq_vm:0.00347 loss_pq_va:0.05377 loss_pv_va:0.07188
INFO|2024-09-25 15:09:46: Epoch[046/100], iter[196/392], loss_total:0.22910, loss_equ:0.71352 loss_pq_vm:0.00318 loss_pq_va:0.05419 loss_pv_va:0.07177
INFO|2024-09-25 15:09:58: Epoch[046/100], iter[235/392], loss_total:0.22071, loss_equ:0.71135 loss_pq_vm:0.00281 loss_pq_va:0.05245 loss_pv_va:0.06907
INFO|2024-09-25 15:10:11: Epoch[046/100], iter[274/392], loss_total:0.22203, loss_equ:0.69812 loss_pq_vm:0.00302 loss_pq_va:0.05231 loss_pv_va:0.06966
INFO|2024-09-25 15:10:23: Epoch[046/100], iter[313/392], loss_total:0.23235, loss_equ:0.72104 loss_pq_vm:0.00389 loss_pq_va:0.05021 loss_pv_va:0.07111
INFO|2024-09-25 15:10:35: Epoch[046/100], iter[352/392], loss_total:0.22429, loss_equ:0.70510 loss_pq_vm:0.00334 loss_pq_va:0.05235 loss_pv_va:0.06801
INFO|2024-09-25 15:10:48: Epoch[046/100], iter[392/392], loss_total:0.23516, loss_equ:0.74838 loss_pq_vm:0.00365 loss_pq_va:0.05225 loss_pv_va:0.07160
INFO|2024-09-25 15:11:40: Epoch 45/100, lr:  0.00056704, eta: 2.67h, train_loss:  0.22883, valid_loss:  0.31896
INFO|2024-09-25 15:11:40: 	Train: PQ_Vm_rmse: 0.00504993  PQ_Va_rmse: 0.07353377  PV_Va_rmse: 0.09944482  delta_p: 0.51947502  delta_q: 0.13380554  
INFO|2024-09-25 15:11:40: 	ZTest: PQ_Vm_rmse: 0.00799952  PQ_Va_rmse: 0.10676916  PV_Va_rmse: 0.13469485  delta_p: 0.72901914  delta_q: 0.18102185  
INFO|2024-09-25 15:11:40: 	ZTest-ema: PQ_Vm_rmse: 0.008117  PQ_Va_rmse: 0.105068  PV_Va_rmse: 0.131453  delta_p: 0.678537  delta_q: 0.172458  
INFO|2024-09-25 15:11:40: 	           ValOfEMA:0.131453/0.131452,  Epoch:46/43
INFO|2024-09-25 15:11:41: 	Time(ep):178s,  Val(curr/best):0.134695/0.132074,  Epoch(curr/best):46/39
INFO|2024-09-25 15:11:41: -------------------- Epoch: 47 --------------------
INFO|2024-09-25 15:11:55: Epoch[047/100], iter[040/392], loss_total:0.25113, loss_equ:0.73266 loss_pq_vm:0.00461 loss_pq_va:0.05668 loss_pv_va:0.07508
INFO|2024-09-25 15:12:07: Epoch[047/100], iter[079/392], loss_total:0.26641, loss_equ:0.88154 loss_pq_vm:0.00503 loss_pq_va:0.05471 loss_pv_va:0.07327
INFO|2024-09-25 15:12:20: Epoch[047/100], iter[118/392], loss_total:0.23437, loss_equ:0.71542 loss_pq_vm:0.00365 loss_pq_va:0.05354 loss_pv_va:0.07274
INFO|2024-09-25 15:12:33: Epoch[047/100], iter[157/392], loss_total:0.22511, loss_equ:0.70198 loss_pq_vm:0.00304 loss_pq_va:0.05408 loss_pv_va:0.07040
INFO|2024-09-25 15:12:45: Epoch[047/100], iter[196/392], loss_total:0.20992, loss_equ:0.69504 loss_pq_vm:0.00271 loss_pq_va:0.04842 loss_pv_va:0.06484
INFO|2024-09-25 15:12:57: Epoch[047/100], iter[235/392], loss_total:0.23474, loss_equ:0.73563 loss_pq_vm:0.00320 loss_pq_va:0.05461 loss_pv_va:0.07456
INFO|2024-09-25 15:13:10: Epoch[047/100], iter[274/392], loss_total:0.22932, loss_equ:0.71100 loss_pq_vm:0.00333 loss_pq_va:0.05352 loss_pv_va:0.07141
INFO|2024-09-25 15:13:22: Epoch[047/100], iter[313/392], loss_total:0.23453, loss_equ:0.71703 loss_pq_vm:0.00342 loss_pq_va:0.05525 loss_pv_va:0.07335
INFO|2024-09-25 15:13:34: Epoch[047/100], iter[352/392], loss_total:0.26398, loss_equ:0.74018 loss_pq_vm:0.00364 loss_pq_va:0.06793 loss_pv_va:0.08566
INFO|2024-09-25 15:13:47: Epoch[047/100], iter[392/392], loss_total:0.25026, loss_equ:0.72764 loss_pq_vm:0.00381 loss_pq_va:0.05884 loss_pv_va:0.08057
INFO|2024-09-25 15:14:40: Epoch 46/100, lr:  0.00055158, eta: 2.64h, train_loss:  0.23189, valid_loss:  0.32933
INFO|2024-09-25 15:14:40: 	Train: PQ_Vm_rmse: 0.00514502  PQ_Va_rmse: 0.07379041  PV_Va_rmse: 0.09981031  delta_p: 0.52834150  delta_q: 0.13473281  
INFO|2024-09-25 15:14:40: 	ZTest: PQ_Vm_rmse: 0.00890797  PQ_Va_rmse: 0.10685505  PV_Va_rmse: 0.13445705  delta_p: 0.73571168  delta_q: 0.19094679  
INFO|2024-09-25 15:14:40: 	ZTest-ema: PQ_Vm_rmse: 0.008118  PQ_Va_rmse: 0.105211  PV_Va_rmse: 0.131623  delta_p: 0.677652  delta_q: 0.171646  
INFO|2024-09-25 15:14:40: 	           ValOfEMA:0.131623/0.131452,  Epoch:47/43
INFO|2024-09-25 15:14:41: 	Time(ep):179s,  Val(curr/best):0.134457/0.132074,  Epoch(curr/best):47/39
INFO|2024-09-25 15:14:41: -------------------- Epoch: 48 --------------------
INFO|2024-09-25 15:14:55: Epoch[048/100], iter[040/392], loss_total:0.23591, loss_equ:0.73689 loss_pq_vm:0.00378 loss_pq_va:0.05304 loss_pv_va:0.07139
INFO|2024-09-25 15:15:07: Epoch[048/100], iter[079/392], loss_total:0.22391, loss_equ:0.72600 loss_pq_vm:0.00316 loss_pq_va:0.05075 loss_pv_va:0.06899
INFO|2024-09-25 15:15:20: Epoch[048/100], iter[118/392], loss_total:0.21770, loss_equ:0.71067 loss_pq_vm:0.00348 loss_pq_va:0.04870 loss_pv_va:0.06316
INFO|2024-09-25 15:15:33: Epoch[048/100], iter[157/392], loss_total:0.22760, loss_equ:0.70713 loss_pq_vm:0.00308 loss_pq_va:0.05272 loss_pv_va:0.07338
INFO|2024-09-25 15:15:45: Epoch[048/100], iter[196/392], loss_total:0.22392, loss_equ:0.68149 loss_pq_vm:0.00302 loss_pq_va:0.05351 loss_pv_va:0.07203
INFO|2024-09-25 15:15:58: Epoch[048/100], iter[235/392], loss_total:0.23535, loss_equ:0.74841 loss_pq_vm:0.00354 loss_pq_va:0.05296 loss_pv_va:0.07212
INFO|2024-09-25 15:16:11: Epoch[048/100], iter[274/392], loss_total:0.23592, loss_equ:0.71336 loss_pq_vm:0.00389 loss_pq_va:0.05371 loss_pv_va:0.07199
INFO|2024-09-25 15:16:24: Epoch[048/100], iter[313/392], loss_total:0.22426, loss_equ:0.70790 loss_pq_vm:0.00293 loss_pq_va:0.05226 loss_pv_va:0.07191
INFO|2024-09-25 15:16:36: Epoch[048/100], iter[352/392], loss_total:0.21722, loss_equ:0.70932 loss_pq_vm:0.00283 loss_pq_va:0.05082 loss_pv_va:0.06718
INFO|2024-09-25 15:16:49: Epoch[048/100], iter[392/392], loss_total:0.22766, loss_equ:0.70443 loss_pq_vm:0.00391 loss_pq_va:0.05002 loss_pv_va:0.06805
INFO|2024-09-25 15:17:43: Epoch 47/100, lr:  0.00053608, eta: 2.64h, train_loss:  0.22821, valid_loss:  0.31741
INFO|2024-09-25 15:17:43: 	Train: PQ_Vm_rmse: 0.00504721  PQ_Va_rmse: 0.07281104  PV_Va_rmse: 0.09879586  delta_p: 0.52314911  delta_q: 0.13244594  
INFO|2024-09-25 15:17:43: 	ZTest: PQ_Vm_rmse: 0.00796234  PQ_Va_rmse: 0.10428425  PV_Va_rmse: 0.13227577  delta_p: 0.73600259  delta_q: 0.19075691  
INFO|2024-09-25 15:17:43: 	ZTest-ema: PQ_Vm_rmse: 0.008073  PQ_Va_rmse: 0.104938  PV_Va_rmse: 0.131553  delta_p: 0.679559  delta_q: 0.172194  
INFO|2024-09-25 15:17:43: 	           ValOfEMA:0.131553/0.131452,  Epoch:48/43
INFO|2024-09-25 15:17:44: 	Time(ep):182s,  Val(curr/best):0.132276/0.132074,  Epoch(curr/best):48/39
INFO|2024-09-25 15:17:44: -------------------- Epoch: 49 --------------------
INFO|2024-09-25 15:17:58: Epoch[049/100], iter[040/392], loss_total:0.22826, loss_equ:0.73430 loss_pq_vm:0.00311 loss_pq_va:0.05231 loss_pv_va:0.07140
INFO|2024-09-25 15:18:11: Epoch[049/100], iter[079/392], loss_total:0.21857, loss_equ:0.67927 loss_pq_vm:0.00366 loss_pq_va:0.04913 loss_pv_va:0.06488
INFO|2024-09-25 15:18:24: Epoch[049/100], iter[118/392], loss_total:0.23371, loss_equ:0.70425 loss_pq_vm:0.00303 loss_pq_va:0.05620 loss_pv_va:0.07674
INFO|2024-09-25 15:18:37: Epoch[049/100], iter[157/392], loss_total:0.21585, loss_equ:0.71182 loss_pq_vm:0.00295 loss_pq_va:0.04875 loss_pv_va:0.06639
INFO|2024-09-25 15:18:50: Epoch[049/100], iter[196/392], loss_total:0.22407, loss_equ:0.70420 loss_pq_vm:0.00326 loss_pq_va:0.05108 loss_pv_va:0.06996
INFO|2024-09-25 15:19:02: Epoch[049/100], iter[235/392], loss_total:0.22940, loss_equ:0.69417 loss_pq_vm:0.00302 loss_pq_va:0.05611 loss_pv_va:0.07372
INFO|2024-09-25 15:19:15: Epoch[049/100], iter[274/392], loss_total:0.23261, loss_equ:0.70617 loss_pq_vm:0.00346 loss_pq_va:0.05464 loss_pv_va:0.07278
INFO|2024-09-25 15:19:28: Epoch[049/100], iter[313/392], loss_total:0.23052, loss_equ:0.70306 loss_pq_vm:0.00357 loss_pq_va:0.05325 loss_pv_va:0.07128
INFO|2024-09-25 15:19:40: Epoch[049/100], iter[352/392], loss_total:0.22889, loss_equ:0.70787 loss_pq_vm:0.00346 loss_pq_va:0.05322 loss_pv_va:0.07024
INFO|2024-09-25 15:19:53: Epoch[049/100], iter[392/392], loss_total:0.21999, loss_equ:0.70981 loss_pq_vm:0.00290 loss_pq_va:0.05028 loss_pv_va:0.06976
INFO|2024-09-25 15:20:47: Epoch 48/100, lr:  0.00052055, eta: 2.59h, train_loss:  0.22461, valid_loss:  0.31152
INFO|2024-09-25 15:20:47: 	Train: PQ_Vm_rmse: 0.00495231  PQ_Va_rmse: 0.07220736  PV_Va_rmse: 0.09816936  delta_p: 0.51441312  delta_q: 0.13044874  
INFO|2024-09-25 15:20:47: 	ZTest: PQ_Vm_rmse: 0.00793813  PQ_Va_rmse: 0.10467913  PV_Va_rmse: 0.13208088  delta_p: 0.71173515  delta_q: 0.17883120  
INFO|2024-09-25 15:20:47: 	ZTest-ema: PQ_Vm_rmse: 0.008058  PQ_Va_rmse: 0.104714  PV_Va_rmse: 0.131501  delta_p: 0.680962  delta_q: 0.171764  
INFO|2024-09-25 15:20:47: 	           ValOfEMA:0.131501/0.131452,  Epoch:49/43
INFO|2024-09-25 15:20:48: 	Time(ep):182s,  Val(curr/best):0.132081/0.132074,  Epoch(curr/best):49/39
INFO|2024-09-25 15:20:48: -------------------- Epoch: 50 --------------------
INFO|2024-09-25 15:21:02: Epoch[050/100], iter[040/392], loss_total:0.23168, loss_equ:0.70742 loss_pq_vm:0.00311 loss_pq_va:0.05554 loss_pv_va:0.07427
INFO|2024-09-25 15:21:14: Epoch[050/100], iter[079/392], loss_total:0.21865, loss_equ:0.68249 loss_pq_vm:0.00315 loss_pq_va:0.05123 loss_pv_va:0.06772
INFO|2024-09-25 15:21:27: Epoch[050/100], iter[118/392], loss_total:0.21880, loss_equ:0.70365 loss_pq_vm:0.00311 loss_pq_va:0.05059 loss_pv_va:0.06672
INFO|2024-09-25 15:21:40: Epoch[050/100], iter[157/392], loss_total:0.21303, loss_equ:0.68273 loss_pq_vm:0.00307 loss_pq_va:0.04881 loss_pv_va:0.06523
INFO|2024-09-25 15:21:52: Epoch[050/100], iter[196/392], loss_total:0.22255, loss_equ:0.69577 loss_pq_vm:0.00337 loss_pq_va:0.05104 loss_pv_va:0.06825
INFO|2024-09-25 15:22:05: Epoch[050/100], iter[235/392], loss_total:0.23335, loss_equ:0.69117 loss_pq_vm:0.00350 loss_pq_va:0.05714 loss_pv_va:0.07213
INFO|2024-09-25 15:22:18: Epoch[050/100], iter[274/392], loss_total:0.21306, loss_equ:0.68186 loss_pq_vm:0.00314 loss_pq_va:0.04797 loss_pv_va:0.06546
INFO|2024-09-25 15:22:30: Epoch[050/100], iter[313/392], loss_total:0.22099, loss_equ:0.69857 loss_pq_vm:0.00345 loss_pq_va:0.04909 loss_pv_va:0.06753
INFO|2024-09-25 15:22:43: Epoch[050/100], iter[352/392], loss_total:0.22395, loss_equ:0.76575 loss_pq_vm:0.00310 loss_pq_va:0.04838 loss_pv_va:0.06801
INFO|2024-09-25 15:22:56: Epoch[050/100], iter[392/392], loss_total:0.21883, loss_equ:0.68955 loss_pq_vm:0.00338 loss_pq_va:0.04896 loss_pv_va:0.06708
INFO|2024-09-25 15:23:50: Epoch 49/100, lr:  0.00050500, eta: 2.53h, train_loss:  0.22362, valid_loss:  0.31545
INFO|2024-09-25 15:23:50: 	Train: PQ_Vm_rmse: 0.00493429  PQ_Va_rmse: 0.07184617  PV_Va_rmse: 0.09772909  delta_p: 0.51289805  delta_q: 0.12953116  
INFO|2024-09-25 15:23:50: 	ZTest: PQ_Vm_rmse: 0.00831479  PQ_Va_rmse: 0.10572920  PV_Va_rmse: 0.13313901  delta_p: 0.71205610  delta_q: 0.17966587  
INFO|2024-09-25 15:23:50: 	ZTest-ema: PQ_Vm_rmse: 0.008065  PQ_Va_rmse: 0.104790  PV_Va_rmse: 0.131621  delta_p: 0.681255  delta_q: 0.171328  
INFO|2024-09-25 15:23:50: 	           ValOfEMA:0.131621/0.131452,  Epoch:50/43
INFO|2024-09-25 15:23:50: 	Time(ep):182s,  Val(curr/best):0.133139/0.132074,  Epoch(curr/best):50/39
INFO|2024-09-25 15:23:50: -------------------- Epoch: 51 --------------------
INFO|2024-09-25 15:24:05: Epoch[051/100], iter[040/392], loss_total:0.21999, loss_equ:0.69948 loss_pq_vm:0.00278 loss_pq_va:0.05215 loss_pv_va:0.07004
INFO|2024-09-25 15:24:17: Epoch[051/100], iter[079/392], loss_total:0.21233, loss_equ:0.69325 loss_pq_vm:0.00279 loss_pq_va:0.04912 loss_pv_va:0.06602
INFO|2024-09-25 15:24:30: Epoch[051/100], iter[118/392], loss_total:0.22141, loss_equ:0.68446 loss_pq_vm:0.00353 loss_pq_va:0.04984 loss_pv_va:0.06783
INFO|2024-09-25 15:24:43: Epoch[051/100], iter[157/392], loss_total:0.22774, loss_equ:0.71272 loss_pq_vm:0.00320 loss_pq_va:0.05305 loss_pv_va:0.07139
INFO|2024-09-25 15:24:56: Epoch[051/100], iter[196/392], loss_total:0.22332, loss_equ:0.68645 loss_pq_vm:0.00327 loss_pq_va:0.05295 loss_pv_va:0.06900
INFO|2024-09-25 15:25:09: Epoch[051/100], iter[235/392], loss_total:0.22433, loss_equ:0.69158 loss_pq_vm:0.00340 loss_pq_va:0.05129 loss_pv_va:0.06983
INFO|2024-09-25 15:25:21: Epoch[051/100], iter[274/392], loss_total:0.23476, loss_equ:0.72562 loss_pq_vm:0.00393 loss_pq_va:0.05218 loss_pv_va:0.07075
INFO|2024-09-25 15:25:34: Epoch[051/100], iter[313/392], loss_total:0.22601, loss_equ:0.71941 loss_pq_vm:0.00335 loss_pq_va:0.05169 loss_pv_va:0.06886
INFO|2024-09-25 15:25:47: Epoch[051/100], iter[352/392], loss_total:0.21745, loss_equ:0.68895 loss_pq_vm:0.00320 loss_pq_va:0.04943 loss_pv_va:0.06712
INFO|2024-09-25 15:25:59: Epoch[051/100], iter[392/392], loss_total:0.22010, loss_equ:0.68851 loss_pq_vm:0.00293 loss_pq_va:0.05235 loss_pv_va:0.06963
INFO|2024-09-25 15:26:53: Epoch 50/100, lr:  0.00048945, eta: 2.48h, train_loss:  0.22448, valid_loss:  0.31443
INFO|2024-09-25 15:26:53: 	Train: PQ_Vm_rmse: 0.00495508  PQ_Va_rmse: 0.07184795  PV_Va_rmse: 0.09771337  delta_p: 0.51626768  delta_q: 0.13000573  
INFO|2024-09-25 15:26:53: 	ZTest: PQ_Vm_rmse: 0.00817660  PQ_Va_rmse: 0.10704886  PV_Va_rmse: 0.13395299  delta_p: 0.70197220  delta_q: 0.17583222  
INFO|2024-09-25 15:26:53: 	ZTest-ema: PQ_Vm_rmse: 0.008078  PQ_Va_rmse: 0.104756  PV_Va_rmse: 0.131709  delta_p: 0.681624  delta_q: 0.171279  
INFO|2024-09-25 15:26:53: 	           ValOfEMA:0.131709/0.131452,  Epoch:51/43
INFO|2024-09-25 15:26:54: 	Time(ep):182s,  Val(curr/best):0.133953/0.132074,  Epoch(curr/best):51/39
INFO|2024-09-25 15:26:54: -------------------- Epoch: 52 --------------------
INFO|2024-09-25 15:27:07: Epoch[052/100], iter[040/392], loss_total:0.23086, loss_equ:0.68562 loss_pq_vm:0.00337 loss_pq_va:0.05565 loss_pv_va:0.07296
INFO|2024-09-25 15:27:20: Epoch[052/100], iter[079/392], loss_total:0.21979, loss_equ:0.68381 loss_pq_vm:0.00312 loss_pq_va:0.05122 loss_pv_va:0.06898
INFO|2024-09-25 15:27:32: Epoch[052/100], iter[118/392], loss_total:0.21572, loss_equ:0.66920 loss_pq_vm:0.00297 loss_pq_va:0.05070 loss_pv_va:0.06842
INFO|2024-09-25 15:27:45: Epoch[052/100], iter[157/392], loss_total:0.22356, loss_equ:0.69567 loss_pq_vm:0.00315 loss_pq_va:0.05273 loss_pv_va:0.06977
INFO|2024-09-25 15:27:57: Epoch[052/100], iter[196/392], loss_total:0.21936, loss_equ:0.70038 loss_pq_vm:0.00303 loss_pq_va:0.05117 loss_pv_va:0.06787
INFO|2024-09-25 15:28:10: Epoch[052/100], iter[235/392], loss_total:0.23922, loss_equ:0.80640 loss_pq_vm:0.00414 loss_pq_va:0.05054 loss_pv_va:0.06664
INFO|2024-09-25 15:28:23: Epoch[052/100], iter[274/392], loss_total:0.22885, loss_equ:0.69690 loss_pq_vm:0.00352 loss_pq_va:0.05210 loss_pv_va:0.07187
INFO|2024-09-25 15:28:36: Epoch[052/100], iter[313/392], loss_total:0.21483, loss_equ:0.69153 loss_pq_vm:0.00281 loss_pq_va:0.04951 loss_pv_va:0.06805
INFO|2024-09-25 15:28:48: Epoch[052/100], iter[352/392], loss_total:0.23511, loss_equ:0.75695 loss_pq_vm:0.00452 loss_pq_va:0.04790 loss_pv_va:0.06633
INFO|2024-09-25 15:29:01: Epoch[052/100], iter[392/392], loss_total:0.22209, loss_equ:0.71572 loss_pq_vm:0.00291 loss_pq_va:0.05188 loss_pv_va:0.06951
INFO|2024-09-25 15:29:55: Epoch 51/100, lr:  0.00047392, eta: 2.41h, train_loss:  0.22335, valid_loss:  0.31284
INFO|2024-09-25 15:29:55: 	Train: PQ_Vm_rmse: 0.00488823  PQ_Va_rmse: 0.07156863  PV_Va_rmse: 0.09743442  delta_p: 0.51438716  delta_q: 0.13039584  
INFO|2024-09-25 15:29:55: 	ZTest: PQ_Vm_rmse: 0.00807723  PQ_Va_rmse: 0.10478359  PV_Va_rmse: 0.13253960  delta_p: 0.71338806  delta_q: 0.18260451  
INFO|2024-09-25 15:29:55: 	ZTest-ema: PQ_Vm_rmse: 0.008040  PQ_Va_rmse: 0.104668  PV_Va_rmse: 0.131713  delta_p: 0.682915  delta_q: 0.171296  
INFO|2024-09-25 15:29:55: 	           ValOfEMA:0.131713/0.131452,  Epoch:52/43
INFO|2024-09-25 15:29:56: 	Time(ep):181s,  Val(curr/best):0.132540/0.132074,  Epoch(curr/best):52/39
INFO|2024-09-25 15:29:56: -------------------- Epoch: 53 --------------------
INFO|2024-09-25 15:30:10: Epoch[053/100], iter[040/392], loss_total:0.22701, loss_equ:0.70526 loss_pq_vm:0.00308 loss_pq_va:0.05346 loss_pv_va:0.07218
INFO|2024-09-25 15:30:23: Epoch[053/100], iter[079/392], loss_total:0.22444, loss_equ:0.72695 loss_pq_vm:0.00312 loss_pq_va:0.05095 loss_pv_va:0.06958
INFO|2024-09-25 15:30:35: Epoch[053/100], iter[118/392], loss_total:0.21130, loss_equ:0.68482 loss_pq_vm:0.00285 loss_pq_va:0.04907 loss_pv_va:0.06527
INFO|2024-09-25 15:30:48: Epoch[053/100], iter[157/392], loss_total:0.20742, loss_equ:0.66926 loss_pq_vm:0.00275 loss_pq_va:0.04770 loss_pv_va:0.06527
INFO|2024-09-25 15:31:00: Epoch[053/100], iter[196/392], loss_total:0.21609, loss_equ:0.68520 loss_pq_vm:0.00355 loss_pq_va:0.04754 loss_pv_va:0.06454
INFO|2024-09-25 15:31:13: Epoch[053/100], iter[235/392], loss_total:0.22423, loss_equ:0.69645 loss_pq_vm:0.00350 loss_pq_va:0.05056 loss_pv_va:0.06902
INFO|2024-09-25 15:31:26: Epoch[053/100], iter[274/392], loss_total:0.21798, loss_equ:0.69453 loss_pq_vm:0.00287 loss_pq_va:0.05062 loss_pv_va:0.06916
INFO|2024-09-25 15:31:39: Epoch[053/100], iter[313/392], loss_total:0.21981, loss_equ:0.71243 loss_pq_vm:0.00301 loss_pq_va:0.05039 loss_pv_va:0.06807
INFO|2024-09-25 15:31:51: Epoch[053/100], iter[352/392], loss_total:0.22629, loss_equ:0.70683 loss_pq_vm:0.00348 loss_pq_va:0.05185 loss_pv_va:0.06893
INFO|2024-09-25 15:32:04: Epoch[053/100], iter[392/392], loss_total:0.22164, loss_equ:0.67965 loss_pq_vm:0.00337 loss_pq_va:0.05017 loss_pv_va:0.06985
INFO|2024-09-25 15:32:57: Epoch 52/100, lr:  0.00045842, eta: 2.37h, train_loss:  0.22100, valid_loss:  0.31537
INFO|2024-09-25 15:32:57: 	Train: PQ_Vm_rmse: 0.00483854  PQ_Va_rmse: 0.07117184  PV_Va_rmse: 0.09697809  delta_p: 0.50898100  delta_q: 0.12792895  
INFO|2024-09-25 15:32:57: 	ZTest: PQ_Vm_rmse: 0.00804550  PQ_Va_rmse: 0.10627156  PV_Va_rmse: 0.13320129  delta_p: 0.72175201  delta_q: 0.18130811  
INFO|2024-09-25 15:32:57: 	ZTest-ema: PQ_Vm_rmse: 0.008031  PQ_Va_rmse: 0.104629  PV_Va_rmse: 0.131730  delta_p: 0.682291  delta_q: 0.170762  
INFO|2024-09-25 15:32:57: 	           ValOfEMA:0.131730/0.131452,  Epoch:53/43
INFO|2024-09-25 15:32:58: 	Time(ep):181s,  Val(curr/best):0.133201/0.132074,  Epoch(curr/best):53/39
INFO|2024-09-25 15:32:58: -------------------- Epoch: 54 --------------------
INFO|2024-09-25 15:33:12: Epoch[054/100], iter[040/392], loss_total:0.22696, loss_equ:0.70669 loss_pq_vm:0.00339 loss_pq_va:0.05205 loss_pv_va:0.07037
INFO|2024-09-25 15:33:25: Epoch[054/100], iter[079/392], loss_total:0.22193, loss_equ:0.69682 loss_pq_vm:0.00289 loss_pq_va:0.05161 loss_pv_va:0.07173
INFO|2024-09-25 15:33:37: Epoch[054/100], iter[118/392], loss_total:0.24711, loss_equ:0.75785 loss_pq_vm:0.00465 loss_pq_va:0.05297 loss_pv_va:0.07189
INFO|2024-09-25 15:33:50: Epoch[054/100], iter[157/392], loss_total:0.22396, loss_equ:0.67847 loss_pq_vm:0.00303 loss_pq_va:0.05447 loss_pv_va:0.07138
INFO|2024-09-25 15:34:02: Epoch[054/100], iter[196/392], loss_total:0.22055, loss_equ:0.69756 loss_pq_vm:0.00314 loss_pq_va:0.05098 loss_pv_va:0.06845
INFO|2024-09-25 15:34:15: Epoch[054/100], iter[235/392], loss_total:0.21362, loss_equ:0.68407 loss_pq_vm:0.00281 loss_pq_va:0.04917 loss_pv_va:0.06791
INFO|2024-09-25 15:34:28: Epoch[054/100], iter[274/392], loss_total:0.21733, loss_equ:0.69067 loss_pq_vm:0.00298 loss_pq_va:0.05077 loss_pv_va:0.06771
INFO|2024-09-25 15:34:40: Epoch[054/100], iter[313/392], loss_total:0.21924, loss_equ:0.70390 loss_pq_vm:0.00295 loss_pq_va:0.05113 loss_pv_va:0.06821
INFO|2024-09-25 15:34:53: Epoch[054/100], iter[352/392], loss_total:0.22959, loss_equ:0.71247 loss_pq_vm:0.00299 loss_pq_va:0.05553 loss_pv_va:0.07293
INFO|2024-09-25 15:35:06: Epoch[054/100], iter[392/392], loss_total:0.23893, loss_equ:0.73101 loss_pq_vm:0.00339 loss_pq_va:0.05720 loss_pv_va:0.07475
INFO|2024-09-25 15:35:59: Epoch 53/100, lr:  0.00044296, eta: 2.32h, train_loss:  0.21942, valid_loss:  0.31995
INFO|2024-09-25 15:35:59: 	Train: PQ_Vm_rmse: 0.00481470  PQ_Va_rmse: 0.07072408  PV_Va_rmse: 0.09651852  delta_p: 0.50657199  delta_q: 0.12697284  
INFO|2024-09-25 15:35:59: 	ZTest: PQ_Vm_rmse: 0.00852661  PQ_Va_rmse: 0.10830394  PV_Va_rmse: 0.13483708  delta_p: 0.69893529  delta_q: 0.17548756  
INFO|2024-09-25 15:35:59: 	ZTest-ema: PQ_Vm_rmse: 0.008015  PQ_Va_rmse: 0.104564  PV_Va_rmse: 0.131831  delta_p: 0.683300  delta_q: 0.170795  
INFO|2024-09-25 15:35:59: 	           ValOfEMA:0.131831/0.131452,  Epoch:54/43
INFO|2024-09-25 15:36:00: 	Time(ep):181s,  Val(curr/best):0.134837/0.132074,  Epoch(curr/best):54/39
INFO|2024-09-25 15:36:00: -------------------- Epoch: 55 --------------------
INFO|2024-09-25 15:36:14: Epoch[055/100], iter[040/392], loss_total:0.21153, loss_equ:0.69409 loss_pq_vm:0.00285 loss_pq_va:0.04831 loss_pv_va:0.06534
INFO|2024-09-25 15:36:27: Epoch[055/100], iter[079/392], loss_total:0.20171, loss_equ:0.65782 loss_pq_vm:0.00273 loss_pq_va:0.04591 loss_pv_va:0.06272
INFO|2024-09-25 15:36:40: Epoch[055/100], iter[118/392], loss_total:0.22435, loss_equ:0.67084 loss_pq_vm:0.00328 loss_pq_va:0.05327 loss_pv_va:0.07118
INFO|2024-09-25 15:36:53: Epoch[055/100], iter[157/392], loss_total:0.21577, loss_equ:0.67771 loss_pq_vm:0.00295 loss_pq_va:0.05095 loss_pv_va:0.06754
INFO|2024-09-25 15:37:05: Epoch[055/100], iter[196/392], loss_total:0.20518, loss_equ:0.66278 loss_pq_vm:0.00292 loss_pq_va:0.04687 loss_pv_va:0.06279
INFO|2024-09-25 15:37:18: Epoch[055/100], iter[235/392], loss_total:0.21329, loss_equ:0.68639 loss_pq_vm:0.00272 loss_pq_va:0.05001 loss_pv_va:0.06739
INFO|2024-09-25 15:37:31: Epoch[055/100], iter[274/392], loss_total:0.22123, loss_equ:0.68922 loss_pq_vm:0.00371 loss_pq_va:0.04899 loss_pv_va:0.06623
INFO|2024-09-25 15:37:43: Epoch[055/100], iter[313/392], loss_total:0.22529, loss_equ:0.69166 loss_pq_vm:0.00292 loss_pq_va:0.05445 loss_pv_va:0.07248
INFO|2024-09-25 15:37:56: Epoch[055/100], iter[352/392], loss_total:0.21884, loss_equ:0.69716 loss_pq_vm:0.00317 loss_pq_va:0.05068 loss_pv_va:0.06672
INFO|2024-09-25 15:38:09: Epoch[055/100], iter[392/392], loss_total:0.21756, loss_equ:0.67057 loss_pq_vm:0.00320 loss_pq_va:0.05011 loss_pv_va:0.06837
INFO|2024-09-25 15:39:02: Epoch 54/100, lr:  0.00042756, eta: 2.28h, train_loss:  0.21937, valid_loss:  0.31616
INFO|2024-09-25 15:39:02: 	Train: PQ_Vm_rmse: 0.00481486  PQ_Va_rmse: 0.07063733  PV_Va_rmse: 0.09636110  delta_p: 0.50600936  delta_q: 0.12619398  
INFO|2024-09-25 15:39:02: 	ZTest: PQ_Vm_rmse: 0.00859467  PQ_Va_rmse: 0.10633987  PV_Va_rmse: 0.13323949  delta_p: 0.69279337  delta_q: 0.17598279  
INFO|2024-09-25 15:39:02: 	ZTest-ema: PQ_Vm_rmse: 0.008011  PQ_Va_rmse: 0.104655  PV_Va_rmse: 0.131943  delta_p: 0.682757  delta_q: 0.170629  
INFO|2024-09-25 15:39:02: 	           ValOfEMA:0.131943/0.131452,  Epoch:55/43
INFO|2024-09-25 15:39:03: 	Time(ep):182s,  Val(curr/best):0.133239/0.132074,  Epoch(curr/best):55/39
INFO|2024-09-25 15:39:03: -------------------- Epoch: 56 --------------------
INFO|2024-09-25 15:39:17: Epoch[056/100], iter[040/392], loss_total:0.21352, loss_equ:0.69007 loss_pq_vm:0.00272 loss_pq_va:0.05038 loss_pv_va:0.06695
INFO|2024-09-25 15:39:30: Epoch[056/100], iter[079/392], loss_total:0.20188, loss_equ:0.67056 loss_pq_vm:0.00283 loss_pq_va:0.04537 loss_pv_va:0.06114
INFO|2024-09-25 15:39:43: Epoch[056/100], iter[118/392], loss_total:0.21526, loss_equ:0.67270 loss_pq_vm:0.00288 loss_pq_va:0.05046 loss_pv_va:0.06877
INFO|2024-09-25 15:39:55: Epoch[056/100], iter[157/392], loss_total:0.22153, loss_equ:0.68032 loss_pq_vm:0.00399 loss_pq_va:0.04886 loss_pv_va:0.06478
INFO|2024-09-25 15:40:08: Epoch[056/100], iter[196/392], loss_total:0.21117, loss_equ:0.68413 loss_pq_vm:0.00287 loss_pq_va:0.04939 loss_pv_va:0.06464
INFO|2024-09-25 15:40:21: Epoch[056/100], iter[235/392], loss_total:0.22733, loss_equ:0.69894 loss_pq_vm:0.00348 loss_pq_va:0.05302 loss_pv_va:0.06965
INFO|2024-09-25 15:40:34: Epoch[056/100], iter[274/392], loss_total:0.21424, loss_equ:0.67891 loss_pq_vm:0.00301 loss_pq_va:0.04914 loss_pv_va:0.06714
INFO|2024-09-25 15:40:46: Epoch[056/100], iter[313/392], loss_total:0.23355, loss_equ:0.76357 loss_pq_vm:0.00291 loss_pq_va:0.05350 loss_pv_va:0.07456
INFO|2024-09-25 15:40:59: Epoch[056/100], iter[352/392], loss_total:0.21789, loss_equ:0.67122 loss_pq_vm:0.00290 loss_pq_va:0.05203 loss_pv_va:0.06972
INFO|2024-09-25 15:41:12: Epoch[056/100], iter[392/392], loss_total:0.21768, loss_equ:0.71107 loss_pq_vm:0.00294 loss_pq_va:0.04965 loss_pv_va:0.06752
INFO|2024-09-25 15:42:06: Epoch 55/100, lr:  0.00041225, eta: 2.24h, train_loss:  0.21795, valid_loss:  0.31488
INFO|2024-09-25 15:42:06: 	Train: PQ_Vm_rmse: 0.00475270  PQ_Va_rmse: 0.07021851  PV_Va_rmse: 0.09595530  delta_p: 0.50483357  delta_q: 0.12599831  
INFO|2024-09-25 15:42:06: 	ZTest: PQ_Vm_rmse: 0.00843326  PQ_Va_rmse: 0.10540736  PV_Va_rmse: 0.13340608  delta_p: 0.70220045  delta_q: 0.17641960  
INFO|2024-09-25 15:42:06: 	ZTest-ema: PQ_Vm_rmse: 0.008024  PQ_Va_rmse: 0.104623  PV_Va_rmse: 0.132073  delta_p: 0.684868  delta_q: 0.170862  
INFO|2024-09-25 15:42:06: 	           ValOfEMA:0.132073/0.131452,  Epoch:56/43
INFO|2024-09-25 15:42:07: 	Time(ep):183s,  Val(curr/best):0.133406/0.132074,  Epoch(curr/best):56/39
INFO|2024-09-25 15:42:07: -------------------- Epoch: 57 --------------------
INFO|2024-09-25 15:42:21: Epoch[057/100], iter[040/392], loss_total:0.20960, loss_equ:0.67992 loss_pq_vm:0.00288 loss_pq_va:0.04824 loss_pv_va:0.06459
INFO|2024-09-25 15:42:34: Epoch[057/100], iter[079/392], loss_total:0.21763, loss_equ:0.69501 loss_pq_vm:0.00277 loss_pq_va:0.05080 loss_pv_va:0.06962
INFO|2024-09-25 15:42:47: Epoch[057/100], iter[118/392], loss_total:0.21933, loss_equ:0.67863 loss_pq_vm:0.00325 loss_pq_va:0.05052 loss_pv_va:0.06849
INFO|2024-09-25 15:43:00: Epoch[057/100], iter[157/392], loss_total:0.22516, loss_equ:0.69292 loss_pq_vm:0.00316 loss_pq_va:0.05376 loss_pv_va:0.07052
INFO|2024-09-25 15:43:13: Epoch[057/100], iter[196/392], loss_total:0.21443, loss_equ:0.68577 loss_pq_vm:0.00279 loss_pq_va:0.05027 loss_pv_va:0.06767
INFO|2024-09-25 15:43:26: Epoch[057/100], iter[235/392], loss_total:0.20961, loss_equ:0.67805 loss_pq_vm:0.00263 loss_pq_va:0.04873 loss_pv_va:0.06674
INFO|2024-09-25 15:43:39: Epoch[057/100], iter[274/392], loss_total:0.21618, loss_equ:0.68362 loss_pq_vm:0.00323 loss_pq_va:0.04912 loss_pv_va:0.06640
INFO|2024-09-25 15:43:52: Epoch[057/100], iter[313/392], loss_total:0.23131, loss_equ:0.69138 loss_pq_vm:0.00354 loss_pq_va:0.05418 loss_pv_va:0.07257
INFO|2024-09-25 15:44:04: Epoch[057/100], iter[352/392], loss_total:0.21911, loss_equ:0.68658 loss_pq_vm:0.00293 loss_pq_va:0.05164 loss_pv_va:0.06951
INFO|2024-09-25 15:44:17: Epoch[057/100], iter[392/392], loss_total:0.22376, loss_equ:0.70102 loss_pq_vm:0.00292 loss_pq_va:0.05234 loss_pv_va:0.07208
INFO|2024-09-25 15:45:12: Epoch 56/100, lr:  0.00039702, eta: 2.21h, train_loss:  0.21508, valid_loss:  0.31703
INFO|2024-09-25 15:45:12: 	Train: PQ_Vm_rmse: 0.00468099  PQ_Va_rmse: 0.06957583  PV_Va_rmse: 0.09528762  delta_p: 0.49860349  delta_q: 0.12462508  
INFO|2024-09-25 15:45:12: 	ZTest: PQ_Vm_rmse: 0.00852757  PQ_Va_rmse: 0.10562062  PV_Va_rmse: 0.13359917  delta_p: 0.71439818  delta_q: 0.17905863  
INFO|2024-09-25 15:45:12: 	ZTest-ema: PQ_Vm_rmse: 0.008004  PQ_Va_rmse: 0.104533  PV_Va_rmse: 0.132188  delta_p: 0.687120  delta_q: 0.170886  
INFO|2024-09-25 15:45:12: 	           ValOfEMA:0.132188/0.131452,  Epoch:57/43
INFO|2024-09-25 15:45:13: 	Time(ep):184s,  Val(curr/best):0.133599/0.132074,  Epoch(curr/best):57/39
INFO|2024-09-25 15:45:13: -------------------- Epoch: 58 --------------------
INFO|2024-09-25 15:45:27: Epoch[058/100], iter[040/392], loss_total:0.21734, loss_equ:0.66819 loss_pq_vm:0.00287 loss_pq_va:0.05271 loss_pv_va:0.06909
INFO|2024-09-25 15:45:40: Epoch[058/100], iter[079/392], loss_total:0.22043, loss_equ:0.75140 loss_pq_vm:0.00300 loss_pq_va:0.05097 loss_pv_va:0.06433
INFO|2024-09-25 15:45:53: Epoch[058/100], iter[118/392], loss_total:0.21259, loss_equ:0.65384 loss_pq_vm:0.00309 loss_pq_va:0.05009 loss_pv_va:0.06620
INFO|2024-09-25 15:46:06: Epoch[058/100], iter[157/392], loss_total:0.21911, loss_equ:0.67480 loss_pq_vm:0.00282 loss_pq_va:0.05260 loss_pv_va:0.07079
INFO|2024-09-25 15:46:19: Epoch[058/100], iter[196/392], loss_total:0.22730, loss_equ:0.68357 loss_pq_vm:0.00419 loss_pq_va:0.05018 loss_pv_va:0.06687
INFO|2024-09-25 15:46:32: Epoch[058/100], iter[235/392], loss_total:0.21141, loss_equ:0.65396 loss_pq_vm:0.00310 loss_pq_va:0.04883 loss_pv_va:0.06618
INFO|2024-09-25 15:46:44: Epoch[058/100], iter[274/392], loss_total:0.21184, loss_equ:0.66868 loss_pq_vm:0.00296 loss_pq_va:0.04985 loss_pv_va:0.06548
INFO|2024-09-25 15:46:57: Epoch[058/100], iter[313/392], loss_total:0.21760, loss_equ:0.67610 loss_pq_vm:0.00321 loss_pq_va:0.05080 loss_pv_va:0.06713
INFO|2024-09-25 15:47:10: Epoch[058/100], iter[352/392], loss_total:0.20949, loss_equ:0.65981 loss_pq_vm:0.00284 loss_pq_va:0.04891 loss_pv_va:0.06615
INFO|2024-09-25 15:47:23: Epoch[058/100], iter[392/392], loss_total:0.21870, loss_equ:0.70875 loss_pq_vm:0.00294 loss_pq_va:0.04936 loss_pv_va:0.06902
INFO|2024-09-25 15:48:17: Epoch 57/100, lr:  0.00038190, eta: 2.15h, train_loss:  0.21496, valid_loss:  0.31819
INFO|2024-09-25 15:48:17: 	Train: PQ_Vm_rmse: 0.00468745  PQ_Va_rmse: 0.06928505  PV_Va_rmse: 0.09491417  delta_p: 0.50022530  delta_q: 0.12458732  
INFO|2024-09-25 15:48:17: 	ZTest: PQ_Vm_rmse: 0.00808776  PQ_Va_rmse: 0.10590930  PV_Va_rmse: 0.13581231  delta_p: 0.72391410  delta_q: 0.17730159  
INFO|2024-09-25 15:48:17: 	ZTest-ema: PQ_Vm_rmse: 0.008018  PQ_Va_rmse: 0.104538  PV_Va_rmse: 0.132350  delta_p: 0.687900  delta_q: 0.170932  
INFO|2024-09-25 15:48:17: 	           ValOfEMA:0.132350/0.131452,  Epoch:58/43
INFO|2024-09-25 15:48:18: 	Time(ep):184s,  Val(curr/best):0.135812/0.132074,  Epoch(curr/best):58/39
INFO|2024-09-25 15:48:18: -------------------- Epoch: 59 --------------------
INFO|2024-09-25 15:48:32: Epoch[059/100], iter[040/392], loss_total:0.21941, loss_equ:0.67155 loss_pq_vm:0.00323 loss_pq_va:0.05055 loss_pv_va:0.06941
INFO|2024-09-25 15:48:45: Epoch[059/100], iter[079/392], loss_total:0.21110, loss_equ:0.68352 loss_pq_vm:0.00284 loss_pq_va:0.04850 loss_pv_va:0.06586
INFO|2024-09-25 15:48:58: Epoch[059/100], iter[118/392], loss_total:0.21032, loss_equ:0.67381 loss_pq_vm:0.00311 loss_pq_va:0.04702 loss_pv_va:0.06481
INFO|2024-09-25 15:49:11: Epoch[059/100], iter[157/392], loss_total:0.22613, loss_equ:0.69102 loss_pq_vm:0.00381 loss_pq_va:0.05066 loss_pv_va:0.06826
INFO|2024-09-25 15:49:23: Epoch[059/100], iter[196/392], loss_total:0.21120, loss_equ:0.68161 loss_pq_vm:0.00280 loss_pq_va:0.04859 loss_pv_va:0.06640
INFO|2024-09-25 15:49:36: Epoch[059/100], iter[235/392], loss_total:0.20896, loss_equ:0.67471 loss_pq_vm:0.00281 loss_pq_va:0.04812 loss_pv_va:0.06525
INFO|2024-09-25 15:49:49: Epoch[059/100], iter[274/392], loss_total:0.21183, loss_equ:0.67255 loss_pq_vm:0.00278 loss_pq_va:0.04937 loss_pv_va:0.06742
INFO|2024-09-25 15:50:02: Epoch[059/100], iter[313/392], loss_total:0.21123, loss_equ:0.68315 loss_pq_vm:0.00278 loss_pq_va:0.04949 loss_pv_va:0.06567
INFO|2024-09-25 15:50:15: Epoch[059/100], iter[352/392], loss_total:0.21729, loss_equ:0.67063 loss_pq_vm:0.00312 loss_pq_va:0.05132 loss_pv_va:0.06766
INFO|2024-09-25 15:50:28: Epoch[059/100], iter[392/392], loss_total:0.21726, loss_equ:0.66901 loss_pq_vm:0.00313 loss_pq_va:0.05138 loss_pv_va:0.06765
INFO|2024-09-25 15:51:22: Epoch 58/100, lr:  0.00036690, eta: 2.1h, train_loss:  0.21339, valid_loss:  0.31065
INFO|2024-09-25 15:51:22: 	Train: PQ_Vm_rmse: 0.00463663  PQ_Va_rmse: 0.06905826  PV_Va_rmse: 0.09459634  delta_p: 0.49746325  delta_q: 0.12337047  
INFO|2024-09-25 15:51:22: 	ZTest: PQ_Vm_rmse: 0.00788346  PQ_Va_rmse: 0.10601339  PV_Va_rmse: 0.13390393  delta_p: 0.69349562  delta_q: 0.17386668  
INFO|2024-09-25 15:51:22: 	ZTest-ema: PQ_Vm_rmse: 0.008005  PQ_Va_rmse: 0.104653  PV_Va_rmse: 0.132429  delta_p: 0.686512  delta_q: 0.170555  
INFO|2024-09-25 15:51:22: 	           ValOfEMA:0.132429/0.131452,  Epoch:59/43
INFO|2024-09-25 15:51:22: 	Time(ep):184s,  Val(curr/best):0.133904/0.132074,  Epoch(curr/best):59/39
INFO|2024-09-25 15:51:22: -------------------- Epoch: 60 --------------------
INFO|2024-09-25 15:51:37: Epoch[060/100], iter[040/392], loss_total:0.21061, loss_equ:0.66011 loss_pq_vm:0.00292 loss_pq_va:0.04993 loss_pv_va:0.06550
INFO|2024-09-25 15:51:50: Epoch[060/100], iter[079/392], loss_total:0.21118, loss_equ:0.65725 loss_pq_vm:0.00291 loss_pq_va:0.04991 loss_pv_va:0.06649
INFO|2024-09-25 15:52:02: Epoch[060/100], iter[118/392], loss_total:0.19914, loss_equ:0.64042 loss_pq_vm:0.00277 loss_pq_va:0.04572 loss_pv_va:0.06173
INFO|2024-09-25 15:52:16: Epoch[060/100], iter[157/392], loss_total:0.22226, loss_equ:0.69795 loss_pq_vm:0.00365 loss_pq_va:0.04865 loss_pv_va:0.06727
INFO|2024-09-25 15:52:28: Epoch[060/100], iter[196/392], loss_total:0.21910, loss_equ:0.68235 loss_pq_vm:0.00337 loss_pq_va:0.04963 loss_pv_va:0.06754
INFO|2024-09-25 15:52:41: Epoch[060/100], iter[235/392], loss_total:0.20539, loss_equ:0.65229 loss_pq_vm:0.00315 loss_pq_va:0.04697 loss_pv_va:0.06170
INFO|2024-09-25 15:52:54: Epoch[060/100], iter[274/392], loss_total:0.20134, loss_equ:0.65584 loss_pq_vm:0.00256 loss_pq_va:0.04586 loss_pv_va:0.06430
INFO|2024-09-25 15:53:07: Epoch[060/100], iter[313/392], loss_total:0.22473, loss_equ:0.68831 loss_pq_vm:0.00375 loss_pq_va:0.05017 loss_pv_va:0.06818
INFO|2024-09-25 15:53:19: Epoch[060/100], iter[352/392], loss_total:0.21933, loss_equ:0.69719 loss_pq_vm:0.00305 loss_pq_va:0.05079 loss_pv_va:0.06827
INFO|2024-09-25 15:53:33: Epoch[060/100], iter[392/392], loss_total:0.20832, loss_equ:0.68103 loss_pq_vm:0.00275 loss_pq_va:0.04755 loss_pv_va:0.06515
INFO|2024-09-25 15:54:26: Epoch 59/100, lr:  0.00035204, eta: 2.04h, train_loss:  0.21210, valid_loss:  0.31230
INFO|2024-09-25 15:54:26: 	Train: PQ_Vm_rmse: 0.00462700  PQ_Va_rmse: 0.06871329  PV_Va_rmse: 0.09414660  delta_p: 0.49341302  delta_q: 0.12210576  
INFO|2024-09-25 15:54:26: 	ZTest: PQ_Vm_rmse: 0.00785675  PQ_Va_rmse: 0.10524597  PV_Va_rmse: 0.13393408  delta_p: 0.70657058  delta_q: 0.17475116  
INFO|2024-09-25 15:54:26: 	ZTest-ema: PQ_Vm_rmse: 0.008005  PQ_Va_rmse: 0.104684  PV_Va_rmse: 0.132606  delta_p: 0.689000  delta_q: 0.170508  
INFO|2024-09-25 15:54:26: 	           ValOfEMA:0.132606/0.131452,  Epoch:60/43
INFO|2024-09-25 15:54:27: 	Time(ep):183s,  Val(curr/best):0.133934/0.132074,  Epoch(curr/best):60/39
INFO|2024-09-25 15:54:27: -------------------- Epoch: 61 --------------------
INFO|2024-09-25 15:54:41: Epoch[061/100], iter[040/392], loss_total:0.21638, loss_equ:0.71751 loss_pq_vm:0.00289 loss_pq_va:0.04935 loss_pv_va:0.06641
INFO|2024-09-25 15:54:54: Epoch[061/100], iter[079/392], loss_total:0.20829, loss_equ:0.66362 loss_pq_vm:0.00270 loss_pq_va:0.04981 loss_pv_va:0.06511
INFO|2024-09-25 15:55:07: Epoch[061/100], iter[118/392], loss_total:0.20818, loss_equ:0.66550 loss_pq_vm:0.00279 loss_pq_va:0.04850 loss_pv_va:0.06523
INFO|2024-09-25 15:55:20: Epoch[061/100], iter[157/392], loss_total:0.20625, loss_equ:0.66184 loss_pq_vm:0.00296 loss_pq_va:0.04768 loss_pv_va:0.06281
INFO|2024-09-25 15:55:32: Epoch[061/100], iter[196/392], loss_total:0.20915, loss_equ:0.63925 loss_pq_vm:0.00290 loss_pq_va:0.04944 loss_pv_va:0.06675
INFO|2024-09-25 15:55:45: Epoch[061/100], iter[235/392], loss_total:0.20894, loss_equ:0.67027 loss_pq_vm:0.00317 loss_pq_va:0.04727 loss_pv_va:0.06290
INFO|2024-09-25 15:55:58: Epoch[061/100], iter[274/392], loss_total:0.21389, loss_equ:0.67083 loss_pq_vm:0.00280 loss_pq_va:0.05089 loss_pv_va:0.06794
INFO|2024-09-25 15:56:11: Epoch[061/100], iter[313/392], loss_total:0.21781, loss_equ:0.67360 loss_pq_vm:0.00298 loss_pq_va:0.05198 loss_pv_va:0.06869
INFO|2024-09-25 15:56:23: Epoch[061/100], iter[352/392], loss_total:0.22382, loss_equ:0.68764 loss_pq_vm:0.00314 loss_pq_va:0.05287 loss_pv_va:0.07083
INFO|2024-09-25 15:56:37: Epoch[061/100], iter[392/392], loss_total:0.21509, loss_equ:0.68472 loss_pq_vm:0.00278 loss_pq_va:0.05012 loss_pv_va:0.06869
INFO|2024-09-25 15:57:31: Epoch 60/100, lr:  0.00033732, eta: 1.99h, train_loss:  0.21087, valid_loss:  0.31178
INFO|2024-09-25 15:57:31: 	Train: PQ_Vm_rmse: 0.00459454  PQ_Va_rmse: 0.06825374  PV_Va_rmse: 0.09356611  delta_p: 0.49345854  delta_q: 0.12210777  
INFO|2024-09-25 15:57:31: 	ZTest: PQ_Vm_rmse: 0.00808274  PQ_Va_rmse: 0.10552263  PV_Va_rmse: 0.13422502  delta_p: 0.70754729  delta_q: 0.17525904  
INFO|2024-09-25 15:57:31: 	ZTest-ema: PQ_Vm_rmse: 0.007992  PQ_Va_rmse: 0.104734  PV_Va_rmse: 0.132854  delta_p: 0.690032  delta_q: 0.170748  
INFO|2024-09-25 15:57:31: 	           ValOfEMA:0.132854/0.131452,  Epoch:61/43
INFO|2024-09-25 15:57:31: 	Time(ep):183s,  Val(curr/best):0.134225/0.132074,  Epoch(curr/best):61/39
INFO|2024-09-25 15:57:31: -------------------- Epoch: 62 --------------------
INFO|2024-09-25 15:57:46: Epoch[062/100], iter[040/392], loss_total:0.20922, loss_equ:0.65329 loss_pq_vm:0.00299 loss_pq_va:0.04998 loss_pv_va:0.06401
INFO|2024-09-25 15:57:59: Epoch[062/100], iter[079/392], loss_total:0.20145, loss_equ:0.66509 loss_pq_vm:0.00269 loss_pq_va:0.04631 loss_pv_va:0.06175
INFO|2024-09-25 15:58:11: Epoch[062/100], iter[118/392], loss_total:0.21220, loss_equ:0.67794 loss_pq_vm:0.00314 loss_pq_va:0.04781 loss_pv_va:0.06523
INFO|2024-09-25 15:58:24: Epoch[062/100], iter[157/392], loss_total:0.21028, loss_equ:0.67001 loss_pq_vm:0.00283 loss_pq_va:0.04841 loss_pv_va:0.06656
INFO|2024-09-25 15:58:37: Epoch[062/100], iter[196/392], loss_total:0.22257, loss_equ:0.67875 loss_pq_vm:0.00286 loss_pq_va:0.05423 loss_pv_va:0.07182
INFO|2024-09-25 15:58:50: Epoch[062/100], iter[235/392], loss_total:0.20717, loss_equ:0.68741 loss_pq_vm:0.00302 loss_pq_va:0.04486 loss_pv_va:0.06341
INFO|2024-09-25 15:59:02: Epoch[062/100], iter[274/392], loss_total:0.20613, loss_equ:0.64703 loss_pq_vm:0.00294 loss_pq_va:0.04880 loss_pv_va:0.06323
INFO|2024-09-25 15:59:15: Epoch[062/100], iter[313/392], loss_total:0.21063, loss_equ:0.66856 loss_pq_vm:0.00298 loss_pq_va:0.04831 loss_pv_va:0.06564
INFO|2024-09-25 15:59:28: Epoch[062/100], iter[352/392], loss_total:0.21928, loss_equ:0.68859 loss_pq_vm:0.00298 loss_pq_va:0.05126 loss_pv_va:0.06936
INFO|2024-09-25 15:59:41: Epoch[062/100], iter[392/392], loss_total:0.20764, loss_equ:0.63943 loss_pq_vm:0.00295 loss_pq_va:0.04917 loss_pv_va:0.06505
INFO|2024-09-25 16:00:35: Epoch 61/100, lr:  0.00032278, eta: 1.94h, train_loss:  0.20993, valid_loss:  0.31434
INFO|2024-09-25 16:00:35: 	Train: PQ_Vm_rmse: 0.00454656  PQ_Va_rmse: 0.06810023  PV_Va_rmse: 0.09336880  delta_p: 0.49190213  delta_q: 0.12158973  
INFO|2024-09-25 16:00:35: 	ZTest: PQ_Vm_rmse: 0.00804134  PQ_Va_rmse: 0.10488993  PV_Va_rmse: 0.13434224  delta_p: 0.71764184  delta_q: 0.17693767  
INFO|2024-09-25 16:00:35: 	ZTest-ema: PQ_Vm_rmse: 0.007998  PQ_Va_rmse: 0.104862  PV_Va_rmse: 0.133039  delta_p: 0.689227  delta_q: 0.170631  
INFO|2024-09-25 16:00:35: 	           ValOfEMA:0.133039/0.131452,  Epoch:62/43
INFO|2024-09-25 16:00:36: 	Time(ep):183s,  Val(curr/best):0.134342/0.132074,  Epoch(curr/best):62/39
INFO|2024-09-25 16:00:36: -------------------- Epoch: 63 --------------------
INFO|2024-09-25 16:00:50: Epoch[063/100], iter[040/392], loss_total:0.20228, loss_equ:0.65460 loss_pq_vm:0.00290 loss_pq_va:0.04578 loss_pv_va:0.06203
INFO|2024-09-25 16:01:03: Epoch[063/100], iter[079/392], loss_total:0.21553, loss_equ:0.69044 loss_pq_vm:0.00290 loss_pq_va:0.05038 loss_pv_va:0.06713
INFO|2024-09-25 16:01:16: Epoch[063/100], iter[118/392], loss_total:0.21181, loss_equ:0.67241 loss_pq_vm:0.00293 loss_pq_va:0.04865 loss_pv_va:0.06658
INFO|2024-09-25 16:01:28: Epoch[063/100], iter[157/392], loss_total:0.20735, loss_equ:0.66628 loss_pq_vm:0.00307 loss_pq_va:0.04700 loss_pv_va:0.06300
INFO|2024-09-25 16:01:41: Epoch[063/100], iter[196/392], loss_total:0.21487, loss_equ:0.68034 loss_pq_vm:0.00299 loss_pq_va:0.05028 loss_pv_va:0.06661
INFO|2024-09-25 16:01:54: Epoch[063/100], iter[235/392], loss_total:0.23633, loss_equ:0.70137 loss_pq_vm:0.00302 loss_pq_va:0.05841 loss_pv_va:0.07755
INFO|2024-09-25 16:02:07: Epoch[063/100], iter[274/392], loss_total:0.21363, loss_equ:0.67300 loss_pq_vm:0.00286 loss_pq_va:0.05018 loss_pv_va:0.06753
INFO|2024-09-25 16:02:19: Epoch[063/100], iter[313/392], loss_total:0.20547, loss_equ:0.65143 loss_pq_vm:0.00285 loss_pq_va:0.04790 loss_pv_va:0.06393
INFO|2024-09-25 16:02:32: Epoch[063/100], iter[352/392], loss_total:0.20499, loss_equ:0.65461 loss_pq_vm:0.00306 loss_pq_va:0.04668 loss_pv_va:0.06228
INFO|2024-09-25 16:02:45: Epoch[063/100], iter[392/392], loss_total:0.20622, loss_equ:0.65922 loss_pq_vm:0.00278 loss_pq_va:0.04808 loss_pv_va:0.06441
INFO|2024-09-25 16:03:39: Epoch 62/100, lr:  0.00030841, eta: 1.88h, train_loss:  0.20956, valid_loss:  0.31222
INFO|2024-09-25 16:03:39: 	Train: PQ_Vm_rmse: 0.00457039  PQ_Va_rmse: 0.06790068  PV_Va_rmse: 0.09311589  delta_p: 0.48756977  delta_q: 0.12194332  
INFO|2024-09-25 16:03:39: 	ZTest: PQ_Vm_rmse: 0.00800990  PQ_Va_rmse: 0.10556376  PV_Va_rmse: 0.13414490  delta_p: 0.71438539  delta_q: 0.17700248  
INFO|2024-09-25 16:03:39: 	ZTest-ema: PQ_Vm_rmse: 0.007993  PQ_Va_rmse: 0.104904  PV_Va_rmse: 0.133310  delta_p: 0.690213  delta_q: 0.170282  
INFO|2024-09-25 16:03:39: 	           ValOfEMA:0.133310/0.131452,  Epoch:63/43
INFO|2024-09-25 16:03:39: 	Time(ep):182s,  Val(curr/best):0.134145/0.132074,  Epoch(curr/best):63/39
INFO|2024-09-25 16:03:39: -------------------- Epoch: 64 --------------------
INFO|2024-09-25 16:03:53: Epoch[064/100], iter[040/392], loss_total:0.21579, loss_equ:0.68384 loss_pq_vm:0.00290 loss_pq_va:0.05053 loss_pv_va:0.06791
INFO|2024-09-25 16:04:06: Epoch[064/100], iter[079/392], loss_total:0.21030, loss_equ:0.67699 loss_pq_vm:0.00258 loss_pq_va:0.04933 loss_pv_va:0.06750
INFO|2024-09-25 16:04:19: Epoch[064/100], iter[118/392], loss_total:0.21996, loss_equ:0.66940 loss_pq_vm:0.00291 loss_pq_va:0.05371 loss_pv_va:0.07022
INFO|2024-09-25 16:04:32: Epoch[064/100], iter[157/392], loss_total:0.20804, loss_equ:0.66833 loss_pq_vm:0.00290 loss_pq_va:0.04808 loss_pv_va:0.06407
INFO|2024-09-25 16:04:45: Epoch[064/100], iter[196/392], loss_total:0.20601, loss_equ:0.64751 loss_pq_vm:0.00295 loss_pq_va:0.04793 loss_pv_va:0.06383
INFO|2024-09-25 16:04:58: Epoch[064/100], iter[235/392], loss_total:0.20724, loss_equ:0.65524 loss_pq_vm:0.00274 loss_pq_va:0.04870 loss_pv_va:0.06558
INFO|2024-09-25 16:05:11: Epoch[064/100], iter[274/392], loss_total:0.22364, loss_equ:0.67946 loss_pq_vm:0.00298 loss_pq_va:0.05261 loss_pv_va:0.07331
INFO|2024-09-25 16:05:24: Epoch[064/100], iter[313/392], loss_total:0.20460, loss_equ:0.67490 loss_pq_vm:0.00284 loss_pq_va:0.04621 loss_pv_va:0.06253
INFO|2024-09-25 16:05:36: Epoch[064/100], iter[352/392], loss_total:0.21043, loss_equ:0.67197 loss_pq_vm:0.00264 loss_pq_va:0.04943 loss_pv_va:0.06736
INFO|2024-09-25 16:05:49: Epoch[064/100], iter[392/392], loss_total:0.20771, loss_equ:0.65933 loss_pq_vm:0.00293 loss_pq_va:0.04757 loss_pv_va:0.06493
INFO|2024-09-25 16:06:43: Epoch 63/100, lr:  0.00029424, eta: 1.84h, train_loss:  0.20720, valid_loss:  0.31295
INFO|2024-09-25 16:06:43: 	Train: PQ_Vm_rmse: 0.00448601  PQ_Va_rmse: 0.06738730  PV_Va_rmse: 0.09249635  delta_p: 0.48563509  delta_q: 0.11998659  
INFO|2024-09-25 16:06:43: 	ZTest: PQ_Vm_rmse: 0.00806117  PQ_Va_rmse: 0.10530545  PV_Va_rmse: 0.13437350  delta_p: 0.70871932  delta_q: 0.17741722  
INFO|2024-09-25 16:06:43: 	ZTest-ema: PQ_Vm_rmse: 0.007982  PQ_Va_rmse: 0.104801  PV_Va_rmse: 0.133246  delta_p: 0.692110  delta_q: 0.170556  
INFO|2024-09-25 16:06:43: 	           ValOfEMA:0.133246/0.131452,  Epoch:64/43
INFO|2024-09-25 16:06:44: 	Time(ep):183s,  Val(curr/best):0.134374/0.132074,  Epoch(curr/best):64/39
INFO|2024-09-25 16:06:44: -------------------- Epoch: 65 --------------------
INFO|2024-09-25 16:06:58: Epoch[065/100], iter[040/392], loss_total:0.20748, loss_equ:0.67286 loss_pq_vm:0.00279 loss_pq_va:0.04717 loss_pv_va:0.06512
INFO|2024-09-25 16:07:11: Epoch[065/100], iter[079/392], loss_total:0.20584, loss_equ:0.65177 loss_pq_vm:0.00282 loss_pq_va:0.04817 loss_pv_va:0.06430
INFO|2024-09-25 16:07:24: Epoch[065/100], iter[118/392], loss_total:0.20678, loss_equ:0.65084 loss_pq_vm:0.00262 loss_pq_va:0.04948 loss_pv_va:0.06599
INFO|2024-09-25 16:07:36: Epoch[065/100], iter[157/392], loss_total:0.21785, loss_equ:0.66299 loss_pq_vm:0.00369 loss_pq_va:0.04990 loss_pv_va:0.06472
INFO|2024-09-25 16:07:49: Epoch[065/100], iter[196/392], loss_total:0.20220, loss_equ:0.64719 loss_pq_vm:0.00285 loss_pq_va:0.04625 loss_pv_va:0.06274
INFO|2024-09-25 16:08:02: Epoch[065/100], iter[235/392], loss_total:0.20986, loss_equ:0.68029 loss_pq_vm:0.00287 loss_pq_va:0.04838 loss_pv_va:0.06476
INFO|2024-09-25 16:08:15: Epoch[065/100], iter[274/392], loss_total:0.20545, loss_equ:0.65068 loss_pq_vm:0.00284 loss_pq_va:0.04837 loss_pv_va:0.06363
INFO|2024-09-25 16:08:28: Epoch[065/100], iter[313/392], loss_total:0.20772, loss_equ:0.65832 loss_pq_vm:0.00292 loss_pq_va:0.04771 loss_pv_va:0.06501
INFO|2024-09-25 16:08:40: Epoch[065/100], iter[352/392], loss_total:0.20626, loss_equ:0.66915 loss_pq_vm:0.00270 loss_pq_va:0.04740 loss_pv_va:0.06490
INFO|2024-09-25 16:08:53: Epoch[065/100], iter[392/392], loss_total:0.21007, loss_equ:0.65251 loss_pq_vm:0.00279 loss_pq_va:0.05074 loss_pv_va:0.06621
INFO|2024-09-25 16:09:47: Epoch 64/100, lr:  0.00028027, eta: 1.78h, train_loss:  0.20616, valid_loss:  0.31620
INFO|2024-09-25 16:09:47: 	Train: PQ_Vm_rmse: 0.00449683  PQ_Va_rmse: 0.06696496  PV_Va_rmse: 0.09198446  delta_p: 0.48316860  delta_q: 0.11957497  
INFO|2024-09-25 16:09:47: 	ZTest: PQ_Vm_rmse: 0.00844655  PQ_Va_rmse: 0.10672967  PV_Va_rmse: 0.13504858  delta_p: 0.70681791  delta_q: 0.17388305  
INFO|2024-09-25 16:09:47: 	ZTest-ema: PQ_Vm_rmse: 0.007993  PQ_Va_rmse: 0.104929  PV_Va_rmse: 0.133662  delta_p: 0.694181  delta_q: 0.170657  
INFO|2024-09-25 16:09:47: 	           ValOfEMA:0.133662/0.131452,  Epoch:65/43
INFO|2024-09-25 16:09:48: 	Time(ep):183s,  Val(curr/best):0.135049/0.132074,  Epoch(curr/best):65/39
INFO|2024-09-25 16:09:48: -------------------- Epoch: 66 --------------------
INFO|2024-09-25 16:10:02: Epoch[066/100], iter[040/392], loss_total:0.19389, loss_equ:0.64723 loss_pq_vm:0.00253 loss_pq_va:0.04357 loss_pv_va:0.06033
INFO|2024-09-25 16:10:15: Epoch[066/100], iter[079/392], loss_total:0.19656, loss_equ:0.63804 loss_pq_vm:0.00264 loss_pq_va:0.04543 loss_pv_va:0.06094
INFO|2024-09-25 16:10:28: Epoch[066/100], iter[118/392], loss_total:0.19302, loss_equ:0.64119 loss_pq_vm:0.00264 loss_pq_va:0.04296 loss_pv_va:0.05949
INFO|2024-09-25 16:10:40: Epoch[066/100], iter[157/392], loss_total:0.20423, loss_equ:0.66098 loss_pq_vm:0.00268 loss_pq_va:0.04701 loss_pv_va:0.06431
INFO|2024-09-25 16:10:53: Epoch[066/100], iter[196/392], loss_total:0.19467, loss_equ:0.62426 loss_pq_vm:0.00260 loss_pq_va:0.04569 loss_pv_va:0.06058
INFO|2024-09-25 16:11:06: Epoch[066/100], iter[235/392], loss_total:0.22255, loss_equ:0.69718 loss_pq_vm:0.00405 loss_pq_va:0.04722 loss_pv_va:0.06512
INFO|2024-09-25 16:11:18: Epoch[066/100], iter[274/392], loss_total:0.20848, loss_equ:0.66676 loss_pq_vm:0.00284 loss_pq_va:0.04827 loss_pv_va:0.06511
INFO|2024-09-25 16:11:31: Epoch[066/100], iter[313/392], loss_total:0.20981, loss_equ:0.66116 loss_pq_vm:0.00285 loss_pq_va:0.04927 loss_pv_va:0.06594
INFO|2024-09-25 16:11:44: Epoch[066/100], iter[352/392], loss_total:0.20036, loss_equ:0.64826 loss_pq_vm:0.00278 loss_pq_va:0.04532 loss_pv_va:0.06239
INFO|2024-09-25 16:11:57: Epoch[066/100], iter[392/392], loss_total:0.20989, loss_equ:0.66636 loss_pq_vm:0.00268 loss_pq_va:0.04919 loss_pv_va:0.06730
INFO|2024-09-25 16:12:50: Epoch 65/100, lr:  0.00026653, eta: 1.72h, train_loss:  0.20476, valid_loss:  0.31220
INFO|2024-09-25 16:12:50: 	Train: PQ_Vm_rmse: 0.00443985  PQ_Va_rmse: 0.06651626  PV_Va_rmse: 0.09147616  delta_p: 0.48247222  delta_q: 0.11924593  
INFO|2024-09-25 16:12:50: 	ZTest: PQ_Vm_rmse: 0.00796257  PQ_Va_rmse: 0.10661288  PV_Va_rmse: 0.13541400  delta_p: 0.70891052  delta_q: 0.17845688  
INFO|2024-09-25 16:12:50: 	ZTest-ema: PQ_Vm_rmse: 0.007966  PQ_Va_rmse: 0.104978  PV_Va_rmse: 0.133844  delta_p: 0.696024  delta_q: 0.170743  
INFO|2024-09-25 16:12:50: 	           ValOfEMA:0.133844/0.131452,  Epoch:66/43
INFO|2024-09-25 16:12:51: 	Time(ep):182s,  Val(curr/best):0.135414/0.132074,  Epoch(curr/best):66/39
INFO|2024-09-25 16:12:51: -------------------- Epoch: 67 --------------------
INFO|2024-09-25 16:13:05: Epoch[067/100], iter[040/392], loss_total:0.21009, loss_equ:0.66815 loss_pq_vm:0.00284 loss_pq_va:0.04900 loss_pv_va:0.06591
INFO|2024-09-25 16:13:18: Epoch[067/100], iter[079/392], loss_total:0.20213, loss_equ:0.64924 loss_pq_vm:0.00266 loss_pq_va:0.04734 loss_pv_va:0.06327
INFO|2024-09-25 16:13:31: Epoch[067/100], iter[118/392], loss_total:0.19174, loss_equ:0.65355 loss_pq_vm:0.00240 loss_pq_va:0.04291 loss_pv_va:0.05944
INFO|2024-09-25 16:13:44: Epoch[067/100], iter[157/392], loss_total:0.19650, loss_equ:0.63340 loss_pq_vm:0.00284 loss_pq_va:0.04475 loss_pv_va:0.06004
INFO|2024-09-25 16:13:56: Epoch[067/100], iter[196/392], loss_total:0.21151, loss_equ:0.68267 loss_pq_vm:0.00344 loss_pq_va:0.04553 loss_pv_va:0.06329
INFO|2024-09-25 16:14:09: Epoch[067/100], iter[235/392], loss_total:0.20620, loss_equ:0.67031 loss_pq_vm:0.00289 loss_pq_va:0.04643 loss_pv_va:0.06381
INFO|2024-09-25 16:14:22: Epoch[067/100], iter[274/392], loss_total:0.19967, loss_equ:0.65683 loss_pq_vm:0.00277 loss_pq_va:0.04500 loss_pv_va:0.06132
INFO|2024-09-25 16:14:35: Epoch[067/100], iter[313/392], loss_total:0.20031, loss_equ:0.64379 loss_pq_vm:0.00288 loss_pq_va:0.04626 loss_pv_va:0.06091
INFO|2024-09-25 16:14:48: Epoch[067/100], iter[352/392], loss_total:0.19720, loss_equ:0.65230 loss_pq_vm:0.00268 loss_pq_va:0.04460 loss_pv_va:0.06059
INFO|2024-09-25 16:15:01: Epoch[067/100], iter[392/392], loss_total:0.20366, loss_equ:0.65321 loss_pq_vm:0.00272 loss_pq_va:0.04671 loss_pv_va:0.06445
INFO|2024-09-25 16:15:55: Epoch 66/100, lr:  0.00025302, eta: 1.68h, train_loss:  0.20366, valid_loss:  0.31294
INFO|2024-09-25 16:15:55: 	Train: PQ_Vm_rmse: 0.00441571  PQ_Va_rmse: 0.06622721  PV_Va_rmse: 0.09114407  delta_p: 0.48060138  delta_q: 0.11829396  
INFO|2024-09-25 16:15:55: 	ZTest: PQ_Vm_rmse: 0.00787193  PQ_Va_rmse: 0.10563616  PV_Va_rmse: 0.13574355  delta_p: 0.71535138  delta_q: 0.17406234  
INFO|2024-09-25 16:15:55: 	ZTest-ema: PQ_Vm_rmse: 0.007988  PQ_Va_rmse: 0.105089  PV_Va_rmse: 0.134067  delta_p: 0.695956  delta_q: 0.170633  
INFO|2024-09-25 16:15:55: 	           ValOfEMA:0.134067/0.131452,  Epoch:67/43
INFO|2024-09-25 16:15:55: 	Time(ep):183s,  Val(curr/best):0.135744/0.132074,  Epoch(curr/best):67/39
INFO|2024-09-25 16:15:55: -------------------- Epoch: 68 --------------------
INFO|2024-09-25 16:16:09: Epoch[068/100], iter[040/392], loss_total:0.21116, loss_equ:0.66575 loss_pq_vm:0.00285 loss_pq_va:0.04957 loss_pv_va:0.06655
INFO|2024-09-25 16:16:22: Epoch[068/100], iter[079/392], loss_total:0.20319, loss_equ:0.64176 loss_pq_vm:0.00262 loss_pq_va:0.04776 loss_pv_va:0.06509
INFO|2024-09-25 16:16:35: Epoch[068/100], iter[118/392], loss_total:0.20839, loss_equ:0.67272 loss_pq_vm:0.00313 loss_pq_va:0.04599 loss_pv_va:0.06383
INFO|2024-09-25 16:16:48: Epoch[068/100], iter[157/392], loss_total:0.20344, loss_equ:0.64737 loss_pq_vm:0.00286 loss_pq_va:0.04715 loss_pv_va:0.06290
INFO|2024-09-25 16:17:01: Epoch[068/100], iter[196/392], loss_total:0.19889, loss_equ:0.64399 loss_pq_vm:0.00275 loss_pq_va:0.04539 loss_pv_va:0.06160
INFO|2024-09-25 16:17:14: Epoch[068/100], iter[235/392], loss_total:0.21009, loss_equ:0.64475 loss_pq_vm:0.00293 loss_pq_va:0.05016 loss_pv_va:0.06612
INFO|2024-09-25 16:17:27: Epoch[068/100], iter[274/392], loss_total:0.20032, loss_equ:0.64950 loss_pq_vm:0.00259 loss_pq_va:0.04643 loss_pv_va:0.06300
INFO|2024-09-25 16:17:39: Epoch[068/100], iter[313/392], loss_total:0.20827, loss_equ:0.66919 loss_pq_vm:0.00279 loss_pq_va:0.04802 loss_pv_va:0.06540
INFO|2024-09-25 16:17:52: Epoch[068/100], iter[352/392], loss_total:0.19896, loss_equ:0.64633 loss_pq_vm:0.00272 loss_pq_va:0.04569 loss_pv_va:0.06147
INFO|2024-09-25 16:18:05: Epoch[068/100], iter[392/392], loss_total:0.20489, loss_equ:0.64972 loss_pq_vm:0.00275 loss_pq_va:0.04793 loss_pv_va:0.06449
INFO|2024-09-25 16:18:59: Epoch 67/100, lr:  0.00023977, eta: 1.63h, train_loss:  0.20248, valid_loss:  0.31193
INFO|2024-09-25 16:18:59: 	Train: PQ_Vm_rmse: 0.00439166  PQ_Va_rmse: 0.06584061  PV_Va_rmse: 0.09059907  delta_p: 0.47912756  delta_q: 0.11834851  
INFO|2024-09-25 16:18:59: 	ZTest: PQ_Vm_rmse: 0.00810826  PQ_Va_rmse: 0.10572623  PV_Va_rmse: 0.13496239  delta_p: 0.70708360  delta_q: 0.17433735  
INFO|2024-09-25 16:18:59: 	ZTest-ema: PQ_Vm_rmse: 0.007965  PQ_Va_rmse: 0.105115  PV_Va_rmse: 0.134232  delta_p: 0.698097  delta_q: 0.170612  
INFO|2024-09-25 16:18:59: 	           ValOfEMA:0.134232/0.131452,  Epoch:68/43
INFO|2024-09-25 16:19:00: 	Time(ep):183s,  Val(curr/best):0.134962/0.132074,  Epoch(curr/best):68/39
INFO|2024-09-25 16:19:00: -------------------- Epoch: 69 --------------------
INFO|2024-09-25 16:19:14: Epoch[069/100], iter[040/392], loss_total:0.19526, loss_equ:0.63933 loss_pq_vm:0.00280 loss_pq_va:0.04502 loss_pv_va:0.05830
INFO|2024-09-25 16:19:27: Epoch[069/100], iter[079/392], loss_total:0.20169, loss_equ:0.64131 loss_pq_vm:0.00282 loss_pq_va:0.04726 loss_pv_va:0.06206
INFO|2024-09-25 16:19:40: Epoch[069/100], iter[118/392], loss_total:0.19949, loss_equ:0.63551 loss_pq_vm:0.00251 loss_pq_va:0.04739 loss_pv_va:0.06345
INFO|2024-09-25 16:19:53: Epoch[069/100], iter[157/392], loss_total:0.20339, loss_equ:0.66188 loss_pq_vm:0.00273 loss_pq_va:0.04738 loss_pv_va:0.06256
INFO|2024-09-25 16:20:05: Epoch[069/100], iter[196/392], loss_total:0.19486, loss_equ:0.62684 loss_pq_vm:0.00286 loss_pq_va:0.04335 loss_pv_va:0.06023
INFO|2024-09-25 16:20:18: Epoch[069/100], iter[235/392], loss_total:0.20282, loss_equ:0.64212 loss_pq_vm:0.00255 loss_pq_va:0.04753 loss_pv_va:0.06561
INFO|2024-09-25 16:20:31: Epoch[069/100], iter[274/392], loss_total:0.19455, loss_equ:0.62294 loss_pq_vm:0.00267 loss_pq_va:0.04602 loss_pv_va:0.05952
INFO|2024-09-25 16:20:44: Epoch[069/100], iter[313/392], loss_total:0.20784, loss_equ:0.64463 loss_pq_vm:0.00296 loss_pq_va:0.04910 loss_pv_va:0.06468
INFO|2024-09-25 16:20:56: Epoch[069/100], iter[352/392], loss_total:0.20552, loss_equ:0.65984 loss_pq_vm:0.00275 loss_pq_va:0.04761 loss_pv_va:0.06444
INFO|2024-09-25 16:21:09: Epoch[069/100], iter[392/392], loss_total:0.20058, loss_equ:0.63837 loss_pq_vm:0.00255 loss_pq_va:0.04740 loss_pv_va:0.06385
INFO|2024-09-25 16:22:03: Epoch 68/100, lr:  0.00022677, eta: 1.58h, train_loss:  0.20129, valid_loss:  0.31348
INFO|2024-09-25 16:22:03: 	Train: PQ_Vm_rmse: 0.00437456  PQ_Va_rmse: 0.06559710  PV_Va_rmse: 0.09024174  delta_p: 0.47641750  delta_q: 0.11729692  
INFO|2024-09-25 16:22:03: 	ZTest: PQ_Vm_rmse: 0.00789108  PQ_Va_rmse: 0.10687946  PV_Va_rmse: 0.13696152  delta_p: 0.70620910  delta_q: 0.17253849  
INFO|2024-09-25 16:22:03: 	ZTest-ema: PQ_Vm_rmse: 0.007975  PQ_Va_rmse: 0.105232  PV_Va_rmse: 0.134595  delta_p: 0.699499  delta_q: 0.170827  
INFO|2024-09-25 16:22:03: 	           ValOfEMA:0.134595/0.131452,  Epoch:69/43
INFO|2024-09-25 16:22:03: 	Time(ep):183s,  Val(curr/best):0.136962/0.132074,  Epoch(curr/best):69/39
INFO|2024-09-25 16:22:03: -------------------- Epoch: 70 --------------------
INFO|2024-09-25 16:22:17: Epoch[070/100], iter[040/392], loss_total:0.20791, loss_equ:0.65148 loss_pq_vm:0.00301 loss_pq_va:0.04860 loss_pv_va:0.06403
INFO|2024-09-25 16:22:30: Epoch[070/100], iter[079/392], loss_total:0.19838, loss_equ:0.63887 loss_pq_vm:0.00269 loss_pq_va:0.04560 loss_pv_va:0.06196
INFO|2024-09-25 16:22:43: Epoch[070/100], iter[118/392], loss_total:0.20174, loss_equ:0.65391 loss_pq_vm:0.00274 loss_pq_va:0.04615 loss_pv_va:0.06281
INFO|2024-09-25 16:22:56: Epoch[070/100], iter[157/392], loss_total:0.19999, loss_equ:0.63885 loss_pq_vm:0.00288 loss_pq_va:0.04486 loss_pv_va:0.06241
INFO|2024-09-25 16:23:08: Epoch[070/100], iter[196/392], loss_total:0.20676, loss_equ:0.66178 loss_pq_vm:0.00280 loss_pq_va:0.04766 loss_pv_va:0.06495
INFO|2024-09-25 16:23:21: Epoch[070/100], iter[235/392], loss_total:0.19739, loss_equ:0.64083 loss_pq_vm:0.00274 loss_pq_va:0.04517 loss_pv_va:0.06073
INFO|2024-09-25 16:23:34: Epoch[070/100], iter[274/392], loss_total:0.19669, loss_equ:0.63062 loss_pq_vm:0.00260 loss_pq_va:0.04549 loss_pv_va:0.06210
INFO|2024-09-25 16:23:47: Epoch[070/100], iter[313/392], loss_total:0.20414, loss_equ:0.64609 loss_pq_vm:0.00254 loss_pq_va:0.04813 loss_pv_va:0.06600
INFO|2024-09-25 16:24:00: Epoch[070/100], iter[352/392], loss_total:0.20392, loss_equ:0.65149 loss_pq_vm:0.00279 loss_pq_va:0.04780 loss_pv_va:0.06311
INFO|2024-09-25 16:24:12: Epoch[070/100], iter[392/392], loss_total:0.19970, loss_equ:0.64713 loss_pq_vm:0.00273 loss_pq_va:0.04565 loss_pv_va:0.06199
INFO|2024-09-25 16:25:06: Epoch 69/100, lr:  0.00021405, eta: 1.53h, train_loss:  0.20060, valid_loss:  0.31408
INFO|2024-09-25 16:25:06: 	Train: PQ_Vm_rmse: 0.00436551  PQ_Va_rmse: 0.06532092  PV_Va_rmse: 0.08984907  delta_p: 0.47460905  delta_q: 0.11702284  
INFO|2024-09-25 16:25:06: 	ZTest: PQ_Vm_rmse: 0.00795461  PQ_Va_rmse: 0.10619938  PV_Va_rmse: 0.13623067  delta_p: 0.71590917  delta_q: 0.17428734  
INFO|2024-09-25 16:25:06: 	ZTest-ema: PQ_Vm_rmse: 0.007982  PQ_Va_rmse: 0.105287  PV_Va_rmse: 0.134637  delta_p: 0.699537  delta_q: 0.170874  
INFO|2024-09-25 16:25:06: 	           ValOfEMA:0.134637/0.131452,  Epoch:70/43
INFO|2024-09-25 16:25:07: 	Time(ep):183s,  Val(curr/best):0.136231/0.132074,  Epoch(curr/best):70/39
INFO|2024-09-25 16:25:07: -------------------- Epoch: 71 --------------------
INFO|2024-09-25 16:25:21: Epoch[071/100], iter[040/392], loss_total:0.19815, loss_equ:0.63568 loss_pq_vm:0.00257 loss_pq_va:0.04583 loss_pv_va:0.06301
INFO|2024-09-25 16:25:34: Epoch[071/100], iter[079/392], loss_total:0.19727, loss_equ:0.61984 loss_pq_vm:0.00242 loss_pq_va:0.04690 loss_pv_va:0.06419
INFO|2024-09-25 16:25:47: Epoch[071/100], iter[118/392], loss_total:0.19975, loss_equ:0.64339 loss_pq_vm:0.00251 loss_pq_va:0.04692 loss_pv_va:0.06343
INFO|2024-09-25 16:26:00: Epoch[071/100], iter[157/392], loss_total:0.20136, loss_equ:0.64883 loss_pq_vm:0.00267 loss_pq_va:0.04619 loss_pv_va:0.06353
INFO|2024-09-25 16:26:12: Epoch[071/100], iter[196/392], loss_total:0.19239, loss_equ:0.63930 loss_pq_vm:0.00261 loss_pq_va:0.04334 loss_pv_va:0.05907
INFO|2024-09-25 16:26:25: Epoch[071/100], iter[235/392], loss_total:0.19927, loss_equ:0.64698 loss_pq_vm:0.00271 loss_pq_va:0.04551 loss_pv_va:0.06195
INFO|2024-09-25 16:26:38: Epoch[071/100], iter[274/392], loss_total:0.19914, loss_equ:0.64173 loss_pq_vm:0.00271 loss_pq_va:0.04614 loss_pv_va:0.06174
INFO|2024-09-25 16:26:51: Epoch[071/100], iter[313/392], loss_total:0.20561, loss_equ:0.66226 loss_pq_vm:0.00308 loss_pq_va:0.04553 loss_pv_va:0.06306
INFO|2024-09-25 16:27:03: Epoch[071/100], iter[352/392], loss_total:0.20410, loss_equ:0.65149 loss_pq_vm:0.00281 loss_pq_va:0.04737 loss_pv_va:0.06353
INFO|2024-09-25 16:27:16: Epoch[071/100], iter[392/392], loss_total:0.19872, loss_equ:0.64007 loss_pq_vm:0.00265 loss_pq_va:0.04668 loss_pv_va:0.06158
INFO|2024-09-25 16:28:11: Epoch 70/100, lr:  0.00020161, eta: 1.48h, train_loss:  0.19917, valid_loss:  0.31510
INFO|2024-09-25 16:28:11: 	Train: PQ_Vm_rmse: 0.00434223  PQ_Va_rmse: 0.06492963  PV_Va_rmse: 0.08928043  delta_p: 0.47283539  delta_q: 0.11600874  
INFO|2024-09-25 16:28:11: 	ZTest: PQ_Vm_rmse: 0.00809389  PQ_Va_rmse: 0.10623943  PV_Va_rmse: 0.13639950  delta_p: 0.71105555  delta_q: 0.17366722  
INFO|2024-09-25 16:28:11: 	ZTest-ema: PQ_Vm_rmse: 0.007978  PQ_Va_rmse: 0.105464  PV_Va_rmse: 0.135049  delta_p: 0.700271  delta_q: 0.170758  
INFO|2024-09-25 16:28:11: 	           ValOfEMA:0.135049/0.131452,  Epoch:71/43
INFO|2024-09-25 16:28:11: 	Time(ep):183s,  Val(curr/best):0.136400/0.132074,  Epoch(curr/best):71/39
INFO|2024-09-25 16:28:11: -------------------- Epoch: 72 --------------------
INFO|2024-09-25 16:28:26: Epoch[072/100], iter[040/392], loss_total:0.20004, loss_equ:0.64335 loss_pq_vm:0.00262 loss_pq_va:0.04659 loss_pv_va:0.06287
INFO|2024-09-25 16:28:38: Epoch[072/100], iter[079/392], loss_total:0.19360, loss_equ:0.62875 loss_pq_vm:0.00278 loss_pq_va:0.04446 loss_pv_va:0.05845
INFO|2024-09-25 16:28:51: Epoch[072/100], iter[118/392], loss_total:0.19557, loss_equ:0.63935 loss_pq_vm:0.00256 loss_pq_va:0.04556 loss_pv_va:0.06052
INFO|2024-09-25 16:29:04: Epoch[072/100], iter[157/392], loss_total:0.19788, loss_equ:0.63849 loss_pq_vm:0.00259 loss_pq_va:0.04620 loss_pv_va:0.06198
INFO|2024-09-25 16:29:17: Epoch[072/100], iter[196/392], loss_total:0.20216, loss_equ:0.64749 loss_pq_vm:0.00285 loss_pq_va:0.04676 loss_pv_va:0.06218
INFO|2024-09-25 16:29:30: Epoch[072/100], iter[235/392], loss_total:0.19450, loss_equ:0.64084 loss_pq_vm:0.00290 loss_pq_va:0.04337 loss_pv_va:0.05806
INFO|2024-09-25 16:29:43: Epoch[072/100], iter[274/392], loss_total:0.19648, loss_equ:0.63247 loss_pq_vm:0.00260 loss_pq_va:0.04582 loss_pv_va:0.06141
INFO|2024-09-25 16:29:55: Epoch[072/100], iter[313/392], loss_total:0.19876, loss_equ:0.64246 loss_pq_vm:0.00265 loss_pq_va:0.04588 loss_pv_va:0.06215
INFO|2024-09-25 16:30:08: Epoch[072/100], iter[352/392], loss_total:0.19984, loss_equ:0.65160 loss_pq_vm:0.00278 loss_pq_va:0.04581 loss_pv_va:0.06102
INFO|2024-09-25 16:30:21: Epoch[072/100], iter[392/392], loss_total:0.20037, loss_equ:0.64663 loss_pq_vm:0.00288 loss_pq_va:0.04593 loss_pv_va:0.06101
INFO|2024-09-25 16:31:15: Epoch 71/100, lr:  0.00018948, eta: 1.43h, train_loss:  0.19833, valid_loss:  0.31390
INFO|2024-09-25 16:31:15: 	Train: PQ_Vm_rmse: 0.00432252  PQ_Va_rmse: 0.06463805  PV_Va_rmse: 0.08883138  delta_p: 0.47278278  delta_q: 0.11570553  
INFO|2024-09-25 16:31:15: 	ZTest: PQ_Vm_rmse: 0.00818721  PQ_Va_rmse: 0.10656453  PV_Va_rmse: 0.13587400  delta_p: 0.70591774  delta_q: 0.17332426  
INFO|2024-09-25 16:31:15: 	ZTest-ema: PQ_Vm_rmse: 0.007972  PQ_Va_rmse: 0.105561  PV_Va_rmse: 0.135314  delta_p: 0.701641  delta_q: 0.170788  
INFO|2024-09-25 16:31:15: 	           ValOfEMA:0.135314/0.131452,  Epoch:72/43
INFO|2024-09-25 16:31:16: 	Time(ep):183s,  Val(curr/best):0.135874/0.132074,  Epoch(curr/best):72/39
INFO|2024-09-25 16:31:16: -------------------- Epoch: 73 --------------------
INFO|2024-09-25 16:31:30: Epoch[073/100], iter[040/392], loss_total:0.19705, loss_equ:0.63423 loss_pq_vm:0.00275 loss_pq_va:0.04532 loss_pv_va:0.06076
INFO|2024-09-25 16:31:43: Epoch[073/100], iter[079/392], loss_total:0.20257, loss_equ:0.63670 loss_pq_vm:0.00288 loss_pq_va:0.04692 loss_pv_va:0.06321
INFO|2024-09-25 16:31:56: Epoch[073/100], iter[118/392], loss_total:0.18809, loss_equ:0.62325 loss_pq_vm:0.00255 loss_pq_va:0.04286 loss_pv_va:0.05742
INFO|2024-09-25 16:32:09: Epoch[073/100], iter[157/392], loss_total:0.19672, loss_equ:0.63768 loss_pq_vm:0.00264 loss_pq_va:0.04429 loss_pv_va:0.06228
INFO|2024-09-25 16:32:21: Epoch[073/100], iter[196/392], loss_total:0.20156, loss_equ:0.63994 loss_pq_vm:0.00269 loss_pq_va:0.04781 loss_pv_va:0.06285
INFO|2024-09-25 16:32:34: Epoch[073/100], iter[235/392], loss_total:0.19924, loss_equ:0.65028 loss_pq_vm:0.00275 loss_pq_va:0.04460 loss_pv_va:0.06207
INFO|2024-09-25 16:32:47: Epoch[073/100], iter[274/392], loss_total:0.19994, loss_equ:0.64949 loss_pq_vm:0.00254 loss_pq_va:0.04495 loss_pv_va:0.06462
INFO|2024-09-25 16:33:00: Epoch[073/100], iter[313/392], loss_total:0.19639, loss_equ:0.64939 loss_pq_vm:0.00263 loss_pq_va:0.04367 loss_pv_va:0.06146
INFO|2024-09-25 16:33:12: Epoch[073/100], iter[352/392], loss_total:0.19328, loss_equ:0.64674 loss_pq_vm:0.00254 loss_pq_va:0.04307 loss_pv_va:0.06010
INFO|2024-09-25 16:33:25: Epoch[073/100], iter[392/392], loss_total:0.20303, loss_equ:0.65005 loss_pq_vm:0.00271 loss_pq_va:0.04678 loss_pv_va:0.06414
INFO|2024-09-25 16:34:19: Epoch 72/100, lr:  0.00017765, eta: 1.38h, train_loss:  0.19707, valid_loss:  0.31678
INFO|2024-09-25 16:34:19: 	Train: PQ_Vm_rmse: 0.00429742  PQ_Va_rmse: 0.06428955  PV_Va_rmse: 0.08836888  delta_p: 0.46997735  delta_q: 0.11512245  
INFO|2024-09-25 16:34:19: 	ZTest: PQ_Vm_rmse: 0.00842437  PQ_Va_rmse: 0.10613874  PV_Va_rmse: 0.13595899  delta_p: 0.71188634  delta_q: 0.17328307  
INFO|2024-09-25 16:34:19: 	ZTest-ema: PQ_Vm_rmse: 0.007983  PQ_Va_rmse: 0.105596  PV_Va_rmse: 0.135495  delta_p: 0.703702  delta_q: 0.170997  
INFO|2024-09-25 16:34:19: 	           ValOfEMA:0.135495/0.131452,  Epoch:73/43
INFO|2024-09-25 16:34:20: 	Time(ep):183s,  Val(curr/best):0.135959/0.132074,  Epoch(curr/best):73/39
INFO|2024-09-25 16:34:20: -------------------- Epoch: 74 --------------------
INFO|2024-09-25 16:34:34: Epoch[074/100], iter[040/392], loss_total:0.19253, loss_equ:0.62024 loss_pq_vm:0.00255 loss_pq_va:0.04452 loss_pv_va:0.06049
INFO|2024-09-25 16:34:47: Epoch[074/100], iter[079/392], loss_total:0.18759, loss_equ:0.61771 loss_pq_vm:0.00238 loss_pq_va:0.04360 loss_pv_va:0.05843
INFO|2024-09-25 16:35:00: Epoch[074/100], iter[118/392], loss_total:0.19080, loss_equ:0.62575 loss_pq_vm:0.00257 loss_pq_va:0.04366 loss_pv_va:0.05882
INFO|2024-09-25 16:35:12: Epoch[074/100], iter[157/392], loss_total:0.19052, loss_equ:0.61555 loss_pq_vm:0.00263 loss_pq_va:0.04458 loss_pv_va:0.05811
INFO|2024-09-25 16:35:25: Epoch[074/100], iter[196/392], loss_total:0.20273, loss_equ:0.62862 loss_pq_vm:0.00272 loss_pq_va:0.04894 loss_pv_va:0.06369
INFO|2024-09-25 16:35:38: Epoch[074/100], iter[235/392], loss_total:0.20150, loss_equ:0.65175 loss_pq_vm:0.00280 loss_pq_va:0.04604 loss_pv_va:0.06226
INFO|2024-09-25 16:35:51: Epoch[074/100], iter[274/392], loss_total:0.19450, loss_equ:0.64111 loss_pq_vm:0.00259 loss_pq_va:0.04431 loss_pv_va:0.06014
INFO|2024-09-25 16:36:04: Epoch[074/100], iter[313/392], loss_total:0.20212, loss_equ:0.63743 loss_pq_vm:0.00278 loss_pq_va:0.04775 loss_pv_va:0.06282
INFO|2024-09-25 16:36:17: Epoch[074/100], iter[352/392], loss_total:0.19257, loss_equ:0.62350 loss_pq_vm:0.00252 loss_pq_va:0.04495 loss_pv_va:0.06004
INFO|2024-09-25 16:36:30: Epoch[074/100], iter[392/392], loss_total:0.20160, loss_equ:0.65607 loss_pq_vm:0.00263 loss_pq_va:0.04645 loss_pv_va:0.06328
INFO|2024-09-25 16:37:24: Epoch 73/100, lr:  0.00016615, eta: 1.33h, train_loss:  0.19644, valid_loss:  0.31869
INFO|2024-09-25 16:37:24: 	Train: PQ_Vm_rmse: 0.00429011  PQ_Va_rmse: 0.06409278  PV_Va_rmse: 0.08804095  delta_p: 0.46849820  delta_q: 0.11465575  
INFO|2024-09-25 16:37:24: 	ZTest: PQ_Vm_rmse: 0.00860604  PQ_Va_rmse: 0.10805253  PV_Va_rmse: 0.13728891  delta_p: 0.70316467  delta_q: 0.17355468  
INFO|2024-09-25 16:37:24: 	ZTest-ema: PQ_Vm_rmse: 0.007999  PQ_Va_rmse: 0.105786  PV_Va_rmse: 0.135846  delta_p: 0.705325  delta_q: 0.171288  
INFO|2024-09-25 16:37:24: 	           ValOfEMA:0.135846/0.131452,  Epoch:74/43
INFO|2024-09-25 16:37:25: 	Time(ep):183s,  Val(curr/best):0.137289/0.132074,  Epoch(curr/best):74/39
INFO|2024-09-25 16:37:25: -------------------- Epoch: 75 --------------------
INFO|2024-09-25 16:37:39: Epoch[075/100], iter[040/392], loss_total:0.19515, loss_equ:0.63074 loss_pq_vm:0.00274 loss_pq_va:0.04481 loss_pv_va:0.05985
INFO|2024-09-25 16:37:51: Epoch[075/100], iter[079/392], loss_total:0.18433, loss_equ:0.62145 loss_pq_vm:0.00241 loss_pq_va:0.04195 loss_pv_va:0.05610
INFO|2024-09-25 16:38:04: Epoch[075/100], iter[118/392], loss_total:0.19008, loss_equ:0.62545 loss_pq_vm:0.00251 loss_pq_va:0.04328 loss_pv_va:0.05915
INFO|2024-09-25 16:38:17: Epoch[075/100], iter[157/392], loss_total:0.19353, loss_equ:0.64090 loss_pq_vm:0.00266 loss_pq_va:0.04407 loss_pv_va:0.05882
INFO|2024-09-25 16:38:30: Epoch[075/100], iter[196/392], loss_total:0.19015, loss_equ:0.63425 loss_pq_vm:0.00264 loss_pq_va:0.04265 loss_pv_va:0.05764
INFO|2024-09-25 16:38:43: Epoch[075/100], iter[235/392], loss_total:0.18590, loss_equ:0.62497 loss_pq_vm:0.00251 loss_pq_va:0.04142 loss_pv_va:0.05693
INFO|2024-09-25 16:38:56: Epoch[075/100], iter[274/392], loss_total:0.19405, loss_equ:0.63574 loss_pq_vm:0.00255 loss_pq_va:0.04456 loss_pv_va:0.06044
INFO|2024-09-25 16:39:08: Epoch[075/100], iter[313/392], loss_total:0.18836, loss_equ:0.63906 loss_pq_vm:0.00251 loss_pq_va:0.04264 loss_pv_va:0.05668
INFO|2024-09-25 16:39:21: Epoch[075/100], iter[352/392], loss_total:0.20348, loss_equ:0.64856 loss_pq_vm:0.00265 loss_pq_va:0.04779 loss_pv_va:0.06438
INFO|2024-09-25 16:39:34: Epoch[075/100], iter[392/392], loss_total:0.19881, loss_equ:0.62313 loss_pq_vm:0.00268 loss_pq_va:0.04761 loss_pv_va:0.06211
INFO|2024-09-25 16:40:28: Epoch 74/100, lr:  0.00015498, eta: 1.27h, train_loss:  0.19524, valid_loss:  0.31313
INFO|2024-09-25 16:40:28: 	Train: PQ_Vm_rmse: 0.00426410  PQ_Va_rmse: 0.06375460  PV_Va_rmse: 0.08760864  delta_p: 0.46595857  delta_q: 0.11438629  
INFO|2024-09-25 16:40:28: 	ZTest: PQ_Vm_rmse: 0.00804649  PQ_Va_rmse: 0.10633889  PV_Va_rmse: 0.13675287  delta_p: 0.71021994  delta_q: 0.17462928  
INFO|2024-09-25 16:40:28: 	ZTest-ema: PQ_Vm_rmse: 0.007978  PQ_Va_rmse: 0.105892  PV_Va_rmse: 0.136020  delta_p: 0.704999  delta_q: 0.171189  
INFO|2024-09-25 16:40:28: 	           ValOfEMA:0.136020/0.131452,  Epoch:75/43
INFO|2024-09-25 16:40:29: 	Time(ep):183s,  Val(curr/best):0.136753/0.132074,  Epoch(curr/best):75/39
INFO|2024-09-25 16:40:29: -------------------- Epoch: 76 --------------------
INFO|2024-09-25 16:40:43: Epoch[076/100], iter[040/392], loss_total:0.18916, loss_equ:0.62464 loss_pq_vm:0.00260 loss_pq_va:0.04316 loss_pv_va:0.05754
INFO|2024-09-25 16:40:56: Epoch[076/100], iter[079/392], loss_total:0.19319, loss_equ:0.63464 loss_pq_vm:0.00256 loss_pq_va:0.04505 loss_pv_va:0.05903
INFO|2024-09-25 16:41:09: Epoch[076/100], iter[118/392], loss_total:0.19367, loss_equ:0.62191 loss_pq_vm:0.00275 loss_pq_va:0.04513 loss_pv_va:0.05889
INFO|2024-09-25 16:41:21: Epoch[076/100], iter[157/392], loss_total:0.18684, loss_equ:0.61693 loss_pq_vm:0.00254 loss_pq_va:0.04258 loss_pv_va:0.05720
INFO|2024-09-25 16:41:34: Epoch[076/100], iter[196/392], loss_total:0.18157, loss_equ:0.61323 loss_pq_vm:0.00246 loss_pq_va:0.04100 loss_pv_va:0.05469
INFO|2024-09-25 16:41:46: Epoch[076/100], iter[235/392], loss_total:0.18671, loss_equ:0.62573 loss_pq_vm:0.00252 loss_pq_va:0.04179 loss_pv_va:0.05713
INFO|2024-09-25 16:41:59: Epoch[076/100], iter[274/392], loss_total:0.20193, loss_equ:0.64070 loss_pq_vm:0.00268 loss_pq_va:0.04715 loss_pv_va:0.06391
INFO|2024-09-25 16:42:12: Epoch[076/100], iter[313/392], loss_total:0.19139, loss_equ:0.62502 loss_pq_vm:0.00257 loss_pq_va:0.04360 loss_pv_va:0.05962
INFO|2024-09-25 16:42:24: Epoch[076/100], iter[352/392], loss_total:0.19151, loss_equ:0.62484 loss_pq_vm:0.00262 loss_pq_va:0.04403 loss_pv_va:0.05877
INFO|2024-09-25 16:42:37: Epoch[076/100], iter[392/392], loss_total:0.19707, loss_equ:0.62855 loss_pq_vm:0.00257 loss_pq_va:0.04670 loss_pv_va:0.06185
INFO|2024-09-25 16:43:31: Epoch 75/100, lr:  0.00014416, eta: 1.22h, train_loss:  0.19401, valid_loss:  0.31347
INFO|2024-09-25 16:43:31: 	Train: PQ_Vm_rmse: 0.00424563  PQ_Va_rmse: 0.06336251  PV_Va_rmse: 0.08709790  delta_p: 0.46503879  delta_q: 0.11397126  
INFO|2024-09-25 16:43:31: 	ZTest: PQ_Vm_rmse: 0.00808467  PQ_Va_rmse: 0.10675722  PV_Va_rmse: 0.13713731  delta_p: 0.70961342  delta_q: 0.17186872  
INFO|2024-09-25 16:43:31: 	ZTest-ema: PQ_Vm_rmse: 0.007986  PQ_Va_rmse: 0.106049  PV_Va_rmse: 0.136392  delta_p: 0.707504  delta_q: 0.171243  
INFO|2024-09-25 16:43:31: 	           ValOfEMA:0.136392/0.131452,  Epoch:76/43
INFO|2024-09-25 16:43:32: 	Time(ep):182s,  Val(curr/best):0.137137/0.132074,  Epoch(curr/best):76/39
INFO|2024-09-25 16:43:32: -------------------- Epoch: 77 --------------------
INFO|2024-09-25 16:43:46: Epoch[077/100], iter[040/392], loss_total:0.18661, loss_equ:0.62658 loss_pq_vm:0.00267 loss_pq_va:0.04234 loss_pv_va:0.05496
INFO|2024-09-25 16:43:59: Epoch[077/100], iter[079/392], loss_total:0.18393, loss_equ:0.62136 loss_pq_vm:0.00249 loss_pq_va:0.04118 loss_pv_va:0.05575
INFO|2024-09-25 16:44:11: Epoch[077/100], iter[118/392], loss_total:0.19088, loss_equ:0.62410 loss_pq_vm:0.00268 loss_pq_va:0.04342 loss_pv_va:0.05823
INFO|2024-09-25 16:44:24: Epoch[077/100], iter[157/392], loss_total:0.19376, loss_equ:0.62164 loss_pq_vm:0.00272 loss_pq_va:0.04477 loss_pv_va:0.05959
INFO|2024-09-25 16:44:37: Epoch[077/100], iter[196/392], loss_total:0.19160, loss_equ:0.62748 loss_pq_vm:0.00275 loss_pq_va:0.04386 loss_pv_va:0.05748
INFO|2024-09-25 16:44:50: Epoch[077/100], iter[235/392], loss_total:0.20201, loss_equ:0.63552 loss_pq_vm:0.00283 loss_pq_va:0.04747 loss_pv_va:0.06264
INFO|2024-09-25 16:45:03: Epoch[077/100], iter[274/392], loss_total:0.19743, loss_equ:0.64509 loss_pq_vm:0.00257 loss_pq_va:0.04542 loss_pv_va:0.06177
INFO|2024-09-25 16:45:16: Epoch[077/100], iter[313/392], loss_total:0.18533, loss_equ:0.61023 loss_pq_vm:0.00245 loss_pq_va:0.04313 loss_pv_va:0.05667
INFO|2024-09-25 16:45:28: Epoch[077/100], iter[352/392], loss_total:0.20285, loss_equ:0.65467 loss_pq_vm:0.00287 loss_pq_va:0.04721 loss_pv_va:0.06144
INFO|2024-09-25 16:45:41: Epoch[077/100], iter[392/392], loss_total:0.19426, loss_equ:0.62204 loss_pq_vm:0.00276 loss_pq_va:0.04475 loss_pv_va:0.05975
INFO|2024-09-25 16:46:35: Epoch 76/100, lr:  0.00013370, eta: 1.17h, train_loss:  0.19326, valid_loss:  0.31582
INFO|2024-09-25 16:46:35: 	Train: PQ_Vm_rmse: 0.00422941  PQ_Va_rmse: 0.06315608  PV_Va_rmse: 0.08670501  delta_p: 0.46344513  delta_q: 0.11336498  
INFO|2024-09-25 16:46:35: 	ZTest: PQ_Vm_rmse: 0.00805506  PQ_Va_rmse: 0.10694113  PV_Va_rmse: 0.13813268  delta_p: 0.71735849  delta_q: 0.17470944  
INFO|2024-09-25 16:46:35: 	ZTest-ema: PQ_Vm_rmse: 0.007966  PQ_Va_rmse: 0.106129  PV_Va_rmse: 0.136639  delta_p: 0.708142  delta_q: 0.171397  
INFO|2024-09-25 16:46:35: 	           ValOfEMA:0.136639/0.131452,  Epoch:77/43
INFO|2024-09-25 16:46:36: 	Time(ep):183s,  Val(curr/best):0.138133/0.132074,  Epoch(curr/best):77/39
INFO|2024-09-25 16:46:36: -------------------- Epoch: 78 --------------------
INFO|2024-09-25 16:46:50: Epoch[078/100], iter[040/392], loss_total:0.19187, loss_equ:0.63584 loss_pq_vm:0.00258 loss_pq_va:0.04320 loss_pv_va:0.05927
INFO|2024-09-25 16:47:03: Epoch[078/100], iter[079/392], loss_total:0.19665, loss_equ:0.64808 loss_pq_vm:0.00278 loss_pq_va:0.04440 loss_pv_va:0.05968
INFO|2024-09-25 16:47:15: Epoch[078/100], iter[118/392], loss_total:0.18552, loss_equ:0.61144 loss_pq_vm:0.00259 loss_pq_va:0.04218 loss_pv_va:0.05627
INFO|2024-09-25 16:47:28: Epoch[078/100], iter[157/392], loss_total:0.19824, loss_equ:0.62933 loss_pq_vm:0.00274 loss_pq_va:0.04595 loss_pv_va:0.06194
INFO|2024-09-25 16:47:41: Epoch[078/100], iter[196/392], loss_total:0.18710, loss_equ:0.62593 loss_pq_vm:0.00263 loss_pq_va:0.04229 loss_pv_va:0.05590
INFO|2024-09-25 16:47:54: Epoch[078/100], iter[235/392], loss_total:0.19365, loss_equ:0.63084 loss_pq_vm:0.00260 loss_pq_va:0.04504 loss_pv_va:0.05952
INFO|2024-09-25 16:48:07: Epoch[078/100], iter[274/392], loss_total:0.19359, loss_equ:0.62627 loss_pq_vm:0.00259 loss_pq_va:0.04433 loss_pv_va:0.06072
INFO|2024-09-25 16:48:19: Epoch[078/100], iter[313/392], loss_total:0.19844, loss_equ:0.63232 loss_pq_vm:0.00263 loss_pq_va:0.04650 loss_pv_va:0.06244
INFO|2024-09-25 16:48:32: Epoch[078/100], iter[352/392], loss_total:0.19709, loss_equ:0.62464 loss_pq_vm:0.00282 loss_pq_va:0.04634 loss_pv_va:0.06011
INFO|2024-09-25 16:48:45: Epoch[078/100], iter[392/392], loss_total:0.18884, loss_equ:0.63405 loss_pq_vm:0.00268 loss_pq_va:0.04216 loss_pv_va:0.05650
INFO|2024-09-25 16:49:39: Epoch 77/100, lr:  0.00012360, eta: 1.12h, train_loss:  0.19203, valid_loss:  0.31348
INFO|2024-09-25 16:49:39: 	Train: PQ_Vm_rmse: 0.00421206  PQ_Va_rmse: 0.06278029  PV_Va_rmse: 0.08618870  delta_p: 0.46173438  delta_q: 0.11308389  
INFO|2024-09-25 16:49:39: 	ZTest: PQ_Vm_rmse: 0.00792337  PQ_Va_rmse: 0.10615542  PV_Va_rmse: 0.13713090  delta_p: 0.71873100  delta_q: 0.17451696  
INFO|2024-09-25 16:49:39: 	ZTest-ema: PQ_Vm_rmse: 0.007975  PQ_Va_rmse: 0.106234  PV_Va_rmse: 0.136886  delta_p: 0.709427  delta_q: 0.171661  
INFO|2024-09-25 16:49:39: 	           ValOfEMA:0.136886/0.131452,  Epoch:78/43
INFO|2024-09-25 16:49:39: 	Time(ep):183s,  Val(curr/best):0.137131/0.132074,  Epoch(curr/best):78/39
INFO|2024-09-25 16:49:39: -------------------- Epoch: 79 --------------------
INFO|2024-09-25 16:49:53: Epoch[079/100], iter[040/392], loss_total:0.19382, loss_equ:0.62029 loss_pq_vm:0.00257 loss_pq_va:0.04560 loss_pv_va:0.06045
INFO|2024-09-25 16:50:06: Epoch[079/100], iter[079/392], loss_total:0.19984, loss_equ:0.63555 loss_pq_vm:0.00269 loss_pq_va:0.04666 loss_pv_va:0.06278
INFO|2024-09-25 16:50:19: Epoch[079/100], iter[118/392], loss_total:0.19615, loss_equ:0.63171 loss_pq_vm:0.00279 loss_pq_va:0.04502 loss_pv_va:0.06007
INFO|2024-09-25 16:50:31: Epoch[079/100], iter[157/392], loss_total:0.18946, loss_equ:0.62279 loss_pq_vm:0.00263 loss_pq_va:0.04336 loss_pv_va:0.05748
INFO|2024-09-25 16:50:44: Epoch[079/100], iter[196/392], loss_total:0.18819, loss_equ:0.63360 loss_pq_vm:0.00259 loss_pq_va:0.04248 loss_pv_va:0.05647
INFO|2024-09-25 16:50:57: Epoch[079/100], iter[235/392], loss_total:0.19527, loss_equ:0.64033 loss_pq_vm:0.00263 loss_pq_va:0.04505 loss_pv_va:0.05985
INFO|2024-09-25 16:51:09: Epoch[079/100], iter[274/392], loss_total:0.19370, loss_equ:0.63901 loss_pq_vm:0.00261 loss_pq_va:0.04405 loss_pv_va:0.05967
INFO|2024-09-25 16:51:22: Epoch[079/100], iter[313/392], loss_total:0.20282, loss_equ:0.61989 loss_pq_vm:0.00290 loss_pq_va:0.04815 loss_pv_va:0.06371
INFO|2024-09-25 16:51:35: Epoch[079/100], iter[352/392], loss_total:0.18988, loss_equ:0.61975 loss_pq_vm:0.00255 loss_pq_va:0.04459 loss_pv_va:0.05783
INFO|2024-09-25 16:51:48: Epoch[079/100], iter[392/392], loss_total:0.19870, loss_equ:0.63187 loss_pq_vm:0.00274 loss_pq_va:0.04710 loss_pv_va:0.06101
INFO|2024-09-25 16:52:42: Epoch 78/100, lr:  0.00011387, eta: 1.06h, train_loss:  0.19157, valid_loss:  0.31625
INFO|2024-09-25 16:52:42: 	Train: PQ_Vm_rmse: 0.00420363  PQ_Va_rmse: 0.06261820  PV_Va_rmse: 0.08596187  delta_p: 0.46090080  delta_q: 0.11275340  
INFO|2024-09-25 16:52:42: 	ZTest: PQ_Vm_rmse: 0.00778988  PQ_Va_rmse: 0.10697997  PV_Va_rmse: 0.13878529  delta_p: 0.72306116  delta_q: 0.17457940  
INFO|2024-09-25 16:52:42: 	ZTest-ema: PQ_Vm_rmse: 0.007968  PQ_Va_rmse: 0.106378  PV_Va_rmse: 0.137197  delta_p: 0.710765  delta_q: 0.171741  
INFO|2024-09-25 16:52:42: 	           ValOfEMA:0.137197/0.131452,  Epoch:79/43
INFO|2024-09-25 16:52:42: 	Time(ep):182s,  Val(curr/best):0.138785/0.132074,  Epoch(curr/best):79/39
INFO|2024-09-25 16:52:42: -------------------- Epoch: 80 --------------------
INFO|2024-09-25 16:52:57: Epoch[080/100], iter[040/392], loss_total:0.18241, loss_equ:0.59652 loss_pq_vm:0.00269 loss_pq_va:0.04245 loss_pv_va:0.05335
INFO|2024-09-25 16:53:09: Epoch[080/100], iter[079/392], loss_total:0.19223, loss_equ:0.62860 loss_pq_vm:0.00251 loss_pq_va:0.04420 loss_pv_va:0.06011
INFO|2024-09-25 16:53:22: Epoch[080/100], iter[118/392], loss_total:0.18005, loss_equ:0.60669 loss_pq_vm:0.00248 loss_pq_va:0.04041 loss_pv_va:0.05420
INFO|2024-09-25 16:53:35: Epoch[080/100], iter[157/392], loss_total:0.18037, loss_equ:0.60354 loss_pq_vm:0.00261 loss_pq_va:0.04052 loss_pv_va:0.05337
INFO|2024-09-25 16:53:48: Epoch[080/100], iter[196/392], loss_total:0.19243, loss_equ:0.61105 loss_pq_vm:0.00265 loss_pq_va:0.04432 loss_pv_va:0.06052
INFO|2024-09-25 16:54:00: Epoch[080/100], iter[235/392], loss_total:0.18432, loss_equ:0.60502 loss_pq_vm:0.00261 loss_pq_va:0.04215 loss_pv_va:0.05559
INFO|2024-09-25 16:54:13: Epoch[080/100], iter[274/392], loss_total:0.19349, loss_equ:0.62889 loss_pq_vm:0.00258 loss_pq_va:0.04393 loss_pv_va:0.06083
INFO|2024-09-25 16:54:26: Epoch[080/100], iter[313/392], loss_total:0.19678, loss_equ:0.63838 loss_pq_vm:0.00253 loss_pq_va:0.04574 loss_pv_va:0.06190
INFO|2024-09-25 16:54:39: Epoch[080/100], iter[352/392], loss_total:0.18439, loss_equ:0.60431 loss_pq_vm:0.00255 loss_pq_va:0.04233 loss_pv_va:0.05615
INFO|2024-09-25 16:54:52: Epoch[080/100], iter[392/392], loss_total:0.18610, loss_equ:0.62696 loss_pq_vm:0.00248 loss_pq_va:0.04199 loss_pv_va:0.05658
INFO|2024-09-25 16:55:46: Epoch 79/100, lr:  0.00010454, eta: 1.02h, train_loss:  0.19048, valid_loss:  0.31398
INFO|2024-09-25 16:55:46: 	Train: PQ_Vm_rmse: 0.00419083  PQ_Va_rmse: 0.06231051  PV_Va_rmse: 0.08547220  delta_p: 0.45842686  delta_q: 0.11232115  
INFO|2024-09-25 16:55:46: 	ZTest: PQ_Vm_rmse: 0.00794042  PQ_Va_rmse: 0.10648032  PV_Va_rmse: 0.13748361  delta_p: 0.71709988  delta_q: 0.17451545  
INFO|2024-09-25 16:55:46: 	ZTest-ema: PQ_Vm_rmse: 0.007972  PQ_Va_rmse: 0.106486  PV_Va_rmse: 0.137412  delta_p: 0.711658  delta_q: 0.171893  
INFO|2024-09-25 16:55:46: 	           ValOfEMA:0.137412/0.131452,  Epoch:80/43
INFO|2024-09-25 16:55:47: 	Time(ep):183s,  Val(curr/best):0.137484/0.132074,  Epoch(curr/best):80/39
INFO|2024-09-25 16:55:47: -------------------- Epoch: 81 --------------------
INFO|2024-09-25 16:56:01: Epoch[081/100], iter[040/392], loss_total:0.19537, loss_equ:0.63297 loss_pq_vm:0.00258 loss_pq_va:0.04513 loss_pv_va:0.06118
INFO|2024-09-25 16:56:14: Epoch[081/100], iter[079/392], loss_total:0.19113, loss_equ:0.62839 loss_pq_vm:0.00273 loss_pq_va:0.04354 loss_pv_va:0.05743
INFO|2024-09-25 16:56:27: Epoch[081/100], iter[118/392], loss_total:0.19199, loss_equ:0.63240 loss_pq_vm:0.00253 loss_pq_va:0.04358 loss_pv_va:0.05988
INFO|2024-09-25 16:56:40: Epoch[081/100], iter[157/392], loss_total:0.19659, loss_equ:0.64069 loss_pq_vm:0.00263 loss_pq_va:0.04544 loss_pv_va:0.06076
INFO|2024-09-25 16:56:53: Epoch[081/100], iter[196/392], loss_total:0.19268, loss_equ:0.62304 loss_pq_vm:0.00258 loss_pq_va:0.04485 loss_pv_va:0.05969
INFO|2024-09-25 16:57:06: Epoch[081/100], iter[235/392], loss_total:0.19097, loss_equ:0.63098 loss_pq_vm:0.00247 loss_pq_va:0.04341 loss_pv_va:0.05975
INFO|2024-09-25 16:57:19: Epoch[081/100], iter[274/392], loss_total:0.19555, loss_equ:0.62632 loss_pq_vm:0.00264 loss_pq_va:0.04571 loss_pv_va:0.06077
INFO|2024-09-25 16:57:32: Epoch[081/100], iter[313/392], loss_total:0.18539, loss_equ:0.61219 loss_pq_vm:0.00245 loss_pq_va:0.04288 loss_pv_va:0.05678
INFO|2024-09-25 16:57:44: Epoch[081/100], iter[352/392], loss_total:0.19191, loss_equ:0.62568 loss_pq_vm:0.00245 loss_pq_va:0.04456 loss_pv_va:0.06025
INFO|2024-09-25 16:57:57: Epoch[081/100], iter[392/392], loss_total:0.19069, loss_equ:0.62894 loss_pq_vm:0.00255 loss_pq_va:0.04355 loss_pv_va:0.05878
INFO|2024-09-25 16:58:51: Epoch 80/100, lr:  0.00009560, eta: 0.97h, train_loss:  0.18963, valid_loss:  0.31371
INFO|2024-09-25 16:58:51: 	Train: PQ_Vm_rmse: 0.00417937  PQ_Va_rmse: 0.06204357  PV_Va_rmse: 0.08505611  delta_p: 0.45706185  delta_q: 0.11194743  
INFO|2024-09-25 16:58:51: 	ZTest: PQ_Vm_rmse: 0.00783461  PQ_Va_rmse: 0.10637296  PV_Va_rmse: 0.13788130  delta_p: 0.72429690  delta_q: 0.17581430  
INFO|2024-09-25 16:58:51: 	ZTest-ema: PQ_Vm_rmse: 0.007978  PQ_Va_rmse: 0.106619  PV_Va_rmse: 0.137662  delta_p: 0.713072  delta_q: 0.172034  
INFO|2024-09-25 16:58:51: 	           ValOfEMA:0.137662/0.131452,  Epoch:81/43
INFO|2024-09-25 16:58:52: 	Time(ep):184s,  Val(curr/best):0.137881/0.132074,  Epoch(curr/best):81/39
INFO|2024-09-25 16:58:52: -------------------- Epoch: 82 --------------------
INFO|2024-09-25 16:59:06: Epoch[082/100], iter[040/392], loss_total:0.18797, loss_equ:0.61472 loss_pq_vm:0.00260 loss_pq_va:0.04311 loss_pv_va:0.05744
INFO|2024-09-25 16:59:19: Epoch[082/100], iter[079/392], loss_total:0.18949, loss_equ:0.61612 loss_pq_vm:0.00259 loss_pq_va:0.04300 loss_pv_va:0.05897
INFO|2024-09-25 16:59:32: Epoch[082/100], iter[118/392], loss_total:0.19489, loss_equ:0.62729 loss_pq_vm:0.00272 loss_pq_va:0.04532 loss_pv_va:0.05965
INFO|2024-09-25 16:59:45: Epoch[082/100], iter[157/392], loss_total:0.18552, loss_equ:0.61244 loss_pq_vm:0.00250 loss_pq_va:0.04254 loss_pv_va:0.05671
INFO|2024-09-25 16:59:58: Epoch[082/100], iter[196/392], loss_total:0.19374, loss_equ:0.61964 loss_pq_vm:0.00261 loss_pq_va:0.04479 loss_pv_va:0.06090
INFO|2024-09-25 17:00:11: Epoch[082/100], iter[235/392], loss_total:0.18208, loss_equ:0.59880 loss_pq_vm:0.00254 loss_pq_va:0.04175 loss_pv_va:0.05504
INFO|2024-09-25 17:00:24: Epoch[082/100], iter[274/392], loss_total:0.19801, loss_equ:0.64966 loss_pq_vm:0.00275 loss_pq_va:0.04443 loss_pv_va:0.06115
INFO|2024-09-25 17:00:38: Epoch[082/100], iter[313/392], loss_total:0.18908, loss_equ:0.61461 loss_pq_vm:0.00255 loss_pq_va:0.04358 loss_pv_va:0.05852
INFO|2024-09-25 17:00:50: Epoch[082/100], iter[352/392], loss_total:0.19125, loss_equ:0.62150 loss_pq_vm:0.00258 loss_pq_va:0.04341 loss_pv_va:0.05992
INFO|2024-09-25 17:01:04: Epoch[082/100], iter[392/392], loss_total:0.18505, loss_equ:0.61710 loss_pq_vm:0.00267 loss_pq_va:0.04187 loss_pv_va:0.05479
INFO|2024-09-25 17:01:59: Epoch 81/100, lr:  0.00008706, eta: 0.94h, train_loss:  0.18892, valid_loss:  0.31466
INFO|2024-09-25 17:01:59: 	Train: PQ_Vm_rmse: 0.00416208  PQ_Va_rmse: 0.06186718  PV_Va_rmse: 0.08480519  delta_p: 0.45595713  delta_q: 0.11162227  
INFO|2024-09-25 17:01:59: 	ZTest: PQ_Vm_rmse: 0.00802209  PQ_Va_rmse: 0.10711138  PV_Va_rmse: 0.13833556  delta_p: 0.71619453  delta_q: 0.17381362  
INFO|2024-09-25 17:01:59: 	ZTest-ema: PQ_Vm_rmse: 0.007981  PQ_Va_rmse: 0.106751  PV_Va_rmse: 0.137951  delta_p: 0.714127  delta_q: 0.172269  
INFO|2024-09-25 17:01:59: 	           ValOfEMA:0.137951/0.131452,  Epoch:82/43
INFO|2024-09-25 17:02:00: 	Time(ep):187s,  Val(curr/best):0.138336/0.132074,  Epoch(curr/best):82/39
INFO|2024-09-25 17:02:00: -------------------- Epoch: 83 --------------------
INFO|2024-09-25 17:02:14: Epoch[083/100], iter[040/392], loss_total:0.18966, loss_equ:0.62373 loss_pq_vm:0.00242 loss_pq_va:0.04359 loss_pv_va:0.05947
INFO|2024-09-25 17:02:27: Epoch[083/100], iter[079/392], loss_total:0.20158, loss_equ:0.62231 loss_pq_vm:0.00267 loss_pq_va:0.04864 loss_pv_va:0.06401
INFO|2024-09-25 17:02:40: Epoch[083/100], iter[118/392], loss_total:0.18668, loss_equ:0.60426 loss_pq_vm:0.00254 loss_pq_va:0.04327 loss_pv_va:0.05761
INFO|2024-09-25 17:02:54: Epoch[083/100], iter[157/392], loss_total:0.18996, loss_equ:0.61186 loss_pq_vm:0.00265 loss_pq_va:0.04430 loss_pv_va:0.05796
INFO|2024-09-25 17:03:06: Epoch[083/100], iter[196/392], loss_total:0.18401, loss_equ:0.60707 loss_pq_vm:0.00258 loss_pq_va:0.04183 loss_pv_va:0.05565
INFO|2024-09-25 17:03:19: Epoch[083/100], iter[235/392], loss_total:0.17987, loss_equ:0.61241 loss_pq_vm:0.00236 loss_pq_va:0.04053 loss_pv_va:0.05455
INFO|2024-09-25 17:03:33: Epoch[083/100], iter[274/392], loss_total:0.18814, loss_equ:0.59353 loss_pq_vm:0.00269 loss_pq_va:0.04439 loss_pv_va:0.05753
INFO|2024-09-25 17:03:46: Epoch[083/100], iter[313/392], loss_total:0.18905, loss_equ:0.62027 loss_pq_vm:0.00260 loss_pq_va:0.04333 loss_pv_va:0.05770
INFO|2024-09-25 17:03:59: Epoch[083/100], iter[352/392], loss_total:0.19173, loss_equ:0.61556 loss_pq_vm:0.00255 loss_pq_va:0.04538 loss_pv_va:0.05925
INFO|2024-09-25 17:04:12: Epoch[083/100], iter[392/392], loss_total:0.19442, loss_equ:0.62146 loss_pq_vm:0.00278 loss_pq_va:0.04424 loss_pv_va:0.06022
INFO|2024-09-25 17:05:08: Epoch 82/100, lr:  0.00007893, eta: 0.89h, train_loss:  0.18816, valid_loss:  0.31403
INFO|2024-09-25 17:05:08: 	Train: PQ_Vm_rmse: 0.00415212  PQ_Va_rmse: 0.06161257  PV_Va_rmse: 0.08438490  delta_p: 0.45470146  delta_q: 0.11142155  
INFO|2024-09-25 17:05:08: 	ZTest: PQ_Vm_rmse: 0.00782865  PQ_Va_rmse: 0.10703650  PV_Va_rmse: 0.13855110  delta_p: 0.72017115  delta_q: 0.17331761  
INFO|2024-09-25 17:05:08: 	ZTest-ema: PQ_Vm_rmse: 0.007970  PQ_Va_rmse: 0.106790  PV_Va_rmse: 0.138107  delta_p: 0.714843  delta_q: 0.172325  
INFO|2024-09-25 17:05:08: 	           ValOfEMA:0.138107/0.131452,  Epoch:83/43
INFO|2024-09-25 17:05:08: 	Time(ep):188s,  Val(curr/best):0.138551/0.132074,  Epoch(curr/best):83/39
INFO|2024-09-25 17:05:08: -------------------- Epoch: 84 --------------------
INFO|2024-09-25 17:05:23: Epoch[084/100], iter[040/392], loss_total:0.18797, loss_equ:0.61313 loss_pq_vm:0.00259 loss_pq_va:0.04324 loss_pv_va:0.05755
INFO|2024-09-25 17:05:36: Epoch[084/100], iter[079/392], loss_total:0.18503, loss_equ:0.60589 loss_pq_vm:0.00228 loss_pq_va:0.04309 loss_pv_va:0.05860
INFO|2024-09-25 17:05:49: Epoch[084/100], iter[118/392], loss_total:0.17752, loss_equ:0.60793 loss_pq_vm:0.00239 loss_pq_va:0.03929 loss_pv_va:0.05354
INFO|2024-09-25 17:06:02: Epoch[084/100], iter[157/392], loss_total:0.17119, loss_equ:0.59684 loss_pq_vm:0.00239 loss_pq_va:0.03710 loss_pv_va:0.05047
INFO|2024-09-25 17:06:16: Epoch[084/100], iter[196/392], loss_total:0.18945, loss_equ:0.62497 loss_pq_vm:0.00258 loss_pq_va:0.04318 loss_pv_va:0.05802
INFO|2024-09-25 17:06:29: Epoch[084/100], iter[235/392], loss_total:0.18982, loss_equ:0.60927 loss_pq_vm:0.00263 loss_pq_va:0.04476 loss_pv_va:0.05778
INFO|2024-09-25 17:06:42: Epoch[084/100], iter[274/392], loss_total:0.19458, loss_equ:0.62868 loss_pq_vm:0.00260 loss_pq_va:0.04508 loss_pv_va:0.06065
INFO|2024-09-25 17:06:55: Epoch[084/100], iter[313/392], loss_total:0.18438, loss_equ:0.60816 loss_pq_vm:0.00260 loss_pq_va:0.04140 loss_pv_va:0.05619
INFO|2024-09-25 17:07:08: Epoch[084/100], iter[352/392], loss_total:0.19568, loss_equ:0.63710 loss_pq_vm:0.00271 loss_pq_va:0.04460 loss_pv_va:0.06026
INFO|2024-09-25 17:07:22: Epoch[084/100], iter[392/392], loss_total:0.18972, loss_equ:0.61423 loss_pq_vm:0.00257 loss_pq_va:0.04436 loss_pv_va:0.05820
INFO|2024-09-25 17:08:17: Epoch 83/100, lr:  0.00007123, eta: 0.84h, train_loss:  0.18740, valid_loss:  0.31450
INFO|2024-09-25 17:08:17: 	Train: PQ_Vm_rmse: 0.00414721  PQ_Va_rmse: 0.06137183  PV_Va_rmse: 0.08402126  delta_p: 0.45316940  delta_q: 0.11112390  
INFO|2024-09-25 17:08:17: 	ZTest: PQ_Vm_rmse: 0.00801021  PQ_Va_rmse: 0.10715378  PV_Va_rmse: 0.13839913  delta_p: 0.71807733  delta_q: 0.17379427  
INFO|2024-09-25 17:08:17: 	ZTest-ema: PQ_Vm_rmse: 0.007969  PQ_Va_rmse: 0.106942  PV_Va_rmse: 0.138403  delta_p: 0.715697  delta_q: 0.172381  
INFO|2024-09-25 17:08:17: 	           ValOfEMA:0.138403/0.131452,  Epoch:84/43
INFO|2024-09-25 17:08:18: 	Time(ep):188s,  Val(curr/best):0.138399/0.132074,  Epoch(curr/best):84/39
INFO|2024-09-25 17:08:18: -------------------- Epoch: 85 --------------------
INFO|2024-09-25 17:08:32: Epoch[085/100], iter[040/392], loss_total:0.17646, loss_equ:0.60765 loss_pq_vm:0.00243 loss_pq_va:0.03882 loss_pv_va:0.05253
INFO|2024-09-25 17:08:46: Epoch[085/100], iter[079/392], loss_total:0.17531, loss_equ:0.60089 loss_pq_vm:0.00236 loss_pq_va:0.03858 loss_pv_va:0.05301
INFO|2024-09-25 17:08:59: Epoch[085/100], iter[118/392], loss_total:0.18952, loss_equ:0.61547 loss_pq_vm:0.00258 loss_pq_va:0.04405 loss_pv_va:0.05810
INFO|2024-09-25 17:09:13: Epoch[085/100], iter[157/392], loss_total:0.18762, loss_equ:0.61110 loss_pq_vm:0.00262 loss_pq_va:0.04343 loss_pv_va:0.05689
INFO|2024-09-25 17:09:25: Epoch[085/100], iter[196/392], loss_total:0.17910, loss_equ:0.60283 loss_pq_vm:0.00243 loss_pq_va:0.04046 loss_pv_va:0.05401
INFO|2024-09-25 17:09:39: Epoch[085/100], iter[235/392], loss_total:0.18565, loss_equ:0.60736 loss_pq_vm:0.00255 loss_pq_va:0.04250 loss_pv_va:0.05695
INFO|2024-09-25 17:09:52: Epoch[085/100], iter[274/392], loss_total:0.18480, loss_equ:0.60249 loss_pq_vm:0.00251 loss_pq_va:0.04278 loss_pv_va:0.05664
INFO|2024-09-25 17:10:05: Epoch[085/100], iter[313/392], loss_total:0.19528, loss_equ:0.62335 loss_pq_vm:0.00267 loss_pq_va:0.04554 loss_pv_va:0.06069
INFO|2024-09-25 17:10:18: Epoch[085/100], iter[352/392], loss_total:0.18918, loss_equ:0.62488 loss_pq_vm:0.00262 loss_pq_va:0.04335 loss_pv_va:0.05717
INFO|2024-09-25 17:10:31: Epoch[085/100], iter[392/392], loss_total:0.18467, loss_equ:0.61864 loss_pq_vm:0.00260 loss_pq_va:0.04103 loss_pv_va:0.05577
INFO|2024-09-25 17:11:26: Epoch 84/100, lr:  0.00006395, eta: 0.78h, train_loss:  0.18659, valid_loss:  0.31504
INFO|2024-09-25 17:11:26: 	Train: PQ_Vm_rmse: 0.00413611  PQ_Va_rmse: 0.06113899  PV_Va_rmse: 0.08370806  delta_p: 0.45229324  delta_q: 0.11074712  
INFO|2024-09-25 17:11:26: 	ZTest: PQ_Vm_rmse: 0.00799647  PQ_Va_rmse: 0.10738611  PV_Va_rmse: 0.13878662  delta_p: 0.71794689  delta_q: 0.17433922  
INFO|2024-09-25 17:11:26: 	ZTest-ema: PQ_Vm_rmse: 0.007976  PQ_Va_rmse: 0.106993  PV_Va_rmse: 0.138493  delta_p: 0.716340  delta_q: 0.172545  
INFO|2024-09-25 17:11:26: 	           ValOfEMA:0.138493/0.131452,  Epoch:85/43
INFO|2024-09-25 17:11:27: 	Time(ep):188s,  Val(curr/best):0.138787/0.132074,  Epoch(curr/best):85/39
INFO|2024-09-25 17:11:27: -------------------- Epoch: 86 --------------------
INFO|2024-09-25 17:11:41: Epoch[086/100], iter[040/392], loss_total:0.18598, loss_equ:0.60608 loss_pq_vm:0.00261 loss_pq_va:0.04216 loss_pv_va:0.05711
INFO|2024-09-25 17:11:54: Epoch[086/100], iter[079/392], loss_total:0.18625, loss_equ:0.61814 loss_pq_vm:0.00249 loss_pq_va:0.04213 loss_pv_va:0.05744
INFO|2024-09-25 17:12:08: Epoch[086/100], iter[118/392], loss_total:0.19006, loss_equ:0.61450 loss_pq_vm:0.00254 loss_pq_va:0.04399 loss_pv_va:0.05921
INFO|2024-09-25 17:12:21: Epoch[086/100], iter[157/392], loss_total:0.18550, loss_equ:0.59775 loss_pq_vm:0.00249 loss_pq_va:0.04377 loss_pv_va:0.05705
INFO|2024-09-25 17:12:34: Epoch[086/100], iter[196/392], loss_total:0.17940, loss_equ:0.60357 loss_pq_vm:0.00249 loss_pq_va:0.04020 loss_pv_va:0.05396
INFO|2024-09-25 17:12:47: Epoch[086/100], iter[235/392], loss_total:0.17474, loss_equ:0.59114 loss_pq_vm:0.00240 loss_pq_va:0.04004 loss_pv_va:0.05155
INFO|2024-09-25 17:13:00: Epoch[086/100], iter[274/392], loss_total:0.18498, loss_equ:0.60152 loss_pq_vm:0.00256 loss_pq_va:0.04260 loss_pv_va:0.05659
INFO|2024-09-25 17:13:13: Epoch[086/100], iter[313/392], loss_total:0.18105, loss_equ:0.60352 loss_pq_vm:0.00247 loss_pq_va:0.04104 loss_pv_va:0.05498
INFO|2024-09-25 17:13:27: Epoch[086/100], iter[352/392], loss_total:0.17910, loss_equ:0.60245 loss_pq_vm:0.00234 loss_pq_va:0.04119 loss_pv_va:0.05426
INFO|2024-09-25 17:13:40: Epoch[086/100], iter[392/392], loss_total:0.18859, loss_equ:0.60967 loss_pq_vm:0.00272 loss_pq_va:0.04296 loss_pv_va:0.05747
INFO|2024-09-25 17:14:35: Epoch 85/100, lr:  0.00005711, eta: 0.73h, train_loss:  0.18597, valid_loss:  0.31498
INFO|2024-09-25 17:14:35: 	Train: PQ_Vm_rmse: 0.00412477  PQ_Va_rmse: 0.06099992  PV_Va_rmse: 0.08344145  delta_p: 0.45059431  delta_q: 0.11043043  
INFO|2024-09-25 17:14:35: 	ZTest: PQ_Vm_rmse: 0.00790326  PQ_Va_rmse: 0.10710466  PV_Va_rmse: 0.13913511  delta_p: 0.72641493  delta_q: 0.17465082  
INFO|2024-09-25 17:14:35: 	ZTest-ema: PQ_Vm_rmse: 0.007970  PQ_Va_rmse: 0.107164  PV_Va_rmse: 0.138788  delta_p: 0.716945  delta_q: 0.172602  
INFO|2024-09-25 17:14:35: 	           ValOfEMA:0.138788/0.131452,  Epoch:86/43
INFO|2024-09-25 17:14:36: 	Time(ep):188s,  Val(curr/best):0.139135/0.132074,  Epoch(curr/best):86/39
INFO|2024-09-25 17:14:36: -------------------- Epoch: 87 --------------------
INFO|2024-09-25 17:14:51: Epoch[087/100], iter[040/392], loss_total:0.19361, loss_equ:0.61684 loss_pq_vm:0.00273 loss_pq_va:0.04512 loss_pv_va:0.05954
INFO|2024-09-25 17:15:04: Epoch[087/100], iter[079/392], loss_total:0.19867, loss_equ:0.63190 loss_pq_vm:0.00263 loss_pq_va:0.04706 loss_pv_va:0.06209
INFO|2024-09-25 17:15:17: Epoch[087/100], iter[118/392], loss_total:0.18652, loss_equ:0.61915 loss_pq_vm:0.00250 loss_pq_va:0.04192 loss_pv_va:0.05773
INFO|2024-09-25 17:15:30: Epoch[087/100], iter[157/392], loss_total:0.19374, loss_equ:0.62408 loss_pq_vm:0.00265 loss_pq_va:0.04488 loss_pv_va:0.05998
INFO|2024-09-25 17:15:43: Epoch[087/100], iter[196/392], loss_total:0.19123, loss_equ:0.60788 loss_pq_vm:0.00251 loss_pq_va:0.04509 loss_pv_va:0.06022
INFO|2024-09-25 17:15:56: Epoch[087/100], iter[235/392], loss_total:0.18154, loss_equ:0.59550 loss_pq_vm:0.00244 loss_pq_va:0.04178 loss_pv_va:0.05578
INFO|2024-09-25 17:16:09: Epoch[087/100], iter[274/392], loss_total:0.19237, loss_equ:0.62919 loss_pq_vm:0.00248 loss_pq_va:0.04428 loss_pv_va:0.06032
INFO|2024-09-25 17:16:22: Epoch[087/100], iter[313/392], loss_total:0.19035, loss_equ:0.62518 loss_pq_vm:0.00263 loss_pq_va:0.04365 loss_pv_va:0.05792
INFO|2024-09-25 17:16:35: Epoch[087/100], iter[352/392], loss_total:0.19267, loss_equ:0.62283 loss_pq_vm:0.00287 loss_pq_va:0.04409 loss_pv_va:0.05758
INFO|2024-09-25 17:16:48: Epoch[087/100], iter[392/392], loss_total:0.18022, loss_equ:0.59508 loss_pq_vm:0.00248 loss_pq_va:0.04159 loss_pv_va:0.05434
INFO|2024-09-25 17:17:43: Epoch 86/100, lr:  0.00005071, eta: 0.68h, train_loss:  0.18527, valid_loss:  0.31637
INFO|2024-09-25 17:17:43: 	Train: PQ_Vm_rmse: 0.00411257  PQ_Va_rmse: 0.06080845  PV_Va_rmse: 0.08314390  delta_p: 0.44958263  delta_q: 0.11020625  
INFO|2024-09-25 17:17:43: 	ZTest: PQ_Vm_rmse: 0.00800839  PQ_Va_rmse: 0.10765721  PV_Va_rmse: 0.13974182  delta_p: 0.72410235  delta_q: 0.17347742  
INFO|2024-09-25 17:17:43: 	ZTest-ema: PQ_Vm_rmse: 0.007979  PQ_Va_rmse: 0.107262  PV_Va_rmse: 0.139020  delta_p: 0.718065  delta_q: 0.172709  
INFO|2024-09-25 17:17:43: 	           ValOfEMA:0.139020/0.131452,  Epoch:87/43
INFO|2024-09-25 17:17:44: 	Time(ep):187s,  Val(curr/best):0.139742/0.132074,  Epoch(curr/best):87/39
INFO|2024-09-25 17:17:44: -------------------- Epoch: 88 --------------------
INFO|2024-09-25 17:17:59: Epoch[088/100], iter[040/392], loss_total:0.17983, loss_equ:0.59363 loss_pq_vm:0.00237 loss_pq_va:0.04135 loss_pv_va:0.05544
INFO|2024-09-25 17:18:12: Epoch[088/100], iter[079/392], loss_total:0.18623, loss_equ:0.61030 loss_pq_vm:0.00257 loss_pq_va:0.04260 loss_pv_va:0.05692
INFO|2024-09-25 17:18:25: Epoch[088/100], iter[118/392], loss_total:0.18170, loss_equ:0.58975 loss_pq_vm:0.00254 loss_pq_va:0.04219 loss_pv_va:0.05513
INFO|2024-09-25 17:18:38: Epoch[088/100], iter[157/392], loss_total:0.18596, loss_equ:0.60490 loss_pq_vm:0.00264 loss_pq_va:0.04283 loss_pv_va:0.05627
INFO|2024-09-25 17:18:51: Epoch[088/100], iter[196/392], loss_total:0.19055, loss_equ:0.62488 loss_pq_vm:0.00261 loss_pq_va:0.04299 loss_pv_va:0.05902
INFO|2024-09-25 17:19:04: Epoch[088/100], iter[235/392], loss_total:0.18333, loss_equ:0.61065 loss_pq_vm:0.00240 loss_pq_va:0.04144 loss_pv_va:0.05680
INFO|2024-09-25 17:19:18: Epoch[088/100], iter[274/392], loss_total:0.18768, loss_equ:0.59602 loss_pq_vm:0.00260 loss_pq_va:0.04428 loss_pv_va:0.05776
INFO|2024-09-25 17:19:30: Epoch[088/100], iter[313/392], loss_total:0.18516, loss_equ:0.60551 loss_pq_vm:0.00262 loss_pq_va:0.04254 loss_pv_va:0.05583
INFO|2024-09-25 17:19:44: Epoch[088/100], iter[352/392], loss_total:0.18823, loss_equ:0.61963 loss_pq_vm:0.00275 loss_pq_va:0.04264 loss_pv_va:0.05617
INFO|2024-09-25 17:19:57: Epoch[088/100], iter[392/392], loss_total:0.18602, loss_equ:0.60956 loss_pq_vm:0.00263 loss_pq_va:0.04284 loss_pv_va:0.05590
INFO|2024-09-25 17:20:54: Epoch 87/100, lr:  0.00004476, eta: 0.63h, train_loss:  0.18487, valid_loss:  0.31492
INFO|2024-09-25 17:20:54: 	Train: PQ_Vm_rmse: 0.00411160  PQ_Va_rmse: 0.06066282  PV_Va_rmse: 0.08289569  delta_p: 0.44871167  delta_q: 0.10998984  
INFO|2024-09-25 17:20:54: 	ZTest: PQ_Vm_rmse: 0.00791517  PQ_Va_rmse: 0.10741820  PV_Va_rmse: 0.13943507  delta_p: 0.72192617  delta_q: 0.17416063  
INFO|2024-09-25 17:20:54: 	ZTest-ema: PQ_Vm_rmse: 0.007980  PQ_Va_rmse: 0.107359  PV_Va_rmse: 0.139210  delta_p: 0.718749  delta_q: 0.172720  
INFO|2024-09-25 17:20:54: 	           ValOfEMA:0.139210/0.131452,  Epoch:88/43
INFO|2024-09-25 17:20:54: 	Time(ep):189s,  Val(curr/best):0.139435/0.132074,  Epoch(curr/best):88/39
INFO|2024-09-25 17:20:54: -------------------- Epoch: 89 --------------------
INFO|2024-09-25 17:21:09: Epoch[089/100], iter[040/392], loss_total:0.19069, loss_equ:0.60674 loss_pq_vm:0.00270 loss_pq_va:0.04493 loss_pv_va:0.05809
INFO|2024-09-25 17:21:22: Epoch[089/100], iter[079/392], loss_total:0.18269, loss_equ:0.58550 loss_pq_vm:0.00259 loss_pq_va:0.04273 loss_pv_va:0.05555
INFO|2024-09-25 17:21:36: Epoch[089/100], iter[118/392], loss_total:0.18359, loss_equ:0.60180 loss_pq_vm:0.00246 loss_pq_va:0.04224 loss_pv_va:0.05657
INFO|2024-09-25 17:21:49: Epoch[089/100], iter[157/392], loss_total:0.19497, loss_equ:0.63021 loss_pq_vm:0.00273 loss_pq_va:0.04509 loss_pv_va:0.05953
INFO|2024-09-25 17:22:02: Epoch[089/100], iter[196/392], loss_total:0.18233, loss_equ:0.60345 loss_pq_vm:0.00258 loss_pq_va:0.04286 loss_pv_va:0.05332
INFO|2024-09-25 17:22:15: Epoch[089/100], iter[235/392], loss_total:0.18055, loss_equ:0.60515 loss_pq_vm:0.00245 loss_pq_va:0.04136 loss_pv_va:0.05412
INFO|2024-09-25 17:22:28: Epoch[089/100], iter[274/392], loss_total:0.17944, loss_equ:0.60521 loss_pq_vm:0.00244 loss_pq_va:0.04066 loss_pv_va:0.05390
INFO|2024-09-25 17:22:41: Epoch[089/100], iter[313/392], loss_total:0.19026, loss_equ:0.60916 loss_pq_vm:0.00265 loss_pq_va:0.04447 loss_pv_va:0.05835
INFO|2024-09-25 17:22:54: Epoch[089/100], iter[352/392], loss_total:0.18249, loss_equ:0.59633 loss_pq_vm:0.00258 loss_pq_va:0.04180 loss_pv_va:0.05526
INFO|2024-09-25 17:23:07: Epoch[089/100], iter[392/392], loss_total:0.18105, loss_equ:0.59746 loss_pq_vm:0.00242 loss_pq_va:0.04146 loss_pv_va:0.05566
INFO|2024-09-25 17:24:02: Epoch 88/100, lr:  0.00003926, eta: 0.57h, train_loss:  0.18438, valid_loss:  0.31541
INFO|2024-09-25 17:24:02: 	Train: PQ_Vm_rmse: 0.00411007  PQ_Va_rmse: 0.06053127  PV_Va_rmse: 0.08270249  delta_p: 0.44789795  delta_q: 0.10978484  
INFO|2024-09-25 17:24:02: 	ZTest: PQ_Vm_rmse: 0.00800216  PQ_Va_rmse: 0.10761533  PV_Va_rmse: 0.13937234  delta_p: 0.71759750  delta_q: 0.17348333  
INFO|2024-09-25 17:24:02: 	ZTest-ema: PQ_Vm_rmse: 0.007976  PQ_Va_rmse: 0.107398  PV_Va_rmse: 0.139365  delta_p: 0.719487  delta_q: 0.172887  
INFO|2024-09-25 17:24:02: 	           ValOfEMA:0.139365/0.131452,  Epoch:89/43
INFO|2024-09-25 17:24:03: 	Time(ep):187s,  Val(curr/best):0.139372/0.132074,  Epoch(curr/best):89/39
INFO|2024-09-25 17:24:03: -------------------- Epoch: 90 --------------------
INFO|2024-09-25 17:24:18: Epoch[090/100], iter[040/392], loss_total:0.18647, loss_equ:0.60903 loss_pq_vm:0.00259 loss_pq_va:0.04283 loss_pv_va:0.05679
INFO|2024-09-25 17:24:31: Epoch[090/100], iter[079/392], loss_total:0.17956, loss_equ:0.60673 loss_pq_vm:0.00235 loss_pq_va:0.04005 loss_pv_va:0.05537
INFO|2024-09-25 17:24:44: Epoch[090/100], iter[118/392], loss_total:0.17560, loss_equ:0.58965 loss_pq_vm:0.00237 loss_pq_va:0.04016 loss_pv_va:0.05281
INFO|2024-09-25 17:24:57: Epoch[090/100], iter[157/392], loss_total:0.18508, loss_equ:0.59763 loss_pq_vm:0.00257 loss_pq_va:0.04269 loss_pv_va:0.05695
INFO|2024-09-25 17:25:10: Epoch[090/100], iter[196/392], loss_total:0.17724, loss_equ:0.58993 loss_pq_vm:0.00240 loss_pq_va:0.04038 loss_pv_va:0.05389
INFO|2024-09-25 17:25:23: Epoch[090/100], iter[235/392], loss_total:0.19051, loss_equ:0.62265 loss_pq_vm:0.00259 loss_pq_va:0.04376 loss_pv_va:0.05862
INFO|2024-09-25 17:25:37: Epoch[090/100], iter[274/392], loss_total:0.18584, loss_equ:0.61926 loss_pq_vm:0.00241 loss_pq_va:0.04236 loss_pv_va:0.05742
INFO|2024-09-25 17:25:50: Epoch[090/100], iter[313/392], loss_total:0.18664, loss_equ:0.61132 loss_pq_vm:0.00255 loss_pq_va:0.04343 loss_pv_va:0.05654
INFO|2024-09-25 17:26:03: Epoch[090/100], iter[352/392], loss_total:0.18801, loss_equ:0.61415 loss_pq_vm:0.00247 loss_pq_va:0.04356 loss_pv_va:0.05836
INFO|2024-09-25 17:26:17: Epoch[090/100], iter[392/392], loss_total:0.18342, loss_equ:0.59834 loss_pq_vm:0.00244 loss_pq_va:0.04243 loss_pv_va:0.05679
INFO|2024-09-25 17:27:12: Epoch 89/100, lr:  0.00003423, eta: 0.52h, train_loss:  0.18372, valid_loss:  0.31507
INFO|2024-09-25 17:27:12: 	Train: PQ_Vm_rmse: 0.00409920  PQ_Va_rmse: 0.06034559  PV_Va_rmse: 0.08239992  delta_p: 0.44679220  delta_q: 0.10957371  
INFO|2024-09-25 17:27:12: 	ZTest: PQ_Vm_rmse: 0.00792743  PQ_Va_rmse: 0.10768779  PV_Va_rmse: 0.13963527  delta_p: 0.72131022  delta_q: 0.17352774  
INFO|2024-09-25 17:27:12: 	ZTest-ema: PQ_Vm_rmse: 0.007975  PQ_Va_rmse: 0.107473  PV_Va_rmse: 0.139524  delta_p: 0.720242  delta_q: 0.173080  
INFO|2024-09-25 17:27:12: 	           ValOfEMA:0.139524/0.131452,  Epoch:90/43
INFO|2024-09-25 17:27:12: 	Time(ep):188s,  Val(curr/best):0.139635/0.132074,  Epoch(curr/best):90/39
INFO|2024-09-25 17:27:12: -------------------- Epoch: 91 --------------------
INFO|2024-09-25 17:27:27: Epoch[091/100], iter[040/392], loss_total:0.18185, loss_equ:0.60988 loss_pq_vm:0.00252 loss_pq_va:0.04196 loss_pv_va:0.05370
INFO|2024-09-25 17:27:40: Epoch[091/100], iter[079/392], loss_total:0.17708, loss_equ:0.59965 loss_pq_vm:0.00238 loss_pq_va:0.03975 loss_pv_va:0.05353
INFO|2024-09-25 17:27:54: Epoch[091/100], iter[118/392], loss_total:0.18415, loss_equ:0.60302 loss_pq_vm:0.00242 loss_pq_va:0.04283 loss_pv_va:0.05682
INFO|2024-09-25 17:28:07: Epoch[091/100], iter[157/392], loss_total:0.18313, loss_equ:0.59806 loss_pq_vm:0.00268 loss_pq_va:0.04157 loss_pv_va:0.05491
INFO|2024-09-25 17:28:20: Epoch[091/100], iter[196/392], loss_total:0.17435, loss_equ:0.58342 loss_pq_vm:0.00243 loss_pq_va:0.03977 loss_pv_va:0.05194
INFO|2024-09-25 17:28:33: Epoch[091/100], iter[235/392], loss_total:0.17909, loss_equ:0.60827 loss_pq_vm:0.00238 loss_pq_va:0.03994 loss_pv_va:0.05448
INFO|2024-09-25 17:28:46: Epoch[091/100], iter[274/392], loss_total:0.17188, loss_equ:0.58475 loss_pq_vm:0.00238 loss_pq_va:0.03916 loss_pv_va:0.05042
INFO|2024-09-25 17:28:59: Epoch[091/100], iter[313/392], loss_total:0.17185, loss_equ:0.57697 loss_pq_vm:0.00248 loss_pq_va:0.03864 loss_pv_va:0.05074
INFO|2024-09-25 17:29:12: Epoch[091/100], iter[352/392], loss_total:0.18573, loss_equ:0.60454 loss_pq_vm:0.00270 loss_pq_va:0.04302 loss_pv_va:0.05528
INFO|2024-09-25 17:29:26: Epoch[091/100], iter[392/392], loss_total:0.17662, loss_equ:0.59030 loss_pq_vm:0.00243 loss_pq_va:0.04021 loss_pv_va:0.05304
INFO|2024-09-25 17:30:21: Epoch 90/100, lr:  0.00002965, eta: 0.47h, train_loss:  0.18322, valid_loss:  0.31562
INFO|2024-09-25 17:30:21: 	Train: PQ_Vm_rmse: 0.00409166  PQ_Va_rmse: 0.06020218  PV_Va_rmse: 0.08219179  delta_p: 0.44604653  delta_q: 0.10939630  
INFO|2024-09-25 17:30:21: 	ZTest: PQ_Vm_rmse: 0.00798855  PQ_Va_rmse: 0.10774723  PV_Va_rmse: 0.13972098  delta_p: 0.71932251  delta_q: 0.17250821  
INFO|2024-09-25 17:30:21: 	ZTest-ema: PQ_Vm_rmse: 0.007986  PQ_Va_rmse: 0.107593  PV_Va_rmse: 0.139695  delta_p: 0.720170  delta_q: 0.172965  
INFO|2024-09-25 17:30:21: 	           ValOfEMA:0.139695/0.131452,  Epoch:91/43
INFO|2024-09-25 17:30:21: 	Time(ep):188s,  Val(curr/best):0.139721/0.132074,  Epoch(curr/best):91/39
INFO|2024-09-25 17:30:21: -------------------- Epoch: 92 --------------------
INFO|2024-09-25 17:30:36: Epoch[092/100], iter[040/392], loss_total:0.17572, loss_equ:0.59436 loss_pq_vm:0.00244 loss_pq_va:0.03994 loss_pv_va:0.05198
INFO|2024-09-25 17:30:49: Epoch[092/100], iter[079/392], loss_total:0.18458, loss_equ:0.60461 loss_pq_vm:0.00264 loss_pq_va:0.04243 loss_pv_va:0.05529
INFO|2024-09-25 17:31:02: Epoch[092/100], iter[118/392], loss_total:0.17609, loss_equ:0.58640 loss_pq_vm:0.00239 loss_pq_va:0.04082 loss_pv_va:0.05268
INFO|2024-09-25 17:31:15: Epoch[092/100], iter[157/392], loss_total:0.18797, loss_equ:0.61121 loss_pq_vm:0.00249 loss_pq_va:0.04336 loss_pv_va:0.05861
INFO|2024-09-25 17:31:28: Epoch[092/100], iter[196/392], loss_total:0.18929, loss_equ:0.62075 loss_pq_vm:0.00244 loss_pq_va:0.04458 loss_pv_va:0.05821
INFO|2024-09-25 17:31:41: Epoch[092/100], iter[235/392], loss_total:0.18239, loss_equ:0.59208 loss_pq_vm:0.00244 loss_pq_va:0.04254 loss_pv_va:0.05621
INFO|2024-09-25 17:31:54: Epoch[092/100], iter[274/392], loss_total:0.17873, loss_equ:0.59068 loss_pq_vm:0.00245 loss_pq_va:0.04147 loss_pv_va:0.05369
INFO|2024-09-25 17:32:08: Epoch[092/100], iter[313/392], loss_total:0.17901, loss_equ:0.60707 loss_pq_vm:0.00238 loss_pq_va:0.04027 loss_pv_va:0.05419
INFO|2024-09-25 17:32:21: Epoch[092/100], iter[352/392], loss_total:0.17736, loss_equ:0.60849 loss_pq_vm:0.00242 loss_pq_va:0.04005 loss_pv_va:0.05222
INFO|2024-09-25 17:32:34: Epoch[092/100], iter[392/392], loss_total:0.19001, loss_equ:0.61354 loss_pq_vm:0.00259 loss_pq_va:0.04488 loss_pv_va:0.05789
INFO|2024-09-25 17:33:29: Epoch 91/100, lr:  0.00002555, eta: 0.42h, train_loss:  0.18283, valid_loss:  0.31638
INFO|2024-09-25 17:33:29: 	Train: PQ_Vm_rmse: 0.00408570  PQ_Va_rmse: 0.06011798  PV_Va_rmse: 0.08203425  delta_p: 0.44511170  delta_q: 0.10924195  
INFO|2024-09-25 17:33:29: 	ZTest: PQ_Vm_rmse: 0.00802950  PQ_Va_rmse: 0.10755520  PV_Va_rmse: 0.13969523  delta_p: 0.72256376  delta_q: 0.17353979  
INFO|2024-09-25 17:33:29: 	ZTest-ema: PQ_Vm_rmse: 0.007977  PQ_Va_rmse: 0.107642  PV_Va_rmse: 0.139785  delta_p: 0.720868  delta_q: 0.173105  
INFO|2024-09-25 17:33:29: 	           ValOfEMA:0.139785/0.131452,  Epoch:92/43
INFO|2024-09-25 17:33:30: 	Time(ep):187s,  Val(curr/best):0.139695/0.132074,  Epoch(curr/best):92/39
INFO|2024-09-25 17:33:30: -------------------- Epoch: 93 --------------------
INFO|2024-09-25 17:33:45: Epoch[093/100], iter[040/392], loss_total:0.17686, loss_equ:0.60371 loss_pq_vm:0.00234 loss_pq_va:0.03976 loss_pv_va:0.05332
INFO|2024-09-25 17:33:58: Epoch[093/100], iter[079/392], loss_total:0.18339, loss_equ:0.60437 loss_pq_vm:0.00262 loss_pq_va:0.04168 loss_pv_va:0.05507
INFO|2024-09-25 17:34:11: Epoch[093/100], iter[118/392], loss_total:0.18199, loss_equ:0.60118 loss_pq_vm:0.00266 loss_pq_va:0.04108 loss_pv_va:0.05415
INFO|2024-09-25 17:34:24: Epoch[093/100], iter[157/392], loss_total:0.17713, loss_equ:0.59927 loss_pq_vm:0.00237 loss_pq_va:0.04035 loss_pv_va:0.05320
INFO|2024-09-25 17:34:37: Epoch[093/100], iter[196/392], loss_total:0.18308, loss_equ:0.59185 loss_pq_vm:0.00243 loss_pq_va:0.04305 loss_pv_va:0.05652
INFO|2024-09-25 17:34:50: Epoch[093/100], iter[235/392], loss_total:0.18565, loss_equ:0.61025 loss_pq_vm:0.00266 loss_pq_va:0.04184 loss_pv_va:0.05618
INFO|2024-09-25 17:35:04: Epoch[093/100], iter[274/392], loss_total:0.19219, loss_equ:0.63091 loss_pq_vm:0.00258 loss_pq_va:0.04401 loss_pv_va:0.05925
INFO|2024-09-25 17:35:17: Epoch[093/100], iter[313/392], loss_total:0.18264, loss_equ:0.60843 loss_pq_vm:0.00242 loss_pq_va:0.04155 loss_pv_va:0.05606
INFO|2024-09-25 17:35:30: Epoch[093/100], iter[352/392], loss_total:0.17905, loss_equ:0.59175 loss_pq_vm:0.00238 loss_pq_va:0.04056 loss_pv_va:0.05557
INFO|2024-09-25 17:35:43: Epoch[093/100], iter[392/392], loss_total:0.18355, loss_equ:0.60189 loss_pq_vm:0.00263 loss_pq_va:0.04165 loss_pv_va:0.05540
INFO|2024-09-25 17:36:39: Epoch 92/100, lr:  0.00002192, eta: 0.37h, train_loss:  0.18245, valid_loss:  0.31603
INFO|2024-09-25 17:36:39: 	Train: PQ_Vm_rmse: 0.00408216  PQ_Va_rmse: 0.05997891  PV_Va_rmse: 0.08183822  delta_p: 0.44459773  delta_q: 0.10912655  
INFO|2024-09-25 17:36:39: 	ZTest: PQ_Vm_rmse: 0.00790973  PQ_Va_rmse: 0.10766491  PV_Va_rmse: 0.14023730  delta_p: 0.72503414  delta_q: 0.17360797  
INFO|2024-09-25 17:36:39: 	ZTest-ema: PQ_Vm_rmse: 0.007984  PQ_Va_rmse: 0.107681  PV_Va_rmse: 0.139927  delta_p: 0.721683  delta_q: 0.173195  
INFO|2024-09-25 17:36:39: 	           ValOfEMA:0.139927/0.131452,  Epoch:93/43
INFO|2024-09-25 17:36:39: 	Time(ep):188s,  Val(curr/best):0.140237/0.132074,  Epoch(curr/best):93/39
INFO|2024-09-25 17:36:39: -------------------- Epoch: 94 --------------------
INFO|2024-09-25 17:36:53: Epoch[094/100], iter[040/392], loss_total:0.18087, loss_equ:0.59261 loss_pq_vm:0.00254 loss_pq_va:0.04143 loss_pv_va:0.05480
INFO|2024-09-25 17:37:07: Epoch[094/100], iter[079/392], loss_total:0.17450, loss_equ:0.59070 loss_pq_vm:0.00246 loss_pq_va:0.03954 loss_pv_va:0.05125
INFO|2024-09-25 17:37:20: Epoch[094/100], iter[118/392], loss_total:0.18883, loss_equ:0.62027 loss_pq_vm:0.00259 loss_pq_va:0.04315 loss_pv_va:0.05776
INFO|2024-09-25 17:37:33: Epoch[094/100], iter[157/392], loss_total:0.18051, loss_equ:0.60662 loss_pq_vm:0.00248 loss_pq_va:0.04145 loss_pv_va:0.05361
INFO|2024-09-25 17:37:46: Epoch[094/100], iter[196/392], loss_total:0.18956, loss_equ:0.63162 loss_pq_vm:0.00269 loss_pq_va:0.04325 loss_pv_va:0.05629
INFO|2024-09-25 17:37:59: Epoch[094/100], iter[235/392], loss_total:0.17935, loss_equ:0.59882 loss_pq_vm:0.00243 loss_pq_va:0.04067 loss_pv_va:0.05453
INFO|2024-09-25 17:38:12: Epoch[094/100], iter[274/392], loss_total:0.18134, loss_equ:0.60135 loss_pq_vm:0.00237 loss_pq_va:0.04163 loss_pv_va:0.05585
INFO|2024-09-25 17:38:25: Epoch[094/100], iter[313/392], loss_total:0.18997, loss_equ:0.61581 loss_pq_vm:0.00271 loss_pq_va:0.04347 loss_pv_va:0.05777
INFO|2024-09-25 17:38:38: Epoch[094/100], iter[352/392], loss_total:0.18793, loss_equ:0.61232 loss_pq_vm:0.00257 loss_pq_va:0.04300 loss_pv_va:0.05800
INFO|2024-09-25 17:38:51: Epoch[094/100], iter[392/392], loss_total:0.18605, loss_equ:0.61110 loss_pq_vm:0.00258 loss_pq_va:0.04266 loss_pv_va:0.05646
INFO|2024-09-25 17:39:46: Epoch 93/100, lr:  0.00001877, eta: 0.31h, train_loss:  0.18209, valid_loss:  0.31638
INFO|2024-09-25 17:39:46: 	Train: PQ_Vm_rmse: 0.00407790  PQ_Va_rmse: 0.05990697  PV_Va_rmse: 0.08168851  delta_p: 0.44381989  delta_q: 0.10893769  
INFO|2024-09-25 17:39:46: 	ZTest: PQ_Vm_rmse: 0.00795949  PQ_Va_rmse: 0.10781097  PV_Va_rmse: 0.14029165  delta_p: 0.72465517  delta_q: 0.17382458  
INFO|2024-09-25 17:39:46: 	ZTest-ema: PQ_Vm_rmse: 0.007979  PQ_Va_rmse: 0.107781  PV_Va_rmse: 0.140028  delta_p: 0.721146  delta_q: 0.173175  
INFO|2024-09-25 17:39:46: 	           ValOfEMA:0.140028/0.131452,  Epoch:94/43
INFO|2024-09-25 17:39:47: 	Time(ep):186s,  Val(curr/best):0.140292/0.132074,  Epoch(curr/best):94/39
INFO|2024-09-25 17:39:47: -------------------- Epoch: 95 --------------------
INFO|2024-09-25 17:40:01: Epoch[095/100], iter[040/392], loss_total:0.17385, loss_equ:0.58564 loss_pq_vm:0.00242 loss_pq_va:0.03927 loss_pv_va:0.05179
INFO|2024-09-25 17:40:14: Epoch[095/100], iter[079/392], loss_total:0.18295, loss_equ:0.61395 loss_pq_vm:0.00245 loss_pq_va:0.04246 loss_pv_va:0.05457
INFO|2024-09-25 17:40:28: Epoch[095/100], iter[118/392], loss_total:0.19047, loss_equ:0.61199 loss_pq_vm:0.00257 loss_pq_va:0.04431 loss_pv_va:0.05930
INFO|2024-09-25 17:40:41: Epoch[095/100], iter[157/392], loss_total:0.17890, loss_equ:0.59283 loss_pq_vm:0.00243 loss_pq_va:0.04181 loss_pv_va:0.05355
INFO|2024-09-25 17:40:54: Epoch[095/100], iter[196/392], loss_total:0.17743, loss_equ:0.59371 loss_pq_vm:0.00226 loss_pq_va:0.04045 loss_pv_va:0.05501
INFO|2024-09-25 17:41:07: Epoch[095/100], iter[235/392], loss_total:0.18126, loss_equ:0.60757 loss_pq_vm:0.00240 loss_pq_va:0.04156 loss_pv_va:0.05497
INFO|2024-09-25 17:41:20: Epoch[095/100], iter[274/392], loss_total:0.18104, loss_equ:0.59654 loss_pq_vm:0.00261 loss_pq_va:0.04122 loss_pv_va:0.05402
INFO|2024-09-25 17:41:33: Epoch[095/100], iter[313/392], loss_total:0.18231, loss_equ:0.61205 loss_pq_vm:0.00238 loss_pq_va:0.04117 loss_pv_va:0.05612
INFO|2024-09-25 17:41:46: Epoch[095/100], iter[352/392], loss_total:0.17970, loss_equ:0.59783 loss_pq_vm:0.00258 loss_pq_va:0.04049 loss_pv_va:0.05360
INFO|2024-09-25 17:42:00: Epoch[095/100], iter[392/392], loss_total:0.17431, loss_equ:0.59046 loss_pq_vm:0.00240 loss_pq_va:0.03849 loss_pv_va:0.05280
INFO|2024-09-25 17:42:55: Epoch 94/100, lr:  0.00001609, eta: 0.26h, train_loss:  0.18175, valid_loss:  0.31677
INFO|2024-09-25 17:42:55: 	Train: PQ_Vm_rmse: 0.00407188  PQ_Va_rmse: 0.05979488  PV_Va_rmse: 0.08154243  delta_p: 0.44343291  delta_q: 0.10883087  
INFO|2024-09-25 17:42:55: 	ZTest: PQ_Vm_rmse: 0.00801841  PQ_Va_rmse: 0.10785533  PV_Va_rmse: 0.14017435  delta_p: 0.72287480  delta_q: 0.17314743  
INFO|2024-09-25 17:42:55: 	ZTest-ema: PQ_Vm_rmse: 0.007977  PQ_Va_rmse: 0.107780  PV_Va_rmse: 0.140117  delta_p: 0.722221  delta_q: 0.173294  
INFO|2024-09-25 17:42:55: 	           ValOfEMA:0.140117/0.131452,  Epoch:95/43
INFO|2024-09-25 17:42:56: 	Time(ep):188s,  Val(curr/best):0.140174/0.132074,  Epoch(curr/best):95/39
INFO|2024-09-25 17:42:56: -------------------- Epoch: 96 --------------------
INFO|2024-09-25 17:43:11: Epoch[096/100], iter[040/392], loss_total:0.19078, loss_equ:0.61930 loss_pq_vm:0.00275 loss_pq_va:0.04398 loss_pv_va:0.05735
INFO|2024-09-25 17:43:24: Epoch[096/100], iter[079/392], loss_total:0.18773, loss_equ:0.61463 loss_pq_vm:0.00244 loss_pq_va:0.04372 loss_pv_va:0.05815
INFO|2024-09-25 17:43:37: Epoch[096/100], iter[118/392], loss_total:0.18025, loss_equ:0.60116 loss_pq_vm:0.00250 loss_pq_va:0.04082 loss_pv_va:0.05429
INFO|2024-09-25 17:43:50: Epoch[096/100], iter[157/392], loss_total:0.18634, loss_equ:0.62371 loss_pq_vm:0.00275 loss_pq_va:0.04197 loss_pv_va:0.05450
INFO|2024-09-25 17:44:03: Epoch[096/100], iter[196/392], loss_total:0.17945, loss_equ:0.60323 loss_pq_vm:0.00246 loss_pq_va:0.04065 loss_pv_va:0.05391
INFO|2024-09-25 17:44:17: Epoch[096/100], iter[235/392], loss_total:0.19148, loss_equ:0.61793 loss_pq_vm:0.00254 loss_pq_va:0.04495 loss_pv_va:0.05929
INFO|2024-09-25 17:44:30: Epoch[096/100], iter[274/392], loss_total:0.17593, loss_equ:0.59693 loss_pq_vm:0.00263 loss_pq_va:0.03918 loss_pv_va:0.05075
INFO|2024-09-25 17:44:43: Epoch[096/100], iter[313/392], loss_total:0.19377, loss_equ:0.61845 loss_pq_vm:0.00266 loss_pq_va:0.04524 loss_pv_va:0.06008
INFO|2024-09-25 17:44:55: Epoch[096/100], iter[352/392], loss_total:0.19154, loss_equ:0.61080 loss_pq_vm:0.00266 loss_pq_va:0.04482 loss_pv_va:0.05899
INFO|2024-09-25 17:45:09: Epoch[096/100], iter[392/392], loss_total:0.17792, loss_equ:0.59995 loss_pq_vm:0.00255 loss_pq_va:0.04033 loss_pv_va:0.05208
INFO|2024-09-25 17:46:04: Epoch 95/100, lr:  0.00001390, eta: 0.21h, train_loss:  0.18150, valid_loss:  0.31659
INFO|2024-09-25 17:46:04: 	Train: PQ_Vm_rmse: 0.00407084  PQ_Va_rmse: 0.05974717  PV_Va_rmse: 0.08144062  delta_p: 0.44286487  delta_q: 0.10874555  
INFO|2024-09-25 17:46:04: 	ZTest: PQ_Vm_rmse: 0.00803606  PQ_Va_rmse: 0.10794517  PV_Va_rmse: 0.14018657  delta_p: 0.72257228  delta_q: 0.17322981  
INFO|2024-09-25 17:46:04: 	ZTest-ema: PQ_Vm_rmse: 0.007981  PQ_Va_rmse: 0.107870  PV_Va_rmse: 0.140229  delta_p: 0.722022  delta_q: 0.173164  
INFO|2024-09-25 17:46:04: 	           ValOfEMA:0.140229/0.131452,  Epoch:96/43
INFO|2024-09-25 17:46:05: 	Time(ep):188s,  Val(curr/best):0.140187/0.132074,  Epoch(curr/best):96/39
INFO|2024-09-25 17:46:05: -------------------- Epoch: 97 --------------------
INFO|2024-09-25 17:46:20: Epoch[097/100], iter[040/392], loss_total:0.18805, loss_equ:0.62674 loss_pq_vm:0.00247 loss_pq_va:0.04314 loss_pv_va:0.05750
INFO|2024-09-25 17:46:33: Epoch[097/100], iter[079/392], loss_total:0.17645, loss_equ:0.59468 loss_pq_vm:0.00241 loss_pq_va:0.03956 loss_pv_va:0.05330
INFO|2024-09-25 17:46:46: Epoch[097/100], iter[118/392], loss_total:0.17669, loss_equ:0.60120 loss_pq_vm:0.00238 loss_pq_va:0.04047 loss_pv_va:0.05234
INFO|2024-09-25 17:46:59: Epoch[097/100], iter[157/392], loss_total:0.17607, loss_equ:0.59332 loss_pq_vm:0.00237 loss_pq_va:0.03976 loss_pv_va:0.05332
INFO|2024-09-25 17:47:12: Epoch[097/100], iter[196/392], loss_total:0.18111, loss_equ:0.59239 loss_pq_vm:0.00260 loss_pq_va:0.04104 loss_pv_va:0.05487
INFO|2024-09-25 17:47:25: Epoch[097/100], iter[235/392], loss_total:0.17883, loss_equ:0.60231 loss_pq_vm:0.00253 loss_pq_va:0.03993 loss_pv_va:0.05338
INFO|2024-09-25 17:47:38: Epoch[097/100], iter[274/392], loss_total:0.18519, loss_equ:0.59258 loss_pq_vm:0.00254 loss_pq_va:0.04304 loss_pv_va:0.05745
INFO|2024-09-25 17:47:51: Epoch[097/100], iter[313/392], loss_total:0.17532, loss_equ:0.59392 loss_pq_vm:0.00246 loss_pq_va:0.03873 loss_pv_va:0.05263
INFO|2024-09-25 17:48:04: Epoch[097/100], iter[352/392], loss_total:0.18109, loss_equ:0.61030 loss_pq_vm:0.00244 loss_pq_va:0.04115 loss_pv_va:0.05456
INFO|2024-09-25 17:48:17: Epoch[097/100], iter[392/392], loss_total:0.18612, loss_equ:0.61518 loss_pq_vm:0.00255 loss_pq_va:0.04285 loss_pv_va:0.05628
INFO|2024-09-25 17:49:13: Epoch 96/100, lr:  0.00001220, eta: 0.16h, train_loss:  0.18125, valid_loss:  0.31652
INFO|2024-09-25 17:49:13: 	Train: PQ_Vm_rmse: 0.00406841  PQ_Va_rmse: 0.05966423  PV_Va_rmse: 0.08131291  delta_p: 0.44245716  delta_q: 0.10864804  
INFO|2024-09-25 17:49:13: 	ZTest: PQ_Vm_rmse: 0.00796631  PQ_Va_rmse: 0.10788074  PV_Va_rmse: 0.14040755  delta_p: 0.72406437  delta_q: 0.17378145  
INFO|2024-09-25 17:49:13: 	ZTest-ema: PQ_Vm_rmse: 0.007982  PQ_Va_rmse: 0.107889  PV_Va_rmse: 0.140305  delta_p: 0.722746  delta_q: 0.173325  
INFO|2024-09-25 17:49:13: 	           ValOfEMA:0.140305/0.131452,  Epoch:97/43
INFO|2024-09-25 17:49:13: 	Time(ep):187s,  Val(curr/best):0.140408/0.132074,  Epoch(curr/best):97/39
INFO|2024-09-25 17:49:13: -------------------- Epoch: 98 --------------------
INFO|2024-09-25 17:49:28: Epoch[098/100], iter[040/392], loss_total:0.17439, loss_equ:0.58313 loss_pq_vm:0.00236 loss_pq_va:0.03970 loss_pv_va:0.05278
INFO|2024-09-25 17:49:41: Epoch[098/100], iter[079/392], loss_total:0.17885, loss_equ:0.59067 loss_pq_vm:0.00242 loss_pq_va:0.04056 loss_pv_va:0.05499
INFO|2024-09-25 17:49:54: Epoch[098/100], iter[118/392], loss_total:0.17785, loss_equ:0.59320 loss_pq_vm:0.00251 loss_pq_va:0.04018 loss_pv_va:0.05326
INFO|2024-09-25 17:50:07: Epoch[098/100], iter[157/392], loss_total:0.17602, loss_equ:0.60406 loss_pq_vm:0.00237 loss_pq_va:0.03954 loss_pv_va:0.05233
INFO|2024-09-25 17:50:20: Epoch[098/100], iter[196/392], loss_total:0.17606, loss_equ:0.59173 loss_pq_vm:0.00243 loss_pq_va:0.04030 loss_pv_va:0.05226
INFO|2024-09-25 17:50:34: Epoch[098/100], iter[235/392], loss_total:0.17616, loss_equ:0.60139 loss_pq_vm:0.00235 loss_pq_va:0.03929 loss_pv_va:0.05327
INFO|2024-09-25 17:50:47: Epoch[098/100], iter[274/392], loss_total:0.17743, loss_equ:0.59683 loss_pq_vm:0.00233 loss_pq_va:0.04058 loss_pv_va:0.05389
INFO|2024-09-25 17:51:00: Epoch[098/100], iter[313/392], loss_total:0.18326, loss_equ:0.59031 loss_pq_vm:0.00243 loss_pq_va:0.04273 loss_pv_va:0.05715
INFO|2024-09-25 17:51:13: Epoch[098/100], iter[352/392], loss_total:0.18374, loss_equ:0.61194 loss_pq_vm:0.00247 loss_pq_va:0.04195 loss_pv_va:0.05593
INFO|2024-09-25 17:51:27: Epoch[098/100], iter[392/392], loss_total:0.18599, loss_equ:0.61525 loss_pq_vm:0.00272 loss_pq_va:0.04207 loss_pv_va:0.05519
INFO|2024-09-25 17:52:22: Epoch 97/100, lr:  0.00001098, eta: 0.1h, train_loss:  0.18112, valid_loss:  0.31712
INFO|2024-09-25 17:52:22: 	Train: PQ_Vm_rmse: 0.00406566  PQ_Va_rmse: 0.05963977  PV_Va_rmse: 0.08127556  delta_p: 0.44213234  delta_q: 0.10860589  
INFO|2024-09-25 17:52:22: 	ZTest: PQ_Vm_rmse: 0.00803238  PQ_Va_rmse: 0.10792367  PV_Va_rmse: 0.14032155  delta_p: 0.72401238  delta_q: 0.17405394  
INFO|2024-09-25 17:52:22: 	ZTest-ema: PQ_Vm_rmse: 0.007979  PQ_Va_rmse: 0.107955  PV_Va_rmse: 0.140398  delta_p: 0.722635  delta_q: 0.173338  
INFO|2024-09-25 17:52:22: 	           ValOfEMA:0.140398/0.131452,  Epoch:98/43
INFO|2024-09-25 17:52:22: 	Time(ep):188s,  Val(curr/best):0.140322/0.132074,  Epoch(curr/best):98/39
INFO|2024-09-25 17:52:22: -------------------- Epoch: 99 --------------------
INFO|2024-09-25 17:52:37: Epoch[099/100], iter[040/392], loss_total:0.17939, loss_equ:0.59192 loss_pq_vm:0.00253 loss_pq_va:0.04074 loss_pv_va:0.05421
INFO|2024-09-25 17:52:50: Epoch[099/100], iter[079/392], loss_total:0.17583, loss_equ:0.59274 loss_pq_vm:0.00243 loss_pq_va:0.04009 loss_pv_va:0.05221
INFO|2024-09-25 17:53:04: Epoch[099/100], iter[118/392], loss_total:0.18141, loss_equ:0.59349 loss_pq_vm:0.00248 loss_pq_va:0.04227 loss_pv_va:0.05497
INFO|2024-09-25 17:53:17: Epoch[099/100], iter[157/392], loss_total:0.17748, loss_equ:0.59179 loss_pq_vm:0.00243 loss_pq_va:0.04078 loss_pv_va:0.05323
INFO|2024-09-25 17:53:30: Epoch[099/100], iter[196/392], loss_total:0.18892, loss_equ:0.60578 loss_pq_vm:0.00260 loss_pq_va:0.04441 loss_pv_va:0.05791
INFO|2024-09-25 17:53:43: Epoch[099/100], iter[235/392], loss_total:0.17980, loss_equ:0.58927 loss_pq_vm:0.00253 loss_pq_va:0.04172 loss_pv_va:0.05383
INFO|2024-09-25 17:53:56: Epoch[099/100], iter[274/392], loss_total:0.17457, loss_equ:0.57598 loss_pq_vm:0.00240 loss_pq_va:0.04030 loss_pv_va:0.05266
INFO|2024-09-25 17:54:10: Epoch[099/100], iter[313/392], loss_total:0.18045, loss_equ:0.59133 loss_pq_vm:0.00249 loss_pq_va:0.04106 loss_pv_va:0.05538
INFO|2024-09-25 17:54:22: Epoch[099/100], iter[352/392], loss_total:0.17610, loss_equ:0.58345 loss_pq_vm:0.00247 loss_pq_va:0.03964 loss_pv_va:0.05343
INFO|2024-09-25 17:54:36: Epoch[099/100], iter[392/392], loss_total:0.17713, loss_equ:0.58349 loss_pq_vm:0.00239 loss_pq_va:0.04105 loss_pv_va:0.05387
INFO|2024-09-25 17:55:31: Epoch 98/100, lr:  0.00001024, eta: 0.05h, train_loss:  0.18096, valid_loss:  0.31590
INFO|2024-09-25 17:55:31: 	Train: PQ_Vm_rmse: 0.00406430  PQ_Va_rmse: 0.05958690  PV_Va_rmse: 0.08120961  delta_p: 0.44194914  delta_q: 0.10855961  
INFO|2024-09-25 17:55:31: 	ZTest: PQ_Vm_rmse: 0.00797522  PQ_Va_rmse: 0.10791603  PV_Va_rmse: 0.14008635  delta_p: 0.72131542  delta_q: 0.17357233  
INFO|2024-09-25 17:55:31: 	ZTest-ema: PQ_Vm_rmse: 0.007985  PQ_Va_rmse: 0.107919  PV_Va_rmse: 0.140350  delta_p: 0.722721  delta_q: 0.173346  
INFO|2024-09-25 17:55:31: 	           ValOfEMA:0.140350/0.131452,  Epoch:99/43
INFO|2024-09-25 17:55:32: 	Time(ep):188s,  Val(curr/best):0.140086/0.132074,  Epoch(curr/best):99/39
INFO|2024-09-25 17:55:32: -------------------- Epoch: 100 --------------------
INFO|2024-09-25 17:55:46: Epoch[100/100], iter[040/392], loss_total:0.19264, loss_equ:0.60677 loss_pq_vm:0.00274 loss_pq_va:0.04604 loss_pv_va:0.05850
INFO|2024-09-25 17:55:59: Epoch[100/100], iter[079/392], loss_total:0.18128, loss_equ:0.59843 loss_pq_vm:0.00249 loss_pq_va:0.04164 loss_pv_va:0.05490
INFO|2024-09-25 17:56:12: Epoch[100/100], iter[118/392], loss_total:0.19506, loss_equ:0.61850 loss_pq_vm:0.00275 loss_pq_va:0.04566 loss_pv_va:0.06009
INFO|2024-09-25 17:56:25: Epoch[100/100], iter[157/392], loss_total:0.17269, loss_equ:0.58403 loss_pq_vm:0.00257 loss_pq_va:0.03904 loss_pv_va:0.04958
INFO|2024-09-25 17:56:38: Epoch[100/100], iter[196/392], loss_total:0.18164, loss_equ:0.59630 loss_pq_vm:0.00246 loss_pq_va:0.04244 loss_pv_va:0.05494
INFO|2024-09-25 17:56:51: Epoch[100/100], iter[235/392], loss_total:0.18398, loss_equ:0.59547 loss_pq_vm:0.00257 loss_pq_va:0.04284 loss_pv_va:0.05591
INFO|2024-09-25 17:57:05: Epoch[100/100], iter[274/392], loss_total:0.18804, loss_equ:0.61432 loss_pq_vm:0.00266 loss_pq_va:0.04276 loss_pv_va:0.05723
INFO|2024-09-25 17:57:18: Epoch[100/100], iter[313/392], loss_total:0.18883, loss_equ:0.61242 loss_pq_vm:0.00255 loss_pq_va:0.04397 loss_pv_va:0.05814
INFO|2024-09-25 17:57:31: Epoch[100/100], iter[352/392], loss_total:0.18638, loss_equ:0.61141 loss_pq_vm:0.00246 loss_pq_va:0.04321 loss_pv_va:0.05746
INFO|2024-09-25 17:57:44: Epoch[100/100], iter[392/392], loss_total:0.18608, loss_equ:0.60902 loss_pq_vm:0.00236 loss_pq_va:0.04367 loss_pv_va:0.05787
INFO|2024-09-25 17:58:40: Epoch 99/100, lr:  0.00001000, eta: 0.0h, train_loss:  0.18087, valid_loss:  0.31700
INFO|2024-09-25 17:58:40: 	Train: PQ_Vm_rmse: 0.00406253  PQ_Va_rmse: 0.05958404  PV_Va_rmse: 0.08117261  delta_p: 0.44159829  delta_q: 0.10851307  
INFO|2024-09-25 17:58:40: 	ZTest: PQ_Vm_rmse: 0.00799292  PQ_Va_rmse: 0.10787281  PV_Va_rmse: 0.14048932  delta_p: 0.72529436  delta_q: 0.17397058  
INFO|2024-09-25 17:58:40: 	ZTest-ema: PQ_Vm_rmse: 0.007976  PQ_Va_rmse: 0.107957  PV_Va_rmse: 0.140495  delta_p: 0.723648  delta_q: 0.173424  
INFO|2024-09-25 17:58:40: 	           ValOfEMA:0.140495/0.131452,  Epoch:100/43
INFO|2024-09-25 17:58:40: 	Time(ep):188s,  Val(curr/best):0.140489/0.132074,  Epoch(curr/best):100/39
