INFO|2024-09-25 11:46:08: 
{'batch_size': 256,
 'config': '/home/bingxing2/ailab/zhaozhen/energy/senseflow/configs/test_gnns_ginconv_v2_1.yaml',
 'data': {'batch_size': 256,
          'batch_size_test': 256,
          'meta': {'edge': [['PQ', 'default', 'PQ'],
                            ['PQ', 'default', 'PV'],
                            ['PQ', 'default', 'Slack'],
                            ['PV', 'default', 'PQ'],
                            ['PV', 'default', 'PV'],
                            ['PV', 'default', 'Slack'],
                            ['Slack', 'default', 'PQ'],
                            ['Slack', 'default', 'PV']],
                   'node': ['PQ', 'PV', 'Slack']},
          'num_workers': 4,
          'train': {'data_root': '/',
                    'dataset_type': 'PowerFlowDataset',
                    'mask_num': 0,
                    'pq_len': 29,
                    'pv_len': 9,
                    'slack_len': 1,
                    'split_txt': '/home/bingxing2/ailab/zhaozhen/energy/senseflow/data_json/processed/10w_case39_n_n_1.json'},
          'val': {'data_root': '/',
                  'dataset_type': 'PowerFlowDataset',
                  'mask_num': 0,
                  'pq_len': 29,
                  'pv_len': 9,
                  'slack_len': 1,
                  'split_txt': '/home/bingxing2/ailab/zhaozhen/energy/senseflow/data_json/processed/2w_case39_n_2.json'}},
 'distributed': False,
 'flag_return_losses': True,
 'local_rank': 0,
 'log_path': './results/test_gnns_ginconv_v2_1/2024_09_25_11_46_07',
 'loss': {'aggr': 'abs', 'filt_type': True, 'type': 'bi_deltapq_loss'},
 'mask_num': 0,
 'model': {'batch_size': 256,
           'ema_decay_param': 0.99,
           'ema_warmup_epoch': 10,
           'flag_use_edge_feat': False,
           'flag_use_ema': True,
           'flag_use_ffn': False,
           'flag_use_fusion': False,
           'flag_weighted_loss': True,
           'gcn_type': 'ginconv',
           'heads_num': 4,
           'hidden_channels': 128,
           'loss_type': 'l1',
           'loss_weight_equ': 0.1,
           'loss_weight_va': 1.0,
           'loss_weight_vm': 10.0,
           'matrix': 'vm_va',
           'num_block': 8,
           'num_loops_test': -1,
           'num_loops_train': 8,
           'resume_ckpt_path': '',
           'scaling_factor_va': 0.01,
           'scaling_factor_vm': 0.01,
           'type': 'test_gnn',
           'with_norm': True},
 'ngpus': 1,
 'pq_len': 29,
 'pv_len': 9,
 'scheduler': {'eta_min': '1e-5', 'type': 'Cosine'},
 'seed': 2024,
 'slack_len': 1,
 'train': {'epochs': 100,
           'learning_rate': 0.001,
           'logs_freq': 10,
           'momentum': 0.9,
           'optimizer_type': 'Adam',
           'weight_decay': 0.0}}
INFO|2024-09-25 11:46:13: ==================== Total number of parameters: 1.065M
INFO|2024-09-25 11:46:13: -------------------- Epoch: 1 --------------------
INFO|2024-09-25 11:46:48: Epoch[001/100], iter[040/392], loss_total:6.16174, loss_equ:15.54973 loss_pq_vm:0.11855 loss_pq_va:1.65158 loss_pv_va:1.76974
INFO|2024-09-25 11:47:19: Epoch[001/100], iter[079/392], loss_total:5.10703, loss_equ:12.86588 loss_pq_vm:0.07232 loss_pq_va:1.49859 loss_pv_va:1.59866
INFO|2024-09-25 11:47:51: Epoch[001/100], iter[118/392], loss_total:5.09571, loss_equ:11.83560 loss_pq_vm:0.07658 loss_pq_va:1.52606 loss_pv_va:1.62032
INFO|2024-09-25 11:48:23: Epoch[001/100], iter[157/392], loss_total:4.26027, loss_equ:9.70476 loss_pq_vm:0.06559 loss_pq_va:1.27162 loss_pv_va:1.36229
INFO|2024-09-25 11:48:55: Epoch[001/100], iter[196/392], loss_total:4.14879, loss_equ:10.69736 loss_pq_vm:0.06637 loss_pq_va:1.16057 loss_pv_va:1.25478
INFO|2024-09-25 11:49:27: Epoch[001/100], iter[235/392], loss_total:3.85349, loss_equ:8.43319 loss_pq_vm:0.05642 loss_pq_va:1.17689 loss_pv_va:1.26906
INFO|2024-09-25 11:49:58: Epoch[001/100], iter[274/392], loss_total:3.44648, loss_equ:7.66774 loss_pq_vm:0.05409 loss_pq_va:1.02957 loss_pv_va:1.10919
INFO|2024-09-25 11:50:31: Epoch[001/100], iter[313/392], loss_total:3.97322, loss_equ:7.01281 loss_pq_vm:0.06270 loss_pq_va:1.27421 loss_pv_va:1.37070
INFO|2024-09-25 11:51:03: Epoch[001/100], iter[352/392], loss_total:3.43517, loss_equ:9.41734 loss_pq_vm:0.05117 loss_pq_va:0.94618 loss_pv_va:1.03557
INFO|2024-09-25 11:51:36: Epoch[001/100], iter[392/392], loss_total:3.60739, loss_equ:8.80102 loss_pq_vm:0.05552 loss_pq_va:1.04509 loss_pv_va:1.12695
INFO|2024-09-25 11:52:52: Epoch 0/100, lr:  0.00099976, eta: 10.96h, train_loss:  4.49820, valid_loss:  3.66285
INFO|2024-09-25 11:52:52: 	Train: PQ_Vm_rmse: 0.01017148  PQ_Va_rmse: 0.13565068  PV_Va_rmse: 0.14842449  delta_p: 0.70072063  delta_q: 0.24722871  
INFO|2024-09-25 11:52:52: 	ZTest: PQ_Vm_rmse: 0.00756401  PQ_Va_rmse: 0.07612982  PV_Va_rmse: 0.08427368  delta_p: 0.53780639  delta_q: 0.15506012  
INFO|2024-09-25 11:52:52: 	ZTest-ema: PQ_Vm_rmse: 0.007564  PQ_Va_rmse: 0.076130  PV_Va_rmse: 0.084274  delta_p: 0.537806  delta_q: 0.155060  
INFO|2024-09-25 11:52:52: 	           ValOfEMA:0.084274/0.084274,  Epoch:1/1
INFO|2024-09-25 11:52:53: 	Time(ep):398s,  Val(curr/best):0.084274/0.084274,  Epoch(curr/best):1/1
INFO|2024-09-25 11:52:53: -------------------- Epoch: 2 --------------------
INFO|2024-09-25 11:53:27: Epoch[002/100], iter[040/392], loss_total:3.30836, loss_equ:7.50513 loss_pq_vm:0.06184 loss_pq_va:0.93573 loss_pv_va:1.00376
INFO|2024-09-25 11:53:59: Epoch[002/100], iter[079/392], loss_total:3.83379, loss_equ:7.79008 loss_pq_vm:0.05442 loss_pq_va:1.19497 loss_pv_va:1.31563
INFO|2024-09-25 11:54:32: Epoch[002/100], iter[118/392], loss_total:3.15300, loss_equ:8.50856 loss_pq_vm:0.04982 loss_pq_va:0.85873 loss_pv_va:0.94520
INFO|2024-09-25 11:55:03: Epoch[002/100], iter[157/392], loss_total:3.18574, loss_equ:9.16237 loss_pq_vm:0.04837 loss_pq_va:0.85899 loss_pv_va:0.92680
INFO|2024-09-25 11:55:35: Epoch[002/100], iter[196/392], loss_total:3.27190, loss_equ:7.54641 loss_pq_vm:0.06055 loss_pq_va:0.91454 loss_pv_va:0.99727
INFO|2024-09-25 11:56:07: Epoch[002/100], iter[235/392], loss_total:3.25861, loss_equ:7.08523 loss_pq_vm:0.05069 loss_pq_va:0.99067 loss_pv_va:1.05256
INFO|2024-09-25 11:56:38: Epoch[002/100], iter[274/392], loss_total:2.73939, loss_equ:6.13471 loss_pq_vm:0.04923 loss_pq_va:0.78694 loss_pv_va:0.84673
INFO|2024-09-25 11:57:10: Epoch[002/100], iter[313/392], loss_total:2.50814, loss_equ:6.27135 loss_pq_vm:0.03972 loss_pq_va:0.70840 loss_pv_va:0.77544
INFO|2024-09-25 11:57:42: Epoch[002/100], iter[352/392], loss_total:2.74092, loss_equ:5.86144 loss_pq_vm:0.04647 loss_pq_va:0.80768 loss_pv_va:0.88238
INFO|2024-09-25 11:58:15: Epoch[002/100], iter[392/392], loss_total:3.12156, loss_equ:9.29623 loss_pq_vm:0.04457 loss_pq_va:0.84787 loss_pv_va:0.89840
INFO|2024-09-25 11:59:30: Epoch 1/100, lr:  0.00099902, eta: 10.81h, train_loss:  3.08606, valid_loss:  3.55920
INFO|2024-09-25 11:59:30: 	Train: PQ_Vm_rmse: 0.00541711  PQ_Va_rmse: 0.07197256  PV_Va_rmse: 0.07838581  delta_p: 0.37644333  delta_q: 0.10866494  
INFO|2024-09-25 11:59:30: 	ZTest: PQ_Vm_rmse: 0.00735988  PQ_Va_rmse: 0.07872963  PV_Va_rmse: 0.08365245  delta_p: 0.85235510  delta_q: 0.16723563  
INFO|2024-09-25 11:59:30: 	ZTest-ema: PQ_Vm_rmse: 0.007360  PQ_Va_rmse: 0.078730  PV_Va_rmse: 0.083652  delta_p: 0.852355  delta_q: 0.167236  
INFO|2024-09-25 11:59:30: 	           ValOfEMA:0.083652/0.083652,  Epoch:2/2
INFO|2024-09-25 11:59:31: 	Time(ep):397s,  Val(curr/best):0.083652/0.083652,  Epoch(curr/best):2/2
INFO|2024-09-25 11:59:31: -------------------- Epoch: 3 --------------------
INFO|2024-09-25 12:00:04: Epoch[003/100], iter[040/392], loss_total:2.71322, loss_equ:6.48923 loss_pq_vm:0.04144 loss_pq_va:0.79047 loss_pv_va:0.85938
INFO|2024-09-25 12:00:35: Epoch[003/100], iter[079/392], loss_total:2.66979, loss_equ:8.26788 loss_pq_vm:0.04055 loss_pq_va:0.68448 loss_pv_va:0.75300
INFO|2024-09-25 12:01:07: Epoch[003/100], iter[118/392], loss_total:2.70654, loss_equ:6.81548 loss_pq_vm:0.04593 loss_pq_va:0.75212 loss_pv_va:0.81359
INFO|2024-09-25 12:01:39: Epoch[003/100], iter[157/392], loss_total:2.35610, loss_equ:6.12948 loss_pq_vm:0.03898 loss_pq_va:0.64847 loss_pv_va:0.70490
INFO|2024-09-25 12:02:11: Epoch[003/100], iter[196/392], loss_total:2.15246, loss_equ:5.06092 loss_pq_vm:0.03505 loss_pq_va:0.62084 loss_pv_va:0.67505
INFO|2024-09-25 12:02:43: Epoch[003/100], iter[235/392], loss_total:2.34534, loss_equ:5.08180 loss_pq_vm:0.03714 loss_pq_va:0.70625 loss_pv_va:0.75951
INFO|2024-09-25 12:03:16: Epoch[003/100], iter[274/392], loss_total:2.34652, loss_equ:5.10102 loss_pq_vm:0.04577 loss_pq_va:0.65761 loss_pv_va:0.72112
INFO|2024-09-25 12:03:48: Epoch[003/100], iter[313/392], loss_total:2.62500, loss_equ:5.65634 loss_pq_vm:0.04346 loss_pq_va:0.77941 loss_pv_va:0.84537
INFO|2024-09-25 12:04:20: Epoch[003/100], iter[352/392], loss_total:2.23078, loss_equ:5.16812 loss_pq_vm:0.03544 loss_pq_va:0.65488 loss_pv_va:0.70465
INFO|2024-09-25 12:04:52: Epoch[003/100], iter[392/392], loss_total:2.77254, loss_equ:7.97683 loss_pq_vm:0.04322 loss_pq_va:0.73327 loss_pv_va:0.80935
INFO|2024-09-25 12:06:07: Epoch 2/100, lr:  0.00099780, eta: 10.68h, train_loss:  2.59504, valid_loss:  2.96956
INFO|2024-09-25 12:06:07: 	Train: PQ_Vm_rmse: 0.00418270  PQ_Va_rmse: 0.05605654  PV_Va_rmse: 0.06126954  delta_p: 0.29229608  delta_q: 0.08231471  
INFO|2024-09-25 12:06:07: 	ZTest: PQ_Vm_rmse: 0.00555637  PQ_Va_rmse: 0.06790539  PV_Va_rmse: 0.07487090  delta_p: 0.44526735  delta_q: 0.16239561  
INFO|2024-09-25 12:06:07: 	ZTest-ema: PQ_Vm_rmse: 0.005556  PQ_Va_rmse: 0.067905  PV_Va_rmse: 0.074871  delta_p: 0.445268  delta_q: 0.162396  
INFO|2024-09-25 12:06:07: 	           ValOfEMA:0.074871/0.074871,  Epoch:3/3
INFO|2024-09-25 12:06:08: 	Time(ep):396s,  Val(curr/best):0.074871/0.074871,  Epoch(curr/best):3/3
INFO|2024-09-25 12:06:08: -------------------- Epoch: 4 --------------------
INFO|2024-09-25 12:06:42: Epoch[004/100], iter[040/392], loss_total:2.65412, loss_equ:7.59530 loss_pq_vm:0.04186 loss_pq_va:0.69517 loss_pv_va:0.78079
INFO|2024-09-25 12:07:15: Epoch[004/100], iter[079/392], loss_total:2.10660, loss_equ:5.07564 loss_pq_vm:0.03447 loss_pq_va:0.59939 loss_pv_va:0.65495
INFO|2024-09-25 12:07:47: Epoch[004/100], iter[118/392], loss_total:2.12969, loss_equ:5.01279 loss_pq_vm:0.03836 loss_pq_va:0.60103 loss_pv_va:0.64382
INFO|2024-09-25 12:08:19: Epoch[004/100], iter[157/392], loss_total:2.19121, loss_equ:5.00136 loss_pq_vm:0.03562 loss_pq_va:0.63603 loss_pv_va:0.69882
INFO|2024-09-25 12:08:51: Epoch[004/100], iter[196/392], loss_total:1.89682, loss_equ:4.41194 loss_pq_vm:0.02937 loss_pq_va:0.55774 loss_pv_va:0.60421
INFO|2024-09-25 12:09:23: Epoch[004/100], iter[235/392], loss_total:2.19334, loss_equ:5.74159 loss_pq_vm:0.03706 loss_pq_va:0.59877 loss_pv_va:0.64979
INFO|2024-09-25 12:09:55: Epoch[004/100], iter[274/392], loss_total:2.98964, loss_equ:5.97324 loss_pq_vm:0.05449 loss_pq_va:0.88617 loss_pv_va:0.96127
INFO|2024-09-25 12:10:28: Epoch[004/100], iter[313/392], loss_total:2.37204, loss_equ:5.50939 loss_pq_vm:0.03526 loss_pq_va:0.70098 loss_pv_va:0.76754
INFO|2024-09-25 12:11:00: Epoch[004/100], iter[352/392], loss_total:2.15123, loss_equ:5.40419 loss_pq_vm:0.03733 loss_pq_va:0.59255 loss_pv_va:0.64492
INFO|2024-09-25 12:11:33: Epoch[004/100], iter[392/392], loss_total:2.00365, loss_equ:4.75639 loss_pq_vm:0.03324 loss_pq_va:0.57189 loss_pv_va:0.62370
INFO|2024-09-25 12:12:48: Epoch 3/100, lr:  0.00099610, eta: 10.67h, train_loss:  2.29794, valid_loss:  2.25232
INFO|2024-09-25 12:12:48: 	Train: PQ_Vm_rmse: 0.00356919  PQ_Va_rmse: 0.04714031  PV_Va_rmse: 0.05126163  delta_p: 0.22204233  delta_q: 0.06511752  
INFO|2024-09-25 12:12:48: 	ZTest: PQ_Vm_rmse: 0.00425880  PQ_Va_rmse: 0.03720625  PV_Va_rmse: 0.04093378  delta_p: 0.14760072  delta_q: 0.04312584  
INFO|2024-09-25 12:12:48: 	ZTest-ema: PQ_Vm_rmse: 0.004259  PQ_Va_rmse: 0.037206  PV_Va_rmse: 0.040934  delta_p: 0.147601  delta_q: 0.043126  
INFO|2024-09-25 12:12:48: 	           ValOfEMA:0.040934/0.040934,  Epoch:4/4
INFO|2024-09-25 12:12:49: 	Time(ep):400s,  Val(curr/best):0.040934/0.040934,  Epoch(curr/best):4/4
INFO|2024-09-25 12:12:49: -------------------- Epoch: 5 --------------------
INFO|2024-09-25 12:13:23: Epoch[005/100], iter[040/392], loss_total:3.08548, loss_equ:10.46361 loss_pq_vm:0.04674 loss_pq_va:0.75325 loss_pv_va:0.81850
INFO|2024-09-25 12:13:55: Epoch[005/100], iter[079/392], loss_total:2.75551, loss_equ:9.34218 loss_pq_vm:0.05191 loss_pq_va:0.61908 loss_pv_va:0.68308
INFO|2024-09-25 12:14:27: Epoch[005/100], iter[118/392], loss_total:2.20360, loss_equ:6.70134 loss_pq_vm:0.03645 loss_pq_va:0.55932 loss_pv_va:0.60964
INFO|2024-09-25 12:14:59: Epoch[005/100], iter[157/392], loss_total:2.57703, loss_equ:5.25817 loss_pq_vm:0.04011 loss_pq_va:0.79710 loss_pv_va:0.85304
INFO|2024-09-25 12:15:30: Epoch[005/100], iter[196/392], loss_total:2.23034, loss_equ:5.38866 loss_pq_vm:0.04374 loss_pq_va:0.59981 loss_pv_va:0.65429
INFO|2024-09-25 12:16:02: Epoch[005/100], iter[235/392], loss_total:1.87730, loss_equ:4.82912 loss_pq_vm:0.02920 loss_pq_va:0.52853 loss_pv_va:0.57387
INFO|2024-09-25 12:16:34: Epoch[005/100], iter[274/392], loss_total:2.40991, loss_equ:7.17310 loss_pq_vm:0.03655 loss_pq_va:0.63128 loss_pv_va:0.69581
INFO|2024-09-25 12:17:06: Epoch[005/100], iter[313/392], loss_total:2.15663, loss_equ:5.66298 loss_pq_vm:0.04075 loss_pq_va:0.56622 loss_pv_va:0.61658
INFO|2024-09-25 12:17:38: Epoch[005/100], iter[352/392], loss_total:1.86880, loss_equ:5.17583 loss_pq_vm:0.03183 loss_pq_va:0.49511 loss_pv_va:0.53782
INFO|2024-09-25 12:18:11: Epoch[005/100], iter[392/392], loss_total:2.64426, loss_equ:5.11191 loss_pq_vm:0.03798 loss_pq_va:0.82220 loss_pv_va:0.93109
INFO|2024-09-25 12:19:26: Epoch 4/100, lr:  0.00099391, eta: 10.5h, train_loss:  2.28873, valid_loss:  2.46587
INFO|2024-09-25 12:19:26: 	Train: PQ_Vm_rmse: 0.00350997  PQ_Va_rmse: 0.04756030  PV_Va_rmse: 0.05200154  delta_p: 0.27803030  delta_q: 0.07257638  
INFO|2024-09-25 12:19:26: 	ZTest: PQ_Vm_rmse: 0.00369552  PQ_Va_rmse: 0.07607222  PV_Va_rmse: 0.08770686  delta_p: 0.19200898  delta_q: 0.04086633  
INFO|2024-09-25 12:19:26: 	ZTest-ema: PQ_Vm_rmse: 0.003696  PQ_Va_rmse: 0.076072  PV_Va_rmse: 0.087707  delta_p: 0.192008  delta_q: 0.040866  
INFO|2024-09-25 12:19:26: 	           ValOfEMA:0.087707/0.040934,  Epoch:5/4
INFO|2024-09-25 12:19:27: 	Time(ep):397s,  Val(curr/best):0.087707/0.040934,  Epoch(curr/best):5/4
INFO|2024-09-25 12:19:27: -------------------- Epoch: 6 --------------------
INFO|2024-09-25 12:20:01: Epoch[006/100], iter[040/392], loss_total:1.85200, loss_equ:5.36728 loss_pq_vm:0.03099 loss_pq_va:0.48123 loss_pv_va:0.52412
INFO|2024-09-25 12:20:34: Epoch[006/100], iter[079/392], loss_total:1.95181, loss_equ:5.81327 loss_pq_vm:0.02961 loss_pq_va:0.50988 loss_pv_va:0.56450
INFO|2024-09-25 12:21:05: Epoch[006/100], iter[118/392], loss_total:1.81607, loss_equ:5.12348 loss_pq_vm:0.03190 loss_pq_va:0.46935 loss_pv_va:0.51535
INFO|2024-09-25 12:21:37: Epoch[006/100], iter[157/392], loss_total:1.90338, loss_equ:5.54878 loss_pq_vm:0.03021 loss_pq_va:0.49994 loss_pv_va:0.54647
INFO|2024-09-25 12:22:09: Epoch[006/100], iter[196/392], loss_total:2.58001, loss_equ:7.70386 loss_pq_vm:0.04870 loss_pq_va:0.62742 loss_pv_va:0.69518
INFO|2024-09-25 12:22:41: Epoch[006/100], iter[235/392], loss_total:1.99075, loss_equ:4.72015 loss_pq_vm:0.03340 loss_pq_va:0.57683 loss_pv_va:0.60792
INFO|2024-09-25 12:23:13: Epoch[006/100], iter[274/392], loss_total:1.78520, loss_equ:4.47512 loss_pq_vm:0.03095 loss_pq_va:0.49382 loss_pv_va:0.53432
INFO|2024-09-25 12:23:45: Epoch[006/100], iter[313/392], loss_total:1.99682, loss_equ:5.14184 loss_pq_vm:0.03349 loss_pq_va:0.55051 loss_pv_va:0.59720
INFO|2024-09-25 12:24:17: Epoch[006/100], iter[352/392], loss_total:1.83280, loss_equ:5.01665 loss_pq_vm:0.02857 loss_pq_va:0.49943 loss_pv_va:0.54601
INFO|2024-09-25 12:24:50: Epoch[006/100], iter[392/392], loss_total:1.88622, loss_equ:4.67752 loss_pq_vm:0.02942 loss_pq_va:0.54265 loss_pv_va:0.58160
INFO|2024-09-25 12:26:06: Epoch 5/100, lr:  0.00099123, eta: 10.41h, train_loss:  2.08519, valid_loss:  2.12263
INFO|2024-09-25 12:26:06: 	Train: PQ_Vm_rmse: 0.00305119  PQ_Va_rmse: 0.03972112  PV_Va_rmse: 0.04344135  delta_p: 0.19959536  delta_q: 0.05307641  
INFO|2024-09-25 12:26:06: 	ZTest: PQ_Vm_rmse: 0.00279214  PQ_Va_rmse: 0.04340747  PV_Va_rmse: 0.04674952  delta_p: 0.13742072  delta_q: 0.03296958  
INFO|2024-09-25 12:26:06: 	ZTest-ema: PQ_Vm_rmse: 0.002792  PQ_Va_rmse: 0.043407  PV_Va_rmse: 0.046749  delta_p: 0.137421  delta_q: 0.032969  
INFO|2024-09-25 12:26:06: 	           ValOfEMA:0.046749/0.040934,  Epoch:6/4
INFO|2024-09-25 12:26:06: 	Time(ep):398s,  Val(curr/best):0.046750/0.040934,  Epoch(curr/best):6/4
INFO|2024-09-25 12:26:06: -------------------- Epoch: 7 --------------------
INFO|2024-09-25 12:26:40: Epoch[007/100], iter[040/392], loss_total:1.70764, loss_equ:4.71085 loss_pq_vm:0.02753 loss_pq_va:0.45761 loss_pv_va:0.50365
INFO|2024-09-25 12:27:13: Epoch[007/100], iter[079/392], loss_total:1.87904, loss_equ:5.71651 loss_pq_vm:0.02820 loss_pq_va:0.48967 loss_pv_va:0.53571
INFO|2024-09-25 12:27:44: Epoch[007/100], iter[118/392], loss_total:1.87053, loss_equ:6.16728 loss_pq_vm:0.02860 loss_pq_va:0.46051 loss_pv_va:0.50728
INFO|2024-09-25 12:28:16: Epoch[007/100], iter[157/392], loss_total:1.97683, loss_equ:4.53121 loss_pq_vm:0.04005 loss_pq_va:0.54189 loss_pv_va:0.58128
INFO|2024-09-25 12:28:48: Epoch[007/100], iter[196/392], loss_total:1.81439, loss_equ:4.52448 loss_pq_vm:0.02874 loss_pq_va:0.52462 loss_pv_va:0.54988
INFO|2024-09-25 12:29:20: Epoch[007/100], iter[235/392], loss_total:1.80504, loss_equ:4.82306 loss_pq_vm:0.02741 loss_pq_va:0.50333 loss_pv_va:0.54533
INFO|2024-09-25 12:29:52: Epoch[007/100], iter[274/392], loss_total:1.78777, loss_equ:5.68596 loss_pq_vm:0.02676 loss_pq_va:0.45099 loss_pv_va:0.50061
INFO|2024-09-25 12:30:24: Epoch[007/100], iter[313/392], loss_total:1.85554, loss_equ:4.18878 loss_pq_vm:0.03007 loss_pq_va:0.54334 loss_pv_va:0.59264
INFO|2024-09-25 12:30:56: Epoch[007/100], iter[352/392], loss_total:1.73930, loss_equ:4.45847 loss_pq_vm:0.02823 loss_pq_va:0.48482 loss_pv_va:0.52635
INFO|2024-09-25 12:31:29: Epoch[007/100], iter[392/392], loss_total:2.14227, loss_equ:6.84565 loss_pq_vm:0.03684 loss_pq_va:0.52070 loss_pv_va:0.56856
INFO|2024-09-25 12:32:44: Epoch 6/100, lr:  0.00098808, eta: 10.28h, train_loss:  1.82812, valid_loss:  2.20653
INFO|2024-09-25 12:32:44: 	Train: PQ_Vm_rmse: 0.00232704  PQ_Va_rmse: 0.02886748  PV_Va_rmse: 0.03144846  delta_p: 0.15739992  delta_q: 0.04130427  
INFO|2024-09-25 12:32:44: 	ZTest: PQ_Vm_rmse: 0.00296655  PQ_Va_rmse: 0.03596444  PV_Va_rmse: 0.03941869  delta_p: 0.31831277  delta_q: 0.06782970  
INFO|2024-09-25 12:32:44: 	ZTest-ema: PQ_Vm_rmse: 0.002967  PQ_Va_rmse: 0.035965  PV_Va_rmse: 0.039419  delta_p: 0.318313  delta_q: 0.067830  
INFO|2024-09-25 12:32:44: 	           ValOfEMA:0.039419/0.039419,  Epoch:7/7
INFO|2024-09-25 12:32:45: 	Time(ep):398s,  Val(curr/best):0.039419/0.039419,  Epoch(curr/best):7/7
INFO|2024-09-25 12:32:45: -------------------- Epoch: 8 --------------------
INFO|2024-09-25 12:33:19: Epoch[008/100], iter[040/392], loss_total:1.79320, loss_equ:4.78697 loss_pq_vm:0.03270 loss_pq_va:0.46746 loss_pv_va:0.52005
INFO|2024-09-25 12:33:51: Epoch[008/100], iter[079/392], loss_total:1.97482, loss_equ:6.05954 loss_pq_vm:0.03053 loss_pq_va:0.50588 loss_pv_va:0.55766
INFO|2024-09-25 12:34:23: Epoch[008/100], iter[118/392], loss_total:1.65350, loss_equ:4.75451 loss_pq_vm:0.02728 loss_pq_va:0.43292 loss_pv_va:0.47237
INFO|2024-09-25 12:34:55: Epoch[008/100], iter[157/392], loss_total:1.72704, loss_equ:4.80969 loss_pq_vm:0.03635 loss_pq_va:0.41909 loss_pv_va:0.46352
INFO|2024-09-25 12:35:27: Epoch[008/100], iter[196/392], loss_total:1.63991, loss_equ:4.54589 loss_pq_vm:0.02710 loss_pq_va:0.43780 loss_pv_va:0.47651
INFO|2024-09-25 12:35:59: Epoch[008/100], iter[235/392], loss_total:1.81830, loss_equ:4.52072 loss_pq_vm:0.03731 loss_pq_va:0.49441 loss_pv_va:0.49871
INFO|2024-09-25 12:36:31: Epoch[008/100], iter[274/392], loss_total:2.47387, loss_equ:8.51120 loss_pq_vm:0.04167 loss_pq_va:0.56836 loss_pv_va:0.63771
INFO|2024-09-25 12:37:03: Epoch[008/100], iter[313/392], loss_total:1.67986, loss_equ:4.40851 loss_pq_vm:0.02630 loss_pq_va:0.47039 loss_pv_va:0.50561
INFO|2024-09-25 12:37:35: Epoch[008/100], iter[352/392], loss_total:1.61991, loss_equ:4.24566 loss_pq_vm:0.02491 loss_pq_va:0.45194 loss_pv_va:0.49433
INFO|2024-09-25 12:38:09: Epoch[008/100], iter[392/392], loss_total:1.39613, loss_equ:4.02687 loss_pq_vm:0.02431 loss_pq_va:0.35834 loss_pv_va:0.39197
INFO|2024-09-25 12:39:24: Epoch 7/100, lr:  0.00098445, eta: 10.21h, train_loss:  1.80843, valid_loss:  1.75562
INFO|2024-09-25 12:39:24: 	Train: PQ_Vm_rmse: 0.00240070  PQ_Va_rmse: 0.02890077  PV_Va_rmse: 0.03144421  delta_p: 0.16397600  delta_q: 0.04177451  
INFO|2024-09-25 12:39:24: 	ZTest: PQ_Vm_rmse: 0.00260789  PQ_Va_rmse: 0.02653600  PV_Va_rmse: 0.02908020  delta_p: 0.11477976  delta_q: 0.03406673  
INFO|2024-09-25 12:39:24: 	ZTest-ema: PQ_Vm_rmse: 0.002608  PQ_Va_rmse: 0.026536  PV_Va_rmse: 0.029080  delta_p: 0.114779  delta_q: 0.034067  
INFO|2024-09-25 12:39:24: 	           ValOfEMA:0.029080/0.029080,  Epoch:8/8
INFO|2024-09-25 12:39:25: 	Time(ep):399s,  Val(curr/best):0.029080/0.029080,  Epoch(curr/best):8/8
INFO|2024-09-25 12:39:25: -------------------- Epoch: 9 --------------------
INFO|2024-09-25 12:39:59: Epoch[009/100], iter[040/392], loss_total:1.82468, loss_equ:4.82914 loss_pq_vm:0.03335 loss_pq_va:0.48575 loss_pv_va:0.52252
INFO|2024-09-25 12:40:31: Epoch[009/100], iter[079/392], loss_total:1.53866, loss_equ:4.40605 loss_pq_vm:0.02585 loss_pq_va:0.40376 loss_pv_va:0.43583
INFO|2024-09-25 12:41:03: Epoch[009/100], iter[118/392], loss_total:1.90076, loss_equ:6.20397 loss_pq_vm:0.03178 loss_pq_va:0.46043 loss_pv_va:0.50217
INFO|2024-09-25 12:41:36: Epoch[009/100], iter[157/392], loss_total:1.68931, loss_equ:5.21261 loss_pq_vm:0.02886 loss_pq_va:0.41910 loss_pv_va:0.46040
INFO|2024-09-25 12:42:08: Epoch[009/100], iter[196/392], loss_total:1.34957, loss_equ:4.10386 loss_pq_vm:0.02346 loss_pq_va:0.33873 loss_pv_va:0.36587
INFO|2024-09-25 12:42:41: Epoch[009/100], iter[235/392], loss_total:2.27323, loss_equ:6.98282 loss_pq_vm:0.04628 loss_pq_va:0.53454 loss_pv_va:0.57756
INFO|2024-09-25 12:43:13: Epoch[009/100], iter[274/392], loss_total:2.15068, loss_equ:5.55565 loss_pq_vm:0.03756 loss_pq_va:0.59022 loss_pv_va:0.62927
INFO|2024-09-25 12:43:46: Epoch[009/100], iter[313/392], loss_total:1.58094, loss_equ:4.16439 loss_pq_vm:0.02549 loss_pq_va:0.43595 loss_pv_va:0.47365
INFO|2024-09-25 12:44:18: Epoch[009/100], iter[352/392], loss_total:1.65052, loss_equ:4.93103 loss_pq_vm:0.02836 loss_pq_va:0.41667 loss_pv_va:0.45715
INFO|2024-09-25 12:44:50: Epoch[009/100], iter[392/392], loss_total:1.89724, loss_equ:3.94916 loss_pq_vm:0.02724 loss_pq_va:0.59094 loss_pv_va:0.63900
INFO|2024-09-25 12:46:06: Epoch 8/100, lr:  0.00098035, eta: 10.14h, train_loss:  1.76928, valid_loss:  2.19677
INFO|2024-09-25 12:46:06: 	Train: PQ_Vm_rmse: 0.00241288  PQ_Va_rmse: 0.03018812  PV_Va_rmse: 0.03287230  delta_p: 0.16357820  delta_q: 0.04124039  
INFO|2024-09-25 12:46:06: 	ZTest: PQ_Vm_rmse: 0.00415529  PQ_Va_rmse: 0.05639803  PV_Va_rmse: 0.06185598  delta_p: 0.22858767  delta_q: 0.05703909  
INFO|2024-09-25 12:46:06: 	ZTest-ema: PQ_Vm_rmse: 0.004155  PQ_Va_rmse: 0.056398  PV_Va_rmse: 0.061856  delta_p: 0.228588  delta_q: 0.057039  
INFO|2024-09-25 12:46:06: 	           ValOfEMA:0.061856/0.029080,  Epoch:9/8
INFO|2024-09-25 12:46:06: 	Time(ep):401s,  Val(curr/best):0.061856/0.029080,  Epoch(curr/best):9/8
INFO|2024-09-25 12:46:06: -------------------- Epoch: 10 --------------------
INFO|2024-09-25 12:46:41: Epoch[010/100], iter[040/392], loss_total:1.82932, loss_equ:5.81169 loss_pq_vm:0.02960 loss_pq_va:0.45101 loss_pv_va:0.50115
INFO|2024-09-25 12:47:13: Epoch[010/100], iter[079/392], loss_total:1.43413, loss_equ:3.92106 loss_pq_vm:0.02251 loss_pq_va:0.38945 loss_pv_va:0.42749
INFO|2024-09-25 12:47:45: Epoch[010/100], iter[118/392], loss_total:1.61510, loss_equ:4.39655 loss_pq_vm:0.02465 loss_pq_va:0.44215 loss_pv_va:0.48677
INFO|2024-09-25 12:48:17: Epoch[010/100], iter[157/392], loss_total:1.47789, loss_equ:3.78495 loss_pq_vm:0.02358 loss_pq_va:0.41438 loss_pv_va:0.44920
INFO|2024-09-25 12:48:50: Epoch[010/100], iter[196/392], loss_total:1.52499, loss_equ:4.08699 loss_pq_vm:0.02375 loss_pq_va:0.42052 loss_pv_va:0.45831
INFO|2024-09-25 12:49:21: Epoch[010/100], iter[235/392], loss_total:1.96204, loss_equ:4.10897 loss_pq_vm:0.02745 loss_pq_va:0.61104 loss_pv_va:0.66559
INFO|2024-09-25 12:49:53: Epoch[010/100], iter[274/392], loss_total:1.74114, loss_equ:4.08292 loss_pq_vm:0.02926 loss_pq_va:0.50510 loss_pv_va:0.53517
INFO|2024-09-25 12:50:25: Epoch[010/100], iter[313/392], loss_total:1.88697, loss_equ:6.38422 loss_pq_vm:0.03019 loss_pq_va:0.45259 loss_pv_va:0.49407
INFO|2024-09-25 12:50:57: Epoch[010/100], iter[352/392], loss_total:1.52367, loss_equ:4.19659 loss_pq_vm:0.02761 loss_pq_va:0.39861 loss_pv_va:0.42935
INFO|2024-09-25 12:51:30: Epoch[010/100], iter[392/392], loss_total:1.45582, loss_equ:4.33322 loss_pq_vm:0.02446 loss_pq_va:0.37223 loss_pv_va:0.40564
INFO|2024-09-25 12:52:46: Epoch 9/100, lr:  0.00097577, eta: 9.98h, train_loss:  1.65075, valid_loss:  1.68396
INFO|2024-09-25 12:52:46: 	Train: PQ_Vm_rmse: 0.00204517  PQ_Va_rmse: 0.02526174  PV_Va_rmse: 0.02759351  delta_p: 0.14862033  delta_q: 0.03749091  
INFO|2024-09-25 12:52:46: 	ZTest: PQ_Vm_rmse: 0.00244274  PQ_Va_rmse: 0.02224957  PV_Va_rmse: 0.02364669  delta_p: 0.12125506  delta_q: 0.02834152  
INFO|2024-09-25 12:52:46: 	ZTest-ema: PQ_Vm_rmse: 0.002443  PQ_Va_rmse: 0.022250  PV_Va_rmse: 0.023647  delta_p: 0.121255  delta_q: 0.028342  
INFO|2024-09-25 12:52:46: 	           ValOfEMA:0.023647/0.023647,  Epoch:10/10
INFO|2024-09-25 12:52:46: 	Time(ep):399s,  Val(curr/best):0.023647/0.023647,  Epoch(curr/best):10/10
INFO|2024-09-25 12:52:46: -------------------- Epoch: 11 --------------------
INFO|2024-09-25 12:53:21: Epoch[011/100], iter[040/392], loss_total:1.36689, loss_equ:3.93636 loss_pq_vm:0.02608 loss_pq_va:0.34197 loss_pv_va:0.37048
INFO|2024-09-25 12:53:53: Epoch[011/100], iter[079/392], loss_total:1.32209, loss_equ:3.75598 loss_pq_vm:0.02206 loss_pq_va:0.34973 loss_pv_va:0.37614
INFO|2024-09-25 12:54:25: Epoch[011/100], iter[118/392], loss_total:1.74782, loss_equ:5.39294 loss_pq_vm:0.02937 loss_pq_va:0.43976 loss_pv_va:0.47508
INFO|2024-09-25 12:54:57: Epoch[011/100], iter[157/392], loss_total:1.28690, loss_equ:3.63113 loss_pq_vm:0.02222 loss_pq_va:0.33656 loss_pv_va:0.36499
INFO|2024-09-25 12:55:29: Epoch[011/100], iter[196/392], loss_total:1.29233, loss_equ:3.76426 loss_pq_vm:0.02054 loss_pq_va:0.33765 loss_pv_va:0.37283
INFO|2024-09-25 12:56:01: Epoch[011/100], iter[235/392], loss_total:1.27239, loss_equ:3.69134 loss_pq_vm:0.02205 loss_pq_va:0.32911 loss_pv_va:0.35368
INFO|2024-09-25 12:56:34: Epoch[011/100], iter[274/392], loss_total:1.35392, loss_equ:3.71006 loss_pq_vm:0.02417 loss_pq_va:0.35549 loss_pv_va:0.38574
INFO|2024-09-25 12:57:06: Epoch[011/100], iter[313/392], loss_total:1.69335, loss_equ:5.79236 loss_pq_vm:0.02856 loss_pq_va:0.39873 loss_pv_va:0.42981
INFO|2024-09-25 12:57:37: Epoch[011/100], iter[352/392], loss_total:1.48280, loss_equ:4.67147 loss_pq_vm:0.02330 loss_pq_va:0.37065 loss_pv_va:0.41201
INFO|2024-09-25 12:58:10: Epoch[011/100], iter[392/392], loss_total:1.29700, loss_equ:3.91311 loss_pq_vm:0.02219 loss_pq_va:0.32817 loss_pv_va:0.35561
INFO|2024-09-25 12:59:26: Epoch 10/100, lr:  0.00097074, eta: 9.88h, train_loss:  1.49239, valid_loss:  1.61044
INFO|2024-09-25 12:59:26: 	Train: PQ_Vm_rmse: 0.00166689  PQ_Va_rmse: 0.01982107  PV_Va_rmse: 0.02154309  delta_p: 0.11559155  delta_q: 0.02991874  
INFO|2024-09-25 12:59:26: 	ZTest: PQ_Vm_rmse: 0.00207933  PQ_Va_rmse: 0.02175299  PV_Va_rmse: 0.02328647  delta_p: 0.11033741  delta_q: 0.02951894  
INFO|2024-09-25 12:59:26: 	ZTest-ema: PQ_Vm_rmse: 0.002079  PQ_Va_rmse: 0.021753  PV_Va_rmse: 0.023287  delta_p: 0.110337  delta_q: 0.029519  
INFO|2024-09-25 12:59:26: 	           ValOfEMA:0.023287/0.023287,  Epoch:11/11
INFO|2024-09-25 12:59:26: 	Time(ep):399s,  Val(curr/best):0.023286/0.023286,  Epoch(curr/best):11/11
INFO|2024-09-25 12:59:26: -------------------- Epoch: 12 --------------------
INFO|2024-09-25 13:00:01: Epoch[012/100], iter[040/392], loss_total:1.39425, loss_equ:3.98454 loss_pq_vm:0.02255 loss_pq_va:0.36856 loss_pv_va:0.40170
INFO|2024-09-25 13:00:33: Epoch[012/100], iter[079/392], loss_total:1.95463, loss_equ:4.49859 loss_pq_vm:0.04577 loss_pq_va:0.48468 loss_pv_va:0.56234
INFO|2024-09-25 13:01:06: Epoch[012/100], iter[118/392], loss_total:1.95807, loss_equ:5.48526 loss_pq_vm:0.03373 loss_pq_va:0.49593 loss_pv_va:0.57635
INFO|2024-09-25 13:01:38: Epoch[012/100], iter[157/392], loss_total:1.47113, loss_equ:5.13875 loss_pq_vm:0.02344 loss_pq_va:0.33519 loss_pv_va:0.38767
INFO|2024-09-25 13:02:10: Epoch[012/100], iter[196/392], loss_total:1.93458, loss_equ:4.47597 loss_pq_vm:0.03572 loss_pq_va:0.54412 loss_pv_va:0.58570
INFO|2024-09-25 13:02:42: Epoch[012/100], iter[235/392], loss_total:1.26004, loss_equ:3.73257 loss_pq_vm:0.02381 loss_pq_va:0.30902 loss_pv_va:0.33969
INFO|2024-09-25 13:03:14: Epoch[012/100], iter[274/392], loss_total:1.29549, loss_equ:3.65260 loss_pq_vm:0.02241 loss_pq_va:0.34116 loss_pv_va:0.36502
INFO|2024-09-25 13:03:46: Epoch[012/100], iter[313/392], loss_total:1.38984, loss_equ:3.56854 loss_pq_vm:0.02174 loss_pq_va:0.38880 loss_pv_va:0.42674
INFO|2024-09-25 13:04:18: Epoch[012/100], iter[352/392], loss_total:1.43117, loss_equ:3.89350 loss_pq_vm:0.02821 loss_pq_va:0.35946 loss_pv_va:0.40031
INFO|2024-09-25 13:04:51: Epoch[012/100], iter[392/392], loss_total:2.93671, loss_equ:5.09956 loss_pq_vm:0.03587 loss_pq_va:0.97112 loss_pv_va:1.09689
INFO|2024-09-25 13:06:06: Epoch 11/100, lr:  0.00096524, eta: 9.77h, train_loss:  1.54199, valid_loss:  3.45265
INFO|2024-09-25 13:06:06: 	Train: PQ_Vm_rmse: 0.00203992  PQ_Va_rmse: 0.02428071  PV_Va_rmse: 0.02707769  delta_p: 0.13139854  delta_q: 0.03283483  
INFO|2024-09-25 13:06:06: 	ZTest: PQ_Vm_rmse: 0.00599858  PQ_Va_rmse: 0.13071921  PV_Va_rmse: 0.14689784  delta_p: 0.24703218  delta_q: 0.06358088  
INFO|2024-09-25 13:06:06: 	ZTest-ema: PQ_Vm_rmse: 0.002121  PQ_Va_rmse: 0.021965  PV_Va_rmse: 0.023678  delta_p: 0.082839  delta_q: 0.024013  
INFO|2024-09-25 13:06:06: 	           ValOfEMA:0.023678/0.023287,  Epoch:12/11
INFO|2024-09-25 13:06:06: 	Time(ep):399s,  Val(curr/best):0.146898/0.023286,  Epoch(curr/best):12/11
INFO|2024-09-25 13:06:06: -------------------- Epoch: 13 --------------------
INFO|2024-09-25 13:06:40: Epoch[013/100], iter[040/392], loss_total:2.07400, loss_equ:6.05108 loss_pq_vm:0.03387 loss_pq_va:0.55900 loss_pv_va:0.57116
INFO|2024-09-25 13:07:12: Epoch[013/100], iter[079/392], loss_total:1.51443, loss_equ:4.17950 loss_pq_vm:0.02383 loss_pq_va:0.41289 loss_pv_va:0.44528
INFO|2024-09-25 13:07:45: Epoch[013/100], iter[118/392], loss_total:1.40170, loss_equ:3.80781 loss_pq_vm:0.02799 loss_pq_va:0.35358 loss_pv_va:0.38741
INFO|2024-09-25 13:08:16: Epoch[013/100], iter[157/392], loss_total:1.46105, loss_equ:4.16328 loss_pq_vm:0.02488 loss_pq_va:0.37922 loss_pv_va:0.41670
INFO|2024-09-25 13:08:49: Epoch[013/100], iter[196/392], loss_total:1.53335, loss_equ:3.76866 loss_pq_vm:0.02510 loss_pq_va:0.43192 loss_pv_va:0.47355
INFO|2024-09-25 13:09:21: Epoch[013/100], iter[235/392], loss_total:1.44400, loss_equ:3.71454 loss_pq_vm:0.02159 loss_pq_va:0.41099 loss_pv_va:0.44561
INFO|2024-09-25 13:09:53: Epoch[013/100], iter[274/392], loss_total:1.45293, loss_equ:3.94836 loss_pq_vm:0.02474 loss_pq_va:0.38088 loss_pv_va:0.42979
INFO|2024-09-25 13:10:25: Epoch[013/100], iter[313/392], loss_total:1.30612, loss_equ:3.99839 loss_pq_vm:0.02157 loss_pq_va:0.33207 loss_pv_va:0.35856
INFO|2024-09-25 13:10:57: Epoch[013/100], iter[352/392], loss_total:1.27951, loss_equ:3.85347 loss_pq_vm:0.02227 loss_pq_va:0.32793 loss_pv_va:0.34351
INFO|2024-09-25 13:11:31: Epoch[013/100], iter[392/392], loss_total:1.53716, loss_equ:3.73581 loss_pq_vm:0.02930 loss_pq_va:0.41486 loss_pv_va:0.45577
INFO|2024-09-25 13:12:47: Epoch 12/100, lr:  0.00095929, eta: 9.68h, train_loss:  1.51436, valid_loss:  1.69456
INFO|2024-09-25 13:12:47: 	Train: PQ_Vm_rmse: 0.00184678  PQ_Va_rmse: 0.02302086  PV_Va_rmse: 0.02548251  delta_p: 0.11954142  delta_q: 0.03053598  
INFO|2024-09-25 13:12:47: 	ZTest: PQ_Vm_rmse: 0.00217803  PQ_Va_rmse: 0.03076709  PV_Va_rmse: 0.03291589  delta_p: 0.13707588  delta_q: 0.03262255  
INFO|2024-09-25 13:12:47: 	ZTest-ema: PQ_Vm_rmse: 0.001946  PQ_Va_rmse: 0.020041  PV_Va_rmse: 0.021313  delta_p: 0.076705  delta_q: 0.018883  
INFO|2024-09-25 13:12:47: 	           ValOfEMA:0.021313/0.021313,  Epoch:13/13
INFO|2024-09-25 13:12:47: 	Time(ep):400s,  Val(curr/best):0.032916/0.023286,  Epoch(curr/best):13/11
INFO|2024-09-25 13:12:47: -------------------- Epoch: 14 --------------------
INFO|2024-09-25 13:13:22: Epoch[014/100], iter[040/392], loss_total:1.39054, loss_equ:3.72037 loss_pq_vm:0.02222 loss_pq_va:0.37980 loss_pv_va:0.41651
INFO|2024-09-25 13:13:54: Epoch[014/100], iter[079/392], loss_total:1.48878, loss_equ:3.64329 loss_pq_vm:0.02438 loss_pq_va:0.41442 loss_pv_va:0.46624
INFO|2024-09-25 13:14:26: Epoch[014/100], iter[118/392], loss_total:1.40507, loss_equ:3.63428 loss_pq_vm:0.02391 loss_pq_va:0.38126 loss_pv_va:0.42132
INFO|2024-09-25 13:14:58: Epoch[014/100], iter[157/392], loss_total:2.08841, loss_equ:4.61570 loss_pq_vm:0.03711 loss_pq_va:0.58529 loss_pv_va:0.67044
INFO|2024-09-25 13:15:31: Epoch[014/100], iter[196/392], loss_total:1.47709, loss_equ:4.38431 loss_pq_vm:0.02680 loss_pq_va:0.36450 loss_pv_va:0.40612
INFO|2024-09-25 13:16:03: Epoch[014/100], iter[235/392], loss_total:1.22640, loss_equ:3.81105 loss_pq_vm:0.01972 loss_pq_va:0.30540 loss_pv_va:0.34268
INFO|2024-09-25 13:16:35: Epoch[014/100], iter[274/392], loss_total:1.17605, loss_equ:3.23016 loss_pq_vm:0.02163 loss_pq_va:0.30384 loss_pv_va:0.33285
INFO|2024-09-25 13:17:07: Epoch[014/100], iter[313/392], loss_total:1.22350, loss_equ:3.19866 loss_pq_vm:0.02253 loss_pq_va:0.32535 loss_pv_va:0.35296
INFO|2024-09-25 13:17:39: Epoch[014/100], iter[352/392], loss_total:1.20563, loss_equ:3.22712 loss_pq_vm:0.02098 loss_pq_va:0.31984 loss_pv_va:0.35325
INFO|2024-09-25 13:18:12: Epoch[014/100], iter[392/392], loss_total:1.11373, loss_equ:3.31603 loss_pq_vm:0.01976 loss_pq_va:0.27754 loss_pv_va:0.30701
INFO|2024-09-25 13:19:27: Epoch 13/100, lr:  0.00095289, eta: 9.56h, train_loss:  1.39042, valid_loss:  1.41706
INFO|2024-09-25 13:19:27: 	Train: PQ_Vm_rmse: 0.00165427  PQ_Va_rmse: 0.01961181  PV_Va_rmse: 0.02173223  delta_p: 0.09465745  delta_q: 0.02469857  
INFO|2024-09-25 13:19:27: 	ZTest: PQ_Vm_rmse: 0.00201475  PQ_Va_rmse: 0.02216070  PV_Va_rmse: 0.02405573  delta_p: 0.09122616  delta_q: 0.02510916  
INFO|2024-09-25 13:19:27: 	ZTest-ema: PQ_Vm_rmse: 0.001908  PQ_Va_rmse: 0.019383  PV_Va_rmse: 0.020733  delta_p: 0.069758  delta_q: 0.019124  
INFO|2024-09-25 13:19:27: 	           ValOfEMA:0.020733/0.020733,  Epoch:14/14
INFO|2024-09-25 13:19:28: 	Time(ep):400s,  Val(curr/best):0.024056/0.023286,  Epoch(curr/best):14/11
INFO|2024-09-25 13:19:28: -------------------- Epoch: 15 --------------------
INFO|2024-09-25 13:20:02: Epoch[015/100], iter[040/392], loss_total:1.15974, loss_equ:3.25212 loss_pq_vm:0.02029 loss_pq_va:0.30070 loss_pv_va:0.33094
INFO|2024-09-25 13:20:34: Epoch[015/100], iter[079/392], loss_total:1.12372, loss_equ:3.19363 loss_pq_vm:0.01910 loss_pq_va:0.29184 loss_pv_va:0.32154
INFO|2024-09-25 13:21:07: Epoch[015/100], iter[118/392], loss_total:1.96223, loss_equ:3.88657 loss_pq_vm:0.02836 loss_pq_va:0.60681 loss_pv_va:0.68312
INFO|2024-09-25 13:21:39: Epoch[015/100], iter[157/392], loss_total:1.24943, loss_equ:3.50846 loss_pq_vm:0.02225 loss_pq_va:0.32547 loss_pv_va:0.35057
INFO|2024-09-25 13:22:11: Epoch[015/100], iter[196/392], loss_total:1.44397, loss_equ:3.47730 loss_pq_vm:0.02254 loss_pq_va:0.41171 loss_pv_va:0.45913
INFO|2024-09-25 13:22:43: Epoch[015/100], iter[235/392], loss_total:1.44460, loss_equ:4.77127 loss_pq_vm:0.02445 loss_pq_va:0.34073 loss_pv_va:0.38222
INFO|2024-09-25 13:23:15: Epoch[015/100], iter[274/392], loss_total:1.69964, loss_equ:4.28355 loss_pq_vm:0.02686 loss_pq_va:0.47787 loss_pv_va:0.52486
INFO|2024-09-25 13:23:47: Epoch[015/100], iter[313/392], loss_total:1.38385, loss_equ:3.54880 loss_pq_vm:0.02700 loss_pq_va:0.36446 loss_pv_va:0.39455
INFO|2024-09-25 13:24:19: Epoch[015/100], iter[352/392], loss_total:1.22005, loss_equ:3.28286 loss_pq_vm:0.01990 loss_pq_va:0.32855 loss_pv_va:0.36422
INFO|2024-09-25 13:24:51: Epoch[015/100], iter[392/392], loss_total:1.12344, loss_equ:3.29970 loss_pq_vm:0.01857 loss_pq_va:0.28887 loss_pv_va:0.31894
INFO|2024-09-25 13:26:06: Epoch 14/100, lr:  0.00094605, eta: 9.41h, train_loss:  1.29819, valid_loss:  1.53009
INFO|2024-09-25 13:26:06: 	Train: PQ_Vm_rmse: 0.00150098  PQ_Va_rmse: 0.01516246  PV_Va_rmse: 0.01667298  delta_p: 0.08259182  delta_q: 0.02140220  
INFO|2024-09-25 13:26:06: 	ZTest: PQ_Vm_rmse: 0.00187176  PQ_Va_rmse: 0.02898635  PV_Va_rmse: 0.03179440  delta_p: 0.08142046  delta_q: 0.01968319  
INFO|2024-09-25 13:26:06: 	ZTest-ema: PQ_Vm_rmse: 0.001914  PQ_Va_rmse: 0.019033  PV_Va_rmse: 0.020160  delta_p: 0.057257  delta_q: 0.015030  
INFO|2024-09-25 13:26:06: 	           ValOfEMA:0.020160/0.020160,  Epoch:15/15
INFO|2024-09-25 13:26:07: 	Time(ep):398s,  Val(curr/best):0.031794/0.023286,  Epoch(curr/best):15/11
INFO|2024-09-25 13:26:07: -------------------- Epoch: 16 --------------------
INFO|2024-09-25 13:26:40: Epoch[016/100], iter[040/392], loss_total:1.27354, loss_equ:3.72974 loss_pq_vm:0.02199 loss_pq_va:0.32617 loss_pv_va:0.35449
INFO|2024-09-25 13:27:12: Epoch[016/100], iter[079/392], loss_total:1.35307, loss_equ:3.52350 loss_pq_vm:0.02343 loss_pq_va:0.36901 loss_pv_va:0.39746
INFO|2024-09-25 13:27:44: Epoch[016/100], iter[118/392], loss_total:1.17635, loss_equ:3.19878 loss_pq_vm:0.01963 loss_pq_va:0.31454 loss_pv_va:0.34559
INFO|2024-09-25 13:28:16: Epoch[016/100], iter[157/392], loss_total:1.15512, loss_equ:3.12154 loss_pq_vm:0.02214 loss_pq_va:0.29846 loss_pv_va:0.32313
INFO|2024-09-25 13:28:49: Epoch[016/100], iter[196/392], loss_total:1.49125, loss_equ:4.11302 loss_pq_vm:0.03854 loss_pq_va:0.32664 loss_pv_va:0.36788
INFO|2024-09-25 13:29:21: Epoch[016/100], iter[235/392], loss_total:1.51116, loss_equ:4.13223 loss_pq_vm:0.04148 loss_pq_va:0.32587 loss_pv_va:0.35724
INFO|2024-09-25 13:29:53: Epoch[016/100], iter[274/392], loss_total:1.44998, loss_equ:3.62683 loss_pq_vm:0.02193 loss_pq_va:0.40838 loss_pv_va:0.45958
INFO|2024-09-25 13:30:25: Epoch[016/100], iter[313/392], loss_total:1.44155, loss_equ:4.02124 loss_pq_vm:0.02802 loss_pq_va:0.36282 loss_pv_va:0.39641
INFO|2024-09-25 13:30:58: Epoch[016/100], iter[352/392], loss_total:1.34570, loss_equ:3.52184 loss_pq_vm:0.02456 loss_pq_va:0.35912 loss_pv_va:0.38883
INFO|2024-09-25 13:31:31: Epoch[016/100], iter[392/392], loss_total:1.22292, loss_equ:3.21626 loss_pq_vm:0.02536 loss_pq_va:0.31151 loss_pv_va:0.33616
INFO|2024-09-25 13:32:47: Epoch 15/100, lr:  0.00093877, eta: 9.33h, train_loss:  1.36515, valid_loss:  1.40942
INFO|2024-09-25 13:32:47: 	Train: PQ_Vm_rmse: 0.00179214  PQ_Va_rmse: 0.01758747  PV_Va_rmse: 0.01924234  delta_p: 0.09625072  delta_q: 0.02621995  
INFO|2024-09-25 13:32:47: 	ZTest: PQ_Vm_rmse: 0.00205006  PQ_Va_rmse: 0.02119116  PV_Va_rmse: 0.02245819  delta_p: 0.09990370  delta_q: 0.02629035  
INFO|2024-09-25 13:32:47: 	ZTest-ema: PQ_Vm_rmse: 0.001973  PQ_Va_rmse: 0.019511  PV_Va_rmse: 0.020873  delta_p: 0.072907  delta_q: 0.020290  
INFO|2024-09-25 13:32:47: 	           ValOfEMA:0.020873/0.020160,  Epoch:16/15
INFO|2024-09-25 13:32:48: 	Time(ep):400s,  Val(curr/best):0.022458/0.022458,  Epoch(curr/best):16/16
INFO|2024-09-25 13:32:48: -------------------- Epoch: 17 --------------------
INFO|2024-09-25 13:33:22: Epoch[017/100], iter[040/392], loss_total:1.13924, loss_equ:3.17506 loss_pq_vm:0.02090 loss_pq_va:0.29205 loss_pv_va:0.32065
INFO|2024-09-25 13:33:54: Epoch[017/100], iter[079/392], loss_total:1.07139, loss_equ:3.09769 loss_pq_vm:0.01877 loss_pq_va:0.27257 loss_pv_va:0.30133
INFO|2024-09-25 13:34:26: Epoch[017/100], iter[118/392], loss_total:1.74534, loss_equ:4.31472 loss_pq_vm:0.02464 loss_pq_va:0.52498 loss_pv_va:0.54251
INFO|2024-09-25 13:34:58: Epoch[017/100], iter[157/392], loss_total:1.36371, loss_equ:4.12060 loss_pq_vm:0.02450 loss_pq_va:0.33713 loss_pv_va:0.36950
INFO|2024-09-25 13:35:30: Epoch[017/100], iter[196/392], loss_total:1.44619, loss_equ:3.98488 loss_pq_vm:0.02381 loss_pq_va:0.38152 loss_pv_va:0.42810
INFO|2024-09-25 13:36:02: Epoch[017/100], iter[235/392], loss_total:1.13147, loss_equ:3.22619 loss_pq_vm:0.01892 loss_pq_va:0.29591 loss_pv_va:0.32370
INFO|2024-09-25 13:36:34: Epoch[017/100], iter[274/392], loss_total:1.29074, loss_equ:3.29511 loss_pq_vm:0.02380 loss_pq_va:0.34571 loss_pv_va:0.37747
INFO|2024-09-25 13:37:06: Epoch[017/100], iter[313/392], loss_total:1.36241, loss_equ:3.26873 loss_pq_vm:0.02635 loss_pq_va:0.36736 loss_pv_va:0.40464
INFO|2024-09-25 13:37:38: Epoch[017/100], iter[352/392], loss_total:1.50106, loss_equ:4.23981 loss_pq_vm:0.03221 loss_pq_va:0.35653 loss_pv_va:0.39844
INFO|2024-09-25 13:38:11: Epoch[017/100], iter[392/392], loss_total:1.43773, loss_equ:3.69307 loss_pq_vm:0.02696 loss_pq_va:0.38378 loss_pv_va:0.41508
INFO|2024-09-25 13:39:26: Epoch 16/100, lr:  0.00093107, eta: 9.18h, train_loss:  1.38312, valid_loss:  1.56369
INFO|2024-09-25 13:39:26: 	Train: PQ_Vm_rmse: 0.00179064  PQ_Va_rmse: 0.02087785  PV_Va_rmse: 0.02287242  delta_p: 0.09971841  delta_q: 0.02570722  
INFO|2024-09-25 13:39:26: 	ZTest: PQ_Vm_rmse: 0.00256943  PQ_Va_rmse: 0.02763734  PV_Va_rmse: 0.03093737  delta_p: 0.10643549  delta_q: 0.03077055  
INFO|2024-09-25 13:39:26: 	ZTest-ema: PQ_Vm_rmse: 0.002037  PQ_Va_rmse: 0.020969  PV_Va_rmse: 0.022265  delta_p: 0.057583  delta_q: 0.015135  
INFO|2024-09-25 13:39:26: 	           ValOfEMA:0.022265/0.020160,  Epoch:17/15
INFO|2024-09-25 13:39:26: 	Time(ep):398s,  Val(curr/best):0.030937/0.022458,  Epoch(curr/best):17/16
INFO|2024-09-25 13:39:26: -------------------- Epoch: 18 --------------------
INFO|2024-09-25 13:40:00: Epoch[018/100], iter[040/392], loss_total:1.24925, loss_equ:3.32590 loss_pq_vm:0.02097 loss_pq_va:0.33894 loss_pv_va:0.36799
INFO|2024-09-25 13:40:32: Epoch[018/100], iter[079/392], loss_total:1.15303, loss_equ:3.33399 loss_pq_vm:0.01958 loss_pq_va:0.29446 loss_pv_va:0.32934
INFO|2024-09-25 13:41:05: Epoch[018/100], iter[118/392], loss_total:1.50607, loss_equ:4.02254 loss_pq_vm:0.02773 loss_pq_va:0.39783 loss_pv_va:0.42872
INFO|2024-09-25 13:41:37: Epoch[018/100], iter[157/392], loss_total:1.73530, loss_equ:4.30024 loss_pq_vm:0.04260 loss_pq_va:0.41872 loss_pv_va:0.46056
INFO|2024-09-25 13:42:09: Epoch[018/100], iter[196/392], loss_total:1.40851, loss_equ:4.07066 loss_pq_vm:0.02335 loss_pq_va:0.36880 loss_pv_va:0.39912
INFO|2024-09-25 13:42:41: Epoch[018/100], iter[235/392], loss_total:1.20238, loss_equ:3.45673 loss_pq_vm:0.02204 loss_pq_va:0.30515 loss_pv_va:0.33115
INFO|2024-09-25 13:43:13: Epoch[018/100], iter[274/392], loss_total:1.16586, loss_equ:3.55649 loss_pq_vm:0.02121 loss_pq_va:0.28580 loss_pv_va:0.31234
INFO|2024-09-25 13:43:45: Epoch[018/100], iter[313/392], loss_total:1.10051, loss_equ:3.24432 loss_pq_vm:0.01932 loss_pq_va:0.27999 loss_pv_va:0.30290
INFO|2024-09-25 13:44:18: Epoch[018/100], iter[352/392], loss_total:1.07730, loss_equ:3.05837 loss_pq_vm:0.01890 loss_pq_va:0.27719 loss_pv_va:0.30529
INFO|2024-09-25 13:44:51: Epoch[018/100], iter[392/392], loss_total:1.27117, loss_equ:3.69060 loss_pq_vm:0.02237 loss_pq_va:0.32802 loss_pv_va:0.35041
INFO|2024-09-25 13:46:06: Epoch 17/100, lr:  0.00092294, eta: 9.11h, train_loss:  1.26798, valid_loss:  1.43501
INFO|2024-09-25 13:46:06: 	Train: PQ_Vm_rmse: 0.00140452  PQ_Va_rmse: 0.01504899  PV_Va_rmse: 0.01653336  delta_p: 0.08358595  delta_q: 0.01992094  
INFO|2024-09-25 13:46:06: 	ZTest: PQ_Vm_rmse: 0.00225568  PQ_Va_rmse: 0.01709271  PV_Va_rmse: 0.01860182  delta_p: 0.10733750  delta_q: 0.02608587  
INFO|2024-09-25 13:46:06: 	ZTest-ema: PQ_Vm_rmse: 0.001807  PQ_Va_rmse: 0.018276  PV_Va_rmse: 0.019422  delta_p: 0.056586  delta_q: 0.014473  
INFO|2024-09-25 13:46:06: 	           ValOfEMA:0.019422/0.019422,  Epoch:18/18
INFO|2024-09-25 13:46:07: 	Time(ep):399s,  Val(curr/best):0.018602/0.018602,  Epoch(curr/best):18/18
INFO|2024-09-25 13:46:07: -------------------- Epoch: 19 --------------------
INFO|2024-09-25 13:46:41: Epoch[019/100], iter[040/392], loss_total:1.41461, loss_equ:3.84959 loss_pq_vm:0.02310 loss_pq_va:0.38259 loss_pv_va:0.41611
INFO|2024-09-25 13:47:13: Epoch[019/100], iter[079/392], loss_total:1.19420, loss_equ:3.60223 loss_pq_vm:0.02029 loss_pq_va:0.30541 loss_pv_va:0.32569
INFO|2024-09-25 13:47:45: Epoch[019/100], iter[118/392], loss_total:1.31492, loss_equ:3.71699 loss_pq_vm:0.02353 loss_pq_va:0.34007 loss_pv_va:0.36782
INFO|2024-09-25 13:48:17: Epoch[019/100], iter[157/392], loss_total:1.27864, loss_equ:3.42569 loss_pq_vm:0.02226 loss_pq_va:0.34410 loss_pv_va:0.36933
INFO|2024-09-25 13:48:49: Epoch[019/100], iter[196/392], loss_total:1.06177, loss_equ:2.90749 loss_pq_vm:0.01698 loss_pq_va:0.28927 loss_pv_va:0.31196
INFO|2024-09-25 13:49:21: Epoch[019/100], iter[235/392], loss_total:1.19620, loss_equ:3.04113 loss_pq_vm:0.02487 loss_pq_va:0.30999 loss_pv_va:0.33337
INFO|2024-09-25 13:49:53: Epoch[019/100], iter[274/392], loss_total:1.22725, loss_equ:3.35416 loss_pq_vm:0.02235 loss_pq_va:0.31851 loss_pv_va:0.34979
INFO|2024-09-25 13:50:26: Epoch[019/100], iter[313/392], loss_total:1.57621, loss_equ:3.78018 loss_pq_vm:0.03852 loss_pq_va:0.38229 loss_pv_va:0.43070
INFO|2024-09-25 13:50:58: Epoch[019/100], iter[352/392], loss_total:1.39296, loss_equ:4.31009 loss_pq_vm:0.02207 loss_pq_va:0.35796 loss_pv_va:0.38333
INFO|2024-09-25 13:51:30: Epoch[019/100], iter[392/392], loss_total:1.15676, loss_equ:3.18635 loss_pq_vm:0.02225 loss_pq_va:0.29733 loss_pv_va:0.31826
INFO|2024-09-25 13:52:46: Epoch 18/100, lr:  0.00091440, eta: 8.99h, train_loss:  1.28585, valid_loss:  1.37272
INFO|2024-09-25 13:52:46: 	Train: PQ_Vm_rmse: 0.00154236  PQ_Va_rmse: 0.01712866  PV_Va_rmse: 0.01865939  delta_p: 0.08191079  delta_q: 0.02151570  
INFO|2024-09-25 13:52:46: 	ZTest: PQ_Vm_rmse: 0.00179104  PQ_Va_rmse: 0.02010656  PV_Va_rmse: 0.02135082  delta_p: 0.07239229  delta_q: 0.01754232  
INFO|2024-09-25 13:52:46: 	ZTest-ema: PQ_Vm_rmse: 0.001852  PQ_Va_rmse: 0.018522  PV_Va_rmse: 0.019655  delta_p: 0.050309  delta_q: 0.013146  
INFO|2024-09-25 13:52:46: 	           ValOfEMA:0.019655/0.019422,  Epoch:19/18
INFO|2024-09-25 13:52:46: 	Time(ep):399s,  Val(curr/best):0.021351/0.018602,  Epoch(curr/best):19/18
INFO|2024-09-25 13:52:46: -------------------- Epoch: 20 --------------------
INFO|2024-09-25 13:53:21: Epoch[020/100], iter[040/392], loss_total:1.12427, loss_equ:3.10437 loss_pq_vm:0.02093 loss_pq_va:0.28814 loss_pv_va:0.31640
INFO|2024-09-25 13:53:53: Epoch[020/100], iter[079/392], loss_total:1.05335, loss_equ:2.93603 loss_pq_vm:0.01694 loss_pq_va:0.28286 loss_pv_va:0.30749
INFO|2024-09-25 13:54:25: Epoch[020/100], iter[118/392], loss_total:1.33915, loss_equ:3.79015 loss_pq_vm:0.03416 loss_pq_va:0.29327 loss_pv_va:0.32528
INFO|2024-09-25 13:54:57: Epoch[020/100], iter[157/392], loss_total:1.10128, loss_equ:2.90850 loss_pq_vm:0.01764 loss_pq_va:0.30254 loss_pv_va:0.33146
INFO|2024-09-25 13:55:29: Epoch[020/100], iter[196/392], loss_total:1.15575, loss_equ:3.07024 loss_pq_vm:0.02461 loss_pq_va:0.28762 loss_pv_va:0.31498
INFO|2024-09-25 13:56:00: Epoch[020/100], iter[235/392], loss_total:1.21921, loss_equ:3.56979 loss_pq_vm:0.02053 loss_pq_va:0.31567 loss_pv_va:0.34125
INFO|2024-09-25 13:56:32: Epoch[020/100], iter[274/392], loss_total:1.07042, loss_equ:2.97766 loss_pq_vm:0.02034 loss_pq_va:0.27172 loss_pv_va:0.29751
INFO|2024-09-25 13:57:03: Epoch[020/100], iter[313/392], loss_total:1.04894, loss_equ:3.05119 loss_pq_vm:0.01869 loss_pq_va:0.26365 loss_pv_va:0.29329
INFO|2024-09-25 13:57:35: Epoch[020/100], iter[352/392], loss_total:1.13237, loss_equ:3.12935 loss_pq_vm:0.02327 loss_pq_va:0.27863 loss_pv_va:0.30813
INFO|2024-09-25 13:58:07: Epoch[020/100], iter[392/392], loss_total:1.17405, loss_equ:3.23827 loss_pq_vm:0.02556 loss_pq_va:0.28622 loss_pv_va:0.30838
INFO|2024-09-25 13:59:23: Epoch 19/100, lr:  0.00090546, eta: 8.8h, train_loss:  1.18081, valid_loss:  1.35813
INFO|2024-09-25 13:59:23: 	Train: PQ_Vm_rmse: 0.00134012  PQ_Va_rmse: 0.01335234  PV_Va_rmse: 0.01464905  delta_p: 0.06520954  delta_q: 0.01682564  
INFO|2024-09-25 13:59:23: 	ZTest: PQ_Vm_rmse: 0.00184303  PQ_Va_rmse: 0.01963597  PV_Va_rmse: 0.02160224  delta_p: 0.08623386  delta_q: 0.01919345  
INFO|2024-09-25 13:59:23: 	ZTest-ema: PQ_Vm_rmse: 0.001770  PQ_Va_rmse: 0.017377  PV_Va_rmse: 0.018564  delta_p: 0.054512  delta_q: 0.014798  
INFO|2024-09-25 13:59:23: 	           ValOfEMA:0.018564/0.018564,  Epoch:20/20
INFO|2024-09-25 13:59:23: 	Time(ep):396s,  Val(curr/best):0.021602/0.018602,  Epoch(curr/best):20/18
INFO|2024-09-25 13:59:23: -------------------- Epoch: 21 --------------------
INFO|2024-09-25 13:59:57: Epoch[021/100], iter[040/392], loss_total:1.20958, loss_equ:3.27653 loss_pq_vm:0.01844 loss_pq_va:0.33324 loss_pv_va:0.36433
INFO|2024-09-25 14:00:29: Epoch[021/100], iter[079/392], loss_total:1.07871, loss_equ:3.03953 loss_pq_vm:0.01948 loss_pq_va:0.27584 loss_pv_va:0.30409
INFO|2024-09-25 14:01:01: Epoch[021/100], iter[118/392], loss_total:1.47929, loss_equ:4.52176 loss_pq_vm:0.03221 loss_pq_va:0.33262 loss_pv_va:0.37241
INFO|2024-09-25 14:01:34: Epoch[021/100], iter[157/392], loss_total:1.16559, loss_equ:3.45940 loss_pq_vm:0.01965 loss_pq_va:0.29846 loss_pv_va:0.32467
INFO|2024-09-25 14:02:06: Epoch[021/100], iter[196/392], loss_total:1.14763, loss_equ:3.02479 loss_pq_vm:0.02495 loss_pq_va:0.28380 loss_pv_va:0.31182
INFO|2024-09-25 14:02:38: Epoch[021/100], iter[235/392], loss_total:1.33188, loss_equ:3.25929 loss_pq_vm:0.02621 loss_pq_va:0.35527 loss_pv_va:0.38856
INFO|2024-09-25 14:03:10: Epoch[021/100], iter[274/392], loss_total:1.26171, loss_equ:3.65111 loss_pq_vm:0.02523 loss_pq_va:0.31658 loss_pv_va:0.32775
INFO|2024-09-25 14:03:42: Epoch[021/100], iter[313/392], loss_total:1.05897, loss_equ:3.09244 loss_pq_vm:0.01755 loss_pq_va:0.27432 loss_pv_va:0.29994
INFO|2024-09-25 14:04:14: Epoch[021/100], iter[352/392], loss_total:1.23864, loss_equ:3.10351 loss_pq_vm:0.01929 loss_pq_va:0.35372 loss_pv_va:0.38168
INFO|2024-09-25 14:04:47: Epoch[021/100], iter[392/392], loss_total:1.50258, loss_equ:3.45988 loss_pq_vm:0.02667 loss_pq_va:0.42617 loss_pv_va:0.46369
INFO|2024-09-25 14:06:03: Epoch 20/100, lr:  0.00089613, eta: 8.77h, train_loss:  1.22539, valid_loss:  2.08975
INFO|2024-09-25 14:06:03: 	Train: PQ_Vm_rmse: 0.00146213  PQ_Va_rmse: 0.01427600  PV_Va_rmse: 0.01552091  delta_p: 0.07627044  delta_q: 0.01992069  
INFO|2024-09-25 14:06:03: 	ZTest: PQ_Vm_rmse: 0.00362249  PQ_Va_rmse: 0.04990053  PV_Va_rmse: 0.05527605  delta_p: 0.12253587  delta_q: 0.02790960  
INFO|2024-09-25 14:06:03: 	ZTest-ema: PQ_Vm_rmse: 0.001755  PQ_Va_rmse: 0.017464  PV_Va_rmse: 0.018619  delta_p: 0.050842  delta_q: 0.013270  
INFO|2024-09-25 14:06:03: 	           ValOfEMA:0.018619/0.018564,  Epoch:21/20
INFO|2024-09-25 14:06:03: 	Time(ep):399s,  Val(curr/best):0.055276/0.018602,  Epoch(curr/best):21/18
INFO|2024-09-25 14:06:03: -------------------- Epoch: 22 --------------------
INFO|2024-09-25 14:06:37: Epoch[022/100], iter[040/392], loss_total:1.23388, loss_equ:3.74490 loss_pq_vm:0.02094 loss_pq_va:0.31004 loss_pv_va:0.33992
INFO|2024-09-25 14:07:09: Epoch[022/100], iter[079/392], loss_total:1.33714, loss_equ:4.15983 loss_pq_vm:0.02190 loss_pq_va:0.34153 loss_pv_va:0.36067
INFO|2024-09-25 14:07:41: Epoch[022/100], iter[118/392], loss_total:1.32136, loss_equ:3.31479 loss_pq_vm:0.02951 loss_pq_va:0.33048 loss_pv_va:0.36430
INFO|2024-09-25 14:08:14: Epoch[022/100], iter[157/392], loss_total:1.06428, loss_equ:2.99259 loss_pq_vm:0.02089 loss_pq_va:0.26529 loss_pv_va:0.29085
INFO|2024-09-25 14:08:46: Epoch[022/100], iter[196/392], loss_total:1.72690, loss_equ:3.49023 loss_pq_vm:0.02608 loss_pq_va:0.52635 loss_pv_va:0.59076
INFO|2024-09-25 14:09:18: Epoch[022/100], iter[235/392], loss_total:1.22531, loss_equ:3.61062 loss_pq_vm:0.01981 loss_pq_va:0.32013 loss_pv_va:0.34599
INFO|2024-09-25 14:09:50: Epoch[022/100], iter[274/392], loss_total:1.25454, loss_equ:3.86786 loss_pq_vm:0.02038 loss_pq_va:0.32625 loss_pv_va:0.33772
INFO|2024-09-25 14:10:23: Epoch[022/100], iter[313/392], loss_total:1.18453, loss_equ:3.39018 loss_pq_vm:0.02443 loss_pq_va:0.28562 loss_pv_va:0.31559
INFO|2024-09-25 14:10:55: Epoch[022/100], iter[352/392], loss_total:1.15259, loss_equ:3.10638 loss_pq_vm:0.01904 loss_pq_va:0.30927 loss_pv_va:0.34228
INFO|2024-09-25 14:11:28: Epoch[022/100], iter[392/392], loss_total:1.27228, loss_equ:3.67743 loss_pq_vm:0.02069 loss_pq_va:0.33284 loss_pv_va:0.36476
INFO|2024-09-25 14:12:43: Epoch 21/100, lr:  0.00088640, eta: 8.67h, train_loss:  1.28114, valid_loss:  1.44198
INFO|2024-09-25 14:12:43: 	Train: PQ_Vm_rmse: 0.00148491  PQ_Va_rmse: 0.01607953  PV_Va_rmse: 0.01736790  delta_p: 0.09189500  delta_q: 0.02052776  
INFO|2024-09-25 14:12:43: 	ZTest: PQ_Vm_rmse: 0.00206322  PQ_Va_rmse: 0.02173884  PV_Va_rmse: 0.02364997  delta_p: 0.08920346  delta_q: 0.02620003  
INFO|2024-09-25 14:12:43: 	ZTest-ema: PQ_Vm_rmse: 0.001863  PQ_Va_rmse: 0.018472  PV_Va_rmse: 0.019552  delta_p: 0.051268  delta_q: 0.013453  
INFO|2024-09-25 14:12:43: 	           ValOfEMA:0.019552/0.018564,  Epoch:22/20
INFO|2024-09-25 14:12:44: 	Time(ep):400s,  Val(curr/best):0.023650/0.018602,  Epoch(curr/best):22/18
INFO|2024-09-25 14:12:44: -------------------- Epoch: 23 --------------------
INFO|2024-09-25 14:13:18: Epoch[023/100], iter[040/392], loss_total:1.10962, loss_equ:3.23254 loss_pq_vm:0.01884 loss_pq_va:0.28730 loss_pv_va:0.31070
INFO|2024-09-25 14:13:50: Epoch[023/100], iter[079/392], loss_total:1.09345, loss_equ:2.95284 loss_pq_vm:0.01988 loss_pq_va:0.28581 loss_pv_va:0.31352
INFO|2024-09-25 14:14:23: Epoch[023/100], iter[118/392], loss_total:0.95875, loss_equ:2.80964 loss_pq_vm:0.01588 loss_pq_va:0.24702 loss_pv_va:0.27193
INFO|2024-09-25 14:14:55: Epoch[023/100], iter[157/392], loss_total:1.28157, loss_equ:3.24288 loss_pq_vm:0.02219 loss_pq_va:0.34701 loss_pv_va:0.38842
INFO|2024-09-25 14:15:27: Epoch[023/100], iter[196/392], loss_total:1.44885, loss_equ:3.75831 loss_pq_vm:0.02326 loss_pq_va:0.40289 loss_pv_va:0.43753
INFO|2024-09-25 14:15:59: Epoch[023/100], iter[235/392], loss_total:1.21551, loss_equ:3.13316 loss_pq_vm:0.02185 loss_pq_va:0.32344 loss_pv_va:0.36021
INFO|2024-09-25 14:16:31: Epoch[023/100], iter[274/392], loss_total:1.04518, loss_equ:3.04835 loss_pq_vm:0.01796 loss_pq_va:0.26943 loss_pv_va:0.29133
INFO|2024-09-25 14:17:04: Epoch[023/100], iter[313/392], loss_total:1.57715, loss_equ:3.77923 loss_pq_vm:0.02147 loss_pq_va:0.45169 loss_pv_va:0.53283
INFO|2024-09-25 14:17:36: Epoch[023/100], iter[352/392], loss_total:1.15571, loss_equ:3.48200 loss_pq_vm:0.01809 loss_pq_va:0.30534 loss_pv_va:0.32131
INFO|2024-09-25 14:18:08: Epoch[023/100], iter[392/392], loss_total:1.20995, loss_equ:3.54060 loss_pq_vm:0.02109 loss_pq_va:0.30792 loss_pv_va:0.33709
INFO|2024-09-25 14:19:23: Epoch 22/100, lr:  0.00087630, eta: 8.55h, train_loss:  1.17182, valid_loss:  1.64719
INFO|2024-09-25 14:19:23: 	Train: PQ_Vm_rmse: 0.00128039  PQ_Va_rmse: 0.01390426  PV_Va_rmse: 0.01525400  delta_p: 0.07263586  delta_q: 0.01645852  
INFO|2024-09-25 14:19:23: 	ZTest: PQ_Vm_rmse: 0.00285390  PQ_Va_rmse: 0.03412575  PV_Va_rmse: 0.03746509  delta_p: 0.12890765  delta_q: 0.02990933  
INFO|2024-09-25 14:19:23: 	ZTest-ema: PQ_Vm_rmse: 0.001764  PQ_Va_rmse: 0.017424  PV_Va_rmse: 0.018567  delta_p: 0.054419  delta_q: 0.013164  
INFO|2024-09-25 14:19:23: 	           ValOfEMA:0.018567/0.018564,  Epoch:23/20
INFO|2024-09-25 14:19:24: 	Time(ep):399s,  Val(curr/best):0.037465/0.018602,  Epoch(curr/best):23/18
INFO|2024-09-25 14:19:24: -------------------- Epoch: 24 --------------------
INFO|2024-09-25 14:19:58: Epoch[024/100], iter[040/392], loss_total:1.03235, loss_equ:3.04354 loss_pq_vm:0.01759 loss_pq_va:0.26038 loss_pv_va:0.29172
INFO|2024-09-25 14:20:31: Epoch[024/100], iter[079/392], loss_total:1.27526, loss_equ:3.25516 loss_pq_vm:0.02696 loss_pq_va:0.32462 loss_pv_va:0.35548
INFO|2024-09-25 14:21:03: Epoch[024/100], iter[118/392], loss_total:1.10883, loss_equ:3.35180 loss_pq_vm:0.01837 loss_pq_va:0.28202 loss_pv_va:0.30792
INFO|2024-09-25 14:21:35: Epoch[024/100], iter[157/392], loss_total:1.12093, loss_equ:2.88725 loss_pq_vm:0.01901 loss_pq_va:0.30472 loss_pv_va:0.33742
INFO|2024-09-25 14:22:07: Epoch[024/100], iter[196/392], loss_total:1.16835, loss_equ:3.28346 loss_pq_vm:0.02355 loss_pq_va:0.29004 loss_pv_va:0.31445
INFO|2024-09-25 14:22:39: Epoch[024/100], iter[235/392], loss_total:1.28268, loss_equ:3.47828 loss_pq_vm:0.02252 loss_pq_va:0.33892 loss_pv_va:0.37078
INFO|2024-09-25 14:23:11: Epoch[024/100], iter[274/392], loss_total:0.97547, loss_equ:2.89289 loss_pq_vm:0.01601 loss_pq_va:0.24837 loss_pv_va:0.27773
INFO|2024-09-25 14:23:42: Epoch[024/100], iter[313/392], loss_total:1.32284, loss_equ:4.14577 loss_pq_vm:0.02030 loss_pq_va:0.33215 loss_pv_va:0.37307
INFO|2024-09-25 14:24:14: Epoch[024/100], iter[352/392], loss_total:1.12069, loss_equ:3.13666 loss_pq_vm:0.02027 loss_pq_va:0.28423 loss_pv_va:0.32004
INFO|2024-09-25 14:24:47: Epoch[024/100], iter[392/392], loss_total:1.02746, loss_equ:2.96936 loss_pq_vm:0.01799 loss_pq_va:0.26297 loss_pv_va:0.28765
INFO|2024-09-25 14:26:03: Epoch 23/100, lr:  0.00086584, eta: 8.43h, train_loss:  1.18787, valid_loss:  1.28384
INFO|2024-09-25 14:26:03: 	Train: PQ_Vm_rmse: 0.00133871  PQ_Va_rmse: 0.01439936  PV_Va_rmse: 0.01582481  delta_p: 0.07727947  delta_q: 0.01759488  
INFO|2024-09-25 14:26:03: 	ZTest: PQ_Vm_rmse: 0.00207397  PQ_Va_rmse: 0.01876429  PV_Va_rmse: 0.02021275  delta_p: 0.07746876  delta_q: 0.01974727  
INFO|2024-09-25 14:26:03: 	ZTest-ema: PQ_Vm_rmse: 0.001736  PQ_Va_rmse: 0.016793  PV_Va_rmse: 0.017837  delta_p: 0.056901  delta_q: 0.013502  
INFO|2024-09-25 14:26:03: 	           ValOfEMA:0.017837/0.017837,  Epoch:24/24
INFO|2024-09-25 14:26:03: 	Time(ep):399s,  Val(curr/best):0.020213/0.018602,  Epoch(curr/best):24/18
INFO|2024-09-25 14:26:03: -------------------- Epoch: 25 --------------------
INFO|2024-09-25 14:26:37: Epoch[025/100], iter[040/392], loss_total:1.35576, loss_equ:3.63148 loss_pq_vm:0.02433 loss_pq_va:0.36092 loss_pv_va:0.38839
INFO|2024-09-25 14:27:10: Epoch[025/100], iter[079/392], loss_total:1.17934, loss_equ:3.31950 loss_pq_vm:0.02002 loss_pq_va:0.31044 loss_pv_va:0.33673
INFO|2024-09-25 14:27:42: Epoch[025/100], iter[118/392], loss_total:1.13518, loss_equ:3.10972 loss_pq_vm:0.01919 loss_pq_va:0.30042 loss_pv_va:0.33191
INFO|2024-09-25 14:28:14: Epoch[025/100], iter[157/392], loss_total:1.15223, loss_equ:3.25740 loss_pq_vm:0.02079 loss_pq_va:0.29235 loss_pv_va:0.32622
INFO|2024-09-25 14:28:46: Epoch[025/100], iter[196/392], loss_total:1.09409, loss_equ:3.11391 loss_pq_vm:0.02003 loss_pq_va:0.27810 loss_pv_va:0.30427
INFO|2024-09-25 14:29:18: Epoch[025/100], iter[235/392], loss_total:0.98961, loss_equ:2.93955 loss_pq_vm:0.01939 loss_pq_va:0.23913 loss_pv_va:0.26263
INFO|2024-09-25 14:29:50: Epoch[025/100], iter[274/392], loss_total:1.33810, loss_equ:4.14680 loss_pq_vm:0.02396 loss_pq_va:0.32678 loss_pv_va:0.35708
INFO|2024-09-25 14:30:22: Epoch[025/100], iter[313/392], loss_total:1.18186, loss_equ:3.42590 loss_pq_vm:0.01971 loss_pq_va:0.30611 loss_pv_va:0.33603
INFO|2024-09-25 14:30:54: Epoch[025/100], iter[352/392], loss_total:1.19444, loss_equ:2.97334 loss_pq_vm:0.01924 loss_pq_va:0.33816 loss_pv_va:0.36651
INFO|2024-09-25 14:31:27: Epoch[025/100], iter[392/392], loss_total:0.97779, loss_equ:2.81916 loss_pq_vm:0.01693 loss_pq_va:0.25055 loss_pv_va:0.27606
INFO|2024-09-25 14:32:42: Epoch 24/100, lr:  0.00085502, eta: 8.32h, train_loss:  1.17006, valid_loss:  1.22536
INFO|2024-09-25 14:32:42: 	Train: PQ_Vm_rmse: 0.00125745  PQ_Va_rmse: 0.01324729  PV_Va_rmse: 0.01457545  delta_p: 0.06739883  delta_q: 0.01812485  
INFO|2024-09-25 14:32:42: 	ZTest: PQ_Vm_rmse: 0.00167003  PQ_Va_rmse: 0.01657275  PV_Va_rmse: 0.01779790  delta_p: 0.06243044  delta_q: 0.01709208  
INFO|2024-09-25 14:32:42: 	ZTest-ema: PQ_Vm_rmse: 0.001717  PQ_Va_rmse: 0.017056  PV_Va_rmse: 0.018339  delta_p: 0.046585  delta_q: 0.012414  
INFO|2024-09-25 14:32:42: 	           ValOfEMA:0.018339/0.017837,  Epoch:25/24
INFO|2024-09-25 14:32:43: 	Time(ep):399s,  Val(curr/best):0.017798/0.017798,  Epoch(curr/best):25/25
INFO|2024-09-25 14:32:43: -------------------- Epoch: 26 --------------------
INFO|2024-09-25 14:33:17: Epoch[026/100], iter[040/392], loss_total:1.23983, loss_equ:3.18376 loss_pq_vm:0.02715 loss_pq_va:0.30588 loss_pv_va:0.34403
INFO|2024-09-25 14:33:49: Epoch[026/100], iter[079/392], loss_total:1.17179, loss_equ:2.99882 loss_pq_vm:0.02002 loss_pq_va:0.31803 loss_pv_va:0.35365
INFO|2024-09-25 14:34:21: Epoch[026/100], iter[118/392], loss_total:1.03195, loss_equ:2.88135 loss_pq_vm:0.02182 loss_pq_va:0.24924 loss_pv_va:0.27637
INFO|2024-09-25 14:34:54: Epoch[026/100], iter[157/392], loss_total:1.02219, loss_equ:2.79517 loss_pq_vm:0.01877 loss_pq_va:0.26430 loss_pv_va:0.29070
INFO|2024-09-25 14:35:25: Epoch[026/100], iter[196/392], loss_total:1.49295, loss_equ:3.31408 loss_pq_vm:0.02134 loss_pq_va:0.45540 loss_pv_va:0.49271
INFO|2024-09-25 14:35:57: Epoch[026/100], iter[235/392], loss_total:1.11840, loss_equ:3.06558 loss_pq_vm:0.01913 loss_pq_va:0.29186 loss_pv_va:0.32867
INFO|2024-09-25 14:36:28: Epoch[026/100], iter[274/392], loss_total:1.02004, loss_equ:2.88534 loss_pq_vm:0.01822 loss_pq_va:0.26065 loss_pv_va:0.28870
INFO|2024-09-25 14:37:00: Epoch[026/100], iter[313/392], loss_total:1.29978, loss_equ:3.08702 loss_pq_vm:0.02015 loss_pq_va:0.37379 loss_pv_va:0.41576
INFO|2024-09-25 14:37:32: Epoch[026/100], iter[352/392], loss_total:0.91820, loss_equ:2.66742 loss_pq_vm:0.01695 loss_pq_va:0.22902 loss_pv_va:0.25299
INFO|2024-09-25 14:38:05: Epoch[026/100], iter[392/392], loss_total:1.26576, loss_equ:3.84316 loss_pq_vm:0.02576 loss_pq_va:0.30125 loss_pv_va:0.32263
INFO|2024-09-25 14:39:20: Epoch 25/100, lr:  0.00084385, eta: 8.16h, train_loss:  1.09037, valid_loss:  1.42563
INFO|2024-09-25 14:39:20: 	Train: PQ_Vm_rmse: 0.00116867  PQ_Va_rmse: 0.01149725  PV_Va_rmse: 0.01266263  delta_p: 0.06214431  delta_q: 0.01467015  
INFO|2024-09-25 14:39:20: 	ZTest: PQ_Vm_rmse: 0.00229839  PQ_Va_rmse: 0.02299612  PV_Va_rmse: 0.02540112  delta_p: 0.10650543  delta_q: 0.02888924  
INFO|2024-09-25 14:39:20: 	ZTest-ema: PQ_Vm_rmse: 0.001624  PQ_Va_rmse: 0.016249  PV_Va_rmse: 0.017484  delta_p: 0.048736  delta_q: 0.011889  
INFO|2024-09-25 14:39:20: 	           ValOfEMA:0.017484/0.017484,  Epoch:26/26
INFO|2024-09-25 14:39:20: 	Time(ep):396s,  Val(curr/best):0.025401/0.017798,  Epoch(curr/best):26/25
INFO|2024-09-25 14:39:20: -------------------- Epoch: 27 --------------------
INFO|2024-09-25 14:39:55: Epoch[027/100], iter[040/392], loss_total:1.31021, loss_equ:3.50187 loss_pq_vm:0.02268 loss_pq_va:0.34957 loss_pv_va:0.38367
INFO|2024-09-25 14:40:27: Epoch[027/100], iter[079/392], loss_total:1.19358, loss_equ:3.47103 loss_pq_vm:0.02339 loss_pq_va:0.28684 loss_pv_va:0.32571
INFO|2024-09-25 14:40:59: Epoch[027/100], iter[118/392], loss_total:1.12396, loss_equ:3.29826 loss_pq_vm:0.02156 loss_pq_va:0.27764 loss_pv_va:0.30089
INFO|2024-09-25 14:41:30: Epoch[027/100], iter[157/392], loss_total:0.99630, loss_equ:3.07046 loss_pq_vm:0.01728 loss_pq_va:0.24549 loss_pv_va:0.27097
INFO|2024-09-25 14:42:02: Epoch[027/100], iter[196/392], loss_total:1.00968, loss_equ:2.81802 loss_pq_vm:0.01764 loss_pq_va:0.26128 loss_pv_va:0.29020
INFO|2024-09-25 14:42:34: Epoch[027/100], iter[235/392], loss_total:1.10380, loss_equ:3.21036 loss_pq_vm:0.01917 loss_pq_va:0.28333 loss_pv_va:0.30773
INFO|2024-09-25 14:43:07: Epoch[027/100], iter[274/392], loss_total:1.22958, loss_equ:3.29796 loss_pq_vm:0.02581 loss_pq_va:0.30164 loss_pv_va:0.34000
INFO|2024-09-25 14:43:38: Epoch[027/100], iter[313/392], loss_total:0.95989, loss_equ:2.70681 loss_pq_vm:0.01655 loss_pq_va:0.24644 loss_pv_va:0.27727
INFO|2024-09-25 14:44:11: Epoch[027/100], iter[352/392], loss_total:0.93888, loss_equ:2.73440 loss_pq_vm:0.01737 loss_pq_va:0.23179 loss_pv_va:0.25994
INFO|2024-09-25 14:44:43: Epoch[027/100], iter[392/392], loss_total:0.92935, loss_equ:2.83845 loss_pq_vm:0.01609 loss_pq_va:0.22826 loss_pv_va:0.25632
INFO|2024-09-25 14:45:59: Epoch 26/100, lr:  0.00083235, eta: 8.08h, train_loss:  1.11404, valid_loss:  1.18186
INFO|2024-09-25 14:45:59: 	Train: PQ_Vm_rmse: 0.00117971  PQ_Va_rmse: 0.01182746  PV_Va_rmse: 0.01286154  delta_p: 0.06392696  delta_q: 0.01581330  
INFO|2024-09-25 14:45:59: 	ZTest: PQ_Vm_rmse: 0.00163196  PQ_Va_rmse: 0.01484907  PV_Va_rmse: 0.01616590  delta_p: 0.05346734  delta_q: 0.01488930  
INFO|2024-09-25 14:45:59: 	ZTest-ema: PQ_Vm_rmse: 0.001575  PQ_Va_rmse: 0.015611  PV_Va_rmse: 0.016811  delta_p: 0.044609  delta_q: 0.011296  
INFO|2024-09-25 14:45:59: 	           ValOfEMA:0.016811/0.016811,  Epoch:27/27
INFO|2024-09-25 14:45:59: 	Time(ep):398s,  Val(curr/best):0.016166/0.016166,  Epoch(curr/best):27/27
INFO|2024-09-25 14:45:59: -------------------- Epoch: 28 --------------------
INFO|2024-09-25 14:46:34: Epoch[028/100], iter[040/392], loss_total:1.14720, loss_equ:2.90522 loss_pq_vm:0.02218 loss_pq_va:0.30602 loss_pv_va:0.32891
INFO|2024-09-25 14:47:06: Epoch[028/100], iter[079/392], loss_total:1.00802, loss_equ:2.84005 loss_pq_vm:0.01751 loss_pq_va:0.25920 loss_pv_va:0.28974
INFO|2024-09-25 14:47:38: Epoch[028/100], iter[118/392], loss_total:1.00991, loss_equ:3.07987 loss_pq_vm:0.01762 loss_pq_va:0.25028 loss_pv_va:0.27545
INFO|2024-09-25 14:48:09: Epoch[028/100], iter[157/392], loss_total:1.28695, loss_equ:3.59950 loss_pq_vm:0.02486 loss_pq_va:0.32732 loss_pv_va:0.35105
INFO|2024-09-25 14:48:41: Epoch[028/100], iter[196/392], loss_total:0.97673, loss_equ:2.84815 loss_pq_vm:0.01664 loss_pq_va:0.24890 loss_pv_va:0.27665
INFO|2024-09-25 14:49:13: Epoch[028/100], iter[235/392], loss_total:1.00534, loss_equ:2.70879 loss_pq_vm:0.01615 loss_pq_va:0.27321 loss_pv_va:0.29980
INFO|2024-09-25 14:49:45: Epoch[028/100], iter[274/392], loss_total:1.32172, loss_equ:3.05019 loss_pq_vm:0.01872 loss_pq_va:0.38163 loss_pv_va:0.44784
INFO|2024-09-25 14:50:16: Epoch[028/100], iter[313/392], loss_total:0.99446, loss_equ:2.78725 loss_pq_vm:0.01757 loss_pq_va:0.25783 loss_pv_va:0.28222
INFO|2024-09-25 14:50:48: Epoch[028/100], iter[352/392], loss_total:1.02789, loss_equ:2.84101 loss_pq_vm:0.02081 loss_pq_va:0.25680 loss_pv_va:0.27884
INFO|2024-09-25 14:51:20: Epoch[028/100], iter[392/392], loss_total:1.07355, loss_equ:2.75680 loss_pq_vm:0.01968 loss_pq_va:0.28490 loss_pv_va:0.31612
INFO|2024-09-25 14:52:35: Epoch 27/100, lr:  0.00082052, eta: 7.92h, train_loss:  1.08566, valid_loss:  1.19594
INFO|2024-09-25 14:52:35: 	Train: PQ_Vm_rmse: 0.00116189  PQ_Va_rmse: 0.01204040  PV_Va_rmse: 0.01313566  delta_p: 0.06291344  delta_q: 0.01494163  
INFO|2024-09-25 14:52:35: 	ZTest: PQ_Vm_rmse: 0.00172036  PQ_Va_rmse: 0.01670637  PV_Va_rmse: 0.01812285  delta_p: 0.05995192  delta_q: 0.01581266  
INFO|2024-09-25 14:52:35: 	ZTest-ema: PQ_Vm_rmse: 0.001570  PQ_Va_rmse: 0.015594  PV_Va_rmse: 0.016665  delta_p: 0.044494  delta_q: 0.011125  
INFO|2024-09-25 14:52:35: 	           ValOfEMA:0.016665/0.016665,  Epoch:28/28
INFO|2024-09-25 14:52:36: 	Time(ep):396s,  Val(curr/best):0.018123/0.016166,  Epoch(curr/best):28/27
INFO|2024-09-25 14:52:36: -------------------- Epoch: 29 --------------------
INFO|2024-09-25 14:53:10: Epoch[029/100], iter[040/392], loss_total:1.89120, loss_equ:4.18894 loss_pq_vm:0.02919 loss_pq_va:0.57098 loss_pv_va:0.60944
INFO|2024-09-25 14:53:42: Epoch[029/100], iter[079/392], loss_total:1.07815, loss_equ:3.11553 loss_pq_vm:0.01871 loss_pq_va:0.27542 loss_pv_va:0.30405
INFO|2024-09-25 14:54:14: Epoch[029/100], iter[118/392], loss_total:1.07837, loss_equ:3.03122 loss_pq_vm:0.01763 loss_pq_va:0.28537 loss_pv_va:0.31358
INFO|2024-09-25 14:54:46: Epoch[029/100], iter[157/392], loss_total:1.26952, loss_equ:3.82763 loss_pq_vm:0.02341 loss_pq_va:0.31466 loss_pv_va:0.33802
INFO|2024-09-25 14:55:18: Epoch[029/100], iter[196/392], loss_total:1.09066, loss_equ:3.09754 loss_pq_vm:0.01839 loss_pq_va:0.28305 loss_pv_va:0.31396
INFO|2024-09-25 14:55:50: Epoch[029/100], iter[235/392], loss_total:1.11725, loss_equ:3.07271 loss_pq_vm:0.02075 loss_pq_va:0.28704 loss_pv_va:0.31545
INFO|2024-09-25 14:56:22: Epoch[029/100], iter[274/392], loss_total:1.02471, loss_equ:2.72296 loss_pq_vm:0.01809 loss_pq_va:0.27250 loss_pv_va:0.29903
INFO|2024-09-25 14:56:54: Epoch[029/100], iter[313/392], loss_total:1.21348, loss_equ:3.22687 loss_pq_vm:0.02001 loss_pq_va:0.32908 loss_pv_va:0.36161
INFO|2024-09-25 14:57:26: Epoch[029/100], iter[352/392], loss_total:0.99958, loss_equ:2.85027 loss_pq_vm:0.01653 loss_pq_va:0.26255 loss_pv_va:0.28670
INFO|2024-09-25 14:57:59: Epoch[029/100], iter[392/392], loss_total:1.39993, loss_equ:4.26550 loss_pq_vm:0.02336 loss_pq_va:0.36135 loss_pv_va:0.37846
INFO|2024-09-25 14:59:14: Epoch 28/100, lr:  0.00080839, eta: 7.84h, train_loss:  1.12384, valid_loss:  1.62151
INFO|2024-09-25 14:59:14: 	Train: PQ_Vm_rmse: 0.00116617  PQ_Va_rmse: 0.01253808  PV_Va_rmse: 0.01362346  delta_p: 0.06879523  delta_q: 0.01654267  
INFO|2024-09-25 14:59:14: 	ZTest: PQ_Vm_rmse: 0.00315551  PQ_Va_rmse: 0.03158442  PV_Va_rmse: 0.03367416  delta_p: 0.17196532  delta_q: 0.04414071  
INFO|2024-09-25 14:59:14: 	ZTest-ema: PQ_Vm_rmse: 0.001656  PQ_Va_rmse: 0.015971  PV_Va_rmse: 0.017124  delta_p: 0.046620  delta_q: 0.011314  
INFO|2024-09-25 14:59:14: 	           ValOfEMA:0.017124/0.016665,  Epoch:29/28
INFO|2024-09-25 14:59:14: 	Time(ep):397s,  Val(curr/best):0.033674/0.016166,  Epoch(curr/best):29/27
INFO|2024-09-25 14:59:14: -------------------- Epoch: 30 --------------------
INFO|2024-09-25 14:59:48: Epoch[030/100], iter[040/392], loss_total:1.01041, loss_equ:3.01844 loss_pq_vm:0.02040 loss_pq_va:0.23940 loss_pv_va:0.26514
INFO|2024-09-25 15:00:19: Epoch[030/100], iter[079/392], loss_total:1.02837, loss_equ:2.88173 loss_pq_vm:0.01678 loss_pq_va:0.27440 loss_pv_va:0.29797
INFO|2024-09-25 15:00:51: Epoch[030/100], iter[118/392], loss_total:1.00671, loss_equ:3.08165 loss_pq_vm:0.01676 loss_pq_va:0.24995 loss_pv_va:0.28098
INFO|2024-09-25 15:01:23: Epoch[030/100], iter[157/392], loss_total:1.01875, loss_equ:2.73110 loss_pq_vm:0.01684 loss_pq_va:0.27148 loss_pv_va:0.30579
INFO|2024-09-25 15:01:55: Epoch[030/100], iter[196/392], loss_total:0.91100, loss_equ:2.66185 loss_pq_vm:0.01818 loss_pq_va:0.21943 loss_pv_va:0.24357
INFO|2024-09-25 15:02:26: Epoch[030/100], iter[235/392], loss_total:0.92223, loss_equ:2.63355 loss_pq_vm:0.01549 loss_pq_va:0.23935 loss_pv_va:0.26467
INFO|2024-09-25 15:02:58: Epoch[030/100], iter[274/392], loss_total:1.01591, loss_equ:2.68822 loss_pq_vm:0.01750 loss_pq_va:0.27127 loss_pv_va:0.30082
INFO|2024-09-25 15:03:30: Epoch[030/100], iter[313/392], loss_total:0.98335, loss_equ:2.85318 loss_pq_vm:0.01649 loss_pq_va:0.25486 loss_pv_va:0.27827
INFO|2024-09-25 15:04:02: Epoch[030/100], iter[352/392], loss_total:0.95220, loss_equ:2.70389 loss_pq_vm:0.01738 loss_pq_va:0.24170 loss_pv_va:0.26632
INFO|2024-09-25 15:04:35: Epoch[030/100], iter[392/392], loss_total:1.06233, loss_equ:2.95262 loss_pq_vm:0.01887 loss_pq_va:0.27448 loss_pv_va:0.30392
INFO|2024-09-25 15:05:50: Epoch 29/100, lr:  0.00079595, eta: 7.71h, train_loss:  1.02480, valid_loss:  1.24031
INFO|2024-09-25 15:05:50: 	Train: PQ_Vm_rmse: 0.00095831  PQ_Va_rmse: 0.01026038  PV_Va_rmse: 0.01123418  delta_p: 0.04889348  delta_q: 0.01185717  
INFO|2024-09-25 15:05:50: 	ZTest: PQ_Vm_rmse: 0.00183214  PQ_Va_rmse: 0.01620614  PV_Va_rmse: 0.01811155  delta_p: 0.09531213  delta_q: 0.02445773  
INFO|2024-09-25 15:05:50: 	ZTest-ema: PQ_Vm_rmse: 0.001510  PQ_Va_rmse: 0.014509  PV_Va_rmse: 0.015485  delta_p: 0.043832  delta_q: 0.011558  
INFO|2024-09-25 15:05:50: 	           ValOfEMA:0.015485/0.015485,  Epoch:30/30
INFO|2024-09-25 15:05:51: 	Time(ep):396s,  Val(curr/best):0.018112/0.016166,  Epoch(curr/best):30/27
INFO|2024-09-25 15:05:51: -------------------- Epoch: 31 --------------------
INFO|2024-09-25 15:06:25: Epoch[031/100], iter[040/392], loss_total:1.07073, loss_equ:2.85987 loss_pq_vm:0.02129 loss_pq_va:0.27441 loss_pv_va:0.29747
INFO|2024-09-25 15:06:57: Epoch[031/100], iter[079/392], loss_total:0.91323, loss_equ:2.70740 loss_pq_vm:0.01585 loss_pq_va:0.23021 loss_pv_va:0.25381
INFO|2024-09-25 15:07:29: Epoch[031/100], iter[118/392], loss_total:1.00756, loss_equ:2.74748 loss_pq_vm:0.01834 loss_pq_va:0.25920 loss_pv_va:0.29022
INFO|2024-09-25 15:08:01: Epoch[031/100], iter[157/392], loss_total:1.08274, loss_equ:3.19237 loss_pq_vm:0.02033 loss_pq_va:0.26738 loss_pv_va:0.29284
INFO|2024-09-25 15:08:33: Epoch[031/100], iter[196/392], loss_total:1.42874, loss_equ:3.28281 loss_pq_vm:0.02515 loss_pq_va:0.40894 loss_pv_va:0.44001
INFO|2024-09-25 15:09:04: Epoch[031/100], iter[235/392], loss_total:1.03582, loss_equ:2.84387 loss_pq_vm:0.01697 loss_pq_va:0.27677 loss_pv_va:0.30493
INFO|2024-09-25 15:09:36: Epoch[031/100], iter[274/392], loss_total:0.93120, loss_equ:2.63167 loss_pq_vm:0.01932 loss_pq_va:0.22501 loss_pv_va:0.24983
INFO|2024-09-25 15:10:08: Epoch[031/100], iter[313/392], loss_total:1.03679, loss_equ:3.19843 loss_pq_vm:0.01834 loss_pq_va:0.25399 loss_pv_va:0.27951
INFO|2024-09-25 15:10:40: Epoch[031/100], iter[352/392], loss_total:1.15692, loss_equ:3.28530 loss_pq_vm:0.02131 loss_pq_va:0.29310 loss_pv_va:0.32218
INFO|2024-09-25 15:11:13: Epoch[031/100], iter[392/392], loss_total:1.04008, loss_equ:3.24182 loss_pq_vm:0.01969 loss_pq_va:0.24711 loss_pv_va:0.27189
INFO|2024-09-25 15:12:29: Epoch 30/100, lr:  0.00078323, eta: 7.63h, train_loss:  1.07032, valid_loss:  1.26010
INFO|2024-09-25 15:12:29: 	Train: PQ_Vm_rmse: 0.00118659  PQ_Va_rmse: 0.01166252  PV_Va_rmse: 0.01280210  delta_p: 0.06236149  delta_q: 0.01556339  
INFO|2024-09-25 15:12:29: 	ZTest: PQ_Vm_rmse: 0.00174163  PQ_Va_rmse: 0.01850439  PV_Va_rmse: 0.01987250  delta_p: 0.06518641  delta_q: 0.01679180  
INFO|2024-09-25 15:12:29: 	ZTest-ema: PQ_Vm_rmse: 0.001567  PQ_Va_rmse: 0.015824  PV_Va_rmse: 0.016832  delta_p: 0.038028  delta_q: 0.009821  
INFO|2024-09-25 15:12:29: 	           ValOfEMA:0.016832/0.015485,  Epoch:31/30
INFO|2024-09-25 15:12:29: 	Time(ep):397s,  Val(curr/best):0.019873/0.016166,  Epoch(curr/best):31/27
INFO|2024-09-25 15:12:29: -------------------- Epoch: 32 --------------------
INFO|2024-09-25 15:13:04: Epoch[032/100], iter[040/392], loss_total:0.91326, loss_equ:2.72633 loss_pq_vm:0.01516 loss_pq_va:0.23045 loss_pv_va:0.25856
INFO|2024-09-25 15:13:36: Epoch[032/100], iter[079/392], loss_total:1.00531, loss_equ:2.88867 loss_pq_vm:0.01624 loss_pq_va:0.26844 loss_pv_va:0.28557
INFO|2024-09-25 15:14:08: Epoch[032/100], iter[118/392], loss_total:1.01479, loss_equ:3.19790 loss_pq_vm:0.01812 loss_pq_va:0.24399 loss_pv_va:0.26981
INFO|2024-09-25 15:14:40: Epoch[032/100], iter[157/392], loss_total:0.98533, loss_equ:3.16361 loss_pq_vm:0.01815 loss_pq_va:0.22887 loss_pv_va:0.25862
INFO|2024-09-25 15:15:12: Epoch[032/100], iter[196/392], loss_total:1.13682, loss_equ:3.20336 loss_pq_vm:0.02114 loss_pq_va:0.29123 loss_pv_va:0.31383
INFO|2024-09-25 15:15:44: Epoch[032/100], iter[235/392], loss_total:0.94736, loss_equ:2.67621 loss_pq_vm:0.01780 loss_pq_va:0.23968 loss_pv_va:0.26208
INFO|2024-09-25 15:16:17: Epoch[032/100], iter[274/392], loss_total:0.82048, loss_equ:2.44283 loss_pq_vm:0.01385 loss_pq_va:0.20669 loss_pv_va:0.23097
INFO|2024-09-25 15:16:49: Epoch[032/100], iter[313/392], loss_total:0.89985, loss_equ:2.55894 loss_pq_vm:0.01604 loss_pq_va:0.22865 loss_pv_va:0.25487
INFO|2024-09-25 15:17:21: Epoch[032/100], iter[352/392], loss_total:1.10880, loss_equ:2.99590 loss_pq_vm:0.02356 loss_pq_va:0.27359 loss_pv_va:0.30003
INFO|2024-09-25 15:17:54: Epoch[032/100], iter[392/392], loss_total:1.64638, loss_equ:3.40614 loss_pq_vm:0.02580 loss_pq_va:0.48562 loss_pv_va:0.56219
INFO|2024-09-25 15:19:09: Epoch 31/100, lr:  0.00077023, eta: 7.55h, train_loss:  1.04146, valid_loss:  1.54924
INFO|2024-09-25 15:19:09: 	Train: PQ_Vm_rmse: 0.00100687  PQ_Va_rmse: 0.01064895  PV_Va_rmse: 0.01150541  delta_p: 0.05681270  delta_q: 0.01353963  
INFO|2024-09-25 15:19:09: 	ZTest: PQ_Vm_rmse: 0.00239253  PQ_Va_rmse: 0.03355750  PV_Va_rmse: 0.03815690  delta_p: 0.09795201  delta_q: 0.02203518  
INFO|2024-09-25 15:19:09: 	ZTest-ema: PQ_Vm_rmse: 0.001608  PQ_Va_rmse: 0.015729  PV_Va_rmse: 0.016740  delta_p: 0.042106  delta_q: 0.010490  
INFO|2024-09-25 15:19:09: 	           ValOfEMA:0.016740/0.015485,  Epoch:32/30
INFO|2024-09-25 15:19:09: 	Time(ep):399s,  Val(curr/best):0.038157/0.016166,  Epoch(curr/best):32/27
INFO|2024-09-25 15:19:09: -------------------- Epoch: 33 --------------------
INFO|2024-09-25 15:19:43: Epoch[033/100], iter[040/392], loss_total:0.89826, loss_equ:2.55760 loss_pq_vm:0.01543 loss_pq_va:0.23108 loss_pv_va:0.25710
INFO|2024-09-25 15:20:15: Epoch[033/100], iter[079/392], loss_total:0.84974, loss_equ:2.54805 loss_pq_vm:0.01470 loss_pq_va:0.21202 loss_pv_va:0.23592
INFO|2024-09-25 15:20:47: Epoch[033/100], iter[118/392], loss_total:0.95138, loss_equ:2.65574 loss_pq_vm:0.01664 loss_pq_va:0.24699 loss_pv_va:0.27237
INFO|2024-09-25 15:21:19: Epoch[033/100], iter[157/392], loss_total:0.93989, loss_equ:2.68120 loss_pq_vm:0.01843 loss_pq_va:0.23190 loss_pv_va:0.25560
INFO|2024-09-25 15:21:50: Epoch[033/100], iter[196/392], loss_total:0.89486, loss_equ:2.60552 loss_pq_vm:0.01590 loss_pq_va:0.22532 loss_pv_va:0.24997
INFO|2024-09-25 15:22:23: Epoch[033/100], iter[235/392], loss_total:0.91973, loss_equ:2.59964 loss_pq_vm:0.01522 loss_pq_va:0.24230 loss_pv_va:0.26522
INFO|2024-09-25 15:22:55: Epoch[033/100], iter[274/392], loss_total:0.95917, loss_equ:2.67355 loss_pq_vm:0.02288 loss_pq_va:0.21723 loss_pv_va:0.24581
INFO|2024-09-25 15:23:27: Epoch[033/100], iter[313/392], loss_total:1.30882, loss_equ:3.47784 loss_pq_vm:0.02040 loss_pq_va:0.35652 loss_pv_va:0.40053
INFO|2024-09-25 15:23:59: Epoch[033/100], iter[352/392], loss_total:1.05473, loss_equ:3.15943 loss_pq_vm:0.01900 loss_pq_va:0.25953 loss_pv_va:0.28927
INFO|2024-09-25 15:24:31: Epoch[033/100], iter[392/392], loss_total:1.04435, loss_equ:3.11100 loss_pq_vm:0.01869 loss_pq_va:0.25816 loss_pv_va:0.28818
INFO|2024-09-25 15:25:47: Epoch 32/100, lr:  0.00075698, eta: 7.4h, train_loss:  1.03548, valid_loss:  1.30883
INFO|2024-09-25 15:25:47: 	Train: PQ_Vm_rmse: 0.00101292  PQ_Va_rmse: 0.01156864  PV_Va_rmse: 0.01279048  delta_p: 0.05233353  delta_q: 0.01284961  
INFO|2024-09-25 15:25:47: 	ZTest: PQ_Vm_rmse: 0.00179909  PQ_Va_rmse: 0.01891551  PV_Va_rmse: 0.02046126  delta_p: 0.06891789  delta_q: 0.01670075  
INFO|2024-09-25 15:25:47: 	ZTest-ema: PQ_Vm_rmse: 0.001616  PQ_Va_rmse: 0.015692  PV_Va_rmse: 0.016657  delta_p: 0.039976  delta_q: 0.010060  
INFO|2024-09-25 15:25:47: 	           ValOfEMA:0.016657/0.015485,  Epoch:33/30
INFO|2024-09-25 15:25:47: 	Time(ep):397s,  Val(curr/best):0.020461/0.016166,  Epoch(curr/best):33/27
INFO|2024-09-25 15:25:47: -------------------- Epoch: 34 --------------------
INFO|2024-09-25 15:26:22: Epoch[034/100], iter[040/392], loss_total:0.95819, loss_equ:2.51688 loss_pq_vm:0.01587 loss_pq_va:0.25810 loss_pv_va:0.28972
INFO|2024-09-25 15:26:54: Epoch[034/100], iter[079/392], loss_total:1.22740, loss_equ:3.39161 loss_pq_vm:0.02305 loss_pq_va:0.30899 loss_pv_va:0.34869
INFO|2024-09-25 15:27:26: Epoch[034/100], iter[118/392], loss_total:0.93751, loss_equ:2.89959 loss_pq_vm:0.01540 loss_pq_va:0.23228 loss_pv_va:0.26124
INFO|2024-09-25 15:27:58: Epoch[034/100], iter[157/392], loss_total:0.99733, loss_equ:3.05614 loss_pq_vm:0.01906 loss_pq_va:0.23471 loss_pv_va:0.26641
INFO|2024-09-25 15:28:29: Epoch[034/100], iter[196/392], loss_total:0.93431, loss_equ:2.86376 loss_pq_vm:0.01498 loss_pq_va:0.23143 loss_pv_va:0.26675
INFO|2024-09-25 15:29:01: Epoch[034/100], iter[235/392], loss_total:0.90876, loss_equ:2.78794 loss_pq_vm:0.01549 loss_pq_va:0.22494 loss_pv_va:0.25017
INFO|2024-09-25 15:29:32: Epoch[034/100], iter[274/392], loss_total:0.87339, loss_equ:2.63899 loss_pq_vm:0.01422 loss_pq_va:0.21990 loss_pv_va:0.24740
INFO|2024-09-25 15:30:05: Epoch[034/100], iter[313/392], loss_total:0.90735, loss_equ:2.59616 loss_pq_vm:0.01582 loss_pq_va:0.23095 loss_pv_va:0.25861
INFO|2024-09-25 15:30:37: Epoch[034/100], iter[352/392], loss_total:1.13665, loss_equ:3.30561 loss_pq_vm:0.02359 loss_pq_va:0.27412 loss_pv_va:0.29606
INFO|2024-09-25 15:31:10: Epoch[034/100], iter[392/392], loss_total:1.01474, loss_equ:2.98226 loss_pq_vm:0.01645 loss_pq_va:0.26308 loss_pv_va:0.28889
INFO|2024-09-25 15:32:25: Epoch 33/100, lr:  0.00074347, eta: 7.3h, train_loss:  1.05046, valid_loss:  1.21744
INFO|2024-09-25 15:32:25: 	Train: PQ_Vm_rmse: 0.00104423  PQ_Va_rmse: 0.01118035  PV_Va_rmse: 0.01246056  delta_p: 0.06104277  delta_q: 0.01381114  
INFO|2024-09-25 15:32:25: 	ZTest: PQ_Vm_rmse: 0.00181798  PQ_Va_rmse: 0.01718157  PV_Va_rmse: 0.01867071  delta_p: 0.07826480  delta_q: 0.01736886  
INFO|2024-09-25 15:32:25: 	ZTest-ema: PQ_Vm_rmse: 0.001565  PQ_Va_rmse: 0.015348  PV_Va_rmse: 0.016357  delta_p: 0.041915  delta_q: 0.010479  
INFO|2024-09-25 15:32:25: 	           ValOfEMA:0.016357/0.015485,  Epoch:34/30
INFO|2024-09-25 15:32:26: 	Time(ep):398s,  Val(curr/best):0.018671/0.016166,  Epoch(curr/best):34/27
INFO|2024-09-25 15:32:26: -------------------- Epoch: 35 --------------------
INFO|2024-09-25 15:33:00: Epoch[035/100], iter[040/392], loss_total:0.92643, loss_equ:2.73492 loss_pq_vm:0.01639 loss_pq_va:0.23169 loss_pv_va:0.25735
INFO|2024-09-25 15:33:33: Epoch[035/100], iter[079/392], loss_total:0.98340, loss_equ:3.14065 loss_pq_vm:0.01795 loss_pq_va:0.23347 loss_pv_va:0.25641
INFO|2024-09-25 15:34:05: Epoch[035/100], iter[118/392], loss_total:0.87665, loss_equ:2.67879 loss_pq_vm:0.01491 loss_pq_va:0.21776 loss_pv_va:0.24188
INFO|2024-09-25 15:34:37: Epoch[035/100], iter[157/392], loss_total:1.09179, loss_equ:2.74670 loss_pq_vm:0.01613 loss_pq_va:0.30858 loss_pv_va:0.34721
INFO|2024-09-25 15:35:09: Epoch[035/100], iter[196/392], loss_total:0.86951, loss_equ:2.53066 loss_pq_vm:0.01567 loss_pq_va:0.21828 loss_pv_va:0.24146
INFO|2024-09-25 15:35:41: Epoch[035/100], iter[235/392], loss_total:0.97850, loss_equ:2.75452 loss_pq_vm:0.01905 loss_pq_va:0.24426 loss_pv_va:0.26829
INFO|2024-09-25 15:36:12: Epoch[035/100], iter[274/392], loss_total:0.99843, loss_equ:2.91665 loss_pq_vm:0.01691 loss_pq_va:0.25457 loss_pv_va:0.28307
INFO|2024-09-25 15:36:44: Epoch[035/100], iter[313/392], loss_total:0.97582, loss_equ:2.88745 loss_pq_vm:0.01759 loss_pq_va:0.23860 loss_pv_va:0.27253
INFO|2024-09-25 15:37:16: Epoch[035/100], iter[352/392], loss_total:0.91233, loss_equ:3.04480 loss_pq_vm:0.01489 loss_pq_va:0.21929 loss_pv_va:0.23970
INFO|2024-09-25 15:37:48: Epoch[035/100], iter[392/392], loss_total:1.23377, loss_equ:3.08339 loss_pq_vm:0.02673 loss_pq_va:0.31337 loss_pv_va:0.34477
INFO|2024-09-25 15:39:03: Epoch 34/100, lr:  0.00072973, eta: 7.18h, train_loss:  0.99568, valid_loss:  1.25241
INFO|2024-09-25 15:39:03: 	Train: PQ_Vm_rmse: 0.00094642  PQ_Va_rmse: 0.00972174  PV_Va_rmse: 0.01069516  delta_p: 0.05518639  delta_q: 0.01141082  
INFO|2024-09-25 15:39:03: 	ZTest: PQ_Vm_rmse: 0.00201399  PQ_Va_rmse: 0.01458002  PV_Va_rmse: 0.01550939  delta_p: 0.06219838  delta_q: 0.02175966  
INFO|2024-09-25 15:39:03: 	ZTest-ema: PQ_Vm_rmse: 0.001514  PQ_Va_rmse: 0.014936  PV_Va_rmse: 0.015903  delta_p: 0.044150  delta_q: 0.010133  
INFO|2024-09-25 15:39:03: 	           ValOfEMA:0.015903/0.015485,  Epoch:35/30
INFO|2024-09-25 15:39:04: 	Time(ep):397s,  Val(curr/best):0.015509/0.015509,  Epoch(curr/best):35/35
INFO|2024-09-25 15:39:04: -------------------- Epoch: 36 --------------------
INFO|2024-09-25 15:39:38: Epoch[036/100], iter[040/392], loss_total:0.94861, loss_equ:2.82623 loss_pq_vm:0.01779 loss_pq_va:0.22879 loss_pv_va:0.25927
INFO|2024-09-25 15:40:10: Epoch[036/100], iter[079/392], loss_total:1.00112, loss_equ:3.04210 loss_pq_vm:0.01833 loss_pq_va:0.24322 loss_pv_va:0.27041
INFO|2024-09-25 15:40:42: Epoch[036/100], iter[118/392], loss_total:0.98183, loss_equ:2.77544 loss_pq_vm:0.01666 loss_pq_va:0.25410 loss_pv_va:0.28362
INFO|2024-09-25 15:41:14: Epoch[036/100], iter[157/392], loss_total:1.06584, loss_equ:3.10117 loss_pq_vm:0.02235 loss_pq_va:0.25545 loss_pv_va:0.27678
INFO|2024-09-25 15:41:46: Epoch[036/100], iter[196/392], loss_total:0.94210, loss_equ:2.56482 loss_pq_vm:0.01773 loss_pq_va:0.24063 loss_pv_va:0.26770
INFO|2024-09-25 15:42:18: Epoch[036/100], iter[235/392], loss_total:1.21186, loss_equ:3.11265 loss_pq_vm:0.02465 loss_pq_va:0.31555 loss_pv_va:0.33853
INFO|2024-09-25 15:42:50: Epoch[036/100], iter[274/392], loss_total:0.87050, loss_equ:2.53205 loss_pq_vm:0.01546 loss_pq_va:0.21861 loss_pv_va:0.24404
INFO|2024-09-25 15:43:23: Epoch[036/100], iter[313/392], loss_total:0.94915, loss_equ:2.80885 loss_pq_vm:0.01594 loss_pq_va:0.24196 loss_pv_va:0.26691
INFO|2024-09-25 15:43:55: Epoch[036/100], iter[352/392], loss_total:0.94936, loss_equ:2.66173 loss_pq_vm:0.01664 loss_pq_va:0.24659 loss_pv_va:0.27017
INFO|2024-09-25 15:44:28: Epoch[036/100], iter[392/392], loss_total:0.78289, loss_equ:2.36433 loss_pq_vm:0.01316 loss_pq_va:0.19568 loss_pv_va:0.21913
INFO|2024-09-25 15:45:44: Epoch 35/100, lr:  0.00071576, eta: 7.11h, train_loss:  0.98009, valid_loss:  1.09606
INFO|2024-09-25 15:45:44: 	Train: PQ_Vm_rmse: 0.00095106  PQ_Va_rmse: 0.00883212  PV_Va_rmse: 0.00970015  delta_p: 0.04733552  delta_q: 0.01289664  
INFO|2024-09-25 15:45:44: 	ZTest: PQ_Vm_rmse: 0.00155026  PQ_Va_rmse: 0.01485868  PV_Va_rmse: 0.01577064  delta_p: 0.04899489  delta_q: 0.01171162  
INFO|2024-09-25 15:45:44: 	ZTest-ema: PQ_Vm_rmse: 0.001488  PQ_Va_rmse: 0.014533  PV_Va_rmse: 0.015476  delta_p: 0.041584  delta_q: 0.010300  
INFO|2024-09-25 15:45:44: 	           ValOfEMA:0.015476/0.015476,  Epoch:36/36
INFO|2024-09-25 15:45:44: 	Time(ep):399s,  Val(curr/best):0.015771/0.015509,  Epoch(curr/best):36/35
INFO|2024-09-25 15:45:44: -------------------- Epoch: 37 --------------------
INFO|2024-09-25 15:46:19: Epoch[037/100], iter[040/392], loss_total:0.96685, loss_equ:3.06595 loss_pq_vm:0.01645 loss_pq_va:0.23609 loss_pv_va:0.25967
INFO|2024-09-25 15:46:51: Epoch[037/100], iter[079/392], loss_total:1.04796, loss_equ:3.08861 loss_pq_vm:0.01985 loss_pq_va:0.25569 loss_pv_va:0.28495
INFO|2024-09-25 15:47:23: Epoch[037/100], iter[118/392], loss_total:0.90994, loss_equ:2.63745 loss_pq_vm:0.01523 loss_pq_va:0.23453 loss_pv_va:0.25934
INFO|2024-09-25 15:47:55: Epoch[037/100], iter[157/392], loss_total:0.97619, loss_equ:2.68523 loss_pq_vm:0.01794 loss_pq_va:0.24969 loss_pv_va:0.27853
INFO|2024-09-25 15:48:27: Epoch[037/100], iter[196/392], loss_total:1.14029, loss_equ:2.60475 loss_pq_vm:0.02509 loss_pq_va:0.29703 loss_pv_va:0.33192
INFO|2024-09-25 15:49:00: Epoch[037/100], iter[235/392], loss_total:0.97757, loss_equ:3.12530 loss_pq_vm:0.01628 loss_pq_va:0.23594 loss_pv_va:0.26629
INFO|2024-09-25 15:49:32: Epoch[037/100], iter[274/392], loss_total:0.99856, loss_equ:2.76253 loss_pq_vm:0.02028 loss_pq_va:0.24752 loss_pv_va:0.27199
INFO|2024-09-25 15:50:04: Epoch[037/100], iter[313/392], loss_total:0.87167, loss_equ:2.52124 loss_pq_vm:0.01480 loss_pq_va:0.22198 loss_pv_va:0.24954
INFO|2024-09-25 15:50:37: Epoch[037/100], iter[352/392], loss_total:0.86456, loss_equ:2.50026 loss_pq_vm:0.01503 loss_pq_va:0.21888 loss_pv_va:0.24535
INFO|2024-09-25 15:51:10: Epoch[037/100], iter[392/392], loss_total:1.00659, loss_equ:2.71234 loss_pq_vm:0.01925 loss_pq_va:0.25600 loss_pv_va:0.28686
INFO|2024-09-25 15:52:25: Epoch 36/100, lr:  0.00070159, eta: 7.02h, train_loss:  0.96761, valid_loss:  1.22072
INFO|2024-09-25 15:52:25: 	Train: PQ_Vm_rmse: 0.00090223  PQ_Va_rmse: 0.00924437  PV_Va_rmse: 0.01014079  delta_p: 0.04803189  delta_q: 0.01088703  
INFO|2024-09-25 15:52:25: 	ZTest: PQ_Vm_rmse: 0.00176818  PQ_Va_rmse: 0.01950688  PV_Va_rmse: 0.02093374  delta_p: 0.06031907  delta_q: 0.01444200  
INFO|2024-09-25 15:52:25: 	ZTest-ema: PQ_Vm_rmse: 0.001480  PQ_Va_rmse: 0.014318  PV_Va_rmse: 0.015264  delta_p: 0.043259  delta_q: 0.010880  
INFO|2024-09-25 15:52:25: 	           ValOfEMA:0.015264/0.015264,  Epoch:37/37
INFO|2024-09-25 15:52:26: 	Time(ep):401s,  Val(curr/best):0.020934/0.015509,  Epoch(curr/best):37/35
INFO|2024-09-25 15:52:26: -------------------- Epoch: 38 --------------------
INFO|2024-09-25 15:53:00: Epoch[038/100], iter[040/392], loss_total:1.06670, loss_equ:2.75222 loss_pq_vm:0.02387 loss_pq_va:0.26311 loss_pv_va:0.28971
INFO|2024-09-25 15:53:32: Epoch[038/100], iter[079/392], loss_total:0.86320, loss_equ:2.67622 loss_pq_vm:0.01564 loss_pq_va:0.20693 loss_pv_va:0.23223
INFO|2024-09-25 15:54:04: Epoch[038/100], iter[118/392], loss_total:0.93287, loss_equ:2.76115 loss_pq_vm:0.01802 loss_pq_va:0.22539 loss_pv_va:0.25117
INFO|2024-09-25 15:54:37: Epoch[038/100], iter[157/392], loss_total:0.90160, loss_equ:2.56657 loss_pq_vm:0.01748 loss_pq_va:0.22207 loss_pv_va:0.24805
INFO|2024-09-25 15:55:09: Epoch[038/100], iter[196/392], loss_total:0.82375, loss_equ:2.47542 loss_pq_vm:0.01356 loss_pq_va:0.20707 loss_pv_va:0.23357
INFO|2024-09-25 15:55:41: Epoch[038/100], iter[235/392], loss_total:0.89327, loss_equ:2.48408 loss_pq_vm:0.01645 loss_pq_va:0.22935 loss_pv_va:0.25104
INFO|2024-09-25 15:56:13: Epoch[038/100], iter[274/392], loss_total:1.00358, loss_equ:3.13646 loss_pq_vm:0.01736 loss_pq_va:0.24279 loss_pv_va:0.27356
INFO|2024-09-25 15:56:45: Epoch[038/100], iter[313/392], loss_total:0.91345, loss_equ:2.74210 loss_pq_vm:0.01554 loss_pq_va:0.22907 loss_pv_va:0.25481
INFO|2024-09-25 15:57:17: Epoch[038/100], iter[352/392], loss_total:0.88193, loss_equ:2.43234 loss_pq_vm:0.01523 loss_pq_va:0.22934 loss_pv_va:0.25703
INFO|2024-09-25 15:57:50: Epoch[038/100], iter[392/392], loss_total:0.92725, loss_equ:2.67350 loss_pq_vm:0.01541 loss_pq_va:0.24079 loss_pv_va:0.26499
INFO|2024-09-25 15:59:05: Epoch 37/100, lr:  0.00068722, eta: 6.87h, train_loss:  0.92950, valid_loss:  1.16725
INFO|2024-09-25 15:59:05: 	Train: PQ_Vm_rmse: 0.00080864  PQ_Va_rmse: 0.00814110  PV_Va_rmse: 0.00900162  delta_p: 0.04525593  delta_q: 0.01063791  
INFO|2024-09-25 15:59:05: 	ZTest: PQ_Vm_rmse: 0.00169640  PQ_Va_rmse: 0.01701469  PV_Va_rmse: 0.01829430  delta_p: 0.04916771  delta_q: 0.01217620  
INFO|2024-09-25 15:59:05: 	ZTest-ema: PQ_Vm_rmse: 0.001463  PQ_Va_rmse: 0.014404  PV_Va_rmse: 0.015343  delta_p: 0.039915  delta_q: 0.009723  
INFO|2024-09-25 15:59:05: 	           ValOfEMA:0.015343/0.015264,  Epoch:38/37
INFO|2024-09-25 15:59:05: 	Time(ep):398s,  Val(curr/best):0.018294/0.015509,  Epoch(curr/best):38/35
INFO|2024-09-25 15:59:05: -------------------- Epoch: 39 --------------------
INFO|2024-09-25 15:59:39: Epoch[039/100], iter[040/392], loss_total:0.82850, loss_equ:2.39855 loss_pq_vm:0.01508 loss_pq_va:0.20617 loss_pv_va:0.23169
INFO|2024-09-25 16:00:11: Epoch[039/100], iter[079/392], loss_total:1.08127, loss_equ:2.65838 loss_pq_vm:0.01821 loss_pq_va:0.30018 loss_pv_va:0.33318
INFO|2024-09-25 16:00:44: Epoch[039/100], iter[118/392], loss_total:0.91867, loss_equ:2.57268 loss_pq_vm:0.01598 loss_pq_va:0.23763 loss_pv_va:0.26396
INFO|2024-09-25 16:01:16: Epoch[039/100], iter[157/392], loss_total:1.03209, loss_equ:3.09007 loss_pq_vm:0.01605 loss_pq_va:0.26732 loss_pv_va:0.29529
INFO|2024-09-25 16:01:48: Epoch[039/100], iter[196/392], loss_total:0.84770, loss_equ:2.52003 loss_pq_vm:0.01693 loss_pq_va:0.20230 loss_pv_va:0.22408
INFO|2024-09-25 16:02:20: Epoch[039/100], iter[235/392], loss_total:0.97146, loss_equ:2.53933 loss_pq_vm:0.01577 loss_pq_va:0.26112 loss_pv_va:0.29872
INFO|2024-09-25 16:02:52: Epoch[039/100], iter[274/392], loss_total:0.94424, loss_equ:2.63910 loss_pq_vm:0.01709 loss_pq_va:0.24146 loss_pv_va:0.26801
INFO|2024-09-25 16:03:24: Epoch[039/100], iter[313/392], loss_total:0.96775, loss_equ:3.06489 loss_pq_vm:0.01752 loss_pq_va:0.22945 loss_pv_va:0.25661
INFO|2024-09-25 16:03:56: Epoch[039/100], iter[352/392], loss_total:1.12522, loss_equ:2.65566 loss_pq_vm:0.01842 loss_pq_va:0.32168 loss_pv_va:0.35375
INFO|2024-09-25 16:04:29: Epoch[039/100], iter[392/392], loss_total:1.01700, loss_equ:2.97586 loss_pq_vm:0.01764 loss_pq_va:0.25668 loss_pv_va:0.28630
INFO|2024-09-25 16:05:45: Epoch 38/100, lr:  0.00067268, eta: 6.78h, train_loss:  0.96525, valid_loss:  1.19613
INFO|2024-09-25 16:05:45: 	Train: PQ_Vm_rmse: 0.00096690  PQ_Va_rmse: 0.01023286  PV_Va_rmse: 0.01115784  delta_p: 0.04973775  delta_q: 0.01132263  
INFO|2024-09-25 16:05:45: 	ZTest: PQ_Vm_rmse: 0.00182461  PQ_Va_rmse: 0.01809165  PV_Va_rmse: 0.02004128  delta_p: 0.05978980  delta_q: 0.01391017  
INFO|2024-09-25 16:05:45: 	ZTest-ema: PQ_Vm_rmse: 0.001485  PQ_Va_rmse: 0.014605  PV_Va_rmse: 0.015542  delta_p: 0.038222  delta_q: 0.009519  
INFO|2024-09-25 16:05:45: 	           ValOfEMA:0.015542/0.015264,  Epoch:39/37
INFO|2024-09-25 16:05:46: 	Time(ep):400s,  Val(curr/best):0.020041/0.015509,  Epoch(curr/best):39/35
INFO|2024-09-25 16:05:46: -------------------- Epoch: 40 --------------------
INFO|2024-09-25 16:06:20: Epoch[040/100], iter[040/392], loss_total:0.82292, loss_equ:2.47745 loss_pq_vm:0.01434 loss_pq_va:0.20548 loss_pv_va:0.22625
INFO|2024-09-25 16:06:52: Epoch[040/100], iter[079/392], loss_total:0.82043, loss_equ:2.37375 loss_pq_vm:0.01351 loss_pq_va:0.21257 loss_pv_va:0.23541
INFO|2024-09-25 16:07:24: Epoch[040/100], iter[118/392], loss_total:1.04029, loss_equ:2.53635 loss_pq_vm:0.01704 loss_pq_va:0.28668 loss_pv_va:0.32953
INFO|2024-09-25 16:07:56: Epoch[040/100], iter[157/392], loss_total:1.01064, loss_equ:2.95170 loss_pq_vm:0.01576 loss_pq_va:0.26842 loss_pv_va:0.28943
INFO|2024-09-25 16:08:28: Epoch[040/100], iter[196/392], loss_total:0.82867, loss_equ:2.46432 loss_pq_vm:0.01422 loss_pq_va:0.20669 loss_pv_va:0.23330
INFO|2024-09-25 16:09:00: Epoch[040/100], iter[235/392], loss_total:0.80399, loss_equ:2.35484 loss_pq_vm:0.01416 loss_pq_va:0.20183 loss_pv_va:0.22504
INFO|2024-09-25 16:09:32: Epoch[040/100], iter[274/392], loss_total:0.85684, loss_equ:2.43195 loss_pq_vm:0.01607 loss_pq_va:0.21369 loss_pv_va:0.23928
INFO|2024-09-25 16:10:04: Epoch[040/100], iter[313/392], loss_total:0.92623, loss_equ:2.48286 loss_pq_vm:0.01506 loss_pq_va:0.24849 loss_pv_va:0.27887
INFO|2024-09-25 16:10:35: Epoch[040/100], iter[352/392], loss_total:0.90829, loss_equ:2.59721 loss_pq_vm:0.01654 loss_pq_va:0.22987 loss_pv_va:0.25331
INFO|2024-09-25 16:11:08: Epoch[040/100], iter[392/392], loss_total:0.86898, loss_equ:2.62117 loss_pq_vm:0.01576 loss_pq_va:0.20983 loss_pv_va:0.23940
INFO|2024-09-25 16:12:24: Epoch 39/100, lr:  0.00065796, eta: 6.64h, train_loss:  0.88740, valid_loss:  1.14780
INFO|2024-09-25 16:12:24: 	Train: PQ_Vm_rmse: 0.00073813  PQ_Va_rmse: 0.00743719  PV_Va_rmse: 0.00811375  delta_p: 0.03578482  delta_q: 0.00884310  
INFO|2024-09-25 16:12:24: 	ZTest: PQ_Vm_rmse: 0.00166631  PQ_Va_rmse: 0.01656974  PV_Va_rmse: 0.01826994  delta_p: 0.04839551  delta_q: 0.01258430  
INFO|2024-09-25 16:12:24: 	ZTest-ema: PQ_Vm_rmse: 0.001433  PQ_Va_rmse: 0.014117  PV_Va_rmse: 0.014995  delta_p: 0.035347  delta_q: 0.008700  
INFO|2024-09-25 16:12:24: 	           ValOfEMA:0.014995/0.014995,  Epoch:40/40
INFO|2024-09-25 16:12:25: 	Time(ep):398s,  Val(curr/best):0.018270/0.015509,  Epoch(curr/best):40/35
INFO|2024-09-25 16:12:25: -------------------- Epoch: 41 --------------------
INFO|2024-09-25 16:12:59: Epoch[041/100], iter[040/392], loss_total:0.85684, loss_equ:2.56624 loss_pq_vm:0.01538 loss_pq_va:0.21064 loss_pv_va:0.23582
INFO|2024-09-25 16:13:30: Epoch[041/100], iter[079/392], loss_total:0.94718, loss_equ:2.49407 loss_pq_vm:0.01871 loss_pq_va:0.24131 loss_pv_va:0.26933
INFO|2024-09-25 16:14:02: Epoch[041/100], iter[118/392], loss_total:0.81867, loss_equ:2.42326 loss_pq_vm:0.01372 loss_pq_va:0.20598 loss_pv_va:0.23321
INFO|2024-09-25 16:14:34: Epoch[041/100], iter[157/392], loss_total:0.85255, loss_equ:2.74745 loss_pq_vm:0.01394 loss_pq_va:0.20981 loss_pv_va:0.22859
INFO|2024-09-25 16:15:06: Epoch[041/100], iter[196/392], loss_total:1.09705, loss_equ:2.88460 loss_pq_vm:0.01811 loss_pq_va:0.29585 loss_pv_va:0.33165
INFO|2024-09-25 16:15:37: Epoch[041/100], iter[235/392], loss_total:0.93698, loss_equ:2.80879 loss_pq_vm:0.01670 loss_pq_va:0.23056 loss_pv_va:0.25850
INFO|2024-09-25 16:16:09: Epoch[041/100], iter[274/392], loss_total:1.03674, loss_equ:3.29166 loss_pq_vm:0.01677 loss_pq_va:0.25257 loss_pv_va:0.28725
INFO|2024-09-25 16:16:41: Epoch[041/100], iter[313/392], loss_total:1.07633, loss_equ:2.95011 loss_pq_vm:0.02067 loss_pq_va:0.27166 loss_pv_va:0.30294
INFO|2024-09-25 16:17:13: Epoch[041/100], iter[352/392], loss_total:0.86540, loss_equ:2.58364 loss_pq_vm:0.01634 loss_pq_va:0.21054 loss_pv_va:0.23312
INFO|2024-09-25 16:17:46: Epoch[041/100], iter[392/392], loss_total:0.93682, loss_equ:3.04783 loss_pq_vm:0.01539 loss_pq_va:0.22397 loss_pv_va:0.25412
INFO|2024-09-25 16:19:01: Epoch 40/100, lr:  0.00064310, eta: 6.49h, train_loss:  0.93896, valid_loss:  1.15282
INFO|2024-09-25 16:19:01: 	Train: PQ_Vm_rmse: 0.00089294  PQ_Va_rmse: 0.00911810  PV_Va_rmse: 0.01001274  delta_p: 0.04699978  delta_q: 0.01054643  
INFO|2024-09-25 16:19:01: 	ZTest: PQ_Vm_rmse: 0.00146566  PQ_Va_rmse: 0.01397180  PV_Va_rmse: 0.01506304  delta_p: 0.05580259  delta_q: 0.01246864  
INFO|2024-09-25 16:19:01: 	ZTest-ema: PQ_Vm_rmse: 0.001492  PQ_Va_rmse: 0.014692  PV_Va_rmse: 0.015622  delta_p: 0.036151  delta_q: 0.008961  
INFO|2024-09-25 16:19:01: 	           ValOfEMA:0.015622/0.014995,  Epoch:41/40
INFO|2024-09-25 16:19:01: 	Time(ep):395s,  Val(curr/best):0.015063/0.015063,  Epoch(curr/best):41/41
INFO|2024-09-25 16:19:01: -------------------- Epoch: 42 --------------------
INFO|2024-09-25 16:19:36: Epoch[042/100], iter[040/392], loss_total:0.87793, loss_equ:2.58206 loss_pq_vm:0.01384 loss_pq_va:0.22409 loss_pv_va:0.25725
INFO|2024-09-25 16:20:08: Epoch[042/100], iter[079/392], loss_total:0.93784, loss_equ:2.60944 loss_pq_vm:0.02413 loss_pq_va:0.20556 loss_pv_va:0.23002
INFO|2024-09-25 16:20:40: Epoch[042/100], iter[118/392], loss_total:1.20493, loss_equ:3.02067 loss_pq_vm:0.02021 loss_pq_va:0.33580 loss_pv_va:0.36497
INFO|2024-09-25 16:21:11: Epoch[042/100], iter[157/392], loss_total:0.78538, loss_equ:2.40575 loss_pq_vm:0.01430 loss_pq_va:0.18885 loss_pv_va:0.21298
INFO|2024-09-25 16:21:43: Epoch[042/100], iter[196/392], loss_total:1.00116, loss_equ:3.24659 loss_pq_vm:0.01914 loss_pq_va:0.23597 loss_pv_va:0.24914
INFO|2024-09-25 16:22:15: Epoch[042/100], iter[235/392], loss_total:0.86503, loss_equ:2.66019 loss_pq_vm:0.01386 loss_pq_va:0.21824 loss_pv_va:0.24221
INFO|2024-09-25 16:22:46: Epoch[042/100], iter[274/392], loss_total:0.85623, loss_equ:2.62879 loss_pq_vm:0.01539 loss_pq_va:0.20749 loss_pv_va:0.23197
INFO|2024-09-25 16:23:18: Epoch[042/100], iter[313/392], loss_total:0.82478, loss_equ:2.42006 loss_pq_vm:0.01529 loss_pq_va:0.20242 loss_pv_va:0.22745
INFO|2024-09-25 16:23:50: Epoch[042/100], iter[352/392], loss_total:0.89757, loss_equ:2.34105 loss_pq_vm:0.01714 loss_pq_va:0.23428 loss_pv_va:0.25777
INFO|2024-09-25 16:24:22: Epoch[042/100], iter[392/392], loss_total:0.79083, loss_equ:2.27997 loss_pq_vm:0.01428 loss_pq_va:0.19950 loss_pv_va:0.22058
INFO|2024-09-25 16:25:37: Epoch 41/100, lr:  0.00062810, eta: 6.38h, train_loss:  0.90674, valid_loss:  1.10179
INFO|2024-09-25 16:25:37: 	Train: PQ_Vm_rmse: 0.00086394  PQ_Va_rmse: 0.00837476  PV_Va_rmse: 0.00903231  delta_p: 0.04353180  delta_q: 0.00967073  
INFO|2024-09-25 16:25:37: 	ZTest: PQ_Vm_rmse: 0.00169301  PQ_Va_rmse: 0.01659721  PV_Va_rmse: 0.01779339  delta_p: 0.04205701  delta_q: 0.01102602  
INFO|2024-09-25 16:25:37: 	ZTest-ema: PQ_Vm_rmse: 0.001449  PQ_Va_rmse: 0.014102  PV_Va_rmse: 0.015033  delta_p: 0.040699  delta_q: 0.010231  
INFO|2024-09-25 16:25:37: 	           ValOfEMA:0.015033/0.014995,  Epoch:42/40
INFO|2024-09-25 16:25:38: 	Time(ep):396s,  Val(curr/best):0.017793/0.015063,  Epoch(curr/best):42/41
INFO|2024-09-25 16:25:38: -------------------- Epoch: 43 --------------------
INFO|2024-09-25 16:26:13: Epoch[043/100], iter[040/392], loss_total:0.82160, loss_equ:2.36333 loss_pq_vm:0.01469 loss_pq_va:0.20713 loss_pv_va:0.23119
INFO|2024-09-25 16:26:45: Epoch[043/100], iter[079/392], loss_total:1.04850, loss_equ:2.69974 loss_pq_vm:0.01874 loss_pq_va:0.28292 loss_pv_va:0.30822
INFO|2024-09-25 16:27:17: Epoch[043/100], iter[118/392], loss_total:0.89469, loss_equ:2.62820 loss_pq_vm:0.01523 loss_pq_va:0.22511 loss_pv_va:0.25451
INFO|2024-09-25 16:27:49: Epoch[043/100], iter[157/392], loss_total:0.88270, loss_equ:2.60772 loss_pq_vm:0.01446 loss_pq_va:0.22572 loss_pv_va:0.25157
INFO|2024-09-25 16:28:22: Epoch[043/100], iter[196/392], loss_total:0.81237, loss_equ:2.41818 loss_pq_vm:0.01559 loss_pq_va:0.19542 loss_pv_va:0.21925
INFO|2024-09-25 16:28:54: Epoch[043/100], iter[235/392], loss_total:0.83333, loss_equ:2.52422 loss_pq_vm:0.01454 loss_pq_va:0.20658 loss_pv_va:0.22894
INFO|2024-09-25 16:29:26: Epoch[043/100], iter[274/392], loss_total:0.82829, loss_equ:2.38915 loss_pq_vm:0.01357 loss_pq_va:0.21390 loss_pv_va:0.23974
INFO|2024-09-25 16:29:58: Epoch[043/100], iter[313/392], loss_total:0.92743, loss_equ:2.66186 loss_pq_vm:0.01770 loss_pq_va:0.22829 loss_pv_va:0.25591
INFO|2024-09-25 16:30:31: Epoch[043/100], iter[352/392], loss_total:0.92960, loss_equ:2.56770 loss_pq_vm:0.01779 loss_pq_va:0.23262 loss_pv_va:0.26230
INFO|2024-09-25 16:31:04: Epoch[043/100], iter[392/392], loss_total:1.00464, loss_equ:2.88948 loss_pq_vm:0.01666 loss_pq_va:0.25778 loss_pv_va:0.29129
INFO|2024-09-25 16:32:19: Epoch 42/100, lr:  0.00061298, eta: 6.34h, train_loss:  0.89431, valid_loss:  1.26690
INFO|2024-09-25 16:32:19: 	Train: PQ_Vm_rmse: 0.00080764  PQ_Va_rmse: 0.00815866  PV_Va_rmse: 0.00888565  delta_p: 0.03767471  delta_q: 0.00983109  
INFO|2024-09-25 16:32:19: 	ZTest: PQ_Vm_rmse: 0.00173545  PQ_Va_rmse: 0.01968719  PV_Va_rmse: 0.02173636  delta_p: 0.08743823  delta_q: 0.02412898  
INFO|2024-09-25 16:32:19: 	ZTest-ema: PQ_Vm_rmse: 0.001443  PQ_Va_rmse: 0.013951  PV_Va_rmse: 0.014913  delta_p: 0.037543  delta_q: 0.009979  
INFO|2024-09-25 16:32:19: 	           ValOfEMA:0.014913/0.014913,  Epoch:43/43
INFO|2024-09-25 16:32:19: 	Time(ep):400s,  Val(curr/best):0.021736/0.015063,  Epoch(curr/best):43/41
INFO|2024-09-25 16:32:19: -------------------- Epoch: 44 --------------------
INFO|2024-09-25 16:32:53: Epoch[044/100], iter[040/392], loss_total:0.96996, loss_equ:2.72761 loss_pq_vm:0.02285 loss_pq_va:0.22091 loss_pv_va:0.24783
INFO|2024-09-25 16:33:25: Epoch[044/100], iter[079/392], loss_total:0.86272, loss_equ:2.54353 loss_pq_vm:0.01521 loss_pq_va:0.21835 loss_pv_va:0.23791
INFO|2024-09-25 16:33:57: Epoch[044/100], iter[118/392], loss_total:1.01811, loss_equ:2.56913 loss_pq_vm:0.01585 loss_pq_va:0.28279 loss_pv_va:0.31991
INFO|2024-09-25 16:34:29: Epoch[044/100], iter[157/392], loss_total:0.88307, loss_equ:2.39786 loss_pq_vm:0.01450 loss_pq_va:0.23491 loss_pv_va:0.26336
INFO|2024-09-25 16:35:01: Epoch[044/100], iter[196/392], loss_total:0.80039, loss_equ:2.32198 loss_pq_vm:0.01376 loss_pq_va:0.20290 loss_pv_va:0.22770
INFO|2024-09-25 16:35:33: Epoch[044/100], iter[235/392], loss_total:0.76707, loss_equ:2.27804 loss_pq_vm:0.01429 loss_pq_va:0.18743 loss_pv_va:0.20896
INFO|2024-09-25 16:36:05: Epoch[044/100], iter[274/392], loss_total:0.78896, loss_equ:2.46459 loss_pq_vm:0.01470 loss_pq_va:0.18572 loss_pv_va:0.20975
INFO|2024-09-25 16:36:37: Epoch[044/100], iter[313/392], loss_total:0.87915, loss_equ:2.56235 loss_pq_vm:0.01507 loss_pq_va:0.22437 loss_pv_va:0.24790
INFO|2024-09-25 16:37:08: Epoch[044/100], iter[352/392], loss_total:0.86126, loss_equ:2.49181 loss_pq_vm:0.01413 loss_pq_va:0.22327 loss_pv_va:0.24747
INFO|2024-09-25 16:37:41: Epoch[044/100], iter[392/392], loss_total:0.90691, loss_equ:2.49018 loss_pq_vm:0.01528 loss_pq_va:0.24046 loss_pv_va:0.26465
INFO|2024-09-25 16:38:56: Epoch 43/100, lr:  0.00059775, eta: 6.18h, train_loss:  0.85882, valid_loss:  1.13857
INFO|2024-09-25 16:38:56: 	Train: PQ_Vm_rmse: 0.00072456  PQ_Va_rmse: 0.00719946  PV_Va_rmse: 0.00789476  delta_p: 0.03413786  delta_q: 0.00899167  
INFO|2024-09-25 16:38:56: 	ZTest: PQ_Vm_rmse: 0.00188888  PQ_Va_rmse: 0.01940565  PV_Va_rmse: 0.02052392  delta_p: 0.05761825  delta_q: 0.01371873  
INFO|2024-09-25 16:38:56: 	ZTest-ema: PQ_Vm_rmse: 0.001465  PQ_Va_rmse: 0.013730  PV_Va_rmse: 0.014636  delta_p: 0.035679  delta_q: 0.009116  
INFO|2024-09-25 16:38:56: 	           ValOfEMA:0.014636/0.014636,  Epoch:44/44
INFO|2024-09-25 16:38:56: 	Time(ep):397s,  Val(curr/best):0.020524/0.015063,  Epoch(curr/best):44/41
INFO|2024-09-25 16:38:56: -------------------- Epoch: 45 --------------------
INFO|2024-09-25 16:39:30: Epoch[045/100], iter[040/392], loss_total:0.84946, loss_equ:2.37416 loss_pq_vm:0.01484 loss_pq_va:0.22194 loss_pv_va:0.24168
INFO|2024-09-25 16:40:02: Epoch[045/100], iter[079/392], loss_total:0.90052, loss_equ:2.56613 loss_pq_vm:0.01482 loss_pq_va:0.23939 loss_pv_va:0.25636
INFO|2024-09-25 16:40:34: Epoch[045/100], iter[118/392], loss_total:0.93045, loss_equ:2.66760 loss_pq_vm:0.01632 loss_pq_va:0.23747 loss_pv_va:0.26304
INFO|2024-09-25 16:41:06: Epoch[045/100], iter[157/392], loss_total:0.85733, loss_equ:2.48989 loss_pq_vm:0.01584 loss_pq_va:0.21317 loss_pv_va:0.23677
INFO|2024-09-25 16:41:38: Epoch[045/100], iter[196/392], loss_total:0.88530, loss_equ:2.50620 loss_pq_vm:0.01540 loss_pq_va:0.22803 loss_pv_va:0.25270
INFO|2024-09-25 16:42:10: Epoch[045/100], iter[235/392], loss_total:0.85803, loss_equ:2.40941 loss_pq_vm:0.01408 loss_pq_va:0.22540 loss_pv_va:0.25085
INFO|2024-09-25 16:42:42: Epoch[045/100], iter[274/392], loss_total:1.11889, loss_equ:2.56212 loss_pq_vm:0.02270 loss_pq_va:0.30338 loss_pv_va:0.33232
INFO|2024-09-25 16:43:14: Epoch[045/100], iter[313/392], loss_total:0.86310, loss_equ:2.57016 loss_pq_vm:0.01477 loss_pq_va:0.21803 loss_pv_va:0.24032
INFO|2024-09-25 16:43:46: Epoch[045/100], iter[352/392], loss_total:0.74560, loss_equ:2.23123 loss_pq_vm:0.01310 loss_pq_va:0.18378 loss_pv_va:0.20768
INFO|2024-09-25 16:44:19: Epoch[045/100], iter[392/392], loss_total:0.83164, loss_equ:2.34089 loss_pq_vm:0.01402 loss_pq_va:0.21841 loss_pv_va:0.23897
INFO|2024-09-25 16:45:35: Epoch 44/100, lr:  0.00058244, eta: 6.08h, train_loss:  0.88850, valid_loss:  1.06273
INFO|2024-09-25 16:45:35: 	Train: PQ_Vm_rmse: 0.00077991  PQ_Va_rmse: 0.00847342  PV_Va_rmse: 0.00931038  delta_p: 0.03874477  delta_q: 0.00942423  
INFO|2024-09-25 16:45:35: 	ZTest: PQ_Vm_rmse: 0.00153255  PQ_Va_rmse: 0.01715769  PV_Va_rmse: 0.01836352  delta_p: 0.04601263  delta_q: 0.01128719  
INFO|2024-09-25 16:45:35: 	ZTest-ema: PQ_Vm_rmse: 0.001431  PQ_Va_rmse: 0.013906  PV_Va_rmse: 0.014818  delta_p: 0.032653  delta_q: 0.008365  
INFO|2024-09-25 16:45:35: 	           ValOfEMA:0.014818/0.014636,  Epoch:45/44
INFO|2024-09-25 16:45:35: 	Time(ep):398s,  Val(curr/best):0.018364/0.015063,  Epoch(curr/best):45/41
INFO|2024-09-25 16:45:35: -------------------- Epoch: 46 --------------------
INFO|2024-09-25 16:46:09: Epoch[046/100], iter[040/392], loss_total:0.84348, loss_equ:2.35255 loss_pq_vm:0.01486 loss_pq_va:0.21921 loss_pv_va:0.24042
INFO|2024-09-25 16:46:41: Epoch[046/100], iter[079/392], loss_total:0.82870, loss_equ:2.29196 loss_pq_vm:0.01355 loss_pq_va:0.21923 loss_pv_va:0.24480
INFO|2024-09-25 16:47:13: Epoch[046/100], iter[118/392], loss_total:0.99109, loss_equ:2.79460 loss_pq_vm:0.01769 loss_pq_va:0.25140 loss_pv_va:0.28332
INFO|2024-09-25 16:47:44: Epoch[046/100], iter[157/392], loss_total:0.80340, loss_equ:2.29755 loss_pq_vm:0.01393 loss_pq_va:0.20497 loss_pv_va:0.22935
INFO|2024-09-25 16:48:16: Epoch[046/100], iter[196/392], loss_total:0.87695, loss_equ:2.42597 loss_pq_vm:0.01728 loss_pq_va:0.21900 loss_pv_va:0.24250
INFO|2024-09-25 16:48:47: Epoch[046/100], iter[235/392], loss_total:0.89482, loss_equ:2.44982 loss_pq_vm:0.01554 loss_pq_va:0.23284 loss_pv_va:0.26160
INFO|2024-09-25 16:49:19: Epoch[046/100], iter[274/392], loss_total:0.86257, loss_equ:2.34783 loss_pq_vm:0.01546 loss_pq_va:0.22387 loss_pv_va:0.24931
INFO|2024-09-25 16:49:50: Epoch[046/100], iter[313/392], loss_total:0.77345, loss_equ:2.29970 loss_pq_vm:0.01419 loss_pq_va:0.19014 loss_pv_va:0.21145
INFO|2024-09-25 16:50:23: Epoch[046/100], iter[352/392], loss_total:0.77642, loss_equ:2.34342 loss_pq_vm:0.01344 loss_pq_va:0.19298 loss_pv_va:0.21468
INFO|2024-09-25 16:50:55: Epoch[046/100], iter[392/392], loss_total:0.77781, loss_equ:2.42500 loss_pq_vm:0.01461 loss_pq_va:0.18404 loss_pv_va:0.20515
INFO|2024-09-25 16:52:10: Epoch 45/100, lr:  0.00056704, eta: 5.93h, train_loss:  0.83902, valid_loss:  1.04810
INFO|2024-09-25 16:52:10: 	Train: PQ_Vm_rmse: 0.00069631  PQ_Va_rmse: 0.00699245  PV_Va_rmse: 0.00775234  delta_p: 0.03371020  delta_q: 0.00779358  
INFO|2024-09-25 16:52:10: 	ZTest: PQ_Vm_rmse: 0.00139139  PQ_Va_rmse: 0.01457311  PV_Va_rmse: 0.01562700  delta_p: 0.05449760  delta_q: 0.01211029  
INFO|2024-09-25 16:52:10: 	ZTest-ema: PQ_Vm_rmse: 0.001379  PQ_Va_rmse: 0.013383  PV_Va_rmse: 0.014274  delta_p: 0.033851  delta_q: 0.008320  
INFO|2024-09-25 16:52:10: 	           ValOfEMA:0.014274/0.014274,  Epoch:46/46
INFO|2024-09-25 16:52:11: 	Time(ep):395s,  Val(curr/best):0.015627/0.015063,  Epoch(curr/best):46/41
INFO|2024-09-25 16:52:11: -------------------- Epoch: 47 --------------------
INFO|2024-09-25 16:52:45: Epoch[047/100], iter[040/392], loss_total:0.85777, loss_equ:2.55774 loss_pq_vm:0.01766 loss_pq_va:0.20245 loss_pv_va:0.22292
INFO|2024-09-25 16:53:17: Epoch[047/100], iter[079/392], loss_total:0.85218, loss_equ:2.44688 loss_pq_vm:0.01509 loss_pq_va:0.21751 loss_pv_va:0.23912
INFO|2024-09-25 16:53:49: Epoch[047/100], iter[118/392], loss_total:0.98309, loss_equ:2.41972 loss_pq_vm:0.01601 loss_pq_va:0.27434 loss_pv_va:0.30663
INFO|2024-09-25 16:54:21: Epoch[047/100], iter[157/392], loss_total:0.80834, loss_equ:2.33120 loss_pq_vm:0.01364 loss_pq_va:0.20648 loss_pv_va:0.23232
INFO|2024-09-25 16:54:53: Epoch[047/100], iter[196/392], loss_total:0.85604, loss_equ:2.41017 loss_pq_vm:0.01299 loss_pq_va:0.22899 loss_pv_va:0.25611
INFO|2024-09-25 16:55:25: Epoch[047/100], iter[235/392], loss_total:0.85134, loss_equ:2.59634 loss_pq_vm:0.01457 loss_pq_va:0.20902 loss_pv_va:0.23697
INFO|2024-09-25 16:55:57: Epoch[047/100], iter[274/392], loss_total:0.74977, loss_equ:2.26964 loss_pq_vm:0.01277 loss_pq_va:0.18549 loss_pv_va:0.20959
INFO|2024-09-25 16:56:28: Epoch[047/100], iter[313/392], loss_total:0.79470, loss_equ:2.28925 loss_pq_vm:0.01426 loss_pq_va:0.19992 loss_pv_va:0.22325
INFO|2024-09-25 16:57:00: Epoch[047/100], iter[352/392], loss_total:0.81336, loss_equ:2.30668 loss_pq_vm:0.01470 loss_pq_va:0.20645 loss_pv_va:0.22921
INFO|2024-09-25 16:57:33: Epoch[047/100], iter[392/392], loss_total:0.79316, loss_equ:2.46213 loss_pq_vm:0.01289 loss_pq_va:0.20021 loss_pv_va:0.21788
INFO|2024-09-25 16:58:49: Epoch 46/100, lr:  0.00055158, eta: 5.86h, train_loss:  0.85246, valid_loss:  1.02628
INFO|2024-09-25 16:58:49: 	Train: PQ_Vm_rmse: 0.00069733  PQ_Va_rmse: 0.00741495  PV_Va_rmse: 0.00816952  delta_p: 0.03384781  delta_q: 0.00864475  
INFO|2024-09-25 16:58:49: 	ZTest: PQ_Vm_rmse: 0.00144448  PQ_Va_rmse: 0.01421735  PV_Va_rmse: 0.01520603  delta_p: 0.04537295  delta_q: 0.01109738  
INFO|2024-09-25 16:58:49: 	ZTest-ema: PQ_Vm_rmse: 0.001383  PQ_Va_rmse: 0.013538  PV_Va_rmse: 0.014399  delta_p: 0.033419  delta_q: 0.008577  
INFO|2024-09-25 16:58:49: 	           ValOfEMA:0.014399/0.014274,  Epoch:47/46
INFO|2024-09-25 16:58:49: 	Time(ep):398s,  Val(curr/best):0.015206/0.015063,  Epoch(curr/best):47/41
INFO|2024-09-25 16:58:49: -------------------- Epoch: 48 --------------------
INFO|2024-09-25 16:59:24: Epoch[048/100], iter[040/392], loss_total:0.78065, loss_equ:2.42617 loss_pq_vm:0.01337 loss_pq_va:0.19154 loss_pv_va:0.21275
INFO|2024-09-25 16:59:56: Epoch[048/100], iter[079/392], loss_total:0.79439, loss_equ:2.30920 loss_pq_vm:0.01484 loss_pq_va:0.19691 loss_pv_va:0.21817
INFO|2024-09-25 17:00:28: Epoch[048/100], iter[118/392], loss_total:0.88660, loss_equ:2.37953 loss_pq_vm:0.01470 loss_pq_va:0.23716 loss_pv_va:0.26453
INFO|2024-09-25 17:01:00: Epoch[048/100], iter[157/392], loss_total:0.79265, loss_equ:2.32757 loss_pq_vm:0.01424 loss_pq_va:0.19566 loss_pv_va:0.22183
INFO|2024-09-25 17:01:32: Epoch[048/100], iter[196/392], loss_total:0.80028, loss_equ:2.34690 loss_pq_vm:0.01362 loss_pq_va:0.20399 loss_pv_va:0.22545
INFO|2024-09-25 17:02:04: Epoch[048/100], iter[235/392], loss_total:0.76659, loss_equ:2.31967 loss_pq_vm:0.01319 loss_pq_va:0.18966 loss_pv_va:0.21302
INFO|2024-09-25 17:02:36: Epoch[048/100], iter[274/392], loss_total:0.76631, loss_equ:2.26717 loss_pq_vm:0.01332 loss_pq_va:0.19197 loss_pv_va:0.21441
INFO|2024-09-25 17:03:08: Epoch[048/100], iter[313/392], loss_total:0.88141, loss_equ:2.86605 loss_pq_vm:0.01599 loss_pq_va:0.20153 loss_pv_va:0.23343
INFO|2024-09-25 17:03:40: Epoch[048/100], iter[352/392], loss_total:1.23258, loss_equ:3.22538 loss_pq_vm:0.02095 loss_pq_va:0.33691 loss_pv_va:0.36362
INFO|2024-09-25 17:04:13: Epoch[048/100], iter[392/392], loss_total:0.90403, loss_equ:2.46526 loss_pq_vm:0.01458 loss_pq_va:0.24056 loss_pv_va:0.27116
INFO|2024-09-25 17:05:28: Epoch 47/100, lr:  0.00053608, eta: 5.76h, train_loss:  0.88021, valid_loss:  1.07690
INFO|2024-09-25 17:05:28: 	Train: PQ_Vm_rmse: 0.00081151  PQ_Va_rmse: 0.00843921  PV_Va_rmse: 0.00923651  delta_p: 0.04197868  delta_q: 0.00956646  
INFO|2024-09-25 17:05:28: 	ZTest: PQ_Vm_rmse: 0.00159884  PQ_Va_rmse: 0.01582678  PV_Va_rmse: 0.01682795  delta_p: 0.06615427  delta_q: 0.01591449  
INFO|2024-09-25 17:05:28: 	ZTest-ema: PQ_Vm_rmse: 0.001424  PQ_Va_rmse: 0.013950  PV_Va_rmse: 0.014857  delta_p: 0.039366  delta_q: 0.009384  
INFO|2024-09-25 17:05:28: 	           ValOfEMA:0.014857/0.014274,  Epoch:48/46
INFO|2024-09-25 17:05:29: 	Time(ep):399s,  Val(curr/best):0.016828/0.015063,  Epoch(curr/best):48/41
INFO|2024-09-25 17:05:29: -------------------- Epoch: 49 --------------------
INFO|2024-09-25 17:06:03: Epoch[049/100], iter[040/392], loss_total:1.12543, loss_equ:2.63174 loss_pq_vm:0.02102 loss_pq_va:0.31607 loss_pv_va:0.33598
INFO|2024-09-25 17:06:35: Epoch[049/100], iter[079/392], loss_total:0.91031, loss_equ:2.40181 loss_pq_vm:0.01597 loss_pq_va:0.24267 loss_pv_va:0.26771
INFO|2024-09-25 17:07:07: Epoch[049/100], iter[118/392], loss_total:0.72442, loss_equ:2.18475 loss_pq_vm:0.01246 loss_pq_va:0.17820 loss_pv_va:0.20316
INFO|2024-09-25 17:07:39: Epoch[049/100], iter[157/392], loss_total:0.78859, loss_equ:2.34937 loss_pq_vm:0.01350 loss_pq_va:0.19704 loss_pv_va:0.22167
INFO|2024-09-25 17:08:11: Epoch[049/100], iter[196/392], loss_total:0.80605, loss_equ:2.53162 loss_pq_vm:0.01342 loss_pq_va:0.19923 loss_pv_va:0.21943
INFO|2024-09-25 17:08:43: Epoch[049/100], iter[235/392], loss_total:0.92347, loss_equ:2.51449 loss_pq_vm:0.01701 loss_pq_va:0.23420 loss_pv_va:0.26773
INFO|2024-09-25 17:09:15: Epoch[049/100], iter[274/392], loss_total:0.83053, loss_equ:2.69621 loss_pq_vm:0.01400 loss_pq_va:0.19662 loss_pv_va:0.22427
INFO|2024-09-25 17:09:47: Epoch[049/100], iter[313/392], loss_total:0.76351, loss_equ:2.39078 loss_pq_vm:0.01239 loss_pq_va:0.18780 loss_pv_va:0.21273
INFO|2024-09-25 17:10:19: Epoch[049/100], iter[352/392], loss_total:0.77500, loss_equ:2.44695 loss_pq_vm:0.01253 loss_pq_va:0.19172 loss_pv_va:0.21324
INFO|2024-09-25 17:10:52: Epoch[049/100], iter[392/392], loss_total:1.00434, loss_equ:2.79545 loss_pq_vm:0.01594 loss_pq_va:0.26855 loss_pv_va:0.29687
INFO|2024-09-25 17:12:08: Epoch 48/100, lr:  0.00052055, eta: 5.65h, train_loss:  0.85583, valid_loss:  1.16279
INFO|2024-09-25 17:12:08: 	Train: PQ_Vm_rmse: 0.00073979  PQ_Va_rmse: 0.00731104  PV_Va_rmse: 0.00801512  delta_p: 0.04312666  delta_q: 0.00873306  
INFO|2024-09-25 17:12:08: 	ZTest: PQ_Vm_rmse: 0.00175571  PQ_Va_rmse: 0.01598313  PV_Va_rmse: 0.01709524  delta_p: 0.05720794  delta_q: 0.01226403  
INFO|2024-09-25 17:12:08: 	ZTest-ema: PQ_Vm_rmse: 0.001419  PQ_Va_rmse: 0.014104  PV_Va_rmse: 0.014998  delta_p: 0.037583  delta_q: 0.008147  
INFO|2024-09-25 17:12:08: 	           ValOfEMA:0.014998/0.014274,  Epoch:49/46
INFO|2024-09-25 17:12:08: 	Time(ep):398s,  Val(curr/best):0.017095/0.015063,  Epoch(curr/best):49/41
INFO|2024-09-25 17:12:08: -------------------- Epoch: 50 --------------------
INFO|2024-09-25 17:12:42: Epoch[050/100], iter[040/392], loss_total:0.75292, loss_equ:2.31796 loss_pq_vm:0.01272 loss_pq_va:0.18549 loss_pv_va:0.20848
INFO|2024-09-25 17:13:14: Epoch[050/100], iter[079/392], loss_total:0.81638, loss_equ:2.39043 loss_pq_vm:0.01396 loss_pq_va:0.20821 loss_pv_va:0.22951
INFO|2024-09-25 17:13:46: Epoch[050/100], iter[118/392], loss_total:0.80136, loss_equ:2.37724 loss_pq_vm:0.01368 loss_pq_va:0.20225 loss_pv_va:0.22456
INFO|2024-09-25 17:14:18: Epoch[050/100], iter[157/392], loss_total:0.80053, loss_equ:2.51409 loss_pq_vm:0.01650 loss_pq_va:0.17955 loss_pv_va:0.20454
INFO|2024-09-25 17:14:50: Epoch[050/100], iter[196/392], loss_total:0.84034, loss_equ:2.43833 loss_pq_vm:0.01532 loss_pq_va:0.20860 loss_pv_va:0.23476
INFO|2024-09-25 17:15:21: Epoch[050/100], iter[235/392], loss_total:0.87738, loss_equ:2.79503 loss_pq_vm:0.01415 loss_pq_va:0.21200 loss_pv_va:0.24440
INFO|2024-09-25 17:15:53: Epoch[050/100], iter[274/392], loss_total:0.79094, loss_equ:2.36091 loss_pq_vm:0.01403 loss_pq_va:0.19623 loss_pv_va:0.21837
INFO|2024-09-25 17:16:25: Epoch[050/100], iter[313/392], loss_total:0.79776, loss_equ:2.26812 loss_pq_vm:0.01557 loss_pq_va:0.19806 loss_pv_va:0.21717
INFO|2024-09-25 17:16:57: Epoch[050/100], iter[352/392], loss_total:0.86308, loss_equ:2.34475 loss_pq_vm:0.01431 loss_pq_va:0.22644 loss_pv_va:0.25910
INFO|2024-09-25 17:17:30: Epoch[050/100], iter[392/392], loss_total:0.75257, loss_equ:2.31064 loss_pq_vm:0.01353 loss_pq_va:0.18133 loss_pv_va:0.20485
INFO|2024-09-25 17:18:45: Epoch 49/100, lr:  0.00050500, eta: 5.51h, train_loss:  0.83879, valid_loss:  1.03860
INFO|2024-09-25 17:18:45: 	Train: PQ_Vm_rmse: 0.00072069  PQ_Va_rmse: 0.00726497  PV_Va_rmse: 0.00795483  delta_p: 0.03565009  delta_q: 0.00860826  
INFO|2024-09-25 17:18:45: 	ZTest: PQ_Vm_rmse: 0.00152539  PQ_Va_rmse: 0.01548539  PV_Va_rmse: 0.01668607  delta_p: 0.04722903  delta_q: 0.01018000  
INFO|2024-09-25 17:18:45: 	ZTest-ema: PQ_Vm_rmse: 0.001406  PQ_Va_rmse: 0.013935  PV_Va_rmse: 0.014820  delta_p: 0.033364  delta_q: 0.008484  
INFO|2024-09-25 17:18:45: 	           ValOfEMA:0.014820/0.014274,  Epoch:50/46
INFO|2024-09-25 17:18:45: 	Time(ep):396s,  Val(curr/best):0.016686/0.015063,  Epoch(curr/best):50/41
INFO|2024-09-25 17:18:45: -------------------- Epoch: 51 --------------------
INFO|2024-09-25 17:19:20: Epoch[051/100], iter[040/392], loss_total:0.81313, loss_equ:2.34746 loss_pq_vm:0.01323 loss_pq_va:0.21101 loss_pv_va:0.23504
INFO|2024-09-25 17:19:52: Epoch[051/100], iter[079/392], loss_total:0.78964, loss_equ:2.19038 loss_pq_vm:0.01309 loss_pq_va:0.20586 loss_pv_va:0.23382
INFO|2024-09-25 17:20:23: Epoch[051/100], iter[118/392], loss_total:0.82672, loss_equ:2.23661 loss_pq_vm:0.01438 loss_pq_va:0.21540 loss_pv_va:0.24381
INFO|2024-09-25 17:20:55: Epoch[051/100], iter[157/392], loss_total:0.81741, loss_equ:2.31062 loss_pq_vm:0.01506 loss_pq_va:0.20660 loss_pv_va:0.22918
INFO|2024-09-25 17:21:27: Epoch[051/100], iter[196/392], loss_total:0.90867, loss_equ:2.36235 loss_pq_vm:0.01622 loss_pq_va:0.23923 loss_pv_va:0.27101
INFO|2024-09-25 17:21:59: Epoch[051/100], iter[235/392], loss_total:0.76416, loss_equ:2.30011 loss_pq_vm:0.01243 loss_pq_va:0.19255 loss_pv_va:0.21732
INFO|2024-09-25 17:22:31: Epoch[051/100], iter[274/392], loss_total:0.97593, loss_equ:2.28973 loss_pq_vm:0.01727 loss_pq_va:0.26938 loss_pv_va:0.30484
INFO|2024-09-25 17:23:03: Epoch[051/100], iter[313/392], loss_total:0.76970, loss_equ:2.26364 loss_pq_vm:0.01304 loss_pq_va:0.19325 loss_pv_va:0.21967
INFO|2024-09-25 17:23:35: Epoch[051/100], iter[352/392], loss_total:0.81419, loss_equ:2.39320 loss_pq_vm:0.01292 loss_pq_va:0.21089 loss_pv_va:0.23478
INFO|2024-09-25 17:24:07: Epoch[051/100], iter[392/392], loss_total:0.78110, loss_equ:2.29431 loss_pq_vm:0.01248 loss_pq_va:0.20107 loss_pv_va:0.22584
INFO|2024-09-25 17:25:22: Epoch 50/100, lr:  0.00048945, eta: 5.41h, train_loss:  0.78672, valid_loss:  0.98075
INFO|2024-09-25 17:25:22: 	Train: PQ_Vm_rmse: 0.00061026  PQ_Va_rmse: 0.00615617  PV_Va_rmse: 0.00675712  delta_p: 0.02807454  delta_q: 0.00685650  
INFO|2024-09-25 17:25:22: 	ZTest: PQ_Vm_rmse: 0.00132523  PQ_Va_rmse: 0.01312672  PV_Va_rmse: 0.01397544  delta_p: 0.04289249  delta_q: 0.01023106  
INFO|2024-09-25 17:25:22: 	ZTest-ema: PQ_Vm_rmse: 0.001364  PQ_Va_rmse: 0.013401  PV_Va_rmse: 0.014264  delta_p: 0.033987  delta_q: 0.008442  
INFO|2024-09-25 17:25:22: 	           ValOfEMA:0.014264/0.014264,  Epoch:51/51
INFO|2024-09-25 17:25:23: 	Time(ep):397s,  Val(curr/best):0.013975/0.013975,  Epoch(curr/best):51/51
INFO|2024-09-25 17:25:23: -------------------- Epoch: 52 --------------------
INFO|2024-09-25 17:25:57: Epoch[052/100], iter[040/392], loss_total:0.78555, loss_equ:2.34839 loss_pq_vm:0.01505 loss_pq_va:0.18771 loss_pv_va:0.21247
INFO|2024-09-25 17:26:29: Epoch[052/100], iter[079/392], loss_total:0.82905, loss_equ:2.38935 loss_pq_vm:0.01422 loss_pq_va:0.21021 loss_pv_va:0.23768
INFO|2024-09-25 17:27:01: Epoch[052/100], iter[118/392], loss_total:0.80584, loss_equ:2.28056 loss_pq_vm:0.01511 loss_pq_va:0.20153 loss_pv_va:0.22511
INFO|2024-09-25 17:27:33: Epoch[052/100], iter[157/392], loss_total:0.86875, loss_equ:2.31081 loss_pq_vm:0.01424 loss_pq_va:0.23285 loss_pv_va:0.26243
INFO|2024-09-25 17:28:05: Epoch[052/100], iter[196/392], loss_total:0.81286, loss_equ:2.36786 loss_pq_vm:0.01343 loss_pq_va:0.20936 loss_pv_va:0.23241
INFO|2024-09-25 17:28:37: Epoch[052/100], iter[235/392], loss_total:0.79983, loss_equ:2.29382 loss_pq_vm:0.01373 loss_pq_va:0.20591 loss_pv_va:0.22722
INFO|2024-09-25 17:29:08: Epoch[052/100], iter[274/392], loss_total:0.82118, loss_equ:2.22184 loss_pq_vm:0.01294 loss_pq_va:0.22129 loss_pv_va:0.24826
INFO|2024-09-25 17:29:40: Epoch[052/100], iter[313/392], loss_total:0.81834, loss_equ:2.32729 loss_pq_vm:0.01359 loss_pq_va:0.20950 loss_pv_va:0.24024
INFO|2024-09-25 17:30:11: Epoch[052/100], iter[352/392], loss_total:0.79593, loss_equ:2.34031 loss_pq_vm:0.01480 loss_pq_va:0.19545 loss_pv_va:0.21846
INFO|2024-09-25 17:30:44: Epoch[052/100], iter[392/392], loss_total:0.74870, loss_equ:2.26245 loss_pq_vm:0.01417 loss_pq_va:0.17803 loss_pv_va:0.20276
INFO|2024-09-25 17:31:59: Epoch 51/100, lr:  0.00047392, eta: 5.28h, train_loss:  0.78965, valid_loss:  0.97036
INFO|2024-09-25 17:31:59: 	Train: PQ_Vm_rmse: 0.00061611  PQ_Va_rmse: 0.00602022  PV_Va_rmse: 0.00662714  delta_p: 0.02965693  delta_q: 0.00721004  
INFO|2024-09-25 17:31:59: 	ZTest: PQ_Vm_rmse: 0.00135216  PQ_Va_rmse: 0.01309811  PV_Va_rmse: 0.01412096  delta_p: 0.03515088  delta_q: 0.00887076  
INFO|2024-09-25 17:31:59: 	ZTest-ema: PQ_Vm_rmse: 0.001350  PQ_Va_rmse: 0.013280  PV_Va_rmse: 0.014157  delta_p: 0.031462  delta_q: 0.008152  
INFO|2024-09-25 17:31:59: 	           ValOfEMA:0.014157/0.014157,  Epoch:52/52
INFO|2024-09-25 17:31:59: 	Time(ep):395s,  Val(curr/best):0.014121/0.013975,  Epoch(curr/best):52/51
INFO|2024-09-25 17:31:59: -------------------- Epoch: 53 --------------------
INFO|2024-09-25 17:32:34: Epoch[053/100], iter[040/392], loss_total:0.78610, loss_equ:2.24813 loss_pq_vm:0.01376 loss_pq_va:0.19857 loss_pv_va:0.22509
INFO|2024-09-25 17:33:06: Epoch[053/100], iter[079/392], loss_total:0.75124, loss_equ:2.22847 loss_pq_vm:0.01327 loss_pq_va:0.18613 loss_pv_va:0.20960
INFO|2024-09-25 17:33:38: Epoch[053/100], iter[118/392], loss_total:0.79895, loss_equ:2.22735 loss_pq_vm:0.01323 loss_pq_va:0.20793 loss_pv_va:0.23600
INFO|2024-09-25 17:34:10: Epoch[053/100], iter[157/392], loss_total:0.76350, loss_equ:2.32019 loss_pq_vm:0.01313 loss_pq_va:0.19021 loss_pv_va:0.20997
INFO|2024-09-25 17:34:41: Epoch[053/100], iter[196/392], loss_total:0.87761, loss_equ:2.60939 loss_pq_vm:0.01553 loss_pq_va:0.21885 loss_pv_va:0.24250
INFO|2024-09-25 17:35:13: Epoch[053/100], iter[235/392], loss_total:0.74774, loss_equ:2.25829 loss_pq_vm:0.01344 loss_pq_va:0.18114 loss_pv_va:0.20637
INFO|2024-09-25 17:35:45: Epoch[053/100], iter[274/392], loss_total:0.72308, loss_equ:2.21942 loss_pq_vm:0.01269 loss_pq_va:0.17689 loss_pv_va:0.19735
INFO|2024-09-25 17:36:17: Epoch[053/100], iter[313/392], loss_total:0.72588, loss_equ:2.18570 loss_pq_vm:0.01258 loss_pq_va:0.17956 loss_pv_va:0.20196
INFO|2024-09-25 17:36:48: Epoch[053/100], iter[352/392], loss_total:0.79448, loss_equ:2.27985 loss_pq_vm:0.01307 loss_pq_va:0.20821 loss_pv_va:0.22758
INFO|2024-09-25 17:37:21: Epoch[053/100], iter[392/392], loss_total:0.73794, loss_equ:2.17688 loss_pq_vm:0.01489 loss_pq_va:0.17509 loss_pv_va:0.19623
INFO|2024-09-25 17:38:37: Epoch 52/100, lr:  0.00045842, eta: 5.19h, train_loss:  0.79513, valid_loss:  0.98899
INFO|2024-09-25 17:38:37: 	Train: PQ_Vm_rmse: 0.00060642  PQ_Va_rmse: 0.00626081  PV_Va_rmse: 0.00684682  delta_p: 0.03121409  delta_q: 0.00721932  
INFO|2024-09-25 17:38:37: 	ZTest: PQ_Vm_rmse: 0.00133339  PQ_Va_rmse: 0.01361476  PV_Va_rmse: 0.01457249  delta_p: 0.03709058  delta_q: 0.00924863  
INFO|2024-09-25 17:38:37: 	ZTest-ema: PQ_Vm_rmse: 0.001367  PQ_Va_rmse: 0.013345  PV_Va_rmse: 0.014230  delta_p: 0.033995  delta_q: 0.008119  
INFO|2024-09-25 17:38:37: 	           ValOfEMA:0.014230/0.014157,  Epoch:53/52
INFO|2024-09-25 17:38:37: 	Time(ep):397s,  Val(curr/best):0.014572/0.013975,  Epoch(curr/best):53/51
INFO|2024-09-25 17:38:37: -------------------- Epoch: 54 --------------------
INFO|2024-09-25 17:39:12: Epoch[054/100], iter[040/392], loss_total:0.79405, loss_equ:2.30683 loss_pq_vm:0.01377 loss_pq_va:0.20108 loss_pv_va:0.22454
INFO|2024-09-25 17:39:43: Epoch[054/100], iter[079/392], loss_total:0.70566, loss_equ:2.17878 loss_pq_vm:0.01154 loss_pq_va:0.17499 loss_pv_va:0.19736
INFO|2024-09-25 17:40:15: Epoch[054/100], iter[118/392], loss_total:0.72630, loss_equ:2.22995 loss_pq_vm:0.01239 loss_pq_va:0.17804 loss_pv_va:0.20139
INFO|2024-09-25 17:40:47: Epoch[054/100], iter[157/392], loss_total:0.73447, loss_equ:2.19104 loss_pq_vm:0.01264 loss_pq_va:0.18194 loss_pv_va:0.20700
INFO|2024-09-25 17:41:19: Epoch[054/100], iter[196/392], loss_total:0.85090, loss_equ:2.65077 loss_pq_vm:0.01699 loss_pq_va:0.19178 loss_pv_va:0.22418
INFO|2024-09-25 17:41:51: Epoch[054/100], iter[235/392], loss_total:0.80775, loss_equ:2.23056 loss_pq_vm:0.01365 loss_pq_va:0.21221 loss_pv_va:0.23599
INFO|2024-09-25 17:42:22: Epoch[054/100], iter[274/392], loss_total:0.75015, loss_equ:2.27573 loss_pq_vm:0.01506 loss_pq_va:0.17559 loss_pv_va:0.19637
INFO|2024-09-25 17:42:54: Epoch[054/100], iter[313/392], loss_total:0.82810, loss_equ:2.30114 loss_pq_vm:0.01413 loss_pq_va:0.21547 loss_pv_va:0.24119
INFO|2024-09-25 17:43:26: Epoch[054/100], iter[352/392], loss_total:0.78739, loss_equ:2.23042 loss_pq_vm:0.01555 loss_pq_va:0.19163 loss_pv_va:0.21719
INFO|2024-09-25 17:43:59: Epoch[054/100], iter[392/392], loss_total:0.80431, loss_equ:2.27075 loss_pq_vm:0.01410 loss_pq_va:0.20457 loss_pv_va:0.23164
INFO|2024-09-25 17:45:14: Epoch 53/100, lr:  0.00044296, eta: 5.07h, train_loss:  0.79013, valid_loss:  1.01070
INFO|2024-09-25 17:45:14: 	Train: PQ_Vm_rmse: 0.00066870  PQ_Va_rmse: 0.00643058  PV_Va_rmse: 0.00705124  delta_p: 0.02960758  delta_q: 0.00735499  
INFO|2024-09-25 17:45:14: 	ZTest: PQ_Vm_rmse: 0.00139468  PQ_Va_rmse: 0.01489604  PV_Va_rmse: 0.01590674  delta_p: 0.03775536  delta_q: 0.01068786  
INFO|2024-09-25 17:45:14: 	ZTest-ema: PQ_Vm_rmse: 0.001360  PQ_Va_rmse: 0.013449  PV_Va_rmse: 0.014344  delta_p: 0.030016  delta_q: 0.008102  
INFO|2024-09-25 17:45:14: 	           ValOfEMA:0.014344/0.014157,  Epoch:54/52
INFO|2024-09-25 17:45:15: 	Time(ep):397s,  Val(curr/best):0.015907/0.013975,  Epoch(curr/best):54/51
INFO|2024-09-25 17:45:15: -------------------- Epoch: 55 --------------------
INFO|2024-09-25 17:45:49: Epoch[055/100], iter[040/392], loss_total:0.72397, loss_equ:2.29564 loss_pq_vm:0.01238 loss_pq_va:0.17453 loss_pv_va:0.19612
INFO|2024-09-25 17:46:21: Epoch[055/100], iter[079/392], loss_total:0.73192, loss_equ:2.17147 loss_pq_vm:0.01212 loss_pq_va:0.18409 loss_pv_va:0.20952
INFO|2024-09-25 17:46:53: Epoch[055/100], iter[118/392], loss_total:0.81408, loss_equ:2.37865 loss_pq_vm:0.01708 loss_pq_va:0.19137 loss_pv_va:0.21404
INFO|2024-09-25 17:47:25: Epoch[055/100], iter[157/392], loss_total:0.86815, loss_equ:2.37249 loss_pq_vm:0.01330 loss_pq_va:0.23463 loss_pv_va:0.26325
INFO|2024-09-25 17:47:57: Epoch[055/100], iter[196/392], loss_total:0.79795, loss_equ:2.28220 loss_pq_vm:0.01724 loss_pq_va:0.18817 loss_pv_va:0.20915
INFO|2024-09-25 17:48:29: Epoch[055/100], iter[235/392], loss_total:0.81781, loss_equ:2.46421 loss_pq_vm:0.01274 loss_pq_va:0.20947 loss_pv_va:0.23449
INFO|2024-09-25 17:49:01: Epoch[055/100], iter[274/392], loss_total:0.87724, loss_equ:2.76724 loss_pq_vm:0.01447 loss_pq_va:0.22215 loss_pv_va:0.23366
INFO|2024-09-25 17:49:33: Epoch[055/100], iter[313/392], loss_total:0.74990, loss_equ:2.29016 loss_pq_vm:0.01284 loss_pq_va:0.18545 loss_pv_va:0.20703
INFO|2024-09-25 17:50:05: Epoch[055/100], iter[352/392], loss_total:0.68941, loss_equ:2.18318 loss_pq_vm:0.01149 loss_pq_va:0.16656 loss_pv_va:0.18967
INFO|2024-09-25 17:50:38: Epoch[055/100], iter[392/392], loss_total:0.83430, loss_equ:2.31789 loss_pq_vm:0.01395 loss_pq_va:0.21801 loss_pv_va:0.24501
INFO|2024-09-25 17:51:53: Epoch 54/100, lr:  0.00042756, eta: 4.98h, train_loss:  0.79048, valid_loss:  1.00652
INFO|2024-09-25 17:51:53: 	Train: PQ_Vm_rmse: 0.00057950  PQ_Va_rmse: 0.00546003  PV_Va_rmse: 0.00593609  delta_p: 0.03220379  delta_q: 0.00748663  
INFO|2024-09-25 17:51:53: 	ZTest: PQ_Vm_rmse: 0.00127657  PQ_Va_rmse: 0.01236082  PV_Va_rmse: 0.01337901  delta_p: 0.03674585  delta_q: 0.00934628  
INFO|2024-09-25 17:51:53: 	ZTest-ema: PQ_Vm_rmse: 0.001379  PQ_Va_rmse: 0.013398  PV_Va_rmse: 0.014248  delta_p: 0.029279  delta_q: 0.007425  
INFO|2024-09-25 17:51:53: 	           ValOfEMA:0.014248/0.014157,  Epoch:55/52
INFO|2024-09-25 17:51:53: 	Time(ep):398s,  Val(curr/best):0.013379/0.013379,  Epoch(curr/best):55/55
INFO|2024-09-25 17:51:53: -------------------- Epoch: 56 --------------------
INFO|2024-09-25 17:52:27: Epoch[056/100], iter[040/392], loss_total:0.73428, loss_equ:2.17777 loss_pq_vm:0.01391 loss_pq_va:0.17944 loss_pv_va:0.19793
INFO|2024-09-25 17:52:59: Epoch[056/100], iter[079/392], loss_total:0.71595, loss_equ:2.17568 loss_pq_vm:0.01171 loss_pq_va:0.17800 loss_pv_va:0.20325
INFO|2024-09-25 17:53:31: Epoch[056/100], iter[118/392], loss_total:0.66855, loss_equ:2.07926 loss_pq_vm:0.01167 loss_pq_va:0.16132 loss_pv_va:0.18261
INFO|2024-09-25 17:54:03: Epoch[056/100], iter[157/392], loss_total:0.72557, loss_equ:2.13468 loss_pq_vm:0.01219 loss_pq_va:0.18313 loss_pv_va:0.20705
INFO|2024-09-25 17:54:34: Epoch[056/100], iter[196/392], loss_total:0.73230, loss_equ:2.17342 loss_pq_vm:0.01201 loss_pq_va:0.18681 loss_pv_va:0.20803
INFO|2024-09-25 17:55:06: Epoch[056/100], iter[235/392], loss_total:0.81002, loss_equ:2.37675 loss_pq_vm:0.01452 loss_pq_va:0.20198 loss_pv_va:0.22513
INFO|2024-09-25 17:55:37: Epoch[056/100], iter[274/392], loss_total:0.81821, loss_equ:2.38606 loss_pq_vm:0.01762 loss_pq_va:0.19100 loss_pv_va:0.21238
INFO|2024-09-25 17:56:09: Epoch[056/100], iter[313/392], loss_total:0.72938, loss_equ:2.33410 loss_pq_vm:0.01260 loss_pq_va:0.17238 loss_pv_va:0.19763
INFO|2024-09-25 17:56:41: Epoch[056/100], iter[352/392], loss_total:0.78252, loss_equ:2.28484 loss_pq_vm:0.01386 loss_pq_va:0.19575 loss_pv_va:0.21973
INFO|2024-09-25 17:57:14: Epoch[056/100], iter[392/392], loss_total:0.97473, loss_equ:2.42267 loss_pq_vm:0.01822 loss_pq_va:0.25772 loss_pv_va:0.29257
INFO|2024-09-25 17:58:28: Epoch 55/100, lr:  0.00041225, eta: 4.83h, train_loss:  0.76333, valid_loss:  1.00279
INFO|2024-09-25 17:58:28: 	Train: PQ_Vm_rmse: 0.00055994  PQ_Va_rmse: 0.00539232  PV_Va_rmse: 0.00591792  delta_p: 0.02557909  delta_q: 0.00633969  
INFO|2024-09-25 17:58:28: 	ZTest: PQ_Vm_rmse: 0.00130755  PQ_Va_rmse: 0.01323435  PV_Va_rmse: 0.01453637  delta_p: 0.04090374  delta_q: 0.00915198  
INFO|2024-09-25 17:58:28: 	ZTest-ema: PQ_Vm_rmse: 0.001336  PQ_Va_rmse: 0.012876  PV_Va_rmse: 0.013702  delta_p: 0.030636  delta_q: 0.007758  
INFO|2024-09-25 17:58:28: 	           ValOfEMA:0.013702/0.013702,  Epoch:56/56
INFO|2024-09-25 17:58:29: 	Time(ep):395s,  Val(curr/best):0.014536/0.013379,  Epoch(curr/best):56/55
INFO|2024-09-25 17:58:29: -------------------- Epoch: 57 --------------------
INFO|2024-09-25 17:59:03: Epoch[057/100], iter[040/392], loss_total:0.74339, loss_equ:2.17670 loss_pq_vm:0.01466 loss_pq_va:0.17694 loss_pv_va:0.20218
INFO|2024-09-25 17:59:34: Epoch[057/100], iter[079/392], loss_total:0.83911, loss_equ:2.37305 loss_pq_vm:0.01457 loss_pq_va:0.21454 loss_pv_va:0.24160
INFO|2024-09-25 18:00:06: Epoch[057/100], iter[118/392], loss_total:0.73206, loss_equ:2.21416 loss_pq_vm:0.01480 loss_pq_va:0.17065 loss_pv_va:0.19196
INFO|2024-09-25 18:00:38: Epoch[057/100], iter[157/392], loss_total:0.85753, loss_equ:2.41735 loss_pq_vm:0.01457 loss_pq_va:0.21969 loss_pv_va:0.25044
INFO|2024-09-25 18:01:09: Epoch[057/100], iter[196/392], loss_total:0.74452, loss_equ:2.21622 loss_pq_vm:0.01284 loss_pq_va:0.18451 loss_pv_va:0.21000
INFO|2024-09-25 18:01:41: Epoch[057/100], iter[235/392], loss_total:0.74455, loss_equ:2.16425 loss_pq_vm:0.01213 loss_pq_va:0.19053 loss_pv_va:0.21626
INFO|2024-09-25 18:02:13: Epoch[057/100], iter[274/392], loss_total:0.71322, loss_equ:2.11563 loss_pq_vm:0.01210 loss_pq_va:0.17922 loss_pv_va:0.20143
INFO|2024-09-25 18:02:45: Epoch[057/100], iter[313/392], loss_total:0.77928, loss_equ:2.47087 loss_pq_vm:0.01284 loss_pq_va:0.19052 loss_pv_va:0.21330
INFO|2024-09-25 18:03:17: Epoch[057/100], iter[352/392], loss_total:0.78941, loss_equ:2.32485 loss_pq_vm:0.01499 loss_pq_va:0.19338 loss_pv_va:0.21364
INFO|2024-09-25 18:03:50: Epoch[057/100], iter[392/392], loss_total:0.72272, loss_equ:2.18313 loss_pq_vm:0.01146 loss_pq_va:0.18449 loss_pv_va:0.20536
INFO|2024-09-25 18:05:05: Epoch 56/100, lr:  0.00039702, eta: 4.73h, train_loss:  0.77686, valid_loss:  0.98353
INFO|2024-09-25 18:05:05: 	Train: PQ_Vm_rmse: 0.00057411  PQ_Va_rmse: 0.00571502  PV_Va_rmse: 0.00624144  delta_p: 0.02926656  delta_q: 0.00689178  
INFO|2024-09-25 18:05:05: 	ZTest: PQ_Vm_rmse: 0.00139722  PQ_Va_rmse: 0.01490783  PV_Va_rmse: 0.01612502  delta_p: 0.04599090  delta_q: 0.01125024  
INFO|2024-09-25 18:05:05: 	ZTest-ema: PQ_Vm_rmse: 0.001369  PQ_Va_rmse: 0.013027  PV_Va_rmse: 0.013906  delta_p: 0.034031  delta_q: 0.008042  
INFO|2024-09-25 18:05:05: 	           ValOfEMA:0.013906/0.013702,  Epoch:57/56
INFO|2024-09-25 18:05:06: 	Time(ep):396s,  Val(curr/best):0.016125/0.013379,  Epoch(curr/best):57/55
INFO|2024-09-25 18:05:06: -------------------- Epoch: 58 --------------------
INFO|2024-09-25 18:05:40: Epoch[058/100], iter[040/392], loss_total:0.73847, loss_equ:2.12977 loss_pq_vm:0.01327 loss_pq_va:0.18496 loss_pv_va:0.20787
INFO|2024-09-25 18:06:12: Epoch[058/100], iter[079/392], loss_total:0.78668, loss_equ:2.19529 loss_pq_vm:0.01572 loss_pq_va:0.19382 loss_pv_va:0.21613
INFO|2024-09-25 18:06:44: Epoch[058/100], iter[118/392], loss_total:0.75195, loss_equ:2.19593 loss_pq_vm:0.01325 loss_pq_va:0.18672 loss_pv_va:0.21317
INFO|2024-09-25 18:07:16: Epoch[058/100], iter[157/392], loss_total:0.76469, loss_equ:2.14986 loss_pq_vm:0.01281 loss_pq_va:0.19834 loss_pv_va:0.22329
INFO|2024-09-25 18:07:48: Epoch[058/100], iter[196/392], loss_total:0.71186, loss_equ:2.09334 loss_pq_vm:0.01147 loss_pq_va:0.18246 loss_pv_va:0.20533
INFO|2024-09-25 18:08:20: Epoch[058/100], iter[235/392], loss_total:0.77458, loss_equ:2.27527 loss_pq_vm:0.01260 loss_pq_va:0.19837 loss_pv_va:0.22264
INFO|2024-09-25 18:08:52: Epoch[058/100], iter[274/392], loss_total:0.72533, loss_equ:2.19548 loss_pq_vm:0.01230 loss_pq_va:0.18179 loss_pv_va:0.20101
INFO|2024-09-25 18:09:24: Epoch[058/100], iter[313/392], loss_total:0.75210, loss_equ:2.28122 loss_pq_vm:0.01345 loss_pq_va:0.18322 loss_pv_va:0.20628
INFO|2024-09-25 18:09:55: Epoch[058/100], iter[352/392], loss_total:0.71497, loss_equ:2.13358 loss_pq_vm:0.01190 loss_pq_va:0.17934 loss_pv_va:0.20329
INFO|2024-09-25 18:10:28: Epoch[058/100], iter[392/392], loss_total:0.69479, loss_equ:2.17831 loss_pq_vm:0.01254 loss_pq_va:0.16426 loss_pv_va:0.18735
INFO|2024-09-25 18:11:43: Epoch 57/100, lr:  0.00038190, eta: 4.64h, train_loss:  0.74587, valid_loss:  0.97212
INFO|2024-09-25 18:11:43: 	Train: PQ_Vm_rmse: 0.00054366  PQ_Va_rmse: 0.00528047  PV_Va_rmse: 0.00576783  delta_p: 0.02606025  delta_q: 0.00612908  
INFO|2024-09-25 18:11:43: 	ZTest: PQ_Vm_rmse: 0.00148465  PQ_Va_rmse: 0.01158457  PV_Va_rmse: 0.01231665  delta_p: 0.03717851  delta_q: 0.00910983  
INFO|2024-09-25 18:11:43: 	ZTest-ema: PQ_Vm_rmse: 0.001342  PQ_Va_rmse: 0.012624  PV_Va_rmse: 0.013449  delta_p: 0.030539  delta_q: 0.007514  
INFO|2024-09-25 18:11:43: 	           ValOfEMA:0.013449/0.013449,  Epoch:58/58
INFO|2024-09-25 18:11:44: 	Time(ep):397s,  Val(curr/best):0.012317/0.012317,  Epoch(curr/best):58/58
INFO|2024-09-25 18:11:44: -------------------- Epoch: 59 --------------------
INFO|2024-09-25 18:12:18: Epoch[059/100], iter[040/392], loss_total:0.72470, loss_equ:2.20723 loss_pq_vm:0.01258 loss_pq_va:0.17832 loss_pv_va:0.19989
INFO|2024-09-25 18:12:50: Epoch[059/100], iter[079/392], loss_total:0.77865, loss_equ:2.19286 loss_pq_vm:0.01409 loss_pq_va:0.19828 loss_pv_va:0.22021
INFO|2024-09-25 18:13:22: Epoch[059/100], iter[118/392], loss_total:0.73654, loss_equ:2.21278 loss_pq_vm:0.01141 loss_pq_va:0.18604 loss_pv_va:0.21509
INFO|2024-09-25 18:13:54: Epoch[059/100], iter[157/392], loss_total:0.74537, loss_equ:2.24047 loss_pq_vm:0.01338 loss_pq_va:0.18136 loss_pv_va:0.20621
INFO|2024-09-25 18:14:25: Epoch[059/100], iter[196/392], loss_total:0.74233, loss_equ:2.12082 loss_pq_vm:0.01338 loss_pq_va:0.18662 loss_pv_va:0.20980
INFO|2024-09-25 18:14:57: Epoch[059/100], iter[235/392], loss_total:0.73284, loss_equ:2.19071 loss_pq_vm:0.01313 loss_pq_va:0.17993 loss_pv_va:0.20255
INFO|2024-09-25 18:15:29: Epoch[059/100], iter[274/392], loss_total:0.69147, loss_equ:2.09009 loss_pq_vm:0.01164 loss_pq_va:0.17202 loss_pv_va:0.19408
INFO|2024-09-25 18:16:01: Epoch[059/100], iter[313/392], loss_total:0.74211, loss_equ:2.23078 loss_pq_vm:0.01271 loss_pq_va:0.18484 loss_pv_va:0.20710
INFO|2024-09-25 18:16:33: Epoch[059/100], iter[352/392], loss_total:0.69862, loss_equ:2.16650 loss_pq_vm:0.01198 loss_pq_va:0.16945 loss_pv_va:0.19276
INFO|2024-09-25 18:17:06: Epoch[059/100], iter[392/392], loss_total:0.70279, loss_equ:2.12917 loss_pq_vm:0.01272 loss_pq_va:0.17032 loss_pv_va:0.19233
INFO|2024-09-25 18:18:20: Epoch 58/100, lr:  0.00036690, eta: 4.52h, train_loss:  0.74148, valid_loss:  0.95955
INFO|2024-09-25 18:18:20: 	Train: PQ_Vm_rmse: 0.00052816  PQ_Va_rmse: 0.00522031  PV_Va_rmse: 0.00569506  delta_p: 0.02585743  delta_q: 0.00597848  
INFO|2024-09-25 18:18:20: 	ZTest: PQ_Vm_rmse: 0.00137402  PQ_Va_rmse: 0.01363293  PV_Va_rmse: 0.01457228  delta_p: 0.03416788  delta_q: 0.00868378  
INFO|2024-09-25 18:18:20: 	ZTest-ema: PQ_Vm_rmse: 0.001356  PQ_Va_rmse: 0.012818  PV_Va_rmse: 0.013642  delta_p: 0.028746  delta_q: 0.007345  
INFO|2024-09-25 18:18:20: 	           ValOfEMA:0.013642/0.013449,  Epoch:59/58
INFO|2024-09-25 18:18:21: 	Time(ep):396s,  Val(curr/best):0.014572/0.012317,  Epoch(curr/best):59/58
INFO|2024-09-25 18:18:21: -------------------- Epoch: 60 --------------------
INFO|2024-09-25 18:18:55: Epoch[060/100], iter[040/392], loss_total:0.77622, loss_equ:2.23039 loss_pq_vm:0.01275 loss_pq_va:0.20124 loss_pv_va:0.22445
INFO|2024-09-25 18:19:27: Epoch[060/100], iter[079/392], loss_total:0.95599, loss_equ:2.65727 loss_pq_vm:0.01780 loss_pq_va:0.24035 loss_pv_va:0.27193
INFO|2024-09-25 18:19:58: Epoch[060/100], iter[118/392], loss_total:0.73199, loss_equ:2.17678 loss_pq_vm:0.01261 loss_pq_va:0.18336 loss_pv_va:0.20485
INFO|2024-09-25 18:20:30: Epoch[060/100], iter[157/392], loss_total:0.69463, loss_equ:2.13973 loss_pq_vm:0.01271 loss_pq_va:0.16468 loss_pv_va:0.18888
INFO|2024-09-25 18:21:02: Epoch[060/100], iter[196/392], loss_total:0.74117, loss_equ:2.15795 loss_pq_vm:0.01248 loss_pq_va:0.18898 loss_pv_va:0.21156
INFO|2024-09-25 18:21:34: Epoch[060/100], iter[235/392], loss_total:0.68377, loss_equ:2.02442 loss_pq_vm:0.01165 loss_pq_va:0.17179 loss_pv_va:0.19301
INFO|2024-09-25 18:22:06: Epoch[060/100], iter[274/392], loss_total:0.69662, loss_equ:2.08372 loss_pq_vm:0.01142 loss_pq_va:0.17546 loss_pv_va:0.19856
INFO|2024-09-25 18:22:37: Epoch[060/100], iter[313/392], loss_total:0.74327, loss_equ:2.15424 loss_pq_vm:0.01322 loss_pq_va:0.18612 loss_pv_va:0.20953
INFO|2024-09-25 18:23:09: Epoch[060/100], iter[352/392], loss_total:0.71830, loss_equ:2.17086 loss_pq_vm:0.01112 loss_pq_va:0.18446 loss_pv_va:0.20555
INFO|2024-09-25 18:23:42: Epoch[060/100], iter[392/392], loss_total:0.69845, loss_equ:2.14439 loss_pq_vm:0.01203 loss_pq_va:0.17158 loss_pv_va:0.19217
INFO|2024-09-25 18:24:58: Epoch 59/100, lr:  0.00035204, eta: 4.41h, train_loss:  0.73391, valid_loss:  0.94604
INFO|2024-09-25 18:24:58: 	Train: PQ_Vm_rmse: 0.00048436  PQ_Va_rmse: 0.00497002  PV_Va_rmse: 0.00544910  delta_p: 0.02276429  delta_q: 0.00572657  
INFO|2024-09-25 18:24:58: 	ZTest: PQ_Vm_rmse: 0.00133025  PQ_Va_rmse: 0.01283433  PV_Va_rmse: 0.01374530  delta_p: 0.04005346  delta_q: 0.00981939  
INFO|2024-09-25 18:24:58: 	ZTest-ema: PQ_Vm_rmse: 0.001334  PQ_Va_rmse: 0.012483  PV_Va_rmse: 0.013329  delta_p: 0.031997  delta_q: 0.008043  
INFO|2024-09-25 18:24:58: 	           ValOfEMA:0.013329/0.013329,  Epoch:60/60
INFO|2024-09-25 18:24:58: 	Time(ep):396s,  Val(curr/best):0.013745/0.012317,  Epoch(curr/best):60/58
INFO|2024-09-25 18:24:58: -------------------- Epoch: 61 --------------------
INFO|2024-09-25 18:25:33: Epoch[061/100], iter[040/392], loss_total:0.73096, loss_equ:2.15199 loss_pq_vm:0.01231 loss_pq_va:0.18495 loss_pv_va:0.20766
INFO|2024-09-25 18:26:05: Epoch[061/100], iter[079/392], loss_total:0.66323, loss_equ:2.07831 loss_pq_vm:0.01104 loss_pq_va:0.16034 loss_pv_va:0.18466
INFO|2024-09-25 18:26:36: Epoch[061/100], iter[118/392], loss_total:0.66935, loss_equ:2.06765 loss_pq_vm:0.01075 loss_pq_va:0.16560 loss_pv_va:0.18949
INFO|2024-09-25 18:27:08: Epoch[061/100], iter[157/392], loss_total:0.75104, loss_equ:2.17076 loss_pq_vm:0.01352 loss_pq_va:0.18883 loss_pv_va:0.20996
INFO|2024-09-25 18:27:40: Epoch[061/100], iter[196/392], loss_total:0.67300, loss_equ:2.06751 loss_pq_vm:0.01127 loss_pq_va:0.16575 loss_pv_va:0.18780
INFO|2024-09-25 18:28:11: Epoch[061/100], iter[235/392], loss_total:0.84469, loss_equ:2.12550 loss_pq_vm:0.01513 loss_pq_va:0.22818 loss_pv_va:0.25266
INFO|2024-09-25 18:28:43: Epoch[061/100], iter[274/392], loss_total:0.99844, loss_equ:2.55789 loss_pq_vm:0.01531 loss_pq_va:0.28119 loss_pv_va:0.30841
INFO|2024-09-25 18:29:15: Epoch[061/100], iter[313/392], loss_total:0.78379, loss_equ:2.40684 loss_pq_vm:0.01334 loss_pq_va:0.18856 loss_pv_va:0.22116
INFO|2024-09-25 18:29:47: Epoch[061/100], iter[352/392], loss_total:0.72375, loss_equ:2.17117 loss_pq_vm:0.01225 loss_pq_va:0.18037 loss_pv_va:0.20372
INFO|2024-09-25 18:30:19: Epoch[061/100], iter[392/392], loss_total:0.73600, loss_equ:2.17607 loss_pq_vm:0.01235 loss_pq_va:0.18587 loss_pv_va:0.20905
INFO|2024-09-25 18:31:34: Epoch 60/100, lr:  0.00033732, eta: 4.29h, train_loss:  0.72999, valid_loss:  0.99749
INFO|2024-09-25 18:31:34: 	Train: PQ_Vm_rmse: 0.00052544  PQ_Va_rmse: 0.00532483  PV_Va_rmse: 0.00588443  delta_p: 0.02572950  delta_q: 0.00582228  
INFO|2024-09-25 18:31:34: 	ZTest: PQ_Vm_rmse: 0.00163331  PQ_Va_rmse: 0.01522752  PV_Va_rmse: 0.01632601  delta_p: 0.04550116  delta_q: 0.01119687  
INFO|2024-09-25 18:31:34: 	ZTest-ema: PQ_Vm_rmse: 0.001341  PQ_Va_rmse: 0.012763  PV_Va_rmse: 0.013683  delta_p: 0.033516  delta_q: 0.008113  
INFO|2024-09-25 18:31:34: 	           ValOfEMA:0.013683/0.013329,  Epoch:61/60
INFO|2024-09-25 18:31:34: 	Time(ep):395s,  Val(curr/best):0.016326/0.012317,  Epoch(curr/best):61/58
INFO|2024-09-25 18:31:34: -------------------- Epoch: 62 --------------------
INFO|2024-09-25 18:32:08: Epoch[062/100], iter[040/392], loss_total:0.70972, loss_equ:2.09746 loss_pq_vm:0.01240 loss_pq_va:0.17800 loss_pv_va:0.19798
INFO|2024-09-25 18:32:40: Epoch[062/100], iter[079/392], loss_total:0.69174, loss_equ:2.07135 loss_pq_vm:0.01197 loss_pq_va:0.17194 loss_pv_va:0.19295
INFO|2024-09-25 18:33:13: Epoch[062/100], iter[118/392], loss_total:0.77609, loss_equ:2.31607 loss_pq_vm:0.01634 loss_pq_va:0.17991 loss_pv_va:0.20113
INFO|2024-09-25 18:33:45: Epoch[062/100], iter[157/392], loss_total:0.72936, loss_equ:2.27139 loss_pq_vm:0.01221 loss_pq_va:0.17838 loss_pv_va:0.20171
INFO|2024-09-25 18:34:16: Epoch[062/100], iter[196/392], loss_total:0.71156, loss_equ:2.16224 loss_pq_vm:0.01140 loss_pq_va:0.17808 loss_pv_va:0.20320
INFO|2024-09-25 18:34:48: Epoch[062/100], iter[235/392], loss_total:0.66799, loss_equ:2.10599 loss_pq_vm:0.01119 loss_pq_va:0.16222 loss_pv_va:0.18328
INFO|2024-09-25 18:35:21: Epoch[062/100], iter[274/392], loss_total:0.67151, loss_equ:2.13256 loss_pq_vm:0.01100 loss_pq_va:0.16253 loss_pv_va:0.18573
INFO|2024-09-25 18:35:52: Epoch[062/100], iter[313/392], loss_total:0.70763, loss_equ:2.14151 loss_pq_vm:0.01183 loss_pq_va:0.17676 loss_pv_va:0.19842
INFO|2024-09-25 18:36:24: Epoch[062/100], iter[352/392], loss_total:0.70782, loss_equ:2.09322 loss_pq_vm:0.01134 loss_pq_va:0.18127 loss_pv_va:0.20386
INFO|2024-09-25 18:36:57: Epoch[062/100], iter[392/392], loss_total:0.74889, loss_equ:2.25019 loss_pq_vm:0.01256 loss_pq_va:0.18879 loss_pv_va:0.20945
INFO|2024-09-25 18:38:12: Epoch 61/100, lr:  0.00032278, eta: 4.2h, train_loss:  0.71097, valid_loss:  0.96810
INFO|2024-09-25 18:38:12: 	Train: PQ_Vm_rmse: 0.00046371  PQ_Va_rmse: 0.00420631  PV_Va_rmse: 0.00458451  delta_p: 0.02225407  delta_q: 0.00544725  
INFO|2024-09-25 18:38:12: 	ZTest: PQ_Vm_rmse: 0.00131974  PQ_Va_rmse: 0.01269606  PV_Va_rmse: 0.01354255  delta_p: 0.03667344  delta_q: 0.00954417  
INFO|2024-09-25 18:38:12: 	ZTest-ema: PQ_Vm_rmse: 0.001360  PQ_Va_rmse: 0.012793  PV_Va_rmse: 0.013669  delta_p: 0.027075  delta_q: 0.006986  
INFO|2024-09-25 18:38:12: 	           ValOfEMA:0.013669/0.013329,  Epoch:62/60
INFO|2024-09-25 18:38:12: 	Time(ep):397s,  Val(curr/best):0.013543/0.012317,  Epoch(curr/best):62/58
INFO|2024-09-25 18:38:12: -------------------- Epoch: 63 --------------------
INFO|2024-09-25 18:38:47: Epoch[063/100], iter[040/392], loss_total:0.68809, loss_equ:2.07928 loss_pq_vm:0.01215 loss_pq_va:0.16712 loss_pv_va:0.19158
INFO|2024-09-25 18:39:19: Epoch[063/100], iter[079/392], loss_total:0.70643, loss_equ:2.07080 loss_pq_vm:0.01183 loss_pq_va:0.18002 loss_pv_va:0.20104
INFO|2024-09-25 18:39:50: Epoch[063/100], iter[118/392], loss_total:0.71201, loss_equ:2.08211 loss_pq_vm:0.01159 loss_pq_va:0.18220 loss_pv_va:0.20565
INFO|2024-09-25 18:40:23: Epoch[063/100], iter[157/392], loss_total:0.68536, loss_equ:2.04688 loss_pq_vm:0.01137 loss_pq_va:0.17375 loss_pv_va:0.19322
INFO|2024-09-25 18:40:55: Epoch[063/100], iter[196/392], loss_total:0.78634, loss_equ:2.32803 loss_pq_vm:0.01411 loss_pq_va:0.19397 loss_pv_va:0.21845
INFO|2024-09-25 18:41:27: Epoch[063/100], iter[235/392], loss_total:0.70559, loss_equ:2.18229 loss_pq_vm:0.01319 loss_pq_va:0.16751 loss_pv_va:0.18800
INFO|2024-09-25 18:41:58: Epoch[063/100], iter[274/392], loss_total:0.69528, loss_equ:2.10262 loss_pq_vm:0.01232 loss_pq_va:0.17027 loss_pv_va:0.19158
INFO|2024-09-25 18:42:29: Epoch[063/100], iter[313/392], loss_total:0.70997, loss_equ:2.15890 loss_pq_vm:0.01207 loss_pq_va:0.17486 loss_pv_va:0.19852
INFO|2024-09-25 18:43:01: Epoch[063/100], iter[352/392], loss_total:0.73219, loss_equ:2.14432 loss_pq_vm:0.01326 loss_pq_va:0.18131 loss_pv_va:0.20387
INFO|2024-09-25 18:43:33: Epoch[063/100], iter[392/392], loss_total:0.71094, loss_equ:2.09403 loss_pq_vm:0.01310 loss_pq_va:0.17458 loss_pv_va:0.19593
INFO|2024-09-25 18:44:48: Epoch 62/100, lr:  0.00030841, eta: 4.07h, train_loss:  0.71513, valid_loss:  0.96155
INFO|2024-09-25 18:44:48: 	Train: PQ_Vm_rmse: 0.00048515  PQ_Va_rmse: 0.00485343  PV_Va_rmse: 0.00533852  delta_p: 0.02283111  delta_q: 0.00545484  
INFO|2024-09-25 18:44:48: 	ZTest: PQ_Vm_rmse: 0.00149228  PQ_Va_rmse: 0.01311510  PV_Va_rmse: 0.01398352  delta_p: 0.03350896  delta_q: 0.00922693  
INFO|2024-09-25 18:44:48: 	ZTest-ema: PQ_Vm_rmse: 0.001335  PQ_Va_rmse: 0.012587  PV_Va_rmse: 0.013416  delta_p: 0.027800  delta_q: 0.007252  
INFO|2024-09-25 18:44:48: 	           ValOfEMA:0.013416/0.013329,  Epoch:63/60
INFO|2024-09-25 18:44:49: 	Time(ep):395s,  Val(curr/best):0.013984/0.012317,  Epoch(curr/best):63/58
INFO|2024-09-25 18:44:49: -------------------- Epoch: 64 --------------------
INFO|2024-09-25 18:45:23: Epoch[064/100], iter[040/392], loss_total:0.69260, loss_equ:2.13849 loss_pq_vm:0.01136 loss_pq_va:0.17135 loss_pv_va:0.19380
INFO|2024-09-25 18:45:55: Epoch[064/100], iter[079/392], loss_total:0.74560, loss_equ:2.22282 loss_pq_vm:0.01238 loss_pq_va:0.18871 loss_pv_va:0.21078
INFO|2024-09-25 18:46:27: Epoch[064/100], iter[118/392], loss_total:0.84827, loss_equ:2.31958 loss_pq_vm:0.01388 loss_pq_va:0.22357 loss_pv_va:0.25396
INFO|2024-09-25 18:47:00: Epoch[064/100], iter[157/392], loss_total:0.69344, loss_equ:2.07648 loss_pq_vm:0.01204 loss_pq_va:0.17292 loss_pv_va:0.19251
INFO|2024-09-25 18:47:32: Epoch[064/100], iter[196/392], loss_total:0.68111, loss_equ:2.09698 loss_pq_vm:0.01182 loss_pq_va:0.16651 loss_pv_va:0.18669
INFO|2024-09-25 18:48:04: Epoch[064/100], iter[235/392], loss_total:0.68697, loss_equ:2.08366 loss_pq_vm:0.01075 loss_pq_va:0.17446 loss_pv_va:0.19664
INFO|2024-09-25 18:48:37: Epoch[064/100], iter[274/392], loss_total:0.68718, loss_equ:2.08842 loss_pq_vm:0.01250 loss_pq_va:0.16589 loss_pv_va:0.18746
INFO|2024-09-25 18:49:09: Epoch[064/100], iter[313/392], loss_total:0.70550, loss_equ:2.06891 loss_pq_vm:0.01212 loss_pq_va:0.17733 loss_pv_va:0.20010
INFO|2024-09-25 18:49:40: Epoch[064/100], iter[352/392], loss_total:0.64325, loss_equ:2.05566 loss_pq_vm:0.01024 loss_pq_va:0.15888 loss_pv_va:0.17636
INFO|2024-09-25 18:50:13: Epoch[064/100], iter[392/392], loss_total:0.72961, loss_equ:2.13848 loss_pq_vm:0.01205 loss_pq_va:0.18732 loss_pv_va:0.20795
INFO|2024-09-25 18:51:28: Epoch 63/100, lr:  0.00029424, eta: 3.99h, train_loss:  0.71803, valid_loss:  0.92111
INFO|2024-09-25 18:51:28: 	Train: PQ_Vm_rmse: 0.00048837  PQ_Va_rmse: 0.00487583  PV_Va_rmse: 0.00532719  delta_p: 0.02298803  delta_q: 0.00561560  
INFO|2024-09-25 18:51:28: 	ZTest: PQ_Vm_rmse: 0.00135008  PQ_Va_rmse: 0.01291844  PV_Va_rmse: 0.01382393  delta_p: 0.03544553  delta_q: 0.00850808  
INFO|2024-09-25 18:51:28: 	ZTest-ema: PQ_Vm_rmse: 0.001331  PQ_Va_rmse: 0.012542  PV_Va_rmse: 0.013376  delta_p: 0.028035  delta_q: 0.007129  
INFO|2024-09-25 18:51:28: 	           ValOfEMA:0.013376/0.013329,  Epoch:64/60
INFO|2024-09-25 18:51:28: 	Time(ep):398s,  Val(curr/best):0.013824/0.012317,  Epoch(curr/best):64/58
INFO|2024-09-25 18:51:28: -------------------- Epoch: 65 --------------------
INFO|2024-09-25 18:52:03: Epoch[065/100], iter[040/392], loss_total:0.68579, loss_equ:2.04631 loss_pq_vm:0.01209 loss_pq_va:0.16949 loss_pv_va:0.19076
INFO|2024-09-25 18:52:35: Epoch[065/100], iter[079/392], loss_total:0.67944, loss_equ:2.07994 loss_pq_vm:0.01129 loss_pq_va:0.16829 loss_pv_va:0.19024
INFO|2024-09-25 18:53:08: Epoch[065/100], iter[118/392], loss_total:0.70425, loss_equ:2.08094 loss_pq_vm:0.01227 loss_pq_va:0.17592 loss_pv_va:0.19753
INFO|2024-09-25 18:53:39: Epoch[065/100], iter[157/392], loss_total:0.67594, loss_equ:2.07878 loss_pq_vm:0.01132 loss_pq_va:0.16640 loss_pv_va:0.18848
INFO|2024-09-25 18:54:11: Epoch[065/100], iter[196/392], loss_total:0.81506, loss_equ:2.30873 loss_pq_vm:0.01307 loss_pq_va:0.21167 loss_pv_va:0.24177
INFO|2024-09-25 18:54:42: Epoch[065/100], iter[235/392], loss_total:0.72257, loss_equ:2.16439 loss_pq_vm:0.01221 loss_pq_va:0.18115 loss_pv_va:0.20292
INFO|2024-09-25 18:55:13: Epoch[065/100], iter[274/392], loss_total:0.70886, loss_equ:2.12605 loss_pq_vm:0.01153 loss_pq_va:0.17756 loss_pv_va:0.20338
INFO|2024-09-25 18:55:45: Epoch[065/100], iter[313/392], loss_total:0.68762, loss_equ:2.12750 loss_pq_vm:0.01115 loss_pq_va:0.17109 loss_pv_va:0.19226
INFO|2024-09-25 18:56:17: Epoch[065/100], iter[352/392], loss_total:0.73830, loss_equ:2.16497 loss_pq_vm:0.01184 loss_pq_va:0.19163 loss_pv_va:0.21177
INFO|2024-09-25 18:56:49: Epoch[065/100], iter[392/392], loss_total:0.67101, loss_equ:2.01789 loss_pq_vm:0.01289 loss_pq_va:0.15798 loss_pv_va:0.18238
INFO|2024-09-25 18:58:04: Epoch 64/100, lr:  0.00028027, eta: 3.85h, train_loss:  0.71606, valid_loss:  0.97850
INFO|2024-09-25 18:58:04: 	Train: PQ_Vm_rmse: 0.00048739  PQ_Va_rmse: 0.00483696  PV_Va_rmse: 0.00526226  delta_p: 0.02376219  delta_q: 0.00551590  
INFO|2024-09-25 18:58:04: 	ZTest: PQ_Vm_rmse: 0.00158834  PQ_Va_rmse: 0.01235833  PV_Va_rmse: 0.01316737  delta_p: 0.03027037  delta_q: 0.00959039  
INFO|2024-09-25 18:58:04: 	ZTest-ema: PQ_Vm_rmse: 0.001337  PQ_Va_rmse: 0.012365  PV_Va_rmse: 0.013208  delta_p: 0.029424  delta_q: 0.007162  
INFO|2024-09-25 18:58:04: 	           ValOfEMA:0.013208/0.013208,  Epoch:65/65
INFO|2024-09-25 18:58:05: 	Time(ep):396s,  Val(curr/best):0.013167/0.012317,  Epoch(curr/best):65/58
INFO|2024-09-25 18:58:05: -------------------- Epoch: 66 --------------------
INFO|2024-09-25 18:58:39: Epoch[066/100], iter[040/392], loss_total:0.71372, loss_equ:2.05532 loss_pq_vm:0.01250 loss_pq_va:0.18169 loss_pv_va:0.20155
INFO|2024-09-25 18:59:10: Epoch[066/100], iter[079/392], loss_total:0.69718, loss_equ:2.04212 loss_pq_vm:0.01148 loss_pq_va:0.17809 loss_pv_va:0.20003
INFO|2024-09-25 18:59:42: Epoch[066/100], iter[118/392], loss_total:0.67071, loss_equ:2.07027 loss_pq_vm:0.01122 loss_pq_va:0.16430 loss_pv_va:0.18722
INFO|2024-09-25 19:00:14: Epoch[066/100], iter[157/392], loss_total:0.69660, loss_equ:2.12214 loss_pq_vm:0.01183 loss_pq_va:0.17228 loss_pv_va:0.19385
INFO|2024-09-25 19:00:46: Epoch[066/100], iter[196/392], loss_total:0.67373, loss_equ:2.06012 loss_pq_vm:0.01138 loss_pq_va:0.16663 loss_pv_va:0.18729
INFO|2024-09-25 19:01:18: Epoch[066/100], iter[235/392], loss_total:0.87245, loss_equ:2.16664 loss_pq_vm:0.01318 loss_pq_va:0.24478 loss_pv_va:0.27919
INFO|2024-09-25 19:01:50: Epoch[066/100], iter[274/392], loss_total:0.67910, loss_equ:2.10483 loss_pq_vm:0.01160 loss_pq_va:0.16610 loss_pv_va:0.18655
INFO|2024-09-25 19:02:21: Epoch[066/100], iter[313/392], loss_total:0.71419, loss_equ:2.11547 loss_pq_vm:0.01229 loss_pq_va:0.17861 loss_pv_va:0.20111
INFO|2024-09-25 19:02:53: Epoch[066/100], iter[352/392], loss_total:0.67407, loss_equ:2.03789 loss_pq_vm:0.01173 loss_pq_va:0.16678 loss_pv_va:0.18620
INFO|2024-09-25 19:03:26: Epoch[066/100], iter[392/392], loss_total:0.66385, loss_equ:2.06097 loss_pq_vm:0.01133 loss_pq_va:0.16144 loss_pv_va:0.18300
INFO|2024-09-25 19:04:41: Epoch 65/100, lr:  0.00026653, eta: 3.74h, train_loss:  0.70090, valid_loss:  0.93764
INFO|2024-09-25 19:04:41: 	Train: PQ_Vm_rmse: 0.00047245  PQ_Va_rmse: 0.00460999  PV_Va_rmse: 0.00503265  delta_p: 0.02179733  delta_q: 0.00521810  
INFO|2024-09-25 19:04:41: 	ZTest: PQ_Vm_rmse: 0.00138335  PQ_Va_rmse: 0.01255181  PV_Va_rmse: 0.01336835  delta_p: 0.03077072  delta_q: 0.00817903  
INFO|2024-09-25 19:04:41: 	ZTest-ema: PQ_Vm_rmse: 0.001319  PQ_Va_rmse: 0.012239  PV_Va_rmse: 0.013034  delta_p: 0.026298  delta_q: 0.006680  
INFO|2024-09-25 19:04:41: 	           ValOfEMA:0.013034/0.013034,  Epoch:66/66
INFO|2024-09-25 19:04:41: 	Time(ep):396s,  Val(curr/best):0.013368/0.012317,  Epoch(curr/best):66/58
INFO|2024-09-25 19:04:41: -------------------- Epoch: 67 --------------------
INFO|2024-09-25 19:05:15: Epoch[067/100], iter[040/392], loss_total:0.64911, loss_equ:2.01764 loss_pq_vm:0.01069 loss_pq_va:0.15913 loss_pv_va:0.18129
INFO|2024-09-25 19:05:47: Epoch[067/100], iter[079/392], loss_total:0.71053, loss_equ:2.11556 loss_pq_vm:0.01224 loss_pq_va:0.17678 loss_pv_va:0.19980
INFO|2024-09-25 19:06:19: Epoch[067/100], iter[118/392], loss_total:0.68265, loss_equ:2.02878 loss_pq_vm:0.01059 loss_pq_va:0.17548 loss_pv_va:0.19838
INFO|2024-09-25 19:06:51: Epoch[067/100], iter[157/392], loss_total:0.64081, loss_equ:1.99312 loss_pq_vm:0.01019 loss_pq_va:0.15875 loss_pv_va:0.18089
INFO|2024-09-25 19:07:23: Epoch[067/100], iter[196/392], loss_total:0.67723, loss_equ:2.00936 loss_pq_vm:0.01135 loss_pq_va:0.17143 loss_pv_va:0.19135
INFO|2024-09-25 19:07:55: Epoch[067/100], iter[235/392], loss_total:0.68845, loss_equ:2.06382 loss_pq_vm:0.01158 loss_pq_va:0.17100 loss_pv_va:0.19524
INFO|2024-09-25 19:08:27: Epoch[067/100], iter[274/392], loss_total:0.67896, loss_equ:2.11171 loss_pq_vm:0.01144 loss_pq_va:0.16690 loss_pv_va:0.18648
INFO|2024-09-25 19:08:59: Epoch[067/100], iter[313/392], loss_total:0.72288, loss_equ:2.14888 loss_pq_vm:0.01172 loss_pq_va:0.18223 loss_pv_va:0.20856
INFO|2024-09-25 19:09:31: Epoch[067/100], iter[352/392], loss_total:0.66689, loss_equ:1.98409 loss_pq_vm:0.01060 loss_pq_va:0.16946 loss_pv_va:0.19302
INFO|2024-09-25 19:10:04: Epoch[067/100], iter[392/392], loss_total:0.71684, loss_equ:2.21164 loss_pq_vm:0.01232 loss_pq_va:0.17596 loss_pv_va:0.19647
INFO|2024-09-25 19:11:19: Epoch 66/100, lr:  0.00025302, eta: 3.65h, train_loss:  0.67964, valid_loss:  0.96224
INFO|2024-09-25 19:11:19: 	Train: PQ_Vm_rmse: 0.00040987  PQ_Va_rmse: 0.00395041  PV_Va_rmse: 0.00433709  delta_p: 0.01849355  delta_q: 0.00449775  
INFO|2024-09-25 19:11:19: 	ZTest: PQ_Vm_rmse: 0.00142887  PQ_Va_rmse: 0.01349908  PV_Va_rmse: 0.01445935  delta_p: 0.03525538  delta_q: 0.00893321  
INFO|2024-09-25 19:11:19: 	ZTest-ema: PQ_Vm_rmse: 0.001345  PQ_Va_rmse: 0.012384  PV_Va_rmse: 0.013190  delta_p: 0.027638  delta_q: 0.007046  
INFO|2024-09-25 19:11:19: 	           ValOfEMA:0.013190/0.013034,  Epoch:67/66
INFO|2024-09-25 19:11:19: 	Time(ep):397s,  Val(curr/best):0.014459/0.012317,  Epoch(curr/best):67/58
INFO|2024-09-25 19:11:19: -------------------- Epoch: 68 --------------------
INFO|2024-09-25 19:11:53: Epoch[068/100], iter[040/392], loss_total:0.66226, loss_equ:2.07411 loss_pq_vm:0.01075 loss_pq_va:0.16420 loss_pv_va:0.18319
INFO|2024-09-25 19:12:25: Epoch[068/100], iter[079/392], loss_total:0.65520, loss_equ:2.01394 loss_pq_vm:0.01172 loss_pq_va:0.15850 loss_pv_va:0.17810
INFO|2024-09-25 19:12:57: Epoch[068/100], iter[118/392], loss_total:0.66881, loss_equ:2.00977 loss_pq_vm:0.01174 loss_pq_va:0.16420 loss_pv_va:0.18623
INFO|2024-09-25 19:13:29: Epoch[068/100], iter[157/392], loss_total:0.66541, loss_equ:2.05364 loss_pq_vm:0.01116 loss_pq_va:0.16366 loss_pv_va:0.18481
INFO|2024-09-25 19:14:01: Epoch[068/100], iter[196/392], loss_total:0.72026, loss_equ:2.10171 loss_pq_vm:0.01173 loss_pq_va:0.18508 loss_pv_va:0.20769
INFO|2024-09-25 19:14:32: Epoch[068/100], iter[235/392], loss_total:0.65807, loss_equ:2.05313 loss_pq_vm:0.01072 loss_pq_va:0.16235 loss_pv_va:0.18319
INFO|2024-09-25 19:15:03: Epoch[068/100], iter[274/392], loss_total:0.83508, loss_equ:2.18111 loss_pq_vm:0.01330 loss_pq_va:0.22820 loss_pv_va:0.25580
INFO|2024-09-25 19:15:35: Epoch[068/100], iter[313/392], loss_total:0.66117, loss_equ:2.04980 loss_pq_vm:0.01075 loss_pq_va:0.16368 loss_pv_va:0.18499
INFO|2024-09-25 19:16:06: Epoch[068/100], iter[352/392], loss_total:0.70953, loss_equ:2.10128 loss_pq_vm:0.01226 loss_pq_va:0.17711 loss_pv_va:0.19974
INFO|2024-09-25 19:16:38: Epoch[068/100], iter[392/392], loss_total:0.64901, loss_equ:2.02858 loss_pq_vm:0.01009 loss_pq_va:0.16191 loss_pv_va:0.18333
INFO|2024-09-25 19:17:53: Epoch 67/100, lr:  0.00023977, eta: 3.5h, train_loss:  0.69003, valid_loss:  0.95322
INFO|2024-09-25 19:17:53: 	Train: PQ_Vm_rmse: 0.00043663  PQ_Va_rmse: 0.00440880  PV_Va_rmse: 0.00483066  delta_p: 0.02057886  delta_q: 0.00490423  
INFO|2024-09-25 19:17:53: 	ZTest: PQ_Vm_rmse: 0.00151096  PQ_Va_rmse: 0.01384861  PV_Va_rmse: 0.01477545  delta_p: 0.03397555  delta_q: 0.00874723  
INFO|2024-09-25 19:17:53: 	ZTest-ema: PQ_Vm_rmse: 0.001337  PQ_Va_rmse: 0.012417  PV_Va_rmse: 0.013301  delta_p: 0.029814  delta_q: 0.007523  
INFO|2024-09-25 19:17:53: 	           ValOfEMA:0.013301/0.013034,  Epoch:68/66
INFO|2024-09-25 19:17:53: 	Time(ep):393s,  Val(curr/best):0.014775/0.012317,  Epoch(curr/best):68/58
INFO|2024-09-25 19:17:53: -------------------- Epoch: 69 --------------------
INFO|2024-09-25 19:18:27: Epoch[069/100], iter[040/392], loss_total:0.63679, loss_equ:1.98314 loss_pq_vm:0.01017 loss_pq_va:0.15682 loss_pv_va:0.18000
INFO|2024-09-25 19:18:59: Epoch[069/100], iter[079/392], loss_total:0.73839, loss_equ:2.10917 loss_pq_vm:0.01226 loss_pq_va:0.19018 loss_pv_va:0.21472
INFO|2024-09-25 19:19:31: Epoch[069/100], iter[118/392], loss_total:0.74736, loss_equ:2.17594 loss_pq_vm:0.01288 loss_pq_va:0.18930 loss_pv_va:0.21170
INFO|2024-09-25 19:20:03: Epoch[069/100], iter[157/392], loss_total:0.65699, loss_equ:2.18428 loss_pq_vm:0.01062 loss_pq_va:0.15568 loss_pv_va:0.17669
INFO|2024-09-25 19:20:35: Epoch[069/100], iter[196/392], loss_total:0.69005, loss_equ:2.02757 loss_pq_vm:0.01118 loss_pq_va:0.17602 loss_pv_va:0.19949
INFO|2024-09-25 19:21:06: Epoch[069/100], iter[235/392], loss_total:0.66349, loss_equ:2.04016 loss_pq_vm:0.01118 loss_pq_va:0.16357 loss_pv_va:0.18406
INFO|2024-09-25 19:21:38: Epoch[069/100], iter[274/392], loss_total:0.64974, loss_equ:1.96315 loss_pq_vm:0.01142 loss_pq_va:0.15969 loss_pv_va:0.17953
INFO|2024-09-25 19:22:10: Epoch[069/100], iter[313/392], loss_total:0.67814, loss_equ:2.03633 loss_pq_vm:0.01064 loss_pq_va:0.17381 loss_pv_va:0.19427
INFO|2024-09-25 19:22:42: Epoch[069/100], iter[352/392], loss_total:0.66012, loss_equ:2.05435 loss_pq_vm:0.01069 loss_pq_va:0.16313 loss_pv_va:0.18464
INFO|2024-09-25 19:23:15: Epoch[069/100], iter[392/392], loss_total:0.71873, loss_equ:2.10579 loss_pq_vm:0.01308 loss_pq_va:0.17814 loss_pv_va:0.19923
INFO|2024-09-25 19:24:30: Epoch 68/100, lr:  0.00022677, eta: 3.42h, train_loss:  0.68558, valid_loss:  0.91447
INFO|2024-09-25 19:24:30: 	Train: PQ_Vm_rmse: 0.00042426  PQ_Va_rmse: 0.00404542  PV_Va_rmse: 0.00443610  delta_p: 0.02025876  delta_q: 0.00475887  
INFO|2024-09-25 19:24:30: 	ZTest: PQ_Vm_rmse: 0.00124269  PQ_Va_rmse: 0.01282205  PV_Va_rmse: 0.01372531  delta_p: 0.03238313  delta_q: 0.00778596  
INFO|2024-09-25 19:24:30: 	ZTest-ema: PQ_Vm_rmse: 0.001327  PQ_Va_rmse: 0.012393  PV_Va_rmse: 0.013214  delta_p: 0.027096  delta_q: 0.006983  
INFO|2024-09-25 19:24:30: 	           ValOfEMA:0.013214/0.013034,  Epoch:69/66
INFO|2024-09-25 19:24:31: 	Time(ep):397s,  Val(curr/best):0.013725/0.012317,  Epoch(curr/best):69/58
INFO|2024-09-25 19:24:31: -------------------- Epoch: 70 --------------------
INFO|2024-09-25 19:25:05: Epoch[070/100], iter[040/392], loss_total:0.68998, loss_equ:2.05475 loss_pq_vm:0.01117 loss_pq_va:0.17579 loss_pv_va:0.19702
INFO|2024-09-25 19:25:37: Epoch[070/100], iter[079/392], loss_total:0.64160, loss_equ:1.97864 loss_pq_vm:0.01056 loss_pq_va:0.15869 loss_pv_va:0.17941
INFO|2024-09-25 19:26:09: Epoch[070/100], iter[118/392], loss_total:0.67895, loss_equ:2.01598 loss_pq_vm:0.01156 loss_pq_va:0.16996 loss_pv_va:0.19178
INFO|2024-09-25 19:26:41: Epoch[070/100], iter[157/392], loss_total:0.68381, loss_equ:2.01019 loss_pq_vm:0.01162 loss_pq_va:0.17187 loss_pv_va:0.19468
INFO|2024-09-25 19:27:13: Epoch[070/100], iter[196/392], loss_total:0.64128, loss_equ:2.01384 loss_pq_vm:0.01084 loss_pq_va:0.15560 loss_pv_va:0.17592
INFO|2024-09-25 19:27:45: Epoch[070/100], iter[235/392], loss_total:0.69642, loss_equ:2.06534 loss_pq_vm:0.01183 loss_pq_va:0.17520 loss_pv_va:0.19643
INFO|2024-09-25 19:28:17: Epoch[070/100], iter[274/392], loss_total:0.66101, loss_equ:1.99811 loss_pq_vm:0.01115 loss_pq_va:0.16386 loss_pv_va:0.18586
INFO|2024-09-25 19:28:49: Epoch[070/100], iter[313/392], loss_total:0.64706, loss_equ:1.98850 loss_pq_vm:0.01079 loss_pq_va:0.16074 loss_pv_va:0.17952
INFO|2024-09-25 19:29:21: Epoch[070/100], iter[352/392], loss_total:0.64574, loss_equ:1.97419 loss_pq_vm:0.01025 loss_pq_va:0.16197 loss_pv_va:0.18386
INFO|2024-09-25 19:29:53: Epoch[070/100], iter[392/392], loss_total:0.70845, loss_equ:2.05094 loss_pq_vm:0.01163 loss_pq_va:0.18139 loss_pv_va:0.20564
INFO|2024-09-25 19:31:08: Epoch 69/100, lr:  0.00021405, eta: 3.31h, train_loss:  0.66903, valid_loss:  0.91692
INFO|2024-09-25 19:31:08: 	Train: PQ_Vm_rmse: 0.00040764  PQ_Va_rmse: 0.00383646  PV_Va_rmse: 0.00417855  delta_p: 0.01778762  delta_q: 0.00452033  
INFO|2024-09-25 19:31:08: 	ZTest: PQ_Vm_rmse: 0.00141878  PQ_Va_rmse: 0.01261987  PV_Va_rmse: 0.01342830  delta_p: 0.02783827  delta_q: 0.00716130  
INFO|2024-09-25 19:31:08: 	ZTest-ema: PQ_Vm_rmse: 0.001316  PQ_Va_rmse: 0.012265  PV_Va_rmse: 0.013068  delta_p: 0.026321  delta_q: 0.006728  
INFO|2024-09-25 19:31:08: 	           ValOfEMA:0.013068/0.013034,  Epoch:70/66
INFO|2024-09-25 19:31:08: 	Time(ep):396s,  Val(curr/best):0.013428/0.012317,  Epoch(curr/best):70/58
INFO|2024-09-25 19:31:08: -------------------- Epoch: 71 --------------------
INFO|2024-09-25 19:31:43: Epoch[071/100], iter[040/392], loss_total:0.65300, loss_equ:2.00942 loss_pq_vm:0.01042 loss_pq_va:0.16247 loss_pv_va:0.18535
INFO|2024-09-25 19:32:15: Epoch[071/100], iter[079/392], loss_total:0.77184, loss_equ:2.06423 loss_pq_vm:0.01269 loss_pq_va:0.20584 loss_pv_va:0.23263
INFO|2024-09-25 19:32:47: Epoch[071/100], iter[118/392], loss_total:0.66005, loss_equ:2.11752 loss_pq_vm:0.01085 loss_pq_va:0.15807 loss_pv_va:0.18176
INFO|2024-09-25 19:33:18: Epoch[071/100], iter[157/392], loss_total:0.66245, loss_equ:2.03717 loss_pq_vm:0.01131 loss_pq_va:0.16344 loss_pv_va:0.18215
INFO|2024-09-25 19:33:50: Epoch[071/100], iter[196/392], loss_total:0.63604, loss_equ:1.96790 loss_pq_vm:0.01041 loss_pq_va:0.15763 loss_pv_va:0.17757
INFO|2024-09-25 19:34:21: Epoch[071/100], iter[235/392], loss_total:0.69724, loss_equ:2.11189 loss_pq_vm:0.01344 loss_pq_va:0.16530 loss_pv_va:0.18632
INFO|2024-09-25 19:34:53: Epoch[071/100], iter[274/392], loss_total:0.87475, loss_equ:2.12981 loss_pq_vm:0.01308 loss_pq_va:0.24787 loss_pv_va:0.28314
INFO|2024-09-25 19:35:24: Epoch[071/100], iter[313/392], loss_total:0.63539, loss_equ:1.97989 loss_pq_vm:0.01083 loss_pq_va:0.15321 loss_pv_va:0.17589
INFO|2024-09-25 19:35:56: Epoch[071/100], iter[352/392], loss_total:0.67211, loss_equ:2.08482 loss_pq_vm:0.01014 loss_pq_va:0.16856 loss_pv_va:0.19366
INFO|2024-09-25 19:36:29: Epoch[071/100], iter[392/392], loss_total:0.63266, loss_equ:2.05140 loss_pq_vm:0.01072 loss_pq_va:0.14944 loss_pv_va:0.17084
INFO|2024-09-25 19:37:44: Epoch 70/100, lr:  0.00020161, eta: 3.19h, train_loss:  0.67977, valid_loss:  0.92607
INFO|2024-09-25 19:37:44: 	Train: PQ_Vm_rmse: 0.00042143  PQ_Va_rmse: 0.00419821  PV_Va_rmse: 0.00463845  delta_p: 0.01943414  delta_q: 0.00454549  
INFO|2024-09-25 19:37:44: 	ZTest: PQ_Vm_rmse: 0.00136037  PQ_Va_rmse: 0.01230937  PV_Va_rmse: 0.01326779  delta_p: 0.03198306  delta_q: 0.00762157  
INFO|2024-09-25 19:37:44: 	ZTest-ema: PQ_Vm_rmse: 0.001324  PQ_Va_rmse: 0.012204  PV_Va_rmse: 0.013022  delta_p: 0.027615  delta_q: 0.007012  
INFO|2024-09-25 19:37:44: 	           ValOfEMA:0.013022/0.013022,  Epoch:71/71
INFO|2024-09-25 19:37:44: 	Time(ep):395s,  Val(curr/best):0.013268/0.012317,  Epoch(curr/best):71/58
INFO|2024-09-25 19:37:44: -------------------- Epoch: 72 --------------------
INFO|2024-09-25 19:38:18: Epoch[072/100], iter[040/392], loss_total:0.65857, loss_equ:2.01424 loss_pq_vm:0.01086 loss_pq_va:0.16368 loss_pv_va:0.18487
INFO|2024-09-25 19:38:50: Epoch[072/100], iter[079/392], loss_total:0.66336, loss_equ:2.03164 loss_pq_vm:0.01097 loss_pq_va:0.16560 loss_pv_va:0.18494
INFO|2024-09-25 19:39:22: Epoch[072/100], iter[118/392], loss_total:0.64929, loss_equ:1.99530 loss_pq_vm:0.01089 loss_pq_va:0.15991 loss_pv_va:0.18097
INFO|2024-09-25 19:39:54: Epoch[072/100], iter[157/392], loss_total:0.69764, loss_equ:2.09141 loss_pq_vm:0.01151 loss_pq_va:0.17397 loss_pv_va:0.19942
INFO|2024-09-25 19:40:26: Epoch[072/100], iter[196/392], loss_total:0.66078, loss_equ:2.05891 loss_pq_vm:0.01106 loss_pq_va:0.16130 loss_pv_va:0.18303
INFO|2024-09-25 19:40:57: Epoch[072/100], iter[235/392], loss_total:0.74957, loss_equ:2.11193 loss_pq_vm:0.01333 loss_pq_va:0.18822 loss_pv_va:0.21685
INFO|2024-09-25 19:41:29: Epoch[072/100], iter[274/392], loss_total:0.61876, loss_equ:1.92064 loss_pq_vm:0.01019 loss_pq_va:0.15157 loss_pv_va:0.17324
INFO|2024-09-25 19:42:01: Epoch[072/100], iter[313/392], loss_total:0.64610, loss_equ:1.97293 loss_pq_vm:0.01058 loss_pq_va:0.16172 loss_pv_va:0.18125
INFO|2024-09-25 19:42:33: Epoch[072/100], iter[352/392], loss_total:0.65149, loss_equ:1.95974 loss_pq_vm:0.01006 loss_pq_va:0.16659 loss_pv_va:0.18829
INFO|2024-09-25 19:43:06: Epoch[072/100], iter[392/392], loss_total:0.63549, loss_equ:1.94781 loss_pq_vm:0.01030 loss_pq_va:0.15717 loss_pv_va:0.18055
INFO|2024-09-25 19:44:21: Epoch 71/100, lr:  0.00018948, eta: 3.09h, train_loss:  0.66328, valid_loss:  0.88486
INFO|2024-09-25 19:44:21: 	Train: PQ_Vm_rmse: 0.00039592  PQ_Va_rmse: 0.00389514  PV_Va_rmse: 0.00430650  delta_p: 0.01774609  delta_q: 0.00414972  
INFO|2024-09-25 19:44:21: 	ZTest: PQ_Vm_rmse: 0.00129425  PQ_Va_rmse: 0.01204370  PV_Va_rmse: 0.01286627  delta_p: 0.02821677  delta_q: 0.00760983  
INFO|2024-09-25 19:44:21: 	ZTest-ema: PQ_Vm_rmse: 0.001329  PQ_Va_rmse: 0.012216  PV_Va_rmse: 0.013010  delta_p: 0.027558  delta_q: 0.006863  
INFO|2024-09-25 19:44:21: 	           ValOfEMA:0.013010/0.013010,  Epoch:72/72
INFO|2024-09-25 19:44:21: 	Time(ep):396s,  Val(curr/best):0.012866/0.012317,  Epoch(curr/best):72/58
INFO|2024-09-25 19:44:21: -------------------- Epoch: 73 --------------------
INFO|2024-09-25 19:44:55: Epoch[073/100], iter[040/392], loss_total:0.68114, loss_equ:2.02621 loss_pq_vm:0.01074 loss_pq_va:0.17404 loss_pv_va:0.19704
INFO|2024-09-25 19:45:26: Epoch[073/100], iter[079/392], loss_total:0.64099, loss_equ:1.98540 loss_pq_vm:0.01075 loss_pq_va:0.15720 loss_pv_va:0.17780
INFO|2024-09-25 19:45:58: Epoch[073/100], iter[118/392], loss_total:0.63580, loss_equ:1.97514 loss_pq_vm:0.00999 loss_pq_va:0.15834 loss_pv_va:0.18005
INFO|2024-09-25 19:46:30: Epoch[073/100], iter[157/392], loss_total:0.66899, loss_equ:2.11104 loss_pq_vm:0.01091 loss_pq_va:0.16277 loss_pv_va:0.18605
INFO|2024-09-25 19:47:02: Epoch[073/100], iter[196/392], loss_total:0.62897, loss_equ:1.96722 loss_pq_vm:0.01090 loss_pq_va:0.15049 loss_pv_va:0.17275
INFO|2024-09-25 19:47:34: Epoch[073/100], iter[235/392], loss_total:0.67178, loss_equ:1.94870 loss_pq_vm:0.01044 loss_pq_va:0.17533 loss_pv_va:0.19719
INFO|2024-09-25 19:48:06: Epoch[073/100], iter[274/392], loss_total:0.69656, loss_equ:2.04122 loss_pq_vm:0.01267 loss_pq_va:0.17337 loss_pv_va:0.19240
INFO|2024-09-25 19:48:38: Epoch[073/100], iter[313/392], loss_total:0.64349, loss_equ:1.98318 loss_pq_vm:0.01012 loss_pq_va:0.15896 loss_pv_va:0.18497
INFO|2024-09-25 19:49:10: Epoch[073/100], iter[352/392], loss_total:0.68238, loss_equ:2.04951 loss_pq_vm:0.01147 loss_pq_va:0.16970 loss_pv_va:0.19308
INFO|2024-09-25 19:49:43: Epoch[073/100], iter[392/392], loss_total:0.65816, loss_equ:2.00370 loss_pq_vm:0.01093 loss_pq_va:0.16317 loss_pv_va:0.18528
INFO|2024-09-25 19:50:58: Epoch 72/100, lr:  0.00017765, eta: 2.98h, train_loss:  0.65225, valid_loss:  0.89771
INFO|2024-09-25 19:50:58: 	Train: PQ_Vm_rmse: 0.00035504  PQ_Va_rmse: 0.00339813  PV_Va_rmse: 0.00374429  delta_p: 0.01664439  delta_q: 0.00394911  
INFO|2024-09-25 19:50:58: 	ZTest: PQ_Vm_rmse: 0.00132964  PQ_Va_rmse: 0.01263083  PV_Va_rmse: 0.01354636  delta_p: 0.03062204  delta_q: 0.00755038  
INFO|2024-09-25 19:50:58: 	ZTest-ema: PQ_Vm_rmse: 0.001329  PQ_Va_rmse: 0.012277  PV_Va_rmse: 0.013067  delta_p: 0.027366  delta_q: 0.006843  
INFO|2024-09-25 19:50:58: 	           ValOfEMA:0.013067/0.013010,  Epoch:73/72
INFO|2024-09-25 19:50:59: 	Time(ep):397s,  Val(curr/best):0.013546/0.012317,  Epoch(curr/best):73/58
INFO|2024-09-25 19:50:59: -------------------- Epoch: 74 --------------------
INFO|2024-09-25 19:51:33: Epoch[074/100], iter[040/392], loss_total:0.67787, loss_equ:2.07957 loss_pq_vm:0.01103 loss_pq_va:0.17004 loss_pv_va:0.18958
INFO|2024-09-25 19:52:05: Epoch[074/100], iter[079/392], loss_total:0.62726, loss_equ:1.92229 loss_pq_vm:0.01074 loss_pq_va:0.15491 loss_pv_va:0.17271
INFO|2024-09-25 19:52:37: Epoch[074/100], iter[118/392], loss_total:0.64015, loss_equ:1.98806 loss_pq_vm:0.01041 loss_pq_va:0.15850 loss_pv_va:0.17875
INFO|2024-09-25 19:53:08: Epoch[074/100], iter[157/392], loss_total:0.68559, loss_equ:2.18363 loss_pq_vm:0.01112 loss_pq_va:0.16675 loss_pv_va:0.18930
INFO|2024-09-25 19:53:40: Epoch[074/100], iter[196/392], loss_total:0.59662, loss_equ:1.93305 loss_pq_vm:0.00936 loss_pq_va:0.14393 loss_pv_va:0.16581
INFO|2024-09-25 19:54:11: Epoch[074/100], iter[235/392], loss_total:0.68328, loss_equ:2.04715 loss_pq_vm:0.01119 loss_pq_va:0.17291 loss_pv_va:0.19377
INFO|2024-09-25 19:54:43: Epoch[074/100], iter[274/392], loss_total:0.71280, loss_equ:2.09153 loss_pq_vm:0.01164 loss_pq_va:0.18059 loss_pv_va:0.20662
INFO|2024-09-25 19:55:15: Epoch[074/100], iter[313/392], loss_total:0.62402, loss_equ:1.94477 loss_pq_vm:0.01029 loss_pq_va:0.15424 loss_pv_va:0.17238
INFO|2024-09-25 19:55:47: Epoch[074/100], iter[352/392], loss_total:0.63265, loss_equ:2.00777 loss_pq_vm:0.01005 loss_pq_va:0.15559 loss_pv_va:0.17577
INFO|2024-09-25 19:56:19: Epoch[074/100], iter[392/392], loss_total:0.62927, loss_equ:1.98858 loss_pq_vm:0.01034 loss_pq_va:0.15407 loss_pv_va:0.17295
INFO|2024-09-25 19:57:35: Epoch 73/100, lr:  0.00016615, eta: 2.86h, train_loss:  0.65250, valid_loss:  0.88276
INFO|2024-09-25 19:57:35: 	Train: PQ_Vm_rmse: 0.00036193  PQ_Va_rmse: 0.00341275  PV_Va_rmse: 0.00369555  delta_p: 0.01767009  delta_q: 0.00407669  
INFO|2024-09-25 19:57:35: 	ZTest: PQ_Vm_rmse: 0.00132286  PQ_Va_rmse: 0.01226257  PV_Va_rmse: 0.01306276  delta_p: 0.02984068  delta_q: 0.00728776  
INFO|2024-09-25 19:57:35: 	ZTest-ema: PQ_Vm_rmse: 0.001324  PQ_Va_rmse: 0.012204  PV_Va_rmse: 0.012970  delta_p: 0.027201  delta_q: 0.006818  
INFO|2024-09-25 19:57:35: 	           ValOfEMA:0.012970/0.012970,  Epoch:74/74
INFO|2024-09-25 19:57:35: 	Time(ep):395s,  Val(curr/best):0.013063/0.012317,  Epoch(curr/best):74/58
INFO|2024-09-25 19:57:35: -------------------- Epoch: 75 --------------------
INFO|2024-09-25 19:58:09: Epoch[075/100], iter[040/392], loss_total:0.65078, loss_equ:1.99505 loss_pq_vm:0.01036 loss_pq_va:0.16378 loss_pv_va:0.18388
INFO|2024-09-25 19:58:41: Epoch[075/100], iter[079/392], loss_total:0.63892, loss_equ:1.99248 loss_pq_vm:0.01012 loss_pq_va:0.15762 loss_pv_va:0.18088
INFO|2024-09-25 19:59:14: Epoch[075/100], iter[118/392], loss_total:0.63755, loss_equ:1.97335 loss_pq_vm:0.01060 loss_pq_va:0.15714 loss_pv_va:0.17703
INFO|2024-09-25 19:59:45: Epoch[075/100], iter[157/392], loss_total:0.60555, loss_equ:1.95804 loss_pq_vm:0.00982 loss_pq_va:0.14397 loss_pv_va:0.16756
INFO|2024-09-25 20:00:17: Epoch[075/100], iter[196/392], loss_total:0.67180, loss_equ:2.02386 loss_pq_vm:0.01123 loss_pq_va:0.16679 loss_pv_va:0.19028
INFO|2024-09-25 20:00:50: Epoch[075/100], iter[235/392], loss_total:0.62097, loss_equ:1.98551 loss_pq_vm:0.00981 loss_pq_va:0.15082 loss_pv_va:0.17349
INFO|2024-09-25 20:01:22: Epoch[075/100], iter[274/392], loss_total:0.65887, loss_equ:2.01539 loss_pq_vm:0.01095 loss_pq_va:0.16248 loss_pv_va:0.18539
INFO|2024-09-25 20:01:54: Epoch[075/100], iter[313/392], loss_total:0.65015, loss_equ:2.03261 loss_pq_vm:0.01039 loss_pq_va:0.16215 loss_pv_va:0.18086
INFO|2024-09-25 20:02:26: Epoch[075/100], iter[352/392], loss_total:0.62976, loss_equ:2.00742 loss_pq_vm:0.01019 loss_pq_va:0.15229 loss_pv_va:0.17484
INFO|2024-09-25 20:02:59: Epoch[075/100], iter[392/392], loss_total:0.60507, loss_equ:1.98278 loss_pq_vm:0.00920 loss_pq_va:0.14645 loss_pv_va:0.16832
INFO|2024-09-25 20:04:14: Epoch 74/100, lr:  0.00015498, eta: 2.77h, train_loss:  0.64382, valid_loss:  0.90212
INFO|2024-09-25 20:04:14: 	Train: PQ_Vm_rmse: 0.00033532  PQ_Va_rmse: 0.00323428  PV_Va_rmse: 0.00352832  delta_p: 0.01584316  delta_q: 0.00377051  
INFO|2024-09-25 20:04:14: 	ZTest: PQ_Vm_rmse: 0.00137886  PQ_Va_rmse: 0.01217149  PV_Va_rmse: 0.01291899  delta_p: 0.02896908  delta_q: 0.00749224  
INFO|2024-09-25 20:04:14: 	ZTest-ema: PQ_Vm_rmse: 0.001318  PQ_Va_rmse: 0.012046  PV_Va_rmse: 0.012813  delta_p: 0.027319  delta_q: 0.006877  
INFO|2024-09-25 20:04:14: 	           ValOfEMA:0.012813/0.012813,  Epoch:75/75
INFO|2024-09-25 20:04:15: 	Time(ep):398s,  Val(curr/best):0.012919/0.012317,  Epoch(curr/best):75/58
INFO|2024-09-25 20:04:15: -------------------- Epoch: 76 --------------------
INFO|2024-09-25 20:04:50: Epoch[076/100], iter[040/392], loss_total:0.62410, loss_equ:1.93291 loss_pq_vm:0.01028 loss_pq_va:0.15462 loss_pv_va:0.17334
INFO|2024-09-25 20:05:21: Epoch[076/100], iter[079/392], loss_total:0.61460, loss_equ:1.96222 loss_pq_vm:0.00978 loss_pq_va:0.15139 loss_pv_va:0.16917
INFO|2024-09-25 20:05:54: Epoch[076/100], iter[118/392], loss_total:0.64069, loss_equ:2.03110 loss_pq_vm:0.01051 loss_pq_va:0.15538 loss_pv_va:0.17713
INFO|2024-09-25 20:06:26: Epoch[076/100], iter[157/392], loss_total:0.65292, loss_equ:2.06080 loss_pq_vm:0.01056 loss_pq_va:0.16035 loss_pv_va:0.18091
INFO|2024-09-25 20:06:57: Epoch[076/100], iter[196/392], loss_total:0.63882, loss_equ:2.00570 loss_pq_vm:0.01032 loss_pq_va:0.15697 loss_pv_va:0.17803
INFO|2024-09-25 20:07:29: Epoch[076/100], iter[235/392], loss_total:0.61587, loss_equ:1.94929 loss_pq_vm:0.00997 loss_pq_va:0.15048 loss_pv_va:0.17076
INFO|2024-09-25 20:08:02: Epoch[076/100], iter[274/392], loss_total:0.65030, loss_equ:1.97892 loss_pq_vm:0.01045 loss_pq_va:0.16245 loss_pv_va:0.18541
INFO|2024-09-25 20:08:34: Epoch[076/100], iter[313/392], loss_total:0.61639, loss_equ:1.99795 loss_pq_vm:0.00980 loss_pq_va:0.14862 loss_pv_va:0.16997
INFO|2024-09-25 20:09:06: Epoch[076/100], iter[352/392], loss_total:0.60007, loss_equ:1.88722 loss_pq_vm:0.01008 loss_pq_va:0.14473 loss_pv_va:0.16583
INFO|2024-09-25 20:09:39: Epoch[076/100], iter[392/392], loss_total:0.65658, loss_equ:2.00253 loss_pq_vm:0.01177 loss_pq_va:0.15774 loss_pv_va:0.18093
INFO|2024-09-25 20:10:55: Epoch 75/100, lr:  0.00014416, eta: 2.66h, train_loss:  0.63472, valid_loss:  0.89678
INFO|2024-09-25 20:10:55: 	Train: PQ_Vm_rmse: 0.00032154  PQ_Va_rmse: 0.00295941  PV_Va_rmse: 0.00320358  delta_p: 0.01493132  delta_q: 0.00356540  
INFO|2024-09-25 20:10:55: 	ZTest: PQ_Vm_rmse: 0.00137565  PQ_Va_rmse: 0.01208489  PV_Va_rmse: 0.01284573  delta_p: 0.02615140  delta_q: 0.00678795  
INFO|2024-09-25 20:10:55: 	ZTest-ema: PQ_Vm_rmse: 0.001325  PQ_Va_rmse: 0.012129  PV_Va_rmse: 0.012912  delta_p: 0.026518  delta_q: 0.006755  
INFO|2024-09-25 20:10:55: 	           ValOfEMA:0.012912/0.012813,  Epoch:76/75
INFO|2024-09-25 20:10:56: 	Time(ep):399s,  Val(curr/best):0.012846/0.012317,  Epoch(curr/best):76/58
INFO|2024-09-25 20:10:56: -------------------- Epoch: 77 --------------------
INFO|2024-09-25 20:11:30: Epoch[077/100], iter[040/392], loss_total:0.60859, loss_equ:1.91850 loss_pq_vm:0.01016 loss_pq_va:0.14687 loss_pv_va:0.16825
INFO|2024-09-25 20:12:02: Epoch[077/100], iter[079/392], loss_total:0.65252, loss_equ:1.96549 loss_pq_vm:0.01098 loss_pq_va:0.16269 loss_pv_va:0.18344
INFO|2024-09-25 20:12:35: Epoch[077/100], iter[118/392], loss_total:0.61904, loss_equ:1.95902 loss_pq_vm:0.00989 loss_pq_va:0.15091 loss_pv_va:0.17332
INFO|2024-09-25 20:13:07: Epoch[077/100], iter[157/392], loss_total:0.62994, loss_equ:1.94994 loss_pq_vm:0.01003 loss_pq_va:0.15650 loss_pv_va:0.17817
INFO|2024-09-25 20:13:39: Epoch[077/100], iter[196/392], loss_total:0.64754, loss_equ:1.97190 loss_pq_vm:0.01074 loss_pq_va:0.16103 loss_pv_va:0.18190
INFO|2024-09-25 20:14:11: Epoch[077/100], iter[235/392], loss_total:0.66561, loss_equ:2.02730 loss_pq_vm:0.01108 loss_pq_va:0.16627 loss_pv_va:0.18576
INFO|2024-09-25 20:14:43: Epoch[077/100], iter[274/392], loss_total:0.64052, loss_equ:1.94425 loss_pq_vm:0.01016 loss_pq_va:0.16088 loss_pv_va:0.18358
INFO|2024-09-25 20:15:14: Epoch[077/100], iter[313/392], loss_total:0.65837, loss_equ:2.03556 loss_pq_vm:0.01104 loss_pq_va:0.16119 loss_pv_va:0.18323
INFO|2024-09-25 20:15:46: Epoch[077/100], iter[352/392], loss_total:0.67687, loss_equ:1.99376 loss_pq_vm:0.01079 loss_pq_va:0.17426 loss_pv_va:0.19531
INFO|2024-09-25 20:16:18: Epoch[077/100], iter[392/392], loss_total:0.65340, loss_equ:1.96369 loss_pq_vm:0.01097 loss_pq_va:0.16266 loss_pv_va:0.18470
INFO|2024-09-25 20:17:33: Epoch 76/100, lr:  0.00013370, eta: 2.53h, train_loss:  0.64311, valid_loss:  0.87286
INFO|2024-09-25 20:17:33: 	Train: PQ_Vm_rmse: 0.00035517  PQ_Va_rmse: 0.00343112  PV_Va_rmse: 0.00376572  delta_p: 0.01549472  delta_q: 0.00387131  
INFO|2024-09-25 20:17:33: 	ZTest: PQ_Vm_rmse: 0.00126082  PQ_Va_rmse: 0.01181666  PV_Va_rmse: 0.01269476  delta_p: 0.03124295  delta_q: 0.00781560  
INFO|2024-09-25 20:17:33: 	ZTest-ema: PQ_Vm_rmse: 0.001299  PQ_Va_rmse: 0.012010  PV_Va_rmse: 0.012808  delta_p: 0.029027  delta_q: 0.007401  
INFO|2024-09-25 20:17:33: 	           ValOfEMA:0.012808/0.012808,  Epoch:77/77
INFO|2024-09-25 20:17:33: 	Time(ep):396s,  Val(curr/best):0.012695/0.012317,  Epoch(curr/best):77/58
INFO|2024-09-25 20:17:33: -------------------- Epoch: 78 --------------------
INFO|2024-09-25 20:18:07: Epoch[078/100], iter[040/392], loss_total:0.63374, loss_equ:1.98676 loss_pq_vm:0.01047 loss_pq_va:0.15537 loss_pv_va:0.17499
INFO|2024-09-25 20:18:38: Epoch[078/100], iter[079/392], loss_total:0.68255, loss_equ:2.07497 loss_pq_vm:0.01151 loss_pq_va:0.16938 loss_pv_va:0.19056
INFO|2024-09-25 20:19:10: Epoch[078/100], iter[118/392], loss_total:0.63363, loss_equ:1.93189 loss_pq_vm:0.00974 loss_pq_va:0.16091 loss_pv_va:0.18218
INFO|2024-09-25 20:19:42: Epoch[078/100], iter[157/392], loss_total:0.62495, loss_equ:1.93211 loss_pq_vm:0.01036 loss_pq_va:0.15315 loss_pv_va:0.17498
INFO|2024-09-25 20:20:14: Epoch[078/100], iter[196/392], loss_total:0.65003, loss_equ:2.00153 loss_pq_vm:0.01071 loss_pq_va:0.16035 loss_pv_va:0.18241
INFO|2024-09-25 20:20:45: Epoch[078/100], iter[235/392], loss_total:0.67622, loss_equ:1.95949 loss_pq_vm:0.01106 loss_pq_va:0.17476 loss_pv_va:0.19489
INFO|2024-09-25 20:21:17: Epoch[078/100], iter[274/392], loss_total:0.78572, loss_equ:2.06942 loss_pq_vm:0.01253 loss_pq_va:0.21296 loss_pv_va:0.24050
INFO|2024-09-25 20:21:48: Epoch[078/100], iter[313/392], loss_total:0.62655, loss_equ:1.95236 loss_pq_vm:0.00996 loss_pq_va:0.15592 loss_pv_va:0.17574
INFO|2024-09-25 20:22:20: Epoch[078/100], iter[352/392], loss_total:0.65495, loss_equ:2.06465 loss_pq_vm:0.01101 loss_pq_va:0.15842 loss_pv_va:0.17996
INFO|2024-09-25 20:22:53: Epoch[078/100], iter[392/392], loss_total:0.63968, loss_equ:1.96165 loss_pq_vm:0.01125 loss_pq_va:0.15549 loss_pv_va:0.17553
INFO|2024-09-25 20:24:09: Epoch 77/100, lr:  0.00012360, eta: 2.42h, train_loss:  0.63911, valid_loss:  0.89191
INFO|2024-09-25 20:24:09: 	Train: PQ_Vm_rmse: 0.00034563  PQ_Va_rmse: 0.00327323  PV_Va_rmse: 0.00358213  delta_p: 0.01538094  delta_q: 0.00377765  
INFO|2024-09-25 20:24:09: 	ZTest: PQ_Vm_rmse: 0.00136298  PQ_Va_rmse: 0.01254764  PV_Va_rmse: 0.01333449  delta_p: 0.03233439  delta_q: 0.00775768  
INFO|2024-09-25 20:24:09: 	ZTest-ema: PQ_Vm_rmse: 0.001323  PQ_Va_rmse: 0.012144  PV_Va_rmse: 0.012932  delta_p: 0.028312  delta_q: 0.007157  
INFO|2024-09-25 20:24:09: 	           ValOfEMA:0.012932/0.012808,  Epoch:78/77
INFO|2024-09-25 20:24:09: 	Time(ep):395s,  Val(curr/best):0.013334/0.012317,  Epoch(curr/best):78/58
INFO|2024-09-25 20:24:09: -------------------- Epoch: 79 --------------------
INFO|2024-09-25 20:24:44: Epoch[079/100], iter[040/392], loss_total:0.63032, loss_equ:1.92528 loss_pq_vm:0.01053 loss_pq_va:0.15425 loss_pv_va:0.17823
INFO|2024-09-25 20:25:16: Epoch[079/100], iter[079/392], loss_total:0.61643, loss_equ:1.93711 loss_pq_vm:0.00998 loss_pq_va:0.15051 loss_pv_va:0.17245
INFO|2024-09-25 20:25:48: Epoch[079/100], iter[118/392], loss_total:0.62565, loss_equ:1.97527 loss_pq_vm:0.00951 loss_pq_va:0.15495 loss_pv_va:0.17810
INFO|2024-09-25 20:26:20: Epoch[079/100], iter[157/392], loss_total:0.63438, loss_equ:1.97012 loss_pq_vm:0.01092 loss_pq_va:0.15416 loss_pv_va:0.17399
INFO|2024-09-25 20:26:52: Epoch[079/100], iter[196/392], loss_total:0.59753, loss_equ:1.89879 loss_pq_vm:0.00975 loss_pq_va:0.14454 loss_pv_va:0.16566
INFO|2024-09-25 20:27:23: Epoch[079/100], iter[235/392], loss_total:0.64109, loss_equ:1.94731 loss_pq_vm:0.01030 loss_pq_va:0.16077 loss_pv_va:0.18262
INFO|2024-09-25 20:27:54: Epoch[079/100], iter[274/392], loss_total:0.65318, loss_equ:2.02709 loss_pq_vm:0.01070 loss_pq_va:0.16139 loss_pv_va:0.18209
INFO|2024-09-25 20:28:26: Epoch[079/100], iter[313/392], loss_total:0.61275, loss_equ:1.93677 loss_pq_vm:0.01007 loss_pq_va:0.14870 loss_pv_va:0.16969
INFO|2024-09-25 20:28:58: Epoch[079/100], iter[352/392], loss_total:0.62988, loss_equ:1.89942 loss_pq_vm:0.01065 loss_pq_va:0.15650 loss_pv_va:0.17697
INFO|2024-09-25 20:29:31: Epoch[079/100], iter[392/392], loss_total:0.61679, loss_equ:1.99195 loss_pq_vm:0.00971 loss_pq_va:0.14954 loss_pv_va:0.17096
INFO|2024-09-25 20:30:46: Epoch 78/100, lr:  0.00011387, eta: 2.32h, train_loss:  0.63241, valid_loss:  0.87395
INFO|2024-09-25 20:30:46: 	Train: PQ_Vm_rmse: 0.00032892  PQ_Va_rmse: 0.00303529  PV_Va_rmse: 0.00330230  delta_p: 0.01468895  delta_q: 0.00362418  
INFO|2024-09-25 20:30:46: 	ZTest: PQ_Vm_rmse: 0.00132063  PQ_Va_rmse: 0.01174456  PV_Va_rmse: 0.01247384  delta_p: 0.02616089  delta_q: 0.00664389  
INFO|2024-09-25 20:30:46: 	ZTest-ema: PQ_Vm_rmse: 0.001327  PQ_Va_rmse: 0.012142  PV_Va_rmse: 0.012906  delta_p: 0.027026  delta_q: 0.006844  
INFO|2024-09-25 20:30:46: 	           ValOfEMA:0.012906/0.012808,  Epoch:79/77
INFO|2024-09-25 20:30:46: 	Time(ep):397s,  Val(curr/best):0.012474/0.012317,  Epoch(curr/best):79/58
INFO|2024-09-25 20:30:46: -------------------- Epoch: 80 --------------------
INFO|2024-09-25 20:31:21: Epoch[080/100], iter[040/392], loss_total:0.62086, loss_equ:1.94199 loss_pq_vm:0.01020 loss_pq_va:0.15179 loss_pv_va:0.17287
INFO|2024-09-25 20:31:53: Epoch[080/100], iter[079/392], loss_total:0.61047, loss_equ:1.93080 loss_pq_vm:0.00975 loss_pq_va:0.15052 loss_pv_va:0.16938
INFO|2024-09-25 20:32:25: Epoch[080/100], iter[118/392], loss_total:0.61480, loss_equ:1.95244 loss_pq_vm:0.00972 loss_pq_va:0.15043 loss_pv_va:0.17190
INFO|2024-09-25 20:32:56: Epoch[080/100], iter[157/392], loss_total:0.61025, loss_equ:1.89896 loss_pq_vm:0.01009 loss_pq_va:0.15042 loss_pv_va:0.16909
INFO|2024-09-25 20:33:28: Epoch[080/100], iter[196/392], loss_total:0.63096, loss_equ:2.00272 loss_pq_vm:0.01034 loss_pq_va:0.15338 loss_pv_va:0.17386
INFO|2024-09-25 20:34:00: Epoch[080/100], iter[235/392], loss_total:0.64416, loss_equ:1.96353 loss_pq_vm:0.01046 loss_pq_va:0.16038 loss_pv_va:0.18284
INFO|2024-09-25 20:34:32: Epoch[080/100], iter[274/392], loss_total:0.60800, loss_equ:1.92284 loss_pq_vm:0.00939 loss_pq_va:0.15036 loss_pv_va:0.17146
INFO|2024-09-25 20:35:04: Epoch[080/100], iter[313/392], loss_total:0.62235, loss_equ:1.93870 loss_pq_vm:0.00998 loss_pq_va:0.15472 loss_pv_va:0.17397
INFO|2024-09-25 20:35:35: Epoch[080/100], iter[352/392], loss_total:0.60834, loss_equ:1.91910 loss_pq_vm:0.01002 loss_pq_va:0.14856 loss_pv_va:0.16766
INFO|2024-09-25 20:36:08: Epoch[080/100], iter[392/392], loss_total:0.64099, loss_equ:1.96401 loss_pq_vm:0.01065 loss_pq_va:0.15868 loss_pv_va:0.17943
INFO|2024-09-25 20:37:23: Epoch 79/100, lr:  0.00010454, eta: 2.21h, train_loss:  0.62737, valid_loss:  0.87948
INFO|2024-09-25 20:37:23: 	Train: PQ_Vm_rmse: 0.00031646  PQ_Va_rmse: 0.00299877  PV_Va_rmse: 0.00326559  delta_p: 0.01413751  delta_q: 0.00341487  
INFO|2024-09-25 20:37:23: 	ZTest: PQ_Vm_rmse: 0.00131477  PQ_Va_rmse: 0.01206269  PV_Va_rmse: 0.01283980  delta_p: 0.02788671  delta_q: 0.00716992  
INFO|2024-09-25 20:37:23: 	ZTest-ema: PQ_Vm_rmse: 0.001317  PQ_Va_rmse: 0.012013  PV_Va_rmse: 0.012775  delta_p: 0.027085  delta_q: 0.006806  
INFO|2024-09-25 20:37:23: 	           ValOfEMA:0.012775/0.012775,  Epoch:80/80
INFO|2024-09-25 20:37:24: 	Time(ep):396s,  Val(curr/best):0.012840/0.012317,  Epoch(curr/best):80/58
INFO|2024-09-25 20:37:24: -------------------- Epoch: 81 --------------------
INFO|2024-09-25 20:37:58: Epoch[081/100], iter[040/392], loss_total:0.61676, loss_equ:1.90268 loss_pq_vm:0.00992 loss_pq_va:0.15342 loss_pv_va:0.17388
INFO|2024-09-25 20:38:30: Epoch[081/100], iter[079/392], loss_total:0.61935, loss_equ:1.94584 loss_pq_vm:0.01024 loss_pq_va:0.14985 loss_pv_va:0.17250
INFO|2024-09-25 20:39:03: Epoch[081/100], iter[118/392], loss_total:0.61674, loss_equ:1.95828 loss_pq_vm:0.01043 loss_pq_va:0.14807 loss_pv_va:0.16857
INFO|2024-09-25 20:39:35: Epoch[081/100], iter[157/392], loss_total:0.65956, loss_equ:2.00381 loss_pq_vm:0.01120 loss_pq_va:0.16308 loss_pv_va:0.18409
INFO|2024-09-25 20:40:06: Epoch[081/100], iter[196/392], loss_total:0.63780, loss_equ:1.94218 loss_pq_vm:0.01101 loss_pq_va:0.15641 loss_pv_va:0.17702
INFO|2024-09-25 20:40:38: Epoch[081/100], iter[235/392], loss_total:0.60662, loss_equ:1.90505 loss_pq_vm:0.00990 loss_pq_va:0.14819 loss_pv_va:0.16897
INFO|2024-09-25 20:41:10: Epoch[081/100], iter[274/392], loss_total:0.63597, loss_equ:1.97316 loss_pq_vm:0.01018 loss_pq_va:0.15741 loss_pv_va:0.17943
INFO|2024-09-25 20:41:42: Epoch[081/100], iter[313/392], loss_total:0.60806, loss_equ:1.94474 loss_pq_vm:0.00984 loss_pq_va:0.14682 loss_pv_va:0.16838
INFO|2024-09-25 20:42:14: Epoch[081/100], iter[352/392], loss_total:0.60979, loss_equ:1.92453 loss_pq_vm:0.01005 loss_pq_va:0.14784 loss_pv_va:0.16904
INFO|2024-09-25 20:42:47: Epoch[081/100], iter[392/392], loss_total:0.61248, loss_equ:1.94348 loss_pq_vm:0.01009 loss_pq_va:0.14845 loss_pv_va:0.16877
INFO|2024-09-25 20:44:03: Epoch 80/100, lr:  0.00009560, eta: 2.1h, train_loss:  0.62449, valid_loss:  0.88884
INFO|2024-09-25 20:44:03: 	Train: PQ_Vm_rmse: 0.00031069  PQ_Va_rmse: 0.00290956  PV_Va_rmse: 0.00317141  delta_p: 0.01412403  delta_q: 0.00338195  
INFO|2024-09-25 20:44:03: 	ZTest: PQ_Vm_rmse: 0.00134103  PQ_Va_rmse: 0.01223632  PV_Va_rmse: 0.01296268  delta_p: 0.02850796  delta_q: 0.00714055  
INFO|2024-09-25 20:44:03: 	ZTest-ema: PQ_Vm_rmse: 0.001320  PQ_Va_rmse: 0.011935  PV_Va_rmse: 0.012711  delta_p: 0.027147  delta_q: 0.006829  
INFO|2024-09-25 20:44:03: 	           ValOfEMA:0.012711/0.012711,  Epoch:81/81
INFO|2024-09-25 20:44:04: 	Time(ep):398s,  Val(curr/best):0.012963/0.012317,  Epoch(curr/best):81/58
INFO|2024-09-25 20:44:04: -------------------- Epoch: 82 --------------------
INFO|2024-09-25 20:44:38: Epoch[082/100], iter[040/392], loss_total:0.62618, loss_equ:1.97528 loss_pq_vm:0.01028 loss_pq_va:0.15347 loss_pv_va:0.17234
INFO|2024-09-25 20:45:10: Epoch[082/100], iter[079/392], loss_total:0.59545, loss_equ:1.89939 loss_pq_vm:0.00946 loss_pq_va:0.14556 loss_pv_va:0.16536
INFO|2024-09-25 20:45:42: Epoch[082/100], iter[118/392], loss_total:0.67679, loss_equ:1.99127 loss_pq_vm:0.01078 loss_pq_va:0.17293 loss_pv_va:0.19693
INFO|2024-09-25 20:46:13: Epoch[082/100], iter[157/392], loss_total:0.60378, loss_equ:1.96697 loss_pq_vm:0.00945 loss_pq_va:0.14685 loss_pv_va:0.16571
INFO|2024-09-25 20:46:45: Epoch[082/100], iter[196/392], loss_total:0.61953, loss_equ:1.91800 loss_pq_vm:0.00995 loss_pq_va:0.15363 loss_pv_va:0.17463
INFO|2024-09-25 20:47:17: Epoch[082/100], iter[235/392], loss_total:0.60224, loss_equ:1.92761 loss_pq_vm:0.00952 loss_pq_va:0.14698 loss_pv_va:0.16729
INFO|2024-09-25 20:47:48: Epoch[082/100], iter[274/392], loss_total:0.56451, loss_equ:1.85391 loss_pq_vm:0.00887 loss_pq_va:0.13393 loss_pv_va:0.15650
INFO|2024-09-25 20:48:21: Epoch[082/100], iter[313/392], loss_total:0.61230, loss_equ:1.91520 loss_pq_vm:0.00999 loss_pq_va:0.15030 loss_pv_va:0.17055
INFO|2024-09-25 20:48:52: Epoch[082/100], iter[352/392], loss_total:0.61843, loss_equ:1.95686 loss_pq_vm:0.00984 loss_pq_va:0.15267 loss_pv_va:0.17164
INFO|2024-09-25 20:49:25: Epoch[082/100], iter[392/392], loss_total:0.63019, loss_equ:1.93406 loss_pq_vm:0.01096 loss_pq_va:0.15415 loss_pv_va:0.17305
INFO|2024-09-25 20:50:41: Epoch 81/100, lr:  0.00008706, eta: 1.99h, train_loss:  0.62678, valid_loss:  0.87786
INFO|2024-09-25 20:50:41: 	Train: PQ_Vm_rmse: 0.00032208  PQ_Va_rmse: 0.00308286  PV_Va_rmse: 0.00337613  delta_p: 0.01462735  delta_q: 0.00347625  
INFO|2024-09-25 20:50:41: 	ZTest: PQ_Vm_rmse: 0.00130151  PQ_Va_rmse: 0.01217599  PV_Va_rmse: 0.01297562  delta_p: 0.02750776  delta_q: 0.00692889  
INFO|2024-09-25 20:50:41: 	ZTest-ema: PQ_Vm_rmse: 0.001322  PQ_Va_rmse: 0.012003  PV_Va_rmse: 0.012801  delta_p: 0.026452  delta_q: 0.006663  
INFO|2024-09-25 20:50:41: 	           ValOfEMA:0.012801/0.012711,  Epoch:82/81
INFO|2024-09-25 20:50:42: 	Time(ep):397s,  Val(curr/best):0.012976/0.012317,  Epoch(curr/best):82/58
INFO|2024-09-25 20:50:42: -------------------- Epoch: 83 --------------------
INFO|2024-09-25 20:51:16: Epoch[083/100], iter[040/392], loss_total:0.63645, loss_equ:1.95921 loss_pq_vm:0.01035 loss_pq_va:0.15788 loss_pv_va:0.17915
INFO|2024-09-25 20:51:47: Epoch[083/100], iter[079/392], loss_total:0.61827, loss_equ:1.93502 loss_pq_vm:0.00981 loss_pq_va:0.15270 loss_pv_va:0.17400
INFO|2024-09-25 20:52:19: Epoch[083/100], iter[118/392], loss_total:0.61972, loss_equ:1.93447 loss_pq_vm:0.00991 loss_pq_va:0.15342 loss_pv_va:0.17372
INFO|2024-09-25 20:52:51: Epoch[083/100], iter[157/392], loss_total:0.59630, loss_equ:1.87775 loss_pq_vm:0.00896 loss_pq_va:0.14884 loss_pv_va:0.17012
INFO|2024-09-25 20:53:23: Epoch[083/100], iter[196/392], loss_total:0.63766, loss_equ:1.93801 loss_pq_vm:0.01026 loss_pq_va:0.15954 loss_pv_va:0.18173
INFO|2024-09-25 20:53:55: Epoch[083/100], iter[235/392], loss_total:0.66822, loss_equ:2.00197 loss_pq_vm:0.01116 loss_pq_va:0.16657 loss_pv_va:0.18989
INFO|2024-09-25 20:54:27: Epoch[083/100], iter[274/392], loss_total:0.64897, loss_equ:1.96441 loss_pq_vm:0.01034 loss_pq_va:0.16381 loss_pv_va:0.18534
INFO|2024-09-25 20:54:58: Epoch[083/100], iter[313/392], loss_total:0.64506, loss_equ:1.99241 loss_pq_vm:0.01048 loss_pq_va:0.16053 loss_pv_va:0.18045
INFO|2024-09-25 20:55:30: Epoch[083/100], iter[352/392], loss_total:0.65400, loss_equ:1.97885 loss_pq_vm:0.01059 loss_pq_va:0.16404 loss_pv_va:0.18622
INFO|2024-09-25 20:56:03: Epoch[083/100], iter[392/392], loss_total:0.59163, loss_equ:1.93046 loss_pq_vm:0.00924 loss_pq_va:0.14288 loss_pv_va:0.16330
INFO|2024-09-25 20:57:18: Epoch 82/100, lr:  0.00007893, eta: 1.87h, train_loss:  0.61780, valid_loss:  0.87464
INFO|2024-09-25 20:57:18: 	Train: PQ_Vm_rmse: 0.00029251  PQ_Va_rmse: 0.00279930  PV_Va_rmse: 0.00307103  delta_p: 0.01288839  delta_q: 0.00315216  
INFO|2024-09-25 20:57:18: 	ZTest: PQ_Vm_rmse: 0.00135488  PQ_Va_rmse: 0.01221901  PV_Va_rmse: 0.01303737  delta_p: 0.02745887  delta_q: 0.00697109  
INFO|2024-09-25 20:57:18: 	ZTest-ema: PQ_Vm_rmse: 0.001310  PQ_Va_rmse: 0.011881  PV_Va_rmse: 0.012671  delta_p: 0.026578  delta_q: 0.006677  
INFO|2024-09-25 20:57:18: 	           ValOfEMA:0.012671/0.012671,  Epoch:83/83
INFO|2024-09-25 20:57:18: 	Time(ep):396s,  Val(curr/best):0.013037/0.012317,  Epoch(curr/best):83/58
INFO|2024-09-25 20:57:18: -------------------- Epoch: 84 --------------------
INFO|2024-09-25 20:57:52: Epoch[084/100], iter[040/392], loss_total:0.61484, loss_equ:1.95079 loss_pq_vm:0.00997 loss_pq_va:0.15097 loss_pv_va:0.16905
INFO|2024-09-25 20:58:24: Epoch[084/100], iter[079/392], loss_total:0.63939, loss_equ:1.98067 loss_pq_vm:0.01055 loss_pq_va:0.15784 loss_pv_va:0.17796
INFO|2024-09-25 20:58:56: Epoch[084/100], iter[118/392], loss_total:0.60109, loss_equ:1.91697 loss_pq_vm:0.00990 loss_pq_va:0.14577 loss_pv_va:0.16462
INFO|2024-09-25 20:59:27: Epoch[084/100], iter[157/392], loss_total:0.60969, loss_equ:1.90198 loss_pq_vm:0.01032 loss_pq_va:0.14775 loss_pv_va:0.16857
INFO|2024-09-25 20:59:59: Epoch[084/100], iter[196/392], loss_total:0.62934, loss_equ:1.95693 loss_pq_vm:0.01009 loss_pq_va:0.15590 loss_pv_va:0.17685
INFO|2024-09-25 21:00:31: Epoch[084/100], iter[235/392], loss_total:0.64128, loss_equ:1.97616 loss_pq_vm:0.01054 loss_pq_va:0.15740 loss_pv_va:0.18087
INFO|2024-09-25 21:01:03: Epoch[084/100], iter[274/392], loss_total:0.60178, loss_equ:1.92875 loss_pq_vm:0.00956 loss_pq_va:0.14656 loss_pv_va:0.16675
INFO|2024-09-25 21:01:35: Epoch[084/100], iter[313/392], loss_total:0.60820, loss_equ:1.92995 loss_pq_vm:0.00972 loss_pq_va:0.14879 loss_pv_va:0.16919
INFO|2024-09-25 21:02:06: Epoch[084/100], iter[352/392], loss_total:0.60831, loss_equ:1.97525 loss_pq_vm:0.00944 loss_pq_va:0.14743 loss_pv_va:0.16891
INFO|2024-09-25 21:02:39: Epoch[084/100], iter[392/392], loss_total:0.62986, loss_equ:2.00741 loss_pq_vm:0.01037 loss_pq_va:0.15256 loss_pv_va:0.17282
INFO|2024-09-25 21:03:54: Epoch 83/100, lr:  0.00007123, eta: 1.76h, train_loss:  0.61755, valid_loss:  0.87402
INFO|2024-09-25 21:03:54: 	Train: PQ_Vm_rmse: 0.00029559  PQ_Va_rmse: 0.00271776  PV_Va_rmse: 0.00295695  delta_p: 0.01357467  delta_q: 0.00332780  
INFO|2024-09-25 21:03:54: 	ZTest: PQ_Vm_rmse: 0.00131596  PQ_Va_rmse: 0.01225881  PV_Va_rmse: 0.01313338  delta_p: 0.02939108  delta_q: 0.00728254  
INFO|2024-09-25 21:03:54: 	ZTest-ema: PQ_Vm_rmse: 0.001311  PQ_Va_rmse: 0.011806  PV_Va_rmse: 0.012582  delta_p: 0.026912  delta_q: 0.006747  
INFO|2024-09-25 21:03:54: 	           ValOfEMA:0.012582/0.012582,  Epoch:84/84
INFO|2024-09-25 21:03:55: 	Time(ep):396s,  Val(curr/best):0.013133/0.012317,  Epoch(curr/best):84/58
INFO|2024-09-25 21:03:55: -------------------- Epoch: 85 --------------------
INFO|2024-09-25 21:04:29: Epoch[085/100], iter[040/392], loss_total:0.61537, loss_equ:1.96253 loss_pq_vm:0.00999 loss_pq_va:0.14871 loss_pv_va:0.17055
INFO|2024-09-25 21:05:01: Epoch[085/100], iter[079/392], loss_total:0.59439, loss_equ:1.91876 loss_pq_vm:0.00960 loss_pq_va:0.14204 loss_pv_va:0.16451
INFO|2024-09-25 21:05:33: Epoch[085/100], iter[118/392], loss_total:0.63172, loss_equ:1.94584 loss_pq_vm:0.01035 loss_pq_va:0.15731 loss_pv_va:0.17628
INFO|2024-09-25 21:06:05: Epoch[085/100], iter[157/392], loss_total:0.61916, loss_equ:1.95905 loss_pq_vm:0.01033 loss_pq_va:0.14958 loss_pv_va:0.17037
INFO|2024-09-25 21:06:37: Epoch[085/100], iter[196/392], loss_total:0.60154, loss_equ:1.92103 loss_pq_vm:0.00977 loss_pq_va:0.14571 loss_pv_va:0.16605
INFO|2024-09-25 21:07:09: Epoch[085/100], iter[235/392], loss_total:0.60958, loss_equ:1.92171 loss_pq_vm:0.00962 loss_pq_va:0.15077 loss_pv_va:0.17044
INFO|2024-09-25 21:07:41: Epoch[085/100], iter[274/392], loss_total:0.59795, loss_equ:1.93042 loss_pq_vm:0.00974 loss_pq_va:0.14364 loss_pv_va:0.16388
INFO|2024-09-25 21:08:12: Epoch[085/100], iter[313/392], loss_total:0.60815, loss_equ:1.94680 loss_pq_vm:0.00975 loss_pq_va:0.14673 loss_pv_va:0.16921
INFO|2024-09-25 21:08:44: Epoch[085/100], iter[352/392], loss_total:0.61462, loss_equ:1.94977 loss_pq_vm:0.00989 loss_pq_va:0.14892 loss_pv_va:0.17178
INFO|2024-09-25 21:09:17: Epoch[085/100], iter[392/392], loss_total:0.62884, loss_equ:1.97214 loss_pq_vm:0.01034 loss_pq_va:0.15410 loss_pv_va:0.17409
INFO|2024-09-25 21:10:33: Epoch 84/100, lr:  0.00006395, eta: 1.66h, train_loss:  0.61412, valid_loss:  0.87268
INFO|2024-09-25 21:10:33: 	Train: PQ_Vm_rmse: 0.00028442  PQ_Va_rmse: 0.00267483  PV_Va_rmse: 0.00291300  delta_p: 0.01280151  delta_q: 0.00312681  
INFO|2024-09-25 21:10:33: 	ZTest: PQ_Vm_rmse: 0.00132011  PQ_Va_rmse: 0.01205598  PV_Va_rmse: 0.01287441  delta_p: 0.02830836  delta_q: 0.00700795  
INFO|2024-09-25 21:10:33: 	ZTest-ema: PQ_Vm_rmse: 0.001314  PQ_Va_rmse: 0.012054  PV_Va_rmse: 0.012842  delta_p: 0.027053  delta_q: 0.006796  
INFO|2024-09-25 21:10:33: 	           ValOfEMA:0.012842/0.012582,  Epoch:85/84
INFO|2024-09-25 21:10:33: 	Time(ep):397s,  Val(curr/best):0.012874/0.012317,  Epoch(curr/best):85/58
INFO|2024-09-25 21:10:33: -------------------- Epoch: 86 --------------------
INFO|2024-09-25 21:11:07: Epoch[086/100], iter[040/392], loss_total:0.61043, loss_equ:1.90466 loss_pq_vm:0.00991 loss_pq_va:0.15068 loss_pv_va:0.17022
INFO|2024-09-25 21:11:38: Epoch[086/100], iter[079/392], loss_total:0.61725, loss_equ:1.96408 loss_pq_vm:0.01036 loss_pq_va:0.14787 loss_pv_va:0.16938
INFO|2024-09-25 21:12:09: Epoch[086/100], iter[118/392], loss_total:0.58244, loss_equ:1.93074 loss_pq_vm:0.00925 loss_pq_va:0.13903 loss_pv_va:0.15779
INFO|2024-09-25 21:12:40: Epoch[086/100], iter[157/392], loss_total:0.60775, loss_equ:1.92989 loss_pq_vm:0.00966 loss_pq_va:0.14922 loss_pv_va:0.16894
INFO|2024-09-25 21:13:12: Epoch[086/100], iter[196/392], loss_total:0.58368, loss_equ:1.92261 loss_pq_vm:0.00919 loss_pq_va:0.13858 loss_pv_va:0.16096
INFO|2024-09-25 21:13:43: Epoch[086/100], iter[235/392], loss_total:0.57817, loss_equ:1.89869 loss_pq_vm:0.00918 loss_pq_va:0.13788 loss_pv_va:0.15865
INFO|2024-09-25 21:14:14: Epoch[086/100], iter[274/392], loss_total:0.60158, loss_equ:1.94059 loss_pq_vm:0.00978 loss_pq_va:0.14547 loss_pv_va:0.16425
INFO|2024-09-25 21:14:46: Epoch[086/100], iter[313/392], loss_total:0.61178, loss_equ:1.95641 loss_pq_vm:0.00991 loss_pq_va:0.14836 loss_pv_va:0.16865
INFO|2024-09-25 21:15:17: Epoch[086/100], iter[352/392], loss_total:0.62376, loss_equ:1.95255 loss_pq_vm:0.01028 loss_pq_va:0.15359 loss_pv_va:0.17214
INFO|2024-09-25 21:15:50: Epoch[086/100], iter[392/392], loss_total:0.59142, loss_equ:1.90617 loss_pq_vm:0.00953 loss_pq_va:0.14369 loss_pv_va:0.16177
INFO|2024-09-25 21:17:06: Epoch 85/100, lr:  0.00005711, eta: 1.53h, train_loss:  0.61139, valid_loss:  0.86321
INFO|2024-09-25 21:17:06: 	Train: PQ_Vm_rmse: 0.00027761  PQ_Va_rmse: 0.00250124  PV_Va_rmse: 0.00271358  delta_p: 0.01273025  delta_q: 0.00314058  
INFO|2024-09-25 21:17:06: 	ZTest: PQ_Vm_rmse: 0.00130590  PQ_Va_rmse: 0.01198337  PV_Va_rmse: 0.01279624  delta_p: 0.02790857  delta_q: 0.00695785  
INFO|2024-09-25 21:17:06: 	ZTest-ema: PQ_Vm_rmse: 0.001324  PQ_Va_rmse: 0.012202  PV_Va_rmse: 0.013041  delta_p: 0.027218  delta_q: 0.006871  
INFO|2024-09-25 21:17:06: 	           ValOfEMA:0.013041/0.012582,  Epoch:86/84
INFO|2024-09-25 21:17:06: 	Time(ep):392s,  Val(curr/best):0.012796/0.012317,  Epoch(curr/best):86/58
INFO|2024-09-25 21:17:06: -------------------- Epoch: 87 --------------------
INFO|2024-09-25 21:17:40: Epoch[087/100], iter[040/392], loss_total:0.59972, loss_equ:1.90148 loss_pq_vm:0.00964 loss_pq_va:0.14786 loss_pv_va:0.16530
INFO|2024-09-25 21:18:12: Epoch[087/100], iter[079/392], loss_total:0.60183, loss_equ:1.93002 loss_pq_vm:0.00947 loss_pq_va:0.14822 loss_pv_va:0.16590
INFO|2024-09-25 21:18:44: Epoch[087/100], iter[118/392], loss_total:0.61863, loss_equ:1.95093 loss_pq_vm:0.01010 loss_pq_va:0.15174 loss_pv_va:0.17081
INFO|2024-09-25 21:19:16: Epoch[087/100], iter[157/392], loss_total:0.61266, loss_equ:1.92009 loss_pq_vm:0.01003 loss_pq_va:0.14930 loss_pv_va:0.17109
INFO|2024-09-25 21:19:48: Epoch[087/100], iter[196/392], loss_total:0.63799, loss_equ:1.98258 loss_pq_vm:0.01053 loss_pq_va:0.15595 loss_pv_va:0.17844
INFO|2024-09-25 21:20:20: Epoch[087/100], iter[235/392], loss_total:0.60924, loss_equ:1.91317 loss_pq_vm:0.00952 loss_pq_va:0.15049 loss_pv_va:0.17225
INFO|2024-09-25 21:20:52: Epoch[087/100], iter[274/392], loss_total:0.62054, loss_equ:1.93376 loss_pq_vm:0.01018 loss_pq_va:0.15272 loss_pv_va:0.17263
INFO|2024-09-25 21:21:23: Epoch[087/100], iter[313/392], loss_total:0.61729, loss_equ:1.95340 loss_pq_vm:0.00981 loss_pq_va:0.15282 loss_pv_va:0.17108
INFO|2024-09-25 21:21:55: Epoch[087/100], iter[352/392], loss_total:0.62110, loss_equ:1.93074 loss_pq_vm:0.00993 loss_pq_va:0.15391 loss_pv_va:0.17484
INFO|2024-09-25 21:22:28: Epoch[087/100], iter[392/392], loss_total:0.62829, loss_equ:1.96755 loss_pq_vm:0.00988 loss_pq_va:0.15528 loss_pv_va:0.17747
INFO|2024-09-25 21:23:43: Epoch 86/100, lr:  0.00005071, eta: 1.43h, train_loss:  0.60896, valid_loss:  0.87964
INFO|2024-09-25 21:23:43: 	Train: PQ_Vm_rmse: 0.00027311  PQ_Va_rmse: 0.00248859  PV_Va_rmse: 0.00270527  delta_p: 0.01260921  delta_q: 0.00304842  
INFO|2024-09-25 21:23:43: 	ZTest: PQ_Vm_rmse: 0.00135846  PQ_Va_rmse: 0.01226123  PV_Va_rmse: 0.01305663  delta_p: 0.02781235  delta_q: 0.00676930  
INFO|2024-09-25 21:23:43: 	ZTest-ema: PQ_Vm_rmse: 0.001323  PQ_Va_rmse: 0.012192  PV_Va_rmse: 0.013010  delta_p: 0.027043  delta_q: 0.006801  
INFO|2024-09-25 21:23:43: 	           ValOfEMA:0.013010/0.012582,  Epoch:87/84
INFO|2024-09-25 21:23:43: 	Time(ep):396s,  Val(curr/best):0.013057/0.012317,  Epoch(curr/best):87/58
INFO|2024-09-25 21:23:43: -------------------- Epoch: 88 --------------------
INFO|2024-09-25 21:24:18: Epoch[088/100], iter[040/392], loss_total:0.59557, loss_equ:1.90919 loss_pq_vm:0.00951 loss_pq_va:0.14482 loss_pv_va:0.16472
INFO|2024-09-25 21:24:49: Epoch[088/100], iter[079/392], loss_total:0.60469, loss_equ:1.91974 loss_pq_vm:0.00991 loss_pq_va:0.14655 loss_pv_va:0.16709
INFO|2024-09-25 21:25:21: Epoch[088/100], iter[118/392], loss_total:0.60336, loss_equ:1.91165 loss_pq_vm:0.00947 loss_pq_va:0.14695 loss_pv_va:0.17052
INFO|2024-09-25 21:25:53: Epoch[088/100], iter[157/392], loss_total:0.59057, loss_equ:1.91546 loss_pq_vm:0.00943 loss_pq_va:0.14219 loss_pv_va:0.16254
INFO|2024-09-25 21:26:24: Epoch[088/100], iter[196/392], loss_total:0.61267, loss_equ:1.93368 loss_pq_vm:0.01015 loss_pq_va:0.14942 loss_pv_va:0.16835
INFO|2024-09-25 21:26:55: Epoch[088/100], iter[235/392], loss_total:0.61373, loss_equ:1.95075 loss_pq_vm:0.00980 loss_pq_va:0.14957 loss_pv_va:0.17104
INFO|2024-09-25 21:27:27: Epoch[088/100], iter[274/392], loss_total:0.63369, loss_equ:1.95343 loss_pq_vm:0.01049 loss_pq_va:0.15609 loss_pv_va:0.17737
INFO|2024-09-25 21:27:59: Epoch[088/100], iter[313/392], loss_total:0.61900, loss_equ:1.98498 loss_pq_vm:0.00947 loss_pq_va:0.15178 loss_pv_va:0.17402
INFO|2024-09-25 21:28:31: Epoch[088/100], iter[352/392], loss_total:0.59642, loss_equ:1.90354 loss_pq_vm:0.00947 loss_pq_va:0.14604 loss_pv_va:0.16531
INFO|2024-09-25 21:29:04: Epoch[088/100], iter[392/392], loss_total:0.62487, loss_equ:1.94846 loss_pq_vm:0.01036 loss_pq_va:0.15287 loss_pv_va:0.17351
INFO|2024-09-25 21:30:19: Epoch 87/100, lr:  0.00004476, eta: 1.32h, train_loss:  0.60845, valid_loss:  0.87670
INFO|2024-09-25 21:30:19: 	Train: PQ_Vm_rmse: 0.00027300  PQ_Va_rmse: 0.00248405  PV_Va_rmse: 0.00269972  delta_p: 0.01241295  delta_q: 0.00305935  
INFO|2024-09-25 21:30:19: 	ZTest: PQ_Vm_rmse: 0.00132973  PQ_Va_rmse: 0.01223130  PV_Va_rmse: 0.01307140  delta_p: 0.02802827  delta_q: 0.00704250  
INFO|2024-09-25 21:30:19: 	ZTest-ema: PQ_Vm_rmse: 0.001316  PQ_Va_rmse: 0.012046  PV_Va_rmse: 0.012864  delta_p: 0.027080  delta_q: 0.006822  
INFO|2024-09-25 21:30:19: 	           ValOfEMA:0.012864/0.012582,  Epoch:88/84
INFO|2024-09-25 21:30:19: 	Time(ep):395s,  Val(curr/best):0.013071/0.012317,  Epoch(curr/best):88/58
INFO|2024-09-25 21:30:19: -------------------- Epoch: 89 --------------------
INFO|2024-09-25 21:30:53: Epoch[089/100], iter[040/392], loss_total:0.62964, loss_equ:1.95974 loss_pq_vm:0.01022 loss_pq_va:0.15660 loss_pv_va:0.17489
INFO|2024-09-25 21:31:25: Epoch[089/100], iter[079/392], loss_total:0.59350, loss_equ:1.91898 loss_pq_vm:0.00934 loss_pq_va:0.14257 loss_pv_va:0.16561
INFO|2024-09-25 21:31:57: Epoch[089/100], iter[118/392], loss_total:0.60473, loss_equ:1.93606 loss_pq_vm:0.00948 loss_pq_va:0.14772 loss_pv_va:0.16860
INFO|2024-09-25 21:32:29: Epoch[089/100], iter[157/392], loss_total:0.59010, loss_equ:1.90584 loss_pq_vm:0.00982 loss_pq_va:0.14120 loss_pv_va:0.16014
INFO|2024-09-25 21:33:00: Epoch[089/100], iter[196/392], loss_total:0.61458, loss_equ:1.92074 loss_pq_vm:0.00999 loss_pq_va:0.15093 loss_pv_va:0.17168
INFO|2024-09-25 21:33:32: Epoch[089/100], iter[235/392], loss_total:0.60201, loss_equ:1.93620 loss_pq_vm:0.00929 loss_pq_va:0.14596 loss_pv_va:0.16948
INFO|2024-09-25 21:34:04: Epoch[089/100], iter[274/392], loss_total:0.60399, loss_equ:1.93080 loss_pq_vm:0.00932 loss_pq_va:0.14815 loss_pv_va:0.16953
INFO|2024-09-25 21:34:36: Epoch[089/100], iter[313/392], loss_total:0.63179, loss_equ:1.96518 loss_pq_vm:0.01047 loss_pq_va:0.15449 loss_pv_va:0.17609
INFO|2024-09-25 21:35:08: Epoch[089/100], iter[352/392], loss_total:0.61736, loss_equ:1.92040 loss_pq_vm:0.00986 loss_pq_va:0.15328 loss_pv_va:0.17341
INFO|2024-09-25 21:35:40: Epoch[089/100], iter[392/392], loss_total:0.60347, loss_equ:1.92248 loss_pq_vm:0.00950 loss_pq_va:0.14851 loss_pv_va:0.16769
INFO|2024-09-25 21:36:56: Epoch 88/100, lr:  0.00003926, eta: 1.21h, train_loss:  0.60627, valid_loss:  0.86523
INFO|2024-09-25 21:36:56: 	Train: PQ_Vm_rmse: 0.00027117  PQ_Va_rmse: 0.00245630  PV_Va_rmse: 0.00266799  delta_p: 0.01214999  delta_q: 0.00300616  
INFO|2024-09-25 21:36:56: 	ZTest: PQ_Vm_rmse: 0.00130103  PQ_Va_rmse: 0.01190148  PV_Va_rmse: 0.01272668  delta_p: 0.02729375  delta_q: 0.00684869  
INFO|2024-09-25 21:36:56: 	ZTest-ema: PQ_Vm_rmse: 0.001303  PQ_Va_rmse: 0.011960  PV_Va_rmse: 0.012743  delta_p: 0.027288  delta_q: 0.006831  
INFO|2024-09-25 21:36:56: 	           ValOfEMA:0.012743/0.012582,  Epoch:89/84
INFO|2024-09-25 21:36:57: 	Time(ep):396s,  Val(curr/best):0.012727/0.012317,  Epoch(curr/best):89/58
INFO|2024-09-25 21:36:57: -------------------- Epoch: 90 --------------------
INFO|2024-09-25 21:37:30: Epoch[090/100], iter[040/392], loss_total:0.58650, loss_equ:1.92141 loss_pq_vm:0.00913 loss_pq_va:0.14137 loss_pv_va:0.16166
INFO|2024-09-25 21:38:02: Epoch[090/100], iter[079/392], loss_total:0.60801, loss_equ:1.95327 loss_pq_vm:0.00975 loss_pq_va:0.14854 loss_pv_va:0.16662
INFO|2024-09-25 21:38:34: Epoch[090/100], iter[118/392], loss_total:0.61244, loss_equ:1.90045 loss_pq_vm:0.01013 loss_pq_va:0.15073 loss_pv_va:0.17033
INFO|2024-09-25 21:39:06: Epoch[090/100], iter[157/392], loss_total:0.60932, loss_equ:1.93877 loss_pq_vm:0.00939 loss_pq_va:0.14930 loss_pv_va:0.17227
INFO|2024-09-25 21:39:38: Epoch[090/100], iter[196/392], loss_total:0.57343, loss_equ:1.88544 loss_pq_vm:0.00884 loss_pq_va:0.13826 loss_pv_va:0.15821
INFO|2024-09-25 21:40:10: Epoch[090/100], iter[235/392], loss_total:0.61013, loss_equ:1.95251 loss_pq_vm:0.00931 loss_pq_va:0.14967 loss_pv_va:0.17212
INFO|2024-09-25 21:40:42: Epoch[090/100], iter[274/392], loss_total:0.59158, loss_equ:1.88873 loss_pq_vm:0.00956 loss_pq_va:0.14368 loss_pv_va:0.16341
INFO|2024-09-25 21:41:13: Epoch[090/100], iter[313/392], loss_total:0.57891, loss_equ:1.89567 loss_pq_vm:0.00905 loss_pq_va:0.13856 loss_pv_va:0.16033
INFO|2024-09-25 21:41:45: Epoch[090/100], iter[352/392], loss_total:0.59058, loss_equ:1.90783 loss_pq_vm:0.00954 loss_pq_va:0.14227 loss_pv_va:0.16214
INFO|2024-09-25 21:42:18: Epoch[090/100], iter[392/392], loss_total:0.61332, loss_equ:1.96100 loss_pq_vm:0.00968 loss_pq_va:0.15066 loss_pv_va:0.16979
INFO|2024-09-25 21:43:34: Epoch 89/100, lr:  0.00003423, eta: 1.1h, train_loss:  0.60452, valid_loss:  0.87003
INFO|2024-09-25 21:43:34: 	Train: PQ_Vm_rmse: 0.00026976  PQ_Va_rmse: 0.00242980  PV_Va_rmse: 0.00264308  delta_p: 0.01220822  delta_q: 0.00299318  
INFO|2024-09-25 21:43:34: 	ZTest: PQ_Vm_rmse: 0.00131706  PQ_Va_rmse: 0.01194218  PV_Va_rmse: 0.01274247  delta_p: 0.02734007  delta_q: 0.00683233  
INFO|2024-09-25 21:43:34: 	ZTest-ema: PQ_Vm_rmse: 0.001300  PQ_Va_rmse: 0.011855  PV_Va_rmse: 0.012658  delta_p: 0.027223  delta_q: 0.006845  
INFO|2024-09-25 21:43:34: 	           ValOfEMA:0.012658/0.012582,  Epoch:90/84
INFO|2024-09-25 21:43:34: 	Time(ep):397s,  Val(curr/best):0.012742/0.012317,  Epoch(curr/best):90/58
INFO|2024-09-25 21:43:34: -------------------- Epoch: 91 --------------------
INFO|2024-09-25 21:44:09: Epoch[091/100], iter[040/392], loss_total:0.61992, loss_equ:1.98313 loss_pq_vm:0.01000 loss_pq_va:0.14885 loss_pv_va:0.17279
INFO|2024-09-25 21:44:41: Epoch[091/100], iter[079/392], loss_total:0.61147, loss_equ:1.95625 loss_pq_vm:0.01012 loss_pq_va:0.14689 loss_pv_va:0.16780
INFO|2024-09-25 21:45:13: Epoch[091/100], iter[118/392], loss_total:0.59134, loss_equ:1.92352 loss_pq_vm:0.00959 loss_pq_va:0.14099 loss_pv_va:0.16214
INFO|2024-09-25 21:45:45: Epoch[091/100], iter[157/392], loss_total:0.60854, loss_equ:1.87168 loss_pq_vm:0.01007 loss_pq_va:0.15152 loss_pv_va:0.16920
INFO|2024-09-25 21:46:17: Epoch[091/100], iter[196/392], loss_total:0.61200, loss_equ:1.97673 loss_pq_vm:0.00973 loss_pq_va:0.14727 loss_pv_va:0.16979
INFO|2024-09-25 21:46:49: Epoch[091/100], iter[235/392], loss_total:0.61688, loss_equ:1.96943 loss_pq_vm:0.00963 loss_pq_va:0.15115 loss_pv_va:0.17248
INFO|2024-09-25 21:47:21: Epoch[091/100], iter[274/392], loss_total:0.62682, loss_equ:1.93742 loss_pq_vm:0.00993 loss_pq_va:0.15697 loss_pv_va:0.17680
INFO|2024-09-25 21:47:53: Epoch[091/100], iter[313/392], loss_total:0.62026, loss_equ:1.99384 loss_pq_vm:0.00988 loss_pq_va:0.15093 loss_pv_va:0.17118
INFO|2024-09-25 21:48:25: Epoch[091/100], iter[352/392], loss_total:0.62196, loss_equ:1.94908 loss_pq_vm:0.01006 loss_pq_va:0.15188 loss_pv_va:0.17459
INFO|2024-09-25 21:48:57: Epoch[091/100], iter[392/392], loss_total:0.62455, loss_equ:1.92108 loss_pq_vm:0.01025 loss_pq_va:0.15543 loss_pv_va:0.17446
INFO|2024-09-25 21:50:13: Epoch 90/100, lr:  0.00002965, eta: 1.0h, train_loss:  0.60283, valid_loss:  0.86737
INFO|2024-09-25 21:50:13: 	Train: PQ_Vm_rmse: 0.00026359  PQ_Va_rmse: 0.00237572  PV_Va_rmse: 0.00258132  delta_p: 0.01187625  delta_q: 0.00293792  
INFO|2024-09-25 21:50:13: 	ZTest: PQ_Vm_rmse: 0.00130192  PQ_Va_rmse: 0.01182724  PV_Va_rmse: 0.01263738  delta_p: 0.02671572  delta_q: 0.00678638  
INFO|2024-09-25 21:50:13: 	ZTest-ema: PQ_Vm_rmse: 0.001300  PQ_Va_rmse: 0.011805  PV_Va_rmse: 0.012612  delta_p: 0.027110  delta_q: 0.006817  
INFO|2024-09-25 21:50:13: 	           ValOfEMA:0.012612/0.012582,  Epoch:91/84
INFO|2024-09-25 21:50:13: 	Time(ep):398s,  Val(curr/best):0.012637/0.012317,  Epoch(curr/best):91/58
INFO|2024-09-25 21:50:13: -------------------- Epoch: 92 --------------------
INFO|2024-09-25 21:50:47: Epoch[092/100], iter[040/392], loss_total:0.59027, loss_equ:1.88816 loss_pq_vm:0.00954 loss_pq_va:0.14309 loss_pv_va:0.16297
INFO|2024-09-25 21:51:18: Epoch[092/100], iter[079/392], loss_total:0.60418, loss_equ:1.91571 loss_pq_vm:0.00983 loss_pq_va:0.14566 loss_pv_va:0.16862
INFO|2024-09-25 21:51:50: Epoch[092/100], iter[118/392], loss_total:0.62384, loss_equ:1.91061 loss_pq_vm:0.01019 loss_pq_va:0.15576 loss_pv_va:0.17513
INFO|2024-09-25 21:52:22: Epoch[092/100], iter[157/392], loss_total:0.59414, loss_equ:1.88770 loss_pq_vm:0.00971 loss_pq_va:0.14424 loss_pv_va:0.16408
INFO|2024-09-25 21:52:53: Epoch[092/100], iter[196/392], loss_total:0.59649, loss_equ:1.94524 loss_pq_vm:0.00953 loss_pq_va:0.14322 loss_pv_va:0.16349
INFO|2024-09-25 21:53:25: Epoch[092/100], iter[235/392], loss_total:0.61097, loss_equ:1.91641 loss_pq_vm:0.00980 loss_pq_va:0.14973 loss_pv_va:0.17158
INFO|2024-09-25 21:53:57: Epoch[092/100], iter[274/392], loss_total:0.58712, loss_equ:1.88337 loss_pq_vm:0.00955 loss_pq_va:0.14221 loss_pv_va:0.16109
INFO|2024-09-25 21:54:29: Epoch[092/100], iter[313/392], loss_total:0.60658, loss_equ:1.89203 loss_pq_vm:0.01009 loss_pq_va:0.14931 loss_pv_va:0.16719
INFO|2024-09-25 21:55:01: Epoch[092/100], iter[352/392], loss_total:0.59337, loss_equ:1.91601 loss_pq_vm:0.00933 loss_pq_va:0.14441 loss_pv_va:0.16402
INFO|2024-09-25 21:55:34: Epoch[092/100], iter[392/392], loss_total:0.57992, loss_equ:1.89253 loss_pq_vm:0.00933 loss_pq_va:0.13898 loss_pv_va:0.15843
INFO|2024-09-25 21:56:49: Epoch 91/100, lr:  0.00002555, eta: 0.88h, train_loss:  0.60250, valid_loss:  0.86408
INFO|2024-09-25 21:56:49: 	Train: PQ_Vm_rmse: 0.00026822  PQ_Va_rmse: 0.00245911  PV_Va_rmse: 0.00268687  delta_p: 0.01192078  delta_q: 0.00295036  
INFO|2024-09-25 21:56:49: 	ZTest: PQ_Vm_rmse: 0.00129568  PQ_Va_rmse: 0.01195019  PV_Va_rmse: 0.01285304  delta_p: 0.02784211  delta_q: 0.00697672  
INFO|2024-09-25 21:56:49: 	ZTest-ema: PQ_Vm_rmse: 0.001293  PQ_Va_rmse: 0.011715  PV_Va_rmse: 0.012558  delta_p: 0.027135  delta_q: 0.006836  
INFO|2024-09-25 21:56:49: 	           ValOfEMA:0.012558/0.012558,  Epoch:92/92
INFO|2024-09-25 21:56:49: 	Time(ep):396s,  Val(curr/best):0.012853/0.012317,  Epoch(curr/best):92/58
INFO|2024-09-25 21:56:49: -------------------- Epoch: 93 --------------------
INFO|2024-09-25 21:57:23: Epoch[093/100], iter[040/392], loss_total:0.57998, loss_equ:1.87739 loss_pq_vm:0.00922 loss_pq_va:0.13915 loss_pv_va:0.16086
INFO|2024-09-25 21:57:55: Epoch[093/100], iter[079/392], loss_total:0.57440, loss_equ:1.86517 loss_pq_vm:0.00899 loss_pq_va:0.13888 loss_pv_va:0.15908
INFO|2024-09-25 21:58:27: Epoch[093/100], iter[118/392], loss_total:0.59584, loss_equ:1.94111 loss_pq_vm:0.00972 loss_pq_va:0.14166 loss_pv_va:0.16285
INFO|2024-09-25 21:58:58: Epoch[093/100], iter[157/392], loss_total:0.60972, loss_equ:1.94210 loss_pq_vm:0.00985 loss_pq_va:0.14871 loss_pv_va:0.16832
INFO|2024-09-25 21:59:30: Epoch[093/100], iter[196/392], loss_total:0.59686, loss_equ:1.92989 loss_pq_vm:0.00993 loss_pq_va:0.14114 loss_pv_va:0.16341
INFO|2024-09-25 22:00:02: Epoch[093/100], iter[235/392], loss_total:0.62835, loss_equ:1.99359 loss_pq_vm:0.01020 loss_pq_va:0.15330 loss_pv_va:0.17373
INFO|2024-09-25 22:00:34: Epoch[093/100], iter[274/392], loss_total:0.58187, loss_equ:1.87017 loss_pq_vm:0.00931 loss_pq_va:0.14144 loss_pv_va:0.16033
INFO|2024-09-25 22:01:05: Epoch[093/100], iter[313/392], loss_total:0.58927, loss_equ:1.94911 loss_pq_vm:0.00925 loss_pq_va:0.13972 loss_pv_va:0.16218
INFO|2024-09-25 22:01:37: Epoch[093/100], iter[352/392], loss_total:0.59084, loss_equ:1.90977 loss_pq_vm:0.00928 loss_pq_va:0.14220 loss_pv_va:0.16482
INFO|2024-09-25 22:02:10: Epoch[093/100], iter[392/392], loss_total:0.59609, loss_equ:1.91468 loss_pq_vm:0.00903 loss_pq_va:0.14802 loss_pv_va:0.16629
INFO|2024-09-25 22:03:25: Epoch 92/100, lr:  0.00002192, eta: 0.77h, train_loss:  0.60096, valid_loss:  0.86175
INFO|2024-09-25 22:03:25: 	Train: PQ_Vm_rmse: 0.00026330  PQ_Va_rmse: 0.00238107  PV_Va_rmse: 0.00260393  delta_p: 0.01175421  delta_q: 0.00291436  
INFO|2024-09-25 22:03:25: 	ZTest: PQ_Vm_rmse: 0.00130830  PQ_Va_rmse: 0.01184175  PV_Va_rmse: 0.01278276  delta_p: 0.02744725  delta_q: 0.00681262  
INFO|2024-09-25 22:03:25: 	ZTest-ema: PQ_Vm_rmse: 0.001306  PQ_Va_rmse: 0.011772  PV_Va_rmse: 0.012681  delta_p: 0.027317  delta_q: 0.006843  
INFO|2024-09-25 22:03:25: 	           ValOfEMA:0.012681/0.012558,  Epoch:93/92
INFO|2024-09-25 22:03:25: 	Time(ep):395s,  Val(curr/best):0.012783/0.012317,  Epoch(curr/best):93/58
INFO|2024-09-25 22:03:25: -------------------- Epoch: 94 --------------------
INFO|2024-09-25 22:03:59: Epoch[094/100], iter[040/392], loss_total:0.62564, loss_equ:1.92890 loss_pq_vm:0.01012 loss_pq_va:0.15593 loss_pv_va:0.17564
INFO|2024-09-25 22:04:31: Epoch[094/100], iter[079/392], loss_total:0.61856, loss_equ:1.92476 loss_pq_vm:0.01036 loss_pq_va:0.15049 loss_pv_va:0.17198
INFO|2024-09-25 22:05:03: Epoch[094/100], iter[118/392], loss_total:0.61700, loss_equ:1.94432 loss_pq_vm:0.00990 loss_pq_va:0.15127 loss_pv_va:0.17225
INFO|2024-09-25 22:05:35: Epoch[094/100], iter[157/392], loss_total:0.60337, loss_equ:1.94844 loss_pq_vm:0.01007 loss_pq_va:0.14234 loss_pv_va:0.16549
INFO|2024-09-25 22:06:07: Epoch[094/100], iter[196/392], loss_total:0.60106, loss_equ:1.93066 loss_pq_vm:0.00951 loss_pq_va:0.14708 loss_pv_va:0.16586
INFO|2024-09-25 22:06:38: Epoch[094/100], iter[235/392], loss_total:0.61597, loss_equ:1.99020 loss_pq_vm:0.00961 loss_pq_va:0.15011 loss_pv_va:0.17069
INFO|2024-09-25 22:07:10: Epoch[094/100], iter[274/392], loss_total:0.57123, loss_equ:1.84573 loss_pq_vm:0.00915 loss_pq_va:0.13752 loss_pv_va:0.15769
INFO|2024-09-25 22:07:42: Epoch[094/100], iter[313/392], loss_total:0.59351, loss_equ:1.88652 loss_pq_vm:0.00967 loss_pq_va:0.14376 loss_pv_va:0.16439
INFO|2024-09-25 22:08:14: Epoch[094/100], iter[352/392], loss_total:0.62724, loss_equ:1.94519 loss_pq_vm:0.01006 loss_pq_va:0.15471 loss_pv_va:0.17738
INFO|2024-09-25 22:08:46: Epoch[094/100], iter[392/392], loss_total:0.58775, loss_equ:1.87210 loss_pq_vm:0.00930 loss_pq_va:0.14282 loss_pv_va:0.16473
INFO|2024-09-25 22:10:01: Epoch 93/100, lr:  0.00001877, eta: 0.66h, train_loss:  0.60028, valid_loss:  0.85967
INFO|2024-09-25 22:10:01: 	Train: PQ_Vm_rmse: 0.00026018  PQ_Va_rmse: 0.00233528  PV_Va_rmse: 0.00255064  delta_p: 0.01159127  delta_q: 0.00289851  
INFO|2024-09-25 22:10:01: 	ZTest: PQ_Vm_rmse: 0.00128808  PQ_Va_rmse: 0.01178711  PV_Va_rmse: 0.01269889  delta_p: 0.02730256  delta_q: 0.00682868  
INFO|2024-09-25 22:10:01: 	ZTest-ema: PQ_Vm_rmse: 0.001308  PQ_Va_rmse: 0.011846  PV_Va_rmse: 0.012749  delta_p: 0.027329  delta_q: 0.006865  
INFO|2024-09-25 22:10:01: 	           ValOfEMA:0.012749/0.012558,  Epoch:94/92
INFO|2024-09-25 22:10:02: 	Time(ep):395s,  Val(curr/best):0.012699/0.012317,  Epoch(curr/best):94/58
INFO|2024-09-25 22:10:02: -------------------- Epoch: 95 --------------------
INFO|2024-09-25 22:10:36: Epoch[095/100], iter[040/392], loss_total:0.62663, loss_equ:1.98274 loss_pq_vm:0.01041 loss_pq_va:0.15069 loss_pv_va:0.17360
INFO|2024-09-25 22:11:08: Epoch[095/100], iter[079/392], loss_total:0.59000, loss_equ:1.91506 loss_pq_vm:0.00959 loss_pq_va:0.14195 loss_pv_va:0.16061
INFO|2024-09-25 22:11:40: Epoch[095/100], iter[118/392], loss_total:0.58686, loss_equ:1.89982 loss_pq_vm:0.00913 loss_pq_va:0.14128 loss_pv_va:0.16425
INFO|2024-09-25 22:12:11: Epoch[095/100], iter[157/392], loss_total:0.56929, loss_equ:1.89740 loss_pq_vm:0.00902 loss_pq_va:0.13542 loss_pv_va:0.15389
INFO|2024-09-25 22:12:43: Epoch[095/100], iter[196/392], loss_total:0.60876, loss_equ:1.89453 loss_pq_vm:0.00996 loss_pq_va:0.14923 loss_pv_va:0.17049
INFO|2024-09-25 22:13:15: Epoch[095/100], iter[235/392], loss_total:0.61423, loss_equ:1.97896 loss_pq_vm:0.00957 loss_pq_va:0.14906 loss_pv_va:0.17158
INFO|2024-09-25 22:13:47: Epoch[095/100], iter[274/392], loss_total:0.62696, loss_equ:1.94004 loss_pq_vm:0.01014 loss_pq_va:0.15460 loss_pv_va:0.17693
INFO|2024-09-25 22:14:19: Epoch[095/100], iter[313/392], loss_total:0.60626, loss_equ:1.92024 loss_pq_vm:0.00976 loss_pq_va:0.14927 loss_pv_va:0.16733
INFO|2024-09-25 22:14:51: Epoch[095/100], iter[352/392], loss_total:0.62076, loss_equ:1.93633 loss_pq_vm:0.01034 loss_pq_va:0.15203 loss_pv_va:0.17167
INFO|2024-09-25 22:15:24: Epoch[095/100], iter[392/392], loss_total:0.62595, loss_equ:1.92953 loss_pq_vm:0.01028 loss_pq_va:0.15594 loss_pv_va:0.17425
INFO|2024-09-25 22:16:39: Epoch 94/100, lr:  0.00001609, eta: 0.55h, train_loss:  0.59932, valid_loss:  0.86754
INFO|2024-09-25 22:16:39: 	Train: PQ_Vm_rmse: 0.00025962  PQ_Va_rmse: 0.00234832  PV_Va_rmse: 0.00256350  delta_p: 0.01166610  delta_q: 0.00290038  
INFO|2024-09-25 22:16:39: 	ZTest: PQ_Vm_rmse: 0.00130965  PQ_Va_rmse: 0.01189774  PV_Va_rmse: 0.01272310  delta_p: 0.02710928  delta_q: 0.00681690  
INFO|2024-09-25 22:16:39: 	ZTest-ema: PQ_Vm_rmse: 0.001299  PQ_Va_rmse: 0.011826  PV_Va_rmse: 0.012680  delta_p: 0.027405  delta_q: 0.006843  
INFO|2024-09-25 22:16:39: 	           ValOfEMA:0.012680/0.012558,  Epoch:95/92
INFO|2024-09-25 22:16:39: 	Time(ep):397s,  Val(curr/best):0.012723/0.012317,  Epoch(curr/best):95/58
INFO|2024-09-25 22:16:39: -------------------- Epoch: 96 --------------------
INFO|2024-09-25 22:17:13: Epoch[096/100], iter[040/392], loss_total:0.61901, loss_equ:1.94743 loss_pq_vm:0.01022 loss_pq_va:0.15123 loss_pv_va:0.17084
INFO|2024-09-25 22:17:45: Epoch[096/100], iter[079/392], loss_total:0.61517, loss_equ:1.92277 loss_pq_vm:0.00983 loss_pq_va:0.15121 loss_pv_va:0.17341
INFO|2024-09-25 22:18:17: Epoch[096/100], iter[118/392], loss_total:0.59338, loss_equ:1.90801 loss_pq_vm:0.00937 loss_pq_va:0.14350 loss_pv_va:0.16536
INFO|2024-09-25 22:18:49: Epoch[096/100], iter[157/392], loss_total:0.57490, loss_equ:1.88635 loss_pq_vm:0.00918 loss_pq_va:0.13841 loss_pv_va:0.15605
INFO|2024-09-25 22:19:21: Epoch[096/100], iter[196/392], loss_total:0.60172, loss_equ:1.89659 loss_pq_vm:0.00964 loss_pq_va:0.14841 loss_pv_va:0.16722
INFO|2024-09-25 22:19:53: Epoch[096/100], iter[235/392], loss_total:0.63423, loss_equ:1.90581 loss_pq_vm:0.01096 loss_pq_va:0.15745 loss_pv_va:0.17661
INFO|2024-09-25 22:20:25: Epoch[096/100], iter[274/392], loss_total:0.56813, loss_equ:1.85782 loss_pq_vm:0.00917 loss_pq_va:0.13542 loss_pv_va:0.15524
INFO|2024-09-25 22:20:57: Epoch[096/100], iter[313/392], loss_total:0.62266, loss_equ:1.94855 loss_pq_vm:0.01029 loss_pq_va:0.15254 loss_pv_va:0.17240
INFO|2024-09-25 22:21:29: Epoch[096/100], iter[352/392], loss_total:0.60000, loss_equ:1.90869 loss_pq_vm:0.00953 loss_pq_va:0.14657 loss_pv_va:0.16727
INFO|2024-09-25 22:22:01: Epoch[096/100], iter[392/392], loss_total:0.60971, loss_equ:1.89104 loss_pq_vm:0.00971 loss_pq_va:0.15121 loss_pv_va:0.17225
INFO|2024-09-25 22:23:17: Epoch 95/100, lr:  0.00001390, eta: 0.44h, train_loss:  0.59856, valid_loss:  0.86019
INFO|2024-09-25 22:23:17: 	Train: PQ_Vm_rmse: 0.00025898  PQ_Va_rmse: 0.00234017  PV_Va_rmse: 0.00255967  delta_p: 0.01159316  delta_q: 0.00288632  
INFO|2024-09-25 22:23:17: 	ZTest: PQ_Vm_rmse: 0.00128183  PQ_Va_rmse: 0.01169833  PV_Va_rmse: 0.01253394  delta_p: 0.02738364  delta_q: 0.00684469  
INFO|2024-09-25 22:23:17: 	ZTest-ema: PQ_Vm_rmse: 0.001289  PQ_Va_rmse: 0.011737  PV_Va_rmse: 0.012562  delta_p: 0.027243  delta_q: 0.006822  
INFO|2024-09-25 22:23:17: 	           ValOfEMA:0.012562/0.012558,  Epoch:96/92
INFO|2024-09-25 22:23:17: 	Time(ep):397s,  Val(curr/best):0.012534/0.012317,  Epoch(curr/best):96/58
INFO|2024-09-25 22:23:17: -------------------- Epoch: 97 --------------------
INFO|2024-09-25 22:23:51: Epoch[097/100], iter[040/392], loss_total:0.56614, loss_equ:1.86267 loss_pq_vm:0.00880 loss_pq_va:0.13605 loss_pv_va:0.15581
INFO|2024-09-25 22:24:24: Epoch[097/100], iter[079/392], loss_total:0.59433, loss_equ:1.90868 loss_pq_vm:0.00927 loss_pq_va:0.14521 loss_pv_va:0.16552
INFO|2024-09-25 22:24:56: Epoch[097/100], iter[118/392], loss_total:0.56806, loss_equ:1.85358 loss_pq_vm:0.00902 loss_pq_va:0.13598 loss_pv_va:0.15653
INFO|2024-09-25 22:25:28: Epoch[097/100], iter[157/392], loss_total:0.60757, loss_equ:1.89026 loss_pq_vm:0.00986 loss_pq_va:0.15114 loss_pv_va:0.16882
INFO|2024-09-25 22:25:59: Epoch[097/100], iter[196/392], loss_total:0.59299, loss_equ:1.90664 loss_pq_vm:0.00927 loss_pq_va:0.14627 loss_pv_va:0.16331
INFO|2024-09-25 22:26:31: Epoch[097/100], iter[235/392], loss_total:0.59549, loss_equ:1.92668 loss_pq_vm:0.00982 loss_pq_va:0.14222 loss_pv_va:0.16240
INFO|2024-09-25 22:27:03: Epoch[097/100], iter[274/392], loss_total:0.60398, loss_equ:1.96884 loss_pq_vm:0.00943 loss_pq_va:0.14370 loss_pv_va:0.16912
INFO|2024-09-25 22:27:35: Epoch[097/100], iter[313/392], loss_total:0.58874, loss_equ:1.90312 loss_pq_vm:0.00910 loss_pq_va:0.14410 loss_pv_va:0.16333
INFO|2024-09-25 22:28:07: Epoch[097/100], iter[352/392], loss_total:0.61266, loss_equ:1.92406 loss_pq_vm:0.00969 loss_pq_va:0.15243 loss_pv_va:0.17093
INFO|2024-09-25 22:28:39: Epoch[097/100], iter[392/392], loss_total:0.58192, loss_equ:1.88773 loss_pq_vm:0.00918 loss_pq_va:0.14036 loss_pv_va:0.16096
INFO|2024-09-25 22:29:55: Epoch 96/100, lr:  0.00001220, eta: 0.33h, train_loss:  0.59778, valid_loss:  0.86116
INFO|2024-09-25 22:29:55: 	Train: PQ_Vm_rmse: 0.00025731  PQ_Va_rmse: 0.00232331  PV_Va_rmse: 0.00254046  delta_p: 0.01154566  delta_q: 0.00288739  
INFO|2024-09-25 22:29:55: 	ZTest: PQ_Vm_rmse: 0.00129330  PQ_Va_rmse: 0.01182486  PV_Va_rmse: 0.01265930  delta_p: 0.02781433  delta_q: 0.00693322  
INFO|2024-09-25 22:29:55: 	ZTest-ema: PQ_Vm_rmse: 0.001291  PQ_Va_rmse: 0.011755  PV_Va_rmse: 0.012575  delta_p: 0.027277  delta_q: 0.006822  
INFO|2024-09-25 22:29:55: 	           ValOfEMA:0.012575/0.012558,  Epoch:97/92
INFO|2024-09-25 22:29:55: 	Time(ep):397s,  Val(curr/best):0.012659/0.012317,  Epoch(curr/best):97/58
INFO|2024-09-25 22:29:55: -------------------- Epoch: 98 --------------------
INFO|2024-09-25 22:30:29: Epoch[098/100], iter[040/392], loss_total:0.57365, loss_equ:1.86626 loss_pq_vm:0.00885 loss_pq_va:0.13916 loss_pv_va:0.15935
INFO|2024-09-25 22:31:01: Epoch[098/100], iter[079/392], loss_total:0.56958, loss_equ:1.86717 loss_pq_vm:0.00890 loss_pq_va:0.13652 loss_pv_va:0.15730
INFO|2024-09-25 22:31:33: Epoch[098/100], iter[118/392], loss_total:0.60263, loss_equ:1.92912 loss_pq_vm:0.00953 loss_pq_va:0.14565 loss_pv_va:0.16875
INFO|2024-09-25 22:32:05: Epoch[098/100], iter[157/392], loss_total:0.59499, loss_equ:1.93348 loss_pq_vm:0.00888 loss_pq_va:0.14651 loss_pv_va:0.16635
INFO|2024-09-25 22:32:37: Epoch[098/100], iter[196/392], loss_total:0.58211, loss_equ:1.88005 loss_pq_vm:0.00926 loss_pq_va:0.14132 loss_pv_va:0.16022
INFO|2024-09-25 22:33:09: Epoch[098/100], iter[235/392], loss_total:0.60153, loss_equ:1.86909 loss_pq_vm:0.01023 loss_pq_va:0.14693 loss_pv_va:0.16542
INFO|2024-09-25 22:33:41: Epoch[098/100], iter[274/392], loss_total:0.62716, loss_equ:1.94619 loss_pq_vm:0.01015 loss_pq_va:0.15408 loss_pv_va:0.17691
INFO|2024-09-25 22:34:13: Epoch[098/100], iter[313/392], loss_total:0.61309, loss_equ:1.94929 loss_pq_vm:0.00975 loss_pq_va:0.14927 loss_pv_va:0.17141
INFO|2024-09-25 22:34:44: Epoch[098/100], iter[352/392], loss_total:0.58729, loss_equ:1.92002 loss_pq_vm:0.00923 loss_pq_va:0.14112 loss_pv_va:0.16191
INFO|2024-09-25 22:35:17: Epoch[098/100], iter[392/392], loss_total:0.57626, loss_equ:1.88105 loss_pq_vm:0.00918 loss_pq_va:0.13813 loss_pv_va:0.15827
INFO|2024-09-25 22:36:32: Epoch 97/100, lr:  0.00001098, eta: 0.22h, train_loss:  0.59723, valid_loss:  0.86141
INFO|2024-09-25 22:36:32: 	Train: PQ_Vm_rmse: 0.00025719  PQ_Va_rmse: 0.00231478  PV_Va_rmse: 0.00253012  delta_p: 0.01144497  delta_q: 0.00286709  
INFO|2024-09-25 22:36:32: 	ZTest: PQ_Vm_rmse: 0.00128841  PQ_Va_rmse: 0.01180867  PV_Va_rmse: 0.01262833  delta_p: 0.02753289  delta_q: 0.00687529  
INFO|2024-09-25 22:36:32: 	ZTest-ema: PQ_Vm_rmse: 0.001297  PQ_Va_rmse: 0.011816  PV_Va_rmse: 0.012641  delta_p: 0.027207  delta_q: 0.006796  
INFO|2024-09-25 22:36:32: 	           ValOfEMA:0.012641/0.012558,  Epoch:98/92
INFO|2024-09-25 22:36:32: 	Time(ep):396s,  Val(curr/best):0.012628/0.012317,  Epoch(curr/best):98/58
INFO|2024-09-25 22:36:32: -------------------- Epoch: 99 --------------------
INFO|2024-09-25 22:37:06: Epoch[099/100], iter[040/392], loss_total:0.60267, loss_equ:1.91522 loss_pq_vm:0.00930 loss_pq_va:0.14823 loss_pv_va:0.16996
INFO|2024-09-25 22:37:38: Epoch[099/100], iter[079/392], loss_total:0.60035, loss_equ:1.90660 loss_pq_vm:0.00959 loss_pq_va:0.14653 loss_pv_va:0.16730
INFO|2024-09-25 22:38:10: Epoch[099/100], iter[118/392], loss_total:0.58022, loss_equ:1.86899 loss_pq_vm:0.00930 loss_pq_va:0.14017 loss_pv_va:0.16018
INFO|2024-09-25 22:38:42: Epoch[099/100], iter[157/392], loss_total:0.58279, loss_equ:1.85517 loss_pq_vm:0.00954 loss_pq_va:0.14188 loss_pv_va:0.15999
INFO|2024-09-25 22:39:14: Epoch[099/100], iter[196/392], loss_total:0.62478, loss_equ:1.97537 loss_pq_vm:0.01021 loss_pq_va:0.15160 loss_pv_va:0.17355
INFO|2024-09-25 22:39:46: Epoch[099/100], iter[235/392], loss_total:0.59921, loss_equ:1.90226 loss_pq_vm:0.00967 loss_pq_va:0.14545 loss_pv_va:0.16680
INFO|2024-09-25 22:40:18: Epoch[099/100], iter[274/392], loss_total:0.58634, loss_equ:1.86331 loss_pq_vm:0.00963 loss_pq_va:0.14161 loss_pv_va:0.16209
INFO|2024-09-25 22:40:50: Epoch[099/100], iter[313/392], loss_total:0.61230, loss_equ:1.94722 loss_pq_vm:0.00992 loss_pq_va:0.14869 loss_pv_va:0.16967
INFO|2024-09-25 22:41:22: Epoch[099/100], iter[352/392], loss_total:0.59983, loss_equ:1.92049 loss_pq_vm:0.00981 loss_pq_va:0.14578 loss_pv_va:0.16386
INFO|2024-09-25 22:41:54: Epoch[099/100], iter[392/392], loss_total:0.60745, loss_equ:1.92074 loss_pq_vm:0.00969 loss_pq_va:0.14811 loss_pv_va:0.17034
INFO|2024-09-25 22:43:10: Epoch 98/100, lr:  0.00001024, eta: 0.11h, train_loss:  0.59674, valid_loss:  0.85592
INFO|2024-09-25 22:43:10: 	Train: PQ_Vm_rmse: 0.00025524  PQ_Va_rmse: 0.00230255  PV_Va_rmse: 0.00251711  delta_p: 0.01144197  delta_q: 0.00286515  
INFO|2024-09-25 22:43:10: 	ZTest: PQ_Vm_rmse: 0.00128006  PQ_Va_rmse: 0.01168108  PV_Va_rmse: 0.01254818  delta_p: 0.02703788  delta_q: 0.00671997  
INFO|2024-09-25 22:43:10: 	ZTest-ema: PQ_Vm_rmse: 0.001290  PQ_Va_rmse: 0.011775  PV_Va_rmse: 0.012622  delta_p: 0.027115  delta_q: 0.006748  
INFO|2024-09-25 22:43:10: 	           ValOfEMA:0.012622/0.012558,  Epoch:99/92
INFO|2024-09-25 22:43:10: 	Time(ep):397s,  Val(curr/best):0.012548/0.012317,  Epoch(curr/best):99/58
INFO|2024-09-25 22:43:10: -------------------- Epoch: 100 --------------------
INFO|2024-09-25 22:43:44: Epoch[100/100], iter[040/392], loss_total:0.61522, loss_equ:1.93007 loss_pq_vm:0.01005 loss_pq_va:0.15044 loss_pv_va:0.17125
INFO|2024-09-25 22:44:16: Epoch[100/100], iter[079/392], loss_total:0.59085, loss_equ:1.88862 loss_pq_vm:0.00958 loss_pq_va:0.14286 loss_pv_va:0.16328
INFO|2024-09-25 22:44:48: Epoch[100/100], iter[118/392], loss_total:0.57029, loss_equ:1.89790 loss_pq_vm:0.00928 loss_pq_va:0.13409 loss_pv_va:0.15359
INFO|2024-09-25 22:45:20: Epoch[100/100], iter[157/392], loss_total:0.61582, loss_equ:1.93468 loss_pq_vm:0.01001 loss_pq_va:0.15203 loss_pv_va:0.17021
INFO|2024-09-25 22:45:52: Epoch[100/100], iter[196/392], loss_total:0.59520, loss_equ:1.88491 loss_pq_vm:0.00960 loss_pq_va:0.14488 loss_pv_va:0.16586
INFO|2024-09-25 22:46:24: Epoch[100/100], iter[235/392], loss_total:0.59488, loss_equ:1.95003 loss_pq_vm:0.00970 loss_pq_va:0.14120 loss_pv_va:0.16173
INFO|2024-09-25 22:46:56: Epoch[100/100], iter[274/392], loss_total:0.59852, loss_equ:1.93424 loss_pq_vm:0.00915 loss_pq_va:0.14605 loss_pv_va:0.16755
INFO|2024-09-25 22:47:28: Epoch[100/100], iter[313/392], loss_total:0.60688, loss_equ:1.92599 loss_pq_vm:0.00991 loss_pq_va:0.14602 loss_pv_va:0.16920
INFO|2024-09-25 22:48:00: Epoch[100/100], iter[352/392], loss_total:0.59140, loss_equ:1.91374 loss_pq_vm:0.00970 loss_pq_va:0.14186 loss_pv_va:0.16118
INFO|2024-09-25 22:48:33: Epoch[100/100], iter[392/392], loss_total:0.57373, loss_equ:1.90902 loss_pq_vm:0.00871 loss_pq_va:0.13686 loss_pv_va:0.15883
INFO|2024-09-25 22:49:48: Epoch 99/100, lr:  0.00001000, eta: 0.0h, train_loss:  0.59616, valid_loss:  0.86385
INFO|2024-09-25 22:49:48: 	Train: PQ_Vm_rmse: 0.00025479  PQ_Va_rmse: 0.00229333  PV_Va_rmse: 0.00251069  delta_p: 0.01132000  delta_q: 0.00284401  
INFO|2024-09-25 22:49:48: 	ZTest: PQ_Vm_rmse: 0.00131228  PQ_Va_rmse: 0.01198704  PV_Va_rmse: 0.01281020  delta_p: 0.02739272  delta_q: 0.00681549  
INFO|2024-09-25 22:49:48: 	ZTest-ema: PQ_Vm_rmse: 0.001282  PQ_Va_rmse: 0.011689  PV_Va_rmse: 0.012498  delta_p: 0.027080  delta_q: 0.006756  
INFO|2024-09-25 22:49:48: 	           ValOfEMA:0.012498/0.012498,  Epoch:100/100
INFO|2024-09-25 22:49:48: 	Time(ep):397s,  Val(curr/best):0.012810/0.012317,  Epoch(curr/best):100/58
