INFO|2024-09-25 11:46:03: 
{'batch_size': 256,
 'config': '/home/bingxing2/ailab/zhaozhen/energy/senseflow/configs/test_gnns_ginconv_v1_2.yaml',
 'data': {'batch_size': 256,
          'batch_size_test': 256,
          'meta': {'edge': [['PQ', 'default', 'PQ'],
                            ['PQ', 'default', 'PV'],
                            ['PQ', 'default', 'Slack'],
                            ['PV', 'default', 'PQ'],
                            ['PV', 'default', 'PV'],
                            ['PV', 'default', 'Slack'],
                            ['Slack', 'default', 'PQ'],
                            ['Slack', 'default', 'PV']],
                   'node': ['PQ', 'PV', 'Slack']},
          'num_workers': 4,
          'train': {'data_root': '/',
                    'dataset_type': 'PowerFlowDataset',
                    'mask_num': 0,
                    'pq_len': 64,
                    'pv_len': 53,
                    'slack_len': 1,
                    'split_txt': '/home/bingxing2/ailab/zhaozhen/energy/senseflow/data_json/processed/10w_case118_n_n_1.json'},
          'val': {'data_root': '/',
                  'dataset_type': 'PowerFlowDataset',
                  'mask_num': 0,
                  'pq_len': 64,
                  'pv_len': 53,
                  'slack_len': 1,
                  'split_txt': '/home/bingxing2/ailab/zhaozhen/energy/senseflow/data_json/processed/2w_case118_n_2.json'}},
 'distributed': False,
 'flag_return_losses': True,
 'local_rank': 0,
 'log_path': './results/test_gnns_ginconv_v1_2/2024_09_25_11_46_03',
 'loss': {'aggr': 'abs', 'filt_type': True, 'type': 'bi_deltapq_loss'},
 'mask_num': 0,
 'model': {'batch_size': 256,
           'ema_decay_param': 0.99,
           'ema_warmup_epoch': 10,
           'flag_use_edge_feat': False,
           'flag_use_ema': True,
           'flag_use_ffn': False,
           'flag_use_fusion': False,
           'flag_weighted_loss': True,
           'gcn_type': 'ginconv',
           'heads_num': 4,
           'hidden_channels': 128,
           'loss_type': 'l1',
           'loss_weight_equ': 0.1,
           'loss_weight_va': 1.0,
           'loss_weight_vm': 10.0,
           'matrix': 'vm_va',
           'num_block': 8,
           'num_loops_test': -1,
           'num_loops_train': 1,
           'resume_ckpt_path': '',
           'scaling_factor_va': 0.01,
           'scaling_factor_vm': 0.01,
           'type': 'test_gnn',
           'with_norm': True},
 'ngpus': 1,
 'pq_len': 64,
 'pv_len': 53,
 'scheduler': {'eta_min': '1e-5', 'type': 'Cosine'},
 'seed': 2024,
 'slack_len': 1,
 'train': {'epochs': 100,
           'learning_rate': 0.001,
           'logs_freq': 10,
           'momentum': 0.9,
           'optimizer_type': 'Adam',
           'weight_decay': 0.0}}
INFO|2024-09-25 11:46:09: ==================== Total number of parameters: 1.065M
INFO|2024-09-25 11:46:09: -------------------- Epoch: 1 --------------------
INFO|2024-09-25 11:46:24: Epoch[001/100], iter[040/392], loss_total:0.65300, loss_equ:1.07801 loss_pq_vm:0.01244 loss_pq_va:0.21751 loss_pv_va:0.20325
INFO|2024-09-25 11:46:38: Epoch[001/100], iter[079/392], loss_total:0.54338, loss_equ:0.89742 loss_pq_vm:0.00957 loss_pq_va:0.18587 loss_pv_va:0.17202
INFO|2024-09-25 11:46:53: Epoch[001/100], iter[118/392], loss_total:0.47045, loss_equ:0.76566 loss_pq_vm:0.00641 loss_pq_va:0.17227 loss_pv_va:0.15756
INFO|2024-09-25 11:47:06: Epoch[001/100], iter[157/392], loss_total:0.40430, loss_equ:0.67871 loss_pq_vm:0.00579 loss_pq_va:0.14365 loss_pv_va:0.13490
INFO|2024-09-25 11:47:20: Epoch[001/100], iter[196/392], loss_total:0.35381, loss_equ:0.61347 loss_pq_vm:0.00476 loss_pq_va:0.12659 loss_pv_va:0.11832
INFO|2024-09-25 11:47:34: Epoch[001/100], iter[235/392], loss_total:0.33062, loss_equ:0.61053 loss_pq_vm:0.00588 loss_pq_va:0.10795 loss_pv_va:0.10284
INFO|2024-09-25 11:47:49: Epoch[001/100], iter[274/392], loss_total:0.29257, loss_equ:0.51312 loss_pq_vm:0.00448 loss_pq_va:0.09981 loss_pv_va:0.09664
INFO|2024-09-25 11:48:02: Epoch[001/100], iter[313/392], loss_total:0.27710, loss_equ:0.49276 loss_pq_vm:0.00441 loss_pq_va:0.09344 loss_pv_va:0.09029
INFO|2024-09-25 11:48:16: Epoch[001/100], iter[352/392], loss_total:0.27020, loss_equ:0.48487 loss_pq_vm:0.00504 loss_pq_va:0.08642 loss_pv_va:0.08488
INFO|2024-09-25 11:48:30: Epoch[001/100], iter[392/392], loss_total:0.23866, loss_equ:0.44651 loss_pq_vm:0.00427 loss_pq_va:0.07592 loss_pv_va:0.07535
INFO|2024-09-25 11:49:21: Epoch 0/100, lr:  0.00099976, eta: 5.28h, train_loss:  0.40983, valid_loss:  0.26098
INFO|2024-09-25 11:49:21: 	Train: PQ_Vm_rmse: 0.00869383  PQ_Va_rmse: 0.18336171  PV_Va_rmse: 0.17466978  delta_p: 0.43541422  delta_q: 0.14423975  
INFO|2024-09-25 11:49:21: 	ZTest: PQ_Vm_rmse: 0.00508420  PQ_Va_rmse: 0.12565348  PV_Va_rmse: 0.12385263  delta_p: 0.33345877  delta_q: 0.08074792  
INFO|2024-09-25 11:49:21: 	ZTest-ema: PQ_Vm_rmse: 0.005084  PQ_Va_rmse: 0.125653  PV_Va_rmse: 0.123853  delta_p: 0.333459  delta_q: 0.080748  
INFO|2024-09-25 11:49:21: 	           ValOfEMA:0.125653/0.125653,  Epoch:1/1
INFO|2024-09-25 11:49:22: 	Time(ep):191s,  Val(curr/best):0.125653/0.125653,  Epoch(curr/best):1/1
INFO|2024-09-25 11:49:22: -------------------- Epoch: 2 --------------------
INFO|2024-09-25 11:49:34: Epoch[002/100], iter[040/392], loss_total:0.22828, loss_equ:0.41276 loss_pq_vm:0.00275 loss_pq_va:0.07962 loss_pv_va:0.07992
INFO|2024-09-25 11:49:46: Epoch[002/100], iter[079/392], loss_total:0.25623, loss_equ:0.41442 loss_pq_vm:0.00537 loss_pq_va:0.08035 loss_pv_va:0.08077
INFO|2024-09-25 11:49:58: Epoch[002/100], iter[118/392], loss_total:0.22320, loss_equ:0.37780 loss_pq_vm:0.00349 loss_pq_va:0.07543 loss_pv_va:0.07514
INFO|2024-09-25 11:50:10: Epoch[002/100], iter[157/392], loss_total:0.23374, loss_equ:0.41915 loss_pq_vm:0.00483 loss_pq_va:0.07244 loss_pv_va:0.07109
INFO|2024-09-25 11:50:21: Epoch[002/100], iter[196/392], loss_total:0.20904, loss_equ:0.37464 loss_pq_vm:0.00354 loss_pq_va:0.06898 loss_pv_va:0.06721
INFO|2024-09-25 11:50:33: Epoch[002/100], iter[235/392], loss_total:0.21075, loss_equ:0.34813 loss_pq_vm:0.00328 loss_pq_va:0.07269 loss_pv_va:0.07044
INFO|2024-09-25 11:50:46: Epoch[002/100], iter[274/392], loss_total:0.21730, loss_equ:0.45455 loss_pq_vm:0.00260 loss_pq_va:0.07411 loss_pv_va:0.07179
INFO|2024-09-25 11:50:58: Epoch[002/100], iter[313/392], loss_total:0.21133, loss_equ:0.36507 loss_pq_vm:0.00390 loss_pq_va:0.06904 loss_pv_va:0.06679
INFO|2024-09-25 11:51:11: Epoch[002/100], iter[352/392], loss_total:0.20147, loss_equ:0.34224 loss_pq_vm:0.00275 loss_pq_va:0.07075 loss_pv_va:0.06899
INFO|2024-09-25 11:51:23: Epoch[002/100], iter[392/392], loss_total:0.21630, loss_equ:0.37814 loss_pq_vm:0.00377 loss_pq_va:0.07012 loss_pv_va:0.07063
INFO|2024-09-25 11:52:12: Epoch 1/100, lr:  0.00099902, eta: 4.65h, train_loss:  0.21935, valid_loss:  0.21485
INFO|2024-09-25 11:52:12: 	Train: PQ_Vm_rmse: 0.00463549  PQ_Va_rmse: 0.10479917  PV_Va_rmse: 0.10224625  delta_p: 0.24201828  delta_q: 0.06774897  
INFO|2024-09-25 11:52:12: 	ZTest: PQ_Vm_rmse: 0.00458079  PQ_Va_rmse: 0.10968894  PV_Va_rmse: 0.10630336  delta_p: 0.23381192  delta_q: 0.06477112  
INFO|2024-09-25 11:52:12: 	ZTest-ema: PQ_Vm_rmse: 0.004581  PQ_Va_rmse: 0.109689  PV_Va_rmse: 0.106303  delta_p: 0.233812  delta_q: 0.064771  
INFO|2024-09-25 11:52:12: 	           ValOfEMA:0.109689/0.109689,  Epoch:2/2
INFO|2024-09-25 11:52:13: 	Time(ep):170s,  Val(curr/best):0.109689/0.109689,  Epoch(curr/best):2/2
INFO|2024-09-25 11:52:13: -------------------- Epoch: 3 --------------------
INFO|2024-09-25 11:52:26: Epoch[003/100], iter[040/392], loss_total:0.19866, loss_equ:0.30630 loss_pq_vm:0.00280 loss_pq_va:0.07104 loss_pv_va:0.06895
INFO|2024-09-25 11:52:38: Epoch[003/100], iter[079/392], loss_total:0.19716, loss_equ:0.29756 loss_pq_vm:0.00266 loss_pq_va:0.07060 loss_pv_va:0.07023
INFO|2024-09-25 11:52:51: Epoch[003/100], iter[118/392], loss_total:0.19501, loss_equ:0.32170 loss_pq_vm:0.00281 loss_pq_va:0.06844 loss_pv_va:0.06634
INFO|2024-09-25 11:53:03: Epoch[003/100], iter[157/392], loss_total:0.18220, loss_equ:0.30286 loss_pq_vm:0.00246 loss_pq_va:0.06527 loss_pv_va:0.06208
INFO|2024-09-25 11:53:15: Epoch[003/100], iter[196/392], loss_total:0.19950, loss_equ:0.34795 loss_pq_vm:0.00306 loss_pq_va:0.06786 loss_pv_va:0.06623
INFO|2024-09-25 11:53:27: Epoch[003/100], iter[235/392], loss_total:0.18537, loss_equ:0.32453 loss_pq_vm:0.00241 loss_pq_va:0.06545 loss_pv_va:0.06336
INFO|2024-09-25 11:53:39: Epoch[003/100], iter[274/392], loss_total:0.18253, loss_equ:0.32064 loss_pq_vm:0.00209 loss_pq_va:0.06615 loss_pv_va:0.06341
INFO|2024-09-25 11:53:51: Epoch[003/100], iter[313/392], loss_total:0.18715, loss_equ:0.35227 loss_pq_vm:0.00316 loss_pq_va:0.06171 loss_pv_va:0.05858
INFO|2024-09-25 11:54:03: Epoch[003/100], iter[352/392], loss_total:0.19428, loss_equ:0.30492 loss_pq_vm:0.00284 loss_pq_va:0.06826 loss_pv_va:0.06709
INFO|2024-09-25 11:54:16: Epoch[003/100], iter[392/392], loss_total:0.19387, loss_equ:0.30618 loss_pq_vm:0.00277 loss_pq_va:0.06854 loss_pv_va:0.06703
INFO|2024-09-25 11:55:04: Epoch 2/100, lr:  0.00099780, eta: 4.61h, train_loss:  0.19507, valid_loss:  0.20520
INFO|2024-09-25 11:55:04: 	Train: PQ_Vm_rmse: 0.00387876  PQ_Va_rmse: 0.09646245  PV_Va_rmse: 0.09287855  delta_p: 0.21711410  delta_q: 0.05738257  
INFO|2024-09-25 11:55:04: 	ZTest: PQ_Vm_rmse: 0.00442706  PQ_Va_rmse: 0.10315834  PV_Va_rmse: 0.09954528  delta_p: 0.21929693  delta_q: 0.06237008  
INFO|2024-09-25 11:55:04: 	ZTest-ema: PQ_Vm_rmse: 0.004427  PQ_Va_rmse: 0.103158  PV_Va_rmse: 0.099545  delta_p: 0.219297  delta_q: 0.062370  
INFO|2024-09-25 11:55:04: 	           ValOfEMA:0.103158/0.103158,  Epoch:3/3
INFO|2024-09-25 11:55:05: 	Time(ep):171s,  Val(curr/best):0.103158/0.103158,  Epoch(curr/best):3/3
INFO|2024-09-25 11:55:05: -------------------- Epoch: 4 --------------------
INFO|2024-09-25 11:55:18: Epoch[004/100], iter[040/392], loss_total:0.17843, loss_equ:0.28749 loss_pq_vm:0.00217 loss_pq_va:0.06449 loss_pv_va:0.06352
INFO|2024-09-25 11:55:31: Epoch[004/100], iter[079/392], loss_total:0.17760, loss_equ:0.28626 loss_pq_vm:0.00226 loss_pq_va:0.06478 loss_pv_va:0.06158
INFO|2024-09-25 11:55:43: Epoch[004/100], iter[118/392], loss_total:0.18477, loss_equ:0.30911 loss_pq_vm:0.00272 loss_pq_va:0.06513 loss_pv_va:0.06149
INFO|2024-09-25 11:55:56: Epoch[004/100], iter[157/392], loss_total:0.18096, loss_equ:0.32799 loss_pq_vm:0.00313 loss_pq_va:0.05972 loss_pv_va:0.05715
INFO|2024-09-25 11:56:07: Epoch[004/100], iter[196/392], loss_total:0.18413, loss_equ:0.30802 loss_pq_vm:0.00268 loss_pq_va:0.06407 loss_pv_va:0.06246
INFO|2024-09-25 11:56:19: Epoch[004/100], iter[235/392], loss_total:0.16933, loss_equ:0.29141 loss_pq_vm:0.00279 loss_pq_va:0.05751 loss_pv_va:0.05481
INFO|2024-09-25 11:56:31: Epoch[004/100], iter[274/392], loss_total:0.19264, loss_equ:0.32149 loss_pq_vm:0.00237 loss_pq_va:0.06945 loss_pv_va:0.06733
INFO|2024-09-25 11:56:44: Epoch[004/100], iter[313/392], loss_total:0.19257, loss_equ:0.31154 loss_pq_vm:0.00376 loss_pq_va:0.06291 loss_pv_va:0.06091
INFO|2024-09-25 11:56:55: Epoch[004/100], iter[352/392], loss_total:0.17448, loss_equ:0.29917 loss_pq_vm:0.00232 loss_pq_va:0.06106 loss_pv_va:0.06031
INFO|2024-09-25 11:57:08: Epoch[004/100], iter[392/392], loss_total:0.16503, loss_equ:0.28057 loss_pq_vm:0.00237 loss_pq_va:0.05783 loss_pv_va:0.05549
INFO|2024-09-25 11:57:56: Epoch 3/100, lr:  0.00099610, eta: 4.57h, train_loss:  0.17996, valid_loss:  0.17426
INFO|2024-09-25 11:57:56: 	Train: PQ_Vm_rmse: 0.00374827  PQ_Va_rmse: 0.08789353  PV_Va_rmse: 0.08397321  delta_p: 0.20705165  delta_q: 0.05513802  
INFO|2024-09-25 11:57:56: 	ZTest: PQ_Vm_rmse: 0.00361020  PQ_Va_rmse: 0.09208399  PV_Va_rmse: 0.08705010  delta_p: 0.21574183  delta_q: 0.05228716  
INFO|2024-09-25 11:57:56: 	ZTest-ema: PQ_Vm_rmse: 0.003610  PQ_Va_rmse: 0.092084  PV_Va_rmse: 0.087050  delta_p: 0.215742  delta_q: 0.052287  
INFO|2024-09-25 11:57:56: 	           ValOfEMA:0.092084/0.092084,  Epoch:4/4
INFO|2024-09-25 11:57:57: 	Time(ep):171s,  Val(curr/best):0.092084/0.092084,  Epoch(curr/best):4/4
INFO|2024-09-25 11:57:57: -------------------- Epoch: 5 --------------------
INFO|2024-09-25 11:58:10: Epoch[005/100], iter[040/392], loss_total:0.16659, loss_equ:0.28417 loss_pq_vm:0.00235 loss_pq_va:0.05717 loss_pv_va:0.05748
INFO|2024-09-25 11:58:22: Epoch[005/100], iter[079/392], loss_total:0.16251, loss_equ:0.27822 loss_pq_vm:0.00262 loss_pq_va:0.05472 loss_pv_va:0.05377
INFO|2024-09-25 11:58:34: Epoch[005/100], iter[118/392], loss_total:0.16568, loss_equ:0.27645 loss_pq_vm:0.00219 loss_pq_va:0.05906 loss_pv_va:0.05709
INFO|2024-09-25 11:58:47: Epoch[005/100], iter[157/392], loss_total:0.18109, loss_equ:0.30950 loss_pq_vm:0.00237 loss_pq_va:0.06476 loss_pv_va:0.06167
INFO|2024-09-25 11:58:58: Epoch[005/100], iter[196/392], loss_total:0.16656, loss_equ:0.30359 loss_pq_vm:0.00265 loss_pq_va:0.05583 loss_pv_va:0.05388
INFO|2024-09-25 11:59:10: Epoch[005/100], iter[235/392], loss_total:0.15758, loss_equ:0.30714 loss_pq_vm:0.00280 loss_pq_va:0.05062 loss_pv_va:0.04826
INFO|2024-09-25 11:59:23: Epoch[005/100], iter[274/392], loss_total:0.14987, loss_equ:0.28245 loss_pq_vm:0.00235 loss_pq_va:0.05038 loss_pv_va:0.04773
INFO|2024-09-25 11:59:35: Epoch[005/100], iter[313/392], loss_total:0.14953, loss_equ:0.26610 loss_pq_vm:0.00199 loss_pq_va:0.05258 loss_pv_va:0.05045
INFO|2024-09-25 11:59:46: Epoch[005/100], iter[352/392], loss_total:0.16705, loss_equ:0.30400 loss_pq_vm:0.00353 loss_pq_va:0.05141 loss_pv_va:0.04993
INFO|2024-09-25 11:59:59: Epoch[005/100], iter[392/392], loss_total:0.16906, loss_equ:0.27535 loss_pq_vm:0.00261 loss_pq_va:0.05902 loss_pv_va:0.05638
INFO|2024-09-25 12:00:48: Epoch 4/100, lr:  0.00099391, eta: 4.52h, train_loss:  0.16626, valid_loss:  0.16980
INFO|2024-09-25 12:00:48: 	Train: PQ_Vm_rmse: 0.00357462  PQ_Va_rmse: 0.07961704  PV_Va_rmse: 0.07637591  delta_p: 0.19817237  delta_q: 0.05232319  
INFO|2024-09-25 12:00:48: 	ZTest: PQ_Vm_rmse: 0.00424571  PQ_Va_rmse: 0.08320237  PV_Va_rmse: 0.07912398  delta_p: 0.19472472  delta_q: 0.05543085  
INFO|2024-09-25 12:00:48: 	ZTest-ema: PQ_Vm_rmse: 0.004246  PQ_Va_rmse: 0.083202  PV_Va_rmse: 0.079124  delta_p: 0.194725  delta_q: 0.055431  
INFO|2024-09-25 12:00:48: 	           ValOfEMA:0.083202/0.083202,  Epoch:5/5
INFO|2024-09-25 12:00:49: 	Time(ep):171s,  Val(curr/best):0.083202/0.083202,  Epoch(curr/best):5/5
INFO|2024-09-25 12:00:49: -------------------- Epoch: 6 --------------------
INFO|2024-09-25 12:01:02: Epoch[006/100], iter[040/392], loss_total:0.15193, loss_equ:0.28814 loss_pq_vm:0.00278 loss_pq_va:0.04849 loss_pv_va:0.04682
INFO|2024-09-25 12:01:13: Epoch[006/100], iter[079/392], loss_total:0.15050, loss_equ:0.30113 loss_pq_vm:0.00254 loss_pq_va:0.04776 loss_pv_va:0.04719
INFO|2024-09-25 12:01:25: Epoch[006/100], iter[118/392], loss_total:0.13775, loss_equ:0.25480 loss_pq_vm:0.00198 loss_pq_va:0.04723 loss_pv_va:0.04528
INFO|2024-09-25 12:01:37: Epoch[006/100], iter[157/392], loss_total:0.16215, loss_equ:0.28353 loss_pq_vm:0.00238 loss_pq_va:0.05520 loss_pv_va:0.05476
INFO|2024-09-25 12:01:49: Epoch[006/100], iter[196/392], loss_total:0.15002, loss_equ:0.27209 loss_pq_vm:0.00230 loss_pq_va:0.05075 loss_pv_va:0.04911
INFO|2024-09-25 12:02:00: Epoch[006/100], iter[235/392], loss_total:0.15403, loss_equ:0.29148 loss_pq_vm:0.00209 loss_pq_va:0.05285 loss_pv_va:0.05113
INFO|2024-09-25 12:02:12: Epoch[006/100], iter[274/392], loss_total:0.15230, loss_equ:0.29400 loss_pq_vm:0.00225 loss_pq_va:0.05098 loss_pv_va:0.04941
INFO|2024-09-25 12:02:24: Epoch[006/100], iter[313/392], loss_total:0.14170, loss_equ:0.27532 loss_pq_vm:0.00235 loss_pq_va:0.04581 loss_pv_va:0.04481
INFO|2024-09-25 12:02:37: Epoch[006/100], iter[352/392], loss_total:0.15024, loss_equ:0.29131 loss_pq_vm:0.00251 loss_pq_va:0.04857 loss_pv_va:0.04746
INFO|2024-09-25 12:02:50: Epoch[006/100], iter[392/392], loss_total:0.14293, loss_equ:0.27280 loss_pq_vm:0.00233 loss_pq_va:0.04687 loss_pv_va:0.04545
INFO|2024-09-25 12:03:39: Epoch 5/100, lr:  0.00099123, eta: 4.44h, train_loss:  0.15466, valid_loss:  0.17339
INFO|2024-09-25 12:03:39: 	Train: PQ_Vm_rmse: 0.00341982  PQ_Va_rmse: 0.07279088  PV_Va_rmse: 0.07034528  delta_p: 0.18884774  delta_q: 0.04975183  
INFO|2024-09-25 12:03:39: 	ZTest: PQ_Vm_rmse: 0.00429659  PQ_Va_rmse: 0.08097481  PV_Va_rmse: 0.07914554  delta_p: 0.18860988  delta_q: 0.05471808  
INFO|2024-09-25 12:03:39: 	ZTest-ema: PQ_Vm_rmse: 0.004297  PQ_Va_rmse: 0.080975  PV_Va_rmse: 0.079146  delta_p: 0.188610  delta_q: 0.054718  
INFO|2024-09-25 12:03:39: 	           ValOfEMA:0.080975/0.080975,  Epoch:6/6
INFO|2024-09-25 12:03:39: 	Time(ep):169s,  Val(curr/best):0.080975/0.080975,  Epoch(curr/best):6/6
INFO|2024-09-25 12:03:39: -------------------- Epoch: 7 --------------------
INFO|2024-09-25 12:03:52: Epoch[007/100], iter[040/392], loss_total:0.15800, loss_equ:0.26756 loss_pq_vm:0.00189 loss_pq_va:0.05764 loss_pv_va:0.05468
INFO|2024-09-25 12:04:04: Epoch[007/100], iter[079/392], loss_total:0.15764, loss_equ:0.28849 loss_pq_vm:0.00219 loss_pq_va:0.05451 loss_pv_va:0.05241
INFO|2024-09-25 12:04:16: Epoch[007/100], iter[118/392], loss_total:0.14945, loss_equ:0.27251 loss_pq_vm:0.00258 loss_pq_va:0.04951 loss_pv_va:0.04689
INFO|2024-09-25 12:04:28: Epoch[007/100], iter[157/392], loss_total:0.15794, loss_equ:0.35819 loss_pq_vm:0.00242 loss_pq_va:0.05021 loss_pv_va:0.04773
INFO|2024-09-25 12:04:39: Epoch[007/100], iter[196/392], loss_total:0.15185, loss_equ:0.27745 loss_pq_vm:0.00293 loss_pq_va:0.04788 loss_pv_va:0.04688
INFO|2024-09-25 12:04:51: Epoch[007/100], iter[235/392], loss_total:0.13862, loss_equ:0.26104 loss_pq_vm:0.00266 loss_pq_va:0.04354 loss_pv_va:0.04233
INFO|2024-09-25 12:05:03: Epoch[007/100], iter[274/392], loss_total:0.16033, loss_equ:0.29004 loss_pq_vm:0.00338 loss_pq_va:0.04982 loss_pv_va:0.04768
INFO|2024-09-25 12:05:15: Epoch[007/100], iter[313/392], loss_total:0.14374, loss_equ:0.26282 loss_pq_vm:0.00214 loss_pq_va:0.04834 loss_pv_va:0.04777
INFO|2024-09-25 12:05:27: Epoch[007/100], iter[352/392], loss_total:0.13132, loss_equ:0.24757 loss_pq_vm:0.00186 loss_pq_va:0.04482 loss_pv_va:0.04317
INFO|2024-09-25 12:05:39: Epoch[007/100], iter[392/392], loss_total:0.14235, loss_equ:0.25482 loss_pq_vm:0.00196 loss_pq_va:0.04908 loss_pv_va:0.04819
INFO|2024-09-25 12:06:28: Epoch 6/100, lr:  0.00098808, eta: 4.35h, train_loss:  0.14841, valid_loss:  0.14775
INFO|2024-09-25 12:06:28: 	Train: PQ_Vm_rmse: 0.00331862  PQ_Va_rmse: 0.06891436  PV_Va_rmse: 0.06664852  delta_p: 0.18845440  delta_q: 0.04884795  
INFO|2024-09-25 12:06:28: 	ZTest: PQ_Vm_rmse: 0.00351310  PQ_Va_rmse: 0.07311851  PV_Va_rmse: 0.06987863  delta_p: 0.18647036  delta_q: 0.05462077  
INFO|2024-09-25 12:06:28: 	ZTest-ema: PQ_Vm_rmse: 0.003513  PQ_Va_rmse: 0.073119  PV_Va_rmse: 0.069879  delta_p: 0.186470  delta_q: 0.054621  
INFO|2024-09-25 12:06:28: 	           ValOfEMA:0.073119/0.073119,  Epoch:7/7
INFO|2024-09-25 12:06:28: 	Time(ep):168s,  Val(curr/best):0.073119/0.073119,  Epoch(curr/best):7/7
INFO|2024-09-25 12:06:28: -------------------- Epoch: 8 --------------------
INFO|2024-09-25 12:06:41: Epoch[008/100], iter[040/392], loss_total:0.14443, loss_equ:0.24301 loss_pq_vm:0.00204 loss_pq_va:0.04993 loss_pv_va:0.04977
INFO|2024-09-25 12:06:53: Epoch[008/100], iter[079/392], loss_total:0.13070, loss_equ:0.28039 loss_pq_vm:0.00178 loss_pq_va:0.04304 loss_pv_va:0.04181
INFO|2024-09-25 12:07:05: Epoch[008/100], iter[118/392], loss_total:0.13605, loss_equ:0.27377 loss_pq_vm:0.00201 loss_pq_va:0.04441 loss_pv_va:0.04416
INFO|2024-09-25 12:07:17: Epoch[008/100], iter[157/392], loss_total:0.13945, loss_equ:0.27772 loss_pq_vm:0.00313 loss_pq_va:0.04095 loss_pv_va:0.03946
INFO|2024-09-25 12:07:29: Epoch[008/100], iter[196/392], loss_total:0.13708, loss_equ:0.27019 loss_pq_vm:0.00190 loss_pq_va:0.04653 loss_pv_va:0.04450
INFO|2024-09-25 12:07:40: Epoch[008/100], iter[235/392], loss_total:0.13953, loss_equ:0.25766 loss_pq_vm:0.00214 loss_pq_va:0.04752 loss_pv_va:0.04482
INFO|2024-09-25 12:07:52: Epoch[008/100], iter[274/392], loss_total:0.12574, loss_equ:0.24905 loss_pq_vm:0.00198 loss_pq_va:0.04147 loss_pv_va:0.03960
INFO|2024-09-25 12:08:04: Epoch[008/100], iter[313/392], loss_total:0.13611, loss_equ:0.26955 loss_pq_vm:0.00213 loss_pq_va:0.04406 loss_pv_va:0.04377
INFO|2024-09-25 12:08:16: Epoch[008/100], iter[352/392], loss_total:0.13294, loss_equ:0.25308 loss_pq_vm:0.00192 loss_pq_va:0.04452 loss_pv_va:0.04394
INFO|2024-09-25 12:08:29: Epoch[008/100], iter[392/392], loss_total:0.14022, loss_equ:0.22839 loss_pq_vm:0.00203 loss_pq_va:0.04865 loss_pv_va:0.04841
INFO|2024-09-25 12:09:16: Epoch 7/100, lr:  0.00098445, eta: 4.3h, train_loss:  0.13987, valid_loss:  0.14469
INFO|2024-09-25 12:09:16: 	Train: PQ_Vm_rmse: 0.00313833  PQ_Va_rmse: 0.06480594  PV_Va_rmse: 0.06249706  delta_p: 0.18259879  delta_q: 0.04698872  
INFO|2024-09-25 12:09:16: 	ZTest: PQ_Vm_rmse: 0.00332205  PQ_Va_rmse: 0.07337990  PV_Va_rmse: 0.07102889  delta_p: 0.16705738  delta_q: 0.04270798  
INFO|2024-09-25 12:09:16: 	ZTest-ema: PQ_Vm_rmse: 0.003322  PQ_Va_rmse: 0.073380  PV_Va_rmse: 0.071029  delta_p: 0.167057  delta_q: 0.042708  
INFO|2024-09-25 12:09:16: 	           ValOfEMA:0.073380/0.073119,  Epoch:8/7
INFO|2024-09-25 12:09:17: 	Time(ep):168s,  Val(curr/best):0.073380/0.073119,  Epoch(curr/best):8/7
INFO|2024-09-25 12:09:17: -------------------- Epoch: 9 --------------------
INFO|2024-09-25 12:09:30: Epoch[009/100], iter[040/392], loss_total:0.14913, loss_equ:0.26242 loss_pq_vm:0.00219 loss_pq_va:0.05179 loss_pv_va:0.04915
INFO|2024-09-25 12:09:42: Epoch[009/100], iter[079/392], loss_total:0.12941, loss_equ:0.25942 loss_pq_vm:0.00176 loss_pq_va:0.04391 loss_pv_va:0.04195
INFO|2024-09-25 12:09:54: Epoch[009/100], iter[118/392], loss_total:0.13269, loss_equ:0.24288 loss_pq_vm:0.00226 loss_pq_va:0.04390 loss_pv_va:0.04187
INFO|2024-09-25 12:10:06: Epoch[009/100], iter[157/392], loss_total:0.12342, loss_equ:0.23383 loss_pq_vm:0.00187 loss_pq_va:0.04124 loss_pv_va:0.04005
INFO|2024-09-25 12:10:18: Epoch[009/100], iter[196/392], loss_total:0.14379, loss_equ:0.25820 loss_pq_vm:0.00311 loss_pq_va:0.04405 loss_pv_va:0.04277
INFO|2024-09-25 12:10:30: Epoch[009/100], iter[235/392], loss_total:0.12334, loss_equ:0.24611 loss_pq_vm:0.00187 loss_pq_va:0.04067 loss_pv_va:0.03939
INFO|2024-09-25 12:10:42: Epoch[009/100], iter[274/392], loss_total:0.14205, loss_equ:0.27271 loss_pq_vm:0.00285 loss_pq_va:0.04400 loss_pv_va:0.04224
INFO|2024-09-25 12:10:54: Epoch[009/100], iter[313/392], loss_total:0.13340, loss_equ:0.26270 loss_pq_vm:0.00299 loss_pq_va:0.03942 loss_pv_va:0.03783
INFO|2024-09-25 12:11:06: Epoch[009/100], iter[352/392], loss_total:0.14569, loss_equ:0.25479 loss_pq_vm:0.00205 loss_pq_va:0.04922 loss_pv_va:0.05050
INFO|2024-09-25 12:11:18: Epoch[009/100], iter[392/392], loss_total:0.14960, loss_equ:0.23872 loss_pq_vm:0.00190 loss_pq_va:0.05456 loss_pv_va:0.05215
INFO|2024-09-25 12:12:07: Epoch 8/100, lr:  0.00098035, eta: 4.31h, train_loss:  0.13409, valid_loss:  0.15667
INFO|2024-09-25 12:12:07: 	Train: PQ_Vm_rmse: 0.00303963  PQ_Va_rmse: 0.06263805  PV_Va_rmse: 0.06032418  delta_p: 0.16622686  delta_q: 0.04419791  
INFO|2024-09-25 12:12:07: 	ZTest: PQ_Vm_rmse: 0.00321885  PQ_Va_rmse: 0.07901327  PV_Va_rmse: 0.07511743  delta_p: 0.17282966  delta_q: 0.04656211  
INFO|2024-09-25 12:12:07: 	ZTest-ema: PQ_Vm_rmse: 0.003219  PQ_Va_rmse: 0.079013  PV_Va_rmse: 0.075117  delta_p: 0.172830  delta_q: 0.046562  
INFO|2024-09-25 12:12:07: 	           ValOfEMA:0.079013/0.073119,  Epoch:9/7
INFO|2024-09-25 12:12:07: 	Time(ep):170s,  Val(curr/best):0.079013/0.073119,  Epoch(curr/best):9/7
INFO|2024-09-25 12:12:07: -------------------- Epoch: 10 --------------------
INFO|2024-09-25 12:12:20: Epoch[010/100], iter[040/392], loss_total:0.11501, loss_equ:0.22635 loss_pq_vm:0.00193 loss_pq_va:0.03719 loss_pv_va:0.03586
INFO|2024-09-25 12:12:32: Epoch[010/100], iter[079/392], loss_total:0.12443, loss_equ:0.25139 loss_pq_vm:0.00179 loss_pq_va:0.04155 loss_pv_va:0.03985
INFO|2024-09-25 12:12:44: Epoch[010/100], iter[118/392], loss_total:0.13883, loss_equ:0.29441 loss_pq_vm:0.00223 loss_pq_va:0.04341 loss_pv_va:0.04365
INFO|2024-09-25 12:12:56: Epoch[010/100], iter[157/392], loss_total:0.14118, loss_equ:0.23943 loss_pq_vm:0.00251 loss_pq_va:0.04622 loss_pv_va:0.04597
INFO|2024-09-25 12:13:07: Epoch[010/100], iter[196/392], loss_total:0.15609, loss_equ:0.24922 loss_pq_vm:0.00253 loss_pq_va:0.05252 loss_pv_va:0.05338
INFO|2024-09-25 12:13:20: Epoch[010/100], iter[235/392], loss_total:0.14549, loss_equ:0.28395 loss_pq_vm:0.00207 loss_pq_va:0.04747 loss_pv_va:0.04893
INFO|2024-09-25 12:13:33: Epoch[010/100], iter[274/392], loss_total:0.13741, loss_equ:0.26567 loss_pq_vm:0.00196 loss_pq_va:0.04625 loss_pv_va:0.04496
INFO|2024-09-25 12:13:44: Epoch[010/100], iter[313/392], loss_total:0.12374, loss_equ:0.23132 loss_pq_vm:0.00245 loss_pq_va:0.03818 loss_pv_va:0.03796
INFO|2024-09-25 12:13:55: Epoch[010/100], iter[352/392], loss_total:0.12389, loss_equ:0.21738 loss_pq_vm:0.00177 loss_pq_va:0.04267 loss_pv_va:0.04182
INFO|2024-09-25 12:14:07: Epoch[010/100], iter[392/392], loss_total:0.13259, loss_equ:0.23867 loss_pq_vm:0.00197 loss_pq_va:0.04456 loss_pv_va:0.04444
INFO|2024-09-25 12:14:56: Epoch 9/100, lr:  0.00097577, eta: 4.21h, train_loss:  0.13140, valid_loss:  0.13904
INFO|2024-09-25 12:14:56: 	Train: PQ_Vm_rmse: 0.00294255  PQ_Va_rmse: 0.06128323  PV_Va_rmse: 0.05902351  delta_p: 0.16735491  delta_q: 0.04328745  
INFO|2024-09-25 12:14:56: 	ZTest: PQ_Vm_rmse: 0.00316395  PQ_Va_rmse: 0.06985345  PV_Va_rmse: 0.06753051  delta_p: 0.16769859  delta_q: 0.04317046  
INFO|2024-09-25 12:14:56: 	ZTest-ema: PQ_Vm_rmse: 0.003164  PQ_Va_rmse: 0.069853  PV_Va_rmse: 0.067531  delta_p: 0.167699  delta_q: 0.043170  
INFO|2024-09-25 12:14:56: 	           ValOfEMA:0.069853/0.069853,  Epoch:10/10
INFO|2024-09-25 12:14:56: 	Time(ep):168s,  Val(curr/best):0.069853/0.069853,  Epoch(curr/best):10/10
INFO|2024-09-25 12:14:56: -------------------- Epoch: 11 --------------------
INFO|2024-09-25 12:15:09: Epoch[011/100], iter[040/392], loss_total:0.15658, loss_equ:0.27815 loss_pq_vm:0.00249 loss_pq_va:0.05207 loss_pv_va:0.05175
INFO|2024-09-25 12:15:21: Epoch[011/100], iter[079/392], loss_total:0.13901, loss_equ:0.27586 loss_pq_vm:0.00233 loss_pq_va:0.04444 loss_pv_va:0.04365
INFO|2024-09-25 12:15:33: Epoch[011/100], iter[118/392], loss_total:0.13161, loss_equ:0.21822 loss_pq_vm:0.00191 loss_pq_va:0.04607 loss_pv_va:0.04465
INFO|2024-09-25 12:15:45: Epoch[011/100], iter[157/392], loss_total:0.12447, loss_equ:0.21453 loss_pq_vm:0.00167 loss_pq_va:0.04375 loss_pv_va:0.04257
INFO|2024-09-25 12:15:57: Epoch[011/100], iter[196/392], loss_total:0.11542, loss_equ:0.22741 loss_pq_vm:0.00180 loss_pq_va:0.03802 loss_pv_va:0.03671
INFO|2024-09-25 12:16:09: Epoch[011/100], iter[235/392], loss_total:0.12958, loss_equ:0.22100 loss_pq_vm:0.00189 loss_pq_va:0.04501 loss_pv_va:0.04361
INFO|2024-09-25 12:16:21: Epoch[011/100], iter[274/392], loss_total:0.12566, loss_equ:0.24744 loss_pq_vm:0.00176 loss_pq_va:0.04224 loss_pv_va:0.04104
INFO|2024-09-25 12:16:34: Epoch[011/100], iter[313/392], loss_total:0.12590, loss_equ:0.25082 loss_pq_vm:0.00285 loss_pq_va:0.03698 loss_pv_va:0.03529
INFO|2024-09-25 12:16:46: Epoch[011/100], iter[352/392], loss_total:0.12211, loss_equ:0.23994 loss_pq_vm:0.00257 loss_pq_va:0.03669 loss_pv_va:0.03574
INFO|2024-09-25 12:16:58: Epoch[011/100], iter[392/392], loss_total:0.12700, loss_equ:0.22571 loss_pq_vm:0.00189 loss_pq_va:0.04308 loss_pv_va:0.04241
INFO|2024-09-25 12:17:46: Epoch 10/100, lr:  0.00097074, eta: 4.19h, train_loss:  0.12753, valid_loss:  0.12995
INFO|2024-09-25 12:17:46: 	Train: PQ_Vm_rmse: 0.00292298  PQ_Va_rmse: 0.05940429  PV_Va_rmse: 0.05706696  delta_p: 0.15930726  delta_q: 0.04307960  
INFO|2024-09-25 12:17:46: 	ZTest: PQ_Vm_rmse: 0.00307336  PQ_Va_rmse: 0.06558247  PV_Va_rmse: 0.06234807  delta_p: 0.17675057  delta_q: 0.04271834  
INFO|2024-09-25 12:17:46: 	ZTest-ema: PQ_Vm_rmse: 0.003073  PQ_Va_rmse: 0.065582  PV_Va_rmse: 0.062348  delta_p: 0.176751  delta_q: 0.042718  
INFO|2024-09-25 12:17:46: 	           ValOfEMA:0.065582/0.065582,  Epoch:11/11
INFO|2024-09-25 12:17:46: 	Time(ep):169s,  Val(curr/best):0.065582/0.065582,  Epoch(curr/best):11/11
INFO|2024-09-25 12:17:46: -------------------- Epoch: 12 --------------------
INFO|2024-09-25 12:17:59: Epoch[012/100], iter[040/392], loss_total:0.12511, loss_equ:0.22162 loss_pq_vm:0.00190 loss_pq_va:0.04279 loss_pv_va:0.04118
INFO|2024-09-25 12:18:11: Epoch[012/100], iter[079/392], loss_total:0.12989, loss_equ:0.22476 loss_pq_vm:0.00178 loss_pq_va:0.04555 loss_pv_va:0.04407
INFO|2024-09-25 12:18:23: Epoch[012/100], iter[118/392], loss_total:0.12361, loss_equ:0.24216 loss_pq_vm:0.00171 loss_pq_va:0.04216 loss_pv_va:0.04017
INFO|2024-09-25 12:18:35: Epoch[012/100], iter[157/392], loss_total:0.11917, loss_equ:0.23303 loss_pq_vm:0.00190 loss_pq_va:0.03939 loss_pv_va:0.03752
INFO|2024-09-25 12:18:46: Epoch[012/100], iter[196/392], loss_total:0.14266, loss_equ:0.26241 loss_pq_vm:0.00223 loss_pq_va:0.04685 loss_pv_va:0.04725
INFO|2024-09-25 12:18:58: Epoch[012/100], iter[235/392], loss_total:0.13896, loss_equ:0.26326 loss_pq_vm:0.00403 loss_pq_va:0.03682 loss_pv_va:0.03550
INFO|2024-09-25 12:19:11: Epoch[012/100], iter[274/392], loss_total:0.13295, loss_equ:0.23627 loss_pq_vm:0.00181 loss_pq_va:0.04613 loss_pv_va:0.04506
INFO|2024-09-25 12:19:23: Epoch[012/100], iter[313/392], loss_total:0.13080, loss_equ:0.24174 loss_pq_vm:0.00216 loss_pq_va:0.04272 loss_pv_va:0.04231
INFO|2024-09-25 12:19:36: Epoch[012/100], iter[352/392], loss_total:0.11018, loss_equ:0.21924 loss_pq_vm:0.00167 loss_pq_va:0.03656 loss_pv_va:0.03502
INFO|2024-09-25 12:19:48: Epoch[012/100], iter[392/392], loss_total:0.12673, loss_equ:0.23888 loss_pq_vm:0.00179 loss_pq_va:0.04282 loss_pv_va:0.04209
INFO|2024-09-25 12:20:38: Epoch 11/100, lr:  0.00096524, eta: 4.19h, train_loss:  0.12671, valid_loss:  0.13111
INFO|2024-09-25 12:20:38: 	Train: PQ_Vm_rmse: 0.00292568  PQ_Va_rmse: 0.05845131  PV_Va_rmse: 0.05621824  delta_p: 0.15953372  delta_q: 0.04327691  
INFO|2024-09-25 12:20:38: 	ZTest: PQ_Vm_rmse: 0.00321125  PQ_Va_rmse: 0.06432214  PV_Va_rmse: 0.06074707  delta_p: 0.17528626  delta_q: 0.04925362  
INFO|2024-09-25 12:20:38: 	ZTest-ema: PQ_Vm_rmse: 0.002752  PQ_Va_rmse: 0.063859  PV_Va_rmse: 0.060435  delta_p: 0.148147  delta_q: 0.037941  
INFO|2024-09-25 12:20:38: 	           ValOfEMA:0.063859/0.063859,  Epoch:12/12
INFO|2024-09-25 12:20:38: 	Time(ep):171s,  Val(curr/best):0.064322/0.064322,  Epoch(curr/best):12/12
INFO|2024-09-25 12:20:38: -------------------- Epoch: 13 --------------------
INFO|2024-09-25 12:20:51: Epoch[013/100], iter[040/392], loss_total:0.11816, loss_equ:0.20967 loss_pq_vm:0.00179 loss_pq_va:0.03998 loss_pv_va:0.03933
INFO|2024-09-25 12:21:04: Epoch[013/100], iter[079/392], loss_total:0.11941, loss_equ:0.21573 loss_pq_vm:0.00206 loss_pq_va:0.03900 loss_pv_va:0.03828
INFO|2024-09-25 12:21:16: Epoch[013/100], iter[118/392], loss_total:0.12894, loss_equ:0.23437 loss_pq_vm:0.00202 loss_pq_va:0.04382 loss_pv_va:0.04153
INFO|2024-09-25 12:21:28: Epoch[013/100], iter[157/392], loss_total:0.13568, loss_equ:0.24664 loss_pq_vm:0.00227 loss_pq_va:0.04398 loss_pv_va:0.04428
INFO|2024-09-25 12:21:39: Epoch[013/100], iter[196/392], loss_total:0.12282, loss_equ:0.25987 loss_pq_vm:0.00237 loss_pq_va:0.03697 loss_pv_va:0.03619
INFO|2024-09-25 12:21:51: Epoch[013/100], iter[235/392], loss_total:0.12047, loss_equ:0.20634 loss_pq_vm:0.00186 loss_pq_va:0.04089 loss_pv_va:0.04036
INFO|2024-09-25 12:22:03: Epoch[013/100], iter[274/392], loss_total:0.11824, loss_equ:0.23407 loss_pq_vm:0.00241 loss_pq_va:0.03612 loss_pv_va:0.03460
INFO|2024-09-25 12:22:16: Epoch[013/100], iter[313/392], loss_total:0.12465, loss_equ:0.22230 loss_pq_vm:0.00179 loss_pq_va:0.04241 loss_pv_va:0.04210
INFO|2024-09-25 12:22:27: Epoch[013/100], iter[352/392], loss_total:0.12045, loss_equ:0.22401 loss_pq_vm:0.00234 loss_pq_va:0.03804 loss_pv_va:0.03657
INFO|2024-09-25 12:22:39: Epoch[013/100], iter[392/392], loss_total:0.11632, loss_equ:0.22109 loss_pq_vm:0.00166 loss_pq_va:0.03957 loss_pv_va:0.03807
INFO|2024-09-25 12:23:29: Epoch 12/100, lr:  0.00095929, eta: 4.14h, train_loss:  0.12224, valid_loss:  0.13330
INFO|2024-09-25 12:23:29: 	Train: PQ_Vm_rmse: 0.00276522  PQ_Va_rmse: 0.05695340  PV_Va_rmse: 0.05481856  delta_p: 0.15298484  delta_q: 0.04102170  
INFO|2024-09-25 12:23:29: 	ZTest: PQ_Vm_rmse: 0.00284424  PQ_Va_rmse: 0.06752303  PV_Va_rmse: 0.06475298  delta_p: 0.15670532  delta_q: 0.03980241  
INFO|2024-09-25 12:23:29: 	ZTest-ema: PQ_Vm_rmse: 0.002701  PQ_Va_rmse: 0.062952  PV_Va_rmse: 0.059585  delta_p: 0.144036  delta_q: 0.037280  
INFO|2024-09-25 12:23:29: 	           ValOfEMA:0.062952/0.062952,  Epoch:13/13
INFO|2024-09-25 12:23:30: 	Time(ep):171s,  Val(curr/best):0.067523/0.064322,  Epoch(curr/best):13/12
INFO|2024-09-25 12:23:30: -------------------- Epoch: 14 --------------------
INFO|2024-09-25 12:23:43: Epoch[014/100], iter[040/392], loss_total:0.11519, loss_equ:0.23538 loss_pq_vm:0.00171 loss_pq_va:0.03847 loss_pv_va:0.03604
INFO|2024-09-25 12:23:55: Epoch[014/100], iter[079/392], loss_total:0.11290, loss_equ:0.22460 loss_pq_vm:0.00227 loss_pq_va:0.03451 loss_pv_va:0.03325
INFO|2024-09-25 12:24:08: Epoch[014/100], iter[118/392], loss_total:0.12128, loss_equ:0.31167 loss_pq_vm:0.00171 loss_pq_va:0.03692 loss_pv_va:0.03607
INFO|2024-09-25 12:24:20: Epoch[014/100], iter[157/392], loss_total:0.12010, loss_equ:0.27565 loss_pq_vm:0.00176 loss_pq_va:0.03814 loss_pv_va:0.03678
INFO|2024-09-25 12:24:31: Epoch[014/100], iter[196/392], loss_total:0.11313, loss_equ:0.21896 loss_pq_vm:0.00210 loss_pq_va:0.03592 loss_pv_va:0.03429
INFO|2024-09-25 12:24:44: Epoch[014/100], iter[235/392], loss_total:0.11407, loss_equ:0.22589 loss_pq_vm:0.00191 loss_pq_va:0.03664 loss_pv_va:0.03577
INFO|2024-09-25 12:24:56: Epoch[014/100], iter[274/392], loss_total:0.11976, loss_equ:0.24345 loss_pq_vm:0.00191 loss_pq_va:0.03901 loss_pv_va:0.03733
INFO|2024-09-25 12:25:08: Epoch[014/100], iter[313/392], loss_total:0.11512, loss_equ:0.21097 loss_pq_vm:0.00174 loss_pq_va:0.03869 loss_pv_va:0.03797
INFO|2024-09-25 12:25:20: Epoch[014/100], iter[352/392], loss_total:0.11154, loss_equ:0.21653 loss_pq_vm:0.00189 loss_pq_va:0.03628 loss_pv_va:0.03471
INFO|2024-09-25 12:25:32: Epoch[014/100], iter[392/392], loss_total:0.11976, loss_equ:0.22769 loss_pq_vm:0.00187 loss_pq_va:0.03959 loss_pv_va:0.03870
INFO|2024-09-25 12:26:21: Epoch 13/100, lr:  0.00095289, eta: 4.09h, train_loss:  0.12028, valid_loss:  0.13047
INFO|2024-09-25 12:26:21: 	Train: PQ_Vm_rmse: 0.00273618  PQ_Va_rmse: 0.05528400  PV_Va_rmse: 0.05290903  delta_p: 0.16124535  delta_q: 0.04151007  
INFO|2024-09-25 12:26:21: 	ZTest: PQ_Vm_rmse: 0.00307189  PQ_Va_rmse: 0.06473375  PV_Va_rmse: 0.06175705  delta_p: 0.16108473  delta_q: 0.04323239  
INFO|2024-09-25 12:26:21: 	ZTest-ema: PQ_Vm_rmse: 0.002656  PQ_Va_rmse: 0.061570  PV_Va_rmse: 0.058199  delta_p: 0.143764  delta_q: 0.036993  
INFO|2024-09-25 12:26:21: 	           ValOfEMA:0.061570/0.061570,  Epoch:14/14
INFO|2024-09-25 12:26:21: 	Time(ep):171s,  Val(curr/best):0.064734/0.064322,  Epoch(curr/best):14/12
INFO|2024-09-25 12:26:21: -------------------- Epoch: 15 --------------------
INFO|2024-09-25 12:26:34: Epoch[015/100], iter[040/392], loss_total:0.11737, loss_equ:0.23163 loss_pq_vm:0.00190 loss_pq_va:0.03781 loss_pv_va:0.03737
INFO|2024-09-25 12:26:46: Epoch[015/100], iter[079/392], loss_total:0.11187, loss_equ:0.22726 loss_pq_vm:0.00180 loss_pq_va:0.03608 loss_pv_va:0.03503
INFO|2024-09-25 12:26:58: Epoch[015/100], iter[118/392], loss_total:0.13180, loss_equ:0.21286 loss_pq_vm:0.00187 loss_pq_va:0.04622 loss_pv_va:0.04559
INFO|2024-09-25 12:27:11: Epoch[015/100], iter[157/392], loss_total:0.14146, loss_equ:0.24172 loss_pq_vm:0.00206 loss_pq_va:0.04828 loss_pv_va:0.04841
INFO|2024-09-25 12:27:22: Epoch[015/100], iter[196/392], loss_total:0.12000, loss_equ:0.26544 loss_pq_vm:0.00217 loss_pq_va:0.03612 loss_pv_va:0.03566
INFO|2024-09-25 12:27:34: Epoch[015/100], iter[235/392], loss_total:0.10559, loss_equ:0.21294 loss_pq_vm:0.00168 loss_pq_va:0.03439 loss_pv_va:0.03307
INFO|2024-09-25 12:27:47: Epoch[015/100], iter[274/392], loss_total:0.11521, loss_equ:0.21907 loss_pq_vm:0.00168 loss_pq_va:0.03854 loss_pv_va:0.03799
INFO|2024-09-25 12:27:59: Epoch[015/100], iter[313/392], loss_total:0.12152, loss_equ:0.24390 loss_pq_vm:0.00191 loss_pq_va:0.03875 loss_pv_va:0.03932
INFO|2024-09-25 12:28:11: Epoch[015/100], iter[352/392], loss_total:0.11142, loss_equ:0.22340 loss_pq_vm:0.00171 loss_pq_va:0.03686 loss_pv_va:0.03514
INFO|2024-09-25 12:28:23: Epoch[015/100], iter[392/392], loss_total:0.17008, loss_equ:0.23011 loss_pq_vm:0.00181 loss_pq_va:0.06484 loss_pv_va:0.06409
INFO|2024-09-25 12:29:12: Epoch 14/100, lr:  0.00094605, eta: 4.03h, train_loss:  0.11831, valid_loss:  0.20430
INFO|2024-09-25 12:29:12: 	Train: PQ_Vm_rmse: 0.00272512  PQ_Va_rmse: 0.05455996  PV_Va_rmse: 0.05218064  delta_p: 0.15322625  delta_q: 0.04111706  
INFO|2024-09-25 12:29:12: 	ZTest: PQ_Vm_rmse: 0.00313926  PQ_Va_rmse: 0.10731772  PV_Va_rmse: 0.10245686  delta_p: 0.18255159  delta_q: 0.04805690  
INFO|2024-09-25 12:29:12: 	ZTest-ema: PQ_Vm_rmse: 0.002622  PQ_Va_rmse: 0.060137  PV_Va_rmse: 0.056737  delta_p: 0.143843  delta_q: 0.036828  
INFO|2024-09-25 12:29:12: 	           ValOfEMA:0.060137/0.060137,  Epoch:15/15
INFO|2024-09-25 12:29:12: 	Time(ep):170s,  Val(curr/best):0.107318/0.064322,  Epoch(curr/best):15/12
INFO|2024-09-25 12:29:12: -------------------- Epoch: 16 --------------------
INFO|2024-09-25 12:29:25: Epoch[016/100], iter[040/392], loss_total:0.11389, loss_equ:0.23189 loss_pq_vm:0.00271 loss_pq_va:0.03238 loss_pv_va:0.03126
INFO|2024-09-25 12:29:37: Epoch[016/100], iter[079/392], loss_total:0.11787, loss_equ:0.21421 loss_pq_vm:0.00174 loss_pq_va:0.04048 loss_pv_va:0.03852
INFO|2024-09-25 12:29:49: Epoch[016/100], iter[118/392], loss_total:0.11653, loss_equ:0.21852 loss_pq_vm:0.00212 loss_pq_va:0.03707 loss_pv_va:0.03639
INFO|2024-09-25 12:30:01: Epoch[016/100], iter[157/392], loss_total:0.11980, loss_equ:0.23082 loss_pq_vm:0.00243 loss_pq_va:0.03670 loss_pv_va:0.03571
INFO|2024-09-25 12:30:12: Epoch[016/100], iter[196/392], loss_total:0.11097, loss_equ:0.22047 loss_pq_vm:0.00224 loss_pq_va:0.03408 loss_pv_va:0.03245
INFO|2024-09-25 12:30:24: Epoch[016/100], iter[235/392], loss_total:0.13626, loss_equ:0.22657 loss_pq_vm:0.00200 loss_pq_va:0.04729 loss_pv_va:0.04631
INFO|2024-09-25 12:30:36: Epoch[016/100], iter[274/392], loss_total:0.10929, loss_equ:0.20306 loss_pq_vm:0.00159 loss_pq_va:0.03711 loss_pv_va:0.03601
INFO|2024-09-25 12:30:49: Epoch[016/100], iter[313/392], loss_total:0.11432, loss_equ:0.21358 loss_pq_vm:0.00182 loss_pq_va:0.03823 loss_pv_va:0.03655
INFO|2024-09-25 12:31:00: Epoch[016/100], iter[352/392], loss_total:0.14013, loss_equ:0.21998 loss_pq_vm:0.00219 loss_pq_va:0.04814 loss_pv_va:0.04804
INFO|2024-09-25 12:31:13: Epoch[016/100], iter[392/392], loss_total:0.11412, loss_equ:0.20770 loss_pq_vm:0.00182 loss_pq_va:0.03843 loss_pv_va:0.03676
INFO|2024-09-25 12:32:02: Epoch 15/100, lr:  0.00093877, eta: 3.98h, train_loss:  0.11631, valid_loss:  0.12448
INFO|2024-09-25 12:32:02: 	Train: PQ_Vm_rmse: 0.00266823  PQ_Va_rmse: 0.05392444  PV_Va_rmse: 0.05175074  delta_p: 0.14440507  delta_q: 0.03984367  
INFO|2024-09-25 12:32:02: 	ZTest: PQ_Vm_rmse: 0.00289836  PQ_Va_rmse: 0.06466029  PV_Va_rmse: 0.06091804  delta_p: 0.15260060  delta_q: 0.04025887  
INFO|2024-09-25 12:32:02: 	ZTest-ema: PQ_Vm_rmse: 0.002586  PQ_Va_rmse: 0.059452  PV_Va_rmse: 0.056142  delta_p: 0.139653  delta_q: 0.036293  
INFO|2024-09-25 12:32:02: 	           ValOfEMA:0.059452/0.059452,  Epoch:16/16
INFO|2024-09-25 12:32:03: 	Time(ep):170s,  Val(curr/best):0.064660/0.064322,  Epoch(curr/best):16/12
INFO|2024-09-25 12:32:03: -------------------- Epoch: 17 --------------------
INFO|2024-09-25 12:32:16: Epoch[017/100], iter[040/392], loss_total:0.10840, loss_equ:0.21018 loss_pq_vm:0.00169 loss_pq_va:0.03561 loss_pv_va:0.03488
INFO|2024-09-25 12:32:28: Epoch[017/100], iter[079/392], loss_total:0.11712, loss_equ:0.23385 loss_pq_vm:0.00205 loss_pq_va:0.03748 loss_pv_va:0.03572
INFO|2024-09-25 12:32:40: Epoch[017/100], iter[118/392], loss_total:0.10839, loss_equ:0.23476 loss_pq_vm:0.00229 loss_pq_va:0.03190 loss_pv_va:0.03008
INFO|2024-09-25 12:32:52: Epoch[017/100], iter[157/392], loss_total:0.10430, loss_equ:0.21125 loss_pq_vm:0.00179 loss_pq_va:0.03343 loss_pv_va:0.03184
INFO|2024-09-25 12:33:03: Epoch[017/100], iter[196/392], loss_total:0.11503, loss_equ:0.21900 loss_pq_vm:0.00164 loss_pq_va:0.03911 loss_pv_va:0.03764
INFO|2024-09-25 12:33:15: Epoch[017/100], iter[235/392], loss_total:0.10311, loss_equ:0.27403 loss_pq_vm:0.00160 loss_pq_va:0.03041 loss_pv_va:0.02931
INFO|2024-09-25 12:33:27: Epoch[017/100], iter[274/392], loss_total:0.11656, loss_equ:0.24682 loss_pq_vm:0.00201 loss_pq_va:0.03642 loss_pv_va:0.03533
INFO|2024-09-25 12:33:38: Epoch[017/100], iter[313/392], loss_total:0.11510, loss_equ:0.21418 loss_pq_vm:0.00165 loss_pq_va:0.03840 loss_pv_va:0.03878
INFO|2024-09-25 12:33:50: Epoch[017/100], iter[352/392], loss_total:0.12129, loss_equ:0.24195 loss_pq_vm:0.00237 loss_pq_va:0.03791 loss_pv_va:0.03545
INFO|2024-09-25 12:34:02: Epoch[017/100], iter[392/392], loss_total:0.10894, loss_equ:0.19812 loss_pq_vm:0.00165 loss_pq_va:0.03694 loss_pv_va:0.03570
INFO|2024-09-25 12:34:52: Epoch 16/100, lr:  0.00093107, eta: 3.89h, train_loss:  0.11369, valid_loss:  0.11894
INFO|2024-09-25 12:34:52: 	Train: PQ_Vm_rmse: 0.00263275  PQ_Va_rmse: 0.05220333  PV_Va_rmse: 0.04990276  delta_p: 0.14813040  delta_q: 0.03976745  
INFO|2024-09-25 12:34:52: 	ZTest: PQ_Vm_rmse: 0.00261341  PQ_Va_rmse: 0.06149117  PV_Va_rmse: 0.05851661  delta_p: 0.14698348  delta_q: 0.03754783  
INFO|2024-09-25 12:34:52: 	ZTest-ema: PQ_Vm_rmse: 0.002562  PQ_Va_rmse: 0.058381  PV_Va_rmse: 0.055107  delta_p: 0.139443  delta_q: 0.036077  
INFO|2024-09-25 12:34:52: 	           ValOfEMA:0.058381/0.058381,  Epoch:17/17
INFO|2024-09-25 12:34:52: 	Time(ep):168s,  Val(curr/best):0.061491/0.061491,  Epoch(curr/best):17/17
INFO|2024-09-25 12:34:52: -------------------- Epoch: 18 --------------------
INFO|2024-09-25 12:35:06: Epoch[018/100], iter[040/392], loss_total:0.10930, loss_equ:0.22344 loss_pq_vm:0.00185 loss_pq_va:0.03475 loss_pv_va:0.03375
INFO|2024-09-25 12:35:18: Epoch[018/100], iter[079/392], loss_total:0.11230, loss_equ:0.22472 loss_pq_vm:0.00221 loss_pq_va:0.03466 loss_pv_va:0.03309
INFO|2024-09-25 12:35:30: Epoch[018/100], iter[118/392], loss_total:0.11146, loss_equ:0.20809 loss_pq_vm:0.00211 loss_pq_va:0.03511 loss_pv_va:0.03449
INFO|2024-09-25 12:35:41: Epoch[018/100], iter[157/392], loss_total:0.10978, loss_equ:0.19672 loss_pq_vm:0.00163 loss_pq_va:0.03770 loss_pv_va:0.03610
INFO|2024-09-25 12:35:53: Epoch[018/100], iter[196/392], loss_total:0.11328, loss_equ:0.24621 loss_pq_vm:0.00214 loss_pq_va:0.03373 loss_pv_va:0.03358
INFO|2024-09-25 12:36:05: Epoch[018/100], iter[235/392], loss_total:0.11406, loss_equ:0.22656 loss_pq_vm:0.00168 loss_pq_va:0.03823 loss_pv_va:0.03638
INFO|2024-09-25 12:36:17: Epoch[018/100], iter[274/392], loss_total:0.10502, loss_equ:0.23191 loss_pq_vm:0.00173 loss_pq_va:0.03276 loss_pv_va:0.03176
INFO|2024-09-25 12:36:29: Epoch[018/100], iter[313/392], loss_total:0.12757, loss_equ:0.22535 loss_pq_vm:0.00204 loss_pq_va:0.04277 loss_pv_va:0.04182
INFO|2024-09-25 12:36:40: Epoch[018/100], iter[352/392], loss_total:0.11194, loss_equ:0.21352 loss_pq_vm:0.00166 loss_pq_va:0.03714 loss_pv_va:0.03682
INFO|2024-09-25 12:36:52: Epoch[018/100], iter[392/392], loss_total:0.10912, loss_equ:0.19909 loss_pq_vm:0.00169 loss_pq_va:0.03684 loss_pv_va:0.03545
INFO|2024-09-25 12:37:41: Epoch 17/100, lr:  0.00092294, eta: 3.83h, train_loss:  0.11290, valid_loss:  0.11868
INFO|2024-09-25 12:37:41: 	Train: PQ_Vm_rmse: 0.00264394  PQ_Va_rmse: 0.05183745  PV_Va_rmse: 0.04959944  delta_p: 0.14359148  delta_q: 0.03969074  
INFO|2024-09-25 12:37:41: 	ZTest: PQ_Vm_rmse: 0.00258942  PQ_Va_rmse: 0.06030805  PV_Va_rmse: 0.05752696  delta_p: 0.14479968  delta_q: 0.03752923  
INFO|2024-09-25 12:37:41: 	ZTest-ema: PQ_Vm_rmse: 0.002537  PQ_Va_rmse: 0.057617  PV_Va_rmse: 0.054384  delta_p: 0.138270  delta_q: 0.035937  
INFO|2024-09-25 12:37:41: 	           ValOfEMA:0.057617/0.057617,  Epoch:18/18
INFO|2024-09-25 12:37:41: 	Time(ep):168s,  Val(curr/best):0.060308/0.060308,  Epoch(curr/best):18/18
INFO|2024-09-25 12:37:41: -------------------- Epoch: 19 --------------------
INFO|2024-09-25 12:37:54: Epoch[019/100], iter[040/392], loss_total:0.11592, loss_equ:0.22129 loss_pq_vm:0.00246 loss_pq_va:0.03507 loss_pv_va:0.03413
INFO|2024-09-25 12:38:05: Epoch[019/100], iter[079/392], loss_total:0.10806, loss_equ:0.21803 loss_pq_vm:0.00180 loss_pq_va:0.03473 loss_pv_va:0.03352
INFO|2024-09-25 12:38:17: Epoch[019/100], iter[118/392], loss_total:0.11503, loss_equ:0.22892 loss_pq_vm:0.00193 loss_pq_va:0.03669 loss_pv_va:0.03618
INFO|2024-09-25 12:38:29: Epoch[019/100], iter[157/392], loss_total:0.11743, loss_equ:0.19951 loss_pq_vm:0.00155 loss_pq_va:0.04126 loss_pv_va:0.04068
INFO|2024-09-25 12:38:41: Epoch[019/100], iter[196/392], loss_total:0.10207, loss_equ:0.20992 loss_pq_vm:0.00169 loss_pq_va:0.03307 loss_pv_va:0.03115
INFO|2024-09-25 12:38:53: Epoch[019/100], iter[235/392], loss_total:0.11713, loss_equ:0.20929 loss_pq_vm:0.00179 loss_pq_va:0.03914 loss_pv_va:0.03914
INFO|2024-09-25 12:39:04: Epoch[019/100], iter[274/392], loss_total:0.09878, loss_equ:0.21779 loss_pq_vm:0.00158 loss_pq_va:0.03129 loss_pv_va:0.02995
INFO|2024-09-25 12:39:16: Epoch[019/100], iter[313/392], loss_total:0.10358, loss_equ:0.20389 loss_pq_vm:0.00179 loss_pq_va:0.03300 loss_pv_va:0.03225
INFO|2024-09-25 12:39:29: Epoch[019/100], iter[352/392], loss_total:0.11078, loss_equ:0.20365 loss_pq_vm:0.00151 loss_pq_va:0.03722 loss_pv_va:0.03809
INFO|2024-09-25 12:39:41: Epoch[019/100], iter[392/392], loss_total:0.13097, loss_equ:0.27173 loss_pq_vm:0.00259 loss_pq_va:0.03960 loss_pv_va:0.03830
INFO|2024-09-25 12:40:28: Epoch 18/100, lr:  0.00091440, eta: 3.76h, train_loss:  0.11005, valid_loss:  0.12076
INFO|2024-09-25 12:40:28: 	Train: PQ_Vm_rmse: 0.00252046  PQ_Va_rmse: 0.05088480  PV_Va_rmse: 0.04867871  delta_p: 0.14137676  delta_q: 0.03784885  
INFO|2024-09-25 12:40:28: 	ZTest: PQ_Vm_rmse: 0.00262925  PQ_Va_rmse: 0.05955743  PV_Va_rmse: 0.05705420  delta_p: 0.16548133  delta_q: 0.03928146  
INFO|2024-09-25 12:40:28: 	ZTest-ema: PQ_Vm_rmse: 0.002500  PQ_Va_rmse: 0.056846  PV_Va_rmse: 0.053672  delta_p: 0.136251  delta_q: 0.035535  
INFO|2024-09-25 12:40:28: 	           ValOfEMA:0.056846/0.056846,  Epoch:19/19
INFO|2024-09-25 12:40:29: 	Time(ep):167s,  Val(curr/best):0.059557/0.059557,  Epoch(curr/best):19/19
INFO|2024-09-25 12:40:29: -------------------- Epoch: 20 --------------------
INFO|2024-09-25 12:40:42: Epoch[020/100], iter[040/392], loss_total:0.12165, loss_equ:0.28514 loss_pq_vm:0.00174 loss_pq_va:0.03957 loss_pv_va:0.03619
INFO|2024-09-25 12:40:55: Epoch[020/100], iter[079/392], loss_total:0.15585, loss_equ:0.23449 loss_pq_vm:0.00164 loss_pq_va:0.05937 loss_pv_va:0.05659
INFO|2024-09-25 12:41:07: Epoch[020/100], iter[118/392], loss_total:0.11036, loss_equ:0.23510 loss_pq_vm:0.00166 loss_pq_va:0.03573 loss_pv_va:0.03456
INFO|2024-09-25 12:41:19: Epoch[020/100], iter[157/392], loss_total:0.13353, loss_equ:0.21581 loss_pq_vm:0.00196 loss_pq_va:0.04713 loss_pv_va:0.04526
INFO|2024-09-25 12:41:31: Epoch[020/100], iter[196/392], loss_total:0.10547, loss_equ:0.22338 loss_pq_vm:0.00177 loss_pq_va:0.03331 loss_pv_va:0.03209
INFO|2024-09-25 12:41:43: Epoch[020/100], iter[235/392], loss_total:0.10834, loss_equ:0.21636 loss_pq_vm:0.00190 loss_pq_va:0.03480 loss_pv_va:0.03288
INFO|2024-09-25 12:41:55: Epoch[020/100], iter[274/392], loss_total:0.11612, loss_equ:0.20653 loss_pq_vm:0.00166 loss_pq_va:0.03960 loss_pv_va:0.03922
INFO|2024-09-25 12:42:08: Epoch[020/100], iter[313/392], loss_total:0.12270, loss_equ:0.21349 loss_pq_vm:0.00166 loss_pq_va:0.04263 loss_pv_va:0.04212
INFO|2024-09-25 12:42:19: Epoch[020/100], iter[352/392], loss_total:0.10662, loss_equ:0.21403 loss_pq_vm:0.00188 loss_pq_va:0.03396 loss_pv_va:0.03245
INFO|2024-09-25 12:42:32: Epoch[020/100], iter[392/392], loss_total:0.10008, loss_equ:0.20491 loss_pq_vm:0.00157 loss_pq_va:0.03271 loss_pv_va:0.03119
INFO|2024-09-25 12:43:19: Epoch 19/100, lr:  0.00090546, eta: 3.77h, train_loss:  0.11159, valid_loss:  0.11539
INFO|2024-09-25 12:43:19: 	Train: PQ_Vm_rmse: 0.00261464  PQ_Va_rmse: 0.05023771  PV_Va_rmse: 0.04789058  delta_p: 0.15441737  delta_q: 0.04026462  
INFO|2024-09-25 12:43:19: 	ZTest: PQ_Vm_rmse: 0.00263703  PQ_Va_rmse: 0.05905995  PV_Va_rmse: 0.05624671  delta_p: 0.14845233  delta_q: 0.03847302  
INFO|2024-09-25 12:43:19: 	ZTest-ema: PQ_Vm_rmse: 0.002489  PQ_Va_rmse: 0.055859  PV_Va_rmse: 0.052640  delta_p: 0.137749  delta_q: 0.035645  
INFO|2024-09-25 12:43:19: 	           ValOfEMA:0.055859/0.055859,  Epoch:20/20
INFO|2024-09-25 12:43:19: 	Time(ep):169s,  Val(curr/best):0.059060/0.059060,  Epoch(curr/best):20/20
INFO|2024-09-25 12:43:19: -------------------- Epoch: 21 --------------------
INFO|2024-09-25 12:43:32: Epoch[021/100], iter[040/392], loss_total:0.10541, loss_equ:0.19821 loss_pq_vm:0.00168 loss_pq_va:0.03492 loss_pv_va:0.03383
INFO|2024-09-25 12:43:44: Epoch[021/100], iter[079/392], loss_total:0.11019, loss_equ:0.19631 loss_pq_vm:0.00154 loss_pq_va:0.03816 loss_pv_va:0.03698
INFO|2024-09-25 12:43:56: Epoch[021/100], iter[118/392], loss_total:0.10284, loss_equ:0.19279 loss_pq_vm:0.00151 loss_pq_va:0.03467 loss_pv_va:0.03382
INFO|2024-09-25 12:44:08: Epoch[021/100], iter[157/392], loss_total:0.10810, loss_equ:0.19078 loss_pq_vm:0.00154 loss_pq_va:0.03732 loss_pv_va:0.03627
INFO|2024-09-25 12:44:20: Epoch[021/100], iter[196/392], loss_total:0.10404, loss_equ:0.19641 loss_pq_vm:0.00197 loss_pq_va:0.03282 loss_pv_va:0.03187
INFO|2024-09-25 12:44:32: Epoch[021/100], iter[235/392], loss_total:0.10190, loss_equ:0.22165 loss_pq_vm:0.00157 loss_pq_va:0.03271 loss_pv_va:0.03127
INFO|2024-09-25 12:44:44: Epoch[021/100], iter[274/392], loss_total:0.10821, loss_equ:0.21695 loss_pq_vm:0.00201 loss_pq_va:0.03402 loss_pv_va:0.03237
INFO|2024-09-25 12:44:56: Epoch[021/100], iter[313/392], loss_total:0.09822, loss_equ:0.20427 loss_pq_vm:0.00155 loss_pq_va:0.03197 loss_pv_va:0.03034
INFO|2024-09-25 12:45:08: Epoch[021/100], iter[352/392], loss_total:0.10850, loss_equ:0.25259 loss_pq_vm:0.00204 loss_pq_va:0.03222 loss_pv_va:0.03062
INFO|2024-09-25 12:45:20: Epoch[021/100], iter[392/392], loss_total:0.10813, loss_equ:0.22355 loss_pq_vm:0.00172 loss_pq_va:0.03525 loss_pv_va:0.03330
INFO|2024-09-25 12:46:10: Epoch 20/100, lr:  0.00089613, eta: 3.74h, train_loss:  0.10752, valid_loss:  0.12471
INFO|2024-09-25 12:46:10: 	Train: PQ_Vm_rmse: 0.00237648  PQ_Va_rmse: 0.05002066  PV_Va_rmse: 0.04776746  delta_p: 0.14103142  delta_q: 0.03669947  
INFO|2024-09-25 12:46:10: 	ZTest: PQ_Vm_rmse: 0.00275309  PQ_Va_rmse: 0.06093039  PV_Va_rmse: 0.05883651  delta_p: 0.19184127  delta_q: 0.04588233  
INFO|2024-09-25 12:46:10: 	ZTest-ema: PQ_Vm_rmse: 0.002453  PQ_Va_rmse: 0.055496  PV_Va_rmse: 0.052318  delta_p: 0.135349  delta_q: 0.035198  
INFO|2024-09-25 12:46:10: 	           ValOfEMA:0.055496/0.055496,  Epoch:21/21
INFO|2024-09-25 12:46:10: 	Time(ep):170s,  Val(curr/best):0.060930/0.059060,  Epoch(curr/best):21/20
INFO|2024-09-25 12:46:10: -------------------- Epoch: 22 --------------------
INFO|2024-09-25 12:46:22: Epoch[022/100], iter[040/392], loss_total:0.10306, loss_equ:0.19393 loss_pq_vm:0.00164 loss_pq_va:0.03405 loss_pv_va:0.03326
INFO|2024-09-25 12:46:34: Epoch[022/100], iter[079/392], loss_total:0.10486, loss_equ:0.19824 loss_pq_vm:0.00162 loss_pq_va:0.03487 loss_pv_va:0.03392
INFO|2024-09-25 12:46:45: Epoch[022/100], iter[118/392], loss_total:0.10437, loss_equ:0.19651 loss_pq_vm:0.00152 loss_pq_va:0.03532 loss_pv_va:0.03421
INFO|2024-09-25 12:46:57: Epoch[022/100], iter[157/392], loss_total:0.09692, loss_equ:0.20584 loss_pq_vm:0.00177 loss_pq_va:0.02974 loss_pv_va:0.02892
INFO|2024-09-25 12:47:09: Epoch[022/100], iter[196/392], loss_total:0.09916, loss_equ:0.20247 loss_pq_vm:0.00156 loss_pq_va:0.03248 loss_pv_va:0.03088
INFO|2024-09-25 12:47:20: Epoch[022/100], iter[235/392], loss_total:0.10518, loss_equ:0.20563 loss_pq_vm:0.00160 loss_pq_va:0.03475 loss_pv_va:0.03384
INFO|2024-09-25 12:47:32: Epoch[022/100], iter[274/392], loss_total:0.09880, loss_equ:0.20325 loss_pq_vm:0.00150 loss_pq_va:0.03222 loss_pv_va:0.03125
INFO|2024-09-25 12:47:44: Epoch[022/100], iter[313/392], loss_total:0.10393, loss_equ:0.21483 loss_pq_vm:0.00171 loss_pq_va:0.03323 loss_pv_va:0.03211
INFO|2024-09-25 12:47:55: Epoch[022/100], iter[352/392], loss_total:0.10566, loss_equ:0.21486 loss_pq_vm:0.00184 loss_pq_va:0.03349 loss_pv_va:0.03230
INFO|2024-09-25 12:48:07: Epoch[022/100], iter[392/392], loss_total:0.12150, loss_equ:0.22985 loss_pq_vm:0.00198 loss_pq_va:0.04035 loss_pv_va:0.03835
INFO|2024-09-25 12:48:57: Epoch 21/100, lr:  0.00088640, eta: 3.61h, train_loss:  0.10539, valid_loss:  0.13069
INFO|2024-09-25 12:48:57: 	Train: PQ_Vm_rmse: 0.00244576  PQ_Va_rmse: 0.04850648  PV_Va_rmse: 0.04632302  delta_p: 0.13681214  delta_q: 0.03735956  
INFO|2024-09-25 12:48:57: 	ZTest: PQ_Vm_rmse: 0.00301096  PQ_Va_rmse: 0.05975315  PV_Va_rmse: 0.05619414  delta_p: 0.22162275  delta_q: 0.04021041  
INFO|2024-09-25 12:48:57: 	ZTest-ema: PQ_Vm_rmse: 0.002431  PQ_Va_rmse: 0.054546  PV_Va_rmse: 0.051460  delta_p: 0.134777  delta_q: 0.035071  
INFO|2024-09-25 12:48:57: 	           ValOfEMA:0.054546/0.054546,  Epoch:22/22
INFO|2024-09-25 12:48:57: 	Time(ep):166s,  Val(curr/best):0.059753/0.059060,  Epoch(curr/best):22/20
INFO|2024-09-25 12:48:57: -------------------- Epoch: 23 --------------------
INFO|2024-09-25 12:49:09: Epoch[023/100], iter[040/392], loss_total:0.10276, loss_equ:0.24568 loss_pq_vm:0.00203 loss_pq_va:0.02959 loss_pv_va:0.02832
INFO|2024-09-25 12:49:22: Epoch[023/100], iter[079/392], loss_total:0.10558, loss_equ:0.24606 loss_pq_vm:0.00181 loss_pq_va:0.03222 loss_pv_va:0.03064
INFO|2024-09-25 12:49:33: Epoch[023/100], iter[118/392], loss_total:0.09860, loss_equ:0.20588 loss_pq_vm:0.00159 loss_pq_va:0.03169 loss_pv_va:0.03045
INFO|2024-09-25 12:49:45: Epoch[023/100], iter[157/392], loss_total:0.10969, loss_equ:0.19368 loss_pq_vm:0.00174 loss_pq_va:0.03702 loss_pv_va:0.03593
INFO|2024-09-25 12:49:56: Epoch[023/100], iter[196/392], loss_total:0.10886, loss_equ:0.20668 loss_pq_vm:0.00195 loss_pq_va:0.03541 loss_pv_va:0.03328
INFO|2024-09-25 12:50:08: Epoch[023/100], iter[235/392], loss_total:0.10409, loss_equ:0.19532 loss_pq_vm:0.00152 loss_pq_va:0.03522 loss_pv_va:0.03413
INFO|2024-09-25 12:50:19: Epoch[023/100], iter[274/392], loss_total:0.10137, loss_equ:0.19936 loss_pq_vm:0.00161 loss_pq_va:0.03348 loss_pv_va:0.03188
INFO|2024-09-25 12:50:31: Epoch[023/100], iter[313/392], loss_total:0.10676, loss_equ:0.22187 loss_pq_vm:0.00230 loss_pq_va:0.03150 loss_pv_va:0.03003
INFO|2024-09-25 12:50:42: Epoch[023/100], iter[352/392], loss_total:0.10892, loss_equ:0.21361 loss_pq_vm:0.00229 loss_pq_va:0.03316 loss_pv_va:0.03150
INFO|2024-09-25 12:50:54: Epoch[023/100], iter[392/392], loss_total:0.10086, loss_equ:0.19873 loss_pq_vm:0.00164 loss_pq_va:0.03287 loss_pv_va:0.03169
INFO|2024-09-25 12:51:43: Epoch 22/100, lr:  0.00087630, eta: 3.56h, train_loss:  0.10514, valid_loss:  0.10762
INFO|2024-09-25 12:51:43: 	Train: PQ_Vm_rmse: 0.00247152  PQ_Va_rmse: 0.04803942  PV_Va_rmse: 0.04575999  delta_p: 0.13743633  delta_q: 0.03755110  
INFO|2024-09-25 12:51:43: 	ZTest: PQ_Vm_rmse: 0.00255668  PQ_Va_rmse: 0.05431418  PV_Va_rmse: 0.05114527  delta_p: 0.14760805  delta_q: 0.03712563  
INFO|2024-09-25 12:51:43: 	ZTest-ema: PQ_Vm_rmse: 0.002419  PQ_Va_rmse: 0.054140  PV_Va_rmse: 0.051042  delta_p: 0.133367  delta_q: 0.034908  
INFO|2024-09-25 12:51:43: 	           ValOfEMA:0.054140/0.054140,  Epoch:23/23
INFO|2024-09-25 12:51:44: 	Time(ep):166s,  Val(curr/best):0.054314/0.054314,  Epoch(curr/best):23/23
INFO|2024-09-25 12:51:44: -------------------- Epoch: 24 --------------------
INFO|2024-09-25 12:51:56: Epoch[024/100], iter[040/392], loss_total:0.10283, loss_equ:0.25781 loss_pq_vm:0.00152 loss_pq_va:0.03057 loss_pv_va:0.03126
INFO|2024-09-25 12:52:08: Epoch[024/100], iter[079/392], loss_total:0.10149, loss_equ:0.22435 loss_pq_vm:0.00148 loss_pq_va:0.03228 loss_pv_va:0.03200
INFO|2024-09-25 12:52:19: Epoch[024/100], iter[118/392], loss_total:0.10405, loss_equ:0.20786 loss_pq_vm:0.00154 loss_pq_va:0.03354 loss_pv_va:0.03432
INFO|2024-09-25 12:52:32: Epoch[024/100], iter[157/392], loss_total:0.09555, loss_equ:0.20743 loss_pq_vm:0.00182 loss_pq_va:0.02906 loss_pv_va:0.02759
INFO|2024-09-25 12:52:43: Epoch[024/100], iter[196/392], loss_total:0.09557, loss_equ:0.19536 loss_pq_vm:0.00152 loss_pq_va:0.03078 loss_pv_va:0.03007
INFO|2024-09-25 12:52:55: Epoch[024/100], iter[235/392], loss_total:0.11241, loss_equ:0.23168 loss_pq_vm:0.00157 loss_pq_va:0.03756 loss_pv_va:0.03600
INFO|2024-09-25 12:53:07: Epoch[024/100], iter[274/392], loss_total:0.09802, loss_equ:0.19159 loss_pq_vm:0.00160 loss_pq_va:0.03198 loss_pv_va:0.03083
INFO|2024-09-25 12:53:18: Epoch[024/100], iter[313/392], loss_total:0.10639, loss_equ:0.19681 loss_pq_vm:0.00174 loss_pq_va:0.03459 loss_pv_va:0.03475
INFO|2024-09-25 12:53:29: Epoch[024/100], iter[352/392], loss_total:0.09983, loss_equ:0.18733 loss_pq_vm:0.00151 loss_pq_va:0.03343 loss_pv_va:0.03260
INFO|2024-09-25 12:53:41: Epoch[024/100], iter[392/392], loss_total:0.12396, loss_equ:0.24786 loss_pq_vm:0.00381 loss_pq_va:0.03126 loss_pv_va:0.02980
INFO|2024-09-25 12:54:29: Epoch 23/100, lr:  0.00086584, eta: 3.5h, train_loss:  0.10436, valid_loss:  0.11789
INFO|2024-09-25 12:54:29: 	Train: PQ_Vm_rmse: 0.00240521  PQ_Va_rmse: 0.04762270  PV_Va_rmse: 0.04546359  delta_p: 0.14000575  delta_q: 0.03697917  
INFO|2024-09-25 12:54:29: 	ZTest: PQ_Vm_rmse: 0.00312136  PQ_Va_rmse: 0.05380180  PV_Va_rmse: 0.05097858  delta_p: 0.16952445  delta_q: 0.04840349  
INFO|2024-09-25 12:54:29: 	ZTest-ema: PQ_Vm_rmse: 0.002394  PQ_Va_rmse: 0.053650  PV_Va_rmse: 0.050625  delta_p: 0.132405  delta_q: 0.034675  
INFO|2024-09-25 12:54:29: 	           ValOfEMA:0.053650/0.053650,  Epoch:24/24
INFO|2024-09-25 12:54:30: 	Time(ep):165s,  Val(curr/best):0.053802/0.053802,  Epoch(curr/best):24/24
INFO|2024-09-25 12:54:30: -------------------- Epoch: 25 --------------------
INFO|2024-09-25 12:54:43: Epoch[025/100], iter[040/392], loss_total:0.09859, loss_equ:0.20567 loss_pq_vm:0.00195 loss_pq_va:0.03010 loss_pv_va:0.02843
INFO|2024-09-25 12:54:54: Epoch[025/100], iter[079/392], loss_total:0.10781, loss_equ:0.20164 loss_pq_vm:0.00158 loss_pq_va:0.03650 loss_pv_va:0.03529
INFO|2024-09-25 12:55:06: Epoch[025/100], iter[118/392], loss_total:0.10352, loss_equ:0.20098 loss_pq_vm:0.00166 loss_pq_va:0.03428 loss_pv_va:0.03253
INFO|2024-09-25 12:55:17: Epoch[025/100], iter[157/392], loss_total:0.10670, loss_equ:0.20072 loss_pq_vm:0.00159 loss_pq_va:0.03619 loss_pv_va:0.03451
INFO|2024-09-25 12:55:29: Epoch[025/100], iter[196/392], loss_total:0.09850, loss_equ:0.18839 loss_pq_vm:0.00160 loss_pq_va:0.03236 loss_pv_va:0.03126
INFO|2024-09-25 12:55:41: Epoch[025/100], iter[235/392], loss_total:0.11298, loss_equ:0.20185 loss_pq_vm:0.00168 loss_pq_va:0.03833 loss_pv_va:0.03765
INFO|2024-09-25 12:55:52: Epoch[025/100], iter[274/392], loss_total:0.10350, loss_equ:0.19800 loss_pq_vm:0.00155 loss_pq_va:0.03483 loss_pv_va:0.03340
INFO|2024-09-25 12:56:04: Epoch[025/100], iter[313/392], loss_total:0.10008, loss_equ:0.18834 loss_pq_vm:0.00154 loss_pq_va:0.03330 loss_pv_va:0.03259
INFO|2024-09-25 12:56:16: Epoch[025/100], iter[352/392], loss_total:0.10547, loss_equ:0.19637 loss_pq_vm:0.00166 loss_pq_va:0.03551 loss_pv_va:0.03373
INFO|2024-09-25 12:56:27: Epoch[025/100], iter[392/392], loss_total:0.10521, loss_equ:0.19691 loss_pq_vm:0.00170 loss_pq_va:0.03524 loss_pv_va:0.03328
INFO|2024-09-25 12:57:16: Epoch 24/100, lr:  0.00085502, eta: 3.47h, train_loss:  0.10202, valid_loss:  0.10950
INFO|2024-09-25 12:57:16: 	Train: PQ_Vm_rmse: 0.00236786  PQ_Va_rmse: 0.04687281  PV_Va_rmse: 0.04465045  delta_p: 0.13336064  delta_q: 0.03605929  
INFO|2024-09-25 12:57:16: 	ZTest: PQ_Vm_rmse: 0.00272777  PQ_Va_rmse: 0.05360376  PV_Va_rmse: 0.05057651  delta_p: 0.15019389  delta_q: 0.03650965  
INFO|2024-09-25 12:57:16: 	ZTest-ema: PQ_Vm_rmse: 0.002378  PQ_Va_rmse: 0.053164  PV_Va_rmse: 0.050144  delta_p: 0.130893  delta_q: 0.034460  
INFO|2024-09-25 12:57:16: 	           ValOfEMA:0.053164/0.053164,  Epoch:25/25
INFO|2024-09-25 12:57:17: 	Time(ep):166s,  Val(curr/best):0.053604/0.053604,  Epoch(curr/best):25/25
INFO|2024-09-25 12:57:17: -------------------- Epoch: 26 --------------------
INFO|2024-09-25 12:57:29: Epoch[026/100], iter[040/392], loss_total:0.11380, loss_equ:0.20331 loss_pq_vm:0.00200 loss_pq_va:0.03759 loss_pv_va:0.03589
INFO|2024-09-25 12:57:41: Epoch[026/100], iter[079/392], loss_total:0.10846, loss_equ:0.20783 loss_pq_vm:0.00211 loss_pq_va:0.03394 loss_pv_va:0.03263
INFO|2024-09-25 12:57:53: Epoch[026/100], iter[118/392], loss_total:0.09643, loss_equ:0.22677 loss_pq_vm:0.00166 loss_pq_va:0.02949 loss_pv_va:0.02763
INFO|2024-09-25 12:58:05: Epoch[026/100], iter[157/392], loss_total:0.09757, loss_equ:0.19735 loss_pq_vm:0.00158 loss_pq_va:0.03146 loss_pv_va:0.03056
INFO|2024-09-25 12:58:16: Epoch[026/100], iter[196/392], loss_total:0.10123, loss_equ:0.19925 loss_pq_vm:0.00145 loss_pq_va:0.03352 loss_pv_va:0.03324
INFO|2024-09-25 12:58:28: Epoch[026/100], iter[235/392], loss_total:0.09593, loss_equ:0.20919 loss_pq_vm:0.00193 loss_pq_va:0.02836 loss_pv_va:0.02739
INFO|2024-09-25 12:58:40: Epoch[026/100], iter[274/392], loss_total:0.10009, loss_equ:0.20296 loss_pq_vm:0.00168 loss_pq_va:0.03176 loss_pv_va:0.03121
INFO|2024-09-25 12:58:52: Epoch[026/100], iter[313/392], loss_total:0.10040, loss_equ:0.19954 loss_pq_vm:0.00166 loss_pq_va:0.03242 loss_pv_va:0.03147
INFO|2024-09-25 12:59:04: Epoch[026/100], iter[352/392], loss_total:0.09411, loss_equ:0.19503 loss_pq_vm:0.00161 loss_pq_va:0.02958 loss_pv_va:0.02888
INFO|2024-09-25 12:59:16: Epoch[026/100], iter[392/392], loss_total:0.09626, loss_equ:0.19180 loss_pq_vm:0.00149 loss_pq_va:0.03205 loss_pv_va:0.03010
INFO|2024-09-25 13:00:03: Epoch 25/100, lr:  0.00084385, eta: 3.41h, train_loss:  0.10278, valid_loss:  0.10593
INFO|2024-09-25 13:00:03: 	Train: PQ_Vm_rmse: 0.00242311  PQ_Va_rmse: 0.04657206  PV_Va_rmse: 0.04441835  delta_p: 0.13589631  delta_q: 0.03720223  
INFO|2024-09-25 13:00:03: 	ZTest: PQ_Vm_rmse: 0.00243018  PQ_Va_rmse: 0.05270438  PV_Va_rmse: 0.05080385  delta_p: 0.14267820  delta_q: 0.03635779  
INFO|2024-09-25 13:00:03: 	ZTest-ema: PQ_Vm_rmse: 0.002366  PQ_Va_rmse: 0.052294  PV_Va_rmse: 0.049335  delta_p: 0.132046  delta_q: 0.034543  
INFO|2024-09-25 13:00:03: 	           ValOfEMA:0.052294/0.052294,  Epoch:26/26
INFO|2024-09-25 13:00:03: 	Time(ep):166s,  Val(curr/best):0.052704/0.052704,  Epoch(curr/best):26/26
INFO|2024-09-25 13:00:03: -------------------- Epoch: 27 --------------------
INFO|2024-09-25 13:00:16: Epoch[027/100], iter[040/392], loss_total:0.09103, loss_equ:0.19435 loss_pq_vm:0.00160 loss_pq_va:0.02848 loss_pv_va:0.02716
INFO|2024-09-25 13:00:28: Epoch[027/100], iter[079/392], loss_total:0.09507, loss_equ:0.18722 loss_pq_vm:0.00152 loss_pq_va:0.03087 loss_pv_va:0.03032
INFO|2024-09-25 13:00:40: Epoch[027/100], iter[118/392], loss_total:0.10081, loss_equ:0.19222 loss_pq_vm:0.00152 loss_pq_va:0.03383 loss_pv_va:0.03255
INFO|2024-09-25 13:00:51: Epoch[027/100], iter[157/392], loss_total:0.09629, loss_equ:0.19138 loss_pq_vm:0.00151 loss_pq_va:0.03156 loss_pv_va:0.03048
INFO|2024-09-25 13:01:03: Epoch[027/100], iter[196/392], loss_total:0.10330, loss_equ:0.19487 loss_pq_vm:0.00179 loss_pq_va:0.03378 loss_pv_va:0.03216
INFO|2024-09-25 13:01:15: Epoch[027/100], iter[235/392], loss_total:0.10444, loss_equ:0.19690 loss_pq_vm:0.00162 loss_pq_va:0.03475 loss_pv_va:0.03380
INFO|2024-09-25 13:01:27: Epoch[027/100], iter[274/392], loss_total:0.10475, loss_equ:0.24359 loss_pq_vm:0.00149 loss_pq_va:0.03364 loss_pv_va:0.03181
INFO|2024-09-25 13:01:38: Epoch[027/100], iter[313/392], loss_total:0.09632, loss_equ:0.22379 loss_pq_vm:0.00149 loss_pq_va:0.02979 loss_pv_va:0.02927
INFO|2024-09-25 13:01:50: Epoch[027/100], iter[352/392], loss_total:0.12049, loss_equ:0.31890 loss_pq_vm:0.00184 loss_pq_va:0.03560 loss_pv_va:0.03458
INFO|2024-09-25 13:02:02: Epoch[027/100], iter[392/392], loss_total:0.10936, loss_equ:0.24012 loss_pq_vm:0.00212 loss_pq_va:0.03211 loss_pv_va:0.03207
INFO|2024-09-25 13:02:50: Epoch 26/100, lr:  0.00083235, eta: 3.38h, train_loss:  0.10129, valid_loss:  0.11704
INFO|2024-09-25 13:02:50: 	Train: PQ_Vm_rmse: 0.00224866  PQ_Va_rmse: 0.04651028  PV_Va_rmse: 0.04434634  delta_p: 0.14028701  delta_q: 0.03558965  
INFO|2024-09-25 13:02:50: 	ZTest: PQ_Vm_rmse: 0.00262833  PQ_Va_rmse: 0.05937148  PV_Va_rmse: 0.05627039  delta_p: 0.14561718  delta_q: 0.03784436  
INFO|2024-09-25 13:02:50: 	ZTest-ema: PQ_Vm_rmse: 0.002343  PQ_Va_rmse: 0.052304  PV_Va_rmse: 0.049380  delta_p: 0.130427  delta_q: 0.034223  
INFO|2024-09-25 13:02:50: 	           ValOfEMA:0.052304/0.052294,  Epoch:27/26
INFO|2024-09-25 13:02:50: 	Time(ep):166s,  Val(curr/best):0.059371/0.052704,  Epoch(curr/best):27/26
INFO|2024-09-25 13:02:50: -------------------- Epoch: 28 --------------------
INFO|2024-09-25 13:03:03: Epoch[028/100], iter[040/392], loss_total:0.10140, loss_equ:0.20746 loss_pq_vm:0.00201 loss_pq_va:0.03049 loss_pv_va:0.03010
INFO|2024-09-25 13:03:15: Epoch[028/100], iter[079/392], loss_total:0.10490, loss_equ:0.20205 loss_pq_vm:0.00162 loss_pq_va:0.03514 loss_pv_va:0.03332
INFO|2024-09-25 13:03:26: Epoch[028/100], iter[118/392], loss_total:0.09772, loss_equ:0.21051 loss_pq_vm:0.00232 loss_pq_va:0.02735 loss_pv_va:0.02613
INFO|2024-09-25 13:03:39: Epoch[028/100], iter[157/392], loss_total:0.09602, loss_equ:0.18823 loss_pq_vm:0.00161 loss_pq_va:0.03103 loss_pv_va:0.03007
INFO|2024-09-25 13:03:51: Epoch[028/100], iter[196/392], loss_total:0.09723, loss_equ:0.19200 loss_pq_vm:0.00168 loss_pq_va:0.03079 loss_pv_va:0.03041
INFO|2024-09-25 13:04:04: Epoch[028/100], iter[235/392], loss_total:0.09556, loss_equ:0.18524 loss_pq_vm:0.00162 loss_pq_va:0.03098 loss_pv_va:0.02985
INFO|2024-09-25 13:04:15: Epoch[028/100], iter[274/392], loss_total:0.10193, loss_equ:0.20361 loss_pq_vm:0.00240 loss_pq_va:0.02927 loss_pv_va:0.02830
INFO|2024-09-25 13:04:30: Epoch[028/100], iter[313/392], loss_total:0.09268, loss_equ:0.19661 loss_pq_vm:0.00147 loss_pq_va:0.02935 loss_pv_va:0.02892
INFO|2024-09-25 13:04:42: Epoch[028/100], iter[352/392], loss_total:0.09561, loss_equ:0.19649 loss_pq_vm:0.00152 loss_pq_va:0.03074 loss_pv_va:0.02998
INFO|2024-09-25 13:04:54: Epoch[028/100], iter[392/392], loss_total:0.09296, loss_equ:0.19325 loss_pq_vm:0.00151 loss_pq_va:0.03003 loss_pv_va:0.02849
INFO|2024-09-25 13:05:45: Epoch 27/100, lr:  0.00082052, eta: 3.49h, train_loss:  0.09839, valid_loss:  0.10172
INFO|2024-09-25 13:05:45: 	Train: PQ_Vm_rmse: 0.00231086  PQ_Va_rmse: 0.04499188  PV_Va_rmse: 0.04287931  delta_p: 0.12978799  delta_q: 0.03563345  
INFO|2024-09-25 13:05:45: 	ZTest: PQ_Vm_rmse: 0.00239171  PQ_Va_rmse: 0.05125763  PV_Va_rmse: 0.04839035  delta_p: 0.14187949  delta_q: 0.03610586  
INFO|2024-09-25 13:05:45: 	ZTest-ema: PQ_Vm_rmse: 0.002329  PQ_Va_rmse: 0.051440  PV_Va_rmse: 0.048550  delta_p: 0.130460  delta_q: 0.034179  
INFO|2024-09-25 13:05:45: 	           ValOfEMA:0.051440/0.051440,  Epoch:28/28
INFO|2024-09-25 13:05:45: 	Time(ep):174s,  Val(curr/best):0.051258/0.051258,  Epoch(curr/best):28/28
INFO|2024-09-25 13:05:45: -------------------- Epoch: 29 --------------------
INFO|2024-09-25 13:05:58: Epoch[029/100], iter[040/392], loss_total:0.10885, loss_equ:0.20283 loss_pq_vm:0.00178 loss_pq_va:0.03618 loss_pv_va:0.03457
INFO|2024-09-25 13:06:11: Epoch[029/100], iter[079/392], loss_total:0.09057, loss_equ:0.19076 loss_pq_vm:0.00159 loss_pq_va:0.02842 loss_pv_va:0.02716
INFO|2024-09-25 13:06:23: Epoch[029/100], iter[118/392], loss_total:0.09645, loss_equ:0.19024 loss_pq_vm:0.00158 loss_pq_va:0.03113 loss_pv_va:0.03049
INFO|2024-09-25 13:06:36: Epoch[029/100], iter[157/392], loss_total:0.10394, loss_equ:0.19021 loss_pq_vm:0.00156 loss_pq_va:0.03513 loss_pv_va:0.03418
INFO|2024-09-25 13:06:48: Epoch[029/100], iter[196/392], loss_total:0.09824, loss_equ:0.20398 loss_pq_vm:0.00184 loss_pq_va:0.03049 loss_pv_va:0.02893
INFO|2024-09-25 13:07:01: Epoch[029/100], iter[235/392], loss_total:0.09669, loss_equ:0.19641 loss_pq_vm:0.00178 loss_pq_va:0.03031 loss_pv_va:0.02890
INFO|2024-09-25 13:07:13: Epoch[029/100], iter[274/392], loss_total:0.09521, loss_equ:0.19258 loss_pq_vm:0.00151 loss_pq_va:0.03045 loss_pv_va:0.03043
INFO|2024-09-25 13:07:25: Epoch[029/100], iter[313/392], loss_total:0.09122, loss_equ:0.19011 loss_pq_vm:0.00151 loss_pq_va:0.02913 loss_pv_va:0.02799
INFO|2024-09-25 13:07:37: Epoch[029/100], iter[352/392], loss_total:0.10290, loss_equ:0.29868 loss_pq_vm:0.00148 loss_pq_va:0.02877 loss_pv_va:0.02943
INFO|2024-09-25 13:07:49: Epoch[029/100], iter[392/392], loss_total:0.09858, loss_equ:0.18830 loss_pq_vm:0.00153 loss_pq_va:0.03296 loss_pv_va:0.03146
INFO|2024-09-25 13:08:39: Epoch 28/100, lr:  0.00080839, eta: 3.43h, train_loss:  0.09807, valid_loss:  0.10678
INFO|2024-09-25 13:08:39: 	Train: PQ_Vm_rmse: 0.00223684  PQ_Va_rmse: 0.04484777  PV_Va_rmse: 0.04266527  delta_p: 0.13400483  delta_q: 0.03512352  
INFO|2024-09-25 13:08:39: 	ZTest: PQ_Vm_rmse: 0.00246417  PQ_Va_rmse: 0.05543017  PV_Va_rmse: 0.05179426  delta_p: 0.13795234  delta_q: 0.03526829  
INFO|2024-09-25 13:08:39: 	ZTest-ema: PQ_Vm_rmse: 0.002310  PQ_Va_rmse: 0.050757  PV_Va_rmse: 0.047900  delta_p: 0.130227  delta_q: 0.034024  
INFO|2024-09-25 13:08:39: 	           ValOfEMA:0.050757/0.050757,  Epoch:29/29
INFO|2024-09-25 13:08:39: 	Time(ep):173s,  Val(curr/best):0.055430/0.051258,  Epoch(curr/best):29/28
INFO|2024-09-25 13:08:39: -------------------- Epoch: 30 --------------------
INFO|2024-09-25 13:08:52: Epoch[030/100], iter[040/392], loss_total:0.10129, loss_equ:0.18124 loss_pq_vm:0.00145 loss_pq_va:0.03498 loss_pv_va:0.03364
INFO|2024-09-25 13:09:04: Epoch[030/100], iter[079/392], loss_total:0.10193, loss_equ:0.19310 loss_pq_vm:0.00179 loss_pq_va:0.03326 loss_pv_va:0.03148
INFO|2024-09-25 13:09:16: Epoch[030/100], iter[118/392], loss_total:0.09925, loss_equ:0.19974 loss_pq_vm:0.00161 loss_pq_va:0.03206 loss_pv_va:0.03110
INFO|2024-09-25 13:09:28: Epoch[030/100], iter[157/392], loss_total:0.09749, loss_equ:0.20260 loss_pq_vm:0.00157 loss_pq_va:0.03095 loss_pv_va:0.03059
INFO|2024-09-25 13:09:40: Epoch[030/100], iter[196/392], loss_total:0.09192, loss_equ:0.19680 loss_pq_vm:0.00146 loss_pq_va:0.02930 loss_pv_va:0.02829
INFO|2024-09-25 13:09:52: Epoch[030/100], iter[235/392], loss_total:0.08988, loss_equ:0.18306 loss_pq_vm:0.00149 loss_pq_va:0.02886 loss_pv_va:0.02785
INFO|2024-09-25 13:10:04: Epoch[030/100], iter[274/392], loss_total:0.10018, loss_equ:0.19449 loss_pq_vm:0.00174 loss_pq_va:0.03245 loss_pv_va:0.03090
INFO|2024-09-25 13:10:16: Epoch[030/100], iter[313/392], loss_total:0.10080, loss_equ:0.22600 loss_pq_vm:0.00197 loss_pq_va:0.02995 loss_pv_va:0.02851
INFO|2024-09-25 13:10:28: Epoch[030/100], iter[352/392], loss_total:0.09676, loss_equ:0.19064 loss_pq_vm:0.00156 loss_pq_va:0.03176 loss_pv_va:0.03034
INFO|2024-09-25 13:10:40: Epoch[030/100], iter[392/392], loss_total:0.10810, loss_equ:0.18496 loss_pq_vm:0.00155 loss_pq_va:0.03772 loss_pv_va:0.03633
INFO|2024-09-25 13:11:29: Epoch 29/100, lr:  0.00079595, eta: 3.3h, train_loss:  0.09754, valid_loss:  0.10574
INFO|2024-09-25 13:11:29: 	Train: PQ_Vm_rmse: 0.00227316  PQ_Va_rmse: 0.04460303  PV_Va_rmse: 0.04251095  delta_p: 0.12820460  delta_q: 0.03526132  
INFO|2024-09-25 13:11:29: 	ZTest: PQ_Vm_rmse: 0.00236886  PQ_Va_rmse: 0.05248062  PV_Va_rmse: 0.05005831  delta_p: 0.13662036  delta_q: 0.03559314  
INFO|2024-09-25 13:11:29: 	ZTest-ema: PQ_Vm_rmse: 0.002303  PQ_Va_rmse: 0.050498  PV_Va_rmse: 0.047713  delta_p: 0.128669  delta_q: 0.033900  
INFO|2024-09-25 13:11:29: 	           ValOfEMA:0.050498/0.050498,  Epoch:30/30
INFO|2024-09-25 13:11:30: 	Time(ep):169s,  Val(curr/best):0.052481/0.051258,  Epoch(curr/best):30/28
INFO|2024-09-25 13:11:30: -------------------- Epoch: 31 --------------------
INFO|2024-09-25 13:11:42: Epoch[031/100], iter[040/392], loss_total:0.09391, loss_equ:0.18997 loss_pq_vm:0.00184 loss_pq_va:0.02879 loss_pv_va:0.02777
INFO|2024-09-25 13:11:55: Epoch[031/100], iter[079/392], loss_total:0.10023, loss_equ:0.21043 loss_pq_vm:0.00165 loss_pq_va:0.03205 loss_pv_va:0.03065
INFO|2024-09-25 13:12:06: Epoch[031/100], iter[118/392], loss_total:0.09444, loss_equ:0.23236 loss_pq_vm:0.00144 loss_pq_va:0.02901 loss_pv_va:0.02782
INFO|2024-09-25 13:12:19: Epoch[031/100], iter[157/392], loss_total:0.09032, loss_equ:0.19078 loss_pq_vm:0.00145 loss_pq_va:0.02897 loss_pv_va:0.02776
INFO|2024-09-25 13:12:32: Epoch[031/100], iter[196/392], loss_total:0.09443, loss_equ:0.18610 loss_pq_vm:0.00150 loss_pq_va:0.03061 loss_pv_va:0.03018
INFO|2024-09-25 13:12:44: Epoch[031/100], iter[235/392], loss_total:0.09699, loss_equ:0.20161 loss_pq_vm:0.00190 loss_pq_va:0.02968 loss_pv_va:0.02817
INFO|2024-09-25 13:12:56: Epoch[031/100], iter[274/392], loss_total:0.09651, loss_equ:0.18562 loss_pq_vm:0.00149 loss_pq_va:0.03200 loss_pv_va:0.03100
INFO|2024-09-25 13:13:08: Epoch[031/100], iter[313/392], loss_total:0.09966, loss_equ:0.18550 loss_pq_vm:0.00164 loss_pq_va:0.03300 loss_pv_va:0.03165
INFO|2024-09-25 13:13:20: Epoch[031/100], iter[352/392], loss_total:0.08934, loss_equ:0.19762 loss_pq_vm:0.00144 loss_pq_va:0.02800 loss_pv_va:0.02718
INFO|2024-09-25 13:13:33: Epoch[031/100], iter[392/392], loss_total:0.09671, loss_equ:0.18915 loss_pq_vm:0.00183 loss_pq_va:0.03043 loss_pv_va:0.02908
INFO|2024-09-25 13:14:22: Epoch 30/100, lr:  0.00078323, eta: 3.31h, train_loss:  0.09620, valid_loss:  0.10762
INFO|2024-09-25 13:14:22: 	Train: PQ_Vm_rmse: 0.00219573  PQ_Va_rmse: 0.04399713  PV_Va_rmse: 0.04190846  delta_p: 0.13052961  delta_q: 0.03489984  
INFO|2024-09-25 13:14:22: 	ZTest: PQ_Vm_rmse: 0.00244361  PQ_Va_rmse: 0.05588866  PV_Va_rmse: 0.05260916  delta_p: 0.13345773  delta_q: 0.03612746  
INFO|2024-09-25 13:14:22: 	ZTest-ema: PQ_Vm_rmse: 0.002285  PQ_Va_rmse: 0.050192  PV_Va_rmse: 0.047421  delta_p: 0.128037  delta_q: 0.033715  
INFO|2024-09-25 13:14:22: 	           ValOfEMA:0.050192/0.050192,  Epoch:31/31
INFO|2024-09-25 13:14:23: 	Time(ep):172s,  Val(curr/best):0.055889/0.051258,  Epoch(curr/best):31/28
INFO|2024-09-25 13:14:23: -------------------- Epoch: 32 --------------------
INFO|2024-09-25 13:14:36: Epoch[032/100], iter[040/392], loss_total:0.10221, loss_equ:0.19097 loss_pq_vm:0.00156 loss_pq_va:0.03440 loss_pv_va:0.03311
INFO|2024-09-25 13:14:48: Epoch[032/100], iter[079/392], loss_total:0.08926, loss_equ:0.18414 loss_pq_vm:0.00157 loss_pq_va:0.02805 loss_pv_va:0.02707
INFO|2024-09-25 13:15:01: Epoch[032/100], iter[118/392], loss_total:0.09227, loss_equ:0.18137 loss_pq_vm:0.00148 loss_pq_va:0.03006 loss_pv_va:0.02930
INFO|2024-09-25 13:15:14: Epoch[032/100], iter[157/392], loss_total:0.09912, loss_equ:0.18640 loss_pq_vm:0.00163 loss_pq_va:0.03245 loss_pv_va:0.03169
INFO|2024-09-25 13:15:25: Epoch[032/100], iter[196/392], loss_total:0.10152, loss_equ:0.20560 loss_pq_vm:0.00169 loss_pq_va:0.03216 loss_pv_va:0.03186
INFO|2024-09-25 13:15:37: Epoch[032/100], iter[235/392], loss_total:0.09560, loss_equ:0.20041 loss_pq_vm:0.00198 loss_pq_va:0.02841 loss_pv_va:0.02731
INFO|2024-09-25 13:15:50: Epoch[032/100], iter[274/392], loss_total:0.09054, loss_equ:0.19757 loss_pq_vm:0.00149 loss_pq_va:0.02884 loss_pv_va:0.02708
INFO|2024-09-25 13:16:02: Epoch[032/100], iter[313/392], loss_total:0.08642, loss_equ:0.18801 loss_pq_vm:0.00143 loss_pq_va:0.02728 loss_pv_va:0.02602
INFO|2024-09-25 13:16:13: Epoch[032/100], iter[352/392], loss_total:0.09455, loss_equ:0.20047 loss_pq_vm:0.00147 loss_pq_va:0.03062 loss_pv_va:0.02915
INFO|2024-09-25 13:16:26: Epoch[032/100], iter[392/392], loss_total:0.09277, loss_equ:0.18435 loss_pq_vm:0.00159 loss_pq_va:0.02963 loss_pv_va:0.02881
INFO|2024-09-25 13:17:13: Epoch 31/100, lr:  0.00077023, eta: 3.22h, train_loss:  0.09531, valid_loss:  0.10397
INFO|2024-09-25 13:17:13: 	Train: PQ_Vm_rmse: 0.00219976  PQ_Va_rmse: 0.04331341  PV_Va_rmse: 0.04129815  delta_p: 0.13123590  delta_q: 0.03456287  
INFO|2024-09-25 13:17:13: 	ZTest: PQ_Vm_rmse: 0.00233357  PQ_Va_rmse: 0.05105808  PV_Va_rmse: 0.04901966  delta_p: 0.13663733  delta_q: 0.03567012  
INFO|2024-09-25 13:17:13: 	ZTest-ema: PQ_Vm_rmse: 0.002271  PQ_Va_rmse: 0.049525  PV_Va_rmse: 0.046791  delta_p: 0.128612  delta_q: 0.033681  
INFO|2024-09-25 13:17:13: 	           ValOfEMA:0.049525/0.049525,  Epoch:32/32
INFO|2024-09-25 13:17:14: 	Time(ep):170s,  Val(curr/best):0.051058/0.051058,  Epoch(curr/best):32/32
INFO|2024-09-25 13:17:14: -------------------- Epoch: 33 --------------------
INFO|2024-09-25 13:17:26: Epoch[033/100], iter[040/392], loss_total:0.09442, loss_equ:0.18837 loss_pq_vm:0.00150 loss_pq_va:0.03103 loss_pv_va:0.02959
INFO|2024-09-25 13:17:38: Epoch[033/100], iter[079/392], loss_total:0.09307, loss_equ:0.18630 loss_pq_vm:0.00170 loss_pq_va:0.02942 loss_pv_va:0.02801
INFO|2024-09-25 13:17:51: Epoch[033/100], iter[118/392], loss_total:0.08953, loss_equ:0.18683 loss_pq_vm:0.00157 loss_pq_va:0.02804 loss_pv_va:0.02710
INFO|2024-09-25 13:18:03: Epoch[033/100], iter[157/392], loss_total:0.10518, loss_equ:0.19282 loss_pq_vm:0.00167 loss_pq_va:0.03508 loss_pv_va:0.03415
INFO|2024-09-25 13:18:16: Epoch[033/100], iter[196/392], loss_total:0.09382, loss_equ:0.18952 loss_pq_vm:0.00146 loss_pq_va:0.03056 loss_pv_va:0.02974
INFO|2024-09-25 13:18:27: Epoch[033/100], iter[235/392], loss_total:0.09317, loss_equ:0.18742 loss_pq_vm:0.00142 loss_pq_va:0.03042 loss_pv_va:0.02979
INFO|2024-09-25 13:18:40: Epoch[033/100], iter[274/392], loss_total:0.09000, loss_equ:0.18737 loss_pq_vm:0.00150 loss_pq_va:0.02855 loss_pv_va:0.02768
INFO|2024-09-25 13:18:53: Epoch[033/100], iter[313/392], loss_total:0.08558, loss_equ:0.19157 loss_pq_vm:0.00143 loss_pq_va:0.02677 loss_pv_va:0.02539
INFO|2024-09-25 13:19:05: Epoch[033/100], iter[352/392], loss_total:0.09801, loss_equ:0.18647 loss_pq_vm:0.00151 loss_pq_va:0.03268 loss_pv_va:0.03160
INFO|2024-09-25 13:19:18: Epoch[033/100], iter[392/392], loss_total:0.09134, loss_equ:0.19068 loss_pq_vm:0.00160 loss_pq_va:0.02881 loss_pv_va:0.02747
INFO|2024-09-25 13:20:07: Epoch 32/100, lr:  0.00075698, eta: 3.23h, train_loss:  0.09262, valid_loss:  0.09860
INFO|2024-09-25 13:20:07: 	Train: PQ_Vm_rmse: 0.00214060  PQ_Va_rmse: 0.04244541  PV_Va_rmse: 0.04039630  delta_p: 0.12451348  delta_q: 0.03397723  
INFO|2024-09-25 13:20:08: 	ZTest: PQ_Vm_rmse: 0.00234310  PQ_Va_rmse: 0.04947754  PV_Va_rmse: 0.04678140  delta_p: 0.13802061  delta_q: 0.03540167  
INFO|2024-09-25 13:20:08: 	ZTest-ema: PQ_Vm_rmse: 0.002253  PQ_Va_rmse: 0.048818  PV_Va_rmse: 0.046138  delta_p: 0.128653  delta_q: 0.033609  
INFO|2024-09-25 13:20:08: 	           ValOfEMA:0.048818/0.048818,  Epoch:33/33
INFO|2024-09-25 13:20:08: 	Time(ep):173s,  Val(curr/best):0.049478/0.049478,  Epoch(curr/best):33/33
INFO|2024-09-25 13:20:08: -------------------- Epoch: 34 --------------------
INFO|2024-09-25 13:20:21: Epoch[034/100], iter[040/392], loss_total:0.09596, loss_equ:0.22161 loss_pq_vm:0.00195 loss_pq_va:0.02806 loss_pv_va:0.02625
INFO|2024-09-25 13:20:33: Epoch[034/100], iter[079/392], loss_total:0.09141, loss_equ:0.18156 loss_pq_vm:0.00139 loss_pq_va:0.03023 loss_pv_va:0.02908
INFO|2024-09-25 13:20:46: Epoch[034/100], iter[118/392], loss_total:0.09602, loss_equ:0.20272 loss_pq_vm:0.00188 loss_pq_va:0.02900 loss_pv_va:0.02794
INFO|2024-09-25 13:20:59: Epoch[034/100], iter[157/392], loss_total:0.09297, loss_equ:0.19360 loss_pq_vm:0.00152 loss_pq_va:0.02952 loss_pv_va:0.02893
INFO|2024-09-25 13:21:12: Epoch[034/100], iter[196/392], loss_total:0.09196, loss_equ:0.18019 loss_pq_vm:0.00155 loss_pq_va:0.02972 loss_pv_va:0.02875
INFO|2024-09-25 13:21:23: Epoch[034/100], iter[235/392], loss_total:0.09422, loss_equ:0.18526 loss_pq_vm:0.00173 loss_pq_va:0.02953 loss_pv_va:0.02891
INFO|2024-09-25 13:21:36: Epoch[034/100], iter[274/392], loss_total:0.08979, loss_equ:0.21552 loss_pq_vm:0.00146 loss_pq_va:0.02764 loss_pv_va:0.02596
INFO|2024-09-25 13:21:49: Epoch[034/100], iter[313/392], loss_total:0.09623, loss_equ:0.19126 loss_pq_vm:0.00152 loss_pq_va:0.03174 loss_pv_va:0.03016
INFO|2024-09-25 13:22:02: Epoch[034/100], iter[352/392], loss_total:0.10586, loss_equ:0.23674 loss_pq_vm:0.00223 loss_pq_va:0.03038 loss_pv_va:0.02947
INFO|2024-09-25 13:22:14: Epoch[034/100], iter[392/392], loss_total:0.09209, loss_equ:0.18677 loss_pq_vm:0.00151 loss_pq_va:0.02963 loss_pv_va:0.02870
INFO|2024-09-25 13:23:02: Epoch 33/100, lr:  0.00074347, eta: 3.19h, train_loss:  0.09425, valid_loss:  0.10739
INFO|2024-09-25 13:23:02: 	Train: PQ_Vm_rmse: 0.00217478  PQ_Va_rmse: 0.04280445  PV_Va_rmse: 0.04077063  delta_p: 0.12989868  delta_q: 0.03421227  
INFO|2024-09-25 13:23:02: 	ZTest: PQ_Vm_rmse: 0.00243187  PQ_Va_rmse: 0.05430036  PV_Va_rmse: 0.05239214  delta_p: 0.13126078  delta_q: 0.03496664  
INFO|2024-09-25 13:23:02: 	ZTest-ema: PQ_Vm_rmse: 0.002249  PQ_Va_rmse: 0.048826  PV_Va_rmse: 0.046157  delta_p: 0.127108  delta_q: 0.033433  
INFO|2024-09-25 13:23:02: 	           ValOfEMA:0.048826/0.048818,  Epoch:34/33
INFO|2024-09-25 13:23:02: 	Time(ep):174s,  Val(curr/best):0.054300/0.049478,  Epoch(curr/best):34/33
INFO|2024-09-25 13:23:02: -------------------- Epoch: 35 --------------------
INFO|2024-09-25 13:23:15: Epoch[035/100], iter[040/392], loss_total:0.08960, loss_equ:0.18278 loss_pq_vm:0.00146 loss_pq_va:0.02887 loss_pv_va:0.02790
INFO|2024-09-25 13:23:28: Epoch[035/100], iter[079/392], loss_total:0.08899, loss_equ:0.19187 loss_pq_vm:0.00168 loss_pq_va:0.02704 loss_pv_va:0.02599
INFO|2024-09-25 13:23:40: Epoch[035/100], iter[118/392], loss_total:0.08719, loss_equ:0.18391 loss_pq_vm:0.00141 loss_pq_va:0.02795 loss_pv_va:0.02679
INFO|2024-09-25 13:23:52: Epoch[035/100], iter[157/392], loss_total:0.08532, loss_equ:0.18852 loss_pq_vm:0.00147 loss_pq_va:0.02628 loss_pv_va:0.02546
INFO|2024-09-25 13:24:05: Epoch[035/100], iter[196/392], loss_total:0.08910, loss_equ:0.17991 loss_pq_vm:0.00141 loss_pq_va:0.02900 loss_pv_va:0.02800
INFO|2024-09-25 13:24:17: Epoch[035/100], iter[235/392], loss_total:0.08530, loss_equ:0.19465 loss_pq_vm:0.00142 loss_pq_va:0.02630 loss_pv_va:0.02537
INFO|2024-09-25 13:24:29: Epoch[035/100], iter[274/392], loss_total:0.08850, loss_equ:0.19256 loss_pq_vm:0.00145 loss_pq_va:0.02798 loss_pv_va:0.02677
INFO|2024-09-25 13:24:42: Epoch[035/100], iter[313/392], loss_total:0.08867, loss_equ:0.18635 loss_pq_vm:0.00166 loss_pq_va:0.02736 loss_pv_va:0.02608
INFO|2024-09-25 13:24:54: Epoch[035/100], iter[352/392], loss_total:0.09376, loss_equ:0.19125 loss_pq_vm:0.00188 loss_pq_va:0.02842 loss_pv_va:0.02741
INFO|2024-09-25 13:25:07: Epoch[035/100], iter[392/392], loss_total:0.08440, loss_equ:0.18152 loss_pq_vm:0.00145 loss_pq_va:0.02622 loss_pv_va:0.02549
INFO|2024-09-25 13:25:56: Epoch 34/100, lr:  0.00072973, eta: 3.13h, train_loss:  0.09226, valid_loss:  0.10339
INFO|2024-09-25 13:25:56: 	Train: PQ_Vm_rmse: 0.00213838  PQ_Va_rmse: 0.04207335  PV_Va_rmse: 0.04008003  delta_p: 0.12449400  delta_q: 0.03400924  
INFO|2024-09-25 13:25:56: 	ZTest: PQ_Vm_rmse: 0.00263810  PQ_Va_rmse: 0.04915419  PV_Va_rmse: 0.04681022  delta_p: 0.13794634  delta_q: 0.03756614  
INFO|2024-09-25 13:25:56: 	ZTest-ema: PQ_Vm_rmse: 0.002234  PQ_Va_rmse: 0.048352  PV_Va_rmse: 0.045703  delta_p: 0.126674  delta_q: 0.033292  
INFO|2024-09-25 13:25:56: 	           ValOfEMA:0.048352/0.048352,  Epoch:35/35
INFO|2024-09-25 13:25:56: 	Time(ep):173s,  Val(curr/best):0.049154/0.049154,  Epoch(curr/best):35/35
INFO|2024-09-25 13:25:56: -------------------- Epoch: 36 --------------------
INFO|2024-09-25 13:26:10: Epoch[036/100], iter[040/392], loss_total:0.09679, loss_equ:0.19765 loss_pq_vm:0.00208 loss_pq_va:0.02843 loss_pv_va:0.02784
INFO|2024-09-25 13:26:22: Epoch[036/100], iter[079/392], loss_total:0.09010, loss_equ:0.19528 loss_pq_vm:0.00141 loss_pq_va:0.02909 loss_pv_va:0.02741
INFO|2024-09-25 13:26:34: Epoch[036/100], iter[118/392], loss_total:0.09286, loss_equ:0.20314 loss_pq_vm:0.00190 loss_pq_va:0.02711 loss_pv_va:0.02648
INFO|2024-09-25 13:26:46: Epoch[036/100], iter[157/392], loss_total:0.09668, loss_equ:0.20345 loss_pq_vm:0.00163 loss_pq_va:0.03100 loss_pv_va:0.02906
INFO|2024-09-25 13:26:59: Epoch[036/100], iter[196/392], loss_total:0.09434, loss_equ:0.20475 loss_pq_vm:0.00153 loss_pq_va:0.02961 loss_pv_va:0.02897
INFO|2024-09-25 13:27:11: Epoch[036/100], iter[235/392], loss_total:0.08768, loss_equ:0.18750 loss_pq_vm:0.00151 loss_pq_va:0.02745 loss_pv_va:0.02633
INFO|2024-09-25 13:27:23: Epoch[036/100], iter[274/392], loss_total:0.10940, loss_equ:0.18224 loss_pq_vm:0.00154 loss_pq_va:0.03843 loss_pv_va:0.03731
INFO|2024-09-25 13:27:36: Epoch[036/100], iter[313/392], loss_total:0.09083, loss_equ:0.18665 loss_pq_vm:0.00150 loss_pq_va:0.02905 loss_pv_va:0.02809
INFO|2024-09-25 13:27:49: Epoch[036/100], iter[352/392], loss_total:0.08968, loss_equ:0.18468 loss_pq_vm:0.00144 loss_pq_va:0.02906 loss_pv_va:0.02772
INFO|2024-09-25 13:28:01: Epoch[036/100], iter[392/392], loss_total:0.09249, loss_equ:0.18473 loss_pq_vm:0.00158 loss_pq_va:0.02940 loss_pv_va:0.02880
INFO|2024-09-25 13:28:51: Epoch 35/100, lr:  0.00071576, eta: 3.1h, train_loss:  0.09247, valid_loss:  0.10310
INFO|2024-09-25 13:28:51: 	Train: PQ_Vm_rmse: 0.00218333  PQ_Va_rmse: 0.04146247  PV_Va_rmse: 0.03948090  delta_p: 0.12897330  delta_q: 0.03462433  
INFO|2024-09-25 13:28:51: 	ZTest: PQ_Vm_rmse: 0.00231877  PQ_Va_rmse: 0.05236131  PV_Va_rmse: 0.05003315  delta_p: 0.13342413  delta_q: 0.03504691  
INFO|2024-09-25 13:28:51: 	ZTest-ema: PQ_Vm_rmse: 0.002224  PQ_Va_rmse: 0.047890  PV_Va_rmse: 0.045265  delta_p: 0.127054  delta_q: 0.033286  
INFO|2024-09-25 13:28:51: 	           ValOfEMA:0.047890/0.047890,  Epoch:36/36
INFO|2024-09-25 13:28:51: 	Time(ep):174s,  Val(curr/best):0.052361/0.049154,  Epoch(curr/best):36/35
INFO|2024-09-25 13:28:51: -------------------- Epoch: 37 --------------------
INFO|2024-09-25 13:29:04: Epoch[037/100], iter[040/392], loss_total:0.08488, loss_equ:0.18257 loss_pq_vm:0.00145 loss_pq_va:0.02665 loss_pv_va:0.02549
INFO|2024-09-25 13:29:17: Epoch[037/100], iter[079/392], loss_total:0.08848, loss_equ:0.18274 loss_pq_vm:0.00141 loss_pq_va:0.02859 loss_pv_va:0.02751
INFO|2024-09-25 13:29:29: Epoch[037/100], iter[118/392], loss_total:0.09397, loss_equ:0.18611 loss_pq_vm:0.00145 loss_pq_va:0.03117 loss_pv_va:0.02967
INFO|2024-09-25 13:29:41: Epoch[037/100], iter[157/392], loss_total:0.10129, loss_equ:0.21319 loss_pq_vm:0.00220 loss_pq_va:0.03003 loss_pv_va:0.02793
INFO|2024-09-25 13:29:53: Epoch[037/100], iter[196/392], loss_total:0.09653, loss_equ:0.18443 loss_pq_vm:0.00148 loss_pq_va:0.03203 loss_pv_va:0.03124
INFO|2024-09-25 13:30:05: Epoch[037/100], iter[235/392], loss_total:0.09650, loss_equ:0.17919 loss_pq_vm:0.00162 loss_pq_va:0.03173 loss_pv_va:0.03063
INFO|2024-09-25 13:30:18: Epoch[037/100], iter[274/392], loss_total:0.08798, loss_equ:0.18457 loss_pq_vm:0.00153 loss_pq_va:0.02778 loss_pv_va:0.02646
INFO|2024-09-25 13:30:30: Epoch[037/100], iter[313/392], loss_total:0.09910, loss_equ:0.18675 loss_pq_vm:0.00167 loss_pq_va:0.03224 loss_pv_va:0.03152
INFO|2024-09-25 13:30:42: Epoch[037/100], iter[352/392], loss_total:0.10353, loss_equ:0.18967 loss_pq_vm:0.00167 loss_pq_va:0.03423 loss_pv_va:0.03359
INFO|2024-09-25 13:30:55: Epoch[037/100], iter[392/392], loss_total:0.09188, loss_equ:0.17985 loss_pq_vm:0.00146 loss_pq_va:0.03036 loss_pv_va:0.02892
INFO|2024-09-25 13:31:42: Epoch 36/100, lr:  0.00070159, eta: 2.99h, train_loss:  0.09187, valid_loss:  0.10555
INFO|2024-09-25 13:31:42: 	Train: PQ_Vm_rmse: 0.00222358  PQ_Va_rmse: 0.04117290  PV_Va_rmse: 0.03920279  delta_p: 0.12367730  delta_q: 0.03476967  
INFO|2024-09-25 13:31:42: 	ZTest: PQ_Vm_rmse: 0.00236736  PQ_Va_rmse: 0.05252049  PV_Va_rmse: 0.05062823  delta_p: 0.13192490  delta_q: 0.03463631  
INFO|2024-09-25 13:31:42: 	ZTest-ema: PQ_Vm_rmse: 0.002222  PQ_Va_rmse: 0.047580  PV_Va_rmse: 0.044980  delta_p: 0.126694  delta_q: 0.033224  
INFO|2024-09-25 13:31:42: 	           ValOfEMA:0.047580/0.047580,  Epoch:37/37
INFO|2024-09-25 13:31:42: 	Time(ep):171s,  Val(curr/best):0.052520/0.049154,  Epoch(curr/best):37/35
INFO|2024-09-25 13:31:42: -------------------- Epoch: 38 --------------------
INFO|2024-09-25 13:31:55: Epoch[038/100], iter[040/392], loss_total:0.09034, loss_equ:0.18208 loss_pq_vm:0.00152 loss_pq_va:0.02881 loss_pv_va:0.02817
INFO|2024-09-25 13:32:09: Epoch[038/100], iter[079/392], loss_total:0.08906, loss_equ:0.17741 loss_pq_vm:0.00144 loss_pq_va:0.02899 loss_pv_va:0.02793
INFO|2024-09-25 13:32:21: Epoch[038/100], iter[118/392], loss_total:0.08950, loss_equ:0.17778 loss_pq_vm:0.00144 loss_pq_va:0.02909 loss_pv_va:0.02824
INFO|2024-09-25 13:32:32: Epoch[038/100], iter[157/392], loss_total:0.09020, loss_equ:0.17818 loss_pq_vm:0.00142 loss_pq_va:0.02945 loss_pv_va:0.02869
INFO|2024-09-25 13:32:44: Epoch[038/100], iter[196/392], loss_total:0.08687, loss_equ:0.17475 loss_pq_vm:0.00145 loss_pq_va:0.02795 loss_pv_va:0.02690
INFO|2024-09-25 13:32:57: Epoch[038/100], iter[235/392], loss_total:0.08966, loss_equ:0.18002 loss_pq_vm:0.00138 loss_pq_va:0.02966 loss_pv_va:0.02817
INFO|2024-09-25 13:33:10: Epoch[038/100], iter[274/392], loss_total:0.09598, loss_equ:0.20751 loss_pq_vm:0.00155 loss_pq_va:0.03062 loss_pv_va:0.02913
INFO|2024-09-25 13:33:22: Epoch[038/100], iter[313/392], loss_total:0.09677, loss_equ:0.21271 loss_pq_vm:0.00176 loss_pq_va:0.02984 loss_pv_va:0.02808
INFO|2024-09-25 13:33:34: Epoch[038/100], iter[352/392], loss_total:0.09920, loss_equ:0.18593 loss_pq_vm:0.00178 loss_pq_va:0.03216 loss_pv_va:0.03060
INFO|2024-09-25 13:33:47: Epoch[038/100], iter[392/392], loss_total:0.09371, loss_equ:0.18339 loss_pq_vm:0.00146 loss_pq_va:0.03099 loss_pv_va:0.02982
INFO|2024-09-25 13:34:36: Epoch 37/100, lr:  0.00068722, eta: 3.0h, train_loss:  0.09081, valid_loss:  0.10334
INFO|2024-09-25 13:34:36: 	Train: PQ_Vm_rmse: 0.00206278  PQ_Va_rmse: 0.04154664  PV_Va_rmse: 0.03957166  delta_p: 0.12262605  delta_q: 0.03289356  
INFO|2024-09-25 13:34:36: 	ZTest: PQ_Vm_rmse: 0.00232146  PQ_Va_rmse: 0.05242447  PV_Va_rmse: 0.04992450  delta_p: 0.13213892  delta_q: 0.03429035  
INFO|2024-09-25 13:34:36: 	ZTest-ema: PQ_Vm_rmse: 0.002208  PQ_Va_rmse: 0.047420  PV_Va_rmse: 0.044841  delta_p: 0.125732  delta_q: 0.033059  
INFO|2024-09-25 13:34:36: 	           ValOfEMA:0.047420/0.047420,  Epoch:38/38
INFO|2024-09-25 13:34:37: 	Time(ep):173s,  Val(curr/best):0.052424/0.049154,  Epoch(curr/best):38/35
INFO|2024-09-25 13:34:37: -------------------- Epoch: 39 --------------------
INFO|2024-09-25 13:34:50: Epoch[039/100], iter[040/392], loss_total:0.08981, loss_equ:0.17976 loss_pq_vm:0.00149 loss_pq_va:0.02885 loss_pv_va:0.02808
INFO|2024-09-25 13:35:03: Epoch[039/100], iter[079/392], loss_total:0.09210, loss_equ:0.19541 loss_pq_vm:0.00176 loss_pq_va:0.02815 loss_pv_va:0.02679
INFO|2024-09-25 13:35:14: Epoch[039/100], iter[118/392], loss_total:0.08840, loss_equ:0.18165 loss_pq_vm:0.00145 loss_pq_va:0.02799 loss_pv_va:0.02779
INFO|2024-09-25 13:35:27: Epoch[039/100], iter[157/392], loss_total:0.08750, loss_equ:0.17493 loss_pq_vm:0.00137 loss_pq_va:0.02865 loss_pv_va:0.02766
INFO|2024-09-25 13:35:40: Epoch[039/100], iter[196/392], loss_total:0.09776, loss_equ:0.19665 loss_pq_vm:0.00202 loss_pq_va:0.02958 loss_pv_va:0.02836
INFO|2024-09-25 13:35:52: Epoch[039/100], iter[235/392], loss_total:0.08909, loss_equ:0.18481 loss_pq_vm:0.00150 loss_pq_va:0.02797 loss_pv_va:0.02764
INFO|2024-09-25 13:36:04: Epoch[039/100], iter[274/392], loss_total:0.09592, loss_equ:0.18197 loss_pq_vm:0.00142 loss_pq_va:0.03227 loss_pv_va:0.03122
INFO|2024-09-25 13:36:16: Epoch[039/100], iter[313/392], loss_total:0.09232, loss_equ:0.21245 loss_pq_vm:0.00148 loss_pq_va:0.02887 loss_pv_va:0.02743
INFO|2024-09-25 13:36:29: Epoch[039/100], iter[352/392], loss_total:0.08807, loss_equ:0.20999 loss_pq_vm:0.00141 loss_pq_va:0.02678 loss_pv_va:0.02620
INFO|2024-09-25 13:36:41: Epoch[039/100], iter[392/392], loss_total:0.09588, loss_equ:0.17898 loss_pq_vm:0.00142 loss_pq_va:0.03248 loss_pv_va:0.03128
INFO|2024-09-25 13:37:33: Epoch 38/100, lr:  0.00067268, eta: 2.98h, train_loss:  0.08988, valid_loss:  0.10248
INFO|2024-09-25 13:37:33: 	Train: PQ_Vm_rmse: 0.00209829  PQ_Va_rmse: 0.04054645  PV_Va_rmse: 0.03859299  delta_p: 0.12597685  delta_q: 0.03324854  
INFO|2024-09-25 13:37:33: 	ZTest: PQ_Vm_rmse: 0.00224817  PQ_Va_rmse: 0.05190978  PV_Va_rmse: 0.04901751  delta_p: 0.13551129  delta_q: 0.03462182  
INFO|2024-09-25 13:37:33: 	ZTest-ema: PQ_Vm_rmse: 0.002199  PQ_Va_rmse: 0.047002  PV_Va_rmse: 0.044451  delta_p: 0.126310  delta_q: 0.033058  
INFO|2024-09-25 13:37:33: 	           ValOfEMA:0.047002/0.047002,  Epoch:39/39
INFO|2024-09-25 13:37:34: 	Time(ep):176s,  Val(curr/best):0.051910/0.049154,  Epoch(curr/best):39/35
INFO|2024-09-25 13:37:34: -------------------- Epoch: 40 --------------------
INFO|2024-09-25 13:37:47: Epoch[040/100], iter[040/392], loss_total:0.08570, loss_equ:0.17521 loss_pq_vm:0.00143 loss_pq_va:0.02742 loss_pv_va:0.02650
INFO|2024-09-25 13:38:00: Epoch[040/100], iter[079/392], loss_total:0.08419, loss_equ:0.17848 loss_pq_vm:0.00137 loss_pq_va:0.02700 loss_pv_va:0.02568
INFO|2024-09-25 13:38:12: Epoch[040/100], iter[118/392], loss_total:0.08931, loss_equ:0.21084 loss_pq_vm:0.00158 loss_pq_va:0.02655 loss_pv_va:0.02583
INFO|2024-09-25 13:38:24: Epoch[040/100], iter[157/392], loss_total:0.11251, loss_equ:0.19800 loss_pq_vm:0.00166 loss_pq_va:0.03831 loss_pv_va:0.03776
INFO|2024-09-25 13:38:36: Epoch[040/100], iter[196/392], loss_total:0.08562, loss_equ:0.18384 loss_pq_vm:0.00142 loss_pq_va:0.02707 loss_pv_va:0.02599
INFO|2024-09-25 13:38:49: Epoch[040/100], iter[235/392], loss_total:0.09084, loss_equ:0.18669 loss_pq_vm:0.00158 loss_pq_va:0.02886 loss_pv_va:0.02754
INFO|2024-09-25 13:39:00: Epoch[040/100], iter[274/392], loss_total:0.10105, loss_equ:0.20394 loss_pq_vm:0.00141 loss_pq_va:0.03407 loss_pv_va:0.03252
INFO|2024-09-25 13:39:13: Epoch[040/100], iter[313/392], loss_total:0.08400, loss_equ:0.18678 loss_pq_vm:0.00139 loss_pq_va:0.02621 loss_pv_va:0.02522
INFO|2024-09-25 13:39:25: Epoch[040/100], iter[352/392], loss_total:0.08643, loss_equ:0.18196 loss_pq_vm:0.00138 loss_pq_va:0.02770 loss_pv_va:0.02671
INFO|2024-09-25 13:39:37: Epoch[040/100], iter[392/392], loss_total:0.08334, loss_equ:0.18256 loss_pq_vm:0.00148 loss_pq_va:0.02517 loss_pv_va:0.02511
INFO|2024-09-25 13:40:28: Epoch 39/100, lr:  0.00065796, eta: 2.9h, train_loss:  0.08851, valid_loss:  0.10176
INFO|2024-09-25 13:40:28: 	Train: PQ_Vm_rmse: 0.00204459  PQ_Va_rmse: 0.03991234  PV_Va_rmse: 0.03801519  delta_p: 0.12571940  delta_q: 0.03312859  
INFO|2024-09-25 13:40:28: 	ZTest: PQ_Vm_rmse: 0.00239121  PQ_Va_rmse: 0.05071672  PV_Va_rmse: 0.04805283  delta_p: 0.13329681  delta_q: 0.03528699  
INFO|2024-09-25 13:40:28: 	ZTest-ema: PQ_Vm_rmse: 0.002184  PQ_Va_rmse: 0.046534  PV_Va_rmse: 0.044007  delta_p: 0.126395  delta_q: 0.032988  
INFO|2024-09-25 13:40:28: 	           ValOfEMA:0.046534/0.046534,  Epoch:40/40
INFO|2024-09-25 13:40:28: 	Time(ep):174s,  Val(curr/best):0.050717/0.049154,  Epoch(curr/best):40/35
INFO|2024-09-25 13:40:28: -------------------- Epoch: 41 --------------------
INFO|2024-09-25 13:40:41: Epoch[041/100], iter[040/392], loss_total:0.08581, loss_equ:0.17953 loss_pq_vm:0.00144 loss_pq_va:0.02716 loss_pv_va:0.02629
INFO|2024-09-25 13:40:54: Epoch[041/100], iter[079/392], loss_total:0.08521, loss_equ:0.17908 loss_pq_vm:0.00171 loss_pq_va:0.02555 loss_pv_va:0.02462
INFO|2024-09-25 13:41:07: Epoch[041/100], iter[118/392], loss_total:0.08112, loss_equ:0.17691 loss_pq_vm:0.00137 loss_pq_va:0.02554 loss_pv_va:0.02416
INFO|2024-09-25 13:41:20: Epoch[041/100], iter[157/392], loss_total:0.08634, loss_equ:0.18156 loss_pq_vm:0.00166 loss_pq_va:0.02631 loss_pv_va:0.02523
INFO|2024-09-25 13:41:32: Epoch[041/100], iter[196/392], loss_total:0.09884, loss_equ:0.17625 loss_pq_vm:0.00141 loss_pq_va:0.03433 loss_pv_va:0.03274
INFO|2024-09-25 13:41:44: Epoch[041/100], iter[235/392], loss_total:0.08550, loss_equ:0.17913 loss_pq_vm:0.00137 loss_pq_va:0.02741 loss_pv_va:0.02651
INFO|2024-09-25 13:41:56: Epoch[041/100], iter[274/392], loss_total:0.08819, loss_equ:0.17441 loss_pq_vm:0.00151 loss_pq_va:0.02817 loss_pv_va:0.02751
INFO|2024-09-25 13:42:08: Epoch[041/100], iter[313/392], loss_total:0.08395, loss_equ:0.17894 loss_pq_vm:0.00156 loss_pq_va:0.02572 loss_pv_va:0.02477
INFO|2024-09-25 13:42:21: Epoch[041/100], iter[352/392], loss_total:0.08257, loss_equ:0.18056 loss_pq_vm:0.00142 loss_pq_va:0.02578 loss_pv_va:0.02452
INFO|2024-09-25 13:42:33: Epoch[041/100], iter[392/392], loss_total:0.08190, loss_equ:0.17714 loss_pq_vm:0.00138 loss_pq_va:0.02585 loss_pv_va:0.02456
INFO|2024-09-25 13:43:23: Epoch 40/100, lr:  0.00064310, eta: 2.87h, train_loss:  0.08828, valid_loss:  0.10518
INFO|2024-09-25 13:43:23: 	Train: PQ_Vm_rmse: 0.00206396  PQ_Va_rmse: 0.04000622  PV_Va_rmse: 0.03812353  delta_p: 0.11887988  delta_q: 0.03269241  
INFO|2024-09-25 13:43:23: 	ZTest: PQ_Vm_rmse: 0.00223228  PQ_Va_rmse: 0.05175115  PV_Va_rmse: 0.04891541  delta_p: 0.13318230  delta_q: 0.03430782  
INFO|2024-09-25 13:43:23: 	ZTest-ema: PQ_Vm_rmse: 0.002176  PQ_Va_rmse: 0.046251  PV_Va_rmse: 0.043774  delta_p: 0.125368  delta_q: 0.032851  
INFO|2024-09-25 13:43:23: 	           ValOfEMA:0.046251/0.046251,  Epoch:41/41
INFO|2024-09-25 13:43:24: 	Time(ep):175s,  Val(curr/best):0.051751/0.049154,  Epoch(curr/best):41/35
INFO|2024-09-25 13:43:24: -------------------- Epoch: 42 --------------------
INFO|2024-09-25 13:43:36: Epoch[042/100], iter[040/392], loss_total:0.08138, loss_equ:0.17730 loss_pq_vm:0.00139 loss_pq_va:0.02534 loss_pv_va:0.02437
INFO|2024-09-25 13:43:48: Epoch[042/100], iter[079/392], loss_total:0.09032, loss_equ:0.18544 loss_pq_vm:0.00166 loss_pq_va:0.02791 loss_pv_va:0.02732
INFO|2024-09-25 13:44:00: Epoch[042/100], iter[118/392], loss_total:0.09068, loss_equ:0.18869 loss_pq_vm:0.00151 loss_pq_va:0.02868 loss_pv_va:0.02800
INFO|2024-09-25 13:44:11: Epoch[042/100], iter[157/392], loss_total:0.08753, loss_equ:0.18202 loss_pq_vm:0.00160 loss_pq_va:0.02708 loss_pv_va:0.02625
INFO|2024-09-25 13:44:23: Epoch[042/100], iter[196/392], loss_total:0.09008, loss_equ:0.22690 loss_pq_vm:0.00158 loss_pq_va:0.02633 loss_pv_va:0.02528
INFO|2024-09-25 13:44:36: Epoch[042/100], iter[235/392], loss_total:0.08990, loss_equ:0.18606 loss_pq_vm:0.00173 loss_pq_va:0.02772 loss_pv_va:0.02624
INFO|2024-09-25 13:44:47: Epoch[042/100], iter[274/392], loss_total:0.08938, loss_equ:0.18895 loss_pq_vm:0.00156 loss_pq_va:0.02784 loss_pv_va:0.02706
INFO|2024-09-25 13:44:59: Epoch[042/100], iter[313/392], loss_total:0.08953, loss_equ:0.18878 loss_pq_vm:0.00137 loss_pq_va:0.02919 loss_pv_va:0.02774
INFO|2024-09-25 13:45:11: Epoch[042/100], iter[352/392], loss_total:0.08708, loss_equ:0.17643 loss_pq_vm:0.00148 loss_pq_va:0.02776 loss_pv_va:0.02693
INFO|2024-09-25 13:45:24: Epoch[042/100], iter[392/392], loss_total:0.09081, loss_equ:0.17483 loss_pq_vm:0.00143 loss_pq_va:0.02998 loss_pv_va:0.02902
INFO|2024-09-25 13:46:13: Epoch 41/100, lr:  0.00062810, eta: 2.72h, train_loss:  0.08946, valid_loss:  0.09939
INFO|2024-09-25 13:46:13: 	Train: PQ_Vm_rmse: 0.00207180  PQ_Va_rmse: 0.04028226  PV_Va_rmse: 0.03851819  delta_p: 0.12320853  delta_q: 0.03298209  
INFO|2024-09-25 13:46:13: 	ZTest: PQ_Vm_rmse: 0.00236714  PQ_Va_rmse: 0.05014828  PV_Va_rmse: 0.04730719  delta_p: 0.12894358  delta_q: 0.03425419  
INFO|2024-09-25 13:46:13: 	ZTest-ema: PQ_Vm_rmse: 0.002173  PQ_Va_rmse: 0.046356  PV_Va_rmse: 0.043885  delta_p: 0.124222  delta_q: 0.032727  
INFO|2024-09-25 13:46:13: 	           ValOfEMA:0.046356/0.046251,  Epoch:42/41
INFO|2024-09-25 13:46:13: 	Time(ep):169s,  Val(curr/best):0.050148/0.049154,  Epoch(curr/best):42/35
INFO|2024-09-25 13:46:13: -------------------- Epoch: 43 --------------------
INFO|2024-09-25 13:46:26: Epoch[043/100], iter[040/392], loss_total:0.08539, loss_equ:0.17683 loss_pq_vm:0.00159 loss_pq_va:0.02634 loss_pv_va:0.02548
INFO|2024-09-25 13:46:38: Epoch[043/100], iter[079/392], loss_total:0.08598, loss_equ:0.17967 loss_pq_vm:0.00168 loss_pq_va:0.02605 loss_pv_va:0.02516
INFO|2024-09-25 13:46:50: Epoch[043/100], iter[118/392], loss_total:0.08736, loss_equ:0.17624 loss_pq_vm:0.00144 loss_pq_va:0.02818 loss_pv_va:0.02712
INFO|2024-09-25 13:47:02: Epoch[043/100], iter[157/392], loss_total:0.08770, loss_equ:0.17236 loss_pq_vm:0.00138 loss_pq_va:0.02873 loss_pv_va:0.02797
INFO|2024-09-25 13:47:13: Epoch[043/100], iter[196/392], loss_total:0.08146, loss_equ:0.17417 loss_pq_vm:0.00136 loss_pq_va:0.02558 loss_pv_va:0.02490
INFO|2024-09-25 13:47:25: Epoch[043/100], iter[235/392], loss_total:0.08567, loss_equ:0.17869 loss_pq_vm:0.00139 loss_pq_va:0.02711 loss_pv_va:0.02679
INFO|2024-09-25 13:47:37: Epoch[043/100], iter[274/392], loss_total:0.08490, loss_equ:0.17355 loss_pq_vm:0.00137 loss_pq_va:0.02747 loss_pv_va:0.02638
INFO|2024-09-25 13:47:49: Epoch[043/100], iter[313/392], loss_total:0.08602, loss_equ:0.17837 loss_pq_vm:0.00151 loss_pq_va:0.02705 loss_pv_va:0.02600
INFO|2024-09-25 13:48:00: Epoch[043/100], iter[352/392], loss_total:0.08816, loss_equ:0.17189 loss_pq_vm:0.00139 loss_pq_va:0.02909 loss_pv_va:0.02800
INFO|2024-09-25 13:48:13: Epoch[043/100], iter[392/392], loss_total:0.08944, loss_equ:0.18396 loss_pq_vm:0.00158 loss_pq_va:0.02793 loss_pv_va:0.02734
INFO|2024-09-25 13:49:01: Epoch 42/100, lr:  0.00061298, eta: 2.67h, train_loss:  0.08754, valid_loss:  0.09504
INFO|2024-09-25 13:49:01: 	Train: PQ_Vm_rmse: 0.00203687  PQ_Va_rmse: 0.03975397  PV_Va_rmse: 0.03791292  delta_p: 0.11719981  delta_q: 0.03231400  
INFO|2024-09-25 13:49:01: 	ZTest: PQ_Vm_rmse: 0.00224578  PQ_Va_rmse: 0.04658072  PV_Va_rmse: 0.04423965  delta_p: 0.13233321  delta_q: 0.03435334  
INFO|2024-09-25 13:49:01: 	ZTest-ema: PQ_Vm_rmse: 0.002163  PQ_Va_rmse: 0.046065  PV_Va_rmse: 0.043632  delta_p: 0.123498  delta_q: 0.032607  
INFO|2024-09-25 13:49:01: 	           ValOfEMA:0.046065/0.046065,  Epoch:43/43
INFO|2024-09-25 13:49:02: 	Time(ep):168s,  Val(curr/best):0.046581/0.046581,  Epoch(curr/best):43/43
INFO|2024-09-25 13:49:02: -------------------- Epoch: 44 --------------------
INFO|2024-09-25 13:49:15: Epoch[044/100], iter[040/392], loss_total:0.08161, loss_equ:0.17606 loss_pq_vm:0.00136 loss_pq_va:0.02552 loss_pv_va:0.02493
INFO|2024-09-25 13:49:28: Epoch[044/100], iter[079/392], loss_total:0.08647, loss_equ:0.18589 loss_pq_vm:0.00146 loss_pq_va:0.02706 loss_pv_va:0.02625
INFO|2024-09-25 13:49:40: Epoch[044/100], iter[118/392], loss_total:0.08547, loss_equ:0.17720 loss_pq_vm:0.00148 loss_pq_va:0.02694 loss_pv_va:0.02600
INFO|2024-09-25 13:49:53: Epoch[044/100], iter[157/392], loss_total:0.08544, loss_equ:0.18144 loss_pq_vm:0.00138 loss_pq_va:0.02731 loss_pv_va:0.02619
INFO|2024-09-25 13:50:05: Epoch[044/100], iter[196/392], loss_total:0.08177, loss_equ:0.17764 loss_pq_vm:0.00135 loss_pq_va:0.02589 loss_pv_va:0.02464
INFO|2024-09-25 13:50:17: Epoch[044/100], iter[235/392], loss_total:0.08862, loss_equ:0.18820 loss_pq_vm:0.00206 loss_pq_va:0.02510 loss_pv_va:0.02413
INFO|2024-09-25 13:50:30: Epoch[044/100], iter[274/392], loss_total:0.08710, loss_equ:0.17591 loss_pq_vm:0.00143 loss_pq_va:0.02814 loss_pv_va:0.02709
INFO|2024-09-25 13:50:42: Epoch[044/100], iter[313/392], loss_total:0.08173, loss_equ:0.17314 loss_pq_vm:0.00139 loss_pq_va:0.02584 loss_pv_va:0.02472
INFO|2024-09-25 13:50:54: Epoch[044/100], iter[352/392], loss_total:0.08758, loss_equ:0.18203 loss_pq_vm:0.00142 loss_pq_va:0.02794 loss_pv_va:0.02720
INFO|2024-09-25 13:51:06: Epoch[044/100], iter[392/392], loss_total:0.08516, loss_equ:0.17408 loss_pq_vm:0.00141 loss_pq_va:0.02725 loss_pv_va:0.02638
INFO|2024-09-25 13:51:56: Epoch 43/100, lr:  0.00059775, eta: 2.71h, train_loss:  0.08585, valid_loss:  0.09612
INFO|2024-09-25 13:51:56: 	Train: PQ_Vm_rmse: 0.00198852  PQ_Va_rmse: 0.03892137  PV_Va_rmse: 0.03706408  delta_p: 0.11883066  delta_q: 0.03208655  
INFO|2024-09-25 13:51:56: 	ZTest: PQ_Vm_rmse: 0.00228258  PQ_Va_rmse: 0.04780760  PV_Va_rmse: 0.04576140  delta_p: 0.12766386  delta_q: 0.03362936  
INFO|2024-09-25 13:51:56: 	ZTest-ema: PQ_Vm_rmse: 0.002152  PQ_Va_rmse: 0.045575  PV_Va_rmse: 0.043171  delta_p: 0.123867  delta_q: 0.032554  
INFO|2024-09-25 13:51:56: 	           ValOfEMA:0.045575/0.045575,  Epoch:44/44
INFO|2024-09-25 13:51:57: 	Time(ep):174s,  Val(curr/best):0.047808/0.046581,  Epoch(curr/best):44/43
INFO|2024-09-25 13:51:57: -------------------- Epoch: 45 --------------------
INFO|2024-09-25 13:52:10: Epoch[045/100], iter[040/392], loss_total:0.08656, loss_equ:0.17843 loss_pq_vm:0.00140 loss_pq_va:0.02784 loss_pv_va:0.02689
INFO|2024-09-25 13:52:22: Epoch[045/100], iter[079/392], loss_total:0.08681, loss_equ:0.18238 loss_pq_vm:0.00151 loss_pq_va:0.02717 loss_pv_va:0.02628
INFO|2024-09-25 13:52:35: Epoch[045/100], iter[118/392], loss_total:0.08555, loss_equ:0.18277 loss_pq_vm:0.00140 loss_pq_va:0.02714 loss_pv_va:0.02614
INFO|2024-09-25 13:52:47: Epoch[045/100], iter[157/392], loss_total:0.09093, loss_equ:0.19351 loss_pq_vm:0.00141 loss_pq_va:0.02932 loss_pv_va:0.02818
INFO|2024-09-25 13:52:59: Epoch[045/100], iter[196/392], loss_total:0.08414, loss_equ:0.17926 loss_pq_vm:0.00135 loss_pq_va:0.02684 loss_pv_va:0.02587
INFO|2024-09-25 13:53:11: Epoch[045/100], iter[235/392], loss_total:0.08819, loss_equ:0.18812 loss_pq_vm:0.00196 loss_pq_va:0.02534 loss_pv_va:0.02441
INFO|2024-09-25 13:53:24: Epoch[045/100], iter[274/392], loss_total:0.08183, loss_equ:0.18068 loss_pq_vm:0.00137 loss_pq_va:0.02561 loss_pv_va:0.02445
INFO|2024-09-25 13:53:36: Epoch[045/100], iter[313/392], loss_total:0.08134, loss_equ:0.17573 loss_pq_vm:0.00135 loss_pq_va:0.02530 loss_pv_va:0.02493
INFO|2024-09-25 13:53:48: Epoch[045/100], iter[352/392], loss_total:0.08781, loss_equ:0.17888 loss_pq_vm:0.00145 loss_pq_va:0.02823 loss_pv_va:0.02717
INFO|2024-09-25 13:54:01: Epoch[045/100], iter[392/392], loss_total:0.08608, loss_equ:0.18306 loss_pq_vm:0.00144 loss_pq_va:0.02737 loss_pv_va:0.02599
INFO|2024-09-25 13:54:50: Epoch 44/100, lr:  0.00058244, eta: 2.65h, train_loss:  0.08614, valid_loss:  0.09410
INFO|2024-09-25 13:54:50: 	Train: PQ_Vm_rmse: 0.00202839  PQ_Va_rmse: 0.03873375  PV_Va_rmse: 0.03682195  delta_p: 0.12024162  delta_q: 0.03236543  
INFO|2024-09-25 13:54:50: 	ZTest: PQ_Vm_rmse: 0.00219511  PQ_Va_rmse: 0.04601107  PV_Va_rmse: 0.04369260  delta_p: 0.13338735  delta_q: 0.03360456  
INFO|2024-09-25 13:54:50: 	ZTest-ema: PQ_Vm_rmse: 0.002144  PQ_Va_rmse: 0.045328  PV_Va_rmse: 0.042919  delta_p: 0.123993  delta_q: 0.032510  
INFO|2024-09-25 13:54:50: 	           ValOfEMA:0.045328/0.045328,  Epoch:45/45
INFO|2024-09-25 13:54:50: 	Time(ep):173s,  Val(curr/best):0.046011/0.046011,  Epoch(curr/best):45/45
INFO|2024-09-25 13:54:50: -------------------- Epoch: 46 --------------------
INFO|2024-09-25 13:55:04: Epoch[046/100], iter[040/392], loss_total:0.08423, loss_equ:0.18339 loss_pq_vm:0.00134 loss_pq_va:0.02682 loss_pv_va:0.02566
INFO|2024-09-25 13:55:16: Epoch[046/100], iter[079/392], loss_total:0.07626, loss_equ:0.17406 loss_pq_vm:0.00133 loss_pq_va:0.02319 loss_pv_va:0.02238
INFO|2024-09-25 13:55:28: Epoch[046/100], iter[118/392], loss_total:0.08583, loss_equ:0.17924 loss_pq_vm:0.00137 loss_pq_va:0.02766 loss_pv_va:0.02655
INFO|2024-09-25 13:55:40: Epoch[046/100], iter[157/392], loss_total:0.08893, loss_equ:0.17330 loss_pq_vm:0.00136 loss_pq_va:0.02995 loss_pv_va:0.02801
INFO|2024-09-25 13:55:52: Epoch[046/100], iter[196/392], loss_total:0.08390, loss_equ:0.17860 loss_pq_vm:0.00142 loss_pq_va:0.02634 loss_pv_va:0.02549
INFO|2024-09-25 13:56:04: Epoch[046/100], iter[235/392], loss_total:0.08354, loss_equ:0.17585 loss_pq_vm:0.00136 loss_pq_va:0.02654 loss_pv_va:0.02581
INFO|2024-09-25 13:56:17: Epoch[046/100], iter[274/392], loss_total:0.08641, loss_equ:0.17762 loss_pq_vm:0.00143 loss_pq_va:0.02757 loss_pv_va:0.02680
INFO|2024-09-25 13:56:29: Epoch[046/100], iter[313/392], loss_total:0.08294, loss_equ:0.18161 loss_pq_vm:0.00133 loss_pq_va:0.02633 loss_pv_va:0.02520
INFO|2024-09-25 13:56:41: Epoch[046/100], iter[352/392], loss_total:0.08365, loss_equ:0.19459 loss_pq_vm:0.00142 loss_pq_va:0.02549 loss_pv_va:0.02454
INFO|2024-09-25 13:56:53: Epoch[046/100], iter[392/392], loss_total:0.08521, loss_equ:0.21029 loss_pq_vm:0.00140 loss_pq_va:0.02531 loss_pv_va:0.02486
INFO|2024-09-25 13:57:42: Epoch 45/100, lr:  0.00056704, eta: 2.58h, train_loss:  0.08462, valid_loss:  0.09402
INFO|2024-09-25 13:57:42: 	Train: PQ_Vm_rmse: 0.00197511  PQ_Va_rmse: 0.03797626  PV_Va_rmse: 0.03611705  delta_p: 0.12174212  delta_q: 0.03195977  
INFO|2024-09-25 13:57:42: 	ZTest: PQ_Vm_rmse: 0.00224605  PQ_Va_rmse: 0.04549310  PV_Va_rmse: 0.04292512  delta_p: 0.13555235  delta_q: 0.03463262  
INFO|2024-09-25 13:57:42: 	ZTest-ema: PQ_Vm_rmse: 0.002135  PQ_Va_rmse: 0.044994  PV_Va_rmse: 0.042629  delta_p: 0.124122  delta_q: 0.032464  
INFO|2024-09-25 13:57:42: 	           ValOfEMA:0.044994/0.044994,  Epoch:46/46
INFO|2024-09-25 13:57:43: 	Time(ep):171s,  Val(curr/best):0.045493/0.045493,  Epoch(curr/best):46/46
INFO|2024-09-25 13:57:43: -------------------- Epoch: 47 --------------------
INFO|2024-09-25 13:57:56: Epoch[047/100], iter[040/392], loss_total:0.07732, loss_equ:0.17658 loss_pq_vm:0.00133 loss_pq_va:0.02370 loss_pv_va:0.02262
INFO|2024-09-25 13:58:08: Epoch[047/100], iter[079/392], loss_total:0.08592, loss_equ:0.17723 loss_pq_vm:0.00134 loss_pq_va:0.02785 loss_pv_va:0.02690
INFO|2024-09-25 13:58:20: Epoch[047/100], iter[118/392], loss_total:0.09640, loss_equ:0.18711 loss_pq_vm:0.00142 loss_pq_va:0.03211 loss_pv_va:0.03140
INFO|2024-09-25 13:58:32: Epoch[047/100], iter[157/392], loss_total:0.09251, loss_equ:0.21922 loss_pq_vm:0.00142 loss_pq_va:0.02796 loss_pv_va:0.02846
INFO|2024-09-25 13:58:45: Epoch[047/100], iter[196/392], loss_total:0.08202, loss_equ:0.17401 loss_pq_vm:0.00134 loss_pq_va:0.02587 loss_pv_va:0.02531
INFO|2024-09-25 13:58:57: Epoch[047/100], iter[235/392], loss_total:0.08316, loss_equ:0.17525 loss_pq_vm:0.00143 loss_pq_va:0.02604 loss_pv_va:0.02527
INFO|2024-09-25 13:59:09: Epoch[047/100], iter[274/392], loss_total:0.08276, loss_equ:0.16987 loss_pq_vm:0.00147 loss_pq_va:0.02590 loss_pv_va:0.02521
INFO|2024-09-25 13:59:22: Epoch[047/100], iter[313/392], loss_total:0.08300, loss_equ:0.17972 loss_pq_vm:0.00137 loss_pq_va:0.02622 loss_pv_va:0.02506
INFO|2024-09-25 13:59:34: Epoch[047/100], iter[352/392], loss_total:0.08912, loss_equ:0.17299 loss_pq_vm:0.00135 loss_pq_va:0.02979 loss_pv_va:0.02850
INFO|2024-09-25 13:59:47: Epoch[047/100], iter[392/392], loss_total:0.08113, loss_equ:0.17884 loss_pq_vm:0.00137 loss_pq_va:0.02522 loss_pv_va:0.02436
INFO|2024-09-25 14:00:35: Epoch 46/100, lr:  0.00055158, eta: 2.54h, train_loss:  0.08434, valid_loss:  0.09252
INFO|2024-09-25 14:00:35: 	Train: PQ_Vm_rmse: 0.00196450  PQ_Va_rmse: 0.03788032  PV_Va_rmse: 0.03606313  delta_p: 0.12026270  delta_q: 0.03192311  
INFO|2024-09-25 14:00:35: 	ZTest: PQ_Vm_rmse: 0.00217062  PQ_Va_rmse: 0.04579029  PV_Va_rmse: 0.04345445  delta_p: 0.13186191  delta_q: 0.03379541  
INFO|2024-09-25 14:00:35: 	ZTest-ema: PQ_Vm_rmse: 0.002127  PQ_Va_rmse: 0.044770  PV_Va_rmse: 0.042415  delta_p: 0.123844  delta_q: 0.032385  
INFO|2024-09-25 14:00:35: 	           ValOfEMA:0.044770/0.044770,  Epoch:47/47
INFO|2024-09-25 14:00:36: 	Time(ep):172s,  Val(curr/best):0.045790/0.045493,  Epoch(curr/best):47/46
INFO|2024-09-25 14:00:36: -------------------- Epoch: 48 --------------------
INFO|2024-09-25 14:00:49: Epoch[048/100], iter[040/392], loss_total:0.08277, loss_equ:0.17117 loss_pq_vm:0.00133 loss_pq_va:0.02691 loss_pv_va:0.02549
INFO|2024-09-25 14:01:01: Epoch[048/100], iter[079/392], loss_total:0.08059, loss_equ:0.17471 loss_pq_vm:0.00137 loss_pq_va:0.02500 loss_pv_va:0.02447
INFO|2024-09-25 14:01:14: Epoch[048/100], iter[118/392], loss_total:0.08484, loss_equ:0.17579 loss_pq_vm:0.00140 loss_pq_va:0.02713 loss_pv_va:0.02615
INFO|2024-09-25 14:01:27: Epoch[048/100], iter[157/392], loss_total:0.08193, loss_equ:0.17219 loss_pq_vm:0.00131 loss_pq_va:0.02612 loss_pv_va:0.02546
INFO|2024-09-25 14:01:39: Epoch[048/100], iter[196/392], loss_total:0.08460, loss_equ:0.17090 loss_pq_vm:0.00132 loss_pq_va:0.02756 loss_pv_va:0.02679
INFO|2024-09-25 14:01:51: Epoch[048/100], iter[235/392], loss_total:0.08149, loss_equ:0.17691 loss_pq_vm:0.00133 loss_pq_va:0.02589 loss_pv_va:0.02457
INFO|2024-09-25 14:02:03: Epoch[048/100], iter[274/392], loss_total:0.08171, loss_equ:0.17549 loss_pq_vm:0.00144 loss_pq_va:0.02538 loss_pv_va:0.02435
INFO|2024-09-25 14:02:16: Epoch[048/100], iter[313/392], loss_total:0.08569, loss_equ:0.18833 loss_pq_vm:0.00154 loss_pq_va:0.02647 loss_pv_va:0.02500
INFO|2024-09-25 14:02:27: Epoch[048/100], iter[352/392], loss_total:0.08232, loss_equ:0.18032 loss_pq_vm:0.00142 loss_pq_va:0.02563 loss_pv_va:0.02446
INFO|2024-09-25 14:02:41: Epoch[048/100], iter[392/392], loss_total:0.08611, loss_equ:0.17248 loss_pq_vm:0.00140 loss_pq_va:0.02795 loss_pv_va:0.02687
INFO|2024-09-25 14:03:31: Epoch 47/100, lr:  0.00053608, eta: 2.53h, train_loss:  0.08399, valid_loss:  0.09446
INFO|2024-09-25 14:03:31: 	Train: PQ_Vm_rmse: 0.00194575  PQ_Va_rmse: 0.03784829  PV_Va_rmse: 0.03599570  delta_p: 0.11874155  delta_q: 0.03168353  
INFO|2024-09-25 14:03:31: 	ZTest: PQ_Vm_rmse: 0.00215515  PQ_Va_rmse: 0.04594693  PV_Va_rmse: 0.04401785  delta_p: 0.12807660  delta_q: 0.03340775  
INFO|2024-09-25 14:03:31: 	ZTest-ema: PQ_Vm_rmse: 0.002118  PQ_Va_rmse: 0.044556  PV_Va_rmse: 0.042216  delta_p: 0.123526  delta_q: 0.032299  
INFO|2024-09-25 14:03:31: 	           ValOfEMA:0.044556/0.044556,  Epoch:48/48
INFO|2024-09-25 14:03:31: 	Time(ep):175s,  Val(curr/best):0.045947/0.045493,  Epoch(curr/best):48/46
INFO|2024-09-25 14:03:31: -------------------- Epoch: 49 --------------------
INFO|2024-09-25 14:03:44: Epoch[049/100], iter[040/392], loss_total:0.08402, loss_equ:0.17795 loss_pq_vm:0.00158 loss_pq_va:0.02541 loss_pv_va:0.02503
INFO|2024-09-25 14:03:57: Epoch[049/100], iter[079/392], loss_total:0.08774, loss_equ:0.17739 loss_pq_vm:0.00145 loss_pq_va:0.02827 loss_pv_va:0.02721
INFO|2024-09-25 14:04:09: Epoch[049/100], iter[118/392], loss_total:0.08940, loss_equ:0.17070 loss_pq_vm:0.00134 loss_pq_va:0.03041 loss_pv_va:0.02856
INFO|2024-09-25 14:04:22: Epoch[049/100], iter[157/392], loss_total:0.07997, loss_equ:0.17550 loss_pq_vm:0.00138 loss_pq_va:0.02488 loss_pv_va:0.02373
INFO|2024-09-25 14:04:34: Epoch[049/100], iter[196/392], loss_total:0.08340, loss_equ:0.17554 loss_pq_vm:0.00135 loss_pq_va:0.02649 loss_pv_va:0.02585
INFO|2024-09-25 14:04:46: Epoch[049/100], iter[235/392], loss_total:0.08341, loss_equ:0.17136 loss_pq_vm:0.00137 loss_pq_va:0.02675 loss_pv_va:0.02588
INFO|2024-09-25 14:04:59: Epoch[049/100], iter[274/392], loss_total:0.07972, loss_equ:0.17510 loss_pq_vm:0.00133 loss_pq_va:0.02475 loss_pv_va:0.02413
INFO|2024-09-25 14:05:12: Epoch[049/100], iter[313/392], loss_total:0.09415, loss_equ:0.21783 loss_pq_vm:0.00213 loss_pq_va:0.02635 loss_pv_va:0.02473
INFO|2024-09-25 14:05:24: Epoch[049/100], iter[352/392], loss_total:0.08204, loss_equ:0.19181 loss_pq_vm:0.00140 loss_pq_va:0.02482 loss_pv_va:0.02408
INFO|2024-09-25 14:05:36: Epoch[049/100], iter[392/392], loss_total:0.08644, loss_equ:0.17498 loss_pq_vm:0.00139 loss_pq_va:0.02786 loss_pv_va:0.02717
INFO|2024-09-25 14:06:25: Epoch 48/100, lr:  0.00052055, eta: 2.47h, train_loss:  0.08423, valid_loss:  0.09566
INFO|2024-09-25 14:06:25: 	Train: PQ_Vm_rmse: 0.00200653  PQ_Va_rmse: 0.03759311  PV_Va_rmse: 0.03579529  delta_p: 0.11771223  delta_q: 0.03223305  
INFO|2024-09-25 14:06:25: 	ZTest: PQ_Vm_rmse: 0.00219782  PQ_Va_rmse: 0.04592076  PV_Va_rmse: 0.04387151  delta_p: 0.13272456  delta_q: 0.03370253  
INFO|2024-09-25 14:06:25: 	ZTest-ema: PQ_Vm_rmse: 0.002115  PQ_Va_rmse: 0.044363  PV_Va_rmse: 0.042049  delta_p: 0.123388  delta_q: 0.032253  
INFO|2024-09-25 14:06:25: 	           ValOfEMA:0.044363/0.044363,  Epoch:49/49
INFO|2024-09-25 14:06:25: 	Time(ep):174s,  Val(curr/best):0.045921/0.045493,  Epoch(curr/best):49/46
INFO|2024-09-25 14:06:25: -------------------- Epoch: 50 --------------------
INFO|2024-09-25 14:06:39: Epoch[050/100], iter[040/392], loss_total:0.07896, loss_equ:0.17634 loss_pq_vm:0.00135 loss_pq_va:0.02416 loss_pv_va:0.02368
INFO|2024-09-25 14:06:52: Epoch[050/100], iter[079/392], loss_total:0.07963, loss_equ:0.18330 loss_pq_vm:0.00133 loss_pq_va:0.02419 loss_pv_va:0.02381
INFO|2024-09-25 14:07:04: Epoch[050/100], iter[118/392], loss_total:0.07970, loss_equ:0.17008 loss_pq_vm:0.00131 loss_pq_va:0.02506 loss_pv_va:0.02457
INFO|2024-09-25 14:07:17: Epoch[050/100], iter[157/392], loss_total:0.08510, loss_equ:0.17677 loss_pq_vm:0.00134 loss_pq_va:0.02727 loss_pv_va:0.02679
INFO|2024-09-25 14:07:28: Epoch[050/100], iter[196/392], loss_total:0.08162, loss_equ:0.17481 loss_pq_vm:0.00137 loss_pq_va:0.02583 loss_pv_va:0.02461
INFO|2024-09-25 14:07:41: Epoch[050/100], iter[235/392], loss_total:0.08786, loss_equ:0.17629 loss_pq_vm:0.00138 loss_pq_va:0.02888 loss_pv_va:0.02759
INFO|2024-09-25 14:07:53: Epoch[050/100], iter[274/392], loss_total:0.08389, loss_equ:0.17199 loss_pq_vm:0.00143 loss_pq_va:0.02669 loss_pv_va:0.02567
INFO|2024-09-25 14:08:06: Epoch[050/100], iter[313/392], loss_total:0.07681, loss_equ:0.17112 loss_pq_vm:0.00135 loss_pq_va:0.02357 loss_pv_va:0.02265
INFO|2024-09-25 14:08:17: Epoch[050/100], iter[352/392], loss_total:0.08957, loss_equ:0.17444 loss_pq_vm:0.00135 loss_pq_va:0.02975 loss_pv_va:0.02889
INFO|2024-09-25 14:08:30: Epoch[050/100], iter[392/392], loss_total:0.08040, loss_equ:0.17258 loss_pq_vm:0.00131 loss_pq_va:0.02536 loss_pv_va:0.02467
INFO|2024-09-25 14:09:20: Epoch 49/100, lr:  0.00050500, eta: 2.42h, train_loss:  0.08240, valid_loss:  0.09230
INFO|2024-09-25 14:09:20: 	Train: PQ_Vm_rmse: 0.00191497  PQ_Va_rmse: 0.03697477  PV_Va_rmse: 0.03523180  delta_p: 0.11893364  delta_q: 0.03144783  
INFO|2024-09-25 14:09:20: 	ZTest: PQ_Vm_rmse: 0.00215599  PQ_Va_rmse: 0.04540175  PV_Va_rmse: 0.04318932  delta_p: 0.12875822  delta_q: 0.03328858  
INFO|2024-09-25 14:09:20: 	ZTest-ema: PQ_Vm_rmse: 0.002105  PQ_Va_rmse: 0.044090  PV_Va_rmse: 0.041792  delta_p: 0.123527  delta_q: 0.032195  
INFO|2024-09-25 14:09:20: 	           ValOfEMA:0.044090/0.044090,  Epoch:50/50
INFO|2024-09-25 14:09:20: 	Time(ep):174s,  Val(curr/best):0.045402/0.045402,  Epoch(curr/best):50/50
INFO|2024-09-25 14:09:20: -------------------- Epoch: 51 --------------------
INFO|2024-09-25 14:09:34: Epoch[051/100], iter[040/392], loss_total:0.08007, loss_equ:0.17070 loss_pq_vm:0.00131 loss_pq_va:0.02553 loss_pv_va:0.02439
INFO|2024-09-25 14:09:46: Epoch[051/100], iter[079/392], loss_total:0.08199, loss_equ:0.17529 loss_pq_vm:0.00136 loss_pq_va:0.02583 loss_pv_va:0.02506
INFO|2024-09-25 14:09:58: Epoch[051/100], iter[118/392], loss_total:0.08155, loss_equ:0.17599 loss_pq_vm:0.00142 loss_pq_va:0.02543 loss_pv_va:0.02436
INFO|2024-09-25 14:10:11: Epoch[051/100], iter[157/392], loss_total:0.07719, loss_equ:0.17286 loss_pq_vm:0.00131 loss_pq_va:0.02356 loss_pv_va:0.02321
INFO|2024-09-25 14:10:24: Epoch[051/100], iter[196/392], loss_total:0.08635, loss_equ:0.17406 loss_pq_vm:0.00146 loss_pq_va:0.02762 loss_pv_va:0.02670
INFO|2024-09-25 14:10:36: Epoch[051/100], iter[235/392], loss_total:0.08117, loss_equ:0.17206 loss_pq_vm:0.00134 loss_pq_va:0.02574 loss_pv_va:0.02480
INFO|2024-09-25 14:10:48: Epoch[051/100], iter[274/392], loss_total:0.07483, loss_equ:0.17131 loss_pq_vm:0.00137 loss_pq_va:0.02231 loss_pv_va:0.02173
INFO|2024-09-25 14:11:01: Epoch[051/100], iter[313/392], loss_total:0.08318, loss_equ:0.17848 loss_pq_vm:0.00137 loss_pq_va:0.02594 loss_pv_va:0.02575
INFO|2024-09-25 14:11:13: Epoch[051/100], iter[352/392], loss_total:0.07708, loss_equ:0.17111 loss_pq_vm:0.00133 loss_pq_va:0.02369 loss_pv_va:0.02299
INFO|2024-09-25 14:11:26: Epoch[051/100], iter[392/392], loss_total:0.08215, loss_equ:0.17710 loss_pq_vm:0.00152 loss_pq_va:0.02487 loss_pv_va:0.02440
INFO|2024-09-25 14:12:14: Epoch 50/100, lr:  0.00048945, eta: 2.36h, train_loss:  0.08263, valid_loss:  0.09491
INFO|2024-09-25 14:12:14: 	Train: PQ_Vm_rmse: 0.00193861  PQ_Va_rmse: 0.03709561  PV_Va_rmse: 0.03533666  delta_p: 0.11623586  delta_q: 0.03145443  
INFO|2024-09-25 14:12:14: 	ZTest: PQ_Vm_rmse: 0.00253425  PQ_Va_rmse: 0.04412856  PV_Va_rmse: 0.04196921  delta_p: 0.13799435  delta_q: 0.03626371  
INFO|2024-09-25 14:12:14: 	ZTest-ema: PQ_Vm_rmse: 0.002098  PQ_Va_rmse: 0.043865  PV_Va_rmse: 0.041584  delta_p: 0.123260  delta_q: 0.032131  
INFO|2024-09-25 14:12:14: 	           ValOfEMA:0.043865/0.043865,  Epoch:51/51
INFO|2024-09-25 14:12:14: 	Time(ep):173s,  Val(curr/best):0.044129/0.044129,  Epoch(curr/best):51/51
INFO|2024-09-25 14:12:14: -------------------- Epoch: 52 --------------------
INFO|2024-09-25 14:12:28: Epoch[052/100], iter[040/392], loss_total:0.07939, loss_equ:0.17575 loss_pq_vm:0.00134 loss_pq_va:0.02480 loss_pv_va:0.02364
INFO|2024-09-25 14:12:40: Epoch[052/100], iter[079/392], loss_total:0.08395, loss_equ:0.17724 loss_pq_vm:0.00142 loss_pq_va:0.02657 loss_pv_va:0.02546
INFO|2024-09-25 14:12:53: Epoch[052/100], iter[118/392], loss_total:0.08169, loss_equ:0.17015 loss_pq_vm:0.00130 loss_pq_va:0.02620 loss_pv_va:0.02548
INFO|2024-09-25 14:13:05: Epoch[052/100], iter[157/392], loss_total:0.07974, loss_equ:0.16801 loss_pq_vm:0.00132 loss_pq_va:0.02523 loss_pv_va:0.02449
INFO|2024-09-25 14:13:17: Epoch[052/100], iter[196/392], loss_total:0.07979, loss_equ:0.16893 loss_pq_vm:0.00127 loss_pq_va:0.02545 loss_pv_va:0.02471
INFO|2024-09-25 14:13:29: Epoch[052/100], iter[235/392], loss_total:0.08442, loss_equ:0.17302 loss_pq_vm:0.00136 loss_pq_va:0.02723 loss_pv_va:0.02628
INFO|2024-09-25 14:13:41: Epoch[052/100], iter[274/392], loss_total:0.07783, loss_equ:0.16973 loss_pq_vm:0.00132 loss_pq_va:0.02421 loss_pv_va:0.02342
INFO|2024-09-25 14:13:53: Epoch[052/100], iter[313/392], loss_total:0.08169, loss_equ:0.17200 loss_pq_vm:0.00132 loss_pq_va:0.02598 loss_pv_va:0.02527
INFO|2024-09-25 14:14:05: Epoch[052/100], iter[352/392], loss_total:0.08231, loss_equ:0.17730 loss_pq_vm:0.00133 loss_pq_va:0.02613 loss_pv_va:0.02511
INFO|2024-09-25 14:14:18: Epoch[052/100], iter[392/392], loss_total:0.08020, loss_equ:0.17231 loss_pq_vm:0.00137 loss_pq_va:0.02518 loss_pv_va:0.02405
INFO|2024-09-25 14:15:05: Epoch 51/100, lr:  0.00047392, eta: 2.28h, train_loss:  0.08149, valid_loss:  0.09259
INFO|2024-09-25 14:15:05: 	Train: PQ_Vm_rmse: 0.00190147  PQ_Va_rmse: 0.03669092  PV_Va_rmse: 0.03492379  delta_p: 0.11515435  delta_q: 0.03112857  
INFO|2024-09-25 14:15:05: 	ZTest: PQ_Vm_rmse: 0.00220253  PQ_Va_rmse: 0.04551879  PV_Va_rmse: 0.04305001  delta_p: 0.12950470  delta_q: 0.03373105  
INFO|2024-09-25 14:15:05: 	ZTest-ema: PQ_Vm_rmse: 0.002091  PQ_Va_rmse: 0.043642  PV_Va_rmse: 0.041381  delta_p: 0.123148  delta_q: 0.032076  
INFO|2024-09-25 14:15:05: 	           ValOfEMA:0.043642/0.043642,  Epoch:52/52
INFO|2024-09-25 14:15:06: 	Time(ep):170s,  Val(curr/best):0.045519/0.044129,  Epoch(curr/best):52/51
INFO|2024-09-25 14:15:06: -------------------- Epoch: 53 --------------------
INFO|2024-09-25 14:15:18: Epoch[053/100], iter[040/392], loss_total:0.07868, loss_equ:0.17310 loss_pq_vm:0.00136 loss_pq_va:0.02448 loss_pv_va:0.02334
INFO|2024-09-25 14:15:31: Epoch[053/100], iter[079/392], loss_total:0.08631, loss_equ:0.18092 loss_pq_vm:0.00138 loss_pq_va:0.02788 loss_pv_va:0.02650
INFO|2024-09-25 14:15:44: Epoch[053/100], iter[118/392], loss_total:0.08745, loss_equ:0.18092 loss_pq_vm:0.00180 loss_pq_va:0.02616 loss_pv_va:0.02520
INFO|2024-09-25 14:15:56: Epoch[053/100], iter[157/392], loss_total:0.08165, loss_equ:0.17354 loss_pq_vm:0.00143 loss_pq_va:0.02545 loss_pv_va:0.02459
INFO|2024-09-25 14:16:09: Epoch[053/100], iter[196/392], loss_total:0.08138, loss_equ:0.17349 loss_pq_vm:0.00142 loss_pq_va:0.02539 loss_pv_va:0.02448
INFO|2024-09-25 14:16:21: Epoch[053/100], iter[235/392], loss_total:0.08041, loss_equ:0.17690 loss_pq_vm:0.00136 loss_pq_va:0.02507 loss_pv_va:0.02409
INFO|2024-09-25 14:16:34: Epoch[053/100], iter[274/392], loss_total:0.09395, loss_equ:0.17262 loss_pq_vm:0.00137 loss_pq_va:0.03203 loss_pv_va:0.03099
INFO|2024-09-25 14:16:46: Epoch[053/100], iter[313/392], loss_total:0.07833, loss_equ:0.16906 loss_pq_vm:0.00135 loss_pq_va:0.02418 loss_pv_va:0.02372
INFO|2024-09-25 14:16:58: Epoch[053/100], iter[352/392], loss_total:0.08018, loss_equ:0.17268 loss_pq_vm:0.00142 loss_pq_va:0.02490 loss_pv_va:0.02378
INFO|2024-09-25 14:17:10: Epoch[053/100], iter[392/392], loss_total:0.07654, loss_equ:0.17005 loss_pq_vm:0.00130 loss_pq_va:0.02356 loss_pv_va:0.02294
INFO|2024-09-25 14:17:58: Epoch 52/100, lr:  0.00045842, eta: 2.25h, train_loss:  0.08289, valid_loss:  0.09190
INFO|2024-09-25 14:17:58: 	Train: PQ_Vm_rmse: 0.00195657  PQ_Va_rmse: 0.03704086  PV_Va_rmse: 0.03526212  delta_p: 0.11584718  delta_q: 0.03161525  
INFO|2024-09-25 14:17:58: 	ZTest: PQ_Vm_rmse: 0.00219944  PQ_Va_rmse: 0.04556393  PV_Va_rmse: 0.04307061  delta_p: 0.12685926  delta_q: 0.03356594  
INFO|2024-09-25 14:17:58: 	ZTest-ema: PQ_Vm_rmse: 0.002088  PQ_Va_rmse: 0.043528  PV_Va_rmse: 0.041289  delta_p: 0.122911  delta_q: 0.032023  
INFO|2024-09-25 14:17:58: 	           ValOfEMA:0.043528/0.043528,  Epoch:53/53
INFO|2024-09-25 14:17:58: 	Time(ep):172s,  Val(curr/best):0.045564/0.044129,  Epoch(curr/best):53/51
INFO|2024-09-25 14:17:58: -------------------- Epoch: 54 --------------------
INFO|2024-09-25 14:18:11: Epoch[054/100], iter[040/392], loss_total:0.08150, loss_equ:0.16728 loss_pq_vm:0.00131 loss_pq_va:0.02610 loss_pv_va:0.02556
INFO|2024-09-25 14:18:23: Epoch[054/100], iter[079/392], loss_total:0.08503, loss_equ:0.17646 loss_pq_vm:0.00144 loss_pq_va:0.02699 loss_pv_va:0.02602
INFO|2024-09-25 14:18:36: Epoch[054/100], iter[118/392], loss_total:0.07683, loss_equ:0.17084 loss_pq_vm:0.00134 loss_pq_va:0.02358 loss_pv_va:0.02281
INFO|2024-09-25 14:18:48: Epoch[054/100], iter[157/392], loss_total:0.08133, loss_equ:0.17365 loss_pq_vm:0.00132 loss_pq_va:0.02581 loss_pv_va:0.02493
INFO|2024-09-25 14:19:00: Epoch[054/100], iter[196/392], loss_total:0.07710, loss_equ:0.17109 loss_pq_vm:0.00133 loss_pq_va:0.02359 loss_pv_va:0.02312
INFO|2024-09-25 14:19:12: Epoch[054/100], iter[235/392], loss_total:0.08305, loss_equ:0.17577 loss_pq_vm:0.00136 loss_pq_va:0.02644 loss_pv_va:0.02546
INFO|2024-09-25 14:19:25: Epoch[054/100], iter[274/392], loss_total:0.07994, loss_equ:0.17532 loss_pq_vm:0.00132 loss_pq_va:0.02524 loss_pv_va:0.02393
INFO|2024-09-25 14:19:37: Epoch[054/100], iter[313/392], loss_total:0.07730, loss_equ:0.17413 loss_pq_vm:0.00141 loss_pq_va:0.02328 loss_pv_va:0.02249
INFO|2024-09-25 14:19:49: Epoch[054/100], iter[352/392], loss_total:0.08014, loss_equ:0.17216 loss_pq_vm:0.00138 loss_pq_va:0.02515 loss_pv_va:0.02399
INFO|2024-09-25 14:20:01: Epoch[054/100], iter[392/392], loss_total:0.07631, loss_equ:0.16906 loss_pq_vm:0.00132 loss_pq_va:0.02352 loss_pv_va:0.02272
INFO|2024-09-25 14:20:49: Epoch 53/100, lr:  0.00044296, eta: 2.19h, train_loss:  0.08084, valid_loss:  0.08875
INFO|2024-09-25 14:20:49: 	Train: PQ_Vm_rmse: 0.00189234  PQ_Va_rmse: 0.03612966  PV_Va_rmse: 0.03441755  delta_p: 0.11675951  delta_q: 0.03103509  
INFO|2024-09-25 14:20:49: 	ZTest: PQ_Vm_rmse: 0.00211134  PQ_Va_rmse: 0.04355907  PV_Va_rmse: 0.04134520  delta_p: 0.12733549  delta_q: 0.03292487  
INFO|2024-09-25 14:20:49: 	ZTest-ema: PQ_Vm_rmse: 0.002079  PQ_Va_rmse: 0.043272  PV_Va_rmse: 0.041063  delta_p: 0.123155  delta_q: 0.031979  
INFO|2024-09-25 14:20:49: 	           ValOfEMA:0.043272/0.043272,  Epoch:54/54
INFO|2024-09-25 14:20:50: 	Time(ep):171s,  Val(curr/best):0.043559/0.043559,  Epoch(curr/best):54/54
INFO|2024-09-25 14:20:50: -------------------- Epoch: 55 --------------------
INFO|2024-09-25 14:21:04: Epoch[055/100], iter[040/392], loss_total:0.07376, loss_equ:0.17225 loss_pq_vm:0.00130 loss_pq_va:0.02213 loss_pv_va:0.02138
INFO|2024-09-25 14:21:16: Epoch[055/100], iter[079/392], loss_total:0.08162, loss_equ:0.17528 loss_pq_vm:0.00139 loss_pq_va:0.02538 loss_pv_va:0.02477
INFO|2024-09-25 14:21:29: Epoch[055/100], iter[118/392], loss_total:0.07847, loss_equ:0.17223 loss_pq_vm:0.00132 loss_pq_va:0.02435 loss_pv_va:0.02366
INFO|2024-09-25 14:21:41: Epoch[055/100], iter[157/392], loss_total:0.07989, loss_equ:0.17282 loss_pq_vm:0.00130 loss_pq_va:0.02543 loss_pv_va:0.02415
INFO|2024-09-25 14:21:53: Epoch[055/100], iter[196/392], loss_total:0.08076, loss_equ:0.17348 loss_pq_vm:0.00130 loss_pq_va:0.02558 loss_pv_va:0.02479
INFO|2024-09-25 14:22:06: Epoch[055/100], iter[235/392], loss_total:0.08295, loss_equ:0.16896 loss_pq_vm:0.00131 loss_pq_va:0.02701 loss_pv_va:0.02589
INFO|2024-09-25 14:22:18: Epoch[055/100], iter[274/392], loss_total:0.07649, loss_equ:0.17293 loss_pq_vm:0.00135 loss_pq_va:0.02333 loss_pv_va:0.02236
INFO|2024-09-25 14:22:31: Epoch[055/100], iter[313/392], loss_total:0.08134, loss_equ:0.17364 loss_pq_vm:0.00132 loss_pq_va:0.02581 loss_pv_va:0.02497
INFO|2024-09-25 14:22:43: Epoch[055/100], iter[352/392], loss_total:0.08331, loss_equ:0.17004 loss_pq_vm:0.00137 loss_pq_va:0.02670 loss_pv_va:0.02592
INFO|2024-09-25 14:22:56: Epoch[055/100], iter[392/392], loss_total:0.07900, loss_equ:0.17382 loss_pq_vm:0.00136 loss_pq_va:0.02453 loss_pv_va:0.02346
INFO|2024-09-25 14:23:43: Epoch 54/100, lr:  0.00042756, eta: 2.16h, train_loss:  0.08040, valid_loss:  0.09153
INFO|2024-09-25 14:23:43: 	Train: PQ_Vm_rmse: 0.00188027  PQ_Va_rmse: 0.03606993  PV_Va_rmse: 0.03436243  delta_p: 0.11413306  delta_q: 0.03082850  
INFO|2024-09-25 14:23:43: 	ZTest: PQ_Vm_rmse: 0.00210472  PQ_Va_rmse: 0.04580753  PV_Va_rmse: 0.04338621  delta_p: 0.12730488  delta_q: 0.03270818  
INFO|2024-09-25 14:23:43: 	ZTest-ema: PQ_Vm_rmse: 0.002074  PQ_Va_rmse: 0.043105  PV_Va_rmse: 0.040910  delta_p: 0.122642  delta_q: 0.031888  
INFO|2024-09-25 14:23:43: 	           ValOfEMA:0.043105/0.043105,  Epoch:55/55
INFO|2024-09-25 14:23:43: 	Time(ep):172s,  Val(curr/best):0.045808/0.043559,  Epoch(curr/best):55/54
INFO|2024-09-25 14:23:43: -------------------- Epoch: 56 --------------------
INFO|2024-09-25 14:23:57: Epoch[056/100], iter[040/392], loss_total:0.08221, loss_equ:0.16944 loss_pq_vm:0.00129 loss_pq_va:0.02627 loss_pv_va:0.02613
INFO|2024-09-25 14:24:09: Epoch[056/100], iter[079/392], loss_total:0.07659, loss_equ:0.17354 loss_pq_vm:0.00131 loss_pq_va:0.02360 loss_pv_va:0.02257
INFO|2024-09-25 14:24:22: Epoch[056/100], iter[118/392], loss_total:0.08075, loss_equ:0.16883 loss_pq_vm:0.00131 loss_pq_va:0.02607 loss_pv_va:0.02465
INFO|2024-09-25 14:24:34: Epoch[056/100], iter[157/392], loss_total:0.07690, loss_equ:0.16809 loss_pq_vm:0.00143 loss_pq_va:0.02336 loss_pv_va:0.02240
INFO|2024-09-25 14:24:46: Epoch[056/100], iter[196/392], loss_total:0.07630, loss_equ:0.17122 loss_pq_vm:0.00130 loss_pq_va:0.02344 loss_pv_va:0.02274
INFO|2024-09-25 14:24:59: Epoch[056/100], iter[235/392], loss_total:0.08210, loss_equ:0.16634 loss_pq_vm:0.00131 loss_pq_va:0.02672 loss_pv_va:0.02563
INFO|2024-09-25 14:25:11: Epoch[056/100], iter[274/392], loss_total:0.07581, loss_equ:0.17041 loss_pq_vm:0.00129 loss_pq_va:0.02322 loss_pv_va:0.02268
INFO|2024-09-25 14:25:24: Epoch[056/100], iter[313/392], loss_total:0.07932, loss_equ:0.16788 loss_pq_vm:0.00139 loss_pq_va:0.02463 loss_pv_va:0.02399
INFO|2024-09-25 14:25:36: Epoch[056/100], iter[352/392], loss_total:0.07983, loss_equ:0.16759 loss_pq_vm:0.00133 loss_pq_va:0.02530 loss_pv_va:0.02444
INFO|2024-09-25 14:25:48: Epoch[056/100], iter[392/392], loss_total:0.07485, loss_equ:0.17188 loss_pq_vm:0.00129 loss_pq_va:0.02273 loss_pv_va:0.02206
INFO|2024-09-25 14:26:36: Epoch 55/100, lr:  0.00041225, eta: 2.11h, train_loss:  0.07895, valid_loss:  0.08856
INFO|2024-09-25 14:26:36: 	Train: PQ_Vm_rmse: 0.00185136  PQ_Va_rmse: 0.03537563  PV_Va_rmse: 0.03368784  delta_p: 0.11356090  delta_q: 0.03055562  
INFO|2024-09-25 14:26:36: 	ZTest: PQ_Vm_rmse: 0.00210163  PQ_Va_rmse: 0.04294812  PV_Va_rmse: 0.04095625  delta_p: 0.12932538  delta_q: 0.03299350  
INFO|2024-09-25 14:26:36: 	ZTest-ema: PQ_Vm_rmse: 0.002066  PQ_Va_rmse: 0.042858  PV_Va_rmse: 0.040689  delta_p: 0.122770  delta_q: 0.031842  
INFO|2024-09-25 14:26:36: 	           ValOfEMA:0.042858/0.042858,  Epoch:56/56
INFO|2024-09-25 14:26:36: 	Time(ep):172s,  Val(curr/best):0.042948/0.042948,  Epoch(curr/best):56/56
INFO|2024-09-25 14:26:36: -------------------- Epoch: 57 --------------------
INFO|2024-09-25 14:26:50: Epoch[057/100], iter[040/392], loss_total:0.08455, loss_equ:0.17360 loss_pq_vm:0.00180 loss_pq_va:0.02514 loss_pv_va:0.02410
INFO|2024-09-25 14:27:03: Epoch[057/100], iter[079/392], loss_total:0.08567, loss_equ:0.17794 loss_pq_vm:0.00137 loss_pq_va:0.02772 loss_pv_va:0.02646
INFO|2024-09-25 14:27:15: Epoch[057/100], iter[118/392], loss_total:0.07631, loss_equ:0.17131 loss_pq_vm:0.00131 loss_pq_va:0.02345 loss_pv_va:0.02267
INFO|2024-09-25 14:27:27: Epoch[057/100], iter[157/392], loss_total:0.07720, loss_equ:0.17134 loss_pq_vm:0.00128 loss_pq_va:0.02411 loss_pv_va:0.02310
INFO|2024-09-25 14:27:40: Epoch[057/100], iter[196/392], loss_total:0.08464, loss_equ:0.17232 loss_pq_vm:0.00139 loss_pq_va:0.02711 loss_pv_va:0.02644
INFO|2024-09-25 14:27:52: Epoch[057/100], iter[235/392], loss_total:0.08741, loss_equ:0.17909 loss_pq_vm:0.00167 loss_pq_va:0.02659 loss_pv_va:0.02617
INFO|2024-09-25 14:28:04: Epoch[057/100], iter[274/392], loss_total:0.08329, loss_equ:0.17351 loss_pq_vm:0.00129 loss_pq_va:0.02696 loss_pv_va:0.02607
INFO|2024-09-25 14:28:16: Epoch[057/100], iter[313/392], loss_total:0.07714, loss_equ:0.16886 loss_pq_vm:0.00137 loss_pq_va:0.02351 loss_pv_va:0.02301
INFO|2024-09-25 14:28:28: Epoch[057/100], iter[352/392], loss_total:0.08072, loss_equ:0.16992 loss_pq_vm:0.00135 loss_pq_va:0.02567 loss_pv_va:0.02456
INFO|2024-09-25 14:28:41: Epoch[057/100], iter[392/392], loss_total:0.08173, loss_equ:0.17346 loss_pq_vm:0.00130 loss_pq_va:0.02611 loss_pv_va:0.02524
INFO|2024-09-25 14:29:29: Epoch 56/100, lr:  0.00039702, eta: 2.06h, train_loss:  0.08023, valid_loss:  0.09073
INFO|2024-09-25 14:29:29: 	Train: PQ_Vm_rmse: 0.00188539  PQ_Va_rmse: 0.03592948  PV_Va_rmse: 0.03421152  delta_p: 0.11296766  delta_q: 0.03077174  
INFO|2024-09-25 14:29:29: 	ZTest: PQ_Vm_rmse: 0.00222401  PQ_Va_rmse: 0.04335257  PV_Va_rmse: 0.04116927  delta_p: 0.12971129  delta_q: 0.03400591  
INFO|2024-09-25 14:29:29: 	ZTest-ema: PQ_Vm_rmse: 0.002062  PQ_Va_rmse: 0.042752  PV_Va_rmse: 0.040591  delta_p: 0.122256  delta_q: 0.031762  
INFO|2024-09-25 14:29:29: 	           ValOfEMA:0.042752/0.042752,  Epoch:57/57
INFO|2024-09-25 14:29:30: 	Time(ep):172s,  Val(curr/best):0.043353/0.042948,  Epoch(curr/best):57/56
INFO|2024-09-25 14:29:30: -------------------- Epoch: 58 --------------------
INFO|2024-09-25 14:29:43: Epoch[058/100], iter[040/392], loss_total:0.07451, loss_equ:0.16840 loss_pq_vm:0.00129 loss_pq_va:0.02288 loss_pv_va:0.02188
INFO|2024-09-25 14:29:55: Epoch[058/100], iter[079/392], loss_total:0.08055, loss_equ:0.17111 loss_pq_vm:0.00147 loss_pq_va:0.02469 loss_pv_va:0.02409
INFO|2024-09-25 14:30:07: Epoch[058/100], iter[118/392], loss_total:0.07636, loss_equ:0.16612 loss_pq_vm:0.00132 loss_pq_va:0.02379 loss_pv_va:0.02278
INFO|2024-09-25 14:30:20: Epoch[058/100], iter[157/392], loss_total:0.07598, loss_equ:0.16868 loss_pq_vm:0.00138 loss_pq_va:0.02311 loss_pv_va:0.02226
INFO|2024-09-25 14:30:32: Epoch[058/100], iter[196/392], loss_total:0.07752, loss_equ:0.17349 loss_pq_vm:0.00146 loss_pq_va:0.02312 loss_pv_va:0.02246
INFO|2024-09-25 14:30:45: Epoch[058/100], iter[235/392], loss_total:0.07810, loss_equ:0.17394 loss_pq_vm:0.00130 loss_pq_va:0.02431 loss_pv_va:0.02336
INFO|2024-09-25 14:30:56: Epoch[058/100], iter[274/392], loss_total:0.08759, loss_equ:0.16597 loss_pq_vm:0.00137 loss_pq_va:0.02911 loss_pv_va:0.02816
INFO|2024-09-25 14:31:09: Epoch[058/100], iter[313/392], loss_total:0.07922, loss_equ:0.17311 loss_pq_vm:0.00132 loss_pq_va:0.02486 loss_pv_va:0.02381
INFO|2024-09-25 14:31:21: Epoch[058/100], iter[352/392], loss_total:0.07790, loss_equ:0.17076 loss_pq_vm:0.00130 loss_pq_va:0.02426 loss_pv_va:0.02361
INFO|2024-09-25 14:31:34: Epoch[058/100], iter[392/392], loss_total:0.07726, loss_equ:0.16972 loss_pq_vm:0.00133 loss_pq_va:0.02401 loss_pv_va:0.02297
INFO|2024-09-25 14:32:23: Epoch 57/100, lr:  0.00038190, eta: 2.03h, train_loss:  0.07915, valid_loss:  0.09225
INFO|2024-09-25 14:32:23: 	Train: PQ_Vm_rmse: 0.00189481  PQ_Va_rmse: 0.03518424  PV_Va_rmse: 0.03353211  delta_p: 0.11317162  delta_q: 0.03080387  
INFO|2024-09-25 14:32:23: 	ZTest: PQ_Vm_rmse: 0.00217725  PQ_Va_rmse: 0.04553180  PV_Va_rmse: 0.04335145  delta_p: 0.12550280  delta_q: 0.03299677  
INFO|2024-09-25 14:32:23: 	ZTest-ema: PQ_Vm_rmse: 0.002056  PQ_Va_rmse: 0.042489  PV_Va_rmse: 0.040351  delta_p: 0.122579  delta_q: 0.031734  
INFO|2024-09-25 14:32:23: 	           ValOfEMA:0.042489/0.042489,  Epoch:58/58
INFO|2024-09-25 14:32:23: 	Time(ep):173s,  Val(curr/best):0.045532/0.042948,  Epoch(curr/best):58/56
INFO|2024-09-25 14:32:23: -------------------- Epoch: 59 --------------------
INFO|2024-09-25 14:32:37: Epoch[059/100], iter[040/392], loss_total:0.08247, loss_equ:0.17279 loss_pq_vm:0.00133 loss_pq_va:0.02631 loss_pv_va:0.02559
INFO|2024-09-25 14:32:49: Epoch[059/100], iter[079/392], loss_total:0.08229, loss_equ:0.17016 loss_pq_vm:0.00130 loss_pq_va:0.02638 loss_pv_va:0.02591
INFO|2024-09-25 14:33:02: Epoch[059/100], iter[118/392], loss_total:0.08070, loss_equ:0.17538 loss_pq_vm:0.00132 loss_pq_va:0.02539 loss_pv_va:0.02453
INFO|2024-09-25 14:33:14: Epoch[059/100], iter[157/392], loss_total:0.07599, loss_equ:0.16798 loss_pq_vm:0.00129 loss_pq_va:0.02346 loss_pv_va:0.02281
INFO|2024-09-25 14:33:26: Epoch[059/100], iter[196/392], loss_total:0.08191, loss_equ:0.16970 loss_pq_vm:0.00151 loss_pq_va:0.02534 loss_pv_va:0.02447
INFO|2024-09-25 14:33:39: Epoch[059/100], iter[235/392], loss_total:0.07526, loss_equ:0.16730 loss_pq_vm:0.00131 loss_pq_va:0.02314 loss_pv_va:0.02232
INFO|2024-09-25 14:33:51: Epoch[059/100], iter[274/392], loss_total:0.07828, loss_equ:0.17307 loss_pq_vm:0.00132 loss_pq_va:0.02443 loss_pv_va:0.02336
INFO|2024-09-25 14:34:04: Epoch[059/100], iter[313/392], loss_total:0.07567, loss_equ:0.16809 loss_pq_vm:0.00127 loss_pq_va:0.02352 loss_pv_va:0.02262
INFO|2024-09-25 14:34:15: Epoch[059/100], iter[352/392], loss_total:0.08621, loss_equ:0.16642 loss_pq_vm:0.00146 loss_pq_va:0.02811 loss_pv_va:0.02685
INFO|2024-09-25 14:34:28: Epoch[059/100], iter[392/392], loss_total:0.08087, loss_equ:0.17666 loss_pq_vm:0.00138 loss_pq_va:0.02494 loss_pv_va:0.02442
INFO|2024-09-25 14:35:17: Epoch 58/100, lr:  0.00036690, eta: 1.97h, train_loss:  0.07925, valid_loss:  0.09087
INFO|2024-09-25 14:35:17: 	Train: PQ_Vm_rmse: 0.00186491  PQ_Va_rmse: 0.03537978  PV_Va_rmse: 0.03373298  delta_p: 0.11304729  delta_q: 0.03047779  
INFO|2024-09-25 14:35:17: 	ZTest: PQ_Vm_rmse: 0.00212542  PQ_Va_rmse: 0.04350752  PV_Va_rmse: 0.04124769  delta_p: 0.13113193  delta_q: 0.03301397  
INFO|2024-09-25 14:35:17: 	ZTest-ema: PQ_Vm_rmse: 0.002051  PQ_Va_rmse: 0.042439  PV_Va_rmse: 0.040307  delta_p: 0.122071  delta_q: 0.031652  
INFO|2024-09-25 14:35:17: 	           ValOfEMA:0.042439/0.042439,  Epoch:59/59
INFO|2024-09-25 14:35:17: 	Time(ep):173s,  Val(curr/best):0.043508/0.042948,  Epoch(curr/best):59/56
INFO|2024-09-25 14:35:17: -------------------- Epoch: 60 --------------------
INFO|2024-09-25 14:35:30: Epoch[060/100], iter[040/392], loss_total:0.07352, loss_equ:0.17035 loss_pq_vm:0.00127 loss_pq_va:0.02239 loss_pv_va:0.02138
INFO|2024-09-25 14:35:43: Epoch[060/100], iter[079/392], loss_total:0.08033, loss_equ:0.17231 loss_pq_vm:0.00135 loss_pq_va:0.02513 loss_pv_va:0.02447
INFO|2024-09-25 14:35:55: Epoch[060/100], iter[118/392], loss_total:0.07315, loss_equ:0.16562 loss_pq_vm:0.00132 loss_pq_va:0.02198 loss_pv_va:0.02140
INFO|2024-09-25 14:36:07: Epoch[060/100], iter[157/392], loss_total:0.07446, loss_equ:0.16717 loss_pq_vm:0.00127 loss_pq_va:0.02290 loss_pv_va:0.02212
INFO|2024-09-25 14:36:19: Epoch[060/100], iter[196/392], loss_total:0.07459, loss_equ:0.16627 loss_pq_vm:0.00132 loss_pq_va:0.02271 loss_pv_va:0.02204
INFO|2024-09-25 14:36:31: Epoch[060/100], iter[235/392], loss_total:0.08032, loss_equ:0.16670 loss_pq_vm:0.00131 loss_pq_va:0.02580 loss_pv_va:0.02473
INFO|2024-09-25 14:36:44: Epoch[060/100], iter[274/392], loss_total:0.07580, loss_equ:0.16769 loss_pq_vm:0.00128 loss_pq_va:0.02352 loss_pv_va:0.02276
INFO|2024-09-25 14:36:56: Epoch[060/100], iter[313/392], loss_total:0.07389, loss_equ:0.16896 loss_pq_vm:0.00130 loss_pq_va:0.02226 loss_pv_va:0.02174
INFO|2024-09-25 14:37:08: Epoch[060/100], iter[352/392], loss_total:0.07638, loss_equ:0.16770 loss_pq_vm:0.00129 loss_pq_va:0.02376 loss_pv_va:0.02300
INFO|2024-09-25 14:37:20: Epoch[060/100], iter[392/392], loss_total:0.07314, loss_equ:0.16675 loss_pq_vm:0.00137 loss_pq_va:0.02177 loss_pv_va:0.02098
INFO|2024-09-25 14:38:10: Epoch 59/100, lr:  0.00035204, eta: 1.92h, train_loss:  0.07810, valid_loss:  0.08820
INFO|2024-09-25 14:38:10: 	Train: PQ_Vm_rmse: 0.00183519  PQ_Va_rmse: 0.03496725  PV_Va_rmse: 0.03332446  delta_p: 0.11195451  delta_q: 0.03010769  
INFO|2024-09-25 14:38:10: 	ZTest: PQ_Vm_rmse: 0.00209635  PQ_Va_rmse: 0.04275394  PV_Va_rmse: 0.04078092  delta_p: 0.12532956  delta_q: 0.03276863  
INFO|2024-09-25 14:38:10: 	ZTest-ema: PQ_Vm_rmse: 0.002045  PQ_Va_rmse: 0.042308  PV_Va_rmse: 0.040197  delta_p: 0.122089  delta_q: 0.031606  
INFO|2024-09-25 14:38:10: 	           ValOfEMA:0.042308/0.042308,  Epoch:60/60
INFO|2024-09-25 14:38:11: 	Time(ep):173s,  Val(curr/best):0.042754/0.042754,  Epoch(curr/best):60/60
INFO|2024-09-25 14:38:11: -------------------- Epoch: 61 --------------------
INFO|2024-09-25 14:38:24: Epoch[061/100], iter[040/392], loss_total:0.07417, loss_equ:0.16717 loss_pq_vm:0.00127 loss_pq_va:0.02278 loss_pv_va:0.02194
INFO|2024-09-25 14:38:37: Epoch[061/100], iter[079/392], loss_total:0.07751, loss_equ:0.17031 loss_pq_vm:0.00130 loss_pq_va:0.02411 loss_pv_va:0.02334
INFO|2024-09-25 14:38:50: Epoch[061/100], iter[118/392], loss_total:0.08058, loss_equ:0.17151 loss_pq_vm:0.00130 loss_pq_va:0.02560 loss_pv_va:0.02485
INFO|2024-09-25 14:39:03: Epoch[061/100], iter[157/392], loss_total:0.07532, loss_equ:0.16719 loss_pq_vm:0.00127 loss_pq_va:0.02341 loss_pv_va:0.02245
INFO|2024-09-25 14:39:14: Epoch[061/100], iter[196/392], loss_total:0.08175, loss_equ:0.17898 loss_pq_vm:0.00158 loss_pq_va:0.02429 loss_pv_va:0.02379
INFO|2024-09-25 14:39:27: Epoch[061/100], iter[235/392], loss_total:0.07511, loss_equ:0.16747 loss_pq_vm:0.00129 loss_pq_va:0.02304 loss_pv_va:0.02245
INFO|2024-09-25 14:39:40: Epoch[061/100], iter[274/392], loss_total:0.07869, loss_equ:0.17169 loss_pq_vm:0.00128 loss_pq_va:0.02495 loss_pv_va:0.02382
INFO|2024-09-25 14:39:52: Epoch[061/100], iter[313/392], loss_total:0.07841, loss_equ:0.16699 loss_pq_vm:0.00127 loss_pq_va:0.02499 loss_pv_va:0.02400
INFO|2024-09-25 14:40:03: Epoch[061/100], iter[352/392], loss_total:0.07659, loss_equ:0.17021 loss_pq_vm:0.00130 loss_pq_va:0.02366 loss_pv_va:0.02289
INFO|2024-09-25 14:40:16: Epoch[061/100], iter[392/392], loss_total:0.07520, loss_equ:0.16789 loss_pq_vm:0.00131 loss_pq_va:0.02291 loss_pv_va:0.02241
INFO|2024-09-25 14:41:06: Epoch 60/100, lr:  0.00033732, eta: 1.9h, train_loss:  0.07748, valid_loss:  0.09351
INFO|2024-09-25 14:41:06: 	Train: PQ_Vm_rmse: 0.00184659  PQ_Va_rmse: 0.03442490  PV_Va_rmse: 0.03281292  delta_p: 0.11241252  delta_q: 0.03035740  
INFO|2024-09-25 14:41:06: 	ZTest: PQ_Vm_rmse: 0.00208024  PQ_Va_rmse: 0.04623807  PV_Va_rmse: 0.04416925  delta_p: 0.12699065  delta_q: 0.03245438  
INFO|2024-09-25 14:41:06: 	ZTest-ema: PQ_Vm_rmse: 0.002040  PQ_Va_rmse: 0.042042  PV_Va_rmse: 0.039964  delta_p: 0.122367  delta_q: 0.031587  
INFO|2024-09-25 14:41:06: 	           ValOfEMA:0.042042/0.042042,  Epoch:61/61
INFO|2024-09-25 14:41:06: 	Time(ep):174s,  Val(curr/best):0.046238/0.042754,  Epoch(curr/best):61/60
INFO|2024-09-25 14:41:06: -------------------- Epoch: 62 --------------------
INFO|2024-09-25 14:41:19: Epoch[062/100], iter[040/392], loss_total:0.07769, loss_equ:0.16662 loss_pq_vm:0.00129 loss_pq_va:0.02451 loss_pv_va:0.02360
INFO|2024-09-25 14:41:31: Epoch[062/100], iter[079/392], loss_total:0.07658, loss_equ:0.16884 loss_pq_vm:0.00127 loss_pq_va:0.02381 loss_pv_va:0.02319
INFO|2024-09-25 14:41:44: Epoch[062/100], iter[118/392], loss_total:0.07395, loss_equ:0.16475 loss_pq_vm:0.00127 loss_pq_va:0.02290 loss_pv_va:0.02192
INFO|2024-09-25 14:41:56: Epoch[062/100], iter[157/392], loss_total:0.08331, loss_equ:0.16675 loss_pq_vm:0.00128 loss_pq_va:0.02775 loss_pv_va:0.02611
INFO|2024-09-25 14:42:08: Epoch[062/100], iter[196/392], loss_total:0.07644, loss_equ:0.16652 loss_pq_vm:0.00134 loss_pq_va:0.02367 loss_pv_va:0.02274
INFO|2024-09-25 14:42:20: Epoch[062/100], iter[235/392], loss_total:0.07768, loss_equ:0.16745 loss_pq_vm:0.00127 loss_pq_va:0.02447 loss_pv_va:0.02372
INFO|2024-09-25 14:42:32: Epoch[062/100], iter[274/392], loss_total:0.07731, loss_equ:0.16877 loss_pq_vm:0.00128 loss_pq_va:0.02412 loss_pv_va:0.02349
INFO|2024-09-25 14:42:44: Epoch[062/100], iter[313/392], loss_total:0.07415, loss_equ:0.16182 loss_pq_vm:0.00126 loss_pq_va:0.02304 loss_pv_va:0.02237
INFO|2024-09-25 14:42:57: Epoch[062/100], iter[352/392], loss_total:0.07268, loss_equ:0.16580 loss_pq_vm:0.00126 loss_pq_va:0.02207 loss_pv_va:0.02139
INFO|2024-09-25 14:43:09: Epoch[062/100], iter[392/392], loss_total:0.07832, loss_equ:0.17106 loss_pq_vm:0.00131 loss_pq_va:0.02434 loss_pv_va:0.02379
INFO|2024-09-25 14:43:58: Epoch 61/100, lr:  0.00032278, eta: 1.81h, train_loss:  0.07673, valid_loss:  0.09283
INFO|2024-09-25 14:43:58: 	Train: PQ_Vm_rmse: 0.00181678  PQ_Va_rmse: 0.03418472  PV_Va_rmse: 0.03258900  delta_p: 0.11174422  delta_q: 0.02997516  
INFO|2024-09-25 14:43:58: 	ZTest: PQ_Vm_rmse: 0.00207931  PQ_Va_rmse: 0.04616062  PV_Va_rmse: 0.04397673  delta_p: 0.12488575  delta_q: 0.03218427  
INFO|2024-09-25 14:43:58: 	ZTest-ema: PQ_Vm_rmse: 0.002033  PQ_Va_rmse: 0.041848  PV_Va_rmse: 0.039789  delta_p: 0.122399  delta_q: 0.031543  
INFO|2024-09-25 14:43:58: 	           ValOfEMA:0.041848/0.041848,  Epoch:62/62
INFO|2024-09-25 14:43:58: 	Time(ep):171s,  Val(curr/best):0.046161/0.042754,  Epoch(curr/best):62/60
INFO|2024-09-25 14:43:58: -------------------- Epoch: 63 --------------------
INFO|2024-09-25 14:44:11: Epoch[063/100], iter[040/392], loss_total:0.08074, loss_equ:0.16470 loss_pq_vm:0.00127 loss_pq_va:0.02645 loss_pv_va:0.02512
INFO|2024-09-25 14:44:24: Epoch[063/100], iter[079/392], loss_total:0.07609, loss_equ:0.17381 loss_pq_vm:0.00143 loss_pq_va:0.02266 loss_pv_va:0.02174
INFO|2024-09-25 14:44:36: Epoch[063/100], iter[118/392], loss_total:0.07642, loss_equ:0.16979 loss_pq_vm:0.00127 loss_pq_va:0.02356 loss_pv_va:0.02316
INFO|2024-09-25 14:44:48: Epoch[063/100], iter[157/392], loss_total:0.07864, loss_equ:0.16904 loss_pq_vm:0.00127 loss_pq_va:0.02495 loss_pv_va:0.02408
INFO|2024-09-25 14:45:00: Epoch[063/100], iter[196/392], loss_total:0.07888, loss_equ:0.17025 loss_pq_vm:0.00127 loss_pq_va:0.02503 loss_pv_va:0.02409
INFO|2024-09-25 14:45:13: Epoch[063/100], iter[235/392], loss_total:0.08131, loss_equ:0.16742 loss_pq_vm:0.00129 loss_pq_va:0.02604 loss_pv_va:0.02560
INFO|2024-09-25 14:45:25: Epoch[063/100], iter[274/392], loss_total:0.07672, loss_equ:0.16632 loss_pq_vm:0.00130 loss_pq_va:0.02397 loss_pv_va:0.02314
INFO|2024-09-25 14:45:38: Epoch[063/100], iter[313/392], loss_total:0.07662, loss_equ:0.17167 loss_pq_vm:0.00127 loss_pq_va:0.02370 loss_pv_va:0.02308
INFO|2024-09-25 14:45:50: Epoch[063/100], iter[352/392], loss_total:0.07464, loss_equ:0.16569 loss_pq_vm:0.00126 loss_pq_va:0.02299 loss_pv_va:0.02246
INFO|2024-09-25 14:46:02: Epoch[063/100], iter[392/392], loss_total:0.07426, loss_equ:0.16792 loss_pq_vm:0.00127 loss_pq_va:0.02283 loss_pv_va:0.02193
INFO|2024-09-25 14:46:51: Epoch 62/100, lr:  0.00030841, eta: 1.78h, train_loss:  0.07731, valid_loss:  0.08716
INFO|2024-09-25 14:46:51: 	Train: PQ_Vm_rmse: 0.00182809  PQ_Va_rmse: 0.03439033  PV_Va_rmse: 0.03279323  delta_p: 0.11182125  delta_q: 0.02997362  
INFO|2024-09-25 14:46:51: 	ZTest: PQ_Vm_rmse: 0.00205294  PQ_Va_rmse: 0.04201638  PV_Va_rmse: 0.04002745  delta_p: 0.12811856  delta_q: 0.03223195  
INFO|2024-09-25 14:46:51: 	ZTest-ema: PQ_Vm_rmse: 0.002029  PQ_Va_rmse: 0.041761  PV_Va_rmse: 0.039714  delta_p: 0.122131  delta_q: 0.031471  
INFO|2024-09-25 14:46:51: 	           ValOfEMA:0.041761/0.041761,  Epoch:63/63
INFO|2024-09-25 14:46:51: 	Time(ep):172s,  Val(curr/best):0.042016/0.042016,  Epoch(curr/best):63/63
INFO|2024-09-25 14:46:51: -------------------- Epoch: 64 --------------------
INFO|2024-09-25 14:47:04: Epoch[064/100], iter[040/392], loss_total:0.07463, loss_equ:0.16904 loss_pq_vm:0.00129 loss_pq_va:0.02284 loss_pv_va:0.02199
INFO|2024-09-25 14:47:17: Epoch[064/100], iter[079/392], loss_total:0.07169, loss_equ:0.16519 loss_pq_vm:0.00124 loss_pq_va:0.02172 loss_pv_va:0.02109
INFO|2024-09-25 14:47:29: Epoch[064/100], iter[118/392], loss_total:0.07564, loss_equ:0.16648 loss_pq_vm:0.00127 loss_pq_va:0.02364 loss_pv_va:0.02263
INFO|2024-09-25 14:47:40: Epoch[064/100], iter[157/392], loss_total:0.07616, loss_equ:0.16710 loss_pq_vm:0.00128 loss_pq_va:0.02373 loss_pv_va:0.02290
INFO|2024-09-25 14:47:52: Epoch[064/100], iter[196/392], loss_total:0.07556, loss_equ:0.16672 loss_pq_vm:0.00128 loss_pq_va:0.02365 loss_pv_va:0.02242
INFO|2024-09-25 14:48:05: Epoch[064/100], iter[235/392], loss_total:0.07185, loss_equ:0.16416 loss_pq_vm:0.00127 loss_pq_va:0.02156 loss_pv_va:0.02118
INFO|2024-09-25 14:48:17: Epoch[064/100], iter[274/392], loss_total:0.07835, loss_equ:0.16677 loss_pq_vm:0.00131 loss_pq_va:0.02470 loss_pv_va:0.02388
INFO|2024-09-25 14:48:28: Epoch[064/100], iter[313/392], loss_total:0.07325, loss_equ:0.16595 loss_pq_vm:0.00126 loss_pq_va:0.02233 loss_pv_va:0.02168
INFO|2024-09-25 14:48:40: Epoch[064/100], iter[352/392], loss_total:0.07604, loss_equ:0.16773 loss_pq_vm:0.00128 loss_pq_va:0.02356 loss_pv_va:0.02293
INFO|2024-09-25 14:48:52: Epoch[064/100], iter[392/392], loss_total:0.07725, loss_equ:0.17085 loss_pq_vm:0.00129 loss_pq_va:0.02398 loss_pv_va:0.02328
INFO|2024-09-25 14:49:42: Epoch 63/100, lr:  0.00029424, eta: 1.7h, train_loss:  0.07614, valid_loss:  0.08793
INFO|2024-09-25 14:49:42: 	Train: PQ_Vm_rmse: 0.00179425  PQ_Va_rmse: 0.03396866  PV_Va_rmse: 0.03236831  delta_p: 0.11129521  delta_q: 0.02973348  
INFO|2024-09-25 14:49:42: 	ZTest: PQ_Vm_rmse: 0.00206030  PQ_Va_rmse: 0.04290575  PV_Va_rmse: 0.04068267  delta_p: 0.12849843  delta_q: 0.03201996  
INFO|2024-09-25 14:49:42: 	ZTest-ema: PQ_Vm_rmse: 0.002023  PQ_Va_rmse: 0.041607  PV_Va_rmse: 0.039583  delta_p: 0.122153  delta_q: 0.031414  
INFO|2024-09-25 14:49:42: 	           ValOfEMA:0.041607/0.041607,  Epoch:64/64
INFO|2024-09-25 14:49:42: 	Time(ep):170s,  Val(curr/best):0.042906/0.042016,  Epoch(curr/best):64/63
INFO|2024-09-25 14:49:42: -------------------- Epoch: 65 --------------------
INFO|2024-09-25 14:49:55: Epoch[065/100], iter[040/392], loss_total:0.07527, loss_equ:0.16760 loss_pq_vm:0.00131 loss_pq_va:0.02296 loss_pv_va:0.02243
INFO|2024-09-25 14:50:08: Epoch[065/100], iter[079/392], loss_total:0.07384, loss_equ:0.16349 loss_pq_vm:0.00126 loss_pq_va:0.02292 loss_pv_va:0.02199
INFO|2024-09-25 14:50:20: Epoch[065/100], iter[118/392], loss_total:0.07904, loss_equ:0.17036 loss_pq_vm:0.00129 loss_pq_va:0.02488 loss_pv_va:0.02418
INFO|2024-09-25 14:50:32: Epoch[065/100], iter[157/392], loss_total:0.07658, loss_equ:0.16885 loss_pq_vm:0.00128 loss_pq_va:0.02379 loss_pv_va:0.02307
INFO|2024-09-25 14:50:44: Epoch[065/100], iter[196/392], loss_total:0.07420, loss_equ:0.16690 loss_pq_vm:0.00126 loss_pq_va:0.02274 loss_pv_va:0.02216
INFO|2024-09-25 14:50:56: Epoch[065/100], iter[235/392], loss_total:0.07563, loss_equ:0.17010 loss_pq_vm:0.00128 loss_pq_va:0.02319 loss_pv_va:0.02267
INFO|2024-09-25 14:51:09: Epoch[065/100], iter[274/392], loss_total:0.07556, loss_equ:0.16539 loss_pq_vm:0.00125 loss_pq_va:0.02353 loss_pv_va:0.02298
INFO|2024-09-25 14:51:21: Epoch[065/100], iter[313/392], loss_total:0.07577, loss_equ:0.16623 loss_pq_vm:0.00129 loss_pq_va:0.02360 loss_pv_va:0.02265
INFO|2024-09-25 14:51:32: Epoch[065/100], iter[352/392], loss_total:0.07472, loss_equ:0.16546 loss_pq_vm:0.00125 loss_pq_va:0.02314 loss_pv_va:0.02248
INFO|2024-09-25 14:51:45: Epoch[065/100], iter[392/392], loss_total:0.07266, loss_equ:0.16795 loss_pq_vm:0.00127 loss_pq_va:0.02182 loss_pv_va:0.02132
INFO|2024-09-25 14:52:35: Epoch 64/100, lr:  0.00028027, eta: 1.68h, train_loss:  0.07539, valid_loss:  0.08577
INFO|2024-09-25 14:52:35: 	Train: PQ_Vm_rmse: 0.00178826  PQ_Va_rmse: 0.03350709  PV_Va_rmse: 0.03196137  delta_p: 0.11114841  delta_q: 0.02966042  
INFO|2024-09-25 14:52:35: 	ZTest: PQ_Vm_rmse: 0.00204595  PQ_Va_rmse: 0.04131824  PV_Va_rmse: 0.03940628  delta_p: 0.12634926  delta_q: 0.03213290  
INFO|2024-09-25 14:52:35: 	ZTest-ema: PQ_Vm_rmse: 0.002018  PQ_Va_rmse: 0.041414  PV_Va_rmse: 0.039413  delta_p: 0.122304  delta_q: 0.031379  
INFO|2024-09-25 14:52:35: 	           ValOfEMA:0.041414/0.041414,  Epoch:65/65
INFO|2024-09-25 14:52:36: 	Time(ep):172s,  Val(curr/best):0.041318/0.041318,  Epoch(curr/best):65/65
INFO|2024-09-25 14:52:36: -------------------- Epoch: 66 --------------------
INFO|2024-09-25 14:52:49: Epoch[066/100], iter[040/392], loss_total:0.07574, loss_equ:0.16645 loss_pq_vm:0.00126 loss_pq_va:0.02376 loss_pv_va:0.02270
INFO|2024-09-25 14:53:02: Epoch[066/100], iter[079/392], loss_total:0.07739, loss_equ:0.16580 loss_pq_vm:0.00127 loss_pq_va:0.02455 loss_pv_va:0.02354
INFO|2024-09-25 14:53:15: Epoch[066/100], iter[118/392], loss_total:0.07600, loss_equ:0.16860 loss_pq_vm:0.00135 loss_pq_va:0.02320 loss_pv_va:0.02244
INFO|2024-09-25 14:53:27: Epoch[066/100], iter[157/392], loss_total:0.07318, loss_equ:0.16803 loss_pq_vm:0.00128 loss_pq_va:0.02214 loss_pv_va:0.02146
INFO|2024-09-25 14:53:39: Epoch[066/100], iter[196/392], loss_total:0.07322, loss_equ:0.16571 loss_pq_vm:0.00126 loss_pq_va:0.02218 loss_pv_va:0.02186
INFO|2024-09-25 14:53:52: Epoch[066/100], iter[235/392], loss_total:0.07743, loss_equ:0.16636 loss_pq_vm:0.00129 loss_pq_va:0.02428 loss_pv_va:0.02365
INFO|2024-09-25 14:54:04: Epoch[066/100], iter[274/392], loss_total:0.07574, loss_equ:0.16742 loss_pq_vm:0.00130 loss_pq_va:0.02317 loss_pv_va:0.02282
INFO|2024-09-25 14:54:16: Epoch[066/100], iter[313/392], loss_total:0.07346, loss_equ:0.16571 loss_pq_vm:0.00125 loss_pq_va:0.02255 loss_pv_va:0.02183
INFO|2024-09-25 14:54:28: Epoch[066/100], iter[352/392], loss_total:0.07320, loss_equ:0.16320 loss_pq_vm:0.00125 loss_pq_va:0.02259 loss_pv_va:0.02176
INFO|2024-09-25 14:54:40: Epoch[066/100], iter[392/392], loss_total:0.07334, loss_equ:0.16486 loss_pq_vm:0.00127 loss_pq_va:0.02257 loss_pv_va:0.02158
INFO|2024-09-25 14:55:29: Epoch 65/100, lr:  0.00026653, eta: 1.64h, train_loss:  0.07556, valid_loss:  0.08654
INFO|2024-09-25 14:55:29: 	Train: PQ_Vm_rmse: 0.00179232  PQ_Va_rmse: 0.03350757  PV_Va_rmse: 0.03195920  delta_p: 0.11206547  delta_q: 0.02975416  
INFO|2024-09-25 14:55:29: 	ZTest: PQ_Vm_rmse: 0.00206766  PQ_Va_rmse: 0.04212301  PV_Va_rmse: 0.04028885  delta_p: 0.12450872  delta_q: 0.03215615  
INFO|2024-09-25 14:55:29: 	ZTest-ema: PQ_Vm_rmse: 0.002014  PQ_Va_rmse: 0.041311  PV_Va_rmse: 0.039329  delta_p: 0.122081  delta_q: 0.031315  
INFO|2024-09-25 14:55:30: 	           ValOfEMA:0.041311/0.041311,  Epoch:66/66
INFO|2024-09-25 14:55:30: 	Time(ep):173s,  Val(curr/best):0.042123/0.041318,  Epoch(curr/best):66/65
INFO|2024-09-25 14:55:30: -------------------- Epoch: 67 --------------------
INFO|2024-09-25 14:55:43: Epoch[067/100], iter[040/392], loss_total:0.07229, loss_equ:0.16376 loss_pq_vm:0.00125 loss_pq_va:0.02214 loss_pv_va:0.02126
INFO|2024-09-25 14:55:56: Epoch[067/100], iter[079/392], loss_total:0.07468, loss_equ:0.16839 loss_pq_vm:0.00127 loss_pq_va:0.02290 loss_pv_va:0.02223
INFO|2024-09-25 14:56:07: Epoch[067/100], iter[118/392], loss_total:0.07677, loss_equ:0.16697 loss_pq_vm:0.00139 loss_pq_va:0.02348 loss_pv_va:0.02272
INFO|2024-09-25 14:56:20: Epoch[067/100], iter[157/392], loss_total:0.07567, loss_equ:0.16213 loss_pq_vm:0.00127 loss_pq_va:0.02378 loss_pv_va:0.02294
INFO|2024-09-25 14:56:32: Epoch[067/100], iter[196/392], loss_total:0.07546, loss_equ:0.16678 loss_pq_vm:0.00128 loss_pq_va:0.02324 loss_pv_va:0.02276
INFO|2024-09-25 14:56:44: Epoch[067/100], iter[235/392], loss_total:0.07444, loss_equ:0.17050 loss_pq_vm:0.00140 loss_pq_va:0.02201 loss_pv_va:0.02139
INFO|2024-09-25 14:56:56: Epoch[067/100], iter[274/392], loss_total:0.07780, loss_equ:0.16708 loss_pq_vm:0.00126 loss_pq_va:0.02468 loss_pv_va:0.02384
INFO|2024-09-25 14:57:09: Epoch[067/100], iter[313/392], loss_total:0.07399, loss_equ:0.16667 loss_pq_vm:0.00128 loss_pq_va:0.02250 loss_pv_va:0.02200
INFO|2024-09-25 14:57:21: Epoch[067/100], iter[352/392], loss_total:0.07424, loss_equ:0.16577 loss_pq_vm:0.00130 loss_pq_va:0.02266 loss_pv_va:0.02197
INFO|2024-09-25 14:57:33: Epoch[067/100], iter[392/392], loss_total:0.07611, loss_equ:0.16432 loss_pq_vm:0.00125 loss_pq_va:0.02394 loss_pv_va:0.02327
INFO|2024-09-25 14:58:22: Epoch 66/100, lr:  0.00025302, eta: 1.57h, train_loss:  0.07472, valid_loss:  0.08586
INFO|2024-09-25 14:58:22: 	Train: PQ_Vm_rmse: 0.00178219  PQ_Va_rmse: 0.03311677  PV_Va_rmse: 0.03162107  delta_p: 0.11032740  delta_q: 0.02951340  
INFO|2024-09-25 14:58:22: 	ZTest: PQ_Vm_rmse: 0.00203993  PQ_Va_rmse: 0.04197067  PV_Va_rmse: 0.03996999  delta_p: 0.12471463  delta_q: 0.03209256  
INFO|2024-09-25 14:58:22: 	ZTest-ema: PQ_Vm_rmse: 0.002009  PQ_Va_rmse: 0.041162  PV_Va_rmse: 0.039198  delta_p: 0.122358  delta_q: 0.031292  
INFO|2024-09-25 14:58:22: 	           ValOfEMA:0.041162/0.041162,  Epoch:67/67
INFO|2024-09-25 14:58:22: 	Time(ep):171s,  Val(curr/best):0.041971/0.041318,  Epoch(curr/best):67/65
INFO|2024-09-25 14:58:22: -------------------- Epoch: 68 --------------------
INFO|2024-09-25 14:58:35: Epoch[068/100], iter[040/392], loss_total:0.07748, loss_equ:0.16478 loss_pq_vm:0.00127 loss_pq_va:0.02451 loss_pv_va:0.02377
INFO|2024-09-25 14:58:47: Epoch[068/100], iter[079/392], loss_total:0.07503, loss_equ:0.16713 loss_pq_vm:0.00125 loss_pq_va:0.02345 loss_pv_va:0.02234
INFO|2024-09-25 14:58:59: Epoch[068/100], iter[118/392], loss_total:0.07202, loss_equ:0.16617 loss_pq_vm:0.00127 loss_pq_va:0.02151 loss_pv_va:0.02117
INFO|2024-09-25 14:59:11: Epoch[068/100], iter[157/392], loss_total:0.07054, loss_equ:0.16458 loss_pq_vm:0.00125 loss_pq_va:0.02096 loss_pv_va:0.02060
INFO|2024-09-25 14:59:23: Epoch[068/100], iter[196/392], loss_total:0.07387, loss_equ:0.16430 loss_pq_vm:0.00123 loss_pq_va:0.02283 loss_pv_va:0.02228
INFO|2024-09-25 14:59:35: Epoch[068/100], iter[235/392], loss_total:0.07307, loss_equ:0.16503 loss_pq_vm:0.00127 loss_pq_va:0.02229 loss_pv_va:0.02160
INFO|2024-09-25 14:59:48: Epoch[068/100], iter[274/392], loss_total:0.07702, loss_equ:0.16543 loss_pq_vm:0.00126 loss_pq_va:0.02412 loss_pv_va:0.02371
INFO|2024-09-25 15:00:00: Epoch[068/100], iter[313/392], loss_total:0.07434, loss_equ:0.16512 loss_pq_vm:0.00126 loss_pq_va:0.02298 loss_pv_va:0.02222
INFO|2024-09-25 15:00:12: Epoch[068/100], iter[352/392], loss_total:0.07595, loss_equ:0.16757 loss_pq_vm:0.00129 loss_pq_va:0.02351 loss_pv_va:0.02281
INFO|2024-09-25 15:00:24: Epoch[068/100], iter[392/392], loss_total:0.07595, loss_equ:0.16863 loss_pq_vm:0.00134 loss_pq_va:0.02313 loss_pv_va:0.02256
INFO|2024-09-25 15:01:13: Epoch 67/100, lr:  0.00023977, eta: 1.52h, train_loss:  0.07449, valid_loss:  0.08873
INFO|2024-09-25 15:01:13: 	Train: PQ_Vm_rmse: 0.00176649  PQ_Va_rmse: 0.03306060  PV_Va_rmse: 0.03157632  delta_p: 0.11027562  delta_q: 0.02937344  
INFO|2024-09-25 15:01:13: 	ZTest: PQ_Vm_rmse: 0.00211003  PQ_Va_rmse: 0.04343959  PV_Va_rmse: 0.04131715  delta_p: 0.12548225  delta_q: 0.03203172  
INFO|2024-09-25 15:01:13: 	ZTest-ema: PQ_Vm_rmse: 0.002004  PQ_Va_rmse: 0.041013  PV_Va_rmse: 0.039064  delta_p: 0.122156  delta_q: 0.031230  
INFO|2024-09-25 15:01:13: 	           ValOfEMA:0.041013/0.041013,  Epoch:68/68
INFO|2024-09-25 15:01:13: 	Time(ep):171s,  Val(curr/best):0.043440/0.041318,  Epoch(curr/best):68/65
INFO|2024-09-25 15:01:13: -------------------- Epoch: 69 --------------------
INFO|2024-09-25 15:01:26: Epoch[069/100], iter[040/392], loss_total:0.07519, loss_equ:0.16452 loss_pq_vm:0.00126 loss_pq_va:0.02328 loss_pv_va:0.02286
INFO|2024-09-25 15:01:38: Epoch[069/100], iter[079/392], loss_total:0.07096, loss_equ:0.16512 loss_pq_vm:0.00124 loss_pq_va:0.02126 loss_pv_va:0.02080
INFO|2024-09-25 15:01:51: Epoch[069/100], iter[118/392], loss_total:0.07192, loss_equ:0.16494 loss_pq_vm:0.00126 loss_pq_va:0.02172 loss_pv_va:0.02115
INFO|2024-09-25 15:02:02: Epoch[069/100], iter[157/392], loss_total:0.07587, loss_equ:0.16673 loss_pq_vm:0.00129 loss_pq_va:0.02352 loss_pv_va:0.02277
INFO|2024-09-25 15:02:15: Epoch[069/100], iter[196/392], loss_total:0.07803, loss_equ:0.16697 loss_pq_vm:0.00124 loss_pq_va:0.02483 loss_pv_va:0.02406
INFO|2024-09-25 15:02:28: Epoch[069/100], iter[235/392], loss_total:0.07158, loss_equ:0.16316 loss_pq_vm:0.00125 loss_pq_va:0.02172 loss_pv_va:0.02107
INFO|2024-09-25 15:02:40: Epoch[069/100], iter[274/392], loss_total:0.07608, loss_equ:0.16615 loss_pq_vm:0.00125 loss_pq_va:0.02368 loss_pv_va:0.02327
INFO|2024-09-25 15:02:52: Epoch[069/100], iter[313/392], loss_total:0.07292, loss_equ:0.16254 loss_pq_vm:0.00125 loss_pq_va:0.02250 loss_pv_va:0.02171
INFO|2024-09-25 15:03:04: Epoch[069/100], iter[352/392], loss_total:0.07238, loss_equ:0.16515 loss_pq_vm:0.00124 loss_pq_va:0.02190 loss_pv_va:0.02152
INFO|2024-09-25 15:03:17: Epoch[069/100], iter[392/392], loss_total:0.07540, loss_equ:0.16404 loss_pq_vm:0.00125 loss_pq_va:0.02350 loss_pv_va:0.02304
INFO|2024-09-25 15:04:07: Epoch 68/100, lr:  0.00022677, eta: 1.5h, train_loss:  0.07442, valid_loss:  0.08805
INFO|2024-09-25 15:04:07: 	Train: PQ_Vm_rmse: 0.00176816  PQ_Va_rmse: 0.03300660  PV_Va_rmse: 0.03153927  delta_p: 0.10967286  delta_q: 0.02930587  
INFO|2024-09-25 15:04:07: 	ZTest: PQ_Vm_rmse: 0.00207683  PQ_Va_rmse: 0.04192036  PV_Va_rmse: 0.04007075  delta_p: 0.12542860  delta_q: 0.03215777  
INFO|2024-09-25 15:04:07: 	ZTest-ema: PQ_Vm_rmse: 0.002000  PQ_Va_rmse: 0.040861  PV_Va_rmse: 0.038931  delta_p: 0.122179  delta_q: 0.031195  
INFO|2024-09-25 15:04:07: 	           ValOfEMA:0.040861/0.040861,  Epoch:69/69
INFO|2024-09-25 15:04:08: 	Time(ep):173s,  Val(curr/best):0.041920/0.041318,  Epoch(curr/best):69/65
INFO|2024-09-25 15:04:08: -------------------- Epoch: 70 --------------------
INFO|2024-09-25 15:04:20: Epoch[070/100], iter[040/392], loss_total:0.07696, loss_equ:0.16436 loss_pq_vm:0.00129 loss_pq_va:0.02413 loss_pv_va:0.02353
INFO|2024-09-25 15:04:32: Epoch[070/100], iter[079/392], loss_total:0.07193, loss_equ:0.16266 loss_pq_vm:0.00126 loss_pq_va:0.02183 loss_pv_va:0.02128
INFO|2024-09-25 15:04:44: Epoch[070/100], iter[118/392], loss_total:0.07465, loss_equ:0.16552 loss_pq_vm:0.00123 loss_pq_va:0.02308 loss_pv_va:0.02268
INFO|2024-09-25 15:04:56: Epoch[070/100], iter[157/392], loss_total:0.07317, loss_equ:0.16534 loss_pq_vm:0.00124 loss_pq_va:0.02240 loss_pv_va:0.02179
INFO|2024-09-25 15:05:07: Epoch[070/100], iter[196/392], loss_total:0.07367, loss_equ:0.16644 loss_pq_vm:0.00129 loss_pq_va:0.02232 loss_pv_va:0.02179
INFO|2024-09-25 15:05:19: Epoch[070/100], iter[235/392], loss_total:0.07198, loss_equ:0.16207 loss_pq_vm:0.00124 loss_pq_va:0.02192 loss_pv_va:0.02142
INFO|2024-09-25 15:05:31: Epoch[070/100], iter[274/392], loss_total:0.07305, loss_equ:0.16173 loss_pq_vm:0.00124 loss_pq_va:0.02262 loss_pv_va:0.02183
INFO|2024-09-25 15:05:43: Epoch[070/100], iter[313/392], loss_total:0.07311, loss_equ:0.16594 loss_pq_vm:0.00125 loss_pq_va:0.02226 loss_pv_va:0.02173
INFO|2024-09-25 15:05:55: Epoch[070/100], iter[352/392], loss_total:0.07246, loss_equ:0.16266 loss_pq_vm:0.00128 loss_pq_va:0.02195 loss_pv_va:0.02143
INFO|2024-09-25 15:06:07: Epoch[070/100], iter[392/392], loss_total:0.07805, loss_equ:0.16672 loss_pq_vm:0.00130 loss_pq_va:0.02457 loss_pv_va:0.02381
INFO|2024-09-25 15:06:56: Epoch 69/100, lr:  0.00021405, eta: 1.4h, train_loss:  0.07398, valid_loss:  0.08665
INFO|2024-09-25 15:06:56: 	Train: PQ_Vm_rmse: 0.00176060  PQ_Va_rmse: 0.03278706  PV_Va_rmse: 0.03132925  delta_p: 0.10969248  delta_q: 0.02922215  
INFO|2024-09-25 15:06:56: 	ZTest: PQ_Vm_rmse: 0.00203772  PQ_Va_rmse: 0.04159543  PV_Va_rmse: 0.03958195  delta_p: 0.12524095  delta_q: 0.03184183  
INFO|2024-09-25 15:06:56: 	ZTest-ema: PQ_Vm_rmse: 0.001996  PQ_Va_rmse: 0.040809  PV_Va_rmse: 0.038887  delta_p: 0.121933  delta_q: 0.031124  
INFO|2024-09-25 15:06:56: 	           ValOfEMA:0.040809/0.040809,  Epoch:70/70
INFO|2024-09-25 15:06:56: 	Time(ep):168s,  Val(curr/best):0.041595/0.041318,  Epoch(curr/best):70/65
INFO|2024-09-25 15:06:56: -------------------- Epoch: 71 --------------------
INFO|2024-09-25 15:07:09: Epoch[071/100], iter[040/392], loss_total:0.07343, loss_equ:0.16624 loss_pq_vm:0.00125 loss_pq_va:0.02237 loss_pv_va:0.02195
INFO|2024-09-25 15:07:22: Epoch[071/100], iter[079/392], loss_total:0.07632, loss_equ:0.16885 loss_pq_vm:0.00125 loss_pq_va:0.02374 loss_pv_va:0.02321
INFO|2024-09-25 15:07:34: Epoch[071/100], iter[118/392], loss_total:0.07123, loss_equ:0.15981 loss_pq_vm:0.00123 loss_pq_va:0.02170 loss_pv_va:0.02123
INFO|2024-09-25 15:07:46: Epoch[071/100], iter[157/392], loss_total:0.07109, loss_equ:0.16297 loss_pq_vm:0.00124 loss_pq_va:0.02160 loss_pv_va:0.02078
INFO|2024-09-25 15:07:58: Epoch[071/100], iter[196/392], loss_total:0.07361, loss_equ:0.16557 loss_pq_vm:0.00127 loss_pq_va:0.02252 loss_pv_va:0.02179
INFO|2024-09-25 15:08:10: Epoch[071/100], iter[235/392], loss_total:0.07336, loss_equ:0.16396 loss_pq_vm:0.00128 loss_pq_va:0.02233 loss_pv_va:0.02180
INFO|2024-09-25 15:08:23: Epoch[071/100], iter[274/392], loss_total:0.07173, loss_equ:0.16439 loss_pq_vm:0.00125 loss_pq_va:0.02179 loss_pv_va:0.02103
INFO|2024-09-25 15:08:35: Epoch[071/100], iter[313/392], loss_total:0.07393, loss_equ:0.16545 loss_pq_vm:0.00126 loss_pq_va:0.02275 loss_pv_va:0.02203
INFO|2024-09-25 15:08:46: Epoch[071/100], iter[352/392], loss_total:0.07482, loss_equ:0.16517 loss_pq_vm:0.00126 loss_pq_va:0.02324 loss_pv_va:0.02249
INFO|2024-09-25 15:08:59: Epoch[071/100], iter[392/392], loss_total:0.07431, loss_equ:0.16355 loss_pq_vm:0.00123 loss_pq_va:0.02313 loss_pv_va:0.02248
INFO|2024-09-25 15:09:48: Epoch 70/100, lr:  0.00020161, eta: 1.39h, train_loss:  0.07352, valid_loss:  0.08473
INFO|2024-09-25 15:09:48: 	Train: PQ_Vm_rmse: 0.00175079  PQ_Va_rmse: 0.03255428  PV_Va_rmse: 0.03111999  delta_p: 0.10953168  delta_q: 0.02911497  
INFO|2024-09-25 15:09:48: 	ZTest: PQ_Vm_rmse: 0.00201846  PQ_Va_rmse: 0.04103374  PV_Va_rmse: 0.03912471  delta_p: 0.12458061  delta_q: 0.03161210  
INFO|2024-09-25 15:09:48: 	ZTest-ema: PQ_Vm_rmse: 0.001993  PQ_Va_rmse: 0.040670  PV_Va_rmse: 0.038760  delta_p: 0.122184  delta_q: 0.031113  
INFO|2024-09-25 15:09:48: 	           ValOfEMA:0.040670/0.040670,  Epoch:71/71
INFO|2024-09-25 15:09:49: 	Time(ep):172s,  Val(curr/best):0.041034/0.041034,  Epoch(curr/best):71/71
INFO|2024-09-25 15:09:49: -------------------- Epoch: 72 --------------------
INFO|2024-09-25 15:10:02: Epoch[072/100], iter[040/392], loss_total:0.07155, loss_equ:0.15875 loss_pq_vm:0.00125 loss_pq_va:0.02179 loss_pv_va:0.02143
INFO|2024-09-25 15:10:14: Epoch[072/100], iter[079/392], loss_total:0.07275, loss_equ:0.16359 loss_pq_vm:0.00123 loss_pq_va:0.02237 loss_pv_va:0.02173
INFO|2024-09-25 15:10:26: Epoch[072/100], iter[118/392], loss_total:0.07355, loss_equ:0.16299 loss_pq_vm:0.00125 loss_pq_va:0.02262 loss_pv_va:0.02213
INFO|2024-09-25 15:10:38: Epoch[072/100], iter[157/392], loss_total:0.07153, loss_equ:0.16313 loss_pq_vm:0.00138 loss_pq_va:0.02095 loss_pv_va:0.02050
INFO|2024-09-25 15:10:50: Epoch[072/100], iter[196/392], loss_total:0.07156, loss_equ:0.16171 loss_pq_vm:0.00122 loss_pq_va:0.02184 loss_pv_va:0.02136
INFO|2024-09-25 15:11:02: Epoch[072/100], iter[235/392], loss_total:0.07545, loss_equ:0.16367 loss_pq_vm:0.00127 loss_pq_va:0.02341 loss_pv_va:0.02292
INFO|2024-09-25 15:11:14: Epoch[072/100], iter[274/392], loss_total:0.07173, loss_equ:0.16445 loss_pq_vm:0.00125 loss_pq_va:0.02163 loss_pv_va:0.02118
INFO|2024-09-25 15:11:26: Epoch[072/100], iter[313/392], loss_total:0.07413, loss_equ:0.16424 loss_pq_vm:0.00125 loss_pq_va:0.02303 loss_pv_va:0.02221
INFO|2024-09-25 15:11:39: Epoch[072/100], iter[352/392], loss_total:0.07067, loss_equ:0.16185 loss_pq_vm:0.00122 loss_pq_va:0.02146 loss_pv_va:0.02085
INFO|2024-09-25 15:11:51: Epoch[072/100], iter[392/392], loss_total:0.07378, loss_equ:0.16455 loss_pq_vm:0.00127 loss_pq_va:0.02278 loss_pv_va:0.02188
INFO|2024-09-25 15:12:40: Epoch 71/100, lr:  0.00018948, eta: 1.33h, train_loss:  0.07342, valid_loss:  0.08444
INFO|2024-09-25 15:12:40: 	Train: PQ_Vm_rmse: 0.00175085  PQ_Va_rmse: 0.03251746  PV_Va_rmse: 0.03108693  delta_p: 0.10900434  delta_q: 0.02903953  
INFO|2024-09-25 15:12:40: 	ZTest: PQ_Vm_rmse: 0.00201303  PQ_Va_rmse: 0.04064900  PV_Va_rmse: 0.03883313  delta_p: 0.12473676  delta_q: 0.03175985  
INFO|2024-09-25 15:12:40: 	ZTest-ema: PQ_Vm_rmse: 0.001989  PQ_Va_rmse: 0.040597  PV_Va_rmse: 0.038699  delta_p: 0.122070  delta_q: 0.031066  
INFO|2024-09-25 15:12:40: 	           ValOfEMA:0.040597/0.040597,  Epoch:72/72
INFO|2024-09-25 15:12:40: 	Time(ep):170s,  Val(curr/best):0.040649/0.040649,  Epoch(curr/best):72/72
INFO|2024-09-25 15:12:40: -------------------- Epoch: 73 --------------------
INFO|2024-09-25 15:12:54: Epoch[073/100], iter[040/392], loss_total:0.07468, loss_equ:0.16449 loss_pq_vm:0.00124 loss_pq_va:0.02324 loss_pv_va:0.02257
INFO|2024-09-25 15:13:06: Epoch[073/100], iter[079/392], loss_total:0.07277, loss_equ:0.16157 loss_pq_vm:0.00124 loss_pq_va:0.02251 loss_pv_va:0.02168
INFO|2024-09-25 15:13:18: Epoch[073/100], iter[118/392], loss_total:0.07451, loss_equ:0.16401 loss_pq_vm:0.00123 loss_pq_va:0.02328 loss_pv_va:0.02253
INFO|2024-09-25 15:13:30: Epoch[073/100], iter[157/392], loss_total:0.07536, loss_equ:0.16531 loss_pq_vm:0.00126 loss_pq_va:0.02360 loss_pv_va:0.02264
INFO|2024-09-25 15:13:42: Epoch[073/100], iter[196/392], loss_total:0.07187, loss_equ:0.16450 loss_pq_vm:0.00126 loss_pq_va:0.02168 loss_pv_va:0.02114
INFO|2024-09-25 15:13:54: Epoch[073/100], iter[235/392], loss_total:0.07176, loss_equ:0.16506 loss_pq_vm:0.00125 loss_pq_va:0.02163 loss_pv_va:0.02117
INFO|2024-09-25 15:14:07: Epoch[073/100], iter[274/392], loss_total:0.07646, loss_equ:0.16448 loss_pq_vm:0.00126 loss_pq_va:0.02434 loss_pv_va:0.02305
INFO|2024-09-25 15:14:19: Epoch[073/100], iter[313/392], loss_total:0.07336, loss_equ:0.16346 loss_pq_vm:0.00126 loss_pq_va:0.02256 loss_pv_va:0.02183
INFO|2024-09-25 15:14:32: Epoch[073/100], iter[352/392], loss_total:0.07750, loss_equ:0.16507 loss_pq_vm:0.00124 loss_pq_va:0.02474 loss_pv_va:0.02389
INFO|2024-09-25 15:14:44: Epoch[073/100], iter[392/392], loss_total:0.07305, loss_equ:0.16268 loss_pq_vm:0.00125 loss_pq_va:0.02236 loss_pv_va:0.02197
INFO|2024-09-25 15:15:32: Epoch 72/100, lr:  0.00017765, eta: 1.29h, train_loss:  0.07298, valid_loss:  0.08566
INFO|2024-09-25 15:15:32: 	Train: PQ_Vm_rmse: 0.00173950  PQ_Va_rmse: 0.03225306  PV_Va_rmse: 0.03083455  delta_p: 0.10898328  delta_q: 0.02895480  
INFO|2024-09-25 15:15:32: 	ZTest: PQ_Vm_rmse: 0.00202476  PQ_Va_rmse: 0.04123462  PV_Va_rmse: 0.03941423  delta_p: 0.12412506  delta_q: 0.03160232  
INFO|2024-09-25 15:15:32: 	ZTest-ema: PQ_Vm_rmse: 0.001985  PQ_Va_rmse: 0.040502  PV_Va_rmse: 0.038616  delta_p: 0.121895  delta_q: 0.031009  
INFO|2024-09-25 15:15:32: 	           ValOfEMA:0.040502/0.040502,  Epoch:73/73
INFO|2024-09-25 15:15:32: 	Time(ep):171s,  Val(curr/best):0.041235/0.040649,  Epoch(curr/best):73/72
INFO|2024-09-25 15:15:32: -------------------- Epoch: 74 --------------------
INFO|2024-09-25 15:15:46: Epoch[074/100], iter[040/392], loss_total:0.07451, loss_equ:0.16472 loss_pq_vm:0.00124 loss_pq_va:0.02326 loss_pv_va:0.02243
INFO|2024-09-25 15:15:58: Epoch[074/100], iter[079/392], loss_total:0.07082, loss_equ:0.16185 loss_pq_vm:0.00123 loss_pq_va:0.02136 loss_pv_va:0.02095
INFO|2024-09-25 15:16:10: Epoch[074/100], iter[118/392], loss_total:0.07212, loss_equ:0.16413 loss_pq_vm:0.00124 loss_pq_va:0.02195 loss_pv_va:0.02138
INFO|2024-09-25 15:16:22: Epoch[074/100], iter[157/392], loss_total:0.07127, loss_equ:0.16191 loss_pq_vm:0.00123 loss_pq_va:0.02156 loss_pv_va:0.02120
INFO|2024-09-25 15:16:34: Epoch[074/100], iter[196/392], loss_total:0.07709, loss_equ:0.16587 loss_pq_vm:0.00124 loss_pq_va:0.02457 loss_pv_va:0.02353
INFO|2024-09-25 15:16:46: Epoch[074/100], iter[235/392], loss_total:0.06957, loss_equ:0.15998 loss_pq_vm:0.00122 loss_pq_va:0.02091 loss_pv_va:0.02045
INFO|2024-09-25 15:16:59: Epoch[074/100], iter[274/392], loss_total:0.07324, loss_equ:0.16155 loss_pq_vm:0.00124 loss_pq_va:0.02258 loss_pv_va:0.02215
INFO|2024-09-25 15:17:11: Epoch[074/100], iter[313/392], loss_total:0.07457, loss_equ:0.16661 loss_pq_vm:0.00126 loss_pq_va:0.02297 loss_pv_va:0.02233
INFO|2024-09-25 15:17:24: Epoch[074/100], iter[352/392], loss_total:0.07239, loss_equ:0.16220 loss_pq_vm:0.00124 loss_pq_va:0.02213 loss_pv_va:0.02159
INFO|2024-09-25 15:17:36: Epoch[074/100], iter[392/392], loss_total:0.07301, loss_equ:0.16511 loss_pq_vm:0.00127 loss_pq_va:0.02211 loss_pv_va:0.02166
INFO|2024-09-25 15:18:24: Epoch 73/100, lr:  0.00016615, eta: 1.24h, train_loss:  0.07273, valid_loss:  0.08429
INFO|2024-09-25 15:18:24: 	Train: PQ_Vm_rmse: 0.00173603  PQ_Va_rmse: 0.03216039  PV_Va_rmse: 0.03075821  delta_p: 0.10869035  delta_q: 0.02886789  
INFO|2024-09-25 15:18:24: 	ZTest: PQ_Vm_rmse: 0.00201534  PQ_Va_rmse: 0.04080514  PV_Va_rmse: 0.03896459  delta_p: 0.12340405  delta_q: 0.03142645  
INFO|2024-09-25 15:18:24: 	ZTest-ema: PQ_Vm_rmse: 0.001982  PQ_Va_rmse: 0.040379  PV_Va_rmse: 0.038502  delta_p: 0.121953  delta_q: 0.030988  
INFO|2024-09-25 15:18:24: 	           ValOfEMA:0.040379/0.040379,  Epoch:74/74
INFO|2024-09-25 15:18:24: 	Time(ep):171s,  Val(curr/best):0.040805/0.040649,  Epoch(curr/best):74/72
INFO|2024-09-25 15:18:24: -------------------- Epoch: 75 --------------------
INFO|2024-09-25 15:18:37: Epoch[075/100], iter[040/392], loss_total:0.07108, loss_equ:0.16154 loss_pq_vm:0.00123 loss_pq_va:0.02145 loss_pv_va:0.02118
INFO|2024-09-25 15:18:49: Epoch[075/100], iter[079/392], loss_total:0.07177, loss_equ:0.15909 loss_pq_vm:0.00122 loss_pq_va:0.02211 loss_pv_va:0.02154
INFO|2024-09-25 15:19:02: Epoch[075/100], iter[118/392], loss_total:0.07427, loss_equ:0.16469 loss_pq_vm:0.00123 loss_pq_va:0.02304 loss_pv_va:0.02244
INFO|2024-09-25 15:19:14: Epoch[075/100], iter[157/392], loss_total:0.07368, loss_equ:0.16480 loss_pq_vm:0.00125 loss_pq_va:0.02266 loss_pv_va:0.02205
INFO|2024-09-25 15:19:26: Epoch[075/100], iter[196/392], loss_total:0.07096, loss_equ:0.15934 loss_pq_vm:0.00124 loss_pq_va:0.02166 loss_pv_va:0.02094
INFO|2024-09-25 15:19:38: Epoch[075/100], iter[235/392], loss_total:0.07100, loss_equ:0.16270 loss_pq_vm:0.00129 loss_pq_va:0.02126 loss_pv_va:0.02056
INFO|2024-09-25 15:19:51: Epoch[075/100], iter[274/392], loss_total:0.07050, loss_equ:0.16065 loss_pq_vm:0.00125 loss_pq_va:0.02117 loss_pv_va:0.02075
INFO|2024-09-25 15:20:03: Epoch[075/100], iter[313/392], loss_total:0.07339, loss_equ:0.16412 loss_pq_vm:0.00123 loss_pq_va:0.02268 loss_pv_va:0.02201
INFO|2024-09-25 15:20:15: Epoch[075/100], iter[352/392], loss_total:0.07514, loss_equ:0.16413 loss_pq_vm:0.00127 loss_pq_va:0.02351 loss_pv_va:0.02253
INFO|2024-09-25 15:20:27: Epoch[075/100], iter[392/392], loss_total:0.07360, loss_equ:0.16445 loss_pq_vm:0.00126 loss_pq_va:0.02273 loss_pv_va:0.02186
INFO|2024-09-25 15:21:14: Epoch 74/100, lr:  0.00015498, eta: 1.18h, train_loss:  0.07245, valid_loss:  0.08446
INFO|2024-09-25 15:21:14: 	Train: PQ_Vm_rmse: 0.00173273  PQ_Va_rmse: 0.03202518  PV_Va_rmse: 0.03062807  delta_p: 0.10849969  delta_q: 0.02881272  
INFO|2024-09-25 15:21:14: 	ZTest: PQ_Vm_rmse: 0.00200263  PQ_Va_rmse: 0.04083327  PV_Va_rmse: 0.03889685  delta_p: 0.12498738  delta_q: 0.03144966  
INFO|2024-09-25 15:21:14: 	ZTest-ema: PQ_Vm_rmse: 0.001978  PQ_Va_rmse: 0.040280  PV_Va_rmse: 0.038420  delta_p: 0.122023  delta_q: 0.030962  
INFO|2024-09-25 15:21:14: 	           ValOfEMA:0.040280/0.040280,  Epoch:75/75
INFO|2024-09-25 15:21:14: 	Time(ep):169s,  Val(curr/best):0.040833/0.040649,  Epoch(curr/best):75/72
INFO|2024-09-25 15:21:14: -------------------- Epoch: 76 --------------------
INFO|2024-09-25 15:21:27: Epoch[076/100], iter[040/392], loss_total:0.07271, loss_equ:0.16145 loss_pq_vm:0.00124 loss_pq_va:0.02246 loss_pv_va:0.02167
INFO|2024-09-25 15:21:40: Epoch[076/100], iter[079/392], loss_total:0.07066, loss_equ:0.16020 loss_pq_vm:0.00122 loss_pq_va:0.02161 loss_pv_va:0.02082
INFO|2024-09-25 15:21:52: Epoch[076/100], iter[118/392], loss_total:0.07197, loss_equ:0.16258 loss_pq_vm:0.00124 loss_pq_va:0.02178 loss_pv_va:0.02158
INFO|2024-09-25 15:22:05: Epoch[076/100], iter[157/392], loss_total:0.07067, loss_equ:0.16251 loss_pq_vm:0.00121 loss_pq_va:0.02135 loss_pv_va:0.02094
INFO|2024-09-25 15:22:17: Epoch[076/100], iter[196/392], loss_total:0.07419, loss_equ:0.16197 loss_pq_vm:0.00123 loss_pq_va:0.02320 loss_pv_va:0.02249
INFO|2024-09-25 15:22:29: Epoch[076/100], iter[235/392], loss_total:0.07284, loss_equ:0.16269 loss_pq_vm:0.00124 loss_pq_va:0.02245 loss_pv_va:0.02176
INFO|2024-09-25 15:22:42: Epoch[076/100], iter[274/392], loss_total:0.07491, loss_equ:0.16415 loss_pq_vm:0.00125 loss_pq_va:0.02348 loss_pv_va:0.02251
INFO|2024-09-25 15:22:54: Epoch[076/100], iter[313/392], loss_total:0.07074, loss_equ:0.16079 loss_pq_vm:0.00122 loss_pq_va:0.02167 loss_pv_va:0.02078
INFO|2024-09-25 15:23:05: Epoch[076/100], iter[352/392], loss_total:0.07355, loss_equ:0.16089 loss_pq_vm:0.00123 loss_pq_va:0.02293 loss_pv_va:0.02224
INFO|2024-09-25 15:23:18: Epoch[076/100], iter[392/392], loss_total:0.07484, loss_equ:0.16090 loss_pq_vm:0.00123 loss_pq_va:0.02361 loss_pv_va:0.02284
INFO|2024-09-25 15:24:07: Epoch 75/100, lr:  0.00014416, eta: 1.15h, train_loss:  0.07243, valid_loss:  0.08419
INFO|2024-09-25 15:24:07: 	Train: PQ_Vm_rmse: 0.00173286  PQ_Va_rmse: 0.03197623  PV_Va_rmse: 0.03059176  delta_p: 0.10834019  delta_q: 0.02876116  
INFO|2024-09-25 15:24:07: 	ZTest: PQ_Vm_rmse: 0.00199492  PQ_Va_rmse: 0.04045916  PV_Va_rmse: 0.03855118  delta_p: 0.12335280  delta_q: 0.03147395  
INFO|2024-09-25 15:24:07: 	ZTest-ema: PQ_Vm_rmse: 0.001976  PQ_Va_rmse: 0.040235  PV_Va_rmse: 0.038376  delta_p: 0.121956  delta_q: 0.030926  
INFO|2024-09-25 15:24:07: 	           ValOfEMA:0.040235/0.040235,  Epoch:76/76
INFO|2024-09-25 15:24:08: 	Time(ep):172s,  Val(curr/best):0.040459/0.040459,  Epoch(curr/best):76/76
INFO|2024-09-25 15:24:08: -------------------- Epoch: 77 --------------------
INFO|2024-09-25 15:24:21: Epoch[077/100], iter[040/392], loss_total:0.07288, loss_equ:0.16116 loss_pq_vm:0.00122 loss_pq_va:0.02254 loss_pv_va:0.02201
INFO|2024-09-25 15:24:34: Epoch[077/100], iter[079/392], loss_total:0.07366, loss_equ:0.16180 loss_pq_vm:0.00123 loss_pq_va:0.02275 loss_pv_va:0.02242
INFO|2024-09-25 15:24:46: Epoch[077/100], iter[118/392], loss_total:0.07030, loss_equ:0.15863 loss_pq_vm:0.00121 loss_pq_va:0.02145 loss_pv_va:0.02085
INFO|2024-09-25 15:24:59: Epoch[077/100], iter[157/392], loss_total:0.07101, loss_equ:0.16003 loss_pq_vm:0.00121 loss_pq_va:0.02160 loss_pv_va:0.02136
INFO|2024-09-25 15:25:11: Epoch[077/100], iter[196/392], loss_total:0.07157, loss_equ:0.16010 loss_pq_vm:0.00122 loss_pq_va:0.02196 loss_pv_va:0.02136
INFO|2024-09-25 15:25:23: Epoch[077/100], iter[235/392], loss_total:0.07110, loss_equ:0.16025 loss_pq_vm:0.00122 loss_pq_va:0.02180 loss_pv_va:0.02106
INFO|2024-09-25 15:25:35: Epoch[077/100], iter[274/392], loss_total:0.07293, loss_equ:0.16248 loss_pq_vm:0.00123 loss_pq_va:0.02244 loss_pv_va:0.02191
INFO|2024-09-25 15:25:48: Epoch[077/100], iter[313/392], loss_total:0.07313, loss_equ:0.16167 loss_pq_vm:0.00120 loss_pq_va:0.02285 loss_pv_va:0.02210
INFO|2024-09-25 15:26:00: Epoch[077/100], iter[352/392], loss_total:0.07031, loss_equ:0.16146 loss_pq_vm:0.00123 loss_pq_va:0.02128 loss_pv_va:0.02060
INFO|2024-09-25 15:26:12: Epoch[077/100], iter[392/392], loss_total:0.06909, loss_equ:0.16073 loss_pq_vm:0.00121 loss_pq_va:0.02062 loss_pv_va:0.02033
INFO|2024-09-25 15:27:00: Epoch 76/100, lr:  0.00013370, eta: 1.1h, train_loss:  0.07208, valid_loss:  0.08385
INFO|2024-09-25 15:27:00: 	Train: PQ_Vm_rmse: 0.00172304  PQ_Va_rmse: 0.03185866  PV_Va_rmse: 0.03047525  delta_p: 0.10792218  delta_q: 0.02864669  
INFO|2024-09-25 15:27:00: 	ZTest: PQ_Vm_rmse: 0.00198733  PQ_Va_rmse: 0.04020196  PV_Va_rmse: 0.03841075  delta_p: 0.12429442  delta_q: 0.03141487  
INFO|2024-09-25 15:27:00: 	ZTest-ema: PQ_Vm_rmse: 0.001972  PQ_Va_rmse: 0.040161  PV_Va_rmse: 0.038317  delta_p: 0.121870  delta_q: 0.030885  
INFO|2024-09-25 15:27:00: 	           ValOfEMA:0.040161/0.040161,  Epoch:77/77
INFO|2024-09-25 15:27:00: 	Time(ep):171s,  Val(curr/best):0.040202/0.040202,  Epoch(curr/best):77/77
INFO|2024-09-25 15:27:00: -------------------- Epoch: 78 --------------------
INFO|2024-09-25 15:27:14: Epoch[078/100], iter[040/392], loss_total:0.06977, loss_equ:0.15888 loss_pq_vm:0.00121 loss_pq_va:0.02122 loss_pv_va:0.02060
INFO|2024-09-25 15:27:26: Epoch[078/100], iter[079/392], loss_total:0.07113, loss_equ:0.16146 loss_pq_vm:0.00120 loss_pq_va:0.02179 loss_pv_va:0.02119
INFO|2024-09-25 15:27:38: Epoch[078/100], iter[118/392], loss_total:0.07072, loss_equ:0.16105 loss_pq_vm:0.00123 loss_pq_va:0.02149 loss_pv_va:0.02083
INFO|2024-09-25 15:27:51: Epoch[078/100], iter[157/392], loss_total:0.07358, loss_equ:0.16258 loss_pq_vm:0.00125 loss_pq_va:0.02273 loss_pv_va:0.02206
INFO|2024-09-25 15:28:03: Epoch[078/100], iter[196/392], loss_total:0.07282, loss_equ:0.16137 loss_pq_vm:0.00123 loss_pq_va:0.02232 loss_pv_va:0.02202
INFO|2024-09-25 15:28:15: Epoch[078/100], iter[235/392], loss_total:0.07402, loss_equ:0.16257 loss_pq_vm:0.00122 loss_pq_va:0.02304 loss_pv_va:0.02247
INFO|2024-09-25 15:28:28: Epoch[078/100], iter[274/392], loss_total:0.07472, loss_equ:0.16390 loss_pq_vm:0.00126 loss_pq_va:0.02325 loss_pv_va:0.02252
INFO|2024-09-25 15:28:40: Epoch[078/100], iter[313/392], loss_total:0.07170, loss_equ:0.16083 loss_pq_vm:0.00123 loss_pq_va:0.02189 loss_pv_va:0.02145
INFO|2024-09-25 15:28:53: Epoch[078/100], iter[352/392], loss_total:0.07070, loss_equ:0.16151 loss_pq_vm:0.00127 loss_pq_va:0.02115 loss_pv_va:0.02075
INFO|2024-09-25 15:29:05: Epoch[078/100], iter[392/392], loss_total:0.07142, loss_equ:0.15793 loss_pq_vm:0.00124 loss_pq_va:0.02193 loss_pv_va:0.02126
INFO|2024-09-25 15:29:54: Epoch 77/100, lr:  0.00012360, eta: 1.06h, train_loss:  0.07194, valid_loss:  0.08416
INFO|2024-09-25 15:29:54: 	Train: PQ_Vm_rmse: 0.00171762  PQ_Va_rmse: 0.03178517  PV_Va_rmse: 0.03041502  delta_p: 0.10774476  delta_q: 0.02857745  
INFO|2024-09-25 15:29:54: 	ZTest: PQ_Vm_rmse: 0.00198501  PQ_Va_rmse: 0.04078739  PV_Va_rmse: 0.03883773  delta_p: 0.12335907  delta_q: 0.03115212  
INFO|2024-09-25 15:29:54: 	ZTest-ema: PQ_Vm_rmse: 0.001970  PQ_Va_rmse: 0.040094  PV_Va_rmse: 0.038254  delta_p: 0.121832  delta_q: 0.030856  
INFO|2024-09-25 15:29:54: 	           ValOfEMA:0.040094/0.040094,  Epoch:78/78
INFO|2024-09-25 15:29:54: 	Time(ep):173s,  Val(curr/best):0.040787/0.040202,  Epoch(curr/best):78/77
INFO|2024-09-25 15:29:54: -------------------- Epoch: 79 --------------------
INFO|2024-09-25 15:30:08: Epoch[079/100], iter[040/392], loss_total:0.06887, loss_equ:0.15961 loss_pq_vm:0.00120 loss_pq_va:0.02058 loss_pv_va:0.02030
INFO|2024-09-25 15:30:20: Epoch[079/100], iter[079/392], loss_total:0.07364, loss_equ:0.16189 loss_pq_vm:0.00124 loss_pq_va:0.02277 loss_pv_va:0.02230
INFO|2024-09-25 15:30:32: Epoch[079/100], iter[118/392], loss_total:0.06892, loss_equ:0.15928 loss_pq_vm:0.00121 loss_pq_va:0.02064 loss_pv_va:0.02025
INFO|2024-09-25 15:30:45: Epoch[079/100], iter[157/392], loss_total:0.07436, loss_equ:0.16117 loss_pq_vm:0.00122 loss_pq_va:0.02335 loss_pv_va:0.02265
INFO|2024-09-25 15:30:56: Epoch[079/100], iter[196/392], loss_total:0.07095, loss_equ:0.16110 loss_pq_vm:0.00121 loss_pq_va:0.02159 loss_pv_va:0.02116
INFO|2024-09-25 15:31:09: Epoch[079/100], iter[235/392], loss_total:0.06995, loss_equ:0.16086 loss_pq_vm:0.00123 loss_pq_va:0.02110 loss_pv_va:0.02049
INFO|2024-09-25 15:31:22: Epoch[079/100], iter[274/392], loss_total:0.07105, loss_equ:0.15936 loss_pq_vm:0.00121 loss_pq_va:0.02172 loss_pv_va:0.02126
INFO|2024-09-25 15:31:34: Epoch[079/100], iter[313/392], loss_total:0.07035, loss_equ:0.16036 loss_pq_vm:0.00119 loss_pq_va:0.02150 loss_pv_va:0.02092
INFO|2024-09-25 15:31:46: Epoch[079/100], iter[352/392], loss_total:0.07678, loss_equ:0.16636 loss_pq_vm:0.00124 loss_pq_va:0.02406 loss_pv_va:0.02374
INFO|2024-09-25 15:31:58: Epoch[079/100], iter[392/392], loss_total:0.07243, loss_equ:0.16146 loss_pq_vm:0.00124 loss_pq_va:0.02225 loss_pv_va:0.02163
INFO|2024-09-25 15:32:47: Epoch 78/100, lr:  0.00011387, eta: 1.01h, train_loss:  0.07153, valid_loss:  0.08369
INFO|2024-09-25 15:32:47: 	Train: PQ_Vm_rmse: 0.00171382  PQ_Va_rmse: 0.03158533  PV_Va_rmse: 0.03022326  delta_p: 0.10764848  delta_q: 0.02853320  
INFO|2024-09-25 15:32:47: 	ZTest: PQ_Vm_rmse: 0.00198002  PQ_Va_rmse: 0.04011053  PV_Va_rmse: 0.03832745  delta_p: 0.12342008  delta_q: 0.03120281  
INFO|2024-09-25 15:32:47: 	ZTest-ema: PQ_Vm_rmse: 0.001967  PQ_Va_rmse: 0.040006  PV_Va_rmse: 0.038177  delta_p: 0.121974  delta_q: 0.030851  
INFO|2024-09-25 15:32:47: 	           ValOfEMA:0.040006/0.040006,  Epoch:79/79
INFO|2024-09-25 15:32:47: 	Time(ep):172s,  Val(curr/best):0.040111/0.040111,  Epoch(curr/best):79/79
INFO|2024-09-25 15:32:47: -------------------- Epoch: 80 --------------------
INFO|2024-09-25 15:33:00: Epoch[080/100], iter[040/392], loss_total:0.07275, loss_equ:0.16235 loss_pq_vm:0.00124 loss_pq_va:0.02227 loss_pv_va:0.02189
INFO|2024-09-25 15:33:13: Epoch[080/100], iter[079/392], loss_total:0.06994, loss_equ:0.15996 loss_pq_vm:0.00119 loss_pq_va:0.02129 loss_pv_va:0.02076
INFO|2024-09-25 15:33:25: Epoch[080/100], iter[118/392], loss_total:0.07233, loss_equ:0.16428 loss_pq_vm:0.00125 loss_pq_va:0.02194 loss_pv_va:0.02143
INFO|2024-09-25 15:33:37: Epoch[080/100], iter[157/392], loss_total:0.07319, loss_equ:0.15897 loss_pq_vm:0.00121 loss_pq_va:0.02294 loss_pv_va:0.02228
INFO|2024-09-25 15:33:49: Epoch[080/100], iter[196/392], loss_total:0.07184, loss_equ:0.16215 loss_pq_vm:0.00122 loss_pq_va:0.02202 loss_pv_va:0.02145
INFO|2024-09-25 15:34:01: Epoch[080/100], iter[235/392], loss_total:0.07001, loss_equ:0.15734 loss_pq_vm:0.00124 loss_pq_va:0.02109 loss_pv_va:0.02081
INFO|2024-09-25 15:34:13: Epoch[080/100], iter[274/392], loss_total:0.07002, loss_equ:0.16138 loss_pq_vm:0.00123 loss_pq_va:0.02096 loss_pv_va:0.02067
INFO|2024-09-25 15:34:26: Epoch[080/100], iter[313/392], loss_total:0.07222, loss_equ:0.16282 loss_pq_vm:0.00122 loss_pq_va:0.02199 loss_pv_va:0.02175
INFO|2024-09-25 15:34:38: Epoch[080/100], iter[352/392], loss_total:0.07343, loss_equ:0.16376 loss_pq_vm:0.00123 loss_pq_va:0.02254 loss_pv_va:0.02217
INFO|2024-09-25 15:34:51: Epoch[080/100], iter[392/392], loss_total:0.07031, loss_equ:0.15977 loss_pq_vm:0.00122 loss_pq_va:0.02140 loss_pv_va:0.02076
INFO|2024-09-25 15:35:39: Epoch 79/100, lr:  0.00010454, eta: 0.96h, train_loss:  0.07145, valid_loss:  0.08322
INFO|2024-09-25 15:35:39: 	Train: PQ_Vm_rmse: 0.00171234  PQ_Va_rmse: 0.03152845  PV_Va_rmse: 0.03017330  delta_p: 0.10750173  delta_q: 0.02847687  
INFO|2024-09-25 15:35:39: 	ZTest: PQ_Vm_rmse: 0.00197567  PQ_Va_rmse: 0.04010216  PV_Va_rmse: 0.03827073  delta_p: 0.12276451  delta_q: 0.03108905  
INFO|2024-09-25 15:35:39: 	ZTest-ema: PQ_Vm_rmse: 0.001964  PQ_Va_rmse: 0.039940  PV_Va_rmse: 0.038113  delta_p: 0.121915  delta_q: 0.030817  
INFO|2024-09-25 15:35:39: 	           ValOfEMA:0.039940/0.039940,  Epoch:80/80
INFO|2024-09-25 15:35:40: 	Time(ep):172s,  Val(curr/best):0.040102/0.040102,  Epoch(curr/best):80/80
INFO|2024-09-25 15:35:40: -------------------- Epoch: 81 --------------------
INFO|2024-09-25 15:35:53: Epoch[081/100], iter[040/392], loss_total:0.06831, loss_equ:0.15868 loss_pq_vm:0.00124 loss_pq_va:0.02026 loss_pv_va:0.01983
INFO|2024-09-25 15:36:05: Epoch[081/100], iter[079/392], loss_total:0.07146, loss_equ:0.16039 loss_pq_vm:0.00124 loss_pq_va:0.02178 loss_pv_va:0.02119
INFO|2024-09-25 15:36:17: Epoch[081/100], iter[118/392], loss_total:0.07178, loss_equ:0.16154 loss_pq_vm:0.00121 loss_pq_va:0.02230 loss_pv_va:0.02123
INFO|2024-09-25 15:36:30: Epoch[081/100], iter[157/392], loss_total:0.07156, loss_equ:0.16061 loss_pq_vm:0.00123 loss_pq_va:0.02182 loss_pv_va:0.02134
INFO|2024-09-25 15:36:41: Epoch[081/100], iter[196/392], loss_total:0.07319, loss_equ:0.16214 loss_pq_vm:0.00122 loss_pq_va:0.02278 loss_pv_va:0.02195
INFO|2024-09-25 15:36:54: Epoch[081/100], iter[235/392], loss_total:0.07287, loss_equ:0.16136 loss_pq_vm:0.00127 loss_pq_va:0.02226 loss_pv_va:0.02173
INFO|2024-09-25 15:37:06: Epoch[081/100], iter[274/392], loss_total:0.07127, loss_equ:0.16011 loss_pq_vm:0.00122 loss_pq_va:0.02176 loss_pv_va:0.02129
INFO|2024-09-25 15:37:18: Epoch[081/100], iter[313/392], loss_total:0.07349, loss_equ:0.16144 loss_pq_vm:0.00123 loss_pq_va:0.02304 loss_pv_va:0.02201
INFO|2024-09-25 15:37:29: Epoch[081/100], iter[352/392], loss_total:0.06943, loss_equ:0.15912 loss_pq_vm:0.00122 loss_pq_va:0.02101 loss_pv_va:0.02032
INFO|2024-09-25 15:37:42: Epoch[081/100], iter[392/392], loss_total:0.07263, loss_equ:0.15954 loss_pq_vm:0.00121 loss_pq_va:0.02266 loss_pv_va:0.02193
INFO|2024-09-25 15:38:30: Epoch 80/100, lr:  0.00009560, eta: 0.9h, train_loss:  0.07135, valid_loss:  0.08329
INFO|2024-09-25 15:38:30: 	Train: PQ_Vm_rmse: 0.00171179  PQ_Va_rmse: 0.03147524  PV_Va_rmse: 0.03012901  delta_p: 0.10721647  delta_q: 0.02843581  
INFO|2024-09-25 15:38:30: 	ZTest: PQ_Vm_rmse: 0.00197394  PQ_Va_rmse: 0.04019400  PV_Va_rmse: 0.03838202  delta_p: 0.12293817  delta_q: 0.03102847  
INFO|2024-09-25 15:38:30: 	ZTest-ema: PQ_Vm_rmse: 0.001962  PQ_Va_rmse: 0.039902  PV_Va_rmse: 0.038079  delta_p: 0.121900  delta_q: 0.030791  
INFO|2024-09-25 15:38:30: 	           ValOfEMA:0.039902/0.039902,  Epoch:81/81
INFO|2024-09-25 15:38:30: 	Time(ep):170s,  Val(curr/best):0.040194/0.040102,  Epoch(curr/best):81/80
INFO|2024-09-25 15:38:30: -------------------- Epoch: 82 --------------------
INFO|2024-09-25 15:38:43: Epoch[082/100], iter[040/392], loss_total:0.07003, loss_equ:0.15928 loss_pq_vm:0.00119 loss_pq_va:0.02139 loss_pv_va:0.02082
INFO|2024-09-25 15:38:55: Epoch[082/100], iter[079/392], loss_total:0.07142, loss_equ:0.15636 loss_pq_vm:0.00120 loss_pq_va:0.02221 loss_pv_va:0.02156
INFO|2024-09-25 15:39:08: Epoch[082/100], iter[118/392], loss_total:0.06875, loss_equ:0.15810 loss_pq_vm:0.00120 loss_pq_va:0.02067 loss_pv_va:0.02025
INFO|2024-09-25 15:39:21: Epoch[082/100], iter[157/392], loss_total:0.06965, loss_equ:0.15898 loss_pq_vm:0.00120 loss_pq_va:0.02116 loss_pv_va:0.02057
INFO|2024-09-25 15:39:32: Epoch[082/100], iter[196/392], loss_total:0.07057, loss_equ:0.15965 loss_pq_vm:0.00123 loss_pq_va:0.02137 loss_pv_va:0.02096
INFO|2024-09-25 15:39:45: Epoch[082/100], iter[235/392], loss_total:0.06907, loss_equ:0.15857 loss_pq_vm:0.00123 loss_pq_va:0.02068 loss_pv_va:0.02025
INFO|2024-09-25 15:39:57: Epoch[082/100], iter[274/392], loss_total:0.07274, loss_equ:0.15847 loss_pq_vm:0.00122 loss_pq_va:0.02268 loss_pv_va:0.02204
INFO|2024-09-25 15:40:10: Epoch[082/100], iter[313/392], loss_total:0.06889, loss_equ:0.15793 loss_pq_vm:0.00124 loss_pq_va:0.02063 loss_pv_va:0.02010
INFO|2024-09-25 15:40:22: Epoch[082/100], iter[352/392], loss_total:0.06923, loss_equ:0.15872 loss_pq_vm:0.00122 loss_pq_va:0.02083 loss_pv_va:0.02029
INFO|2024-09-25 15:40:34: Epoch[082/100], iter[392/392], loss_total:0.07031, loss_equ:0.16083 loss_pq_vm:0.00122 loss_pq_va:0.02107 loss_pv_va:0.02101
INFO|2024-09-25 15:41:24: Epoch 81/100, lr:  0.00008706, eta: 0.87h, train_loss:  0.07106, valid_loss:  0.08307
INFO|2024-09-25 15:41:24: 	Train: PQ_Vm_rmse: 0.00170363  PQ_Va_rmse: 0.03136247  PV_Va_rmse: 0.03001940  delta_p: 0.10711721  delta_q: 0.02833496  
INFO|2024-09-25 15:41:24: 	ZTest: PQ_Vm_rmse: 0.00197554  PQ_Va_rmse: 0.03992075  PV_Va_rmse: 0.03817634  delta_p: 0.12342614  delta_q: 0.03117029  
INFO|2024-09-25 15:41:24: 	ZTest-ema: PQ_Vm_rmse: 0.001960  PQ_Va_rmse: 0.039823  PV_Va_rmse: 0.038014  delta_p: 0.121999  delta_q: 0.030780  
INFO|2024-09-25 15:41:24: 	           ValOfEMA:0.039823/0.039823,  Epoch:82/82
INFO|2024-09-25 15:41:24: 	Time(ep):173s,  Val(curr/best):0.039921/0.039921,  Epoch(curr/best):82/82
INFO|2024-09-25 15:41:24: -------------------- Epoch: 83 --------------------
INFO|2024-09-25 15:41:37: Epoch[083/100], iter[040/392], loss_total:0.07069, loss_equ:0.15942 loss_pq_vm:0.00122 loss_pq_va:0.02154 loss_pv_va:0.02096
INFO|2024-09-25 15:41:49: Epoch[083/100], iter[079/392], loss_total:0.07449, loss_equ:0.16358 loss_pq_vm:0.00124 loss_pq_va:0.02316 loss_pv_va:0.02260
INFO|2024-09-25 15:42:00: Epoch[083/100], iter[118/392], loss_total:0.06901, loss_equ:0.15836 loss_pq_vm:0.00121 loss_pq_va:0.02085 loss_pv_va:0.02023
INFO|2024-09-25 15:42:12: Epoch[083/100], iter[157/392], loss_total:0.07132, loss_equ:0.16071 loss_pq_vm:0.00122 loss_pq_va:0.02168 loss_pv_va:0.02134
INFO|2024-09-25 15:42:23: Epoch[083/100], iter[196/392], loss_total:0.07081, loss_equ:0.16118 loss_pq_vm:0.00122 loss_pq_va:0.02156 loss_pv_va:0.02088
INFO|2024-09-25 15:42:35: Epoch[083/100], iter[235/392], loss_total:0.07435, loss_equ:0.16233 loss_pq_vm:0.00120 loss_pq_va:0.02337 loss_pv_va:0.02273
INFO|2024-09-25 15:42:47: Epoch[083/100], iter[274/392], loss_total:0.06889, loss_equ:0.15826 loss_pq_vm:0.00122 loss_pq_va:0.02061 loss_pv_va:0.02021
INFO|2024-09-25 15:42:59: Epoch[083/100], iter[313/392], loss_total:0.07028, loss_equ:0.16083 loss_pq_vm:0.00122 loss_pq_va:0.02125 loss_pv_va:0.02078
INFO|2024-09-25 15:43:10: Epoch[083/100], iter[352/392], loss_total:0.06927, loss_equ:0.15793 loss_pq_vm:0.00121 loss_pq_va:0.02087 loss_pv_va:0.02051
INFO|2024-09-25 15:43:23: Epoch[083/100], iter[392/392], loss_total:0.07150, loss_equ:0.16092 loss_pq_vm:0.00123 loss_pq_va:0.02185 loss_pv_va:0.02127
INFO|2024-09-25 15:44:13: Epoch 82/100, lr:  0.00007893, eta: 0.8h, train_loss:  0.07090, valid_loss:  0.08319
INFO|2024-09-25 15:44:13: 	Train: PQ_Vm_rmse: 0.00170052  PQ_Va_rmse: 0.03127158  PV_Va_rmse: 0.02994032  delta_p: 0.10692174  delta_q: 0.02828026  
INFO|2024-09-25 15:44:13: 	ZTest: PQ_Vm_rmse: 0.00197832  PQ_Va_rmse: 0.03989143  PV_Va_rmse: 0.03809686  delta_p: 0.12291738  delta_q: 0.03108769  
INFO|2024-09-25 15:44:13: 	ZTest-ema: PQ_Vm_rmse: 0.001958  PQ_Va_rmse: 0.039784  PV_Va_rmse: 0.037979  delta_p: 0.121958  delta_q: 0.030755  
INFO|2024-09-25 15:44:13: 	           ValOfEMA:0.039784/0.039784,  Epoch:83/83
INFO|2024-09-25 15:44:14: 	Time(ep):168s,  Val(curr/best):0.039891/0.039891,  Epoch(curr/best):83/83
INFO|2024-09-25 15:44:14: -------------------- Epoch: 84 --------------------
INFO|2024-09-25 15:44:27: Epoch[084/100], iter[040/392], loss_total:0.06878, loss_equ:0.15693 loss_pq_vm:0.00120 loss_pq_va:0.02087 loss_pv_va:0.02021
INFO|2024-09-25 15:44:38: Epoch[084/100], iter[079/392], loss_total:0.07162, loss_equ:0.16060 loss_pq_vm:0.00120 loss_pq_va:0.02210 loss_pv_va:0.02141
INFO|2024-09-25 15:44:50: Epoch[084/100], iter[118/392], loss_total:0.07076, loss_equ:0.16152 loss_pq_vm:0.00123 loss_pq_va:0.02127 loss_pv_va:0.02100
INFO|2024-09-25 15:45:02: Epoch[084/100], iter[157/392], loss_total:0.06943, loss_equ:0.15855 loss_pq_vm:0.00119 loss_pq_va:0.02101 loss_pv_va:0.02064
INFO|2024-09-25 15:45:14: Epoch[084/100], iter[196/392], loss_total:0.06960, loss_equ:0.16073 loss_pq_vm:0.00122 loss_pq_va:0.02089 loss_pv_va:0.02040
INFO|2024-09-25 15:45:25: Epoch[084/100], iter[235/392], loss_total:0.06889, loss_equ:0.15735 loss_pq_vm:0.00122 loss_pq_va:0.02070 loss_pv_va:0.02027
INFO|2024-09-25 15:45:38: Epoch[084/100], iter[274/392], loss_total:0.07027, loss_equ:0.15654 loss_pq_vm:0.00122 loss_pq_va:0.02152 loss_pv_va:0.02087
INFO|2024-09-25 15:45:49: Epoch[084/100], iter[313/392], loss_total:0.06776, loss_equ:0.15824 loss_pq_vm:0.00121 loss_pq_va:0.02016 loss_pv_va:0.01970
INFO|2024-09-25 15:46:01: Epoch[084/100], iter[352/392], loss_total:0.06957, loss_equ:0.15880 loss_pq_vm:0.00122 loss_pq_va:0.02103 loss_pv_va:0.02042
INFO|2024-09-25 15:46:13: Epoch[084/100], iter[392/392], loss_total:0.07221, loss_equ:0.16170 loss_pq_vm:0.00121 loss_pq_va:0.02227 loss_pv_va:0.02170
INFO|2024-09-25 15:47:03: Epoch 83/100, lr:  0.00007123, eta: 0.75h, train_loss:  0.07081, valid_loss:  0.08270
INFO|2024-09-25 15:47:03: 	Train: PQ_Vm_rmse: 0.00169894  PQ_Va_rmse: 0.03123587  PV_Va_rmse: 0.02990650  delta_p: 0.10674421  delta_q: 0.02824357  
INFO|2024-09-25 15:47:03: 	ZTest: PQ_Vm_rmse: 0.00196394  PQ_Va_rmse: 0.03978466  PV_Va_rmse: 0.03799380  delta_p: 0.12273007  delta_q: 0.03095632  
INFO|2024-09-25 15:47:03: 	ZTest-ema: PQ_Vm_rmse: 0.001957  PQ_Va_rmse: 0.039761  PV_Va_rmse: 0.037957  delta_p: 0.121933  delta_q: 0.030739  
INFO|2024-09-25 15:47:03: 	           ValOfEMA:0.039761/0.039761,  Epoch:84/84
INFO|2024-09-25 15:47:04: 	Time(ep):169s,  Val(curr/best):0.039785/0.039785,  Epoch(curr/best):84/84
INFO|2024-09-25 15:47:04: -------------------- Epoch: 85 --------------------
INFO|2024-09-25 15:47:17: Epoch[085/100], iter[040/392], loss_total:0.07070, loss_equ:0.15924 loss_pq_vm:0.00121 loss_pq_va:0.02167 loss_pv_va:0.02103
INFO|2024-09-25 15:47:29: Epoch[085/100], iter[079/392], loss_total:0.06958, loss_equ:0.15847 loss_pq_vm:0.00119 loss_pq_va:0.02121 loss_pv_va:0.02065
INFO|2024-09-25 15:47:41: Epoch[085/100], iter[118/392], loss_total:0.07222, loss_equ:0.15944 loss_pq_vm:0.00120 loss_pq_va:0.02233 loss_pv_va:0.02190
INFO|2024-09-25 15:47:54: Epoch[085/100], iter[157/392], loss_total:0.06938, loss_equ:0.15890 loss_pq_vm:0.00120 loss_pq_va:0.02096 loss_pv_va:0.02057
INFO|2024-09-25 15:48:06: Epoch[085/100], iter[196/392], loss_total:0.06925, loss_equ:0.15626 loss_pq_vm:0.00119 loss_pq_va:0.02105 loss_pv_va:0.02065
INFO|2024-09-25 15:48:18: Epoch[085/100], iter[235/392], loss_total:0.07104, loss_equ:0.16089 loss_pq_vm:0.00124 loss_pq_va:0.02149 loss_pv_va:0.02103
INFO|2024-09-25 15:48:30: Epoch[085/100], iter[274/392], loss_total:0.06838, loss_equ:0.15762 loss_pq_vm:0.00123 loss_pq_va:0.02032 loss_pv_va:0.01998
INFO|2024-09-25 15:48:43: Epoch[085/100], iter[313/392], loss_total:0.06951, loss_equ:0.15834 loss_pq_vm:0.00121 loss_pq_va:0.02112 loss_pv_va:0.02044
INFO|2024-09-25 15:48:55: Epoch[085/100], iter[352/392], loss_total:0.07136, loss_equ:0.16158 loss_pq_vm:0.00122 loss_pq_va:0.02174 loss_pv_va:0.02127
INFO|2024-09-25 15:49:07: Epoch[085/100], iter[392/392], loss_total:0.07414, loss_equ:0.16242 loss_pq_vm:0.00123 loss_pq_va:0.02316 loss_pv_va:0.02241
INFO|2024-09-25 15:49:56: Epoch 84/100, lr:  0.00006395, eta: 0.72h, train_loss:  0.07054, valid_loss:  0.08268
INFO|2024-09-25 15:49:56: 	Train: PQ_Vm_rmse: 0.00169507  PQ_Va_rmse: 0.03109679  PV_Va_rmse: 0.02977969  delta_p: 0.10661629  delta_q: 0.02820073  
INFO|2024-09-25 15:49:56: 	ZTest: PQ_Vm_rmse: 0.00196335  PQ_Va_rmse: 0.03977914  PV_Va_rmse: 0.03797292  delta_p: 0.12255911  delta_q: 0.03085743  
INFO|2024-09-25 15:49:56: 	ZTest-ema: PQ_Vm_rmse: 0.001955  PQ_Va_rmse: 0.039694  PV_Va_rmse: 0.037894  delta_p: 0.122093  delta_q: 0.030736  
INFO|2024-09-25 15:49:56: 	           ValOfEMA:0.039694/0.039694,  Epoch:85/85
INFO|2024-09-25 15:49:57: 	Time(ep):172s,  Val(curr/best):0.039779/0.039779,  Epoch(curr/best):85/85
INFO|2024-09-25 15:49:57: -------------------- Epoch: 86 --------------------
INFO|2024-09-25 15:50:10: Epoch[086/100], iter[040/392], loss_total:0.07049, loss_equ:0.15942 loss_pq_vm:0.00120 loss_pq_va:0.02151 loss_pv_va:0.02107
INFO|2024-09-25 15:50:22: Epoch[086/100], iter[079/392], loss_total:0.07140, loss_equ:0.15814 loss_pq_vm:0.00120 loss_pq_va:0.02215 loss_pv_va:0.02146
INFO|2024-09-25 15:50:35: Epoch[086/100], iter[118/392], loss_total:0.07020, loss_equ:0.16204 loss_pq_vm:0.00122 loss_pq_va:0.02100 loss_pv_va:0.02083
INFO|2024-09-25 15:50:47: Epoch[086/100], iter[157/392], loss_total:0.07295, loss_equ:0.15913 loss_pq_vm:0.00120 loss_pq_va:0.02287 loss_pv_va:0.02216
INFO|2024-09-25 15:50:59: Epoch[086/100], iter[196/392], loss_total:0.07196, loss_equ:0.15966 loss_pq_vm:0.00121 loss_pq_va:0.02240 loss_pv_va:0.02151
INFO|2024-09-25 15:51:11: Epoch[086/100], iter[235/392], loss_total:0.07003, loss_equ:0.15736 loss_pq_vm:0.00122 loss_pq_va:0.02129 loss_pv_va:0.02076
INFO|2024-09-25 15:51:23: Epoch[086/100], iter[274/392], loss_total:0.06945, loss_equ:0.15777 loss_pq_vm:0.00121 loss_pq_va:0.02107 loss_pv_va:0.02047
INFO|2024-09-25 15:51:36: Epoch[086/100], iter[313/392], loss_total:0.07063, loss_equ:0.15850 loss_pq_vm:0.00118 loss_pq_va:0.02172 loss_pv_va:0.02123
INFO|2024-09-25 15:51:48: Epoch[086/100], iter[352/392], loss_total:0.07048, loss_equ:0.15917 loss_pq_vm:0.00120 loss_pq_va:0.02157 loss_pv_va:0.02098
INFO|2024-09-25 15:52:00: Epoch[086/100], iter[392/392], loss_total:0.06815, loss_equ:0.15873 loss_pq_vm:0.00121 loss_pq_va:0.02047 loss_pv_va:0.01974
INFO|2024-09-25 15:52:49: Epoch 85/100, lr:  0.00005711, eta: 0.67h, train_loss:  0.07039, valid_loss:  0.08261
INFO|2024-09-25 15:52:49: 	Train: PQ_Vm_rmse: 0.00169226  PQ_Va_rmse: 0.03102519  PV_Va_rmse: 0.02970899  delta_p: 0.10652909  delta_q: 0.02814714  
INFO|2024-09-25 15:52:49: 	ZTest: PQ_Vm_rmse: 0.00196132  PQ_Va_rmse: 0.03966488  PV_Va_rmse: 0.03786535  delta_p: 0.12347689  delta_q: 0.03096148  
INFO|2024-09-25 15:52:49: 	ZTest-ema: PQ_Vm_rmse: 0.001954  PQ_Va_rmse: 0.039652  PV_Va_rmse: 0.037855  delta_p: 0.122074  delta_q: 0.030718  
INFO|2024-09-25 15:52:49: 	           ValOfEMA:0.039652/0.039652,  Epoch:86/86
INFO|2024-09-25 15:52:49: 	Time(ep):171s,  Val(curr/best):0.039665/0.039665,  Epoch(curr/best):86/86
INFO|2024-09-25 15:52:49: -------------------- Epoch: 87 --------------------
INFO|2024-09-25 15:53:02: Epoch[087/100], iter[040/392], loss_total:0.07071, loss_equ:0.15876 loss_pq_vm:0.00120 loss_pq_va:0.02169 loss_pv_va:0.02118
INFO|2024-09-25 15:53:15: Epoch[087/100], iter[079/392], loss_total:0.07063, loss_equ:0.15803 loss_pq_vm:0.00121 loss_pq_va:0.02146 loss_pv_va:0.02123
INFO|2024-09-25 15:53:27: Epoch[087/100], iter[118/392], loss_total:0.07029, loss_equ:0.15948 loss_pq_vm:0.00120 loss_pq_va:0.02145 loss_pv_va:0.02093
INFO|2024-09-25 15:53:40: Epoch[087/100], iter[157/392], loss_total:0.06994, loss_equ:0.15689 loss_pq_vm:0.00120 loss_pq_va:0.02137 loss_pv_va:0.02091
INFO|2024-09-25 15:53:52: Epoch[087/100], iter[196/392], loss_total:0.07042, loss_equ:0.15907 loss_pq_vm:0.00118 loss_pq_va:0.02157 loss_pv_va:0.02112
INFO|2024-09-25 15:54:04: Epoch[087/100], iter[235/392], loss_total:0.07157, loss_equ:0.16135 loss_pq_vm:0.00122 loss_pq_va:0.02191 loss_pv_va:0.02132
INFO|2024-09-25 15:54:16: Epoch[087/100], iter[274/392], loss_total:0.07047, loss_equ:0.15743 loss_pq_vm:0.00118 loss_pq_va:0.02168 loss_pv_va:0.02129
INFO|2024-09-25 15:54:28: Epoch[087/100], iter[313/392], loss_total:0.06933, loss_equ:0.15924 loss_pq_vm:0.00119 loss_pq_va:0.02105 loss_pv_va:0.02046
INFO|2024-09-25 15:54:41: Epoch[087/100], iter[352/392], loss_total:0.07226, loss_equ:0.16057 loss_pq_vm:0.00123 loss_pq_va:0.02223 loss_pv_va:0.02165
INFO|2024-09-25 15:54:53: Epoch[087/100], iter[392/392], loss_total:0.07203, loss_equ:0.16081 loss_pq_vm:0.00120 loss_pq_va:0.02236 loss_pv_va:0.02158
INFO|2024-09-25 15:55:42: Epoch 86/100, lr:  0.00005071, eta: 0.62h, train_loss:  0.07030, valid_loss:  0.08244
INFO|2024-09-25 15:55:42: 	Train: PQ_Vm_rmse: 0.00169091  PQ_Va_rmse: 0.03099281  PV_Va_rmse: 0.02968144  delta_p: 0.10644428  delta_q: 0.02811031  
INFO|2024-09-25 15:55:42: 	ZTest: PQ_Vm_rmse: 0.00195946  PQ_Va_rmse: 0.03959720  PV_Va_rmse: 0.03781950  delta_p: 0.12296073  delta_q: 0.03088242  
INFO|2024-09-25 15:55:42: 	ZTest-ema: PQ_Vm_rmse: 0.001952  PQ_Va_rmse: 0.039617  PV_Va_rmse: 0.037826  delta_p: 0.122023  delta_q: 0.030700  
INFO|2024-09-25 15:55:42: 	           ValOfEMA:0.039617/0.039617,  Epoch:87/87
INFO|2024-09-25 15:55:43: 	Time(ep):172s,  Val(curr/best):0.039597/0.039597,  Epoch(curr/best):87/87
INFO|2024-09-25 15:55:43: -------------------- Epoch: 88 --------------------
INFO|2024-09-25 15:55:56: Epoch[088/100], iter[040/392], loss_total:0.07159, loss_equ:0.15945 loss_pq_vm:0.00121 loss_pq_va:0.02205 loss_pv_va:0.02148
INFO|2024-09-25 15:56:09: Epoch[088/100], iter[079/392], loss_total:0.06990, loss_equ:0.15893 loss_pq_vm:0.00121 loss_pq_va:0.02128 loss_pv_va:0.02058
INFO|2024-09-25 15:56:21: Epoch[088/100], iter[118/392], loss_total:0.07087, loss_equ:0.16047 loss_pq_vm:0.00121 loss_pq_va:0.02161 loss_pv_va:0.02115
INFO|2024-09-25 15:56:34: Epoch[088/100], iter[157/392], loss_total:0.06931, loss_equ:0.15749 loss_pq_vm:0.00119 loss_pq_va:0.02112 loss_pv_va:0.02055
INFO|2024-09-25 15:56:45: Epoch[088/100], iter[196/392], loss_total:0.06799, loss_equ:0.15916 loss_pq_vm:0.00120 loss_pq_va:0.02039 loss_pv_va:0.01973
INFO|2024-09-25 15:56:57: Epoch[088/100], iter[235/392], loss_total:0.06766, loss_equ:0.15773 loss_pq_vm:0.00119 loss_pq_va:0.02020 loss_pv_va:0.01977
INFO|2024-09-25 15:57:09: Epoch[088/100], iter[274/392], loss_total:0.06978, loss_equ:0.15895 loss_pq_vm:0.00122 loss_pq_va:0.02098 loss_pv_va:0.02071
INFO|2024-09-25 15:57:21: Epoch[088/100], iter[313/392], loss_total:0.06834, loss_equ:0.15772 loss_pq_vm:0.00119 loss_pq_va:0.02043 loss_pv_va:0.02023
INFO|2024-09-25 15:57:34: Epoch[088/100], iter[352/392], loss_total:0.06805, loss_equ:0.15689 loss_pq_vm:0.00120 loss_pq_va:0.02033 loss_pv_va:0.02001
INFO|2024-09-25 15:57:46: Epoch[088/100], iter[392/392], loss_total:0.07000, loss_equ:0.15970 loss_pq_vm:0.00122 loss_pq_va:0.02112 loss_pv_va:0.02070
INFO|2024-09-25 15:58:36: Epoch 87/100, lr:  0.00004476, eta: 0.58h, train_loss:  0.07020, valid_loss:  0.08329
INFO|2024-09-25 15:58:36: 	Train: PQ_Vm_rmse: 0.00168755  PQ_Va_rmse: 0.03092305  PV_Va_rmse: 0.02962052  delta_p: 0.10628171  delta_q: 0.02807335  
INFO|2024-09-25 15:58:36: 	ZTest: PQ_Vm_rmse: 0.00196149  PQ_Va_rmse: 0.04037074  PV_Va_rmse: 0.03850752  delta_p: 0.12230893  delta_q: 0.03077003  
INFO|2024-09-25 15:58:36: 	ZTest-ema: PQ_Vm_rmse: 0.001951  PQ_Va_rmse: 0.039592  PV_Va_rmse: 0.037808  delta_p: 0.122046  delta_q: 0.030686  
INFO|2024-09-25 15:58:36: 	           ValOfEMA:0.039592/0.039592,  Epoch:88/88
INFO|2024-09-25 15:58:36: 	Time(ep):173s,  Val(curr/best):0.040371/0.039597,  Epoch(curr/best):88/87
INFO|2024-09-25 15:58:36: -------------------- Epoch: 89 --------------------
INFO|2024-09-25 15:58:49: Epoch[089/100], iter[040/392], loss_total:0.07069, loss_equ:0.15914 loss_pq_vm:0.00120 loss_pq_va:0.02178 loss_pv_va:0.02102
INFO|2024-09-25 15:59:02: Epoch[089/100], iter[079/392], loss_total:0.06848, loss_equ:0.15459 loss_pq_vm:0.00120 loss_pq_va:0.02092 loss_pv_va:0.02007
INFO|2024-09-25 15:59:14: Epoch[089/100], iter[118/392], loss_total:0.06755, loss_equ:0.15854 loss_pq_vm:0.00121 loss_pq_va:0.02005 loss_pv_va:0.01953
INFO|2024-09-25 15:59:26: Epoch[089/100], iter[157/392], loss_total:0.06944, loss_equ:0.15527 loss_pq_vm:0.00120 loss_pq_va:0.02102 loss_pv_va:0.02086
INFO|2024-09-25 15:59:39: Epoch[089/100], iter[196/392], loss_total:0.07014, loss_equ:0.15782 loss_pq_vm:0.00117 loss_pq_va:0.02164 loss_pv_va:0.02098
INFO|2024-09-25 15:59:51: Epoch[089/100], iter[235/392], loss_total:0.07275, loss_equ:0.16014 loss_pq_vm:0.00120 loss_pq_va:0.02263 loss_pv_va:0.02207
INFO|2024-09-25 16:00:03: Epoch[089/100], iter[274/392], loss_total:0.07084, loss_equ:0.16024 loss_pq_vm:0.00122 loss_pq_va:0.02150 loss_pv_va:0.02115
INFO|2024-09-25 16:00:16: Epoch[089/100], iter[313/392], loss_total:0.06799, loss_equ:0.15806 loss_pq_vm:0.00119 loss_pq_va:0.02021 loss_pv_va:0.02004
INFO|2024-09-25 16:00:29: Epoch[089/100], iter[352/392], loss_total:0.07036, loss_equ:0.15840 loss_pq_vm:0.00121 loss_pq_va:0.02156 loss_pv_va:0.02087
INFO|2024-09-25 16:00:41: Epoch[089/100], iter[392/392], loss_total:0.06869, loss_equ:0.15987 loss_pq_vm:0.00121 loss_pq_va:0.02064 loss_pv_va:0.02000
INFO|2024-09-25 16:01:30: Epoch 88/100, lr:  0.00003926, eta: 0.53h, train_loss:  0.07007, valid_loss:  0.08248
INFO|2024-09-25 16:01:30: 	Train: PQ_Vm_rmse: 0.00168583  PQ_Va_rmse: 0.03089786  PV_Va_rmse: 0.02958865  delta_p: 0.10613124  delta_q: 0.02803524  
INFO|2024-09-25 16:01:30: 	ZTest: PQ_Vm_rmse: 0.00195477  PQ_Va_rmse: 0.03968544  PV_Va_rmse: 0.03790275  delta_p: 0.12293826  delta_q: 0.03088020  
INFO|2024-09-25 16:01:30: 	ZTest-ema: PQ_Vm_rmse: 0.001950  PQ_Va_rmse: 0.039571  PV_Va_rmse: 0.037788  delta_p: 0.122059  delta_q: 0.030672  
INFO|2024-09-25 16:01:30: 	           ValOfEMA:0.039571/0.039571,  Epoch:89/89
INFO|2024-09-25 16:01:30: 	Time(ep):173s,  Val(curr/best):0.039685/0.039597,  Epoch(curr/best):89/87
INFO|2024-09-25 16:01:30: -------------------- Epoch: 90 --------------------
INFO|2024-09-25 16:01:43: Epoch[090/100], iter[040/392], loss_total:0.06805, loss_equ:0.15611 loss_pq_vm:0.00119 loss_pq_va:0.02046 loss_pv_va:0.02010
INFO|2024-09-25 16:01:55: Epoch[090/100], iter[079/392], loss_total:0.07231, loss_equ:0.16251 loss_pq_vm:0.00120 loss_pq_va:0.02234 loss_pv_va:0.02169
INFO|2024-09-25 16:02:07: Epoch[090/100], iter[118/392], loss_total:0.07103, loss_equ:0.15887 loss_pq_vm:0.00120 loss_pq_va:0.02182 loss_pv_va:0.02136
INFO|2024-09-25 16:02:19: Epoch[090/100], iter[157/392], loss_total:0.07350, loss_equ:0.16062 loss_pq_vm:0.00122 loss_pq_va:0.02297 loss_pv_va:0.02223
INFO|2024-09-25 16:02:31: Epoch[090/100], iter[196/392], loss_total:0.06912, loss_equ:0.15820 loss_pq_vm:0.00120 loss_pq_va:0.02110 loss_pv_va:0.02025
INFO|2024-09-25 16:02:44: Epoch[090/100], iter[235/392], loss_total:0.06909, loss_equ:0.15990 loss_pq_vm:0.00121 loss_pq_va:0.02081 loss_pv_va:0.02016
INFO|2024-09-25 16:02:56: Epoch[090/100], iter[274/392], loss_total:0.07022, loss_equ:0.15776 loss_pq_vm:0.00118 loss_pq_va:0.02171 loss_pv_va:0.02092
INFO|2024-09-25 16:03:08: Epoch[090/100], iter[313/392], loss_total:0.06998, loss_equ:0.15952 loss_pq_vm:0.00121 loss_pq_va:0.02126 loss_pv_va:0.02066
INFO|2024-09-25 16:03:20: Epoch[090/100], iter[352/392], loss_total:0.07041, loss_equ:0.15769 loss_pq_vm:0.00120 loss_pq_va:0.02151 loss_pv_va:0.02109
INFO|2024-09-25 16:03:33: Epoch[090/100], iter[392/392], loss_total:0.06808, loss_equ:0.15963 loss_pq_vm:0.00119 loss_pq_va:0.02036 loss_pv_va:0.01984
INFO|2024-09-25 16:04:22: Epoch 89/100, lr:  0.00003423, eta: 0.48h, train_loss:  0.06998, valid_loss:  0.08273
INFO|2024-09-25 16:04:22: 	Train: PQ_Vm_rmse: 0.00168353  PQ_Va_rmse: 0.03085018  PV_Va_rmse: 0.02954530  delta_p: 0.10604259  delta_q: 0.02799532  
INFO|2024-09-25 16:04:22: 	ZTest: PQ_Vm_rmse: 0.00195550  PQ_Va_rmse: 0.03998583  PV_Va_rmse: 0.03812658  delta_p: 0.12268033  delta_q: 0.03078870  
INFO|2024-09-25 16:04:22: 	ZTest-ema: PQ_Vm_rmse: 0.001948  PQ_Va_rmse: 0.039538  PV_Va_rmse: 0.037762  delta_p: 0.122024  delta_q: 0.030657  
INFO|2024-09-25 16:04:22: 	           ValOfEMA:0.039538/0.039538,  Epoch:90/90
INFO|2024-09-25 16:04:23: 	Time(ep):172s,  Val(curr/best):0.039986/0.039597,  Epoch(curr/best):90/87
INFO|2024-09-25 16:04:23: -------------------- Epoch: 91 --------------------
INFO|2024-09-25 16:04:35: Epoch[091/100], iter[040/392], loss_total:0.07220, loss_equ:0.15711 loss_pq_vm:0.00120 loss_pq_va:0.02248 loss_pv_va:0.02196
INFO|2024-09-25 16:04:48: Epoch[091/100], iter[079/392], loss_total:0.07060, loss_equ:0.15957 loss_pq_vm:0.00121 loss_pq_va:0.02155 loss_pv_va:0.02097
INFO|2024-09-25 16:05:00: Epoch[091/100], iter[118/392], loss_total:0.07524, loss_equ:0.16206 loss_pq_vm:0.00121 loss_pq_va:0.02385 loss_pv_va:0.02309
INFO|2024-09-25 16:05:13: Epoch[091/100], iter[157/392], loss_total:0.06699, loss_equ:0.15691 loss_pq_vm:0.00118 loss_pq_va:0.01994 loss_pv_va:0.01954
INFO|2024-09-25 16:05:25: Epoch[091/100], iter[196/392], loss_total:0.07056, loss_equ:0.16127 loss_pq_vm:0.00121 loss_pq_va:0.02144 loss_pv_va:0.02092
INFO|2024-09-25 16:05:37: Epoch[091/100], iter[235/392], loss_total:0.06923, loss_equ:0.15829 loss_pq_vm:0.00120 loss_pq_va:0.02078 loss_pv_va:0.02057
INFO|2024-09-25 16:05:49: Epoch[091/100], iter[274/392], loss_total:0.06985, loss_equ:0.15858 loss_pq_vm:0.00120 loss_pq_va:0.02121 loss_pv_va:0.02079
INFO|2024-09-25 16:06:02: Epoch[091/100], iter[313/392], loss_total:0.07095, loss_equ:0.15847 loss_pq_vm:0.00119 loss_pq_va:0.02193 loss_pv_va:0.02127
INFO|2024-09-25 16:06:13: Epoch[091/100], iter[352/392], loss_total:0.06899, loss_equ:0.15810 loss_pq_vm:0.00122 loss_pq_va:0.02078 loss_pv_va:0.02021
INFO|2024-09-25 16:06:26: Epoch[091/100], iter[392/392], loss_total:0.07235, loss_equ:0.16114 loss_pq_vm:0.00123 loss_pq_va:0.02231 loss_pv_va:0.02162
INFO|2024-09-25 16:07:15: Epoch 90/100, lr:  0.00002965, eta: 0.43h, train_loss:  0.06986, valid_loss:  0.08225
INFO|2024-09-25 16:07:15: 	Train: PQ_Vm_rmse: 0.00168216  PQ_Va_rmse: 0.03078980  PV_Va_rmse: 0.02949166  delta_p: 0.10597463  delta_q: 0.02796496  
INFO|2024-09-25 16:07:15: 	ZTest: PQ_Vm_rmse: 0.00195197  PQ_Va_rmse: 0.03951593  PV_Va_rmse: 0.03773921  delta_p: 0.12215109  delta_q: 0.03071209  
INFO|2024-09-25 16:07:15: 	ZTest-ema: PQ_Vm_rmse: 0.001948  PQ_Va_rmse: 0.039531  PV_Va_rmse: 0.037752  delta_p: 0.122051  delta_q: 0.030654  
INFO|2024-09-25 16:07:15: 	           ValOfEMA:0.039531/0.039531,  Epoch:91/91
INFO|2024-09-25 16:07:15: 	Time(ep):172s,  Val(curr/best):0.039516/0.039516,  Epoch(curr/best):91/91
INFO|2024-09-25 16:07:15: -------------------- Epoch: 92 --------------------
INFO|2024-09-25 16:07:28: Epoch[092/100], iter[040/392], loss_total:0.06777, loss_equ:0.15431 loss_pq_vm:0.00120 loss_pq_va:0.02043 loss_pv_va:0.01992
INFO|2024-09-25 16:07:41: Epoch[092/100], iter[079/392], loss_total:0.07117, loss_equ:0.15919 loss_pq_vm:0.00120 loss_pq_va:0.02195 loss_pv_va:0.02132
INFO|2024-09-25 16:07:53: Epoch[092/100], iter[118/392], loss_total:0.06977, loss_equ:0.15855 loss_pq_vm:0.00119 loss_pq_va:0.02125 loss_pv_va:0.02081
INFO|2024-09-25 16:08:05: Epoch[092/100], iter[157/392], loss_total:0.06984, loss_equ:0.15926 loss_pq_vm:0.00120 loss_pq_va:0.02110 loss_pv_va:0.02082
INFO|2024-09-25 16:08:17: Epoch[092/100], iter[196/392], loss_total:0.06748, loss_equ:0.15658 loss_pq_vm:0.00118 loss_pq_va:0.02019 loss_pv_va:0.01980
INFO|2024-09-25 16:08:29: Epoch[092/100], iter[235/392], loss_total:0.06908, loss_equ:0.15821 loss_pq_vm:0.00119 loss_pq_va:0.02099 loss_pv_va:0.02035
INFO|2024-09-25 16:08:42: Epoch[092/100], iter[274/392], loss_total:0.07107, loss_equ:0.15877 loss_pq_vm:0.00119 loss_pq_va:0.02184 loss_pv_va:0.02145
INFO|2024-09-25 16:08:53: Epoch[092/100], iter[313/392], loss_total:0.06958, loss_equ:0.15915 loss_pq_vm:0.00119 loss_pq_va:0.02123 loss_pv_va:0.02051
INFO|2024-09-25 16:09:06: Epoch[092/100], iter[352/392], loss_total:0.07089, loss_equ:0.15813 loss_pq_vm:0.00120 loss_pq_va:0.02177 loss_pv_va:0.02129
INFO|2024-09-25 16:09:18: Epoch[092/100], iter[392/392], loss_total:0.06873, loss_equ:0.15804 loss_pq_vm:0.00118 loss_pq_va:0.02080 loss_pv_va:0.02031
INFO|2024-09-25 16:10:07: Epoch 91/100, lr:  0.00002555, eta: 0.38h, train_loss:  0.06973, valid_loss:  0.08217
INFO|2024-09-25 16:10:07: 	Train: PQ_Vm_rmse: 0.00168011  PQ_Va_rmse: 0.03072966  PV_Va_rmse: 0.02943467  delta_p: 0.10584493  delta_q: 0.02792912  
INFO|2024-09-25 16:10:07: 	ZTest: PQ_Vm_rmse: 0.00194936  PQ_Va_rmse: 0.03945447  PV_Va_rmse: 0.03769247  delta_p: 0.12219882  delta_q: 0.03071419  
INFO|2024-09-25 16:10:07: 	ZTest-ema: PQ_Vm_rmse: 0.001947  PQ_Va_rmse: 0.039499  PV_Va_rmse: 0.037722  delta_p: 0.122066  delta_q: 0.030647  
INFO|2024-09-25 16:10:07: 	           ValOfEMA:0.039499/0.039499,  Epoch:92/92
INFO|2024-09-25 16:10:07: 	Time(ep):171s,  Val(curr/best):0.039454/0.039454,  Epoch(curr/best):92/92
INFO|2024-09-25 16:10:07: -------------------- Epoch: 93 --------------------
INFO|2024-09-25 16:10:20: Epoch[093/100], iter[040/392], loss_total:0.06813, loss_equ:0.15806 loss_pq_vm:0.00118 loss_pq_va:0.02041 loss_pv_va:0.02009
INFO|2024-09-25 16:10:33: Epoch[093/100], iter[079/392], loss_total:0.06710, loss_equ:0.15931 loss_pq_vm:0.00119 loss_pq_va:0.01995 loss_pv_va:0.01932
INFO|2024-09-25 16:10:45: Epoch[093/100], iter[118/392], loss_total:0.07112, loss_equ:0.15971 loss_pq_vm:0.00119 loss_pq_va:0.02191 loss_pv_va:0.02131
INFO|2024-09-25 16:10:57: Epoch[093/100], iter[157/392], loss_total:0.07060, loss_equ:0.15689 loss_pq_vm:0.00119 loss_pq_va:0.02174 loss_pv_va:0.02129
INFO|2024-09-25 16:11:09: Epoch[093/100], iter[196/392], loss_total:0.06872, loss_equ:0.15668 loss_pq_vm:0.00118 loss_pq_va:0.02088 loss_pv_va:0.02033
INFO|2024-09-25 16:11:21: Epoch[093/100], iter[235/392], loss_total:0.06986, loss_equ:0.16092 loss_pq_vm:0.00122 loss_pq_va:0.02111 loss_pv_va:0.02045
INFO|2024-09-25 16:11:33: Epoch[093/100], iter[274/392], loss_total:0.07048, loss_equ:0.15866 loss_pq_vm:0.00120 loss_pq_va:0.02142 loss_pv_va:0.02123
INFO|2024-09-25 16:11:45: Epoch[093/100], iter[313/392], loss_total:0.07072, loss_equ:0.15875 loss_pq_vm:0.00121 loss_pq_va:0.02159 loss_pv_va:0.02111
INFO|2024-09-25 16:11:57: Epoch[093/100], iter[352/392], loss_total:0.06952, loss_equ:0.15518 loss_pq_vm:0.00121 loss_pq_va:0.02132 loss_pv_va:0.02059
INFO|2024-09-25 16:12:10: Epoch[093/100], iter[392/392], loss_total:0.06925, loss_equ:0.15773 loss_pq_vm:0.00120 loss_pq_va:0.02102 loss_pv_va:0.02047
INFO|2024-09-25 16:13:00: Epoch 92/100, lr:  0.00002192, eta: 0.34h, train_loss:  0.06967, valid_loss:  0.08304
INFO|2024-09-25 16:13:00: 	Train: PQ_Vm_rmse: 0.00167881  PQ_Va_rmse: 0.03068892  PV_Va_rmse: 0.02939848  delta_p: 0.10579363  delta_q: 0.02790864  
INFO|2024-09-25 16:13:00: 	ZTest: PQ_Vm_rmse: 0.00195547  PQ_Va_rmse: 0.04008816  PV_Va_rmse: 0.03830082  delta_p: 0.12278474  delta_q: 0.03075786  
INFO|2024-09-25 16:13:00: 	ZTest-ema: PQ_Vm_rmse: 0.001946  PQ_Va_rmse: 0.039502  PV_Va_rmse: 0.037726  delta_p: 0.122082  delta_q: 0.030639  
INFO|2024-09-25 16:13:00: 	           ValOfEMA:0.039502/0.039499,  Epoch:93/92
INFO|2024-09-25 16:13:00: 	Time(ep):172s,  Val(curr/best):0.040088/0.039454,  Epoch(curr/best):93/92
INFO|2024-09-25 16:13:00: -------------------- Epoch: 94 --------------------
INFO|2024-09-25 16:13:13: Epoch[094/100], iter[040/392], loss_total:0.06935, loss_equ:0.15759 loss_pq_vm:0.00120 loss_pq_va:0.02092 loss_pv_va:0.02068
INFO|2024-09-25 16:13:25: Epoch[094/100], iter[079/392], loss_total:0.06996, loss_equ:0.15879 loss_pq_vm:0.00118 loss_pq_va:0.02141 loss_pv_va:0.02086
INFO|2024-09-25 16:13:37: Epoch[094/100], iter[118/392], loss_total:0.06881, loss_equ:0.15722 loss_pq_vm:0.00119 loss_pq_va:0.02090 loss_pv_va:0.02033
INFO|2024-09-25 16:13:49: Epoch[094/100], iter[157/392], loss_total:0.07127, loss_equ:0.15944 loss_pq_vm:0.00119 loss_pq_va:0.02198 loss_pv_va:0.02145
INFO|2024-09-25 16:14:00: Epoch[094/100], iter[196/392], loss_total:0.07056, loss_equ:0.15684 loss_pq_vm:0.00118 loss_pq_va:0.02180 loss_pv_va:0.02129
INFO|2024-09-25 16:14:12: Epoch[094/100], iter[235/392], loss_total:0.06983, loss_equ:0.16072 loss_pq_vm:0.00121 loss_pq_va:0.02107 loss_pv_va:0.02063
INFO|2024-09-25 16:14:24: Epoch[094/100], iter[274/392], loss_total:0.06945, loss_equ:0.15854 loss_pq_vm:0.00118 loss_pq_va:0.02115 loss_pv_va:0.02062
INFO|2024-09-25 16:14:36: Epoch[094/100], iter[313/392], loss_total:0.07103, loss_equ:0.16033 loss_pq_vm:0.00121 loss_pq_va:0.02172 loss_pv_va:0.02119
INFO|2024-09-25 16:14:48: Epoch[094/100], iter[352/392], loss_total:0.06723, loss_equ:0.15765 loss_pq_vm:0.00118 loss_pq_va:0.02006 loss_pv_va:0.01965
INFO|2024-09-25 16:15:00: Epoch[094/100], iter[392/392], loss_total:0.07060, loss_equ:0.15644 loss_pq_vm:0.00118 loss_pq_va:0.02197 loss_pv_va:0.02118
INFO|2024-09-25 16:15:48: Epoch 93/100, lr:  0.00001877, eta: 0.28h, train_loss:  0.06958, valid_loss:  0.08223
INFO|2024-09-25 16:15:48: 	Train: PQ_Vm_rmse: 0.00167726  PQ_Va_rmse: 0.03065716  PV_Va_rmse: 0.02936882  delta_p: 0.10575528  delta_q: 0.02788306  
INFO|2024-09-25 16:15:48: 	ZTest: PQ_Vm_rmse: 0.00194862  PQ_Va_rmse: 0.03963416  PV_Va_rmse: 0.03784335  delta_p: 0.12206090  delta_q: 0.03066571  
INFO|2024-09-25 16:15:48: 	ZTest-ema: PQ_Vm_rmse: 0.001945  PQ_Va_rmse: 0.039468  PV_Va_rmse: 0.037695  delta_p: 0.122044  delta_q: 0.030629  
INFO|2024-09-25 16:15:48: 	           ValOfEMA:0.039468/0.039468,  Epoch:94/94
INFO|2024-09-25 16:15:49: 	Time(ep):168s,  Val(curr/best):0.039634/0.039454,  Epoch(curr/best):94/92
INFO|2024-09-25 16:15:49: -------------------- Epoch: 95 --------------------
INFO|2024-09-25 16:16:01: Epoch[095/100], iter[040/392], loss_total:0.07519, loss_equ:0.16006 loss_pq_vm:0.00121 loss_pq_va:0.02406 loss_pv_va:0.02297
INFO|2024-09-25 16:16:14: Epoch[095/100], iter[079/392], loss_total:0.07355, loss_equ:0.16249 loss_pq_vm:0.00120 loss_pq_va:0.02300 loss_pv_va:0.02228
INFO|2024-09-25 16:16:25: Epoch[095/100], iter[118/392], loss_total:0.07042, loss_equ:0.15844 loss_pq_vm:0.00120 loss_pq_va:0.02147 loss_pv_va:0.02107
INFO|2024-09-25 16:16:37: Epoch[095/100], iter[157/392], loss_total:0.06925, loss_equ:0.15825 loss_pq_vm:0.00119 loss_pq_va:0.02087 loss_pv_va:0.02064
INFO|2024-09-25 16:16:49: Epoch[095/100], iter[196/392], loss_total:0.07229, loss_equ:0.16059 loss_pq_vm:0.00121 loss_pq_va:0.02233 loss_pv_va:0.02183
INFO|2024-09-25 16:17:02: Epoch[095/100], iter[235/392], loss_total:0.07031, loss_equ:0.15922 loss_pq_vm:0.00120 loss_pq_va:0.02159 loss_pv_va:0.02076
INFO|2024-09-25 16:17:13: Epoch[095/100], iter[274/392], loss_total:0.07013, loss_equ:0.15843 loss_pq_vm:0.00120 loss_pq_va:0.02143 loss_pv_va:0.02081
INFO|2024-09-25 16:17:26: Epoch[095/100], iter[313/392], loss_total:0.07171, loss_equ:0.16186 loss_pq_vm:0.00119 loss_pq_va:0.02211 loss_pv_va:0.02148
INFO|2024-09-25 16:17:38: Epoch[095/100], iter[352/392], loss_total:0.06950, loss_equ:0.15876 loss_pq_vm:0.00120 loss_pq_va:0.02118 loss_pv_va:0.02048
INFO|2024-09-25 16:17:50: Epoch[095/100], iter[392/392], loss_total:0.06970, loss_equ:0.15775 loss_pq_vm:0.00119 loss_pq_va:0.02132 loss_pv_va:0.02068
INFO|2024-09-25 16:18:39: Epoch 94/100, lr:  0.00001609, eta: 0.24h, train_loss:  0.06951, valid_loss:  0.08210
INFO|2024-09-25 16:18:39: 	Train: PQ_Vm_rmse: 0.00167605  PQ_Va_rmse: 0.03062922  PV_Va_rmse: 0.02933820  delta_p: 0.10567200  delta_q: 0.02786353  
INFO|2024-09-25 16:18:39: 	ZTest: PQ_Vm_rmse: 0.00194826  PQ_Va_rmse: 0.03940328  PV_Va_rmse: 0.03765744  delta_p: 0.12275314  delta_q: 0.03076977  
INFO|2024-09-25 16:18:39: 	ZTest-ema: PQ_Vm_rmse: 0.001945  PQ_Va_rmse: 0.039444  PV_Va_rmse: 0.037672  delta_p: 0.122171  delta_q: 0.030638  
INFO|2024-09-25 16:18:39: 	           ValOfEMA:0.039444/0.039444,  Epoch:95/95
INFO|2024-09-25 16:18:39: 	Time(ep):170s,  Val(curr/best):0.039403/0.039403,  Epoch(curr/best):95/95
INFO|2024-09-25 16:18:39: -------------------- Epoch: 96 --------------------
INFO|2024-09-25 16:18:53: Epoch[096/100], iter[040/392], loss_total:0.07488, loss_equ:0.16230 loss_pq_vm:0.00119 loss_pq_va:0.02380 loss_pv_va:0.02294
INFO|2024-09-25 16:19:05: Epoch[096/100], iter[079/392], loss_total:0.07171, loss_equ:0.15873 loss_pq_vm:0.00120 loss_pq_va:0.02227 loss_pv_va:0.02155
INFO|2024-09-25 16:19:17: Epoch[096/100], iter[118/392], loss_total:0.07230, loss_equ:0.15948 loss_pq_vm:0.00121 loss_pq_va:0.02253 loss_pv_va:0.02175
INFO|2024-09-25 16:19:30: Epoch[096/100], iter[157/392], loss_total:0.07094, loss_equ:0.16257 loss_pq_vm:0.00121 loss_pq_va:0.02154 loss_pv_va:0.02103
INFO|2024-09-25 16:19:41: Epoch[096/100], iter[196/392], loss_total:0.07083, loss_equ:0.15967 loss_pq_vm:0.00120 loss_pq_va:0.02178 loss_pv_va:0.02111
INFO|2024-09-25 16:19:54: Epoch[096/100], iter[235/392], loss_total:0.07478, loss_equ:0.16184 loss_pq_vm:0.00121 loss_pq_va:0.02357 loss_pv_va:0.02290
INFO|2024-09-25 16:20:06: Epoch[096/100], iter[274/392], loss_total:0.06609, loss_equ:0.15411 loss_pq_vm:0.00120 loss_pq_va:0.01958 loss_pv_va:0.01910
INFO|2024-09-25 16:20:18: Epoch[096/100], iter[313/392], loss_total:0.06852, loss_equ:0.15733 loss_pq_vm:0.00120 loss_pq_va:0.02069 loss_pv_va:0.02013
INFO|2024-09-25 16:20:30: Epoch[096/100], iter[352/392], loss_total:0.06681, loss_equ:0.15691 loss_pq_vm:0.00119 loss_pq_va:0.01978 loss_pv_va:0.01940
INFO|2024-09-25 16:20:42: Epoch[096/100], iter[392/392], loss_total:0.06590, loss_equ:0.15478 loss_pq_vm:0.00118 loss_pq_va:0.01960 loss_pv_va:0.01903
INFO|2024-09-25 16:21:29: Epoch 95/100, lr:  0.00001390, eta: 0.19h, train_loss:  0.06949, valid_loss:  0.08209
INFO|2024-09-25 16:21:29: 	Train: PQ_Vm_rmse: 0.00167499  PQ_Va_rmse: 0.03060471  PV_Va_rmse: 0.02932053  delta_p: 0.10566290  delta_q: 0.02784817  
INFO|2024-09-25 16:21:29: 	ZTest: PQ_Vm_rmse: 0.00194833  PQ_Va_rmse: 0.03942749  PV_Va_rmse: 0.03764761  delta_p: 0.12237045  delta_q: 0.03067755  
INFO|2024-09-25 16:21:29: 	ZTest-ema: PQ_Vm_rmse: 0.001944  PQ_Va_rmse: 0.039466  PV_Va_rmse: 0.037691  delta_p: 0.122055  delta_q: 0.030615  
INFO|2024-09-25 16:21:29: 	           ValOfEMA:0.039466/0.039444,  Epoch:96/95
INFO|2024-09-25 16:21:29: 	Time(ep):169s,  Val(curr/best):0.039427/0.039403,  Epoch(curr/best):96/95
INFO|2024-09-25 16:21:29: -------------------- Epoch: 97 --------------------
INFO|2024-09-25 16:21:42: Epoch[097/100], iter[040/392], loss_total:0.06983, loss_equ:0.15808 loss_pq_vm:0.00119 loss_pq_va:0.02135 loss_pv_va:0.02080
INFO|2024-09-25 16:21:54: Epoch[097/100], iter[079/392], loss_total:0.06907, loss_equ:0.15861 loss_pq_vm:0.00120 loss_pq_va:0.02099 loss_pv_va:0.02025
INFO|2024-09-25 16:22:07: Epoch[097/100], iter[118/392], loss_total:0.06973, loss_equ:0.15816 loss_pq_vm:0.00121 loss_pq_va:0.02099 loss_pv_va:0.02080
INFO|2024-09-25 16:22:19: Epoch[097/100], iter[157/392], loss_total:0.06814, loss_equ:0.15700 loss_pq_vm:0.00119 loss_pq_va:0.02049 loss_pv_va:0.02001
INFO|2024-09-25 16:22:30: Epoch[097/100], iter[196/392], loss_total:0.06949, loss_equ:0.15556 loss_pq_vm:0.00121 loss_pq_va:0.02121 loss_pv_va:0.02065
INFO|2024-09-25 16:22:43: Epoch[097/100], iter[235/392], loss_total:0.06708, loss_equ:0.15616 loss_pq_vm:0.00119 loss_pq_va:0.02009 loss_pv_va:0.01947
INFO|2024-09-25 16:22:55: Epoch[097/100], iter[274/392], loss_total:0.06982, loss_equ:0.15967 loss_pq_vm:0.00120 loss_pq_va:0.02122 loss_pv_va:0.02067
INFO|2024-09-25 16:23:07: Epoch[097/100], iter[313/392], loss_total:0.06921, loss_equ:0.15667 loss_pq_vm:0.00119 loss_pq_va:0.02113 loss_pv_va:0.02054
INFO|2024-09-25 16:23:19: Epoch[097/100], iter[352/392], loss_total:0.06910, loss_equ:0.15872 loss_pq_vm:0.00120 loss_pq_va:0.02083 loss_pv_va:0.02038
INFO|2024-09-25 16:23:31: Epoch[097/100], iter[392/392], loss_total:0.06951, loss_equ:0.15689 loss_pq_vm:0.00120 loss_pq_va:0.02124 loss_pv_va:0.02063
INFO|2024-09-25 16:24:19: Epoch 96/100, lr:  0.00001220, eta: 0.14h, train_loss:  0.06943, valid_loss:  0.08226
INFO|2024-09-25 16:24:19: 	Train: PQ_Vm_rmse: 0.00167422  PQ_Va_rmse: 0.03057998  PV_Va_rmse: 0.02929800  delta_p: 0.10556939  delta_q: 0.02782677  
INFO|2024-09-25 16:24:19: 	ZTest: PQ_Vm_rmse: 0.00194472  PQ_Va_rmse: 0.03965292  PV_Va_rmse: 0.03786158  delta_p: 0.12222683  delta_q: 0.03064752  
INFO|2024-09-25 16:24:19: 	ZTest-ema: PQ_Vm_rmse: 0.001944  PQ_Va_rmse: 0.039416  PV_Va_rmse: 0.037650  delta_p: 0.122174  delta_q: 0.030628  
INFO|2024-09-25 16:24:19: 	           ValOfEMA:0.039416/0.039416,  Epoch:97/97
INFO|2024-09-25 16:24:19: 	Time(ep):169s,  Val(curr/best):0.039653/0.039403,  Epoch(curr/best):97/95
INFO|2024-09-25 16:24:19: -------------------- Epoch: 98 --------------------
INFO|2024-09-25 16:24:32: Epoch[098/100], iter[040/392], loss_total:0.06988, loss_equ:0.15831 loss_pq_vm:0.00120 loss_pq_va:0.02137 loss_pv_va:0.02071
INFO|2024-09-25 16:24:43: Epoch[098/100], iter[079/392], loss_total:0.06896, loss_equ:0.15944 loss_pq_vm:0.00118 loss_pq_va:0.02096 loss_pv_va:0.02024
INFO|2024-09-25 16:24:55: Epoch[098/100], iter[118/392], loss_total:0.06752, loss_equ:0.15585 loss_pq_vm:0.00118 loss_pq_va:0.02028 loss_pv_va:0.01983
INFO|2024-09-25 16:25:07: Epoch[098/100], iter[157/392], loss_total:0.06933, loss_equ:0.15707 loss_pq_vm:0.00122 loss_pq_va:0.02085 loss_pv_va:0.02062
INFO|2024-09-25 16:25:18: Epoch[098/100], iter[196/392], loss_total:0.06913, loss_equ:0.15590 loss_pq_vm:0.00119 loss_pq_va:0.02100 loss_pv_va:0.02066
INFO|2024-09-25 16:25:30: Epoch[098/100], iter[235/392], loss_total:0.07074, loss_equ:0.15848 loss_pq_vm:0.00118 loss_pq_va:0.02163 loss_pv_va:0.02145
INFO|2024-09-25 16:25:43: Epoch[098/100], iter[274/392], loss_total:0.06861, loss_equ:0.15563 loss_pq_vm:0.00119 loss_pq_va:0.02085 loss_pv_va:0.02027
INFO|2024-09-25 16:25:55: Epoch[098/100], iter[313/392], loss_total:0.07259, loss_equ:0.16048 loss_pq_vm:0.00121 loss_pq_va:0.02246 loss_pv_va:0.02196
INFO|2024-09-25 16:26:06: Epoch[098/100], iter[352/392], loss_total:0.07051, loss_equ:0.15847 loss_pq_vm:0.00119 loss_pq_va:0.02165 loss_pv_va:0.02113
INFO|2024-09-25 16:26:18: Epoch[098/100], iter[392/392], loss_total:0.06809, loss_equ:0.15711 loss_pq_vm:0.00118 loss_pq_va:0.02058 loss_pv_va:0.02000
INFO|2024-09-25 16:27:08: Epoch 97/100, lr:  0.00001098, eta: 0.09h, train_loss:  0.06935, valid_loss:  0.08215
INFO|2024-09-25 16:27:08: 	Train: PQ_Vm_rmse: 0.00167333  PQ_Va_rmse: 0.03054286  PV_Va_rmse: 0.02926272  delta_p: 0.10553317  delta_q: 0.02781351  
INFO|2024-09-25 16:27:08: 	ZTest: PQ_Vm_rmse: 0.00194585  PQ_Va_rmse: 0.03951913  PV_Va_rmse: 0.03773246  delta_p: 0.12256121  delta_q: 0.03070198  
INFO|2024-09-25 16:27:08: 	ZTest-ema: PQ_Vm_rmse: 0.001944  PQ_Va_rmse: 0.039413  PV_Va_rmse: 0.037646  delta_p: 0.122184  delta_q: 0.030624  
INFO|2024-09-25 16:27:08: 	           ValOfEMA:0.039413/0.039413,  Epoch:98/98
INFO|2024-09-25 16:27:08: 	Time(ep):168s,  Val(curr/best):0.039519/0.039403,  Epoch(curr/best):98/95
INFO|2024-09-25 16:27:08: -------------------- Epoch: 99 --------------------
INFO|2024-09-25 16:27:21: Epoch[099/100], iter[040/392], loss_total:0.06859, loss_equ:0.15674 loss_pq_vm:0.00119 loss_pq_va:0.02078 loss_pv_va:0.02026
INFO|2024-09-25 16:27:34: Epoch[099/100], iter[079/392], loss_total:0.06848, loss_equ:0.15853 loss_pq_vm:0.00120 loss_pq_va:0.02062 loss_pv_va:0.02000
INFO|2024-09-25 16:27:46: Epoch[099/100], iter[118/392], loss_total:0.07081, loss_equ:0.16181 loss_pq_vm:0.00120 loss_pq_va:0.02161 loss_pv_va:0.02103
INFO|2024-09-25 16:27:58: Epoch[099/100], iter[157/392], loss_total:0.06734, loss_equ:0.15588 loss_pq_vm:0.00119 loss_pq_va:0.02016 loss_pv_va:0.01969
INFO|2024-09-25 16:28:10: Epoch[099/100], iter[196/392], loss_total:0.07131, loss_equ:0.15807 loss_pq_vm:0.00119 loss_pq_va:0.02203 loss_pv_va:0.02156
INFO|2024-09-25 16:28:22: Epoch[099/100], iter[235/392], loss_total:0.06896, loss_equ:0.15889 loss_pq_vm:0.00119 loss_pq_va:0.02075 loss_pv_va:0.02041
INFO|2024-09-25 16:28:35: Epoch[099/100], iter[274/392], loss_total:0.06876, loss_equ:0.16001 loss_pq_vm:0.00121 loss_pq_va:0.02053 loss_pv_va:0.02013
INFO|2024-09-25 16:28:46: Epoch[099/100], iter[313/392], loss_total:0.07052, loss_equ:0.15889 loss_pq_vm:0.00119 loss_pq_va:0.02162 loss_pv_va:0.02112
INFO|2024-09-25 16:28:58: Epoch[099/100], iter[352/392], loss_total:0.07010, loss_equ:0.16083 loss_pq_vm:0.00117 loss_pq_va:0.02161 loss_pv_va:0.02072
INFO|2024-09-25 16:29:11: Epoch[099/100], iter[392/392], loss_total:0.06911, loss_equ:0.15686 loss_pq_vm:0.00119 loss_pq_va:0.02111 loss_pv_va:0.02044
INFO|2024-09-25 16:29:58: Epoch 98/100, lr:  0.00001024, eta: 0.05h, train_loss:  0.06933, valid_loss:  0.08200
INFO|2024-09-25 16:29:58: 	Train: PQ_Vm_rmse: 0.00167300  PQ_Va_rmse: 0.03054389  PV_Va_rmse: 0.02926083  delta_p: 0.10554287  delta_q: 0.02780867  
INFO|2024-09-25 16:29:58: 	ZTest: PQ_Vm_rmse: 0.00194470  PQ_Va_rmse: 0.03934504  PV_Va_rmse: 0.03760612  delta_p: 0.12227241  delta_q: 0.03064493  
INFO|2024-09-25 16:29:58: 	ZTest-ema: PQ_Vm_rmse: 0.001943  PQ_Va_rmse: 0.039402  PV_Va_rmse: 0.037636  delta_p: 0.122159  delta_q: 0.030618  
INFO|2024-09-25 16:29:58: 	           ValOfEMA:0.039402/0.039402,  Epoch:99/99
INFO|2024-09-25 16:29:59: 	Time(ep):169s,  Val(curr/best):0.039345/0.039345,  Epoch(curr/best):99/99
INFO|2024-09-25 16:29:59: -------------------- Epoch: 100 --------------------
INFO|2024-09-25 16:30:12: Epoch[100/100], iter[040/392], loss_total:0.06782, loss_equ:0.15484 loss_pq_vm:0.00117 loss_pq_va:0.02048 loss_pv_va:0.02013
INFO|2024-09-25 16:30:24: Epoch[100/100], iter[079/392], loss_total:0.07103, loss_equ:0.15906 loss_pq_vm:0.00119 loss_pq_va:0.02177 loss_pv_va:0.02145
INFO|2024-09-25 16:30:36: Epoch[100/100], iter[118/392], loss_total:0.06704, loss_equ:0.15613 loss_pq_vm:0.00118 loss_pq_va:0.02006 loss_pv_va:0.01959
INFO|2024-09-25 16:30:48: Epoch[100/100], iter[157/392], loss_total:0.06855, loss_equ:0.15687 loss_pq_vm:0.00117 loss_pq_va:0.02080 loss_pv_va:0.02034
INFO|2024-09-25 16:31:00: Epoch[100/100], iter[196/392], loss_total:0.06690, loss_equ:0.15692 loss_pq_vm:0.00117 loss_pq_va:0.01992 loss_pv_va:0.01960
INFO|2024-09-25 16:31:12: Epoch[100/100], iter[235/392], loss_total:0.07059, loss_equ:0.16093 loss_pq_vm:0.00119 loss_pq_va:0.02159 loss_pv_va:0.02103
INFO|2024-09-25 16:31:24: Epoch[100/100], iter[274/392], loss_total:0.06916, loss_equ:0.15711 loss_pq_vm:0.00119 loss_pq_va:0.02105 loss_pv_va:0.02053
INFO|2024-09-25 16:31:36: Epoch[100/100], iter[313/392], loss_total:0.06823, loss_equ:0.15947 loss_pq_vm:0.00118 loss_pq_va:0.02043 loss_pv_va:0.02003
INFO|2024-09-25 16:31:48: Epoch[100/100], iter[352/392], loss_total:0.06807, loss_equ:0.15395 loss_pq_vm:0.00118 loss_pq_va:0.02076 loss_pv_va:0.02012
INFO|2024-09-25 16:32:00: Epoch[100/100], iter[392/392], loss_total:0.07255, loss_equ:0.15946 loss_pq_vm:0.00124 loss_pq_va:0.02250 loss_pv_va:0.02174
INFO|2024-09-25 16:32:48: Epoch 99/100, lr:  0.00001000, eta: 0.0h, train_loss:  0.06930, valid_loss:  0.08207
INFO|2024-09-25 16:32:48: 	Train: PQ_Vm_rmse: 0.00167237  PQ_Va_rmse: 0.03051839  PV_Va_rmse: 0.02923590  delta_p: 0.10552710  delta_q: 0.02779984  
INFO|2024-09-25 16:32:48: 	ZTest: PQ_Vm_rmse: 0.00194462  PQ_Va_rmse: 0.03945724  PV_Va_rmse: 0.03769927  delta_p: 0.12233499  delta_q: 0.03064899  
INFO|2024-09-25 16:32:48: 	ZTest-ema: PQ_Vm_rmse: 0.001943  PQ_Va_rmse: 0.039387  PV_Va_rmse: 0.037623  delta_p: 0.122237  delta_q: 0.030622  
INFO|2024-09-25 16:32:48: 	           ValOfEMA:0.039387/0.039387,  Epoch:100/100
INFO|2024-09-25 16:32:49: 	Time(ep):169s,  Val(curr/best):0.039457/0.039345,  Epoch(curr/best):100/99
