INFO|2024-09-25 11:46:16: 
{'batch_size': 256,
 'config': '/home/bingxing2/ailab/zhaozhen/energy/senseflow/configs/test_gnns_ginconv_v2_2.yaml',
 'data': {'batch_size': 256,
          'batch_size_test': 256,
          'meta': {'edge': [['PQ', 'default', 'PQ'],
                            ['PQ', 'default', 'PV'],
                            ['PQ', 'default', 'Slack'],
                            ['PV', 'default', 'PQ'],
                            ['PV', 'default', 'PV'],
                            ['PV', 'default', 'Slack'],
                            ['Slack', 'default', 'PQ'],
                            ['Slack', 'default', 'PV']],
                   'node': ['PQ', 'PV', 'Slack']},
          'num_workers': 4,
          'train': {'data_root': '/',
                    'dataset_type': 'PowerFlowDataset',
                    'mask_num': 0,
                    'pq_len': 64,
                    'pv_len': 53,
                    'slack_len': 1,
                    'split_txt': '/home/bingxing2/ailab/zhaozhen/energy/senseflow/data_json/processed/10w_case118_n_n_1.json'},
          'val': {'data_root': '/',
                  'dataset_type': 'PowerFlowDataset',
                  'mask_num': 0,
                  'pq_len': 64,
                  'pv_len': 53,
                  'slack_len': 1,
                  'split_txt': '/home/bingxing2/ailab/zhaozhen/energy/senseflow/data_json/processed/2w_case118_n_2.json'}},
 'distributed': False,
 'flag_return_losses': True,
 'local_rank': 0,
 'log_path': './results/test_gnns_ginconv_v2_2/2024_09_25_11_46_16',
 'loss': {'aggr': 'abs', 'filt_type': True, 'type': 'bi_deltapq_loss'},
 'mask_num': 0,
 'model': {'batch_size': 256,
           'ema_decay_param': 0.99,
           'ema_warmup_epoch': 10,
           'flag_use_edge_feat': False,
           'flag_use_ema': True,
           'flag_use_ffn': False,
           'flag_use_fusion': False,
           'flag_weighted_loss': True,
           'gcn_type': 'ginconv',
           'heads_num': 4,
           'hidden_channels': 128,
           'loss_type': 'l1',
           'loss_weight_equ': 0.1,
           'loss_weight_va': 1.0,
           'loss_weight_vm': 10.0,
           'matrix': 'vm_va',
           'num_block': 8,
           'num_loops_test': -1,
           'num_loops_train': 8,
           'resume_ckpt_path': '',
           'scaling_factor_va': 0.01,
           'scaling_factor_vm': 0.01,
           'type': 'test_gnn',
           'with_norm': True},
 'ngpus': 1,
 'pq_len': 64,
 'pv_len': 53,
 'scheduler': {'eta_min': '1e-5', 'type': 'Cosine'},
 'seed': 2024,
 'slack_len': 1,
 'train': {'epochs': 100,
           'learning_rate': 0.001,
           'logs_freq': 10,
           'momentum': 0.9,
           'optimizer_type': 'Adam',
           'weight_decay': 0.0}}
INFO|2024-09-25 11:46:22: ==================== Total number of parameters: 1.065M
INFO|2024-09-25 11:46:22: -------------------- Epoch: 1 --------------------
INFO|2024-09-25 11:46:57: Epoch[001/100], iter[040/392], loss_total:3.65990, loss_equ:7.43255 loss_pq_vm:0.06549 loss_pq_va:1.15270 loss_pv_va:1.10902
INFO|2024-09-25 11:47:29: Epoch[001/100], iter[079/392], loss_total:2.95398, loss_equ:5.76196 loss_pq_vm:0.04195 loss_pq_va:0.97908 loss_pv_va:0.97920
INFO|2024-09-25 11:48:01: Epoch[001/100], iter[118/392], loss_total:3.14495, loss_equ:6.47312 loss_pq_vm:0.05552 loss_pq_va:0.98372 loss_pv_va:0.95870
INFO|2024-09-25 11:48:34: Epoch[001/100], iter[157/392], loss_total:2.61975, loss_equ:4.98253 loss_pq_vm:0.03809 loss_pq_va:0.87308 loss_pv_va:0.86754
INFO|2024-09-25 11:49:06: Epoch[001/100], iter[196/392], loss_total:2.22352, loss_equ:4.30284 loss_pq_vm:0.03516 loss_pq_va:0.73537 loss_pv_va:0.70622
INFO|2024-09-25 11:49:38: Epoch[001/100], iter[235/392], loss_total:2.34483, loss_equ:4.33988 loss_pq_vm:0.03381 loss_pq_va:0.79816 loss_pv_va:0.77460
INFO|2024-09-25 11:50:11: Epoch[001/100], iter[274/392], loss_total:2.08608, loss_equ:4.14765 loss_pq_vm:0.02460 loss_pq_va:0.72400 loss_pv_va:0.70126
INFO|2024-09-25 11:50:44: Epoch[001/100], iter[313/392], loss_total:2.10539, loss_equ:4.23281 loss_pq_vm:0.02831 loss_pq_va:0.71075 loss_pv_va:0.68824
INFO|2024-09-25 11:51:17: Epoch[001/100], iter[352/392], loss_total:2.19902, loss_equ:3.66594 loss_pq_vm:0.02744 loss_pq_va:0.77936 loss_pv_va:0.77865
INFO|2024-09-25 11:51:50: Epoch[001/100], iter[392/392], loss_total:1.77339, loss_equ:4.27992 loss_pq_vm:0.02233 loss_pq_va:0.57008 loss_pv_va:0.55204
INFO|2024-09-25 11:53:05: Epoch 0/100, lr:  0.00099976, eta: 11.07h, train_loss:  2.73536, valid_loss:  1.89002
INFO|2024-09-25 11:53:05: 	Train: PQ_Vm_rmse: 0.00417274  PQ_Va_rmse: 0.10521519  PV_Va_rmse: 0.10388201  delta_p: 0.36814564  delta_q: 0.07368627  
INFO|2024-09-25 11:53:05: 	ZTest: PQ_Vm_rmse: 0.00178719  PQ_Va_rmse: 0.07033563  PV_Va_rmse: 0.06798717  delta_p: 0.22166259  delta_q: 0.02684176  
INFO|2024-09-25 11:53:05: 	ZTest-ema: PQ_Vm_rmse: 0.001787  PQ_Va_rmse: 0.070336  PV_Va_rmse: 0.067987  delta_p: 0.221662  delta_q: 0.026842  
INFO|2024-09-25 11:53:05: 	           ValOfEMA:0.070336/0.070336,  Epoch:1/1
INFO|2024-09-25 11:53:06: 	Time(ep):402s,  Val(curr/best):0.070336/0.070336,  Epoch(curr/best):1/1
INFO|2024-09-25 11:53:06: -------------------- Epoch: 2 --------------------
INFO|2024-09-25 11:53:41: Epoch[002/100], iter[040/392], loss_total:2.06427, loss_equ:3.81341 loss_pq_vm:0.02589 loss_pq_va:0.71566 loss_pv_va:0.70840
INFO|2024-09-25 11:54:14: Epoch[002/100], iter[079/392], loss_total:1.98381, loss_equ:3.58295 loss_pq_vm:0.02213 loss_pq_va:0.70459 loss_pv_va:0.69963
INFO|2024-09-25 11:54:46: Epoch[002/100], iter[118/392], loss_total:1.83195, loss_equ:3.25480 loss_pq_vm:0.02594 loss_pq_va:0.63245 loss_pv_va:0.61459
INFO|2024-09-25 11:55:18: Epoch[002/100], iter[157/392], loss_total:1.60251, loss_equ:2.74756 loss_pq_vm:0.02409 loss_pq_va:0.55336 loss_pv_va:0.53350
INFO|2024-09-25 11:55:51: Epoch[002/100], iter[196/392], loss_total:1.56260, loss_equ:3.06803 loss_pq_vm:0.01860 loss_pq_va:0.54440 loss_pv_va:0.52543
INFO|2024-09-25 11:56:24: Epoch[002/100], iter[235/392], loss_total:1.83773, loss_equ:3.51461 loss_pq_vm:0.02186 loss_pq_va:0.64281 loss_pv_va:0.62486
INFO|2024-09-25 11:56:56: Epoch[002/100], iter[274/392], loss_total:1.51615, loss_equ:2.88694 loss_pq_vm:0.01950 loss_pq_va:0.52375 loss_pv_va:0.50874
INFO|2024-09-25 11:57:29: Epoch[002/100], iter[313/392], loss_total:1.41165, loss_equ:2.77802 loss_pq_vm:0.01943 loss_pq_va:0.47845 loss_pv_va:0.46113
INFO|2024-09-25 11:58:02: Epoch[002/100], iter[352/392], loss_total:1.84611, loss_equ:3.02859 loss_pq_vm:0.02421 loss_pq_va:0.65755 loss_pv_va:0.64362
INFO|2024-09-25 11:58:34: Epoch[002/100], iter[392/392], loss_total:1.35607, loss_equ:2.54874 loss_pq_vm:0.01602 loss_pq_va:0.47871 loss_pv_va:0.46231
INFO|2024-09-25 11:59:51: Epoch 1/100, lr:  0.00099902, eta: 11.02h, train_loss:  1.74471, valid_loss:  1.42863
INFO|2024-09-25 11:59:51: 	Train: PQ_Vm_rmse: 0.00153390  PQ_Va_rmse: 0.07244906  PV_Va_rmse: 0.07089918  delta_p: 0.17488100  delta_q: 0.02654515  
INFO|2024-09-25 11:59:51: 	ZTest: PQ_Vm_rmse: 0.00107494  PQ_Va_rmse: 0.04740948  PV_Va_rmse: 0.04610254  delta_p: 0.14548112  delta_q: 0.02094252  
INFO|2024-09-25 11:59:51: 	ZTest-ema: PQ_Vm_rmse: 0.001075  PQ_Va_rmse: 0.047410  PV_Va_rmse: 0.046103  delta_p: 0.145481  delta_q: 0.020943  
INFO|2024-09-25 11:59:51: 	           ValOfEMA:0.047410/0.047410,  Epoch:2/2
INFO|2024-09-25 11:59:51: 	Time(ep):404s,  Val(curr/best):0.047409/0.047409,  Epoch(curr/best):2/2
INFO|2024-09-25 11:59:51: -------------------- Epoch: 3 --------------------
INFO|2024-09-25 12:00:26: Epoch[003/100], iter[040/392], loss_total:1.44544, loss_equ:3.00318 loss_pq_vm:0.01911 loss_pq_va:0.48146 loss_pv_va:0.47258
INFO|2024-09-25 12:00:59: Epoch[003/100], iter[079/392], loss_total:1.73332, loss_equ:3.48676 loss_pq_vm:0.02049 loss_pq_va:0.59142 loss_pv_va:0.58836
INFO|2024-09-25 12:01:32: Epoch[003/100], iter[118/392], loss_total:1.54881, loss_equ:3.05742 loss_pq_vm:0.01798 loss_pq_va:0.53627 loss_pv_va:0.52704
INFO|2024-09-25 12:02:05: Epoch[003/100], iter[157/392], loss_total:1.46693, loss_equ:3.01243 loss_pq_vm:0.01769 loss_pq_va:0.49638 loss_pv_va:0.49245
INFO|2024-09-25 12:02:38: Epoch[003/100], iter[196/392], loss_total:1.35677, loss_equ:2.56081 loss_pq_vm:0.01474 loss_pq_va:0.48472 loss_pv_va:0.46860
INFO|2024-09-25 12:03:10: Epoch[003/100], iter[235/392], loss_total:1.11790, loss_equ:2.15676 loss_pq_vm:0.01466 loss_pq_va:0.38228 loss_pv_va:0.37334
INFO|2024-09-25 12:03:43: Epoch[003/100], iter[274/392], loss_total:1.22537, loss_equ:2.77192 loss_pq_vm:0.01530 loss_pq_va:0.40294 loss_pv_va:0.39226
INFO|2024-09-25 12:04:16: Epoch[003/100], iter[313/392], loss_total:1.44622, loss_equ:2.40528 loss_pq_vm:0.01311 loss_pq_va:0.54705 loss_pv_va:0.52758
INFO|2024-09-25 12:04:49: Epoch[003/100], iter[352/392], loss_total:1.65479, loss_equ:2.25246 loss_pq_vm:0.01808 loss_pq_va:0.62953 loss_pv_va:0.61920
INFO|2024-09-25 12:05:22: Epoch[003/100], iter[392/392], loss_total:1.82579, loss_equ:3.05713 loss_pq_vm:0.01851 loss_pq_va:0.66854 loss_pv_va:0.66647
INFO|2024-09-25 12:06:38: Epoch 2/100, lr:  0.00099780, eta: 10.96h, train_loss:  1.47639, valid_loss:  2.19161
INFO|2024-09-25 12:06:38: 	Train: PQ_Vm_rmse: 0.00108895  PQ_Va_rmse: 0.05979139  PV_Va_rmse: 0.05851948  delta_p: 0.13689590  delta_q: 0.01929372  
INFO|2024-09-25 12:06:38: 	ZTest: PQ_Vm_rmse: 0.00132328  PQ_Va_rmse: 0.11927131  PV_Va_rmse: 0.11805244  delta_p: 0.13523005  delta_q: 0.01873868  
INFO|2024-09-25 12:06:38: 	ZTest-ema: PQ_Vm_rmse: 0.001323  PQ_Va_rmse: 0.119271  PV_Va_rmse: 0.118052  delta_p: 0.135230  delta_q: 0.018739  
INFO|2024-09-25 12:06:38: 	           ValOfEMA:0.119271/0.047410,  Epoch:3/2
INFO|2024-09-25 12:06:38: 	Time(ep):406s,  Val(curr/best):0.119271/0.047409,  Epoch(curr/best):3/2
INFO|2024-09-25 12:06:38: -------------------- Epoch: 4 --------------------
INFO|2024-09-25 12:07:12: Epoch[004/100], iter[040/392], loss_total:1.60885, loss_equ:2.95722 loss_pq_vm:0.01859 loss_pq_va:0.56982 loss_pv_va:0.55741
INFO|2024-09-25 12:07:45: Epoch[004/100], iter[079/392], loss_total:1.26538, loss_equ:2.27224 loss_pq_vm:0.01309 loss_pq_va:0.46034 loss_pv_va:0.44694
INFO|2024-09-25 12:08:18: Epoch[004/100], iter[118/392], loss_total:1.32576, loss_equ:2.89732 loss_pq_vm:0.01767 loss_pq_va:0.43392 loss_pv_va:0.42544
INFO|2024-09-25 12:08:51: Epoch[004/100], iter[157/392], loss_total:1.61772, loss_equ:4.47258 loss_pq_vm:0.02325 loss_pq_va:0.47179 loss_pv_va:0.46620
INFO|2024-09-25 12:09:24: Epoch[004/100], iter[196/392], loss_total:1.33574, loss_equ:2.54479 loss_pq_vm:0.01618 loss_pq_va:0.46299 loss_pv_va:0.45642
INFO|2024-09-25 12:09:56: Epoch[004/100], iter[235/392], loss_total:1.20060, loss_equ:2.28346 loss_pq_vm:0.01832 loss_pq_va:0.39805 loss_pv_va:0.39100
INFO|2024-09-25 12:10:28: Epoch[004/100], iter[274/392], loss_total:1.18861, loss_equ:2.67566 loss_pq_vm:0.01499 loss_pq_va:0.38852 loss_pv_va:0.38261
INFO|2024-09-25 12:11:01: Epoch[004/100], iter[313/392], loss_total:2.07880, loss_equ:2.66847 loss_pq_vm:0.01418 loss_pq_va:0.83905 loss_pv_va:0.83109
INFO|2024-09-25 12:11:34: Epoch[004/100], iter[352/392], loss_total:1.91136, loss_equ:2.73667 loss_pq_vm:0.02123 loss_pq_va:0.71679 loss_pv_va:0.70858
INFO|2024-09-25 12:12:08: Epoch[004/100], iter[392/392], loss_total:1.35924, loss_equ:3.14955 loss_pq_vm:0.01700 loss_pq_va:0.44256 loss_pv_va:0.43174
INFO|2024-09-25 12:13:24: Epoch 3/100, lr:  0.00099610, eta: 10.82h, train_loss:  1.42553, valid_loss:  1.39669
INFO|2024-09-25 12:13:24: 	Train: PQ_Vm_rmse: 0.00110001  PQ_Va_rmse: 0.05901172  PV_Va_rmse: 0.05766931  delta_p: 0.14250478  delta_q: 0.02015620  
INFO|2024-09-25 12:13:24: 	ZTest: PQ_Vm_rmse: 0.00126567  PQ_Va_rmse: 0.04854807  PV_Va_rmse: 0.04685734  delta_p: 0.20160725  delta_q: 0.02478859  
INFO|2024-09-25 12:13:24: 	ZTest-ema: PQ_Vm_rmse: 0.001266  PQ_Va_rmse: 0.048548  PV_Va_rmse: 0.046857  delta_p: 0.201607  delta_q: 0.024789  
INFO|2024-09-25 12:13:24: 	           ValOfEMA:0.048548/0.047410,  Epoch:4/2
INFO|2024-09-25 12:13:24: 	Time(ep):405s,  Val(curr/best):0.048548/0.047409,  Epoch(curr/best):4/2
INFO|2024-09-25 12:13:24: -------------------- Epoch: 5 --------------------
INFO|2024-09-25 12:13:59: Epoch[005/100], iter[040/392], loss_total:1.47761, loss_equ:2.98075 loss_pq_vm:0.01611 loss_pq_va:0.50591 loss_pv_va:0.51249
INFO|2024-09-25 12:14:32: Epoch[005/100], iter[079/392], loss_total:1.54455, loss_equ:2.57406 loss_pq_vm:0.02581 loss_pq_va:0.51963 loss_pv_va:0.50945
INFO|2024-09-25 12:15:06: Epoch[005/100], iter[118/392], loss_total:1.06022, loss_equ:2.17875 loss_pq_vm:0.01427 loss_pq_va:0.35266 loss_pv_va:0.34698
INFO|2024-09-25 12:15:39: Epoch[005/100], iter[157/392], loss_total:1.53804, loss_equ:1.95827 loss_pq_vm:0.01619 loss_pq_va:0.59822 loss_pv_va:0.58209
INFO|2024-09-25 12:16:12: Epoch[005/100], iter[196/392], loss_total:1.33355, loss_equ:2.16487 loss_pq_vm:0.01263 loss_pq_va:0.49007 loss_pv_va:0.50067
INFO|2024-09-25 12:16:44: Epoch[005/100], iter[235/392], loss_total:1.02005, loss_equ:2.10722 loss_pq_vm:0.01247 loss_pq_va:0.34669 loss_pv_va:0.33795
INFO|2024-09-25 12:17:17: Epoch[005/100], iter[274/392], loss_total:1.22437, loss_equ:2.18574 loss_pq_vm:0.01180 loss_pq_va:0.44228 loss_pv_va:0.44550
INFO|2024-09-25 12:17:50: Epoch[005/100], iter[313/392], loss_total:1.08211, loss_equ:2.02088 loss_pq_vm:0.01463 loss_pq_va:0.37067 loss_pv_va:0.36303
INFO|2024-09-25 12:18:23: Epoch[005/100], iter[352/392], loss_total:1.03936, loss_equ:1.84797 loss_pq_vm:0.01126 loss_pq_va:0.37250 loss_pv_va:0.36946
INFO|2024-09-25 12:18:56: Epoch[005/100], iter[392/392], loss_total:1.34934, loss_equ:3.06271 loss_pq_vm:0.01915 loss_pq_va:0.42620 loss_pv_va:0.42536
INFO|2024-09-25 12:20:13: Epoch 4/100, lr:  0.00099391, eta: 10.8h, train_loss:  1.22703, valid_loss:  1.42204
INFO|2024-09-25 12:20:13: 	Train: PQ_Vm_rmse: 0.00096186  PQ_Va_rmse: 0.04846376  PV_Va_rmse: 0.04714373  delta_p: 0.10318686  delta_q: 0.01570575  
INFO|2024-09-25 12:20:13: 	ZTest: PQ_Vm_rmse: 0.00166891  PQ_Va_rmse: 0.04600659  PV_Va_rmse: 0.04539474  delta_p: 0.19514619  delta_q: 0.02588508  
INFO|2024-09-25 12:20:13: 	ZTest-ema: PQ_Vm_rmse: 0.001669  PQ_Va_rmse: 0.046007  PV_Va_rmse: 0.045395  delta_p: 0.195146  delta_q: 0.025885  
INFO|2024-09-25 12:20:13: 	           ValOfEMA:0.046007/0.046007,  Epoch:5/5
INFO|2024-09-25 12:20:13: 	Time(ep):409s,  Val(curr/best):0.046007/0.046007,  Epoch(curr/best):5/5
INFO|2024-09-25 12:20:13: -------------------- Epoch: 6 --------------------
INFO|2024-09-25 12:20:48: Epoch[006/100], iter[040/392], loss_total:1.37058, loss_equ:2.16443 loss_pq_vm:0.01219 loss_pq_va:0.51448 loss_pv_va:0.51774
INFO|2024-09-25 12:21:21: Epoch[006/100], iter[079/392], loss_total:1.10509, loss_equ:2.04493 loss_pq_vm:0.01162 loss_pq_va:0.39568 loss_pv_va:0.38870
INFO|2024-09-25 12:21:54: Epoch[006/100], iter[118/392], loss_total:1.35096, loss_equ:2.46531 loss_pq_vm:0.01183 loss_pq_va:0.49848 loss_pv_va:0.48768
INFO|2024-09-25 12:22:26: Epoch[006/100], iter[157/392], loss_total:0.93988, loss_equ:1.96129 loss_pq_vm:0.01089 loss_pq_va:0.31981 loss_pv_va:0.31506
INFO|2024-09-25 12:22:59: Epoch[006/100], iter[196/392], loss_total:0.92375, loss_equ:1.72371 loss_pq_vm:0.00963 loss_pq_va:0.32973 loss_pv_va:0.32537
INFO|2024-09-25 12:23:32: Epoch[006/100], iter[235/392], loss_total:0.86648, loss_equ:1.89387 loss_pq_vm:0.00922 loss_pq_va:0.29407 loss_pv_va:0.29084
INFO|2024-09-25 12:24:05: Epoch[006/100], iter[274/392], loss_total:0.91056, loss_equ:1.75117 loss_pq_vm:0.01074 loss_pq_va:0.31530 loss_pv_va:0.31277
INFO|2024-09-25 12:24:37: Epoch[006/100], iter[313/392], loss_total:0.79331, loss_equ:1.73449 loss_pq_vm:0.00969 loss_pq_va:0.26103 loss_pv_va:0.26198
INFO|2024-09-25 12:25:10: Epoch[006/100], iter[352/392], loss_total:0.87725, loss_equ:1.87894 loss_pq_vm:0.00870 loss_pq_va:0.30073 loss_pv_va:0.30158
INFO|2024-09-25 12:25:43: Epoch[006/100], iter[392/392], loss_total:1.07498, loss_equ:1.76774 loss_pq_vm:0.00948 loss_pq_va:0.40312 loss_pv_va:0.40024
INFO|2024-09-25 12:26:59: Epoch 5/100, lr:  0.00099123, eta: 10.6h, train_loss:  1.03013, valid_loss:  1.12175
INFO|2024-09-25 12:26:59: 	Train: PQ_Vm_rmse: 0.00063504  PQ_Va_rmse: 0.03613150  PV_Va_rmse: 0.03534522  delta_p: 0.08387732  delta_q: 0.01192675  
INFO|2024-09-25 12:26:59: 	ZTest: PQ_Vm_rmse: 0.00077257  PQ_Va_rmse: 0.05255339  PV_Va_rmse: 0.05215750  delta_p: 0.08627597  delta_q: 0.01092253  
INFO|2024-09-25 12:26:59: 	ZTest-ema: PQ_Vm_rmse: 0.000773  PQ_Va_rmse: 0.052553  PV_Va_rmse: 0.052158  delta_p: 0.086276  delta_q: 0.010923  
INFO|2024-09-25 12:26:59: 	           ValOfEMA:0.052553/0.046007,  Epoch:6/5
INFO|2024-09-25 12:26:59: 	Time(ep):405s,  Val(curr/best):0.052553/0.046007,  Epoch(curr/best):6/5
INFO|2024-09-25 12:26:59: -------------------- Epoch: 7 --------------------
INFO|2024-09-25 12:27:35: Epoch[007/100], iter[040/392], loss_total:1.19202, loss_equ:2.92017 loss_pq_vm:0.01693 loss_pq_va:0.36442 loss_pv_va:0.36631
INFO|2024-09-25 12:28:08: Epoch[007/100], iter[079/392], loss_total:1.08948, loss_equ:2.33480 loss_pq_vm:0.01170 loss_pq_va:0.36842 loss_pv_va:0.37056
INFO|2024-09-25 12:28:41: Epoch[007/100], iter[118/392], loss_total:1.07489, loss_equ:2.43799 loss_pq_vm:0.01579 loss_pq_va:0.34027 loss_pv_va:0.33292
INFO|2024-09-25 12:29:14: Epoch[007/100], iter[157/392], loss_total:1.46807, loss_equ:3.01363 loss_pq_vm:0.01773 loss_pq_va:0.49178 loss_pv_va:0.49765
INFO|2024-09-25 12:29:47: Epoch[007/100], iter[196/392], loss_total:0.89016, loss_equ:1.78439 loss_pq_vm:0.01079 loss_pq_va:0.30641 loss_pv_va:0.29743
INFO|2024-09-25 12:30:20: Epoch[007/100], iter[235/392], loss_total:0.91222, loss_equ:2.05248 loss_pq_vm:0.01020 loss_pq_va:0.30125 loss_pv_va:0.30374
INFO|2024-09-25 12:30:53: Epoch[007/100], iter[274/392], loss_total:0.91590, loss_equ:1.99562 loss_pq_vm:0.01437 loss_pq_va:0.28806 loss_pv_va:0.28457
INFO|2024-09-25 12:31:26: Epoch[007/100], iter[313/392], loss_total:0.95140, loss_equ:1.82755 loss_pq_vm:0.01229 loss_pq_va:0.32584 loss_pv_va:0.31987
INFO|2024-09-25 12:31:59: Epoch[007/100], iter[352/392], loss_total:1.74248, loss_equ:2.09073 loss_pq_vm:0.02188 loss_pq_va:0.66034 loss_pv_va:0.65430
INFO|2024-09-25 12:32:33: Epoch[007/100], iter[392/392], loss_total:0.99077, loss_equ:1.86720 loss_pq_vm:0.01178 loss_pq_va:0.34590 loss_pv_va:0.34035
INFO|2024-09-25 12:33:50: Epoch 6/100, lr:  0.00098808, eta: 10.6h, train_loss:  1.09625, valid_loss:  1.17641
INFO|2024-09-25 12:33:50: 	Train: PQ_Vm_rmse: 0.00084592  PQ_Va_rmse: 0.04045676  PV_Va_rmse: 0.03943086  delta_p: 0.08528866  delta_q: 0.01305890  
INFO|2024-09-25 12:33:50: 	ZTest: PQ_Vm_rmse: 0.00071107  PQ_Va_rmse: 0.04474004  PV_Va_rmse: 0.04508983  delta_p: 0.06760412  delta_q: 0.01062516  
INFO|2024-09-25 12:33:50: 	ZTest-ema: PQ_Vm_rmse: 0.000711  PQ_Va_rmse: 0.044740  PV_Va_rmse: 0.045090  delta_p: 0.067604  delta_q: 0.010625  
INFO|2024-09-25 12:33:50: 	           ValOfEMA:0.045090/0.045090,  Epoch:7/7
INFO|2024-09-25 12:33:50: 	Time(ep):410s,  Val(curr/best):0.045090/0.045090,  Epoch(curr/best):7/7
INFO|2024-09-25 12:33:50: -------------------- Epoch: 8 --------------------
INFO|2024-09-25 12:34:25: Epoch[008/100], iter[040/392], loss_total:0.88307, loss_equ:1.64539 loss_pq_vm:0.00997 loss_pq_va:0.31089 loss_pv_va:0.30796
INFO|2024-09-25 12:34:59: Epoch[008/100], iter[079/392], loss_total:0.97191, loss_equ:2.17645 loss_pq_vm:0.01140 loss_pq_va:0.32506 loss_pv_va:0.31523
INFO|2024-09-25 12:35:31: Epoch[008/100], iter[118/392], loss_total:0.75390, loss_equ:1.61789 loss_pq_vm:0.00876 loss_pq_va:0.25457 loss_pv_va:0.24996
INFO|2024-09-25 12:36:05: Epoch[008/100], iter[157/392], loss_total:0.94631, loss_equ:1.83434 loss_pq_vm:0.01558 loss_pq_va:0.30370 loss_pv_va:0.30342
INFO|2024-09-25 12:36:38: Epoch[008/100], iter[196/392], loss_total:1.28308, loss_equ:1.73309 loss_pq_vm:0.01177 loss_pq_va:0.50019 loss_pv_va:0.49187
INFO|2024-09-25 12:37:11: Epoch[008/100], iter[235/392], loss_total:1.06506, loss_equ:1.68293 loss_pq_vm:0.01070 loss_pq_va:0.39812 loss_pv_va:0.39165
INFO|2024-09-25 12:37:44: Epoch[008/100], iter[274/392], loss_total:0.80462, loss_equ:1.72757 loss_pq_vm:0.00914 loss_pq_va:0.27021 loss_pv_va:0.27028
INFO|2024-09-25 12:38:17: Epoch[008/100], iter[313/392], loss_total:0.79915, loss_equ:1.80456 loss_pq_vm:0.01028 loss_pq_va:0.25922 loss_pv_va:0.25666
INFO|2024-09-25 12:38:50: Epoch[008/100], iter[352/392], loss_total:0.85551, loss_equ:1.72266 loss_pq_vm:0.01209 loss_pq_va:0.27927 loss_pv_va:0.28311
INFO|2024-09-25 12:39:23: Epoch[008/100], iter[392/392], loss_total:1.30984, loss_equ:1.90308 loss_pq_vm:0.01308 loss_pq_va:0.49347 loss_pv_va:0.49522
INFO|2024-09-25 12:40:39: Epoch 7/100, lr:  0.00098445, eta: 10.46h, train_loss:  0.92630, valid_loss:  1.05423
INFO|2024-09-25 12:40:39: 	Train: PQ_Vm_rmse: 0.00064643  PQ_Va_rmse: 0.02869534  PV_Va_rmse: 0.02817395  delta_p: 0.06941197  delta_q: 0.00986980  
INFO|2024-09-25 12:40:39: 	ZTest: PQ_Vm_rmse: 0.00098956  PQ_Va_rmse: 0.02978561  PV_Va_rmse: 0.03074694  delta_p: 0.07114262  delta_q: 0.00928945  
INFO|2024-09-25 12:40:39: 	ZTest-ema: PQ_Vm_rmse: 0.000990  PQ_Va_rmse: 0.029786  PV_Va_rmse: 0.030747  delta_p: 0.071143  delta_q: 0.009289  
INFO|2024-09-25 12:40:39: 	           ValOfEMA:0.030747/0.030747,  Epoch:8/8
INFO|2024-09-25 12:40:40: 	Time(ep):409s,  Val(curr/best):0.030747/0.030747,  Epoch(curr/best):8/8
INFO|2024-09-25 12:40:40: -------------------- Epoch: 9 --------------------
INFO|2024-09-25 12:41:15: Epoch[009/100], iter[040/392], loss_total:0.90826, loss_equ:1.49389 loss_pq_vm:0.01214 loss_pq_va:0.32196 loss_pv_va:0.31556
INFO|2024-09-25 12:41:49: Epoch[009/100], iter[079/392], loss_total:0.78355, loss_equ:1.61842 loss_pq_vm:0.01015 loss_pq_va:0.26272 loss_pv_va:0.25747
INFO|2024-09-25 12:42:22: Epoch[009/100], iter[118/392], loss_total:0.68424, loss_equ:1.47539 loss_pq_vm:0.00749 loss_pq_va:0.23268 loss_pv_va:0.22908
INFO|2024-09-25 12:42:55: Epoch[009/100], iter[157/392], loss_total:0.89257, loss_equ:1.48819 loss_pq_vm:0.00861 loss_pq_va:0.32970 loss_pv_va:0.32799
INFO|2024-09-25 12:43:28: Epoch[009/100], iter[196/392], loss_total:0.83103, loss_equ:1.74636 loss_pq_vm:0.01097 loss_pq_va:0.27396 loss_pv_va:0.27271
INFO|2024-09-25 12:44:01: Epoch[009/100], iter[235/392], loss_total:1.27249, loss_equ:1.56137 loss_pq_vm:0.00882 loss_pq_va:0.51764 loss_pv_va:0.51054
INFO|2024-09-25 12:44:33: Epoch[009/100], iter[274/392], loss_total:1.07344, loss_equ:1.94011 loss_pq_vm:0.00964 loss_pq_va:0.39272 loss_pv_va:0.39032
INFO|2024-09-25 12:45:05: Epoch[009/100], iter[313/392], loss_total:0.82101, loss_equ:1.56287 loss_pq_vm:0.00816 loss_pq_va:0.29284 loss_pv_va:0.29029
INFO|2024-09-25 12:45:37: Epoch[009/100], iter[352/392], loss_total:0.82849, loss_equ:1.99078 loss_pq_vm:0.00872 loss_pq_va:0.27446 loss_pv_va:0.26774
INFO|2024-09-25 12:46:11: Epoch[009/100], iter[392/392], loss_total:1.13870, loss_equ:1.82466 loss_pq_vm:0.01638 loss_pq_va:0.40050 loss_pv_va:0.39197
INFO|2024-09-25 12:47:27: Epoch 8/100, lr:  0.00098035, eta: 10.3h, train_loss:  0.90451, valid_loss:  1.07536
INFO|2024-09-25 12:47:27: 	Train: PQ_Vm_rmse: 0.00059097  PQ_Va_rmse: 0.03014648  PV_Va_rmse: 0.02938163  delta_p: 0.06550500  delta_q: 0.00980749  
INFO|2024-09-25 12:47:27: 	ZTest: PQ_Vm_rmse: 0.00096904  PQ_Va_rmse: 0.03124005  PV_Va_rmse: 0.03084803  delta_p: 0.06076841  delta_q: 0.01337907  
INFO|2024-09-25 12:47:27: 	ZTest-ema: PQ_Vm_rmse: 0.000969  PQ_Va_rmse: 0.031240  PV_Va_rmse: 0.030848  delta_p: 0.060768  delta_q: 0.013379  
INFO|2024-09-25 12:47:27: 	           ValOfEMA:0.031240/0.030747,  Epoch:9/8
INFO|2024-09-25 12:47:28: 	Time(ep):407s,  Val(curr/best):0.031240/0.030747,  Epoch(curr/best):9/8
INFO|2024-09-25 12:47:28: -------------------- Epoch: 10 --------------------
INFO|2024-09-25 12:48:03: Epoch[010/100], iter[040/392], loss_total:0.77955, loss_equ:1.64468 loss_pq_vm:0.01044 loss_pq_va:0.25578 loss_pv_va:0.25488
INFO|2024-09-25 12:48:35: Epoch[010/100], iter[079/392], loss_total:0.83808, loss_equ:1.56873 loss_pq_vm:0.00787 loss_pq_va:0.30349 loss_pv_va:0.29900
INFO|2024-09-25 12:49:08: Epoch[010/100], iter[118/392], loss_total:0.79976, loss_equ:1.70966 loss_pq_vm:0.00809 loss_pq_va:0.27654 loss_pv_va:0.27135
INFO|2024-09-25 12:49:41: Epoch[010/100], iter[157/392], loss_total:0.75172, loss_equ:1.38985 loss_pq_vm:0.00764 loss_pq_va:0.26824 loss_pv_va:0.26811
INFO|2024-09-25 12:50:14: Epoch[010/100], iter[196/392], loss_total:0.73562, loss_equ:1.87249 loss_pq_vm:0.00819 loss_pq_va:0.23393 loss_pv_va:0.23252
INFO|2024-09-25 12:50:47: Epoch[010/100], iter[235/392], loss_total:0.78254, loss_equ:1.54217 loss_pq_vm:0.00838 loss_pq_va:0.27537 loss_pv_va:0.26910
INFO|2024-09-25 12:51:20: Epoch[010/100], iter[274/392], loss_total:0.72044, loss_equ:1.39166 loss_pq_vm:0.00725 loss_pq_va:0.25481 loss_pv_va:0.25398
INFO|2024-09-25 12:51:53: Epoch[010/100], iter[313/392], loss_total:0.97337, loss_equ:1.69914 loss_pq_vm:0.00908 loss_pq_va:0.36033 loss_pv_va:0.35235
INFO|2024-09-25 12:52:26: Epoch[010/100], iter[352/392], loss_total:0.81583, loss_equ:1.64323 loss_pq_vm:0.00955 loss_pq_va:0.27947 loss_pv_va:0.27652
INFO|2024-09-25 12:53:00: Epoch[010/100], iter[392/392], loss_total:0.80506, loss_equ:1.38565 loss_pq_vm:0.00829 loss_pq_va:0.29384 loss_pv_va:0.28979
INFO|2024-09-25 12:54:16: Epoch 9/100, lr:  0.00097577, eta: 10.2h, train_loss:  0.86131, valid_loss:  0.87314
INFO|2024-09-25 12:54:16: 	Train: PQ_Vm_rmse: 0.00051032  PQ_Va_rmse: 0.02707892  PV_Va_rmse: 0.02642817  delta_p: 0.06138435  delta_q: 0.00889776  
INFO|2024-09-25 12:54:16: 	ZTest: PQ_Vm_rmse: 0.00046364  PQ_Va_rmse: 0.03051407  PV_Va_rmse: 0.03023972  delta_p: 0.04045018  delta_q: 0.00546274  
INFO|2024-09-25 12:54:16: 	ZTest-ema: PQ_Vm_rmse: 0.000464  PQ_Va_rmse: 0.030514  PV_Va_rmse: 0.030240  delta_p: 0.040450  delta_q: 0.005463  
INFO|2024-09-25 12:54:16: 	           ValOfEMA:0.030514/0.030514,  Epoch:10/10
INFO|2024-09-25 12:54:16: 	Time(ep):407s,  Val(curr/best):0.030514/0.030514,  Epoch(curr/best):10/10
INFO|2024-09-25 12:54:16: -------------------- Epoch: 11 --------------------
INFO|2024-09-25 12:54:52: Epoch[011/100], iter[040/392], loss_total:1.03257, loss_equ:2.59705 loss_pq_vm:0.01409 loss_pq_va:0.31510 loss_pv_va:0.31685
INFO|2024-09-25 12:55:25: Epoch[011/100], iter[079/392], loss_total:1.24901, loss_equ:2.25687 loss_pq_vm:0.01543 loss_pq_va:0.44174 loss_pv_va:0.42729
INFO|2024-09-25 12:55:58: Epoch[011/100], iter[118/392], loss_total:0.79558, loss_equ:1.47136 loss_pq_vm:0.01030 loss_pq_va:0.27502 loss_pv_va:0.27046
INFO|2024-09-25 12:56:31: Epoch[011/100], iter[157/392], loss_total:1.23322, loss_equ:1.58044 loss_pq_vm:0.01417 loss_pq_va:0.46898 loss_pv_va:0.46447
INFO|2024-09-25 12:57:03: Epoch[011/100], iter[196/392], loss_total:1.59604, loss_equ:2.61634 loss_pq_vm:0.02746 loss_pq_va:0.53456 loss_pv_va:0.52527
INFO|2024-09-25 12:57:36: Epoch[011/100], iter[235/392], loss_total:1.06951, loss_equ:2.26667 loss_pq_vm:0.02325 loss_pq_va:0.30508 loss_pv_va:0.30523
INFO|2024-09-25 12:58:09: Epoch[011/100], iter[274/392], loss_total:0.83568, loss_equ:1.74488 loss_pq_vm:0.00993 loss_pq_va:0.28505 loss_pv_va:0.27685
INFO|2024-09-25 12:58:42: Epoch[011/100], iter[313/392], loss_total:0.88167, loss_equ:1.60843 loss_pq_vm:0.01111 loss_pq_va:0.30158 loss_pv_va:0.30817
INFO|2024-09-25 12:59:15: Epoch[011/100], iter[352/392], loss_total:1.22347, loss_equ:1.52494 loss_pq_vm:0.01345 loss_pq_va:0.47119 loss_pv_va:0.46533
INFO|2024-09-25 12:59:49: Epoch[011/100], iter[392/392], loss_total:0.86100, loss_equ:1.73848 loss_pq_vm:0.01234 loss_pq_va:0.28233 loss_pv_va:0.28147
INFO|2024-09-25 13:01:05: Epoch 10/100, lr:  0.00097074, eta: 10.11h, train_loss:  0.99591, valid_loss:  0.94485
INFO|2024-09-25 13:01:05: 	Train: PQ_Vm_rmse: 0.00087800  PQ_Va_rmse: 0.03258907  PV_Va_rmse: 0.03198236  delta_p: 0.07058307  delta_q: 0.01195671  
INFO|2024-09-25 13:01:05: 	ZTest: PQ_Vm_rmse: 0.00090169  PQ_Va_rmse: 0.02777258  PV_Va_rmse: 0.02832041  delta_p: 0.08969456  delta_q: 0.01471708  
INFO|2024-09-25 13:01:05: 	ZTest-ema: PQ_Vm_rmse: 0.000902  PQ_Va_rmse: 0.027773  PV_Va_rmse: 0.028320  delta_p: 0.089695  delta_q: 0.014717  
INFO|2024-09-25 13:01:05: 	           ValOfEMA:0.028320/0.028320,  Epoch:11/11
INFO|2024-09-25 13:01:06: 	Time(ep):408s,  Val(curr/best):0.028320/0.028320,  Epoch(curr/best):11/11
INFO|2024-09-25 13:01:06: -------------------- Epoch: 12 --------------------
INFO|2024-09-25 13:01:41: Epoch[012/100], iter[040/392], loss_total:0.87055, loss_equ:1.94639 loss_pq_vm:0.01140 loss_pq_va:0.28086 loss_pv_va:0.28108
INFO|2024-09-25 13:02:13: Epoch[012/100], iter[079/392], loss_total:0.76274, loss_equ:1.74809 loss_pq_vm:0.01304 loss_pq_va:0.22978 loss_pv_va:0.22778
INFO|2024-09-25 13:02:46: Epoch[012/100], iter[118/392], loss_total:0.72779, loss_equ:1.71195 loss_pq_vm:0.00904 loss_pq_va:0.23470 loss_pv_va:0.23152
INFO|2024-09-25 13:03:19: Epoch[012/100], iter[157/392], loss_total:0.76744, loss_equ:1.39281 loss_pq_vm:0.00952 loss_pq_va:0.26839 loss_pv_va:0.26458
INFO|2024-09-25 13:03:52: Epoch[012/100], iter[196/392], loss_total:0.69496, loss_equ:1.91826 loss_pq_vm:0.00794 loss_pq_va:0.21108 loss_pv_va:0.21262
INFO|2024-09-25 13:04:24: Epoch[012/100], iter[235/392], loss_total:0.66943, loss_equ:1.60593 loss_pq_vm:0.00910 loss_pq_va:0.21068 loss_pv_va:0.20716
INFO|2024-09-25 13:04:58: Epoch[012/100], iter[274/392], loss_total:0.80233, loss_equ:1.35738 loss_pq_vm:0.00706 loss_pq_va:0.29887 loss_pv_va:0.29712
INFO|2024-09-25 13:05:31: Epoch[012/100], iter[313/392], loss_total:0.72915, loss_equ:1.74768 loss_pq_vm:0.01337 loss_pq_va:0.21365 loss_pv_va:0.20707
INFO|2024-09-25 13:06:04: Epoch[012/100], iter[352/392], loss_total:0.90465, loss_equ:1.80114 loss_pq_vm:0.01684 loss_pq_va:0.27841 loss_pv_va:0.27776
INFO|2024-09-25 13:06:37: Epoch[012/100], iter[392/392], loss_total:0.68109, loss_equ:1.67407 loss_pq_vm:0.01024 loss_pq_va:0.20811 loss_pv_va:0.20322
INFO|2024-09-25 13:07:54: Epoch 11/100, lr:  0.00096524, eta: 9.98h, train_loss:  0.80463, valid_loss:  0.76221
INFO|2024-09-25 13:07:54: 	Train: PQ_Vm_rmse: 0.00061864  PQ_Va_rmse: 0.02314611  PV_Va_rmse: 0.02264219  delta_p: 0.07685009  delta_q: 0.01052600  
INFO|2024-09-25 13:07:54: 	ZTest: PQ_Vm_rmse: 0.00056908  PQ_Va_rmse: 0.01376790  PV_Va_rmse: 0.01329585  delta_p: 0.08645231  delta_q: 0.01151039  
INFO|2024-09-25 13:07:54: 	ZTest-ema: PQ_Vm_rmse: 0.000396  PQ_Va_rmse: 0.014807  PV_Va_rmse: 0.014339  delta_p: 0.035433  delta_q: 0.004654  
INFO|2024-09-25 13:07:54: 	           ValOfEMA:0.014807/0.014807,  Epoch:12/12
INFO|2024-09-25 13:07:54: 	Time(ep):408s,  Val(curr/best):0.013768/0.013768,  Epoch(curr/best):12/12
INFO|2024-09-25 13:07:54: -------------------- Epoch: 13 --------------------
INFO|2024-09-25 13:08:29: Epoch[013/100], iter[040/392], loss_total:0.87034, loss_equ:2.58778 loss_pq_vm:0.01253 loss_pq_va:0.24957 loss_pv_va:0.23665
INFO|2024-09-25 13:09:02: Epoch[013/100], iter[079/392], loss_total:0.80459, loss_equ:1.65406 loss_pq_vm:0.00848 loss_pq_va:0.27405 loss_pv_va:0.28029
INFO|2024-09-25 13:09:35: Epoch[013/100], iter[118/392], loss_total:0.58723, loss_equ:1.25156 loss_pq_vm:0.00750 loss_pq_va:0.19505 loss_pv_va:0.19200
INFO|2024-09-25 13:10:07: Epoch[013/100], iter[157/392], loss_total:0.78646, loss_equ:1.96916 loss_pq_vm:0.01324 loss_pq_va:0.23544 loss_pv_va:0.22172
INFO|2024-09-25 13:10:40: Epoch[013/100], iter[196/392], loss_total:0.73056, loss_equ:1.77539 loss_pq_vm:0.01554 loss_pq_va:0.19808 loss_pv_va:0.19959
INFO|2024-09-25 13:11:13: Epoch[013/100], iter[235/392], loss_total:0.78600, loss_equ:1.23970 loss_pq_vm:0.00747 loss_pq_va:0.29272 loss_pv_va:0.29462
INFO|2024-09-25 13:11:46: Epoch[013/100], iter[274/392], loss_total:0.77676, loss_equ:1.34811 loss_pq_vm:0.00812 loss_pq_va:0.28079 loss_pv_va:0.27997
INFO|2024-09-25 13:12:19: Epoch[013/100], iter[313/392], loss_total:0.67785, loss_equ:1.33825 loss_pq_vm:0.00732 loss_pq_va:0.23905 loss_pv_va:0.23174
INFO|2024-09-25 13:12:53: Epoch[013/100], iter[352/392], loss_total:0.61009, loss_equ:1.34581 loss_pq_vm:0.00763 loss_pq_va:0.19780 loss_pv_va:0.20144
INFO|2024-09-25 13:13:27: Epoch[013/100], iter[392/392], loss_total:0.56476, loss_equ:1.17434 loss_pq_vm:0.00681 loss_pq_va:0.19133 loss_pv_va:0.18795
INFO|2024-09-25 13:14:43: Epoch 12/100, lr:  0.00095929, eta: 9.88h, train_loss:  0.73932, valid_loss:  0.65513
INFO|2024-09-25 13:14:43: 	Train: PQ_Vm_rmse: 0.00052585  PQ_Va_rmse: 0.01889095  PV_Va_rmse: 0.01840037  delta_p: 0.06163906  delta_q: 0.00916245  
INFO|2024-09-25 13:14:43: 	ZTest: PQ_Vm_rmse: 0.00045998  PQ_Va_rmse: 0.01420163  PV_Va_rmse: 0.01392669  delta_p: 0.03944273  delta_q: 0.00593985  
INFO|2024-09-25 13:14:43: 	ZTest-ema: PQ_Vm_rmse: 0.000369  PQ_Va_rmse: 0.012278  PV_Va_rmse: 0.011756  delta_p: 0.036412  delta_q: 0.004556  
INFO|2024-09-25 13:14:43: 	           ValOfEMA:0.012278/0.012278,  Epoch:13/13
INFO|2024-09-25 13:14:44: 	Time(ep):409s,  Val(curr/best):0.014202/0.013768,  Epoch(curr/best):13/12
INFO|2024-09-25 13:14:44: -------------------- Epoch: 14 --------------------
INFO|2024-09-25 13:15:19: Epoch[014/100], iter[040/392], loss_total:0.85711, loss_equ:1.61279 loss_pq_vm:0.01093 loss_pq_va:0.29670 loss_pv_va:0.28981
INFO|2024-09-25 13:15:52: Epoch[014/100], iter[079/392], loss_total:1.01189, loss_equ:1.56424 loss_pq_vm:0.00895 loss_pq_va:0.38934 loss_pv_va:0.37661
INFO|2024-09-25 13:16:25: Epoch[014/100], iter[118/392], loss_total:0.62615, loss_equ:1.20323 loss_pq_vm:0.00936 loss_pq_va:0.20804 loss_pv_va:0.20415
INFO|2024-09-25 13:16:58: Epoch[014/100], iter[157/392], loss_total:0.65315, loss_equ:1.18865 loss_pq_vm:0.00962 loss_pq_va:0.21970 loss_pv_va:0.21834
INFO|2024-09-25 13:17:31: Epoch[014/100], iter[196/392], loss_total:0.57835, loss_equ:1.15798 loss_pq_vm:0.00791 loss_pq_va:0.19382 loss_pv_va:0.18967
INFO|2024-09-25 13:18:04: Epoch[014/100], iter[235/392], loss_total:0.66927, loss_equ:1.20293 loss_pq_vm:0.00690 loss_pq_va:0.24028 loss_pv_va:0.23972
INFO|2024-09-25 13:18:37: Epoch[014/100], iter[274/392], loss_total:0.68311, loss_equ:1.35325 loss_pq_vm:0.00973 loss_pq_va:0.22686 loss_pv_va:0.22362
INFO|2024-09-25 13:19:10: Epoch[014/100], iter[313/392], loss_total:0.76593, loss_equ:1.88367 loss_pq_vm:0.01049 loss_pq_va:0.24019 loss_pv_va:0.23247
INFO|2024-09-25 13:19:43: Epoch[014/100], iter[352/392], loss_total:0.66202, loss_equ:1.51428 loss_pq_vm:0.00915 loss_pq_va:0.21125 loss_pv_va:0.20782
INFO|2024-09-25 13:20:17: Epoch[014/100], iter[392/392], loss_total:0.92479, loss_equ:2.26157 loss_pq_vm:0.02177 loss_pq_va:0.24256 loss_pv_va:0.23837
INFO|2024-09-25 13:21:33: Epoch 13/100, lr:  0.00095289, eta: 9.79h, train_loss:  0.69487, valid_loss:  0.92550
INFO|2024-09-25 13:21:33: 	Train: PQ_Vm_rmse: 0.00052898  PQ_Va_rmse: 0.01717041  PV_Va_rmse: 0.01680511  delta_p: 0.05027007  delta_q: 0.00762110  
INFO|2024-09-25 13:21:33: 	ZTest: PQ_Vm_rmse: 0.00167204  PQ_Va_rmse: 0.02207150  PV_Va_rmse: 0.02231085  delta_p: 0.16216348  delta_q: 0.01841784  
INFO|2024-09-25 13:21:33: 	ZTest-ema: PQ_Vm_rmse: 0.000352  PQ_Va_rmse: 0.011887  PV_Va_rmse: 0.011380  delta_p: 0.028921  delta_q: 0.003871  
INFO|2024-09-25 13:21:33: 	           ValOfEMA:0.011887/0.011887,  Epoch:14/14
INFO|2024-09-25 13:21:34: 	Time(ep):409s,  Val(curr/best):0.022311/0.013768,  Epoch(curr/best):14/12
INFO|2024-09-25 13:21:34: -------------------- Epoch: 15 --------------------
INFO|2024-09-25 13:22:09: Epoch[015/100], iter[040/392], loss_total:0.76835, loss_equ:1.18609 loss_pq_vm:0.00694 loss_pq_va:0.29244 loss_pv_va:0.28793
INFO|2024-09-25 13:22:41: Epoch[015/100], iter[079/392], loss_total:0.52902, loss_equ:1.09224 loss_pq_vm:0.00663 loss_pq_va:0.17819 loss_pv_va:0.17535
INFO|2024-09-25 13:23:14: Epoch[015/100], iter[118/392], loss_total:0.58341, loss_equ:1.21647 loss_pq_vm:0.00674 loss_pq_va:0.19877 loss_pv_va:0.19561
INFO|2024-09-25 13:23:47: Epoch[015/100], iter[157/392], loss_total:0.87755, loss_equ:1.42103 loss_pq_vm:0.00970 loss_pq_va:0.31940 loss_pv_va:0.31908
INFO|2024-09-25 13:24:20: Epoch[015/100], iter[196/392], loss_total:0.67483, loss_equ:1.63600 loss_pq_vm:0.00810 loss_pq_va:0.21744 loss_pv_va:0.21276
INFO|2024-09-25 13:24:52: Epoch[015/100], iter[235/392], loss_total:0.63765, loss_equ:1.31067 loss_pq_vm:0.01389 loss_pq_va:0.18558 loss_pv_va:0.18206
INFO|2024-09-25 13:25:25: Epoch[015/100], iter[274/392], loss_total:0.60590, loss_equ:1.46344 loss_pq_vm:0.00851 loss_pq_va:0.18741 loss_pv_va:0.18702
INFO|2024-09-25 13:25:58: Epoch[015/100], iter[313/392], loss_total:0.65524, loss_equ:1.27773 loss_pq_vm:0.00918 loss_pq_va:0.21973 loss_pv_va:0.21594
INFO|2024-09-25 13:26:31: Epoch[015/100], iter[352/392], loss_total:0.65790, loss_equ:1.23052 loss_pq_vm:0.00829 loss_pq_va:0.22908 loss_pv_va:0.22286
INFO|2024-09-25 13:27:05: Epoch[015/100], iter[392/392], loss_total:0.86950, loss_equ:1.40690 loss_pq_vm:0.00986 loss_pq_va:0.31527 loss_pv_va:0.31494
INFO|2024-09-25 13:28:21: Epoch 14/100, lr:  0.00094605, eta: 9.62h, train_loss:  0.69938, valid_loss:  0.76544
INFO|2024-09-25 13:28:21: 	Train: PQ_Vm_rmse: 0.00054452  PQ_Va_rmse: 0.01787219  PV_Va_rmse: 0.01747955  delta_p: 0.04892586  delta_q: 0.00781278  
INFO|2024-09-25 13:28:21: 	ZTest: PQ_Vm_rmse: 0.00048260  PQ_Va_rmse: 0.01749681  PV_Va_rmse: 0.01688796  delta_p: 0.03576076  delta_q: 0.00563274  
INFO|2024-09-25 13:28:21: 	ZTest-ema: PQ_Vm_rmse: 0.000350  PQ_Va_rmse: 0.012577  PV_Va_rmse: 0.011968  delta_p: 0.020942  delta_q: 0.003345  
INFO|2024-09-25 13:28:21: 	           ValOfEMA:0.012577/0.011887,  Epoch:15/14
INFO|2024-09-25 13:28:21: 	Time(ep):407s,  Val(curr/best):0.017497/0.013768,  Epoch(curr/best):15/12
INFO|2024-09-25 13:28:21: -------------------- Epoch: 16 --------------------
INFO|2024-09-25 13:28:57: Epoch[016/100], iter[040/392], loss_total:0.58179, loss_equ:1.06201 loss_pq_vm:0.00644 loss_pq_va:0.20411 loss_pv_va:0.20703
INFO|2024-09-25 13:29:30: Epoch[016/100], iter[079/392], loss_total:0.64633, loss_equ:1.10541 loss_pq_vm:0.00718 loss_pq_va:0.23293 loss_pv_va:0.23102
INFO|2024-09-25 13:30:02: Epoch[016/100], iter[118/392], loss_total:0.61076, loss_equ:1.16600 loss_pq_vm:0.00725 loss_pq_va:0.21247 loss_pv_va:0.20922
INFO|2024-09-25 13:30:35: Epoch[016/100], iter[157/392], loss_total:0.61457, loss_equ:1.45298 loss_pq_vm:0.00761 loss_pq_va:0.19674 loss_pv_va:0.19645
INFO|2024-09-25 13:31:07: Epoch[016/100], iter[196/392], loss_total:0.67805, loss_equ:1.46644 loss_pq_vm:0.01059 loss_pq_va:0.21765 loss_pv_va:0.20789
INFO|2024-09-25 13:31:40: Epoch[016/100], iter[235/392], loss_total:0.69518, loss_equ:1.57457 loss_pq_vm:0.00771 loss_pq_va:0.23192 loss_pv_va:0.22874
INFO|2024-09-25 13:32:14: Epoch[016/100], iter[274/392], loss_total:0.77612, loss_equ:1.34764 loss_pq_vm:0.00841 loss_pq_va:0.27994 loss_pv_va:0.27729
INFO|2024-09-25 13:32:47: Epoch[016/100], iter[313/392], loss_total:0.61183, loss_equ:1.23969 loss_pq_vm:0.00939 loss_pq_va:0.20016 loss_pv_va:0.19381
INFO|2024-09-25 13:33:20: Epoch[016/100], iter[352/392], loss_total:0.76789, loss_equ:1.30621 loss_pq_vm:0.00666 loss_pq_va:0.28381 loss_pv_va:0.28686
INFO|2024-09-25 13:33:53: Epoch[016/100], iter[392/392], loss_total:0.57459, loss_equ:1.13451 loss_pq_vm:0.00609 loss_pq_va:0.20233 loss_pv_va:0.19791
INFO|2024-09-25 13:35:09: Epoch 15/100, lr:  0.00093877, eta: 9.51h, train_loss:  0.68814, valid_loss:  0.91668
INFO|2024-09-25 13:35:09: 	Train: PQ_Vm_rmse: 0.00044370  PQ_Va_rmse: 0.01770993  PV_Va_rmse: 0.01740688  delta_p: 0.04291126  delta_q: 0.00632739  
INFO|2024-09-25 13:35:09: 	ZTest: PQ_Vm_rmse: 0.00065292  PQ_Va_rmse: 0.03705214  PV_Va_rmse: 0.03677337  delta_p: 0.05057638  delta_q: 0.00802598  
INFO|2024-09-25 13:35:09: 	ZTest-ema: PQ_Vm_rmse: 0.000323  PQ_Va_rmse: 0.011588  PV_Va_rmse: 0.011099  delta_p: 0.023985  delta_q: 0.003240  
INFO|2024-09-25 13:35:09: 	           ValOfEMA:0.011588/0.011588,  Epoch:16/16
INFO|2024-09-25 13:35:09: 	Time(ep):407s,  Val(curr/best):0.037052/0.013768,  Epoch(curr/best):16/12
INFO|2024-09-25 13:35:09: -------------------- Epoch: 17 --------------------
INFO|2024-09-25 13:35:45: Epoch[017/100], iter[040/392], loss_total:0.58710, loss_equ:1.12190 loss_pq_vm:0.00757 loss_pq_va:0.20034 loss_pv_va:0.19890
INFO|2024-09-25 13:36:18: Epoch[017/100], iter[079/392], loss_total:0.55121, loss_equ:1.16363 loss_pq_vm:0.00738 loss_pq_va:0.18127 loss_pv_va:0.17975
INFO|2024-09-25 13:36:51: Epoch[017/100], iter[118/392], loss_total:0.60388, loss_equ:1.18581 loss_pq_vm:0.00892 loss_pq_va:0.19982 loss_pv_va:0.19625
INFO|2024-09-25 13:37:23: Epoch[017/100], iter[157/392], loss_total:1.16879, loss_equ:1.47762 loss_pq_vm:0.00816 loss_pq_va:0.47579 loss_pv_va:0.46367
INFO|2024-09-25 13:37:56: Epoch[017/100], iter[196/392], loss_total:0.59616, loss_equ:1.21663 loss_pq_vm:0.00664 loss_pq_va:0.20677 loss_pv_va:0.20133
INFO|2024-09-25 13:38:29: Epoch[017/100], iter[235/392], loss_total:0.53457, loss_equ:1.09936 loss_pq_vm:0.00761 loss_pq_va:0.17648 loss_pv_va:0.17203
INFO|2024-09-25 13:39:02: Epoch[017/100], iter[274/392], loss_total:1.03068, loss_equ:2.43568 loss_pq_vm:0.03172 loss_pq_va:0.24010 loss_pv_va:0.22984
INFO|2024-09-25 13:39:36: Epoch[017/100], iter[313/392], loss_total:0.60906, loss_equ:1.32586 loss_pq_vm:0.00750 loss_pq_va:0.20394 loss_pv_va:0.19749
INFO|2024-09-25 13:40:09: Epoch[017/100], iter[352/392], loss_total:0.51945, loss_equ:1.08455 loss_pq_vm:0.00611 loss_pq_va:0.17801 loss_pv_va:0.17184
INFO|2024-09-25 13:40:43: Epoch[017/100], iter[392/392], loss_total:1.03380, loss_equ:1.58030 loss_pq_vm:0.00909 loss_pq_va:0.38712 loss_pv_va:0.39774
INFO|2024-09-25 13:42:00: Epoch 16/100, lr:  0.00093107, eta: 9.46h, train_loss:  0.68798, valid_loss:  1.00182
INFO|2024-09-25 13:42:00: 	Train: PQ_Vm_rmse: 0.00059266  PQ_Va_rmse: 0.01861712  PV_Va_rmse: 0.01826220  delta_p: 0.04693938  delta_q: 0.00870445  
INFO|2024-09-25 13:42:00: 	ZTest: PQ_Vm_rmse: 0.00058924  PQ_Va_rmse: 0.03569546  PV_Va_rmse: 0.03592984  delta_p: 0.05927992  delta_q: 0.00845397  
INFO|2024-09-25 13:42:00: 	ZTest-ema: PQ_Vm_rmse: 0.000311  PQ_Va_rmse: 0.013278  PV_Va_rmse: 0.012639  delta_p: 0.021079  delta_q: 0.002971  
INFO|2024-09-25 13:42:00: 	           ValOfEMA:0.013278/0.011588,  Epoch:17/16
INFO|2024-09-25 13:42:00: 	Time(ep):410s,  Val(curr/best):0.035930/0.013768,  Epoch(curr/best):17/12
INFO|2024-09-25 13:42:00: -------------------- Epoch: 18 --------------------
INFO|2024-09-25 13:42:35: Epoch[018/100], iter[040/392], loss_total:0.62202, loss_equ:1.11103 loss_pq_vm:0.00719 loss_pq_va:0.22205 loss_pv_va:0.21697
INFO|2024-09-25 13:43:08: Epoch[018/100], iter[079/392], loss_total:0.49802, loss_equ:0.95825 loss_pq_vm:0.00586 loss_pq_va:0.17389 loss_pv_va:0.16970
INFO|2024-09-25 13:43:41: Epoch[018/100], iter[118/392], loss_total:0.56809, loss_equ:1.05748 loss_pq_vm:0.00669 loss_pq_va:0.19958 loss_pv_va:0.19587
INFO|2024-09-25 13:44:14: Epoch[018/100], iter[157/392], loss_total:0.63439, loss_equ:1.20072 loss_pq_vm:0.00761 loss_pq_va:0.22014 loss_pv_va:0.21804
INFO|2024-09-25 13:44:46: Epoch[018/100], iter[196/392], loss_total:0.57726, loss_equ:1.35326 loss_pq_vm:0.00770 loss_pq_va:0.18464 loss_pv_va:0.18028
INFO|2024-09-25 13:45:18: Epoch[018/100], iter[235/392], loss_total:0.60655, loss_equ:1.38509 loss_pq_vm:0.00817 loss_pq_va:0.19476 loss_pv_va:0.19162
INFO|2024-09-25 13:45:51: Epoch[018/100], iter[274/392], loss_total:0.51815, loss_equ:1.11459 loss_pq_vm:0.00680 loss_pq_va:0.17158 loss_pv_va:0.16710
INFO|2024-09-25 13:46:24: Epoch[018/100], iter[313/392], loss_total:0.65420, loss_equ:1.27473 loss_pq_vm:0.00951 loss_pq_va:0.22146 loss_pv_va:0.21016
INFO|2024-09-25 13:46:56: Epoch[018/100], iter[352/392], loss_total:0.62180, loss_equ:1.30165 loss_pq_vm:0.00692 loss_pq_va:0.21356 loss_pv_va:0.20886
INFO|2024-09-25 13:47:29: Epoch[018/100], iter[392/392], loss_total:0.69635, loss_equ:1.33650 loss_pq_vm:0.00737 loss_pq_va:0.25100 loss_pv_va:0.23800
INFO|2024-09-25 13:48:45: Epoch 17/100, lr:  0.00092294, eta: 9.23h, train_loss:  0.65718, valid_loss:  0.66612
INFO|2024-09-25 13:48:45: 	Train: PQ_Vm_rmse: 0.00040586  PQ_Va_rmse: 0.01659606  PV_Va_rmse: 0.01623814  delta_p: 0.04173470  delta_q: 0.00595871  
INFO|2024-09-25 13:48:45: 	ZTest: PQ_Vm_rmse: 0.00054741  PQ_Va_rmse: 0.01254016  PV_Va_rmse: 0.01200330  delta_p: 0.03960630  delta_q: 0.00663027  
INFO|2024-09-25 13:48:45: 	ZTest-ema: PQ_Vm_rmse: 0.000308  PQ_Va_rmse: 0.010762  PV_Va_rmse: 0.010232  delta_p: 0.025322  delta_q: 0.003153  
INFO|2024-09-25 13:48:45: 	           ValOfEMA:0.010762/0.010762,  Epoch:18/18
INFO|2024-09-25 13:48:46: 	Time(ep):405s,  Val(curr/best):0.012540/0.012540,  Epoch(curr/best):18/18
INFO|2024-09-25 13:48:46: -------------------- Epoch: 19 --------------------
INFO|2024-09-25 13:49:22: Epoch[019/100], iter[040/392], loss_total:0.63621, loss_equ:1.23975 loss_pq_vm:0.00986 loss_pq_va:0.20787 loss_pv_va:0.20578
INFO|2024-09-25 13:49:55: Epoch[019/100], iter[079/392], loss_total:0.62847, loss_equ:1.61866 loss_pq_vm:0.00930 loss_pq_va:0.19270 loss_pv_va:0.18094
INFO|2024-09-25 13:50:28: Epoch[019/100], iter[118/392], loss_total:0.54484, loss_equ:1.07899 loss_pq_vm:0.00611 loss_pq_va:0.18962 loss_pv_va:0.18619
INFO|2024-09-25 13:51:01: Epoch[019/100], iter[157/392], loss_total:0.54793, loss_equ:1.16666 loss_pq_vm:0.00851 loss_pq_va:0.17603 loss_pv_va:0.17010
INFO|2024-09-25 13:51:34: Epoch[019/100], iter[196/392], loss_total:0.62727, loss_equ:1.47841 loss_pq_vm:0.00938 loss_pq_va:0.19578 loss_pv_va:0.18989
INFO|2024-09-25 13:52:07: Epoch[019/100], iter[235/392], loss_total:0.62550, loss_equ:1.13287 loss_pq_vm:0.00720 loss_pq_va:0.22347 loss_pv_va:0.21676
INFO|2024-09-25 13:52:41: Epoch[019/100], iter[274/392], loss_total:0.64745, loss_equ:1.31625 loss_pq_vm:0.01048 loss_pq_va:0.20687 loss_pv_va:0.20413
INFO|2024-09-25 13:53:14: Epoch[019/100], iter[313/392], loss_total:0.69382, loss_equ:1.26578 loss_pq_vm:0.01090 loss_pq_va:0.23155 loss_pv_va:0.22673
INFO|2024-09-25 13:53:47: Epoch[019/100], iter[352/392], loss_total:0.55313, loss_equ:1.05953 loss_pq_vm:0.00661 loss_pq_va:0.19074 loss_pv_va:0.19033
INFO|2024-09-25 13:54:21: Epoch[019/100], iter[392/392], loss_total:0.76951, loss_equ:1.14024 loss_pq_vm:0.00738 loss_pq_va:0.29478 loss_pv_va:0.28690
INFO|2024-09-25 13:55:37: Epoch 18/100, lr:  0.00091440, eta: 9.25h, train_loss:  0.62085, valid_loss:  0.67690
INFO|2024-09-25 13:55:37: 	Train: PQ_Vm_rmse: 0.00044229  PQ_Va_rmse: 0.01424518  PV_Va_rmse: 0.01388754  delta_p: 0.03211672  delta_q: 0.00546038  
INFO|2024-09-25 13:55:37: 	ZTest: PQ_Vm_rmse: 0.00038413  PQ_Va_rmse: 0.01964925  PV_Va_rmse: 0.01896603  delta_p: 0.03667254  delta_q: 0.00522979  
INFO|2024-09-25 13:55:37: 	ZTest-ema: PQ_Vm_rmse: 0.000306  PQ_Va_rmse: 0.010076  PV_Va_rmse: 0.009599  delta_p: 0.021755  delta_q: 0.003110  
INFO|2024-09-25 13:55:37: 	           ValOfEMA:0.010076/0.010076,  Epoch:19/19
INFO|2024-09-25 13:55:37: 	Time(ep):411s,  Val(curr/best):0.019649/0.012540,  Epoch(curr/best):19/18
INFO|2024-09-25 13:55:37: -------------------- Epoch: 20 --------------------
INFO|2024-09-25 13:56:13: Epoch[020/100], iter[040/392], loss_total:0.63641, loss_equ:1.07813 loss_pq_vm:0.00686 loss_pq_va:0.23061 loss_pv_va:0.22942
INFO|2024-09-25 13:56:46: Epoch[020/100], iter[079/392], loss_total:0.58092, loss_equ:1.00297 loss_pq_vm:0.00639 loss_pq_va:0.21120 loss_pv_va:0.20551
INFO|2024-09-25 13:57:19: Epoch[020/100], iter[118/392], loss_total:0.86893, loss_equ:2.21824 loss_pq_vm:0.00939 loss_pq_va:0.27611 loss_pv_va:0.27713
INFO|2024-09-25 13:57:52: Epoch[020/100], iter[157/392], loss_total:0.56946, loss_equ:1.27051 loss_pq_vm:0.00739 loss_pq_va:0.18724 loss_pv_va:0.18127
INFO|2024-09-25 13:58:25: Epoch[020/100], iter[196/392], loss_total:0.73255, loss_equ:1.14724 loss_pq_vm:0.00621 loss_pq_va:0.28275 loss_pv_va:0.27298
INFO|2024-09-25 13:58:58: Epoch[020/100], iter[235/392], loss_total:0.81664, loss_equ:1.42583 loss_pq_vm:0.01196 loss_pq_va:0.27719 loss_pv_va:0.27725
INFO|2024-09-25 13:59:30: Epoch[020/100], iter[274/392], loss_total:0.66274, loss_equ:1.19046 loss_pq_vm:0.00864 loss_pq_va:0.22882 loss_pv_va:0.22847
INFO|2024-09-25 14:00:03: Epoch[020/100], iter[313/392], loss_total:0.52029, loss_equ:0.97275 loss_pq_vm:0.00610 loss_pq_va:0.18322 loss_pv_va:0.17878
INFO|2024-09-25 14:00:36: Epoch[020/100], iter[352/392], loss_total:0.68506, loss_equ:2.03570 loss_pq_vm:0.00869 loss_pq_va:0.20292 loss_pv_va:0.19169
INFO|2024-09-25 14:01:09: Epoch[020/100], iter[392/392], loss_total:0.51632, loss_equ:1.12649 loss_pq_vm:0.00640 loss_pq_va:0.17235 loss_pv_va:0.16733
INFO|2024-09-25 14:02:25: Epoch 19/100, lr:  0.00090546, eta: 9.07h, train_loss:  0.63598, valid_loss:  0.58688
INFO|2024-09-25 14:02:25: 	Train: PQ_Vm_rmse: 0.00038149  PQ_Va_rmse: 0.01606370  PV_Va_rmse: 0.01557831  delta_p: 0.04287626  delta_q: 0.00574673  
INFO|2024-09-25 14:02:25: 	ZTest: PQ_Vm_rmse: 0.00044683  PQ_Va_rmse: 0.01091808  PV_Va_rmse: 0.01016327  delta_p: 0.03835522  delta_q: 0.00386527  
INFO|2024-09-25 14:02:25: 	ZTest-ema: PQ_Vm_rmse: 0.000293  PQ_Va_rmse: 0.010316  PV_Va_rmse: 0.009860  delta_p: 0.021895  delta_q: 0.002991  
INFO|2024-09-25 14:02:25: 	           ValOfEMA:0.010316/0.010076,  Epoch:20/19
INFO|2024-09-25 14:02:26: 	Time(ep):408s,  Val(curr/best):0.010918/0.010918,  Epoch(curr/best):20/20
INFO|2024-09-25 14:02:26: -------------------- Epoch: 21 --------------------
INFO|2024-09-25 14:03:01: Epoch[021/100], iter[040/392], loss_total:0.84018, loss_equ:1.37280 loss_pq_vm:0.00864 loss_pq_va:0.30393 loss_pv_va:0.31253
INFO|2024-09-25 14:03:34: Epoch[021/100], iter[079/392], loss_total:0.62793, loss_equ:1.41354 loss_pq_vm:0.00709 loss_pq_va:0.20629 loss_pv_va:0.20934
INFO|2024-09-25 14:04:06: Epoch[021/100], iter[118/392], loss_total:0.54677, loss_equ:1.10924 loss_pq_vm:0.00679 loss_pq_va:0.18600 loss_pv_va:0.18199
INFO|2024-09-25 14:04:39: Epoch[021/100], iter[157/392], loss_total:0.57570, loss_equ:1.22519 loss_pq_vm:0.00870 loss_pq_va:0.18574 loss_pv_va:0.18041
INFO|2024-09-25 14:05:11: Epoch[021/100], iter[196/392], loss_total:0.47556, loss_equ:1.06920 loss_pq_vm:0.00579 loss_pq_va:0.15674 loss_pv_va:0.15401
INFO|2024-09-25 14:05:44: Epoch[021/100], iter[235/392], loss_total:0.99179, loss_equ:1.85016 loss_pq_vm:0.01046 loss_pq_va:0.35959 loss_pv_va:0.34255
INFO|2024-09-25 14:06:17: Epoch[021/100], iter[274/392], loss_total:0.57713, loss_equ:1.16294 loss_pq_vm:0.00711 loss_pq_va:0.19718 loss_pv_va:0.19257
INFO|2024-09-25 14:06:50: Epoch[021/100], iter[313/392], loss_total:0.54591, loss_equ:1.11301 loss_pq_vm:0.00638 loss_pq_va:0.18784 loss_pv_va:0.18298
INFO|2024-09-25 14:07:24: Epoch[021/100], iter[352/392], loss_total:0.56561, loss_equ:1.02433 loss_pq_vm:0.00591 loss_pq_va:0.20294 loss_pv_va:0.20116
INFO|2024-09-25 14:07:58: Epoch[021/100], iter[392/392], loss_total:0.62501, loss_equ:1.19023 loss_pq_vm:0.00850 loss_pq_va:0.21361 loss_pv_va:0.20739
INFO|2024-09-25 14:09:14: Epoch 20/100, lr:  0.00089613, eta: 8.95h, train_loss:  0.62465, valid_loss:  0.70965
INFO|2024-09-25 14:09:14: 	Train: PQ_Vm_rmse: 0.00039624  PQ_Va_rmse: 0.01427638  PV_Va_rmse: 0.01397509  delta_p: 0.04186245  delta_q: 0.00618368  
INFO|2024-09-25 14:09:14: 	ZTest: PQ_Vm_rmse: 0.00037978  PQ_Va_rmse: 0.02025157  PV_Va_rmse: 0.02005902  delta_p: 0.02942140  delta_q: 0.00439371  
INFO|2024-09-25 14:09:14: 	ZTest-ema: PQ_Vm_rmse: 0.000290  PQ_Va_rmse: 0.009510  PV_Va_rmse: 0.009090  delta_p: 0.023926  delta_q: 0.003310  
INFO|2024-09-25 14:09:14: 	           ValOfEMA:0.009510/0.009510,  Epoch:21/21
INFO|2024-09-25 14:09:14: 	Time(ep):407s,  Val(curr/best):0.020252/0.010918,  Epoch(curr/best):21/20
INFO|2024-09-25 14:09:14: -------------------- Epoch: 22 --------------------
INFO|2024-09-25 14:09:49: Epoch[022/100], iter[040/392], loss_total:0.49512, loss_equ:1.08111 loss_pq_vm:0.00594 loss_pq_va:0.16590 loss_pv_va:0.16169
INFO|2024-09-25 14:10:22: Epoch[022/100], iter[079/392], loss_total:0.52688, loss_equ:1.10566 loss_pq_vm:0.00616 loss_pq_va:0.18188 loss_pv_va:0.17284
INFO|2024-09-25 14:10:55: Epoch[022/100], iter[118/392], loss_total:0.67294, loss_equ:1.34792 loss_pq_vm:0.00682 loss_pq_va:0.23792 loss_pv_va:0.23199
INFO|2024-09-25 14:11:28: Epoch[022/100], iter[157/392], loss_total:0.70930, loss_equ:1.17137 loss_pq_vm:0.00904 loss_pq_va:0.25137 loss_pv_va:0.25043
INFO|2024-09-25 14:12:01: Epoch[022/100], iter[196/392], loss_total:0.85657, loss_equ:1.89869 loss_pq_vm:0.02143 loss_pq_va:0.22767 loss_pv_va:0.22478
INFO|2024-09-25 14:12:33: Epoch[022/100], iter[235/392], loss_total:0.61676, loss_equ:1.15984 loss_pq_vm:0.00983 loss_pq_va:0.20496 loss_pv_va:0.19754
INFO|2024-09-25 14:13:05: Epoch[022/100], iter[274/392], loss_total:0.63103, loss_equ:1.14838 loss_pq_vm:0.00881 loss_pq_va:0.21572 loss_pv_va:0.21233
INFO|2024-09-25 14:13:38: Epoch[022/100], iter[313/392], loss_total:0.55236, loss_equ:1.01685 loss_pq_vm:0.00905 loss_pq_va:0.18018 loss_pv_va:0.18000
INFO|2024-09-25 14:14:11: Epoch[022/100], iter[352/392], loss_total:0.99438, loss_equ:1.35249 loss_pq_vm:0.01585 loss_pq_va:0.35671 loss_pv_va:0.34395
INFO|2024-09-25 14:14:44: Epoch[022/100], iter[392/392], loss_total:0.71928, loss_equ:1.13028 loss_pq_vm:0.00933 loss_pq_va:0.25865 loss_pv_va:0.25431
INFO|2024-09-25 14:16:01: Epoch 21/100, lr:  0.00088640, eta: 8.82h, train_loss:  0.63480, valid_loss:  0.77466
INFO|2024-09-25 14:16:01: 	Train: PQ_Vm_rmse: 0.00050582  PQ_Va_rmse: 0.01491956  PV_Va_rmse: 0.01456676  delta_p: 0.03473917  delta_q: 0.00646287  
INFO|2024-09-25 14:16:01: 	ZTest: PQ_Vm_rmse: 0.00057654  PQ_Va_rmse: 0.02550282  PV_Va_rmse: 0.02533146  delta_p: 0.03424318  delta_q: 0.00623464  
INFO|2024-09-25 14:16:01: 	ZTest-ema: PQ_Vm_rmse: 0.000341  PQ_Va_rmse: 0.009804  PV_Va_rmse: 0.009408  delta_p: 0.021918  delta_q: 0.004105  
INFO|2024-09-25 14:16:01: 	           ValOfEMA:0.009804/0.009510,  Epoch:22/21
INFO|2024-09-25 14:16:01: 	Time(ep):407s,  Val(curr/best):0.025503/0.010918,  Epoch(curr/best):22/20
INFO|2024-09-25 14:16:01: -------------------- Epoch: 23 --------------------
INFO|2024-09-25 14:16:37: Epoch[023/100], iter[040/392], loss_total:0.49204, loss_equ:0.93882 loss_pq_vm:0.00675 loss_pq_va:0.16736 loss_pv_va:0.16330
INFO|2024-09-25 14:17:10: Epoch[023/100], iter[079/392], loss_total:0.51006, loss_equ:0.95351 loss_pq_vm:0.00674 loss_pq_va:0.17685 loss_pv_va:0.17047
INFO|2024-09-25 14:17:43: Epoch[023/100], iter[118/392], loss_total:0.50297, loss_equ:0.98033 loss_pq_vm:0.00578 loss_pq_va:0.17564 loss_pv_va:0.17153
INFO|2024-09-25 14:18:16: Epoch[023/100], iter[157/392], loss_total:0.59289, loss_equ:1.08975 loss_pq_vm:0.00638 loss_pq_va:0.21216 loss_pv_va:0.20790
INFO|2024-09-25 14:18:49: Epoch[023/100], iter[196/392], loss_total:0.56589, loss_equ:1.05110 loss_pq_vm:0.00680 loss_pq_va:0.19875 loss_pv_va:0.19402
INFO|2024-09-25 14:19:22: Epoch[023/100], iter[235/392], loss_total:0.60176, loss_equ:1.17717 loss_pq_vm:0.00733 loss_pq_va:0.20846 loss_pv_va:0.20226
INFO|2024-09-25 14:19:55: Epoch[023/100], iter[274/392], loss_total:0.53678, loss_equ:1.05526 loss_pq_vm:0.00821 loss_pq_va:0.17767 loss_pv_va:0.17150
INFO|2024-09-25 14:20:28: Epoch[023/100], iter[313/392], loss_total:0.52987, loss_equ:0.97958 loss_pq_vm:0.00682 loss_pq_va:0.18343 loss_pv_va:0.18032
INFO|2024-09-25 14:21:01: Epoch[023/100], iter[352/392], loss_total:0.58684, loss_equ:1.15615 loss_pq_vm:0.00943 loss_pq_va:0.18767 loss_pv_va:0.18930
INFO|2024-09-25 14:21:35: Epoch[023/100], iter[392/392], loss_total:0.72043, loss_equ:1.21355 loss_pq_vm:0.00625 loss_pq_va:0.27199 loss_pv_va:0.26456
INFO|2024-09-25 14:22:52: Epoch 22/100, lr:  0.00087630, eta: 8.79h, train_loss:  0.59630, valid_loss:  0.69295
INFO|2024-09-25 14:22:52: 	Train: PQ_Vm_rmse: 0.00037246  PQ_Va_rmse: 0.01398744  PV_Va_rmse: 0.01370010  delta_p: 0.02984679  delta_q: 0.00475278  
INFO|2024-09-25 14:22:52: 	ZTest: PQ_Vm_rmse: 0.00033383  PQ_Va_rmse: 0.02023171  PV_Va_rmse: 0.01822401  delta_p: 0.06448518  delta_q: 0.00785701  
INFO|2024-09-25 14:22:52: 	ZTest-ema: PQ_Vm_rmse: 0.000265  PQ_Va_rmse: 0.009472  PV_Va_rmse: 0.009008  delta_p: 0.018534  delta_q: 0.002537  
INFO|2024-09-25 14:22:52: 	           ValOfEMA:0.009472/0.009472,  Epoch:23/23
INFO|2024-09-25 14:22:52: 	Time(ep):410s,  Val(curr/best):0.020232/0.010918,  Epoch(curr/best):23/20
INFO|2024-09-25 14:22:52: -------------------- Epoch: 24 --------------------
INFO|2024-09-25 14:23:27: Epoch[024/100], iter[040/392], loss_total:0.56706, loss_equ:1.12186 loss_pq_vm:0.00738 loss_pq_va:0.19303 loss_pv_va:0.18805
INFO|2024-09-25 14:23:59: Epoch[024/100], iter[079/392], loss_total:0.67753, loss_equ:1.11247 loss_pq_vm:0.00651 loss_pq_va:0.25299 loss_pv_va:0.24818
INFO|2024-09-25 14:24:33: Epoch[024/100], iter[118/392], loss_total:0.52922, loss_equ:1.03164 loss_pq_vm:0.00670 loss_pq_va:0.17927 loss_pv_va:0.17975
INFO|2024-09-25 14:25:06: Epoch[024/100], iter[157/392], loss_total:0.47145, loss_equ:0.97652 loss_pq_vm:0.00638 loss_pq_va:0.15715 loss_pv_va:0.15284
INFO|2024-09-25 14:25:39: Epoch[024/100], iter[196/392], loss_total:0.57326, loss_equ:1.04231 loss_pq_vm:0.00858 loss_pq_va:0.19466 loss_pv_va:0.18853
INFO|2024-09-25 14:26:13: Epoch[024/100], iter[235/392], loss_total:0.54646, loss_equ:1.16917 loss_pq_vm:0.00681 loss_pq_va:0.18309 loss_pv_va:0.17833
INFO|2024-09-25 14:26:46: Epoch[024/100], iter[274/392], loss_total:0.88472, loss_equ:1.47236 loss_pq_vm:0.01401 loss_pq_va:0.30462 loss_pv_va:0.29282
INFO|2024-09-25 14:27:19: Epoch[024/100], iter[313/392], loss_total:0.56200, loss_equ:1.08084 loss_pq_vm:0.00950 loss_pq_va:0.18107 loss_pv_va:0.17782
INFO|2024-09-25 14:27:52: Epoch[024/100], iter[352/392], loss_total:0.66598, loss_equ:1.29583 loss_pq_vm:0.01601 loss_pq_va:0.19074 loss_pv_va:0.18558
INFO|2024-09-25 14:28:26: Epoch[024/100], iter[392/392], loss_total:0.53269, loss_equ:1.09429 loss_pq_vm:0.00650 loss_pq_va:0.18149 loss_pv_va:0.17678
INFO|2024-09-25 14:29:43: Epoch 23/100, lr:  0.00086584, eta: 8.67h, train_loss:  0.60959, valid_loss:  0.56973
INFO|2024-09-25 14:29:43: 	Train: PQ_Vm_rmse: 0.00044905  PQ_Va_rmse: 0.01411939  PV_Va_rmse: 0.01377511  delta_p: 0.03305794  delta_q: 0.00535073  
INFO|2024-09-25 14:29:43: 	ZTest: PQ_Vm_rmse: 0.00045155  PQ_Va_rmse: 0.01185645  PV_Va_rmse: 0.01132119  delta_p: 0.02989332  delta_q: 0.00580954  
INFO|2024-09-25 14:29:43: 	ZTest-ema: PQ_Vm_rmse: 0.000272  PQ_Va_rmse: 0.008955  PV_Va_rmse: 0.008541  delta_p: 0.016568  delta_q: 0.002640  
INFO|2024-09-25 14:29:43: 	           ValOfEMA:0.008955/0.008955,  Epoch:24/24
INFO|2024-09-25 14:29:43: 	Time(ep):410s,  Val(curr/best):0.011856/0.010918,  Epoch(curr/best):24/20
INFO|2024-09-25 14:29:43: -------------------- Epoch: 25 --------------------
INFO|2024-09-25 14:30:19: Epoch[025/100], iter[040/392], loss_total:0.46455, loss_equ:0.87311 loss_pq_vm:0.00577 loss_pq_va:0.16226 loss_pv_va:0.15723
INFO|2024-09-25 14:30:52: Epoch[025/100], iter[079/392], loss_total:0.49729, loss_equ:0.92238 loss_pq_vm:0.00573 loss_pq_va:0.17505 loss_pv_va:0.17270
INFO|2024-09-25 14:31:25: Epoch[025/100], iter[118/392], loss_total:0.48669, loss_equ:0.97297 loss_pq_vm:0.00630 loss_pq_va:0.16542 loss_pv_va:0.16092
INFO|2024-09-25 14:31:58: Epoch[025/100], iter[157/392], loss_total:0.54616, loss_equ:1.13777 loss_pq_vm:0.00693 loss_pq_va:0.18591 loss_pv_va:0.17715
INFO|2024-09-25 14:32:31: Epoch[025/100], iter[196/392], loss_total:0.69780, loss_equ:1.45691 loss_pq_vm:0.00800 loss_pq_va:0.23671 loss_pv_va:0.23539
INFO|2024-09-25 14:33:04: Epoch[025/100], iter[235/392], loss_total:0.64526, loss_equ:1.51044 loss_pq_vm:0.00738 loss_pq_va:0.20704 loss_pv_va:0.21333
INFO|2024-09-25 14:33:37: Epoch[025/100], iter[274/392], loss_total:0.51531, loss_equ:1.06582 loss_pq_vm:0.00603 loss_pq_va:0.17639 loss_pv_va:0.17203
INFO|2024-09-25 14:34:10: Epoch[025/100], iter[313/392], loss_total:0.46176, loss_equ:1.07461 loss_pq_vm:0.00564 loss_pq_va:0.15092 loss_pv_va:0.14696
INFO|2024-09-25 14:34:43: Epoch[025/100], iter[352/392], loss_total:0.63983, loss_equ:1.06605 loss_pq_vm:0.00569 loss_pq_va:0.23828 loss_pv_va:0.23801
INFO|2024-09-25 14:35:17: Epoch[025/100], iter[392/392], loss_total:0.61939, loss_equ:0.98844 loss_pq_vm:0.00555 loss_pq_va:0.23442 loss_pv_va:0.23058
INFO|2024-09-25 14:36:33: Epoch 24/100, lr:  0.00085502, eta: 8.54h, train_loss:  0.55388, valid_loss:  0.61819
INFO|2024-09-25 14:36:33: 	Train: PQ_Vm_rmse: 0.00028800  PQ_Va_rmse: 0.01139221  PV_Va_rmse: 0.01112975  delta_p: 0.02977020  delta_q: 0.00435033  
INFO|2024-09-25 14:36:33: 	ZTest: PQ_Vm_rmse: 0.00032879  PQ_Va_rmse: 0.01395842  PV_Va_rmse: 0.01361046  delta_p: 0.03592440  delta_q: 0.00456534  
INFO|2024-09-25 14:36:33: 	ZTest-ema: PQ_Vm_rmse: 0.000245  PQ_Va_rmse: 0.008546  PV_Va_rmse: 0.008139  delta_p: 0.019858  delta_q: 0.002601  
INFO|2024-09-25 14:36:33: 	           ValOfEMA:0.008546/0.008546,  Epoch:25/25
INFO|2024-09-25 14:36:34: 	Time(ep):410s,  Val(curr/best):0.013958/0.010918,  Epoch(curr/best):25/20
INFO|2024-09-25 14:36:34: -------------------- Epoch: 26 --------------------
INFO|2024-09-25 14:37:09: Epoch[026/100], iter[040/392], loss_total:0.79329, loss_equ:0.99862 loss_pq_vm:0.00648 loss_pq_va:0.31340 loss_pv_va:0.31518
INFO|2024-09-25 14:37:43: Epoch[026/100], iter[079/392], loss_total:0.52640, loss_equ:0.98130 loss_pq_vm:0.00715 loss_pq_va:0.17839 loss_pv_va:0.17841
INFO|2024-09-25 14:38:16: Epoch[026/100], iter[118/392], loss_total:0.54808, loss_equ:1.04107 loss_pq_vm:0.00594 loss_pq_va:0.19569 loss_pv_va:0.18888
INFO|2024-09-25 14:38:49: Epoch[026/100], iter[157/392], loss_total:0.50047, loss_equ:0.92714 loss_pq_vm:0.00574 loss_pq_va:0.17832 loss_pv_va:0.17204
INFO|2024-09-25 14:39:22: Epoch[026/100], iter[196/392], loss_total:0.58650, loss_equ:1.15644 loss_pq_vm:0.00737 loss_pq_va:0.20176 loss_pv_va:0.19544
INFO|2024-09-25 14:39:55: Epoch[026/100], iter[235/392], loss_total:0.64681, loss_equ:1.31430 loss_pq_vm:0.01027 loss_pq_va:0.20957 loss_pv_va:0.20314
INFO|2024-09-25 14:40:28: Epoch[026/100], iter[274/392], loss_total:0.50987, loss_equ:0.93835 loss_pq_vm:0.00643 loss_pq_va:0.17760 loss_pv_va:0.17409
INFO|2024-09-25 14:41:01: Epoch[026/100], iter[313/392], loss_total:0.54691, loss_equ:0.96002 loss_pq_vm:0.00536 loss_pq_va:0.19879 loss_pv_va:0.19851
INFO|2024-09-25 14:41:34: Epoch[026/100], iter[352/392], loss_total:0.46972, loss_equ:0.96096 loss_pq_vm:0.00644 loss_pq_va:0.15593 loss_pv_va:0.15332
INFO|2024-09-25 14:42:07: Epoch[026/100], iter[392/392], loss_total:0.47776, loss_equ:1.00143 loss_pq_vm:0.00590 loss_pq_va:0.16101 loss_pv_va:0.15758
INFO|2024-09-25 14:43:23: Epoch 25/100, lr:  0.00084385, eta: 8.43h, train_loss:  0.55129, valid_loss:  0.57708
INFO|2024-09-25 14:43:23: 	Train: PQ_Vm_rmse: 0.00028212  PQ_Va_rmse: 0.01209965  PV_Va_rmse: 0.01189476  delta_p: 0.02722109  delta_q: 0.00407934  
INFO|2024-09-25 14:43:23: 	ZTest: PQ_Vm_rmse: 0.00035929  PQ_Va_rmse: 0.01279578  PV_Va_rmse: 0.01139104  delta_p: 0.07051845  delta_q: 0.00935491  
INFO|2024-09-25 14:43:23: 	ZTest-ema: PQ_Vm_rmse: 0.000251  PQ_Va_rmse: 0.008576  PV_Va_rmse: 0.008128  delta_p: 0.016498  delta_q: 0.002409  
INFO|2024-09-25 14:43:23: 	           ValOfEMA:0.008576/0.008546,  Epoch:26/25
INFO|2024-09-25 14:43:24: 	Time(ep):409s,  Val(curr/best):0.012796/0.010918,  Epoch(curr/best):26/20
INFO|2024-09-25 14:43:24: -------------------- Epoch: 27 --------------------
INFO|2024-09-25 14:43:59: Epoch[027/100], iter[040/392], loss_total:0.45783, loss_equ:0.99318 loss_pq_vm:0.00590 loss_pq_va:0.15155 loss_pv_va:0.14795
INFO|2024-09-25 14:44:33: Epoch[027/100], iter[079/392], loss_total:0.53061, loss_equ:1.11492 loss_pq_vm:0.00937 loss_pq_va:0.16377 loss_pv_va:0.16165
INFO|2024-09-25 14:45:06: Epoch[027/100], iter[118/392], loss_total:0.54486, loss_equ:1.44802 loss_pq_vm:0.00593 loss_pq_va:0.16962 loss_pv_va:0.17119
INFO|2024-09-25 14:45:40: Epoch[027/100], iter[157/392], loss_total:0.57030, loss_equ:1.24379 loss_pq_vm:0.00813 loss_pq_va:0.18345 loss_pv_va:0.18113
INFO|2024-09-25 14:46:13: Epoch[027/100], iter[196/392], loss_total:0.71077, loss_equ:1.48701 loss_pq_vm:0.01272 loss_pq_va:0.21663 loss_pv_va:0.21822
INFO|2024-09-25 14:46:46: Epoch[027/100], iter[235/392], loss_total:0.62075, loss_equ:1.20674 loss_pq_vm:0.00755 loss_pq_va:0.21418 loss_pv_va:0.21038
INFO|2024-09-25 14:47:18: Epoch[027/100], iter[274/392], loss_total:0.63906, loss_equ:1.23129 loss_pq_vm:0.00723 loss_pq_va:0.22001 loss_pv_va:0.22367
INFO|2024-09-25 14:47:51: Epoch[027/100], iter[313/392], loss_total:0.53962, loss_equ:1.43485 loss_pq_vm:0.00853 loss_pq_va:0.15705 loss_pv_va:0.15377
INFO|2024-09-25 14:48:24: Epoch[027/100], iter[352/392], loss_total:0.44103, loss_equ:0.97075 loss_pq_vm:0.00551 loss_pq_va:0.14655 loss_pv_va:0.14231
INFO|2024-09-25 14:48:57: Epoch[027/100], iter[392/392], loss_total:0.55216, loss_equ:1.07262 loss_pq_vm:0.00783 loss_pq_va:0.18522 loss_pv_va:0.18137
INFO|2024-09-25 14:50:13: Epoch 26/100, lr:  0.00083235, eta: 8.3h, train_loss:  0.57232, valid_loss:  0.59392
INFO|2024-09-25 14:50:13: 	Train: PQ_Vm_rmse: 0.00041822  PQ_Va_rmse: 0.01202380  PV_Va_rmse: 0.01187125  delta_p: 0.03707451  delta_q: 0.00623657  
INFO|2024-09-25 14:50:13: 	ZTest: PQ_Vm_rmse: 0.00044998  PQ_Va_rmse: 0.01252828  PV_Va_rmse: 0.01224778  delta_p: 0.02757225  delta_q: 0.00437667  
INFO|2024-09-25 14:50:13: 	ZTest-ema: PQ_Vm_rmse: 0.000250  PQ_Va_rmse: 0.008910  PV_Va_rmse: 0.008485  delta_p: 0.017951  delta_q: 0.002474  
INFO|2024-09-25 14:50:13: 	           ValOfEMA:0.008910/0.008546,  Epoch:27/25
INFO|2024-09-25 14:50:13: 	Time(ep):409s,  Val(curr/best):0.012528/0.010918,  Epoch(curr/best):27/20
INFO|2024-09-25 14:50:13: -------------------- Epoch: 28 --------------------
INFO|2024-09-25 14:50:49: Epoch[028/100], iter[040/392], loss_total:0.48153, loss_equ:0.97196 loss_pq_vm:0.00584 loss_pq_va:0.16605 loss_pv_va:0.15993
INFO|2024-09-25 14:51:22: Epoch[028/100], iter[079/392], loss_total:0.56769, loss_equ:1.00784 loss_pq_vm:0.00659 loss_pq_va:0.20351 loss_pv_va:0.19751
INFO|2024-09-25 14:51:55: Epoch[028/100], iter[118/392], loss_total:0.50197, loss_equ:0.95456 loss_pq_vm:0.00546 loss_pq_va:0.17915 loss_pv_va:0.17277
INFO|2024-09-25 14:52:28: Epoch[028/100], iter[157/392], loss_total:0.61999, loss_equ:1.29156 loss_pq_vm:0.00568 loss_pq_va:0.21076 loss_pv_va:0.22324
INFO|2024-09-25 14:53:01: Epoch[028/100], iter[196/392], loss_total:0.61517, loss_equ:1.12850 loss_pq_vm:0.00638 loss_pq_va:0.21694 loss_pv_va:0.22155
INFO|2024-09-25 14:53:34: Epoch[028/100], iter[235/392], loss_total:0.49649, loss_equ:1.08827 loss_pq_vm:0.00584 loss_pq_va:0.16623 loss_pv_va:0.16299
INFO|2024-09-25 14:54:07: Epoch[028/100], iter[274/392], loss_total:0.65288, loss_equ:1.19672 loss_pq_vm:0.00726 loss_pq_va:0.23353 loss_pv_va:0.22705
INFO|2024-09-25 14:54:40: Epoch[028/100], iter[313/392], loss_total:0.47036, loss_equ:0.97136 loss_pq_vm:0.00580 loss_pq_va:0.15950 loss_pv_va:0.15569
INFO|2024-09-25 14:55:13: Epoch[028/100], iter[352/392], loss_total:0.54077, loss_equ:1.06780 loss_pq_vm:0.00667 loss_pq_va:0.18560 loss_pv_va:0.18164
INFO|2024-09-25 14:55:47: Epoch[028/100], iter[392/392], loss_total:0.50462, loss_equ:0.98971 loss_pq_vm:0.00648 loss_pq_va:0.16925 loss_pv_va:0.17155
INFO|2024-09-25 14:57:04: Epoch 27/100, lr:  0.00082052, eta: 8.21h, train_loss:  0.54789, valid_loss:  0.54554
INFO|2024-09-25 14:57:04: 	Train: PQ_Vm_rmse: 0.00027825  PQ_Va_rmse: 0.01187868  PV_Va_rmse: 0.01172402  delta_p: 0.03113668  delta_q: 0.00431234  
INFO|2024-09-25 14:57:04: 	ZTest: PQ_Vm_rmse: 0.00030490  PQ_Va_rmse: 0.00931190  PV_Va_rmse: 0.00972002  delta_p: 0.03432887  delta_q: 0.00358476  
INFO|2024-09-25 14:57:04: 	ZTest-ema: PQ_Vm_rmse: 0.000236  PQ_Va_rmse: 0.007937  PV_Va_rmse: 0.007578  delta_p: 0.015884  delta_q: 0.002315  
INFO|2024-09-25 14:57:04: 	           ValOfEMA:0.007937/0.007937,  Epoch:28/28
INFO|2024-09-25 14:57:05: 	Time(ep):410s,  Val(curr/best):0.009720/0.009720,  Epoch(curr/best):28/28
INFO|2024-09-25 14:57:05: -------------------- Epoch: 29 --------------------
INFO|2024-09-25 14:57:40: Epoch[029/100], iter[040/392], loss_total:0.50938, loss_equ:0.98103 loss_pq_vm:0.00785 loss_pq_va:0.16818 loss_pv_va:0.16458
INFO|2024-09-25 14:58:13: Epoch[029/100], iter[079/392], loss_total:0.45846, loss_equ:1.00054 loss_pq_vm:0.00587 loss_pq_va:0.15134 loss_pv_va:0.14840
INFO|2024-09-25 14:58:46: Epoch[029/100], iter[118/392], loss_total:0.47118, loss_equ:1.12831 loss_pq_vm:0.00537 loss_pq_va:0.15636 loss_pv_va:0.14828
INFO|2024-09-25 14:59:18: Epoch[029/100], iter[157/392], loss_total:0.65196, loss_equ:1.05686 loss_pq_vm:0.00628 loss_pq_va:0.24116 loss_pv_va:0.24232
INFO|2024-09-25 14:59:51: Epoch[029/100], iter[196/392], loss_total:0.66206, loss_equ:1.16444 loss_pq_vm:0.00881 loss_pq_va:0.22953 loss_pv_va:0.22794
INFO|2024-09-25 15:00:25: Epoch[029/100], iter[235/392], loss_total:0.50278, loss_equ:1.03995 loss_pq_vm:0.00574 loss_pq_va:0.17513 loss_pv_va:0.16627
INFO|2024-09-25 15:00:58: Epoch[029/100], iter[274/392], loss_total:0.44635, loss_equ:0.93356 loss_pq_vm:0.00527 loss_pq_va:0.15166 loss_pv_va:0.14862
INFO|2024-09-25 15:01:31: Epoch[029/100], iter[313/392], loss_total:0.73234, loss_equ:1.35101 loss_pq_vm:0.01191 loss_pq_va:0.24118 loss_pv_va:0.23693
INFO|2024-09-25 15:02:04: Epoch[029/100], iter[352/392], loss_total:0.64475, loss_equ:1.10487 loss_pq_vm:0.00707 loss_pq_va:0.22950 loss_pv_va:0.23410
INFO|2024-09-25 15:02:38: Epoch[029/100], iter[392/392], loss_total:0.45685, loss_equ:0.92903 loss_pq_vm:0.00622 loss_pq_va:0.15226 loss_pv_va:0.14951
INFO|2024-09-25 15:03:55: Epoch 28/100, lr:  0.00080839, eta: 8.09h, train_loss:  0.53398, valid_loss:  0.51769
INFO|2024-09-25 15:03:55: 	Train: PQ_Vm_rmse: 0.00036616  PQ_Va_rmse: 0.01079435  PV_Va_rmse: 0.01061429  delta_p: 0.03004836  delta_q: 0.00497061  
INFO|2024-09-25 15:03:55: 	ZTest: PQ_Vm_rmse: 0.00050486  PQ_Va_rmse: 0.00798037  PV_Va_rmse: 0.00770375  delta_p: 0.02342598  delta_q: 0.00490808  
INFO|2024-09-25 15:03:55: 	ZTest-ema: PQ_Vm_rmse: 0.000250  PQ_Va_rmse: 0.008422  PV_Va_rmse: 0.008032  delta_p: 0.017356  delta_q: 0.002232  
INFO|2024-09-25 15:03:55: 	           ValOfEMA:0.008422/0.007937,  Epoch:29/28
INFO|2024-09-25 15:03:55: 	Time(ep):410s,  Val(curr/best):0.007980/0.007980,  Epoch(curr/best):29/29
INFO|2024-09-25 15:03:55: -------------------- Epoch: 30 --------------------
INFO|2024-09-25 15:04:30: Epoch[030/100], iter[040/392], loss_total:0.46503, loss_equ:0.92216 loss_pq_vm:0.00535 loss_pq_va:0.16133 loss_pv_va:0.15802
INFO|2024-09-25 15:05:02: Epoch[030/100], iter[079/392], loss_total:0.49355, loss_equ:0.93722 loss_pq_vm:0.00629 loss_pq_va:0.17032 loss_pv_va:0.16661
INFO|2024-09-25 15:05:35: Epoch[030/100], iter[118/392], loss_total:0.48902, loss_equ:0.97017 loss_pq_vm:0.00685 loss_pq_va:0.16412 loss_pv_va:0.15938
INFO|2024-09-25 15:06:08: Epoch[030/100], iter[157/392], loss_total:0.44045, loss_equ:0.93647 loss_pq_vm:0.00695 loss_pq_va:0.14010 loss_pv_va:0.13723
INFO|2024-09-25 15:06:41: Epoch[030/100], iter[196/392], loss_total:0.46797, loss_equ:0.92494 loss_pq_vm:0.00715 loss_pq_va:0.15442 loss_pv_va:0.14954
INFO|2024-09-25 15:07:13: Epoch[030/100], iter[235/392], loss_total:0.56814, loss_equ:0.98828 loss_pq_vm:0.00549 loss_pq_va:0.21046 loss_pv_va:0.20400
INFO|2024-09-25 15:07:46: Epoch[030/100], iter[274/392], loss_total:0.47444, loss_equ:0.98744 loss_pq_vm:0.00554 loss_pq_va:0.16340 loss_pv_va:0.15687
INFO|2024-09-25 15:08:19: Epoch[030/100], iter[313/392], loss_total:0.48374, loss_equ:0.91560 loss_pq_vm:0.00610 loss_pq_va:0.16765 loss_pv_va:0.16355
INFO|2024-09-25 15:08:52: Epoch[030/100], iter[352/392], loss_total:0.53828, loss_equ:0.91733 loss_pq_vm:0.00650 loss_pq_va:0.19260 loss_pv_va:0.18891
INFO|2024-09-25 15:09:26: Epoch[030/100], iter[392/392], loss_total:0.67513, loss_equ:1.26483 loss_pq_vm:0.01372 loss_pq_va:0.20882 loss_pv_va:0.20259
INFO|2024-09-25 15:10:42: Epoch 29/100, lr:  0.00079595, eta: 7.92h, train_loss:  0.50300, valid_loss:  0.85698
INFO|2024-09-25 15:10:42: 	Train: PQ_Vm_rmse: 0.00029982  PQ_Va_rmse: 0.00986278  PV_Va_rmse: 0.00967035  delta_p: 0.02199102  delta_q: 0.00365006  
INFO|2024-09-25 15:10:42: 	ZTest: PQ_Vm_rmse: 0.00154019  PQ_Va_rmse: 0.02220210  PV_Va_rmse: 0.02233326  delta_p: 0.04792557  delta_q: 0.01646413  
INFO|2024-09-25 15:10:42: 	ZTest-ema: PQ_Vm_rmse: 0.000241  PQ_Va_rmse: 0.008116  PV_Va_rmse: 0.007760  delta_p: 0.017572  delta_q: 0.002615  
INFO|2024-09-25 15:10:42: 	           ValOfEMA:0.008116/0.007937,  Epoch:30/28
INFO|2024-09-25 15:10:42: 	Time(ep):407s,  Val(curr/best):0.022333/0.007980,  Epoch(curr/best):30/29
INFO|2024-09-25 15:10:42: -------------------- Epoch: 31 --------------------
INFO|2024-09-25 15:11:18: Epoch[031/100], iter[040/392], loss_total:1.01637, loss_equ:1.39151 loss_pq_vm:0.01130 loss_pq_va:0.37874 loss_pv_va:0.38550
INFO|2024-09-25 15:11:51: Epoch[031/100], iter[079/392], loss_total:0.54846, loss_equ:1.17526 loss_pq_vm:0.01102 loss_pq_va:0.16137 loss_pv_va:0.15938
INFO|2024-09-25 15:12:25: Epoch[031/100], iter[118/392], loss_total:0.71687, loss_equ:1.10724 loss_pq_vm:0.01231 loss_pq_va:0.24460 loss_pv_va:0.23841
INFO|2024-09-25 15:12:58: Epoch[031/100], iter[157/392], loss_total:0.59565, loss_equ:1.19730 loss_pq_vm:0.01114 loss_pq_va:0.18383 loss_pv_va:0.18065
INFO|2024-09-25 15:13:31: Epoch[031/100], iter[196/392], loss_total:0.61500, loss_equ:1.16423 loss_pq_vm:0.01272 loss_pq_va:0.18852 loss_pv_va:0.18284
INFO|2024-09-25 15:14:04: Epoch[031/100], iter[235/392], loss_total:0.60379, loss_equ:0.98826 loss_pq_vm:0.01012 loss_pq_va:0.20429 loss_pv_va:0.19952
INFO|2024-09-25 15:14:37: Epoch[031/100], iter[274/392], loss_total:0.45842, loss_equ:0.85083 loss_pq_vm:0.00666 loss_pq_va:0.15479 loss_pv_va:0.15191
INFO|2024-09-25 15:15:11: Epoch[031/100], iter[313/392], loss_total:0.47433, loss_equ:0.97690 loss_pq_vm:0.00563 loss_pq_va:0.16037 loss_pv_va:0.16000
INFO|2024-09-25 15:15:43: Epoch[031/100], iter[352/392], loss_total:0.57812, loss_equ:1.12138 loss_pq_vm:0.00680 loss_pq_va:0.19917 loss_pv_va:0.19881
INFO|2024-09-25 15:16:16: Epoch[031/100], iter[392/392], loss_total:0.46333, loss_equ:0.93900 loss_pq_vm:0.00553 loss_pq_va:0.15961 loss_pv_va:0.15449
INFO|2024-09-25 15:17:33: Epoch 30/100, lr:  0.00078323, eta: 7.87h, train_loss:  0.64088, valid_loss:  0.53435
INFO|2024-09-25 15:17:33: 	Train: PQ_Vm_rmse: 0.00069740  PQ_Va_rmse: 0.01620105  PV_Va_rmse: 0.01590555  delta_p: 0.03499030  delta_q: 0.00788842  
INFO|2024-09-25 15:17:33: 	ZTest: PQ_Vm_rmse: 0.00027769  PQ_Va_rmse: 0.01091646  PV_Va_rmse: 0.01050778  delta_p: 0.02114756  delta_q: 0.00289733  
INFO|2024-09-25 15:17:33: 	ZTest-ema: PQ_Vm_rmse: 0.000266  PQ_Va_rmse: 0.008692  PV_Va_rmse: 0.008265  delta_p: 0.016805  delta_q: 0.002255  
INFO|2024-09-25 15:17:33: 	           ValOfEMA:0.008692/0.007937,  Epoch:31/28
INFO|2024-09-25 15:17:33: 	Time(ep):410s,  Val(curr/best):0.010916/0.007980,  Epoch(curr/best):31/29
INFO|2024-09-25 15:17:33: -------------------- Epoch: 32 --------------------
INFO|2024-09-25 15:18:09: Epoch[032/100], iter[040/392], loss_total:0.47627, loss_equ:0.92555 loss_pq_vm:0.00571 loss_pq_va:0.16354 loss_pv_va:0.16311
INFO|2024-09-25 15:18:42: Epoch[032/100], iter[079/392], loss_total:0.43695, loss_equ:0.90973 loss_pq_vm:0.00589 loss_pq_va:0.14573 loss_pv_va:0.14131
INFO|2024-09-25 15:19:15: Epoch[032/100], iter[118/392], loss_total:0.57277, loss_equ:1.22629 loss_pq_vm:0.00823 loss_pq_va:0.18242 loss_pv_va:0.18542
INFO|2024-09-25 15:19:48: Epoch[032/100], iter[157/392], loss_total:0.48456, loss_equ:1.01736 loss_pq_vm:0.00627 loss_pq_va:0.16073 loss_pv_va:0.15940
INFO|2024-09-25 15:20:21: Epoch[032/100], iter[196/392], loss_total:0.47570, loss_equ:0.86463 loss_pq_vm:0.00522 loss_pq_va:0.17044 loss_pv_va:0.16655
INFO|2024-09-25 15:20:55: Epoch[032/100], iter[235/392], loss_total:0.49933, loss_equ:1.09902 loss_pq_vm:0.00554 loss_pq_va:0.16765 loss_pv_va:0.16638
INFO|2024-09-25 15:21:28: Epoch[032/100], iter[274/392], loss_total:0.46888, loss_equ:0.91522 loss_pq_vm:0.00513 loss_pq_va:0.16441 loss_pv_va:0.16165
INFO|2024-09-25 15:22:01: Epoch[032/100], iter[313/392], loss_total:0.51055, loss_equ:1.05539 loss_pq_vm:0.00529 loss_pq_va:0.17942 loss_pv_va:0.17270
INFO|2024-09-25 15:22:34: Epoch[032/100], iter[352/392], loss_total:0.64408, loss_equ:1.20102 loss_pq_vm:0.00571 loss_pq_va:0.23544 loss_pv_va:0.23140
INFO|2024-09-25 15:23:08: Epoch[032/100], iter[392/392], loss_total:0.53774, loss_equ:1.16444 loss_pq_vm:0.00578 loss_pq_va:0.18464 loss_pv_va:0.17887
INFO|2024-09-25 15:24:25: Epoch 31/100, lr:  0.00077023, eta: 7.78h, train_loss:  0.52590, valid_loss:  0.63906
INFO|2024-09-25 15:24:25: 	Train: PQ_Vm_rmse: 0.00025668  PQ_Va_rmse: 0.01057616  PV_Va_rmse: 0.01041830  delta_p: 0.02958469  delta_q: 0.00404924  
INFO|2024-09-25 15:24:25: 	ZTest: PQ_Vm_rmse: 0.00043774  PQ_Va_rmse: 0.02159449  PV_Va_rmse: 0.02045376  delta_p: 0.06847079  delta_q: 0.00856438  
INFO|2024-09-25 15:24:25: 	ZTest-ema: PQ_Vm_rmse: 0.000250  PQ_Va_rmse: 0.008586  PV_Va_rmse: 0.008202  delta_p: 0.026866  delta_q: 0.003082  
INFO|2024-09-25 15:24:25: 	           ValOfEMA:0.008586/0.007937,  Epoch:32/28
INFO|2024-09-25 15:24:25: 	Time(ep):411s,  Val(curr/best):0.021594/0.007980,  Epoch(curr/best):32/29
INFO|2024-09-25 15:24:25: -------------------- Epoch: 33 --------------------
INFO|2024-09-25 15:25:00: Epoch[033/100], iter[040/392], loss_total:0.63869, loss_equ:1.08773 loss_pq_vm:0.00863 loss_pq_va:0.22832 loss_pv_va:0.21531
INFO|2024-09-25 15:25:34: Epoch[033/100], iter[079/392], loss_total:0.52375, loss_equ:0.96996 loss_pq_vm:0.00620 loss_pq_va:0.18265 loss_pv_va:0.18213
INFO|2024-09-25 15:26:07: Epoch[033/100], iter[118/392], loss_total:0.55728, loss_equ:1.19623 loss_pq_vm:0.00699 loss_pq_va:0.18682 loss_pv_va:0.18097
INFO|2024-09-25 15:26:39: Epoch[033/100], iter[157/392], loss_total:0.52543, loss_equ:1.29495 loss_pq_vm:0.00717 loss_pq_va:0.16242 loss_pv_va:0.16181
INFO|2024-09-25 15:27:12: Epoch[033/100], iter[196/392], loss_total:0.45277, loss_equ:0.90449 loss_pq_vm:0.00565 loss_pq_va:0.15499 loss_pv_va:0.15087
INFO|2024-09-25 15:27:45: Epoch[033/100], iter[235/392], loss_total:0.44614, loss_equ:0.86227 loss_pq_vm:0.00512 loss_pq_va:0.15643 loss_pv_va:0.15228
INFO|2024-09-25 15:28:18: Epoch[033/100], iter[274/392], loss_total:0.49572, loss_equ:0.88092 loss_pq_vm:0.00636 loss_pq_va:0.17393 loss_pv_va:0.17014
INFO|2024-09-25 15:28:51: Epoch[033/100], iter[313/392], loss_total:0.44903, loss_equ:0.83907 loss_pq_vm:0.00492 loss_pq_va:0.16035 loss_pv_va:0.15560
INFO|2024-09-25 15:29:24: Epoch[033/100], iter[352/392], loss_total:0.54202, loss_equ:1.17682 loss_pq_vm:0.01057 loss_pq_va:0.16342 loss_pv_va:0.15526
INFO|2024-09-25 15:29:58: Epoch[033/100], iter[392/392], loss_total:0.43553, loss_equ:0.88937 loss_pq_vm:0.00545 loss_pq_va:0.14790 loss_pv_va:0.14419
INFO|2024-09-25 15:31:14: Epoch 32/100, lr:  0.00075698, eta: 7.62h, train_loss:  0.48954, valid_loss:  0.50311
INFO|2024-09-25 15:31:14: 	Train: PQ_Vm_rmse: 0.00026128  PQ_Va_rmse: 0.00903391  PV_Va_rmse: 0.00889703  delta_p: 0.02714574  delta_q: 0.00396359  
INFO|2024-09-25 15:31:14: 	ZTest: PQ_Vm_rmse: 0.00025784  PQ_Va_rmse: 0.01005923  PV_Va_rmse: 0.00957430  delta_p: 0.02247633  delta_q: 0.00299681  
INFO|2024-09-25 15:31:14: 	ZTest-ema: PQ_Vm_rmse: 0.000239  PQ_Va_rmse: 0.007963  PV_Va_rmse: 0.007587  delta_p: 0.015430  delta_q: 0.002315  
INFO|2024-09-25 15:31:14: 	           ValOfEMA:0.007963/0.007937,  Epoch:33/28
INFO|2024-09-25 15:31:15: 	Time(ep):409s,  Val(curr/best):0.010059/0.007980,  Epoch(curr/best):33/29
INFO|2024-09-25 15:31:15: -------------------- Epoch: 34 --------------------
INFO|2024-09-25 15:31:50: Epoch[034/100], iter[040/392], loss_total:0.46808, loss_equ:0.89878 loss_pq_vm:0.00516 loss_pq_va:0.16491 loss_pv_va:0.16170
INFO|2024-09-25 15:32:23: Epoch[034/100], iter[079/392], loss_total:0.46163, loss_equ:0.86220 loss_pq_vm:0.00478 loss_pq_va:0.16575 loss_pv_va:0.16182
INFO|2024-09-25 15:32:55: Epoch[034/100], iter[118/392], loss_total:0.81037, loss_equ:1.27393 loss_pq_vm:0.00740 loss_pq_va:0.30099 loss_pv_va:0.30794
INFO|2024-09-25 15:33:28: Epoch[034/100], iter[157/392], loss_total:0.50865, loss_equ:1.05126 loss_pq_vm:0.00645 loss_pq_va:0.17154 loss_pv_va:0.16748
INFO|2024-09-25 15:34:01: Epoch[034/100], iter[196/392], loss_total:0.43579, loss_equ:0.87803 loss_pq_vm:0.00519 loss_pq_va:0.14988 loss_pv_va:0.14617
INFO|2024-09-25 15:34:34: Epoch[034/100], iter[235/392], loss_total:0.42966, loss_equ:0.87308 loss_pq_vm:0.00498 loss_pq_va:0.14702 loss_pv_va:0.14555
INFO|2024-09-25 15:35:06: Epoch[034/100], iter[274/392], loss_total:0.49111, loss_equ:1.03231 loss_pq_vm:0.00848 loss_pq_va:0.15439 loss_pv_va:0.14868
INFO|2024-09-25 15:35:39: Epoch[034/100], iter[313/392], loss_total:0.49773, loss_equ:1.00784 loss_pq_vm:0.00581 loss_pq_va:0.17052 loss_pv_va:0.16834
INFO|2024-09-25 15:36:11: Epoch[034/100], iter[352/392], loss_total:0.49093, loss_equ:0.86564 loss_pq_vm:0.00505 loss_pq_va:0.17975 loss_pv_va:0.17409
INFO|2024-09-25 15:36:44: Epoch[034/100], iter[392/392], loss_total:0.44490, loss_equ:0.98692 loss_pq_vm:0.00526 loss_pq_va:0.14775 loss_pv_va:0.14587
INFO|2024-09-25 15:38:01: Epoch 33/100, lr:  0.00074347, eta: 7.45h, train_loss:  0.49868, valid_loss:  0.47917
INFO|2024-09-25 15:38:01: 	Train: PQ_Vm_rmse: 0.00024880  PQ_Va_rmse: 0.00997722  PV_Va_rmse: 0.00979393  delta_p: 0.02313621  delta_q: 0.00357906  
INFO|2024-09-25 15:38:01: 	ZTest: PQ_Vm_rmse: 0.00025885  PQ_Va_rmse: 0.00850834  PV_Va_rmse: 0.00810980  delta_p: 0.02333515  delta_q: 0.00303146  
INFO|2024-09-25 15:38:01: 	ZTest-ema: PQ_Vm_rmse: 0.000227  PQ_Va_rmse: 0.007625  PV_Va_rmse: 0.007264  delta_p: 0.016633  delta_q: 0.002330  
INFO|2024-09-25 15:38:01: 	           ValOfEMA:0.007625/0.007625,  Epoch:34/34
INFO|2024-09-25 15:38:01: 	Time(ep):406s,  Val(curr/best):0.008508/0.007980,  Epoch(curr/best):34/29
INFO|2024-09-25 15:38:01: -------------------- Epoch: 35 --------------------
INFO|2024-09-25 15:38:37: Epoch[035/100], iter[040/392], loss_total:0.50895, loss_equ:1.15579 loss_pq_vm:0.00836 loss_pq_va:0.15664 loss_pv_va:0.15314
INFO|2024-09-25 15:39:10: Epoch[035/100], iter[079/392], loss_total:0.41755, loss_equ:0.91249 loss_pq_vm:0.00486 loss_pq_va:0.14109 loss_pv_va:0.13659
INFO|2024-09-25 15:39:43: Epoch[035/100], iter[118/392], loss_total:0.41841, loss_equ:0.86952 loss_pq_vm:0.00467 loss_pq_va:0.14309 loss_pv_va:0.14171
INFO|2024-09-25 15:40:17: Epoch[035/100], iter[157/392], loss_total:0.44216, loss_equ:0.86073 loss_pq_vm:0.00491 loss_pq_va:0.15572 loss_pv_va:0.15122
INFO|2024-09-25 15:40:50: Epoch[035/100], iter[196/392], loss_total:0.39386, loss_equ:0.79787 loss_pq_vm:0.00509 loss_pq_va:0.13338 loss_pv_va:0.12978
INFO|2024-09-25 15:41:23: Epoch[035/100], iter[235/392], loss_total:0.46938, loss_equ:0.90961 loss_pq_vm:0.00714 loss_pq_va:0.15615 loss_pv_va:0.15087
INFO|2024-09-25 15:41:56: Epoch[035/100], iter[274/392], loss_total:0.64736, loss_equ:1.13954 loss_pq_vm:0.00626 loss_pq_va:0.23614 loss_pv_va:0.23469
INFO|2024-09-25 15:42:29: Epoch[035/100], iter[313/392], loss_total:0.47048, loss_equ:0.90490 loss_pq_vm:0.00558 loss_pq_va:0.16365 loss_pv_va:0.16054
INFO|2024-09-25 15:43:02: Epoch[035/100], iter[352/392], loss_total:0.54040, loss_equ:0.89438 loss_pq_vm:0.00498 loss_pq_va:0.20371 loss_pv_va:0.19748
INFO|2024-09-25 15:43:35: Epoch[035/100], iter[392/392], loss_total:0.47507, loss_equ:0.94971 loss_pq_vm:0.00620 loss_pq_va:0.15890 loss_pv_va:0.15925
INFO|2024-09-25 15:44:52: Epoch 34/100, lr:  0.00072973, eta: 7.41h, train_loss:  0.49927, valid_loss:  0.54839
INFO|2024-09-25 15:44:52: 	Train: PQ_Vm_rmse: 0.00026382  PQ_Va_rmse: 0.01020110  PV_Va_rmse: 0.01003995  delta_p: 0.02423858  delta_q: 0.00371891  
INFO|2024-09-25 15:44:52: 	ZTest: PQ_Vm_rmse: 0.00032962  PQ_Va_rmse: 0.01460942  PV_Va_rmse: 0.01415780  delta_p: 0.03021496  delta_q: 0.00452753  
INFO|2024-09-25 15:44:52: 	ZTest-ema: PQ_Vm_rmse: 0.000223  PQ_Va_rmse: 0.007937  PV_Va_rmse: 0.007591  delta_p: 0.016594  delta_q: 0.002347  
INFO|2024-09-25 15:44:52: 	           ValOfEMA:0.007937/0.007625,  Epoch:35/34
INFO|2024-09-25 15:44:52: 	Time(ep):410s,  Val(curr/best):0.014609/0.007980,  Epoch(curr/best):35/29
INFO|2024-09-25 15:44:52: -------------------- Epoch: 36 --------------------
INFO|2024-09-25 15:45:27: Epoch[036/100], iter[040/392], loss_total:0.43060, loss_equ:0.80288 loss_pq_vm:0.00453 loss_pq_va:0.15465 loss_pv_va:0.15035
INFO|2024-09-25 15:46:01: Epoch[036/100], iter[079/392], loss_total:0.40818, loss_equ:0.82539 loss_pq_vm:0.00508 loss_pq_va:0.13985 loss_pv_va:0.13497
INFO|2024-09-25 15:46:34: Epoch[036/100], iter[118/392], loss_total:0.44505, loss_equ:0.97998 loss_pq_vm:0.00795 loss_pq_va:0.13543 loss_pv_va:0.13217
INFO|2024-09-25 15:47:08: Epoch[036/100], iter[157/392], loss_total:0.60827, loss_equ:1.06363 loss_pq_vm:0.00515 loss_pq_va:0.22979 loss_pv_va:0.22063
INFO|2024-09-25 15:47:41: Epoch[036/100], iter[196/392], loss_total:0.52463, loss_equ:1.04493 loss_pq_vm:0.00645 loss_pq_va:0.17935 loss_pv_va:0.17629
INFO|2024-09-25 15:48:13: Epoch[036/100], iter[235/392], loss_total:0.54869, loss_equ:0.95009 loss_pq_vm:0.00548 loss_pq_va:0.19899 loss_pv_va:0.19987
INFO|2024-09-25 15:48:45: Epoch[036/100], iter[274/392], loss_total:0.45033, loss_equ:0.91535 loss_pq_vm:0.00554 loss_pq_va:0.15324 loss_pv_va:0.15014
INFO|2024-09-25 15:49:18: Epoch[036/100], iter[313/392], loss_total:0.43341, loss_equ:0.88326 loss_pq_vm:0.00568 loss_pq_va:0.14671 loss_pv_va:0.14156
INFO|2024-09-25 15:49:51: Epoch[036/100], iter[352/392], loss_total:0.49135, loss_equ:0.86655 loss_pq_vm:0.00634 loss_pq_va:0.17340 loss_pv_va:0.16794
INFO|2024-09-25 15:50:24: Epoch[036/100], iter[392/392], loss_total:0.49689, loss_equ:0.91758 loss_pq_vm:0.00665 loss_pq_va:0.17138 loss_pv_va:0.16722
INFO|2024-09-25 15:51:40: Epoch 35/100, lr:  0.00071576, eta: 7.26h, train_loss:  0.47771, valid_loss:  0.58522
INFO|2024-09-25 15:51:40: 	Train: PQ_Vm_rmse: 0.00022966  PQ_Va_rmse: 0.00922493  PV_Va_rmse: 0.00909799  delta_p: 0.02140645  delta_q: 0.00328917  
INFO|2024-09-25 15:51:40: 	ZTest: PQ_Vm_rmse: 0.00028414  PQ_Va_rmse: 0.01653957  PV_Va_rmse: 0.01631784  delta_p: 0.02473287  delta_q: 0.00376819  
INFO|2024-09-25 15:51:40: 	ZTest-ema: PQ_Vm_rmse: 0.000227  PQ_Va_rmse: 0.007777  PV_Va_rmse: 0.007413  delta_p: 0.016399  delta_q: 0.002333  
INFO|2024-09-25 15:51:40: 	           ValOfEMA:0.007777/0.007625,  Epoch:36/34
INFO|2024-09-25 15:51:41: 	Time(ep):408s,  Val(curr/best):0.016540/0.007980,  Epoch(curr/best):36/29
INFO|2024-09-25 15:51:41: -------------------- Epoch: 37 --------------------
INFO|2024-09-25 15:52:16: Epoch[037/100], iter[040/392], loss_total:0.44919, loss_equ:0.99589 loss_pq_vm:0.00667 loss_pq_va:0.14432 loss_pv_va:0.13856
INFO|2024-09-25 15:52:49: Epoch[037/100], iter[079/392], loss_total:0.52644, loss_equ:1.05236 loss_pq_vm:0.00558 loss_pq_va:0.18334 loss_pv_va:0.18208
INFO|2024-09-25 15:53:22: Epoch[037/100], iter[118/392], loss_total:0.48234, loss_equ:0.89151 loss_pq_vm:0.00524 loss_pq_va:0.17273 loss_pv_va:0.16805
INFO|2024-09-25 15:53:55: Epoch[037/100], iter[157/392], loss_total:0.46631, loss_equ:0.93567 loss_pq_vm:0.00732 loss_pq_va:0.15198 loss_pv_va:0.14755
INFO|2024-09-25 15:54:28: Epoch[037/100], iter[196/392], loss_total:0.50163, loss_equ:0.99478 loss_pq_vm:0.00897 loss_pq_va:0.15863 loss_pv_va:0.15386
INFO|2024-09-25 15:55:02: Epoch[037/100], iter[235/392], loss_total:0.51902, loss_equ:0.96403 loss_pq_vm:0.00870 loss_pq_va:0.17025 loss_pv_va:0.16541
INFO|2024-09-25 15:55:35: Epoch[037/100], iter[274/392], loss_total:0.58625, loss_equ:0.95475 loss_pq_vm:0.00633 loss_pq_va:0.21654 loss_pv_va:0.21092
INFO|2024-09-25 15:56:08: Epoch[037/100], iter[313/392], loss_total:0.63772, loss_equ:1.07757 loss_pq_vm:0.00611 loss_pq_va:0.23977 loss_pv_va:0.22914
INFO|2024-09-25 15:56:41: Epoch[037/100], iter[352/392], loss_total:0.41931, loss_equ:0.91756 loss_pq_vm:0.00523 loss_pq_va:0.13939 loss_pv_va:0.13587
INFO|2024-09-25 15:57:14: Epoch[037/100], iter[392/392], loss_total:0.42613, loss_equ:0.86997 loss_pq_vm:0.00522 loss_pq_va:0.14512 loss_pv_va:0.14181
INFO|2024-09-25 15:58:31: Epoch 36/100, lr:  0.00070159, eta: 7.19h, train_loss:  0.49439, valid_loss:  0.47014
INFO|2024-09-25 15:58:31: 	Train: PQ_Vm_rmse: 0.00031362  PQ_Va_rmse: 0.01007511  PV_Va_rmse: 0.00982496  delta_p: 0.02498095  delta_q: 0.00406853  
INFO|2024-09-25 15:58:31: 	ZTest: PQ_Vm_rmse: 0.00023414  PQ_Va_rmse: 0.00738539  PV_Va_rmse: 0.00713113  delta_p: 0.01938087  delta_q: 0.00272791  
INFO|2024-09-25 15:58:31: 	ZTest-ema: PQ_Vm_rmse: 0.000217  PQ_Va_rmse: 0.007410  PV_Va_rmse: 0.007084  delta_p: 0.015452  delta_q: 0.002080  
INFO|2024-09-25 15:58:31: 	           ValOfEMA:0.007410/0.007410,  Epoch:37/37
INFO|2024-09-25 15:58:32: 	Time(ep):410s,  Val(curr/best):0.007385/0.007385,  Epoch(curr/best):37/37
INFO|2024-09-25 15:58:32: -------------------- Epoch: 38 --------------------
INFO|2024-09-25 15:59:07: Epoch[038/100], iter[040/392], loss_total:0.42528, loss_equ:0.85787 loss_pq_vm:0.00460 loss_pq_va:0.14829 loss_pv_va:0.14522
INFO|2024-09-25 15:59:40: Epoch[038/100], iter[079/392], loss_total:0.42098, loss_equ:0.85325 loss_pq_vm:0.00466 loss_pq_va:0.14700 loss_pv_va:0.14207
INFO|2024-09-25 16:00:13: Epoch[038/100], iter[118/392], loss_total:0.43712, loss_equ:0.96748 loss_pq_vm:0.00648 loss_pq_va:0.13983 loss_pv_va:0.13575
INFO|2024-09-25 16:00:46: Epoch[038/100], iter[157/392], loss_total:0.43323, loss_equ:0.94892 loss_pq_vm:0.00625 loss_pq_va:0.14021 loss_pv_va:0.13564
INFO|2024-09-25 16:01:20: Epoch[038/100], iter[196/392], loss_total:0.39525, loss_equ:0.89501 loss_pq_vm:0.00457 loss_pq_va:0.13221 loss_pv_va:0.12782
INFO|2024-09-25 16:01:52: Epoch[038/100], iter[235/392], loss_total:0.42821, loss_equ:0.86916 loss_pq_vm:0.00496 loss_pq_va:0.14830 loss_pv_va:0.14344
INFO|2024-09-25 16:02:25: Epoch[038/100], iter[274/392], loss_total:0.45539, loss_equ:1.00543 loss_pq_vm:0.00783 loss_pq_va:0.14100 loss_pv_va:0.13552
INFO|2024-09-25 16:02:58: Epoch[038/100], iter[313/392], loss_total:0.45035, loss_equ:0.87598 loss_pq_vm:0.00465 loss_pq_va:0.16110 loss_pv_va:0.15512
INFO|2024-09-25 16:03:30: Epoch[038/100], iter[352/392], loss_total:0.44529, loss_equ:0.97031 loss_pq_vm:0.00617 loss_pq_va:0.14599 loss_pv_va:0.14056
INFO|2024-09-25 16:04:04: Epoch[038/100], iter[392/392], loss_total:0.49471, loss_equ:0.89407 loss_pq_vm:0.00526 loss_pq_va:0.17951 loss_pv_va:0.17324
INFO|2024-09-25 16:05:21: Epoch 37/100, lr:  0.00068722, eta: 7.04h, train_loss:  0.44162, valid_loss:  0.50869
INFO|2024-09-25 16:05:21: 	Train: PQ_Vm_rmse: 0.00023039  PQ_Va_rmse: 0.00682279  PV_Va_rmse: 0.00667003  delta_p: 0.02188697  delta_q: 0.00329214  
INFO|2024-09-25 16:05:21: 	ZTest: PQ_Vm_rmse: 0.00027266  PQ_Va_rmse: 0.01196491  PV_Va_rmse: 0.01145392  delta_p: 0.02072077  delta_q: 0.00264558  
INFO|2024-09-25 16:05:21: 	ZTest-ema: PQ_Vm_rmse: 0.000218  PQ_Va_rmse: 0.007239  PV_Va_rmse: 0.006882  delta_p: 0.013668  delta_q: 0.002112  
INFO|2024-09-25 16:05:21: 	           ValOfEMA:0.007239/0.007239,  Epoch:38/38
INFO|2024-09-25 16:05:21: 	Time(ep):409s,  Val(curr/best):0.011965/0.007385,  Epoch(curr/best):38/37
INFO|2024-09-25 16:05:21: -------------------- Epoch: 39 --------------------
INFO|2024-09-25 16:05:56: Epoch[039/100], iter[040/392], loss_total:0.42663, loss_equ:0.86454 loss_pq_vm:0.00562 loss_pq_va:0.14477 loss_pv_va:0.13921
INFO|2024-09-25 16:06:29: Epoch[039/100], iter[079/392], loss_total:0.54160, loss_equ:0.90739 loss_pq_vm:0.00618 loss_pq_va:0.19652 loss_pv_va:0.19258
INFO|2024-09-25 16:07:02: Epoch[039/100], iter[118/392], loss_total:0.37862, loss_equ:0.85671 loss_pq_vm:0.00460 loss_pq_va:0.12452 loss_pv_va:0.12240
INFO|2024-09-25 16:07:35: Epoch[039/100], iter[157/392], loss_total:0.41671, loss_equ:0.80991 loss_pq_vm:0.00490 loss_pq_va:0.14472 loss_pv_va:0.14195
INFO|2024-09-25 16:08:08: Epoch[039/100], iter[196/392], loss_total:0.60826, loss_equ:1.36542 loss_pq_vm:0.00932 loss_pq_va:0.18993 loss_pv_va:0.18858
INFO|2024-09-25 16:08:42: Epoch[039/100], iter[235/392], loss_total:0.41749, loss_equ:0.94422 loss_pq_vm:0.00511 loss_pq_va:0.13647 loss_pv_va:0.13552
INFO|2024-09-25 16:09:15: Epoch[039/100], iter[274/392], loss_total:0.49287, loss_equ:0.87831 loss_pq_vm:0.00555 loss_pq_va:0.17675 loss_pv_va:0.17275
INFO|2024-09-25 16:09:48: Epoch[039/100], iter[313/392], loss_total:0.41302, loss_equ:0.81988 loss_pq_vm:0.00549 loss_pq_va:0.14075 loss_pv_va:0.13537
INFO|2024-09-25 16:10:21: Epoch[039/100], iter[352/392], loss_total:0.39199, loss_equ:0.84734 loss_pq_vm:0.00451 loss_pq_va:0.13341 loss_pv_va:0.12873
INFO|2024-09-25 16:10:54: Epoch[039/100], iter[392/392], loss_total:0.40943, loss_equ:0.89440 loss_pq_vm:0.00472 loss_pq_va:0.13876 loss_pv_va:0.13405
INFO|2024-09-25 16:12:11: Epoch 38/100, lr:  0.00067268, eta: 6.94h, train_loss:  0.44584, valid_loss:  0.44317
INFO|2024-09-25 16:12:11: 	Train: PQ_Vm_rmse: 0.00026805  PQ_Va_rmse: 0.00740909  PV_Va_rmse: 0.00724493  delta_p: 0.01935971  delta_q: 0.00355682  
INFO|2024-09-25 16:12:11: 	ZTest: PQ_Vm_rmse: 0.00023207  PQ_Va_rmse: 0.00716669  PV_Va_rmse: 0.00679693  delta_p: 0.01848212  delta_q: 0.00308257  
INFO|2024-09-25 16:12:11: 	ZTest-ema: PQ_Vm_rmse: 0.000217  PQ_Va_rmse: 0.007260  PV_Va_rmse: 0.006903  delta_p: 0.016467  delta_q: 0.002227  
INFO|2024-09-25 16:12:11: 	           ValOfEMA:0.007260/0.007239,  Epoch:39/38
INFO|2024-09-25 16:12:11: 	Time(ep):409s,  Val(curr/best):0.007167/0.007167,  Epoch(curr/best):39/39
INFO|2024-09-25 16:12:11: -------------------- Epoch: 40 --------------------
INFO|2024-09-25 16:12:47: Epoch[040/100], iter[040/392], loss_total:0.68088, loss_equ:0.96869 loss_pq_vm:0.00525 loss_pq_va:0.26776 loss_pv_va:0.26378
INFO|2024-09-25 16:13:19: Epoch[040/100], iter[079/392], loss_total:0.41755, loss_equ:0.89345 loss_pq_vm:0.00433 loss_pq_va:0.14319 loss_pv_va:0.14172
INFO|2024-09-25 16:13:52: Epoch[040/100], iter[118/392], loss_total:0.40313, loss_equ:0.83798 loss_pq_vm:0.00458 loss_pq_va:0.13931 loss_pv_va:0.13423
INFO|2024-09-25 16:14:24: Epoch[040/100], iter[157/392], loss_total:0.47036, loss_equ:0.89696 loss_pq_vm:0.00697 loss_pq_va:0.15754 loss_pv_va:0.15339
INFO|2024-09-25 16:14:57: Epoch[040/100], iter[196/392], loss_total:0.42057, loss_equ:0.86256 loss_pq_vm:0.00701 loss_pq_va:0.13457 loss_pv_va:0.12966
INFO|2024-09-25 16:15:30: Epoch[040/100], iter[235/392], loss_total:0.63027, loss_equ:0.97335 loss_pq_vm:0.00602 loss_pq_va:0.23893 loss_pv_va:0.23383
INFO|2024-09-25 16:16:02: Epoch[040/100], iter[274/392], loss_total:0.42252, loss_equ:0.87448 loss_pq_vm:0.00480 loss_pq_va:0.14547 loss_pv_va:0.14156
INFO|2024-09-25 16:16:35: Epoch[040/100], iter[313/392], loss_total:0.42977, loss_equ:0.99738 loss_pq_vm:0.00528 loss_pq_va:0.14307 loss_pv_va:0.13414
INFO|2024-09-25 16:17:08: Epoch[040/100], iter[352/392], loss_total:0.59106, loss_equ:1.44144 loss_pq_vm:0.00639 loss_pq_va:0.19445 loss_pv_va:0.18858
INFO|2024-09-25 16:17:42: Epoch[040/100], iter[392/392], loss_total:0.41403, loss_equ:0.88292 loss_pq_vm:0.00473 loss_pq_va:0.14111 loss_pv_va:0.13735
INFO|2024-09-25 16:18:59: Epoch 39/100, lr:  0.00065796, eta: 6.79h, train_loss:  0.46477, valid_loss:  0.51643
INFO|2024-09-25 16:18:59: 	Train: PQ_Vm_rmse: 0.00023856  PQ_Va_rmse: 0.00876232  PV_Va_rmse: 0.00856287  delta_p: 0.02491094  delta_q: 0.00374192  
INFO|2024-09-25 16:18:59: 	ZTest: PQ_Vm_rmse: 0.00023401  PQ_Va_rmse: 0.01191334  PV_Va_rmse: 0.01186911  delta_p: 0.02134380  delta_q: 0.00293825  
INFO|2024-09-25 16:18:59: 	ZTest-ema: PQ_Vm_rmse: 0.000201  PQ_Va_rmse: 0.006775  PV_Va_rmse: 0.006474  delta_p: 0.013892  delta_q: 0.001829  
INFO|2024-09-25 16:18:59: 	           ValOfEMA:0.006775/0.006775,  Epoch:40/40
INFO|2024-09-25 16:18:59: 	Time(ep):407s,  Val(curr/best):0.011913/0.007167,  Epoch(curr/best):40/39
INFO|2024-09-25 16:18:59: -------------------- Epoch: 41 --------------------
INFO|2024-09-25 16:19:34: Epoch[041/100], iter[040/392], loss_total:0.53260, loss_equ:1.15934 loss_pq_vm:0.01069 loss_pq_va:0.15469 loss_pv_va:0.15504
INFO|2024-09-25 16:20:06: Epoch[041/100], iter[079/392], loss_total:0.45286, loss_equ:1.03461 loss_pq_vm:0.00741 loss_pq_va:0.13906 loss_pv_va:0.13627
INFO|2024-09-25 16:20:39: Epoch[041/100], iter[118/392], loss_total:0.40540, loss_equ:0.81553 loss_pq_vm:0.00587 loss_pq_va:0.13313 loss_pv_va:0.13197
INFO|2024-09-25 16:21:12: Epoch[041/100], iter[157/392], loss_total:0.49792, loss_equ:1.07460 loss_pq_vm:0.00783 loss_pq_va:0.15693 loss_pv_va:0.15521
INFO|2024-09-25 16:21:44: Epoch[041/100], iter[196/392], loss_total:0.42595, loss_equ:0.86838 loss_pq_vm:0.00509 loss_pq_va:0.14733 loss_pv_va:0.14092
INFO|2024-09-25 16:22:17: Epoch[041/100], iter[235/392], loss_total:0.47663, loss_equ:0.95018 loss_pq_vm:0.00818 loss_pq_va:0.15343 loss_pv_va:0.14638
INFO|2024-09-25 16:22:51: Epoch[041/100], iter[274/392], loss_total:0.42757, loss_equ:0.85261 loss_pq_vm:0.00473 loss_pq_va:0.14854 loss_pv_va:0.14652
INFO|2024-09-25 16:23:24: Epoch[041/100], iter[313/392], loss_total:0.47012, loss_equ:0.87798 loss_pq_vm:0.00455 loss_pq_va:0.17104 loss_pv_va:0.16577
INFO|2024-09-25 16:23:57: Epoch[041/100], iter[352/392], loss_total:0.37318, loss_equ:0.79166 loss_pq_vm:0.00450 loss_pq_va:0.12689 loss_pv_va:0.12212
INFO|2024-09-25 16:24:31: Epoch[041/100], iter[392/392], loss_total:0.38894, loss_equ:0.88976 loss_pq_vm:0.00509 loss_pq_va:0.12716 loss_pv_va:0.12194
INFO|2024-09-25 16:25:48: Epoch 40/100, lr:  0.00064310, eta: 6.7h, train_loss:  0.45149, valid_loss:  0.44733
INFO|2024-09-25 16:25:48: 	Train: PQ_Vm_rmse: 0.00023679  PQ_Va_rmse: 0.00820914  PV_Va_rmse: 0.00809926  delta_p: 0.01955266  delta_q: 0.00322094  
INFO|2024-09-25 16:25:48: 	ZTest: PQ_Vm_rmse: 0.00022074  PQ_Va_rmse: 0.00836804  PV_Va_rmse: 0.00808623  delta_p: 0.01973532  delta_q: 0.00297107  
INFO|2024-09-25 16:25:48: 	ZTest-ema: PQ_Vm_rmse: 0.000202  PQ_Va_rmse: 0.006885  PV_Va_rmse: 0.006566  delta_p: 0.014916  delta_q: 0.001970  
INFO|2024-09-25 16:25:48: 	           ValOfEMA:0.006885/0.006775,  Epoch:41/40
INFO|2024-09-25 16:25:48: 	Time(ep):408s,  Val(curr/best):0.008368/0.007167,  Epoch(curr/best):41/39
INFO|2024-09-25 16:25:48: -------------------- Epoch: 42 --------------------
INFO|2024-09-25 16:26:22: Epoch[042/100], iter[040/392], loss_total:0.35552, loss_equ:0.77940 loss_pq_vm:0.00408 loss_pq_va:0.12037 loss_pv_va:0.11641
INFO|2024-09-25 16:26:54: Epoch[042/100], iter[079/392], loss_total:0.43442, loss_equ:0.86601 loss_pq_vm:0.00547 loss_pq_va:0.14873 loss_pv_va:0.14439
INFO|2024-09-25 16:27:26: Epoch[042/100], iter[118/392], loss_total:0.41060, loss_equ:0.82070 loss_pq_vm:0.00503 loss_pq_va:0.14116 loss_pv_va:0.13711
INFO|2024-09-25 16:27:58: Epoch[042/100], iter[157/392], loss_total:0.42305, loss_equ:0.79380 loss_pq_vm:0.00458 loss_pq_va:0.15155 loss_pv_va:0.14627
INFO|2024-09-25 16:28:30: Epoch[042/100], iter[196/392], loss_total:0.43963, loss_equ:0.79479 loss_pq_vm:0.00516 loss_pq_va:0.15612 loss_pv_va:0.15238
INFO|2024-09-25 16:29:03: Epoch[042/100], iter[235/392], loss_total:0.39565, loss_equ:0.77460 loss_pq_vm:0.00470 loss_pq_va:0.13766 loss_pv_va:0.13352
INFO|2024-09-25 16:29:35: Epoch[042/100], iter[274/392], loss_total:0.62680, loss_equ:1.50149 loss_pq_vm:0.01330 loss_pq_va:0.17295 loss_pv_va:0.17067
INFO|2024-09-25 16:30:09: Epoch[042/100], iter[313/392], loss_total:0.44378, loss_equ:0.95236 loss_pq_vm:0.00627 loss_pq_va:0.14449 loss_pv_va:0.14132
INFO|2024-09-25 16:30:41: Epoch[042/100], iter[352/392], loss_total:0.42731, loss_equ:0.78898 loss_pq_vm:0.00481 loss_pq_va:0.15191 loss_pv_va:0.14839
INFO|2024-09-25 16:31:16: Epoch[042/100], iter[392/392], loss_total:0.40778, loss_equ:0.79605 loss_pq_vm:0.00501 loss_pq_va:0.14093 loss_pv_va:0.13719
INFO|2024-09-25 16:32:31: Epoch 41/100, lr:  0.00062810, eta: 6.49h, train_loss:  0.43985, valid_loss:  0.48919
INFO|2024-09-25 16:32:31: 	Train: PQ_Vm_rmse: 0.00025051  PQ_Va_rmse: 0.00771618  PV_Va_rmse: 0.00755826  delta_p: 0.01914486  delta_q: 0.00345293  
INFO|2024-09-25 16:32:31: 	ZTest: PQ_Vm_rmse: 0.00023671  PQ_Va_rmse: 0.01226573  PV_Va_rmse: 0.01183718  delta_p: 0.01784496  delta_q: 0.00252799  
INFO|2024-09-25 16:32:31: 	ZTest-ema: PQ_Vm_rmse: 0.000204  PQ_Va_rmse: 0.007068  PV_Va_rmse: 0.006727  delta_p: 0.012750  delta_q: 0.001871  
INFO|2024-09-25 16:32:31: 	           ValOfEMA:0.007068/0.006775,  Epoch:42/40
INFO|2024-09-25 16:32:31: 	Time(ep):402s,  Val(curr/best):0.012266/0.007167,  Epoch(curr/best):42/39
INFO|2024-09-25 16:32:31: -------------------- Epoch: 43 --------------------
INFO|2024-09-25 16:33:07: Epoch[043/100], iter[040/392], loss_total:0.42131, loss_equ:0.97931 loss_pq_vm:0.00449 loss_pq_va:0.14145 loss_pv_va:0.13701
INFO|2024-09-25 16:33:39: Epoch[043/100], iter[079/392], loss_total:0.43812, loss_equ:0.85653 loss_pq_vm:0.00522 loss_pq_va:0.15279 loss_pv_va:0.14743
INFO|2024-09-25 16:34:12: Epoch[043/100], iter[118/392], loss_total:0.43513, loss_equ:0.83295 loss_pq_vm:0.00520 loss_pq_va:0.15213 loss_pv_va:0.14765
INFO|2024-09-25 16:34:45: Epoch[043/100], iter[157/392], loss_total:0.46947, loss_equ:0.85729 loss_pq_vm:0.00646 loss_pq_va:0.16336 loss_pv_va:0.15579
INFO|2024-09-25 16:35:18: Epoch[043/100], iter[196/392], loss_total:0.64684, loss_equ:1.00765 loss_pq_vm:0.00699 loss_pq_va:0.23923 loss_pv_va:0.23693
INFO|2024-09-25 16:35:50: Epoch[043/100], iter[235/392], loss_total:0.48756, loss_equ:1.08187 loss_pq_vm:0.00694 loss_pq_va:0.15506 loss_pv_va:0.15489
INFO|2024-09-25 16:36:22: Epoch[043/100], iter[274/392], loss_total:0.37844, loss_equ:0.81600 loss_pq_vm:0.00465 loss_pq_va:0.12670 loss_pv_va:0.12364
INFO|2024-09-25 16:36:54: Epoch[043/100], iter[313/392], loss_total:0.35085, loss_equ:0.75911 loss_pq_vm:0.00403 loss_pq_va:0.11887 loss_pv_va:0.11574
INFO|2024-09-25 16:37:26: Epoch[043/100], iter[352/392], loss_total:0.42814, loss_equ:0.84414 loss_pq_vm:0.00607 loss_pq_va:0.14219 loss_pv_va:0.14082
INFO|2024-09-25 16:38:00: Epoch[043/100], iter[392/392], loss_total:0.55260, loss_equ:0.94877 loss_pq_vm:0.01055 loss_pq_va:0.17801 loss_pv_va:0.17421
INFO|2024-09-25 16:39:16: Epoch 42/100, lr:  0.00061298, eta: 6.4h, train_loss:  0.46361, valid_loss:  0.70469
INFO|2024-09-25 16:39:16: 	Train: PQ_Vm_rmse: 0.00029197  PQ_Va_rmse: 0.00956281  PV_Va_rmse: 0.00942960  delta_p: 0.02269210  delta_q: 0.00378228  
INFO|2024-09-25 16:39:16: 	ZTest: PQ_Vm_rmse: 0.00098712  PQ_Va_rmse: 0.02064368  PV_Va_rmse: 0.02007347  delta_p: 0.03167063  delta_q: 0.00814806  
INFO|2024-09-25 16:39:16: 	ZTest-ema: PQ_Vm_rmse: 0.000206  PQ_Va_rmse: 0.007088  PV_Va_rmse: 0.006725  delta_p: 0.012474  delta_q: 0.001818  
INFO|2024-09-25 16:39:16: 	           ValOfEMA:0.007088/0.006775,  Epoch:43/40
INFO|2024-09-25 16:39:16: 	Time(ep):404s,  Val(curr/best):0.020644/0.007167,  Epoch(curr/best):43/39
INFO|2024-09-25 16:39:16: -------------------- Epoch: 44 --------------------
INFO|2024-09-25 16:39:51: Epoch[044/100], iter[040/392], loss_total:0.97311, loss_equ:1.15181 loss_pq_vm:0.01234 loss_pq_va:0.37274 loss_pv_va:0.36175
INFO|2024-09-25 16:40:24: Epoch[044/100], iter[079/392], loss_total:0.61229, loss_equ:0.96262 loss_pq_vm:0.01040 loss_pq_va:0.20710 loss_pv_va:0.20497
INFO|2024-09-25 16:40:57: Epoch[044/100], iter[118/392], loss_total:0.53735, loss_equ:1.07359 loss_pq_vm:0.01342 loss_pq_va:0.15066 loss_pv_va:0.14509
INFO|2024-09-25 16:41:30: Epoch[044/100], iter[157/392], loss_total:0.51936, loss_equ:0.85097 loss_pq_vm:0.00746 loss_pq_va:0.18237 loss_pv_va:0.17730
INFO|2024-09-25 16:42:03: Epoch[044/100], iter[196/392], loss_total:0.37024, loss_equ:0.74979 loss_pq_vm:0.00518 loss_pq_va:0.12329 loss_pv_va:0.12015
INFO|2024-09-25 16:42:36: Epoch[044/100], iter[235/392], loss_total:0.37605, loss_equ:0.73482 loss_pq_vm:0.00439 loss_pq_va:0.13128 loss_pv_va:0.12744
INFO|2024-09-25 16:43:10: Epoch[044/100], iter[274/392], loss_total:0.58882, loss_equ:0.82484 loss_pq_vm:0.00472 loss_pq_va:0.23067 loss_pv_va:0.22849
INFO|2024-09-25 16:43:43: Epoch[044/100], iter[313/392], loss_total:0.37820, loss_equ:0.77200 loss_pq_vm:0.00579 loss_pq_va:0.12315 loss_pv_va:0.11991
INFO|2024-09-25 16:44:16: Epoch[044/100], iter[352/392], loss_total:0.42463, loss_equ:0.75294 loss_pq_vm:0.00452 loss_pq_va:0.15558 loss_pv_va:0.14852
INFO|2024-09-25 16:44:50: Epoch[044/100], iter[392/392], loss_total:0.36296, loss_equ:0.73390 loss_pq_vm:0.00497 loss_pq_va:0.12243 loss_pv_va:0.11743
INFO|2024-09-25 16:46:06: Epoch 43/100, lr:  0.00059775, eta: 6.37h, train_loss:  0.48837, valid_loss:  0.47456
INFO|2024-09-25 16:46:06: 	Train: PQ_Vm_rmse: 0.00041266  PQ_Va_rmse: 0.01080512  PV_Va_rmse: 0.01061432  delta_p: 0.02050641  delta_q: 0.00455686  
INFO|2024-09-25 16:46:06: 	ZTest: PQ_Vm_rmse: 0.00027105  PQ_Va_rmse: 0.00910711  PV_Va_rmse: 0.00885389  delta_p: 0.01422632  delta_q: 0.00280174  
INFO|2024-09-25 16:46:06: 	ZTest-ema: PQ_Vm_rmse: 0.000199  PQ_Va_rmse: 0.007181  PV_Va_rmse: 0.006823  delta_p: 0.012379  delta_q: 0.001735  
INFO|2024-09-25 16:46:06: 	           ValOfEMA:0.007181/0.006775,  Epoch:44/40
INFO|2024-09-25 16:46:06: 	Time(ep):409s,  Val(curr/best):0.009107/0.007167,  Epoch(curr/best):44/39
INFO|2024-09-25 16:46:06: -------------------- Epoch: 45 --------------------
INFO|2024-09-25 16:46:41: Epoch[045/100], iter[040/392], loss_total:0.39466, loss_equ:0.78836 loss_pq_vm:0.00553 loss_pq_va:0.13277 loss_pv_va:0.12772
INFO|2024-09-25 16:47:15: Epoch[045/100], iter[079/392], loss_total:0.44407, loss_equ:0.78410 loss_pq_vm:0.00447 loss_pq_va:0.16219 loss_pv_va:0.15879
INFO|2024-09-25 16:47:48: Epoch[045/100], iter[118/392], loss_total:0.63841, loss_equ:0.93641 loss_pq_vm:0.00538 loss_pq_va:0.25016 loss_pv_va:0.24084
INFO|2024-09-25 16:48:22: Epoch[045/100], iter[157/392], loss_total:0.39178, loss_equ:0.79669 loss_pq_vm:0.00482 loss_pq_va:0.13388 loss_pv_va:0.13008
INFO|2024-09-25 16:48:54: Epoch[045/100], iter[196/392], loss_total:0.36512, loss_equ:0.71997 loss_pq_vm:0.00464 loss_pq_va:0.12561 loss_pv_va:0.12109
INFO|2024-09-25 16:49:26: Epoch[045/100], iter[235/392], loss_total:0.43916, loss_equ:0.89444 loss_pq_vm:0.00818 loss_pq_va:0.13593 loss_pv_va:0.13199
INFO|2024-09-25 16:49:59: Epoch[045/100], iter[274/392], loss_total:0.46959, loss_equ:0.82369 loss_pq_vm:0.00487 loss_pq_va:0.17082 loss_pv_va:0.16775
INFO|2024-09-25 16:50:32: Epoch[045/100], iter[313/392], loss_total:0.36930, loss_equ:0.81030 loss_pq_vm:0.00417 loss_pq_va:0.12494 loss_pv_va:0.12162
INFO|2024-09-25 16:51:06: Epoch[045/100], iter[352/392], loss_total:0.64554, loss_equ:1.23639 loss_pq_vm:0.00635 loss_pq_va:0.22724 loss_pv_va:0.23117
INFO|2024-09-25 16:51:40: Epoch[045/100], iter[392/392], loss_total:0.37981, loss_equ:0.84139 loss_pq_vm:0.00461 loss_pq_va:0.12598 loss_pv_va:0.12365
INFO|2024-09-25 16:52:56: Epoch 44/100, lr:  0.00058244, eta: 6.25h, train_loss:  0.43560, valid_loss:  0.44084
INFO|2024-09-25 16:52:56: 	Train: PQ_Vm_rmse: 0.00019440  PQ_Va_rmse: 0.00794168  PV_Va_rmse: 0.00776884  delta_p: 0.01795797  delta_q: 0.00273982  
INFO|2024-09-25 16:52:56: 	ZTest: PQ_Vm_rmse: 0.00021314  PQ_Va_rmse: 0.00763567  PV_Va_rmse: 0.00733957  delta_p: 0.01607666  delta_q: 0.00217465  
INFO|2024-09-25 16:52:56: 	ZTest-ema: PQ_Vm_rmse: 0.000198  PQ_Va_rmse: 0.007050  PV_Va_rmse: 0.006708  delta_p: 0.013704  delta_q: 0.001755  
INFO|2024-09-25 16:52:56: 	           ValOfEMA:0.007050/0.006775,  Epoch:45/40
INFO|2024-09-25 16:52:56: 	Time(ep):409s,  Val(curr/best):0.007636/0.007167,  Epoch(curr/best):45/39
INFO|2024-09-25 16:52:56: -------------------- Epoch: 46 --------------------
INFO|2024-09-25 16:53:31: Epoch[046/100], iter[040/392], loss_total:0.48459, loss_equ:0.82772 loss_pq_vm:0.00459 loss_pq_va:0.18017 loss_pv_va:0.17578
INFO|2024-09-25 16:54:04: Epoch[046/100], iter[079/392], loss_total:0.36336, loss_equ:0.77954 loss_pq_vm:0.00440 loss_pq_va:0.12324 loss_pv_va:0.11814
INFO|2024-09-25 16:54:37: Epoch[046/100], iter[118/392], loss_total:0.38861, loss_equ:0.77564 loss_pq_vm:0.00447 loss_pq_va:0.13602 loss_pv_va:0.13036
INFO|2024-09-25 16:55:10: Epoch[046/100], iter[157/392], loss_total:0.41557, loss_equ:0.86684 loss_pq_vm:0.00783 loss_pq_va:0.12824 loss_pv_va:0.12234
INFO|2024-09-25 16:55:43: Epoch[046/100], iter[196/392], loss_total:0.43099, loss_equ:0.89155 loss_pq_vm:0.00642 loss_pq_va:0.14123 loss_pv_va:0.13643
INFO|2024-09-25 16:56:16: Epoch[046/100], iter[235/392], loss_total:0.49636, loss_equ:0.93814 loss_pq_vm:0.00558 loss_pq_va:0.17163 loss_pv_va:0.17508
INFO|2024-09-25 16:56:49: Epoch[046/100], iter[274/392], loss_total:0.47789, loss_equ:0.91330 loss_pq_vm:0.00555 loss_pq_va:0.16787 loss_pv_va:0.16315
INFO|2024-09-25 16:57:22: Epoch[046/100], iter[313/392], loss_total:0.38852, loss_equ:0.78294 loss_pq_vm:0.00444 loss_pq_va:0.13393 loss_pv_va:0.13189
INFO|2024-09-25 16:57:54: Epoch[046/100], iter[352/392], loss_total:0.44339, loss_equ:0.80557 loss_pq_vm:0.00433 loss_pq_va:0.16203 loss_pv_va:0.15753
INFO|2024-09-25 16:58:28: Epoch[046/100], iter[392/392], loss_total:0.38263, loss_equ:0.80723 loss_pq_vm:0.00464 loss_pq_va:0.12899 loss_pv_va:0.12655
INFO|2024-09-25 16:59:44: Epoch 45/100, lr:  0.00056704, eta: 6.12h, train_loss:  0.42094, valid_loss:  0.49438
INFO|2024-09-25 16:59:44: 	Train: PQ_Vm_rmse: 0.00019322  PQ_Va_rmse: 0.00717116  PV_Va_rmse: 0.00702490  delta_p: 0.01593971  delta_q: 0.00244950  
INFO|2024-09-25 16:59:44: 	ZTest: PQ_Vm_rmse: 0.00029424  PQ_Va_rmse: 0.01093477  PV_Va_rmse: 0.01050614  delta_p: 0.02237965  delta_q: 0.00346865  
INFO|2024-09-25 16:59:44: 	ZTest-ema: PQ_Vm_rmse: 0.000197  PQ_Va_rmse: 0.007138  PV_Va_rmse: 0.006793  delta_p: 0.015834  delta_q: 0.002076  
INFO|2024-09-25 16:59:44: 	           ValOfEMA:0.007138/0.006775,  Epoch:46/40
INFO|2024-09-25 16:59:44: 	Time(ep):407s,  Val(curr/best):0.010935/0.007167,  Epoch(curr/best):46/39
INFO|2024-09-25 16:59:44: -------------------- Epoch: 47 --------------------
INFO|2024-09-25 17:00:20: Epoch[047/100], iter[040/392], loss_total:0.39935, loss_equ:0.85371 loss_pq_vm:0.00748 loss_pq_va:0.12088 loss_pv_va:0.11830
INFO|2024-09-25 17:00:54: Epoch[047/100], iter[079/392], loss_total:0.44823, loss_equ:0.91887 loss_pq_vm:0.00738 loss_pq_va:0.14472 loss_pv_va:0.13788
INFO|2024-09-25 17:01:27: Epoch[047/100], iter[118/392], loss_total:0.41471, loss_equ:0.87924 loss_pq_vm:0.00428 loss_pq_va:0.14473 loss_pv_va:0.13925
INFO|2024-09-25 17:02:00: Epoch[047/100], iter[157/392], loss_total:0.39383, loss_equ:0.87864 loss_pq_vm:0.00469 loss_pq_va:0.13174 loss_pv_va:0.12731
INFO|2024-09-25 17:02:33: Epoch[047/100], iter[196/392], loss_total:0.36685, loss_equ:0.85420 loss_pq_vm:0.00431 loss_pq_va:0.12130 loss_pv_va:0.11700
INFO|2024-09-25 17:03:06: Epoch[047/100], iter[235/392], loss_total:0.35480, loss_equ:0.77616 loss_pq_vm:0.00414 loss_pq_va:0.11905 loss_pv_va:0.11678
INFO|2024-09-25 17:03:39: Epoch[047/100], iter[274/392], loss_total:0.37595, loss_equ:0.81924 loss_pq_vm:0.00542 loss_pq_va:0.12193 loss_pv_va:0.11793
INFO|2024-09-25 17:04:12: Epoch[047/100], iter[313/392], loss_total:0.35268, loss_equ:0.72914 loss_pq_vm:0.00404 loss_pq_va:0.12143 loss_pv_va:0.11790
INFO|2024-09-25 17:04:44: Epoch[047/100], iter[352/392], loss_total:0.37003, loss_equ:0.74685 loss_pq_vm:0.00395 loss_pq_va:0.12981 loss_pv_va:0.12603
INFO|2024-09-25 17:05:17: Epoch[047/100], iter[392/392], loss_total:0.59132, loss_equ:0.91508 loss_pq_vm:0.00503 loss_pq_va:0.22689 loss_pv_va:0.22265
INFO|2024-09-25 17:06:32: Epoch 46/100, lr:  0.00055158, eta: 6.01h, train_loss:  0.40477, valid_loss:  0.68212
INFO|2024-09-25 17:06:32: 	Train: PQ_Vm_rmse: 0.00017682  PQ_Va_rmse: 0.00695507  PV_Va_rmse: 0.00680319  delta_p: 0.01810988  delta_q: 0.00252525  
INFO|2024-09-25 17:06:32: 	ZTest: PQ_Vm_rmse: 0.00029385  PQ_Va_rmse: 0.02573037  PV_Va_rmse: 0.02539080  delta_p: 0.03361973  delta_q: 0.00401098  
INFO|2024-09-25 17:06:32: 	ZTest-ema: PQ_Vm_rmse: 0.000183  PQ_Va_rmse: 0.006705  PV_Va_rmse: 0.006389  delta_p: 0.012794  delta_q: 0.001788  
INFO|2024-09-25 17:06:32: 	           ValOfEMA:0.006705/0.006705,  Epoch:47/47
INFO|2024-09-25 17:06:33: 	Time(ep):408s,  Val(curr/best):0.025730/0.007167,  Epoch(curr/best):47/39
INFO|2024-09-25 17:06:33: -------------------- Epoch: 48 --------------------
INFO|2024-09-25 17:07:08: Epoch[048/100], iter[040/392], loss_total:0.47683, loss_equ:1.09860 loss_pq_vm:0.00557 loss_pq_va:0.15594 loss_pv_va:0.15536
INFO|2024-09-25 17:07:41: Epoch[048/100], iter[079/392], loss_total:0.41410, loss_equ:0.80741 loss_pq_vm:0.00450 loss_pq_va:0.14541 loss_pv_va:0.14300
INFO|2024-09-25 17:08:14: Epoch[048/100], iter[118/392], loss_total:0.36851, loss_equ:0.76746 loss_pq_vm:0.00414 loss_pq_va:0.12722 loss_pv_va:0.12310
INFO|2024-09-25 17:08:47: Epoch[048/100], iter[157/392], loss_total:0.36235, loss_equ:0.83501 loss_pq_vm:0.00412 loss_pq_va:0.12055 loss_pv_va:0.11713
INFO|2024-09-25 17:09:20: Epoch[048/100], iter[196/392], loss_total:0.35311, loss_equ:0.81817 loss_pq_vm:0.00436 loss_pq_va:0.11598 loss_pv_va:0.11172
INFO|2024-09-25 17:09:53: Epoch[048/100], iter[235/392], loss_total:0.40004, loss_equ:0.79024 loss_pq_vm:0.00551 loss_pq_va:0.13338 loss_pv_va:0.13257
INFO|2024-09-25 17:10:26: Epoch[048/100], iter[274/392], loss_total:0.36362, loss_equ:0.71941 loss_pq_vm:0.00411 loss_pq_va:0.12695 loss_pv_va:0.12361
INFO|2024-09-25 17:10:59: Epoch[048/100], iter[313/392], loss_total:0.36173, loss_equ:0.77103 loss_pq_vm:0.00459 loss_pq_va:0.12117 loss_pv_va:0.11756
INFO|2024-09-25 17:11:33: Epoch[048/100], iter[352/392], loss_total:0.39809, loss_equ:0.84498 loss_pq_vm:0.00480 loss_pq_va:0.13503 loss_pv_va:0.13060
INFO|2024-09-25 17:12:07: Epoch[048/100], iter[392/392], loss_total:0.40430, loss_equ:0.91019 loss_pq_vm:0.00530 loss_pq_va:0.13072 loss_pv_va:0.12959
INFO|2024-09-25 17:13:22: Epoch 47/100, lr:  0.00053608, eta: 5.91h, train_loss:  0.42890, valid_loss:  0.46257
INFO|2024-09-25 17:13:22: 	Train: PQ_Vm_rmse: 0.00017850  PQ_Va_rmse: 0.00802641  PV_Va_rmse: 0.00794875  delta_p: 0.02054503  delta_q: 0.00280007  
INFO|2024-09-25 17:13:22: 	ZTest: PQ_Vm_rmse: 0.00020225  PQ_Va_rmse: 0.00824702  PV_Va_rmse: 0.00845050  delta_p: 0.02984025  delta_q: 0.00341729  
INFO|2024-09-25 17:13:22: 	ZTest-ema: PQ_Vm_rmse: 0.000184  PQ_Va_rmse: 0.006599  PV_Va_rmse: 0.006289  delta_p: 0.012505  delta_q: 0.001753  
INFO|2024-09-25 17:13:22: 	           ValOfEMA:0.006599/0.006599,  Epoch:48/48
INFO|2024-09-25 17:13:22: 	Time(ep):408s,  Val(curr/best):0.008450/0.007167,  Epoch(curr/best):48/39
INFO|2024-09-25 17:13:22: -------------------- Epoch: 49 --------------------
INFO|2024-09-25 17:13:57: Epoch[049/100], iter[040/392], loss_total:0.39150, loss_equ:0.71791 loss_pq_vm:0.00393 loss_pq_va:0.14158 loss_pv_va:0.13881
INFO|2024-09-25 17:14:31: Epoch[049/100], iter[079/392], loss_total:0.41069, loss_equ:0.81351 loss_pq_vm:0.00486 loss_pq_va:0.14109 loss_pv_va:0.13967
INFO|2024-09-25 17:15:03: Epoch[049/100], iter[118/392], loss_total:0.38865, loss_equ:0.83441 loss_pq_vm:0.00477 loss_pq_va:0.13011 loss_pv_va:0.12741
INFO|2024-09-25 17:15:36: Epoch[049/100], iter[157/392], loss_total:0.35485, loss_equ:0.76628 loss_pq_vm:0.00486 loss_pq_va:0.11630 loss_pv_va:0.11334
INFO|2024-09-25 17:16:10: Epoch[049/100], iter[196/392], loss_total:0.34570, loss_equ:0.73146 loss_pq_vm:0.00426 loss_pq_va:0.11727 loss_pv_va:0.11271
INFO|2024-09-25 17:16:43: Epoch[049/100], iter[235/392], loss_total:0.36761, loss_equ:0.73808 loss_pq_vm:0.00426 loss_pq_va:0.12823 loss_pv_va:0.12293
INFO|2024-09-25 17:17:17: Epoch[049/100], iter[274/392], loss_total:0.33310, loss_equ:0.70309 loss_pq_vm:0.00392 loss_pq_va:0.11359 loss_pv_va:0.10996
INFO|2024-09-25 17:17:50: Epoch[049/100], iter[313/392], loss_total:0.44102, loss_equ:0.93189 loss_pq_vm:0.00503 loss_pq_va:0.14984 loss_pv_va:0.14773
INFO|2024-09-25 17:18:24: Epoch[049/100], iter[352/392], loss_total:0.42311, loss_equ:0.94883 loss_pq_vm:0.00655 loss_pq_va:0.13321 loss_pv_va:0.12953
INFO|2024-09-25 17:18:58: Epoch[049/100], iter[392/392], loss_total:0.42583, loss_equ:0.87452 loss_pq_vm:0.00644 loss_pq_va:0.13609 loss_pv_va:0.13786
INFO|2024-09-25 17:20:14: Epoch 48/100, lr:  0.00052055, eta: 5.84h, train_loss:  0.40383, valid_loss:  0.44065
INFO|2024-09-25 17:20:14: 	Train: PQ_Vm_rmse: 0.00017734  PQ_Va_rmse: 0.00680526  PV_Va_rmse: 0.00671536  delta_p: 0.01557810  delta_q: 0.00238945  
INFO|2024-09-25 17:20:14: 	ZTest: PQ_Vm_rmse: 0.00021377  PQ_Va_rmse: 0.00867342  PV_Va_rmse: 0.00874758  delta_p: 0.01955804  delta_q: 0.00200742  
INFO|2024-09-25 17:20:14: 	ZTest-ema: PQ_Vm_rmse: 0.000182  PQ_Va_rmse: 0.006532  PV_Va_rmse: 0.006216  delta_p: 0.009999  delta_q: 0.001535  
INFO|2024-09-25 17:20:14: 	           ValOfEMA:0.006532/0.006532,  Epoch:49/49
INFO|2024-09-25 17:20:15: 	Time(ep):411s,  Val(curr/best):0.008748/0.007167,  Epoch(curr/best):49/39
INFO|2024-09-25 17:20:15: -------------------- Epoch: 50 --------------------
INFO|2024-09-25 17:20:49: Epoch[050/100], iter[040/392], loss_total:0.34884, loss_equ:0.72944 loss_pq_vm:0.00415 loss_pq_va:0.11791 loss_pv_va:0.11647
INFO|2024-09-25 17:21:21: Epoch[050/100], iter[079/392], loss_total:0.35697, loss_equ:0.72887 loss_pq_vm:0.00437 loss_pq_va:0.12138 loss_pv_va:0.11903
INFO|2024-09-25 17:21:53: Epoch[050/100], iter[118/392], loss_total:0.38199, loss_equ:0.79692 loss_pq_vm:0.00495 loss_pq_va:0.12756 loss_pv_va:0.12527
INFO|2024-09-25 17:22:25: Epoch[050/100], iter[157/392], loss_total:0.35648, loss_equ:0.77379 loss_pq_vm:0.00390 loss_pq_va:0.12208 loss_pv_va:0.11798
INFO|2024-09-25 17:22:57: Epoch[050/100], iter[196/392], loss_total:0.42014, loss_equ:0.78424 loss_pq_vm:0.00484 loss_pq_va:0.14750 loss_pv_va:0.14582
INFO|2024-09-25 17:23:30: Epoch[050/100], iter[235/392], loss_total:0.39712, loss_equ:0.81267 loss_pq_vm:0.00438 loss_pq_va:0.13800 loss_pv_va:0.13401
INFO|2024-09-25 17:24:02: Epoch[050/100], iter[274/392], loss_total:0.34116, loss_equ:0.73911 loss_pq_vm:0.00466 loss_pq_va:0.11205 loss_pv_va:0.10862
INFO|2024-09-25 17:24:34: Epoch[050/100], iter[313/392], loss_total:0.32601, loss_equ:0.68547 loss_pq_vm:0.00408 loss_pq_va:0.10978 loss_pv_va:0.10688
INFO|2024-09-25 17:25:06: Epoch[050/100], iter[352/392], loss_total:0.33795, loss_equ:0.72759 loss_pq_vm:0.00426 loss_pq_va:0.11348 loss_pv_va:0.10912
INFO|2024-09-25 17:25:39: Epoch[050/100], iter[392/392], loss_total:0.40005, loss_equ:0.80363 loss_pq_vm:0.00543 loss_pq_va:0.13463 loss_pv_va:0.13072
INFO|2024-09-25 17:26:56: Epoch 49/100, lr:  0.00050500, eta: 5.57h, train_loss:  0.37802, valid_loss:  0.46350
INFO|2024-09-25 17:26:56: 	Train: PQ_Vm_rmse: 0.00016839  PQ_Va_rmse: 0.00591255  PV_Va_rmse: 0.00578924  delta_p: 0.01523692  delta_q: 0.00221018  
INFO|2024-09-25 17:26:56: 	ZTest: PQ_Vm_rmse: 0.00026633  PQ_Va_rmse: 0.00831560  PV_Va_rmse: 0.00833938  delta_p: 0.01702346  delta_q: 0.00364316  
INFO|2024-09-25 17:26:56: 	ZTest-ema: PQ_Vm_rmse: 0.000187  PQ_Va_rmse: 0.006640  PV_Va_rmse: 0.006319  delta_p: 0.011421  delta_q: 0.001742  
INFO|2024-09-25 17:26:56: 	           ValOfEMA:0.006640/0.006532,  Epoch:50/49
INFO|2024-09-25 17:26:56: 	Time(ep):400s,  Val(curr/best):0.008339/0.007167,  Epoch(curr/best):50/39
INFO|2024-09-25 17:26:56: -------------------- Epoch: 51 --------------------
INFO|2024-09-25 17:27:31: Epoch[051/100], iter[040/392], loss_total:0.39511, loss_equ:0.85782 loss_pq_vm:0.00489 loss_pq_va:0.13258 loss_pv_va:0.12790
INFO|2024-09-25 17:28:04: Epoch[051/100], iter[079/392], loss_total:0.36170, loss_equ:0.78309 loss_pq_vm:0.00414 loss_pq_va:0.12288 loss_pv_va:0.11911
INFO|2024-09-25 17:28:38: Epoch[051/100], iter[118/392], loss_total:0.41736, loss_equ:0.76416 loss_pq_vm:0.00413 loss_pq_va:0.15257 loss_pv_va:0.14707
INFO|2024-09-25 17:29:11: Epoch[051/100], iter[157/392], loss_total:0.32780, loss_equ:0.68342 loss_pq_vm:0.00398 loss_pq_va:0.11152 loss_pv_va:0.10816
INFO|2024-09-25 17:29:44: Epoch[051/100], iter[196/392], loss_total:0.34876, loss_equ:0.72891 loss_pq_vm:0.00396 loss_pq_va:0.12040 loss_pv_va:0.11584
INFO|2024-09-25 17:30:17: Epoch[051/100], iter[235/392], loss_total:0.44298, loss_equ:0.79081 loss_pq_vm:0.00411 loss_pq_va:0.16304 loss_pv_va:0.15976
INFO|2024-09-25 17:30:50: Epoch[051/100], iter[274/392], loss_total:0.47953, loss_equ:0.95263 loss_pq_vm:0.00638 loss_pq_va:0.16045 loss_pv_va:0.16001
INFO|2024-09-25 17:31:23: Epoch[051/100], iter[313/392], loss_total:0.41192, loss_equ:0.80899 loss_pq_vm:0.00490 loss_pq_va:0.14298 loss_pv_va:0.13905
INFO|2024-09-25 17:31:56: Epoch[051/100], iter[352/392], loss_total:0.35302, loss_equ:0.69619 loss_pq_vm:0.00383 loss_pq_va:0.12375 loss_pv_va:0.12137
INFO|2024-09-25 17:32:30: Epoch[051/100], iter[392/392], loss_total:0.33358, loss_equ:0.71632 loss_pq_vm:0.00378 loss_pq_va:0.11432 loss_pv_va:0.10987
INFO|2024-09-25 17:33:46: Epoch 50/100, lr:  0.00048945, eta: 5.58h, train_loss:  0.38963, valid_loss:  0.39328
INFO|2024-09-25 17:33:46: 	Train: PQ_Vm_rmse: 0.00014565  PQ_Va_rmse: 0.00686781  PV_Va_rmse: 0.00672332  delta_p: 0.01523548  delta_q: 0.00210911  
INFO|2024-09-25 17:33:46: 	ZTest: PQ_Vm_rmse: 0.00016569  PQ_Va_rmse: 0.00613930  PV_Va_rmse: 0.00576308  delta_p: 0.02483586  delta_q: 0.00317682  
INFO|2024-09-25 17:33:46: 	ZTest-ema: PQ_Vm_rmse: 0.000171  PQ_Va_rmse: 0.006130  PV_Va_rmse: 0.005843  delta_p: 0.011157  delta_q: 0.001564  
INFO|2024-09-25 17:33:46: 	           ValOfEMA:0.006130/0.006130,  Epoch:51/51
INFO|2024-09-25 17:33:47: 	Time(ep):410s,  Val(curr/best):0.006139/0.006139,  Epoch(curr/best):51/51
INFO|2024-09-25 17:33:47: -------------------- Epoch: 52 --------------------
INFO|2024-09-25 17:34:22: Epoch[052/100], iter[040/392], loss_total:0.41393, loss_equ:0.76215 loss_pq_vm:0.00415 loss_pq_va:0.15032 loss_pv_va:0.14586
INFO|2024-09-25 17:34:55: Epoch[052/100], iter[079/392], loss_total:0.34548, loss_equ:0.72221 loss_pq_vm:0.00417 loss_pq_va:0.11797 loss_pv_va:0.11363
INFO|2024-09-25 17:35:28: Epoch[052/100], iter[118/392], loss_total:0.34280, loss_equ:0.72281 loss_pq_vm:0.00420 loss_pq_va:0.11526 loss_pv_va:0.11326
INFO|2024-09-25 17:36:01: Epoch[052/100], iter[157/392], loss_total:0.35520, loss_equ:0.71405 loss_pq_vm:0.00375 loss_pq_va:0.12531 loss_pv_va:0.12098
INFO|2024-09-25 17:36:34: Epoch[052/100], iter[196/392], loss_total:0.35583, loss_equ:0.72719 loss_pq_vm:0.00422 loss_pq_va:0.12257 loss_pv_va:0.11832
INFO|2024-09-25 17:37:07: Epoch[052/100], iter[235/392], loss_total:0.36557, loss_equ:0.83273 loss_pq_vm:0.00498 loss_pq_va:0.11874 loss_pv_va:0.11377
INFO|2024-09-25 17:37:40: Epoch[052/100], iter[274/392], loss_total:0.34559, loss_equ:0.73355 loss_pq_vm:0.00529 loss_pq_va:0.11197 loss_pv_va:0.10737
INFO|2024-09-25 17:38:14: Epoch[052/100], iter[313/392], loss_total:0.33009, loss_equ:0.71686 loss_pq_vm:0.00384 loss_pq_va:0.11221 loss_pv_va:0.10780
INFO|2024-09-25 17:38:47: Epoch[052/100], iter[352/392], loss_total:0.37084, loss_equ:0.75137 loss_pq_vm:0.00412 loss_pq_va:0.12976 loss_pv_va:0.12478
INFO|2024-09-25 17:39:21: Epoch[052/100], iter[392/392], loss_total:0.38577, loss_equ:0.98347 loss_pq_vm:0.00490 loss_pq_va:0.12078 loss_pv_va:0.11767
INFO|2024-09-25 17:40:36: Epoch 51/100, lr:  0.00047392, eta: 5.46h, train_loss:  0.36164, valid_loss:  0.41628
INFO|2024-09-25 17:40:36: 	Train: PQ_Vm_rmse: 0.00014401  PQ_Va_rmse: 0.00532424  PV_Va_rmse: 0.00521701  delta_p: 0.01360521  delta_q: 0.00195989  
INFO|2024-09-25 17:40:36: 	ZTest: PQ_Vm_rmse: 0.00022369  PQ_Va_rmse: 0.00729192  PV_Va_rmse: 0.00674506  delta_p: 0.01734023  delta_q: 0.00312332  
INFO|2024-09-25 17:40:36: 	ZTest-ema: PQ_Vm_rmse: 0.000171  PQ_Va_rmse: 0.006260  PV_Va_rmse: 0.005941  delta_p: 0.010812  delta_q: 0.001563  
INFO|2024-09-25 17:40:36: 	           ValOfEMA:0.006260/0.006130,  Epoch:52/51
INFO|2024-09-25 17:40:37: 	Time(ep):409s,  Val(curr/best):0.007292/0.006139,  Epoch(curr/best):52/51
INFO|2024-09-25 17:40:37: -------------------- Epoch: 53 --------------------
INFO|2024-09-25 17:41:12: Epoch[053/100], iter[040/392], loss_total:0.33386, loss_equ:0.71671 loss_pq_vm:0.00400 loss_pq_va:0.11230 loss_pv_va:0.10991
INFO|2024-09-25 17:41:45: Epoch[053/100], iter[079/392], loss_total:0.32564, loss_equ:0.72381 loss_pq_vm:0.00407 loss_pq_va:0.10830 loss_pv_va:0.10431
INFO|2024-09-25 17:42:17: Epoch[053/100], iter[118/392], loss_total:0.35904, loss_equ:0.73551 loss_pq_vm:0.00455 loss_pq_va:0.12281 loss_pv_va:0.11719
INFO|2024-09-25 17:42:50: Epoch[053/100], iter[157/392], loss_total:0.32599, loss_equ:0.69743 loss_pq_vm:0.00462 loss_pq_va:0.10681 loss_pv_va:0.10325
INFO|2024-09-25 17:43:23: Epoch[053/100], iter[196/392], loss_total:0.43150, loss_equ:0.75017 loss_pq_vm:0.00455 loss_pq_va:0.15768 loss_pv_va:0.15328
INFO|2024-09-25 17:43:57: Epoch[053/100], iter[235/392], loss_total:0.38186, loss_equ:0.79651 loss_pq_vm:0.00482 loss_pq_va:0.12865 loss_pv_va:0.12532
INFO|2024-09-25 17:44:29: Epoch[053/100], iter[274/392], loss_total:0.34031, loss_equ:0.68770 loss_pq_vm:0.00385 loss_pq_va:0.11875 loss_pv_va:0.11432
INFO|2024-09-25 17:45:02: Epoch[053/100], iter[313/392], loss_total:0.35674, loss_equ:0.69540 loss_pq_vm:0.00461 loss_pq_va:0.12217 loss_pv_va:0.11893
INFO|2024-09-25 17:45:35: Epoch[053/100], iter[352/392], loss_total:0.31836, loss_equ:0.66192 loss_pq_vm:0.00366 loss_pq_va:0.10945 loss_pv_va:0.10609
INFO|2024-09-25 17:46:09: Epoch[053/100], iter[392/392], loss_total:0.38273, loss_equ:0.73725 loss_pq_vm:0.00417 loss_pq_va:0.13427 loss_pv_va:0.13307
INFO|2024-09-25 17:47:24: Epoch 52/100, lr:  0.00045842, eta: 5.32h, train_loss:  0.36370, valid_loss:  0.40824
INFO|2024-09-25 17:47:24: 	Train: PQ_Vm_rmse: 0.00013764  PQ_Va_rmse: 0.00576417  PV_Va_rmse: 0.00566375  delta_p: 0.01192934  delta_q: 0.00183719  
INFO|2024-09-25 17:47:24: 	ZTest: PQ_Vm_rmse: 0.00017979  PQ_Va_rmse: 0.00714570  PV_Va_rmse: 0.00692231  delta_p: 0.01345998  delta_q: 0.00198418  
INFO|2024-09-25 17:47:24: 	ZTest-ema: PQ_Vm_rmse: 0.000175  PQ_Va_rmse: 0.006231  PV_Va_rmse: 0.005947  delta_p: 0.011667  delta_q: 0.001705  
INFO|2024-09-25 17:47:24: 	           ValOfEMA:0.006231/0.006130,  Epoch:53/51
INFO|2024-09-25 17:47:25: 	Time(ep):407s,  Val(curr/best):0.007146/0.006139,  Epoch(curr/best):53/51
INFO|2024-09-25 17:47:25: -------------------- Epoch: 54 --------------------
INFO|2024-09-25 17:48:00: Epoch[054/100], iter[040/392], loss_total:0.35471, loss_equ:0.74775 loss_pq_vm:0.00444 loss_pq_va:0.11866 loss_pv_va:0.11688
INFO|2024-09-25 17:48:33: Epoch[054/100], iter[079/392], loss_total:0.33543, loss_equ:0.71985 loss_pq_vm:0.00405 loss_pq_va:0.11233 loss_pv_va:0.11066
INFO|2024-09-25 17:49:06: Epoch[054/100], iter[118/392], loss_total:0.33041, loss_equ:0.70736 loss_pq_vm:0.00474 loss_pq_va:0.10788 loss_pv_va:0.10441
INFO|2024-09-25 17:49:38: Epoch[054/100], iter[157/392], loss_total:0.33110, loss_equ:0.68503 loss_pq_vm:0.00391 loss_pq_va:0.11364 loss_pv_va:0.10987
INFO|2024-09-25 17:50:09: Epoch[054/100], iter[196/392], loss_total:0.32076, loss_equ:0.69271 loss_pq_vm:0.00395 loss_pq_va:0.10743 loss_pv_va:0.10460
INFO|2024-09-25 17:50:40: Epoch[054/100], iter[235/392], loss_total:0.42223, loss_equ:0.79401 loss_pq_vm:0.00543 loss_pq_va:0.14525 loss_pv_va:0.14324
INFO|2024-09-25 17:51:12: Epoch[054/100], iter[274/392], loss_total:0.33091, loss_equ:0.68988 loss_pq_vm:0.00421 loss_pq_va:0.11166 loss_pv_va:0.10821
INFO|2024-09-25 17:51:45: Epoch[054/100], iter[313/392], loss_total:0.32331, loss_equ:0.68511 loss_pq_vm:0.00416 loss_pq_va:0.10837 loss_pv_va:0.10486
INFO|2024-09-25 17:52:19: Epoch[054/100], iter[352/392], loss_total:0.30699, loss_equ:0.66327 loss_pq_vm:0.00387 loss_pq_va:0.10300 loss_pv_va:0.09895
INFO|2024-09-25 17:52:53: Epoch[054/100], iter[392/392], loss_total:0.31544, loss_equ:0.67773 loss_pq_vm:0.00392 loss_pq_va:0.10596 loss_pv_va:0.10255
INFO|2024-09-25 17:54:09: Epoch 53/100, lr:  0.00044296, eta: 5.17h, train_loss:  0.34417, valid_loss:  0.37505
INFO|2024-09-25 17:54:09: 	Train: PQ_Vm_rmse: 0.00015507  PQ_Va_rmse: 0.00478762  PV_Va_rmse: 0.00469850  delta_p: 0.01056888  delta_q: 0.00196056  
INFO|2024-09-25 17:54:09: 	ZTest: PQ_Vm_rmse: 0.00021032  PQ_Va_rmse: 0.00631463  PV_Va_rmse: 0.00604241  delta_p: 0.01090503  delta_q: 0.00219518  
INFO|2024-09-25 17:54:09: 	ZTest-ema: PQ_Vm_rmse: 0.000166  PQ_Va_rmse: 0.006101  PV_Va_rmse: 0.005792  delta_p: 0.009607  delta_q: 0.001475  
INFO|2024-09-25 17:54:09: 	           ValOfEMA:0.006101/0.006101,  Epoch:54/54
INFO|2024-09-25 17:54:10: 	Time(ep):404s,  Val(curr/best):0.006315/0.006139,  Epoch(curr/best):54/51
INFO|2024-09-25 17:54:10: -------------------- Epoch: 55 --------------------
INFO|2024-09-25 17:54:45: Epoch[055/100], iter[040/392], loss_total:0.30163, loss_equ:0.64763 loss_pq_vm:0.00381 loss_pq_va:0.10096 loss_pv_va:0.09783
INFO|2024-09-25 17:55:18: Epoch[055/100], iter[079/392], loss_total:0.33988, loss_equ:0.72733 loss_pq_vm:0.00454 loss_pq_va:0.11338 loss_pv_va:0.10838
INFO|2024-09-25 17:55:51: Epoch[055/100], iter[118/392], loss_total:0.34323, loss_equ:0.75587 loss_pq_vm:0.00431 loss_pq_va:0.11430 loss_pv_va:0.11023
INFO|2024-09-25 17:56:25: Epoch[055/100], iter[157/392], loss_total:0.34837, loss_equ:0.76202 loss_pq_vm:0.00438 loss_pq_va:0.11756 loss_pv_va:0.11081
INFO|2024-09-25 17:56:57: Epoch[055/100], iter[196/392], loss_total:0.38483, loss_equ:0.87231 loss_pq_vm:0.00413 loss_pq_va:0.13010 loss_pv_va:0.12619
INFO|2024-09-25 17:57:30: Epoch[055/100], iter[235/392], loss_total:0.48791, loss_equ:0.79628 loss_pq_vm:0.00454 loss_pq_va:0.18450 loss_pv_va:0.17835
INFO|2024-09-25 17:58:03: Epoch[055/100], iter[274/392], loss_total:0.34880, loss_equ:0.78838 loss_pq_vm:0.00433 loss_pq_va:0.11554 loss_pv_va:0.11114
INFO|2024-09-25 17:58:36: Epoch[055/100], iter[313/392], loss_total:0.36442, loss_equ:0.70446 loss_pq_vm:0.00424 loss_pq_va:0.12736 loss_pv_va:0.12417
INFO|2024-09-25 17:59:09: Epoch[055/100], iter[352/392], loss_total:0.33775, loss_equ:0.70497 loss_pq_vm:0.00495 loss_pq_va:0.11137 loss_pv_va:0.10642
INFO|2024-09-25 17:59:43: Epoch[055/100], iter[392/392], loss_total:0.32822, loss_equ:0.69831 loss_pq_vm:0.00478 loss_pq_va:0.10780 loss_pv_va:0.10280
INFO|2024-09-25 18:01:00: Epoch 54/100, lr:  0.00042756, eta: 5.13h, train_loss:  0.34655, valid_loss:  0.38704
INFO|2024-09-25 18:01:00: 	Train: PQ_Vm_rmse: 0.00014777  PQ_Va_rmse: 0.00478502  PV_Va_rmse: 0.00464458  delta_p: 0.01273462  delta_q: 0.00202223  
INFO|2024-09-25 18:01:00: 	ZTest: PQ_Vm_rmse: 0.00017989  PQ_Va_rmse: 0.00737570  PV_Va_rmse: 0.00704550  delta_p: 0.01142263  delta_q: 0.00174517  
INFO|2024-09-25 18:01:00: 	ZTest-ema: PQ_Vm_rmse: 0.000159  PQ_Va_rmse: 0.005995  PV_Va_rmse: 0.005668  delta_p: 0.009814  delta_q: 0.001441  
INFO|2024-09-25 18:01:00: 	           ValOfEMA:0.005995/0.005995,  Epoch:55/55
INFO|2024-09-25 18:01:00: 	Time(ep):410s,  Val(curr/best):0.007376/0.006139,  Epoch(curr/best):55/51
INFO|2024-09-25 18:01:00: -------------------- Epoch: 56 --------------------
INFO|2024-09-25 18:01:35: Epoch[056/100], iter[040/392], loss_total:0.32961, loss_equ:0.67559 loss_pq_vm:0.00379 loss_pq_va:0.11364 loss_pv_va:0.11054
INFO|2024-09-25 18:02:08: Epoch[056/100], iter[079/392], loss_total:0.34305, loss_equ:0.71620 loss_pq_vm:0.00440 loss_pq_va:0.11492 loss_pv_va:0.11253
INFO|2024-09-25 18:02:41: Epoch[056/100], iter[118/392], loss_total:0.36959, loss_equ:0.71135 loss_pq_vm:0.00439 loss_pq_va:0.12834 loss_pv_va:0.12625
INFO|2024-09-25 18:03:14: Epoch[056/100], iter[157/392], loss_total:0.36587, loss_equ:0.67957 loss_pq_vm:0.00411 loss_pq_va:0.12979 loss_pv_va:0.12702
INFO|2024-09-25 18:03:47: Epoch[056/100], iter[196/392], loss_total:0.30921, loss_equ:0.66597 loss_pq_vm:0.00399 loss_pq_va:0.10301 loss_pv_va:0.09968
INFO|2024-09-25 18:04:19: Epoch[056/100], iter[235/392], loss_total:0.36870, loss_equ:0.75266 loss_pq_vm:0.00439 loss_pq_va:0.12814 loss_pv_va:0.12142
INFO|2024-09-25 18:04:52: Epoch[056/100], iter[274/392], loss_total:0.37414, loss_equ:0.78619 loss_pq_vm:0.00430 loss_pq_va:0.12728 loss_pv_va:0.12526
INFO|2024-09-25 18:05:24: Epoch[056/100], iter[313/392], loss_total:0.35352, loss_equ:0.73185 loss_pq_vm:0.00400 loss_pq_va:0.12011 loss_pv_va:0.12026
INFO|2024-09-25 18:05:58: Epoch[056/100], iter[352/392], loss_total:0.35355, loss_equ:0.77636 loss_pq_vm:0.00427 loss_pq_va:0.11838 loss_pv_va:0.11489
INFO|2024-09-25 18:06:31: Epoch[056/100], iter[392/392], loss_total:0.35352, loss_equ:0.71369 loss_pq_vm:0.00385 loss_pq_va:0.12411 loss_pv_va:0.11954
INFO|2024-09-25 18:07:47: Epoch 55/100, lr:  0.00041225, eta: 4.98h, train_loss:  0.35734, valid_loss:  0.38859
INFO|2024-09-25 18:07:47: 	Train: PQ_Vm_rmse: 0.00013895  PQ_Va_rmse: 0.00579517  PV_Va_rmse: 0.00570175  delta_p: 0.01350362  delta_q: 0.00194711  
INFO|2024-09-25 18:07:47: 	ZTest: PQ_Vm_rmse: 0.00019232  PQ_Va_rmse: 0.00725047  PV_Va_rmse: 0.00687345  delta_p: 0.02121843  delta_q: 0.00228267  
INFO|2024-09-25 18:07:47: 	ZTest-ema: PQ_Vm_rmse: 0.000160  PQ_Va_rmse: 0.006030  PV_Va_rmse: 0.005733  delta_p: 0.011292  delta_q: 0.001473  
INFO|2024-09-25 18:07:47: 	           ValOfEMA:0.006030/0.005995,  Epoch:56/55
INFO|2024-09-25 18:07:48: 	Time(ep):407s,  Val(curr/best):0.007250/0.006139,  Epoch(curr/best):56/51
INFO|2024-09-25 18:07:48: -------------------- Epoch: 57 --------------------
INFO|2024-09-25 18:08:22: Epoch[057/100], iter[040/392], loss_total:0.31355, loss_equ:0.69266 loss_pq_vm:0.00359 loss_pq_va:0.10560 loss_pv_va:0.10276
INFO|2024-09-25 18:08:54: Epoch[057/100], iter[079/392], loss_total:0.31535, loss_equ:0.66845 loss_pq_vm:0.00359 loss_pq_va:0.10808 loss_pv_va:0.10456
INFO|2024-09-25 18:09:25: Epoch[057/100], iter[118/392], loss_total:0.29475, loss_equ:0.63610 loss_pq_vm:0.00349 loss_pq_va:0.10003 loss_pv_va:0.09620
INFO|2024-09-25 18:09:57: Epoch[057/100], iter[157/392], loss_total:0.41924, loss_equ:0.69087 loss_pq_vm:0.00378 loss_pq_va:0.15813 loss_pv_va:0.15427
INFO|2024-09-25 18:10:30: Epoch[057/100], iter[196/392], loss_total:0.32485, loss_equ:0.70145 loss_pq_vm:0.00431 loss_pq_va:0.10787 loss_pv_va:0.10378
INFO|2024-09-25 18:11:03: Epoch[057/100], iter[235/392], loss_total:0.37920, loss_equ:0.70286 loss_pq_vm:0.00399 loss_pq_va:0.13650 loss_pv_va:0.13248
INFO|2024-09-25 18:11:36: Epoch[057/100], iter[274/392], loss_total:0.35382, loss_equ:0.67417 loss_pq_vm:0.00377 loss_pq_va:0.12639 loss_pv_va:0.12236
INFO|2024-09-25 18:12:09: Epoch[057/100], iter[313/392], loss_total:0.34306, loss_equ:0.65536 loss_pq_vm:0.00369 loss_pq_va:0.12121 loss_pv_va:0.11940
INFO|2024-09-25 18:12:43: Epoch[057/100], iter[352/392], loss_total:0.38259, loss_equ:0.68380 loss_pq_vm:0.00426 loss_pq_va:0.13824 loss_pv_va:0.13341
INFO|2024-09-25 18:13:16: Epoch[057/100], iter[392/392], loss_total:0.32601, loss_equ:0.66288 loss_pq_vm:0.00418 loss_pq_va:0.11106 loss_pv_va:0.10682
INFO|2024-09-25 18:14:32: Epoch 56/100, lr:  0.00039702, eta: 4.83h, train_loss:  0.32968, valid_loss:  0.37366
INFO|2024-09-25 18:14:32: 	Train: PQ_Vm_rmse: 0.00011015  PQ_Va_rmse: 0.00488962  PV_Va_rmse: 0.00475956  delta_p: 0.00900889  delta_q: 0.00141467  
INFO|2024-09-25 18:14:32: 	ZTest: PQ_Vm_rmse: 0.00020900  PQ_Va_rmse: 0.00649588  PV_Va_rmse: 0.00615687  delta_p: 0.01319871  delta_q: 0.00197396  
INFO|2024-09-25 18:14:32: 	ZTest-ema: PQ_Vm_rmse: 0.000153  PQ_Va_rmse: 0.005746  PV_Va_rmse: 0.005454  delta_p: 0.009856  delta_q: 0.001417  
INFO|2024-09-25 18:14:32: 	           ValOfEMA:0.005746/0.005746,  Epoch:57/57
INFO|2024-09-25 18:14:33: 	Time(ep):404s,  Val(curr/best):0.006496/0.006139,  Epoch(curr/best):57/51
INFO|2024-09-25 18:14:33: -------------------- Epoch: 58 --------------------
INFO|2024-09-25 18:15:08: Epoch[058/100], iter[040/392], loss_total:0.34648, loss_equ:0.67945 loss_pq_vm:0.00367 loss_pq_va:0.12233 loss_pv_va:0.11946
INFO|2024-09-25 18:15:41: Epoch[058/100], iter[079/392], loss_total:0.34143, loss_equ:0.77223 loss_pq_vm:0.00383 loss_pq_va:0.11437 loss_pv_va:0.11158
INFO|2024-09-25 18:16:14: Epoch[058/100], iter[118/392], loss_total:0.31706, loss_equ:0.66251 loss_pq_vm:0.00369 loss_pq_va:0.10854 loss_pv_va:0.10532
INFO|2024-09-25 18:16:47: Epoch[058/100], iter[157/392], loss_total:0.39305, loss_equ:0.68715 loss_pq_vm:0.00414 loss_pq_va:0.14294 loss_pv_va:0.14004
INFO|2024-09-25 18:17:20: Epoch[058/100], iter[196/392], loss_total:0.30458, loss_equ:0.67602 loss_pq_vm:0.00378 loss_pq_va:0.10129 loss_pv_va:0.09786
INFO|2024-09-25 18:17:53: Epoch[058/100], iter[235/392], loss_total:0.36165, loss_equ:0.80981 loss_pq_vm:0.00433 loss_pq_va:0.12023 loss_pv_va:0.11713
INFO|2024-09-25 18:18:26: Epoch[058/100], iter[274/392], loss_total:0.37802, loss_equ:0.69543 loss_pq_vm:0.00376 loss_pq_va:0.13661 loss_pv_va:0.13433
INFO|2024-09-25 18:18:58: Epoch[058/100], iter[313/392], loss_total:0.35354, loss_equ:0.77870 loss_pq_vm:0.00521 loss_pq_va:0.11403 loss_pv_va:0.10954
INFO|2024-09-25 18:19:30: Epoch[058/100], iter[352/392], loss_total:0.34578, loss_equ:0.73807 loss_pq_vm:0.00405 loss_pq_va:0.11533 loss_pv_va:0.11614
INFO|2024-09-25 18:20:04: Epoch[058/100], iter[392/392], loss_total:0.30521, loss_equ:0.66456 loss_pq_vm:0.00366 loss_pq_va:0.10273 loss_pv_va:0.09940
INFO|2024-09-25 18:21:20: Epoch 57/100, lr:  0.00038190, eta: 4.75h, train_loss:  0.33951, valid_loss:  0.35991
INFO|2024-09-25 18:21:20: 	Train: PQ_Vm_rmse: 0.00011857  PQ_Va_rmse: 0.00494293  PV_Va_rmse: 0.00487338  delta_p: 0.01128182  delta_q: 0.00157594  
INFO|2024-09-25 18:21:20: 	ZTest: PQ_Vm_rmse: 0.00016503  PQ_Va_rmse: 0.00612098  PV_Va_rmse: 0.00584276  delta_p: 0.01111378  delta_q: 0.00164163  
INFO|2024-09-25 18:21:20: 	ZTest-ema: PQ_Vm_rmse: 0.000155  PQ_Va_rmse: 0.005777  PV_Va_rmse: 0.005492  delta_p: 0.010247  delta_q: 0.001419  
INFO|2024-09-25 18:21:20: 	           ValOfEMA:0.005777/0.005746,  Epoch:58/57
INFO|2024-09-25 18:21:21: 	Time(ep):407s,  Val(curr/best):0.006121/0.006121,  Epoch(curr/best):58/58
INFO|2024-09-25 18:21:21: -------------------- Epoch: 59 --------------------
INFO|2024-09-25 18:21:55: Epoch[059/100], iter[040/392], loss_total:0.29769, loss_equ:0.63919 loss_pq_vm:0.00349 loss_pq_va:0.10093 loss_pv_va:0.09797
INFO|2024-09-25 18:22:27: Epoch[059/100], iter[079/392], loss_total:0.32504, loss_equ:0.65886 loss_pq_vm:0.00367 loss_pq_va:0.11295 loss_pv_va:0.10952
INFO|2024-09-25 18:22:59: Epoch[059/100], iter[118/392], loss_total:0.36453, loss_equ:0.68863 loss_pq_vm:0.00455 loss_pq_va:0.12721 loss_pv_va:0.12299
INFO|2024-09-25 18:23:32: Epoch[059/100], iter[157/392], loss_total:0.32186, loss_equ:0.68995 loss_pq_vm:0.00486 loss_pq_va:0.10424 loss_pv_va:0.10006
INFO|2024-09-25 18:24:04: Epoch[059/100], iter[196/392], loss_total:0.30113, loss_equ:0.68786 loss_pq_vm:0.00355 loss_pq_va:0.09942 loss_pv_va:0.09742
INFO|2024-09-25 18:24:37: Epoch[059/100], iter[235/392], loss_total:0.36533, loss_equ:0.76392 loss_pq_vm:0.00447 loss_pq_va:0.12127 loss_pv_va:0.12300
INFO|2024-09-25 18:25:10: Epoch[059/100], iter[274/392], loss_total:0.33901, loss_equ:0.72359 loss_pq_vm:0.00416 loss_pq_va:0.11406 loss_pv_va:0.11101
INFO|2024-09-25 18:25:43: Epoch[059/100], iter[313/392], loss_total:0.32081, loss_equ:0.74363 loss_pq_vm:0.00381 loss_pq_va:0.10616 loss_pv_va:0.10223
INFO|2024-09-25 18:26:15: Epoch[059/100], iter[352/392], loss_total:0.32838, loss_equ:0.68871 loss_pq_vm:0.00403 loss_pq_va:0.11200 loss_pv_va:0.10722
INFO|2024-09-25 18:26:48: Epoch[059/100], iter[392/392], loss_total:0.34864, loss_equ:0.72654 loss_pq_vm:0.00364 loss_pq_va:0.12167 loss_pv_va:0.11788
INFO|2024-09-25 18:28:05: Epoch 58/100, lr:  0.00036690, eta: 4.6h, train_loss:  0.32910, valid_loss:  0.38456
INFO|2024-09-25 18:28:05: 	Train: PQ_Vm_rmse: 0.00011351  PQ_Va_rmse: 0.00445792  PV_Va_rmse: 0.00436361  delta_p: 0.01083672  delta_q: 0.00155757  
INFO|2024-09-25 18:28:05: 	ZTest: PQ_Vm_rmse: 0.00016979  PQ_Va_rmse: 0.00674708  PV_Va_rmse: 0.00653531  delta_p: 0.01615675  delta_q: 0.00215945  
INFO|2024-09-25 18:28:05: 	ZTest-ema: PQ_Vm_rmse: 0.000158  PQ_Va_rmse: 0.005956  PV_Va_rmse: 0.005656  delta_p: 0.010631  delta_q: 0.001444  
INFO|2024-09-25 18:28:05: 	           ValOfEMA:0.005956/0.005746,  Epoch:59/57
INFO|2024-09-25 18:28:06: 	Time(ep):403s,  Val(curr/best):0.006747/0.006121,  Epoch(curr/best):59/58
INFO|2024-09-25 18:28:06: -------------------- Epoch: 60 --------------------
INFO|2024-09-25 18:28:40: Epoch[060/100], iter[040/392], loss_total:0.30411, loss_equ:0.66400 loss_pq_vm:0.00372 loss_pq_va:0.10211 loss_pv_va:0.09842
INFO|2024-09-25 18:29:13: Epoch[060/100], iter[079/392], loss_total:0.31851, loss_equ:0.68908 loss_pq_vm:0.00413 loss_pq_va:0.10621 loss_pv_va:0.10210
INFO|2024-09-25 18:29:46: Epoch[060/100], iter[118/392], loss_total:0.28971, loss_equ:0.64554 loss_pq_vm:0.00370 loss_pq_va:0.09555 loss_pv_va:0.09264
INFO|2024-09-25 18:30:19: Epoch[060/100], iter[157/392], loss_total:0.29432, loss_equ:0.64763 loss_pq_vm:0.00367 loss_pq_va:0.09800 loss_pv_va:0.09485
INFO|2024-09-25 18:30:51: Epoch[060/100], iter[196/392], loss_total:0.28817, loss_equ:0.63169 loss_pq_vm:0.00350 loss_pq_va:0.09633 loss_pv_va:0.09362
INFO|2024-09-25 18:31:24: Epoch[060/100], iter[235/392], loss_total:0.31698, loss_equ:0.67619 loss_pq_vm:0.00381 loss_pq_va:0.10761 loss_pv_va:0.10362
INFO|2024-09-25 18:31:57: Epoch[060/100], iter[274/392], loss_total:0.31766, loss_equ:0.68762 loss_pq_vm:0.00377 loss_pq_va:0.10747 loss_pv_va:0.10371
INFO|2024-09-25 18:32:29: Epoch[060/100], iter[313/392], loss_total:0.29698, loss_equ:0.65009 loss_pq_vm:0.00390 loss_pq_va:0.09847 loss_pv_va:0.09447
INFO|2024-09-25 18:33:02: Epoch[060/100], iter[352/392], loss_total:0.29621, loss_equ:0.67930 loss_pq_vm:0.00355 loss_pq_va:0.09725 loss_pv_va:0.09554
INFO|2024-09-25 18:33:36: Epoch[060/100], iter[392/392], loss_total:0.28805, loss_equ:0.64872 loss_pq_vm:0.00362 loss_pq_va:0.09542 loss_pv_va:0.09156
INFO|2024-09-25 18:34:52: Epoch 59/100, lr:  0.00035204, eta: 4.52h, train_loss:  0.31476, valid_loss:  0.37395
INFO|2024-09-25 18:34:52: 	Train: PQ_Vm_rmse: 0.00010642  PQ_Va_rmse: 0.00397251  PV_Va_rmse: 0.00385979  delta_p: 0.00973109  delta_q: 0.00142066  
INFO|2024-09-25 18:34:52: 	ZTest: PQ_Vm_rmse: 0.00017973  PQ_Va_rmse: 0.00774948  PV_Va_rmse: 0.00734329  delta_p: 0.01314563  delta_q: 0.00163089  
INFO|2024-09-25 18:34:52: 	ZTest-ema: PQ_Vm_rmse: 0.000156  PQ_Va_rmse: 0.005875  PV_Va_rmse: 0.005567  delta_p: 0.010503  delta_q: 0.001428  
INFO|2024-09-25 18:34:52: 	           ValOfEMA:0.005875/0.005746,  Epoch:60/57
INFO|2024-09-25 18:34:52: 	Time(ep):406s,  Val(curr/best):0.007749/0.006121,  Epoch(curr/best):60/58
INFO|2024-09-25 18:34:52: -------------------- Epoch: 61 --------------------
INFO|2024-09-25 18:35:28: Epoch[061/100], iter[040/392], loss_total:0.30827, loss_equ:0.65443 loss_pq_vm:0.00343 loss_pq_va:0.10642 loss_pv_va:0.10215
INFO|2024-09-25 18:36:01: Epoch[061/100], iter[079/392], loss_total:0.30830, loss_equ:0.65545 loss_pq_vm:0.00389 loss_pq_va:0.10301 loss_pv_va:0.10089
INFO|2024-09-25 18:36:34: Epoch[061/100], iter[118/392], loss_total:0.33492, loss_equ:0.66272 loss_pq_vm:0.00359 loss_pq_va:0.11723 loss_pv_va:0.11551
INFO|2024-09-25 18:37:06: Epoch[061/100], iter[157/392], loss_total:0.31901, loss_equ:0.66219 loss_pq_vm:0.00376 loss_pq_va:0.10965 loss_pv_va:0.10555
INFO|2024-09-25 18:37:39: Epoch[061/100], iter[196/392], loss_total:0.30036, loss_equ:0.64158 loss_pq_vm:0.00354 loss_pq_va:0.10238 loss_pv_va:0.09844
INFO|2024-09-25 18:38:11: Epoch[061/100], iter[235/392], loss_total:0.30787, loss_equ:0.68225 loss_pq_vm:0.00396 loss_pq_va:0.10157 loss_pv_va:0.09850
INFO|2024-09-25 18:38:44: Epoch[061/100], iter[274/392], loss_total:0.30877, loss_equ:0.65537 loss_pq_vm:0.00383 loss_pq_va:0.10436 loss_pv_va:0.10055
INFO|2024-09-25 18:39:16: Epoch[061/100], iter[313/392], loss_total:0.31001, loss_equ:0.63869 loss_pq_vm:0.00366 loss_pq_va:0.10617 loss_pv_va:0.10340
INFO|2024-09-25 18:39:49: Epoch[061/100], iter[352/392], loss_total:0.29850, loss_equ:0.64495 loss_pq_vm:0.00381 loss_pq_va:0.09970 loss_pv_va:0.09621
INFO|2024-09-25 18:40:22: Epoch[061/100], iter[392/392], loss_total:0.30378, loss_equ:0.63655 loss_pq_vm:0.00370 loss_pq_va:0.10348 loss_pv_va:0.09963
INFO|2024-09-25 18:41:39: Epoch 60/100, lr:  0.00033732, eta: 4.4h, train_loss:  0.31693, valid_loss:  0.35196
INFO|2024-09-25 18:41:39: 	Train: PQ_Vm_rmse: 0.00011525  PQ_Va_rmse: 0.00436195  PV_Va_rmse: 0.00426308  delta_p: 0.00936882  delta_q: 0.00149572  
INFO|2024-09-25 18:41:39: 	ZTest: PQ_Vm_rmse: 0.00016707  PQ_Va_rmse: 0.00582630  PV_Va_rmse: 0.00562173  delta_p: 0.01027001  delta_q: 0.00169810  
INFO|2024-09-25 18:41:39: 	ZTest-ema: PQ_Vm_rmse: 0.000146  PQ_Va_rmse: 0.005325  PV_Va_rmse: 0.005047  delta_p: 0.008741  delta_q: 0.001282  
INFO|2024-09-25 18:41:39: 	           ValOfEMA:0.005325/0.005325,  Epoch:61/61
INFO|2024-09-25 18:41:39: 	Time(ep):406s,  Val(curr/best):0.005826/0.005826,  Epoch(curr/best):61/61
INFO|2024-09-25 18:41:39: -------------------- Epoch: 62 --------------------
INFO|2024-09-25 18:42:14: Epoch[062/100], iter[040/392], loss_total:0.36611, loss_equ:0.70581 loss_pq_vm:0.00383 loss_pq_va:0.13008 loss_pv_va:0.12718
INFO|2024-09-25 18:42:47: Epoch[062/100], iter[079/392], loss_total:0.34697, loss_equ:0.76243 loss_pq_vm:0.00451 loss_pq_va:0.11468 loss_pv_va:0.11096
INFO|2024-09-25 18:43:19: Epoch[062/100], iter[118/392], loss_total:0.30467, loss_equ:0.67952 loss_pq_vm:0.00399 loss_pq_va:0.10008 loss_pv_va:0.09678
INFO|2024-09-25 18:43:52: Epoch[062/100], iter[157/392], loss_total:0.28755, loss_equ:0.72683 loss_pq_vm:0.00358 loss_pq_va:0.09098 loss_pv_va:0.08805
INFO|2024-09-25 18:44:24: Epoch[062/100], iter[196/392], loss_total:0.29314, loss_equ:0.65565 loss_pq_vm:0.00359 loss_pq_va:0.09758 loss_pv_va:0.09414
INFO|2024-09-25 18:44:56: Epoch[062/100], iter[235/392], loss_total:0.29221, loss_equ:0.65502 loss_pq_vm:0.00352 loss_pq_va:0.09735 loss_pv_va:0.09416
INFO|2024-09-25 18:45:28: Epoch[062/100], iter[274/392], loss_total:0.39945, loss_equ:0.90878 loss_pq_vm:0.00502 loss_pq_va:0.13101 loss_pv_va:0.12736
INFO|2024-09-25 18:46:01: Epoch[062/100], iter[313/392], loss_total:0.29859, loss_equ:0.65891 loss_pq_vm:0.00375 loss_pq_va:0.09912 loss_pv_va:0.09603
INFO|2024-09-25 18:46:33: Epoch[062/100], iter[352/392], loss_total:0.28863, loss_equ:0.62636 loss_pq_vm:0.00372 loss_pq_va:0.09576 loss_pv_va:0.09305
INFO|2024-09-25 18:47:07: Epoch[062/100], iter[392/392], loss_total:0.35409, loss_equ:0.81747 loss_pq_vm:0.00616 loss_pq_va:0.10639 loss_pv_va:0.10435
INFO|2024-09-25 18:48:22: Epoch 61/100, lr:  0.00032278, eta: 4.25h, train_loss:  0.33784, valid_loss:  0.40710
INFO|2024-09-25 18:48:22: 	Train: PQ_Vm_rmse: 0.00014629  PQ_Va_rmse: 0.00453979  PV_Va_rmse: 0.00447228  delta_p: 0.01159434  delta_q: 0.00189247  
INFO|2024-09-25 18:48:22: 	ZTest: PQ_Vm_rmse: 0.00019359  PQ_Va_rmse: 0.00770923  PV_Va_rmse: 0.00737749  delta_p: 0.01461664  delta_q: 0.00201413  
INFO|2024-09-25 18:48:22: 	ZTest-ema: PQ_Vm_rmse: 0.000150  PQ_Va_rmse: 0.005581  PV_Va_rmse: 0.005300  delta_p: 0.008288  delta_q: 0.001285  
INFO|2024-09-25 18:48:22: 	           ValOfEMA:0.005581/0.005325,  Epoch:62/61
INFO|2024-09-25 18:48:23: 	Time(ep):402s,  Val(curr/best):0.007709/0.005826,  Epoch(curr/best):62/61
INFO|2024-09-25 18:48:23: -------------------- Epoch: 63 --------------------
INFO|2024-09-25 18:48:58: Epoch[063/100], iter[040/392], loss_total:0.33993, loss_equ:0.76236 loss_pq_vm:0.00577 loss_pq_va:0.10463 loss_pv_va:0.10141
INFO|2024-09-25 18:49:30: Epoch[063/100], iter[079/392], loss_total:0.33521, loss_equ:0.70722 loss_pq_vm:0.00409 loss_pq_va:0.11272 loss_pv_va:0.11091
INFO|2024-09-25 18:50:03: Epoch[063/100], iter[118/392], loss_total:0.30660, loss_equ:0.68415 loss_pq_vm:0.00358 loss_pq_va:0.10233 loss_pv_va:0.10001
INFO|2024-09-25 18:50:36: Epoch[063/100], iter[157/392], loss_total:0.34199, loss_equ:0.68629 loss_pq_vm:0.00365 loss_pq_va:0.12021 loss_pv_va:0.11664
INFO|2024-09-25 18:51:09: Epoch[063/100], iter[196/392], loss_total:0.35106, loss_equ:0.67428 loss_pq_vm:0.00361 loss_pq_va:0.12547 loss_pv_va:0.12205
INFO|2024-09-25 18:51:41: Epoch[063/100], iter[235/392], loss_total:0.33040, loss_equ:0.68290 loss_pq_vm:0.00376 loss_pq_va:0.11339 loss_pv_va:0.11108
INFO|2024-09-25 18:52:14: Epoch[063/100], iter[274/392], loss_total:0.34045, loss_equ:0.66487 loss_pq_vm:0.00358 loss_pq_va:0.11907 loss_pv_va:0.11912
INFO|2024-09-25 18:52:47: Epoch[063/100], iter[313/392], loss_total:0.29231, loss_equ:0.63859 loss_pq_vm:0.00360 loss_pq_va:0.09787 loss_pv_va:0.09455
INFO|2024-09-25 18:53:19: Epoch[063/100], iter[352/392], loss_total:0.28601, loss_equ:0.63659 loss_pq_vm:0.00341 loss_pq_va:0.09514 loss_pv_va:0.09313
INFO|2024-09-25 18:53:52: Epoch[063/100], iter[392/392], loss_total:0.30338, loss_equ:0.64699 loss_pq_vm:0.00404 loss_pq_va:0.10115 loss_pv_va:0.09716
INFO|2024-09-25 18:55:08: Epoch 62/100, lr:  0.00030841, eta: 4.16h, train_loss:  0.32991, valid_loss:  0.36217
INFO|2024-09-25 18:55:08: 	Train: PQ_Vm_rmse: 0.00011024  PQ_Va_rmse: 0.00489656  PV_Va_rmse: 0.00480727  delta_p: 0.01008399  delta_q: 0.00142019  
INFO|2024-09-25 18:55:08: 	ZTest: PQ_Vm_rmse: 0.00022223  PQ_Va_rmse: 0.00639316  PV_Va_rmse: 0.00606586  delta_p: 0.01027985  delta_q: 0.00195295  
INFO|2024-09-25 18:55:08: 	ZTest-ema: PQ_Vm_rmse: 0.000145  PQ_Va_rmse: 0.005549  PV_Va_rmse: 0.005297  delta_p: 0.008915  delta_q: 0.001230  
INFO|2024-09-25 18:55:08: 	           ValOfEMA:0.005549/0.005325,  Epoch:63/61
INFO|2024-09-25 18:55:08: 	Time(ep):405s,  Val(curr/best):0.006393/0.005826,  Epoch(curr/best):63/61
INFO|2024-09-25 18:55:08: -------------------- Epoch: 64 --------------------
INFO|2024-09-25 18:55:43: Epoch[064/100], iter[040/392], loss_total:0.28939, loss_equ:0.63155 loss_pq_vm:0.00340 loss_pq_va:0.09772 loss_pv_va:0.09454
INFO|2024-09-25 18:56:16: Epoch[064/100], iter[079/392], loss_total:0.28035, loss_equ:0.64215 loss_pq_vm:0.00358 loss_pq_va:0.09161 loss_pv_va:0.08871
INFO|2024-09-25 18:56:49: Epoch[064/100], iter[118/392], loss_total:0.29801, loss_equ:0.64949 loss_pq_vm:0.00355 loss_pq_va:0.10087 loss_pv_va:0.09674
INFO|2024-09-25 18:57:21: Epoch[064/100], iter[157/392], loss_total:0.30913, loss_equ:0.63236 loss_pq_vm:0.00360 loss_pq_va:0.10692 loss_pv_va:0.10299
INFO|2024-09-25 18:57:53: Epoch[064/100], iter[196/392], loss_total:0.30517, loss_equ:0.77924 loss_pq_vm:0.00408 loss_pq_va:0.09497 loss_pv_va:0.09149
INFO|2024-09-25 18:58:25: Epoch[064/100], iter[235/392], loss_total:0.32740, loss_equ:0.73650 loss_pq_vm:0.00368 loss_pq_va:0.11013 loss_pv_va:0.10683
INFO|2024-09-25 18:58:58: Epoch[064/100], iter[274/392], loss_total:0.32656, loss_equ:0.66262 loss_pq_vm:0.00369 loss_pq_va:0.11272 loss_pv_va:0.11072
INFO|2024-09-25 18:59:31: Epoch[064/100], iter[313/392], loss_total:0.28480, loss_equ:0.66022 loss_pq_vm:0.00338 loss_pq_va:0.09431 loss_pv_va:0.09069
INFO|2024-09-25 19:00:04: Epoch[064/100], iter[352/392], loss_total:0.31592, loss_equ:0.68189 loss_pq_vm:0.00350 loss_pq_va:0.10790 loss_pv_va:0.10479
INFO|2024-09-25 19:00:38: Epoch[064/100], iter[392/392], loss_total:0.34461, loss_equ:0.67304 loss_pq_vm:0.00334 loss_pq_va:0.12357 loss_pv_va:0.12032
INFO|2024-09-25 19:01:54: Epoch 63/100, lr:  0.00029424, eta: 4.06h, train_loss:  0.31348, valid_loss:  0.34959
INFO|2024-09-25 19:01:54: 	Train: PQ_Vm_rmse: 0.00011439  PQ_Va_rmse: 0.00419050  PV_Va_rmse: 0.00406833  delta_p: 0.01072822  delta_q: 0.00155070  
INFO|2024-09-25 19:01:54: 	ZTest: PQ_Vm_rmse: 0.00015824  PQ_Va_rmse: 0.00610025  PV_Va_rmse: 0.00581341  delta_p: 0.01281771  delta_q: 0.00176863  
INFO|2024-09-25 19:01:54: 	ZTest-ema: PQ_Vm_rmse: 0.000143  PQ_Va_rmse: 0.005397  PV_Va_rmse: 0.005142  delta_p: 0.009123  delta_q: 0.001252  
INFO|2024-09-25 19:01:54: 	           ValOfEMA:0.005397/0.005325,  Epoch:64/61
INFO|2024-09-25 19:01:54: 	Time(ep):405s,  Val(curr/best):0.006100/0.005826,  Epoch(curr/best):64/61
INFO|2024-09-25 19:01:54: -------------------- Epoch: 65 --------------------
INFO|2024-09-25 19:02:29: Epoch[065/100], iter[040/392], loss_total:0.28781, loss_equ:0.64137 loss_pq_vm:0.00360 loss_pq_va:0.09532 loss_pv_va:0.09237
INFO|2024-09-25 19:03:02: Epoch[065/100], iter[079/392], loss_total:0.27965, loss_equ:0.60031 loss_pq_vm:0.00331 loss_pq_va:0.09487 loss_pv_va:0.09167
INFO|2024-09-25 19:03:35: Epoch[065/100], iter[118/392], loss_total:0.30612, loss_equ:0.62534 loss_pq_vm:0.00375 loss_pq_va:0.10495 loss_pv_va:0.10116
INFO|2024-09-25 19:04:07: Epoch[065/100], iter[157/392], loss_total:0.32174, loss_equ:0.67443 loss_pq_vm:0.00375 loss_pq_va:0.11042 loss_pv_va:0.10640
INFO|2024-09-25 19:04:40: Epoch[065/100], iter[196/392], loss_total:0.30740, loss_equ:0.67254 loss_pq_vm:0.00359 loss_pq_va:0.10330 loss_pv_va:0.10094
INFO|2024-09-25 19:05:12: Epoch[065/100], iter[235/392], loss_total:0.31342, loss_equ:0.63107 loss_pq_vm:0.00335 loss_pq_va:0.10995 loss_pv_va:0.10684
INFO|2024-09-25 19:05:45: Epoch[065/100], iter[274/392], loss_total:0.29724, loss_equ:0.60625 loss_pq_vm:0.00325 loss_pq_va:0.10366 loss_pv_va:0.10044
INFO|2024-09-25 19:06:18: Epoch[065/100], iter[313/392], loss_total:0.29258, loss_equ:0.64613 loss_pq_vm:0.00328 loss_pq_va:0.09983 loss_pv_va:0.09530
INFO|2024-09-25 19:06:51: Epoch[065/100], iter[352/392], loss_total:0.28070, loss_equ:0.60315 loss_pq_vm:0.00335 loss_pq_va:0.09548 loss_pv_va:0.09141
INFO|2024-09-25 19:07:23: Epoch[065/100], iter[392/392], loss_total:0.29754, loss_equ:0.61032 loss_pq_vm:0.00327 loss_pq_va:0.10388 loss_pv_va:0.09989
INFO|2024-09-25 19:08:39: Epoch 64/100, lr:  0.00028027, eta: 3.94h, train_loss:  0.30809, valid_loss:  0.34270
INFO|2024-09-25 19:08:39: 	Train: PQ_Vm_rmse: 0.00009703  PQ_Va_rmse: 0.00406852  PV_Va_rmse: 0.00397920  delta_p: 0.00819664  delta_q: 0.00125917  
INFO|2024-09-25 19:08:39: 	ZTest: PQ_Vm_rmse: 0.00015109  PQ_Va_rmse: 0.00591972  PV_Va_rmse: 0.00566860  delta_p: 0.00907140  delta_q: 0.00134079  
INFO|2024-09-25 19:08:39: 	ZTest-ema: PQ_Vm_rmse: 0.000142  PQ_Va_rmse: 0.005452  PV_Va_rmse: 0.005186  delta_p: 0.008549  delta_q: 0.001234  
INFO|2024-09-25 19:08:39: 	           ValOfEMA:0.005452/0.005325,  Epoch:65/61
INFO|2024-09-25 19:08:40: 	Time(ep):405s,  Val(curr/best):0.005920/0.005826,  Epoch(curr/best):65/61
INFO|2024-09-25 19:08:40: -------------------- Epoch: 66 --------------------
INFO|2024-09-25 19:09:14: Epoch[066/100], iter[040/392], loss_total:0.33342, loss_equ:0.63727 loss_pq_vm:0.00370 loss_pq_va:0.11769 loss_pv_va:0.11501
INFO|2024-09-25 19:09:47: Epoch[066/100], iter[079/392], loss_total:0.28552, loss_equ:0.61459 loss_pq_vm:0.00338 loss_pq_va:0.09697 loss_pv_va:0.09333
INFO|2024-09-25 19:10:20: Epoch[066/100], iter[118/392], loss_total:0.28964, loss_equ:0.60725 loss_pq_vm:0.00346 loss_pq_va:0.09871 loss_pv_va:0.09559
INFO|2024-09-25 19:10:53: Epoch[066/100], iter[157/392], loss_total:0.28837, loss_equ:0.62546 loss_pq_vm:0.00366 loss_pq_va:0.09650 loss_pv_va:0.09272
INFO|2024-09-25 19:11:25: Epoch[066/100], iter[196/392], loss_total:0.31775, loss_equ:0.62138 loss_pq_vm:0.00342 loss_pq_va:0.11216 loss_pv_va:0.10925
INFO|2024-09-25 19:11:58: Epoch[066/100], iter[235/392], loss_total:0.33688, loss_equ:0.63681 loss_pq_vm:0.00334 loss_pq_va:0.12068 loss_pv_va:0.11911
INFO|2024-09-25 19:12:31: Epoch[066/100], iter[274/392], loss_total:0.29076, loss_equ:0.63084 loss_pq_vm:0.00338 loss_pq_va:0.09921 loss_pv_va:0.09466
INFO|2024-09-25 19:13:03: Epoch[066/100], iter[313/392], loss_total:0.28218, loss_equ:0.60198 loss_pq_vm:0.00328 loss_pq_va:0.09649 loss_pv_va:0.09271
INFO|2024-09-25 19:13:36: Epoch[066/100], iter[352/392], loss_total:0.29139, loss_equ:0.66260 loss_pq_vm:0.00350 loss_pq_va:0.09574 loss_pv_va:0.09437
INFO|2024-09-25 19:14:09: Epoch[066/100], iter[392/392], loss_total:0.28235, loss_equ:0.61914 loss_pq_vm:0.00333 loss_pq_va:0.09567 loss_pv_va:0.09150
INFO|2024-09-25 19:15:25: Epoch 65/100, lr:  0.00026653, eta: 3.83h, train_loss:  0.30080, valid_loss:  0.34566
INFO|2024-09-25 19:15:25: 	Train: PQ_Vm_rmse: 0.00009467  PQ_Va_rmse: 0.00399847  PV_Va_rmse: 0.00391268  delta_p: 0.00747533  delta_q: 0.00112843  
INFO|2024-09-25 19:15:25: 	ZTest: PQ_Vm_rmse: 0.00015305  PQ_Va_rmse: 0.00596396  PV_Va_rmse: 0.00566643  delta_p: 0.01077243  delta_q: 0.00139008  
INFO|2024-09-25 19:15:25: 	ZTest-ema: PQ_Vm_rmse: 0.000145  PQ_Va_rmse: 0.005433  PV_Va_rmse: 0.005188  delta_p: 0.009046  delta_q: 0.001263  
INFO|2024-09-25 19:15:26: 	           ValOfEMA:0.005433/0.005325,  Epoch:66/61
INFO|2024-09-25 19:15:26: 	Time(ep):405s,  Val(curr/best):0.005964/0.005826,  Epoch(curr/best):66/61
INFO|2024-09-25 19:15:26: -------------------- Epoch: 67 --------------------
INFO|2024-09-25 19:16:01: Epoch[067/100], iter[040/392], loss_total:0.29610, loss_equ:0.61812 loss_pq_vm:0.00329 loss_pq_va:0.10190 loss_pv_va:0.09946
INFO|2024-09-25 19:16:34: Epoch[067/100], iter[079/392], loss_total:0.30808, loss_equ:0.65607 loss_pq_vm:0.00498 loss_pq_va:0.09762 loss_pv_va:0.09502
INFO|2024-09-25 19:17:06: Epoch[067/100], iter[118/392], loss_total:0.27834, loss_equ:0.62811 loss_pq_vm:0.00332 loss_pq_va:0.09260 loss_pv_va:0.08968
INFO|2024-09-25 19:17:39: Epoch[067/100], iter[157/392], loss_total:0.30252, loss_equ:0.61228 loss_pq_vm:0.00341 loss_pq_va:0.10529 loss_pv_va:0.10190
INFO|2024-09-25 19:18:12: Epoch[067/100], iter[196/392], loss_total:0.30353, loss_equ:0.61768 loss_pq_vm:0.00353 loss_pq_va:0.10495 loss_pv_va:0.10150
INFO|2024-09-25 19:18:45: Epoch[067/100], iter[235/392], loss_total:0.27420, loss_equ:0.61757 loss_pq_vm:0.00330 loss_pq_va:0.09103 loss_pv_va:0.08838
INFO|2024-09-25 19:19:18: Epoch[067/100], iter[274/392], loss_total:0.30597, loss_equ:0.64575 loss_pq_vm:0.00363 loss_pq_va:0.10415 loss_pv_va:0.10097
INFO|2024-09-25 19:19:51: Epoch[067/100], iter[313/392], loss_total:0.30272, loss_equ:0.62974 loss_pq_vm:0.00342 loss_pq_va:0.10464 loss_pv_va:0.10089
INFO|2024-09-25 19:20:23: Epoch[067/100], iter[352/392], loss_total:0.30439, loss_equ:0.62756 loss_pq_vm:0.00348 loss_pq_va:0.10508 loss_pv_va:0.10177
INFO|2024-09-25 19:20:56: Epoch[067/100], iter[392/392], loss_total:0.28822, loss_equ:0.62085 loss_pq_vm:0.00338 loss_pq_va:0.09806 loss_pv_va:0.09427
INFO|2024-09-25 19:22:12: Epoch 66/100, lr:  0.00025302, eta: 3.72h, train_loss:  0.29623, valid_loss:  0.33670
INFO|2024-09-25 19:22:12: 	Train: PQ_Vm_rmse: 0.00009363  PQ_Va_rmse: 0.00375395  PV_Va_rmse: 0.00367054  delta_p: 0.00756723  delta_q: 0.00115391  
INFO|2024-09-25 19:22:12: 	ZTest: PQ_Vm_rmse: 0.00014144  PQ_Va_rmse: 0.00523286  PV_Va_rmse: 0.00501018  delta_p: 0.01004402  delta_q: 0.00135596  
INFO|2024-09-25 19:22:12: 	ZTest-ema: PQ_Vm_rmse: 0.000141  PQ_Va_rmse: 0.005269  PV_Va_rmse: 0.005033  delta_p: 0.008565  delta_q: 0.001227  
INFO|2024-09-25 19:22:12: 	           ValOfEMA:0.005269/0.005269,  Epoch:67/67
INFO|2024-09-25 19:22:13: 	Time(ep):405s,  Val(curr/best):0.005233/0.005233,  Epoch(curr/best):67/67
INFO|2024-09-25 19:22:13: -------------------- Epoch: 68 --------------------
INFO|2024-09-25 19:22:48: Epoch[068/100], iter[040/392], loss_total:0.28596, loss_equ:0.60264 loss_pq_vm:0.00334 loss_pq_va:0.09816 loss_pv_va:0.09413
INFO|2024-09-25 19:23:20: Epoch[068/100], iter[079/392], loss_total:0.28847, loss_equ:0.61917 loss_pq_vm:0.00339 loss_pq_va:0.09835 loss_pv_va:0.09432
INFO|2024-09-25 19:23:53: Epoch[068/100], iter[118/392], loss_total:0.28221, loss_equ:0.61757 loss_pq_vm:0.00330 loss_pq_va:0.09601 loss_pv_va:0.09148
INFO|2024-09-25 19:24:26: Epoch[068/100], iter[157/392], loss_total:0.27832, loss_equ:0.61196 loss_pq_vm:0.00341 loss_pq_va:0.09315 loss_pv_va:0.08985
INFO|2024-09-25 19:24:58: Epoch[068/100], iter[196/392], loss_total:0.27941, loss_equ:0.61272 loss_pq_vm:0.00332 loss_pq_va:0.09383 loss_pv_va:0.09108
INFO|2024-09-25 19:25:31: Epoch[068/100], iter[235/392], loss_total:0.27601, loss_equ:0.60891 loss_pq_vm:0.00333 loss_pq_va:0.09262 loss_pv_va:0.08923
INFO|2024-09-25 19:26:04: Epoch[068/100], iter[274/392], loss_total:0.29457, loss_equ:0.62567 loss_pq_vm:0.00357 loss_pq_va:0.09911 loss_pv_va:0.09716
INFO|2024-09-25 19:26:37: Epoch[068/100], iter[313/392], loss_total:0.34423, loss_equ:0.63091 loss_pq_vm:0.00343 loss_pq_va:0.12494 loss_pv_va:0.12191
INFO|2024-09-25 19:27:09: Epoch[068/100], iter[352/392], loss_total:0.28925, loss_equ:0.62062 loss_pq_vm:0.00335 loss_pq_va:0.09856 loss_pv_va:0.09516
INFO|2024-09-25 19:27:42: Epoch[068/100], iter[392/392], loss_total:0.27871, loss_equ:0.60350 loss_pq_vm:0.00337 loss_pq_va:0.09397 loss_pv_va:0.09069
INFO|2024-09-25 19:28:58: Epoch 67/100, lr:  0.00023977, eta: 3.6h, train_loss:  0.29029, valid_loss:  0.33772
INFO|2024-09-25 19:28:58: 	Train: PQ_Vm_rmse: 0.00009154  PQ_Va_rmse: 0.00362602  PV_Va_rmse: 0.00353425  delta_p: 0.00718063  delta_q: 0.00112968  
INFO|2024-09-25 19:28:58: 	ZTest: PQ_Vm_rmse: 0.00014057  PQ_Va_rmse: 0.00510586  PV_Va_rmse: 0.00488619  delta_p: 0.00923067  delta_q: 0.00139538  
INFO|2024-09-25 19:28:58: 	ZTest-ema: PQ_Vm_rmse: 0.000137  PQ_Va_rmse: 0.004940  PV_Va_rmse: 0.004713  delta_p: 0.008278  delta_q: 0.001194  
INFO|2024-09-25 19:28:58: 	           ValOfEMA:0.004940/0.004940,  Epoch:68/68
INFO|2024-09-25 19:28:59: 	Time(ep):405s,  Val(curr/best):0.005106/0.005106,  Epoch(curr/best):68/68
INFO|2024-09-25 19:28:59: -------------------- Epoch: 69 --------------------
INFO|2024-09-25 19:29:33: Epoch[069/100], iter[040/392], loss_total:0.30151, loss_equ:0.67562 loss_pq_vm:0.00336 loss_pq_va:0.10072 loss_pv_va:0.09958
INFO|2024-09-25 19:30:06: Epoch[069/100], iter[079/392], loss_total:0.26562, loss_equ:0.62564 loss_pq_vm:0.00320 loss_pq_va:0.08710 loss_pv_va:0.08392
INFO|2024-09-25 19:30:38: Epoch[069/100], iter[118/392], loss_total:0.29091, loss_equ:0.64353 loss_pq_vm:0.00331 loss_pq_va:0.09924 loss_pv_va:0.09418
INFO|2024-09-25 19:31:11: Epoch[069/100], iter[157/392], loss_total:0.31409, loss_equ:0.64610 loss_pq_vm:0.00345 loss_pq_va:0.11022 loss_pv_va:0.10474
INFO|2024-09-25 19:31:44: Epoch[069/100], iter[196/392], loss_total:0.28946, loss_equ:0.61257 loss_pq_vm:0.00322 loss_pq_va:0.09985 loss_pv_va:0.09610
INFO|2024-09-25 19:32:17: Epoch[069/100], iter[235/392], loss_total:0.27895, loss_equ:0.61885 loss_pq_vm:0.00326 loss_pq_va:0.09387 loss_pv_va:0.09063
INFO|2024-09-25 19:32:50: Epoch[069/100], iter[274/392], loss_total:0.29215, loss_equ:0.63433 loss_pq_vm:0.00359 loss_pq_va:0.09839 loss_pv_va:0.09439
INFO|2024-09-25 19:33:22: Epoch[069/100], iter[313/392], loss_total:0.29641, loss_equ:0.62631 loss_pq_vm:0.00350 loss_pq_va:0.10115 loss_pv_va:0.09763
INFO|2024-09-25 19:33:55: Epoch[069/100], iter[352/392], loss_total:0.27254, loss_equ:0.60352 loss_pq_vm:0.00340 loss_pq_va:0.09048 loss_pv_va:0.08775
INFO|2024-09-25 19:34:28: Epoch[069/100], iter[392/392], loss_total:0.29163, loss_equ:0.61851 loss_pq_vm:0.00340 loss_pq_va:0.09978 loss_pv_va:0.09596
INFO|2024-09-25 19:35:44: Epoch 68/100, lr:  0.00022677, eta: 3.49h, train_loss:  0.29142, valid_loss:  0.35237
INFO|2024-09-25 19:35:44: 	Train: PQ_Vm_rmse: 0.00008466  PQ_Va_rmse: 0.00368875  PV_Va_rmse: 0.00358128  delta_p: 0.00844829  delta_q: 0.00114864  
INFO|2024-09-25 19:35:44: 	ZTest: PQ_Vm_rmse: 0.00014889  PQ_Va_rmse: 0.00638110  PV_Va_rmse: 0.00608585  delta_p: 0.00955040  delta_q: 0.00132229  
INFO|2024-09-25 19:35:44: 	ZTest-ema: PQ_Vm_rmse: 0.000137  PQ_Va_rmse: 0.005104  PV_Va_rmse: 0.004861  delta_p: 0.007974  delta_q: 0.001138  
INFO|2024-09-25 19:35:44: 	           ValOfEMA:0.005104/0.004940,  Epoch:69/68
INFO|2024-09-25 19:35:45: 	Time(ep):405s,  Val(curr/best):0.006381/0.005106,  Epoch(curr/best):69/68
INFO|2024-09-25 19:35:45: -------------------- Epoch: 70 --------------------
INFO|2024-09-25 19:36:19: Epoch[070/100], iter[040/392], loss_total:0.28735, loss_equ:0.62223 loss_pq_vm:0.00343 loss_pq_va:0.09705 loss_pv_va:0.09382
INFO|2024-09-25 19:36:51: Epoch[070/100], iter[079/392], loss_total:0.28211, loss_equ:0.60587 loss_pq_vm:0.00342 loss_pq_va:0.09540 loss_pv_va:0.09191
INFO|2024-09-25 19:37:23: Epoch[070/100], iter[118/392], loss_total:0.35952, loss_equ:0.62822 loss_pq_vm:0.00340 loss_pq_va:0.13354 loss_pv_va:0.12918
INFO|2024-09-25 19:37:56: Epoch[070/100], iter[157/392], loss_total:0.29229, loss_equ:0.61130 loss_pq_vm:0.00330 loss_pq_va:0.10006 loss_pv_va:0.09811
INFO|2024-09-25 19:38:29: Epoch[070/100], iter[196/392], loss_total:0.27794, loss_equ:0.59505 loss_pq_vm:0.00332 loss_pq_va:0.09454 loss_pv_va:0.09073
INFO|2024-09-25 19:39:01: Epoch[070/100], iter[235/392], loss_total:0.26431, loss_equ:0.59205 loss_pq_vm:0.00329 loss_pq_va:0.08778 loss_pv_va:0.08445
INFO|2024-09-25 19:39:33: Epoch[070/100], iter[274/392], loss_total:0.30404, loss_equ:0.65940 loss_pq_vm:0.00362 loss_pq_va:0.10224 loss_pv_va:0.09967
INFO|2024-09-25 19:40:05: Epoch[070/100], iter[313/392], loss_total:0.27126, loss_equ:0.59841 loss_pq_vm:0.00339 loss_pq_va:0.09017 loss_pv_va:0.08739
INFO|2024-09-25 19:40:38: Epoch[070/100], iter[352/392], loss_total:0.27871, loss_equ:0.60349 loss_pq_vm:0.00333 loss_pq_va:0.09396 loss_pv_va:0.09111
INFO|2024-09-25 19:41:11: Epoch[070/100], iter[392/392], loss_total:0.29224, loss_equ:0.61333 loss_pq_vm:0.00377 loss_pq_va:0.09863 loss_pv_va:0.09454
INFO|2024-09-25 19:42:27: Epoch 69/100, lr:  0.00021405, eta: 3.36h, train_loss:  0.28819, valid_loss:  0.32785
INFO|2024-09-25 19:42:27: 	Train: PQ_Vm_rmse: 0.00008956  PQ_Va_rmse: 0.00356610  PV_Va_rmse: 0.00349045  delta_p: 0.00672983  delta_q: 0.00107586  
INFO|2024-09-25 19:42:27: 	ZTest: PQ_Vm_rmse: 0.00015590  PQ_Va_rmse: 0.00505812  PV_Va_rmse: 0.00483106  delta_p: 0.00824066  delta_q: 0.00134302  
INFO|2024-09-25 19:42:27: 	ZTest-ema: PQ_Vm_rmse: 0.000140  PQ_Va_rmse: 0.005103  PV_Va_rmse: 0.004868  delta_p: 0.008064  delta_q: 0.001174  
INFO|2024-09-25 19:42:27: 	           ValOfEMA:0.005103/0.004940,  Epoch:70/68
INFO|2024-09-25 19:42:28: 	Time(ep):402s,  Val(curr/best):0.005058/0.005058,  Epoch(curr/best):70/70
INFO|2024-09-25 19:42:28: -------------------- Epoch: 71 --------------------
INFO|2024-09-25 19:43:03: Epoch[071/100], iter[040/392], loss_total:0.29446, loss_equ:0.60707 loss_pq_vm:0.00334 loss_pq_va:0.10176 loss_pv_va:0.09856
INFO|2024-09-25 19:43:36: Epoch[071/100], iter[079/392], loss_total:0.29629, loss_equ:0.62422 loss_pq_vm:0.00330 loss_pq_va:0.10223 loss_pv_va:0.09868
INFO|2024-09-25 19:44:09: Epoch[071/100], iter[118/392], loss_total:0.26946, loss_equ:0.57329 loss_pq_vm:0.00310 loss_pq_va:0.09226 loss_pv_va:0.08883
INFO|2024-09-25 19:44:41: Epoch[071/100], iter[157/392], loss_total:0.27445, loss_equ:0.60869 loss_pq_vm:0.00348 loss_pq_va:0.09118 loss_pv_va:0.08756
INFO|2024-09-25 19:45:14: Epoch[071/100], iter[196/392], loss_total:0.28131, loss_equ:0.58834 loss_pq_vm:0.00319 loss_pq_va:0.09730 loss_pv_va:0.09328
INFO|2024-09-25 19:45:47: Epoch[071/100], iter[235/392], loss_total:0.27724, loss_equ:0.58812 loss_pq_vm:0.00330 loss_pq_va:0.09450 loss_pv_va:0.09090
INFO|2024-09-25 19:46:19: Epoch[071/100], iter[274/392], loss_total:0.25159, loss_equ:0.57793 loss_pq_vm:0.00316 loss_pq_va:0.08249 loss_pv_va:0.07971
INFO|2024-09-25 19:46:51: Epoch[071/100], iter[313/392], loss_total:0.27462, loss_equ:0.58365 loss_pq_vm:0.00326 loss_pq_va:0.09364 loss_pv_va:0.09005
INFO|2024-09-25 19:47:24: Epoch[071/100], iter[352/392], loss_total:0.27982, loss_equ:0.59555 loss_pq_vm:0.00314 loss_pq_va:0.09683 loss_pv_va:0.09198
INFO|2024-09-25 19:47:58: Epoch[071/100], iter[392/392], loss_total:0.29478, loss_equ:0.64590 loss_pq_vm:0.00335 loss_pq_va:0.10010 loss_pv_va:0.09663
INFO|2024-09-25 19:49:14: Epoch 70/100, lr:  0.00020161, eta: 3.27h, train_loss:  0.27672, valid_loss:  0.33901
INFO|2024-09-25 19:49:14: 	Train: PQ_Vm_rmse: 0.00008236  PQ_Va_rmse: 0.00308263  PV_Va_rmse: 0.00296964  delta_p: 0.00632473  delta_q: 0.00095874  
INFO|2024-09-25 19:49:14: 	ZTest: PQ_Vm_rmse: 0.00014605  PQ_Va_rmse: 0.00536588  PV_Va_rmse: 0.00511343  delta_p: 0.01279851  delta_q: 0.00143514  
INFO|2024-09-25 19:49:14: 	ZTest-ema: PQ_Vm_rmse: 0.000135  PQ_Va_rmse: 0.004930  PV_Va_rmse: 0.004687  delta_p: 0.008225  delta_q: 0.001155  
INFO|2024-09-25 19:49:14: 	           ValOfEMA:0.004930/0.004930,  Epoch:71/71
INFO|2024-09-25 19:49:14: 	Time(ep):406s,  Val(curr/best):0.005366/0.005058,  Epoch(curr/best):71/70
INFO|2024-09-25 19:49:14: -------------------- Epoch: 72 --------------------
INFO|2024-09-25 19:49:49: Epoch[072/100], iter[040/392], loss_total:0.26273, loss_equ:0.58352 loss_pq_vm:0.00316 loss_pq_va:0.08807 loss_pv_va:0.08473
INFO|2024-09-25 19:50:22: Epoch[072/100], iter[079/392], loss_total:0.27671, loss_equ:0.61409 loss_pq_vm:0.00320 loss_pq_va:0.09348 loss_pv_va:0.08986
INFO|2024-09-25 19:50:54: Epoch[072/100], iter[118/392], loss_total:0.26927, loss_equ:0.59666 loss_pq_vm:0.00325 loss_pq_va:0.08998 loss_pv_va:0.08709
INFO|2024-09-25 19:51:27: Epoch[072/100], iter[157/392], loss_total:0.26702, loss_equ:0.59877 loss_pq_vm:0.00321 loss_pq_va:0.08930 loss_pv_va:0.08574
INFO|2024-09-25 19:52:00: Epoch[072/100], iter[196/392], loss_total:0.27151, loss_equ:0.58991 loss_pq_vm:0.00319 loss_pq_va:0.09218 loss_pv_va:0.08842
INFO|2024-09-25 19:52:33: Epoch[072/100], iter[235/392], loss_total:0.27410, loss_equ:0.59742 loss_pq_vm:0.00338 loss_pq_va:0.09219 loss_pv_va:0.08833
INFO|2024-09-25 19:53:05: Epoch[072/100], iter[274/392], loss_total:0.28792, loss_equ:0.63431 loss_pq_vm:0.00319 loss_pq_va:0.09883 loss_pv_va:0.09377
INFO|2024-09-25 19:53:38: Epoch[072/100], iter[313/392], loss_total:0.27928, loss_equ:0.60838 loss_pq_vm:0.00324 loss_pq_va:0.09499 loss_pv_va:0.09106
INFO|2024-09-25 19:54:11: Epoch[072/100], iter[352/392], loss_total:0.26551, loss_equ:0.58529 loss_pq_vm:0.00316 loss_pq_va:0.08950 loss_pv_va:0.08590
INFO|2024-09-25 19:54:44: Epoch[072/100], iter[392/392], loss_total:0.28486, loss_equ:0.59516 loss_pq_vm:0.00321 loss_pq_va:0.09861 loss_pv_va:0.09460
INFO|2024-09-25 19:56:00: Epoch 71/100, lr:  0.00018948, eta: 3.16h, train_loss:  0.27686, valid_loss:  0.32017
INFO|2024-09-25 19:56:00: 	Train: PQ_Vm_rmse: 0.00008131  PQ_Va_rmse: 0.00303338  PV_Va_rmse: 0.00292414  delta_p: 0.00672815  delta_q: 0.00098656  
INFO|2024-09-25 19:56:00: 	ZTest: PQ_Vm_rmse: 0.00013437  PQ_Va_rmse: 0.00491646  PV_Va_rmse: 0.00469553  delta_p: 0.00919866  delta_q: 0.00121735  
INFO|2024-09-25 19:56:00: 	ZTest-ema: PQ_Vm_rmse: 0.000136  PQ_Va_rmse: 0.004982  PV_Va_rmse: 0.004723  delta_p: 0.008397  delta_q: 0.001171  
INFO|2024-09-25 19:56:00: 	           ValOfEMA:0.004982/0.004930,  Epoch:72/71
INFO|2024-09-25 19:56:01: 	Time(ep):406s,  Val(curr/best):0.004916/0.004916,  Epoch(curr/best):72/72
INFO|2024-09-25 19:56:01: -------------------- Epoch: 73 --------------------
INFO|2024-09-25 19:56:36: Epoch[073/100], iter[040/392], loss_total:0.28157, loss_equ:0.60050 loss_pq_vm:0.00320 loss_pq_va:0.09697 loss_pv_va:0.09257
INFO|2024-09-25 19:57:08: Epoch[073/100], iter[079/392], loss_total:0.25575, loss_equ:0.58371 loss_pq_vm:0.00326 loss_pq_va:0.08374 loss_pv_va:0.08105
INFO|2024-09-25 19:57:41: Epoch[073/100], iter[118/392], loss_total:0.28848, loss_equ:0.60224 loss_pq_vm:0.00321 loss_pq_va:0.09925 loss_pv_va:0.09693
INFO|2024-09-25 19:58:13: Epoch[073/100], iter[157/392], loss_total:0.30915, loss_equ:0.63052 loss_pq_vm:0.00332 loss_pq_va:0.10837 loss_pv_va:0.10457
INFO|2024-09-25 19:58:46: Epoch[073/100], iter[196/392], loss_total:0.27048, loss_equ:0.60377 loss_pq_vm:0.00331 loss_pq_va:0.09023 loss_pv_va:0.08674
INFO|2024-09-25 19:59:19: Epoch[073/100], iter[235/392], loss_total:0.26164, loss_equ:0.60498 loss_pq_vm:0.00310 loss_pq_va:0.08648 loss_pv_va:0.08364
INFO|2024-09-25 19:59:51: Epoch[073/100], iter[274/392], loss_total:0.30142, loss_equ:0.62845 loss_pq_vm:0.00340 loss_pq_va:0.10423 loss_pv_va:0.10034
INFO|2024-09-25 20:00:23: Epoch[073/100], iter[313/392], loss_total:0.28839, loss_equ:0.61005 loss_pq_vm:0.00336 loss_pq_va:0.09905 loss_pv_va:0.09478
INFO|2024-09-25 20:00:55: Epoch[073/100], iter[352/392], loss_total:0.29859, loss_equ:0.62463 loss_pq_vm:0.00327 loss_pq_va:0.10409 loss_pv_va:0.09931
INFO|2024-09-25 20:01:28: Epoch[073/100], iter[392/392], loss_total:0.27092, loss_equ:0.59303 loss_pq_vm:0.00312 loss_pq_va:0.09145 loss_pv_va:0.08896
INFO|2024-09-25 20:02:45: Epoch 72/100, lr:  0.00017765, eta: 3.03h, train_loss:  0.27932, valid_loss:  0.32376
INFO|2024-09-25 20:02:45: 	Train: PQ_Vm_rmse: 0.00007701  PQ_Va_rmse: 0.00327962  PV_Va_rmse: 0.00319632  delta_p: 0.00745892  delta_q: 0.00101181  
INFO|2024-09-25 20:02:45: 	ZTest: PQ_Vm_rmse: 0.00014980  PQ_Va_rmse: 0.00582336  PV_Va_rmse: 0.00558153  delta_p: 0.00947045  delta_q: 0.00141443  
INFO|2024-09-25 20:02:45: 	ZTest-ema: PQ_Vm_rmse: 0.000139  PQ_Va_rmse: 0.005140  PV_Va_rmse: 0.004902  delta_p: 0.008272  delta_q: 0.001156  
INFO|2024-09-25 20:02:45: 	           ValOfEMA:0.005140/0.004930,  Epoch:73/71
INFO|2024-09-25 20:02:45: 	Time(ep):404s,  Val(curr/best):0.005823/0.004916,  Epoch(curr/best):73/72
INFO|2024-09-25 20:02:45: -------------------- Epoch: 74 --------------------
INFO|2024-09-25 20:03:20: Epoch[074/100], iter[040/392], loss_total:0.26410, loss_equ:0.60160 loss_pq_vm:0.00318 loss_pq_va:0.08731 loss_pv_va:0.08486
INFO|2024-09-25 20:03:53: Epoch[074/100], iter[079/392], loss_total:0.26540, loss_equ:0.58209 loss_pq_vm:0.00316 loss_pq_va:0.08956 loss_pv_va:0.08604
INFO|2024-09-25 20:04:25: Epoch[074/100], iter[118/392], loss_total:0.26672, loss_equ:0.58481 loss_pq_vm:0.00327 loss_pq_va:0.08967 loss_pv_va:0.08585
INFO|2024-09-25 20:04:58: Epoch[074/100], iter[157/392], loss_total:0.25868, loss_equ:0.58186 loss_pq_vm:0.00309 loss_pq_va:0.08621 loss_pv_va:0.08339
INFO|2024-09-25 20:05:31: Epoch[074/100], iter[196/392], loss_total:0.29128, loss_equ:0.59827 loss_pq_vm:0.00317 loss_pq_va:0.10236 loss_pv_va:0.09737
INFO|2024-09-25 20:06:03: Epoch[074/100], iter[235/392], loss_total:0.25218, loss_equ:0.57705 loss_pq_vm:0.00318 loss_pq_va:0.08284 loss_pv_va:0.07980
INFO|2024-09-25 20:06:36: Epoch[074/100], iter[274/392], loss_total:0.28803, loss_equ:0.58995 loss_pq_vm:0.00322 loss_pq_va:0.09982 loss_pv_va:0.09697
INFO|2024-09-25 20:07:08: Epoch[074/100], iter[313/392], loss_total:0.29428, loss_equ:0.61182 loss_pq_vm:0.00327 loss_pq_va:0.10211 loss_pv_va:0.09830
INFO|2024-09-25 20:07:41: Epoch[074/100], iter[352/392], loss_total:0.26815, loss_equ:0.58734 loss_pq_vm:0.00307 loss_pq_va:0.09113 loss_pv_va:0.08761
INFO|2024-09-25 20:08:15: Epoch[074/100], iter[392/392], loss_total:0.27982, loss_equ:0.58954 loss_pq_vm:0.00317 loss_pq_va:0.09625 loss_pv_va:0.09288
INFO|2024-09-25 20:09:32: Epoch 73/100, lr:  0.00016615, eta: 2.93h, train_loss:  0.27484, valid_loss:  0.31955
INFO|2024-09-25 20:09:32: 	Train: PQ_Vm_rmse: 0.00008086  PQ_Va_rmse: 0.00308722  PV_Va_rmse: 0.00301218  delta_p: 0.00608038  delta_q: 0.00093762  
INFO|2024-09-25 20:09:32: 	ZTest: PQ_Vm_rmse: 0.00014069  PQ_Va_rmse: 0.00522402  PV_Va_rmse: 0.00497002  delta_p: 0.01076353  delta_q: 0.00141495  
INFO|2024-09-25 20:09:32: 	ZTest-ema: PQ_Vm_rmse: 0.000140  PQ_Va_rmse: 0.005170  PV_Va_rmse: 0.004918  delta_p: 0.008000  delta_q: 0.001134  
INFO|2024-09-25 20:09:32: 	           ValOfEMA:0.005170/0.004930,  Epoch:74/71
INFO|2024-09-25 20:09:32: 	Time(ep):406s,  Val(curr/best):0.005224/0.004916,  Epoch(curr/best):74/72
INFO|2024-09-25 20:09:32: -------------------- Epoch: 75 --------------------
INFO|2024-09-25 20:10:07: Epoch[075/100], iter[040/392], loss_total:0.27498, loss_equ:0.60259 loss_pq_vm:0.00343 loss_pq_va:0.09223 loss_pv_va:0.08819
INFO|2024-09-25 20:10:40: Epoch[075/100], iter[079/392], loss_total:0.26485, loss_equ:0.57645 loss_pq_vm:0.00311 loss_pq_va:0.08960 loss_pv_va:0.08652
INFO|2024-09-25 20:11:12: Epoch[075/100], iter[118/392], loss_total:0.27058, loss_equ:0.58860 loss_pq_vm:0.00323 loss_pq_va:0.09146 loss_pv_va:0.08799
INFO|2024-09-25 20:11:44: Epoch[075/100], iter[157/392], loss_total:0.26986, loss_equ:0.58874 loss_pq_vm:0.00318 loss_pq_va:0.09116 loss_pv_va:0.08805
INFO|2024-09-25 20:12:17: Epoch[075/100], iter[196/392], loss_total:0.28476, loss_equ:0.60022 loss_pq_vm:0.00323 loss_pq_va:0.09827 loss_pv_va:0.09420
INFO|2024-09-25 20:12:50: Epoch[075/100], iter[235/392], loss_total:0.25753, loss_equ:0.60167 loss_pq_vm:0.00313 loss_pq_va:0.08467 loss_pv_va:0.08136
INFO|2024-09-25 20:13:23: Epoch[075/100], iter[274/392], loss_total:0.26839, loss_equ:0.58352 loss_pq_vm:0.00308 loss_pq_va:0.09107 loss_pv_va:0.08818
INFO|2024-09-25 20:13:55: Epoch[075/100], iter[313/392], loss_total:0.29078, loss_equ:0.59164 loss_pq_vm:0.00310 loss_pq_va:0.10109 loss_pv_va:0.09953
INFO|2024-09-25 20:14:28: Epoch[075/100], iter[352/392], loss_total:0.32679, loss_equ:0.64527 loss_pq_vm:0.00347 loss_pq_va:0.11405 loss_pv_va:0.11356
INFO|2024-09-25 20:15:01: Epoch[075/100], iter[392/392], loss_total:0.27499, loss_equ:0.60354 loss_pq_vm:0.00315 loss_pq_va:0.09349 loss_pv_va:0.08966
INFO|2024-09-25 20:16:17: Epoch 74/100, lr:  0.00015498, eta: 2.81h, train_loss:  0.27126, valid_loss:  0.33139
INFO|2024-09-25 20:16:17: 	Train: PQ_Vm_rmse: 0.00007696  PQ_Va_rmse: 0.00292596  PV_Va_rmse: 0.00285616  delta_p: 0.00628332  delta_q: 0.00090219  
INFO|2024-09-25 20:16:17: 	ZTest: PQ_Vm_rmse: 0.00013971  PQ_Va_rmse: 0.00541694  PV_Va_rmse: 0.00515983  delta_p: 0.00922310  delta_q: 0.00127549  
INFO|2024-09-25 20:16:17: 	ZTest-ema: PQ_Vm_rmse: 0.000134  PQ_Va_rmse: 0.004697  PV_Va_rmse: 0.004494  delta_p: 0.009044  delta_q: 0.001229  
INFO|2024-09-25 20:16:17: 	           ValOfEMA:0.004697/0.004697,  Epoch:75/75
INFO|2024-09-25 20:16:18: 	Time(ep):405s,  Val(curr/best):0.005417/0.004916,  Epoch(curr/best):75/72
INFO|2024-09-25 20:16:18: -------------------- Epoch: 76 --------------------
INFO|2024-09-25 20:16:52: Epoch[076/100], iter[040/392], loss_total:0.27989, loss_equ:0.59403 loss_pq_vm:0.00332 loss_pq_va:0.09522 loss_pv_va:0.09205
INFO|2024-09-25 20:17:25: Epoch[076/100], iter[079/392], loss_total:0.27213, loss_equ:0.60406 loss_pq_vm:0.00311 loss_pq_va:0.09130 loss_pv_va:0.08929
INFO|2024-09-25 20:17:57: Epoch[076/100], iter[118/392], loss_total:0.25742, loss_equ:0.58153 loss_pq_vm:0.00308 loss_pq_va:0.08557 loss_pv_va:0.08292
INFO|2024-09-25 20:18:30: Epoch[076/100], iter[157/392], loss_total:0.26703, loss_equ:0.58449 loss_pq_vm:0.00309 loss_pq_va:0.09025 loss_pv_va:0.08748
INFO|2024-09-25 20:19:03: Epoch[076/100], iter[196/392], loss_total:0.27242, loss_equ:0.58323 loss_pq_vm:0.00317 loss_pq_va:0.09328 loss_pv_va:0.08914
INFO|2024-09-25 20:19:36: Epoch[076/100], iter[235/392], loss_total:0.27303, loss_equ:0.58883 loss_pq_vm:0.00331 loss_pq_va:0.09222 loss_pv_va:0.08882
INFO|2024-09-25 20:20:09: Epoch[076/100], iter[274/392], loss_total:0.26893, loss_equ:0.58185 loss_pq_vm:0.00320 loss_pq_va:0.09088 loss_pv_va:0.08783
INFO|2024-09-25 20:20:42: Epoch[076/100], iter[313/392], loss_total:0.25642, loss_equ:0.57173 loss_pq_vm:0.00305 loss_pq_va:0.08633 loss_pv_va:0.08242
INFO|2024-09-25 20:21:15: Epoch[076/100], iter[352/392], loss_total:0.25529, loss_equ:0.56959 loss_pq_vm:0.00315 loss_pq_va:0.08521 loss_pv_va:0.08161
INFO|2024-09-25 20:21:49: Epoch[076/100], iter[392/392], loss_total:0.25785, loss_equ:0.57632 loss_pq_vm:0.00308 loss_pq_va:0.08626 loss_pv_va:0.08312
INFO|2024-09-25 20:23:05: Epoch 75/100, lr:  0.00014416, eta: 2.72h, train_loss:  0.26902, valid_loss:  0.31298
INFO|2024-09-25 20:23:05: 	Train: PQ_Vm_rmse: 0.00007562  PQ_Va_rmse: 0.00289271  PV_Va_rmse: 0.00280153  delta_p: 0.00619362  delta_q: 0.00089949  
INFO|2024-09-25 20:23:05: 	ZTest: PQ_Vm_rmse: 0.00013812  PQ_Va_rmse: 0.00498759  PV_Va_rmse: 0.00476173  delta_p: 0.00758843  delta_q: 0.00119982  
INFO|2024-09-25 20:23:05: 	ZTest-ema: PQ_Vm_rmse: 0.000135  PQ_Va_rmse: 0.004974  PV_Va_rmse: 0.004734  delta_p: 0.007376  delta_q: 0.001054  
INFO|2024-09-25 20:23:05: 	           ValOfEMA:0.004974/0.004697,  Epoch:76/75
INFO|2024-09-25 20:23:05: 	Time(ep):407s,  Val(curr/best):0.004988/0.004916,  Epoch(curr/best):76/72
INFO|2024-09-25 20:23:05: -------------------- Epoch: 77 --------------------
INFO|2024-09-25 20:23:40: Epoch[077/100], iter[040/392], loss_total:0.26841, loss_equ:0.59290 loss_pq_vm:0.00319 loss_pq_va:0.09066 loss_pv_va:0.08654
INFO|2024-09-25 20:24:13: Epoch[077/100], iter[079/392], loss_total:0.27587, loss_equ:0.57246 loss_pq_vm:0.00305 loss_pq_va:0.09569 loss_pv_va:0.09246
INFO|2024-09-25 20:24:45: Epoch[077/100], iter[118/392], loss_total:0.25771, loss_equ:0.56821 loss_pq_vm:0.00309 loss_pq_va:0.08667 loss_pv_va:0.08328
INFO|2024-09-25 20:25:18: Epoch[077/100], iter[157/392], loss_total:0.26271, loss_equ:0.56993 loss_pq_vm:0.00304 loss_pq_va:0.08913 loss_pv_va:0.08615
INFO|2024-09-25 20:25:51: Epoch[077/100], iter[196/392], loss_total:0.26712, loss_equ:0.57355 loss_pq_vm:0.00309 loss_pq_va:0.09108 loss_pv_va:0.08781
INFO|2024-09-25 20:26:23: Epoch[077/100], iter[235/392], loss_total:0.27465, loss_equ:0.57770 loss_pq_vm:0.00314 loss_pq_va:0.09433 loss_pv_va:0.09115
INFO|2024-09-25 20:26:56: Epoch[077/100], iter[274/392], loss_total:0.26654, loss_equ:0.58279 loss_pq_vm:0.00315 loss_pq_va:0.08989 loss_pv_va:0.08690
INFO|2024-09-25 20:27:29: Epoch[077/100], iter[313/392], loss_total:0.25817, loss_equ:0.57638 loss_pq_vm:0.00306 loss_pq_va:0.08648 loss_pv_va:0.08345
INFO|2024-09-25 20:28:02: Epoch[077/100], iter[352/392], loss_total:0.27828, loss_equ:0.58115 loss_pq_vm:0.00310 loss_pq_va:0.09623 loss_pv_va:0.09296
INFO|2024-09-25 20:28:35: Epoch[077/100], iter[392/392], loss_total:0.24808, loss_equ:0.56924 loss_pq_vm:0.00301 loss_pq_va:0.08215 loss_pv_va:0.07890
INFO|2024-09-25 20:29:52: Epoch 76/100, lr:  0.00013370, eta: 2.6h, train_loss:  0.26655, valid_loss:  0.31285
INFO|2024-09-25 20:29:52: 	Train: PQ_Vm_rmse: 0.00007633  PQ_Va_rmse: 0.00290771  PV_Va_rmse: 0.00282092  delta_p: 0.00510627  delta_q: 0.00080018  
INFO|2024-09-25 20:29:52: 	ZTest: PQ_Vm_rmse: 0.00013607  PQ_Va_rmse: 0.00493880  PV_Va_rmse: 0.00471553  delta_p: 0.00820853  delta_q: 0.00121322  
INFO|2024-09-25 20:29:52: 	ZTest-ema: PQ_Vm_rmse: 0.000136  PQ_Va_rmse: 0.004899  PV_Va_rmse: 0.004658  delta_p: 0.007676  delta_q: 0.001092  
INFO|2024-09-25 20:29:52: 	           ValOfEMA:0.004899/0.004697,  Epoch:77/75
INFO|2024-09-25 20:29:52: 	Time(ep):406s,  Val(curr/best):0.004939/0.004916,  Epoch(curr/best):77/72
INFO|2024-09-25 20:29:52: -------------------- Epoch: 78 --------------------
INFO|2024-09-25 20:30:27: Epoch[078/100], iter[040/392], loss_total:0.26837, loss_equ:0.57112 loss_pq_vm:0.00323 loss_pq_va:0.09099 loss_pv_va:0.08800
INFO|2024-09-25 20:31:00: Epoch[078/100], iter[079/392], loss_total:0.26499, loss_equ:0.59495 loss_pq_vm:0.00320 loss_pq_va:0.08851 loss_pv_va:0.08501
INFO|2024-09-25 20:31:34: Epoch[078/100], iter[118/392], loss_total:0.25028, loss_equ:0.56473 loss_pq_vm:0.00313 loss_pq_va:0.08250 loss_pv_va:0.07998
INFO|2024-09-25 20:32:07: Epoch[078/100], iter[157/392], loss_total:0.26330, loss_equ:0.56933 loss_pq_vm:0.00310 loss_pq_va:0.08951 loss_pv_va:0.08586
INFO|2024-09-25 20:32:40: Epoch[078/100], iter[196/392], loss_total:0.25764, loss_equ:0.57538 loss_pq_vm:0.00311 loss_pq_va:0.08620 loss_pv_va:0.08282
INFO|2024-09-25 20:33:12: Epoch[078/100], iter[235/392], loss_total:0.26805, loss_equ:0.57926 loss_pq_vm:0.00314 loss_pq_va:0.09156 loss_pv_va:0.08714
INFO|2024-09-25 20:33:45: Epoch[078/100], iter[274/392], loss_total:0.27978, loss_equ:0.62259 loss_pq_vm:0.00341 loss_pq_va:0.09386 loss_pv_va:0.08959
INFO|2024-09-25 20:34:18: Epoch[078/100], iter[313/392], loss_total:0.26214, loss_equ:0.59411 loss_pq_vm:0.00320 loss_pq_va:0.08724 loss_pv_va:0.08346
INFO|2024-09-25 20:34:51: Epoch[078/100], iter[352/392], loss_total:0.26131, loss_equ:0.58208 loss_pq_vm:0.00312 loss_pq_va:0.08765 loss_pv_va:0.08421
INFO|2024-09-25 20:35:24: Epoch[078/100], iter[392/392], loss_total:0.25961, loss_equ:0.59708 loss_pq_vm:0.00307 loss_pq_va:0.08628 loss_pv_va:0.08295
INFO|2024-09-25 20:36:41: Epoch 77/100, lr:  0.00012360, eta: 2.5h, train_loss:  0.26350, valid_loss:  0.31651
INFO|2024-09-25 20:36:41: 	Train: PQ_Vm_rmse: 0.00007594  PQ_Va_rmse: 0.00266443  PV_Va_rmse: 0.00256998  delta_p: 0.00584418  delta_q: 0.00083421  
INFO|2024-09-25 20:36:41: 	ZTest: PQ_Vm_rmse: 0.00012963  PQ_Va_rmse: 0.00480658  PV_Va_rmse: 0.00466082  delta_p: 0.00808371  delta_q: 0.00119358  
INFO|2024-09-25 20:36:41: 	ZTest-ema: PQ_Vm_rmse: 0.000136  PQ_Va_rmse: 0.004874  PV_Va_rmse: 0.004650  delta_p: 0.008298  delta_q: 0.001134  
INFO|2024-09-25 20:36:41: 	           ValOfEMA:0.004874/0.004697,  Epoch:78/75
INFO|2024-09-25 20:36:42: 	Time(ep):409s,  Val(curr/best):0.004807/0.004807,  Epoch(curr/best):78/78
INFO|2024-09-25 20:36:42: -------------------- Epoch: 79 --------------------
INFO|2024-09-25 20:37:17: Epoch[079/100], iter[040/392], loss_total:0.25297, loss_equ:0.57823 loss_pq_vm:0.00308 loss_pq_va:0.08364 loss_pv_va:0.08070
INFO|2024-09-25 20:37:50: Epoch[079/100], iter[079/392], loss_total:0.27652, loss_equ:0.61169 loss_pq_vm:0.00311 loss_pq_va:0.09267 loss_pv_va:0.09161
INFO|2024-09-25 20:38:23: Epoch[079/100], iter[118/392], loss_total:0.25897, loss_equ:0.57883 loss_pq_vm:0.00307 loss_pq_va:0.08672 loss_pv_va:0.08366
INFO|2024-09-25 20:38:55: Epoch[079/100], iter[157/392], loss_total:0.28658, loss_equ:0.61415 loss_pq_vm:0.00333 loss_pq_va:0.09768 loss_pv_va:0.09420
INFO|2024-09-25 20:39:28: Epoch[079/100], iter[196/392], loss_total:0.26460, loss_equ:0.58560 loss_pq_vm:0.00303 loss_pq_va:0.08957 loss_pv_va:0.08615
INFO|2024-09-25 20:40:01: Epoch[079/100], iter[235/392], loss_total:0.26221, loss_equ:0.57271 loss_pq_vm:0.00304 loss_pq_va:0.08850 loss_pv_va:0.08606
INFO|2024-09-25 20:40:34: Epoch[079/100], iter[274/392], loss_total:0.26499, loss_equ:0.59155 loss_pq_vm:0.00316 loss_pq_va:0.08866 loss_pv_va:0.08555
INFO|2024-09-25 20:41:07: Epoch[079/100], iter[313/392], loss_total:0.26388, loss_equ:0.58813 loss_pq_vm:0.00314 loss_pq_va:0.08806 loss_pv_va:0.08556
INFO|2024-09-25 20:41:39: Epoch[079/100], iter[352/392], loss_total:0.28740, loss_equ:0.59850 loss_pq_vm:0.00310 loss_pq_va:0.10008 loss_pv_va:0.09649
INFO|2024-09-25 20:42:13: Epoch[079/100], iter[392/392], loss_total:0.26527, loss_equ:0.58076 loss_pq_vm:0.00310 loss_pq_va:0.08985 loss_pv_va:0.08636
INFO|2024-09-25 20:43:30: Epoch 78/100, lr:  0.00011387, eta: 2.38h, train_loss:  0.26641, valid_loss:  0.31016
INFO|2024-09-25 20:43:30: 	Train: PQ_Vm_rmse: 0.00007120  PQ_Va_rmse: 0.00296452  PV_Va_rmse: 0.00288301  delta_p: 0.00620631  delta_q: 0.00083370  
INFO|2024-09-25 20:43:30: 	ZTest: PQ_Vm_rmse: 0.00013017  PQ_Va_rmse: 0.00463016  PV_Va_rmse: 0.00444507  delta_p: 0.00770962  delta_q: 0.00112143  
INFO|2024-09-25 20:43:30: 	ZTest-ema: PQ_Vm_rmse: 0.000132  PQ_Va_rmse: 0.004628  PV_Va_rmse: 0.004430  delta_p: 0.007582  delta_q: 0.001066  
INFO|2024-09-25 20:43:30: 	           ValOfEMA:0.004628/0.004628,  Epoch:79/79
INFO|2024-09-25 20:43:30: 	Time(ep):407s,  Val(curr/best):0.004630/0.004630,  Epoch(curr/best):79/79
INFO|2024-09-25 20:43:30: -------------------- Epoch: 80 --------------------
INFO|2024-09-25 20:44:05: Epoch[080/100], iter[040/392], loss_total:0.27549, loss_equ:0.57914 loss_pq_vm:0.00304 loss_pq_va:0.09511 loss_pv_va:0.09208
INFO|2024-09-25 20:44:38: Epoch[080/100], iter[079/392], loss_total:0.25153, loss_equ:0.57502 loss_pq_vm:0.00302 loss_pq_va:0.08340 loss_pv_va:0.08047
INFO|2024-09-25 20:45:11: Epoch[080/100], iter[118/392], loss_total:0.26829, loss_equ:0.57656 loss_pq_vm:0.00315 loss_pq_va:0.09169 loss_pv_va:0.08740
INFO|2024-09-25 20:45:44: Epoch[080/100], iter[157/392], loss_total:0.26141, loss_equ:0.56835 loss_pq_vm:0.00309 loss_pq_va:0.08856 loss_pv_va:0.08508
INFO|2024-09-25 20:46:17: Epoch[080/100], iter[196/392], loss_total:0.25172, loss_equ:0.56764 loss_pq_vm:0.00301 loss_pq_va:0.08407 loss_pv_va:0.08081
INFO|2024-09-25 20:46:50: Epoch[080/100], iter[235/392], loss_total:0.25432, loss_equ:0.57851 loss_pq_vm:0.00359 loss_pq_va:0.08160 loss_pv_va:0.07896
INFO|2024-09-25 20:47:23: Epoch[080/100], iter[274/392], loss_total:0.26874, loss_equ:0.58471 loss_pq_vm:0.00321 loss_pq_va:0.09057 loss_pv_va:0.08758
INFO|2024-09-25 20:47:56: Epoch[080/100], iter[313/392], loss_total:0.25922, loss_equ:0.57393 loss_pq_vm:0.00309 loss_pq_va:0.08708 loss_pv_va:0.08386
INFO|2024-09-25 20:48:29: Epoch[080/100], iter[352/392], loss_total:0.27563, loss_equ:0.58243 loss_pq_vm:0.00312 loss_pq_va:0.09500 loss_pv_va:0.09117
INFO|2024-09-25 20:49:02: Epoch[080/100], iter[392/392], loss_total:0.24856, loss_equ:0.56619 loss_pq_vm:0.00308 loss_pq_va:0.08214 loss_pv_va:0.07905
INFO|2024-09-25 20:50:19: Epoch 79/100, lr:  0.00010454, eta: 2.27h, train_loss:  0.25993, valid_loss:  0.30915
INFO|2024-09-25 20:50:19: 	Train: PQ_Vm_rmse: 0.00007361  PQ_Va_rmse: 0.00261561  PV_Va_rmse: 0.00252107  delta_p: 0.00488999  delta_q: 0.00078675  
INFO|2024-09-25 20:50:19: 	ZTest: PQ_Vm_rmse: 0.00013271  PQ_Va_rmse: 0.00473436  PV_Va_rmse: 0.00448594  delta_p: 0.00885436  delta_q: 0.00129264  
INFO|2024-09-25 20:50:19: 	ZTest-ema: PQ_Vm_rmse: 0.000132  PQ_Va_rmse: 0.004629  PV_Va_rmse: 0.004418  delta_p: 0.007440  delta_q: 0.001072  
INFO|2024-09-25 20:50:19: 	           ValOfEMA:0.004629/0.004628,  Epoch:80/79
INFO|2024-09-25 20:50:19: 	Time(ep):408s,  Val(curr/best):0.004734/0.004630,  Epoch(curr/best):80/79
INFO|2024-09-25 20:50:19: -------------------- Epoch: 81 --------------------
INFO|2024-09-25 20:50:54: Epoch[081/100], iter[040/392], loss_total:0.24574, loss_equ:0.56672 loss_pq_vm:0.00304 loss_pq_va:0.08091 loss_pv_va:0.07779
INFO|2024-09-25 20:51:27: Epoch[081/100], iter[079/392], loss_total:0.27508, loss_equ:0.57222 loss_pq_vm:0.00308 loss_pq_va:0.09508 loss_pv_va:0.09195
INFO|2024-09-25 20:52:00: Epoch[081/100], iter[118/392], loss_total:0.25668, loss_equ:0.57013 loss_pq_vm:0.00299 loss_pq_va:0.08649 loss_pv_va:0.08323
INFO|2024-09-25 20:52:33: Epoch[081/100], iter[157/392], loss_total:0.25073, loss_equ:0.56154 loss_pq_vm:0.00302 loss_pq_va:0.08400 loss_pv_va:0.08036
INFO|2024-09-25 20:53:06: Epoch[081/100], iter[196/392], loss_total:0.26274, loss_equ:0.57622 loss_pq_vm:0.00306 loss_pq_va:0.08928 loss_pv_va:0.08520
INFO|2024-09-25 20:53:38: Epoch[081/100], iter[235/392], loss_total:0.26548, loss_equ:0.57869 loss_pq_vm:0.00310 loss_pq_va:0.09014 loss_pv_va:0.08643
INFO|2024-09-25 20:54:10: Epoch[081/100], iter[274/392], loss_total:0.25410, loss_equ:0.56413 loss_pq_vm:0.00299 loss_pq_va:0.08547 loss_pv_va:0.08228
INFO|2024-09-25 20:54:42: Epoch[081/100], iter[313/392], loss_total:0.26828, loss_equ:0.57761 loss_pq_vm:0.00319 loss_pq_va:0.09177 loss_pv_va:0.08684
INFO|2024-09-25 20:55:14: Epoch[081/100], iter[352/392], loss_total:0.26685, loss_equ:0.57024 loss_pq_vm:0.00320 loss_pq_va:0.08996 loss_pv_va:0.08789
INFO|2024-09-25 20:55:46: Epoch[081/100], iter[392/392], loss_total:0.24799, loss_equ:0.56802 loss_pq_vm:0.00304 loss_pq_va:0.08227 loss_pv_va:0.07851
INFO|2024-09-25 20:57:02: Epoch 80/100, lr:  0.00009560, eta: 2.13h, train_loss:  0.25821, valid_loss:  0.30819
INFO|2024-09-25 20:57:02: 	Train: PQ_Vm_rmse: 0.00007175  PQ_Va_rmse: 0.00260409  PV_Va_rmse: 0.00251200  delta_p: 0.00469447  delta_q: 0.00072657  
INFO|2024-09-25 20:57:02: 	ZTest: PQ_Vm_rmse: 0.00013233  PQ_Va_rmse: 0.00470337  PV_Va_rmse: 0.00449631  delta_p: 0.00861644  delta_q: 0.00114854  
INFO|2024-09-25 20:57:02: 	ZTest-ema: PQ_Vm_rmse: 0.000133  PQ_Va_rmse: 0.004649  PV_Va_rmse: 0.004439  delta_p: 0.007318  delta_q: 0.001045  
INFO|2024-09-25 20:57:02: 	           ValOfEMA:0.004649/0.004628,  Epoch:81/79
INFO|2024-09-25 20:57:03: 	Time(ep):402s,  Val(curr/best):0.004703/0.004630,  Epoch(curr/best):81/79
INFO|2024-09-25 20:57:03: -------------------- Epoch: 82 --------------------
INFO|2024-09-25 20:57:37: Epoch[082/100], iter[040/392], loss_total:0.25506, loss_equ:0.57569 loss_pq_vm:0.00299 loss_pq_va:0.08573 loss_pv_va:0.08184
INFO|2024-09-25 20:58:10: Epoch[082/100], iter[079/392], loss_total:0.25791, loss_equ:0.59143 loss_pq_vm:0.00307 loss_pq_va:0.08547 loss_pv_va:0.08261
INFO|2024-09-25 20:58:43: Epoch[082/100], iter[118/392], loss_total:0.24960, loss_equ:0.55809 loss_pq_vm:0.00298 loss_pq_va:0.08386 loss_pv_va:0.08010
INFO|2024-09-25 20:59:16: Epoch[082/100], iter[157/392], loss_total:0.24797, loss_equ:0.56570 loss_pq_vm:0.00297 loss_pq_va:0.08237 loss_pv_va:0.07931
INFO|2024-09-25 20:59:48: Epoch[082/100], iter[196/392], loss_total:0.25713, loss_equ:0.56126 loss_pq_vm:0.00298 loss_pq_va:0.08705 loss_pv_va:0.08419
INFO|2024-09-25 21:00:20: Epoch[082/100], iter[235/392], loss_total:0.26334, loss_equ:0.56991 loss_pq_vm:0.00312 loss_pq_va:0.08953 loss_pv_va:0.08557
INFO|2024-09-25 21:00:52: Epoch[082/100], iter[274/392], loss_total:0.25173, loss_equ:0.55845 loss_pq_vm:0.00298 loss_pq_va:0.08491 loss_pv_va:0.08114
INFO|2024-09-25 21:01:24: Epoch[082/100], iter[313/392], loss_total:0.24783, loss_equ:0.56635 loss_pq_vm:0.00303 loss_pq_va:0.08219 loss_pv_va:0.07867
INFO|2024-09-25 21:01:56: Epoch[082/100], iter[352/392], loss_total:0.24489, loss_equ:0.55696 loss_pq_vm:0.00302 loss_pq_va:0.08124 loss_pv_va:0.07777
INFO|2024-09-25 21:02:29: Epoch[082/100], iter[392/392], loss_total:0.25137, loss_equ:0.56275 loss_pq_vm:0.00295 loss_pq_va:0.08447 loss_pv_va:0.08114
INFO|2024-09-25 21:03:46: Epoch 81/100, lr:  0.00008706, eta: 2.01h, train_loss:  0.25633, valid_loss:  0.30511
INFO|2024-09-25 21:03:46: 	Train: PQ_Vm_rmse: 0.00007084  PQ_Va_rmse: 0.00255889  PV_Va_rmse: 0.00246494  delta_p: 0.00478832  delta_q: 0.00071220  
INFO|2024-09-25 21:03:46: 	ZTest: PQ_Vm_rmse: 0.00013081  PQ_Va_rmse: 0.00469167  PV_Va_rmse: 0.00447969  delta_p: 0.00732807  delta_q: 0.00106566  
INFO|2024-09-25 21:03:46: 	ZTest-ema: PQ_Vm_rmse: 0.000133  PQ_Va_rmse: 0.004745  PV_Va_rmse: 0.004528  delta_p: 0.007268  delta_q: 0.001031  
INFO|2024-09-25 21:03:46: 	           ValOfEMA:0.004745/0.004628,  Epoch:82/79
INFO|2024-09-25 21:03:46: 	Time(ep):402s,  Val(curr/best):0.004692/0.004630,  Epoch(curr/best):82/79
INFO|2024-09-25 21:03:46: -------------------- Epoch: 83 --------------------
INFO|2024-09-25 21:04:21: Epoch[083/100], iter[040/392], loss_total:0.25105, loss_equ:0.56715 loss_pq_vm:0.00303 loss_pq_va:0.08407 loss_pv_va:0.08000
INFO|2024-09-25 21:04:53: Epoch[083/100], iter[079/392], loss_total:0.26851, loss_equ:0.58746 loss_pq_vm:0.00312 loss_pq_va:0.09088 loss_pv_va:0.08766
INFO|2024-09-25 21:05:25: Epoch[083/100], iter[118/392], loss_total:0.25223, loss_equ:0.56645 loss_pq_vm:0.00300 loss_pq_va:0.08478 loss_pv_va:0.08082
INFO|2024-09-25 21:05:58: Epoch[083/100], iter[157/392], loss_total:0.25332, loss_equ:0.56882 loss_pq_vm:0.00297 loss_pq_va:0.08511 loss_pv_va:0.08158
INFO|2024-09-25 21:06:30: Epoch[083/100], iter[196/392], loss_total:0.26003, loss_equ:0.57695 loss_pq_vm:0.00313 loss_pq_va:0.08761 loss_pv_va:0.08344
INFO|2024-09-25 21:07:03: Epoch[083/100], iter[235/392], loss_total:0.28239, loss_equ:0.60618 loss_pq_vm:0.00370 loss_pq_va:0.09417 loss_pv_va:0.09057
INFO|2024-09-25 21:07:36: Epoch[083/100], iter[274/392], loss_total:0.25989, loss_equ:0.58483 loss_pq_vm:0.00345 loss_pq_va:0.08512 loss_pv_va:0.08174
INFO|2024-09-25 21:08:09: Epoch[083/100], iter[313/392], loss_total:0.25549, loss_equ:0.58291 loss_pq_vm:0.00310 loss_pq_va:0.08466 loss_pv_va:0.08155
INFO|2024-09-25 21:08:41: Epoch[083/100], iter[352/392], loss_total:0.25573, loss_equ:0.57976 loss_pq_vm:0.00298 loss_pq_va:0.08550 loss_pv_va:0.08243
INFO|2024-09-25 21:09:14: Epoch[083/100], iter[392/392], loss_total:0.24845, loss_equ:0.56880 loss_pq_vm:0.00301 loss_pq_va:0.08221 loss_pv_va:0.07924
INFO|2024-09-25 21:10:31: Epoch 82/100, lr:  0.00007893, eta: 1.91h, train_loss:  0.25694, valid_loss:  0.30600
INFO|2024-09-25 21:10:31: 	Train: PQ_Vm_rmse: 0.00007646  PQ_Va_rmse: 0.00262284  PV_Va_rmse: 0.00253535  delta_p: 0.00514013  delta_q: 0.00078847  
INFO|2024-09-25 21:10:31: 	ZTest: PQ_Vm_rmse: 0.00013673  PQ_Va_rmse: 0.00490372  PV_Va_rmse: 0.00468667  delta_p: 0.00870684  delta_q: 0.00121566  
INFO|2024-09-25 21:10:31: 	ZTest-ema: PQ_Vm_rmse: 0.000136  PQ_Va_rmse: 0.004929  PV_Va_rmse: 0.004691  delta_p: 0.007665  delta_q: 0.001089  
INFO|2024-09-25 21:10:31: 	           ValOfEMA:0.004929/0.004628,  Epoch:83/79
INFO|2024-09-25 21:10:31: 	Time(ep):405s,  Val(curr/best):0.004904/0.004630,  Epoch(curr/best):83/79
INFO|2024-09-25 21:10:31: -------------------- Epoch: 84 --------------------
INFO|2024-09-25 21:11:06: Epoch[084/100], iter[040/392], loss_total:0.24556, loss_equ:0.55757 loss_pq_vm:0.00297 loss_pq_va:0.08194 loss_pv_va:0.07812
INFO|2024-09-25 21:11:39: Epoch[084/100], iter[079/392], loss_total:0.25157, loss_equ:0.56630 loss_pq_vm:0.00307 loss_pq_va:0.08416 loss_pv_va:0.08007
INFO|2024-09-25 21:12:11: Epoch[084/100], iter[118/392], loss_total:0.25235, loss_equ:0.57299 loss_pq_vm:0.00303 loss_pq_va:0.08402 loss_pv_va:0.08074
INFO|2024-09-25 21:12:44: Epoch[084/100], iter[157/392], loss_total:0.25044, loss_equ:0.56207 loss_pq_vm:0.00297 loss_pq_va:0.08385 loss_pv_va:0.08072
INFO|2024-09-25 21:13:17: Epoch[084/100], iter[196/392], loss_total:0.24840, loss_equ:0.56862 loss_pq_vm:0.00302 loss_pq_va:0.08188 loss_pv_va:0.07948
INFO|2024-09-25 21:13:50: Epoch[084/100], iter[235/392], loss_total:0.24523, loss_equ:0.56259 loss_pq_vm:0.00298 loss_pq_va:0.08139 loss_pv_va:0.07774
INFO|2024-09-25 21:14:23: Epoch[084/100], iter[274/392], loss_total:0.25053, loss_equ:0.56174 loss_pq_vm:0.00295 loss_pq_va:0.08389 loss_pv_va:0.08100
INFO|2024-09-25 21:14:56: Epoch[084/100], iter[313/392], loss_total:0.24329, loss_equ:0.56266 loss_pq_vm:0.00297 loss_pq_va:0.08025 loss_pv_va:0.07704
INFO|2024-09-25 21:15:29: Epoch[084/100], iter[352/392], loss_total:0.27817, loss_equ:0.57917 loss_pq_vm:0.00310 loss_pq_va:0.09662 loss_pv_va:0.09267
INFO|2024-09-25 21:16:03: Epoch[084/100], iter[392/392], loss_total:0.25132, loss_equ:0.57131 loss_pq_vm:0.00295 loss_pq_va:0.08378 loss_pv_va:0.08089
INFO|2024-09-25 21:17:19: Epoch 83/100, lr:  0.00007123, eta: 1.81h, train_loss:  0.25593, valid_loss:  0.30569
INFO|2024-09-25 21:17:19: 	Train: PQ_Vm_rmse: 0.00006893  PQ_Va_rmse: 0.00263253  PV_Va_rmse: 0.00254482  delta_p: 0.00489346  delta_q: 0.00069194  
INFO|2024-09-25 21:17:19: 	ZTest: PQ_Vm_rmse: 0.00013725  PQ_Va_rmse: 0.00484059  PV_Va_rmse: 0.00462788  delta_p: 0.00768666  delta_q: 0.00109153  
INFO|2024-09-25 21:17:19: 	ZTest-ema: PQ_Vm_rmse: 0.000135  PQ_Va_rmse: 0.004830  PV_Va_rmse: 0.004617  delta_p: 0.007478  delta_q: 0.001047  
INFO|2024-09-25 21:17:19: 	           ValOfEMA:0.004830/0.004628,  Epoch:84/79
INFO|2024-09-25 21:17:19: 	Time(ep):407s,  Val(curr/best):0.004841/0.004630,  Epoch(curr/best):84/79
INFO|2024-09-25 21:17:19: -------------------- Epoch: 85 --------------------
INFO|2024-09-25 21:17:54: Epoch[085/100], iter[040/392], loss_total:0.26274, loss_equ:0.56837 loss_pq_vm:0.00303 loss_pq_va:0.09013 loss_pv_va:0.08546
INFO|2024-09-25 21:18:27: Epoch[085/100], iter[079/392], loss_total:0.24740, loss_equ:0.55922 loss_pq_vm:0.00293 loss_pq_va:0.08269 loss_pv_va:0.07950
INFO|2024-09-25 21:19:00: Epoch[085/100], iter[118/392], loss_total:0.25246, loss_equ:0.57072 loss_pq_vm:0.00300 loss_pq_va:0.08485 loss_pv_va:0.08057
INFO|2024-09-25 21:19:33: Epoch[085/100], iter[157/392], loss_total:0.24381, loss_equ:0.55786 loss_pq_vm:0.00296 loss_pq_va:0.08064 loss_pv_va:0.07779
INFO|2024-09-25 21:20:06: Epoch[085/100], iter[196/392], loss_total:0.24878, loss_equ:0.55825 loss_pq_vm:0.00296 loss_pq_va:0.08335 loss_pv_va:0.08004
INFO|2024-09-25 21:20:39: Epoch[085/100], iter[235/392], loss_total:0.25465, loss_equ:0.56242 loss_pq_vm:0.00303 loss_pq_va:0.08602 loss_pv_va:0.08211
INFO|2024-09-25 21:21:12: Epoch[085/100], iter[274/392], loss_total:0.24629, loss_equ:0.55120 loss_pq_vm:0.00301 loss_pq_va:0.08226 loss_pv_va:0.07886
INFO|2024-09-25 21:21:45: Epoch[085/100], iter[313/392], loss_total:0.24795, loss_equ:0.56245 loss_pq_vm:0.00299 loss_pq_va:0.08265 loss_pv_va:0.07919
INFO|2024-09-25 21:22:17: Epoch[085/100], iter[352/392], loss_total:0.24844, loss_equ:0.55757 loss_pq_vm:0.00299 loss_pq_va:0.08296 loss_pv_va:0.07978
INFO|2024-09-25 21:22:50: Epoch[085/100], iter[392/392], loss_total:0.27517, loss_equ:0.59904 loss_pq_vm:0.00313 loss_pq_va:0.09414 loss_pv_va:0.08986
INFO|2024-09-25 21:24:07: Epoch 84/100, lr:  0.00006395, eta: 1.7h, train_loss:  0.25226, valid_loss:  0.30560
INFO|2024-09-25 21:24:07: 	Train: PQ_Vm_rmse: 0.00006741  PQ_Va_rmse: 0.00247115  PV_Va_rmse: 0.00237620  delta_p: 0.00484670  delta_q: 0.00069050  
INFO|2024-09-25 21:24:07: 	ZTest: PQ_Vm_rmse: 0.00013769  PQ_Va_rmse: 0.00515449  PV_Va_rmse: 0.00490319  delta_p: 0.00774452  delta_q: 0.00108920  
INFO|2024-09-25 21:24:07: 	ZTest-ema: PQ_Vm_rmse: 0.000134  PQ_Va_rmse: 0.004847  PV_Va_rmse: 0.004633  delta_p: 0.007264  delta_q: 0.001018  
INFO|2024-09-25 21:24:07: 	           ValOfEMA:0.004847/0.004628,  Epoch:85/79
INFO|2024-09-25 21:24:07: 	Time(ep):408s,  Val(curr/best):0.005154/0.004630,  Epoch(curr/best):85/79
INFO|2024-09-25 21:24:07: -------------------- Epoch: 86 --------------------
INFO|2024-09-25 21:24:42: Epoch[086/100], iter[040/392], loss_total:0.25462, loss_equ:0.57094 loss_pq_vm:0.00304 loss_pq_va:0.08490 loss_pv_va:0.08218
INFO|2024-09-25 21:25:15: Epoch[086/100], iter[079/392], loss_total:0.25357, loss_equ:0.56249 loss_pq_vm:0.00291 loss_pq_va:0.08566 loss_pv_va:0.08258
INFO|2024-09-25 21:25:47: Epoch[086/100], iter[118/392], loss_total:0.24975, loss_equ:0.56658 loss_pq_vm:0.00296 loss_pq_va:0.08340 loss_pv_va:0.08010
INFO|2024-09-25 21:26:20: Epoch[086/100], iter[157/392], loss_total:0.26635, loss_equ:0.57652 loss_pq_vm:0.00307 loss_pq_va:0.09099 loss_pv_va:0.08705
INFO|2024-09-25 21:26:53: Epoch[086/100], iter[196/392], loss_total:0.25283, loss_equ:0.56777 loss_pq_vm:0.00302 loss_pq_va:0.08457 loss_pv_va:0.08127
INFO|2024-09-25 21:27:26: Epoch[086/100], iter[235/392], loss_total:0.24594, loss_equ:0.55822 loss_pq_vm:0.00302 loss_pq_va:0.08176 loss_pv_va:0.07817
INFO|2024-09-25 21:27:58: Epoch[086/100], iter[274/392], loss_total:0.24837, loss_equ:0.55166 loss_pq_vm:0.00303 loss_pq_va:0.08325 loss_pv_va:0.07960
INFO|2024-09-25 21:28:31: Epoch[086/100], iter[313/392], loss_total:0.24882, loss_equ:0.56258 loss_pq_vm:0.00296 loss_pq_va:0.08309 loss_pv_va:0.07985
INFO|2024-09-25 21:29:04: Epoch[086/100], iter[352/392], loss_total:0.24589, loss_equ:0.56496 loss_pq_vm:0.00305 loss_pq_va:0.08137 loss_pv_va:0.07755
INFO|2024-09-25 21:29:37: Epoch[086/100], iter[392/392], loss_total:0.24904, loss_equ:0.56263 loss_pq_vm:0.00308 loss_pq_va:0.08293 loss_pv_va:0.07906
INFO|2024-09-25 21:30:54: Epoch 85/100, lr:  0.00005711, eta: 1.58h, train_loss:  0.25088, valid_loss:  0.30418
INFO|2024-09-25 21:30:54: 	Train: PQ_Vm_rmse: 0.00006489  PQ_Va_rmse: 0.00232601  PV_Va_rmse: 0.00223951  delta_p: 0.00444191  delta_q: 0.00062920  
INFO|2024-09-25 21:30:54: 	ZTest: PQ_Vm_rmse: 0.00013930  PQ_Va_rmse: 0.00473019  PV_Va_rmse: 0.00451740  delta_p: 0.00744950  delta_q: 0.00111060  
INFO|2024-09-25 21:30:54: 	ZTest-ema: PQ_Vm_rmse: 0.000132  PQ_Va_rmse: 0.004727  PV_Va_rmse: 0.004516  delta_p: 0.007238  delta_q: 0.001015  
INFO|2024-09-25 21:30:54: 	           ValOfEMA:0.004727/0.004628,  Epoch:86/79
INFO|2024-09-25 21:30:54: 	Time(ep):406s,  Val(curr/best):0.004730/0.004630,  Epoch(curr/best):86/79
INFO|2024-09-25 21:30:54: -------------------- Epoch: 87 --------------------
INFO|2024-09-25 21:31:29: Epoch[087/100], iter[040/392], loss_total:0.25148, loss_equ:0.56902 loss_pq_vm:0.00304 loss_pq_va:0.08372 loss_pv_va:0.08049
INFO|2024-09-25 21:32:02: Epoch[087/100], iter[079/392], loss_total:0.24841, loss_equ:0.55485 loss_pq_vm:0.00297 loss_pq_va:0.08343 loss_pv_va:0.07976
INFO|2024-09-25 21:32:35: Epoch[087/100], iter[118/392], loss_total:0.25629, loss_equ:0.56279 loss_pq_vm:0.00298 loss_pq_va:0.08700 loss_pv_va:0.08316
INFO|2024-09-25 21:33:08: Epoch[087/100], iter[157/392], loss_total:0.24280, loss_equ:0.55330 loss_pq_vm:0.00295 loss_pq_va:0.08049 loss_pv_va:0.07746
INFO|2024-09-25 21:33:41: Epoch[087/100], iter[196/392], loss_total:0.25043, loss_equ:0.56982 loss_pq_vm:0.00301 loss_pq_va:0.08323 loss_pv_va:0.08015
INFO|2024-09-25 21:34:13: Epoch[087/100], iter[235/392], loss_total:0.26553, loss_equ:0.57235 loss_pq_vm:0.00306 loss_pq_va:0.09083 loss_pv_va:0.08684
INFO|2024-09-25 21:34:46: Epoch[087/100], iter[274/392], loss_total:0.24992, loss_equ:0.56295 loss_pq_vm:0.00296 loss_pq_va:0.08385 loss_pv_va:0.08016
INFO|2024-09-25 21:35:18: Epoch[087/100], iter[313/392], loss_total:0.25109, loss_equ:0.56320 loss_pq_vm:0.00301 loss_pq_va:0.08443 loss_pv_va:0.08021
INFO|2024-09-25 21:35:51: Epoch[087/100], iter[352/392], loss_total:0.25400, loss_equ:0.56864 loss_pq_vm:0.00312 loss_pq_va:0.08475 loss_pv_va:0.08124
INFO|2024-09-25 21:36:24: Epoch[087/100], iter[392/392], loss_total:0.25004, loss_equ:0.56923 loss_pq_vm:0.00301 loss_pq_va:0.08322 loss_pv_va:0.07980
INFO|2024-09-25 21:37:40: Epoch 86/100, lr:  0.00005071, eta: 1.47h, train_loss:  0.25070, valid_loss:  0.30262
INFO|2024-09-25 21:37:40: 	Train: PQ_Vm_rmse: 0.00006567  PQ_Va_rmse: 0.00240918  PV_Va_rmse: 0.00232045  delta_p: 0.00461047  delta_q: 0.00064752  
INFO|2024-09-25 21:37:40: 	ZTest: PQ_Vm_rmse: 0.00013834  PQ_Va_rmse: 0.00506473  PV_Va_rmse: 0.00484947  delta_p: 0.00762404  delta_q: 0.00113364  
INFO|2024-09-25 21:37:40: 	ZTest-ema: PQ_Vm_rmse: 0.000134  PQ_Va_rmse: 0.004906  PV_Va_rmse: 0.004690  delta_p: 0.007307  delta_q: 0.001022  
INFO|2024-09-25 21:37:40: 	           ValOfEMA:0.004906/0.004628,  Epoch:87/79
INFO|2024-09-25 21:37:41: 	Time(ep):405s,  Val(curr/best):0.005065/0.004630,  Epoch(curr/best):87/79
INFO|2024-09-25 21:37:41: -------------------- Epoch: 88 --------------------
INFO|2024-09-25 21:38:16: Epoch[088/100], iter[040/392], loss_total:0.24970, loss_equ:0.56359 loss_pq_vm:0.00304 loss_pq_va:0.08316 loss_pv_va:0.07977
INFO|2024-09-25 21:38:49: Epoch[088/100], iter[079/392], loss_total:0.23869, loss_equ:0.55035 loss_pq_vm:0.00295 loss_pq_va:0.07897 loss_pv_va:0.07520
INFO|2024-09-25 21:39:22: Epoch[088/100], iter[118/392], loss_total:0.25344, loss_equ:0.56579 loss_pq_vm:0.00304 loss_pq_va:0.08522 loss_pv_va:0.08122
INFO|2024-09-25 21:39:55: Epoch[088/100], iter[157/392], loss_total:0.24817, loss_equ:0.56353 loss_pq_vm:0.00297 loss_pq_va:0.08286 loss_pv_va:0.07927
INFO|2024-09-25 21:40:28: Epoch[088/100], iter[196/392], loss_total:0.23348, loss_equ:0.55075 loss_pq_vm:0.00289 loss_pq_va:0.07590 loss_pv_va:0.07361
INFO|2024-09-25 21:41:01: Epoch[088/100], iter[235/392], loss_total:0.24520, loss_equ:0.56519 loss_pq_vm:0.00300 loss_pq_va:0.08069 loss_pv_va:0.07799
INFO|2024-09-25 21:41:33: Epoch[088/100], iter[274/392], loss_total:0.25350, loss_equ:0.56177 loss_pq_vm:0.00303 loss_pq_va:0.08518 loss_pv_va:0.08189
INFO|2024-09-25 21:42:06: Epoch[088/100], iter[313/392], loss_total:0.24441, loss_equ:0.55759 loss_pq_vm:0.00301 loss_pq_va:0.08090 loss_pv_va:0.07766
INFO|2024-09-25 21:42:38: Epoch[088/100], iter[352/392], loss_total:0.24681, loss_equ:0.55717 loss_pq_vm:0.00296 loss_pq_va:0.08257 loss_pv_va:0.07888
INFO|2024-09-25 21:43:12: Epoch[088/100], iter[392/392], loss_total:0.25301, loss_equ:0.56999 loss_pq_vm:0.00304 loss_pq_va:0.08429 loss_pv_va:0.08136
INFO|2024-09-25 21:44:28: Epoch 87/100, lr:  0.00004476, eta: 1.36h, train_loss:  0.24901, valid_loss:  0.30081
INFO|2024-09-25 21:44:28: 	Train: PQ_Vm_rmse: 0.00006393  PQ_Va_rmse: 0.00222607  PV_Va_rmse: 0.00214377  delta_p: 0.00448760  delta_q: 0.00063390  
INFO|2024-09-25 21:44:28: 	ZTest: PQ_Vm_rmse: 0.00013196  PQ_Va_rmse: 0.00467549  PV_Va_rmse: 0.00447924  delta_p: 0.00725010  delta_q: 0.00102290  
INFO|2024-09-25 21:44:28: 	ZTest-ema: PQ_Vm_rmse: 0.000133  PQ_Va_rmse: 0.004843  PV_Va_rmse: 0.004631  delta_p: 0.007223  delta_q: 0.001015  
INFO|2024-09-25 21:44:28: 	           ValOfEMA:0.004843/0.004628,  Epoch:88/79
INFO|2024-09-25 21:44:28: 	Time(ep):406s,  Val(curr/best):0.004675/0.004630,  Epoch(curr/best):88/79
INFO|2024-09-25 21:44:28: -------------------- Epoch: 89 --------------------
INFO|2024-09-25 21:45:03: Epoch[089/100], iter[040/392], loss_total:0.24926, loss_equ:0.56294 loss_pq_vm:0.00301 loss_pq_va:0.08324 loss_pv_va:0.07964
INFO|2024-09-25 21:45:35: Epoch[089/100], iter[079/392], loss_total:0.24717, loss_equ:0.55499 loss_pq_vm:0.00300 loss_pq_va:0.08257 loss_pv_va:0.07906
INFO|2024-09-25 21:46:07: Epoch[089/100], iter[118/392], loss_total:0.24006, loss_equ:0.55940 loss_pq_vm:0.00300 loss_pq_va:0.07869 loss_pv_va:0.07544
INFO|2024-09-25 21:46:39: Epoch[089/100], iter[157/392], loss_total:0.24801, loss_equ:0.56915 loss_pq_vm:0.00300 loss_pq_va:0.08204 loss_pv_va:0.07902
INFO|2024-09-25 21:47:11: Epoch[089/100], iter[196/392], loss_total:0.24152, loss_equ:0.55574 loss_pq_vm:0.00295 loss_pq_va:0.07988 loss_pv_va:0.07654
INFO|2024-09-25 21:47:44: Epoch[089/100], iter[235/392], loss_total:0.26049, loss_equ:0.56827 loss_pq_vm:0.00300 loss_pq_va:0.08866 loss_pv_va:0.08497
INFO|2024-09-25 21:48:16: Epoch[089/100], iter[274/392], loss_total:0.25361, loss_equ:0.56398 loss_pq_vm:0.00303 loss_pq_va:0.08527 loss_pv_va:0.08160
INFO|2024-09-25 21:48:48: Epoch[089/100], iter[313/392], loss_total:0.23512, loss_equ:0.54898 loss_pq_vm:0.00292 loss_pq_va:0.07686 loss_pv_va:0.07413
INFO|2024-09-25 21:49:20: Epoch[089/100], iter[352/392], loss_total:0.25417, loss_equ:0.56454 loss_pq_vm:0.00305 loss_pq_va:0.08564 loss_pv_va:0.08160
INFO|2024-09-25 21:49:54: Epoch[089/100], iter[392/392], loss_total:0.23982, loss_equ:0.56115 loss_pq_vm:0.00300 loss_pq_va:0.07872 loss_pv_va:0.07500
INFO|2024-09-25 21:51:11: Epoch 88/100, lr:  0.00003926, eta: 1.23h, train_loss:  0.24850, valid_loss:  0.29986
INFO|2024-09-25 21:51:11: 	Train: PQ_Vm_rmse: 0.00006588  PQ_Va_rmse: 0.00234627  PV_Va_rmse: 0.00225404  delta_p: 0.00436536  delta_q: 0.00061698  
INFO|2024-09-25 21:51:11: 	ZTest: PQ_Vm_rmse: 0.00013210  PQ_Va_rmse: 0.00484027  PV_Va_rmse: 0.00461007  delta_p: 0.00733690  delta_q: 0.00102652  
INFO|2024-09-25 21:51:11: 	ZTest-ema: PQ_Vm_rmse: 0.000133  PQ_Va_rmse: 0.004866  PV_Va_rmse: 0.004644  delta_p: 0.007215  delta_q: 0.001011  
INFO|2024-09-25 21:51:11: 	           ValOfEMA:0.004866/0.004628,  Epoch:89/79
INFO|2024-09-25 21:51:11: 	Time(ep):402s,  Val(curr/best):0.004840/0.004630,  Epoch(curr/best):89/79
INFO|2024-09-25 21:51:11: -------------------- Epoch: 90 --------------------
INFO|2024-09-25 21:51:47: Epoch[090/100], iter[040/392], loss_total:0.23778, loss_equ:0.55194 loss_pq_vm:0.00295 loss_pq_va:0.07826 loss_pv_va:0.07481
INFO|2024-09-25 21:52:20: Epoch[090/100], iter[079/392], loss_total:0.25758, loss_equ:0.56741 loss_pq_vm:0.00297 loss_pq_va:0.08774 loss_pv_va:0.08337
INFO|2024-09-25 21:52:53: Epoch[090/100], iter[118/392], loss_total:0.24909, loss_equ:0.55658 loss_pq_vm:0.00297 loss_pq_va:0.08349 loss_pv_va:0.08022
INFO|2024-09-25 21:53:26: Epoch[090/100], iter[157/392], loss_total:0.26789, loss_equ:0.57986 loss_pq_vm:0.00308 loss_pq_va:0.09145 loss_pv_va:0.08765
INFO|2024-09-25 21:53:59: Epoch[090/100], iter[196/392], loss_total:0.24868, loss_equ:0.55974 loss_pq_vm:0.00296 loss_pq_va:0.08332 loss_pv_va:0.07981
INFO|2024-09-25 21:54:32: Epoch[090/100], iter[235/392], loss_total:0.24319, loss_equ:0.56462 loss_pq_vm:0.00300 loss_pq_va:0.07985 loss_pv_va:0.07686
INFO|2024-09-25 21:55:05: Epoch[090/100], iter[274/392], loss_total:0.24544, loss_equ:0.56885 loss_pq_vm:0.00298 loss_pq_va:0.08105 loss_pv_va:0.07776
INFO|2024-09-25 21:55:38: Epoch[090/100], iter[313/392], loss_total:0.24492, loss_equ:0.56435 loss_pq_vm:0.00296 loss_pq_va:0.08103 loss_pv_va:0.07785
INFO|2024-09-25 21:56:10: Epoch[090/100], iter[352/392], loss_total:0.25351, loss_equ:0.57173 loss_pq_vm:0.00300 loss_pq_va:0.08483 loss_pv_va:0.08146
INFO|2024-09-25 21:56:44: Epoch[090/100], iter[392/392], loss_total:0.24654, loss_equ:0.56843 loss_pq_vm:0.00301 loss_pq_va:0.08149 loss_pv_va:0.07810
INFO|2024-09-25 21:58:01: Epoch 89/100, lr:  0.00003423, eta: 1.14h, train_loss:  0.24772, valid_loss:  0.30054
INFO|2024-09-25 21:58:01: 	Train: PQ_Vm_rmse: 0.00006398  PQ_Va_rmse: 0.00226080  PV_Va_rmse: 0.00217213  delta_p: 0.00430716  delta_q: 0.00060689  
INFO|2024-09-25 21:58:01: 	ZTest: PQ_Vm_rmse: 0.00013189  PQ_Va_rmse: 0.00489841  PV_Va_rmse: 0.00468731  delta_p: 0.00749580  delta_q: 0.00103730  
INFO|2024-09-25 21:58:01: 	ZTest-ema: PQ_Vm_rmse: 0.000131  PQ_Va_rmse: 0.004820  PV_Va_rmse: 0.004606  delta_p: 0.007269  delta_q: 0.001019  
INFO|2024-09-25 21:58:01: 	           ValOfEMA:0.004820/0.004628,  Epoch:90/79
INFO|2024-09-25 21:58:01: 	Time(ep):409s,  Val(curr/best):0.004898/0.004630,  Epoch(curr/best):90/79
INFO|2024-09-25 21:58:01: -------------------- Epoch: 91 --------------------
INFO|2024-09-25 21:58:37: Epoch[091/100], iter[040/392], loss_total:0.25363, loss_equ:0.56735 loss_pq_vm:0.00303 loss_pq_va:0.08515 loss_pv_va:0.08145
INFO|2024-09-25 21:59:10: Epoch[091/100], iter[079/392], loss_total:0.25843, loss_equ:0.56353 loss_pq_vm:0.00306 loss_pq_va:0.08777 loss_pv_va:0.08373
INFO|2024-09-25 21:59:43: Epoch[091/100], iter[118/392], loss_total:0.26779, loss_equ:0.56970 loss_pq_vm:0.00302 loss_pq_va:0.09266 loss_pv_va:0.08794
INFO|2024-09-25 22:00:16: Epoch[091/100], iter[157/392], loss_total:0.24179, loss_equ:0.55482 loss_pq_vm:0.00296 loss_pq_va:0.07991 loss_pv_va:0.07684
INFO|2024-09-25 22:00:49: Epoch[091/100], iter[196/392], loss_total:0.25549, loss_equ:0.56866 loss_pq_vm:0.00302 loss_pq_va:0.08592 loss_pv_va:0.08246
INFO|2024-09-25 22:01:22: Epoch[091/100], iter[235/392], loss_total:0.25058, loss_equ:0.56750 loss_pq_vm:0.00307 loss_pq_va:0.08337 loss_pv_va:0.07980
INFO|2024-09-25 22:01:55: Epoch[091/100], iter[274/392], loss_total:0.23961, loss_equ:0.55236 loss_pq_vm:0.00294 loss_pq_va:0.07922 loss_pv_va:0.07578
INFO|2024-09-25 22:02:27: Epoch[091/100], iter[313/392], loss_total:0.25200, loss_equ:0.56729 loss_pq_vm:0.00300 loss_pq_va:0.08435 loss_pv_va:0.08088
INFO|2024-09-25 22:03:00: Epoch[091/100], iter[352/392], loss_total:0.23863, loss_equ:0.55985 loss_pq_vm:0.00301 loss_pq_va:0.07758 loss_pv_va:0.07493
INFO|2024-09-25 22:03:34: Epoch[091/100], iter[392/392], loss_total:0.25655, loss_equ:0.57106 loss_pq_vm:0.00307 loss_pq_va:0.08647 loss_pv_va:0.08229
INFO|2024-09-25 22:04:50: Epoch 90/100, lr:  0.00002965, eta: 1.02h, train_loss:  0.24744, valid_loss:  0.29936
INFO|2024-09-25 22:04:50: 	Train: PQ_Vm_rmse: 0.00006481  PQ_Va_rmse: 0.00232790  PV_Va_rmse: 0.00223468  delta_p: 0.00436298  delta_q: 0.00061148  
INFO|2024-09-25 22:04:50: 	ZTest: PQ_Vm_rmse: 0.00013128  PQ_Va_rmse: 0.00480580  PV_Va_rmse: 0.00460139  delta_p: 0.00730156  delta_q: 0.00101944  
INFO|2024-09-25 22:04:50: 	ZTest-ema: PQ_Vm_rmse: 0.000132  PQ_Va_rmse: 0.004837  PV_Va_rmse: 0.004616  delta_p: 0.007246  delta_q: 0.001016  
INFO|2024-09-25 22:04:50: 	           ValOfEMA:0.004837/0.004628,  Epoch:91/79
INFO|2024-09-25 22:04:51: 	Time(ep):408s,  Val(curr/best):0.004806/0.004630,  Epoch(curr/best):91/79
INFO|2024-09-25 22:04:51: -------------------- Epoch: 92 --------------------
INFO|2024-09-25 22:05:25: Epoch[092/100], iter[040/392], loss_total:0.23533, loss_equ:0.54456 loss_pq_vm:0.00292 loss_pq_va:0.07741 loss_pv_va:0.07423
INFO|2024-09-25 22:05:58: Epoch[092/100], iter[079/392], loss_total:0.24241, loss_equ:0.55223 loss_pq_vm:0.00292 loss_pq_va:0.08073 loss_pv_va:0.07726
INFO|2024-09-25 22:06:30: Epoch[092/100], iter[118/392], loss_total:0.24598, loss_equ:0.56326 loss_pq_vm:0.00296 loss_pq_va:0.08192 loss_pv_va:0.07813
INFO|2024-09-25 22:07:03: Epoch[092/100], iter[157/392], loss_total:0.23632, loss_equ:0.55424 loss_pq_vm:0.00293 loss_pq_va:0.07719 loss_pv_va:0.07437
INFO|2024-09-25 22:07:36: Epoch[092/100], iter[196/392], loss_total:0.23522, loss_equ:0.54637 loss_pq_vm:0.00292 loss_pq_va:0.07709 loss_pv_va:0.07425
INFO|2024-09-25 22:08:09: Epoch[092/100], iter[235/392], loss_total:0.24122, loss_equ:0.55083 loss_pq_vm:0.00297 loss_pq_va:0.07981 loss_pv_va:0.07666
INFO|2024-09-25 22:08:42: Epoch[092/100], iter[274/392], loss_total:0.24957, loss_equ:0.56324 loss_pq_vm:0.00299 loss_pq_va:0.08374 loss_pv_va:0.07956
INFO|2024-09-25 22:09:15: Epoch[092/100], iter[313/392], loss_total:0.25793, loss_equ:0.57626 loss_pq_vm:0.00305 loss_pq_va:0.08710 loss_pv_va:0.08269
INFO|2024-09-25 22:09:48: Epoch[092/100], iter[352/392], loss_total:0.24718, loss_equ:0.56555 loss_pq_vm:0.00303 loss_pq_va:0.08179 loss_pv_va:0.07856
INFO|2024-09-25 22:10:22: Epoch[092/100], iter[392/392], loss_total:0.23523, loss_equ:0.55328 loss_pq_vm:0.00293 loss_pq_va:0.07688 loss_pv_va:0.07376
INFO|2024-09-25 22:11:38: Epoch 91/100, lr:  0.00002555, eta: 0.9h, train_loss:  0.24688, valid_loss:  0.29900
INFO|2024-09-25 22:11:38: 	Train: PQ_Vm_rmse: 0.00006458  PQ_Va_rmse: 0.00232031  PV_Va_rmse: 0.00223273  delta_p: 0.00426228  delta_q: 0.00060038  
INFO|2024-09-25 22:11:38: 	ZTest: PQ_Vm_rmse: 0.00013467  PQ_Va_rmse: 0.00503906  PV_Va_rmse: 0.00480104  delta_p: 0.00743353  delta_q: 0.00103496  
INFO|2024-09-25 22:11:38: 	ZTest-ema: PQ_Vm_rmse: 0.000134  PQ_Va_rmse: 0.005036  PV_Va_rmse: 0.004793  delta_p: 0.007301  delta_q: 0.001021  
INFO|2024-09-25 22:11:38: 	           ValOfEMA:0.005036/0.004628,  Epoch:92/79
INFO|2024-09-25 22:11:38: 	Time(ep):407s,  Val(curr/best):0.005039/0.004630,  Epoch(curr/best):92/79
INFO|2024-09-25 22:11:38: -------------------- Epoch: 93 --------------------
INFO|2024-09-25 22:12:13: Epoch[093/100], iter[040/392], loss_total:0.24455, loss_equ:0.56413 loss_pq_vm:0.00300 loss_pq_va:0.08071 loss_pv_va:0.07741
INFO|2024-09-25 22:12:46: Epoch[093/100], iter[079/392], loss_total:0.23993, loss_equ:0.55713 loss_pq_vm:0.00296 loss_pq_va:0.07919 loss_pv_va:0.07547
INFO|2024-09-25 22:13:18: Epoch[093/100], iter[118/392], loss_total:0.25040, loss_equ:0.56670 loss_pq_vm:0.00301 loss_pq_va:0.08351 loss_pv_va:0.08015
INFO|2024-09-25 22:13:51: Epoch[093/100], iter[157/392], loss_total:0.24557, loss_equ:0.56419 loss_pq_vm:0.00299 loss_pq_va:0.08135 loss_pv_va:0.07795
INFO|2024-09-25 22:14:23: Epoch[093/100], iter[196/392], loss_total:0.23880, loss_equ:0.55838 loss_pq_vm:0.00296 loss_pq_va:0.07846 loss_pv_va:0.07491
INFO|2024-09-25 22:14:55: Epoch[093/100], iter[235/392], loss_total:0.24676, loss_equ:0.56101 loss_pq_vm:0.00307 loss_pq_va:0.08155 loss_pv_va:0.07840
INFO|2024-09-25 22:15:29: Epoch[093/100], iter[274/392], loss_total:0.25068, loss_equ:0.57056 loss_pq_vm:0.00307 loss_pq_va:0.08289 loss_pv_va:0.08008
INFO|2024-09-25 22:16:02: Epoch[093/100], iter[313/392], loss_total:0.24892, loss_equ:0.56638 loss_pq_vm:0.00302 loss_pq_va:0.08284 loss_pv_va:0.07921
INFO|2024-09-25 22:16:35: Epoch[093/100], iter[352/392], loss_total:0.24572, loss_equ:0.56714 loss_pq_vm:0.00303 loss_pq_va:0.08111 loss_pv_va:0.07759
INFO|2024-09-25 22:17:09: Epoch[093/100], iter[392/392], loss_total:0.24521, loss_equ:0.56351 loss_pq_vm:0.00300 loss_pq_va:0.08116 loss_pv_va:0.07769
INFO|2024-09-25 22:18:26: Epoch 92/100, lr:  0.00002192, eta: 0.79h, train_loss:  0.24651, valid_loss:  0.29955
INFO|2024-09-25 22:18:26: 	Train: PQ_Vm_rmse: 0.00006496  PQ_Va_rmse: 0.00238190  PV_Va_rmse: 0.00229308  delta_p: 0.00425281  delta_q: 0.00059742  
INFO|2024-09-25 22:18:26: 	ZTest: PQ_Vm_rmse: 0.00013414  PQ_Va_rmse: 0.00499377  PV_Va_rmse: 0.00476060  delta_p: 0.00725332  delta_q: 0.00101954  
INFO|2024-09-25 22:18:26: 	ZTest-ema: PQ_Vm_rmse: 0.000133  PQ_Va_rmse: 0.004918  PV_Va_rmse: 0.004692  delta_p: 0.007221  delta_q: 0.001011  
INFO|2024-09-25 22:18:26: 	           ValOfEMA:0.004918/0.004628,  Epoch:93/79
INFO|2024-09-25 22:18:26: 	Time(ep):407s,  Val(curr/best):0.004994/0.004630,  Epoch(curr/best):93/79
INFO|2024-09-25 22:18:26: -------------------- Epoch: 94 --------------------
INFO|2024-09-25 22:19:02: Epoch[094/100], iter[040/392], loss_total:0.23666, loss_equ:0.55273 loss_pq_vm:0.00297 loss_pq_va:0.07750 loss_pv_va:0.07422
INFO|2024-09-25 22:19:34: Epoch[094/100], iter[079/392], loss_total:0.24017, loss_equ:0.55807 loss_pq_vm:0.00295 loss_pq_va:0.07876 loss_pv_va:0.07611
INFO|2024-09-25 22:20:07: Epoch[094/100], iter[118/392], loss_total:0.24321, loss_equ:0.55289 loss_pq_vm:0.00294 loss_pq_va:0.08102 loss_pv_va:0.07750
INFO|2024-09-25 22:20:40: Epoch[094/100], iter[157/392], loss_total:0.24670, loss_equ:0.56393 loss_pq_vm:0.00300 loss_pq_va:0.08151 loss_pv_va:0.07879
INFO|2024-09-25 22:21:12: Epoch[094/100], iter[196/392], loss_total:0.25186, loss_equ:0.55440 loss_pq_vm:0.00295 loss_pq_va:0.08554 loss_pv_va:0.08139
INFO|2024-09-25 22:21:45: Epoch[094/100], iter[235/392], loss_total:0.25338, loss_equ:0.56859 loss_pq_vm:0.00301 loss_pq_va:0.08514 loss_pv_va:0.08129
INFO|2024-09-25 22:22:17: Epoch[094/100], iter[274/392], loss_total:0.24393, loss_equ:0.56043 loss_pq_vm:0.00294 loss_pq_va:0.08077 loss_pv_va:0.07769
INFO|2024-09-25 22:22:50: Epoch[094/100], iter[313/392], loss_total:0.24878, loss_equ:0.56521 loss_pq_vm:0.00302 loss_pq_va:0.08289 loss_pv_va:0.07921
INFO|2024-09-25 22:23:23: Epoch[094/100], iter[352/392], loss_total:0.23611, loss_equ:0.55827 loss_pq_vm:0.00297 loss_pq_va:0.07665 loss_pv_va:0.07392
INFO|2024-09-25 22:23:57: Epoch[094/100], iter[392/392], loss_total:0.25342, loss_equ:0.55728 loss_pq_vm:0.00298 loss_pq_va:0.08578 loss_pv_va:0.08215
INFO|2024-09-25 22:25:13: Epoch 93/100, lr:  0.00001877, eta: 0.68h, train_loss:  0.24574, valid_loss:  0.29881
INFO|2024-09-25 22:25:13: 	Train: PQ_Vm_rmse: 0.00006307  PQ_Va_rmse: 0.00219837  PV_Va_rmse: 0.00211171  delta_p: 0.00418097  delta_q: 0.00058843  
INFO|2024-09-25 22:25:13: 	ZTest: PQ_Vm_rmse: 0.00013331  PQ_Va_rmse: 0.00493541  PV_Va_rmse: 0.00470795  delta_p: 0.00733225  delta_q: 0.00102633  
INFO|2024-09-25 22:25:13: 	ZTest-ema: PQ_Vm_rmse: 0.000133  PQ_Va_rmse: 0.004903  PV_Va_rmse: 0.004684  delta_p: 0.007231  delta_q: 0.001013  
INFO|2024-09-25 22:25:13: 	           ValOfEMA:0.004903/0.004628,  Epoch:94/79
INFO|2024-09-25 22:25:13: 	Time(ep):406s,  Val(curr/best):0.004935/0.004630,  Epoch(curr/best):94/79
INFO|2024-09-25 22:25:13: -------------------- Epoch: 95 --------------------
INFO|2024-09-25 22:25:49: Epoch[095/100], iter[040/392], loss_total:0.27387, loss_equ:0.56792 loss_pq_vm:0.00310 loss_pq_va:0.09527 loss_pv_va:0.09084
INFO|2024-09-25 22:26:22: Epoch[095/100], iter[079/392], loss_total:0.26234, loss_equ:0.57602 loss_pq_vm:0.00304 loss_pq_va:0.08889 loss_pv_va:0.08546
INFO|2024-09-25 22:26:55: Epoch[095/100], iter[118/392], loss_total:0.23940, loss_equ:0.55150 loss_pq_vm:0.00295 loss_pq_va:0.07868 loss_pv_va:0.07605
INFO|2024-09-25 22:27:28: Epoch[095/100], iter[157/392], loss_total:0.24449, loss_equ:0.56639 loss_pq_vm:0.00297 loss_pq_va:0.08071 loss_pv_va:0.07742
INFO|2024-09-25 22:28:01: Epoch[095/100], iter[196/392], loss_total:0.24962, loss_equ:0.56673 loss_pq_vm:0.00301 loss_pq_va:0.08318 loss_pv_va:0.07968
INFO|2024-09-25 22:28:34: Epoch[095/100], iter[235/392], loss_total:0.25545, loss_equ:0.57380 loss_pq_vm:0.00306 loss_pq_va:0.08557 loss_pv_va:0.08192
INFO|2024-09-25 22:29:07: Epoch[095/100], iter[274/392], loss_total:0.24622, loss_equ:0.56931 loss_pq_vm:0.00306 loss_pq_va:0.08100 loss_pv_va:0.07767
INFO|2024-09-25 22:29:41: Epoch[095/100], iter[313/392], loss_total:0.26108, loss_equ:0.56839 loss_pq_vm:0.00301 loss_pq_va:0.08924 loss_pv_va:0.08490
INFO|2024-09-25 22:30:14: Epoch[095/100], iter[352/392], loss_total:0.25036, loss_equ:0.56639 loss_pq_vm:0.00299 loss_pq_va:0.08376 loss_pv_va:0.08005
INFO|2024-09-25 22:30:48: Epoch[095/100], iter[392/392], loss_total:0.24769, loss_equ:0.56604 loss_pq_vm:0.00300 loss_pq_va:0.08236 loss_pv_va:0.07876
INFO|2024-09-25 22:32:04: Epoch 94/100, lr:  0.00001609, eta: 0.57h, train_loss:  0.24542, valid_loss:  0.29931
INFO|2024-09-25 22:32:04: 	Train: PQ_Vm_rmse: 0.00006418  PQ_Va_rmse: 0.00230268  PV_Va_rmse: 0.00221128  delta_p: 0.00419258  delta_q: 0.00058715  
INFO|2024-09-25 22:32:04: 	ZTest: PQ_Vm_rmse: 0.00013470  PQ_Va_rmse: 0.00507637  PV_Va_rmse: 0.00485203  delta_p: 0.00729836  delta_q: 0.00101633  
INFO|2024-09-25 22:32:04: 	ZTest-ema: PQ_Vm_rmse: 0.000133  PQ_Va_rmse: 0.004903  PV_Va_rmse: 0.004685  delta_p: 0.007226  delta_q: 0.001014  
INFO|2024-09-25 22:32:04: 	           ValOfEMA:0.004903/0.004628,  Epoch:95/79
INFO|2024-09-25 22:32:05: 	Time(ep):410s,  Val(curr/best):0.005076/0.004630,  Epoch(curr/best):95/79
INFO|2024-09-25 22:32:05: -------------------- Epoch: 96 --------------------
INFO|2024-09-25 22:32:39: Epoch[096/100], iter[040/392], loss_total:0.27057, loss_equ:0.58290 loss_pq_vm:0.00306 loss_pq_va:0.09311 loss_pv_va:0.08860
INFO|2024-09-25 22:33:12: Epoch[096/100], iter[079/392], loss_total:0.25437, loss_equ:0.56703 loss_pq_vm:0.00301 loss_pq_va:0.08568 loss_pv_va:0.08185
INFO|2024-09-25 22:33:45: Epoch[096/100], iter[118/392], loss_total:0.24645, loss_equ:0.56572 loss_pq_vm:0.00301 loss_pq_va:0.08139 loss_pv_va:0.07836
INFO|2024-09-25 22:34:17: Epoch[096/100], iter[157/392], loss_total:0.25639, loss_equ:0.57451 loss_pq_vm:0.00305 loss_pq_va:0.08591 loss_pv_va:0.08253
INFO|2024-09-25 22:34:50: Epoch[096/100], iter[196/392], loss_total:0.24933, loss_equ:0.56419 loss_pq_vm:0.00296 loss_pq_va:0.08322 loss_pv_va:0.08007
INFO|2024-09-25 22:35:23: Epoch[096/100], iter[235/392], loss_total:0.27759, loss_equ:0.58839 loss_pq_vm:0.00312 loss_pq_va:0.09589 loss_pv_va:0.09165
INFO|2024-09-25 22:35:55: Epoch[096/100], iter[274/392], loss_total:0.22782, loss_equ:0.54534 loss_pq_vm:0.00293 loss_pq_va:0.07363 loss_pv_va:0.07040
INFO|2024-09-25 22:36:28: Epoch[096/100], iter[313/392], loss_total:0.24955, loss_equ:0.56361 loss_pq_vm:0.00305 loss_pq_va:0.08313 loss_pv_va:0.07959
INFO|2024-09-25 22:37:01: Epoch[096/100], iter[352/392], loss_total:0.23560, loss_equ:0.55462 loss_pq_vm:0.00295 loss_pq_va:0.07674 loss_pv_va:0.07393
INFO|2024-09-25 22:37:34: Epoch[096/100], iter[392/392], loss_total:0.23083, loss_equ:0.54690 loss_pq_vm:0.00292 loss_pq_va:0.07521 loss_pv_va:0.07174
INFO|2024-09-25 22:38:51: Epoch 95/100, lr:  0.00001390, eta: 0.45h, train_loss:  0.24490, valid_loss:  0.29728
INFO|2024-09-25 22:38:51: 	Train: PQ_Vm_rmse: 0.00006252  PQ_Va_rmse: 0.00224246  PV_Va_rmse: 0.00215124  delta_p: 0.00416680  delta_q: 0.00058102  
INFO|2024-09-25 22:38:51: 	ZTest: PQ_Vm_rmse: 0.00013035  PQ_Va_rmse: 0.00484540  PV_Va_rmse: 0.00462346  delta_p: 0.00721891  delta_q: 0.00101277  
INFO|2024-09-25 22:38:51: 	ZTest-ema: PQ_Vm_rmse: 0.000132  PQ_Va_rmse: 0.004937  PV_Va_rmse: 0.004710  delta_p: 0.007219  delta_q: 0.001011  
INFO|2024-09-25 22:38:51: 	           ValOfEMA:0.004937/0.004628,  Epoch:96/79
INFO|2024-09-25 22:38:52: 	Time(ep):406s,  Val(curr/best):0.004845/0.004630,  Epoch(curr/best):96/79
INFO|2024-09-25 22:38:52: -------------------- Epoch: 97 --------------------
INFO|2024-09-25 22:39:27: Epoch[097/100], iter[040/392], loss_total:0.23689, loss_equ:0.55225 loss_pq_vm:0.00298 loss_pq_va:0.07787 loss_pv_va:0.07398
INFO|2024-09-25 22:39:59: Epoch[097/100], iter[079/392], loss_total:0.24144, loss_equ:0.55832 loss_pq_vm:0.00302 loss_pq_va:0.07941 loss_pv_va:0.07603
INFO|2024-09-25 22:40:32: Epoch[097/100], iter[118/392], loss_total:0.25056, loss_equ:0.56739 loss_pq_vm:0.00307 loss_pq_va:0.08329 loss_pv_va:0.07988
INFO|2024-09-25 22:41:05: Epoch[097/100], iter[157/392], loss_total:0.23908, loss_equ:0.55614 loss_pq_vm:0.00298 loss_pq_va:0.07871 loss_pv_va:0.07498
INFO|2024-09-25 22:41:38: Epoch[097/100], iter[196/392], loss_total:0.24857, loss_equ:0.56129 loss_pq_vm:0.00305 loss_pq_va:0.08305 loss_pv_va:0.07893
INFO|2024-09-25 22:42:10: Epoch[097/100], iter[235/392], loss_total:0.23541, loss_equ:0.54818 loss_pq_vm:0.00294 loss_pq_va:0.07740 loss_pv_va:0.07380
INFO|2024-09-25 22:42:43: Epoch[097/100], iter[274/392], loss_total:0.25143, loss_equ:0.56357 loss_pq_vm:0.00303 loss_pq_va:0.08439 loss_pv_va:0.08038
INFO|2024-09-25 22:43:16: Epoch[097/100], iter[313/392], loss_total:0.24659, loss_equ:0.56188 loss_pq_vm:0.00299 loss_pq_va:0.08207 loss_pv_va:0.07843
INFO|2024-09-25 22:43:48: Epoch[097/100], iter[352/392], loss_total:0.23903, loss_equ:0.55698 loss_pq_vm:0.00299 loss_pq_va:0.07841 loss_pv_va:0.07498
INFO|2024-09-25 22:44:22: Epoch[097/100], iter[392/392], loss_total:0.24122, loss_equ:0.54999 loss_pq_vm:0.00299 loss_pq_va:0.07997 loss_pv_va:0.07640
INFO|2024-09-25 22:45:39: Epoch 96/100, lr:  0.00001220, eta: 0.34h, train_loss:  0.24450, valid_loss:  0.29647
INFO|2024-09-25 22:45:39: 	Train: PQ_Vm_rmse: 0.00006303  PQ_Va_rmse: 0.00224090  PV_Va_rmse: 0.00214694  delta_p: 0.00412760  delta_q: 0.00057784  
INFO|2024-09-25 22:45:39: 	ZTest: PQ_Vm_rmse: 0.00013138  PQ_Va_rmse: 0.00477655  PV_Va_rmse: 0.00455061  delta_p: 0.00719424  delta_q: 0.00101118  
INFO|2024-09-25 22:45:39: 	ZTest-ema: PQ_Vm_rmse: 0.000133  PQ_Va_rmse: 0.004778  PV_Va_rmse: 0.004560  delta_p: 0.007203  delta_q: 0.001010  
INFO|2024-09-25 22:45:39: 	           ValOfEMA:0.004778/0.004628,  Epoch:97/79
INFO|2024-09-25 22:45:39: 	Time(ep):406s,  Val(curr/best):0.004777/0.004630,  Epoch(curr/best):97/79
INFO|2024-09-25 22:45:39: -------------------- Epoch: 98 --------------------
INFO|2024-09-25 22:46:14: Epoch[098/100], iter[040/392], loss_total:0.24769, loss_equ:0.55821 loss_pq_vm:0.00305 loss_pq_va:0.08259 loss_pv_va:0.07879
INFO|2024-09-25 22:46:47: Epoch[098/100], iter[079/392], loss_total:0.23651, loss_equ:0.55002 loss_pq_vm:0.00295 loss_pq_va:0.07753 loss_pv_va:0.07448
INFO|2024-09-25 22:47:20: Epoch[098/100], iter[118/392], loss_total:0.23802, loss_equ:0.55542 loss_pq_vm:0.00298 loss_pq_va:0.07791 loss_pv_va:0.07477
INFO|2024-09-25 22:47:53: Epoch[098/100], iter[157/392], loss_total:0.24738, loss_equ:0.56342 loss_pq_vm:0.00302 loss_pq_va:0.08216 loss_pv_va:0.07870
INFO|2024-09-25 22:48:26: Epoch[098/100], iter[196/392], loss_total:0.24478, loss_equ:0.55369 loss_pq_vm:0.00298 loss_pq_va:0.08148 loss_pv_va:0.07808
INFO|2024-09-25 22:49:00: Epoch[098/100], iter[235/392], loss_total:0.24879, loss_equ:0.57557 loss_pq_vm:0.00302 loss_pq_va:0.08193 loss_pv_va:0.07908
INFO|2024-09-25 22:49:33: Epoch[098/100], iter[274/392], loss_total:0.23072, loss_equ:0.54737 loss_pq_vm:0.00295 loss_pq_va:0.07478 loss_pv_va:0.07171
INFO|2024-09-25 22:50:06: Epoch[098/100], iter[313/392], loss_total:0.25678, loss_equ:0.56054 loss_pq_vm:0.00297 loss_pq_va:0.08762 loss_pv_va:0.08337
INFO|2024-09-25 22:50:39: Epoch[098/100], iter[352/392], loss_total:0.24978, loss_equ:0.56359 loss_pq_vm:0.00298 loss_pq_va:0.08358 loss_pv_va:0.08005
INFO|2024-09-25 22:51:13: Epoch[098/100], iter[392/392], loss_total:0.24360, loss_equ:0.56584 loss_pq_vm:0.00297 loss_pq_va:0.08060 loss_pv_va:0.07667
INFO|2024-09-25 22:52:30: Epoch 97/100, lr:  0.00001098, eta: 0.23h, train_loss:  0.24421, valid_loss:  0.29601
INFO|2024-09-25 22:52:30: 	Train: PQ_Vm_rmse: 0.00006287  PQ_Va_rmse: 0.00224801  PV_Va_rmse: 0.00215826  delta_p: 0.00411419  delta_q: 0.00057683  
INFO|2024-09-25 22:52:30: 	ZTest: PQ_Vm_rmse: 0.00013023  PQ_Va_rmse: 0.00466852  PV_Va_rmse: 0.00445858  delta_p: 0.00716328  delta_q: 0.00100491  
INFO|2024-09-25 22:52:30: 	ZTest-ema: PQ_Vm_rmse: 0.000130  PQ_Va_rmse: 0.004699  PV_Va_rmse: 0.004487  delta_p: 0.007215  delta_q: 0.001007  
INFO|2024-09-25 22:52:30: 	           ValOfEMA:0.004699/0.004628,  Epoch:98/79
INFO|2024-09-25 22:52:30: 	Time(ep):410s,  Val(curr/best):0.004669/0.004630,  Epoch(curr/best):98/79
INFO|2024-09-25 22:52:30: -------------------- Epoch: 99 --------------------
INFO|2024-09-25 22:53:05: Epoch[099/100], iter[040/392], loss_total:0.24162, loss_equ:0.56212 loss_pq_vm:0.00302 loss_pq_va:0.07938 loss_pv_va:0.07585
INFO|2024-09-25 22:53:38: Epoch[099/100], iter[079/392], loss_total:0.24319, loss_equ:0.55970 loss_pq_vm:0.00302 loss_pq_va:0.07989 loss_pv_va:0.07710
INFO|2024-09-25 22:54:10: Epoch[099/100], iter[118/392], loss_total:0.26113, loss_equ:0.57146 loss_pq_vm:0.00304 loss_pq_va:0.08878 loss_pv_va:0.08478
INFO|2024-09-25 22:54:43: Epoch[099/100], iter[157/392], loss_total:0.23852, loss_equ:0.55277 loss_pq_vm:0.00299 loss_pq_va:0.07852 loss_pv_va:0.07480
INFO|2024-09-25 22:55:16: Epoch[099/100], iter[196/392], loss_total:0.24630, loss_equ:0.55940 loss_pq_vm:0.00301 loss_pq_va:0.08198 loss_pv_va:0.07824
INFO|2024-09-25 22:55:49: Epoch[099/100], iter[235/392], loss_total:0.25067, loss_equ:0.56847 loss_pq_vm:0.00298 loss_pq_va:0.08366 loss_pv_va:0.08033
INFO|2024-09-25 22:56:21: Epoch[099/100], iter[274/392], loss_total:0.24782, loss_equ:0.56319 loss_pq_vm:0.00300 loss_pq_va:0.08244 loss_pv_va:0.07903
INFO|2024-09-25 22:56:54: Epoch[099/100], iter[313/392], loss_total:0.25488, loss_equ:0.58154 loss_pq_vm:0.00305 loss_pq_va:0.08488 loss_pv_va:0.08135
INFO|2024-09-25 22:57:27: Epoch[099/100], iter[352/392], loss_total:0.24635, loss_equ:0.57382 loss_pq_vm:0.00300 loss_pq_va:0.08108 loss_pv_va:0.07791
INFO|2024-09-25 22:58:01: Epoch[099/100], iter[392/392], loss_total:0.24272, loss_equ:0.55289 loss_pq_vm:0.00300 loss_pq_va:0.08046 loss_pv_va:0.07700
INFO|2024-09-25 22:59:17: Epoch 98/100, lr:  0.00001024, eta: 0.11h, train_loss:  0.24396, valid_loss:  0.29585
INFO|2024-09-25 22:59:17: 	Train: PQ_Vm_rmse: 0.00006314  PQ_Va_rmse: 0.00222450  PV_Va_rmse: 0.00213732  delta_p: 0.00411102  delta_q: 0.00057500  
INFO|2024-09-25 22:59:17: 	ZTest: PQ_Vm_rmse: 0.00013023  PQ_Va_rmse: 0.00474337  PV_Va_rmse: 0.00452955  delta_p: 0.00720532  delta_q: 0.00100295  
INFO|2024-09-25 22:59:17: 	ZTest-ema: PQ_Vm_rmse: 0.000131  PQ_Va_rmse: 0.004748  PV_Va_rmse: 0.004539  delta_p: 0.007219  delta_q: 0.001007  
INFO|2024-09-25 22:59:17: 	           ValOfEMA:0.004748/0.004628,  Epoch:99/79
INFO|2024-09-25 22:59:17: 	Time(ep):406s,  Val(curr/best):0.004743/0.004630,  Epoch(curr/best):99/79
INFO|2024-09-25 22:59:17: -------------------- Epoch: 100 --------------------
INFO|2024-09-25 22:59:52: Epoch[100/100], iter[040/392], loss_total:0.24110, loss_equ:0.56190 loss_pq_vm:0.00300 loss_pq_va:0.07877 loss_pv_va:0.07616
INFO|2024-09-25 23:00:25: Epoch[100/100], iter[079/392], loss_total:0.23948, loss_equ:0.55247 loss_pq_vm:0.00299 loss_pq_va:0.07827 loss_pv_va:0.07611
INFO|2024-09-25 23:00:58: Epoch[100/100], iter[118/392], loss_total:0.22872, loss_equ:0.54594 loss_pq_vm:0.00292 loss_pq_va:0.07406 loss_pv_va:0.07091
INFO|2024-09-25 23:01:31: Epoch[100/100], iter[157/392], loss_total:0.24105, loss_equ:0.55436 loss_pq_vm:0.00292 loss_pq_va:0.08022 loss_pv_va:0.07617
INFO|2024-09-25 23:02:04: Epoch[100/100], iter[196/392], loss_total:0.23251, loss_equ:0.54965 loss_pq_vm:0.00293 loss_pq_va:0.07548 loss_pv_va:0.07271
INFO|2024-09-25 23:02:37: Epoch[100/100], iter[235/392], loss_total:0.24747, loss_equ:0.56873 loss_pq_vm:0.00300 loss_pq_va:0.08190 loss_pv_va:0.07869
INFO|2024-09-25 23:03:11: Epoch[100/100], iter[274/392], loss_total:0.23971, loss_equ:0.56235 loss_pq_vm:0.00296 loss_pq_va:0.07851 loss_pv_va:0.07536
INFO|2024-09-25 23:03:44: Epoch[100/100], iter[313/392], loss_total:0.23638, loss_equ:0.55643 loss_pq_vm:0.00296 loss_pq_va:0.07697 loss_pv_va:0.07417
INFO|2024-09-25 23:04:17: Epoch[100/100], iter[352/392], loss_total:0.23288, loss_equ:0.54358 loss_pq_vm:0.00292 loss_pq_va:0.07633 loss_pv_va:0.07303
INFO|2024-09-25 23:04:51: Epoch[100/100], iter[392/392], loss_total:0.25826, loss_equ:0.56894 loss_pq_vm:0.00315 loss_pq_va:0.08687 loss_pv_va:0.08295
INFO|2024-09-25 23:06:08: Epoch 99/100, lr:  0.00001000, eta: 0.0h, train_loss:  0.24368, valid_loss:  0.29597
INFO|2024-09-25 23:06:08: 	Train: PQ_Vm_rmse: 0.00006382  PQ_Va_rmse: 0.00226384  PV_Va_rmse: 0.00217264  delta_p: 0.00411258  delta_q: 0.00057585  
INFO|2024-09-25 23:06:08: 	ZTest: PQ_Vm_rmse: 0.00012924  PQ_Va_rmse: 0.00464447  PV_Va_rmse: 0.00444278  delta_p: 0.00724971  delta_q: 0.00100626  
INFO|2024-09-25 23:06:08: 	ZTest-ema: PQ_Vm_rmse: 0.000130  PQ_Va_rmse: 0.004704  PV_Va_rmse: 0.004499  delta_p: 0.007255  delta_q: 0.001010  
INFO|2024-09-25 23:06:08: 	           ValOfEMA:0.004704/0.004628,  Epoch:100/79
INFO|2024-09-25 23:06:08: 	Time(ep):410s,  Val(curr/best):0.004644/0.004630,  Epoch(curr/best):100/79
