INFO|2024-09-26 10:55:52: 
{'batch_size': 256,
 'config': '/home/bingxing2/ailab/zhaozhen/energy/senseflow/configs/test_gnns_graphconv_v2_2.yaml',
 'data': {'batch_size': 256,
          'batch_size_test': 256,
          'meta': {'edge': [['PQ', 'default', 'PQ'],
                            ['PQ', 'default', 'PV'],
                            ['PQ', 'default', 'Slack'],
                            ['PV', 'default', 'PQ'],
                            ['PV', 'default', 'PV'],
                            ['PV', 'default', 'Slack'],
                            ['Slack', 'default', 'PQ'],
                            ['Slack', 'default', 'PV']],
                   'node': ['PQ', 'PV', 'Slack']},
          'num_workers': 4,
          'train': {'data_root': '/',
                    'dataset_type': 'PowerFlowDataset',
                    'mask_num': 0,
                    'pq_len': 64,
                    'pv_len': 53,
                    'slack_len': 1,
                    'split_txt': '/home/bingxing2/ailab/zhaozhen/energy/senseflow/data_json/processed/10w_case118_n_n_1.json'},
          'val': {'data_root': '/',
                  'dataset_type': 'PowerFlowDataset',
                  'mask_num': 0,
                  'pq_len': 64,
                  'pv_len': 53,
                  'slack_len': 1,
                  'split_txt': '/home/bingxing2/ailab/zhaozhen/energy/senseflow/data_json/processed/2w_case118_n_2.json'}},
 'distributed': False,
 'flag_return_losses': True,
 'local_rank': 0,
 'log_path': './results/test_gnns_graphconv_v2_2/2024_09_26_10_55_51',
 'loss': {'aggr': 'abs', 'filt_type': True, 'type': 'bi_deltapq_loss'},
 'mask_num': 0,
 'model': {'batch_size': 256,
           'ema_decay_param': 0.99,
           'ema_warmup_epoch': 10,
           'flag_use_edge_feat': False,
           'flag_use_ema': True,
           'flag_use_ffn': False,
           'flag_use_fusion': False,
           'flag_weighted_loss': True,
           'gcn_type': 'graphconv',
           'heads_num': 4,
           'hidden_channels': 128,
           'loss_type': 'l1',
           'loss_weight_equ': 0.1,
           'loss_weight_va': 1.0,
           'loss_weight_vm': 10.0,
           'matrix': 'vm_va',
           'num_block': 8,
           'num_loops_test': -1,
           'num_loops_train': 8,
           'resume_ckpt_path': '',
           'scaling_factor_va': 0.01,
           'scaling_factor_vm': 0.01,
           'type': 'test_gnn',
           'with_norm': True},
 'ngpus': 1,
 'pq_len': 64,
 'pv_len': 53,
 'scheduler': {'eta_min': '1e-5', 'type': 'Cosine'},
 'seed': 2024,
 'slack_len': 1,
 'train': {'epochs': 100,
           'learning_rate': 0.001,
           'logs_freq': 10,
           'momentum': 0.9,
           'optimizer_type': 'Adam',
           'weight_decay': 0.0}}
INFO|2024-09-26 10:55:58: ==================== Total number of parameters: 2.114M
INFO|2024-09-26 10:55:58: -------------------- Epoch: 1 --------------------
INFO|2024-09-26 10:56:32: Epoch[001/100], iter[040/392], loss_total:3.79446, loss_equ:6.93242 loss_pq_vm:0.05434 loss_pq_va:1.30150 loss_pv_va:1.25634
INFO|2024-09-26 10:57:04: Epoch[001/100], iter[079/392], loss_total:3.22706, loss_equ:5.85366 loss_pq_vm:0.04892 loss_pq_va:1.09352 loss_pv_va:1.05902
INFO|2024-09-26 10:57:35: Epoch[001/100], iter[118/392], loss_total:3.00423, loss_equ:4.66008 loss_pq_vm:0.04035 loss_pq_va:1.08372 loss_pv_va:1.05102
INFO|2024-09-26 10:58:06: Epoch[001/100], iter[157/392], loss_total:2.46206, loss_equ:4.22676 loss_pq_vm:0.03232 loss_pq_va:0.87430 loss_pv_va:0.84187
INFO|2024-09-26 10:58:38: Epoch[001/100], iter[196/392], loss_total:2.54923, loss_equ:4.55733 loss_pq_vm:0.03079 loss_pq_va:0.90842 loss_pv_va:0.87722
INFO|2024-09-26 10:59:09: Epoch[001/100], iter[235/392], loss_total:2.31056, loss_equ:3.67400 loss_pq_vm:0.02749 loss_pq_va:0.83617 loss_pv_va:0.83206
INFO|2024-09-26 10:59:41: Epoch[001/100], iter[274/392], loss_total:2.13652, loss_equ:3.96153 loss_pq_vm:0.02983 loss_pq_va:0.73347 loss_pv_va:0.70863
INFO|2024-09-26 11:00:12: Epoch[001/100], iter[313/392], loss_total:1.91807, loss_equ:3.75027 loss_pq_vm:0.02850 loss_pq_va:0.62870 loss_pv_va:0.62930
INFO|2024-09-26 11:00:43: Epoch[001/100], iter[352/392], loss_total:1.90183, loss_equ:3.42974 loss_pq_vm:0.02649 loss_pq_va:0.65748 loss_pv_va:0.63649
INFO|2024-09-26 11:01:15: Epoch[001/100], iter[392/392], loss_total:1.84294, loss_equ:3.54437 loss_pq_vm:0.02067 loss_pq_va:0.64579 loss_pv_va:0.63601
INFO|2024-09-26 11:02:28: Epoch 0/100, lr:  0.00099976, eta: 10.73h, train_loss:  2.76439, valid_loss:  1.89936
INFO|2024-09-26 11:02:28: 	Train: PQ_Vm_rmse: 0.00387620  PQ_Va_rmse: 0.11218339  PV_Va_rmse: 0.11039482  delta_p: 0.29340695  delta_q: 0.06685420  
INFO|2024-09-26 11:02:28: 	ZTest: PQ_Vm_rmse: 0.00172569  PQ_Va_rmse: 0.07725134  PV_Va_rmse: 0.07316738  delta_p: 0.19582044  delta_q: 0.02817576  
INFO|2024-09-26 11:02:28: 	ZTest-ema: PQ_Vm_rmse: 0.001726  PQ_Va_rmse: 0.077251  PV_Va_rmse: 0.073167  delta_p: 0.195820  delta_q: 0.028176  
INFO|2024-09-26 11:02:28: 	           ValOfEMA:0.077251/0.077251,  Epoch:1/1
INFO|2024-09-26 11:02:29: 	Time(ep):390s,  Val(curr/best):0.077251/0.077251,  Epoch(curr/best):1/1
INFO|2024-09-26 11:02:29: -------------------- Epoch: 2 --------------------
INFO|2024-09-26 11:03:02: Epoch[002/100], iter[040/392], loss_total:1.89193, loss_equ:2.82501 loss_pq_vm:0.02271 loss_pq_va:0.70260 loss_pv_va:0.67969
INFO|2024-09-26 11:03:34: Epoch[002/100], iter[079/392], loss_total:2.33376, loss_equ:3.84603 loss_pq_vm:0.02557 loss_pq_va:0.83985 loss_pv_va:0.85360
INFO|2024-09-26 11:04:06: Epoch[002/100], iter[118/392], loss_total:2.26448, loss_equ:3.96130 loss_pq_vm:0.02986 loss_pq_va:0.79785 loss_pv_va:0.77195
INFO|2024-09-26 11:04:38: Epoch[002/100], iter[157/392], loss_total:1.87326, loss_equ:3.70973 loss_pq_vm:0.02824 loss_pq_va:0.61347 loss_pv_va:0.60643
INFO|2024-09-26 11:05:09: Epoch[002/100], iter[196/392], loss_total:1.81310, loss_equ:3.19879 loss_pq_vm:0.02269 loss_pq_va:0.63910 loss_pv_va:0.62719
INFO|2024-09-26 11:05:41: Epoch[002/100], iter[235/392], loss_total:1.58387, loss_equ:3.32347 loss_pq_vm:0.01881 loss_pq_va:0.54307 loss_pv_va:0.52034
INFO|2024-09-26 11:06:13: Epoch[002/100], iter[274/392], loss_total:1.38950, loss_equ:2.58014 loss_pq_vm:0.01658 loss_pq_va:0.49173 loss_pv_va:0.47394
INFO|2024-09-26 11:06:44: Epoch[002/100], iter[313/392], loss_total:1.68783, loss_equ:2.57361 loss_pq_vm:0.01918 loss_pq_va:0.62803 loss_pv_va:0.61067
INFO|2024-09-26 11:07:16: Epoch[002/100], iter[352/392], loss_total:1.37161, loss_equ:2.62045 loss_pq_vm:0.01689 loss_pq_va:0.47954 loss_pv_va:0.46109
INFO|2024-09-26 11:07:48: Epoch[002/100], iter[392/392], loss_total:1.45868, loss_equ:2.73249 loss_pq_vm:0.01669 loss_pq_va:0.51546 loss_pv_va:0.50304
INFO|2024-09-26 11:09:01: Epoch 1/100, lr:  0.00099902, eta: 10.69h, train_loss:  1.73698, valid_loss:  1.47307
INFO|2024-09-26 11:09:01: 	Train: PQ_Vm_rmse: 0.00137737  PQ_Va_rmse: 0.07079013  PV_Va_rmse: 0.06914831  delta_p: 0.16769460  delta_q: 0.02487767  
INFO|2024-09-26 11:09:01: 	ZTest: PQ_Vm_rmse: 0.00106511  PQ_Va_rmse: 0.05228526  PV_Va_rmse: 0.05076471  delta_p: 0.15796698  delta_q: 0.02252061  
INFO|2024-09-26 11:09:01: 	ZTest-ema: PQ_Vm_rmse: 0.001065  PQ_Va_rmse: 0.052285  PV_Va_rmse: 0.050765  delta_p: 0.157967  delta_q: 0.022521  
INFO|2024-09-26 11:09:01: 	           ValOfEMA:0.052285/0.052285,  Epoch:2/2
INFO|2024-09-26 11:09:02: 	Time(ep):392s,  Val(curr/best):0.052285/0.052285,  Epoch(curr/best):2/2
INFO|2024-09-26 11:09:02: -------------------- Epoch: 3 --------------------
INFO|2024-09-26 11:09:36: Epoch[003/100], iter[040/392], loss_total:1.24844, loss_equ:2.34792 loss_pq_vm:0.01842 loss_pq_va:0.42045 loss_pv_va:0.40895
INFO|2024-09-26 11:10:07: Epoch[003/100], iter[079/392], loss_total:1.52334, loss_equ:2.65918 loss_pq_vm:0.02048 loss_pq_va:0.53525 loss_pv_va:0.51735
INFO|2024-09-26 11:10:39: Epoch[003/100], iter[118/392], loss_total:1.96416, loss_equ:2.60979 loss_pq_vm:0.01799 loss_pq_va:0.76747 loss_pv_va:0.75579
INFO|2024-09-26 11:11:10: Epoch[003/100], iter[157/392], loss_total:1.33732, loss_equ:2.70016 loss_pq_vm:0.01874 loss_pq_va:0.44376 loss_pv_va:0.43619
INFO|2024-09-26 11:11:42: Epoch[003/100], iter[196/392], loss_total:1.22896, loss_equ:2.46171 loss_pq_vm:0.01677 loss_pq_va:0.41197 loss_pv_va:0.40312
INFO|2024-09-26 11:12:13: Epoch[003/100], iter[235/392], loss_total:1.84187, loss_equ:2.42065 loss_pq_vm:0.01858 loss_pq_va:0.71423 loss_pv_va:0.69977
INFO|2024-09-26 11:12:45: Epoch[003/100], iter[274/392], loss_total:1.38729, loss_equ:2.84559 loss_pq_vm:0.01975 loss_pq_va:0.45731 loss_pv_va:0.44788
INFO|2024-09-26 11:13:16: Epoch[003/100], iter[313/392], loss_total:1.20464, loss_equ:2.38997 loss_pq_vm:0.01454 loss_pq_va:0.41742 loss_pv_va:0.40287
INFO|2024-09-26 11:13:48: Epoch[003/100], iter[352/392], loss_total:1.33816, loss_equ:2.55080 loss_pq_vm:0.01966 loss_pq_va:0.45632 loss_pv_va:0.43017
INFO|2024-09-26 11:14:20: Epoch[003/100], iter[392/392], loss_total:1.17818, loss_equ:2.30403 loss_pq_vm:0.01452 loss_pq_va:0.40258 loss_pv_va:0.39999
INFO|2024-09-26 11:15:33: Epoch 2/100, lr:  0.00099780, eta: 10.53h, train_loss:  1.40925, valid_loss:  1.40404
INFO|2024-09-26 11:15:33: 	Train: PQ_Vm_rmse: 0.00117709  PQ_Va_rmse: 0.05145834  PV_Va_rmse: 0.05018001  delta_p: 0.11641174  delta_q: 0.01915308  
INFO|2024-09-26 11:15:33: 	ZTest: PQ_Vm_rmse: 0.00116571  PQ_Va_rmse: 0.04994297  PV_Va_rmse: 0.05058112  delta_p: 0.09849474  delta_q: 0.01675846  
INFO|2024-09-26 11:15:33: 	ZTest-ema: PQ_Vm_rmse: 0.001166  PQ_Va_rmse: 0.049943  PV_Va_rmse: 0.050581  delta_p: 0.098495  delta_q: 0.016758  
INFO|2024-09-26 11:15:33: 	           ValOfEMA:0.050581/0.050581,  Epoch:3/3
INFO|2024-09-26 11:15:34: 	Time(ep):390s,  Val(curr/best):0.050581/0.050581,  Epoch(curr/best):3/3
INFO|2024-09-26 11:15:34: -------------------- Epoch: 4 --------------------
INFO|2024-09-26 11:16:07: Epoch[004/100], iter[040/392], loss_total:1.37472, loss_equ:2.79063 loss_pq_vm:0.01850 loss_pq_va:0.45775 loss_pv_va:0.45289
INFO|2024-09-26 11:16:39: Epoch[004/100], iter[079/392], loss_total:1.49955, loss_equ:2.91699 loss_pq_vm:0.02044 loss_pq_va:0.50832 loss_pv_va:0.49516
INFO|2024-09-26 11:17:11: Epoch[004/100], iter[118/392], loss_total:1.56990, loss_equ:3.86202 loss_pq_vm:0.02179 loss_pq_va:0.47665 loss_pv_va:0.48919
INFO|2024-09-26 11:17:42: Epoch[004/100], iter[157/392], loss_total:1.16418, loss_equ:2.40151 loss_pq_vm:0.01541 loss_pq_va:0.38908 loss_pv_va:0.38090
INFO|2024-09-26 11:18:14: Epoch[004/100], iter[196/392], loss_total:1.32701, loss_equ:2.29968 loss_pq_vm:0.01525 loss_pq_va:0.47611 loss_pv_va:0.46839
INFO|2024-09-26 11:18:46: Epoch[004/100], iter[235/392], loss_total:1.19972, loss_equ:1.85979 loss_pq_vm:0.01268 loss_pq_va:0.44932 loss_pv_va:0.43767
INFO|2024-09-26 11:19:17: Epoch[004/100], iter[274/392], loss_total:1.49645, loss_equ:2.10599 loss_pq_vm:0.02020 loss_pq_va:0.54148 loss_pv_va:0.54237
INFO|2024-09-26 11:19:49: Epoch[004/100], iter[313/392], loss_total:1.21357, loss_equ:2.18560 loss_pq_vm:0.01641 loss_pq_va:0.41935 loss_pv_va:0.41160
INFO|2024-09-26 11:20:20: Epoch[004/100], iter[352/392], loss_total:1.22644, loss_equ:2.35039 loss_pq_vm:0.01347 loss_pq_va:0.43311 loss_pv_va:0.42361
INFO|2024-09-26 11:20:53: Epoch[004/100], iter[392/392], loss_total:1.35061, loss_equ:2.66282 loss_pq_vm:0.01886 loss_pq_va:0.45299 loss_pv_va:0.44278
INFO|2024-09-26 11:22:05: Epoch 3/100, lr:  0.00099610, eta: 10.45h, train_loss:  1.41613, valid_loss:  1.50133
INFO|2024-09-26 11:22:05: 	Train: PQ_Vm_rmse: 0.00111121  PQ_Va_rmse: 0.05684963  PV_Va_rmse: 0.05561720  delta_p: 0.11922188  delta_q: 0.01838404  
INFO|2024-09-26 11:22:06: 	ZTest: PQ_Vm_rmse: 0.00112973  PQ_Va_rmse: 0.06527535  PV_Va_rmse: 0.06332620  delta_p: 0.13742879  delta_q: 0.01943955  
INFO|2024-09-26 11:22:06: 	ZTest-ema: PQ_Vm_rmse: 0.001130  PQ_Va_rmse: 0.065275  PV_Va_rmse: 0.063326  delta_p: 0.137429  delta_q: 0.019440  
INFO|2024-09-26 11:22:06: 	           ValOfEMA:0.065275/0.050581,  Epoch:4/3
INFO|2024-09-26 11:22:06: 	Time(ep):391s,  Val(curr/best):0.065275/0.050581,  Epoch(curr/best):4/3
INFO|2024-09-26 11:22:06: -------------------- Epoch: 5 --------------------
INFO|2024-09-26 11:22:40: Epoch[005/100], iter[040/392], loss_total:1.72935, loss_equ:3.91253 loss_pq_vm:0.02188 loss_pq_va:0.56962 loss_pv_va:0.54966
INFO|2024-09-26 11:23:11: Epoch[005/100], iter[079/392], loss_total:1.09839, loss_equ:2.17997 loss_pq_vm:0.01387 loss_pq_va:0.37517 loss_pv_va:0.36657
INFO|2024-09-26 11:23:43: Epoch[005/100], iter[118/392], loss_total:0.92179, loss_equ:1.76375 loss_pq_vm:0.01124 loss_pq_va:0.32160 loss_pv_va:0.31138
INFO|2024-09-26 11:24:15: Epoch[005/100], iter[157/392], loss_total:0.87900, loss_equ:1.70858 loss_pq_vm:0.01048 loss_pq_va:0.30592 loss_pv_va:0.29738
INFO|2024-09-26 11:24:46: Epoch[005/100], iter[196/392], loss_total:0.91194, loss_equ:1.69538 loss_pq_vm:0.01009 loss_pq_va:0.32586 loss_pv_va:0.31561
INFO|2024-09-26 11:25:18: Epoch[005/100], iter[235/392], loss_total:0.86943, loss_equ:1.71556 loss_pq_vm:0.01018 loss_pq_va:0.30252 loss_pv_va:0.29359
INFO|2024-09-26 11:25:50: Epoch[005/100], iter[274/392], loss_total:1.29032, loss_equ:1.99617 loss_pq_vm:0.01626 loss_pq_va:0.47106 loss_pv_va:0.45705
INFO|2024-09-26 11:26:21: Epoch[005/100], iter[313/392], loss_total:2.01248, loss_equ:2.19770 loss_pq_vm:0.02234 loss_pq_va:0.78540 loss_pv_va:0.78395
INFO|2024-09-26 11:26:53: Epoch[005/100], iter[352/392], loss_total:1.17538, loss_equ:2.53503 loss_pq_vm:0.01634 loss_pq_va:0.37534 loss_pv_va:0.38312
INFO|2024-09-26 11:27:25: Epoch[005/100], iter[392/392], loss_total:1.18714, loss_equ:2.35843 loss_pq_vm:0.01320 loss_pq_va:0.41103 loss_pv_va:0.40826
INFO|2024-09-26 11:28:38: Epoch 4/100, lr:  0.00099391, eta: 10.36h, train_loss:  1.19417, valid_loss:  1.34849
INFO|2024-09-26 11:28:38: 	Train: PQ_Vm_rmse: 0.00098252  PQ_Va_rmse: 0.04117298  PV_Va_rmse: 0.04016461  delta_p: 0.09766970  delta_q: 0.01563362  
INFO|2024-09-26 11:28:38: 	ZTest: PQ_Vm_rmse: 0.00106686  PQ_Va_rmse: 0.05627985  PV_Va_rmse: 0.05357820  delta_p: 0.12212982  delta_q: 0.01671632  
INFO|2024-09-26 11:28:38: 	ZTest-ema: PQ_Vm_rmse: 0.001067  PQ_Va_rmse: 0.056280  PV_Va_rmse: 0.053578  delta_p: 0.122130  delta_q: 0.016716  
INFO|2024-09-26 11:28:38: 	           ValOfEMA:0.056280/0.050581,  Epoch:5/3
INFO|2024-09-26 11:28:39: 	Time(ep):392s,  Val(curr/best):0.056280/0.050581,  Epoch(curr/best):5/3
INFO|2024-09-26 11:28:39: -------------------- Epoch: 6 --------------------
INFO|2024-09-26 11:29:13: Epoch[006/100], iter[040/392], loss_total:1.26121, loss_equ:1.84132 loss_pq_vm:0.01473 loss_pq_va:0.46473 loss_pv_va:0.46501
INFO|2024-09-26 11:29:44: Epoch[006/100], iter[079/392], loss_total:0.97821, loss_equ:1.68180 loss_pq_vm:0.01096 loss_pq_va:0.35337 loss_pv_va:0.34709
INFO|2024-09-26 11:30:16: Epoch[006/100], iter[118/392], loss_total:1.13171, loss_equ:1.56520 loss_pq_vm:0.01127 loss_pq_va:0.43807 loss_pv_va:0.42442
INFO|2024-09-26 11:30:48: Epoch[006/100], iter[157/392], loss_total:0.90378, loss_equ:1.90718 loss_pq_vm:0.01050 loss_pq_va:0.30905 loss_pv_va:0.29906
INFO|2024-09-26 11:31:19: Epoch[006/100], iter[196/392], loss_total:1.26652, loss_equ:2.68907 loss_pq_vm:0.01058 loss_pq_va:0.45049 loss_pv_va:0.44130
INFO|2024-09-26 11:31:51: Epoch[006/100], iter[235/392], loss_total:0.94497, loss_equ:1.73672 loss_pq_vm:0.01034 loss_pq_va:0.33562 loss_pv_va:0.33227
INFO|2024-09-26 11:32:23: Epoch[006/100], iter[274/392], loss_total:0.79949, loss_equ:1.55612 loss_pq_vm:0.00950 loss_pq_va:0.27735 loss_pv_va:0.27156
INFO|2024-09-26 11:32:55: Epoch[006/100], iter[313/392], loss_total:0.86934, loss_equ:1.84278 loss_pq_vm:0.01025 loss_pq_va:0.29472 loss_pv_va:0.28780
INFO|2024-09-26 11:33:27: Epoch[006/100], iter[352/392], loss_total:0.82367, loss_equ:1.54125 loss_pq_vm:0.00834 loss_pq_va:0.29732 loss_pv_va:0.28885
INFO|2024-09-26 11:33:59: Epoch[006/100], iter[392/392], loss_total:0.80964, loss_equ:1.62696 loss_pq_vm:0.01050 loss_pq_va:0.27492 loss_pv_va:0.26703
INFO|2024-09-26 11:35:11: Epoch 5/100, lr:  0.00099123, eta: 10.25h, train_loss:  0.96703, valid_loss:  1.05602
INFO|2024-09-26 11:35:11: 	Train: PQ_Vm_rmse: 0.00061343  PQ_Va_rmse: 0.02987043  PV_Va_rmse: 0.02902601  delta_p: 0.07596961  delta_q: 0.01045993  
INFO|2024-09-26 11:35:11: 	ZTest: PQ_Vm_rmse: 0.00072750  PQ_Va_rmse: 0.03950875  PV_Va_rmse: 0.03806951  delta_p: 0.05837919  delta_q: 0.01027972  
INFO|2024-09-26 11:35:11: 	ZTest-ema: PQ_Vm_rmse: 0.000727  PQ_Va_rmse: 0.039509  PV_Va_rmse: 0.038070  delta_p: 0.058379  delta_q: 0.010280  
INFO|2024-09-26 11:35:11: 	           ValOfEMA:0.039509/0.039509,  Epoch:6/6
INFO|2024-09-26 11:35:12: 	Time(ep):392s,  Val(curr/best):0.039509/0.039509,  Epoch(curr/best):6/6
INFO|2024-09-26 11:35:12: -------------------- Epoch: 7 --------------------
INFO|2024-09-26 11:35:46: Epoch[007/100], iter[040/392], loss_total:0.77365, loss_equ:1.47977 loss_pq_vm:0.01010 loss_pq_va:0.26576 loss_pv_va:0.25889
INFO|2024-09-26 11:36:17: Epoch[007/100], iter[079/392], loss_total:0.91343, loss_equ:1.61655 loss_pq_vm:0.01132 loss_pq_va:0.32387 loss_pv_va:0.31472
INFO|2024-09-26 11:36:49: Epoch[007/100], iter[118/392], loss_total:0.75963, loss_equ:1.62050 loss_pq_vm:0.00859 loss_pq_va:0.25646 loss_pv_va:0.25525
INFO|2024-09-26 11:37:21: Epoch[007/100], iter[157/392], loss_total:0.92693, loss_equ:2.19412 loss_pq_vm:0.00918 loss_pq_va:0.31321 loss_pv_va:0.30254
INFO|2024-09-26 11:37:52: Epoch[007/100], iter[196/392], loss_total:0.80717, loss_equ:1.48299 loss_pq_vm:0.00870 loss_pq_va:0.28933 loss_pv_va:0.28253
INFO|2024-09-26 11:38:24: Epoch[007/100], iter[235/392], loss_total:1.04446, loss_equ:1.41750 loss_pq_vm:0.01155 loss_pq_va:0.39117 loss_pv_va:0.39608
INFO|2024-09-26 11:38:56: Epoch[007/100], iter[274/392], loss_total:1.34110, loss_equ:1.74593 loss_pq_vm:0.01375 loss_pq_va:0.52086 loss_pv_va:0.50819
INFO|2024-09-26 11:39:27: Epoch[007/100], iter[313/392], loss_total:0.90972, loss_equ:1.88431 loss_pq_vm:0.01261 loss_pq_va:0.30050 loss_pv_va:0.29473
INFO|2024-09-26 11:39:59: Epoch[007/100], iter[352/392], loss_total:1.04251, loss_equ:1.88079 loss_pq_vm:0.01113 loss_pq_va:0.37313 loss_pv_va:0.37000
INFO|2024-09-26 11:40:31: Epoch[007/100], iter[392/392], loss_total:0.91853, loss_equ:1.65548 loss_pq_vm:0.01090 loss_pq_va:0.32545 loss_pv_va:0.31854
INFO|2024-09-26 11:41:44: Epoch 6/100, lr:  0.00098808, eta: 10.13h, train_loss:  0.94817, valid_loss:  0.88920
INFO|2024-09-26 11:41:44: 	Train: PQ_Vm_rmse: 0.00070240  PQ_Va_rmse: 0.02989244  PV_Va_rmse: 0.02915748  delta_p: 0.06726344  delta_q: 0.01101640  
INFO|2024-09-26 11:41:44: 	ZTest: PQ_Vm_rmse: 0.00071100  PQ_Va_rmse: 0.02425950  PV_Va_rmse: 0.02343893  delta_p: 0.07581053  delta_q: 0.01157838  
INFO|2024-09-26 11:41:44: 	ZTest-ema: PQ_Vm_rmse: 0.000711  PQ_Va_rmse: 0.024259  PV_Va_rmse: 0.023439  delta_p: 0.075811  delta_q: 0.011578  
INFO|2024-09-26 11:41:44: 	           ValOfEMA:0.024259/0.024259,  Epoch:7/7
INFO|2024-09-26 11:41:45: 	Time(ep):392s,  Val(curr/best):0.024260/0.024260,  Epoch(curr/best):7/7
INFO|2024-09-26 11:41:45: -------------------- Epoch: 8 --------------------
INFO|2024-09-26 11:42:19: Epoch[008/100], iter[040/392], loss_total:1.37750, loss_equ:2.28130 loss_pq_vm:0.02043 loss_pq_va:0.48052 loss_pv_va:0.46455
INFO|2024-09-26 11:42:50: Epoch[008/100], iter[079/392], loss_total:1.27893, loss_equ:2.37203 loss_pq_vm:0.01781 loss_pq_va:0.43854 loss_pv_va:0.42512
INFO|2024-09-26 11:43:22: Epoch[008/100], iter[118/392], loss_total:0.83868, loss_equ:1.43543 loss_pq_vm:0.00993 loss_pq_va:0.29906 loss_pv_va:0.29675
INFO|2024-09-26 11:43:54: Epoch[008/100], iter[157/392], loss_total:0.83900, loss_equ:1.81235 loss_pq_vm:0.01116 loss_pq_va:0.27428 loss_pv_va:0.27186
INFO|2024-09-26 11:44:25: Epoch[008/100], iter[196/392], loss_total:0.92379, loss_equ:1.97136 loss_pq_vm:0.01306 loss_pq_va:0.30002 loss_pv_va:0.29605
INFO|2024-09-26 11:44:57: Epoch[008/100], iter[235/392], loss_total:0.84736, loss_equ:1.43504 loss_pq_vm:0.00935 loss_pq_va:0.30752 loss_pv_va:0.30278
INFO|2024-09-26 11:45:28: Epoch[008/100], iter[274/392], loss_total:1.04846, loss_equ:1.38537 loss_pq_vm:0.00882 loss_pq_va:0.41329 loss_pv_va:0.40841
INFO|2024-09-26 11:46:00: Epoch[008/100], iter[313/392], loss_total:0.92631, loss_equ:1.73785 loss_pq_vm:0.01229 loss_pq_va:0.31945 loss_pv_va:0.31020
INFO|2024-09-26 11:46:31: Epoch[008/100], iter[352/392], loss_total:0.94569, loss_equ:2.15804 loss_pq_vm:0.01027 loss_pq_va:0.31264 loss_pv_va:0.31454
INFO|2024-09-26 11:47:04: Epoch[008/100], iter[392/392], loss_total:0.84134, loss_equ:1.78859 loss_pq_vm:0.01090 loss_pq_va:0.27608 loss_pv_va:0.27739
INFO|2024-09-26 11:48:16: Epoch 7/100, lr:  0.00098445, eta: 10.0h, train_loss:  0.99271, valid_loss:  0.87090
INFO|2024-09-26 11:48:16: 	Train: PQ_Vm_rmse: 0.00071956  PQ_Va_rmse: 0.03268569  PV_Va_rmse: 0.03190030  delta_p: 0.07740149  delta_q: 0.01102970  
INFO|2024-09-26 11:48:16: 	ZTest: PQ_Vm_rmse: 0.00063574  PQ_Va_rmse: 0.01939637  PV_Va_rmse: 0.01878799  delta_p: 0.05616061  delta_q: 0.00857373  
INFO|2024-09-26 11:48:16: 	ZTest-ema: PQ_Vm_rmse: 0.000636  PQ_Va_rmse: 0.019396  PV_Va_rmse: 0.018788  delta_p: 0.056161  delta_q: 0.008574  
INFO|2024-09-26 11:48:16: 	           ValOfEMA:0.019396/0.019396,  Epoch:8/8
INFO|2024-09-26 11:48:17: 	Time(ep):391s,  Val(curr/best):0.019396/0.019396,  Epoch(curr/best):8/8
INFO|2024-09-26 11:48:17: -------------------- Epoch: 9 --------------------
INFO|2024-09-26 11:48:51: Epoch[009/100], iter[040/392], loss_total:0.78255, loss_equ:1.61382 loss_pq_vm:0.01006 loss_pq_va:0.26374 loss_pv_va:0.25681
INFO|2024-09-26 11:49:23: Epoch[009/100], iter[079/392], loss_total:1.22686, loss_equ:2.87017 loss_pq_vm:0.02024 loss_pq_va:0.36560 loss_pv_va:0.37188
INFO|2024-09-26 11:49:54: Epoch[009/100], iter[118/392], loss_total:1.54848, loss_equ:2.09219 loss_pq_vm:0.01440 loss_pq_va:0.60398 loss_pv_va:0.59124
INFO|2024-09-26 11:50:26: Epoch[009/100], iter[157/392], loss_total:1.11823, loss_equ:2.39557 loss_pq_vm:0.01851 loss_pq_va:0.34970 loss_pv_va:0.34393
INFO|2024-09-26 11:50:57: Epoch[009/100], iter[196/392], loss_total:1.05009, loss_equ:1.98030 loss_pq_vm:0.02000 loss_pq_va:0.32886 loss_pv_va:0.32317
INFO|2024-09-26 11:51:29: Epoch[009/100], iter[235/392], loss_total:1.02090, loss_equ:1.89313 loss_pq_vm:0.01376 loss_pq_va:0.34937 loss_pv_va:0.34459
INFO|2024-09-26 11:52:00: Epoch[009/100], iter[274/392], loss_total:0.85259, loss_equ:1.75861 loss_pq_vm:0.01241 loss_pq_va:0.27789 loss_pv_va:0.27471
INFO|2024-09-26 11:52:32: Epoch[009/100], iter[313/392], loss_total:0.90550, loss_equ:1.85477 loss_pq_vm:0.01096 loss_pq_va:0.31279 loss_pv_va:0.29764
INFO|2024-09-26 11:53:03: Epoch[009/100], iter[352/392], loss_total:2.09193, loss_equ:2.01930 loss_pq_vm:0.01196 loss_pq_va:0.88710 loss_pv_va:0.88327
INFO|2024-09-26 11:53:35: Epoch[009/100], iter[392/392], loss_total:1.12693, loss_equ:1.82029 loss_pq_vm:0.01228 loss_pq_va:0.41381 loss_pv_va:0.40825
INFO|2024-09-26 11:54:48: Epoch 8/100, lr:  0.00098035, eta: 9.88h, train_loss:  1.03675, valid_loss:  1.33726
INFO|2024-09-26 11:54:48: 	Train: PQ_Vm_rmse: 0.00094463  PQ_Va_rmse: 0.03548929  PV_Va_rmse: 0.03452189  delta_p: 0.08124743  delta_q: 0.01449561  
INFO|2024-09-26 11:54:48: 	ZTest: PQ_Vm_rmse: 0.00084054  PQ_Va_rmse: 0.06337801  PV_Va_rmse: 0.06210772  delta_p: 0.08218991  delta_q: 0.01040368  
INFO|2024-09-26 11:54:48: 	ZTest-ema: PQ_Vm_rmse: 0.000841  PQ_Va_rmse: 0.063378  PV_Va_rmse: 0.062108  delta_p: 0.082190  delta_q: 0.010404  
INFO|2024-09-26 11:54:48: 	           ValOfEMA:0.063378/0.019396,  Epoch:9/8
INFO|2024-09-26 11:54:49: 	Time(ep):391s,  Val(curr/best):0.063378/0.019396,  Epoch(curr/best):9/8
INFO|2024-09-26 11:54:49: -------------------- Epoch: 10 --------------------
INFO|2024-09-26 11:55:22: Epoch[010/100], iter[040/392], loss_total:0.86499, loss_equ:1.70020 loss_pq_vm:0.01139 loss_pq_va:0.29275 loss_pv_va:0.28831
INFO|2024-09-26 11:55:54: Epoch[010/100], iter[079/392], loss_total:0.84253, loss_equ:1.38074 loss_pq_vm:0.01017 loss_pq_va:0.30451 loss_pv_va:0.29824
INFO|2024-09-26 11:56:25: Epoch[010/100], iter[118/392], loss_total:1.08300, loss_equ:1.64567 loss_pq_vm:0.01126 loss_pq_va:0.41147 loss_pv_va:0.39439
INFO|2024-09-26 11:56:57: Epoch[010/100], iter[157/392], loss_total:1.16007, loss_equ:2.51111 loss_pq_vm:0.01831 loss_pq_va:0.36025 loss_pv_va:0.36563
INFO|2024-09-26 11:57:29: Epoch[010/100], iter[196/392], loss_total:0.98324, loss_equ:2.01736 loss_pq_vm:0.01846 loss_pq_va:0.30170 loss_pv_va:0.29524
INFO|2024-09-26 11:58:00: Epoch[010/100], iter[235/392], loss_total:1.08720, loss_equ:2.28495 loss_pq_vm:0.02140 loss_pq_va:0.32722 loss_pv_va:0.31751
INFO|2024-09-26 11:58:31: Epoch[010/100], iter[274/392], loss_total:0.88075, loss_equ:1.63039 loss_pq_vm:0.01074 loss_pq_va:0.30880 loss_pv_va:0.30148
INFO|2024-09-26 11:59:03: Epoch[010/100], iter[313/392], loss_total:0.76111, loss_equ:1.45205 loss_pq_vm:0.00923 loss_pq_va:0.26452 loss_pv_va:0.25908
INFO|2024-09-26 11:59:34: Epoch[010/100], iter[352/392], loss_total:0.81375, loss_equ:1.56544 loss_pq_vm:0.01002 loss_pq_va:0.28082 loss_pv_va:0.27621
INFO|2024-09-26 12:00:07: Epoch[010/100], iter[392/392], loss_total:1.04837, loss_equ:1.29733 loss_pq_vm:0.00829 loss_pq_va:0.41768 loss_pv_va:0.41810
INFO|2024-09-26 12:01:19: Epoch 9/100, lr:  0.00097577, eta: 9.75h, train_loss:  0.93847, valid_loss:  0.85174
INFO|2024-09-26 12:01:19: 	Train: PQ_Vm_rmse: 0.00071717  PQ_Va_rmse: 0.03038529  PV_Va_rmse: 0.02963892  delta_p: 0.06546766  delta_q: 0.01084993  
INFO|2024-09-26 12:01:19: 	ZTest: PQ_Vm_rmse: 0.00057873  PQ_Va_rmse: 0.03346779  PV_Va_rmse: 0.03251997  delta_p: 0.05479994  delta_q: 0.00643192  
INFO|2024-09-26 12:01:19: 	ZTest-ema: PQ_Vm_rmse: 0.000579  PQ_Va_rmse: 0.033468  PV_Va_rmse: 0.032520  delta_p: 0.054800  delta_q: 0.006432  
INFO|2024-09-26 12:01:19: 	           ValOfEMA:0.033468/0.019396,  Epoch:10/8
INFO|2024-09-26 12:01:20: 	Time(ep):390s,  Val(curr/best):0.033468/0.019396,  Epoch(curr/best):10/8
INFO|2024-09-26 12:01:20: -------------------- Epoch: 11 --------------------
INFO|2024-09-26 12:01:53: Epoch[011/100], iter[040/392], loss_total:1.11299, loss_equ:1.48053 loss_pq_vm:0.00933 loss_pq_va:0.43471 loss_pv_va:0.43696
INFO|2024-09-26 12:02:24: Epoch[011/100], iter[079/392], loss_total:0.86524, loss_equ:1.72821 loss_pq_vm:0.01017 loss_pq_va:0.30133 loss_pv_va:0.28936
INFO|2024-09-26 12:02:56: Epoch[011/100], iter[118/392], loss_total:0.78580, loss_equ:1.78529 loss_pq_vm:0.00897 loss_pq_va:0.26111 loss_pv_va:0.25647
INFO|2024-09-26 12:03:28: Epoch[011/100], iter[157/392], loss_total:0.86905, loss_equ:1.74848 loss_pq_vm:0.00882 loss_pq_va:0.30522 loss_pv_va:0.30075
INFO|2024-09-26 12:03:59: Epoch[011/100], iter[196/392], loss_total:0.84214, loss_equ:1.68804 loss_pq_vm:0.01181 loss_pq_va:0.27807 loss_pv_va:0.27716
INFO|2024-09-26 12:04:31: Epoch[011/100], iter[235/392], loss_total:0.77723, loss_equ:1.59901 loss_pq_vm:0.00930 loss_pq_va:0.26504 loss_pv_va:0.25932
INFO|2024-09-26 12:05:03: Epoch[011/100], iter[274/392], loss_total:0.74071, loss_equ:1.66234 loss_pq_vm:0.00787 loss_pq_va:0.24975 loss_pv_va:0.24607
INFO|2024-09-26 12:05:34: Epoch[011/100], iter[313/392], loss_total:0.65091, loss_equ:1.42332 loss_pq_vm:0.00744 loss_pq_va:0.22004 loss_pv_va:0.21418
INFO|2024-09-26 12:06:06: Epoch[011/100], iter[352/392], loss_total:0.67792, loss_equ:1.33540 loss_pq_vm:0.00874 loss_pq_va:0.23135 loss_pv_va:0.22560
INFO|2024-09-26 12:06:38: Epoch[011/100], iter[392/392], loss_total:0.77162, loss_equ:1.51572 loss_pq_vm:0.00802 loss_pq_va:0.27393 loss_pv_va:0.26591
INFO|2024-09-26 12:07:51: Epoch 10/100, lr:  0.00097074, eta: 9.69h, train_loss:  0.82183, valid_loss:  0.90599
INFO|2024-09-26 12:07:51: 	Train: PQ_Vm_rmse: 0.00045161  PQ_Va_rmse: 0.02344865  PV_Va_rmse: 0.02291298  delta_p: 0.05813293  delta_q: 0.00798061  
INFO|2024-09-26 12:07:51: 	ZTest: PQ_Vm_rmse: 0.00067808  PQ_Va_rmse: 0.03025926  PV_Va_rmse: 0.02924231  delta_p: 0.07285217  delta_q: 0.01022181  
INFO|2024-09-26 12:07:51: 	ZTest-ema: PQ_Vm_rmse: 0.000678  PQ_Va_rmse: 0.030259  PV_Va_rmse: 0.029242  delta_p: 0.072852  delta_q: 0.010222  
INFO|2024-09-26 12:07:51: 	           ValOfEMA:0.030259/0.019396,  Epoch:11/8
INFO|2024-09-26 12:07:52: 	Time(ep):391s,  Val(curr/best):0.030259/0.019396,  Epoch(curr/best):11/8
INFO|2024-09-26 12:07:52: -------------------- Epoch: 12 --------------------
INFO|2024-09-26 12:08:26: Epoch[012/100], iter[040/392], loss_total:0.85454, loss_equ:1.65599 loss_pq_vm:0.00897 loss_pq_va:0.30511 loss_pv_va:0.29409
INFO|2024-09-26 12:08:58: Epoch[012/100], iter[079/392], loss_total:0.65233, loss_equ:1.50968 loss_pq_vm:0.00702 loss_pq_va:0.21536 loss_pv_va:0.21581
INFO|2024-09-26 12:09:29: Epoch[012/100], iter[118/392], loss_total:0.64611, loss_equ:1.36507 loss_pq_vm:0.00909 loss_pq_va:0.21298 loss_pv_va:0.20572
INFO|2024-09-26 12:10:01: Epoch[012/100], iter[157/392], loss_total:0.77984, loss_equ:1.58978 loss_pq_vm:0.01360 loss_pq_va:0.24583 loss_pv_va:0.23899
INFO|2024-09-26 12:10:33: Epoch[012/100], iter[196/392], loss_total:0.96911, loss_equ:1.62763 loss_pq_vm:0.00834 loss_pq_va:0.35677 loss_pv_va:0.36617
INFO|2024-09-26 12:11:05: Epoch[012/100], iter[235/392], loss_total:0.68060, loss_equ:1.20671 loss_pq_vm:0.00773 loss_pq_va:0.24329 loss_pv_va:0.23936
INFO|2024-09-26 12:11:36: Epoch[012/100], iter[274/392], loss_total:0.66570, loss_equ:1.22027 loss_pq_vm:0.00950 loss_pq_va:0.22722 loss_pv_va:0.22145
INFO|2024-09-26 12:12:07: Epoch[012/100], iter[313/392], loss_total:0.74556, loss_equ:1.40860 loss_pq_vm:0.01813 loss_pq_va:0.21398 loss_pv_va:0.20941
INFO|2024-09-26 12:12:38: Epoch[012/100], iter[352/392], loss_total:0.75224, loss_equ:1.31755 loss_pq_vm:0.01522 loss_pq_va:0.23778 loss_pv_va:0.23046
INFO|2024-09-26 12:13:10: Epoch[012/100], iter[392/392], loss_total:0.65707, loss_equ:1.17097 loss_pq_vm:0.00802 loss_pq_va:0.23211 loss_pv_va:0.22771
INFO|2024-09-26 12:14:24: Epoch 11/100, lr:  0.00096524, eta: 9.57h, train_loss:  0.80114, valid_loss:  0.64695
INFO|2024-09-26 12:14:24: 	Train: PQ_Vm_rmse: 0.00082075  PQ_Va_rmse: 0.02325206  PV_Va_rmse: 0.02264729  delta_p: 0.06415321  delta_q: 0.01068938  
INFO|2024-09-26 12:14:24: 	ZTest: PQ_Vm_rmse: 0.00052189  PQ_Va_rmse: 0.01298986  PV_Va_rmse: 0.01257340  delta_p: 0.03310233  delta_q: 0.00630655  
INFO|2024-09-26 12:14:24: 	ZTest-ema: PQ_Vm_rmse: 0.000431  PQ_Va_rmse: 0.012401  PV_Va_rmse: 0.012018  delta_p: 0.029156  delta_q: 0.005861  
INFO|2024-09-26 12:14:24: 	           ValOfEMA:0.012401/0.012401,  Epoch:12/12
INFO|2024-09-26 12:14:25: 	Time(ep):391s,  Val(curr/best):0.012990/0.012990,  Epoch(curr/best):12/12
INFO|2024-09-26 12:14:25: -------------------- Epoch: 13 --------------------
INFO|2024-09-26 12:14:59: Epoch[013/100], iter[040/392], loss_total:0.62140, loss_equ:1.35357 loss_pq_vm:0.00842 loss_pq_va:0.20325 loss_pv_va:0.19856
INFO|2024-09-26 12:15:30: Epoch[013/100], iter[079/392], loss_total:0.60220, loss_equ:1.09889 loss_pq_vm:0.00710 loss_pq_va:0.21390 loss_pv_va:0.20745
INFO|2024-09-26 12:16:02: Epoch[013/100], iter[118/392], loss_total:0.74297, loss_equ:1.51940 loss_pq_vm:0.00946 loss_pq_va:0.24757 loss_pv_va:0.24887
INFO|2024-09-26 12:16:33: Epoch[013/100], iter[157/392], loss_total:0.66918, loss_equ:1.39877 loss_pq_vm:0.00976 loss_pq_va:0.21735 loss_pv_va:0.21432
INFO|2024-09-26 12:17:05: Epoch[013/100], iter[196/392], loss_total:0.64250, loss_equ:1.54623 loss_pq_vm:0.00839 loss_pq_va:0.20216 loss_pv_va:0.20180
INFO|2024-09-26 12:17:36: Epoch[013/100], iter[235/392], loss_total:0.60255, loss_equ:1.30614 loss_pq_vm:0.00808 loss_pq_va:0.19668 loss_pv_va:0.19443
INFO|2024-09-26 12:18:08: Epoch[013/100], iter[274/392], loss_total:0.77717, loss_equ:1.50284 loss_pq_vm:0.01006 loss_pq_va:0.26330 loss_pv_va:0.26299
INFO|2024-09-26 12:18:39: Epoch[013/100], iter[313/392], loss_total:0.59080, loss_equ:1.21175 loss_pq_vm:0.00866 loss_pq_va:0.19335 loss_pv_va:0.18966
INFO|2024-09-26 12:19:11: Epoch[013/100], iter[352/392], loss_total:0.64090, loss_equ:1.49235 loss_pq_vm:0.00931 loss_pq_va:0.20376 loss_pv_va:0.19484
INFO|2024-09-26 12:19:43: Epoch[013/100], iter[392/392], loss_total:0.61046, loss_equ:1.32277 loss_pq_vm:0.00944 loss_pq_va:0.19482 loss_pv_va:0.18898
INFO|2024-09-26 12:20:56: Epoch 12/100, lr:  0.00095929, eta: 9.46h, train_loss:  0.68949, valid_loss:  0.66961
INFO|2024-09-26 12:20:56: 	Train: PQ_Vm_rmse: 0.00045863  PQ_Va_rmse: 0.01657041  PV_Va_rmse: 0.01625909  delta_p: 0.04568923  delta_q: 0.00702344  
INFO|2024-09-26 12:20:56: 	ZTest: PQ_Vm_rmse: 0.00033000  PQ_Va_rmse: 0.01632780  PV_Va_rmse: 0.01620663  delta_p: 0.04049150  delta_q: 0.00519358  
INFO|2024-09-26 12:20:56: 	ZTest-ema: PQ_Vm_rmse: 0.000315  PQ_Va_rmse: 0.011266  PV_Va_rmse: 0.010860  delta_p: 0.027450  delta_q: 0.003608  
INFO|2024-09-26 12:20:56: 	           ValOfEMA:0.011266/0.011266,  Epoch:13/13
INFO|2024-09-26 12:20:57: 	Time(ep):391s,  Val(curr/best):0.016328/0.012990,  Epoch(curr/best):13/12
INFO|2024-09-26 12:20:57: -------------------- Epoch: 14 --------------------
INFO|2024-09-26 12:21:30: Epoch[014/100], iter[040/392], loss_total:0.90076, loss_equ:1.36712 loss_pq_vm:0.00908 loss_pq_va:0.33990 loss_pv_va:0.33339
INFO|2024-09-26 12:22:02: Epoch[014/100], iter[079/392], loss_total:0.56998, loss_equ:1.18709 loss_pq_vm:0.00816 loss_pq_va:0.18766 loss_pv_va:0.18198
INFO|2024-09-26 12:22:34: Epoch[014/100], iter[118/392], loss_total:0.70492, loss_equ:1.55454 loss_pq_vm:0.01858 loss_pq_va:0.18497 loss_pv_va:0.17872
INFO|2024-09-26 12:23:05: Epoch[014/100], iter[157/392], loss_total:0.92087, loss_equ:2.36364 loss_pq_vm:0.01200 loss_pq_va:0.28198 loss_pv_va:0.28252
INFO|2024-09-26 12:23:37: Epoch[014/100], iter[196/392], loss_total:0.75935, loss_equ:1.68216 loss_pq_vm:0.01194 loss_pq_va:0.24087 loss_pv_va:0.23086
INFO|2024-09-26 12:24:09: Epoch[014/100], iter[235/392], loss_total:0.58577, loss_equ:1.10544 loss_pq_vm:0.00684 loss_pq_va:0.20420 loss_pv_va:0.20264
INFO|2024-09-26 12:24:40: Epoch[014/100], iter[274/392], loss_total:0.54687, loss_equ:1.13793 loss_pq_vm:0.00749 loss_pq_va:0.18152 loss_pv_va:0.17667
INFO|2024-09-26 12:25:12: Epoch[014/100], iter[313/392], loss_total:0.58902, loss_equ:1.40801 loss_pq_vm:0.00810 loss_pq_va:0.18390 loss_pv_va:0.18329
INFO|2024-09-26 12:25:44: Epoch[014/100], iter[352/392], loss_total:0.71352, loss_equ:1.56499 loss_pq_vm:0.01631 loss_pq_va:0.20032 loss_pv_va:0.19364
INFO|2024-09-26 12:26:16: Epoch[014/100], iter[392/392], loss_total:0.62654, loss_equ:1.31924 loss_pq_vm:0.00809 loss_pq_va:0.20623 loss_pv_va:0.20752
INFO|2024-09-26 12:27:29: Epoch 13/100, lr:  0.00095289, eta: 9.37h, train_loss:  0.65246, valid_loss:  0.65045
INFO|2024-09-26 12:27:29: 	Train: PQ_Vm_rmse: 0.00056366  PQ_Va_rmse: 0.01268253  PV_Va_rmse: 0.01251517  delta_p: 0.04989722  delta_q: 0.00836877  
INFO|2024-09-26 12:27:29: 	ZTest: PQ_Vm_rmse: 0.00050310  PQ_Va_rmse: 0.01268085  PV_Va_rmse: 0.01215110  delta_p: 0.04212827  delta_q: 0.00777384  
INFO|2024-09-26 12:27:29: 	ZTest-ema: PQ_Vm_rmse: 0.000337  PQ_Va_rmse: 0.010172  PV_Va_rmse: 0.009793  delta_p: 0.027556  delta_q: 0.004701  
INFO|2024-09-26 12:27:29: 	           ValOfEMA:0.010172/0.010172,  Epoch:14/14
INFO|2024-09-26 12:27:29: 	Time(ep):392s,  Val(curr/best):0.012681/0.012681,  Epoch(curr/best):14/14
INFO|2024-09-26 12:27:29: -------------------- Epoch: 15 --------------------
INFO|2024-09-26 12:28:04: Epoch[015/100], iter[040/392], loss_total:0.70761, loss_equ:1.15062 loss_pq_vm:0.00757 loss_pq_va:0.26030 loss_pv_va:0.25654
INFO|2024-09-26 12:28:35: Epoch[015/100], iter[079/392], loss_total:0.53267, loss_equ:1.03874 loss_pq_vm:0.00728 loss_pq_va:0.17981 loss_pv_va:0.17619
INFO|2024-09-26 12:29:07: Epoch[015/100], iter[118/392], loss_total:0.55976, loss_equ:1.11714 loss_pq_vm:0.00741 loss_pq_va:0.19019 loss_pv_va:0.18381
INFO|2024-09-26 12:29:38: Epoch[015/100], iter[157/392], loss_total:0.70661, loss_equ:1.63513 loss_pq_vm:0.00869 loss_pq_va:0.22955 loss_pv_va:0.22665
INFO|2024-09-26 12:30:10: Epoch[015/100], iter[196/392], loss_total:0.68996, loss_equ:1.26579 loss_pq_vm:0.00700 loss_pq_va:0.24981 loss_pv_va:0.24360
INFO|2024-09-26 12:30:41: Epoch[015/100], iter[235/392], loss_total:0.52589, loss_equ:1.08231 loss_pq_vm:0.00580 loss_pq_va:0.18144 loss_pv_va:0.17825
INFO|2024-09-26 12:31:13: Epoch[015/100], iter[274/392], loss_total:0.69320, loss_equ:1.39720 loss_pq_vm:0.01460 loss_pq_va:0.20669 loss_pv_va:0.20081
INFO|2024-09-26 12:31:45: Epoch[015/100], iter[313/392], loss_total:0.57601, loss_equ:1.25730 loss_pq_vm:0.00674 loss_pq_va:0.19194 loss_pv_va:0.19092
INFO|2024-09-26 12:32:17: Epoch[015/100], iter[352/392], loss_total:0.82015, loss_equ:1.52043 loss_pq_vm:0.00852 loss_pq_va:0.28644 loss_pv_va:0.29651
INFO|2024-09-26 12:32:49: Epoch[015/100], iter[392/392], loss_total:0.57655, loss_equ:1.35282 loss_pq_vm:0.00744 loss_pq_va:0.18644 loss_pv_va:0.18046
INFO|2024-09-26 12:34:01: Epoch 14/100, lr:  0.00094605, eta: 9.26h, train_loss:  0.63720, valid_loss:  0.71746
INFO|2024-09-26 12:34:01: 	Train: PQ_Vm_rmse: 0.00037775  PQ_Va_rmse: 0.01496777  PV_Va_rmse: 0.01472516  delta_p: 0.04097908  delta_q: 0.00603982  
INFO|2024-09-26 12:34:01: 	ZTest: PQ_Vm_rmse: 0.00036148  PQ_Va_rmse: 0.01790544  PV_Va_rmse: 0.01728316  delta_p: 0.04751049  delta_q: 0.00607500  
INFO|2024-09-26 12:34:02: 	ZTest-ema: PQ_Vm_rmse: 0.000290  PQ_Va_rmse: 0.010023  PV_Va_rmse: 0.009653  delta_p: 0.024069  delta_q: 0.003157  
INFO|2024-09-26 12:34:02: 	           ValOfEMA:0.010023/0.010023,  Epoch:15/15
INFO|2024-09-26 12:34:02: 	Time(ep):392s,  Val(curr/best):0.017905/0.012681,  Epoch(curr/best):15/14
INFO|2024-09-26 12:34:02: -------------------- Epoch: 16 --------------------
INFO|2024-09-26 12:34:36: Epoch[016/100], iter[040/392], loss_total:0.58918, loss_equ:1.07282 loss_pq_vm:0.00647 loss_pq_va:0.21215 loss_pv_va:0.20503
INFO|2024-09-26 12:35:07: Epoch[016/100], iter[079/392], loss_total:0.63989, loss_equ:1.23271 loss_pq_vm:0.00867 loss_pq_va:0.21531 loss_pv_va:0.21461
INFO|2024-09-26 12:35:39: Epoch[016/100], iter[118/392], loss_total:0.54450, loss_equ:1.10104 loss_pq_vm:0.00618 loss_pq_va:0.18893 loss_pv_va:0.18364
INFO|2024-09-26 12:36:11: Epoch[016/100], iter[157/392], loss_total:0.83585, loss_equ:1.75622 loss_pq_vm:0.02082 loss_pq_va:0.22801 loss_pv_va:0.22403
INFO|2024-09-26 12:36:42: Epoch[016/100], iter[196/392], loss_total:0.59396, loss_equ:1.31769 loss_pq_vm:0.00796 loss_pq_va:0.19464 loss_pv_va:0.18794
INFO|2024-09-26 12:37:14: Epoch[016/100], iter[235/392], loss_total:0.54853, loss_equ:1.08439 loss_pq_vm:0.00599 loss_pq_va:0.19454 loss_pv_va:0.18568
INFO|2024-09-26 12:37:46: Epoch[016/100], iter[274/392], loss_total:0.57896, loss_equ:1.30289 loss_pq_vm:0.00669 loss_pq_va:0.19264 loss_pv_va:0.18916
INFO|2024-09-26 12:38:17: Epoch[016/100], iter[313/392], loss_total:0.72698, loss_equ:1.37574 loss_pq_vm:0.00870 loss_pq_va:0.24957 loss_pv_va:0.25282
INFO|2024-09-26 12:38:49: Epoch[016/100], iter[352/392], loss_total:0.56108, loss_equ:1.29295 loss_pq_vm:0.00937 loss_pq_va:0.17019 loss_pv_va:0.16786
INFO|2024-09-26 12:39:21: Epoch[016/100], iter[392/392], loss_total:0.70996, loss_equ:1.63774 loss_pq_vm:0.01028 loss_pq_va:0.22326 loss_pv_va:0.22015
INFO|2024-09-26 12:40:34: Epoch 15/100, lr:  0.00093877, eta: 9.14h, train_loss:  0.63501, valid_loss:  0.75557
INFO|2024-09-26 12:40:34: 	Train: PQ_Vm_rmse: 0.00047093  PQ_Va_rmse: 0.01434727  PV_Va_rmse: 0.01398985  delta_p: 0.04832612  delta_q: 0.00665948  
INFO|2024-09-26 12:40:34: 	ZTest: PQ_Vm_rmse: 0.00054784  PQ_Va_rmse: 0.02065270  PV_Va_rmse: 0.02055363  delta_p: 0.09583244  delta_q: 0.01062411  
INFO|2024-09-26 12:40:34: 	ZTest-ema: PQ_Vm_rmse: 0.000322  PQ_Va_rmse: 0.010127  PV_Va_rmse: 0.009727  delta_p: 0.042694  delta_q: 0.004497  
INFO|2024-09-26 12:40:34: 	           ValOfEMA:0.010127/0.010023,  Epoch:16/15
INFO|2024-09-26 12:40:35: 	Time(ep):391s,  Val(curr/best):0.020653/0.012681,  Epoch(curr/best):16/14
INFO|2024-09-26 12:40:35: -------------------- Epoch: 17 --------------------
INFO|2024-09-26 12:41:08: Epoch[017/100], iter[040/392], loss_total:0.56267, loss_equ:1.31023 loss_pq_vm:0.00887 loss_pq_va:0.17322 loss_pv_va:0.16975
INFO|2024-09-26 12:41:40: Epoch[017/100], iter[079/392], loss_total:0.51462, loss_equ:1.15935 loss_pq_vm:0.00683 loss_pq_va:0.16684 loss_pv_va:0.16350
INFO|2024-09-26 12:42:11: Epoch[017/100], iter[118/392], loss_total:0.51210, loss_equ:1.15165 loss_pq_vm:0.00750 loss_pq_va:0.16257 loss_pv_va:0.15933
INFO|2024-09-26 12:42:43: Epoch[017/100], iter[157/392], loss_total:0.75444, loss_equ:1.37369 loss_pq_vm:0.01421 loss_pq_va:0.24094 loss_pv_va:0.23403
INFO|2024-09-26 12:43:15: Epoch[017/100], iter[196/392], loss_total:0.81275, loss_equ:1.33213 loss_pq_vm:0.00790 loss_pq_va:0.29890 loss_pv_va:0.30160
INFO|2024-09-26 12:43:46: Epoch[017/100], iter[235/392], loss_total:0.66299, loss_equ:1.42854 loss_pq_vm:0.00837 loss_pq_va:0.21565 loss_pv_va:0.22084
INFO|2024-09-26 12:44:18: Epoch[017/100], iter[274/392], loss_total:0.50465, loss_equ:1.01163 loss_pq_vm:0.00600 loss_pq_va:0.17163 loss_pv_va:0.17180
INFO|2024-09-26 12:44:50: Epoch[017/100], iter[313/392], loss_total:0.56510, loss_equ:1.08094 loss_pq_vm:0.00719 loss_pq_va:0.19497 loss_pv_va:0.19013
INFO|2024-09-26 12:45:21: Epoch[017/100], iter[352/392], loss_total:0.67447, loss_equ:1.22993 loss_pq_vm:0.00890 loss_pq_va:0.23320 loss_pv_va:0.22926
INFO|2024-09-26 12:45:54: Epoch[017/100], iter[392/392], loss_total:0.63877, loss_equ:1.27016 loss_pq_vm:0.00741 loss_pq_va:0.21557 loss_pv_va:0.22213
INFO|2024-09-26 12:47:07: Epoch 16/100, lr:  0.00093107, eta: 9.04h, train_loss:  0.64139, valid_loss:  0.74481
INFO|2024-09-26 12:47:07: 	Train: PQ_Vm_rmse: 0.00047063  PQ_Va_rmse: 0.01548233  PV_Va_rmse: 0.01518511  delta_p: 0.04795138  delta_q: 0.00701987  
INFO|2024-09-26 12:47:07: 	ZTest: PQ_Vm_rmse: 0.00037730  PQ_Va_rmse: 0.01954821  PV_Va_rmse: 0.02032699  delta_p: 0.03583849  delta_q: 0.00543253  
INFO|2024-09-26 12:47:07: 	ZTest-ema: PQ_Vm_rmse: 0.000278  PQ_Va_rmse: 0.009472  PV_Va_rmse: 0.009115  delta_p: 0.020521  delta_q: 0.003023  
INFO|2024-09-26 12:47:07: 	           ValOfEMA:0.009472/0.009472,  Epoch:17/17
INFO|2024-09-26 12:47:08: 	Time(ep):392s,  Val(curr/best):0.020327/0.012681,  Epoch(curr/best):17/14
INFO|2024-09-26 12:47:08: -------------------- Epoch: 18 --------------------
INFO|2024-09-26 12:47:41: Epoch[018/100], iter[040/392], loss_total:0.52751, loss_equ:1.12706 loss_pq_vm:0.00823 loss_pq_va:0.16741 loss_pv_va:0.16509
INFO|2024-09-26 12:48:13: Epoch[018/100], iter[079/392], loss_total:0.63710, loss_equ:1.38468 loss_pq_vm:0.01300 loss_pq_va:0.18778 loss_pv_va:0.18085
INFO|2024-09-26 12:48:44: Epoch[018/100], iter[118/392], loss_total:0.53772, loss_equ:1.24048 loss_pq_vm:0.00676 loss_pq_va:0.17363 loss_pv_va:0.17240
INFO|2024-09-26 12:49:16: Epoch[018/100], iter[157/392], loss_total:0.53633, loss_equ:1.07322 loss_pq_vm:0.00681 loss_pq_va:0.18271 loss_pv_va:0.17817
INFO|2024-09-26 12:49:48: Epoch[018/100], iter[196/392], loss_total:0.62532, loss_equ:1.28050 loss_pq_vm:0.00895 loss_pq_va:0.20935 loss_pv_va:0.19841
INFO|2024-09-26 12:50:19: Epoch[018/100], iter[235/392], loss_total:0.60593, loss_equ:1.29684 loss_pq_vm:0.00739 loss_pq_va:0.19976 loss_pv_va:0.20256
INFO|2024-09-26 12:50:51: Epoch[018/100], iter[274/392], loss_total:0.52059, loss_equ:1.06633 loss_pq_vm:0.00761 loss_pq_va:0.17128 loss_pv_va:0.16658
INFO|2024-09-26 12:51:22: Epoch[018/100], iter[313/392], loss_total:0.71923, loss_equ:1.35852 loss_pq_vm:0.00828 loss_pq_va:0.24879 loss_pv_va:0.25181
INFO|2024-09-26 12:51:54: Epoch[018/100], iter[352/392], loss_total:0.53077, loss_equ:1.01090 loss_pq_vm:0.00616 loss_pq_va:0.18621 loss_pv_va:0.18191
INFO|2024-09-26 12:52:26: Epoch[018/100], iter[392/392], loss_total:0.52932, loss_equ:1.01096 loss_pq_vm:0.00670 loss_pq_va:0.18269 loss_pv_va:0.17858
INFO|2024-09-26 12:53:39: Epoch 17/100, lr:  0.00092294, eta: 8.92h, train_loss:  0.61660, valid_loss:  0.56847
INFO|2024-09-26 12:53:39: 	Train: PQ_Vm_rmse: 0.00041791  PQ_Va_rmse: 0.01390582  PV_Va_rmse: 0.01351037  delta_p: 0.03677402  delta_q: 0.00559086  
INFO|2024-09-26 12:53:39: 	ZTest: PQ_Vm_rmse: 0.00039918  PQ_Va_rmse: 0.00984771  PV_Va_rmse: 0.00948123  delta_p: 0.02478392  delta_q: 0.00482057  
INFO|2024-09-26 12:53:39: 	ZTest-ema: PQ_Vm_rmse: 0.000286  PQ_Va_rmse: 0.008965  PV_Va_rmse: 0.008588  delta_p: 0.021713  delta_q: 0.003075  
INFO|2024-09-26 12:53:39: 	           ValOfEMA:0.008965/0.008965,  Epoch:18/18
INFO|2024-09-26 12:53:40: 	Time(ep):391s,  Val(curr/best):0.009848/0.009848,  Epoch(curr/best):18/18
INFO|2024-09-26 12:53:40: -------------------- Epoch: 19 --------------------
INFO|2024-09-26 12:54:14: Epoch[019/100], iter[040/392], loss_total:0.49874, loss_equ:0.95028 loss_pq_vm:0.00613 loss_pq_va:0.17425 loss_pv_va:0.16814
INFO|2024-09-26 12:54:46: Epoch[019/100], iter[079/392], loss_total:0.53326, loss_equ:0.95214 loss_pq_vm:0.00618 loss_pq_va:0.18985 loss_pv_va:0.18639
INFO|2024-09-26 12:55:17: Epoch[019/100], iter[118/392], loss_total:0.53906, loss_equ:1.11557 loss_pq_vm:0.00738 loss_pq_va:0.17672 loss_pv_va:0.17693
INFO|2024-09-26 12:55:49: Epoch[019/100], iter[157/392], loss_total:0.66239, loss_equ:1.48749 loss_pq_vm:0.01064 loss_pq_va:0.20376 loss_pv_va:0.20350
INFO|2024-09-26 12:56:20: Epoch[019/100], iter[196/392], loss_total:0.78219, loss_equ:1.31333 loss_pq_vm:0.00883 loss_pq_va:0.28387 loss_pv_va:0.27870
INFO|2024-09-26 12:56:52: Epoch[019/100], iter[235/392], loss_total:0.50690, loss_equ:1.05153 loss_pq_vm:0.00610 loss_pq_va:0.17166 loss_pv_va:0.16910
INFO|2024-09-26 12:57:23: Epoch[019/100], iter[274/392], loss_total:0.49105, loss_equ:1.10330 loss_pq_vm:0.00686 loss_pq_va:0.15814 loss_pv_va:0.15398
INFO|2024-09-26 12:57:55: Epoch[019/100], iter[313/392], loss_total:0.54167, loss_equ:1.06871 loss_pq_vm:0.00611 loss_pq_va:0.18852 loss_pv_va:0.18516
INFO|2024-09-26 12:58:27: Epoch[019/100], iter[352/392], loss_total:0.84043, loss_equ:1.19665 loss_pq_vm:0.00945 loss_pq_va:0.31672 loss_pv_va:0.30957
INFO|2024-09-26 12:58:59: Epoch[019/100], iter[392/392], loss_total:0.70807, loss_equ:1.31331 loss_pq_vm:0.01103 loss_pq_va:0.23620 loss_pv_va:0.23020
INFO|2024-09-26 13:00:12: Epoch 18/100, lr:  0.00091440, eta: 8.82h, train_loss:  0.60669, valid_loss:  0.69871
INFO|2024-09-26 13:00:12: 	Train: PQ_Vm_rmse: 0.00048562  PQ_Va_rmse: 0.01395659  PV_Va_rmse: 0.01357718  delta_p: 0.03806291  delta_q: 0.00611398  
INFO|2024-09-26 13:00:12: 	ZTest: PQ_Vm_rmse: 0.00085959  PQ_Va_rmse: 0.01449805  PV_Va_rmse: 0.01406959  delta_p: 0.03941462  delta_q: 0.01044179  
INFO|2024-09-26 13:00:12: 	ZTest-ema: PQ_Vm_rmse: 0.000340  PQ_Va_rmse: 0.010962  PV_Va_rmse: 0.010442  delta_p: 0.017969  delta_q: 0.003176  
INFO|2024-09-26 13:00:12: 	           ValOfEMA:0.010962/0.008965,  Epoch:19/18
INFO|2024-09-26 13:00:12: 	Time(ep):391s,  Val(curr/best):0.014498/0.009848,  Epoch(curr/best):19/18
INFO|2024-09-26 13:00:12: -------------------- Epoch: 20 --------------------
INFO|2024-09-26 13:00:46: Epoch[020/100], iter[040/392], loss_total:0.73409, loss_equ:1.65624 loss_pq_vm:0.01587 loss_pq_va:0.20638 loss_pv_va:0.20340
INFO|2024-09-26 13:01:18: Epoch[020/100], iter[079/392], loss_total:0.83843, loss_equ:1.23240 loss_pq_vm:0.00851 loss_pq_va:0.31836 loss_pv_va:0.31174
INFO|2024-09-26 13:01:49: Epoch[020/100], iter[118/392], loss_total:0.70263, loss_equ:1.19861 loss_pq_vm:0.00830 loss_pq_va:0.25608 loss_pv_va:0.24374
INFO|2024-09-26 13:02:21: Epoch[020/100], iter[157/392], loss_total:0.54488, loss_equ:1.01917 loss_pq_vm:0.00820 loss_pq_va:0.18211 loss_pv_va:0.17886
INFO|2024-09-26 13:02:52: Epoch[020/100], iter[196/392], loss_total:0.55378, loss_equ:1.10705 loss_pq_vm:0.00796 loss_pq_va:0.18485 loss_pv_va:0.17862
INFO|2024-09-26 13:03:24: Epoch[020/100], iter[235/392], loss_total:0.60583, loss_equ:1.00662 loss_pq_vm:0.00793 loss_pq_va:0.21536 loss_pv_va:0.21053
INFO|2024-09-26 13:03:56: Epoch[020/100], iter[274/392], loss_total:0.70034, loss_equ:1.22592 loss_pq_vm:0.01285 loss_pq_va:0.22700 loss_pv_va:0.22229
INFO|2024-09-26 13:04:27: Epoch[020/100], iter[313/392], loss_total:0.50955, loss_equ:1.00219 loss_pq_vm:0.00667 loss_pq_va:0.17431 loss_pv_va:0.16827
INFO|2024-09-26 13:04:59: Epoch[020/100], iter[352/392], loss_total:0.45868, loss_equ:0.87139 loss_pq_vm:0.00555 loss_pq_va:0.15964 loss_pv_va:0.15639
INFO|2024-09-26 13:05:31: Epoch[020/100], iter[392/392], loss_total:0.63911, loss_equ:1.18865 loss_pq_vm:0.00765 loss_pq_va:0.22559 loss_pv_va:0.21814
INFO|2024-09-26 13:06:44: Epoch 19/100, lr:  0.00090546, eta: 8.7h, train_loss:  0.63890, valid_loss:  0.65385
INFO|2024-09-26 13:06:44: 	Train: PQ_Vm_rmse: 0.00054721  PQ_Va_rmse: 0.01581044  PV_Va_rmse: 0.01537007  delta_p: 0.03878687  delta_q: 0.00606459  
INFO|2024-09-26 13:06:44: 	ZTest: PQ_Vm_rmse: 0.00045311  PQ_Va_rmse: 0.01579426  PV_Va_rmse: 0.01498900  delta_p: 0.03151192  delta_q: 0.00440646  
INFO|2024-09-26 13:06:44: 	ZTest-ema: PQ_Vm_rmse: 0.000280  PQ_Va_rmse: 0.009843  PV_Va_rmse: 0.009406  delta_p: 0.019494  delta_q: 0.002723  
INFO|2024-09-26 13:06:44: 	           ValOfEMA:0.009843/0.008965,  Epoch:20/18
INFO|2024-09-26 13:06:44: 	Time(ep):391s,  Val(curr/best):0.015794/0.009848,  Epoch(curr/best):20/18
INFO|2024-09-26 13:06:44: -------------------- Epoch: 21 --------------------
INFO|2024-09-26 13:07:18: Epoch[021/100], iter[040/392], loss_total:0.69658, loss_equ:1.03363 loss_pq_vm:0.00691 loss_pq_va:0.26644 loss_pv_va:0.25770
INFO|2024-09-26 13:07:50: Epoch[021/100], iter[079/392], loss_total:0.48460, loss_equ:1.09550 loss_pq_vm:0.00629 loss_pq_va:0.15736 loss_pv_va:0.15475
INFO|2024-09-26 13:08:21: Epoch[021/100], iter[118/392], loss_total:0.48966, loss_equ:0.99593 loss_pq_vm:0.00629 loss_pq_va:0.16661 loss_pv_va:0.16061
INFO|2024-09-26 13:08:53: Epoch[021/100], iter[157/392], loss_total:0.54098, loss_equ:1.07076 loss_pq_vm:0.01023 loss_pq_va:0.16796 loss_pv_va:0.16363
INFO|2024-09-26 13:09:24: Epoch[021/100], iter[196/392], loss_total:0.50921, loss_equ:1.08298 loss_pq_vm:0.00631 loss_pq_va:0.17029 loss_pv_va:0.16753
INFO|2024-09-26 13:09:56: Epoch[021/100], iter[235/392], loss_total:0.49464, loss_equ:0.97262 loss_pq_vm:0.00610 loss_pq_va:0.17095 loss_pv_va:0.16541
INFO|2024-09-26 13:10:28: Epoch[021/100], iter[274/392], loss_total:0.72878, loss_equ:1.22729 loss_pq_vm:0.01023 loss_pq_va:0.25375 loss_pv_va:0.24996
INFO|2024-09-26 13:10:59: Epoch[021/100], iter[313/392], loss_total:0.77641, loss_equ:1.38232 loss_pq_vm:0.01527 loss_pq_va:0.24860 loss_pv_va:0.23687
INFO|2024-09-26 13:11:31: Epoch[021/100], iter[352/392], loss_total:0.55600, loss_equ:1.36101 loss_pq_vm:0.00679 loss_pq_va:0.17770 loss_pv_va:0.17430
INFO|2024-09-26 13:12:03: Epoch[021/100], iter[392/392], loss_total:0.48917, loss_equ:1.00981 loss_pq_vm:0.00669 loss_pq_va:0.16226 loss_pv_va:0.15905
INFO|2024-09-26 13:13:16: Epoch 20/100, lr:  0.00089613, eta: 8.61h, train_loss:  0.58605, valid_loss:  0.54186
INFO|2024-09-26 13:13:16: 	Train: PQ_Vm_rmse: 0.00040748  PQ_Va_rmse: 0.01283386  PV_Va_rmse: 0.01250978  delta_p: 0.03273201  delta_q: 0.00508830  
INFO|2024-09-26 13:13:16: 	ZTest: PQ_Vm_rmse: 0.00030149  PQ_Va_rmse: 0.00878154  PV_Va_rmse: 0.00838275  delta_p: 0.03659826  delta_q: 0.00414976  
INFO|2024-09-26 13:13:16: 	ZTest-ema: PQ_Vm_rmse: 0.000298  PQ_Va_rmse: 0.009180  PV_Va_rmse: 0.008720  delta_p: 0.021430  delta_q: 0.002936  
INFO|2024-09-26 13:13:16: 	           ValOfEMA:0.009180/0.008965,  Epoch:21/18
INFO|2024-09-26 13:13:17: 	Time(ep):392s,  Val(curr/best):0.008782/0.008782,  Epoch(curr/best):21/21
INFO|2024-09-26 13:13:17: -------------------- Epoch: 22 --------------------
INFO|2024-09-26 13:13:51: Epoch[022/100], iter[040/392], loss_total:0.53768, loss_equ:0.95833 loss_pq_vm:0.00579 loss_pq_va:0.19422 loss_pv_va:0.18972
INFO|2024-09-26 13:14:23: Epoch[022/100], iter[079/392], loss_total:0.48538, loss_equ:1.00906 loss_pq_vm:0.00786 loss_pq_va:0.15495 loss_pv_va:0.15094
INFO|2024-09-26 13:14:54: Epoch[022/100], iter[118/392], loss_total:0.54691, loss_equ:1.14156 loss_pq_vm:0.00851 loss_pq_va:0.17531 loss_pv_va:0.17230
INFO|2024-09-26 13:15:26: Epoch[022/100], iter[157/392], loss_total:1.07765, loss_equ:1.46739 loss_pq_vm:0.01032 loss_pq_va:0.41843 loss_pv_va:0.40929
INFO|2024-09-26 13:15:57: Epoch[022/100], iter[196/392], loss_total:0.93451, loss_equ:1.99557 loss_pq_vm:0.01147 loss_pq_va:0.30907 loss_pv_va:0.31120
INFO|2024-09-26 13:16:29: Epoch[022/100], iter[235/392], loss_total:0.60602, loss_equ:1.20654 loss_pq_vm:0.00619 loss_pq_va:0.21170 loss_pv_va:0.21179
INFO|2024-09-26 13:17:01: Epoch[022/100], iter[274/392], loss_total:0.58842, loss_equ:1.06237 loss_pq_vm:0.00559 loss_pq_va:0.21369 loss_pv_va:0.21254
INFO|2024-09-26 13:17:32: Epoch[022/100], iter[313/392], loss_total:0.55047, loss_equ:1.11602 loss_pq_vm:0.00652 loss_pq_va:0.19220 loss_pv_va:0.18144
INFO|2024-09-26 13:18:04: Epoch[022/100], iter[352/392], loss_total:0.53794, loss_equ:0.98325 loss_pq_vm:0.00673 loss_pq_va:0.18732 loss_pv_va:0.18500
INFO|2024-09-26 13:18:37: Epoch[022/100], iter[392/392], loss_total:0.53330, loss_equ:1.07123 loss_pq_vm:0.00676 loss_pq_va:0.18143 loss_pv_va:0.17716
INFO|2024-09-26 13:19:49: Epoch 21/100, lr:  0.00088640, eta: 8.49h, train_loss:  0.59170, valid_loss:  0.66666
INFO|2024-09-26 13:19:49: 	Train: PQ_Vm_rmse: 0.00037088  PQ_Va_rmse: 0.01322769  PV_Va_rmse: 0.01288841  delta_p: 0.03511729  delta_q: 0.00517858  
INFO|2024-09-26 13:19:49: 	ZTest: PQ_Vm_rmse: 0.00053198  PQ_Va_rmse: 0.01535988  PV_Va_rmse: 0.01479735  delta_p: 0.03967588  delta_q: 0.00660311  
INFO|2024-09-26 13:19:49: 	ZTest-ema: PQ_Vm_rmse: 0.000245  PQ_Va_rmse: 0.008515  PV_Va_rmse: 0.008165  delta_p: 0.025039  delta_q: 0.003033  
INFO|2024-09-26 13:19:49: 	           ValOfEMA:0.008515/0.008515,  Epoch:22/22
INFO|2024-09-26 13:19:50: 	Time(ep):391s,  Val(curr/best):0.015360/0.008782,  Epoch(curr/best):22/21
INFO|2024-09-26 13:19:50: -------------------- Epoch: 23 --------------------
INFO|2024-09-26 13:20:23: Epoch[023/100], iter[040/392], loss_total:0.47026, loss_equ:0.94271 loss_pq_vm:0.00648 loss_pq_va:0.15839 loss_pv_va:0.15275
INFO|2024-09-26 13:20:55: Epoch[023/100], iter[079/392], loss_total:0.53980, loss_equ:1.18824 loss_pq_vm:0.00751 loss_pq_va:0.17231 loss_pv_va:0.17352
INFO|2024-09-26 13:21:26: Epoch[023/100], iter[118/392], loss_total:0.57530, loss_equ:1.27467 loss_pq_vm:0.00972 loss_pq_va:0.17861 loss_pv_va:0.17198
INFO|2024-09-26 13:21:57: Epoch[023/100], iter[157/392], loss_total:0.68486, loss_equ:1.17366 loss_pq_vm:0.00779 loss_pq_va:0.24600 loss_pv_va:0.24358
INFO|2024-09-26 13:22:29: Epoch[023/100], iter[196/392], loss_total:0.78476, loss_equ:1.28074 loss_pq_vm:0.00731 loss_pq_va:0.29139 loss_pv_va:0.29224
INFO|2024-09-26 13:23:00: Epoch[023/100], iter[235/392], loss_total:0.57385, loss_equ:1.19914 loss_pq_vm:0.00784 loss_pq_va:0.19199 loss_pv_va:0.18359
INFO|2024-09-26 13:23:32: Epoch[023/100], iter[274/392], loss_total:0.60921, loss_equ:1.25626 loss_pq_vm:0.00669 loss_pq_va:0.20435 loss_pv_va:0.21238
INFO|2024-09-26 13:24:03: Epoch[023/100], iter[313/392], loss_total:0.50889, loss_equ:1.01700 loss_pq_vm:0.00708 loss_pq_va:0.16945 loss_pv_va:0.16697
INFO|2024-09-26 13:24:35: Epoch[023/100], iter[352/392], loss_total:0.46923, loss_equ:0.97251 loss_pq_vm:0.00677 loss_pq_va:0.15424 loss_pv_va:0.15008
INFO|2024-09-26 13:25:07: Epoch[023/100], iter[392/392], loss_total:0.72620, loss_equ:1.64793 loss_pq_vm:0.00852 loss_pq_va:0.22993 loss_pv_va:0.24625
INFO|2024-09-26 13:26:20: Epoch 22/100, lr:  0.00087630, eta: 8.34h, train_loss:  0.57557, valid_loss:  0.83598
INFO|2024-09-26 13:26:20: 	Train: PQ_Vm_rmse: 0.00031373  PQ_Va_rmse: 0.01244681  PV_Va_rmse: 0.01219938  delta_p: 0.03909683  delta_q: 0.00531513  
INFO|2024-09-26 13:26:20: 	ZTest: PQ_Vm_rmse: 0.00042648  PQ_Va_rmse: 0.01628147  PV_Va_rmse: 0.01861734  delta_p: 0.06668432  delta_q: 0.00733688  
INFO|2024-09-26 13:26:20: 	ZTest-ema: PQ_Vm_rmse: 0.000254  PQ_Va_rmse: 0.008967  PV_Va_rmse: 0.008543  delta_p: 0.026963  delta_q: 0.003199  
INFO|2024-09-26 13:26:20: 	           ValOfEMA:0.008967/0.008515,  Epoch:23/22
INFO|2024-09-26 13:26:20: 	Time(ep):390s,  Val(curr/best):0.018617/0.008782,  Epoch(curr/best):23/21
INFO|2024-09-26 13:26:20: -------------------- Epoch: 24 --------------------
INFO|2024-09-26 13:26:54: Epoch[024/100], iter[040/392], loss_total:0.60978, loss_equ:1.38577 loss_pq_vm:0.00855 loss_pq_va:0.19326 loss_pv_va:0.19240
INFO|2024-09-26 13:27:26: Epoch[024/100], iter[079/392], loss_total:0.53339, loss_equ:1.12869 loss_pq_vm:0.00667 loss_pq_va:0.17963 loss_pv_va:0.17415
INFO|2024-09-26 13:27:57: Epoch[024/100], iter[118/392], loss_total:0.43032, loss_equ:0.97181 loss_pq_vm:0.00491 loss_pq_va:0.14291 loss_pv_va:0.14117
INFO|2024-09-26 13:28:29: Epoch[024/100], iter[157/392], loss_total:0.54704, loss_equ:1.10011 loss_pq_vm:0.00681 loss_pq_va:0.18712 loss_pv_va:0.18179
INFO|2024-09-26 13:29:01: Epoch[024/100], iter[196/392], loss_total:0.72106, loss_equ:1.30858 loss_pq_vm:0.01047 loss_pq_va:0.24709 loss_pv_va:0.23846
INFO|2024-09-26 13:29:32: Epoch[024/100], iter[235/392], loss_total:0.49422, loss_equ:0.97549 loss_pq_vm:0.00614 loss_pq_va:0.16825 loss_pv_va:0.16700
INFO|2024-09-26 13:30:03: Epoch[024/100], iter[274/392], loss_total:0.49396, loss_equ:1.00017 loss_pq_vm:0.00630 loss_pq_va:0.16694 loss_pv_va:0.16398
INFO|2024-09-26 13:30:35: Epoch[024/100], iter[313/392], loss_total:0.45990, loss_equ:0.95879 loss_pq_vm:0.00644 loss_pq_va:0.15124 loss_pv_va:0.14835
INFO|2024-09-26 13:31:06: Epoch[024/100], iter[352/392], loss_total:0.43904, loss_equ:0.94588 loss_pq_vm:0.00520 loss_pq_va:0.14865 loss_pv_va:0.14383
INFO|2024-09-26 13:31:39: Epoch[024/100], iter[392/392], loss_total:0.49424, loss_equ:1.05658 loss_pq_vm:0.00596 loss_pq_va:0.16295 loss_pv_va:0.16601
INFO|2024-09-26 13:32:52: Epoch 23/100, lr:  0.00086584, eta: 8.26h, train_loss:  0.55798, valid_loss:  0.51640
INFO|2024-09-26 13:32:52: 	Train: PQ_Vm_rmse: 0.00031927  PQ_Va_rmse: 0.01085731  PV_Va_rmse: 0.01080674  delta_p: 0.03333673  delta_q: 0.00526985  
INFO|2024-09-26 13:32:52: 	ZTest: PQ_Vm_rmse: 0.00031780  PQ_Va_rmse: 0.00898485  PV_Va_rmse: 0.00917549  delta_p: 0.03126230  delta_q: 0.00515566  
INFO|2024-09-26 13:32:52: 	ZTest-ema: PQ_Vm_rmse: 0.000246  PQ_Va_rmse: 0.008342  PV_Va_rmse: 0.007989  delta_p: 0.018370  delta_q: 0.002591  
INFO|2024-09-26 13:32:52: 	           ValOfEMA:0.008342/0.008342,  Epoch:24/24
INFO|2024-09-26 13:32:52: 	Time(ep):391s,  Val(curr/best):0.009175/0.008782,  Epoch(curr/best):24/21
INFO|2024-09-26 13:32:52: -------------------- Epoch: 25 --------------------
INFO|2024-09-26 13:33:26: Epoch[025/100], iter[040/392], loss_total:0.47713, loss_equ:0.95165 loss_pq_vm:0.00617 loss_pq_va:0.16186 loss_pv_va:0.15844
INFO|2024-09-26 13:33:57: Epoch[025/100], iter[079/392], loss_total:0.45365, loss_equ:0.91278 loss_pq_vm:0.00526 loss_pq_va:0.15704 loss_pv_va:0.15274
INFO|2024-09-26 13:34:29: Epoch[025/100], iter[118/392], loss_total:0.51852, loss_equ:0.95621 loss_pq_vm:0.00681 loss_pq_va:0.18029 loss_pv_va:0.17453
INFO|2024-09-26 13:35:00: Epoch[025/100], iter[157/392], loss_total:0.47677, loss_equ:0.91116 loss_pq_vm:0.00693 loss_pq_va:0.16119 loss_pv_va:0.15516
INFO|2024-09-26 13:35:31: Epoch[025/100], iter[196/392], loss_total:0.47474, loss_equ:1.08413 loss_pq_vm:0.00762 loss_pq_va:0.14797 loss_pv_va:0.14219
INFO|2024-09-26 13:36:03: Epoch[025/100], iter[235/392], loss_total:0.51140, loss_equ:1.10996 loss_pq_vm:0.00555 loss_pq_va:0.17801 loss_pv_va:0.16689
INFO|2024-09-26 13:36:35: Epoch[025/100], iter[274/392], loss_total:0.84858, loss_equ:1.95952 loss_pq_vm:0.01292 loss_pq_va:0.26612 loss_pv_va:0.25729
INFO|2024-09-26 13:37:07: Epoch[025/100], iter[313/392], loss_total:0.51460, loss_equ:1.08755 loss_pq_vm:0.00771 loss_pq_va:0.16728 loss_pv_va:0.16147
INFO|2024-09-26 13:37:38: Epoch[025/100], iter[352/392], loss_total:0.47309, loss_equ:0.95621 loss_pq_vm:0.00848 loss_pq_va:0.14880 loss_pv_va:0.14382
INFO|2024-09-26 13:38:11: Epoch[025/100], iter[392/392], loss_total:0.45418, loss_equ:0.95176 loss_pq_vm:0.00641 loss_pq_va:0.14836 loss_pv_va:0.14651
INFO|2024-09-26 13:39:24: Epoch 24/100, lr:  0.00085502, eta: 8.16h, train_loss:  0.54057, valid_loss:  0.52633
INFO|2024-09-26 13:39:24: 	Train: PQ_Vm_rmse: 0.00035703  PQ_Va_rmse: 0.01118411  PV_Va_rmse: 0.01078852  delta_p: 0.03169240  delta_q: 0.00509095  
INFO|2024-09-26 13:39:24: 	ZTest: PQ_Vm_rmse: 0.00040645  PQ_Va_rmse: 0.00847854  PV_Va_rmse: 0.00819574  delta_p: 0.01950250  delta_q: 0.00573326  
INFO|2024-09-26 13:39:24: 	ZTest-ema: PQ_Vm_rmse: 0.000228  PQ_Va_rmse: 0.007822  PV_Va_rmse: 0.007446  delta_p: 0.016465  delta_q: 0.002235  
INFO|2024-09-26 13:39:24: 	           ValOfEMA:0.007822/0.007822,  Epoch:25/25
INFO|2024-09-26 13:39:25: 	Time(ep):391s,  Val(curr/best):0.008479/0.008479,  Epoch(curr/best):25/25
INFO|2024-09-26 13:39:25: -------------------- Epoch: 26 --------------------
INFO|2024-09-26 13:39:59: Epoch[026/100], iter[040/392], loss_total:0.60134, loss_equ:0.95692 loss_pq_vm:0.00552 loss_pq_va:0.23047 loss_pv_va:0.21995
INFO|2024-09-26 13:40:31: Epoch[026/100], iter[079/392], loss_total:0.64795, loss_equ:1.03433 loss_pq_vm:0.00871 loss_pq_va:0.23051 loss_pv_va:0.22693
INFO|2024-09-26 13:41:03: Epoch[026/100], iter[118/392], loss_total:0.56902, loss_equ:1.06360 loss_pq_vm:0.00782 loss_pq_va:0.19578 loss_pv_va:0.18871
INFO|2024-09-26 13:41:34: Epoch[026/100], iter[157/392], loss_total:1.00237, loss_equ:1.50938 loss_pq_vm:0.00846 loss_pq_va:0.38362 loss_pv_va:0.38320
INFO|2024-09-26 13:42:06: Epoch[026/100], iter[196/392], loss_total:0.57269, loss_equ:1.43344 loss_pq_vm:0.00872 loss_pq_va:0.17415 loss_pv_va:0.16803
INFO|2024-09-26 13:42:38: Epoch[026/100], iter[235/392], loss_total:0.44019, loss_equ:0.94726 loss_pq_vm:0.00531 loss_pq_va:0.14836 loss_pv_va:0.14398
INFO|2024-09-26 13:43:09: Epoch[026/100], iter[274/392], loss_total:0.61373, loss_equ:1.09503 loss_pq_vm:0.00701 loss_pq_va:0.21926 loss_pv_va:0.21486
INFO|2024-09-26 13:43:41: Epoch[026/100], iter[313/392], loss_total:0.53846, loss_equ:1.13464 loss_pq_vm:0.01057 loss_pq_va:0.16194 loss_pv_va:0.15737
INFO|2024-09-26 13:44:12: Epoch[026/100], iter[352/392], loss_total:0.51078, loss_equ:1.10235 loss_pq_vm:0.00974 loss_pq_va:0.15401 loss_pv_va:0.14915
INFO|2024-09-26 13:44:44: Epoch[026/100], iter[392/392], loss_total:0.46338, loss_equ:0.94138 loss_pq_vm:0.00596 loss_pq_va:0.15858 loss_pv_va:0.15106
INFO|2024-09-26 13:45:57: Epoch 25/100, lr:  0.00084385, eta: 8.06h, train_loss:  0.56687, valid_loss:  0.50224
INFO|2024-09-26 13:45:57: 	Train: PQ_Vm_rmse: 0.00029979  PQ_Va_rmse: 0.01305558  PV_Va_rmse: 0.01274158  delta_p: 0.03316544  delta_q: 0.00471998  
INFO|2024-09-26 13:45:57: 	ZTest: PQ_Vm_rmse: 0.00032733  PQ_Va_rmse: 0.00806316  PV_Va_rmse: 0.00763897  delta_p: 0.02465449  delta_q: 0.00354254  
INFO|2024-09-26 13:45:58: 	ZTest-ema: PQ_Vm_rmse: 0.000237  PQ_Va_rmse: 0.008263  PV_Va_rmse: 0.007887  delta_p: 0.016528  delta_q: 0.002296  
INFO|2024-09-26 13:45:58: 	           ValOfEMA:0.008263/0.007822,  Epoch:26/25
INFO|2024-09-26 13:45:58: 	Time(ep):392s,  Val(curr/best):0.008063/0.008063,  Epoch(curr/best):26/26
INFO|2024-09-26 13:45:58: -------------------- Epoch: 27 --------------------
INFO|2024-09-26 13:46:32: Epoch[027/100], iter[040/392], loss_total:0.53399, loss_equ:0.94994 loss_pq_vm:0.00601 loss_pq_va:0.19210 loss_pv_va:0.18683
INFO|2024-09-26 13:47:04: Epoch[027/100], iter[079/392], loss_total:0.47089, loss_equ:0.96064 loss_pq_vm:0.00697 loss_pq_va:0.15510 loss_pv_va:0.15001
INFO|2024-09-26 13:47:35: Epoch[027/100], iter[118/392], loss_total:0.41481, loss_equ:0.86647 loss_pq_vm:0.00576 loss_pq_va:0.13772 loss_pv_va:0.13287
INFO|2024-09-26 13:48:07: Epoch[027/100], iter[157/392], loss_total:0.43741, loss_equ:0.89544 loss_pq_vm:0.00606 loss_pq_va:0.14618 loss_pv_va:0.14104
INFO|2024-09-26 13:48:39: Epoch[027/100], iter[196/392], loss_total:0.44887, loss_equ:0.94289 loss_pq_vm:0.00540 loss_pq_va:0.15361 loss_pv_va:0.14701
INFO|2024-09-26 13:49:10: Epoch[027/100], iter[235/392], loss_total:0.55869, loss_equ:0.99561 loss_pq_vm:0.00659 loss_pq_va:0.20088 loss_pv_va:0.19232
INFO|2024-09-26 13:49:42: Epoch[027/100], iter[274/392], loss_total:0.49459, loss_equ:0.91308 loss_pq_vm:0.00510 loss_pq_va:0.17815 loss_pv_va:0.17410
INFO|2024-09-26 13:50:13: Epoch[027/100], iter[313/392], loss_total:0.45414, loss_equ:0.84479 loss_pq_vm:0.00477 loss_pq_va:0.16381 loss_pv_va:0.15812
INFO|2024-09-26 13:50:44: Epoch[027/100], iter[352/392], loss_total:0.47324, loss_equ:0.86653 loss_pq_vm:0.00573 loss_pq_va:0.16767 loss_pv_va:0.16159
INFO|2024-09-26 13:51:17: Epoch[027/100], iter[392/392], loss_total:0.69413, loss_equ:1.44394 loss_pq_vm:0.01788 loss_pq_va:0.18835 loss_pv_va:0.18259
INFO|2024-09-26 13:52:29: Epoch 26/100, lr:  0.00083235, eta: 7.93h, train_loss:  0.50733, valid_loss:  0.84452
INFO|2024-09-26 13:52:29: 	Train: PQ_Vm_rmse: 0.00026810  PQ_Va_rmse: 0.01008427  PV_Va_rmse: 0.00979763  delta_p: 0.02419924  delta_q: 0.00381572  
INFO|2024-09-26 13:52:29: 	ZTest: PQ_Vm_rmse: 0.00106251  PQ_Va_rmse: 0.01845886  PV_Va_rmse: 0.01742277  delta_p: 0.04540336  delta_q: 0.00992710  
INFO|2024-09-26 13:52:29: 	ZTest-ema: PQ_Vm_rmse: 0.000232  PQ_Va_rmse: 0.007672  PV_Va_rmse: 0.007293  delta_p: 0.016175  delta_q: 0.002317  
INFO|2024-09-26 13:52:29: 	           ValOfEMA:0.007672/0.007672,  Epoch:27/27
INFO|2024-09-26 13:52:30: 	Time(ep):391s,  Val(curr/best):0.018459/0.008063,  Epoch(curr/best):27/26
INFO|2024-09-26 13:52:30: -------------------- Epoch: 28 --------------------
INFO|2024-09-26 13:53:04: Epoch[028/100], iter[040/392], loss_total:0.48076, loss_equ:1.02206 loss_pq_vm:0.00545 loss_pq_va:0.16350 loss_pv_va:0.16058
INFO|2024-09-26 13:53:35: Epoch[028/100], iter[079/392], loss_total:0.68488, loss_equ:1.37223 loss_pq_vm:0.01064 loss_pq_va:0.21859 loss_pv_va:0.22263
INFO|2024-09-26 13:54:07: Epoch[028/100], iter[118/392], loss_total:0.54961, loss_equ:1.48458 loss_pq_vm:0.00628 loss_pq_va:0.17381 loss_pv_va:0.16451
INFO|2024-09-26 13:54:39: Epoch[028/100], iter[157/392], loss_total:0.48413, loss_equ:0.95033 loss_pq_vm:0.00635 loss_pq_va:0.16550 loss_pv_va:0.16006
INFO|2024-09-26 13:55:11: Epoch[028/100], iter[196/392], loss_total:0.42307, loss_equ:0.84402 loss_pq_vm:0.00542 loss_pq_va:0.14435 loss_pv_va:0.14009
INFO|2024-09-26 13:55:42: Epoch[028/100], iter[235/392], loss_total:0.48494, loss_equ:0.91674 loss_pq_vm:0.00958 loss_pq_va:0.15070 loss_pv_va:0.14679
INFO|2024-09-26 13:56:14: Epoch[028/100], iter[274/392], loss_total:0.49514, loss_equ:1.18000 loss_pq_vm:0.00674 loss_pq_va:0.15820 loss_pv_va:0.15158
INFO|2024-09-26 13:56:46: Epoch[028/100], iter[313/392], loss_total:0.45216, loss_equ:1.04445 loss_pq_vm:0.00625 loss_pq_va:0.14259 loss_pv_va:0.14258
INFO|2024-09-26 13:57:17: Epoch[028/100], iter[352/392], loss_total:0.44419, loss_equ:0.86437 loss_pq_vm:0.00494 loss_pq_va:0.15643 loss_pv_va:0.15197
INFO|2024-09-26 13:57:50: Epoch[028/100], iter[392/392], loss_total:0.67822, loss_equ:1.25529 loss_pq_vm:0.01448 loss_pq_va:0.20676 loss_pv_va:0.20110
INFO|2024-09-26 13:59:03: Epoch 27/100, lr:  0.00082052, eta: 7.86h, train_loss:  0.49257, valid_loss:  0.69654
INFO|2024-09-26 13:59:03: 	Train: PQ_Vm_rmse: 0.00027478  PQ_Va_rmse: 0.00877572  PV_Va_rmse: 0.00854789  delta_p: 0.02439964  delta_q: 0.00393966  
INFO|2024-09-26 13:59:03: 	ZTest: PQ_Vm_rmse: 0.00075464  PQ_Va_rmse: 0.01818160  PV_Va_rmse: 0.01750605  delta_p: 0.03078988  delta_q: 0.00786832  
INFO|2024-09-26 13:59:03: 	ZTest-ema: PQ_Vm_rmse: 0.000220  PQ_Va_rmse: 0.007381  PV_Va_rmse: 0.007005  delta_p: 0.015750  delta_q: 0.002202  
INFO|2024-09-26 13:59:03: 	           ValOfEMA:0.007381/0.007381,  Epoch:28/28
INFO|2024-09-26 13:59:03: 	Time(ep):392s,  Val(curr/best):0.018182/0.008063,  Epoch(curr/best):28/26
INFO|2024-09-26 13:59:03: -------------------- Epoch: 29 --------------------
INFO|2024-09-26 13:59:37: Epoch[029/100], iter[040/392], loss_total:0.52016, loss_equ:1.05017 loss_pq_vm:0.00665 loss_pq_va:0.17729 loss_pv_va:0.17135
INFO|2024-09-26 14:00:09: Epoch[029/100], iter[079/392], loss_total:0.54172, loss_equ:1.08818 loss_pq_vm:0.00679 loss_pq_va:0.18438 loss_pv_va:0.18060
INFO|2024-09-26 14:00:40: Epoch[029/100], iter[118/392], loss_total:0.44515, loss_equ:0.84887 loss_pq_vm:0.00537 loss_pq_va:0.15623 loss_pv_va:0.15034
INFO|2024-09-26 14:01:12: Epoch[029/100], iter[157/392], loss_total:0.45118, loss_equ:0.95215 loss_pq_vm:0.00534 loss_pq_va:0.15407 loss_pv_va:0.14853
INFO|2024-09-26 14:01:44: Epoch[029/100], iter[196/392], loss_total:0.43655, loss_equ:0.90097 loss_pq_vm:0.00584 loss_pq_va:0.14669 loss_pv_va:0.14133
INFO|2024-09-26 14:02:16: Epoch[029/100], iter[235/392], loss_total:0.52767, loss_equ:0.96024 loss_pq_vm:0.00728 loss_pq_va:0.18055 loss_pv_va:0.17825
INFO|2024-09-26 14:02:47: Epoch[029/100], iter[274/392], loss_total:0.42836, loss_equ:0.84959 loss_pq_vm:0.00469 loss_pq_va:0.14977 loss_pv_va:0.14669
INFO|2024-09-26 14:03:19: Epoch[029/100], iter[313/392], loss_total:0.46018, loss_equ:0.94865 loss_pq_vm:0.00739 loss_pq_va:0.14838 loss_pv_va:0.14300
INFO|2024-09-26 14:03:51: Epoch[029/100], iter[352/392], loss_total:0.42103, loss_equ:0.92796 loss_pq_vm:0.00561 loss_pq_va:0.13792 loss_pv_va:0.13423
INFO|2024-09-26 14:04:23: Epoch[029/100], iter[392/392], loss_total:0.44372, loss_equ:0.93125 loss_pq_vm:0.00772 loss_pq_va:0.13904 loss_pv_va:0.13431
INFO|2024-09-26 14:05:36: Epoch 28/100, lr:  0.00080839, eta: 7.74h, train_loss:  0.49015, valid_loss:  0.53304
INFO|2024-09-26 14:05:36: 	Train: PQ_Vm_rmse: 0.00025190  PQ_Va_rmse: 0.00887772  PV_Va_rmse: 0.00867803  delta_p: 0.02568605  delta_q: 0.00371596  
INFO|2024-09-26 14:05:36: 	ZTest: PQ_Vm_rmse: 0.00057079  PQ_Va_rmse: 0.00936755  PV_Va_rmse: 0.00890425  delta_p: 0.02841387  delta_q: 0.00472180  
INFO|2024-09-26 14:05:36: 	ZTest-ema: PQ_Vm_rmse: 0.000208  PQ_Va_rmse: 0.007022  PV_Va_rmse: 0.006691  delta_p: 0.014527  delta_q: 0.002045  
INFO|2024-09-26 14:05:36: 	           ValOfEMA:0.007022/0.007022,  Epoch:29/29
INFO|2024-09-26 14:05:36: 	Time(ep):392s,  Val(curr/best):0.009368/0.008063,  Epoch(curr/best):29/26
INFO|2024-09-26 14:05:36: -------------------- Epoch: 30 --------------------
INFO|2024-09-26 14:06:10: Epoch[030/100], iter[040/392], loss_total:0.58087, loss_equ:0.94974 loss_pq_vm:0.00557 loss_pq_va:0.21905 loss_pv_va:0.21119
INFO|2024-09-26 14:06:42: Epoch[030/100], iter[079/392], loss_total:0.43444, loss_equ:0.81039 loss_pq_vm:0.00522 loss_pq_va:0.15249 loss_pv_va:0.14876
INFO|2024-09-26 14:07:13: Epoch[030/100], iter[118/392], loss_total:0.51062, loss_equ:0.94107 loss_pq_vm:0.00595 loss_pq_va:0.18175 loss_pv_va:0.17526
INFO|2024-09-26 14:07:45: Epoch[030/100], iter[157/392], loss_total:0.45072, loss_equ:0.88706 loss_pq_vm:0.00531 loss_pq_va:0.15586 loss_pv_va:0.15302
INFO|2024-09-26 14:08:16: Epoch[030/100], iter[196/392], loss_total:0.41416, loss_equ:0.84808 loss_pq_vm:0.00691 loss_pq_va:0.13204 loss_pv_va:0.12823
INFO|2024-09-26 14:08:48: Epoch[030/100], iter[235/392], loss_total:0.49900, loss_equ:1.26366 loss_pq_vm:0.00627 loss_pq_va:0.15996 loss_pv_va:0.15002
INFO|2024-09-26 14:09:20: Epoch[030/100], iter[274/392], loss_total:0.43170, loss_equ:0.85088 loss_pq_vm:0.00661 loss_pq_va:0.14242 loss_pv_va:0.13811
INFO|2024-09-26 14:09:51: Epoch[030/100], iter[313/392], loss_total:0.41196, loss_equ:0.82340 loss_pq_vm:0.00466 loss_pq_va:0.14338 loss_pv_va:0.13966
INFO|2024-09-26 14:10:23: Epoch[030/100], iter[352/392], loss_total:0.41160, loss_equ:0.81987 loss_pq_vm:0.00534 loss_pq_va:0.14035 loss_pv_va:0.13587
INFO|2024-09-26 14:10:55: Epoch[030/100], iter[392/392], loss_total:0.50463, loss_equ:1.02742 loss_pq_vm:0.00869 loss_pq_va:0.16141 loss_pv_va:0.15360
INFO|2024-09-26 14:12:08: Epoch 29/100, lr:  0.00079595, eta: 7.62h, train_loss:  0.47030, valid_loss:  0.56039
INFO|2024-09-26 14:12:08: 	Train: PQ_Vm_rmse: 0.00022567  PQ_Va_rmse: 0.00867088  PV_Va_rmse: 0.00851284  delta_p: 0.02066090  delta_q: 0.00325567  
INFO|2024-09-26 14:12:08: 	ZTest: PQ_Vm_rmse: 0.00035844  PQ_Va_rmse: 0.01028515  PV_Va_rmse: 0.01031460  delta_p: 0.02778783  delta_q: 0.00605046  
INFO|2024-09-26 14:12:08: 	ZTest-ema: PQ_Vm_rmse: 0.000206  PQ_Va_rmse: 0.007143  PV_Va_rmse: 0.006791  delta_p: 0.013726  delta_q: 0.002023  
INFO|2024-09-26 14:12:08: 	           ValOfEMA:0.007143/0.007022,  Epoch:30/29
INFO|2024-09-26 14:12:08: 	Time(ep):391s,  Val(curr/best):0.010315/0.008063,  Epoch(curr/best):30/26
INFO|2024-09-26 14:12:08: -------------------- Epoch: 31 --------------------
INFO|2024-09-26 14:12:43: Epoch[031/100], iter[040/392], loss_total:0.50467, loss_equ:0.88984 loss_pq_vm:0.00883 loss_pq_va:0.16451 loss_pv_va:0.16284
INFO|2024-09-26 14:13:14: Epoch[031/100], iter[079/392], loss_total:0.48833, loss_equ:0.99424 loss_pq_vm:0.00806 loss_pq_va:0.15746 loss_pv_va:0.15081
INFO|2024-09-26 14:13:46: Epoch[031/100], iter[118/392], loss_total:0.53170, loss_equ:1.16406 loss_pq_vm:0.01076 loss_pq_va:0.15792 loss_pv_va:0.14978
INFO|2024-09-26 14:14:18: Epoch[031/100], iter[157/392], loss_total:0.50210, loss_equ:0.91050 loss_pq_vm:0.00506 loss_pq_va:0.18277 loss_pv_va:0.17765
INFO|2024-09-26 14:14:49: Epoch[031/100], iter[196/392], loss_total:0.41353, loss_equ:0.82908 loss_pq_vm:0.00512 loss_pq_va:0.14278 loss_pv_va:0.13662
INFO|2024-09-26 14:15:21: Epoch[031/100], iter[235/392], loss_total:0.41432, loss_equ:0.80686 loss_pq_vm:0.00526 loss_pq_va:0.14297 loss_pv_va:0.13809
INFO|2024-09-26 14:15:53: Epoch[031/100], iter[274/392], loss_total:0.47435, loss_equ:1.02061 loss_pq_vm:0.00790 loss_pq_va:0.14844 loss_pv_va:0.14481
INFO|2024-09-26 14:16:24: Epoch[031/100], iter[313/392], loss_total:0.52618, loss_equ:1.06149 loss_pq_vm:0.00884 loss_pq_va:0.16651 loss_pv_va:0.16517
INFO|2024-09-26 14:16:56: Epoch[031/100], iter[352/392], loss_total:0.53567, loss_equ:1.20869 loss_pq_vm:0.00644 loss_pq_va:0.18050 loss_pv_va:0.16991
INFO|2024-09-26 14:17:28: Epoch[031/100], iter[392/392], loss_total:0.55450, loss_equ:1.02023 loss_pq_vm:0.00533 loss_pq_va:0.20128 loss_pv_va:0.19789
INFO|2024-09-26 14:18:41: Epoch 30/100, lr:  0.00078323, eta: 7.52h, train_loss:  0.52419, valid_loss:  0.52946
INFO|2024-09-26 14:18:41: 	Train: PQ_Vm_rmse: 0.00030439  PQ_Va_rmse: 0.01059256  PV_Va_rmse: 0.01026527  delta_p: 0.02696287  delta_q: 0.00430053  
INFO|2024-09-26 14:18:41: 	ZTest: PQ_Vm_rmse: 0.00027754  PQ_Va_rmse: 0.00948426  PV_Va_rmse: 0.00916118  delta_p: 0.02806821  delta_q: 0.00414958  
INFO|2024-09-26 14:18:41: 	ZTest-ema: PQ_Vm_rmse: 0.000218  PQ_Va_rmse: 0.007409  PV_Va_rmse: 0.007053  delta_p: 0.014063  delta_q: 0.002032  
INFO|2024-09-26 14:18:41: 	           ValOfEMA:0.007409/0.007022,  Epoch:31/29
INFO|2024-09-26 14:18:41: 	Time(ep):392s,  Val(curr/best):0.009484/0.008063,  Epoch(curr/best):31/26
INFO|2024-09-26 14:18:41: -------------------- Epoch: 32 --------------------
INFO|2024-09-26 14:19:15: Epoch[032/100], iter[040/392], loss_total:0.48636, loss_equ:1.06965 loss_pq_vm:0.00647 loss_pq_va:0.15297 loss_pv_va:0.16171
INFO|2024-09-26 14:19:46: Epoch[032/100], iter[079/392], loss_total:0.41753, loss_equ:0.86522 loss_pq_vm:0.00555 loss_pq_va:0.14009 loss_pv_va:0.13538
INFO|2024-09-26 14:20:18: Epoch[032/100], iter[118/392], loss_total:0.37819, loss_equ:0.77479 loss_pq_vm:0.00478 loss_pq_va:0.12822 loss_pv_va:0.12472
INFO|2024-09-26 14:20:49: Epoch[032/100], iter[157/392], loss_total:0.39319, loss_equ:0.79605 loss_pq_vm:0.00488 loss_pq_va:0.13458 loss_pv_va:0.13020
INFO|2024-09-26 14:21:21: Epoch[032/100], iter[196/392], loss_total:0.38375, loss_equ:0.76752 loss_pq_vm:0.00499 loss_pq_va:0.13054 loss_pv_va:0.12660
INFO|2024-09-26 14:21:53: Epoch[032/100], iter[235/392], loss_total:0.39429, loss_equ:0.78522 loss_pq_vm:0.00463 loss_pq_va:0.13748 loss_pv_va:0.13204
INFO|2024-09-26 14:22:25: Epoch[032/100], iter[274/392], loss_total:0.50829, loss_equ:1.08983 loss_pq_vm:0.00631 loss_pq_va:0.16891 loss_pv_va:0.16729
INFO|2024-09-26 14:22:57: Epoch[032/100], iter[313/392], loss_total:0.55418, loss_equ:0.95331 loss_pq_vm:0.00959 loss_pq_va:0.18420 loss_pv_va:0.17878
INFO|2024-09-26 14:23:29: Epoch[032/100], iter[352/392], loss_total:0.52257, loss_equ:1.31226 loss_pq_vm:0.00714 loss_pq_va:0.16177 loss_pv_va:0.15818
INFO|2024-09-26 14:24:01: Epoch[032/100], iter[392/392], loss_total:0.68865, loss_equ:1.12767 loss_pq_vm:0.01260 loss_pq_va:0.22661 loss_pv_va:0.22324
INFO|2024-09-26 14:25:14: Epoch 31/100, lr:  0.00077023, eta: 7.42h, train_loss:  0.47851, valid_loss:  0.80133
INFO|2024-09-26 14:25:14: 	Train: PQ_Vm_rmse: 0.00027171  PQ_Va_rmse: 0.00805932  PV_Va_rmse: 0.00795590  delta_p: 0.02262176  delta_q: 0.00369230  
INFO|2024-09-26 14:25:14: 	ZTest: PQ_Vm_rmse: 0.00100316  PQ_Va_rmse: 0.02610671  PV_Va_rmse: 0.02534869  delta_p: 0.04197049  delta_q: 0.00806840  
INFO|2024-09-26 14:25:14: 	ZTest-ema: PQ_Vm_rmse: 0.000223  PQ_Va_rmse: 0.007462  PV_Va_rmse: 0.007149  delta_p: 0.017759  delta_q: 0.002292  
INFO|2024-09-26 14:25:14: 	           ValOfEMA:0.007462/0.007022,  Epoch:32/29
INFO|2024-09-26 14:25:15: 	Time(ep):392s,  Val(curr/best):0.026107/0.008063,  Epoch(curr/best):32/26
INFO|2024-09-26 14:25:15: -------------------- Epoch: 33 --------------------
INFO|2024-09-26 14:25:49: Epoch[033/100], iter[040/392], loss_total:0.74231, loss_equ:1.20134 loss_pq_vm:0.01500 loss_pq_va:0.23761 loss_pv_va:0.23453
INFO|2024-09-26 14:26:20: Epoch[033/100], iter[079/392], loss_total:0.77781, loss_equ:1.12645 loss_pq_vm:0.01535 loss_pq_va:0.25719 loss_pv_va:0.25446
INFO|2024-09-26 14:26:52: Epoch[033/100], iter[118/392], loss_total:0.52666, loss_equ:0.83391 loss_pq_vm:0.00771 loss_pq_va:0.18414 loss_pv_va:0.18204
INFO|2024-09-26 14:27:24: Epoch[033/100], iter[157/392], loss_total:0.53474, loss_equ:0.91844 loss_pq_vm:0.00681 loss_pq_va:0.18865 loss_pv_va:0.18612
INFO|2024-09-26 14:27:55: Epoch[033/100], iter[196/392], loss_total:0.42412, loss_equ:0.78263 loss_pq_vm:0.00656 loss_pq_va:0.14300 loss_pv_va:0.13725
INFO|2024-09-26 14:28:27: Epoch[033/100], iter[235/392], loss_total:0.44493, loss_equ:0.88900 loss_pq_vm:0.00758 loss_pq_va:0.14105 loss_pv_va:0.13917
INFO|2024-09-26 14:28:59: Epoch[033/100], iter[274/392], loss_total:0.47794, loss_equ:0.85367 loss_pq_vm:0.00612 loss_pq_va:0.16664 loss_pv_va:0.16470
INFO|2024-09-26 14:29:30: Epoch[033/100], iter[313/392], loss_total:0.40603, loss_equ:0.82268 loss_pq_vm:0.00567 loss_pq_va:0.13532 loss_pv_va:0.13179
INFO|2024-09-26 14:30:02: Epoch[033/100], iter[352/392], loss_total:0.41078, loss_equ:0.75170 loss_pq_vm:0.00459 loss_pq_va:0.14680 loss_pv_va:0.14291
INFO|2024-09-26 14:30:34: Epoch[033/100], iter[392/392], loss_total:0.46839, loss_equ:0.76820 loss_pq_vm:0.00457 loss_pq_va:0.17373 loss_pv_va:0.17217
INFO|2024-09-26 14:31:47: Epoch 32/100, lr:  0.00075698, eta: 7.31h, train_loss:  0.54135, valid_loss:  0.48299
INFO|2024-09-26 14:31:47: 	Train: PQ_Vm_rmse: 0.00055236  PQ_Va_rmse: 0.01278797  PV_Va_rmse: 0.01258477  delta_p: 0.02598206  delta_q: 0.00613235  
INFO|2024-09-26 14:31:47: 	ZTest: PQ_Vm_rmse: 0.00023844  PQ_Va_rmse: 0.00990413  PV_Va_rmse: 0.00988407  delta_p: 0.01649164  delta_q: 0.00286454  
INFO|2024-09-26 14:31:47: 	ZTest-ema: PQ_Vm_rmse: 0.000214  PQ_Va_rmse: 0.007452  PV_Va_rmse: 0.007113  delta_p: 0.014180  delta_q: 0.001935  
INFO|2024-09-26 14:31:47: 	           ValOfEMA:0.007452/0.007022,  Epoch:33/29
INFO|2024-09-26 14:31:48: 	Time(ep):392s,  Val(curr/best):0.009904/0.008063,  Epoch(curr/best):33/26
INFO|2024-09-26 14:31:48: -------------------- Epoch: 34 --------------------
INFO|2024-09-26 14:32:22: Epoch[034/100], iter[040/392], loss_total:0.53759, loss_equ:0.92748 loss_pq_vm:0.00878 loss_pq_va:0.18027 loss_pv_va:0.17672
INFO|2024-09-26 14:32:53: Epoch[034/100], iter[079/392], loss_total:0.46931, loss_equ:0.91089 loss_pq_vm:0.00633 loss_pq_va:0.15952 loss_pv_va:0.15538
INFO|2024-09-26 14:33:25: Epoch[034/100], iter[118/392], loss_total:0.41998, loss_equ:0.75689 loss_pq_vm:0.00482 loss_pq_va:0.15022 loss_pv_va:0.14591
INFO|2024-09-26 14:33:56: Epoch[034/100], iter[157/392], loss_total:0.42628, loss_equ:0.86117 loss_pq_vm:0.00631 loss_pq_va:0.14043 loss_pv_va:0.13662
INFO|2024-09-26 14:34:28: Epoch[034/100], iter[196/392], loss_total:0.43348, loss_equ:0.77734 loss_pq_vm:0.00489 loss_pq_va:0.15579 loss_pv_va:0.15107
INFO|2024-09-26 14:34:59: Epoch[034/100], iter[235/392], loss_total:0.73499, loss_equ:1.49864 loss_pq_vm:0.01138 loss_pq_va:0.24206 loss_pv_va:0.22930
INFO|2024-09-26 14:35:31: Epoch[034/100], iter[274/392], loss_total:0.48272, loss_equ:1.11573 loss_pq_vm:0.00585 loss_pq_va:0.15800 loss_pv_va:0.15467
INFO|2024-09-26 14:36:02: Epoch[034/100], iter[313/392], loss_total:0.50914, loss_equ:0.98203 loss_pq_vm:0.00668 loss_pq_va:0.17486 loss_pv_va:0.16926
INFO|2024-09-26 14:36:34: Epoch[034/100], iter[352/392], loss_total:0.46132, loss_equ:0.94740 loss_pq_vm:0.00487 loss_pq_va:0.16262 loss_pv_va:0.15524
INFO|2024-09-26 14:37:07: Epoch[034/100], iter[392/392], loss_total:0.39324, loss_equ:0.79334 loss_pq_vm:0.00484 loss_pq_va:0.13564 loss_pv_va:0.12983
INFO|2024-09-26 14:38:19: Epoch 33/100, lr:  0.00074347, eta: 7.19h, train_loss:  0.49022, valid_loss:  0.45570
INFO|2024-09-26 14:38:19: 	Train: PQ_Vm_rmse: 0.00021943  PQ_Va_rmse: 0.01008701  PV_Va_rmse: 0.00988106  delta_p: 0.02371829  delta_q: 0.00353142  
INFO|2024-09-26 14:38:19: 	ZTest: PQ_Vm_rmse: 0.00029657  PQ_Va_rmse: 0.00815519  PV_Va_rmse: 0.00770499  delta_p: 0.02800544  delta_q: 0.00334617  
INFO|2024-09-26 14:38:19: 	ZTest-ema: PQ_Vm_rmse: 0.000215  PQ_Va_rmse: 0.007471  PV_Va_rmse: 0.007115  delta_p: 0.015381  delta_q: 0.001945  
INFO|2024-09-26 14:38:19: 	           ValOfEMA:0.007471/0.007022,  Epoch:34/29
INFO|2024-09-26 14:38:20: 	Time(ep):391s,  Val(curr/best):0.008155/0.008063,  Epoch(curr/best):34/26
INFO|2024-09-26 14:38:20: -------------------- Epoch: 35 --------------------
INFO|2024-09-26 14:38:54: Epoch[035/100], iter[040/392], loss_total:0.38123, loss_equ:0.82189 loss_pq_vm:0.00488 loss_pq_va:0.12858 loss_pv_va:0.12165
INFO|2024-09-26 14:39:25: Epoch[035/100], iter[079/392], loss_total:0.52445, loss_equ:0.83115 loss_pq_vm:0.00544 loss_pq_va:0.19643 loss_pv_va:0.19046
INFO|2024-09-26 14:39:57: Epoch[035/100], iter[118/392], loss_total:0.42276, loss_equ:0.98353 loss_pq_vm:0.00505 loss_pq_va:0.13723 loss_pv_va:0.13668
INFO|2024-09-26 14:40:29: Epoch[035/100], iter[157/392], loss_total:0.43794, loss_equ:0.82237 loss_pq_vm:0.00499 loss_pq_va:0.15536 loss_pv_va:0.15048
INFO|2024-09-26 14:41:00: Epoch[035/100], iter[196/392], loss_total:0.41408, loss_equ:0.88691 loss_pq_vm:0.00636 loss_pq_va:0.13298 loss_pv_va:0.12876
INFO|2024-09-26 14:41:32: Epoch[035/100], iter[235/392], loss_total:0.44538, loss_equ:0.82741 loss_pq_vm:0.00514 loss_pq_va:0.15639 loss_pv_va:0.15484
INFO|2024-09-26 14:42:04: Epoch[035/100], iter[274/392], loss_total:0.38954, loss_equ:0.75595 loss_pq_vm:0.00444 loss_pq_va:0.13714 loss_pv_va:0.13240
INFO|2024-09-26 14:42:35: Epoch[035/100], iter[313/392], loss_total:0.38876, loss_equ:0.80175 loss_pq_vm:0.00464 loss_pq_va:0.13286 loss_pv_va:0.12936
INFO|2024-09-26 14:43:07: Epoch[035/100], iter[352/392], loss_total:0.40224, loss_equ:0.81161 loss_pq_vm:0.00462 loss_pq_va:0.13925 loss_pv_va:0.13564
INFO|2024-09-26 14:43:40: Epoch[035/100], iter[392/392], loss_total:0.46492, loss_equ:0.96432 loss_pq_vm:0.00897 loss_pq_va:0.14152 loss_pv_va:0.13723
INFO|2024-09-26 14:44:52: Epoch 34/100, lr:  0.00072973, eta: 7.09h, train_loss:  0.43743, valid_loss:  0.50570
INFO|2024-09-26 14:44:52: 	Train: PQ_Vm_rmse: 0.00021467  PQ_Va_rmse: 0.00718338  PV_Va_rmse: 0.00706969  delta_p: 0.01856352  delta_q: 0.00293497  
INFO|2024-09-26 14:44:52: 	ZTest: PQ_Vm_rmse: 0.00066066  PQ_Va_rmse: 0.00762570  PV_Va_rmse: 0.00724500  delta_p: 0.01976505  delta_q: 0.00793961  
INFO|2024-09-26 14:44:52: 	ZTest-ema: PQ_Vm_rmse: 0.000197  PQ_Va_rmse: 0.006983  PV_Va_rmse: 0.006690  delta_p: 0.012952  delta_q: 0.001799  
INFO|2024-09-26 14:44:52: 	           ValOfEMA:0.006983/0.006983,  Epoch:35/35
INFO|2024-09-26 14:44:53: 	Time(ep):392s,  Val(curr/best):0.007626/0.007626,  Epoch(curr/best):35/35
INFO|2024-09-26 14:44:53: -------------------- Epoch: 36 --------------------
INFO|2024-09-26 14:45:27: Epoch[036/100], iter[040/392], loss_total:0.41830, loss_equ:0.97873 loss_pq_vm:0.00635 loss_pq_va:0.13101 loss_pv_va:0.12595
INFO|2024-09-26 14:45:59: Epoch[036/100], iter[079/392], loss_total:0.40211, loss_equ:0.81650 loss_pq_vm:0.00583 loss_pq_va:0.13335 loss_pv_va:0.12883
INFO|2024-09-26 14:46:31: Epoch[036/100], iter[118/392], loss_total:0.42307, loss_equ:0.95483 loss_pq_vm:0.00597 loss_pq_va:0.13735 loss_pv_va:0.13059
INFO|2024-09-26 14:47:03: Epoch[036/100], iter[157/392], loss_total:0.44725, loss_equ:0.81169 loss_pq_vm:0.00500 loss_pq_va:0.16262 loss_pv_va:0.15345
INFO|2024-09-26 14:47:34: Epoch[036/100], iter[196/392], loss_total:0.45097, loss_equ:0.86477 loss_pq_vm:0.00573 loss_pq_va:0.15664 loss_pv_va:0.15053
INFO|2024-09-26 14:48:06: Epoch[036/100], iter[235/392], loss_total:0.47005, loss_equ:0.90357 loss_pq_vm:0.00894 loss_pq_va:0.14822 loss_pv_va:0.14204
INFO|2024-09-26 14:48:37: Epoch[036/100], iter[274/392], loss_total:0.54473, loss_equ:1.16071 loss_pq_vm:0.00629 loss_pq_va:0.18221 loss_pv_va:0.18357
INFO|2024-09-26 14:49:09: Epoch[036/100], iter[313/392], loss_total:0.48231, loss_equ:0.99066 loss_pq_vm:0.00600 loss_pq_va:0.16232 loss_pv_va:0.16095
INFO|2024-09-26 14:49:41: Epoch[036/100], iter[352/392], loss_total:0.38891, loss_equ:0.79957 loss_pq_vm:0.00534 loss_pq_va:0.12985 loss_pv_va:0.12572
INFO|2024-09-26 14:50:13: Epoch[036/100], iter[392/392], loss_total:0.39381, loss_equ:0.77372 loss_pq_vm:0.00479 loss_pq_va:0.13653 loss_pv_va:0.13202
INFO|2024-09-26 14:51:26: Epoch 35/100, lr:  0.00071576, eta: 6.99h, train_loss:  0.47447, valid_loss:  0.47860
INFO|2024-09-26 14:51:26: 	Train: PQ_Vm_rmse: 0.00026776  PQ_Va_rmse: 0.00898646  PV_Va_rmse: 0.00870680  delta_p: 0.02383151  delta_q: 0.00371113  
INFO|2024-09-26 14:51:26: 	ZTest: PQ_Vm_rmse: 0.00021652  PQ_Va_rmse: 0.00884232  PV_Va_rmse: 0.00903329  delta_p: 0.02515456  delta_q: 0.00225822  
INFO|2024-09-26 14:51:26: 	ZTest-ema: PQ_Vm_rmse: 0.000204  PQ_Va_rmse: 0.006845  PV_Va_rmse: 0.006526  delta_p: 0.011906  delta_q: 0.001683  
INFO|2024-09-26 14:51:26: 	           ValOfEMA:0.006845/0.006845,  Epoch:36/36
INFO|2024-09-26 14:51:27: 	Time(ep):392s,  Val(curr/best):0.009033/0.007626,  Epoch(curr/best):36/35
INFO|2024-09-26 14:51:27: -------------------- Epoch: 37 --------------------
INFO|2024-09-26 14:52:00: Epoch[037/100], iter[040/392], loss_total:0.39996, loss_equ:0.77500 loss_pq_vm:0.00541 loss_pq_va:0.13613 loss_pv_va:0.13227
INFO|2024-09-26 14:52:32: Epoch[037/100], iter[079/392], loss_total:0.43363, loss_equ:0.78250 loss_pq_vm:0.00483 loss_pq_va:0.15783 loss_pv_va:0.14926
INFO|2024-09-26 14:53:04: Epoch[037/100], iter[118/392], loss_total:0.39311, loss_equ:0.77486 loss_pq_vm:0.00506 loss_pq_va:0.13505 loss_pv_va:0.13002
INFO|2024-09-26 14:53:35: Epoch[037/100], iter[157/392], loss_total:0.39396, loss_equ:0.82459 loss_pq_vm:0.00511 loss_pq_va:0.13165 loss_pv_va:0.12878
INFO|2024-09-26 14:54:07: Epoch[037/100], iter[196/392], loss_total:0.39426, loss_equ:0.83529 loss_pq_vm:0.00536 loss_pq_va:0.13040 loss_pv_va:0.12677
INFO|2024-09-26 14:54:38: Epoch[037/100], iter[235/392], loss_total:0.43252, loss_equ:1.00842 loss_pq_vm:0.00492 loss_pq_va:0.14541 loss_pv_va:0.13705
INFO|2024-09-26 14:55:09: Epoch[037/100], iter[274/392], loss_total:0.57866, loss_equ:1.32115 loss_pq_vm:0.00811 loss_pq_va:0.18600 loss_pv_va:0.17947
INFO|2024-09-26 14:55:41: Epoch[037/100], iter[313/392], loss_total:0.41817, loss_equ:0.99275 loss_pq_vm:0.00506 loss_pq_va:0.13504 loss_pv_va:0.13326
INFO|2024-09-26 14:56:13: Epoch[037/100], iter[352/392], loss_total:0.49327, loss_equ:0.85531 loss_pq_vm:0.00447 loss_pq_va:0.18419 loss_pv_va:0.17881
INFO|2024-09-26 14:56:45: Epoch[037/100], iter[392/392], loss_total:0.41492, loss_equ:0.84319 loss_pq_vm:0.00513 loss_pq_va:0.14181 loss_pv_va:0.13745
INFO|2024-09-26 14:57:58: Epoch 36/100, lr:  0.00070159, eta: 6.85h, train_loss:  0.44011, valid_loss:  0.46327
INFO|2024-09-26 14:57:58: 	Train: PQ_Vm_rmse: 0.00021894  PQ_Va_rmse: 0.00780217  PV_Va_rmse: 0.00762651  delta_p: 0.02214877  delta_q: 0.00309972  
INFO|2024-09-26 14:57:58: 	ZTest: PQ_Vm_rmse: 0.00020113  PQ_Va_rmse: 0.00739870  PV_Va_rmse: 0.00710722  delta_p: 0.01953719  delta_q: 0.00255584  
INFO|2024-09-26 14:57:58: 	ZTest-ema: PQ_Vm_rmse: 0.000198  PQ_Va_rmse: 0.006711  PV_Va_rmse: 0.006458  delta_p: 0.013556  delta_q: 0.001834  
INFO|2024-09-26 14:57:58: 	           ValOfEMA:0.006711/0.006711,  Epoch:37/37
INFO|2024-09-26 14:57:59: 	Time(ep):391s,  Val(curr/best):0.007399/0.007399,  Epoch(curr/best):37/37
INFO|2024-09-26 14:57:59: -------------------- Epoch: 38 --------------------
INFO|2024-09-26 14:58:33: Epoch[038/100], iter[040/392], loss_total:0.39328, loss_equ:0.77507 loss_pq_vm:0.00547 loss_pq_va:0.13297 loss_pv_va:0.12815
INFO|2024-09-26 14:59:04: Epoch[038/100], iter[079/392], loss_total:0.42372, loss_equ:0.76306 loss_pq_vm:0.00451 loss_pq_va:0.15410 loss_pv_va:0.14817
INFO|2024-09-26 14:59:36: Epoch[038/100], iter[118/392], loss_total:0.37561, loss_equ:0.74637 loss_pq_vm:0.00450 loss_pq_va:0.13015 loss_pv_va:0.12584
INFO|2024-09-26 15:00:08: Epoch[038/100], iter[157/392], loss_total:0.43966, loss_equ:0.95881 loss_pq_vm:0.00874 loss_pq_va:0.13049 loss_pv_va:0.12593
INFO|2024-09-26 15:00:39: Epoch[038/100], iter[196/392], loss_total:0.51922, loss_equ:0.95008 loss_pq_vm:0.00601 loss_pq_va:0.18230 loss_pv_va:0.18179
INFO|2024-09-26 15:01:11: Epoch[038/100], iter[235/392], loss_total:0.38521, loss_equ:0.76393 loss_pq_vm:0.00430 loss_pq_va:0.13537 loss_pv_va:0.13040
INFO|2024-09-26 15:01:42: Epoch[038/100], iter[274/392], loss_total:0.35562, loss_equ:0.71904 loss_pq_vm:0.00455 loss_pq_va:0.12137 loss_pv_va:0.11684
INFO|2024-09-26 15:02:14: Epoch[038/100], iter[313/392], loss_total:0.42430, loss_equ:0.77335 loss_pq_vm:0.00456 loss_pq_va:0.15289 loss_pv_va:0.14852
INFO|2024-09-26 15:02:46: Epoch[038/100], iter[352/392], loss_total:0.51807, loss_equ:1.03847 loss_pq_vm:0.00704 loss_pq_va:0.17391 loss_pv_va:0.16996
INFO|2024-09-26 15:03:18: Epoch[038/100], iter[392/392], loss_total:0.44761, loss_equ:0.86406 loss_pq_vm:0.00671 loss_pq_va:0.15041 loss_pv_va:0.14366
INFO|2024-09-26 15:04:31: Epoch 37/100, lr:  0.00068722, eta: 6.75h, train_loss:  0.43075, valid_loss:  0.48222
INFO|2024-09-26 15:04:31: 	Train: PQ_Vm_rmse: 0.00020172  PQ_Va_rmse: 0.00709841  PV_Va_rmse: 0.00696411  delta_p: 0.01685258  delta_q: 0.00281488  
INFO|2024-09-26 15:04:31: 	ZTest: PQ_Vm_rmse: 0.00042755  PQ_Va_rmse: 0.00819111  PV_Va_rmse: 0.00767216  delta_p: 0.02419551  delta_q: 0.00605731  
INFO|2024-09-26 15:04:31: 	ZTest-ema: PQ_Vm_rmse: 0.000217  PQ_Va_rmse: 0.006680  PV_Va_rmse: 0.006413  delta_p: 0.013631  delta_q: 0.002139  
INFO|2024-09-26 15:04:31: 	           ValOfEMA:0.006680/0.006680,  Epoch:38/38
INFO|2024-09-26 15:04:32: 	Time(ep):391s,  Val(curr/best):0.008191/0.007399,  Epoch(curr/best):38/37
INFO|2024-09-26 15:04:32: -------------------- Epoch: 39 --------------------
INFO|2024-09-26 15:05:06: Epoch[039/100], iter[040/392], loss_total:0.40639, loss_equ:0.94786 loss_pq_vm:0.00555 loss_pq_va:0.12869 loss_pv_va:0.12738
INFO|2024-09-26 15:05:38: Epoch[039/100], iter[079/392], loss_total:0.43246, loss_equ:1.05501 loss_pq_vm:0.00575 loss_pq_va:0.13748 loss_pv_va:0.13199
INFO|2024-09-26 15:06:09: Epoch[039/100], iter[118/392], loss_total:0.42668, loss_equ:0.79259 loss_pq_vm:0.00557 loss_pq_va:0.14785 loss_pv_va:0.14391
INFO|2024-09-26 15:06:41: Epoch[039/100], iter[157/392], loss_total:0.41759, loss_equ:0.77010 loss_pq_vm:0.00507 loss_pq_va:0.14668 loss_pv_va:0.14323
INFO|2024-09-26 15:07:13: Epoch[039/100], iter[196/392], loss_total:0.45190, loss_equ:0.99894 loss_pq_vm:0.00686 loss_pq_va:0.14573 loss_pv_va:0.13768
INFO|2024-09-26 15:07:45: Epoch[039/100], iter[235/392], loss_total:0.46452, loss_equ:0.90676 loss_pq_vm:0.00511 loss_pq_va:0.16537 loss_pv_va:0.15739
INFO|2024-09-26 15:08:17: Epoch[039/100], iter[274/392], loss_total:0.42826, loss_equ:0.80370 loss_pq_vm:0.00505 loss_pq_va:0.15374 loss_pv_va:0.14361
INFO|2024-09-26 15:08:48: Epoch[039/100], iter[313/392], loss_total:0.39678, loss_equ:0.83435 loss_pq_vm:0.00572 loss_pq_va:0.12955 loss_pv_va:0.12657
INFO|2024-09-26 15:09:20: Epoch[039/100], iter[352/392], loss_total:0.43865, loss_equ:0.79105 loss_pq_vm:0.00467 loss_pq_va:0.15975 loss_pv_va:0.15310
INFO|2024-09-26 15:09:52: Epoch[039/100], iter[392/392], loss_total:0.41661, loss_equ:0.82551 loss_pq_vm:0.00442 loss_pq_va:0.14738 loss_pv_va:0.14247
INFO|2024-09-26 15:11:05: Epoch 38/100, lr:  0.00067268, eta: 6.66h, train_loss:  0.43780, valid_loss:  0.49598
INFO|2024-09-26 15:11:05: 	Train: PQ_Vm_rmse: 0.00020812  PQ_Va_rmse: 0.00756406  PV_Va_rmse: 0.00739853  delta_p: 0.02023004  delta_q: 0.00309695  
INFO|2024-09-26 15:11:05: 	ZTest: PQ_Vm_rmse: 0.00022787  PQ_Va_rmse: 0.01159101  PV_Va_rmse: 0.01120610  delta_p: 0.02130683  delta_q: 0.00272591  
INFO|2024-09-26 15:11:05: 	ZTest-ema: PQ_Vm_rmse: 0.000191  PQ_Va_rmse: 0.006349  PV_Va_rmse: 0.006092  delta_p: 0.018347  delta_q: 0.002089  
INFO|2024-09-26 15:11:05: 	           ValOfEMA:0.006349/0.006349,  Epoch:39/39
INFO|2024-09-26 15:11:05: 	Time(ep):393s,  Val(curr/best):0.011591/0.007399,  Epoch(curr/best):39/37
INFO|2024-09-26 15:11:05: -------------------- Epoch: 40 --------------------
INFO|2024-09-26 15:11:39: Epoch[040/100], iter[040/392], loss_total:0.43129, loss_equ:0.76671 loss_pq_vm:0.00419 loss_pq_va:0.15888 loss_pv_va:0.15387
INFO|2024-09-26 15:12:11: Epoch[040/100], iter[079/392], loss_total:0.46637, loss_equ:0.78831 loss_pq_vm:0.00569 loss_pq_va:0.16851 loss_pv_va:0.16211
INFO|2024-09-26 15:12:43: Epoch[040/100], iter[118/392], loss_total:0.40603, loss_equ:0.75383 loss_pq_vm:0.00547 loss_pq_va:0.14038 loss_pv_va:0.13557
INFO|2024-09-26 15:13:14: Epoch[040/100], iter[157/392], loss_total:0.42745, loss_equ:0.77615 loss_pq_vm:0.00542 loss_pq_va:0.14983 loss_pv_va:0.14580
INFO|2024-09-26 15:13:46: Epoch[040/100], iter[196/392], loss_total:0.39661, loss_equ:0.75944 loss_pq_vm:0.00445 loss_pq_va:0.14190 loss_pv_va:0.13430
INFO|2024-09-26 15:14:17: Epoch[040/100], iter[235/392], loss_total:0.38908, loss_equ:0.75712 loss_pq_vm:0.00442 loss_pq_va:0.13724 loss_pv_va:0.13189
INFO|2024-09-26 15:14:48: Epoch[040/100], iter[274/392], loss_total:0.40843, loss_equ:0.84982 loss_pq_vm:0.00750 loss_pq_va:0.12689 loss_pv_va:0.12152
INFO|2024-09-26 15:15:20: Epoch[040/100], iter[313/392], loss_total:0.38973, loss_equ:0.83884 loss_pq_vm:0.00585 loss_pq_va:0.12701 loss_pv_va:0.12037
INFO|2024-09-26 15:15:52: Epoch[040/100], iter[352/392], loss_total:0.40829, loss_equ:0.83013 loss_pq_vm:0.00504 loss_pq_va:0.14093 loss_pv_va:0.13391
INFO|2024-09-26 15:16:24: Epoch[040/100], iter[392/392], loss_total:0.38989, loss_equ:0.80263 loss_pq_vm:0.00517 loss_pq_va:0.13089 loss_pv_va:0.12702
INFO|2024-09-26 15:17:37: Epoch 39/100, lr:  0.00065796, eta: 6.53h, train_loss:  0.41206, valid_loss:  0.50988
INFO|2024-09-26 15:17:37: 	Train: PQ_Vm_rmse: 0.00019617  PQ_Va_rmse: 0.00686402  PV_Va_rmse: 0.00666971  delta_p: 0.01632796  delta_q: 0.00267575  
INFO|2024-09-26 15:17:37: 	ZTest: PQ_Vm_rmse: 0.00024934  PQ_Va_rmse: 0.01216834  PV_Va_rmse: 0.01158283  delta_p: 0.01828019  delta_q: 0.00259184  
INFO|2024-09-26 15:17:37: 	ZTest-ema: PQ_Vm_rmse: 0.000188  PQ_Va_rmse: 0.006751  PV_Va_rmse: 0.006404  delta_p: 0.012438  delta_q: 0.001649  
INFO|2024-09-26 15:17:37: 	           ValOfEMA:0.006751/0.006349,  Epoch:40/39
INFO|2024-09-26 15:17:37: 	Time(ep):391s,  Val(curr/best):0.012168/0.007399,  Epoch(curr/best):40/37
INFO|2024-09-26 15:17:37: -------------------- Epoch: 41 --------------------
INFO|2024-09-26 15:18:11: Epoch[041/100], iter[040/392], loss_total:0.57877, loss_equ:1.13967 loss_pq_vm:0.00803 loss_pq_va:0.19623 loss_pv_va:0.18830
INFO|2024-09-26 15:18:43: Epoch[041/100], iter[079/392], loss_total:0.40825, loss_equ:1.00920 loss_pq_vm:0.00543 loss_pq_va:0.12942 loss_pv_va:0.12357
INFO|2024-09-26 15:19:15: Epoch[041/100], iter[118/392], loss_total:0.42604, loss_equ:0.79159 loss_pq_vm:0.00556 loss_pq_va:0.14759 loss_pv_va:0.14368
INFO|2024-09-26 15:19:46: Epoch[041/100], iter[157/392], loss_total:0.36699, loss_equ:0.75081 loss_pq_vm:0.00513 loss_pq_va:0.12224 loss_pv_va:0.11839
INFO|2024-09-26 15:20:17: Epoch[041/100], iter[196/392], loss_total:0.38228, loss_equ:0.76882 loss_pq_vm:0.00517 loss_pq_va:0.12923 loss_pv_va:0.12446
INFO|2024-09-26 15:20:48: Epoch[041/100], iter[235/392], loss_total:0.34973, loss_equ:0.74466 loss_pq_vm:0.00450 loss_pq_va:0.11773 loss_pv_va:0.11251
INFO|2024-09-26 15:21:20: Epoch[041/100], iter[274/392], loss_total:0.37476, loss_equ:0.78289 loss_pq_vm:0.00488 loss_pq_va:0.12743 loss_pv_va:0.12024
INFO|2024-09-26 15:21:52: Epoch[041/100], iter[313/392], loss_total:0.51313, loss_equ:0.83674 loss_pq_vm:0.00486 loss_pq_va:0.18973 loss_pv_va:0.19107
INFO|2024-09-26 15:22:23: Epoch[041/100], iter[352/392], loss_total:0.39502, loss_equ:0.79343 loss_pq_vm:0.00465 loss_pq_va:0.13683 loss_pv_va:0.13234
INFO|2024-09-26 15:22:56: Epoch[041/100], iter[392/392], loss_total:0.45204, loss_equ:0.81660 loss_pq_vm:0.00555 loss_pq_va:0.16155 loss_pv_va:0.15338
INFO|2024-09-26 15:24:09: Epoch 40/100, lr:  0.00064310, eta: 6.42h, train_loss:  0.43562, valid_loss:  0.45225
INFO|2024-09-26 15:24:09: 	Train: PQ_Vm_rmse: 0.00021451  PQ_Va_rmse: 0.00797252  PV_Va_rmse: 0.00777944  delta_p: 0.01913043  delta_q: 0.00303860  
INFO|2024-09-26 15:24:09: 	ZTest: PQ_Vm_rmse: 0.00021954  PQ_Va_rmse: 0.00781001  PV_Va_rmse: 0.00755082  delta_p: 0.02133472  delta_q: 0.00290499  
INFO|2024-09-26 15:24:09: 	ZTest-ema: PQ_Vm_rmse: 0.000186  PQ_Va_rmse: 0.006549  PV_Va_rmse: 0.006257  delta_p: 0.011565  delta_q: 0.001552  
INFO|2024-09-26 15:24:09: 	           ValOfEMA:0.006549/0.006349,  Epoch:41/39
INFO|2024-09-26 15:24:09: 	Time(ep):391s,  Val(curr/best):0.007810/0.007399,  Epoch(curr/best):41/37
INFO|2024-09-26 15:24:09: -------------------- Epoch: 42 --------------------
INFO|2024-09-26 15:24:43: Epoch[042/100], iter[040/392], loss_total:0.40170, loss_equ:0.85862 loss_pq_vm:0.00518 loss_pq_va:0.13453 loss_pv_va:0.12952
INFO|2024-09-26 15:25:15: Epoch[042/100], iter[079/392], loss_total:0.40197, loss_equ:0.93871 loss_pq_vm:0.00599 loss_pq_va:0.12463 loss_pv_va:0.12355
INFO|2024-09-26 15:25:46: Epoch[042/100], iter[118/392], loss_total:0.36908, loss_equ:0.78211 loss_pq_vm:0.00418 loss_pq_va:0.12724 loss_pv_va:0.12180
INFO|2024-09-26 15:26:18: Epoch[042/100], iter[157/392], loss_total:0.36618, loss_equ:0.79562 loss_pq_vm:0.00532 loss_pq_va:0.11880 loss_pv_va:0.11462
INFO|2024-09-26 15:26:49: Epoch[042/100], iter[196/392], loss_total:0.39891, loss_equ:0.86922 loss_pq_vm:0.00604 loss_pq_va:0.12757 loss_pv_va:0.12405
INFO|2024-09-26 15:27:21: Epoch[042/100], iter[235/392], loss_total:0.35409, loss_equ:0.75128 loss_pq_vm:0.00438 loss_pq_va:0.11940 loss_pv_va:0.11580
INFO|2024-09-26 15:27:52: Epoch[042/100], iter[274/392], loss_total:0.34502, loss_equ:0.69225 loss_pq_vm:0.00415 loss_pq_va:0.11957 loss_pv_va:0.11478
INFO|2024-09-26 15:28:24: Epoch[042/100], iter[313/392], loss_total:0.39318, loss_equ:0.79908 loss_pq_vm:0.00459 loss_pq_va:0.13417 loss_pv_va:0.13324
INFO|2024-09-26 15:28:56: Epoch[042/100], iter[352/392], loss_total:0.40098, loss_equ:0.84393 loss_pq_vm:0.00446 loss_pq_va:0.13886 loss_pv_va:0.13310
INFO|2024-09-26 15:29:28: Epoch[042/100], iter[392/392], loss_total:0.40812, loss_equ:0.76579 loss_pq_vm:0.00460 loss_pq_va:0.14657 loss_pv_va:0.13896
INFO|2024-09-26 15:30:40: Epoch 41/100, lr:  0.00062810, eta: 6.3h, train_loss:  0.39556, valid_loss:  0.44024
INFO|2024-09-26 15:30:40: 	Train: PQ_Vm_rmse: 0.00015659  PQ_Va_rmse: 0.00599678  PV_Va_rmse: 0.00586608  delta_p: 0.01529945  delta_q: 0.00222095  
INFO|2024-09-26 15:30:40: 	ZTest: PQ_Vm_rmse: 0.00034108  PQ_Va_rmse: 0.00786001  PV_Va_rmse: 0.00754706  delta_p: 0.01438051  delta_q: 0.00369169  
INFO|2024-09-26 15:30:40: 	ZTest-ema: PQ_Vm_rmse: 0.000192  PQ_Va_rmse: 0.006308  PV_Va_rmse: 0.006041  delta_p: 0.011524  delta_q: 0.001605  
INFO|2024-09-26 15:30:40: 	           ValOfEMA:0.006308/0.006308,  Epoch:42/42
INFO|2024-09-26 15:30:41: 	Time(ep):391s,  Val(curr/best):0.007860/0.007399,  Epoch(curr/best):42/37
INFO|2024-09-26 15:30:41: -------------------- Epoch: 43 --------------------
INFO|2024-09-26 15:31:15: Epoch[043/100], iter[040/392], loss_total:0.43618, loss_equ:0.87770 loss_pq_vm:0.00595 loss_pq_va:0.14708 loss_pv_va:0.14180
INFO|2024-09-26 15:31:47: Epoch[043/100], iter[079/392], loss_total:0.47076, loss_equ:1.02373 loss_pq_vm:0.00858 loss_pq_va:0.14281 loss_pv_va:0.13980
INFO|2024-09-26 15:32:18: Epoch[043/100], iter[118/392], loss_total:0.40257, loss_equ:0.78313 loss_pq_vm:0.00483 loss_pq_va:0.14050 loss_pv_va:0.13548
INFO|2024-09-26 15:32:50: Epoch[043/100], iter[157/392], loss_total:0.60808, loss_equ:1.40622 loss_pq_vm:0.01879 loss_pq_va:0.14285 loss_pv_va:0.13674
INFO|2024-09-26 15:33:21: Epoch[043/100], iter[196/392], loss_total:0.48556, loss_equ:1.09167 loss_pq_vm:0.00930 loss_pq_va:0.14488 loss_pv_va:0.13849
INFO|2024-09-26 15:33:53: Epoch[043/100], iter[235/392], loss_total:0.41783, loss_equ:0.99470 loss_pq_vm:0.00706 loss_pq_va:0.12609 loss_pv_va:0.12165
INFO|2024-09-26 15:34:25: Epoch[043/100], iter[274/392], loss_total:0.46501, loss_equ:0.87442 loss_pq_vm:0.00534 loss_pq_va:0.16328 loss_pv_va:0.16090
INFO|2024-09-26 15:34:57: Epoch[043/100], iter[313/392], loss_total:0.40630, loss_equ:0.81822 loss_pq_vm:0.00606 loss_pq_va:0.13424 loss_pv_va:0.12967
INFO|2024-09-26 15:35:28: Epoch[043/100], iter[352/392], loss_total:0.39996, loss_equ:0.75916 loss_pq_vm:0.00544 loss_pq_va:0.13763 loss_pv_va:0.13199
INFO|2024-09-26 15:36:00: Epoch[043/100], iter[392/392], loss_total:0.40791, loss_equ:0.83887 loss_pq_vm:0.00781 loss_pq_va:0.12539 loss_pv_va:0.12055
INFO|2024-09-26 15:37:13: Epoch 42/100, lr:  0.00061298, eta: 6.2h, train_loss:  0.43756, valid_loss:  0.43767
INFO|2024-09-26 15:37:13: 	Train: PQ_Vm_rmse: 0.00037546  PQ_Va_rmse: 0.00685688  PV_Va_rmse: 0.00664647  delta_p: 0.01919951  delta_q: 0.00471629  
INFO|2024-09-26 15:37:13: 	ZTest: PQ_Vm_rmse: 0.00030623  PQ_Va_rmse: 0.00692602  PV_Va_rmse: 0.00657855  delta_p: 0.01714100  delta_q: 0.00329106  
INFO|2024-09-26 15:37:13: 	ZTest-ema: PQ_Vm_rmse: 0.000196  PQ_Va_rmse: 0.006182  PV_Va_rmse: 0.005897  delta_p: 0.011229  delta_q: 0.001775  
INFO|2024-09-26 15:37:13: 	           ValOfEMA:0.006182/0.006182,  Epoch:43/43
INFO|2024-09-26 15:37:14: 	Time(ep):391s,  Val(curr/best):0.006926/0.006926,  Epoch(curr/best):43/43
INFO|2024-09-26 15:37:14: -------------------- Epoch: 44 --------------------
INFO|2024-09-26 15:37:47: Epoch[044/100], iter[040/392], loss_total:0.56516, loss_equ:1.11064 loss_pq_vm:0.00636 loss_pq_va:0.19401 loss_pv_va:0.19650
INFO|2024-09-26 15:38:19: Epoch[044/100], iter[079/392], loss_total:0.44926, loss_equ:0.84097 loss_pq_vm:0.00547 loss_pq_va:0.15932 loss_pv_va:0.15114
INFO|2024-09-26 15:38:51: Epoch[044/100], iter[118/392], loss_total:0.36806, loss_equ:0.80853 loss_pq_vm:0.00420 loss_pq_va:0.12432 loss_pv_va:0.12084
INFO|2024-09-26 15:39:22: Epoch[044/100], iter[157/392], loss_total:0.43712, loss_equ:0.77606 loss_pq_vm:0.00514 loss_pq_va:0.15722 loss_pv_va:0.15094
INFO|2024-09-26 15:39:54: Epoch[044/100], iter[196/392], loss_total:0.38092, loss_equ:0.72775 loss_pq_vm:0.00435 loss_pq_va:0.13516 loss_pv_va:0.12948
INFO|2024-09-26 15:40:25: Epoch[044/100], iter[235/392], loss_total:0.35247, loss_equ:0.70243 loss_pq_vm:0.00412 loss_pq_va:0.12218 loss_pv_va:0.11881
INFO|2024-09-26 15:40:57: Epoch[044/100], iter[274/392], loss_total:0.38447, loss_equ:0.85371 loss_pq_vm:0.00483 loss_pq_va:0.12836 loss_pv_va:0.12240
INFO|2024-09-26 15:41:29: Epoch[044/100], iter[313/392], loss_total:0.39701, loss_equ:0.77622 loss_pq_vm:0.00436 loss_pq_va:0.14163 loss_pv_va:0.13413
INFO|2024-09-26 15:42:00: Epoch[044/100], iter[352/392], loss_total:0.40964, loss_equ:0.73017 loss_pq_vm:0.00464 loss_pq_va:0.14738 loss_pv_va:0.14289
INFO|2024-09-26 15:42:32: Epoch[044/100], iter[392/392], loss_total:0.36033, loss_equ:0.73110 loss_pq_vm:0.00403 loss_pq_va:0.12562 loss_pv_va:0.12127
INFO|2024-09-26 15:43:45: Epoch 43/100, lr:  0.00059775, eta: 6.09h, train_loss:  0.41294, valid_loss:  0.42929
INFO|2024-09-26 15:43:45: 	Train: PQ_Vm_rmse: 0.00016662  PQ_Va_rmse: 0.00749578  PV_Va_rmse: 0.00732338  delta_p: 0.01814115  delta_q: 0.00247297  
INFO|2024-09-26 15:43:45: 	ZTest: PQ_Vm_rmse: 0.00022140  PQ_Va_rmse: 0.00784347  PV_Va_rmse: 0.00753476  delta_p: 0.01828560  delta_q: 0.00235975  
INFO|2024-09-26 15:43:45: 	ZTest-ema: PQ_Vm_rmse: 0.000185  PQ_Va_rmse: 0.006420  PV_Va_rmse: 0.006103  delta_p: 0.012084  delta_q: 0.001598  
INFO|2024-09-26 15:43:45: 	           ValOfEMA:0.006420/0.006182,  Epoch:44/43
INFO|2024-09-26 15:43:46: 	Time(ep):391s,  Val(curr/best):0.007843/0.006926,  Epoch(curr/best):44/43
INFO|2024-09-26 15:43:46: -------------------- Epoch: 45 --------------------
INFO|2024-09-26 15:44:19: Epoch[045/100], iter[040/392], loss_total:0.37842, loss_equ:0.75557 loss_pq_vm:0.00431 loss_pq_va:0.13176 loss_pv_va:0.12802
INFO|2024-09-26 15:44:51: Epoch[045/100], iter[079/392], loss_total:0.36905, loss_equ:0.71776 loss_pq_vm:0.00420 loss_pq_va:0.13054 loss_pv_va:0.12469
INFO|2024-09-26 15:45:22: Epoch[045/100], iter[118/392], loss_total:0.33676, loss_equ:0.68296 loss_pq_vm:0.00465 loss_pq_va:0.11316 loss_pv_va:0.10878
INFO|2024-09-26 15:45:54: Epoch[045/100], iter[157/392], loss_total:0.34184, loss_equ:0.82938 loss_pq_vm:0.00428 loss_pq_va:0.10901 loss_pv_va:0.10712
INFO|2024-09-26 15:46:26: Epoch[045/100], iter[196/392], loss_total:0.44041, loss_equ:0.75494 loss_pq_vm:0.00450 loss_pq_va:0.16173 loss_pv_va:0.15823
INFO|2024-09-26 15:46:57: Epoch[045/100], iter[235/392], loss_total:0.40087, loss_equ:0.90381 loss_pq_vm:0.00700 loss_pq_va:0.12222 loss_pv_va:0.11823
INFO|2024-09-26 15:47:29: Epoch[045/100], iter[274/392], loss_total:0.44913, loss_equ:0.99924 loss_pq_vm:0.00912 loss_pq_va:0.12955 loss_pv_va:0.12841
INFO|2024-09-26 15:48:01: Epoch[045/100], iter[313/392], loss_total:0.36179, loss_equ:0.73531 loss_pq_vm:0.00464 loss_pq_va:0.12312 loss_pv_va:0.11871
INFO|2024-09-26 15:48:32: Epoch[045/100], iter[352/392], loss_total:0.35966, loss_equ:0.75747 loss_pq_vm:0.00525 loss_pq_va:0.11825 loss_pv_va:0.11310
INFO|2024-09-26 15:49:05: Epoch[045/100], iter[392/392], loss_total:0.53871, loss_equ:0.97569 loss_pq_vm:0.00662 loss_pq_va:0.19394 loss_pv_va:0.18103
INFO|2024-09-26 15:50:18: Epoch 44/100, lr:  0.00058244, eta: 5.99h, train_loss:  0.39038, valid_loss:  0.56353
INFO|2024-09-26 15:50:18: 	Train: PQ_Vm_rmse: 0.00020675  PQ_Va_rmse: 0.00592172  PV_Va_rmse: 0.00576217  delta_p: 0.01497590  delta_q: 0.00267308  
INFO|2024-09-26 15:50:18: 	ZTest: PQ_Vm_rmse: 0.00041963  PQ_Va_rmse: 0.01258423  PV_Va_rmse: 0.01169446  delta_p: 0.03082484  delta_q: 0.00689016  
INFO|2024-09-26 15:50:18: 	ZTest-ema: PQ_Vm_rmse: 0.000206  PQ_Va_rmse: 0.006362  PV_Va_rmse: 0.006071  delta_p: 0.012969  delta_q: 0.002095  
INFO|2024-09-26 15:50:18: 	           ValOfEMA:0.006362/0.006182,  Epoch:45/43
INFO|2024-09-26 15:50:18: 	Time(ep):391s,  Val(curr/best):0.012584/0.006926,  Epoch(curr/best):45/43
INFO|2024-09-26 15:50:18: -------------------- Epoch: 46 --------------------
INFO|2024-09-26 15:50:52: Epoch[046/100], iter[040/392], loss_total:0.50800, loss_equ:1.08646 loss_pq_vm:0.00667 loss_pq_va:0.16810 loss_pv_va:0.16450
INFO|2024-09-26 15:51:24: Epoch[046/100], iter[079/392], loss_total:0.42512, loss_equ:0.76957 loss_pq_vm:0.00469 loss_pq_va:0.15191 loss_pv_va:0.14940
INFO|2024-09-26 15:51:55: Epoch[046/100], iter[118/392], loss_total:0.41318, loss_equ:1.00280 loss_pq_vm:0.00446 loss_pq_va:0.13875 loss_pv_va:0.12956
INFO|2024-09-26 15:52:27: Epoch[046/100], iter[157/392], loss_total:0.39334, loss_equ:0.84965 loss_pq_vm:0.00653 loss_pq_va:0.12509 loss_pv_va:0.11797
INFO|2024-09-26 15:52:58: Epoch[046/100], iter[196/392], loss_total:0.35953, loss_equ:0.72348 loss_pq_vm:0.00397 loss_pq_va:0.12588 loss_pv_va:0.12163
INFO|2024-09-26 15:53:30: Epoch[046/100], iter[235/392], loss_total:0.41981, loss_equ:0.74555 loss_pq_vm:0.00562 loss_pq_va:0.14718 loss_pv_va:0.14187
INFO|2024-09-26 15:54:02: Epoch[046/100], iter[274/392], loss_total:0.35476, loss_equ:0.74118 loss_pq_vm:0.00503 loss_pq_va:0.11800 loss_pv_va:0.11238
INFO|2024-09-26 15:54:33: Epoch[046/100], iter[313/392], loss_total:0.36722, loss_equ:0.75905 loss_pq_vm:0.00479 loss_pq_va:0.12379 loss_pv_va:0.11964
INFO|2024-09-26 15:55:05: Epoch[046/100], iter[352/392], loss_total:0.33084, loss_equ:0.68481 loss_pq_vm:0.00397 loss_pq_va:0.11345 loss_pv_va:0.10921
INFO|2024-09-26 15:55:37: Epoch[046/100], iter[392/392], loss_total:0.39257, loss_equ:0.99648 loss_pq_vm:0.00506 loss_pq_va:0.12501 loss_pv_va:0.11736
INFO|2024-09-26 15:56:50: Epoch 45/100, lr:  0.00056704, eta: 5.88h, train_loss:  0.41689, valid_loss:  0.43093
INFO|2024-09-26 15:56:50: 	Train: PQ_Vm_rmse: 0.00019105  PQ_Va_rmse: 0.00779743  PV_Va_rmse: 0.00758248  delta_p: 0.01943107  delta_q: 0.00285934  
INFO|2024-09-26 15:56:50: 	ZTest: PQ_Vm_rmse: 0.00022178  PQ_Va_rmse: 0.00730652  PV_Va_rmse: 0.00684792  delta_p: 0.01470847  delta_q: 0.00190798  
INFO|2024-09-26 15:56:50: 	ZTest-ema: PQ_Vm_rmse: 0.000195  PQ_Va_rmse: 0.006557  PV_Va_rmse: 0.006274  delta_p: 0.009769  delta_q: 0.001462  
INFO|2024-09-26 15:56:50: 	           ValOfEMA:0.006557/0.006182,  Epoch:46/43
INFO|2024-09-26 15:56:50: 	Time(ep):391s,  Val(curr/best):0.007307/0.006926,  Epoch(curr/best):46/43
INFO|2024-09-26 15:56:50: -------------------- Epoch: 47 --------------------
INFO|2024-09-26 15:57:24: Epoch[047/100], iter[040/392], loss_total:0.35732, loss_equ:0.71551 loss_pq_vm:0.00419 loss_pq_va:0.12407 loss_pv_va:0.11979
INFO|2024-09-26 15:57:56: Epoch[047/100], iter[079/392], loss_total:0.37340, loss_equ:0.73808 loss_pq_vm:0.00435 loss_pq_va:0.13084 loss_pv_va:0.12527
INFO|2024-09-26 15:58:28: Epoch[047/100], iter[118/392], loss_total:0.43565, loss_equ:0.78929 loss_pq_vm:0.00460 loss_pq_va:0.15859 loss_pv_va:0.15215
INFO|2024-09-26 15:59:00: Epoch[047/100], iter[157/392], loss_total:0.38058, loss_equ:0.72400 loss_pq_vm:0.00471 loss_pq_va:0.13288 loss_pv_va:0.12822
INFO|2024-09-26 15:59:31: Epoch[047/100], iter[196/392], loss_total:0.33266, loss_equ:0.71423 loss_pq_vm:0.00449 loss_pq_va:0.11038 loss_pv_va:0.10600
INFO|2024-09-26 16:00:03: Epoch[047/100], iter[235/392], loss_total:0.38071, loss_equ:0.75336 loss_pq_vm:0.00448 loss_pq_va:0.13273 loss_pv_va:0.12788
INFO|2024-09-26 16:00:35: Epoch[047/100], iter[274/392], loss_total:0.34860, loss_equ:0.72986 loss_pq_vm:0.00432 loss_pq_va:0.11868 loss_pv_va:0.11371
INFO|2024-09-26 16:01:07: Epoch[047/100], iter[313/392], loss_total:0.37105, loss_equ:0.71505 loss_pq_vm:0.00460 loss_pq_va:0.13061 loss_pv_va:0.12297
INFO|2024-09-26 16:01:38: Epoch[047/100], iter[352/392], loss_total:0.34759, loss_equ:0.74418 loss_pq_vm:0.00438 loss_pq_va:0.11655 loss_pv_va:0.11283
INFO|2024-09-26 16:02:11: Epoch[047/100], iter[392/392], loss_total:0.35018, loss_equ:0.69010 loss_pq_vm:0.00388 loss_pq_va:0.12356 loss_pv_va:0.11884
INFO|2024-09-26 16:03:24: Epoch 46/100, lr:  0.00055158, eta: 5.79h, train_loss:  0.36797, valid_loss:  0.41062
INFO|2024-09-26 16:03:24: 	Train: PQ_Vm_rmse: 0.00015275  PQ_Va_rmse: 0.00534787  PV_Va_rmse: 0.00519933  delta_p: 0.01213829  delta_q: 0.00207088  
INFO|2024-09-26 16:03:24: 	ZTest: PQ_Vm_rmse: 0.00020176  PQ_Va_rmse: 0.00782333  PV_Va_rmse: 0.00743226  delta_p: 0.01533886  delta_q: 0.00200606  
INFO|2024-09-26 16:03:24: 	ZTest-ema: PQ_Vm_rmse: 0.000183  PQ_Va_rmse: 0.006128  PV_Va_rmse: 0.005829  delta_p: 0.012083  delta_q: 0.001606  
INFO|2024-09-26 16:03:24: 	           ValOfEMA:0.006128/0.006128,  Epoch:47/47
INFO|2024-09-26 16:03:24: 	Time(ep):393s,  Val(curr/best):0.007823/0.006926,  Epoch(curr/best):47/43
INFO|2024-09-26 16:03:24: -------------------- Epoch: 48 --------------------
INFO|2024-09-26 16:03:58: Epoch[048/100], iter[040/392], loss_total:0.35177, loss_equ:0.95053 loss_pq_vm:0.00454 loss_pq_va:0.10758 loss_pv_va:0.10372
INFO|2024-09-26 16:04:29: Epoch[048/100], iter[079/392], loss_total:0.43001, loss_equ:1.11248 loss_pq_vm:0.00546 loss_pq_va:0.13298 loss_pv_va:0.13118
INFO|2024-09-26 16:05:00: Epoch[048/100], iter[118/392], loss_total:0.43264, loss_equ:0.97562 loss_pq_vm:0.00566 loss_pq_va:0.13947 loss_pv_va:0.13899
INFO|2024-09-26 16:05:32: Epoch[048/100], iter[157/392], loss_total:0.37880, loss_equ:0.74041 loss_pq_vm:0.00432 loss_pq_va:0.13215 loss_pv_va:0.12938
INFO|2024-09-26 16:06:04: Epoch[048/100], iter[196/392], loss_total:0.47585, loss_equ:1.01674 loss_pq_vm:0.00539 loss_pq_va:0.15925 loss_pv_va:0.16106
INFO|2024-09-26 16:06:36: Epoch[048/100], iter[235/392], loss_total:0.34220, loss_equ:0.75942 loss_pq_vm:0.00430 loss_pq_va:0.11348 loss_pv_va:0.10976
INFO|2024-09-26 16:07:07: Epoch[048/100], iter[274/392], loss_total:0.42532, loss_equ:0.71096 loss_pq_vm:0.00381 loss_pq_va:0.16083 loss_pv_va:0.15527
INFO|2024-09-26 16:07:39: Epoch[048/100], iter[313/392], loss_total:0.38107, loss_equ:0.78095 loss_pq_vm:0.00493 loss_pq_va:0.12851 loss_pv_va:0.12516
INFO|2024-09-26 16:08:10: Epoch[048/100], iter[352/392], loss_total:0.33648, loss_equ:0.68767 loss_pq_vm:0.00390 loss_pq_va:0.11650 loss_pv_va:0.11221
INFO|2024-09-26 16:08:43: Epoch[048/100], iter[392/392], loss_total:0.31751, loss_equ:0.65577 loss_pq_vm:0.00404 loss_pq_va:0.10783 loss_pv_va:0.10372
INFO|2024-09-26 16:09:56: Epoch 47/100, lr:  0.00053608, eta: 5.66h, train_loss:  0.39993, valid_loss:  0.38188
INFO|2024-09-26 16:09:56: 	Train: PQ_Vm_rmse: 0.00015452  PQ_Va_rmse: 0.00631700  PV_Va_rmse: 0.00615253  delta_p: 0.01712032  delta_q: 0.00245640  
INFO|2024-09-26 16:09:56: 	ZTest: PQ_Vm_rmse: 0.00021400  PQ_Va_rmse: 0.00729257  PV_Va_rmse: 0.00696995  delta_p: 0.01344529  delta_q: 0.00217338  
INFO|2024-09-26 16:09:56: 	ZTest-ema: PQ_Vm_rmse: 0.000182  PQ_Va_rmse: 0.006401  PV_Va_rmse: 0.006114  delta_p: 0.010815  delta_q: 0.001482  
INFO|2024-09-26 16:09:56: 	           ValOfEMA:0.006401/0.006128,  Epoch:48/47
INFO|2024-09-26 16:09:56: 	Time(ep):391s,  Val(curr/best):0.007293/0.006926,  Epoch(curr/best):48/43
INFO|2024-09-26 16:09:56: -------------------- Epoch: 49 --------------------
INFO|2024-09-26 16:10:30: Epoch[049/100], iter[040/392], loss_total:0.33107, loss_equ:0.64598 loss_pq_vm:0.00379 loss_pq_va:0.11681 loss_pv_va:0.11172
INFO|2024-09-26 16:11:02: Epoch[049/100], iter[079/392], loss_total:0.33985, loss_equ:0.66288 loss_pq_vm:0.00387 loss_pq_va:0.12025 loss_pv_va:0.11464
INFO|2024-09-26 16:11:33: Epoch[049/100], iter[118/392], loss_total:0.31630, loss_equ:0.65143 loss_pq_vm:0.00390 loss_pq_va:0.10843 loss_pv_va:0.10377
INFO|2024-09-26 16:12:05: Epoch[049/100], iter[157/392], loss_total:0.32787, loss_equ:0.63899 loss_pq_vm:0.00374 loss_pq_va:0.11587 loss_pv_va:0.11073
INFO|2024-09-26 16:12:37: Epoch[049/100], iter[196/392], loss_total:0.32544, loss_equ:0.65058 loss_pq_vm:0.00381 loss_pq_va:0.11318 loss_pv_va:0.10911
INFO|2024-09-26 16:13:08: Epoch[049/100], iter[235/392], loss_total:0.34095, loss_equ:0.66178 loss_pq_vm:0.00385 loss_pq_va:0.12029 loss_pv_va:0.11594
INFO|2024-09-26 16:13:40: Epoch[049/100], iter[274/392], loss_total:0.32239, loss_equ:0.66128 loss_pq_vm:0.00384 loss_pq_va:0.11114 loss_pv_va:0.10671
INFO|2024-09-26 16:14:12: Epoch[049/100], iter[313/392], loss_total:0.38587, loss_equ:0.71521 loss_pq_vm:0.00440 loss_pq_va:0.13681 loss_pv_va:0.13355
INFO|2024-09-26 16:14:43: Epoch[049/100], iter[352/392], loss_total:0.33010, loss_equ:0.68349 loss_pq_vm:0.00445 loss_pq_va:0.11072 loss_pv_va:0.10648
INFO|2024-09-26 16:15:15: Epoch[049/100], iter[392/392], loss_total:0.36342, loss_equ:0.72928 loss_pq_vm:0.00436 loss_pq_va:0.12650 loss_pv_va:0.12036
INFO|2024-09-26 16:16:28: Epoch 48/100, lr:  0.00052055, eta: 5.55h, train_loss:  0.33081, valid_loss:  0.41591
INFO|2024-09-26 16:16:28: 	Train: PQ_Vm_rmse: 0.00013922  PQ_Va_rmse: 0.00431378  PV_Va_rmse: 0.00418148  delta_p: 0.00839620  delta_q: 0.00171811  
INFO|2024-09-26 16:16:28: 	ZTest: PQ_Vm_rmse: 0.00024913  PQ_Va_rmse: 0.00650289  PV_Va_rmse: 0.00623895  delta_p: 0.01242775  delta_q: 0.00241210  
INFO|2024-09-26 16:16:28: 	ZTest-ema: PQ_Vm_rmse: 0.000178  PQ_Va_rmse: 0.006056  PV_Va_rmse: 0.005776  delta_p: 0.009549  delta_q: 0.001500  
INFO|2024-09-26 16:16:28: 	           ValOfEMA:0.006056/0.006056,  Epoch:49/49
INFO|2024-09-26 16:16:29: 	Time(ep):391s,  Val(curr/best):0.006503/0.006503,  Epoch(curr/best):49/49
INFO|2024-09-26 16:16:29: -------------------- Epoch: 50 --------------------
INFO|2024-09-26 16:17:03: Epoch[050/100], iter[040/392], loss_total:0.33794, loss_equ:0.73447 loss_pq_vm:0.00393 loss_pq_va:0.11432 loss_pv_va:0.11082
INFO|2024-09-26 16:17:35: Epoch[050/100], iter[079/392], loss_total:0.45892, loss_equ:0.75347 loss_pq_vm:0.00472 loss_pq_va:0.17269 loss_pv_va:0.16372
INFO|2024-09-26 16:18:06: Epoch[050/100], iter[118/392], loss_total:0.38345, loss_equ:0.70633 loss_pq_vm:0.00392 loss_pq_va:0.13760 loss_pv_va:0.13598
INFO|2024-09-26 16:18:38: Epoch[050/100], iter[157/392], loss_total:0.33649, loss_equ:0.70990 loss_pq_vm:0.00414 loss_pq_va:0.11396 loss_pv_va:0.11018
INFO|2024-09-26 16:19:09: Epoch[050/100], iter[196/392], loss_total:0.31885, loss_equ:0.69536 loss_pq_vm:0.00409 loss_pq_va:0.10644 loss_pv_va:0.10201
INFO|2024-09-26 16:19:41: Epoch[050/100], iter[235/392], loss_total:0.33381, loss_equ:0.70911 loss_pq_vm:0.00509 loss_pq_va:0.10852 loss_pv_va:0.10350
INFO|2024-09-26 16:20:12: Epoch[050/100], iter[274/392], loss_total:0.34158, loss_equ:0.76092 loss_pq_vm:0.00481 loss_pq_va:0.11044 loss_pv_va:0.10694
INFO|2024-09-26 16:20:44: Epoch[050/100], iter[313/392], loss_total:0.32338, loss_equ:0.65997 loss_pq_vm:0.00383 loss_pq_va:0.11149 loss_pv_va:0.10758
INFO|2024-09-26 16:21:15: Epoch[050/100], iter[352/392], loss_total:0.28952, loss_equ:0.63497 loss_pq_vm:0.00388 loss_pq_va:0.09540 loss_pv_va:0.09185
INFO|2024-09-26 16:21:48: Epoch[050/100], iter[392/392], loss_total:0.34290, loss_equ:0.67106 loss_pq_vm:0.00505 loss_pq_va:0.11528 loss_pv_va:0.10998
INFO|2024-09-26 16:23:01: Epoch 49/100, lr:  0.00050500, eta: 5.45h, train_loss:  0.34378, valid_loss:  0.39590
INFO|2024-09-26 16:23:01: 	Train: PQ_Vm_rmse: 0.00012664  PQ_Va_rmse: 0.00489756  PV_Va_rmse: 0.00477892  delta_p: 0.01152098  delta_q: 0.00175397  
INFO|2024-09-26 16:23:01: 	ZTest: PQ_Vm_rmse: 0.00033891  PQ_Va_rmse: 0.00597071  PV_Va_rmse: 0.00571325  delta_p: 0.01054183  delta_q: 0.00364683  
INFO|2024-09-26 16:23:01: 	ZTest-ema: PQ_Vm_rmse: 0.000164  PQ_Va_rmse: 0.005723  PV_Va_rmse: 0.005472  delta_p: 0.009051  delta_q: 0.001337  
INFO|2024-09-26 16:23:01: 	           ValOfEMA:0.005723/0.005723,  Epoch:50/50
INFO|2024-09-26 16:23:02: 	Time(ep):392s,  Val(curr/best):0.005971/0.005971,  Epoch(curr/best):50/50
INFO|2024-09-26 16:23:02: -------------------- Epoch: 51 --------------------
INFO|2024-09-26 16:23:36: Epoch[051/100], iter[040/392], loss_total:0.34532, loss_equ:0.68966 loss_pq_vm:0.00459 loss_pq_va:0.11812 loss_pv_va:0.11237
INFO|2024-09-26 16:24:08: Epoch[051/100], iter[079/392], loss_total:0.36872, loss_equ:0.67815 loss_pq_vm:0.00392 loss_pq_va:0.13335 loss_pv_va:0.12832
INFO|2024-09-26 16:24:39: Epoch[051/100], iter[118/392], loss_total:0.34450, loss_equ:0.65716 loss_pq_vm:0.00368 loss_pq_va:0.12296 loss_pv_va:0.11899
INFO|2024-09-26 16:25:11: Epoch[051/100], iter[157/392], loss_total:0.34764, loss_equ:0.70223 loss_pq_vm:0.00426 loss_pq_va:0.11955 loss_pv_va:0.11525
INFO|2024-09-26 16:25:43: Epoch[051/100], iter[196/392], loss_total:0.33612, loss_equ:0.68218 loss_pq_vm:0.00438 loss_pq_va:0.11444 loss_pv_va:0.10965
INFO|2024-09-26 16:26:14: Epoch[051/100], iter[235/392], loss_total:0.39526, loss_equ:0.70972 loss_pq_vm:0.00386 loss_pq_va:0.14466 loss_pv_va:0.14104
INFO|2024-09-26 16:26:46: Epoch[051/100], iter[274/392], loss_total:0.37581, loss_equ:0.81449 loss_pq_vm:0.00541 loss_pq_va:0.12051 loss_pv_va:0.11974
INFO|2024-09-26 16:27:18: Epoch[051/100], iter[313/392], loss_total:0.31963, loss_equ:0.68048 loss_pq_vm:0.00400 loss_pq_va:0.10777 loss_pv_va:0.10378
INFO|2024-09-26 16:27:49: Epoch[051/100], iter[352/392], loss_total:0.33920, loss_equ:0.80351 loss_pq_vm:0.00450 loss_pq_va:0.10747 loss_pv_va:0.10634
INFO|2024-09-26 16:28:22: Epoch[051/100], iter[392/392], loss_total:0.33058, loss_equ:0.72176 loss_pq_vm:0.00396 loss_pq_va:0.11137 loss_pv_va:0.10744
INFO|2024-09-26 16:29:35: Epoch 50/100, lr:  0.00048945, eta: 5.35h, train_loss:  0.36597, valid_loss:  0.41950
INFO|2024-09-26 16:29:35: 	Train: PQ_Vm_rmse: 0.00014562  PQ_Va_rmse: 0.00598330  PV_Va_rmse: 0.00585812  delta_p: 0.01179551  delta_q: 0.00197320  
INFO|2024-09-26 16:29:35: 	ZTest: PQ_Vm_rmse: 0.00028983  PQ_Va_rmse: 0.00827142  PV_Va_rmse: 0.00806479  delta_p: 0.01456283  delta_q: 0.00308016  
INFO|2024-09-26 16:29:35: 	ZTest-ema: PQ_Vm_rmse: 0.000174  PQ_Va_rmse: 0.005819  PV_Va_rmse: 0.005573  delta_p: 0.010716  delta_q: 0.001480  
INFO|2024-09-26 16:29:35: 	           ValOfEMA:0.005819/0.005723,  Epoch:51/50
INFO|2024-09-26 16:29:35: 	Time(ep):392s,  Val(curr/best):0.008271/0.005971,  Epoch(curr/best):51/50
INFO|2024-09-26 16:29:35: -------------------- Epoch: 52 --------------------
INFO|2024-09-26 16:30:09: Epoch[052/100], iter[040/392], loss_total:0.39838, loss_equ:0.87354 loss_pq_vm:0.00477 loss_pq_va:0.13495 loss_pv_va:0.12842
INFO|2024-09-26 16:30:41: Epoch[052/100], iter[079/392], loss_total:0.40097, loss_equ:0.73173 loss_pq_vm:0.00434 loss_pq_va:0.14252 loss_pv_va:0.14190
INFO|2024-09-26 16:31:12: Epoch[052/100], iter[118/392], loss_total:0.31640, loss_equ:0.66886 loss_pq_vm:0.00373 loss_pq_va:0.10841 loss_pv_va:0.10379
INFO|2024-09-26 16:31:44: Epoch[052/100], iter[157/392], loss_total:0.34219, loss_equ:0.70809 loss_pq_vm:0.00509 loss_pq_va:0.11260 loss_pv_va:0.10791
INFO|2024-09-26 16:32:16: Epoch[052/100], iter[196/392], loss_total:0.30347, loss_equ:0.65331 loss_pq_vm:0.00371 loss_pq_va:0.10264 loss_pv_va:0.09840
INFO|2024-09-26 16:32:47: Epoch[052/100], iter[235/392], loss_total:0.34620, loss_equ:0.70662 loss_pq_vm:0.00541 loss_pq_va:0.11309 loss_pv_va:0.10835
INFO|2024-09-26 16:33:19: Epoch[052/100], iter[274/392], loss_total:0.40891, loss_equ:0.73963 loss_pq_vm:0.00383 loss_pq_va:0.15013 loss_pv_va:0.14653
INFO|2024-09-26 16:33:50: Epoch[052/100], iter[313/392], loss_total:0.36778, loss_equ:0.86587 loss_pq_vm:0.00397 loss_pq_va:0.12434 loss_pv_va:0.11719
INFO|2024-09-26 16:34:22: Epoch[052/100], iter[352/392], loss_total:0.31969, loss_equ:0.69262 loss_pq_vm:0.00385 loss_pq_va:0.10780 loss_pv_va:0.10409
INFO|2024-09-26 16:34:54: Epoch[052/100], iter[392/392], loss_total:0.31304, loss_equ:0.69028 loss_pq_vm:0.00403 loss_pq_va:0.10393 loss_pv_va:0.09976
INFO|2024-09-26 16:36:07: Epoch 51/100, lr:  0.00047392, eta: 5.22h, train_loss:  0.35539, valid_loss:  0.37890
INFO|2024-09-26 16:36:07: 	Train: PQ_Vm_rmse: 0.00013942  PQ_Va_rmse: 0.00541876  PV_Va_rmse: 0.00527638  delta_p: 0.01355755  delta_q: 0.00202935  
INFO|2024-09-26 16:36:07: 	ZTest: PQ_Vm_rmse: 0.00019470  PQ_Va_rmse: 0.00716375  PV_Va_rmse: 0.00679419  delta_p: 0.01276985  delta_q: 0.00164286  
INFO|2024-09-26 16:36:07: 	ZTest-ema: PQ_Vm_rmse: 0.000185  PQ_Va_rmse: 0.006122  PV_Va_rmse: 0.005813  delta_p: 0.013257  delta_q: 0.001607  
INFO|2024-09-26 16:36:07: 	           ValOfEMA:0.006122/0.005723,  Epoch:52/50
INFO|2024-09-26 16:36:07: 	Time(ep):391s,  Val(curr/best):0.007164/0.005971,  Epoch(curr/best):52/50
INFO|2024-09-26 16:36:07: -------------------- Epoch: 53 --------------------
INFO|2024-09-26 16:36:41: Epoch[053/100], iter[040/392], loss_total:0.33026, loss_equ:0.68581 loss_pq_vm:0.00391 loss_pq_va:0.11335 loss_pv_va:0.10921
INFO|2024-09-26 16:37:13: Epoch[053/100], iter[079/392], loss_total:0.32038, loss_equ:0.66242 loss_pq_vm:0.00374 loss_pq_va:0.11058 loss_pv_va:0.10620
INFO|2024-09-26 16:37:45: Epoch[053/100], iter[118/392], loss_total:0.29981, loss_equ:0.66472 loss_pq_vm:0.00398 loss_pq_va:0.09901 loss_pv_va:0.09450
INFO|2024-09-26 16:38:16: Epoch[053/100], iter[157/392], loss_total:0.31669, loss_equ:0.65035 loss_pq_vm:0.00382 loss_pq_va:0.10854 loss_pv_va:0.10488
INFO|2024-09-26 16:38:48: Epoch[053/100], iter[196/392], loss_total:0.34208, loss_equ:0.79555 loss_pq_vm:0.00416 loss_pq_va:0.11130 loss_pv_va:0.10958
INFO|2024-09-26 16:39:19: Epoch[053/100], iter[235/392], loss_total:0.31239, loss_equ:0.69164 loss_pq_vm:0.00376 loss_pq_va:0.10427 loss_pv_va:0.10131
INFO|2024-09-26 16:39:51: Epoch[053/100], iter[274/392], loss_total:0.41440, loss_equ:0.95486 loss_pq_vm:0.00521 loss_pq_va:0.13469 loss_pv_va:0.13216
INFO|2024-09-26 16:40:23: Epoch[053/100], iter[313/392], loss_total:0.35389, loss_equ:0.72933 loss_pq_vm:0.00500 loss_pq_va:0.11730 loss_pv_va:0.11362
INFO|2024-09-26 16:40:54: Epoch[053/100], iter[352/392], loss_total:0.31417, loss_equ:0.67232 loss_pq_vm:0.00454 loss_pq_va:0.10302 loss_pv_va:0.09849
INFO|2024-09-26 16:41:27: Epoch[053/100], iter[392/392], loss_total:0.32164, loss_equ:0.73364 loss_pq_vm:0.00488 loss_pq_va:0.10216 loss_pv_va:0.09736
INFO|2024-09-26 16:42:40: Epoch 52/100, lr:  0.00045842, eta: 5.12h, train_loss:  0.34398, valid_loss:  0.38471
INFO|2024-09-26 16:42:40: 	Train: PQ_Vm_rmse: 0.00015375  PQ_Va_rmse: 0.00452715  PV_Va_rmse: 0.00439952  delta_p: 0.01289293  delta_q: 0.00203603  
INFO|2024-09-26 16:42:40: 	ZTest: PQ_Vm_rmse: 0.00021518  PQ_Va_rmse: 0.00668179  PV_Va_rmse: 0.00630294  delta_p: 0.01680071  delta_q: 0.00287113  
INFO|2024-09-26 16:42:40: 	ZTest-ema: PQ_Vm_rmse: 0.000188  PQ_Va_rmse: 0.006347  PV_Va_rmse: 0.006033  delta_p: 0.008969  delta_q: 0.001567  
INFO|2024-09-26 16:42:40: 	           ValOfEMA:0.006347/0.005723,  Epoch:53/50
INFO|2024-09-26 16:42:40: 	Time(ep):392s,  Val(curr/best):0.006682/0.005971,  Epoch(curr/best):53/50
INFO|2024-09-26 16:42:40: -------------------- Epoch: 54 --------------------
INFO|2024-09-26 16:43:14: Epoch[054/100], iter[040/392], loss_total:0.36670, loss_equ:0.70720 loss_pq_vm:0.00540 loss_pq_va:0.12417 loss_pv_va:0.11780
INFO|2024-09-26 16:43:45: Epoch[054/100], iter[079/392], loss_total:0.43188, loss_equ:0.90157 loss_pq_vm:0.00930 loss_pq_va:0.12775 loss_pv_va:0.12096
INFO|2024-09-26 16:44:17: Epoch[054/100], iter[118/392], loss_total:0.41523, loss_equ:0.76788 loss_pq_vm:0.00573 loss_pq_va:0.14293 loss_pv_va:0.13823
INFO|2024-09-26 16:44:49: Epoch[054/100], iter[157/392], loss_total:0.40883, loss_equ:0.78904 loss_pq_vm:0.00405 loss_pq_va:0.15006 loss_pv_va:0.13940
INFO|2024-09-26 16:45:20: Epoch[054/100], iter[196/392], loss_total:0.31166, loss_equ:0.68317 loss_pq_vm:0.00361 loss_pq_va:0.10647 loss_pv_va:0.10075
INFO|2024-09-26 16:45:51: Epoch[054/100], iter[235/392], loss_total:0.44344, loss_equ:0.72210 loss_pq_vm:0.00400 loss_pq_va:0.16979 loss_pv_va:0.16146
INFO|2024-09-26 16:46:23: Epoch[054/100], iter[274/392], loss_total:0.40061, loss_equ:0.85458 loss_pq_vm:0.00501 loss_pq_va:0.13397 loss_pv_va:0.13113
INFO|2024-09-26 16:46:55: Epoch[054/100], iter[313/392], loss_total:0.31599, loss_equ:0.66669 loss_pq_vm:0.00370 loss_pq_va:0.10812 loss_pv_va:0.10423
INFO|2024-09-26 16:47:26: Epoch[054/100], iter[352/392], loss_total:0.30231, loss_equ:0.63288 loss_pq_vm:0.00425 loss_pq_va:0.09987 loss_pv_va:0.09662
INFO|2024-09-26 16:47:59: Epoch[054/100], iter[392/392], loss_total:0.37288, loss_equ:0.77578 loss_pq_vm:0.00538 loss_pq_va:0.12401 loss_pv_va:0.11751
INFO|2024-09-26 16:49:12: Epoch 53/100, lr:  0.00044296, eta: 5.0h, train_loss:  0.38575, valid_loss:  0.43128
INFO|2024-09-26 16:49:12: 	Train: PQ_Vm_rmse: 0.00019893  PQ_Va_rmse: 0.00671021  PV_Va_rmse: 0.00649906  delta_p: 0.01527568  delta_q: 0.00250643  
INFO|2024-09-26 16:49:12: 	ZTest: PQ_Vm_rmse: 0.00025181  PQ_Va_rmse: 0.00840319  PV_Va_rmse: 0.00802158  delta_p: 0.01331864  delta_q: 0.00262574  
INFO|2024-09-26 16:49:12: 	ZTest-ema: PQ_Vm_rmse: 0.000192  PQ_Va_rmse: 0.006282  PV_Va_rmse: 0.005983  delta_p: 0.008453  delta_q: 0.001265  
INFO|2024-09-26 16:49:12: 	           ValOfEMA:0.006282/0.005723,  Epoch:54/50
INFO|2024-09-26 16:49:12: 	Time(ep):391s,  Val(curr/best):0.008403/0.005971,  Epoch(curr/best):54/50
INFO|2024-09-26 16:49:12: -------------------- Epoch: 55 --------------------
INFO|2024-09-26 16:49:46: Epoch[055/100], iter[040/392], loss_total:0.32596, loss_equ:0.67504 loss_pq_vm:0.00372 loss_pq_va:0.11189 loss_pv_va:0.10939
INFO|2024-09-26 16:50:18: Epoch[055/100], iter[079/392], loss_total:0.31165, loss_equ:0.64276 loss_pq_vm:0.00419 loss_pq_va:0.10440 loss_pv_va:0.10112
INFO|2024-09-26 16:50:49: Epoch[055/100], iter[118/392], loss_total:0.33701, loss_equ:0.69425 loss_pq_vm:0.00431 loss_pq_va:0.11455 loss_pv_va:0.10992
INFO|2024-09-26 16:51:21: Epoch[055/100], iter[157/392], loss_total:0.30625, loss_equ:0.65839 loss_pq_vm:0.00415 loss_pq_va:0.10126 loss_pv_va:0.09762
INFO|2024-09-26 16:51:53: Epoch[055/100], iter[196/392], loss_total:0.33978, loss_equ:0.68313 loss_pq_vm:0.00404 loss_pq_va:0.11785 loss_pv_va:0.11323
INFO|2024-09-26 16:52:25: Epoch[055/100], iter[235/392], loss_total:0.33047, loss_equ:0.66307 loss_pq_vm:0.00365 loss_pq_va:0.11607 loss_pv_va:0.11155
INFO|2024-09-26 16:52:57: Epoch[055/100], iter[274/392], loss_total:0.34370, loss_equ:0.66332 loss_pq_vm:0.00361 loss_pq_va:0.12252 loss_pv_va:0.11876
INFO|2024-09-26 16:53:28: Epoch[055/100], iter[313/392], loss_total:0.33771, loss_equ:0.69924 loss_pq_vm:0.00363 loss_pq_va:0.11805 loss_pv_va:0.11340
INFO|2024-09-26 16:54:00: Epoch[055/100], iter[352/392], loss_total:0.34134, loss_equ:0.71953 loss_pq_vm:0.00356 loss_pq_va:0.11805 loss_pv_va:0.11576
INFO|2024-09-26 16:54:32: Epoch[055/100], iter[392/392], loss_total:0.34597, loss_equ:0.71485 loss_pq_vm:0.00467 loss_pq_va:0.11551 loss_pv_va:0.11225
INFO|2024-09-26 16:55:45: Epoch 54/100, lr:  0.00042756, eta: 4.91h, train_loss:  0.33122, valid_loss:  0.36966
INFO|2024-09-26 16:55:45: 	Train: PQ_Vm_rmse: 0.00011449  PQ_Va_rmse: 0.00478703  PV_Va_rmse: 0.00468351  delta_p: 0.01117161  delta_q: 0.00157835  
INFO|2024-09-26 16:55:45: 	ZTest: PQ_Vm_rmse: 0.00019755  PQ_Va_rmse: 0.00613301  PV_Va_rmse: 0.00589231  delta_p: 0.01475282  delta_q: 0.00264969  
INFO|2024-09-26 16:55:45: 	ZTest-ema: PQ_Vm_rmse: 0.000178  PQ_Va_rmse: 0.005888  PV_Va_rmse: 0.005623  delta_p: 0.010722  delta_q: 0.001403  
INFO|2024-09-26 16:55:45: 	           ValOfEMA:0.005888/0.005723,  Epoch:55/50
INFO|2024-09-26 16:55:45: 	Time(ep):392s,  Val(curr/best):0.006133/0.005971,  Epoch(curr/best):55/50
INFO|2024-09-26 16:55:45: -------------------- Epoch: 56 --------------------
INFO|2024-09-26 16:56:19: Epoch[056/100], iter[040/392], loss_total:0.32403, loss_equ:0.69379 loss_pq_vm:0.00432 loss_pq_va:0.10781 loss_pv_va:0.10365
INFO|2024-09-26 16:56:50: Epoch[056/100], iter[079/392], loss_total:0.30635, loss_equ:0.66504 loss_pq_vm:0.00391 loss_pq_va:0.10275 loss_pv_va:0.09803
INFO|2024-09-26 16:57:22: Epoch[056/100], iter[118/392], loss_total:0.33444, loss_equ:0.67225 loss_pq_vm:0.00373 loss_pq_va:0.11728 loss_pv_va:0.11261
INFO|2024-09-26 16:57:54: Epoch[056/100], iter[157/392], loss_total:0.33025, loss_equ:0.65451 loss_pq_vm:0.00376 loss_pq_va:0.11587 loss_pv_va:0.11136
INFO|2024-09-26 16:58:25: Epoch[056/100], iter[196/392], loss_total:0.30094, loss_equ:0.62642 loss_pq_vm:0.00353 loss_pq_va:0.10322 loss_pv_va:0.09979
INFO|2024-09-26 16:58:57: Epoch[056/100], iter[235/392], loss_total:0.28171, loss_equ:0.61325 loss_pq_vm:0.00359 loss_pq_va:0.09414 loss_pv_va:0.09035
INFO|2024-09-26 16:59:29: Epoch[056/100], iter[274/392], loss_total:0.30443, loss_equ:0.62453 loss_pq_vm:0.00371 loss_pq_va:0.10487 loss_pv_va:0.10003
INFO|2024-09-26 17:00:00: Epoch[056/100], iter[313/392], loss_total:0.32663, loss_equ:0.80294 loss_pq_vm:0.00396 loss_pq_va:0.10517 loss_pv_va:0.10153
INFO|2024-09-26 17:00:32: Epoch[056/100], iter[352/392], loss_total:0.30464, loss_equ:0.69247 loss_pq_vm:0.00375 loss_pq_va:0.10105 loss_pv_va:0.09682
INFO|2024-09-26 17:01:04: Epoch[056/100], iter[392/392], loss_total:0.44713, loss_equ:0.71296 loss_pq_vm:0.00441 loss_pq_va:0.16781 loss_pv_va:0.16394
INFO|2024-09-26 17:02:17: Epoch 55/100, lr:  0.00041225, eta: 4.78h, train_loss:  0.31836, valid_loss:  0.46855
INFO|2024-09-26 17:02:17: 	Train: PQ_Vm_rmse: 0.00010895  PQ_Va_rmse: 0.00411904  PV_Va_rmse: 0.00398378  delta_p: 0.01058690  delta_q: 0.00152094  
INFO|2024-09-26 17:02:17: 	ZTest: PQ_Vm_rmse: 0.00019608  PQ_Va_rmse: 0.01224064  PV_Va_rmse: 0.01230875  delta_p: 0.01753946  delta_q: 0.00227401  
INFO|2024-09-26 17:02:17: 	ZTest-ema: PQ_Vm_rmse: 0.000164  PQ_Va_rmse: 0.005869  PV_Va_rmse: 0.005588  delta_p: 0.011044  delta_q: 0.001406  
INFO|2024-09-26 17:02:17: 	           ValOfEMA:0.005869/0.005723,  Epoch:56/50
INFO|2024-09-26 17:02:17: 	Time(ep):391s,  Val(curr/best):0.012309/0.005971,  Epoch(curr/best):56/50
INFO|2024-09-26 17:02:17: -------------------- Epoch: 57 --------------------
INFO|2024-09-26 17:02:51: Epoch[057/100], iter[040/392], loss_total:0.31142, loss_equ:0.64794 loss_pq_vm:0.00365 loss_pq_va:0.10716 loss_pv_va:0.10293
INFO|2024-09-26 17:03:23: Epoch[057/100], iter[079/392], loss_total:0.29119, loss_equ:0.65240 loss_pq_vm:0.00377 loss_pq_va:0.09616 loss_pv_va:0.09208
INFO|2024-09-26 17:03:54: Epoch[057/100], iter[118/392], loss_total:0.29877, loss_equ:0.65524 loss_pq_vm:0.00365 loss_pq_va:0.10063 loss_pv_va:0.09616
INFO|2024-09-26 17:04:26: Epoch[057/100], iter[157/392], loss_total:0.33630, loss_equ:0.64667 loss_pq_vm:0.00391 loss_pq_va:0.11881 loss_pv_va:0.11372
INFO|2024-09-26 17:04:58: Epoch[057/100], iter[196/392], loss_total:0.30134, loss_equ:0.66386 loss_pq_vm:0.00441 loss_pq_va:0.09745 loss_pv_va:0.09337
INFO|2024-09-26 17:05:29: Epoch[057/100], iter[235/392], loss_total:0.31882, loss_equ:0.70680 loss_pq_vm:0.00409 loss_pq_va:0.10656 loss_pv_va:0.10072
INFO|2024-09-26 17:06:01: Epoch[057/100], iter[274/392], loss_total:0.33334, loss_equ:0.70391 loss_pq_vm:0.00450 loss_pq_va:0.10952 loss_pv_va:0.10841
INFO|2024-09-26 17:06:32: Epoch[057/100], iter[313/392], loss_total:0.34497, loss_equ:0.74425 loss_pq_vm:0.00522 loss_pq_va:0.10984 loss_pv_va:0.10846
INFO|2024-09-26 17:07:04: Epoch[057/100], iter[352/392], loss_total:0.31553, loss_equ:0.67256 loss_pq_vm:0.00514 loss_pq_va:0.10053 loss_pv_va:0.09639
INFO|2024-09-26 17:07:36: Epoch[057/100], iter[392/392], loss_total:0.32989, loss_equ:0.71452 loss_pq_vm:0.00458 loss_pq_va:0.10839 loss_pv_va:0.10424
INFO|2024-09-26 17:08:49: Epoch 56/100, lr:  0.00039702, eta: 4.68h, train_loss:  0.32377, valid_loss:  0.39167
INFO|2024-09-26 17:08:49: 	Train: PQ_Vm_rmse: 0.00015291  PQ_Va_rmse: 0.00426034  PV_Va_rmse: 0.00412902  delta_p: 0.01145465  delta_q: 0.00176686  
INFO|2024-09-26 17:08:49: 	ZTest: PQ_Vm_rmse: 0.00019128  PQ_Va_rmse: 0.00676317  PV_Va_rmse: 0.00679523  delta_p: 0.02358592  delta_q: 0.00223553  
INFO|2024-09-26 17:08:49: 	ZTest-ema: PQ_Vm_rmse: 0.000159  PQ_Va_rmse: 0.005336  PV_Va_rmse: 0.005070  delta_p: 0.009154  delta_q: 0.001372  
INFO|2024-09-26 17:08:49: 	           ValOfEMA:0.005336/0.005336,  Epoch:57/57
INFO|2024-09-26 17:08:49: 	Time(ep):391s,  Val(curr/best):0.006795/0.005971,  Epoch(curr/best):57/50
INFO|2024-09-26 17:08:49: -------------------- Epoch: 58 --------------------
INFO|2024-09-26 17:09:23: Epoch[058/100], iter[040/392], loss_total:0.30672, loss_equ:0.67652 loss_pq_vm:0.00369 loss_pq_va:0.10351 loss_pv_va:0.09868
INFO|2024-09-26 17:09:55: Epoch[058/100], iter[079/392], loss_total:0.32215, loss_equ:0.65434 loss_pq_vm:0.00372 loss_pq_va:0.11263 loss_pv_va:0.10687
INFO|2024-09-26 17:10:26: Epoch[058/100], iter[118/392], loss_total:0.30240, loss_equ:0.64038 loss_pq_vm:0.00378 loss_pq_va:0.10263 loss_pv_va:0.09790
INFO|2024-09-26 17:10:58: Epoch[058/100], iter[157/392], loss_total:0.29630, loss_equ:0.62223 loss_pq_vm:0.00387 loss_pq_va:0.09960 loss_pv_va:0.09574
INFO|2024-09-26 17:11:30: Epoch[058/100], iter[196/392], loss_total:0.36722, loss_equ:0.76723 loss_pq_vm:0.00618 loss_pq_va:0.11616 loss_pv_va:0.11256
INFO|2024-09-26 17:12:01: Epoch[058/100], iter[235/392], loss_total:0.35164, loss_equ:0.81272 loss_pq_vm:0.00566 loss_pq_va:0.10910 loss_pv_va:0.10462
INFO|2024-09-26 17:12:33: Epoch[058/100], iter[274/392], loss_total:0.31757, loss_equ:0.71661 loss_pq_vm:0.00404 loss_pq_va:0.10415 loss_pv_va:0.10136
INFO|2024-09-26 17:13:05: Epoch[058/100], iter[313/392], loss_total:0.30171, loss_equ:0.66480 loss_pq_vm:0.00373 loss_pq_va:0.10134 loss_pv_va:0.09660
INFO|2024-09-26 17:13:37: Epoch[058/100], iter[352/392], loss_total:0.29193, loss_equ:0.65073 loss_pq_vm:0.00431 loss_pq_va:0.09402 loss_pv_va:0.08974
INFO|2024-09-26 17:14:09: Epoch[058/100], iter[392/392], loss_total:0.29195, loss_equ:0.63548 loss_pq_vm:0.00388 loss_pq_va:0.09637 loss_pv_va:0.09319
INFO|2024-09-26 17:15:22: Epoch 57/100, lr:  0.00038190, eta: 4.58h, train_loss:  0.32223, valid_loss:  0.40577
INFO|2024-09-26 17:15:22: 	Train: PQ_Vm_rmse: 0.00015522  PQ_Va_rmse: 0.00415553  PV_Va_rmse: 0.00403071  delta_p: 0.01048185  delta_q: 0.00192631  
INFO|2024-09-26 17:15:22: 	ZTest: PQ_Vm_rmse: 0.00025551  PQ_Va_rmse: 0.00759707  PV_Va_rmse: 0.00727336  delta_p: 0.01236960  delta_q: 0.00210395  
INFO|2024-09-26 17:15:22: 	ZTest-ema: PQ_Vm_rmse: 0.000171  PQ_Va_rmse: 0.005701  PV_Va_rmse: 0.005390  delta_p: 0.009311  delta_q: 0.001348  
INFO|2024-09-26 17:15:22: 	           ValOfEMA:0.005701/0.005336,  Epoch:58/57
INFO|2024-09-26 17:15:22: 	Time(ep):392s,  Val(curr/best):0.007597/0.005971,  Epoch(curr/best):58/50
INFO|2024-09-26 17:15:22: -------------------- Epoch: 59 --------------------
INFO|2024-09-26 17:15:56: Epoch[059/100], iter[040/392], loss_total:0.31094, loss_equ:0.68113 loss_pq_vm:0.00451 loss_pq_va:0.10104 loss_pv_va:0.09670
INFO|2024-09-26 17:16:28: Epoch[059/100], iter[079/392], loss_total:0.30655, loss_equ:0.63568 loss_pq_vm:0.00434 loss_pq_va:0.10203 loss_pv_va:0.09753
INFO|2024-09-26 17:16:59: Epoch[059/100], iter[118/392], loss_total:0.30315, loss_equ:0.66552 loss_pq_vm:0.00503 loss_pq_va:0.09523 loss_pv_va:0.09106
INFO|2024-09-26 17:17:31: Epoch[059/100], iter[157/392], loss_total:0.31010, loss_equ:0.65099 loss_pq_vm:0.00386 loss_pq_va:0.10506 loss_pv_va:0.10131
INFO|2024-09-26 17:18:02: Epoch[059/100], iter[196/392], loss_total:0.28360, loss_equ:0.62005 loss_pq_vm:0.00380 loss_pq_va:0.09381 loss_pv_va:0.08976
INFO|2024-09-26 17:18:34: Epoch[059/100], iter[235/392], loss_total:0.31262, loss_equ:0.65200 loss_pq_vm:0.00424 loss_pq_va:0.10490 loss_pv_va:0.10012
INFO|2024-09-26 17:19:06: Epoch[059/100], iter[274/392], loss_total:0.28522, loss_equ:0.60919 loss_pq_vm:0.00377 loss_pq_va:0.09548 loss_pv_va:0.09117
INFO|2024-09-26 17:19:37: Epoch[059/100], iter[313/392], loss_total:0.33127, loss_equ:0.67640 loss_pq_vm:0.00452 loss_pq_va:0.11113 loss_pv_va:0.10733
INFO|2024-09-26 17:20:09: Epoch[059/100], iter[352/392], loss_total:0.31369, loss_equ:0.65796 loss_pq_vm:0.00427 loss_pq_va:0.10546 loss_pv_va:0.09977
INFO|2024-09-26 17:20:41: Epoch[059/100], iter[392/392], loss_total:0.31042, loss_equ:0.63982 loss_pq_vm:0.00380 loss_pq_va:0.10740 loss_pv_va:0.10105
INFO|2024-09-26 17:21:54: Epoch 58/100, lr:  0.00036690, eta: 4.47h, train_loss:  0.31547, valid_loss:  0.35109
INFO|2024-09-26 17:21:54: 	Train: PQ_Vm_rmse: 0.00014070  PQ_Va_rmse: 0.00416967  PV_Va_rmse: 0.00402152  delta_p: 0.00936442  delta_q: 0.00163795  
INFO|2024-09-26 17:21:54: 	ZTest: PQ_Vm_rmse: 0.00020374  PQ_Va_rmse: 0.00568536  PV_Va_rmse: 0.00538838  delta_p: 0.01218099  delta_q: 0.00241899  
INFO|2024-09-26 17:21:54: 	ZTest-ema: PQ_Vm_rmse: 0.000164  PQ_Va_rmse: 0.005479  PV_Va_rmse: 0.005194  delta_p: 0.010136  delta_q: 0.001405  
INFO|2024-09-26 17:21:54: 	           ValOfEMA:0.005479/0.005336,  Epoch:59/57
INFO|2024-09-26 17:21:55: 	Time(ep):392s,  Val(curr/best):0.005685/0.005685,  Epoch(curr/best):59/59
INFO|2024-09-26 17:21:55: -------------------- Epoch: 60 --------------------
INFO|2024-09-26 17:22:29: Epoch[060/100], iter[040/392], loss_total:0.27783, loss_equ:0.61302 loss_pq_vm:0.00360 loss_pq_va:0.09223 loss_pv_va:0.08829
INFO|2024-09-26 17:23:01: Epoch[060/100], iter[079/392], loss_total:0.29926, loss_equ:0.65095 loss_pq_vm:0.00388 loss_pq_va:0.10003 loss_pv_va:0.09538
INFO|2024-09-26 17:23:32: Epoch[060/100], iter[118/392], loss_total:0.33865, loss_equ:0.68682 loss_pq_vm:0.00403 loss_pq_va:0.11764 loss_pv_va:0.11206
INFO|2024-09-26 17:24:04: Epoch[060/100], iter[157/392], loss_total:0.28508, loss_equ:0.62154 loss_pq_vm:0.00382 loss_pq_va:0.09437 loss_pv_va:0.09033
INFO|2024-09-26 17:24:36: Epoch[060/100], iter[196/392], loss_total:0.30906, loss_equ:0.66673 loss_pq_vm:0.00534 loss_pq_va:0.09627 loss_pv_va:0.09274
INFO|2024-09-26 17:25:07: Epoch[060/100], iter[235/392], loss_total:0.33875, loss_equ:0.65739 loss_pq_vm:0.00388 loss_pq_va:0.12042 loss_pv_va:0.11375
INFO|2024-09-26 17:25:39: Epoch[060/100], iter[274/392], loss_total:0.39880, loss_equ:0.74848 loss_pq_vm:0.00476 loss_pq_va:0.13879 loss_pv_va:0.13754
INFO|2024-09-26 17:26:10: Epoch[060/100], iter[313/392], loss_total:0.30406, loss_equ:0.64202 loss_pq_vm:0.00406 loss_pq_va:0.10163 loss_pv_va:0.09764
INFO|2024-09-26 17:26:41: Epoch[060/100], iter[352/392], loss_total:0.33117, loss_equ:0.68566 loss_pq_vm:0.00438 loss_pq_va:0.11234 loss_pv_va:0.10647
INFO|2024-09-26 17:27:14: Epoch[060/100], iter[392/392], loss_total:0.30554, loss_equ:0.62894 loss_pq_vm:0.00388 loss_pq_va:0.10410 loss_pv_va:0.09977
INFO|2024-09-26 17:28:27: Epoch 59/100, lr:  0.00035204, eta: 4.35h, train_loss:  0.30858, valid_loss:  0.36685
INFO|2024-09-26 17:28:27: 	Train: PQ_Vm_rmse: 0.00012506  PQ_Va_rmse: 0.00400411  PV_Va_rmse: 0.00385891  delta_p: 0.01005765  delta_q: 0.00162365  
INFO|2024-09-26 17:28:27: 	ZTest: PQ_Vm_rmse: 0.00017008  PQ_Va_rmse: 0.00619922  PV_Va_rmse: 0.00592316  delta_p: 0.01148128  delta_q: 0.00169114  
INFO|2024-09-26 17:28:27: 	ZTest-ema: PQ_Vm_rmse: 0.000157  PQ_Va_rmse: 0.005301  PV_Va_rmse: 0.005021  delta_p: 0.009116  delta_q: 0.001332  
INFO|2024-09-26 17:28:27: 	           ValOfEMA:0.005301/0.005301,  Epoch:60/60
INFO|2024-09-26 17:28:27: 	Time(ep):391s,  Val(curr/best):0.006199/0.005685,  Epoch(curr/best):60/59
INFO|2024-09-26 17:28:27: -------------------- Epoch: 61 --------------------
INFO|2024-09-26 17:29:01: Epoch[061/100], iter[040/392], loss_total:0.29145, loss_equ:0.61882 loss_pq_vm:0.00384 loss_pq_va:0.09778 loss_pv_va:0.09338
INFO|2024-09-26 17:29:33: Epoch[061/100], iter[079/392], loss_total:0.30333, loss_equ:0.66938 loss_pq_vm:0.00367 loss_pq_va:0.10252 loss_pv_va:0.09718
INFO|2024-09-26 17:30:05: Epoch[061/100], iter[118/392], loss_total:0.30930, loss_equ:0.64658 loss_pq_vm:0.00536 loss_pq_va:0.09672 loss_pv_va:0.09432
INFO|2024-09-26 17:30:36: Epoch[061/100], iter[157/392], loss_total:0.33490, loss_equ:0.69816 loss_pq_vm:0.00487 loss_pq_va:0.10998 loss_pv_va:0.10645
INFO|2024-09-26 17:31:08: Epoch[061/100], iter[196/392], loss_total:0.27513, loss_equ:0.62207 loss_pq_vm:0.00364 loss_pq_va:0.09014 loss_pv_va:0.08640
INFO|2024-09-26 17:31:40: Epoch[061/100], iter[235/392], loss_total:0.32218, loss_equ:0.68247 loss_pq_vm:0.00454 loss_pq_va:0.10647 loss_pv_va:0.10205
INFO|2024-09-26 17:32:11: Epoch[061/100], iter[274/392], loss_total:0.33501, loss_equ:0.72659 loss_pq_vm:0.00433 loss_pq_va:0.11196 loss_pv_va:0.10711
INFO|2024-09-26 17:32:43: Epoch[061/100], iter[313/392], loss_total:0.33472, loss_equ:0.71386 loss_pq_vm:0.00430 loss_pq_va:0.11277 loss_pv_va:0.10756
INFO|2024-09-26 17:33:15: Epoch[061/100], iter[352/392], loss_total:0.30452, loss_equ:0.62957 loss_pq_vm:0.00367 loss_pq_va:0.10477 loss_pv_va:0.10011
INFO|2024-09-26 17:33:47: Epoch[061/100], iter[392/392], loss_total:0.28783, loss_equ:0.64127 loss_pq_vm:0.00366 loss_pq_va:0.09576 loss_pv_va:0.09134
INFO|2024-09-26 17:35:00: Epoch 60/100, lr:  0.00033732, eta: 4.26h, train_loss:  0.31125, valid_loss:  0.33806
INFO|2024-09-26 17:35:00: 	Train: PQ_Vm_rmse: 0.00013401  PQ_Va_rmse: 0.00409536  PV_Va_rmse: 0.00397113  delta_p: 0.00999826  delta_q: 0.00178656  
INFO|2024-09-26 17:35:00: 	ZTest: PQ_Vm_rmse: 0.00016914  PQ_Va_rmse: 0.00555850  PV_Va_rmse: 0.00526245  delta_p: 0.00964834  delta_q: 0.00148789  
INFO|2024-09-26 17:35:00: 	ZTest-ema: PQ_Vm_rmse: 0.000159  PQ_Va_rmse: 0.005557  PV_Va_rmse: 0.005292  delta_p: 0.008717  delta_q: 0.001201  
INFO|2024-09-26 17:35:00: 	           ValOfEMA:0.005557/0.005301,  Epoch:61/60
INFO|2024-09-26 17:35:01: 	Time(ep):393s,  Val(curr/best):0.005558/0.005558,  Epoch(curr/best):61/61
INFO|2024-09-26 17:35:01: -------------------- Epoch: 62 --------------------
INFO|2024-09-26 17:35:35: Epoch[062/100], iter[040/392], loss_total:0.33149, loss_equ:0.66846 loss_pq_vm:0.00445 loss_pq_va:0.11194 loss_pv_va:0.10823
INFO|2024-09-26 17:36:06: Epoch[062/100], iter[079/392], loss_total:0.32548, loss_equ:0.64436 loss_pq_vm:0.00438 loss_pq_va:0.11075 loss_pv_va:0.10645
INFO|2024-09-26 17:36:38: Epoch[062/100], iter[118/392], loss_total:0.30785, loss_equ:0.65242 loss_pq_vm:0.00415 loss_pq_va:0.10286 loss_pv_va:0.09825
INFO|2024-09-26 17:37:09: Epoch[062/100], iter[157/392], loss_total:0.31018, loss_equ:0.64294 loss_pq_vm:0.00413 loss_pq_va:0.10492 loss_pv_va:0.09969
INFO|2024-09-26 17:37:41: Epoch[062/100], iter[196/392], loss_total:0.33603, loss_equ:0.67184 loss_pq_vm:0.00525 loss_pq_va:0.11083 loss_pv_va:0.10554
INFO|2024-09-26 17:38:12: Epoch[062/100], iter[235/392], loss_total:0.27655, loss_equ:0.59426 loss_pq_vm:0.00370 loss_pq_va:0.09187 loss_pv_va:0.08827
INFO|2024-09-26 17:38:44: Epoch[062/100], iter[274/392], loss_total:0.40484, loss_equ:0.68450 loss_pq_vm:0.00417 loss_pq_va:0.15124 loss_pv_va:0.14343
INFO|2024-09-26 17:39:16: Epoch[062/100], iter[313/392], loss_total:0.31775, loss_equ:0.70405 loss_pq_vm:0.00597 loss_pq_va:0.09553 loss_pv_va:0.09214
INFO|2024-09-26 17:39:47: Epoch[062/100], iter[352/392], loss_total:0.27745, loss_equ:0.63055 loss_pq_vm:0.00367 loss_pq_va:0.09114 loss_pv_va:0.08661
INFO|2024-09-26 17:40:20: Epoch[062/100], iter[392/392], loss_total:0.32295, loss_equ:0.66550 loss_pq_vm:0.00550 loss_pq_va:0.10282 loss_pv_va:0.09862
INFO|2024-09-26 17:41:32: Epoch 61/100, lr:  0.00032278, eta: 4.13h, train_loss:  0.30961, valid_loss:  0.36476
INFO|2024-09-26 17:41:32: 	Train: PQ_Vm_rmse: 0.00013284  PQ_Va_rmse: 0.00416279  PV_Va_rmse: 0.00402522  delta_p: 0.00919322  delta_q: 0.00163441  
INFO|2024-09-26 17:41:32: 	ZTest: PQ_Vm_rmse: 0.00026403  PQ_Va_rmse: 0.00598114  PV_Va_rmse: 0.00575941  delta_p: 0.01125592  delta_q: 0.00202107  
INFO|2024-09-26 17:41:32: 	ZTest-ema: PQ_Vm_rmse: 0.000159  PQ_Va_rmse: 0.005611  PV_Va_rmse: 0.005340  delta_p: 0.007871  delta_q: 0.001170  
INFO|2024-09-26 17:41:32: 	           ValOfEMA:0.005611/0.005301,  Epoch:62/60
INFO|2024-09-26 17:41:33: 	Time(ep):391s,  Val(curr/best):0.005981/0.005558,  Epoch(curr/best):62/61
INFO|2024-09-26 17:41:33: -------------------- Epoch: 63 --------------------
INFO|2024-09-26 17:42:06: Epoch[063/100], iter[040/392], loss_total:0.31928, loss_equ:0.63298 loss_pq_vm:0.00416 loss_pq_va:0.10852 loss_pv_va:0.10590
INFO|2024-09-26 17:42:38: Epoch[063/100], iter[079/392], loss_total:0.28294, loss_equ:0.59344 loss_pq_vm:0.00350 loss_pq_va:0.09656 loss_pv_va:0.09201
INFO|2024-09-26 17:43:09: Epoch[063/100], iter[118/392], loss_total:0.31139, loss_equ:0.61458 loss_pq_vm:0.00374 loss_pq_va:0.10906 loss_pv_va:0.10350
INFO|2024-09-26 17:43:41: Epoch[063/100], iter[157/392], loss_total:0.30575, loss_equ:0.66421 loss_pq_vm:0.00374 loss_pq_va:0.10414 loss_pv_va:0.09775
INFO|2024-09-26 17:44:13: Epoch[063/100], iter[196/392], loss_total:0.28689, loss_equ:0.62363 loss_pq_vm:0.00399 loss_pq_va:0.09436 loss_pv_va:0.09029
INFO|2024-09-26 17:44:44: Epoch[063/100], iter[235/392], loss_total:0.30381, loss_equ:0.62449 loss_pq_vm:0.00422 loss_pq_va:0.10167 loss_pv_va:0.09754
INFO|2024-09-26 17:45:16: Epoch[063/100], iter[274/392], loss_total:0.33489, loss_equ:0.64072 loss_pq_vm:0.00392 loss_pq_va:0.11780 loss_pv_va:0.11379
INFO|2024-09-26 17:45:47: Epoch[063/100], iter[313/392], loss_total:0.29437, loss_equ:0.60627 loss_pq_vm:0.00367 loss_pq_va:0.10117 loss_pv_va:0.09588
INFO|2024-09-26 17:46:19: Epoch[063/100], iter[352/392], loss_total:0.30503, loss_equ:0.66462 loss_pq_vm:0.00374 loss_pq_va:0.10246 loss_pv_va:0.09869
INFO|2024-09-26 17:46:51: Epoch[063/100], iter[392/392], loss_total:0.36459, loss_equ:0.73611 loss_pq_vm:0.00485 loss_pq_va:0.12373 loss_pv_va:0.11872
INFO|2024-09-26 17:48:04: Epoch 62/100, lr:  0.00030841, eta: 4.03h, train_loss:  0.30456, valid_loss:  0.36221
INFO|2024-09-26 17:48:04: 	Train: PQ_Vm_rmse: 0.00011538  PQ_Va_rmse: 0.00399212  PV_Va_rmse: 0.00387204  delta_p: 0.00874998  delta_q: 0.00145621  
INFO|2024-09-26 17:48:04: 	ZTest: PQ_Vm_rmse: 0.00017807  PQ_Va_rmse: 0.00643193  PV_Va_rmse: 0.00611887  delta_p: 0.01329222  delta_q: 0.00192597  
INFO|2024-09-26 17:48:04: 	ZTest-ema: PQ_Vm_rmse: 0.000157  PQ_Va_rmse: 0.005425  PV_Va_rmse: 0.005172  delta_p: 0.009489  delta_q: 0.001271  
INFO|2024-09-26 17:48:04: 	           ValOfEMA:0.005425/0.005301,  Epoch:63/60
INFO|2024-09-26 17:48:05: 	Time(ep):391s,  Val(curr/best):0.006432/0.005558,  Epoch(curr/best):63/61
INFO|2024-09-26 17:48:05: -------------------- Epoch: 64 --------------------
INFO|2024-09-26 17:48:39: Epoch[064/100], iter[040/392], loss_total:0.30821, loss_equ:0.68203 loss_pq_vm:0.00377 loss_pq_va:0.10249 loss_pv_va:0.09982
INFO|2024-09-26 17:49:10: Epoch[064/100], iter[079/392], loss_total:0.28782, loss_equ:0.61199 loss_pq_vm:0.00348 loss_pq_va:0.09834 loss_pv_va:0.09353
INFO|2024-09-26 17:49:41: Epoch[064/100], iter[118/392], loss_total:0.31295, loss_equ:0.62067 loss_pq_vm:0.00394 loss_pq_va:0.10858 loss_pv_va:0.10294
INFO|2024-09-26 17:50:13: Epoch[064/100], iter[157/392], loss_total:0.27135, loss_equ:0.58999 loss_pq_vm:0.00347 loss_pq_va:0.09105 loss_pv_va:0.08663
INFO|2024-09-26 17:50:45: Epoch[064/100], iter[196/392], loss_total:0.31048, loss_equ:0.61967 loss_pq_vm:0.00379 loss_pq_va:0.10725 loss_pv_va:0.10338
INFO|2024-09-26 17:51:16: Epoch[064/100], iter[235/392], loss_total:0.29973, loss_equ:0.68661 loss_pq_vm:0.00404 loss_pq_va:0.09769 loss_pv_va:0.09294
INFO|2024-09-26 17:51:47: Epoch[064/100], iter[274/392], loss_total:0.27519, loss_equ:0.59054 loss_pq_vm:0.00346 loss_pq_va:0.09281 loss_pv_va:0.08872
INFO|2024-09-26 17:52:18: Epoch[064/100], iter[313/392], loss_total:0.33101, loss_equ:0.60005 loss_pq_vm:0.00346 loss_pq_va:0.11986 loss_pv_va:0.11653
INFO|2024-09-26 17:52:50: Epoch[064/100], iter[352/392], loss_total:0.28865, loss_equ:0.62439 loss_pq_vm:0.00374 loss_pq_va:0.09616 loss_pv_va:0.09264
INFO|2024-09-26 17:53:22: Epoch[064/100], iter[392/392], loss_total:0.28701, loss_equ:0.60374 loss_pq_vm:0.00341 loss_pq_va:0.09875 loss_pv_va:0.09380
INFO|2024-09-26 17:54:35: Epoch 63/100, lr:  0.00029424, eta: 3.9h, train_loss:  0.30434, valid_loss:  0.33991
INFO|2024-09-26 17:54:35: 	Train: PQ_Vm_rmse: 0.00010628  PQ_Va_rmse: 0.00418880  PV_Va_rmse: 0.00404338  delta_p: 0.00875971  delta_q: 0.00133221  
INFO|2024-09-26 17:54:35: 	ZTest: PQ_Vm_rmse: 0.00015503  PQ_Va_rmse: 0.00636325  PV_Va_rmse: 0.00612504  delta_p: 0.00893028  delta_q: 0.00130590  
INFO|2024-09-26 17:54:35: 	ZTest-ema: PQ_Vm_rmse: 0.000148  PQ_Va_rmse: 0.005238  PV_Va_rmse: 0.004992  delta_p: 0.007952  delta_q: 0.001137  
INFO|2024-09-26 17:54:35: 	           ValOfEMA:0.005238/0.005238,  Epoch:64/64
INFO|2024-09-26 17:54:35: 	Time(ep):390s,  Val(curr/best):0.006363/0.005558,  Epoch(curr/best):64/61
INFO|2024-09-26 17:54:35: -------------------- Epoch: 65 --------------------
INFO|2024-09-26 17:55:10: Epoch[065/100], iter[040/392], loss_total:0.28132, loss_equ:0.61752 loss_pq_vm:0.00357 loss_pq_va:0.09366 loss_pv_va:0.09021
INFO|2024-09-26 17:55:41: Epoch[065/100], iter[079/392], loss_total:0.29877, loss_equ:0.59488 loss_pq_vm:0.00343 loss_pq_va:0.10489 loss_pv_va:0.10006
INFO|2024-09-26 17:56:13: Epoch[065/100], iter[118/392], loss_total:0.27628, loss_equ:0.56371 loss_pq_vm:0.00335 loss_pq_va:0.09547 loss_pv_va:0.09090
INFO|2024-09-26 17:56:45: Epoch[065/100], iter[157/392], loss_total:0.28221, loss_equ:0.59228 loss_pq_vm:0.00369 loss_pq_va:0.09516 loss_pv_va:0.09092
INFO|2024-09-26 17:57:16: Epoch[065/100], iter[196/392], loss_total:0.27703, loss_equ:0.58366 loss_pq_vm:0.00447 loss_pq_va:0.08885 loss_pv_va:0.08513
INFO|2024-09-26 17:57:48: Epoch[065/100], iter[235/392], loss_total:0.26088, loss_equ:0.58359 loss_pq_vm:0.00345 loss_pq_va:0.08581 loss_pv_va:0.08225
INFO|2024-09-26 17:58:20: Epoch[065/100], iter[274/392], loss_total:0.27514, loss_equ:0.59176 loss_pq_vm:0.00395 loss_pq_va:0.09004 loss_pv_va:0.08645
INFO|2024-09-26 17:58:51: Epoch[065/100], iter[313/392], loss_total:0.27248, loss_equ:0.58401 loss_pq_vm:0.00356 loss_pq_va:0.09116 loss_pv_va:0.08733
INFO|2024-09-26 17:59:23: Epoch[065/100], iter[352/392], loss_total:0.29256, loss_equ:0.60808 loss_pq_vm:0.00352 loss_pq_va:0.10064 loss_pv_va:0.09594
INFO|2024-09-26 17:59:56: Epoch[065/100], iter[392/392], loss_total:0.28251, loss_equ:0.60081 loss_pq_vm:0.00337 loss_pq_va:0.09624 loss_pv_va:0.09251
INFO|2024-09-26 18:01:08: Epoch 64/100, lr:  0.00028027, eta: 3.82h, train_loss:  0.28138, valid_loss:  0.32715
INFO|2024-09-26 18:01:08: 	Train: PQ_Vm_rmse: 0.00009301  PQ_Va_rmse: 0.00337669  PV_Va_rmse: 0.00326454  delta_p: 0.00603489  delta_q: 0.00106556  
INFO|2024-09-26 18:01:08: 	ZTest: PQ_Vm_rmse: 0.00016671  PQ_Va_rmse: 0.00526669  PV_Va_rmse: 0.00504594  delta_p: 0.00785865  delta_q: 0.00135571  
INFO|2024-09-26 18:01:08: 	ZTest-ema: PQ_Vm_rmse: 0.000145  PQ_Va_rmse: 0.005026  PV_Va_rmse: 0.004799  delta_p: 0.007319  delta_q: 0.001069  
INFO|2024-09-26 18:01:08: 	           ValOfEMA:0.005026/0.005026,  Epoch:65/65
INFO|2024-09-26 18:01:09: 	Time(ep):392s,  Val(curr/best):0.005267/0.005267,  Epoch(curr/best):65/65
INFO|2024-09-26 18:01:09: -------------------- Epoch: 66 --------------------
INFO|2024-09-26 18:01:43: Epoch[066/100], iter[040/392], loss_total:0.25960, loss_equ:0.58742 loss_pq_vm:0.00334 loss_pq_va:0.08570 loss_pv_va:0.08180
INFO|2024-09-26 18:02:14: Epoch[066/100], iter[079/392], loss_total:0.26423, loss_equ:0.60110 loss_pq_vm:0.00329 loss_pq_va:0.08701 loss_pv_va:0.08419
INFO|2024-09-26 18:02:46: Epoch[066/100], iter[118/392], loss_total:0.28307, loss_equ:0.62258 loss_pq_vm:0.00331 loss_pq_va:0.09591 loss_pv_va:0.09177
INFO|2024-09-26 18:03:17: Epoch[066/100], iter[157/392], loss_total:0.33533, loss_equ:0.62393 loss_pq_vm:0.00350 loss_pq_va:0.12047 loss_pv_va:0.11747
INFO|2024-09-26 18:03:49: Epoch[066/100], iter[196/392], loss_total:0.30120, loss_equ:0.64565 loss_pq_vm:0.00366 loss_pq_va:0.10195 loss_pv_va:0.09813
INFO|2024-09-26 18:04:21: Epoch[066/100], iter[235/392], loss_total:0.27017, loss_equ:0.60060 loss_pq_vm:0.00330 loss_pq_va:0.09022 loss_pv_va:0.08684
INFO|2024-09-26 18:04:52: Epoch[066/100], iter[274/392], loss_total:0.26727, loss_equ:0.59101 loss_pq_vm:0.00330 loss_pq_va:0.08935 loss_pv_va:0.08582
INFO|2024-09-26 18:05:24: Epoch[066/100], iter[313/392], loss_total:0.26560, loss_equ:0.60212 loss_pq_vm:0.00346 loss_pq_va:0.08715 loss_pv_va:0.08364
INFO|2024-09-26 18:05:56: Epoch[066/100], iter[352/392], loss_total:0.28859, loss_equ:0.61185 loss_pq_vm:0.00374 loss_pq_va:0.09641 loss_pv_va:0.09355
INFO|2024-09-26 18:06:28: Epoch[066/100], iter[392/392], loss_total:0.28224, loss_equ:0.61026 loss_pq_vm:0.00361 loss_pq_va:0.09494 loss_pv_va:0.09017
INFO|2024-09-26 18:07:41: Epoch 65/100, lr:  0.00026653, eta: 3.7h, train_loss:  0.28363, valid_loss:  0.32594
INFO|2024-09-26 18:07:41: 	Train: PQ_Vm_rmse: 0.00008662  PQ_Va_rmse: 0.00324979  PV_Va_rmse: 0.00314034  delta_p: 0.00761409  delta_q: 0.00110128  
INFO|2024-09-26 18:07:41: 	ZTest: PQ_Vm_rmse: 0.00014867  PQ_Va_rmse: 0.00546538  PV_Va_rmse: 0.00526077  delta_p: 0.00998774  delta_q: 0.00122996  
INFO|2024-09-26 18:07:41: 	ZTest-ema: PQ_Vm_rmse: 0.000142  PQ_Va_rmse: 0.005001  PV_Va_rmse: 0.004758  delta_p: 0.007232  delta_q: 0.001049  
INFO|2024-09-26 18:07:41: 	           ValOfEMA:0.005001/0.005001,  Epoch:66/66
INFO|2024-09-26 18:07:41: 	Time(ep):391s,  Val(curr/best):0.005465/0.005267,  Epoch(curr/best):66/65
INFO|2024-09-26 18:07:41: -------------------- Epoch: 67 --------------------
INFO|2024-09-26 18:08:15: Epoch[067/100], iter[040/392], loss_total:0.26793, loss_equ:0.59262 loss_pq_vm:0.00342 loss_pq_va:0.08942 loss_pv_va:0.08504
INFO|2024-09-26 18:08:47: Epoch[067/100], iter[079/392], loss_total:0.25978, loss_equ:0.59163 loss_pq_vm:0.00332 loss_pq_va:0.08560 loss_pv_va:0.08184
INFO|2024-09-26 18:09:19: Epoch[067/100], iter[118/392], loss_total:0.33040, loss_equ:0.67299 loss_pq_vm:0.00351 loss_pq_va:0.11621 loss_pv_va:0.11175
INFO|2024-09-26 18:09:50: Epoch[067/100], iter[157/392], loss_total:0.28038, loss_equ:0.62600 loss_pq_vm:0.00381 loss_pq_va:0.09174 loss_pv_va:0.08798
INFO|2024-09-26 18:10:22: Epoch[067/100], iter[196/392], loss_total:0.29376, loss_equ:0.59256 loss_pq_vm:0.00344 loss_pq_va:0.10246 loss_pv_va:0.09768
INFO|2024-09-26 18:10:53: Epoch[067/100], iter[235/392], loss_total:0.28225, loss_equ:0.60715 loss_pq_vm:0.00354 loss_pq_va:0.09482 loss_pv_va:0.09129
INFO|2024-09-26 18:11:25: Epoch[067/100], iter[274/392], loss_total:0.27766, loss_equ:0.60555 loss_pq_vm:0.00359 loss_pq_va:0.09260 loss_pv_va:0.08864
INFO|2024-09-26 18:11:57: Epoch[067/100], iter[313/392], loss_total:0.28870, loss_equ:0.61968 loss_pq_vm:0.00370 loss_pq_va:0.09640 loss_pv_va:0.09337
INFO|2024-09-26 18:12:28: Epoch[067/100], iter[352/392], loss_total:0.29976, loss_equ:0.60054 loss_pq_vm:0.00355 loss_pq_va:0.10359 loss_pv_va:0.10062
INFO|2024-09-26 18:13:01: Epoch[067/100], iter[392/392], loss_total:0.27035, loss_equ:0.59256 loss_pq_vm:0.00330 loss_pq_va:0.09069 loss_pv_va:0.08738
INFO|2024-09-26 18:14:14: Epoch 66/100, lr:  0.00025302, eta: 3.6h, train_loss:  0.28478, valid_loss:  0.32220
INFO|2024-09-26 18:14:14: 	Train: PQ_Vm_rmse: 0.00008987  PQ_Va_rmse: 0.00337622  PV_Va_rmse: 0.00327472  delta_p: 0.00776771  delta_q: 0.00117446  
INFO|2024-09-26 18:14:14: 	ZTest: PQ_Vm_rmse: 0.00014441  PQ_Va_rmse: 0.00530347  PV_Va_rmse: 0.00506088  delta_p: 0.00966500  delta_q: 0.00131448  
INFO|2024-09-26 18:14:14: 	ZTest-ema: PQ_Vm_rmse: 0.000140  PQ_Va_rmse: 0.004869  PV_Va_rmse: 0.004655  delta_p: 0.007932  delta_q: 0.001112  
INFO|2024-09-26 18:14:14: 	           ValOfEMA:0.004869/0.004869,  Epoch:67/67
INFO|2024-09-26 18:14:14: 	Time(ep):392s,  Val(curr/best):0.005303/0.005267,  Epoch(curr/best):67/65
INFO|2024-09-26 18:14:14: -------------------- Epoch: 68 --------------------
INFO|2024-09-26 18:14:48: Epoch[068/100], iter[040/392], loss_total:0.25614, loss_equ:0.56860 loss_pq_vm:0.00334 loss_pq_va:0.08487 loss_pv_va:0.08100
INFO|2024-09-26 18:15:20: Epoch[068/100], iter[079/392], loss_total:0.26262, loss_equ:0.58647 loss_pq_vm:0.00328 loss_pq_va:0.08711 loss_pv_va:0.08404
INFO|2024-09-26 18:15:51: Epoch[068/100], iter[118/392], loss_total:0.25487, loss_equ:0.58298 loss_pq_vm:0.00350 loss_pq_va:0.08264 loss_pv_va:0.07891
INFO|2024-09-26 18:16:23: Epoch[068/100], iter[157/392], loss_total:0.27594, loss_equ:0.59723 loss_pq_vm:0.00363 loss_pq_va:0.09228 loss_pv_va:0.08759
INFO|2024-09-26 18:16:55: Epoch[068/100], iter[196/392], loss_total:0.25351, loss_equ:0.57145 loss_pq_vm:0.00338 loss_pq_va:0.08324 loss_pv_va:0.07936
INFO|2024-09-26 18:17:26: Epoch[068/100], iter[235/392], loss_total:0.26726, loss_equ:0.57748 loss_pq_vm:0.00326 loss_pq_va:0.09031 loss_pv_va:0.08660
INFO|2024-09-26 18:17:58: Epoch[068/100], iter[274/392], loss_total:0.26674, loss_equ:0.62657 loss_pq_vm:0.00359 loss_pq_va:0.08614 loss_pv_va:0.08203
INFO|2024-09-26 18:18:30: Epoch[068/100], iter[313/392], loss_total:0.29345, loss_equ:0.62912 loss_pq_vm:0.00344 loss_pq_va:0.09924 loss_pv_va:0.09691
INFO|2024-09-26 18:19:02: Epoch[068/100], iter[352/392], loss_total:0.27411, loss_equ:0.60989 loss_pq_vm:0.00343 loss_pq_va:0.09132 loss_pv_va:0.08746
INFO|2024-09-26 18:19:34: Epoch[068/100], iter[392/392], loss_total:0.25996, loss_equ:0.57297 loss_pq_vm:0.00345 loss_pq_va:0.08573 loss_pv_va:0.08248
INFO|2024-09-26 18:20:47: Epoch 67/100, lr:  0.00023977, eta: 3.49h, train_loss:  0.27187, valid_loss:  0.31781
INFO|2024-09-26 18:20:47: 	Train: PQ_Vm_rmse: 0.00008646  PQ_Va_rmse: 0.00284744  PV_Va_rmse: 0.00275181  delta_p: 0.00680283  delta_q: 0.00106918  
INFO|2024-09-26 18:20:47: 	ZTest: PQ_Vm_rmse: 0.00016731  PQ_Va_rmse: 0.00513413  PV_Va_rmse: 0.00489858  delta_p: 0.00837821  delta_q: 0.00152222  
INFO|2024-09-26 18:20:47: 	ZTest-ema: PQ_Vm_rmse: 0.000144  PQ_Va_rmse: 0.005170  PV_Va_rmse: 0.004929  delta_p: 0.008341  delta_q: 0.001114  
INFO|2024-09-26 18:20:47: 	           ValOfEMA:0.005170/0.004869,  Epoch:68/67
INFO|2024-09-26 18:20:48: 	Time(ep):393s,  Val(curr/best):0.005134/0.005134,  Epoch(curr/best):68/68
INFO|2024-09-26 18:20:48: -------------------- Epoch: 69 --------------------
INFO|2024-09-26 18:21:22: Epoch[069/100], iter[040/392], loss_total:0.33037, loss_equ:0.59464 loss_pq_vm:0.00333 loss_pq_va:0.12067 loss_pv_va:0.11689
INFO|2024-09-26 18:21:54: Epoch[069/100], iter[079/392], loss_total:0.29430, loss_equ:0.61717 loss_pq_vm:0.00348 loss_pq_va:0.10115 loss_pv_va:0.09663
INFO|2024-09-26 18:22:25: Epoch[069/100], iter[118/392], loss_total:0.26316, loss_equ:0.58543 loss_pq_vm:0.00328 loss_pq_va:0.08775 loss_pv_va:0.08406
INFO|2024-09-26 18:22:57: Epoch[069/100], iter[157/392], loss_total:0.26283, loss_equ:0.57822 loss_pq_vm:0.00327 loss_pq_va:0.08792 loss_pv_va:0.08439
INFO|2024-09-26 18:23:29: Epoch[069/100], iter[196/392], loss_total:0.27494, loss_equ:0.57426 loss_pq_vm:0.00323 loss_pq_va:0.09461 loss_pv_va:0.09064
INFO|2024-09-26 18:24:00: Epoch[069/100], iter[235/392], loss_total:0.26344, loss_equ:0.57134 loss_pq_vm:0.00321 loss_pq_va:0.08900 loss_pv_va:0.08518
INFO|2024-09-26 18:24:32: Epoch[069/100], iter[274/392], loss_total:0.27324, loss_equ:0.57977 loss_pq_vm:0.00326 loss_pq_va:0.09344 loss_pv_va:0.08927
INFO|2024-09-26 18:25:04: Epoch[069/100], iter[313/392], loss_total:0.25477, loss_equ:0.57140 loss_pq_vm:0.00357 loss_pq_va:0.08304 loss_pv_va:0.07891
INFO|2024-09-26 18:25:35: Epoch[069/100], iter[352/392], loss_total:0.26695, loss_equ:0.59749 loss_pq_vm:0.00327 loss_pq_va:0.08943 loss_pv_va:0.08507
INFO|2024-09-26 18:26:08: Epoch[069/100], iter[392/392], loss_total:0.25601, loss_equ:0.57281 loss_pq_vm:0.00326 loss_pq_va:0.08484 loss_pv_va:0.08130
INFO|2024-09-26 18:27:21: Epoch 68/100, lr:  0.00022677, eta: 3.38h, train_loss:  0.27040, valid_loss:  0.32730
INFO|2024-09-26 18:27:21: 	Train: PQ_Vm_rmse: 0.00008508  PQ_Va_rmse: 0.00293334  PV_Va_rmse: 0.00284884  delta_p: 0.00652837  delta_q: 0.00101001  
INFO|2024-09-26 18:27:21: 	ZTest: PQ_Vm_rmse: 0.00014550  PQ_Va_rmse: 0.00585617  PV_Va_rmse: 0.00564496  delta_p: 0.00799766  delta_q: 0.00127414  
INFO|2024-09-26 18:27:21: 	ZTest-ema: PQ_Vm_rmse: 0.000138  PQ_Va_rmse: 0.004856  PV_Va_rmse: 0.004647  delta_p: 0.007216  delta_q: 0.001021  
INFO|2024-09-26 18:27:21: 	           ValOfEMA:0.004856/0.004856,  Epoch:69/69
INFO|2024-09-26 18:27:21: 	Time(ep):392s,  Val(curr/best):0.005856/0.005134,  Epoch(curr/best):69/68
INFO|2024-09-26 18:27:21: -------------------- Epoch: 70 --------------------
INFO|2024-09-26 18:27:55: Epoch[070/100], iter[040/392], loss_total:0.29116, loss_equ:0.58912 loss_pq_vm:0.00331 loss_pq_va:0.10130 loss_pv_va:0.09781
INFO|2024-09-26 18:28:26: Epoch[070/100], iter[079/392], loss_total:0.28913, loss_equ:0.63278 loss_pq_vm:0.00371 loss_pq_va:0.09665 loss_pv_va:0.09210
INFO|2024-09-26 18:28:57: Epoch[070/100], iter[118/392], loss_total:0.26984, loss_equ:0.56669 loss_pq_vm:0.00316 loss_pq_va:0.09309 loss_pv_va:0.08847
INFO|2024-09-26 18:29:29: Epoch[070/100], iter[157/392], loss_total:0.25138, loss_equ:0.55031 loss_pq_vm:0.00315 loss_pq_va:0.08403 loss_pv_va:0.08077
INFO|2024-09-26 18:30:00: Epoch[070/100], iter[196/392], loss_total:0.24952, loss_equ:0.55902 loss_pq_vm:0.00322 loss_pq_va:0.08224 loss_pv_va:0.07921
INFO|2024-09-26 18:30:32: Epoch[070/100], iter[235/392], loss_total:0.26280, loss_equ:0.57003 loss_pq_vm:0.00321 loss_pq_va:0.08861 loss_pv_va:0.08512
INFO|2024-09-26 18:31:03: Epoch[070/100], iter[274/392], loss_total:0.26244, loss_equ:0.56709 loss_pq_vm:0.00317 loss_pq_va:0.08952 loss_pv_va:0.08455
INFO|2024-09-26 18:31:35: Epoch[070/100], iter[313/392], loss_total:0.25362, loss_equ:0.56061 loss_pq_vm:0.00321 loss_pq_va:0.08486 loss_pv_va:0.08057
INFO|2024-09-26 18:32:06: Epoch[070/100], iter[352/392], loss_total:0.26702, loss_equ:0.55504 loss_pq_vm:0.00324 loss_pq_va:0.09139 loss_pv_va:0.08772
INFO|2024-09-26 18:32:38: Epoch[070/100], iter[392/392], loss_total:0.25189, loss_equ:0.55586 loss_pq_vm:0.00317 loss_pq_va:0.08454 loss_pv_va:0.08010
INFO|2024-09-26 18:33:51: Epoch 69/100, lr:  0.00021405, eta: 3.25h, train_loss:  0.26679, valid_loss:  0.31195
INFO|2024-09-26 18:33:51: 	Train: PQ_Vm_rmse: 0.00007461  PQ_Va_rmse: 0.00277995  PV_Va_rmse: 0.00269316  delta_p: 0.00575511  delta_q: 0.00087373  
INFO|2024-09-26 18:33:51: 	ZTest: PQ_Vm_rmse: 0.00014725  PQ_Va_rmse: 0.00547440  PV_Va_rmse: 0.00527250  delta_p: 0.00717932  delta_q: 0.00107754  
INFO|2024-09-26 18:33:51: 	ZTest-ema: PQ_Vm_rmse: 0.000137  PQ_Va_rmse: 0.004910  PV_Va_rmse: 0.004684  delta_p: 0.006690  delta_q: 0.000959  
INFO|2024-09-26 18:33:51: 	           ValOfEMA:0.004910/0.004856,  Epoch:70/69
INFO|2024-09-26 18:33:51: 	Time(ep):389s,  Val(curr/best):0.005474/0.005134,  Epoch(curr/best):70/68
INFO|2024-09-26 18:33:51: -------------------- Epoch: 71 --------------------
INFO|2024-09-26 18:34:25: Epoch[071/100], iter[040/392], loss_total:0.26121, loss_equ:0.56326 loss_pq_vm:0.00337 loss_pq_va:0.08737 loss_pv_va:0.08377
INFO|2024-09-26 18:34:57: Epoch[071/100], iter[079/392], loss_total:0.25362, loss_equ:0.56801 loss_pq_vm:0.00338 loss_pq_va:0.08304 loss_pv_va:0.07997
INFO|2024-09-26 18:35:29: Epoch[071/100], iter[118/392], loss_total:0.27339, loss_equ:0.58838 loss_pq_vm:0.00349 loss_pq_va:0.09211 loss_pv_va:0.08755
INFO|2024-09-26 18:36:00: Epoch[071/100], iter[157/392], loss_total:0.25831, loss_equ:0.57302 loss_pq_vm:0.00335 loss_pq_va:0.08613 loss_pv_va:0.08142
INFO|2024-09-26 18:36:32: Epoch[071/100], iter[196/392], loss_total:0.26128, loss_equ:0.58963 loss_pq_vm:0.00331 loss_pq_va:0.08608 loss_pv_va:0.08311
INFO|2024-09-26 18:37:04: Epoch[071/100], iter[235/392], loss_total:0.28217, loss_equ:0.58936 loss_pq_vm:0.00356 loss_pq_va:0.09640 loss_pv_va:0.09121
INFO|2024-09-26 18:37:35: Epoch[071/100], iter[274/392], loss_total:0.25757, loss_equ:0.56217 loss_pq_vm:0.00329 loss_pq_va:0.08605 loss_pv_va:0.08238
INFO|2024-09-26 18:38:07: Epoch[071/100], iter[313/392], loss_total:0.24880, loss_equ:0.55949 loss_pq_vm:0.00317 loss_pq_va:0.08242 loss_pv_va:0.07870
INFO|2024-09-26 18:38:38: Epoch[071/100], iter[352/392], loss_total:0.26523, loss_equ:0.56774 loss_pq_vm:0.00337 loss_pq_va:0.08969 loss_pv_va:0.08511
INFO|2024-09-26 18:39:11: Epoch[071/100], iter[392/392], loss_total:0.25978, loss_equ:0.55553 loss_pq_vm:0.00345 loss_pq_va:0.08675 loss_pv_va:0.08297
INFO|2024-09-26 18:40:24: Epoch 70/100, lr:  0.00020161, eta: 3.16h, train_loss:  0.26373, valid_loss:  0.32446
INFO|2024-09-26 18:40:24: 	Train: PQ_Vm_rmse: 0.00008587  PQ_Va_rmse: 0.00289342  PV_Va_rmse: 0.00280020  delta_p: 0.00565252  delta_q: 0.00093715  
INFO|2024-09-26 18:40:24: 	ZTest: PQ_Vm_rmse: 0.00015012  PQ_Va_rmse: 0.00544950  PV_Va_rmse: 0.00524863  delta_p: 0.00852230  delta_q: 0.00125736  
INFO|2024-09-26 18:40:24: 	ZTest-ema: PQ_Vm_rmse: 0.000135  PQ_Va_rmse: 0.004529  PV_Va_rmse: 0.004318  delta_p: 0.007720  delta_q: 0.001128  
INFO|2024-09-26 18:40:24: 	           ValOfEMA:0.004529/0.004529,  Epoch:71/71
INFO|2024-09-26 18:40:24: 	Time(ep):392s,  Val(curr/best):0.005449/0.005134,  Epoch(curr/best):71/68
INFO|2024-09-26 18:40:24: -------------------- Epoch: 72 --------------------
INFO|2024-09-26 18:40:58: Epoch[072/100], iter[040/392], loss_total:0.25139, loss_equ:0.55177 loss_pq_vm:0.00318 loss_pq_va:0.08429 loss_pv_va:0.08013
INFO|2024-09-26 18:41:29: Epoch[072/100], iter[079/392], loss_total:0.28034, loss_equ:0.57086 loss_pq_vm:0.00351 loss_pq_va:0.09644 loss_pv_va:0.09170
INFO|2024-09-26 18:42:00: Epoch[072/100], iter[118/392], loss_total:0.26431, loss_equ:0.57829 loss_pq_vm:0.00338 loss_pq_va:0.08845 loss_pv_va:0.08425
INFO|2024-09-26 18:42:31: Epoch[072/100], iter[157/392], loss_total:0.24546, loss_equ:0.55120 loss_pq_vm:0.00316 loss_pq_va:0.08114 loss_pv_va:0.07760
INFO|2024-09-26 18:43:02: Epoch[072/100], iter[196/392], loss_total:0.25793, loss_equ:0.57373 loss_pq_vm:0.00338 loss_pq_va:0.08532 loss_pv_va:0.08140
INFO|2024-09-26 18:43:33: Epoch[072/100], iter[235/392], loss_total:0.26904, loss_equ:0.59111 loss_pq_vm:0.00329 loss_pq_va:0.09063 loss_pv_va:0.08641
INFO|2024-09-26 18:44:04: Epoch[072/100], iter[274/392], loss_total:0.24877, loss_equ:0.55811 loss_pq_vm:0.00321 loss_pq_va:0.08209 loss_pv_va:0.07878
INFO|2024-09-26 18:44:35: Epoch[072/100], iter[313/392], loss_total:0.25344, loss_equ:0.57192 loss_pq_vm:0.00351 loss_pq_va:0.08258 loss_pv_va:0.07856
INFO|2024-09-26 18:45:06: Epoch[072/100], iter[352/392], loss_total:0.25874, loss_equ:0.58026 loss_pq_vm:0.00324 loss_pq_va:0.08653 loss_pv_va:0.08174
INFO|2024-09-26 18:45:38: Epoch[072/100], iter[392/392], loss_total:0.26400, loss_equ:0.57889 loss_pq_vm:0.00325 loss_pq_va:0.08926 loss_pv_va:0.08431
INFO|2024-09-26 18:46:50: Epoch 71/100, lr:  0.00018948, eta: 3.0h, train_loss:  0.25999, valid_loss:  0.30726
INFO|2024-09-26 18:46:50: 	Train: PQ_Vm_rmse: 0.00008683  PQ_Va_rmse: 0.00276204  PV_Va_rmse: 0.00266007  delta_p: 0.00587063  delta_q: 0.00101353  
INFO|2024-09-26 18:46:50: 	ZTest: PQ_Vm_rmse: 0.00015991  PQ_Va_rmse: 0.00496871  PV_Va_rmse: 0.00473785  delta_p: 0.00732254  delta_q: 0.00137176  
INFO|2024-09-26 18:46:50: 	ZTest-ema: PQ_Vm_rmse: 0.000135  PQ_Va_rmse: 0.004578  PV_Va_rmse: 0.004395  delta_p: 0.007372  delta_q: 0.001026  
INFO|2024-09-26 18:46:50: 	           ValOfEMA:0.004578/0.004529,  Epoch:72/71
INFO|2024-09-26 18:46:51: 	Time(ep):385s,  Val(curr/best):0.004969/0.004969,  Epoch(curr/best):72/72
INFO|2024-09-26 18:46:51: -------------------- Epoch: 73 --------------------
INFO|2024-09-26 18:47:25: Epoch[073/100], iter[040/392], loss_total:0.24939, loss_equ:0.57837 loss_pq_vm:0.00321 loss_pq_va:0.08126 loss_pv_va:0.07819
INFO|2024-09-26 18:47:56: Epoch[073/100], iter[079/392], loss_total:0.23998, loss_equ:0.55429 loss_pq_vm:0.00325 loss_pq_va:0.07781 loss_pv_va:0.07429
INFO|2024-09-26 18:48:27: Epoch[073/100], iter[118/392], loss_total:0.27749, loss_equ:0.57405 loss_pq_vm:0.00327 loss_pq_va:0.09553 loss_pv_va:0.09190
INFO|2024-09-26 18:48:58: Epoch[073/100], iter[157/392], loss_total:0.23618, loss_equ:0.54988 loss_pq_vm:0.00322 loss_pq_va:0.07613 loss_pv_va:0.07288
INFO|2024-09-26 18:49:29: Epoch[073/100], iter[196/392], loss_total:0.30097, loss_equ:0.58634 loss_pq_vm:0.00333 loss_pq_va:0.10622 loss_pv_va:0.10281
INFO|2024-09-26 18:50:00: Epoch[073/100], iter[235/392], loss_total:0.25875, loss_equ:0.57460 loss_pq_vm:0.00335 loss_pq_va:0.08604 loss_pv_va:0.08174
INFO|2024-09-26 18:50:31: Epoch[073/100], iter[274/392], loss_total:0.24855, loss_equ:0.55391 loss_pq_vm:0.00320 loss_pq_va:0.08294 loss_pv_va:0.07826
INFO|2024-09-26 18:51:02: Epoch[073/100], iter[313/392], loss_total:0.25482, loss_equ:0.56927 loss_pq_vm:0.00353 loss_pq_va:0.08302 loss_pv_va:0.07960
INFO|2024-09-26 18:51:33: Epoch[073/100], iter[352/392], loss_total:0.27960, loss_equ:0.56971 loss_pq_vm:0.00336 loss_pq_va:0.09723 loss_pv_va:0.09179
INFO|2024-09-26 18:52:05: Epoch[073/100], iter[392/392], loss_total:0.24668, loss_equ:0.55208 loss_pq_vm:0.00318 loss_pq_va:0.08151 loss_pv_va:0.07814
INFO|2024-09-26 18:53:17: Epoch 72/100, lr:  0.00017765, eta: 2.9h, train_loss:  0.25850, valid_loss:  0.31244
INFO|2024-09-26 18:53:17: 	Train: PQ_Vm_rmse: 0.00007932  PQ_Va_rmse: 0.00264862  PV_Va_rmse: 0.00255247  delta_p: 0.00573660  delta_q: 0.00090972  
INFO|2024-09-26 18:53:17: 	ZTest: PQ_Vm_rmse: 0.00015372  PQ_Va_rmse: 0.00500482  PV_Va_rmse: 0.00482811  delta_p: 0.00807281  delta_q: 0.00143024  
INFO|2024-09-26 18:53:17: 	ZTest-ema: PQ_Vm_rmse: 0.000135  PQ_Va_rmse: 0.004586  PV_Va_rmse: 0.004375  delta_p: 0.007372  delta_q: 0.001045  
INFO|2024-09-26 18:53:17: 	           ValOfEMA:0.004586/0.004529,  Epoch:73/71
INFO|2024-09-26 18:53:17: 	Time(ep):386s,  Val(curr/best):0.005005/0.004969,  Epoch(curr/best):73/72
INFO|2024-09-26 18:53:17: -------------------- Epoch: 74 --------------------
INFO|2024-09-26 18:53:51: Epoch[074/100], iter[040/392], loss_total:0.24555, loss_equ:0.54653 loss_pq_vm:0.00329 loss_pq_va:0.08097 loss_pv_va:0.07704
INFO|2024-09-26 18:54:22: Epoch[074/100], iter[079/392], loss_total:0.24918, loss_equ:0.55843 loss_pq_vm:0.00322 loss_pq_va:0.08238 loss_pv_va:0.07873
INFO|2024-09-26 18:54:53: Epoch[074/100], iter[118/392], loss_total:0.25393, loss_equ:0.56299 loss_pq_vm:0.00322 loss_pq_va:0.08494 loss_pv_va:0.08046
INFO|2024-09-26 18:55:24: Epoch[074/100], iter[157/392], loss_total:0.25181, loss_equ:0.56344 loss_pq_vm:0.00331 loss_pq_va:0.08307 loss_pv_va:0.07931
INFO|2024-09-26 18:55:55: Epoch[074/100], iter[196/392], loss_total:0.25680, loss_equ:0.55522 loss_pq_vm:0.00331 loss_pq_va:0.08602 loss_pv_va:0.08214
INFO|2024-09-26 18:56:26: Epoch[074/100], iter[235/392], loss_total:0.27341, loss_equ:0.55686 loss_pq_vm:0.00323 loss_pq_va:0.09497 loss_pv_va:0.09044
INFO|2024-09-26 18:56:57: Epoch[074/100], iter[274/392], loss_total:0.25002, loss_equ:0.55505 loss_pq_vm:0.00315 loss_pq_va:0.08346 loss_pv_va:0.07957
INFO|2024-09-26 18:57:28: Epoch[074/100], iter[313/392], loss_total:0.26462, loss_equ:0.55745 loss_pq_vm:0.00323 loss_pq_va:0.09049 loss_pv_va:0.08610
INFO|2024-09-26 18:57:59: Epoch[074/100], iter[352/392], loss_total:0.25091, loss_equ:0.55618 loss_pq_vm:0.00312 loss_pq_va:0.08383 loss_pv_va:0.08024
INFO|2024-09-26 18:58:31: Epoch[074/100], iter[392/392], loss_total:0.28124, loss_equ:0.56914 loss_pq_vm:0.00322 loss_pq_va:0.09795 loss_pv_va:0.09414
INFO|2024-09-26 18:59:43: Epoch 73/100, lr:  0.00016615, eta: 2.79h, train_loss:  0.25453, valid_loss:  0.30898
INFO|2024-09-26 18:59:43: 	Train: PQ_Vm_rmse: 0.00007621  PQ_Va_rmse: 0.00265454  PV_Va_rmse: 0.00255587  delta_p: 0.00524959  delta_q: 0.00087112  
INFO|2024-09-26 18:59:43: 	ZTest: PQ_Vm_rmse: 0.00013831  PQ_Va_rmse: 0.00464100  PV_Va_rmse: 0.00441454  delta_p: 0.00808277  delta_q: 0.00137204  
INFO|2024-09-26 18:59:43: 	ZTest-ema: PQ_Vm_rmse: 0.000131  PQ_Va_rmse: 0.004503  PV_Va_rmse: 0.004290  delta_p: 0.006921  delta_q: 0.001017  
INFO|2024-09-26 18:59:43: 	           ValOfEMA:0.004503/0.004503,  Epoch:74/74
INFO|2024-09-26 18:59:44: 	Time(ep):385s,  Val(curr/best):0.004641/0.004641,  Epoch(curr/best):74/74
INFO|2024-09-26 18:59:44: -------------------- Epoch: 75 --------------------
INFO|2024-09-26 19:00:18: Epoch[075/100], iter[040/392], loss_total:0.25687, loss_equ:0.58819 loss_pq_vm:0.00324 loss_pq_va:0.08455 loss_pv_va:0.08108
INFO|2024-09-26 19:00:49: Epoch[075/100], iter[079/392], loss_total:0.24698, loss_equ:0.55009 loss_pq_vm:0.00318 loss_pq_va:0.08224 loss_pv_va:0.07792
INFO|2024-09-26 19:01:20: Epoch[075/100], iter[118/392], loss_total:0.28715, loss_equ:0.59233 loss_pq_vm:0.00328 loss_pq_va:0.09935 loss_pv_va:0.09578
INFO|2024-09-26 19:01:51: Epoch[075/100], iter[157/392], loss_total:0.25919, loss_equ:0.57077 loss_pq_vm:0.00338 loss_pq_va:0.08621 loss_pv_va:0.08209
INFO|2024-09-26 19:02:22: Epoch[075/100], iter[196/392], loss_total:0.24931, loss_equ:0.57013 loss_pq_vm:0.00322 loss_pq_va:0.08183 loss_pv_va:0.07822
INFO|2024-09-26 19:02:53: Epoch[075/100], iter[235/392], loss_total:0.26785, loss_equ:0.58152 loss_pq_vm:0.00333 loss_pq_va:0.08958 loss_pv_va:0.08684
INFO|2024-09-26 19:03:24: Epoch[075/100], iter[274/392], loss_total:0.24782, loss_equ:0.56228 loss_pq_vm:0.00320 loss_pq_va:0.08144 loss_pv_va:0.07816
INFO|2024-09-26 19:03:55: Epoch[075/100], iter[313/392], loss_total:0.26039, loss_equ:0.56676 loss_pq_vm:0.00318 loss_pq_va:0.08786 loss_pv_va:0.08403
INFO|2024-09-26 19:04:25: Epoch[075/100], iter[352/392], loss_total:0.26096, loss_equ:0.55902 loss_pq_vm:0.00333 loss_pq_va:0.08808 loss_pv_va:0.08373
INFO|2024-09-26 19:04:57: Epoch[075/100], iter[392/392], loss_total:0.25426, loss_equ:0.56804 loss_pq_vm:0.00315 loss_pq_va:0.08499 loss_pv_va:0.08096
INFO|2024-09-26 19:06:09: Epoch 74/100, lr:  0.00015498, eta: 2.67h, train_loss:  0.25694, valid_loss:  0.31311
INFO|2024-09-26 19:06:09: 	Train: PQ_Vm_rmse: 0.00007875  PQ_Va_rmse: 0.00265965  PV_Va_rmse: 0.00256902  delta_p: 0.00592861  delta_q: 0.00095132  
INFO|2024-09-26 19:06:09: 	ZTest: PQ_Vm_rmse: 0.00014155  PQ_Va_rmse: 0.00516773  PV_Va_rmse: 0.00493331  delta_p: 0.00816487  delta_q: 0.00104231  
INFO|2024-09-26 19:06:09: 	ZTest-ema: PQ_Vm_rmse: 0.000134  PQ_Va_rmse: 0.004690  PV_Va_rmse: 0.004472  delta_p: 0.007289  delta_q: 0.001041  
INFO|2024-09-26 19:06:09: 	           ValOfEMA:0.004690/0.004503,  Epoch:75/74
INFO|2024-09-26 19:06:10: 	Time(ep):384s,  Val(curr/best):0.005168/0.004641,  Epoch(curr/best):75/74
INFO|2024-09-26 19:06:10: -------------------- Epoch: 76 --------------------
INFO|2024-09-26 19:06:43: Epoch[076/100], iter[040/392], loss_total:0.24718, loss_equ:0.55210 loss_pq_vm:0.00331 loss_pq_va:0.08148 loss_pv_va:0.07739
INFO|2024-09-26 19:07:14: Epoch[076/100], iter[079/392], loss_total:0.25427, loss_equ:0.56977 loss_pq_vm:0.00340 loss_pq_va:0.08356 loss_pv_va:0.07970
INFO|2024-09-26 19:07:45: Epoch[076/100], iter[118/392], loss_total:0.24533, loss_equ:0.55639 loss_pq_vm:0.00323 loss_pq_va:0.08058 loss_pv_va:0.07684
INFO|2024-09-26 19:08:16: Epoch[076/100], iter[157/392], loss_total:0.23989, loss_equ:0.55586 loss_pq_vm:0.00305 loss_pq_va:0.07849 loss_pv_va:0.07528
INFO|2024-09-26 19:08:47: Epoch[076/100], iter[196/392], loss_total:0.25840, loss_equ:0.58651 loss_pq_vm:0.00346 loss_pq_va:0.08512 loss_pv_va:0.08002
INFO|2024-09-26 19:09:18: Epoch[076/100], iter[235/392], loss_total:0.24575, loss_equ:0.54740 loss_pq_vm:0.00320 loss_pq_va:0.08147 loss_pv_va:0.07754
INFO|2024-09-26 19:09:49: Epoch[076/100], iter[274/392], loss_total:0.24556, loss_equ:0.54735 loss_pq_vm:0.00322 loss_pq_va:0.08127 loss_pv_va:0.07734
INFO|2024-09-26 19:10:20: Epoch[076/100], iter[313/392], loss_total:0.25406, loss_equ:0.54607 loss_pq_vm:0.00310 loss_pq_va:0.08622 loss_pv_va:0.08223
INFO|2024-09-26 19:10:51: Epoch[076/100], iter[352/392], loss_total:0.24610, loss_equ:0.56716 loss_pq_vm:0.00375 loss_pq_va:0.07776 loss_pv_va:0.07408
INFO|2024-09-26 19:11:23: Epoch[076/100], iter[392/392], loss_total:0.24665, loss_equ:0.55905 loss_pq_vm:0.00313 loss_pq_va:0.08139 loss_pv_va:0.07807
INFO|2024-09-26 19:12:35: Epoch 75/100, lr:  0.00014416, eta: 2.57h, train_loss:  0.25145, valid_loss:  0.30932
INFO|2024-09-26 19:12:35: 	Train: PQ_Vm_rmse: 0.00007466  PQ_Va_rmse: 0.00251367  PV_Va_rmse: 0.00240969  delta_p: 0.00553598  delta_q: 0.00085166  
INFO|2024-09-26 19:12:35: 	ZTest: PQ_Vm_rmse: 0.00013994  PQ_Va_rmse: 0.00488009  PV_Va_rmse: 0.00477602  delta_p: 0.01026790  delta_q: 0.00153309  
INFO|2024-09-26 19:12:35: 	ZTest-ema: PQ_Vm_rmse: 0.000134  PQ_Va_rmse: 0.004545  PV_Va_rmse: 0.004341  delta_p: 0.006822  delta_q: 0.000970  
INFO|2024-09-26 19:12:35: 	           ValOfEMA:0.004545/0.004503,  Epoch:76/74
INFO|2024-09-26 19:12:36: 	Time(ep):385s,  Val(curr/best):0.004880/0.004641,  Epoch(curr/best):76/74
INFO|2024-09-26 19:12:36: -------------------- Epoch: 77 --------------------
INFO|2024-09-26 19:13:10: Epoch[077/100], iter[040/392], loss_total:0.23544, loss_equ:0.54292 loss_pq_vm:0.00312 loss_pq_va:0.07642 loss_pv_va:0.07354
INFO|2024-09-26 19:13:41: Epoch[077/100], iter[079/392], loss_total:0.25809, loss_equ:0.55088 loss_pq_vm:0.00313 loss_pq_va:0.08781 loss_pv_va:0.08394
INFO|2024-09-26 19:14:12: Epoch[077/100], iter[118/392], loss_total:0.23209, loss_equ:0.54031 loss_pq_vm:0.00316 loss_pq_va:0.07500 loss_pv_va:0.07148
INFO|2024-09-26 19:14:43: Epoch[077/100], iter[157/392], loss_total:0.25121, loss_equ:0.55005 loss_pq_vm:0.00323 loss_pq_va:0.08399 loss_pv_va:0.07994
INFO|2024-09-26 19:15:13: Epoch[077/100], iter[196/392], loss_total:0.24633, loss_equ:0.54392 loss_pq_vm:0.00315 loss_pq_va:0.08193 loss_pv_va:0.07848
INFO|2024-09-26 19:15:44: Epoch[077/100], iter[235/392], loss_total:0.25309, loss_equ:0.57235 loss_pq_vm:0.00315 loss_pq_va:0.08420 loss_pv_va:0.08011
INFO|2024-09-26 19:16:15: Epoch[077/100], iter[274/392], loss_total:0.25426, loss_equ:0.56270 loss_pq_vm:0.00308 loss_pq_va:0.08553 loss_pv_va:0.08167
INFO|2024-09-26 19:16:46: Epoch[077/100], iter[313/392], loss_total:0.25380, loss_equ:0.55927 loss_pq_vm:0.00313 loss_pq_va:0.08528 loss_pv_va:0.08131
INFO|2024-09-26 19:17:17: Epoch[077/100], iter[352/392], loss_total:0.23966, loss_equ:0.54659 loss_pq_vm:0.00309 loss_pq_va:0.07885 loss_pv_va:0.07521
INFO|2024-09-26 19:17:48: Epoch[077/100], iter[392/392], loss_total:0.24515, loss_equ:0.55013 loss_pq_vm:0.00315 loss_pq_va:0.08092 loss_pv_va:0.07767
INFO|2024-09-26 19:19:01: Epoch 76/100, lr:  0.00013370, eta: 2.46h, train_loss:  0.24973, valid_loss:  0.30747
INFO|2024-09-26 19:19:01: 	Train: PQ_Vm_rmse: 0.00007211  PQ_Va_rmse: 0.00244091  PV_Va_rmse: 0.00235358  delta_p: 0.00510138  delta_q: 0.00080664  
INFO|2024-09-26 19:19:01: 	ZTest: PQ_Vm_rmse: 0.00013787  PQ_Va_rmse: 0.00456111  PV_Va_rmse: 0.00438035  delta_p: 0.00728759  delta_q: 0.00114688  
INFO|2024-09-26 19:19:01: 	ZTest-ema: PQ_Vm_rmse: 0.000132  PQ_Va_rmse: 0.004348  PV_Va_rmse: 0.004154  delta_p: 0.006911  delta_q: 0.000982  
INFO|2024-09-26 19:19:01: 	           ValOfEMA:0.004348/0.004348,  Epoch:77/77
INFO|2024-09-26 19:19:01: 	Time(ep):384s,  Val(curr/best):0.004561/0.004561,  Epoch(curr/best):77/77
INFO|2024-09-26 19:19:01: -------------------- Epoch: 78 --------------------
INFO|2024-09-26 19:19:35: Epoch[078/100], iter[040/392], loss_total:0.24745, loss_equ:0.54610 loss_pq_vm:0.00308 loss_pq_va:0.08268 loss_pv_va:0.07934
INFO|2024-09-26 19:20:06: Epoch[078/100], iter[079/392], loss_total:0.24181, loss_equ:0.54061 loss_pq_vm:0.00318 loss_pq_va:0.07977 loss_pv_va:0.07620
INFO|2024-09-26 19:20:37: Epoch[078/100], iter[118/392], loss_total:0.23409, loss_equ:0.53169 loss_pq_vm:0.00306 loss_pq_va:0.07725 loss_pv_va:0.07305
INFO|2024-09-26 19:21:09: Epoch[078/100], iter[157/392], loss_total:0.24361, loss_equ:0.54814 loss_pq_vm:0.00310 loss_pq_va:0.08084 loss_pv_va:0.07693
INFO|2024-09-26 19:21:40: Epoch[078/100], iter[196/392], loss_total:0.24582, loss_equ:0.55267 loss_pq_vm:0.00327 loss_pq_va:0.08055 loss_pv_va:0.07727
INFO|2024-09-26 19:22:11: Epoch[078/100], iter[235/392], loss_total:0.27026, loss_equ:0.56051 loss_pq_vm:0.00331 loss_pq_va:0.09283 loss_pv_va:0.08824
INFO|2024-09-26 19:22:42: Epoch[078/100], iter[274/392], loss_total:0.23500, loss_equ:0.54241 loss_pq_vm:0.00310 loss_pq_va:0.07672 loss_pv_va:0.07300
INFO|2024-09-26 19:23:13: Epoch[078/100], iter[313/392], loss_total:0.24819, loss_equ:0.55525 loss_pq_vm:0.00334 loss_pq_va:0.08146 loss_pv_va:0.07782
INFO|2024-09-26 19:23:44: Epoch[078/100], iter[352/392], loss_total:0.25111, loss_equ:0.53966 loss_pq_vm:0.00345 loss_pq_va:0.08262 loss_pv_va:0.08001
INFO|2024-09-26 19:24:16: Epoch[078/100], iter[392/392], loss_total:0.27728, loss_equ:0.56883 loss_pq_vm:0.00350 loss_pq_va:0.09446 loss_pv_va:0.09096
INFO|2024-09-26 19:25:28: Epoch 77/100, lr:  0.00012360, eta: 2.36h, train_loss:  0.24958, valid_loss:  0.33564
INFO|2024-09-26 19:25:28: 	Train: PQ_Vm_rmse: 0.00007292  PQ_Va_rmse: 0.00253801  PV_Va_rmse: 0.00244998  delta_p: 0.00474232  delta_q: 0.00079721  
INFO|2024-09-26 19:25:28: 	ZTest: PQ_Vm_rmse: 0.00015127  PQ_Va_rmse: 0.00575077  PV_Va_rmse: 0.00554415  delta_p: 0.00787290  delta_q: 0.00111687  
INFO|2024-09-26 19:25:28: 	ZTest-ema: PQ_Vm_rmse: 0.000132  PQ_Va_rmse: 0.004488  PV_Va_rmse: 0.004287  delta_p: 0.006819  delta_q: 0.000986  
INFO|2024-09-26 19:25:28: 	           ValOfEMA:0.004488/0.004348,  Epoch:78/77
INFO|2024-09-26 19:25:28: 	Time(ep):386s,  Val(curr/best):0.005751/0.004561,  Epoch(curr/best):78/77
INFO|2024-09-26 19:25:28: -------------------- Epoch: 79 --------------------
INFO|2024-09-26 19:26:02: Epoch[079/100], iter[040/392], loss_total:0.24116, loss_equ:0.54125 loss_pq_vm:0.00318 loss_pq_va:0.07947 loss_pv_va:0.07573
INFO|2024-09-26 19:26:33: Epoch[079/100], iter[079/392], loss_total:0.24330, loss_equ:0.54436 loss_pq_vm:0.00318 loss_pq_va:0.08003 loss_pv_va:0.07704
INFO|2024-09-26 19:27:04: Epoch[079/100], iter[118/392], loss_total:0.25449, loss_equ:0.55617 loss_pq_vm:0.00314 loss_pq_va:0.08552 loss_pv_va:0.08195
INFO|2024-09-26 19:27:35: Epoch[079/100], iter[157/392], loss_total:0.26759, loss_equ:0.57142 loss_pq_vm:0.00315 loss_pq_va:0.09151 loss_pv_va:0.08747
INFO|2024-09-26 19:28:06: Epoch[079/100], iter[196/392], loss_total:0.25100, loss_equ:0.56075 loss_pq_vm:0.00323 loss_pq_va:0.08352 loss_pv_va:0.07910
INFO|2024-09-26 19:28:37: Epoch[079/100], iter[235/392], loss_total:0.24409, loss_equ:0.54978 loss_pq_vm:0.00311 loss_pq_va:0.08074 loss_pv_va:0.07727
INFO|2024-09-26 19:29:09: Epoch[079/100], iter[274/392], loss_total:0.24368, loss_equ:0.53988 loss_pq_vm:0.00305 loss_pq_va:0.08152 loss_pv_va:0.07763
INFO|2024-09-26 19:29:40: Epoch[079/100], iter[313/392], loss_total:0.27469, loss_equ:0.56292 loss_pq_vm:0.00324 loss_pq_va:0.09549 loss_pv_va:0.09052
INFO|2024-09-26 19:30:11: Epoch[079/100], iter[352/392], loss_total:0.24418, loss_equ:0.54559 loss_pq_vm:0.00312 loss_pq_va:0.08094 loss_pv_va:0.07748
INFO|2024-09-26 19:30:42: Epoch[079/100], iter[392/392], loss_total:0.25164, loss_equ:0.55490 loss_pq_vm:0.00352 loss_pq_va:0.08218 loss_pv_va:0.07874
INFO|2024-09-26 19:31:54: Epoch 78/100, lr:  0.00011387, eta: 2.25h, train_loss:  0.24978, valid_loss:  0.32499
INFO|2024-09-26 19:31:54: 	Train: PQ_Vm_rmse: 0.00007656  PQ_Va_rmse: 0.00265231  PV_Va_rmse: 0.00255704  delta_p: 0.00497067  delta_q: 0.00084931  
INFO|2024-09-26 19:31:54: 	ZTest: PQ_Vm_rmse: 0.00015411  PQ_Va_rmse: 0.00541476  PV_Va_rmse: 0.00519012  delta_p: 0.00801532  delta_q: 0.00108192  
INFO|2024-09-26 19:31:54: 	ZTest-ema: PQ_Vm_rmse: 0.000132  PQ_Va_rmse: 0.004368  PV_Va_rmse: 0.004175  delta_p: 0.006777  delta_q: 0.000980  
INFO|2024-09-26 19:31:54: 	           ValOfEMA:0.004368/0.004348,  Epoch:79/77
INFO|2024-09-26 19:31:55: 	Time(ep):385s,  Val(curr/best):0.005415/0.004561,  Epoch(curr/best):79/77
INFO|2024-09-26 19:31:55: -------------------- Epoch: 80 --------------------
INFO|2024-09-26 19:32:28: Epoch[080/100], iter[040/392], loss_total:0.24801, loss_equ:0.54418 loss_pq_vm:0.00306 loss_pq_va:0.08334 loss_pv_va:0.07965
INFO|2024-09-26 19:32:59: Epoch[080/100], iter[079/392], loss_total:0.25001, loss_equ:0.54156 loss_pq_vm:0.00314 loss_pq_va:0.08440 loss_pv_va:0.08008
INFO|2024-09-26 19:33:30: Epoch[080/100], iter[118/392], loss_total:0.24230, loss_equ:0.53537 loss_pq_vm:0.00307 loss_pq_va:0.08066 loss_pv_va:0.07742
INFO|2024-09-26 19:34:02: Epoch[080/100], iter[157/392], loss_total:0.23485, loss_equ:0.52758 loss_pq_vm:0.00305 loss_pq_va:0.07766 loss_pv_va:0.07394
INFO|2024-09-26 19:34:32: Epoch[080/100], iter[196/392], loss_total:0.24076, loss_equ:0.53174 loss_pq_vm:0.00307 loss_pq_va:0.08014 loss_pv_va:0.07675
INFO|2024-09-26 19:35:03: Epoch[080/100], iter[235/392], loss_total:0.24392, loss_equ:0.53827 loss_pq_vm:0.00304 loss_pq_va:0.08220 loss_pv_va:0.07755
INFO|2024-09-26 19:35:34: Epoch[080/100], iter[274/392], loss_total:0.24522, loss_equ:0.54134 loss_pq_vm:0.00316 loss_pq_va:0.08214 loss_pv_va:0.07737
INFO|2024-09-26 19:36:05: Epoch[080/100], iter[313/392], loss_total:0.23263, loss_equ:0.53156 loss_pq_vm:0.00305 loss_pq_va:0.07640 loss_pv_va:0.07263
INFO|2024-09-26 19:36:36: Epoch[080/100], iter[352/392], loss_total:0.23747, loss_equ:0.53692 loss_pq_vm:0.00309 loss_pq_va:0.07854 loss_pv_va:0.07434
INFO|2024-09-26 19:37:08: Epoch[080/100], iter[392/392], loss_total:0.24880, loss_equ:0.55253 loss_pq_vm:0.00312 loss_pq_va:0.08303 loss_pv_va:0.07934
INFO|2024-09-26 19:38:20: Epoch 79/100, lr:  0.00010454, eta: 2.14h, train_loss:  0.24650, valid_loss:  0.29349
INFO|2024-09-26 19:38:20: 	Train: PQ_Vm_rmse: 0.00006975  PQ_Va_rmse: 0.00242117  PV_Va_rmse: 0.00231732  delta_p: 0.00469151  delta_q: 0.00076643  
INFO|2024-09-26 19:38:20: 	ZTest: PQ_Vm_rmse: 0.00013592  PQ_Va_rmse: 0.00427652  PV_Va_rmse: 0.00411101  delta_p: 0.00708321  delta_q: 0.00125448  
INFO|2024-09-26 19:38:20: 	ZTest-ema: PQ_Vm_rmse: 0.000135  PQ_Va_rmse: 0.004345  PV_Va_rmse: 0.004155  delta_p: 0.006450  delta_q: 0.000936  
INFO|2024-09-26 19:38:20: 	           ValOfEMA:0.004345/0.004345,  Epoch:80/80
INFO|2024-09-26 19:38:21: 	Time(ep):385s,  Val(curr/best):0.004277/0.004277,  Epoch(curr/best):80/80
INFO|2024-09-26 19:38:21: -------------------- Epoch: 81 --------------------
INFO|2024-09-26 19:38:54: Epoch[081/100], iter[040/392], loss_total:0.24088, loss_equ:0.53766 loss_pq_vm:0.00321 loss_pq_va:0.07984 loss_pv_va:0.07520
INFO|2024-09-26 19:39:25: Epoch[081/100], iter[079/392], loss_total:0.27083, loss_equ:0.55556 loss_pq_vm:0.00326 loss_pq_va:0.09393 loss_pv_va:0.08877
INFO|2024-09-26 19:39:56: Epoch[081/100], iter[118/392], loss_total:0.24049, loss_equ:0.54538 loss_pq_vm:0.00318 loss_pq_va:0.07882 loss_pv_va:0.07535
INFO|2024-09-26 19:40:27: Epoch[081/100], iter[157/392], loss_total:0.23945, loss_equ:0.52917 loss_pq_vm:0.00304 loss_pq_va:0.08005 loss_pv_va:0.07606
INFO|2024-09-26 19:40:58: Epoch[081/100], iter[196/392], loss_total:0.24409, loss_equ:0.55305 loss_pq_vm:0.00313 loss_pq_va:0.08043 loss_pv_va:0.07704
INFO|2024-09-26 19:41:29: Epoch[081/100], iter[235/392], loss_total:0.25963, loss_equ:0.55517 loss_pq_vm:0.00317 loss_pq_va:0.08841 loss_pv_va:0.08396
INFO|2024-09-26 19:42:00: Epoch[081/100], iter[274/392], loss_total:0.23311, loss_equ:0.53379 loss_pq_vm:0.00303 loss_pq_va:0.07626 loss_pv_va:0.07317
INFO|2024-09-26 19:42:31: Epoch[081/100], iter[313/392], loss_total:0.24015, loss_equ:0.53313 loss_pq_vm:0.00304 loss_pq_va:0.07984 loss_pv_va:0.07655
INFO|2024-09-26 19:43:02: Epoch[081/100], iter[352/392], loss_total:0.23035, loss_equ:0.53688 loss_pq_vm:0.00313 loss_pq_va:0.07444 loss_pv_va:0.07094
INFO|2024-09-26 19:43:34: Epoch[081/100], iter[392/392], loss_total:0.24657, loss_equ:0.54182 loss_pq_vm:0.00316 loss_pq_va:0.08281 loss_pv_va:0.07797
INFO|2024-09-26 19:44:45: Epoch 80/100, lr:  0.00009560, eta: 2.03h, train_loss:  0.24493, valid_loss:  0.29455
INFO|2024-09-26 19:44:45: 	Train: PQ_Vm_rmse: 0.00006799  PQ_Va_rmse: 0.00244175  PV_Va_rmse: 0.00233815  delta_p: 0.00453091  delta_q: 0.00072927  
INFO|2024-09-26 19:44:45: 	ZTest: PQ_Vm_rmse: 0.00013790  PQ_Va_rmse: 0.00429083  PV_Va_rmse: 0.00409454  delta_p: 0.00981143  delta_q: 0.00109183  
INFO|2024-09-26 19:44:45: 	ZTest-ema: PQ_Vm_rmse: 0.000133  PQ_Va_rmse: 0.004138  PV_Va_rmse: 0.003946  delta_p: 0.006555  delta_q: 0.000951  
INFO|2024-09-26 19:44:45: 	           ValOfEMA:0.004138/0.004138,  Epoch:81/81
INFO|2024-09-26 19:44:46: 	Time(ep):384s,  Val(curr/best):0.004291/0.004277,  Epoch(curr/best):81/80
INFO|2024-09-26 19:44:46: -------------------- Epoch: 82 --------------------
INFO|2024-09-26 19:45:19: Epoch[082/100], iter[040/392], loss_total:0.24381, loss_equ:0.53886 loss_pq_vm:0.00307 loss_pq_va:0.08117 loss_pv_va:0.07803
INFO|2024-09-26 19:45:50: Epoch[082/100], iter[079/392], loss_total:0.24549, loss_equ:0.53349 loss_pq_vm:0.00314 loss_pq_va:0.08268 loss_pv_va:0.07810
INFO|2024-09-26 19:46:21: Epoch[082/100], iter[118/392], loss_total:0.25436, loss_equ:0.54629 loss_pq_vm:0.00303 loss_pq_va:0.08716 loss_pv_va:0.08223
INFO|2024-09-26 19:46:52: Epoch[082/100], iter[157/392], loss_total:0.26669, loss_equ:0.54876 loss_pq_vm:0.00314 loss_pq_va:0.09275 loss_pv_va:0.08765
INFO|2024-09-26 19:47:23: Epoch[082/100], iter[196/392], loss_total:0.23385, loss_equ:0.53519 loss_pq_vm:0.00304 loss_pq_va:0.07659 loss_pv_va:0.07330
INFO|2024-09-26 19:47:54: Epoch[082/100], iter[235/392], loss_total:0.24330, loss_equ:0.53887 loss_pq_vm:0.00305 loss_pq_va:0.08148 loss_pv_va:0.07743
INFO|2024-09-26 19:48:25: Epoch[082/100], iter[274/392], loss_total:0.24126, loss_equ:0.54900 loss_pq_vm:0.00317 loss_pq_va:0.07945 loss_pv_va:0.07520
INFO|2024-09-26 19:48:55: Epoch[082/100], iter[313/392], loss_total:0.25664, loss_equ:0.53555 loss_pq_vm:0.00307 loss_pq_va:0.08865 loss_pv_va:0.08377
INFO|2024-09-26 19:49:26: Epoch[082/100], iter[352/392], loss_total:0.22899, loss_equ:0.52165 loss_pq_vm:0.00299 loss_pq_va:0.07520 loss_pv_va:0.07170
INFO|2024-09-26 19:49:58: Epoch[082/100], iter[392/392], loss_total:0.23775, loss_equ:0.53117 loss_pq_vm:0.00300 loss_pq_va:0.07904 loss_pv_va:0.07558
INFO|2024-09-26 19:51:10: Epoch 81/100, lr:  0.00008706, eta: 1.92h, train_loss:  0.24061, valid_loss:  0.28917
INFO|2024-09-26 19:51:10: 	Train: PQ_Vm_rmse: 0.00006265  PQ_Va_rmse: 0.00219212  PV_Va_rmse: 0.00210150  delta_p: 0.00418524  delta_q: 0.00065792  
INFO|2024-09-26 19:51:10: 	ZTest: PQ_Vm_rmse: 0.00013027  PQ_Va_rmse: 0.00421579  PV_Va_rmse: 0.00402055  delta_p: 0.00627078  delta_q: 0.00092244  
INFO|2024-09-26 19:51:10: 	ZTest-ema: PQ_Vm_rmse: 0.000130  PQ_Va_rmse: 0.004235  PV_Va_rmse: 0.004041  delta_p: 0.006183  delta_q: 0.000891  
INFO|2024-09-26 19:51:10: 	           ValOfEMA:0.004235/0.004138,  Epoch:82/81
INFO|2024-09-26 19:51:10: 	Time(ep):384s,  Val(curr/best):0.004216/0.004216,  Epoch(curr/best):82/82
INFO|2024-09-26 19:51:10: -------------------- Epoch: 83 --------------------
INFO|2024-09-26 19:51:44: Epoch[083/100], iter[040/392], loss_total:0.24962, loss_equ:0.53617 loss_pq_vm:0.00309 loss_pq_va:0.08452 loss_pv_va:0.08061
INFO|2024-09-26 19:52:15: Epoch[083/100], iter[079/392], loss_total:0.22789, loss_equ:0.52694 loss_pq_vm:0.00306 loss_pq_va:0.07412 loss_pv_va:0.07050
INFO|2024-09-26 19:52:46: Epoch[083/100], iter[118/392], loss_total:0.24061, loss_equ:0.53099 loss_pq_vm:0.00301 loss_pq_va:0.08083 loss_pv_va:0.07661
INFO|2024-09-26 19:53:17: Epoch[083/100], iter[157/392], loss_total:0.24872, loss_equ:0.54111 loss_pq_vm:0.00310 loss_pq_va:0.08423 loss_pv_va:0.07939
INFO|2024-09-26 19:53:48: Epoch[083/100], iter[196/392], loss_total:0.23361, loss_equ:0.53829 loss_pq_vm:0.00303 loss_pq_va:0.07678 loss_pv_va:0.07268
INFO|2024-09-26 19:54:19: Epoch[083/100], iter[235/392], loss_total:0.24235, loss_equ:0.53174 loss_pq_vm:0.00304 loss_pq_va:0.08162 loss_pv_va:0.07716
INFO|2024-09-26 19:54:50: Epoch[083/100], iter[274/392], loss_total:0.22710, loss_equ:0.53053 loss_pq_vm:0.00296 loss_pq_va:0.07418 loss_pv_va:0.07023
INFO|2024-09-26 19:55:21: Epoch[083/100], iter[313/392], loss_total:0.23322, loss_equ:0.53202 loss_pq_vm:0.00298 loss_pq_va:0.07702 loss_pv_va:0.07319
INFO|2024-09-26 19:55:52: Epoch[083/100], iter[352/392], loss_total:0.24697, loss_equ:0.54035 loss_pq_vm:0.00311 loss_pq_va:0.08279 loss_pv_va:0.07904
INFO|2024-09-26 19:56:24: Epoch[083/100], iter[392/392], loss_total:0.23107, loss_equ:0.52461 loss_pq_vm:0.00300 loss_pq_va:0.07605 loss_pv_va:0.07258
INFO|2024-09-26 19:57:36: Epoch 82/100, lr:  0.00007893, eta: 1.82h, train_loss:  0.23909, valid_loss:  0.29084
INFO|2024-09-26 19:57:36: 	Train: PQ_Vm_rmse: 0.00006184  PQ_Va_rmse: 0.00219856  PV_Va_rmse: 0.00210764  delta_p: 0.00392675  delta_q: 0.00060421  
INFO|2024-09-26 19:57:36: 	ZTest: PQ_Vm_rmse: 0.00012959  PQ_Va_rmse: 0.00414722  PV_Va_rmse: 0.00395151  delta_p: 0.00647477  delta_q: 0.00100492  
INFO|2024-09-26 19:57:36: 	ZTest-ema: PQ_Vm_rmse: 0.000129  PQ_Va_rmse: 0.004174  PV_Va_rmse: 0.003983  delta_p: 0.006262  delta_q: 0.000899  
INFO|2024-09-26 19:57:36: 	           ValOfEMA:0.004174/0.004138,  Epoch:83/81
INFO|2024-09-26 19:57:37: 	Time(ep):385s,  Val(curr/best):0.004147/0.004147,  Epoch(curr/best):83/83
INFO|2024-09-26 19:57:37: -------------------- Epoch: 84 --------------------
INFO|2024-09-26 19:58:10: Epoch[084/100], iter[040/392], loss_total:0.22744, loss_equ:0.52116 loss_pq_vm:0.00294 loss_pq_va:0.07454 loss_pv_va:0.07142
INFO|2024-09-26 19:58:41: Epoch[084/100], iter[079/392], loss_total:0.23103, loss_equ:0.52702 loss_pq_vm:0.00298 loss_pq_va:0.07606 loss_pv_va:0.07249
INFO|2024-09-26 19:59:12: Epoch[084/100], iter[118/392], loss_total:0.22972, loss_equ:0.53225 loss_pq_vm:0.00300 loss_pq_va:0.07479 loss_pv_va:0.07173
INFO|2024-09-26 19:59:43: Epoch[084/100], iter[157/392], loss_total:0.24346, loss_equ:0.53615 loss_pq_vm:0.00304 loss_pq_va:0.08155 loss_pv_va:0.07787
INFO|2024-09-26 20:00:14: Epoch[084/100], iter[196/392], loss_total:0.23265, loss_equ:0.52757 loss_pq_vm:0.00299 loss_pq_va:0.07704 loss_pv_va:0.07300
INFO|2024-09-26 20:00:46: Epoch[084/100], iter[235/392], loss_total:0.23350, loss_equ:0.53848 loss_pq_vm:0.00299 loss_pq_va:0.07697 loss_pv_va:0.07276
INFO|2024-09-26 20:01:17: Epoch[084/100], iter[274/392], loss_total:0.23183, loss_equ:0.52863 loss_pq_vm:0.00295 loss_pq_va:0.07642 loss_pv_va:0.07302
INFO|2024-09-26 20:01:48: Epoch[084/100], iter[313/392], loss_total:0.23079, loss_equ:0.52675 loss_pq_vm:0.00299 loss_pq_va:0.07601 loss_pv_va:0.07218
INFO|2024-09-26 20:02:19: Epoch[084/100], iter[352/392], loss_total:0.23240, loss_equ:0.52692 loss_pq_vm:0.00296 loss_pq_va:0.07690 loss_pv_va:0.07325
INFO|2024-09-26 20:02:50: Epoch[084/100], iter[392/392], loss_total:0.23334, loss_equ:0.53923 loss_pq_vm:0.00301 loss_pq_va:0.07638 loss_pv_va:0.07289
INFO|2024-09-26 20:04:03: Epoch 83/100, lr:  0.00007123, eta: 1.71h, train_loss:  0.23839, valid_loss:  0.28756
INFO|2024-09-26 20:04:03: 	Train: PQ_Vm_rmse: 0.00006252  PQ_Va_rmse: 0.00214469  PV_Va_rmse: 0.00206189  delta_p: 0.00396301  delta_q: 0.00062542  
INFO|2024-09-26 20:04:03: 	ZTest: PQ_Vm_rmse: 0.00012785  PQ_Va_rmse: 0.00437733  PV_Va_rmse: 0.00418564  delta_p: 0.00656221  delta_q: 0.00096689  
INFO|2024-09-26 20:04:03: 	ZTest-ema: PQ_Vm_rmse: 0.000126  PQ_Va_rmse: 0.004314  PV_Va_rmse: 0.004123  delta_p: 0.006436  delta_q: 0.000920  
INFO|2024-09-26 20:04:03: 	           ValOfEMA:0.004314/0.004138,  Epoch:84/81
INFO|2024-09-26 20:04:03: 	Time(ep):385s,  Val(curr/best):0.004377/0.004147,  Epoch(curr/best):84/83
INFO|2024-09-26 20:04:03: -------------------- Epoch: 85 --------------------
INFO|2024-09-26 20:04:36: Epoch[085/100], iter[040/392], loss_total:0.23621, loss_equ:0.53368 loss_pq_vm:0.00309 loss_pq_va:0.07789 loss_pv_va:0.07407
INFO|2024-09-26 20:05:08: Epoch[085/100], iter[079/392], loss_total:0.22915, loss_equ:0.53073 loss_pq_vm:0.00299 loss_pq_va:0.07504 loss_pv_va:0.07117
INFO|2024-09-26 20:05:39: Epoch[085/100], iter[118/392], loss_total:0.22905, loss_equ:0.51727 loss_pq_vm:0.00294 loss_pq_va:0.07551 loss_pv_va:0.07244
INFO|2024-09-26 20:06:10: Epoch[085/100], iter[157/392], loss_total:0.23640, loss_equ:0.52561 loss_pq_vm:0.00294 loss_pq_va:0.07913 loss_pv_va:0.07530
INFO|2024-09-26 20:06:40: Epoch[085/100], iter[196/392], loss_total:0.22583, loss_equ:0.52277 loss_pq_vm:0.00305 loss_pq_va:0.07307 loss_pv_va:0.06996
INFO|2024-09-26 20:07:12: Epoch[085/100], iter[235/392], loss_total:0.22347, loss_equ:0.52124 loss_pq_vm:0.00297 loss_pq_va:0.07244 loss_pv_va:0.06915
INFO|2024-09-26 20:07:43: Epoch[085/100], iter[274/392], loss_total:0.24256, loss_equ:0.53634 loss_pq_vm:0.00301 loss_pq_va:0.08140 loss_pv_va:0.07741
INFO|2024-09-26 20:08:13: Epoch[085/100], iter[313/392], loss_total:0.23235, loss_equ:0.53167 loss_pq_vm:0.00297 loss_pq_va:0.07664 loss_pv_va:0.07287
INFO|2024-09-26 20:08:44: Epoch[085/100], iter[352/392], loss_total:0.24852, loss_equ:0.54186 loss_pq_vm:0.00300 loss_pq_va:0.08393 loss_pv_va:0.08040
INFO|2024-09-26 20:09:16: Epoch[085/100], iter[392/392], loss_total:0.22575, loss_equ:0.52230 loss_pq_vm:0.00290 loss_pq_va:0.07377 loss_pv_va:0.07075
INFO|2024-09-26 20:10:28: Epoch 84/100, lr:  0.00006395, eta: 1.61h, train_loss:  0.23792, valid_loss:  0.29088
INFO|2024-09-26 20:10:28: 	Train: PQ_Vm_rmse: 0.00006229  PQ_Va_rmse: 0.00219663  PV_Va_rmse: 0.00211036  delta_p: 0.00396688  delta_q: 0.00061519  
INFO|2024-09-26 20:10:28: 	ZTest: PQ_Vm_rmse: 0.00012583  PQ_Va_rmse: 0.00436150  PV_Va_rmse: 0.00418067  delta_p: 0.00648906  delta_q: 0.00093075  
INFO|2024-09-26 20:10:28: 	ZTest-ema: PQ_Vm_rmse: 0.000127  PQ_Va_rmse: 0.004270  PV_Va_rmse: 0.004077  delta_p: 0.006376  delta_q: 0.000914  
INFO|2024-09-26 20:10:28: 	           ValOfEMA:0.004270/0.004138,  Epoch:85/81
INFO|2024-09-26 20:10:29: 	Time(ep):385s,  Val(curr/best):0.004361/0.004147,  Epoch(curr/best):85/83
INFO|2024-09-26 20:10:29: -------------------- Epoch: 86 --------------------
INFO|2024-09-26 20:11:03: Epoch[086/100], iter[040/392], loss_total:0.23571, loss_equ:0.53155 loss_pq_vm:0.00308 loss_pq_va:0.07777 loss_pv_va:0.07398
INFO|2024-09-26 20:11:34: Epoch[086/100], iter[079/392], loss_total:0.23641, loss_equ:0.51782 loss_pq_vm:0.00301 loss_pq_va:0.07941 loss_pv_va:0.07515
INFO|2024-09-26 20:12:05: Epoch[086/100], iter[118/392], loss_total:0.22703, loss_equ:0.51629 loss_pq_vm:0.00288 loss_pq_va:0.07502 loss_pv_va:0.07155
INFO|2024-09-26 20:12:36: Epoch[086/100], iter[157/392], loss_total:0.23723, loss_equ:0.53548 loss_pq_vm:0.00310 loss_pq_va:0.07845 loss_pv_va:0.07426
INFO|2024-09-26 20:13:07: Epoch[086/100], iter[196/392], loss_total:0.24862, loss_equ:0.53393 loss_pq_vm:0.00295 loss_pq_va:0.08475 loss_pv_va:0.08093
INFO|2024-09-26 20:13:38: Epoch[086/100], iter[235/392], loss_total:0.23549, loss_equ:0.53298 loss_pq_vm:0.00300 loss_pq_va:0.07812 loss_pv_va:0.07403
INFO|2024-09-26 20:14:09: Epoch[086/100], iter[274/392], loss_total:0.22519, loss_equ:0.51952 loss_pq_vm:0.00296 loss_pq_va:0.07316 loss_pv_va:0.07051
INFO|2024-09-26 20:14:40: Epoch[086/100], iter[313/392], loss_total:0.22823, loss_equ:0.52179 loss_pq_vm:0.00296 loss_pq_va:0.07505 loss_pv_va:0.07143
INFO|2024-09-26 20:15:11: Epoch[086/100], iter[352/392], loss_total:0.23359, loss_equ:0.53505 loss_pq_vm:0.00297 loss_pq_va:0.07686 loss_pv_va:0.07353
INFO|2024-09-26 20:15:43: Epoch[086/100], iter[392/392], loss_total:0.24154, loss_equ:0.53325 loss_pq_vm:0.00295 loss_pq_va:0.08144 loss_pv_va:0.07729
INFO|2024-09-26 20:16:54: Epoch 85/100, lr:  0.00005711, eta: 1.5h, train_loss:  0.23617, valid_loss:  0.28600
INFO|2024-09-26 20:16:54: 	Train: PQ_Vm_rmse: 0.00006102  PQ_Va_rmse: 0.00215353  PV_Va_rmse: 0.00206471  delta_p: 0.00381690  delta_q: 0.00058926  
INFO|2024-09-26 20:16:54: 	ZTest: PQ_Vm_rmse: 0.00013004  PQ_Va_rmse: 0.00437838  PV_Va_rmse: 0.00418454  delta_p: 0.00645215  delta_q: 0.00096598  
INFO|2024-09-26 20:16:54: 	ZTest-ema: PQ_Vm_rmse: 0.000127  PQ_Va_rmse: 0.004378  PV_Va_rmse: 0.004183  delta_p: 0.006227  delta_q: 0.000895  
INFO|2024-09-26 20:16:54: 	           ValOfEMA:0.004378/0.004138,  Epoch:86/81
INFO|2024-09-26 20:16:55: 	Time(ep):385s,  Val(curr/best):0.004378/0.004147,  Epoch(curr/best):86/83
INFO|2024-09-26 20:16:55: -------------------- Epoch: 87 --------------------
INFO|2024-09-26 20:17:28: Epoch[087/100], iter[040/392], loss_total:0.23754, loss_equ:0.52577 loss_pq_vm:0.00295 loss_pq_va:0.07992 loss_pv_va:0.07556
INFO|2024-09-26 20:17:59: Epoch[087/100], iter[079/392], loss_total:0.23071, loss_equ:0.53127 loss_pq_vm:0.00305 loss_pq_va:0.07532 loss_pv_va:0.07173
INFO|2024-09-26 20:18:30: Epoch[087/100], iter[118/392], loss_total:0.24445, loss_equ:0.53807 loss_pq_vm:0.00305 loss_pq_va:0.08222 loss_pv_va:0.07793
INFO|2024-09-26 20:19:01: Epoch[087/100], iter[157/392], loss_total:0.23455, loss_equ:0.53767 loss_pq_vm:0.00303 loss_pq_va:0.07743 loss_pv_va:0.07307
INFO|2024-09-26 20:19:32: Epoch[087/100], iter[196/392], loss_total:0.23510, loss_equ:0.53546 loss_pq_vm:0.00294 loss_pq_va:0.07786 loss_pv_va:0.07425
INFO|2024-09-26 20:20:03: Epoch[087/100], iter[235/392], loss_total:0.26407, loss_equ:0.55218 loss_pq_vm:0.00330 loss_pq_va:0.09018 loss_pv_va:0.08570
INFO|2024-09-26 20:20:34: Epoch[087/100], iter[274/392], loss_total:0.22315, loss_equ:0.52573 loss_pq_vm:0.00292 loss_pq_va:0.07222 loss_pv_va:0.06921
INFO|2024-09-26 20:21:05: Epoch[087/100], iter[313/392], loss_total:0.23502, loss_equ:0.52492 loss_pq_vm:0.00296 loss_pq_va:0.07851 loss_pv_va:0.07438
INFO|2024-09-26 20:21:36: Epoch[087/100], iter[352/392], loss_total:0.24465, loss_equ:0.53559 loss_pq_vm:0.00305 loss_pq_va:0.08241 loss_pv_va:0.07820
INFO|2024-09-26 20:22:08: Epoch[087/100], iter[392/392], loss_total:0.23607, loss_equ:0.53166 loss_pq_vm:0.00298 loss_pq_va:0.07858 loss_pv_va:0.07454
INFO|2024-09-26 20:23:21: Epoch 86/100, lr:  0.00005071, eta: 1.39h, train_loss:  0.23535, valid_loss:  0.28543
INFO|2024-09-26 20:23:21: 	Train: PQ_Vm_rmse: 0.00006016  PQ_Va_rmse: 0.00212303  PV_Va_rmse: 0.00203123  delta_p: 0.00377329  delta_q: 0.00057378  
INFO|2024-09-26 20:23:21: 	ZTest: PQ_Vm_rmse: 0.00013196  PQ_Va_rmse: 0.00428182  PV_Va_rmse: 0.00409043  delta_p: 0.00648091  delta_q: 0.00092298  
INFO|2024-09-26 20:23:21: 	ZTest-ema: PQ_Vm_rmse: 0.000126  PQ_Va_rmse: 0.004296  PV_Va_rmse: 0.004108  delta_p: 0.006275  delta_q: 0.000896  
INFO|2024-09-26 20:23:21: 	           ValOfEMA:0.004296/0.004138,  Epoch:87/81
INFO|2024-09-26 20:23:21: 	Time(ep):385s,  Val(curr/best):0.004282/0.004147,  Epoch(curr/best):87/83
INFO|2024-09-26 20:23:21: -------------------- Epoch: 88 --------------------
INFO|2024-09-26 20:23:55: Epoch[088/100], iter[040/392], loss_total:0.23550, loss_equ:0.53187 loss_pq_vm:0.00297 loss_pq_va:0.07812 loss_pv_va:0.07449
INFO|2024-09-26 20:24:26: Epoch[088/100], iter[079/392], loss_total:0.23860, loss_equ:0.52970 loss_pq_vm:0.00292 loss_pq_va:0.08006 loss_pv_va:0.07642
INFO|2024-09-26 20:24:57: Epoch[088/100], iter[118/392], loss_total:0.23701, loss_equ:0.52773 loss_pq_vm:0.00300 loss_pq_va:0.07891 loss_pv_va:0.07535
INFO|2024-09-26 20:25:28: Epoch[088/100], iter[157/392], loss_total:0.24285, loss_equ:0.54033 loss_pq_vm:0.00303 loss_pq_va:0.08120 loss_pv_va:0.07729
INFO|2024-09-26 20:25:59: Epoch[088/100], iter[196/392], loss_total:0.23513, loss_equ:0.53377 loss_pq_vm:0.00295 loss_pq_va:0.07773 loss_pv_va:0.07450
INFO|2024-09-26 20:26:30: Epoch[088/100], iter[235/392], loss_total:0.21942, loss_equ:0.51290 loss_pq_vm:0.00290 loss_pq_va:0.07120 loss_pv_va:0.06789
INFO|2024-09-26 20:27:01: Epoch[088/100], iter[274/392], loss_total:0.23334, loss_equ:0.53047 loss_pq_vm:0.00290 loss_pq_va:0.07726 loss_pv_va:0.07401
INFO|2024-09-26 20:27:32: Epoch[088/100], iter[313/392], loss_total:0.23091, loss_equ:0.52795 loss_pq_vm:0.00294 loss_pq_va:0.07602 loss_pv_va:0.07267
INFO|2024-09-26 20:28:03: Epoch[088/100], iter[352/392], loss_total:0.22573, loss_equ:0.52209 loss_pq_vm:0.00295 loss_pq_va:0.07367 loss_pv_va:0.07031
INFO|2024-09-26 20:28:35: Epoch[088/100], iter[392/392], loss_total:0.23539, loss_equ:0.53336 loss_pq_vm:0.00303 loss_pq_va:0.07739 loss_pv_va:0.07437
INFO|2024-09-26 20:29:47: Epoch 87/100, lr:  0.00004476, eta: 1.29h, train_loss:  0.23423, valid_loss:  0.28527
INFO|2024-09-26 20:29:47: 	Train: PQ_Vm_rmse: 0.00005929  PQ_Va_rmse: 0.00206945  PV_Va_rmse: 0.00197995  delta_p: 0.00366153  delta_q: 0.00054742  
INFO|2024-09-26 20:29:47: 	ZTest: PQ_Vm_rmse: 0.00012866  PQ_Va_rmse: 0.00436190  PV_Va_rmse: 0.00416536  delta_p: 0.00623681  delta_q: 0.00090253  
INFO|2024-09-26 20:29:47: 	ZTest-ema: PQ_Vm_rmse: 0.000127  PQ_Va_rmse: 0.004239  PV_Va_rmse: 0.004046  delta_p: 0.006181  delta_q: 0.000885  
INFO|2024-09-26 20:29:47: 	           ValOfEMA:0.004239/0.004138,  Epoch:88/81
INFO|2024-09-26 20:29:47: 	Time(ep):385s,  Val(curr/best):0.004362/0.004147,  Epoch(curr/best):88/83
INFO|2024-09-26 20:29:47: -------------------- Epoch: 89 --------------------
INFO|2024-09-26 20:30:21: Epoch[089/100], iter[040/392], loss_total:0.23520, loss_equ:0.53010 loss_pq_vm:0.00293 loss_pq_va:0.07834 loss_pv_va:0.07458
INFO|2024-09-26 20:30:52: Epoch[089/100], iter[079/392], loss_total:0.23986, loss_equ:0.53130 loss_pq_vm:0.00302 loss_pq_va:0.08035 loss_pv_va:0.07622
INFO|2024-09-26 20:31:23: Epoch[089/100], iter[118/392], loss_total:0.22625, loss_equ:0.52668 loss_pq_vm:0.00297 loss_pq_va:0.07378 loss_pv_va:0.07012
INFO|2024-09-26 20:31:54: Epoch[089/100], iter[157/392], loss_total:0.23770, loss_equ:0.52731 loss_pq_vm:0.00300 loss_pq_va:0.07923 loss_pv_va:0.07576
INFO|2024-09-26 20:32:24: Epoch[089/100], iter[196/392], loss_total:0.23446, loss_equ:0.53210 loss_pq_vm:0.00296 loss_pq_va:0.07780 loss_pv_va:0.07388
INFO|2024-09-26 20:32:55: Epoch[089/100], iter[235/392], loss_total:0.22185, loss_equ:0.52915 loss_pq_vm:0.00290 loss_pq_va:0.07140 loss_pv_va:0.06854
INFO|2024-09-26 20:33:26: Epoch[089/100], iter[274/392], loss_total:0.22318, loss_equ:0.51990 loss_pq_vm:0.00293 loss_pq_va:0.07245 loss_pv_va:0.06941
INFO|2024-09-26 20:33:57: Epoch[089/100], iter[313/392], loss_total:0.22839, loss_equ:0.52231 loss_pq_vm:0.00295 loss_pq_va:0.07518 loss_pv_va:0.07148
INFO|2024-09-26 20:34:28: Epoch[089/100], iter[352/392], loss_total:0.23134, loss_equ:0.52284 loss_pq_vm:0.00296 loss_pq_va:0.07674 loss_pv_va:0.07274
INFO|2024-09-26 20:35:00: Epoch[089/100], iter[392/392], loss_total:0.22260, loss_equ:0.51792 loss_pq_vm:0.00292 loss_pq_va:0.07229 loss_pv_va:0.06929
INFO|2024-09-26 20:36:12: Epoch 88/100, lr:  0.00003926, eta: 1.18h, train_loss:  0.23348, valid_loss:  0.28413
INFO|2024-09-26 20:36:12: 	Train: PQ_Vm_rmse: 0.00005956  PQ_Va_rmse: 0.00208771  PV_Va_rmse: 0.00199460  delta_p: 0.00361762  delta_q: 0.00053761  
INFO|2024-09-26 20:36:12: 	ZTest: PQ_Vm_rmse: 0.00012775  PQ_Va_rmse: 0.00423692  PV_Va_rmse: 0.00404425  delta_p: 0.00623532  delta_q: 0.00088733  
INFO|2024-09-26 20:36:12: 	ZTest-ema: PQ_Vm_rmse: 0.000126  PQ_Va_rmse: 0.004169  PV_Va_rmse: 0.003986  delta_p: 0.006183  delta_q: 0.000884  
INFO|2024-09-26 20:36:12: 	           ValOfEMA:0.004169/0.004138,  Epoch:89/81
INFO|2024-09-26 20:36:12: 	Time(ep):384s,  Val(curr/best):0.004237/0.004147,  Epoch(curr/best):89/83
INFO|2024-09-26 20:36:12: -------------------- Epoch: 90 --------------------
INFO|2024-09-26 20:36:46: Epoch[090/100], iter[040/392], loss_total:0.24016, loss_equ:0.53880 loss_pq_vm:0.00295 loss_pq_va:0.08006 loss_pv_va:0.07667
INFO|2024-09-26 20:37:17: Epoch[090/100], iter[079/392], loss_total:0.22409, loss_equ:0.52125 loss_pq_vm:0.00293 loss_pq_va:0.07303 loss_pv_va:0.06966
INFO|2024-09-26 20:37:48: Epoch[090/100], iter[118/392], loss_total:0.23113, loss_equ:0.53062 loss_pq_vm:0.00296 loss_pq_va:0.07594 loss_pv_va:0.07254
INFO|2024-09-26 20:38:19: Epoch[090/100], iter[157/392], loss_total:0.22586, loss_equ:0.52652 loss_pq_vm:0.00297 loss_pq_va:0.07374 loss_pv_va:0.06977
INFO|2024-09-26 20:38:50: Epoch[090/100], iter[196/392], loss_total:0.23101, loss_equ:0.52825 loss_pq_vm:0.00296 loss_pq_va:0.07621 loss_pv_va:0.07236
INFO|2024-09-26 20:39:21: Epoch[090/100], iter[235/392], loss_total:0.23838, loss_equ:0.53010 loss_pq_vm:0.00294 loss_pq_va:0.07983 loss_pv_va:0.07612
INFO|2024-09-26 20:39:52: Epoch[090/100], iter[274/392], loss_total:0.23823, loss_equ:0.53051 loss_pq_vm:0.00304 loss_pq_va:0.07932 loss_pv_va:0.07550
INFO|2024-09-26 20:40:23: Epoch[090/100], iter[313/392], loss_total:0.22937, loss_equ:0.52619 loss_pq_vm:0.00296 loss_pq_va:0.07525 loss_pv_va:0.07189
INFO|2024-09-26 20:40:54: Epoch[090/100], iter[352/392], loss_total:0.24617, loss_equ:0.53420 loss_pq_vm:0.00302 loss_pq_va:0.08330 loss_pv_va:0.07923
INFO|2024-09-26 20:41:26: Epoch[090/100], iter[392/392], loss_total:0.22821, loss_equ:0.52527 loss_pq_vm:0.00294 loss_pq_va:0.07502 loss_pv_va:0.07131
INFO|2024-09-26 20:42:38: Epoch 89/100, lr:  0.00003423, eta: 1.07h, train_loss:  0.23300, valid_loss:  0.28401
INFO|2024-09-26 20:42:38: 	Train: PQ_Vm_rmse: 0.00005756  PQ_Va_rmse: 0.00205480  PV_Va_rmse: 0.00196500  delta_p: 0.00358523  delta_q: 0.00052374  
INFO|2024-09-26 20:42:38: 	ZTest: PQ_Vm_rmse: 0.00012325  PQ_Va_rmse: 0.00414956  PV_Va_rmse: 0.00395957  delta_p: 0.00620833  delta_q: 0.00091780  
INFO|2024-09-26 20:42:38: 	ZTest-ema: PQ_Vm_rmse: 0.000127  PQ_Va_rmse: 0.004274  PV_Va_rmse: 0.004086  delta_p: 0.006217  delta_q: 0.000881  
INFO|2024-09-26 20:42:38: 	           ValOfEMA:0.004274/0.004138,  Epoch:90/81
INFO|2024-09-26 20:42:38: 	Time(ep):385s,  Val(curr/best):0.004150/0.004147,  Epoch(curr/best):90/83
INFO|2024-09-26 20:42:38: -------------------- Epoch: 91 --------------------
INFO|2024-09-26 20:43:12: Epoch[091/100], iter[040/392], loss_total:0.23204, loss_equ:0.52760 loss_pq_vm:0.00294 loss_pq_va:0.07660 loss_pv_va:0.07324
INFO|2024-09-26 20:43:43: Epoch[091/100], iter[079/392], loss_total:0.23847, loss_equ:0.53437 loss_pq_vm:0.00297 loss_pq_va:0.07942 loss_pv_va:0.07596
INFO|2024-09-26 20:44:14: Epoch[091/100], iter[118/392], loss_total:0.23510, loss_equ:0.53035 loss_pq_vm:0.00299 loss_pq_va:0.07804 loss_pv_va:0.07411
INFO|2024-09-26 20:44:44: Epoch[091/100], iter[157/392], loss_total:0.23441, loss_equ:0.52386 loss_pq_vm:0.00296 loss_pq_va:0.07828 loss_pv_va:0.07415
INFO|2024-09-26 20:45:15: Epoch[091/100], iter[196/392], loss_total:0.22602, loss_equ:0.52978 loss_pq_vm:0.00300 loss_pq_va:0.07329 loss_pv_va:0.06973
INFO|2024-09-26 20:45:46: Epoch[091/100], iter[235/392], loss_total:0.23455, loss_equ:0.52660 loss_pq_vm:0.00298 loss_pq_va:0.07780 loss_pv_va:0.07425
INFO|2024-09-26 20:46:17: Epoch[091/100], iter[274/392], loss_total:0.23831, loss_equ:0.54111 loss_pq_vm:0.00295 loss_pq_va:0.07958 loss_pv_va:0.07515
INFO|2024-09-26 20:46:48: Epoch[091/100], iter[313/392], loss_total:0.23099, loss_equ:0.52639 loss_pq_vm:0.00294 loss_pq_va:0.07647 loss_pv_va:0.07252
INFO|2024-09-26 20:47:19: Epoch[091/100], iter[352/392], loss_total:0.23056, loss_equ:0.53552 loss_pq_vm:0.00295 loss_pq_va:0.07553 loss_pv_va:0.07200
INFO|2024-09-26 20:47:51: Epoch[091/100], iter[392/392], loss_total:0.23782, loss_equ:0.53433 loss_pq_vm:0.00296 loss_pq_va:0.07937 loss_pv_va:0.07542
INFO|2024-09-26 20:49:03: Epoch 90/100, lr:  0.00002965, eta: 0.96h, train_loss:  0.23254, valid_loss:  0.28362
INFO|2024-09-26 20:49:03: 	Train: PQ_Vm_rmse: 0.00005760  PQ_Va_rmse: 0.00203805  PV_Va_rmse: 0.00194933  delta_p: 0.00356403  delta_q: 0.00052110  
INFO|2024-09-26 20:49:03: 	ZTest: PQ_Vm_rmse: 0.00013022  PQ_Va_rmse: 0.00441582  PV_Va_rmse: 0.00422000  delta_p: 0.00622899  delta_q: 0.00090714  
INFO|2024-09-26 20:49:03: 	ZTest-ema: PQ_Vm_rmse: 0.000130  PQ_Va_rmse: 0.004454  PV_Va_rmse: 0.004249  delta_p: 0.006217  delta_q: 0.000884  
INFO|2024-09-26 20:49:03: 	           ValOfEMA:0.004454/0.004138,  Epoch:91/81
INFO|2024-09-26 20:49:03: 	Time(ep):384s,  Val(curr/best):0.004416/0.004147,  Epoch(curr/best):91/83
INFO|2024-09-26 20:49:03: -------------------- Epoch: 92 --------------------
INFO|2024-09-26 20:49:37: Epoch[092/100], iter[040/392], loss_total:0.24290, loss_equ:0.53921 loss_pq_vm:0.00305 loss_pq_va:0.08159 loss_pv_va:0.07693
INFO|2024-09-26 20:50:07: Epoch[092/100], iter[079/392], loss_total:0.22976, loss_equ:0.53180 loss_pq_vm:0.00291 loss_pq_va:0.07530 loss_pv_va:0.07213
INFO|2024-09-26 20:50:38: Epoch[092/100], iter[118/392], loss_total:0.21815, loss_equ:0.51795 loss_pq_vm:0.00294 loss_pq_va:0.07014 loss_pv_va:0.06680
INFO|2024-09-26 20:51:08: Epoch[092/100], iter[157/392], loss_total:0.23297, loss_equ:0.52847 loss_pq_vm:0.00292 loss_pq_va:0.07746 loss_pv_va:0.07348
INFO|2024-09-26 20:51:39: Epoch[092/100], iter[196/392], loss_total:0.22603, loss_equ:0.52954 loss_pq_vm:0.00298 loss_pq_va:0.07332 loss_pv_va:0.06995
INFO|2024-09-26 20:52:10: Epoch[092/100], iter[235/392], loss_total:0.22890, loss_equ:0.53197 loss_pq_vm:0.00303 loss_pq_va:0.07446 loss_pv_va:0.07098
INFO|2024-09-26 20:52:41: Epoch[092/100], iter[274/392], loss_total:0.23749, loss_equ:0.52703 loss_pq_vm:0.00298 loss_pq_va:0.07937 loss_pv_va:0.07565
INFO|2024-09-26 20:53:12: Epoch[092/100], iter[313/392], loss_total:0.22215, loss_equ:0.52140 loss_pq_vm:0.00296 loss_pq_va:0.07154 loss_pv_va:0.06887
INFO|2024-09-26 20:53:43: Epoch[092/100], iter[352/392], loss_total:0.22229, loss_equ:0.52138 loss_pq_vm:0.00292 loss_pq_va:0.07230 loss_pv_va:0.06869
INFO|2024-09-26 20:54:15: Epoch[092/100], iter[392/392], loss_total:0.22443, loss_equ:0.52392 loss_pq_vm:0.00286 loss_pq_va:0.07316 loss_pv_va:0.07032
INFO|2024-09-26 20:55:27: Epoch 91/100, lr:  0.00002555, eta: 0.85h, train_loss:  0.23198, valid_loss:  0.28371
INFO|2024-09-26 20:55:27: 	Train: PQ_Vm_rmse: 0.00005675  PQ_Va_rmse: 0.00199533  PV_Va_rmse: 0.00190838  delta_p: 0.00352217  delta_q: 0.00051072  
INFO|2024-09-26 20:55:27: 	ZTest: PQ_Vm_rmse: 0.00012971  PQ_Va_rmse: 0.00444259  PV_Va_rmse: 0.00424720  delta_p: 0.00628642  delta_q: 0.00088575  
INFO|2024-09-26 20:55:27: 	ZTest-ema: PQ_Vm_rmse: 0.000128  PQ_Va_rmse: 0.004313  PV_Va_rmse: 0.004131  delta_p: 0.006192  delta_q: 0.000882  
INFO|2024-09-26 20:55:27: 	           ValOfEMA:0.004313/0.004138,  Epoch:92/81
INFO|2024-09-26 20:55:28: 	Time(ep):383s,  Val(curr/best):0.004443/0.004147,  Epoch(curr/best):92/83
INFO|2024-09-26 20:55:28: -------------------- Epoch: 93 --------------------
INFO|2024-09-26 20:56:01: Epoch[093/100], iter[040/392], loss_total:0.24547, loss_equ:0.54340 loss_pq_vm:0.00305 loss_pq_va:0.08250 loss_pv_va:0.07817
INFO|2024-09-26 20:56:32: Epoch[093/100], iter[079/392], loss_total:0.23454, loss_equ:0.52620 loss_pq_vm:0.00292 loss_pq_va:0.07795 loss_pv_va:0.07473
INFO|2024-09-26 20:57:03: Epoch[093/100], iter[118/392], loss_total:0.22443, loss_equ:0.52533 loss_pq_vm:0.00293 loss_pq_va:0.07284 loss_pv_va:0.06971
INFO|2024-09-26 20:57:34: Epoch[093/100], iter[157/392], loss_total:0.22458, loss_equ:0.52645 loss_pq_vm:0.00293 loss_pq_va:0.07293 loss_pv_va:0.06971
INFO|2024-09-26 20:58:05: Epoch[093/100], iter[196/392], loss_total:0.23895, loss_equ:0.52637 loss_pq_vm:0.00294 loss_pq_va:0.08074 loss_pv_va:0.07613
INFO|2024-09-26 20:58:36: Epoch[093/100], iter[235/392], loss_total:0.23289, loss_equ:0.52949 loss_pq_vm:0.00297 loss_pq_va:0.07696 loss_pv_va:0.07331
INFO|2024-09-26 20:59:07: Epoch[093/100], iter[274/392], loss_total:0.22616, loss_equ:0.52133 loss_pq_vm:0.00292 loss_pq_va:0.07431 loss_pv_va:0.07056
INFO|2024-09-26 20:59:38: Epoch[093/100], iter[313/392], loss_total:0.22493, loss_equ:0.51889 loss_pq_vm:0.00296 loss_pq_va:0.07358 loss_pv_va:0.06984
INFO|2024-09-26 21:00:09: Epoch[093/100], iter[352/392], loss_total:0.23319, loss_equ:0.53884 loss_pq_vm:0.00305 loss_pq_va:0.07616 loss_pv_va:0.07264
INFO|2024-09-26 21:00:40: Epoch[093/100], iter[392/392], loss_total:0.21591, loss_equ:0.51761 loss_pq_vm:0.00294 loss_pq_va:0.06879 loss_pv_va:0.06594
INFO|2024-09-26 21:01:52: Epoch 92/100, lr:  0.00002192, eta: 0.75h, train_loss:  0.23174, valid_loss:  0.28326
INFO|2024-09-26 21:01:52: 	Train: PQ_Vm_rmse: 0.00005715  PQ_Va_rmse: 0.00204429  PV_Va_rmse: 0.00195296  delta_p: 0.00352406  delta_q: 0.00050863  
INFO|2024-09-26 21:01:52: 	ZTest: PQ_Vm_rmse: 0.00012672  PQ_Va_rmse: 0.00423268  PV_Va_rmse: 0.00404742  delta_p: 0.00627823  delta_q: 0.00090326  
INFO|2024-09-26 21:01:52: 	ZTest-ema: PQ_Vm_rmse: 0.000127  PQ_Va_rmse: 0.004258  PV_Va_rmse: 0.004081  delta_p: 0.006229  delta_q: 0.000888  
INFO|2024-09-26 21:01:52: 	           ValOfEMA:0.004258/0.004138,  Epoch:93/81
INFO|2024-09-26 21:01:53: 	Time(ep):384s,  Val(curr/best):0.004233/0.004147,  Epoch(curr/best):93/83
INFO|2024-09-26 21:01:53: -------------------- Epoch: 94 --------------------
INFO|2024-09-26 21:02:26: Epoch[094/100], iter[040/392], loss_total:0.22184, loss_equ:0.52327 loss_pq_vm:0.00290 loss_pq_va:0.07209 loss_pv_va:0.06845
INFO|2024-09-26 21:02:57: Epoch[094/100], iter[079/392], loss_total:0.22454, loss_equ:0.51846 loss_pq_vm:0.00292 loss_pq_va:0.07373 loss_pv_va:0.06976
INFO|2024-09-26 21:03:28: Epoch[094/100], iter[118/392], loss_total:0.21924, loss_equ:0.51467 loss_pq_vm:0.00288 loss_pq_va:0.07125 loss_pv_va:0.06770
INFO|2024-09-26 21:03:59: Epoch[094/100], iter[157/392], loss_total:0.25346, loss_equ:0.54432 loss_pq_vm:0.00306 loss_pq_va:0.08629 loss_pv_va:0.08210
INFO|2024-09-26 21:04:29: Epoch[094/100], iter[196/392], loss_total:0.23067, loss_equ:0.52939 loss_pq_vm:0.00298 loss_pq_va:0.07545 loss_pv_va:0.07244
INFO|2024-09-26 21:05:00: Epoch[094/100], iter[235/392], loss_total:0.21948, loss_equ:0.51140 loss_pq_vm:0.00292 loss_pq_va:0.07114 loss_pv_va:0.06799
INFO|2024-09-26 21:05:31: Epoch[094/100], iter[274/392], loss_total:0.23494, loss_equ:0.53878 loss_pq_vm:0.00297 loss_pq_va:0.07771 loss_pv_va:0.07361
INFO|2024-09-26 21:06:02: Epoch[094/100], iter[313/392], loss_total:0.24160, loss_equ:0.54258 loss_pq_vm:0.00299 loss_pq_va:0.08079 loss_pv_va:0.07666
INFO|2024-09-26 21:06:32: Epoch[094/100], iter[352/392], loss_total:0.22841, loss_equ:0.52856 loss_pq_vm:0.00298 loss_pq_va:0.07466 loss_pv_va:0.07109
INFO|2024-09-26 21:07:04: Epoch[094/100], iter[392/392], loss_total:0.22541, loss_equ:0.52318 loss_pq_vm:0.00294 loss_pq_va:0.07365 loss_pv_va:0.07003
INFO|2024-09-26 21:08:16: Epoch 93/100, lr:  0.00001877, eta: 0.64h, train_loss:  0.23140, valid_loss:  0.28259
INFO|2024-09-26 21:08:16: 	Train: PQ_Vm_rmse: 0.00005729  PQ_Va_rmse: 0.00201225  PV_Va_rmse: 0.00192846  delta_p: 0.00351158  delta_q: 0.00050501  
INFO|2024-09-26 21:08:16: 	ZTest: PQ_Vm_rmse: 0.00013252  PQ_Va_rmse: 0.00440892  PV_Va_rmse: 0.00422185  delta_p: 0.00626297  delta_q: 0.00089935  
INFO|2024-09-26 21:08:16: 	ZTest-ema: PQ_Vm_rmse: 0.000132  PQ_Va_rmse: 0.004410  PV_Va_rmse: 0.004212  delta_p: 0.006279  delta_q: 0.000891  
INFO|2024-09-26 21:08:16: 	           ValOfEMA:0.004410/0.004138,  Epoch:94/81
INFO|2024-09-26 21:08:17: 	Time(ep):383s,  Val(curr/best):0.004409/0.004147,  Epoch(curr/best):94/83
INFO|2024-09-26 21:08:17: -------------------- Epoch: 95 --------------------
INFO|2024-09-26 21:08:50: Epoch[095/100], iter[040/392], loss_total:0.23564, loss_equ:0.53481 loss_pq_vm:0.00303 loss_pq_va:0.07775 loss_pv_va:0.07407
INFO|2024-09-26 21:09:21: Epoch[095/100], iter[079/392], loss_total:0.21954, loss_equ:0.51886 loss_pq_vm:0.00289 loss_pq_va:0.07104 loss_pv_va:0.06772
INFO|2024-09-26 21:09:52: Epoch[095/100], iter[118/392], loss_total:0.23940, loss_equ:0.54007 loss_pq_vm:0.00299 loss_pq_va:0.07960 loss_pv_va:0.07585
INFO|2024-09-26 21:10:23: Epoch[095/100], iter[157/392], loss_total:0.24220, loss_equ:0.54067 loss_pq_vm:0.00305 loss_pq_va:0.08056 loss_pv_va:0.07707
INFO|2024-09-26 21:10:54: Epoch[095/100], iter[196/392], loss_total:0.23219, loss_equ:0.53160 loss_pq_vm:0.00293 loss_pq_va:0.07689 loss_pv_va:0.07289
INFO|2024-09-26 21:11:25: Epoch[095/100], iter[235/392], loss_total:0.22474, loss_equ:0.53144 loss_pq_vm:0.00293 loss_pq_va:0.07296 loss_pv_va:0.06931
INFO|2024-09-26 21:11:56: Epoch[095/100], iter[274/392], loss_total:0.23836, loss_equ:0.53537 loss_pq_vm:0.00299 loss_pq_va:0.07932 loss_pv_va:0.07557
INFO|2024-09-26 21:12:27: Epoch[095/100], iter[313/392], loss_total:0.23680, loss_equ:0.53666 loss_pq_vm:0.00293 loss_pq_va:0.07881 loss_pv_va:0.07499
INFO|2024-09-26 21:12:58: Epoch[095/100], iter[352/392], loss_total:0.22986, loss_equ:0.52854 loss_pq_vm:0.00296 loss_pq_va:0.07548 loss_pv_va:0.07195
INFO|2024-09-26 21:13:30: Epoch[095/100], iter[392/392], loss_total:0.23340, loss_equ:0.52747 loss_pq_vm:0.00300 loss_pq_va:0.07729 loss_pv_va:0.07337
INFO|2024-09-26 21:14:42: Epoch 94/100, lr:  0.00001609, eta: 0.54h, train_loss:  0.23110, valid_loss:  0.28316
INFO|2024-09-26 21:14:42: 	Train: PQ_Vm_rmse: 0.00005651  PQ_Va_rmse: 0.00194892  PV_Va_rmse: 0.00186381  delta_p: 0.00350919  delta_q: 0.00050027  
INFO|2024-09-26 21:14:42: 	ZTest: PQ_Vm_rmse: 0.00012736  PQ_Va_rmse: 0.00433638  PV_Va_rmse: 0.00415955  delta_p: 0.00627838  delta_q: 0.00088703  
INFO|2024-09-26 21:14:42: 	ZTest-ema: PQ_Vm_rmse: 0.000129  PQ_Va_rmse: 0.004337  PV_Va_rmse: 0.004164  delta_p: 0.006276  delta_q: 0.000889  
INFO|2024-09-26 21:14:42: 	           ValOfEMA:0.004337/0.004138,  Epoch:95/81
INFO|2024-09-26 21:14:42: 	Time(ep):385s,  Val(curr/best):0.004336/0.004147,  Epoch(curr/best):95/83
INFO|2024-09-26 21:14:42: -------------------- Epoch: 96 --------------------
INFO|2024-09-26 21:15:16: Epoch[096/100], iter[040/392], loss_total:0.22737, loss_equ:0.54040 loss_pq_vm:0.00294 loss_pq_va:0.07350 loss_pv_va:0.07039
INFO|2024-09-26 21:15:47: Epoch[096/100], iter[079/392], loss_total:0.23574, loss_equ:0.52736 loss_pq_vm:0.00303 loss_pq_va:0.07824 loss_pv_va:0.07448
INFO|2024-09-26 21:16:18: Epoch[096/100], iter[118/392], loss_total:0.22920, loss_equ:0.53263 loss_pq_vm:0.00294 loss_pq_va:0.07499 loss_pv_va:0.07152
INFO|2024-09-26 21:16:49: Epoch[096/100], iter[157/392], loss_total:0.22457, loss_equ:0.52537 loss_pq_vm:0.00295 loss_pq_va:0.07331 loss_pv_va:0.06921
INFO|2024-09-26 21:17:20: Epoch[096/100], iter[196/392], loss_total:0.23181, loss_equ:0.53258 loss_pq_vm:0.00297 loss_pq_va:0.07667 loss_pv_va:0.07223
INFO|2024-09-26 21:17:51: Epoch[096/100], iter[235/392], loss_total:0.22832, loss_equ:0.52873 loss_pq_vm:0.00296 loss_pq_va:0.07474 loss_pv_va:0.07110
INFO|2024-09-26 21:18:22: Epoch[096/100], iter[274/392], loss_total:0.23155, loss_equ:0.52959 loss_pq_vm:0.00296 loss_pq_va:0.07630 loss_pv_va:0.07266
INFO|2024-09-26 21:18:53: Epoch[096/100], iter[313/392], loss_total:0.22239, loss_equ:0.51704 loss_pq_vm:0.00291 loss_pq_va:0.07272 loss_pv_va:0.06883
INFO|2024-09-26 21:19:24: Epoch[096/100], iter[352/392], loss_total:0.22966, loss_equ:0.53007 loss_pq_vm:0.00293 loss_pq_va:0.07544 loss_pv_va:0.07195
INFO|2024-09-26 21:19:56: Epoch[096/100], iter[392/392], loss_total:0.23768, loss_equ:0.53910 loss_pq_vm:0.00296 loss_pq_va:0.07928 loss_pv_va:0.07487
INFO|2024-09-26 21:21:08: Epoch 95/100, lr:  0.00001390, eta: 0.43h, train_loss:  0.23095, valid_loss:  0.28244
INFO|2024-09-26 21:21:08: 	Train: PQ_Vm_rmse: 0.00005635  PQ_Va_rmse: 0.00198040  PV_Va_rmse: 0.00189304  delta_p: 0.00349418  delta_q: 0.00049812  
INFO|2024-09-26 21:21:08: 	ZTest: PQ_Vm_rmse: 0.00012664  PQ_Va_rmse: 0.00427534  PV_Va_rmse: 0.00411123  delta_p: 0.00629138  delta_q: 0.00089441  
INFO|2024-09-26 21:21:08: 	ZTest-ema: PQ_Vm_rmse: 0.000126  PQ_Va_rmse: 0.004282  PV_Va_rmse: 0.004112  delta_p: 0.006277  delta_q: 0.000886  
INFO|2024-09-26 21:21:08: 	           ValOfEMA:0.004282/0.004138,  Epoch:96/81
INFO|2024-09-26 21:21:08: 	Time(ep):385s,  Val(curr/best):0.004275/0.004147,  Epoch(curr/best):96/83
INFO|2024-09-26 21:21:08: -------------------- Epoch: 97 --------------------
INFO|2024-09-26 21:21:42: Epoch[097/100], iter[040/392], loss_total:0.22785, loss_equ:0.52971 loss_pq_vm:0.00300 loss_pq_va:0.07437 loss_pv_va:0.07052
INFO|2024-09-26 21:22:12: Epoch[097/100], iter[079/392], loss_total:0.22433, loss_equ:0.52024 loss_pq_vm:0.00295 loss_pq_va:0.07309 loss_pv_va:0.06972
INFO|2024-09-26 21:22:43: Epoch[097/100], iter[118/392], loss_total:0.22432, loss_equ:0.52108 loss_pq_vm:0.00292 loss_pq_va:0.07302 loss_pv_va:0.06994
INFO|2024-09-26 21:23:14: Epoch[097/100], iter[157/392], loss_total:0.24100, loss_equ:0.53912 loss_pq_vm:0.00298 loss_pq_va:0.08071 loss_pv_va:0.07655
INFO|2024-09-26 21:23:45: Epoch[097/100], iter[196/392], loss_total:0.23843, loss_equ:0.52677 loss_pq_vm:0.00298 loss_pq_va:0.08011 loss_pv_va:0.07587
INFO|2024-09-26 21:24:16: Epoch[097/100], iter[235/392], loss_total:0.23352, loss_equ:0.52824 loss_pq_vm:0.00297 loss_pq_va:0.07733 loss_pv_va:0.07370
INFO|2024-09-26 21:24:47: Epoch[097/100], iter[274/392], loss_total:0.22632, loss_equ:0.52601 loss_pq_vm:0.00294 loss_pq_va:0.07394 loss_pv_va:0.07036
INFO|2024-09-26 21:25:18: Epoch[097/100], iter[313/392], loss_total:0.22700, loss_equ:0.52597 loss_pq_vm:0.00293 loss_pq_va:0.07430 loss_pv_va:0.07078
INFO|2024-09-26 21:25:49: Epoch[097/100], iter[352/392], loss_total:0.23791, loss_equ:0.53281 loss_pq_vm:0.00304 loss_pq_va:0.07905 loss_pv_va:0.07514
INFO|2024-09-26 21:26:21: Epoch[097/100], iter[392/392], loss_total:0.23069, loss_equ:0.52712 loss_pq_vm:0.00295 loss_pq_va:0.07595 loss_pv_va:0.07257
INFO|2024-09-26 21:27:32: Epoch 96/100, lr:  0.00001220, eta: 0.32h, train_loss:  0.23075, valid_loss:  0.28220
INFO|2024-09-26 21:27:32: 	Train: PQ_Vm_rmse: 0.00005616  PQ_Va_rmse: 0.00194981  PV_Va_rmse: 0.00186966  delta_p: 0.00349134  delta_q: 0.00049637  
INFO|2024-09-26 21:27:32: 	ZTest: PQ_Vm_rmse: 0.00012954  PQ_Va_rmse: 0.00440311  PV_Va_rmse: 0.00421967  delta_p: 0.00629990  delta_q: 0.00089688  
INFO|2024-09-26 21:27:32: 	ZTest-ema: PQ_Vm_rmse: 0.000126  PQ_Va_rmse: 0.004345  PV_Va_rmse: 0.004177  delta_p: 0.006304  delta_q: 0.000887  
INFO|2024-09-26 21:27:32: 	           ValOfEMA:0.004345/0.004138,  Epoch:97/81
INFO|2024-09-26 21:27:33: 	Time(ep):384s,  Val(curr/best):0.004403/0.004147,  Epoch(curr/best):97/83
INFO|2024-09-26 21:27:33: -------------------- Epoch: 98 --------------------
INFO|2024-09-26 21:28:06: Epoch[098/100], iter[040/392], loss_total:0.23157, loss_equ:0.53563 loss_pq_vm:0.00301 loss_pq_va:0.07568 loss_pv_va:0.07221
INFO|2024-09-26 21:28:37: Epoch[098/100], iter[079/392], loss_total:0.23916, loss_equ:0.52678 loss_pq_vm:0.00293 loss_pq_va:0.08062 loss_pv_va:0.07656
INFO|2024-09-26 21:29:08: Epoch[098/100], iter[118/392], loss_total:0.24524, loss_equ:0.53397 loss_pq_vm:0.00299 loss_pq_va:0.08285 loss_pv_va:0.07911
INFO|2024-09-26 21:29:39: Epoch[098/100], iter[157/392], loss_total:0.22583, loss_equ:0.52156 loss_pq_vm:0.00291 loss_pq_va:0.07395 loss_pv_va:0.07065
INFO|2024-09-26 21:30:10: Epoch[098/100], iter[196/392], loss_total:0.22493, loss_equ:0.52613 loss_pq_vm:0.00299 loss_pq_va:0.07279 loss_pv_va:0.06961
INFO|2024-09-26 21:30:42: Epoch[098/100], iter[235/392], loss_total:0.23404, loss_equ:0.52810 loss_pq_vm:0.00297 loss_pq_va:0.07770 loss_pv_va:0.07385
INFO|2024-09-26 21:31:12: Epoch[098/100], iter[274/392], loss_total:0.23337, loss_equ:0.52946 loss_pq_vm:0.00300 loss_pq_va:0.07738 loss_pv_va:0.07307
INFO|2024-09-26 21:31:44: Epoch[098/100], iter[313/392], loss_total:0.22169, loss_equ:0.52354 loss_pq_vm:0.00290 loss_pq_va:0.07164 loss_pv_va:0.06867
INFO|2024-09-26 21:32:15: Epoch[098/100], iter[352/392], loss_total:0.23458, loss_equ:0.53467 loss_pq_vm:0.00305 loss_pq_va:0.07730 loss_pv_va:0.07336
INFO|2024-09-26 21:32:46: Epoch[098/100], iter[392/392], loss_total:0.21838, loss_equ:0.51880 loss_pq_vm:0.00289 loss_pq_va:0.07050 loss_pv_va:0.06708
INFO|2024-09-26 21:33:58: Epoch 97/100, lr:  0.00001098, eta: 0.21h, train_loss:  0.23049, valid_loss:  0.28201
INFO|2024-09-26 21:33:58: 	Train: PQ_Vm_rmse: 0.00005695  PQ_Va_rmse: 0.00194135  PV_Va_rmse: 0.00185978  delta_p: 0.00350085  delta_q: 0.00049650  
INFO|2024-09-26 21:33:58: 	ZTest: PQ_Vm_rmse: 0.00012476  PQ_Va_rmse: 0.00443109  PV_Va_rmse: 0.00425000  delta_p: 0.00633081  delta_q: 0.00089036  
INFO|2024-09-26 21:33:58: 	ZTest-ema: PQ_Vm_rmse: 0.000126  PQ_Va_rmse: 0.004517  PV_Va_rmse: 0.004333  delta_p: 0.006364  delta_q: 0.000897  
INFO|2024-09-26 21:33:58: 	           ValOfEMA:0.004517/0.004138,  Epoch:98/81
INFO|2024-09-26 21:33:58: 	Time(ep):385s,  Val(curr/best):0.004431/0.004147,  Epoch(curr/best):98/83
INFO|2024-09-26 21:33:58: -------------------- Epoch: 99 --------------------
INFO|2024-09-26 21:34:32: Epoch[099/100], iter[040/392], loss_total:0.23552, loss_equ:0.53405 loss_pq_vm:0.00300 loss_pq_va:0.07775 loss_pv_va:0.07432
INFO|2024-09-26 21:35:03: Epoch[099/100], iter[079/392], loss_total:0.22705, loss_equ:0.52251 loss_pq_vm:0.00289 loss_pq_va:0.07475 loss_pv_va:0.07114
INFO|2024-09-26 21:35:34: Epoch[099/100], iter[118/392], loss_total:0.22636, loss_equ:0.52638 loss_pq_vm:0.00291 loss_pq_va:0.07403 loss_pv_va:0.07056
INFO|2024-09-26 21:36:05: Epoch[099/100], iter[157/392], loss_total:0.22471, loss_equ:0.51781 loss_pq_vm:0.00295 loss_pq_va:0.07365 loss_pv_va:0.06978
INFO|2024-09-26 21:36:36: Epoch[099/100], iter[196/392], loss_total:0.21452, loss_equ:0.52215 loss_pq_vm:0.00290 loss_pq_va:0.06853 loss_pv_va:0.06475
INFO|2024-09-26 21:37:07: Epoch[099/100], iter[235/392], loss_total:0.23189, loss_equ:0.53245 loss_pq_vm:0.00296 loss_pq_va:0.07624 loss_pv_va:0.07282
INFO|2024-09-26 21:37:38: Epoch[099/100], iter[274/392], loss_total:0.22847, loss_equ:0.53476 loss_pq_vm:0.00295 loss_pq_va:0.07443 loss_pv_va:0.07109
INFO|2024-09-26 21:38:09: Epoch[099/100], iter[313/392], loss_total:0.22838, loss_equ:0.52376 loss_pq_vm:0.00294 loss_pq_va:0.07508 loss_pv_va:0.07153
INFO|2024-09-26 21:38:39: Epoch[099/100], iter[352/392], loss_total:0.23519, loss_equ:0.54072 loss_pq_vm:0.00301 loss_pq_va:0.07764 loss_pv_va:0.07340
INFO|2024-09-26 21:39:11: Epoch[099/100], iter[392/392], loss_total:0.23273, loss_equ:0.53237 loss_pq_vm:0.00294 loss_pq_va:0.07682 loss_pv_va:0.07328
INFO|2024-09-26 21:40:22: Epoch 98/100, lr:  0.00001024, eta: 0.11h, train_loss:  0.23034, valid_loss:  0.28224
INFO|2024-09-26 21:40:22: 	Train: PQ_Vm_rmse: 0.00005733  PQ_Va_rmse: 0.00198820  PV_Va_rmse: 0.00190578  delta_p: 0.00351875  delta_q: 0.00049703  
INFO|2024-09-26 21:40:22: 	ZTest: PQ_Vm_rmse: 0.00012799  PQ_Va_rmse: 0.00439803  PV_Va_rmse: 0.00422586  delta_p: 0.00639425  delta_q: 0.00090093  
INFO|2024-09-26 21:40:22: 	ZTest-ema: PQ_Vm_rmse: 0.000125  PQ_Va_rmse: 0.004386  PV_Va_rmse: 0.004201  delta_p: 0.006370  delta_q: 0.000895  
INFO|2024-09-26 21:40:22: 	           ValOfEMA:0.004386/0.004138,  Epoch:99/81
INFO|2024-09-26 21:40:23: 	Time(ep):383s,  Val(curr/best):0.004398/0.004147,  Epoch(curr/best):99/83
INFO|2024-09-26 21:40:23: -------------------- Epoch: 100 --------------------
INFO|2024-09-26 21:40:56: Epoch[100/100], iter[040/392], loss_total:0.24064, loss_equ:0.54113 loss_pq_vm:0.00302 loss_pq_va:0.08026 loss_pv_va:0.07604
INFO|2024-09-26 21:41:27: Epoch[100/100], iter[079/392], loss_total:0.22687, loss_equ:0.52729 loss_pq_vm:0.00289 loss_pq_va:0.07444 loss_pv_va:0.07079
INFO|2024-09-26 21:41:58: Epoch[100/100], iter[118/392], loss_total:0.22374, loss_equ:0.53248 loss_pq_vm:0.00300 loss_pq_va:0.07157 loss_pv_va:0.06887
INFO|2024-09-26 21:42:29: Epoch[100/100], iter[157/392], loss_total:0.23831, loss_equ:0.53630 loss_pq_vm:0.00296 loss_pq_va:0.07939 loss_pv_va:0.07567
INFO|2024-09-26 21:43:00: Epoch[100/100], iter[196/392], loss_total:0.21956, loss_equ:0.51897 loss_pq_vm:0.00296 loss_pq_va:0.07084 loss_pv_va:0.06727
INFO|2024-09-26 21:43:31: Epoch[100/100], iter[235/392], loss_total:0.22651, loss_equ:0.52410 loss_pq_vm:0.00296 loss_pq_va:0.07403 loss_pv_va:0.07048
INFO|2024-09-26 21:44:02: Epoch[100/100], iter[274/392], loss_total:0.22992, loss_equ:0.52409 loss_pq_vm:0.00297 loss_pq_va:0.07550 loss_pv_va:0.07232
INFO|2024-09-26 21:44:33: Epoch[100/100], iter[313/392], loss_total:0.22876, loss_equ:0.52892 loss_pq_vm:0.00294 loss_pq_va:0.07509 loss_pv_va:0.07138
INFO|2024-09-26 21:45:04: Epoch[100/100], iter[352/392], loss_total:0.22679, loss_equ:0.52160 loss_pq_vm:0.00295 loss_pq_va:0.07445 loss_pv_va:0.07068
INFO|2024-09-26 21:45:36: Epoch[100/100], iter[392/392], loss_total:0.21945, loss_equ:0.51897 loss_pq_vm:0.00292 loss_pq_va:0.07088 loss_pv_va:0.06744
INFO|2024-09-26 21:46:49: Epoch 99/100, lr:  0.00001000, eta: 0.0h, train_loss:  0.23016, valid_loss:  0.28169
INFO|2024-09-26 21:46:49: 	Train: PQ_Vm_rmse: 0.00005707  PQ_Va_rmse: 0.00198245  PV_Va_rmse: 0.00189618  delta_p: 0.00349230  delta_q: 0.00049397  
INFO|2024-09-26 21:46:49: 	ZTest: PQ_Vm_rmse: 0.00012640  PQ_Va_rmse: 0.00442414  PV_Va_rmse: 0.00424771  delta_p: 0.00631574  delta_q: 0.00089303  
INFO|2024-09-26 21:46:49: 	ZTest-ema: PQ_Vm_rmse: 0.000128  PQ_Va_rmse: 0.004439  PV_Va_rmse: 0.004257  delta_p: 0.006338  delta_q: 0.000891  
INFO|2024-09-26 21:46:49: 	           ValOfEMA:0.004439/0.004138,  Epoch:100/81
INFO|2024-09-26 21:46:49: 	Time(ep):385s,  Val(curr/best):0.004424/0.004147,  Epoch(curr/best):100/83
