INFO|2024-09-25 11:49:37: 
{'batch_size': 256,
 'config': '/home/bingxing2/ailab/zhaozhen/energy/senseflow/configs/test_gnns_graphconv_v2_1.yaml',
 'data': {'batch_size': 256,
          'batch_size_test': 256,
          'meta': {'edge': [['PQ', 'default', 'PQ'],
                            ['PQ', 'default', 'PV'],
                            ['PQ', 'default', 'Slack'],
                            ['PV', 'default', 'PQ'],
                            ['PV', 'default', 'PV'],
                            ['PV', 'default', 'Slack'],
                            ['Slack', 'default', 'PQ'],
                            ['Slack', 'default', 'PV']],
                   'node': ['PQ', 'PV', 'Slack']},
          'num_workers': 4,
          'train': {'data_root': '/',
                    'dataset_type': 'PowerFlowDataset',
                    'mask_num': 0,
                    'pq_len': 29,
                    'pv_len': 9,
                    'slack_len': 1,
                    'split_txt': '/home/bingxing2/ailab/zhaozhen/energy/senseflow/data_json/processed/10w_case39_n_n_1.json'},
          'val': {'data_root': '/',
                  'dataset_type': 'PowerFlowDataset',
                  'mask_num': 0,
                  'pq_len': 29,
                  'pv_len': 9,
                  'slack_len': 1,
                  'split_txt': '/home/bingxing2/ailab/zhaozhen/energy/senseflow/data_json/processed/2w_case39_n_2.json'}},
 'distributed': False,
 'flag_return_losses': True,
 'local_rank': 0,
 'log_path': './results/test_gnns_graphconv_v2_1/2024_09_25_11_49_37',
 'loss': {'aggr': 'abs', 'filt_type': True, 'type': 'bi_deltapq_loss'},
 'mask_num': 0,
 'model': {'batch_size': 256,
           'ema_decay_param': 0.99,
           'ema_warmup_epoch': 10,
           'flag_use_edge_feat': False,
           'flag_use_ema': True,
           'flag_use_ffn': False,
           'flag_use_fusion': False,
           'flag_weighted_loss': True,
           'gcn_type': 'graphconv',
           'heads_num': 4,
           'hidden_channels': 128,
           'loss_type': 'l1',
           'loss_weight_equ': 0.1,
           'loss_weight_va': 1.0,
           'loss_weight_vm': 10.0,
           'matrix': 'vm_va',
           'num_block': 8,
           'num_loops_test': -1,
           'num_loops_train': 8,
           'resume_ckpt_path': '',
           'scaling_factor_va': 0.01,
           'scaling_factor_vm': 0.01,
           'type': 'test_gnn',
           'with_norm': True},
 'ngpus': 1,
 'pq_len': 29,
 'pv_len': 9,
 'scheduler': {'eta_min': '1e-5', 'type': 'Cosine'},
 'seed': 2024,
 'slack_len': 1,
 'train': {'epochs': 100,
           'learning_rate': 0.001,
           'logs_freq': 10,
           'momentum': 0.9,
           'optimizer_type': 'Adam',
           'weight_decay': 0.0}}
INFO|2024-09-25 11:49:43: ==================== Total number of parameters: 2.114M
INFO|2024-09-25 11:49:43: -------------------- Epoch: 1 --------------------
INFO|2024-09-25 11:50:18: Epoch[001/100], iter[040/392], loss_total:5.42705, loss_equ:12.99661 loss_pq_vm:0.08560 loss_pq_va:1.58495 loss_pv_va:1.68642
INFO|2024-09-25 11:50:49: Epoch[001/100], iter[079/392], loss_total:4.60192, loss_equ:9.08863 loss_pq_vm:0.07601 loss_pq_va:1.41651 loss_pv_va:1.51649
INFO|2024-09-25 11:51:21: Epoch[001/100], iter[118/392], loss_total:4.05070, loss_equ:9.07303 loss_pq_vm:0.05424 loss_pq_va:1.25981 loss_pv_va:1.34115
INFO|2024-09-25 11:51:53: Epoch[001/100], iter[157/392], loss_total:4.42357, loss_equ:12.85764 loss_pq_vm:0.07019 loss_pq_va:1.18308 loss_pv_va:1.25279
INFO|2024-09-25 11:52:25: Epoch[001/100], iter[196/392], loss_total:3.76751, loss_equ:8.59180 loss_pq_vm:0.05254 loss_pq_va:1.15806 loss_pv_va:1.22484
INFO|2024-09-25 11:52:57: Epoch[001/100], iter[235/392], loss_total:3.59097, loss_equ:8.26969 loss_pq_vm:0.05673 loss_pq_va:1.05439 loss_pv_va:1.14228
INFO|2024-09-25 11:53:29: Epoch[001/100], iter[274/392], loss_total:3.50984, loss_equ:7.89918 loss_pq_vm:0.05279 loss_pq_va:1.05300 loss_pv_va:1.13897
INFO|2024-09-25 11:54:01: Epoch[001/100], iter[313/392], loss_total:3.13380, loss_equ:6.16681 loss_pq_vm:0.04553 loss_pq_va:0.99084 loss_pv_va:1.07097
INFO|2024-09-25 11:54:33: Epoch[001/100], iter[352/392], loss_total:3.16437, loss_equ:6.30016 loss_pq_vm:0.04906 loss_pq_va:0.97918 loss_pv_va:1.06456
INFO|2024-09-25 11:55:05: Epoch[001/100], iter[392/392], loss_total:3.44899, loss_equ:6.54203 loss_pq_vm:0.05283 loss_pq_va:1.08473 loss_pv_va:1.18175
INFO|2024-09-25 11:56:19: Epoch 0/100, lr:  0.00099976, eta: 10.91h, train_loss:  4.25715, valid_loss:  3.80472
INFO|2024-09-25 11:56:19: 	Train: PQ_Vm_rmse: 0.00924820  PQ_Va_rmse: 0.13086459  PV_Va_rmse: 0.14358826  delta_p: 0.57619181  delta_q: 0.20293599  
INFO|2024-09-25 11:56:19: 	ZTest: PQ_Vm_rmse: 0.00823904  PQ_Va_rmse: 0.14359937  PV_Va_rmse: 0.15565447  delta_p: 0.32184636  delta_q: 0.10487540  
INFO|2024-09-25 11:56:19: 	ZTest-ema: PQ_Vm_rmse: 0.008239  PQ_Va_rmse: 0.143599  PV_Va_rmse: 0.155654  delta_p: 0.321846  delta_q: 0.104875  
INFO|2024-09-25 11:56:19: 	           ValOfEMA:0.155654/0.155654,  Epoch:1/1
INFO|2024-09-25 11:56:20: 	Time(ep):396s,  Val(curr/best):0.155654/0.155654,  Epoch(curr/best):1/1
INFO|2024-09-25 11:56:20: -------------------- Epoch: 2 --------------------
INFO|2024-09-25 11:56:55: Epoch[002/100], iter[040/392], loss_total:3.73502, loss_equ:9.98178 loss_pq_vm:0.07257 loss_pq_va:0.96093 loss_pv_va:1.05019
INFO|2024-09-25 11:57:27: Epoch[002/100], iter[079/392], loss_total:3.22815, loss_equ:6.68026 loss_pq_vm:0.05452 loss_pq_va:0.96567 loss_pv_va:1.04923
INFO|2024-09-25 11:57:58: Epoch[002/100], iter[118/392], loss_total:2.57885, loss_equ:5.74287 loss_pq_vm:0.04016 loss_pq_va:0.77137 loss_pv_va:0.83160
INFO|2024-09-25 11:58:30: Epoch[002/100], iter[157/392], loss_total:3.75435, loss_equ:8.53972 loss_pq_vm:0.06585 loss_pq_va:1.07484 loss_pv_va:1.16701
INFO|2024-09-25 11:59:02: Epoch[002/100], iter[196/392], loss_total:3.28069, loss_equ:7.22287 loss_pq_vm:0.04880 loss_pq_va:0.98261 loss_pv_va:1.08776
INFO|2024-09-25 11:59:34: Epoch[002/100], iter[235/392], loss_total:2.59717, loss_equ:7.18582 loss_pq_vm:0.04135 loss_pq_va:0.70127 loss_pv_va:0.76377
INFO|2024-09-25 12:00:06: Epoch[002/100], iter[274/392], loss_total:2.93055, loss_equ:6.22279 loss_pq_vm:0.05532 loss_pq_va:0.84865 loss_pv_va:0.90644
INFO|2024-09-25 12:00:38: Epoch[002/100], iter[313/392], loss_total:2.38547, loss_equ:5.39534 loss_pq_vm:0.03914 loss_pq_va:0.69630 loss_pv_va:0.75821
INFO|2024-09-25 12:01:10: Epoch[002/100], iter[352/392], loss_total:3.01108, loss_equ:8.49249 loss_pq_vm:0.05193 loss_pq_va:0.78622 loss_pv_va:0.85634
INFO|2024-09-25 12:01:42: Epoch[002/100], iter[392/392], loss_total:2.46593, loss_equ:6.05318 loss_pq_vm:0.04292 loss_pq_va:0.68361 loss_pv_va:0.74785
INFO|2024-09-25 12:02:56: Epoch 1/100, lr:  0.00099902, eta: 10.77h, train_loss:  2.86050, valid_loss:  2.67360
INFO|2024-09-25 12:02:56: 	Train: PQ_Vm_rmse: 0.00493642  PQ_Va_rmse: 0.06306940  PV_Va_rmse: 0.06989333  delta_p: 0.37922807  delta_q: 0.10404131  
INFO|2024-09-25 12:02:56: 	ZTest: PQ_Vm_rmse: 0.00428972  PQ_Va_rmse: 0.04977452  PV_Va_rmse: 0.05502767  delta_p: 0.28806879  delta_q: 0.08041239  
INFO|2024-09-25 12:02:56: 	ZTest-ema: PQ_Vm_rmse: 0.004290  PQ_Va_rmse: 0.049775  PV_Va_rmse: 0.055028  delta_p: 0.288069  delta_q: 0.080413  
INFO|2024-09-25 12:02:56: 	           ValOfEMA:0.055028/0.055028,  Epoch:2/2
INFO|2024-09-25 12:02:57: 	Time(ep):395s,  Val(curr/best):0.055028/0.055028,  Epoch(curr/best):2/2
INFO|2024-09-25 12:02:57: -------------------- Epoch: 3 --------------------
INFO|2024-09-25 12:03:31: Epoch[003/100], iter[040/392], loss_total:2.34166, loss_equ:4.95815 loss_pq_vm:0.03884 loss_pq_va:0.70261 loss_pv_va:0.75479
INFO|2024-09-25 12:04:03: Epoch[003/100], iter[079/392], loss_total:2.40542, loss_equ:6.99119 loss_pq_vm:0.03902 loss_pq_va:0.62527 loss_pv_va:0.69085
INFO|2024-09-25 12:04:35: Epoch[003/100], iter[118/392], loss_total:2.47644, loss_equ:7.35523 loss_pq_vm:0.03800 loss_pq_va:0.64540 loss_pv_va:0.71554
INFO|2024-09-25 12:05:07: Epoch[003/100], iter[157/392], loss_total:2.59207, loss_equ:6.47161 loss_pq_vm:0.06428 loss_pq_va:0.62193 loss_pv_va:0.68018
INFO|2024-09-25 12:05:39: Epoch[003/100], iter[196/392], loss_total:2.35329, loss_equ:5.96277 loss_pq_vm:0.03752 loss_pq_va:0.65884 loss_pv_va:0.72295
INFO|2024-09-25 12:06:11: Epoch[003/100], iter[235/392], loss_total:2.26342, loss_equ:5.73807 loss_pq_vm:0.03493 loss_pq_va:0.63836 loss_pv_va:0.70193
INFO|2024-09-25 12:06:43: Epoch[003/100], iter[274/392], loss_total:2.26058, loss_equ:5.47711 loss_pq_vm:0.04035 loss_pq_va:0.63501 loss_pv_va:0.67439
INFO|2024-09-25 12:07:14: Epoch[003/100], iter[313/392], loss_total:2.34435, loss_equ:5.22896 loss_pq_vm:0.03919 loss_pq_va:0.68585 loss_pv_va:0.74372
INFO|2024-09-25 12:07:46: Epoch[003/100], iter[352/392], loss_total:2.66585, loss_equ:7.76226 loss_pq_vm:0.05784 loss_pq_va:0.61578 loss_pv_va:0.69545
INFO|2024-09-25 12:08:19: Epoch[003/100], iter[392/392], loss_total:2.00429, loss_equ:5.66271 loss_pq_vm:0.03569 loss_pq_va:0.51631 loss_pv_va:0.56477
INFO|2024-09-25 12:09:32: Epoch 2/100, lr:  0.00099780, eta: 10.65h, train_loss:  2.39289, valid_loss:  2.32015
INFO|2024-09-25 12:09:32: 	Train: PQ_Vm_rmse: 0.00381683  PQ_Va_rmse: 0.04624676  PV_Va_rmse: 0.05135665  delta_p: 0.29429446  delta_q: 0.08418370  
INFO|2024-09-25 12:09:32: 	ZTest: PQ_Vm_rmse: 0.00317136  PQ_Va_rmse: 0.03833689  PV_Va_rmse: 0.04278383  delta_p: 0.22591016  delta_q: 0.06772021  
INFO|2024-09-25 12:09:32: 	ZTest-ema: PQ_Vm_rmse: 0.003171  PQ_Va_rmse: 0.038337  PV_Va_rmse: 0.042784  delta_p: 0.225910  delta_q: 0.067720  
INFO|2024-09-25 12:09:32: 	           ValOfEMA:0.042784/0.042784,  Epoch:3/3
INFO|2024-09-25 12:09:33: 	Time(ep):395s,  Val(curr/best):0.042784/0.042784,  Epoch(curr/best):3/3
INFO|2024-09-25 12:09:33: -------------------- Epoch: 4 --------------------
INFO|2024-09-25 12:10:07: Epoch[004/100], iter[040/392], loss_total:2.00759, loss_equ:4.79641 loss_pq_vm:0.03012 loss_pq_va:0.58584 loss_pv_va:0.64095
INFO|2024-09-25 12:10:39: Epoch[004/100], iter[079/392], loss_total:1.83205, loss_equ:4.77138 loss_pq_vm:0.03325 loss_pq_va:0.49349 loss_pv_va:0.52893
INFO|2024-09-25 12:11:11: Epoch[004/100], iter[118/392], loss_total:1.85969, loss_equ:5.61780 loss_pq_vm:0.02904 loss_pq_va:0.47511 loss_pv_va:0.53241
INFO|2024-09-25 12:11:43: Epoch[004/100], iter[157/392], loss_total:2.65884, loss_equ:6.85954 loss_pq_vm:0.04877 loss_pq_va:0.70496 loss_pv_va:0.78022
INFO|2024-09-25 12:12:15: Epoch[004/100], iter[196/392], loss_total:2.15682, loss_equ:4.24773 loss_pq_vm:0.03983 loss_pq_va:0.63971 loss_pv_va:0.69408
INFO|2024-09-25 12:12:47: Epoch[004/100], iter[235/392], loss_total:1.90655, loss_equ:5.82099 loss_pq_vm:0.02966 loss_pq_va:0.47900 loss_pv_va:0.54883
INFO|2024-09-25 12:13:19: Epoch[004/100], iter[274/392], loss_total:1.77413, loss_equ:4.36623 loss_pq_vm:0.02776 loss_pq_va:0.50644 loss_pv_va:0.55348
INFO|2024-09-25 12:13:51: Epoch[004/100], iter[313/392], loss_total:2.08772, loss_equ:4.94899 loss_pq_vm:0.03871 loss_pq_va:0.56886 loss_pv_va:0.63690
INFO|2024-09-25 12:14:23: Epoch[004/100], iter[352/392], loss_total:1.86560, loss_equ:5.43689 loss_pq_vm:0.03107 loss_pq_va:0.48006 loss_pv_va:0.53115
INFO|2024-09-25 12:14:55: Epoch[004/100], iter[392/392], loss_total:1.81862, loss_equ:4.52607 loss_pq_vm:0.02983 loss_pq_va:0.50644 loss_pv_va:0.56127
INFO|2024-09-25 12:16:09: Epoch 3/100, lr:  0.00099610, eta: 10.56h, train_loss:  2.04272, valid_loss:  2.05909
INFO|2024-09-25 12:16:09: 	Train: PQ_Vm_rmse: 0.00287684  PQ_Va_rmse: 0.03656354  PV_Va_rmse: 0.04047035  delta_p: 0.21257540  delta_q: 0.05451740  
INFO|2024-09-25 12:16:09: 	ZTest: PQ_Vm_rmse: 0.00351515  PQ_Va_rmse: 0.03212765  PV_Va_rmse: 0.03463245  delta_p: 0.11142455  delta_q: 0.03723895  
INFO|2024-09-25 12:16:09: 	ZTest-ema: PQ_Vm_rmse: 0.003515  PQ_Va_rmse: 0.032128  PV_Va_rmse: 0.034632  delta_p: 0.111424  delta_q: 0.037239  
INFO|2024-09-25 12:16:09: 	           ValOfEMA:0.034632/0.034632,  Epoch:4/4
INFO|2024-09-25 12:16:10: 	Time(ep):395s,  Val(curr/best):0.034632/0.034632,  Epoch(curr/best):4/4
INFO|2024-09-25 12:16:10: -------------------- Epoch: 5 --------------------
INFO|2024-09-25 12:16:44: Epoch[005/100], iter[040/392], loss_total:1.75094, loss_equ:4.94643 loss_pq_vm:0.03471 loss_pq_va:0.42915 loss_pv_va:0.48004
INFO|2024-09-25 12:17:16: Epoch[005/100], iter[079/392], loss_total:1.82466, loss_equ:4.67257 loss_pq_vm:0.03025 loss_pq_va:0.50605 loss_pv_va:0.54890
INFO|2024-09-25 12:17:48: Epoch[005/100], iter[118/392], loss_total:2.19598, loss_equ:6.44544 loss_pq_vm:0.03307 loss_pq_va:0.58421 loss_pv_va:0.63655
INFO|2024-09-25 12:18:20: Epoch[005/100], iter[157/392], loss_total:2.05946, loss_equ:5.12193 loss_pq_vm:0.03314 loss_pq_va:0.57704 loss_pv_va:0.63879
INFO|2024-09-25 12:18:52: Epoch[005/100], iter[196/392], loss_total:1.65649, loss_equ:5.18563 loss_pq_vm:0.02699 loss_pq_va:0.40991 loss_pv_va:0.45813
INFO|2024-09-25 12:19:24: Epoch[005/100], iter[235/392], loss_total:1.88265, loss_equ:4.70199 loss_pq_vm:0.03413 loss_pq_va:0.51408 loss_pv_va:0.55711
INFO|2024-09-25 12:19:55: Epoch[005/100], iter[274/392], loss_total:1.75348, loss_equ:4.85370 loss_pq_vm:0.02642 loss_pq_va:0.48434 loss_pv_va:0.51954
INFO|2024-09-25 12:20:27: Epoch[005/100], iter[313/392], loss_total:2.07603, loss_equ:5.50646 loss_pq_vm:0.03744 loss_pq_va:0.54637 loss_pv_va:0.60457
INFO|2024-09-25 12:20:59: Epoch[005/100], iter[352/392], loss_total:1.70565, loss_equ:4.58612 loss_pq_vm:0.03101 loss_pq_va:0.44202 loss_pv_va:0.49496
INFO|2024-09-25 12:21:31: Epoch[005/100], iter[392/392], loss_total:1.71667, loss_equ:5.18021 loss_pq_vm:0.02826 loss_pq_va:0.42994 loss_pv_va:0.48606
INFO|2024-09-25 12:22:45: Epoch 4/100, lr:  0.00099391, eta: 10.42h, train_loss:  1.87206, valid_loss:  1.91223
INFO|2024-09-25 12:22:45: 	Train: PQ_Vm_rmse: 0.00253624  PQ_Va_rmse: 0.03034105  PV_Va_rmse: 0.03380412  delta_p: 0.17456219  delta_q: 0.04628012  
INFO|2024-09-25 12:22:45: 	ZTest: PQ_Vm_rmse: 0.00246380  PQ_Va_rmse: 0.02490580  PV_Va_rmse: 0.02710619  delta_p: 0.14119574  delta_q: 0.03879144  
INFO|2024-09-25 12:22:45: 	ZTest-ema: PQ_Vm_rmse: 0.002464  PQ_Va_rmse: 0.024906  PV_Va_rmse: 0.027106  delta_p: 0.141195  delta_q: 0.038791  
INFO|2024-09-25 12:22:45: 	           ValOfEMA:0.027106/0.027106,  Epoch:5/5
INFO|2024-09-25 12:22:46: 	Time(ep):394s,  Val(curr/best):0.027106/0.027106,  Epoch(curr/best):5/5
INFO|2024-09-25 12:22:46: -------------------- Epoch: 6 --------------------
INFO|2024-09-25 12:23:20: Epoch[006/100], iter[040/392], loss_total:2.02294, loss_equ:5.65814 loss_pq_vm:0.03442 loss_pq_va:0.52641 loss_pv_va:0.58648
INFO|2024-09-25 12:23:52: Epoch[006/100], iter[079/392], loss_total:1.82360, loss_equ:5.14072 loss_pq_vm:0.03148 loss_pq_va:0.47144 loss_pv_va:0.52324
INFO|2024-09-25 12:24:24: Epoch[006/100], iter[118/392], loss_total:2.61217, loss_equ:5.71987 loss_pq_vm:0.04036 loss_pq_va:0.77317 loss_pv_va:0.86346
INFO|2024-09-25 12:24:56: Epoch[006/100], iter[157/392], loss_total:1.69336, loss_equ:5.18433 loss_pq_vm:0.02859 loss_pq_va:0.42193 loss_pv_va:0.46711
INFO|2024-09-25 12:25:27: Epoch[006/100], iter[196/392], loss_total:2.23312, loss_equ:6.52963 loss_pq_vm:0.03941 loss_pq_va:0.56082 loss_pv_va:0.62526
INFO|2024-09-25 12:25:59: Epoch[006/100], iter[235/392], loss_total:1.53120, loss_equ:4.71687 loss_pq_vm:0.02520 loss_pq_va:0.38177 loss_pv_va:0.42571
INFO|2024-09-25 12:26:31: Epoch[006/100], iter[274/392], loss_total:1.87820, loss_equ:4.94920 loss_pq_vm:0.03450 loss_pq_va:0.49280 loss_pv_va:0.54544
INFO|2024-09-25 12:27:02: Epoch[006/100], iter[313/392], loss_total:1.92845, loss_equ:5.83720 loss_pq_vm:0.03544 loss_pq_va:0.46738 loss_pv_va:0.52292
INFO|2024-09-25 12:27:34: Epoch[006/100], iter[352/392], loss_total:1.71822, loss_equ:4.82191 loss_pq_vm:0.03213 loss_pq_va:0.43314 loss_pv_va:0.48162
INFO|2024-09-25 12:28:06: Epoch[006/100], iter[392/392], loss_total:1.88356, loss_equ:6.01935 loss_pq_vm:0.03131 loss_pq_va:0.46014 loss_pv_va:0.50834
INFO|2024-09-25 12:29:20: Epoch 5/100, lr:  0.00099123, eta: 10.3h, train_loss:  1.86999, valid_loss:  1.99168
INFO|2024-09-25 12:29:20: 	Train: PQ_Vm_rmse: 0.00257267  PQ_Va_rmse: 0.03074959  PV_Va_rmse: 0.03430479  delta_p: 0.18245874  delta_q: 0.04669313  
INFO|2024-09-25 12:29:20: 	ZTest: PQ_Vm_rmse: 0.00267752  PQ_Va_rmse: 0.02899313  PV_Va_rmse: 0.03157416  delta_p: 0.16178431  delta_q: 0.04137847  
INFO|2024-09-25 12:29:20: 	ZTest-ema: PQ_Vm_rmse: 0.002678  PQ_Va_rmse: 0.028993  PV_Va_rmse: 0.031574  delta_p: 0.161784  delta_q: 0.041379  
INFO|2024-09-25 12:29:20: 	           ValOfEMA:0.031574/0.027106,  Epoch:6/5
INFO|2024-09-25 12:29:21: 	Time(ep):394s,  Val(curr/best):0.031574/0.027106,  Epoch(curr/best):6/5
INFO|2024-09-25 12:29:21: -------------------- Epoch: 7 --------------------
INFO|2024-09-25 12:29:54: Epoch[007/100], iter[040/392], loss_total:2.26597, loss_equ:5.49899 loss_pq_vm:0.03696 loss_pq_va:0.63771 loss_pv_va:0.70881
INFO|2024-09-25 12:30:26: Epoch[007/100], iter[079/392], loss_total:1.50732, loss_equ:4.08940 loss_pq_vm:0.02489 loss_pq_va:0.40481 loss_pv_va:0.44464
INFO|2024-09-25 12:30:58: Epoch[007/100], iter[118/392], loss_total:1.40837, loss_equ:3.73927 loss_pq_vm:0.02349 loss_pq_va:0.38129 loss_pv_va:0.41821
INFO|2024-09-25 12:31:30: Epoch[007/100], iter[157/392], loss_total:1.91973, loss_equ:5.40972 loss_pq_vm:0.03620 loss_pq_va:0.48349 loss_pv_va:0.53330
INFO|2024-09-25 12:32:02: Epoch[007/100], iter[196/392], loss_total:2.24353, loss_equ:5.42225 loss_pq_vm:0.03554 loss_pq_va:0.63885 loss_pv_va:0.70707
INFO|2024-09-25 12:32:34: Epoch[007/100], iter[235/392], loss_total:1.71973, loss_equ:5.29608 loss_pq_vm:0.02644 loss_pq_va:0.44049 loss_pv_va:0.48518
INFO|2024-09-25 12:33:06: Epoch[007/100], iter[274/392], loss_total:1.57074, loss_equ:4.76108 loss_pq_vm:0.03074 loss_pq_va:0.37229 loss_pv_va:0.41499
INFO|2024-09-25 12:33:38: Epoch[007/100], iter[313/392], loss_total:1.58082, loss_equ:4.59731 loss_pq_vm:0.02357 loss_pq_va:0.42047 loss_pv_va:0.46494
INFO|2024-09-25 12:34:10: Epoch[007/100], iter[352/392], loss_total:2.64760, loss_equ:5.13811 loss_pq_vm:0.04071 loss_pq_va:0.81500 loss_pv_va:0.91172
INFO|2024-09-25 12:34:43: Epoch[007/100], iter[392/392], loss_total:1.74821, loss_equ:4.64364 loss_pq_vm:0.03364 loss_pq_va:0.44998 loss_pv_va:0.49749
INFO|2024-09-25 12:35:57: Epoch 6/100, lr:  0.00098808, eta: 10.23h, train_loss:  1.80743, valid_loss:  1.89328
INFO|2024-09-25 12:35:57: 	Train: PQ_Vm_rmse: 0.00263878  PQ_Va_rmse: 0.03204910  PV_Va_rmse: 0.03560196  delta_p: 0.17177450  delta_q: 0.04318013  
INFO|2024-09-25 12:35:57: 	ZTest: PQ_Vm_rmse: 0.00266960  PQ_Va_rmse: 0.03016956  PV_Va_rmse: 0.03239716  delta_p: 0.12603987  delta_q: 0.04584125  
INFO|2024-09-25 12:35:57: 	ZTest-ema: PQ_Vm_rmse: 0.002670  PQ_Va_rmse: 0.030169  PV_Va_rmse: 0.032397  delta_p: 0.126040  delta_q: 0.045841  
INFO|2024-09-25 12:35:57: 	           ValOfEMA:0.032397/0.027106,  Epoch:7/5
INFO|2024-09-25 12:35:57: 	Time(ep):396s,  Val(curr/best):0.032397/0.027106,  Epoch(curr/best):7/5
INFO|2024-09-25 12:35:57: -------------------- Epoch: 8 --------------------
INFO|2024-09-25 12:36:31: Epoch[008/100], iter[040/392], loss_total:1.52340, loss_equ:4.24750 loss_pq_vm:0.02601 loss_pq_va:0.39869 loss_pv_va:0.43991
INFO|2024-09-25 12:37:03: Epoch[008/100], iter[079/392], loss_total:1.58351, loss_equ:4.28032 loss_pq_vm:0.02573 loss_pq_va:0.42372 loss_pv_va:0.47441
INFO|2024-09-25 12:37:35: Epoch[008/100], iter[118/392], loss_total:2.36834, loss_equ:7.10366 loss_pq_vm:0.03798 loss_pq_va:0.59264 loss_pv_va:0.68554
INFO|2024-09-25 12:38:07: Epoch[008/100], iter[157/392], loss_total:1.36966, loss_equ:4.01242 loss_pq_vm:0.02429 loss_pq_va:0.34280 loss_pv_va:0.38277
INFO|2024-09-25 12:38:39: Epoch[008/100], iter[196/392], loss_total:1.36751, loss_equ:4.15893 loss_pq_vm:0.02213 loss_pq_va:0.34531 loss_pv_va:0.38503
INFO|2024-09-25 12:39:11: Epoch[008/100], iter[235/392], loss_total:1.31426, loss_equ:3.75762 loss_pq_vm:0.02213 loss_pq_va:0.33892 loss_pv_va:0.37830
INFO|2024-09-25 12:39:42: Epoch[008/100], iter[274/392], loss_total:1.46671, loss_equ:4.52521 loss_pq_vm:0.02506 loss_pq_va:0.36298 loss_pv_va:0.40060
INFO|2024-09-25 12:40:14: Epoch[008/100], iter[313/392], loss_total:1.65669, loss_equ:5.41057 loss_pq_vm:0.02645 loss_pq_va:0.40167 loss_pv_va:0.44949
INFO|2024-09-25 12:40:46: Epoch[008/100], iter[352/392], loss_total:1.28800, loss_equ:4.05915 loss_pq_vm:0.02178 loss_pq_va:0.31106 loss_pv_va:0.35327
INFO|2024-09-25 12:41:19: Epoch[008/100], iter[392/392], loss_total:1.26326, loss_equ:4.08135 loss_pq_vm:0.02245 loss_pq_va:0.29731 loss_pv_va:0.33336
INFO|2024-09-25 12:42:32: Epoch 7/100, lr:  0.00098445, eta: 10.1h, train_loss:  1.57253, valid_loss:  1.58906
INFO|2024-09-25 12:42:32: 	Train: PQ_Vm_rmse: 0.00195808  PQ_Va_rmse: 0.02181126  PV_Va_rmse: 0.02432229  delta_p: 0.13429320  delta_q: 0.03516054  
INFO|2024-09-25 12:42:32: 	ZTest: PQ_Vm_rmse: 0.00206815  PQ_Va_rmse: 0.01868648  PV_Va_rmse: 0.02018004  delta_p: 0.09112523  delta_q: 0.02251186  
INFO|2024-09-25 12:42:32: 	ZTest-ema: PQ_Vm_rmse: 0.002068  PQ_Va_rmse: 0.018687  PV_Va_rmse: 0.020180  delta_p: 0.091125  delta_q: 0.022512  
INFO|2024-09-25 12:42:32: 	           ValOfEMA:0.020180/0.020180,  Epoch:8/8
INFO|2024-09-25 12:42:33: 	Time(ep):395s,  Val(curr/best):0.020180/0.020180,  Epoch(curr/best):8/8
INFO|2024-09-25 12:42:33: -------------------- Epoch: 9 --------------------
INFO|2024-09-25 12:43:07: Epoch[009/100], iter[040/392], loss_total:1.44137, loss_equ:4.16939 loss_pq_vm:0.02264 loss_pq_va:0.37871 loss_pv_va:0.41927
INFO|2024-09-25 12:43:39: Epoch[009/100], iter[079/392], loss_total:1.87538, loss_equ:4.76332 loss_pq_vm:0.03669 loss_pq_va:0.48566 loss_pv_va:0.54649
INFO|2024-09-25 12:44:11: Epoch[009/100], iter[118/392], loss_total:1.59583, loss_equ:4.68784 loss_pq_vm:0.02755 loss_pq_va:0.40289 loss_pv_va:0.44861
INFO|2024-09-25 12:44:43: Epoch[009/100], iter[157/392], loss_total:1.65281, loss_equ:4.32852 loss_pq_vm:0.02673 loss_pq_va:0.44828 loss_pv_va:0.50436
INFO|2024-09-25 12:45:15: Epoch[009/100], iter[196/392], loss_total:1.49003, loss_equ:4.87608 loss_pq_vm:0.02587 loss_pq_va:0.35411 loss_pv_va:0.38957
INFO|2024-09-25 12:45:47: Epoch[009/100], iter[235/392], loss_total:1.37759, loss_equ:4.19724 loss_pq_vm:0.02221 loss_pq_va:0.34444 loss_pv_va:0.39132
INFO|2024-09-25 12:46:19: Epoch[009/100], iter[274/392], loss_total:1.93386, loss_equ:6.14120 loss_pq_vm:0.03361 loss_pq_va:0.47836 loss_pv_va:0.50523
INFO|2024-09-25 12:46:51: Epoch[009/100], iter[313/392], loss_total:1.63153, loss_equ:4.88033 loss_pq_vm:0.03172 loss_pq_va:0.38710 loss_pv_va:0.43921
INFO|2024-09-25 12:47:22: Epoch[009/100], iter[352/392], loss_total:1.46441, loss_equ:4.43705 loss_pq_vm:0.02549 loss_pq_va:0.36062 loss_pv_va:0.40515
INFO|2024-09-25 12:47:55: Epoch[009/100], iter[392/392], loss_total:1.30453, loss_equ:4.23108 loss_pq_vm:0.02503 loss_pq_va:0.29748 loss_pv_va:0.33367
INFO|2024-09-25 12:49:09: Epoch 8/100, lr:  0.00098035, eta: 10.0h, train_loss:  1.59968, valid_loss:  1.62073
INFO|2024-09-25 12:49:09: 	Train: PQ_Vm_rmse: 0.00213821  PQ_Va_rmse: 0.02335492  PV_Va_rmse: 0.02592050  delta_p: 0.14958591  delta_q: 0.03764336  
INFO|2024-09-25 12:49:09: 	ZTest: PQ_Vm_rmse: 0.00300252  PQ_Va_rmse: 0.02100162  PV_Va_rmse: 0.02314957  delta_p: 0.17961332  delta_q: 0.05547291  
INFO|2024-09-25 12:49:09: 	ZTest-ema: PQ_Vm_rmse: 0.003003  PQ_Va_rmse: 0.021002  PV_Va_rmse: 0.023150  delta_p: 0.179613  delta_q: 0.055473  
INFO|2024-09-25 12:49:09: 	           ValOfEMA:0.023150/0.020180,  Epoch:9/8
INFO|2024-09-25 12:49:09: 	Time(ep):395s,  Val(curr/best):0.023150/0.020180,  Epoch(curr/best):9/8
INFO|2024-09-25 12:49:09: -------------------- Epoch: 10 --------------------
INFO|2024-09-25 12:49:44: Epoch[010/100], iter[040/392], loss_total:1.53748, loss_equ:3.63139 loss_pq_vm:0.02881 loss_pq_va:0.42283 loss_pv_va:0.46343
INFO|2024-09-25 12:50:16: Epoch[010/100], iter[079/392], loss_total:1.87748, loss_equ:4.26785 loss_pq_vm:0.03026 loss_pq_va:0.54693 loss_pv_va:0.60121
INFO|2024-09-25 12:50:47: Epoch[010/100], iter[118/392], loss_total:1.48424, loss_equ:3.72643 loss_pq_vm:0.02521 loss_pq_va:0.40474 loss_pv_va:0.45476
INFO|2024-09-25 12:51:19: Epoch[010/100], iter[157/392], loss_total:1.28303, loss_equ:3.78419 loss_pq_vm:0.02216 loss_pq_va:0.32211 loss_pv_va:0.36090
INFO|2024-09-25 12:51:51: Epoch[010/100], iter[196/392], loss_total:1.37756, loss_equ:3.65966 loss_pq_vm:0.02551 loss_pq_va:0.35731 loss_pv_va:0.39916
INFO|2024-09-25 12:52:23: Epoch[010/100], iter[235/392], loss_total:1.48564, loss_equ:3.59276 loss_pq_vm:0.02311 loss_pq_va:0.42866 loss_pv_va:0.46657
INFO|2024-09-25 12:52:55: Epoch[010/100], iter[274/392], loss_total:1.40587, loss_equ:3.66307 loss_pq_vm:0.02248 loss_pq_va:0.38672 loss_pv_va:0.42805
INFO|2024-09-25 12:53:27: Epoch[010/100], iter[313/392], loss_total:1.52395, loss_equ:4.08010 loss_pq_vm:0.02576 loss_pq_va:0.40703 loss_pv_va:0.45135
INFO|2024-09-25 12:53:59: Epoch[010/100], iter[352/392], loss_total:1.70762, loss_equ:5.25426 loss_pq_vm:0.02487 loss_pq_va:0.44046 loss_pv_va:0.49307
INFO|2024-09-25 12:54:32: Epoch[010/100], iter[392/392], loss_total:1.86679, loss_equ:6.40748 loss_pq_vm:0.02790 loss_pq_va:0.45514 loss_pv_va:0.49194
INFO|2024-09-25 12:55:44: Epoch 9/100, lr:  0.00097577, eta: 9.88h, train_loss:  1.46610, valid_loss:  2.01797
INFO|2024-09-25 12:55:44: 	Train: PQ_Vm_rmse: 0.00184773  PQ_Va_rmse: 0.02192805  PV_Va_rmse: 0.02434417  delta_p: 0.12235104  delta_q: 0.02908093  
INFO|2024-09-25 12:55:44: 	ZTest: PQ_Vm_rmse: 0.00322045  PQ_Va_rmse: 0.03211795  PV_Va_rmse: 0.03507740  delta_p: 0.30700209  delta_q: 0.07374819  
INFO|2024-09-25 12:55:44: 	ZTest-ema: PQ_Vm_rmse: 0.003220  PQ_Va_rmse: 0.032118  PV_Va_rmse: 0.035077  delta_p: 0.307002  delta_q: 0.073748  
INFO|2024-09-25 12:55:44: 	           ValOfEMA:0.035077/0.020180,  Epoch:10/8
INFO|2024-09-25 12:55:45: 	Time(ep):395s,  Val(curr/best):0.035077/0.020180,  Epoch(curr/best):10/8
INFO|2024-09-25 12:55:45: -------------------- Epoch: 11 --------------------
INFO|2024-09-25 12:56:19: Epoch[011/100], iter[040/392], loss_total:1.56726, loss_equ:4.26190 loss_pq_vm:0.02567 loss_pq_va:0.42182 loss_pv_va:0.46256
INFO|2024-09-25 12:56:51: Epoch[011/100], iter[079/392], loss_total:1.33049, loss_equ:4.05780 loss_pq_vm:0.02174 loss_pq_va:0.33307 loss_pv_va:0.37424
INFO|2024-09-25 12:57:23: Epoch[011/100], iter[118/392], loss_total:1.29281, loss_equ:4.00419 loss_pq_vm:0.02214 loss_pq_va:0.31491 loss_pv_va:0.35606
INFO|2024-09-25 12:57:55: Epoch[011/100], iter[157/392], loss_total:1.48097, loss_equ:4.74166 loss_pq_vm:0.02840 loss_pq_va:0.34071 loss_pv_va:0.38204
INFO|2024-09-25 12:58:28: Epoch[011/100], iter[196/392], loss_total:1.34136, loss_equ:3.81998 loss_pq_vm:0.02444 loss_pq_va:0.33681 loss_pv_va:0.37812
INFO|2024-09-25 12:59:00: Epoch[011/100], iter[235/392], loss_total:1.21089, loss_equ:3.41180 loss_pq_vm:0.02123 loss_pq_va:0.31143 loss_pv_va:0.34600
INFO|2024-09-25 12:59:32: Epoch[011/100], iter[274/392], loss_total:2.02913, loss_equ:4.43369 loss_pq_vm:0.03114 loss_pq_va:0.59637 loss_pv_va:0.67797
INFO|2024-09-25 13:00:04: Epoch[011/100], iter[313/392], loss_total:1.42347, loss_equ:4.23081 loss_pq_vm:0.02423 loss_pq_va:0.35820 loss_pv_va:0.39992
INFO|2024-09-25 13:00:36: Epoch[011/100], iter[352/392], loss_total:1.28612, loss_equ:3.67731 loss_pq_vm:0.02178 loss_pq_va:0.32973 loss_pv_va:0.37090
INFO|2024-09-25 13:01:08: Epoch[011/100], iter[392/392], loss_total:1.24920, loss_equ:3.92782 loss_pq_vm:0.02468 loss_pq_va:0.28750 loss_pv_va:0.32209
INFO|2024-09-25 13:02:22: Epoch 10/100, lr:  0.00097074, eta: 9.81h, train_loss:  1.40808, valid_loss:  1.45568
INFO|2024-09-25 13:02:22: 	Train: PQ_Vm_rmse: 0.00160376  PQ_Va_rmse: 0.01829204  PV_Va_rmse: 0.02031861  delta_p: 0.11340662  delta_q: 0.02745762  
INFO|2024-09-25 13:02:22: 	ZTest: PQ_Vm_rmse: 0.00186364  PQ_Va_rmse: 0.01862147  PV_Va_rmse: 0.02072858  delta_p: 0.11650220  delta_q: 0.03191976  
INFO|2024-09-25 13:02:22: 	ZTest-ema: PQ_Vm_rmse: 0.001864  PQ_Va_rmse: 0.018621  PV_Va_rmse: 0.020729  delta_p: 0.116503  delta_q: 0.031920  
INFO|2024-09-25 13:02:22: 	           ValOfEMA:0.020729/0.020180,  Epoch:11/8
INFO|2024-09-25 13:02:22: 	Time(ep):396s,  Val(curr/best):0.020729/0.020180,  Epoch(curr/best):11/8
INFO|2024-09-25 13:02:22: -------------------- Epoch: 12 --------------------
INFO|2024-09-25 13:02:57: Epoch[012/100], iter[040/392], loss_total:1.51095, loss_equ:5.03848 loss_pq_vm:0.02890 loss_pq_va:0.33593 loss_pv_va:0.38222
INFO|2024-09-25 13:03:28: Epoch[012/100], iter[079/392], loss_total:1.21627, loss_equ:3.54815 loss_pq_vm:0.02255 loss_pq_va:0.30141 loss_pv_va:0.33455
INFO|2024-09-25 13:04:01: Epoch[012/100], iter[118/392], loss_total:1.23102, loss_equ:3.38187 loss_pq_vm:0.02157 loss_pq_va:0.31895 loss_pv_va:0.35821
INFO|2024-09-25 13:04:33: Epoch[012/100], iter[157/392], loss_total:1.24320, loss_equ:3.71537 loss_pq_vm:0.02252 loss_pq_va:0.30318 loss_pv_va:0.34329
INFO|2024-09-25 13:05:05: Epoch[012/100], iter[196/392], loss_total:1.69005, loss_equ:4.22133 loss_pq_vm:0.03893 loss_pq_va:0.41611 loss_pv_va:0.46254
INFO|2024-09-25 13:05:37: Epoch[012/100], iter[235/392], loss_total:1.24819, loss_equ:3.84258 loss_pq_vm:0.02371 loss_pq_va:0.29760 loss_pv_va:0.32922
INFO|2024-09-25 13:06:09: Epoch[012/100], iter[274/392], loss_total:1.19087, loss_equ:3.92043 loss_pq_vm:0.02018 loss_pq_va:0.28059 loss_pv_va:0.31639
INFO|2024-09-25 13:06:40: Epoch[012/100], iter[313/392], loss_total:1.37723, loss_equ:4.01748 loss_pq_vm:0.02571 loss_pq_va:0.33972 loss_pv_va:0.37866
INFO|2024-09-25 13:07:12: Epoch[012/100], iter[352/392], loss_total:1.40064, loss_equ:3.74561 loss_pq_vm:0.03081 loss_pq_va:0.33340 loss_pv_va:0.38454
INFO|2024-09-25 13:07:45: Epoch[012/100], iter[392/392], loss_total:1.05876, loss_equ:3.33406 loss_pq_vm:0.01899 loss_pq_va:0.24899 loss_pv_va:0.28643
INFO|2024-09-25 13:08:59: Epoch 11/100, lr:  0.00096524, eta: 9.69h, train_loss:  1.28864, valid_loss:  1.32865
INFO|2024-09-25 13:08:59: 	Train: PQ_Vm_rmse: 0.00165710  PQ_Va_rmse: 0.01510740  PV_Va_rmse: 0.01730445  delta_p: 0.10506187  delta_q: 0.02711108  
INFO|2024-09-25 13:08:59: 	ZTest: PQ_Vm_rmse: 0.00169493  PQ_Va_rmse: 0.01705261  PV_Va_rmse: 0.01924785  delta_p: 0.07885965  delta_q: 0.01938536  
INFO|2024-09-25 13:08:59: 	ZTest-ema: PQ_Vm_rmse: 0.001756  PQ_Va_rmse: 0.017304  PV_Va_rmse: 0.018975  delta_p: 0.071396  delta_q: 0.017993  
INFO|2024-09-25 13:08:59: 	           ValOfEMA:0.018975/0.018975,  Epoch:12/12
INFO|2024-09-25 13:08:59: 	Time(ep):396s,  Val(curr/best):0.019248/0.019248,  Epoch(curr/best):12/12
INFO|2024-09-25 13:08:59: -------------------- Epoch: 13 --------------------
INFO|2024-09-25 13:09:34: Epoch[013/100], iter[040/392], loss_total:1.34939, loss_equ:3.98193 loss_pq_vm:0.03191 loss_pq_va:0.29925 loss_pv_va:0.33284
INFO|2024-09-25 13:10:05: Epoch[013/100], iter[079/392], loss_total:1.40470, loss_equ:4.58396 loss_pq_vm:0.02442 loss_pq_va:0.33224 loss_pv_va:0.36990
INFO|2024-09-25 13:10:37: Epoch[013/100], iter[118/392], loss_total:1.19994, loss_equ:3.96500 loss_pq_vm:0.02033 loss_pq_va:0.27714 loss_pv_va:0.32295
INFO|2024-09-25 13:11:09: Epoch[013/100], iter[157/392], loss_total:1.72089, loss_equ:4.96525 loss_pq_vm:0.03401 loss_pq_va:0.42770 loss_pv_va:0.45656
INFO|2024-09-25 13:11:41: Epoch[013/100], iter[196/392], loss_total:1.64408, loss_equ:5.82518 loss_pq_vm:0.03061 loss_pq_va:0.36094 loss_pv_va:0.39450
INFO|2024-09-25 13:12:14: Epoch[013/100], iter[235/392], loss_total:1.82539, loss_equ:5.14394 loss_pq_vm:0.04099 loss_pq_va:0.41457 loss_pv_va:0.48656
INFO|2024-09-25 13:12:45: Epoch[013/100], iter[274/392], loss_total:1.32796, loss_equ:3.70941 loss_pq_vm:0.02479 loss_pq_va:0.33119 loss_pv_va:0.37795
INFO|2024-09-25 13:13:18: Epoch[013/100], iter[313/392], loss_total:1.16329, loss_equ:3.42381 loss_pq_vm:0.02269 loss_pq_va:0.28127 loss_pv_va:0.31275
INFO|2024-09-25 13:13:50: Epoch[013/100], iter[352/392], loss_total:1.10731, loss_equ:3.20573 loss_pq_vm:0.01973 loss_pq_va:0.27678 loss_pv_va:0.31265
INFO|2024-09-25 13:14:22: Epoch[013/100], iter[392/392], loss_total:1.74498, loss_equ:4.21181 loss_pq_vm:0.03272 loss_pq_va:0.47315 loss_pv_va:0.52350
INFO|2024-09-25 13:15:36: Epoch 12/100, lr:  0.00095929, eta: 9.59h, train_loss:  1.41698, valid_loss:  1.72813
INFO|2024-09-25 13:15:36: 	Train: PQ_Vm_rmse: 0.00178782  PQ_Va_rmse: 0.01931517  PV_Va_rmse: 0.02145695  delta_p: 0.11689553  delta_q: 0.02881090  
INFO|2024-09-25 13:15:36: 	ZTest: PQ_Vm_rmse: 0.00258098  PQ_Va_rmse: 0.03300531  PV_Va_rmse: 0.03686283  delta_p: 0.13928271  delta_q: 0.03515568  
INFO|2024-09-25 13:15:36: 	ZTest-ema: PQ_Vm_rmse: 0.001894  PQ_Va_rmse: 0.018731  PV_Va_rmse: 0.020187  delta_p: 0.065854  delta_q: 0.016959  
INFO|2024-09-25 13:15:36: 	           ValOfEMA:0.020187/0.018975,  Epoch:13/12
INFO|2024-09-25 13:15:37: 	Time(ep):396s,  Val(curr/best):0.036863/0.019248,  Epoch(curr/best):13/12
INFO|2024-09-25 13:15:37: -------------------- Epoch: 14 --------------------
INFO|2024-09-25 13:16:11: Epoch[014/100], iter[040/392], loss_total:1.51853, loss_equ:3.90750 loss_pq_vm:0.02912 loss_pq_va:0.39243 loss_pv_va:0.44419
INFO|2024-09-25 13:16:42: Epoch[014/100], iter[079/392], loss_total:1.36804, loss_equ:3.41141 loss_pq_vm:0.02308 loss_pq_va:0.37546 loss_pv_va:0.42062
INFO|2024-09-25 13:17:14: Epoch[014/100], iter[118/392], loss_total:1.30921, loss_equ:3.58512 loss_pq_vm:0.02373 loss_pq_va:0.33322 loss_pv_va:0.38018
INFO|2024-09-25 13:17:46: Epoch[014/100], iter[157/392], loss_total:1.30159, loss_equ:3.45498 loss_pq_vm:0.02488 loss_pq_va:0.33234 loss_pv_va:0.37490
INFO|2024-09-25 13:18:18: Epoch[014/100], iter[196/392], loss_total:1.29384, loss_equ:3.22278 loss_pq_vm:0.02198 loss_pq_va:0.35513 loss_pv_va:0.39660
INFO|2024-09-25 13:18:50: Epoch[014/100], iter[235/392], loss_total:1.41011, loss_equ:3.29315 loss_pq_vm:0.02193 loss_pq_va:0.40682 loss_pv_va:0.45470
INFO|2024-09-25 13:19:22: Epoch[014/100], iter[274/392], loss_total:1.17326, loss_equ:3.28171 loss_pq_vm:0.01983 loss_pq_va:0.30303 loss_pv_va:0.34379
INFO|2024-09-25 13:19:53: Epoch[014/100], iter[313/392], loss_total:1.16113, loss_equ:3.43752 loss_pq_vm:0.01994 loss_pq_va:0.29127 loss_pv_va:0.32675
INFO|2024-09-25 13:20:25: Epoch[014/100], iter[352/392], loss_total:1.22993, loss_equ:3.84740 loss_pq_vm:0.02008 loss_pq_va:0.30025 loss_pv_va:0.34410
INFO|2024-09-25 13:20:58: Epoch[014/100], iter[392/392], loss_total:1.09342, loss_equ:3.24971 loss_pq_vm:0.01771 loss_pq_va:0.27681 loss_pv_va:0.31455
INFO|2024-09-25 13:22:11: Epoch 13/100, lr:  0.00095289, eta: 9.43h, train_loss:  1.33273, valid_loss:  1.28338
INFO|2024-09-25 13:22:11: 	Train: PQ_Vm_rmse: 0.00201072  PQ_Va_rmse: 0.01972615  PV_Va_rmse: 0.02203489  delta_p: 0.09396675  delta_q: 0.02848584  
INFO|2024-09-25 13:22:11: 	ZTest: PQ_Vm_rmse: 0.00159769  PQ_Va_rmse: 0.01533119  PV_Va_rmse: 0.01656219  delta_p: 0.06420755  delta_q: 0.01496499  
INFO|2024-09-25 13:22:11: 	ZTest-ema: PQ_Vm_rmse: 0.001892  PQ_Va_rmse: 0.018500  PV_Va_rmse: 0.019822  delta_p: 0.053396  delta_q: 0.013720  
INFO|2024-09-25 13:22:11: 	           ValOfEMA:0.019822/0.018975,  Epoch:14/12
INFO|2024-09-25 13:22:12: 	Time(ep):394s,  Val(curr/best):0.016562/0.016562,  Epoch(curr/best):14/14
INFO|2024-09-25 13:22:12: -------------------- Epoch: 15 --------------------
INFO|2024-09-25 13:22:46: Epoch[015/100], iter[040/392], loss_total:1.75545, loss_equ:4.04393 loss_pq_vm:0.03332 loss_pq_va:0.48135 loss_pv_va:0.53654
INFO|2024-09-25 13:23:18: Epoch[015/100], iter[079/392], loss_total:1.15881, loss_equ:3.51319 loss_pq_vm:0.02089 loss_pq_va:0.28102 loss_pv_va:0.31760
INFO|2024-09-25 13:23:50: Epoch[015/100], iter[118/392], loss_total:1.10951, loss_equ:3.13567 loss_pq_vm:0.01940 loss_pq_va:0.28477 loss_pv_va:0.31717
INFO|2024-09-25 13:24:22: Epoch[015/100], iter[157/392], loss_total:1.14667, loss_equ:3.11334 loss_pq_vm:0.02029 loss_pq_va:0.29814 loss_pv_va:0.33432
INFO|2024-09-25 13:24:54: Epoch[015/100], iter[196/392], loss_total:1.22508, loss_equ:3.38147 loss_pq_vm:0.02140 loss_pq_va:0.31807 loss_pv_va:0.35483
INFO|2024-09-25 13:25:26: Epoch[015/100], iter[235/392], loss_total:1.60067, loss_equ:5.31133 loss_pq_vm:0.02855 loss_pq_va:0.35753 loss_pv_va:0.42654
INFO|2024-09-25 13:25:58: Epoch[015/100], iter[274/392], loss_total:1.19404, loss_equ:3.52577 loss_pq_vm:0.02318 loss_pq_va:0.28610 loss_pv_va:0.32358
INFO|2024-09-25 13:26:30: Epoch[015/100], iter[313/392], loss_total:1.45826, loss_equ:4.97147 loss_pq_vm:0.02676 loss_pq_va:0.32111 loss_pv_va:0.37237
INFO|2024-09-25 13:27:01: Epoch[015/100], iter[352/392], loss_total:1.06814, loss_equ:3.18664 loss_pq_vm:0.01983 loss_pq_va:0.26220 loss_pv_va:0.28902
INFO|2024-09-25 13:27:34: Epoch[015/100], iter[392/392], loss_total:1.09245, loss_equ:3.78462 loss_pq_vm:0.01927 loss_pq_va:0.24606 loss_pv_va:0.27518
INFO|2024-09-25 13:28:48: Epoch 14/100, lr:  0.00094605, eta: 9.35h, train_loss:  1.25948, valid_loss:  1.43775
INFO|2024-09-25 13:28:48: 	Train: PQ_Vm_rmse: 0.00151034  PQ_Va_rmse: 0.01593003  PV_Va_rmse: 0.01771530  delta_p: 0.08908907  delta_q: 0.02019736  
INFO|2024-09-25 13:28:48: 	ZTest: PQ_Vm_rmse: 0.00234212  PQ_Va_rmse: 0.01722852  PV_Va_rmse: 0.01874864  delta_p: 0.18605462  delta_q: 0.03387255  
INFO|2024-09-25 13:28:48: 	ZTest-ema: PQ_Vm_rmse: 0.001873  PQ_Va_rmse: 0.018116  PV_Va_rmse: 0.019466  delta_p: 0.051803  delta_q: 0.012908  
INFO|2024-09-25 13:28:48: 	           ValOfEMA:0.019466/0.018975,  Epoch:15/12
INFO|2024-09-25 13:28:48: 	Time(ep):395s,  Val(curr/best):0.018749/0.016562,  Epoch(curr/best):15/14
INFO|2024-09-25 13:28:48: -------------------- Epoch: 16 --------------------
INFO|2024-09-25 13:29:22: Epoch[016/100], iter[040/392], loss_total:1.28001, loss_equ:3.47794 loss_pq_vm:0.02289 loss_pq_va:0.33091 loss_pv_va:0.37246
INFO|2024-09-25 13:29:54: Epoch[016/100], iter[079/392], loss_total:1.10396, loss_equ:3.10947 loss_pq_vm:0.02426 loss_pq_va:0.25947 loss_pv_va:0.29093
INFO|2024-09-25 13:30:26: Epoch[016/100], iter[118/392], loss_total:1.23573, loss_equ:3.14833 loss_pq_vm:0.01938 loss_pq_va:0.34030 loss_pv_va:0.38678
INFO|2024-09-25 13:30:58: Epoch[016/100], iter[157/392], loss_total:1.05623, loss_equ:3.13664 loss_pq_vm:0.02126 loss_pq_va:0.24916 loss_pv_va:0.28077
INFO|2024-09-25 13:31:30: Epoch[016/100], iter[196/392], loss_total:0.98686, loss_equ:3.01861 loss_pq_vm:0.01745 loss_pq_va:0.23940 loss_pv_va:0.27108
INFO|2024-09-25 13:32:02: Epoch[016/100], iter[235/392], loss_total:1.27924, loss_equ:3.70536 loss_pq_vm:0.02013 loss_pq_va:0.33713 loss_pv_va:0.37026
INFO|2024-09-25 13:32:33: Epoch[016/100], iter[274/392], loss_total:1.48276, loss_equ:4.77226 loss_pq_vm:0.02600 loss_pq_va:0.37432 loss_pv_va:0.37126
INFO|2024-09-25 13:33:05: Epoch[016/100], iter[313/392], loss_total:1.14215, loss_equ:3.39459 loss_pq_vm:0.01955 loss_pq_va:0.28867 loss_pv_va:0.31853
INFO|2024-09-25 13:33:37: Epoch[016/100], iter[352/392], loss_total:1.68997, loss_equ:3.98094 loss_pq_vm:0.02874 loss_pq_va:0.47260 loss_pv_va:0.53188
INFO|2024-09-25 13:34:09: Epoch[016/100], iter[392/392], loss_total:1.00641, loss_equ:3.04903 loss_pq_vm:0.01566 loss_pq_va:0.25345 loss_pv_va:0.29143
INFO|2024-09-25 13:35:23: Epoch 15/100, lr:  0.00093877, eta: 9.21h, train_loss:  1.22393, valid_loss:  1.49205
INFO|2024-09-25 13:35:23: 	Train: PQ_Vm_rmse: 0.00146428  PQ_Va_rmse: 0.01399886  PV_Va_rmse: 0.01537027  delta_p: 0.08336170  delta_q: 0.02124826  
INFO|2024-09-25 13:35:23: 	ZTest: PQ_Vm_rmse: 0.00263447  PQ_Va_rmse: 0.02760149  PV_Va_rmse: 0.03026168  delta_p: 0.06241119  delta_q: 0.01610805  
INFO|2024-09-25 13:35:23: 	ZTest-ema: PQ_Vm_rmse: 0.001932  PQ_Va_rmse: 0.017517  PV_Va_rmse: 0.018764  delta_p: 0.051259  delta_q: 0.013054  
INFO|2024-09-25 13:35:23: 	           ValOfEMA:0.018764/0.018764,  Epoch:16/16
INFO|2024-09-25 13:35:23: 	Time(ep):394s,  Val(curr/best):0.030262/0.016562,  Epoch(curr/best):16/14
INFO|2024-09-25 13:35:23: -------------------- Epoch: 17 --------------------
INFO|2024-09-25 13:35:57: Epoch[017/100], iter[040/392], loss_total:1.10146, loss_equ:3.42332 loss_pq_vm:0.01876 loss_pq_va:0.27248 loss_pv_va:0.29902
INFO|2024-09-25 13:36:29: Epoch[017/100], iter[079/392], loss_total:1.08716, loss_equ:3.05113 loss_pq_vm:0.02257 loss_pq_va:0.26236 loss_pv_va:0.29393
INFO|2024-09-25 13:37:01: Epoch[017/100], iter[118/392], loss_total:1.07585, loss_equ:2.99302 loss_pq_vm:0.02056 loss_pq_va:0.26730 loss_pv_va:0.30369
INFO|2024-09-25 13:37:33: Epoch[017/100], iter[157/392], loss_total:2.06317, loss_equ:3.58136 loss_pq_vm:0.03795 loss_pq_va:0.62037 loss_pv_va:0.70518
INFO|2024-09-25 13:38:05: Epoch[017/100], iter[196/392], loss_total:1.15236, loss_equ:3.41818 loss_pq_vm:0.01988 loss_pq_va:0.28833 loss_pv_va:0.32338
INFO|2024-09-25 13:38:36: Epoch[017/100], iter[235/392], loss_total:1.03050, loss_equ:2.83574 loss_pq_vm:0.01768 loss_pq_va:0.26930 loss_pv_va:0.30078
INFO|2024-09-25 13:39:08: Epoch[017/100], iter[274/392], loss_total:1.29215, loss_equ:3.47006 loss_pq_vm:0.02066 loss_pq_va:0.34574 loss_pv_va:0.39283
INFO|2024-09-25 13:39:40: Epoch[017/100], iter[313/392], loss_total:1.11657, loss_equ:3.38052 loss_pq_vm:0.01905 loss_pq_va:0.27965 loss_pv_va:0.30842
INFO|2024-09-25 13:40:12: Epoch[017/100], iter[352/392], loss_total:1.33825, loss_equ:3.98135 loss_pq_vm:0.02412 loss_pq_va:0.32829 loss_pv_va:0.37058
INFO|2024-09-25 13:40:45: Epoch[017/100], iter[392/392], loss_total:1.00129, loss_equ:3.11369 loss_pq_vm:0.01698 loss_pq_va:0.24556 loss_pv_va:0.27456
INFO|2024-09-25 13:41:58: Epoch 16/100, lr:  0.00093107, eta: 9.11h, train_loss:  1.20104, valid_loss:  1.31519
INFO|2024-09-25 13:41:58: 	Train: PQ_Vm_rmse: 0.00143958  PQ_Va_rmse: 0.01568094  PV_Va_rmse: 0.01743789  delta_p: 0.07532347  delta_q: 0.01917586  
INFO|2024-09-25 13:41:58: 	ZTest: PQ_Vm_rmse: 0.00217941  PQ_Va_rmse: 0.01972266  PV_Va_rmse: 0.02163796  delta_p: 0.08075766  delta_q: 0.01674222  
INFO|2024-09-25 13:41:58: 	ZTest-ema: PQ_Vm_rmse: 0.002067  PQ_Va_rmse: 0.017565  PV_Va_rmse: 0.018763  delta_p: 0.047410  delta_q: 0.012052  
INFO|2024-09-25 13:41:58: 	           ValOfEMA:0.018763/0.018763,  Epoch:17/17
INFO|2024-09-25 13:41:59: 	Time(ep):394s,  Val(curr/best):0.021638/0.016562,  Epoch(curr/best):17/14
INFO|2024-09-25 13:41:59: -------------------- Epoch: 18 --------------------
INFO|2024-09-25 13:42:32: Epoch[018/100], iter[040/392], loss_total:1.34281, loss_equ:4.58715 loss_pq_vm:0.02607 loss_pq_va:0.29509 loss_pv_va:0.32831
INFO|2024-09-25 13:43:04: Epoch[018/100], iter[079/392], loss_total:1.07449, loss_equ:3.10200 loss_pq_vm:0.01660 loss_pq_va:0.28131 loss_pv_va:0.31695
INFO|2024-09-25 13:43:36: Epoch[018/100], iter[118/392], loss_total:0.97025, loss_equ:2.92568 loss_pq_vm:0.01748 loss_pq_va:0.23776 loss_pv_va:0.26508
INFO|2024-09-25 13:44:08: Epoch[018/100], iter[157/392], loss_total:1.18978, loss_equ:3.17203 loss_pq_vm:0.02174 loss_pq_va:0.30492 loss_pv_va:0.35028
INFO|2024-09-25 13:44:39: Epoch[018/100], iter[196/392], loss_total:1.11353, loss_equ:3.17464 loss_pq_vm:0.02818 loss_pq_va:0.24282 loss_pv_va:0.27146
INFO|2024-09-25 13:45:11: Epoch[018/100], iter[235/392], loss_total:1.08922, loss_equ:3.44550 loss_pq_vm:0.01833 loss_pq_va:0.26264 loss_pv_va:0.29871
INFO|2024-09-25 13:45:43: Epoch[018/100], iter[274/392], loss_total:1.14452, loss_equ:3.13712 loss_pq_vm:0.02265 loss_pq_va:0.28574 loss_pv_va:0.31854
INFO|2024-09-25 13:46:15: Epoch[018/100], iter[313/392], loss_total:1.05935, loss_equ:2.89287 loss_pq_vm:0.01991 loss_pq_va:0.27052 loss_pv_va:0.30040
INFO|2024-09-25 13:46:46: Epoch[018/100], iter[352/392], loss_total:1.10169, loss_equ:2.94498 loss_pq_vm:0.01955 loss_pq_va:0.28743 loss_pv_va:0.32431
INFO|2024-09-25 13:47:19: Epoch[018/100], iter[392/392], loss_total:1.19197, loss_equ:2.95424 loss_pq_vm:0.02306 loss_pq_va:0.31339 loss_pv_va:0.35257
INFO|2024-09-25 13:48:33: Epoch 17/100, lr:  0.00092294, eta: 8.98h, train_loss:  1.14223, valid_loss:  1.46043
INFO|2024-09-25 13:48:33: 	Train: PQ_Vm_rmse: 0.00135864  PQ_Va_rmse: 0.01279936  PV_Va_rmse: 0.01432889  delta_p: 0.07020198  delta_q: 0.01774785  
INFO|2024-09-25 13:48:33: 	ZTest: PQ_Vm_rmse: 0.00271430  PQ_Va_rmse: 0.02810830  PV_Va_rmse: 0.03107493  delta_p: 0.07722516  delta_q: 0.02022975  
INFO|2024-09-25 13:48:33: 	ZTest-ema: PQ_Vm_rmse: 0.001987  PQ_Va_rmse: 0.016509  PV_Va_rmse: 0.017699  delta_p: 0.054068  delta_q: 0.014777  
INFO|2024-09-25 13:48:33: 	           ValOfEMA:0.017699/0.017699,  Epoch:18/18
INFO|2024-09-25 13:48:34: 	Time(ep):394s,  Val(curr/best):0.031075/0.016562,  Epoch(curr/best):18/14
INFO|2024-09-25 13:48:34: -------------------- Epoch: 19 --------------------
INFO|2024-09-25 13:49:08: Epoch[019/100], iter[040/392], loss_total:1.02707, loss_equ:2.83537 loss_pq_vm:0.02015 loss_pq_va:0.25539 loss_pv_va:0.28667
INFO|2024-09-25 13:49:40: Epoch[019/100], iter[079/392], loss_total:1.47266, loss_equ:4.00607 loss_pq_vm:0.02913 loss_pq_va:0.37632 loss_pv_va:0.40444
INFO|2024-09-25 13:50:12: Epoch[019/100], iter[118/392], loss_total:0.95346, loss_equ:2.88435 loss_pq_vm:0.01781 loss_pq_va:0.22875 loss_pv_va:0.25821
INFO|2024-09-25 13:50:44: Epoch[019/100], iter[157/392], loss_total:0.97883, loss_equ:2.92258 loss_pq_vm:0.01835 loss_pq_va:0.23596 loss_pv_va:0.26715
INFO|2024-09-25 13:51:16: Epoch[019/100], iter[196/392], loss_total:1.09417, loss_equ:3.74402 loss_pq_vm:0.02002 loss_pq_va:0.24029 loss_pv_va:0.27929
INFO|2024-09-25 13:51:47: Epoch[019/100], iter[235/392], loss_total:1.28579, loss_equ:3.76909 loss_pq_vm:0.02662 loss_pq_va:0.30328 loss_pv_va:0.33943
INFO|2024-09-25 13:52:20: Epoch[019/100], iter[274/392], loss_total:1.12513, loss_equ:3.60273 loss_pq_vm:0.01920 loss_pq_va:0.26624 loss_pv_va:0.30658
INFO|2024-09-25 13:52:52: Epoch[019/100], iter[313/392], loss_total:1.35046, loss_equ:3.40938 loss_pq_vm:0.02167 loss_pq_va:0.36696 loss_pv_va:0.42587
INFO|2024-09-25 13:53:24: Epoch[019/100], iter[352/392], loss_total:1.20350, loss_equ:3.40794 loss_pq_vm:0.02402 loss_pq_va:0.29022 loss_pv_va:0.33224
INFO|2024-09-25 13:53:57: Epoch[019/100], iter[392/392], loss_total:1.24116, loss_equ:3.73859 loss_pq_vm:0.02063 loss_pq_va:0.31349 loss_pv_va:0.34752
INFO|2024-09-25 13:55:10: Epoch 18/100, lr:  0.00091440, eta: 8.92h, train_loss:  1.18305, valid_loss:  1.44261
INFO|2024-09-25 13:55:10: 	Train: PQ_Vm_rmse: 0.00142140  PQ_Va_rmse: 0.01456919  PV_Va_rmse: 0.01664837  delta_p: 0.08377892  delta_q: 0.01981511  
INFO|2024-09-25 13:55:10: 	ZTest: PQ_Vm_rmse: 0.00267339  PQ_Va_rmse: 0.02362224  PV_Va_rmse: 0.02543810  delta_p: 0.12473624  delta_q: 0.03243556  
INFO|2024-09-25 13:55:10: 	ZTest-ema: PQ_Vm_rmse: 0.002183  PQ_Va_rmse: 0.018124  PV_Va_rmse: 0.019422  delta_p: 0.059018  delta_q: 0.014645  
INFO|2024-09-25 13:55:10: 	           ValOfEMA:0.019422/0.017699,  Epoch:19/18
INFO|2024-09-25 13:55:11: 	Time(ep):396s,  Val(curr/best):0.025438/0.016562,  Epoch(curr/best):19/14
INFO|2024-09-25 13:55:11: -------------------- Epoch: 20 --------------------
INFO|2024-09-25 13:55:45: Epoch[020/100], iter[040/392], loss_total:1.06942, loss_equ:3.05696 loss_pq_vm:0.02007 loss_pq_va:0.26416 loss_pv_va:0.29888
INFO|2024-09-25 13:56:17: Epoch[020/100], iter[079/392], loss_total:1.18953, loss_equ:2.97921 loss_pq_vm:0.02251 loss_pq_va:0.31448 loss_pv_va:0.35200
INFO|2024-09-25 13:56:49: Epoch[020/100], iter[118/392], loss_total:1.07935, loss_equ:3.02492 loss_pq_vm:0.01994 loss_pq_va:0.27163 loss_pv_va:0.30578
INFO|2024-09-25 13:57:21: Epoch[020/100], iter[157/392], loss_total:0.96734, loss_equ:2.82040 loss_pq_vm:0.01841 loss_pq_va:0.23480 loss_pv_va:0.26639
INFO|2024-09-25 13:57:53: Epoch[020/100], iter[196/392], loss_total:1.18168, loss_equ:2.95983 loss_pq_vm:0.02198 loss_pq_va:0.31211 loss_pv_va:0.35375
INFO|2024-09-25 13:58:25: Epoch[020/100], iter[235/392], loss_total:1.04719, loss_equ:2.82885 loss_pq_vm:0.02059 loss_pq_va:0.26311 loss_pv_va:0.29532
INFO|2024-09-25 13:58:56: Epoch[020/100], iter[274/392], loss_total:1.17135, loss_equ:3.03237 loss_pq_vm:0.01926 loss_pq_va:0.31613 loss_pv_va:0.35940
INFO|2024-09-25 13:59:28: Epoch[020/100], iter[313/392], loss_total:1.08328, loss_equ:2.84130 loss_pq_vm:0.02170 loss_pq_va:0.27601 loss_pv_va:0.30617
INFO|2024-09-25 14:00:00: Epoch[020/100], iter[352/392], loss_total:1.13101, loss_equ:2.97141 loss_pq_vm:0.02209 loss_pq_va:0.28840 loss_pv_va:0.32454
INFO|2024-09-25 14:00:33: Epoch[020/100], iter[392/392], loss_total:1.21447, loss_equ:2.95748 loss_pq_vm:0.02100 loss_pq_va:0.33447 loss_pv_va:0.37422
INFO|2024-09-25 14:01:46: Epoch 19/100, lr:  0.00090546, eta: 8.79h, train_loss:  1.11243, valid_loss:  1.28999
INFO|2024-09-25 14:01:46: 	Train: PQ_Vm_rmse: 0.00131852  PQ_Va_rmse: 0.01415855  PV_Va_rmse: 0.01593534  delta_p: 0.06108946  delta_q: 0.01652751  
INFO|2024-09-25 14:01:46: 	ZTest: PQ_Vm_rmse: 0.00234368  PQ_Va_rmse: 0.01964781  PV_Va_rmse: 0.02139955  delta_p: 0.07427386  delta_q: 0.02282180  
INFO|2024-09-25 14:01:46: 	ZTest-ema: PQ_Vm_rmse: 0.001877  PQ_Va_rmse: 0.016583  PV_Va_rmse: 0.017827  delta_p: 0.052980  delta_q: 0.014064  
INFO|2024-09-25 14:01:46: 	           ValOfEMA:0.017827/0.017699,  Epoch:20/18
INFO|2024-09-25 14:01:46: 	Time(ep):395s,  Val(curr/best):0.021400/0.016562,  Epoch(curr/best):20/14
INFO|2024-09-25 14:01:46: -------------------- Epoch: 21 --------------------
INFO|2024-09-25 14:02:21: Epoch[021/100], iter[040/392], loss_total:1.03239, loss_equ:2.82863 loss_pq_vm:0.02064 loss_pq_va:0.25506 loss_pv_va:0.28807
INFO|2024-09-25 14:02:53: Epoch[021/100], iter[079/392], loss_total:1.13150, loss_equ:3.20122 loss_pq_vm:0.02035 loss_pq_va:0.28552 loss_pv_va:0.32239
INFO|2024-09-25 14:03:25: Epoch[021/100], iter[118/392], loss_total:1.94221, loss_equ:4.18600 loss_pq_vm:0.03530 loss_pq_va:0.55180 loss_pv_va:0.61884
INFO|2024-09-25 14:03:57: Epoch[021/100], iter[157/392], loss_total:1.15219, loss_equ:3.18710 loss_pq_vm:0.02174 loss_pq_va:0.28443 loss_pv_va:0.33165
INFO|2024-09-25 14:04:28: Epoch[021/100], iter[196/392], loss_total:1.41931, loss_equ:3.60583 loss_pq_vm:0.02188 loss_pq_va:0.39539 loss_pv_va:0.44454
INFO|2024-09-25 14:05:00: Epoch[021/100], iter[235/392], loss_total:1.10736, loss_equ:3.89490 loss_pq_vm:0.02197 loss_pq_va:0.23262 loss_pv_va:0.26553
INFO|2024-09-25 14:05:32: Epoch[021/100], iter[274/392], loss_total:1.30778, loss_equ:3.64484 loss_pq_vm:0.01920 loss_pq_va:0.33952 loss_pv_va:0.41182
INFO|2024-09-25 14:06:04: Epoch[021/100], iter[313/392], loss_total:1.07101, loss_equ:3.11445 loss_pq_vm:0.01902 loss_pq_va:0.26773 loss_pv_va:0.30167
INFO|2024-09-25 14:06:36: Epoch[021/100], iter[352/392], loss_total:1.13424, loss_equ:3.23492 loss_pq_vm:0.01977 loss_pq_va:0.28461 loss_pv_va:0.32847
INFO|2024-09-25 14:07:08: Epoch[021/100], iter[392/392], loss_total:1.18036, loss_equ:3.15626 loss_pq_vm:0.02113 loss_pq_va:0.30252 loss_pv_va:0.35096
INFO|2024-09-25 14:08:22: Epoch 20/100, lr:  0.00089613, eta: 8.68h, train_loss:  1.19474, valid_loss:  1.36450
INFO|2024-09-25 14:08:22: 	Train: PQ_Vm_rmse: 0.00146221  PQ_Va_rmse: 0.01434397  PV_Va_rmse: 0.01616285  delta_p: 0.07894548  delta_q: 0.02062091  
INFO|2024-09-25 14:08:22: 	ZTest: PQ_Vm_rmse: 0.00256991  PQ_Va_rmse: 0.02214230  PV_Va_rmse: 0.02432622  delta_p: 0.07538381  delta_q: 0.01719228  
INFO|2024-09-25 14:08:22: 	ZTest-ema: PQ_Vm_rmse: 0.002208  PQ_Va_rmse: 0.018043  PV_Va_rmse: 0.019087  delta_p: 0.048958  delta_q: 0.012082  
INFO|2024-09-25 14:08:22: 	           ValOfEMA:0.019087/0.017699,  Epoch:21/18
INFO|2024-09-25 14:08:22: 	Time(ep):395s,  Val(curr/best):0.024326/0.016562,  Epoch(curr/best):21/14
INFO|2024-09-25 14:08:22: -------------------- Epoch: 22 --------------------
INFO|2024-09-25 14:08:56: Epoch[022/100], iter[040/392], loss_total:1.09550, loss_equ:3.43824 loss_pq_vm:0.02156 loss_pq_va:0.25129 loss_pv_va:0.28475
INFO|2024-09-25 14:09:28: Epoch[022/100], iter[079/392], loss_total:0.94479, loss_equ:2.82561 loss_pq_vm:0.01725 loss_pq_va:0.23077 loss_pv_va:0.25895
INFO|2024-09-25 14:10:00: Epoch[022/100], iter[118/392], loss_total:1.17229, loss_equ:3.55603 loss_pq_vm:0.02315 loss_pq_va:0.27349 loss_pv_va:0.31173
INFO|2024-09-25 14:10:32: Epoch[022/100], iter[157/392], loss_total:1.06201, loss_equ:3.15698 loss_pq_vm:0.01827 loss_pq_va:0.26408 loss_pv_va:0.29957
INFO|2024-09-25 14:11:04: Epoch[022/100], iter[196/392], loss_total:1.05838, loss_equ:3.03764 loss_pq_vm:0.01656 loss_pq_va:0.28001 loss_pv_va:0.30898
INFO|2024-09-25 14:11:36: Epoch[022/100], iter[235/392], loss_total:1.12031, loss_equ:3.29305 loss_pq_vm:0.02116 loss_pq_va:0.27177 loss_pv_va:0.30768
INFO|2024-09-25 14:12:08: Epoch[022/100], iter[274/392], loss_total:1.19843, loss_equ:3.30868 loss_pq_vm:0.02156 loss_pq_va:0.30609 loss_pv_va:0.34588
INFO|2024-09-25 14:12:39: Epoch[022/100], iter[313/392], loss_total:1.62311, loss_equ:4.77227 loss_pq_vm:0.04757 loss_pq_va:0.31562 loss_pv_va:0.35454
INFO|2024-09-25 14:13:11: Epoch[022/100], iter[352/392], loss_total:1.11536, loss_equ:3.33916 loss_pq_vm:0.02291 loss_pq_va:0.26124 loss_pv_va:0.29114
INFO|2024-09-25 14:13:44: Epoch[022/100], iter[392/392], loss_total:1.16738, loss_equ:3.44094 loss_pq_vm:0.01885 loss_pq_va:0.30375 loss_pv_va:0.33108
INFO|2024-09-25 14:14:58: Epoch 21/100, lr:  0.00088640, eta: 8.56h, train_loss:  1.15416, valid_loss:  1.37011
INFO|2024-09-25 14:14:58: 	Train: PQ_Vm_rmse: 0.00117109  PQ_Va_rmse: 0.01254195  PV_Va_rmse: 0.01411955  delta_p: 0.07442660  delta_q: 0.01739730  
INFO|2024-09-25 14:14:58: 	ZTest: PQ_Vm_rmse: 0.00275183  PQ_Va_rmse: 0.02293044  PV_Va_rmse: 0.02492193  delta_p: 0.09661818  delta_q: 0.02079555  
INFO|2024-09-25 14:14:58: 	ZTest-ema: PQ_Vm_rmse: 0.002218  PQ_Va_rmse: 0.017123  PV_Va_rmse: 0.018239  delta_p: 0.047838  delta_q: 0.011597  
INFO|2024-09-25 14:14:58: 	           ValOfEMA:0.018239/0.017699,  Epoch:22/18
INFO|2024-09-25 14:14:58: 	Time(ep):395s,  Val(curr/best):0.024922/0.016562,  Epoch(curr/best):22/14
INFO|2024-09-25 14:14:58: -------------------- Epoch: 23 --------------------
INFO|2024-09-25 14:15:32: Epoch[023/100], iter[040/392], loss_total:0.99022, loss_equ:3.17485 loss_pq_vm:0.01773 loss_pq_va:0.23153 loss_pv_va:0.26392
INFO|2024-09-25 14:16:03: Epoch[023/100], iter[079/392], loss_total:1.03340, loss_equ:3.03823 loss_pq_vm:0.01806 loss_pq_va:0.25601 loss_pv_va:0.29295
INFO|2024-09-25 14:16:35: Epoch[023/100], iter[118/392], loss_total:0.99683, loss_equ:3.44897 loss_pq_vm:0.01543 loss_pq_va:0.23820 loss_pv_va:0.25940
INFO|2024-09-25 14:17:07: Epoch[023/100], iter[157/392], loss_total:1.19933, loss_equ:3.70248 loss_pq_vm:0.01994 loss_pq_va:0.29336 loss_pv_va:0.33635
INFO|2024-09-25 14:17:39: Epoch[023/100], iter[196/392], loss_total:1.04986, loss_equ:2.75170 loss_pq_vm:0.02150 loss_pq_va:0.26408 loss_pv_va:0.29563
INFO|2024-09-25 14:18:11: Epoch[023/100], iter[235/392], loss_total:0.89472, loss_equ:2.69547 loss_pq_vm:0.01777 loss_pq_va:0.21146 loss_pv_va:0.23600
INFO|2024-09-25 14:18:43: Epoch[023/100], iter[274/392], loss_total:1.05931, loss_equ:2.99820 loss_pq_vm:0.02041 loss_pq_va:0.26306 loss_pv_va:0.29232
INFO|2024-09-25 14:19:15: Epoch[023/100], iter[313/392], loss_total:1.08086, loss_equ:2.93637 loss_pq_vm:0.01893 loss_pq_va:0.27578 loss_pv_va:0.32216
INFO|2024-09-25 14:19:47: Epoch[023/100], iter[352/392], loss_total:1.03656, loss_equ:2.92123 loss_pq_vm:0.01739 loss_pq_va:0.27004 loss_pv_va:0.30053
INFO|2024-09-25 14:20:19: Epoch[023/100], iter[392/392], loss_total:1.23270, loss_equ:3.70536 loss_pq_vm:0.02736 loss_pq_va:0.27631 loss_pv_va:0.31226
INFO|2024-09-25 14:21:32: Epoch 22/100, lr:  0.00087630, eta: 8.44h, train_loss:  1.10074, valid_loss:  1.54435
INFO|2024-09-25 14:21:32: 	Train: PQ_Vm_rmse: 0.00116464  PQ_Va_rmse: 0.01268851  PV_Va_rmse: 0.01396599  delta_p: 0.07184127  delta_q: 0.01616829  
INFO|2024-09-25 14:21:32: 	ZTest: PQ_Vm_rmse: 0.00326774  PQ_Va_rmse: 0.02843285  PV_Va_rmse: 0.03021126  delta_p: 0.09978430  delta_q: 0.02917047  
INFO|2024-09-25 14:21:32: 	ZTest-ema: PQ_Vm_rmse: 0.002045  PQ_Va_rmse: 0.017037  PV_Va_rmse: 0.018149  delta_p: 0.052277  delta_q: 0.012477  
INFO|2024-09-25 14:21:32: 	           ValOfEMA:0.018149/0.017699,  Epoch:23/18
INFO|2024-09-25 14:21:33: 	Time(ep):394s,  Val(curr/best):0.030211/0.016562,  Epoch(curr/best):23/14
INFO|2024-09-25 14:21:33: -------------------- Epoch: 24 --------------------
INFO|2024-09-25 14:22:07: Epoch[024/100], iter[040/392], loss_total:1.08480, loss_equ:3.22786 loss_pq_vm:0.01868 loss_pq_va:0.27258 loss_pv_va:0.30267
INFO|2024-09-25 14:22:39: Epoch[024/100], iter[079/392], loss_total:1.10617, loss_equ:2.79596 loss_pq_vm:0.01785 loss_pq_va:0.30423 loss_pv_va:0.34387
INFO|2024-09-25 14:23:10: Epoch[024/100], iter[118/392], loss_total:0.95302, loss_equ:2.78143 loss_pq_vm:0.01837 loss_pq_va:0.23037 loss_pv_va:0.26081
INFO|2024-09-25 14:23:42: Epoch[024/100], iter[157/392], loss_total:0.98014, loss_equ:2.88503 loss_pq_vm:0.01987 loss_pq_va:0.23226 loss_pv_va:0.26065
INFO|2024-09-25 14:24:14: Epoch[024/100], iter[196/392], loss_total:1.11344, loss_equ:3.22894 loss_pq_vm:0.02157 loss_pq_va:0.27292 loss_pv_va:0.30196
INFO|2024-09-25 14:24:46: Epoch[024/100], iter[235/392], loss_total:1.44347, loss_equ:4.44248 loss_pq_vm:0.03558 loss_pq_va:0.30119 loss_pv_va:0.34223
INFO|2024-09-25 14:25:17: Epoch[024/100], iter[274/392], loss_total:1.03558, loss_equ:3.14740 loss_pq_vm:0.01830 loss_pq_va:0.25604 loss_pv_va:0.28184
INFO|2024-09-25 14:25:49: Epoch[024/100], iter[313/392], loss_total:1.00570, loss_equ:3.03951 loss_pq_vm:0.01821 loss_pq_va:0.24238 loss_pv_va:0.27730
INFO|2024-09-25 14:26:21: Epoch[024/100], iter[352/392], loss_total:0.96396, loss_equ:2.86599 loss_pq_vm:0.01739 loss_pq_va:0.23672 loss_pv_va:0.26672
INFO|2024-09-25 14:26:54: Epoch[024/100], iter[392/392], loss_total:1.03365, loss_equ:3.01272 loss_pq_vm:0.01988 loss_pq_va:0.25029 loss_pv_va:0.28327
INFO|2024-09-25 14:28:07: Epoch 23/100, lr:  0.00086584, eta: 8.33h, train_loss:  1.07038, valid_loss:  1.18278
INFO|2024-09-25 14:28:07: 	Train: PQ_Vm_rmse: 0.00122833  PQ_Va_rmse: 0.01125996  PV_Va_rmse: 0.01275104  delta_p: 0.07026457  delta_q: 0.01592097  
INFO|2024-09-25 14:28:07: 	ZTest: PQ_Vm_rmse: 0.00200709  PQ_Va_rmse: 0.01749278  PV_Va_rmse: 0.01880344  delta_p: 0.06881672  delta_q: 0.01701869  
INFO|2024-09-25 14:28:07: 	ZTest-ema: PQ_Vm_rmse: 0.002089  PQ_Va_rmse: 0.016900  PV_Va_rmse: 0.017902  delta_p: 0.043581  delta_q: 0.011165  
INFO|2024-09-25 14:28:07: 	           ValOfEMA:0.017902/0.017699,  Epoch:24/18
INFO|2024-09-25 14:28:08: 	Time(ep):394s,  Val(curr/best):0.018803/0.016562,  Epoch(curr/best):24/14
INFO|2024-09-25 14:28:08: -------------------- Epoch: 25 --------------------
INFO|2024-09-25 14:28:42: Epoch[025/100], iter[040/392], loss_total:1.13434, loss_equ:3.18127 loss_pq_vm:0.02627 loss_pq_va:0.25626 loss_pv_va:0.29721
INFO|2024-09-25 14:29:14: Epoch[025/100], iter[079/392], loss_total:0.96873, loss_equ:3.00717 loss_pq_vm:0.01640 loss_pq_va:0.23816 loss_pv_va:0.26581
INFO|2024-09-25 14:29:46: Epoch[025/100], iter[118/392], loss_total:0.94275, loss_equ:2.95455 loss_pq_vm:0.01808 loss_pq_va:0.21718 loss_pv_va:0.24931
INFO|2024-09-25 14:30:18: Epoch[025/100], iter[157/392], loss_total:1.55882, loss_equ:3.48345 loss_pq_vm:0.04366 loss_pq_va:0.36698 loss_pv_va:0.40688
INFO|2024-09-25 14:30:50: Epoch[025/100], iter[196/392], loss_total:1.33340, loss_equ:3.10507 loss_pq_vm:0.02513 loss_pq_va:0.36210 loss_pv_va:0.40947
INFO|2024-09-25 14:31:22: Epoch[025/100], iter[235/392], loss_total:1.12536, loss_equ:3.04450 loss_pq_vm:0.02201 loss_pq_va:0.28006 loss_pv_va:0.32075
INFO|2024-09-25 14:31:54: Epoch[025/100], iter[274/392], loss_total:1.06301, loss_equ:2.79956 loss_pq_vm:0.02044 loss_pq_va:0.27024 loss_pv_va:0.30839
INFO|2024-09-25 14:32:25: Epoch[025/100], iter[313/392], loss_total:1.06289, loss_equ:2.95480 loss_pq_vm:0.02024 loss_pq_va:0.27056 loss_pv_va:0.29441
INFO|2024-09-25 14:32:57: Epoch[025/100], iter[352/392], loss_total:0.93575, loss_equ:2.68180 loss_pq_vm:0.01945 loss_pq_va:0.22233 loss_pv_va:0.25072
INFO|2024-09-25 14:33:30: Epoch[025/100], iter[392/392], loss_total:1.07293, loss_equ:3.68271 loss_pq_vm:0.01874 loss_pq_va:0.24110 loss_pv_va:0.27616
INFO|2024-09-25 14:34:43: Epoch 24/100, lr:  0.00085502, eta: 8.24h, train_loss:  1.07238, valid_loss:  1.26686
INFO|2024-09-25 14:34:43: 	Train: PQ_Vm_rmse: 0.00128274  PQ_Va_rmse: 0.01266760  PV_Va_rmse: 0.01416330  delta_p: 0.05993094  delta_q: 0.01600946  
INFO|2024-09-25 14:34:43: 	ZTest: PQ_Vm_rmse: 0.00221191  PQ_Va_rmse: 0.01685819  PV_Va_rmse: 0.01868811  delta_p: 0.10178329  delta_q: 0.01830700  
INFO|2024-09-25 14:34:43: 	ZTest-ema: PQ_Vm_rmse: 0.001825  PQ_Va_rmse: 0.015166  PV_Va_rmse: 0.016184  delta_p: 0.042414  delta_q: 0.011092  
INFO|2024-09-25 14:34:43: 	           ValOfEMA:0.016184/0.016184,  Epoch:25/25
INFO|2024-09-25 14:34:44: 	Time(ep):395s,  Val(curr/best):0.018688/0.016562,  Epoch(curr/best):25/14
INFO|2024-09-25 14:34:44: -------------------- Epoch: 26 --------------------
INFO|2024-09-25 14:35:18: Epoch[026/100], iter[040/392], loss_total:1.25946, loss_equ:4.58000 loss_pq_vm:0.01993 loss_pq_va:0.28159 loss_pv_va:0.32057
INFO|2024-09-25 14:35:50: Epoch[026/100], iter[079/392], loss_total:1.20994, loss_equ:3.85655 loss_pq_vm:0.02419 loss_pq_va:0.27368 loss_pv_va:0.30868
INFO|2024-09-25 14:36:21: Epoch[026/100], iter[118/392], loss_total:0.91946, loss_equ:2.78946 loss_pq_vm:0.01662 loss_pq_va:0.22321 loss_pv_va:0.25106
INFO|2024-09-25 14:36:53: Epoch[026/100], iter[157/392], loss_total:0.93867, loss_equ:2.66950 loss_pq_vm:0.01819 loss_pq_va:0.23079 loss_pv_va:0.25902
INFO|2024-09-25 14:37:25: Epoch[026/100], iter[196/392], loss_total:1.15457, loss_equ:3.04377 loss_pq_vm:0.02465 loss_pq_va:0.28430 loss_pv_va:0.31944
INFO|2024-09-25 14:37:56: Epoch[026/100], iter[235/392], loss_total:0.92070, loss_equ:2.68826 loss_pq_vm:0.01777 loss_pq_va:0.22178 loss_pv_va:0.25244
INFO|2024-09-25 14:38:28: Epoch[026/100], iter[274/392], loss_total:0.92811, loss_equ:2.68954 loss_pq_vm:0.01990 loss_pq_va:0.21460 loss_pv_va:0.24558
INFO|2024-09-25 14:39:00: Epoch[026/100], iter[313/392], loss_total:1.06628, loss_equ:2.65498 loss_pq_vm:0.01956 loss_pq_va:0.28424 loss_pv_va:0.32096
INFO|2024-09-25 14:39:32: Epoch[026/100], iter[352/392], loss_total:0.97899, loss_equ:2.62281 loss_pq_vm:0.01785 loss_pq_va:0.25351 loss_pv_va:0.28475
INFO|2024-09-25 14:40:05: Epoch[026/100], iter[392/392], loss_total:1.07464, loss_equ:2.71911 loss_pq_vm:0.02167 loss_pq_va:0.27393 loss_pv_va:0.31214
INFO|2024-09-25 14:41:18: Epoch 25/100, lr:  0.00084385, eta: 8.11h, train_loss:  1.07265, valid_loss:  1.25188
INFO|2024-09-25 14:41:18: 	Train: PQ_Vm_rmse: 0.00123619  PQ_Va_rmse: 0.01246016  PV_Va_rmse: 0.01393315  delta_p: 0.06382376  delta_q: 0.01531589  
INFO|2024-09-25 14:41:18: 	ZTest: PQ_Vm_rmse: 0.00201815  PQ_Va_rmse: 0.02173600  PV_Va_rmse: 0.02405009  delta_p: 0.06116782  delta_q: 0.01622350  
INFO|2024-09-25 14:41:18: 	ZTest-ema: PQ_Vm_rmse: 0.001772  PQ_Va_rmse: 0.014960  PV_Va_rmse: 0.016250  delta_p: 0.053478  delta_q: 0.014619  
INFO|2024-09-25 14:41:18: 	           ValOfEMA:0.016250/0.016184,  Epoch:26/25
INFO|2024-09-25 14:41:19: 	Time(ep):394s,  Val(curr/best):0.024050/0.016562,  Epoch(curr/best):26/14
INFO|2024-09-25 14:41:19: -------------------- Epoch: 27 --------------------
INFO|2024-09-25 14:41:53: Epoch[027/100], iter[040/392], loss_total:1.04445, loss_equ:2.61198 loss_pq_vm:0.02004 loss_pq_va:0.27406 loss_pv_va:0.30879
INFO|2024-09-25 14:42:25: Epoch[027/100], iter[079/392], loss_total:0.94216, loss_equ:2.58257 loss_pq_vm:0.01924 loss_pq_va:0.23056 loss_pv_va:0.26091
INFO|2024-09-25 14:42:57: Epoch[027/100], iter[118/392], loss_total:1.08862, loss_equ:2.69925 loss_pq_vm:0.02060 loss_pq_va:0.28889 loss_pv_va:0.32380
INFO|2024-09-25 14:43:29: Epoch[027/100], iter[157/392], loss_total:0.93189, loss_equ:2.65421 loss_pq_vm:0.01845 loss_pq_va:0.22617 loss_pv_va:0.25580
INFO|2024-09-25 14:44:00: Epoch[027/100], iter[196/392], loss_total:0.92791, loss_equ:2.49310 loss_pq_vm:0.01554 loss_pq_va:0.24438 loss_pv_va:0.27886
INFO|2024-09-25 14:44:32: Epoch[027/100], iter[235/392], loss_total:0.85445, loss_equ:2.47305 loss_pq_vm:0.01494 loss_pq_va:0.21354 loss_pv_va:0.24417
INFO|2024-09-25 14:45:04: Epoch[027/100], iter[274/392], loss_total:0.98350, loss_equ:2.95911 loss_pq_vm:0.01796 loss_pq_va:0.23864 loss_pv_va:0.26938
INFO|2024-09-25 14:45:36: Epoch[027/100], iter[313/392], loss_total:1.36888, loss_equ:4.45420 loss_pq_vm:0.02341 loss_pq_va:0.32598 loss_pv_va:0.36338
INFO|2024-09-25 14:46:07: Epoch[027/100], iter[352/392], loss_total:1.53838, loss_equ:6.35363 loss_pq_vm:0.02367 loss_pq_va:0.30969 loss_pv_va:0.35658
INFO|2024-09-25 14:46:39: Epoch[027/100], iter[392/392], loss_total:1.02368, loss_equ:3.01059 loss_pq_vm:0.01873 loss_pq_va:0.25358 loss_pv_va:0.28170
INFO|2024-09-25 14:47:53: Epoch 26/100, lr:  0.00083235, eta: 8.0h, train_loss:  1.04120, valid_loss:  1.36238
INFO|2024-09-25 14:47:53: 	Train: PQ_Vm_rmse: 0.00115825  PQ_Va_rmse: 0.01149563  PV_Va_rmse: 0.01284466  delta_p: 0.06078681  delta_q: 0.01581878  
INFO|2024-09-25 14:47:53: 	ZTest: PQ_Vm_rmse: 0.00229721  PQ_Va_rmse: 0.02246196  PV_Va_rmse: 0.02430350  delta_p: 0.05961616  delta_q: 0.01420696  
INFO|2024-09-25 14:47:53: 	ZTest-ema: PQ_Vm_rmse: 0.002073  PQ_Va_rmse: 0.017213  PV_Va_rmse: 0.018304  delta_p: 0.034019  delta_q: 0.008949  
INFO|2024-09-25 14:47:53: 	           ValOfEMA:0.018304/0.016184,  Epoch:27/25
INFO|2024-09-25 14:47:53: 	Time(ep):394s,  Val(curr/best):0.024304/0.016562,  Epoch(curr/best):27/14
INFO|2024-09-25 14:47:53: -------------------- Epoch: 28 --------------------
INFO|2024-09-25 14:48:27: Epoch[028/100], iter[040/392], loss_total:0.93712, loss_equ:2.59092 loss_pq_vm:0.01637 loss_pq_va:0.24133 loss_pv_va:0.27304
INFO|2024-09-25 14:48:59: Epoch[028/100], iter[079/392], loss_total:0.84536, loss_equ:2.46244 loss_pq_vm:0.01389 loss_pq_va:0.21632 loss_pv_va:0.24388
INFO|2024-09-25 14:49:31: Epoch[028/100], iter[118/392], loss_total:0.95526, loss_equ:2.63182 loss_pq_vm:0.02110 loss_pq_va:0.22927 loss_pv_va:0.25185
INFO|2024-09-25 14:50:03: Epoch[028/100], iter[157/392], loss_total:0.91729, loss_equ:2.62224 loss_pq_vm:0.01542 loss_pq_va:0.23537 loss_pv_va:0.26547
INFO|2024-09-25 14:50:34: Epoch[028/100], iter[196/392], loss_total:0.97977, loss_equ:2.71477 loss_pq_vm:0.02552 loss_pq_va:0.21306 loss_pv_va:0.23999
INFO|2024-09-25 14:51:06: Epoch[028/100], iter[235/392], loss_total:0.83288, loss_equ:2.55003 loss_pq_vm:0.01533 loss_pq_va:0.19848 loss_pv_va:0.22612
INFO|2024-09-25 14:51:38: Epoch[028/100], iter[274/392], loss_total:1.31478, loss_equ:3.28308 loss_pq_vm:0.02141 loss_pq_va:0.36543 loss_pv_va:0.40691
INFO|2024-09-25 14:52:10: Epoch[028/100], iter[313/392], loss_total:1.05901, loss_equ:3.51305 loss_pq_vm:0.01799 loss_pq_va:0.24426 loss_pv_va:0.28350
INFO|2024-09-25 14:52:41: Epoch[028/100], iter[352/392], loss_total:0.86088, loss_equ:2.61650 loss_pq_vm:0.01519 loss_pq_va:0.20930 loss_pv_va:0.23801
INFO|2024-09-25 14:53:14: Epoch[028/100], iter[392/392], loss_total:0.87562, loss_equ:2.57708 loss_pq_vm:0.01492 loss_pq_va:0.21894 loss_pv_va:0.24977
INFO|2024-09-25 14:54:27: Epoch 27/100, lr:  0.00082052, eta: 7.87h, train_loss:  0.99453, valid_loss:  1.13543
INFO|2024-09-25 14:54:27: 	Train: PQ_Vm_rmse: 0.00100596  PQ_Va_rmse: 0.00970708  PV_Va_rmse: 0.01088573  delta_p: 0.04836973  delta_q: 0.01329822  
INFO|2024-09-25 14:54:27: 	ZTest: PQ_Vm_rmse: 0.00173428  PQ_Va_rmse: 0.01650564  PV_Va_rmse: 0.01818821  delta_p: 0.05118716  delta_q: 0.01307054  
INFO|2024-09-25 14:54:27: 	ZTest-ema: PQ_Vm_rmse: 0.001751  PQ_Va_rmse: 0.014461  PV_Va_rmse: 0.015387  delta_p: 0.039565  delta_q: 0.010017  
INFO|2024-09-25 14:54:27: 	           ValOfEMA:0.015387/0.015387,  Epoch:28/28
INFO|2024-09-25 14:54:27: 	Time(ep):393s,  Val(curr/best):0.018188/0.016562,  Epoch(curr/best):28/14
INFO|2024-09-25 14:54:27: -------------------- Epoch: 29 --------------------
INFO|2024-09-25 14:55:02: Epoch[029/100], iter[040/392], loss_total:0.87053, loss_equ:2.48444 loss_pq_vm:0.01523 loss_pq_va:0.22238 loss_pv_va:0.24745
INFO|2024-09-25 14:55:34: Epoch[029/100], iter[079/392], loss_total:0.82755, loss_equ:2.54782 loss_pq_vm:0.01377 loss_pq_va:0.20551 loss_pv_va:0.22954
INFO|2024-09-25 14:56:06: Epoch[029/100], iter[118/392], loss_total:0.91840, loss_equ:2.69489 loss_pq_vm:0.02044 loss_pq_va:0.20921 loss_pv_va:0.23535
INFO|2024-09-25 14:56:38: Epoch[029/100], iter[157/392], loss_total:0.92120, loss_equ:2.89599 loss_pq_vm:0.01663 loss_pq_va:0.21432 loss_pv_va:0.25101
INFO|2024-09-25 14:57:10: Epoch[029/100], iter[196/392], loss_total:0.94633, loss_equ:2.87233 loss_pq_vm:0.02026 loss_pq_va:0.21518 loss_pv_va:0.24128
INFO|2024-09-25 14:57:41: Epoch[029/100], iter[235/392], loss_total:1.25748, loss_equ:3.36146 loss_pq_vm:0.02112 loss_pq_va:0.33034 loss_pv_va:0.37984
INFO|2024-09-25 14:58:13: Epoch[029/100], iter[274/392], loss_total:1.04269, loss_equ:2.62486 loss_pq_vm:0.01906 loss_pq_va:0.28039 loss_pv_va:0.30918
INFO|2024-09-25 14:58:45: Epoch[029/100], iter[313/392], loss_total:1.01567, loss_equ:2.99749 loss_pq_vm:0.02186 loss_pq_va:0.23071 loss_pv_va:0.26660
INFO|2024-09-25 14:59:17: Epoch[029/100], iter[352/392], loss_total:0.94843, loss_equ:3.11758 loss_pq_vm:0.01688 loss_pq_va:0.21846 loss_pv_va:0.24946
INFO|2024-09-25 14:59:50: Epoch[029/100], iter[392/392], loss_total:1.04594, loss_equ:3.65845 loss_pq_vm:0.01702 loss_pq_va:0.23801 loss_pv_va:0.27189
INFO|2024-09-25 15:01:03: Epoch 28/100, lr:  0.00080839, eta: 7.8h, train_loss:  0.99176, valid_loss:  1.30003
INFO|2024-09-25 15:01:03: 	Train: PQ_Vm_rmse: 0.00099170  PQ_Va_rmse: 0.00969731  PV_Va_rmse: 0.01074072  delta_p: 0.05598910  delta_q: 0.01318633  
INFO|2024-09-25 15:01:03: 	ZTest: PQ_Vm_rmse: 0.00210939  PQ_Va_rmse: 0.01684001  PV_Va_rmse: 0.01851412  delta_p: 0.08562479  delta_q: 0.01639896  
INFO|2024-09-25 15:01:03: 	ZTest-ema: PQ_Vm_rmse: 0.001873  PQ_Va_rmse: 0.014797  PV_Va_rmse: 0.015732  delta_p: 0.039143  delta_q: 0.009733  
INFO|2024-09-25 15:01:03: 	           ValOfEMA:0.015732/0.015387,  Epoch:29/28
INFO|2024-09-25 15:01:03: 	Time(ep):395s,  Val(curr/best):0.018514/0.016562,  Epoch(curr/best):29/14
INFO|2024-09-25 15:01:03: -------------------- Epoch: 30 --------------------
INFO|2024-09-25 15:01:38: Epoch[030/100], iter[040/392], loss_total:0.85109, loss_equ:2.58187 loss_pq_vm:0.01528 loss_pq_va:0.20546 loss_pv_va:0.23464
INFO|2024-09-25 15:02:10: Epoch[030/100], iter[079/392], loss_total:0.85577, loss_equ:2.52568 loss_pq_vm:0.01796 loss_pq_va:0.19808 loss_pv_va:0.22555
INFO|2024-09-25 15:02:42: Epoch[030/100], iter[118/392], loss_total:0.97742, loss_equ:2.70170 loss_pq_vm:0.01730 loss_pq_va:0.24784 loss_pv_va:0.28643
INFO|2024-09-25 15:03:14: Epoch[030/100], iter[157/392], loss_total:0.93682, loss_equ:2.86907 loss_pq_vm:0.01578 loss_pq_va:0.23620 loss_pv_va:0.25590
INFO|2024-09-25 15:03:45: Epoch[030/100], iter[196/392], loss_total:0.97778, loss_equ:2.78582 loss_pq_vm:0.02542 loss_pq_va:0.20898 loss_pv_va:0.23598
INFO|2024-09-25 15:04:17: Epoch[030/100], iter[235/392], loss_total:1.05431, loss_equ:3.09488 loss_pq_vm:0.01980 loss_pq_va:0.25892 loss_pv_va:0.28793
INFO|2024-09-25 15:04:48: Epoch[030/100], iter[274/392], loss_total:0.86208, loss_equ:2.53103 loss_pq_vm:0.01476 loss_pq_va:0.21781 loss_pv_va:0.24353
INFO|2024-09-25 15:05:20: Epoch[030/100], iter[313/392], loss_total:0.88505, loss_equ:2.60258 loss_pq_vm:0.01668 loss_pq_va:0.21403 loss_pv_va:0.24397
INFO|2024-09-25 15:05:52: Epoch[030/100], iter[352/392], loss_total:0.99172, loss_equ:2.66279 loss_pq_vm:0.01657 loss_pq_va:0.26312 loss_pv_va:0.29665
INFO|2024-09-25 15:06:24: Epoch[030/100], iter[392/392], loss_total:0.88007, loss_equ:2.55451 loss_pq_vm:0.01583 loss_pq_va:0.22274 loss_pv_va:0.24355
INFO|2024-09-25 15:07:38: Epoch 29/100, lr:  0.00079595, eta: 7.67h, train_loss:  0.95192, valid_loss:  1.19666
INFO|2024-09-25 15:07:38: 	Train: PQ_Vm_rmse: 0.00095729  PQ_Va_rmse: 0.00934216  PV_Va_rmse: 0.01040022  delta_p: 0.04783545  delta_q: 0.01180217  
INFO|2024-09-25 15:07:38: 	ZTest: PQ_Vm_rmse: 0.00210554  PQ_Va_rmse: 0.01914748  PV_Va_rmse: 0.02119805  delta_p: 0.06301769  delta_q: 0.01671243  
INFO|2024-09-25 15:07:38: 	ZTest-ema: PQ_Vm_rmse: 0.001781  PQ_Va_rmse: 0.013973  PV_Va_rmse: 0.014983  delta_p: 0.041138  delta_q: 0.010776  
INFO|2024-09-25 15:07:38: 	           ValOfEMA:0.014983/0.014983,  Epoch:30/30
INFO|2024-09-25 15:07:38: 	Time(ep):394s,  Val(curr/best):0.021198/0.016562,  Epoch(curr/best):30/14
INFO|2024-09-25 15:07:38: -------------------- Epoch: 31 --------------------
INFO|2024-09-25 15:08:12: Epoch[031/100], iter[040/392], loss_total:1.01653, loss_equ:2.85513 loss_pq_vm:0.01566 loss_pq_va:0.27071 loss_pv_va:0.30366
INFO|2024-09-25 15:08:43: Epoch[031/100], iter[079/392], loss_total:0.84763, loss_equ:2.48902 loss_pq_vm:0.01603 loss_pq_va:0.20677 loss_pv_va:0.23170
INFO|2024-09-25 15:09:15: Epoch[031/100], iter[118/392], loss_total:0.83743, loss_equ:2.48781 loss_pq_vm:0.01522 loss_pq_va:0.20444 loss_pv_va:0.23199
INFO|2024-09-25 15:09:47: Epoch[031/100], iter[157/392], loss_total:0.89581, loss_equ:2.52520 loss_pq_vm:0.01839 loss_pq_va:0.21674 loss_pv_va:0.24265
INFO|2024-09-25 15:10:19: Epoch[031/100], iter[196/392], loss_total:0.90091, loss_equ:2.66042 loss_pq_vm:0.01497 loss_pq_va:0.22660 loss_pv_va:0.25852
INFO|2024-09-25 15:10:51: Epoch[031/100], iter[235/392], loss_total:0.88142, loss_equ:2.70876 loss_pq_vm:0.01498 loss_pq_va:0.21607 loss_pv_va:0.24464
INFO|2024-09-25 15:11:23: Epoch[031/100], iter[274/392], loss_total:0.92005, loss_equ:2.62832 loss_pq_vm:0.01552 loss_pq_va:0.23516 loss_pv_va:0.26689
INFO|2024-09-25 15:11:55: Epoch[031/100], iter[313/392], loss_total:1.22590, loss_equ:3.27727 loss_pq_vm:0.02026 loss_pq_va:0.33062 loss_pv_va:0.36493
INFO|2024-09-25 15:12:27: Epoch[031/100], iter[352/392], loss_total:0.84310, loss_equ:2.67606 loss_pq_vm:0.01553 loss_pq_va:0.19525 loss_pv_va:0.22495
INFO|2024-09-25 15:12:59: Epoch[031/100], iter[392/392], loss_total:1.00559, loss_equ:2.81980 loss_pq_vm:0.01617 loss_pq_va:0.26709 loss_pv_va:0.29482
INFO|2024-09-25 15:14:12: Epoch 30/100, lr:  0.00078323, eta: 7.56h, train_loss:  0.92331, valid_loss:  1.27745
INFO|2024-09-25 15:14:12: 	Train: PQ_Vm_rmse: 0.00078510  PQ_Va_rmse: 0.00854806  PV_Va_rmse: 0.00958361  delta_p: 0.04573144  delta_q: 0.01098023  
INFO|2024-09-25 15:14:12: 	ZTest: PQ_Vm_rmse: 0.00219975  PQ_Va_rmse: 0.02626087  PV_Va_rmse: 0.02943881  delta_p: 0.06449534  delta_q: 0.01440305  
INFO|2024-09-25 15:14:12: 	ZTest-ema: PQ_Vm_rmse: 0.001951  PQ_Va_rmse: 0.014098  PV_Va_rmse: 0.015008  delta_p: 0.036767  delta_q: 0.009412  
INFO|2024-09-25 15:14:12: 	           ValOfEMA:0.015008/0.014983,  Epoch:31/30
INFO|2024-09-25 15:14:13: 	Time(ep):394s,  Val(curr/best):0.029439/0.016562,  Epoch(curr/best):31/14
INFO|2024-09-25 15:14:13: -------------------- Epoch: 32 --------------------
INFO|2024-09-25 15:14:47: Epoch[032/100], iter[040/392], loss_total:0.88316, loss_equ:2.56506 loss_pq_vm:0.01701 loss_pq_va:0.21392 loss_pv_va:0.24262
INFO|2024-09-25 15:15:19: Epoch[032/100], iter[079/392], loss_total:1.08138, loss_equ:3.42163 loss_pq_vm:0.02014 loss_pq_va:0.24382 loss_pv_va:0.29402
INFO|2024-09-25 15:15:51: Epoch[032/100], iter[118/392], loss_total:0.94710, loss_equ:2.93498 loss_pq_vm:0.01975 loss_pq_va:0.21899 loss_pv_va:0.23709
INFO|2024-09-25 15:16:23: Epoch[032/100], iter[157/392], loss_total:0.93965, loss_equ:2.85388 loss_pq_vm:0.01549 loss_pq_va:0.23469 loss_pv_va:0.26470
INFO|2024-09-25 15:16:55: Epoch[032/100], iter[196/392], loss_total:0.85107, loss_equ:2.53181 loss_pq_vm:0.01507 loss_pq_va:0.20950 loss_pv_va:0.23772
INFO|2024-09-25 15:17:27: Epoch[032/100], iter[235/392], loss_total:0.96081, loss_equ:3.10279 loss_pq_vm:0.01724 loss_pq_va:0.22517 loss_pv_va:0.25296
INFO|2024-09-25 15:17:59: Epoch[032/100], iter[274/392], loss_total:0.84700, loss_equ:2.56627 loss_pq_vm:0.01502 loss_pq_va:0.20709 loss_pv_va:0.23305
INFO|2024-09-25 15:18:31: Epoch[032/100], iter[313/392], loss_total:0.95369, loss_equ:2.79457 loss_pq_vm:0.01849 loss_pq_va:0.22894 loss_pv_va:0.26039
INFO|2024-09-25 15:19:03: Epoch[032/100], iter[352/392], loss_total:0.93985, loss_equ:2.47533 loss_pq_vm:0.01703 loss_pq_va:0.24572 loss_pv_va:0.27633
INFO|2024-09-25 15:19:36: Epoch[032/100], iter[392/392], loss_total:0.85299, loss_equ:2.45468 loss_pq_vm:0.01563 loss_pq_va:0.21165 loss_pv_va:0.23962
INFO|2024-09-25 15:20:50: Epoch 31/100, lr:  0.00077023, eta: 7.5h, train_loss:  0.96556, valid_loss:  1.04757
INFO|2024-09-25 15:20:50: 	Train: PQ_Vm_rmse: 0.00092754  PQ_Va_rmse: 0.00979201  PV_Va_rmse: 0.01088838  delta_p: 0.05558408  delta_q: 0.01254067  
INFO|2024-09-25 15:20:50: 	ZTest: PQ_Vm_rmse: 0.00188268  PQ_Va_rmse: 0.01440966  PV_Va_rmse: 0.01549090  delta_p: 0.05119247  delta_q: 0.01406495  
INFO|2024-09-25 15:20:50: 	ZTest-ema: PQ_Vm_rmse: 0.001973  PQ_Va_rmse: 0.014631  PV_Va_rmse: 0.015606  delta_p: 0.042350  delta_q: 0.010981  
INFO|2024-09-25 15:20:50: 	           ValOfEMA:0.015606/0.014983,  Epoch:32/30
INFO|2024-09-25 15:20:50: 	Time(ep):397s,  Val(curr/best):0.015491/0.015491,  Epoch(curr/best):32/32
INFO|2024-09-25 15:20:50: -------------------- Epoch: 33 --------------------
INFO|2024-09-25 15:21:24: Epoch[033/100], iter[040/392], loss_total:0.80087, loss_equ:2.42267 loss_pq_vm:0.01393 loss_pq_va:0.19798 loss_pv_va:0.22130
INFO|2024-09-25 15:21:56: Epoch[033/100], iter[079/392], loss_total:0.84949, loss_equ:2.46829 loss_pq_vm:0.01431 loss_pq_va:0.21669 loss_pv_va:0.24289
INFO|2024-09-25 15:22:28: Epoch[033/100], iter[118/392], loss_total:0.90010, loss_equ:2.48415 loss_pq_vm:0.01478 loss_pq_va:0.23793 loss_pv_va:0.26599
INFO|2024-09-25 15:23:00: Epoch[033/100], iter[157/392], loss_total:0.99485, loss_equ:2.65404 loss_pq_vm:0.01889 loss_pq_va:0.25524 loss_pv_va:0.28529
INFO|2024-09-25 15:23:32: Epoch[033/100], iter[196/392], loss_total:0.80335, loss_equ:2.31674 loss_pq_vm:0.01423 loss_pq_va:0.20282 loss_pv_va:0.22654
INFO|2024-09-25 15:24:04: Epoch[033/100], iter[235/392], loss_total:0.79699, loss_equ:2.43396 loss_pq_vm:0.01358 loss_pq_va:0.19601 loss_pv_va:0.22177
INFO|2024-09-25 15:24:36: Epoch[033/100], iter[274/392], loss_total:0.97083, loss_equ:2.49487 loss_pq_vm:0.01920 loss_pq_va:0.24626 loss_pv_va:0.28306
INFO|2024-09-25 15:25:07: Epoch[033/100], iter[313/392], loss_total:0.85963, loss_equ:2.56402 loss_pq_vm:0.01411 loss_pq_va:0.21888 loss_pv_va:0.24327
INFO|2024-09-25 15:25:39: Epoch[033/100], iter[352/392], loss_total:0.77165, loss_equ:2.30674 loss_pq_vm:0.01363 loss_pq_va:0.18920 loss_pv_va:0.21552
INFO|2024-09-25 15:26:11: Epoch[033/100], iter[392/392], loss_total:0.91508, loss_equ:2.62948 loss_pq_vm:0.02081 loss_pq_va:0.20732 loss_pv_va:0.23670
INFO|2024-09-25 15:27:25: Epoch 32/100, lr:  0.00075698, eta: 7.34h, train_loss:  0.87731, valid_loss:  1.07903
INFO|2024-09-25 15:27:25: 	Train: PQ_Vm_rmse: 0.00082243  PQ_Va_rmse: 0.00792202  PV_Va_rmse: 0.00888062  delta_p: 0.03808424  delta_q: 0.01027236  
INFO|2024-09-25 15:27:25: 	ZTest: PQ_Vm_rmse: 0.00188622  PQ_Va_rmse: 0.01426685  PV_Va_rmse: 0.01523831  delta_p: 0.04694036  delta_q: 0.01283098  
INFO|2024-09-25 15:27:25: 	ZTest-ema: PQ_Vm_rmse: 0.001736  PQ_Va_rmse: 0.013222  PV_Va_rmse: 0.014076  delta_p: 0.035615  delta_q: 0.009608  
INFO|2024-09-25 15:27:25: 	           ValOfEMA:0.014076/0.014076,  Epoch:33/33
INFO|2024-09-25 15:27:26: 	Time(ep):394s,  Val(curr/best):0.015238/0.015238,  Epoch(curr/best):33/33
INFO|2024-09-25 15:27:26: -------------------- Epoch: 34 --------------------
INFO|2024-09-25 15:28:00: Epoch[034/100], iter[040/392], loss_total:0.83079, loss_equ:2.49844 loss_pq_vm:0.01722 loss_pq_va:0.19234 loss_pv_va:0.21638
INFO|2024-09-25 15:28:31: Epoch[034/100], iter[079/392], loss_total:0.84433, loss_equ:2.36843 loss_pq_vm:0.01826 loss_pq_va:0.20114 loss_pv_va:0.22370
INFO|2024-09-25 15:29:03: Epoch[034/100], iter[118/392], loss_total:0.78651, loss_equ:2.44483 loss_pq_vm:0.01360 loss_pq_va:0.19032 loss_pv_va:0.21570
INFO|2024-09-25 15:29:35: Epoch[034/100], iter[157/392], loss_total:0.74978, loss_equ:2.26321 loss_pq_vm:0.01273 loss_pq_va:0.18606 loss_pv_va:0.21005
INFO|2024-09-25 15:30:06: Epoch[034/100], iter[196/392], loss_total:0.86093, loss_equ:2.48818 loss_pq_vm:0.01504 loss_pq_va:0.21638 loss_pv_va:0.24537
INFO|2024-09-25 15:30:38: Epoch[034/100], iter[235/392], loss_total:1.09705, loss_equ:2.74831 loss_pq_vm:0.02076 loss_pq_va:0.28735 loss_pv_va:0.32726
INFO|2024-09-25 15:31:10: Epoch[034/100], iter[274/392], loss_total:0.89314, loss_equ:2.58057 loss_pq_vm:0.01556 loss_pq_va:0.22447 loss_pv_va:0.25500
INFO|2024-09-25 15:31:42: Epoch[034/100], iter[313/392], loss_total:0.80693, loss_equ:2.35415 loss_pq_vm:0.01526 loss_pq_va:0.19643 loss_pv_va:0.22250
INFO|2024-09-25 15:32:14: Epoch[034/100], iter[352/392], loss_total:0.94569, loss_equ:2.59086 loss_pq_vm:0.02104 loss_pq_va:0.22111 loss_pv_va:0.25506
INFO|2024-09-25 15:32:46: Epoch[034/100], iter[392/392], loss_total:0.90971, loss_equ:2.68681 loss_pq_vm:0.01663 loss_pq_va:0.22299 loss_pv_va:0.25179
INFO|2024-09-25 15:33:59: Epoch 33/100, lr:  0.00074347, eta: 7.22h, train_loss:  0.89719, valid_loss:  1.17274
INFO|2024-09-25 15:33:59: 	Train: PQ_Vm_rmse: 0.00085923  PQ_Va_rmse: 0.00844754  PV_Va_rmse: 0.00943415  delta_p: 0.03825048  delta_q: 0.01041456  
INFO|2024-09-25 15:33:59: 	ZTest: PQ_Vm_rmse: 0.00200844  PQ_Va_rmse: 0.01920882  PV_Va_rmse: 0.02124954  delta_p: 0.06469680  delta_q: 0.01557830  
INFO|2024-09-25 15:33:59: 	ZTest-ema: PQ_Vm_rmse: 0.001768  PQ_Va_rmse: 0.013062  PV_Va_rmse: 0.013950  delta_p: 0.033338  delta_q: 0.008761  
INFO|2024-09-25 15:33:59: 	           ValOfEMA:0.013950/0.013950,  Epoch:34/34
INFO|2024-09-25 15:34:00: 	Time(ep):393s,  Val(curr/best):0.021250/0.015238,  Epoch(curr/best):34/33
INFO|2024-09-25 15:34:00: -------------------- Epoch: 35 --------------------
INFO|2024-09-25 15:34:34: Epoch[035/100], iter[040/392], loss_total:1.08037, loss_equ:3.15511 loss_pq_vm:0.01918 loss_pq_va:0.26925 loss_pv_va:0.30384
INFO|2024-09-25 15:35:06: Epoch[035/100], iter[079/392], loss_total:1.00935, loss_equ:2.45773 loss_pq_vm:0.01752 loss_pq_va:0.27787 loss_pv_va:0.31048
INFO|2024-09-25 15:35:38: Epoch[035/100], iter[118/392], loss_total:0.84593, loss_equ:2.58801 loss_pq_vm:0.01455 loss_pq_va:0.20726 loss_pv_va:0.23439
INFO|2024-09-25 15:36:09: Epoch[035/100], iter[157/392], loss_total:0.90967, loss_equ:2.87738 loss_pq_vm:0.01569 loss_pq_va:0.22197 loss_pv_va:0.24301
INFO|2024-09-25 15:36:41: Epoch[035/100], iter[196/392], loss_total:0.82927, loss_equ:2.62102 loss_pq_vm:0.01459 loss_pq_va:0.19882 loss_pv_va:0.22247
INFO|2024-09-25 15:37:13: Epoch[035/100], iter[235/392], loss_total:1.04947, loss_equ:2.86170 loss_pq_vm:0.01772 loss_pq_va:0.27072 loss_pv_va:0.31537
INFO|2024-09-25 15:37:45: Epoch[035/100], iter[274/392], loss_total:0.77169, loss_equ:2.41160 loss_pq_vm:0.01362 loss_pq_va:0.18512 loss_pv_va:0.20916
INFO|2024-09-25 15:38:16: Epoch[035/100], iter[313/392], loss_total:0.93566, loss_equ:2.72862 loss_pq_vm:0.01992 loss_pq_va:0.21803 loss_pv_va:0.24560
INFO|2024-09-25 15:38:48: Epoch[035/100], iter[352/392], loss_total:0.82169, loss_equ:2.50020 loss_pq_vm:0.01541 loss_pq_va:0.19575 loss_pv_va:0.22180
INFO|2024-09-25 15:39:21: Epoch[035/100], iter[392/392], loss_total:1.14403, loss_equ:3.01050 loss_pq_vm:0.01717 loss_pq_va:0.30699 loss_pv_va:0.36427
INFO|2024-09-25 15:40:34: Epoch 34/100, lr:  0.00072973, eta: 7.12h, train_loss:  0.93191, valid_loss:  1.25585
INFO|2024-09-25 15:40:34: 	Train: PQ_Vm_rmse: 0.00091169  PQ_Va_rmse: 0.00881194  PV_Va_rmse: 0.00988448  delta_p: 0.04952225  delta_q: 0.01179850  
INFO|2024-09-25 15:40:34: 	ZTest: PQ_Vm_rmse: 0.00260027  PQ_Va_rmse: 0.02136668  PV_Va_rmse: 0.02370883  delta_p: 0.07936481  delta_q: 0.02163761  
INFO|2024-09-25 15:40:34: 	ZTest-ema: PQ_Vm_rmse: 0.001956  PQ_Va_rmse: 0.013955  PV_Va_rmse: 0.014844  delta_p: 0.036522  delta_q: 0.009181  
INFO|2024-09-25 15:40:34: 	           ValOfEMA:0.014844/0.013950,  Epoch:35/34
INFO|2024-09-25 15:40:35: 	Time(ep):394s,  Val(curr/best):0.023709/0.015238,  Epoch(curr/best):35/33
INFO|2024-09-25 15:40:35: -------------------- Epoch: 36 --------------------
INFO|2024-09-25 15:41:09: Epoch[036/100], iter[040/392], loss_total:0.96702, loss_equ:2.60141 loss_pq_vm:0.02106 loss_pq_va:0.22943 loss_pv_va:0.26680
INFO|2024-09-25 15:41:41: Epoch[036/100], iter[079/392], loss_total:1.38725, loss_equ:2.95264 loss_pq_vm:0.03136 loss_pq_va:0.36539 loss_pv_va:0.41299
INFO|2024-09-25 15:42:13: Epoch[036/100], iter[118/392], loss_total:0.84376, loss_equ:2.47310 loss_pq_vm:0.01598 loss_pq_va:0.20492 loss_pv_va:0.23173
INFO|2024-09-25 15:42:45: Epoch[036/100], iter[157/392], loss_total:0.82694, loss_equ:2.35905 loss_pq_vm:0.01446 loss_pq_va:0.20814 loss_pv_va:0.23825
INFO|2024-09-25 15:43:17: Epoch[036/100], iter[196/392], loss_total:0.84084, loss_equ:2.34968 loss_pq_vm:0.01386 loss_pq_va:0.21898 loss_pv_va:0.24829
INFO|2024-09-25 15:43:48: Epoch[036/100], iter[235/392], loss_total:0.84029, loss_equ:2.44602 loss_pq_vm:0.01588 loss_pq_va:0.20457 loss_pv_va:0.23229
INFO|2024-09-25 15:44:20: Epoch[036/100], iter[274/392], loss_total:0.81101, loss_equ:2.41837 loss_pq_vm:0.01385 loss_pq_va:0.20076 loss_pv_va:0.22992
INFO|2024-09-25 15:44:52: Epoch[036/100], iter[313/392], loss_total:1.03091, loss_equ:2.94726 loss_pq_vm:0.01845 loss_pq_va:0.25540 loss_pv_va:0.29630
INFO|2024-09-25 15:45:24: Epoch[036/100], iter[352/392], loss_total:0.80474, loss_equ:2.42325 loss_pq_vm:0.01384 loss_pq_va:0.19736 loss_pv_va:0.22666
INFO|2024-09-25 15:45:57: Epoch[036/100], iter[392/392], loss_total:0.83551, loss_equ:2.46881 loss_pq_vm:0.01405 loss_pq_va:0.21052 loss_pv_va:0.23765
INFO|2024-09-25 15:47:11: Epoch 35/100, lr:  0.00071576, eta: 7.05h, train_loss:  0.88477, valid_loss:  1.04694
INFO|2024-09-25 15:47:11: 	Train: PQ_Vm_rmse: 0.00085632  PQ_Va_rmse: 0.00847285  PV_Va_rmse: 0.00954270  delta_p: 0.04171064  delta_q: 0.00988030  
INFO|2024-09-25 15:47:11: 	ZTest: PQ_Vm_rmse: 0.00216253  PQ_Va_rmse: 0.01467694  PV_Va_rmse: 0.01558359  delta_p: 0.05005388  delta_q: 0.01312364  
INFO|2024-09-25 15:47:11: 	ZTest-ema: PQ_Vm_rmse: 0.001846  PQ_Va_rmse: 0.013687  PV_Va_rmse: 0.014583  delta_p: 0.036518  delta_q: 0.008845  
INFO|2024-09-25 15:47:11: 	           ValOfEMA:0.014583/0.013950,  Epoch:36/34
INFO|2024-09-25 15:47:12: 	Time(ep):396s,  Val(curr/best):0.015584/0.015238,  Epoch(curr/best):36/33
INFO|2024-09-25 15:47:12: -------------------- Epoch: 37 --------------------
INFO|2024-09-25 15:47:45: Epoch[037/100], iter[040/392], loss_total:1.26215, loss_equ:3.87185 loss_pq_vm:0.02735 loss_pq_va:0.28229 loss_pv_va:0.31922
INFO|2024-09-25 15:48:17: Epoch[037/100], iter[079/392], loss_total:1.02584, loss_equ:2.71435 loss_pq_vm:0.02048 loss_pq_va:0.25727 loss_pv_va:0.29233
INFO|2024-09-25 15:48:49: Epoch[037/100], iter[118/392], loss_total:0.86864, loss_equ:2.41462 loss_pq_vm:0.01579 loss_pq_va:0.21983 loss_pv_va:0.24947
INFO|2024-09-25 15:49:21: Epoch[037/100], iter[157/392], loss_total:0.88175, loss_equ:2.40292 loss_pq_vm:0.01496 loss_pq_va:0.23130 loss_pv_va:0.26057
INFO|2024-09-25 15:49:53: Epoch[037/100], iter[196/392], loss_total:0.79748, loss_equ:2.43409 loss_pq_vm:0.01473 loss_pq_va:0.18910 loss_pv_va:0.21764
INFO|2024-09-25 15:50:25: Epoch[037/100], iter[235/392], loss_total:0.97113, loss_equ:2.48228 loss_pq_vm:0.02206 loss_pq_va:0.23537 loss_pv_va:0.26693
INFO|2024-09-25 15:50:57: Epoch[037/100], iter[274/392], loss_total:0.78670, loss_equ:2.28881 loss_pq_vm:0.01485 loss_pq_va:0.19221 loss_pv_va:0.21711
INFO|2024-09-25 15:51:29: Epoch[037/100], iter[313/392], loss_total:0.89341, loss_equ:2.36392 loss_pq_vm:0.01689 loss_pq_va:0.23014 loss_pv_va:0.25801
INFO|2024-09-25 15:52:01: Epoch[037/100], iter[352/392], loss_total:0.89732, loss_equ:2.35673 loss_pq_vm:0.01515 loss_pq_va:0.23775 loss_pv_va:0.27237
INFO|2024-09-25 15:52:34: Epoch[037/100], iter[392/392], loss_total:0.90351, loss_equ:2.36118 loss_pq_vm:0.01623 loss_pq_va:0.23593 loss_pv_va:0.26915
INFO|2024-09-25 15:53:48: Epoch 36/100, lr:  0.00070159, eta: 6.93h, train_loss:  0.90924, valid_loss:  1.08712
INFO|2024-09-25 15:53:48: 	Train: PQ_Vm_rmse: 0.00094300  PQ_Va_rmse: 0.00957763  PV_Va_rmse: 0.01073030  delta_p: 0.03957867  delta_q: 0.01085935  
INFO|2024-09-25 15:53:48: 	ZTest: PQ_Vm_rmse: 0.00220827  PQ_Va_rmse: 0.01879025  PV_Va_rmse: 0.02051930  delta_p: 0.05609398  delta_q: 0.01743597  
INFO|2024-09-25 15:53:48: 	ZTest-ema: PQ_Vm_rmse: 0.001875  PQ_Va_rmse: 0.013747  PV_Va_rmse: 0.014686  delta_p: 0.037098  delta_q: 0.010002  
INFO|2024-09-25 15:53:48: 	           ValOfEMA:0.014686/0.013950,  Epoch:37/34
INFO|2024-09-25 15:53:48: 	Time(ep):395s,  Val(curr/best):0.020519/0.015238,  Epoch(curr/best):37/33
INFO|2024-09-25 15:53:48: -------------------- Epoch: 38 --------------------
INFO|2024-09-25 15:54:22: Epoch[038/100], iter[040/392], loss_total:0.95798, loss_equ:2.79251 loss_pq_vm:0.01666 loss_pq_va:0.24014 loss_pv_va:0.27198
INFO|2024-09-25 15:54:54: Epoch[038/100], iter[079/392], loss_total:0.80076, loss_equ:2.29794 loss_pq_vm:0.01365 loss_pq_va:0.20409 loss_pv_va:0.23041
INFO|2024-09-25 15:55:26: Epoch[038/100], iter[118/392], loss_total:0.77414, loss_equ:2.23916 loss_pq_vm:0.01516 loss_pq_va:0.18593 loss_pv_va:0.21267
INFO|2024-09-25 15:55:57: Epoch[038/100], iter[157/392], loss_total:0.79802, loss_equ:2.32765 loss_pq_vm:0.01658 loss_pq_va:0.18702 loss_pv_va:0.21240
INFO|2024-09-25 15:56:29: Epoch[038/100], iter[196/392], loss_total:0.85284, loss_equ:2.53371 loss_pq_vm:0.01486 loss_pq_va:0.21045 loss_pv_va:0.24039
INFO|2024-09-25 15:57:01: Epoch[038/100], iter[235/392], loss_total:1.00830, loss_equ:2.98698 loss_pq_vm:0.01945 loss_pq_va:0.24177 loss_pv_va:0.27328
INFO|2024-09-25 15:57:33: Epoch[038/100], iter[274/392], loss_total:0.96454, loss_equ:2.45721 loss_pq_vm:0.01893 loss_pq_va:0.25049 loss_pv_va:0.27904
INFO|2024-09-25 15:58:05: Epoch[038/100], iter[313/392], loss_total:0.89551, loss_equ:2.44811 loss_pq_vm:0.01465 loss_pq_va:0.23475 loss_pv_va:0.26945
INFO|2024-09-25 15:58:36: Epoch[038/100], iter[352/392], loss_total:0.94480, loss_equ:3.03349 loss_pq_vm:0.01744 loss_pq_va:0.21628 loss_pv_va:0.25076
INFO|2024-09-25 15:59:09: Epoch[038/100], iter[392/392], loss_total:0.86030, loss_equ:2.45471 loss_pq_vm:0.01413 loss_pq_va:0.22127 loss_pv_va:0.25228
INFO|2024-09-25 16:00:22: Epoch 37/100, lr:  0.00068722, eta: 6.79h, train_loss:  0.91342, valid_loss:  1.04811
INFO|2024-09-25 16:00:22: 	Train: PQ_Vm_rmse: 0.00094466  PQ_Va_rmse: 0.00922226  PV_Va_rmse: 0.01025961  delta_p: 0.04281763  delta_q: 0.01155451  
INFO|2024-09-25 16:00:22: 	ZTest: PQ_Vm_rmse: 0.00193739  PQ_Va_rmse: 0.01495828  PV_Va_rmse: 0.01605847  delta_p: 0.04752068  delta_q: 0.01328828  
INFO|2024-09-25 16:00:22: 	ZTest-ema: PQ_Vm_rmse: 0.002050  PQ_Va_rmse: 0.014950  PV_Va_rmse: 0.015859  delta_p: 0.034633  delta_q: 0.009268  
INFO|2024-09-25 16:00:22: 	           ValOfEMA:0.015859/0.013950,  Epoch:38/34
INFO|2024-09-25 16:00:22: 	Time(ep):394s,  Val(curr/best):0.016058/0.015238,  Epoch(curr/best):38/33
INFO|2024-09-25 16:00:22: -------------------- Epoch: 39 --------------------
INFO|2024-09-25 16:00:56: Epoch[039/100], iter[040/392], loss_total:0.86283, loss_equ:2.26136 loss_pq_vm:0.01539 loss_pq_va:0.22883 loss_pv_va:0.25393
INFO|2024-09-25 16:01:28: Epoch[039/100], iter[079/392], loss_total:0.84194, loss_equ:2.23606 loss_pq_vm:0.01336 loss_pq_va:0.22800 loss_pv_va:0.25672
INFO|2024-09-25 16:02:00: Epoch[039/100], iter[118/392], loss_total:0.91519, loss_equ:2.32177 loss_pq_vm:0.01556 loss_pq_va:0.24831 loss_pv_va:0.27915
INFO|2024-09-25 16:02:31: Epoch[039/100], iter[157/392], loss_total:0.75114, loss_equ:2.17892 loss_pq_vm:0.01277 loss_pq_va:0.18937 loss_pv_va:0.21613
INFO|2024-09-25 16:03:03: Epoch[039/100], iter[196/392], loss_total:0.83458, loss_equ:2.26109 loss_pq_vm:0.01616 loss_pq_va:0.20872 loss_pv_va:0.23819
INFO|2024-09-25 16:03:34: Epoch[039/100], iter[235/392], loss_total:0.89876, loss_equ:2.48297 loss_pq_vm:0.01864 loss_pq_va:0.21607 loss_pv_va:0.24797
INFO|2024-09-25 16:04:06: Epoch[039/100], iter[274/392], loss_total:1.01846, loss_equ:2.90940 loss_pq_vm:0.02259 loss_pq_va:0.23216 loss_pv_va:0.26945
INFO|2024-09-25 16:04:38: Epoch[039/100], iter[313/392], loss_total:1.06566, loss_equ:2.74875 loss_pq_vm:0.01636 loss_pq_va:0.29155 loss_pv_va:0.33563
INFO|2024-09-25 16:05:10: Epoch[039/100], iter[352/392], loss_total:0.90610, loss_equ:2.36992 loss_pq_vm:0.01677 loss_pq_va:0.23807 loss_pv_va:0.26333
INFO|2024-09-25 16:05:42: Epoch[039/100], iter[392/392], loss_total:0.82289, loss_equ:2.24884 loss_pq_vm:0.01456 loss_pq_va:0.21250 loss_pv_va:0.23986
INFO|2024-09-25 16:06:56: Epoch 38/100, lr:  0.00067268, eta: 6.66h, train_loss:  0.86131, valid_loss:  1.01097
INFO|2024-09-25 16:06:56: 	Train: PQ_Vm_rmse: 0.00083656  PQ_Va_rmse: 0.00846521  PV_Va_rmse: 0.00946581  delta_p: 0.03298389  delta_q: 0.00933647  
INFO|2024-09-25 16:06:56: 	ZTest: PQ_Vm_rmse: 0.00179358  PQ_Va_rmse: 0.01472264  PV_Va_rmse: 0.01600938  delta_p: 0.04085634  delta_q: 0.01041712  
INFO|2024-09-25 16:06:56: 	ZTest-ema: PQ_Vm_rmse: 0.001832  PQ_Va_rmse: 0.014230  PV_Va_rmse: 0.015202  delta_p: 0.037210  delta_q: 0.009848  
INFO|2024-09-25 16:06:56: 	           ValOfEMA:0.015202/0.013950,  Epoch:39/34
INFO|2024-09-25 16:06:56: 	Time(ep):393s,  Val(curr/best):0.016009/0.015238,  Epoch(curr/best):39/33
INFO|2024-09-25 16:06:56: -------------------- Epoch: 40 --------------------
INFO|2024-09-25 16:07:30: Epoch[040/100], iter[040/392], loss_total:0.79855, loss_equ:2.29895 loss_pq_vm:0.01591 loss_pq_va:0.19062 loss_pv_va:0.21895
INFO|2024-09-25 16:08:02: Epoch[040/100], iter[079/392], loss_total:0.76746, loss_equ:2.23816 loss_pq_vm:0.01358 loss_pq_va:0.19210 loss_pv_va:0.21572
INFO|2024-09-25 16:08:34: Epoch[040/100], iter[118/392], loss_total:0.81800, loss_equ:2.31776 loss_pq_vm:0.01471 loss_pq_va:0.20546 loss_pv_va:0.23362
INFO|2024-09-25 16:09:06: Epoch[040/100], iter[157/392], loss_total:0.78087, loss_equ:2.52056 loss_pq_vm:0.01256 loss_pq_va:0.19007 loss_pv_va:0.21310
INFO|2024-09-25 16:09:38: Epoch[040/100], iter[196/392], loss_total:0.95952, loss_equ:2.36713 loss_pq_vm:0.01640 loss_pq_va:0.26477 loss_pv_va:0.29399
INFO|2024-09-25 16:10:10: Epoch[040/100], iter[235/392], loss_total:0.78495, loss_equ:2.18604 loss_pq_vm:0.01413 loss_pq_va:0.20003 loss_pv_va:0.22506
INFO|2024-09-25 16:10:41: Epoch[040/100], iter[274/392], loss_total:0.74195, loss_equ:2.18048 loss_pq_vm:0.01476 loss_pq_va:0.17556 loss_pv_va:0.20073
INFO|2024-09-25 16:11:13: Epoch[040/100], iter[313/392], loss_total:0.91063, loss_equ:2.78043 loss_pq_vm:0.01578 loss_pq_va:0.22242 loss_pv_va:0.25235
INFO|2024-09-25 16:11:45: Epoch[040/100], iter[352/392], loss_total:0.93009, loss_equ:2.69813 loss_pq_vm:0.01765 loss_pq_va:0.22555 loss_pv_va:0.25827
INFO|2024-09-25 16:12:18: Epoch[040/100], iter[392/392], loss_total:0.81097, loss_equ:2.44696 loss_pq_vm:0.01481 loss_pq_va:0.19570 loss_pv_va:0.22247
INFO|2024-09-25 16:13:31: Epoch 39/100, lr:  0.00065796, eta: 6.59h, train_loss:  0.85186, valid_loss:  1.05985
INFO|2024-09-25 16:13:31: 	Train: PQ_Vm_rmse: 0.00079348  PQ_Va_rmse: 0.00749166  PV_Va_rmse: 0.00838104  delta_p: 0.03628256  delta_q: 0.00949156  
INFO|2024-09-25 16:13:31: 	ZTest: PQ_Vm_rmse: 0.00180282  PQ_Va_rmse: 0.01425741  PV_Va_rmse: 0.01558065  delta_p: 0.04542305  delta_q: 0.01144370  
INFO|2024-09-25 16:13:31: 	ZTest-ema: PQ_Vm_rmse: 0.001833  PQ_Va_rmse: 0.014495  PV_Va_rmse: 0.015384  delta_p: 0.030815  delta_q: 0.008230  
INFO|2024-09-25 16:13:31: 	           ValOfEMA:0.015384/0.013950,  Epoch:40/34
INFO|2024-09-25 16:13:32: 	Time(ep):395s,  Val(curr/best):0.015581/0.015238,  Epoch(curr/best):40/33
INFO|2024-09-25 16:13:32: -------------------- Epoch: 41 --------------------
INFO|2024-09-25 16:14:06: Epoch[041/100], iter[040/392], loss_total:0.80896, loss_equ:2.27937 loss_pq_vm:0.01473 loss_pq_va:0.20507 loss_pv_va:0.22861
INFO|2024-09-25 16:14:38: Epoch[041/100], iter[079/392], loss_total:0.71009, loss_equ:2.15302 loss_pq_vm:0.01243 loss_pq_va:0.17390 loss_pv_va:0.19663
INFO|2024-09-25 16:15:10: Epoch[041/100], iter[118/392], loss_total:1.03781, loss_equ:3.44128 loss_pq_vm:0.02121 loss_pq_va:0.22487 loss_pv_va:0.25666
INFO|2024-09-25 16:15:42: Epoch[041/100], iter[157/392], loss_total:0.93649, loss_equ:2.91317 loss_pq_vm:0.01432 loss_pq_va:0.23312 loss_pv_va:0.26886
INFO|2024-09-25 16:16:13: Epoch[041/100], iter[196/392], loss_total:0.83211, loss_equ:2.55550 loss_pq_vm:0.01270 loss_pq_va:0.21446 loss_pv_va:0.23514
INFO|2024-09-25 16:16:45: Epoch[041/100], iter[235/392], loss_total:0.77586, loss_equ:2.32022 loss_pq_vm:0.01402 loss_pq_va:0.18828 loss_pv_va:0.21540
INFO|2024-09-25 16:17:17: Epoch[041/100], iter[274/392], loss_total:0.81953, loss_equ:2.38897 loss_pq_vm:0.01614 loss_pq_va:0.19692 loss_pv_va:0.22229
INFO|2024-09-25 16:17:48: Epoch[041/100], iter[313/392], loss_total:0.84480, loss_equ:2.33520 loss_pq_vm:0.01708 loss_pq_va:0.20674 loss_pv_va:0.23377
INFO|2024-09-25 16:18:20: Epoch[041/100], iter[352/392], loss_total:0.79893, loss_equ:2.24539 loss_pq_vm:0.01432 loss_pq_va:0.20193 loss_pv_va:0.22930
INFO|2024-09-25 16:18:53: Epoch[041/100], iter[392/392], loss_total:0.72009, loss_equ:2.18274 loss_pq_vm:0.01294 loss_pq_va:0.17337 loss_pv_va:0.19901
INFO|2024-09-25 16:20:06: Epoch 40/100, lr:  0.00064310, eta: 6.46h, train_loss:  0.82041, valid_loss:  0.98797
INFO|2024-09-25 16:20:06: 	Train: PQ_Vm_rmse: 0.00064245  PQ_Va_rmse: 0.00637233  PV_Va_rmse: 0.00709453  delta_p: 0.03154229  delta_q: 0.00822166  
INFO|2024-09-25 16:20:06: 	ZTest: PQ_Vm_rmse: 0.00181048  PQ_Va_rmse: 0.01488619  PV_Va_rmse: 0.01615328  delta_p: 0.04002514  delta_q: 0.01044051  
INFO|2024-09-25 16:20:06: 	ZTest-ema: PQ_Vm_rmse: 0.001821  PQ_Va_rmse: 0.013643  PV_Va_rmse: 0.014479  delta_p: 0.032934  delta_q: 0.008647  
INFO|2024-09-25 16:20:06: 	           ValOfEMA:0.014479/0.013950,  Epoch:41/34
INFO|2024-09-25 16:20:06: 	Time(ep):394s,  Val(curr/best):0.016153/0.015238,  Epoch(curr/best):41/33
INFO|2024-09-25 16:20:06: -------------------- Epoch: 42 --------------------
INFO|2024-09-25 16:20:41: Epoch[042/100], iter[040/392], loss_total:0.78629, loss_equ:2.32442 loss_pq_vm:0.01456 loss_pq_va:0.19066 loss_pv_va:0.21762
INFO|2024-09-25 16:21:13: Epoch[042/100], iter[079/392], loss_total:0.77224, loss_equ:2.28964 loss_pq_vm:0.01333 loss_pq_va:0.19112 loss_pv_va:0.21887
INFO|2024-09-25 16:21:45: Epoch[042/100], iter[118/392], loss_total:1.01843, loss_equ:2.83541 loss_pq_vm:0.02046 loss_pq_va:0.24754 loss_pv_va:0.28279
INFO|2024-09-25 16:22:17: Epoch[042/100], iter[157/392], loss_total:0.81320, loss_equ:2.26089 loss_pq_vm:0.01545 loss_pq_va:0.20245 loss_pv_va:0.23016
INFO|2024-09-25 16:22:49: Epoch[042/100], iter[196/392], loss_total:0.72383, loss_equ:2.12528 loss_pq_vm:0.01294 loss_pq_va:0.17882 loss_pv_va:0.20312
INFO|2024-09-25 16:23:21: Epoch[042/100], iter[235/392], loss_total:1.06951, loss_equ:2.82011 loss_pq_vm:0.01656 loss_pq_va:0.29279 loss_pv_va:0.32916
INFO|2024-09-25 16:23:53: Epoch[042/100], iter[274/392], loss_total:0.78697, loss_equ:2.31115 loss_pq_vm:0.01235 loss_pq_va:0.20291 loss_pv_va:0.22941
INFO|2024-09-25 16:24:25: Epoch[042/100], iter[313/392], loss_total:0.82371, loss_equ:2.40846 loss_pq_vm:0.01439 loss_pq_va:0.20522 loss_pv_va:0.23378
INFO|2024-09-25 16:24:56: Epoch[042/100], iter[352/392], loss_total:0.77575, loss_equ:2.31097 loss_pq_vm:0.01414 loss_pq_va:0.18941 loss_pv_va:0.21379
INFO|2024-09-25 16:25:29: Epoch[042/100], iter[392/392], loss_total:0.73662, loss_equ:2.18159 loss_pq_vm:0.01318 loss_pq_va:0.18165 loss_pv_va:0.20503
INFO|2024-09-25 16:26:43: Epoch 41/100, lr:  0.00062810, eta: 6.38h, train_loss:  0.83620, valid_loss:  0.96106
INFO|2024-09-25 16:26:43: 	Train: PQ_Vm_rmse: 0.00075052  PQ_Va_rmse: 0.00745744  PV_Va_rmse: 0.00829007  delta_p: 0.03649046  delta_q: 0.00912156  
INFO|2024-09-25 16:26:43: 	ZTest: PQ_Vm_rmse: 0.00167013  PQ_Va_rmse: 0.01363546  PV_Va_rmse: 0.01468014  delta_p: 0.03547814  delta_q: 0.00961069  
INFO|2024-09-25 16:26:43: 	ZTest-ema: PQ_Vm_rmse: 0.001704  PQ_Va_rmse: 0.013297  PV_Va_rmse: 0.014164  delta_p: 0.030114  delta_q: 0.007919  
INFO|2024-09-25 16:26:43: 	           ValOfEMA:0.014164/0.013950,  Epoch:42/34
INFO|2024-09-25 16:26:43: 	Time(ep):396s,  Val(curr/best):0.014680/0.014680,  Epoch(curr/best):42/42
INFO|2024-09-25 16:26:43: -------------------- Epoch: 43 --------------------
INFO|2024-09-25 16:27:17: Epoch[043/100], iter[040/392], loss_total:0.91696, loss_equ:2.31572 loss_pq_vm:0.01608 loss_pq_va:0.24515 loss_pv_va:0.27943
INFO|2024-09-25 16:27:49: Epoch[043/100], iter[079/392], loss_total:0.74053, loss_equ:2.22204 loss_pq_vm:0.01298 loss_pq_va:0.18229 loss_pv_va:0.20626
INFO|2024-09-25 16:28:21: Epoch[043/100], iter[118/392], loss_total:0.72095, loss_equ:2.23206 loss_pq_vm:0.01218 loss_pq_va:0.17754 loss_pv_va:0.19844
INFO|2024-09-25 16:28:52: Epoch[043/100], iter[157/392], loss_total:0.78768, loss_equ:2.22786 loss_pq_vm:0.01385 loss_pq_va:0.20026 loss_pv_va:0.22609
INFO|2024-09-25 16:29:24: Epoch[043/100], iter[196/392], loss_total:0.77656, loss_equ:2.26367 loss_pq_vm:0.01341 loss_pq_va:0.19453 loss_pv_va:0.22157
INFO|2024-09-25 16:29:56: Epoch[043/100], iter[235/392], loss_total:0.71776, loss_equ:2.19758 loss_pq_vm:0.01244 loss_pq_va:0.17340 loss_pv_va:0.20022
INFO|2024-09-25 16:30:28: Epoch[043/100], iter[274/392], loss_total:0.74879, loss_equ:2.16470 loss_pq_vm:0.01305 loss_pq_va:0.18834 loss_pv_va:0.21351
INFO|2024-09-25 16:31:00: Epoch[043/100], iter[313/392], loss_total:0.74013, loss_equ:2.18870 loss_pq_vm:0.01365 loss_pq_va:0.17938 loss_pv_va:0.20534
INFO|2024-09-25 16:31:32: Epoch[043/100], iter[352/392], loss_total:0.81353, loss_equ:2.31915 loss_pq_vm:0.01233 loss_pq_va:0.21194 loss_pv_va:0.24637
INFO|2024-09-25 16:32:05: Epoch[043/100], iter[392/392], loss_total:0.90664, loss_equ:2.56805 loss_pq_vm:0.01584 loss_pq_va:0.22662 loss_pv_va:0.26480
INFO|2024-09-25 16:33:18: Epoch 42/100, lr:  0.00061298, eta: 6.25h, train_loss:  0.77913, valid_loss:  0.98689
INFO|2024-09-25 16:33:18: 	Train: PQ_Vm_rmse: 0.00061556  PQ_Va_rmse: 0.00626653  PV_Va_rmse: 0.00703423  delta_p: 0.02756440  delta_q: 0.00717330  
INFO|2024-09-25 16:33:18: 	ZTest: PQ_Vm_rmse: 0.00185379  PQ_Va_rmse: 0.01373311  PV_Va_rmse: 0.01527739  delta_p: 0.06312949  delta_q: 0.00940003  
INFO|2024-09-25 16:33:18: 	ZTest-ema: PQ_Vm_rmse: 0.001817  PQ_Va_rmse: 0.013722  PV_Va_rmse: 0.014617  delta_p: 0.030329  delta_q: 0.007592  
INFO|2024-09-25 16:33:18: 	           ValOfEMA:0.014617/0.013950,  Epoch:43/34
INFO|2024-09-25 16:33:18: 	Time(ep):394s,  Val(curr/best):0.015277/0.014680,  Epoch(curr/best):43/42
INFO|2024-09-25 16:33:18: -------------------- Epoch: 44 --------------------
INFO|2024-09-25 16:33:52: Epoch[044/100], iter[040/392], loss_total:0.78459, loss_equ:2.47204 loss_pq_vm:0.01500 loss_pq_va:0.17938 loss_pv_va:0.20803
INFO|2024-09-25 16:34:24: Epoch[044/100], iter[079/392], loss_total:0.79125, loss_equ:2.23392 loss_pq_vm:0.01407 loss_pq_va:0.20386 loss_pv_va:0.22334
INFO|2024-09-25 16:34:56: Epoch[044/100], iter[118/392], loss_total:0.70794, loss_equ:2.18587 loss_pq_vm:0.01140 loss_pq_va:0.17574 loss_pv_va:0.19965
INFO|2024-09-25 16:35:28: Epoch[044/100], iter[157/392], loss_total:0.72646, loss_equ:2.10543 loss_pq_vm:0.01319 loss_pq_va:0.18074 loss_pv_va:0.20330
INFO|2024-09-25 16:36:00: Epoch[044/100], iter[196/392], loss_total:0.92272, loss_equ:2.89420 loss_pq_vm:0.01646 loss_pq_va:0.21450 loss_pv_va:0.25421
INFO|2024-09-25 16:36:32: Epoch[044/100], iter[235/392], loss_total:0.83286, loss_equ:2.61180 loss_pq_vm:0.01506 loss_pq_va:0.19536 loss_pv_va:0.22575
INFO|2024-09-25 16:37:04: Epoch[044/100], iter[274/392], loss_total:0.74931, loss_equ:2.25432 loss_pq_vm:0.01364 loss_pq_va:0.18230 loss_pv_va:0.20517
INFO|2024-09-25 16:37:35: Epoch[044/100], iter[313/392], loss_total:0.81903, loss_equ:2.19998 loss_pq_vm:0.01259 loss_pq_va:0.22133 loss_pv_va:0.25183
INFO|2024-09-25 16:38:07: Epoch[044/100], iter[352/392], loss_total:0.73944, loss_equ:2.20197 loss_pq_vm:0.01278 loss_pq_va:0.18227 loss_pv_va:0.20922
INFO|2024-09-25 16:38:40: Epoch[044/100], iter[392/392], loss_total:0.73166, loss_equ:2.33467 loss_pq_vm:0.01283 loss_pq_va:0.17275 loss_pv_va:0.19719
INFO|2024-09-25 16:39:53: Epoch 43/100, lr:  0.00059775, eta: 6.14h, train_loss:  0.81531, valid_loss:  0.97283
INFO|2024-09-25 16:39:53: 	Train: PQ_Vm_rmse: 0.00065784  PQ_Va_rmse: 0.00687325  PV_Va_rmse: 0.00767747  delta_p: 0.03395077  delta_q: 0.00821688  
INFO|2024-09-25 16:39:53: 	ZTest: PQ_Vm_rmse: 0.00167158  PQ_Va_rmse: 0.01332671  PV_Va_rmse: 0.01438878  delta_p: 0.03965675  delta_q: 0.01173337  
INFO|2024-09-25 16:39:53: 	ZTest-ema: PQ_Vm_rmse: 0.001811  PQ_Va_rmse: 0.013252  PV_Va_rmse: 0.014062  delta_p: 0.029977  delta_q: 0.007883  
INFO|2024-09-25 16:39:53: 	           ValOfEMA:0.014062/0.013950,  Epoch:44/34
INFO|2024-09-25 16:39:54: 	Time(ep):394s,  Val(curr/best):0.014389/0.014389,  Epoch(curr/best):44/44
INFO|2024-09-25 16:39:54: -------------------- Epoch: 45 --------------------
INFO|2024-09-25 16:40:28: Epoch[045/100], iter[040/392], loss_total:0.73081, loss_equ:2.20147 loss_pq_vm:0.01279 loss_pq_va:0.17659 loss_pv_va:0.20617
INFO|2024-09-25 16:40:59: Epoch[045/100], iter[079/392], loss_total:0.78627, loss_equ:2.21272 loss_pq_vm:0.01246 loss_pq_va:0.20753 loss_pv_va:0.23287
INFO|2024-09-25 16:41:31: Epoch[045/100], iter[118/392], loss_total:0.94450, loss_equ:2.57350 loss_pq_vm:0.01493 loss_pq_va:0.25211 loss_pv_va:0.28577
INFO|2024-09-25 16:42:03: Epoch[045/100], iter[157/392], loss_total:0.83489, loss_equ:2.68618 loss_pq_vm:0.01389 loss_pq_va:0.19661 loss_pv_va:0.23080
INFO|2024-09-25 16:42:35: Epoch[045/100], iter[196/392], loss_total:0.78897, loss_equ:2.32316 loss_pq_vm:0.01449 loss_pq_va:0.19281 loss_pv_va:0.21892
INFO|2024-09-25 16:43:07: Epoch[045/100], iter[235/392], loss_total:0.77646, loss_equ:2.24917 loss_pq_vm:0.01328 loss_pq_va:0.19694 loss_pv_va:0.22185
INFO|2024-09-25 16:43:38: Epoch[045/100], iter[274/392], loss_total:0.77728, loss_equ:2.26510 loss_pq_vm:0.01702 loss_pq_va:0.17813 loss_pv_va:0.20247
INFO|2024-09-25 16:44:10: Epoch[045/100], iter[313/392], loss_total:0.86280, loss_equ:2.61572 loss_pq_vm:0.01646 loss_pq_va:0.20330 loss_pv_va:0.23333
INFO|2024-09-25 16:44:42: Epoch[045/100], iter[352/392], loss_total:0.88865, loss_equ:2.39400 loss_pq_vm:0.01396 loss_pq_va:0.23687 loss_pv_va:0.27277
INFO|2024-09-25 16:45:14: Epoch[045/100], iter[392/392], loss_total:0.70216, loss_equ:2.09505 loss_pq_vm:0.01168 loss_pq_va:0.17533 loss_pv_va:0.20054
INFO|2024-09-25 16:46:27: Epoch 44/100, lr:  0.00058244, eta: 6.01h, train_loss:  0.79981, valid_loss:  0.97765
INFO|2024-09-25 16:46:27: 	Train: PQ_Vm_rmse: 0.00060403  PQ_Va_rmse: 0.00637034  PV_Va_rmse: 0.00717908  delta_p: 0.03192571  delta_q: 0.00751909  
INFO|2024-09-25 16:46:27: 	ZTest: PQ_Vm_rmse: 0.00172334  PQ_Va_rmse: 0.01414052  PV_Va_rmse: 0.01524955  delta_p: 0.03755413  delta_q: 0.01015499  
INFO|2024-09-25 16:46:27: 	ZTest-ema: PQ_Vm_rmse: 0.001836  PQ_Va_rmse: 0.013198  PV_Va_rmse: 0.014086  delta_p: 0.030075  delta_q: 0.007448  
INFO|2024-09-25 16:46:27: 	           ValOfEMA:0.014086/0.013950,  Epoch:45/34
INFO|2024-09-25 16:46:27: 	Time(ep):393s,  Val(curr/best):0.015250/0.014389,  Epoch(curr/best):45/44
INFO|2024-09-25 16:46:27: -------------------- Epoch: 46 --------------------
INFO|2024-09-25 16:47:01: Epoch[046/100], iter[040/392], loss_total:0.74068, loss_equ:2.14571 loss_pq_vm:0.01257 loss_pq_va:0.18665 loss_pv_va:0.21374
INFO|2024-09-25 16:47:33: Epoch[046/100], iter[079/392], loss_total:0.92771, loss_equ:2.44532 loss_pq_vm:0.01436 loss_pq_va:0.25312 loss_pv_va:0.28646
INFO|2024-09-25 16:48:05: Epoch[046/100], iter[118/392], loss_total:0.85631, loss_equ:2.33845 loss_pq_vm:0.01376 loss_pq_va:0.22671 loss_pv_va:0.25816
INFO|2024-09-25 16:48:37: Epoch[046/100], iter[157/392], loss_total:0.91626, loss_equ:2.69059 loss_pq_vm:0.01656 loss_pq_va:0.22708 loss_pv_va:0.25457
INFO|2024-09-25 16:49:09: Epoch[046/100], iter[196/392], loss_total:0.84328, loss_equ:2.60575 loss_pq_vm:0.01508 loss_pq_va:0.20201 loss_pv_va:0.22994
INFO|2024-09-25 16:49:40: Epoch[046/100], iter[235/392], loss_total:0.75862, loss_equ:2.15324 loss_pq_vm:0.01295 loss_pq_va:0.19500 loss_pv_va:0.21884
INFO|2024-09-25 16:50:12: Epoch[046/100], iter[274/392], loss_total:0.74340, loss_equ:2.19206 loss_pq_vm:0.01259 loss_pq_va:0.18645 loss_pv_va:0.21183
INFO|2024-09-25 16:50:44: Epoch[046/100], iter[313/392], loss_total:0.71953, loss_equ:2.14882 loss_pq_vm:0.01254 loss_pq_va:0.17756 loss_pv_va:0.20163
INFO|2024-09-25 16:51:15: Epoch[046/100], iter[352/392], loss_total:0.77708, loss_equ:2.36586 loss_pq_vm:0.01460 loss_pq_va:0.18452 loss_pv_va:0.20996
INFO|2024-09-25 16:51:48: Epoch[046/100], iter[392/392], loss_total:0.88231, loss_equ:2.64365 loss_pq_vm:0.01466 loss_pq_va:0.21879 loss_pv_va:0.25257
INFO|2024-09-25 16:53:01: Epoch 45/100, lr:  0.00056704, eta: 5.9h, train_loss:  0.81380, valid_loss:  1.10075
INFO|2024-09-25 16:53:01: 	Train: PQ_Vm_rmse: 0.00062336  PQ_Va_rmse: 0.00692226  PV_Va_rmse: 0.00776082  delta_p: 0.03285300  delta_q: 0.00836172  
INFO|2024-09-25 16:53:01: 	ZTest: PQ_Vm_rmse: 0.00190540  PQ_Va_rmse: 0.01619035  PV_Va_rmse: 0.01772908  delta_p: 0.05884064  delta_q: 0.01155337  
INFO|2024-09-25 16:53:01: 	ZTest-ema: PQ_Vm_rmse: 0.001563  PQ_Va_rmse: 0.012989  PV_Va_rmse: 0.013883  delta_p: 0.027474  delta_q: 0.006987  
INFO|2024-09-25 16:53:01: 	           ValOfEMA:0.013883/0.013883,  Epoch:46/46
INFO|2024-09-25 16:53:01: 	Time(ep):393s,  Val(curr/best):0.017729/0.014389,  Epoch(curr/best):46/44
INFO|2024-09-25 16:53:01: -------------------- Epoch: 47 --------------------
INFO|2024-09-25 16:53:35: Epoch[047/100], iter[040/392], loss_total:0.66001, loss_equ:2.14443 loss_pq_vm:0.01063 loss_pq_va:0.15847 loss_pv_va:0.18078
INFO|2024-09-25 16:54:07: Epoch[047/100], iter[079/392], loss_total:1.06283, loss_equ:2.67636 loss_pq_vm:0.01819 loss_pq_va:0.28996 loss_pv_va:0.32332
INFO|2024-09-25 16:54:39: Epoch[047/100], iter[118/392], loss_total:0.71938, loss_equ:2.33845 loss_pq_vm:0.01248 loss_pq_va:0.16805 loss_pv_va:0.19270
INFO|2024-09-25 16:55:11: Epoch[047/100], iter[157/392], loss_total:0.81936, loss_equ:2.25548 loss_pq_vm:0.01345 loss_pq_va:0.21400 loss_pv_va:0.24531
INFO|2024-09-25 16:55:43: Epoch[047/100], iter[196/392], loss_total:0.88822, loss_equ:2.46484 loss_pq_vm:0.01559 loss_pq_va:0.22524 loss_pv_va:0.26060
INFO|2024-09-25 16:56:15: Epoch[047/100], iter[235/392], loss_total:0.74791, loss_equ:2.34169 loss_pq_vm:0.01253 loss_pq_va:0.18119 loss_pv_va:0.20727
INFO|2024-09-25 16:56:47: Epoch[047/100], iter[274/392], loss_total:0.72410, loss_equ:2.15319 loss_pq_vm:0.01249 loss_pq_va:0.17825 loss_pv_va:0.20565
INFO|2024-09-25 16:57:19: Epoch[047/100], iter[313/392], loss_total:0.76761, loss_equ:2.36296 loss_pq_vm:0.01457 loss_pq_va:0.17880 loss_pv_va:0.20683
INFO|2024-09-25 16:57:51: Epoch[047/100], iter[352/392], loss_total:0.83560, loss_equ:2.29767 loss_pq_vm:0.01305 loss_pq_va:0.21986 loss_pv_va:0.25549
INFO|2024-09-25 16:58:23: Epoch[047/100], iter[392/392], loss_total:0.73411, loss_equ:2.20306 loss_pq_vm:0.01268 loss_pq_va:0.18176 loss_pv_va:0.20526
INFO|2024-09-25 16:59:36: Epoch 46/100, lr:  0.00055158, eta: 5.81h, train_loss:  0.81666, valid_loss:  1.08992
INFO|2024-09-25 16:59:36: 	Train: PQ_Vm_rmse: 0.00067418  PQ_Va_rmse: 0.00740647  PV_Va_rmse: 0.00835491  delta_p: 0.03331845  delta_q: 0.00838065  
INFO|2024-09-25 16:59:36: 	ZTest: PQ_Vm_rmse: 0.00213805  PQ_Va_rmse: 0.01615194  PV_Va_rmse: 0.01751568  delta_p: 0.04381625  delta_q: 0.01273706  
INFO|2024-09-25 16:59:36: 	ZTest-ema: PQ_Vm_rmse: 0.001696  PQ_Va_rmse: 0.012979  PV_Va_rmse: 0.013827  delta_p: 0.033530  delta_q: 0.008182  
INFO|2024-09-25 16:59:36: 	           ValOfEMA:0.013827/0.013827,  Epoch:47/47
INFO|2024-09-25 16:59:36: 	Time(ep):394s,  Val(curr/best):0.017516/0.014389,  Epoch(curr/best):47/44
INFO|2024-09-25 16:59:36: -------------------- Epoch: 48 --------------------
INFO|2024-09-25 17:00:10: Epoch[048/100], iter[040/392], loss_total:0.76258, loss_equ:2.24992 loss_pq_vm:0.01371 loss_pq_va:0.18688 loss_pv_va:0.21364
INFO|2024-09-25 17:00:42: Epoch[048/100], iter[079/392], loss_total:0.75509, loss_equ:2.28059 loss_pq_vm:0.01394 loss_pq_va:0.18049 loss_pv_va:0.20718
INFO|2024-09-25 17:01:14: Epoch[048/100], iter[118/392], loss_total:0.76408, loss_equ:2.29376 loss_pq_vm:0.01335 loss_pq_va:0.18725 loss_pv_va:0.21393
INFO|2024-09-25 17:01:46: Epoch[048/100], iter[157/392], loss_total:0.74466, loss_equ:2.29226 loss_pq_vm:0.01308 loss_pq_va:0.18062 loss_pv_va:0.20405
INFO|2024-09-25 17:02:17: Epoch[048/100], iter[196/392], loss_total:0.74480, loss_equ:2.19864 loss_pq_vm:0.01286 loss_pq_va:0.18520 loss_pv_va:0.21114
INFO|2024-09-25 17:02:49: Epoch[048/100], iter[235/392], loss_total:0.80703, loss_equ:2.44449 loss_pq_vm:0.01642 loss_pq_va:0.18656 loss_pv_va:0.21180
INFO|2024-09-25 17:03:21: Epoch[048/100], iter[274/392], loss_total:0.74218, loss_equ:2.20065 loss_pq_vm:0.01441 loss_pq_va:0.17677 loss_pv_va:0.20129
INFO|2024-09-25 17:03:53: Epoch[048/100], iter[313/392], loss_total:0.75042, loss_equ:2.15562 loss_pq_vm:0.01269 loss_pq_va:0.19148 loss_pv_va:0.21647
INFO|2024-09-25 17:04:25: Epoch[048/100], iter[352/392], loss_total:0.73037, loss_equ:2.24052 loss_pq_vm:0.01363 loss_pq_va:0.17394 loss_pv_va:0.19610
INFO|2024-09-25 17:04:58: Epoch[048/100], iter[392/392], loss_total:0.73295, loss_equ:2.19881 loss_pq_vm:0.01303 loss_pq_va:0.17822 loss_pv_va:0.20452
INFO|2024-09-25 17:06:11: Epoch 47/100, lr:  0.00053608, eta: 5.7h, train_loss:  0.76866, valid_loss:  0.94217
INFO|2024-09-25 17:06:11: 	Train: PQ_Vm_rmse: 0.00063176  PQ_Va_rmse: 0.00576909  PV_Va_rmse: 0.00647361  delta_p: 0.03437700  delta_q: 0.00773435  
INFO|2024-09-25 17:06:11: 	ZTest: PQ_Vm_rmse: 0.00155268  PQ_Va_rmse: 0.01205176  PV_Va_rmse: 0.01299724  delta_p: 0.03314311  delta_q: 0.00802946  
INFO|2024-09-25 17:06:11: 	ZTest-ema: PQ_Vm_rmse: 0.001559  PQ_Va_rmse: 0.012137  PV_Va_rmse: 0.013019  delta_p: 0.029421  delta_q: 0.007268  
INFO|2024-09-25 17:06:11: 	           ValOfEMA:0.013019/0.013019,  Epoch:48/48
INFO|2024-09-25 17:06:12: 	Time(ep):394s,  Val(curr/best):0.012997/0.012997,  Epoch(curr/best):48/48
INFO|2024-09-25 17:06:12: -------------------- Epoch: 49 --------------------
INFO|2024-09-25 17:06:46: Epoch[049/100], iter[040/392], loss_total:0.95349, loss_equ:2.32721 loss_pq_vm:0.01854 loss_pq_va:0.24897 loss_pv_va:0.28638
INFO|2024-09-25 17:07:17: Epoch[049/100], iter[079/392], loss_total:0.79567, loss_equ:2.51730 loss_pq_vm:0.01281 loss_pq_va:0.19264 loss_pv_va:0.22322
INFO|2024-09-25 17:07:49: Epoch[049/100], iter[118/392], loss_total:0.67698, loss_equ:2.01821 loss_pq_vm:0.01100 loss_pq_va:0.17153 loss_pv_va:0.19364
INFO|2024-09-25 17:08:21: Epoch[049/100], iter[157/392], loss_total:0.66772, loss_equ:2.10310 loss_pq_vm:0.01194 loss_pq_va:0.15740 loss_pv_va:0.18059
INFO|2024-09-25 17:08:53: Epoch[049/100], iter[196/392], loss_total:0.73636, loss_equ:2.16261 loss_pq_vm:0.01318 loss_pq_va:0.18166 loss_pv_va:0.20659
INFO|2024-09-25 17:09:25: Epoch[049/100], iter[235/392], loss_total:0.71429, loss_equ:2.08739 loss_pq_vm:0.01193 loss_pq_va:0.18193 loss_pv_va:0.20428
INFO|2024-09-25 17:09:57: Epoch[049/100], iter[274/392], loss_total:0.73696, loss_equ:2.17161 loss_pq_vm:0.01334 loss_pq_va:0.18064 loss_pv_va:0.20572
INFO|2024-09-25 17:10:28: Epoch[049/100], iter[313/392], loss_total:0.85141, loss_equ:2.19382 loss_pq_vm:0.01424 loss_pq_va:0.22879 loss_pv_va:0.26085
INFO|2024-09-25 17:11:01: Epoch[049/100], iter[352/392], loss_total:0.84978, loss_equ:2.23342 loss_pq_vm:0.01628 loss_pq_va:0.21648 loss_pv_va:0.24720
INFO|2024-09-25 17:11:33: Epoch[049/100], iter[392/392], loss_total:0.67381, loss_equ:2.06168 loss_pq_vm:0.01226 loss_pq_va:0.15987 loss_pv_va:0.18514
INFO|2024-09-25 17:12:46: Epoch 48/100, lr:  0.00052055, eta: 5.59h, train_loss:  0.75030, valid_loss:  0.91263
INFO|2024-09-25 17:12:46: 	Train: PQ_Vm_rmse: 0.00055417  PQ_Va_rmse: 0.00542591  PV_Va_rmse: 0.00609525  delta_p: 0.02546253  delta_q: 0.00667039  
INFO|2024-09-25 17:12:46: 	ZTest: PQ_Vm_rmse: 0.00146645  PQ_Va_rmse: 0.01115699  PV_Va_rmse: 0.01208187  delta_p: 0.02933499  delta_q: 0.00854522  
INFO|2024-09-25 17:12:46: 	ZTest-ema: PQ_Vm_rmse: 0.001487  PQ_Va_rmse: 0.011846  PV_Va_rmse: 0.012695  delta_p: 0.028446  delta_q: 0.007270  
INFO|2024-09-25 17:12:46: 	           ValOfEMA:0.012695/0.012695,  Epoch:49/49
INFO|2024-09-25 17:12:47: 	Time(ep):394s,  Val(curr/best):0.012082/0.012082,  Epoch(curr/best):49/49
INFO|2024-09-25 17:12:47: -------------------- Epoch: 50 --------------------
INFO|2024-09-25 17:13:21: Epoch[050/100], iter[040/392], loss_total:0.78220, loss_equ:2.26416 loss_pq_vm:0.01506 loss_pq_va:0.19002 loss_pv_va:0.21512
INFO|2024-09-25 17:13:53: Epoch[050/100], iter[079/392], loss_total:0.70299, loss_equ:2.17691 loss_pq_vm:0.01121 loss_pq_va:0.17527 loss_pv_va:0.19788
INFO|2024-09-25 17:14:25: Epoch[050/100], iter[118/392], loss_total:0.76303, loss_equ:2.16802 loss_pq_vm:0.01732 loss_pq_va:0.17575 loss_pv_va:0.19730
INFO|2024-09-25 17:14:57: Epoch[050/100], iter[157/392], loss_total:0.74519, loss_equ:2.23257 loss_pq_vm:0.01269 loss_pq_va:0.18529 loss_pv_va:0.20971
INFO|2024-09-25 17:15:29: Epoch[050/100], iter[196/392], loss_total:0.71869, loss_equ:2.14973 loss_pq_vm:0.01174 loss_pq_va:0.18030 loss_pv_va:0.20597
INFO|2024-09-25 17:16:01: Epoch[050/100], iter[235/392], loss_total:0.76350, loss_equ:2.37575 loss_pq_vm:0.01468 loss_pq_va:0.17607 loss_pv_va:0.20302
INFO|2024-09-25 17:16:33: Epoch[050/100], iter[274/392], loss_total:0.75581, loss_equ:2.20726 loss_pq_vm:0.01353 loss_pq_va:0.18665 loss_pv_va:0.21309
INFO|2024-09-25 17:17:05: Epoch[050/100], iter[313/392], loss_total:0.71676, loss_equ:2.13404 loss_pq_vm:0.01187 loss_pq_va:0.18180 loss_pv_va:0.20289
INFO|2024-09-25 17:17:37: Epoch[050/100], iter[352/392], loss_total:0.71473, loss_equ:2.11864 loss_pq_vm:0.01296 loss_pq_va:0.17557 loss_pv_va:0.19766
INFO|2024-09-25 17:18:10: Epoch[050/100], iter[392/392], loss_total:0.70920, loss_equ:2.10548 loss_pq_vm:0.01208 loss_pq_va:0.17583 loss_pv_va:0.20204
INFO|2024-09-25 17:19:23: Epoch 49/100, lr:  0.00050500, eta: 5.5h, train_loss:  0.75880, valid_loss:  0.91688
INFO|2024-09-25 17:19:23: 	Train: PQ_Vm_rmse: 0.00061833  PQ_Va_rmse: 0.00592123  PV_Va_rmse: 0.00660714  delta_p: 0.02798234  delta_q: 0.00775009  
INFO|2024-09-25 17:19:23: 	ZTest: PQ_Vm_rmse: 0.00161283  PQ_Va_rmse: 0.01257784  PV_Va_rmse: 0.01353892  delta_p: 0.03993868  delta_q: 0.01104023  
INFO|2024-09-25 17:19:23: 	ZTest-ema: PQ_Vm_rmse: 0.001584  PQ_Va_rmse: 0.012555  PV_Va_rmse: 0.013429  delta_p: 0.033662  delta_q: 0.008460  
INFO|2024-09-25 17:19:23: 	           ValOfEMA:0.013429/0.012695,  Epoch:50/49
INFO|2024-09-25 17:19:23: 	Time(ep):396s,  Val(curr/best):0.013539/0.012082,  Epoch(curr/best):50/49
INFO|2024-09-25 17:19:23: -------------------- Epoch: 51 --------------------
INFO|2024-09-25 17:19:57: Epoch[051/100], iter[040/392], loss_total:0.68656, loss_equ:1.96760 loss_pq_vm:0.01244 loss_pq_va:0.17040 loss_pv_va:0.19498
INFO|2024-09-25 17:20:29: Epoch[051/100], iter[079/392], loss_total:0.72736, loss_equ:2.05165 loss_pq_vm:0.01302 loss_pq_va:0.18219 loss_pv_va:0.20978
INFO|2024-09-25 17:21:01: Epoch[051/100], iter[118/392], loss_total:0.76986, loss_equ:2.33769 loss_pq_vm:0.01460 loss_pq_va:0.18151 loss_pv_va:0.20863
INFO|2024-09-25 17:21:34: Epoch[051/100], iter[157/392], loss_total:0.69351, loss_equ:2.05446 loss_pq_vm:0.01172 loss_pq_va:0.17373 loss_pv_va:0.19717
INFO|2024-09-25 17:22:05: Epoch[051/100], iter[196/392], loss_total:0.69130, loss_equ:2.16965 loss_pq_vm:0.01202 loss_pq_va:0.16619 loss_pv_va:0.18794
INFO|2024-09-25 17:22:37: Epoch[051/100], iter[235/392], loss_total:0.71781, loss_equ:2.13940 loss_pq_vm:0.01196 loss_pq_va:0.17959 loss_pv_va:0.20468
INFO|2024-09-25 17:23:09: Epoch[051/100], iter[274/392], loss_total:0.69042, loss_equ:2.12540 loss_pq_vm:0.01267 loss_pq_va:0.16468 loss_pv_va:0.18646
INFO|2024-09-25 17:23:41: Epoch[051/100], iter[313/392], loss_total:0.73577, loss_equ:2.07154 loss_pq_vm:0.01243 loss_pq_va:0.18840 loss_pv_va:0.21595
INFO|2024-09-25 17:24:13: Epoch[051/100], iter[352/392], loss_total:0.72602, loss_equ:2.12735 loss_pq_vm:0.01544 loss_pq_va:0.16708 loss_pv_va:0.19181
INFO|2024-09-25 17:24:45: Epoch[051/100], iter[392/392], loss_total:0.70487, loss_equ:2.11984 loss_pq_vm:0.01174 loss_pq_va:0.17593 loss_pv_va:0.19956
INFO|2024-09-25 17:25:58: Epoch 50/100, lr:  0.00048945, eta: 5.38h, train_loss:  0.72767, valid_loss:  0.94005
INFO|2024-09-25 17:25:58: 	Train: PQ_Vm_rmse: 0.00056894  PQ_Va_rmse: 0.00526561  PV_Va_rmse: 0.00593109  delta_p: 0.02753711  delta_q: 0.00648563  
INFO|2024-09-25 17:25:58: 	ZTest: PQ_Vm_rmse: 0.00168483  PQ_Va_rmse: 0.01252914  PV_Va_rmse: 0.01361825  delta_p: 0.03925544  delta_q: 0.00811930  
INFO|2024-09-25 17:25:58: 	ZTest-ema: PQ_Vm_rmse: 0.001698  PQ_Va_rmse: 0.012547  PV_Va_rmse: 0.013324  delta_p: 0.027041  delta_q: 0.006846  
INFO|2024-09-25 17:25:58: 	           ValOfEMA:0.013324/0.012695,  Epoch:51/49
INFO|2024-09-25 17:25:59: 	Time(ep):394s,  Val(curr/best):0.013618/0.012082,  Epoch(curr/best):51/49
INFO|2024-09-25 17:25:59: -------------------- Epoch: 52 --------------------
INFO|2024-09-25 17:26:33: Epoch[052/100], iter[040/392], loss_total:0.84061, loss_equ:2.61087 loss_pq_vm:0.01466 loss_pq_va:0.20322 loss_pv_va:0.22970
INFO|2024-09-25 17:27:05: Epoch[052/100], iter[079/392], loss_total:0.98486, loss_equ:2.78268 loss_pq_vm:0.02493 loss_pq_va:0.21489 loss_pv_va:0.24242
INFO|2024-09-25 17:27:36: Epoch[052/100], iter[118/392], loss_total:0.94470, loss_equ:2.35466 loss_pq_vm:0.02112 loss_pq_va:0.23552 loss_pv_va:0.26255
INFO|2024-09-25 17:28:08: Epoch[052/100], iter[157/392], loss_total:0.67597, loss_equ:2.05684 loss_pq_vm:0.01175 loss_pq_va:0.16581 loss_pv_va:0.18702
INFO|2024-09-25 17:28:40: Epoch[052/100], iter[196/392], loss_total:0.74579, loss_equ:2.16847 loss_pq_vm:0.01176 loss_pq_va:0.19166 loss_pv_va:0.21968
INFO|2024-09-25 17:29:12: Epoch[052/100], iter[235/392], loss_total:0.69428, loss_equ:2.06642 loss_pq_vm:0.01271 loss_pq_va:0.16707 loss_pv_va:0.19345
INFO|2024-09-25 17:29:43: Epoch[052/100], iter[274/392], loss_total:0.73713, loss_equ:2.06483 loss_pq_vm:0.01249 loss_pq_va:0.19078 loss_pv_va:0.21493
INFO|2024-09-25 17:30:15: Epoch[052/100], iter[313/392], loss_total:0.83664, loss_equ:2.60461 loss_pq_vm:0.01407 loss_pq_va:0.20685 loss_pv_va:0.22859
INFO|2024-09-25 17:30:47: Epoch[052/100], iter[352/392], loss_total:0.78477, loss_equ:2.65732 loss_pq_vm:0.01471 loss_pq_va:0.17282 loss_pv_va:0.19913
INFO|2024-09-25 17:31:20: Epoch[052/100], iter[392/392], loss_total:0.74776, loss_equ:2.43410 loss_pq_vm:0.01318 loss_pq_va:0.17389 loss_pv_va:0.19862
INFO|2024-09-25 17:32:33: Epoch 51/100, lr:  0.00047392, eta: 5.26h, train_loss:  0.77453, valid_loss:  0.96917
INFO|2024-09-25 17:32:33: 	Train: PQ_Vm_rmse: 0.00062976  PQ_Va_rmse: 0.00570985  PV_Va_rmse: 0.00635159  delta_p: 0.02851232  delta_q: 0.00780329  
INFO|2024-09-25 17:32:33: 	ZTest: PQ_Vm_rmse: 0.00163390  PQ_Va_rmse: 0.01235197  PV_Va_rmse: 0.01343580  delta_p: 0.03500242  delta_q: 0.01137427  
INFO|2024-09-25 17:32:33: 	ZTest-ema: PQ_Vm_rmse: 0.001534  PQ_Va_rmse: 0.012287  PV_Va_rmse: 0.013128  delta_p: 0.026531  delta_q: 0.006967  
INFO|2024-09-25 17:32:33: 	           ValOfEMA:0.013128/0.012695,  Epoch:52/49
INFO|2024-09-25 17:32:34: 	Time(ep):394s,  Val(curr/best):0.013436/0.012082,  Epoch(curr/best):52/49
INFO|2024-09-25 17:32:34: -------------------- Epoch: 53 --------------------
INFO|2024-09-25 17:33:08: Epoch[053/100], iter[040/392], loss_total:0.71216, loss_equ:2.05688 loss_pq_vm:0.01272 loss_pq_va:0.17800 loss_pv_va:0.20125
INFO|2024-09-25 17:33:39: Epoch[053/100], iter[079/392], loss_total:0.68264, loss_equ:2.04178 loss_pq_vm:0.01236 loss_pq_va:0.16546 loss_pv_va:0.18943
INFO|2024-09-25 17:34:10: Epoch[053/100], iter[118/392], loss_total:0.78978, loss_equ:2.12943 loss_pq_vm:0.01909 loss_pq_va:0.17841 loss_pv_va:0.20756
INFO|2024-09-25 17:34:42: Epoch[053/100], iter[157/392], loss_total:0.68540, loss_equ:2.02246 loss_pq_vm:0.01173 loss_pq_va:0.17039 loss_pv_va:0.19550
INFO|2024-09-25 17:35:14: Epoch[053/100], iter[196/392], loss_total:0.71585, loss_equ:2.05162 loss_pq_vm:0.01272 loss_pq_va:0.17931 loss_pv_va:0.20415
INFO|2024-09-25 17:35:46: Epoch[053/100], iter[235/392], loss_total:0.70950, loss_equ:2.04130 loss_pq_vm:0.01172 loss_pq_va:0.18192 loss_pv_va:0.20620
INFO|2024-09-25 17:36:18: Epoch[053/100], iter[274/392], loss_total:0.75692, loss_equ:2.06493 loss_pq_vm:0.01295 loss_pq_va:0.19699 loss_pv_va:0.22396
INFO|2024-09-25 17:36:49: Epoch[053/100], iter[313/392], loss_total:0.71312, loss_equ:2.01617 loss_pq_vm:0.01290 loss_pq_va:0.17966 loss_pv_va:0.20288
INFO|2024-09-25 17:37:21: Epoch[053/100], iter[352/392], loss_total:0.65680, loss_equ:2.03364 loss_pq_vm:0.01234 loss_pq_va:0.15352 loss_pv_va:0.17648
INFO|2024-09-25 17:37:53: Epoch[053/100], iter[392/392], loss_total:0.69937, loss_equ:2.07859 loss_pq_vm:0.01241 loss_pq_va:0.17038 loss_pv_va:0.19700
INFO|2024-09-25 17:39:06: Epoch 52/100, lr:  0.00045842, eta: 5.12h, train_loss:  0.70427, valid_loss:  0.90780
INFO|2024-09-25 17:39:06: 	Train: PQ_Vm_rmse: 0.00054519  PQ_Va_rmse: 0.00493033  PV_Va_rmse: 0.00550801  delta_p: 0.01964882  delta_q: 0.00600735  
INFO|2024-09-25 17:39:06: 	ZTest: PQ_Vm_rmse: 0.00170642  PQ_Va_rmse: 0.01320751  PV_Va_rmse: 0.01411358  delta_p: 0.03554862  delta_q: 0.00791861  
INFO|2024-09-25 17:39:06: 	ZTest-ema: PQ_Vm_rmse: 0.001534  PQ_Va_rmse: 0.012126  PV_Va_rmse: 0.013016  delta_p: 0.027916  delta_q: 0.007463  
INFO|2024-09-25 17:39:06: 	           ValOfEMA:0.013016/0.012695,  Epoch:53/49
INFO|2024-09-25 17:39:06: 	Time(ep):392s,  Val(curr/best):0.014114/0.012082,  Epoch(curr/best):53/49
INFO|2024-09-25 17:39:06: -------------------- Epoch: 54 --------------------
INFO|2024-09-25 17:39:40: Epoch[054/100], iter[040/392], loss_total:0.73182, loss_equ:2.06691 loss_pq_vm:0.01285 loss_pq_va:0.18538 loss_pv_va:0.21122
INFO|2024-09-25 17:40:12: Epoch[054/100], iter[079/392], loss_total:0.69795, loss_equ:2.03601 loss_pq_vm:0.01229 loss_pq_va:0.17343 loss_pv_va:0.19806
INFO|2024-09-25 17:40:43: Epoch[054/100], iter[118/392], loss_total:0.67195, loss_equ:1.99605 loss_pq_vm:0.01190 loss_pq_va:0.16565 loss_pv_va:0.18773
INFO|2024-09-25 17:41:15: Epoch[054/100], iter[157/392], loss_total:0.65067, loss_equ:1.97332 loss_pq_vm:0.01138 loss_pq_va:0.15713 loss_pv_va:0.18243
INFO|2024-09-25 17:41:47: Epoch[054/100], iter[196/392], loss_total:0.72439, loss_equ:2.10873 loss_pq_vm:0.01213 loss_pq_va:0.18337 loss_pv_va:0.20880
INFO|2024-09-25 17:42:19: Epoch[054/100], iter[235/392], loss_total:0.67260, loss_equ:1.93488 loss_pq_vm:0.01111 loss_pq_va:0.17236 loss_pv_va:0.19568
INFO|2024-09-25 17:42:51: Epoch[054/100], iter[274/392], loss_total:0.75352, loss_equ:2.12112 loss_pq_vm:0.01552 loss_pq_va:0.18051 loss_pv_va:0.20570
INFO|2024-09-25 17:43:23: Epoch[054/100], iter[313/392], loss_total:0.69278, loss_equ:2.30076 loss_pq_vm:0.01198 loss_pq_va:0.15825 loss_pv_va:0.18461
INFO|2024-09-25 17:43:55: Epoch[054/100], iter[352/392], loss_total:0.70704, loss_equ:2.10181 loss_pq_vm:0.01260 loss_pq_va:0.17358 loss_pv_va:0.19723
INFO|2024-09-25 17:44:28: Epoch[054/100], iter[392/392], loss_total:0.65280, loss_equ:2.06333 loss_pq_vm:0.01103 loss_pq_va:0.15609 loss_pv_va:0.18009
INFO|2024-09-25 17:45:42: Epoch 53/100, lr:  0.00044296, eta: 5.05h, train_loss:  0.70406, valid_loss:  0.91068
INFO|2024-09-25 17:45:42: 	Train: PQ_Vm_rmse: 0.00050542  PQ_Va_rmse: 0.00471884  PV_Va_rmse: 0.00530335  delta_p: 0.02116902  delta_q: 0.00591929  
INFO|2024-09-25 17:45:42: 	ZTest: PQ_Vm_rmse: 0.00148381  PQ_Va_rmse: 0.01195600  PV_Va_rmse: 0.01278414  delta_p: 0.03881761  delta_q: 0.00835325  
INFO|2024-09-25 17:45:42: 	ZTest-ema: PQ_Vm_rmse: 0.001473  PQ_Va_rmse: 0.011984  PV_Va_rmse: 0.012816  delta_p: 0.026365  delta_q: 0.006820  
INFO|2024-09-25 17:45:42: 	           ValOfEMA:0.012816/0.012695,  Epoch:54/49
INFO|2024-09-25 17:45:42: 	Time(ep):395s,  Val(curr/best):0.012784/0.012082,  Epoch(curr/best):54/49
INFO|2024-09-25 17:45:42: -------------------- Epoch: 55 --------------------
INFO|2024-09-25 17:46:16: Epoch[055/100], iter[040/392], loss_total:0.67872, loss_equ:2.11728 loss_pq_vm:0.01225 loss_pq_va:0.16082 loss_pv_va:0.18367
INFO|2024-09-25 17:46:48: Epoch[055/100], iter[079/392], loss_total:0.78666, loss_equ:2.42844 loss_pq_vm:0.01425 loss_pq_va:0.18543 loss_pv_va:0.21586
INFO|2024-09-25 17:47:20: Epoch[055/100], iter[118/392], loss_total:0.70156, loss_equ:2.09168 loss_pq_vm:0.01155 loss_pq_va:0.17698 loss_pv_va:0.19993
INFO|2024-09-25 17:47:52: Epoch[055/100], iter[157/392], loss_total:0.75413, loss_equ:2.27635 loss_pq_vm:0.01386 loss_pq_va:0.17924 loss_pv_va:0.20869
INFO|2024-09-25 17:48:24: Epoch[055/100], iter[196/392], loss_total:0.74200, loss_equ:2.15020 loss_pq_vm:0.01268 loss_pq_va:0.18628 loss_pv_va:0.21395
INFO|2024-09-25 17:48:56: Epoch[055/100], iter[235/392], loss_total:0.70961, loss_equ:2.16991 loss_pq_vm:0.01199 loss_pq_va:0.17568 loss_pv_va:0.19708
INFO|2024-09-25 17:49:28: Epoch[055/100], iter[274/392], loss_total:0.77428, loss_equ:2.49340 loss_pq_vm:0.01311 loss_pq_va:0.18545 loss_pv_va:0.20839
INFO|2024-09-25 17:50:00: Epoch[055/100], iter[313/392], loss_total:0.66451, loss_equ:2.11051 loss_pq_vm:0.01107 loss_pq_va:0.15866 loss_pv_va:0.18412
INFO|2024-09-25 17:50:31: Epoch[055/100], iter[352/392], loss_total:0.64534, loss_equ:1.98351 loss_pq_vm:0.01116 loss_pq_va:0.15797 loss_pv_va:0.17742
INFO|2024-09-25 17:51:04: Epoch[055/100], iter[392/392], loss_total:0.71008, loss_equ:2.12330 loss_pq_vm:0.01283 loss_pq_va:0.17273 loss_pv_va:0.19675
INFO|2024-09-25 17:52:17: Epoch 54/100, lr:  0.00042756, eta: 4.94h, train_loss:  0.73144, valid_loss:  0.90797
INFO|2024-09-25 17:52:17: 	Train: PQ_Vm_rmse: 0.00050391  PQ_Va_rmse: 0.00474287  PV_Va_rmse: 0.00529718  delta_p: 0.02810720  delta_q: 0.00671444  
INFO|2024-09-25 17:52:17: 	ZTest: PQ_Vm_rmse: 0.00156077  PQ_Va_rmse: 0.01241816  PV_Va_rmse: 0.01332420  delta_p: 0.03962329  delta_q: 0.00948524  
INFO|2024-09-25 17:52:17: 	ZTest-ema: PQ_Vm_rmse: 0.001485  PQ_Va_rmse: 0.011688  PV_Va_rmse: 0.012469  delta_p: 0.027354  delta_q: 0.006675  
INFO|2024-09-25 17:52:17: 	           ValOfEMA:0.012469/0.012469,  Epoch:55/55
INFO|2024-09-25 17:52:18: 	Time(ep):395s,  Val(curr/best):0.013324/0.012082,  Epoch(curr/best):55/49
INFO|2024-09-25 17:52:18: -------------------- Epoch: 56 --------------------
INFO|2024-09-25 17:52:52: Epoch[056/100], iter[040/392], loss_total:0.64532, loss_equ:1.98008 loss_pq_vm:0.01130 loss_pq_va:0.15484 loss_pv_va:0.17951
INFO|2024-09-25 17:53:24: Epoch[056/100], iter[079/392], loss_total:0.69553, loss_equ:2.08251 loss_pq_vm:0.01413 loss_pq_va:0.16177 loss_pv_va:0.18422
INFO|2024-09-25 17:53:56: Epoch[056/100], iter[118/392], loss_total:0.69820, loss_equ:2.17379 loss_pq_vm:0.01191 loss_pq_va:0.16775 loss_pv_va:0.19395
INFO|2024-09-25 17:54:28: Epoch[056/100], iter[157/392], loss_total:0.66431, loss_equ:2.02735 loss_pq_vm:0.01099 loss_pq_va:0.16270 loss_pv_va:0.18902
INFO|2024-09-25 17:55:00: Epoch[056/100], iter[196/392], loss_total:0.76793, loss_equ:2.26686 loss_pq_vm:0.01499 loss_pq_va:0.18314 loss_pv_va:0.20820
INFO|2024-09-25 17:55:32: Epoch[056/100], iter[235/392], loss_total:0.72476, loss_equ:2.06921 loss_pq_vm:0.01368 loss_pq_va:0.17853 loss_pv_va:0.20253
INFO|2024-09-25 17:56:03: Epoch[056/100], iter[274/392], loss_total:0.66867, loss_equ:2.10098 loss_pq_vm:0.01117 loss_pq_va:0.16180 loss_pv_va:0.18505
INFO|2024-09-25 17:56:35: Epoch[056/100], iter[313/392], loss_total:0.77642, loss_equ:2.30010 loss_pq_vm:0.01326 loss_pq_va:0.19455 loss_pv_va:0.21923
INFO|2024-09-25 17:57:07: Epoch[056/100], iter[352/392], loss_total:0.80687, loss_equ:2.37724 loss_pq_vm:0.01303 loss_pq_va:0.20337 loss_pv_va:0.23547
INFO|2024-09-25 17:57:39: Epoch[056/100], iter[392/392], loss_total:0.70506, loss_equ:2.09593 loss_pq_vm:0.01447 loss_pq_va:0.16238 loss_pv_va:0.18837
INFO|2024-09-25 17:58:52: Epoch 55/100, lr:  0.00041225, eta: 4.82h, train_loss:  0.73701, valid_loss:  0.92484
INFO|2024-09-25 17:58:52: 	Train: PQ_Vm_rmse: 0.00054475  PQ_Va_rmse: 0.00546669  PV_Va_rmse: 0.00609728  delta_p: 0.02810493  delta_q: 0.00648460  
INFO|2024-09-25 17:58:52: 	ZTest: PQ_Vm_rmse: 0.00178887  PQ_Va_rmse: 0.01331701  PV_Va_rmse: 0.01419849  delta_p: 0.03516719  delta_q: 0.00854281  
INFO|2024-09-25 17:58:52: 	ZTest-ema: PQ_Vm_rmse: 0.001601  PQ_Va_rmse: 0.012188  PV_Va_rmse: 0.012988  delta_p: 0.028657  delta_q: 0.006968  
INFO|2024-09-25 17:58:53: 	           ValOfEMA:0.012988/0.012469,  Epoch:56/55
INFO|2024-09-25 17:58:53: 	Time(ep):394s,  Val(curr/best):0.014198/0.012082,  Epoch(curr/best):56/49
INFO|2024-09-25 17:58:53: -------------------- Epoch: 57 --------------------
INFO|2024-09-25 17:59:27: Epoch[057/100], iter[040/392], loss_total:0.70264, loss_equ:2.06600 loss_pq_vm:0.01243 loss_pq_va:0.17109 loss_pv_va:0.20064
INFO|2024-09-25 17:59:59: Epoch[057/100], iter[079/392], loss_total:0.63247, loss_equ:1.91894 loss_pq_vm:0.01036 loss_pq_va:0.15661 loss_pv_va:0.18038
INFO|2024-09-25 18:00:31: Epoch[057/100], iter[118/392], loss_total:0.80104, loss_equ:2.13732 loss_pq_vm:0.01350 loss_pq_va:0.21021 loss_pv_va:0.24207
INFO|2024-09-25 18:01:03: Epoch[057/100], iter[157/392], loss_total:0.66306, loss_equ:2.03454 loss_pq_vm:0.01169 loss_pq_va:0.16054 loss_pv_va:0.18219
INFO|2024-09-25 18:01:35: Epoch[057/100], iter[196/392], loss_total:0.70151, loss_equ:2.22276 loss_pq_vm:0.01247 loss_pq_va:0.16668 loss_pv_va:0.18784
INFO|2024-09-25 18:02:06: Epoch[057/100], iter[235/392], loss_total:0.66584, loss_equ:2.03806 loss_pq_vm:0.01144 loss_pq_va:0.16257 loss_pv_va:0.18508
INFO|2024-09-25 18:02:39: Epoch[057/100], iter[274/392], loss_total:0.72771, loss_equ:2.29236 loss_pq_vm:0.01288 loss_pq_va:0.17220 loss_pv_va:0.19748
INFO|2024-09-25 18:03:11: Epoch[057/100], iter[313/392], loss_total:0.68565, loss_equ:2.05428 loss_pq_vm:0.01107 loss_pq_va:0.17381 loss_pv_va:0.19571
INFO|2024-09-25 18:03:43: Epoch[057/100], iter[352/392], loss_total:0.66328, loss_equ:1.99109 loss_pq_vm:0.01149 loss_pq_va:0.16319 loss_pv_va:0.18612
INFO|2024-09-25 18:04:15: Epoch[057/100], iter[392/392], loss_total:0.72416, loss_equ:2.25741 loss_pq_vm:0.01232 loss_pq_va:0.17399 loss_pv_va:0.20124
INFO|2024-09-25 18:05:28: Epoch 56/100, lr:  0.00039702, eta: 4.72h, train_loss:  0.69215, valid_loss:  0.95242
INFO|2024-09-25 18:05:28: 	Train: PQ_Vm_rmse: 0.00044482  PQ_Va_rmse: 0.00441635  PV_Va_rmse: 0.00500444  delta_p: 0.02395538  delta_q: 0.00541799  
INFO|2024-09-25 18:05:28: 	ZTest: PQ_Vm_rmse: 0.00167022  PQ_Va_rmse: 0.01238356  PV_Va_rmse: 0.01340096  delta_p: 0.03297517  delta_q: 0.00967201  
INFO|2024-09-25 18:05:28: 	ZTest-ema: PQ_Vm_rmse: 0.001597  PQ_Va_rmse: 0.012242  PV_Va_rmse: 0.013033  delta_p: 0.025332  delta_q: 0.006546  
INFO|2024-09-25 18:05:28: 	           ValOfEMA:0.013033/0.012469,  Epoch:57/55
INFO|2024-09-25 18:05:29: 	Time(ep):395s,  Val(curr/best):0.013401/0.012082,  Epoch(curr/best):57/49
INFO|2024-09-25 18:05:29: -------------------- Epoch: 58 --------------------
INFO|2024-09-25 18:06:03: Epoch[058/100], iter[040/392], loss_total:0.72039, loss_equ:2.12441 loss_pq_vm:0.01442 loss_pq_va:0.16965 loss_pv_va:0.19406
INFO|2024-09-25 18:06:34: Epoch[058/100], iter[079/392], loss_total:0.62017, loss_equ:1.95755 loss_pq_vm:0.01037 loss_pq_va:0.14921 loss_pv_va:0.17155
INFO|2024-09-25 18:07:06: Epoch[058/100], iter[118/392], loss_total:0.66455, loss_equ:2.00542 loss_pq_vm:0.01092 loss_pq_va:0.16505 loss_pv_va:0.18979
INFO|2024-09-25 18:07:38: Epoch[058/100], iter[157/392], loss_total:0.63371, loss_equ:1.98939 loss_pq_vm:0.01070 loss_pq_va:0.15253 loss_pv_va:0.17527
INFO|2024-09-25 18:08:10: Epoch[058/100], iter[196/392], loss_total:0.69444, loss_equ:2.07734 loss_pq_vm:0.01106 loss_pq_va:0.17441 loss_pv_va:0.20173
INFO|2024-09-25 18:08:41: Epoch[058/100], iter[235/392], loss_total:0.64928, loss_equ:1.97284 loss_pq_vm:0.01181 loss_pq_va:0.15626 loss_pv_va:0.17767
INFO|2024-09-25 18:09:13: Epoch[058/100], iter[274/392], loss_total:0.70173, loss_equ:2.02953 loss_pq_vm:0.01186 loss_pq_va:0.17922 loss_pv_va:0.20098
INFO|2024-09-25 18:09:45: Epoch[058/100], iter[313/392], loss_total:0.65032, loss_equ:1.99807 loss_pq_vm:0.01226 loss_pq_va:0.15403 loss_pv_va:0.17390
INFO|2024-09-25 18:10:17: Epoch[058/100], iter[352/392], loss_total:0.73743, loss_equ:2.13114 loss_pq_vm:0.01201 loss_pq_va:0.18695 loss_pv_va:0.21724
INFO|2024-09-25 18:10:49: Epoch[058/100], iter[392/392], loss_total:0.64359, loss_equ:2.03258 loss_pq_vm:0.01073 loss_pq_va:0.15426 loss_pv_va:0.17875
INFO|2024-09-25 18:12:02: Epoch 57/100, lr:  0.00038190, eta: 4.59h, train_loss:  0.66851, valid_loss:  0.86558
INFO|2024-09-25 18:12:02: 	Train: PQ_Vm_rmse: 0.00040337  PQ_Va_rmse: 0.00378153  PV_Va_rmse: 0.00421330  delta_p: 0.01941902  delta_q: 0.00498150  
INFO|2024-09-25 18:12:02: 	ZTest: PQ_Vm_rmse: 0.00163526  PQ_Va_rmse: 0.01239182  PV_Va_rmse: 0.01319598  delta_p: 0.03046924  delta_q: 0.00779957  
INFO|2024-09-25 18:12:02: 	ZTest-ema: PQ_Vm_rmse: 0.001652  PQ_Va_rmse: 0.012356  PV_Va_rmse: 0.013187  delta_p: 0.027267  delta_q: 0.006851  
INFO|2024-09-25 18:12:02: 	           ValOfEMA:0.013187/0.012469,  Epoch:58/55
INFO|2024-09-25 18:12:03: 	Time(ep):393s,  Val(curr/best):0.013196/0.012082,  Epoch(curr/best):58/49
INFO|2024-09-25 18:12:03: -------------------- Epoch: 59 --------------------
INFO|2024-09-25 18:12:37: Epoch[059/100], iter[040/392], loss_total:0.65598, loss_equ:1.98323 loss_pq_vm:0.01054 loss_pq_va:0.16418 loss_pv_va:0.18808
INFO|2024-09-25 18:13:09: Epoch[059/100], iter[079/392], loss_total:0.66070, loss_equ:2.00403 loss_pq_vm:0.01082 loss_pq_va:0.16429 loss_pv_va:0.18776
INFO|2024-09-25 18:13:41: Epoch[059/100], iter[118/392], loss_total:0.66431, loss_equ:2.02543 loss_pq_vm:0.01090 loss_pq_va:0.16306 loss_pv_va:0.18967
INFO|2024-09-25 18:14:12: Epoch[059/100], iter[157/392], loss_total:0.65923, loss_equ:2.07616 loss_pq_vm:0.01122 loss_pq_va:0.15894 loss_pv_va:0.18045
INFO|2024-09-25 18:14:45: Epoch[059/100], iter[196/392], loss_total:0.62025, loss_equ:1.92247 loss_pq_vm:0.00975 loss_pq_va:0.15593 loss_pv_va:0.17454
INFO|2024-09-25 18:15:17: Epoch[059/100], iter[235/392], loss_total:0.68703, loss_equ:1.97609 loss_pq_vm:0.01312 loss_pq_va:0.16724 loss_pv_va:0.19094
INFO|2024-09-25 18:15:48: Epoch[059/100], iter[274/392], loss_total:0.72992, loss_equ:2.18254 loss_pq_vm:0.01254 loss_pq_va:0.18238 loss_pv_va:0.20387
INFO|2024-09-25 18:16:20: Epoch[059/100], iter[313/392], loss_total:0.69581, loss_equ:2.13668 loss_pq_vm:0.01213 loss_pq_va:0.16940 loss_pv_va:0.19148
INFO|2024-09-25 18:16:53: Epoch[059/100], iter[352/392], loss_total:0.66447, loss_equ:2.03047 loss_pq_vm:0.01141 loss_pq_va:0.16178 loss_pv_va:0.18557
INFO|2024-09-25 18:17:25: Epoch[059/100], iter[392/392], loss_total:0.65104, loss_equ:1.98037 loss_pq_vm:0.01136 loss_pq_va:0.15601 loss_pv_va:0.18338
INFO|2024-09-25 18:18:39: Epoch 58/100, lr:  0.00036690, eta: 4.51h, train_loss:  0.68111, valid_loss:  0.90082
INFO|2024-09-25 18:18:39: 	Train: PQ_Vm_rmse: 0.00044353  PQ_Va_rmse: 0.00450281  PV_Va_rmse: 0.00503144  delta_p: 0.02532682  delta_q: 0.00561056  
INFO|2024-09-25 18:18:39: 	ZTest: PQ_Vm_rmse: 0.00167503  PQ_Va_rmse: 0.01323387  PV_Va_rmse: 0.01410566  delta_p: 0.03099980  delta_q: 0.00766057  
INFO|2024-09-25 18:18:39: 	ZTest-ema: PQ_Vm_rmse: 0.001673  PQ_Va_rmse: 0.012360  PV_Va_rmse: 0.013134  delta_p: 0.023788  delta_q: 0.006127  
INFO|2024-09-25 18:18:39: 	           ValOfEMA:0.013134/0.012469,  Epoch:59/55
INFO|2024-09-25 18:18:39: 	Time(ep):395s,  Val(curr/best):0.014106/0.012082,  Epoch(curr/best):59/49
INFO|2024-09-25 18:18:39: -------------------- Epoch: 60 --------------------
INFO|2024-09-25 18:19:13: Epoch[060/100], iter[040/392], loss_total:0.63529, loss_equ:1.89696 loss_pq_vm:0.00996 loss_pq_va:0.16223 loss_pv_va:0.18375
INFO|2024-09-25 18:19:45: Epoch[060/100], iter[079/392], loss_total:0.66444, loss_equ:1.94461 loss_pq_vm:0.01089 loss_pq_va:0.16816 loss_pv_va:0.19289
INFO|2024-09-25 18:20:17: Epoch[060/100], iter[118/392], loss_total:0.68566, loss_equ:2.10884 loss_pq_vm:0.01185 loss_pq_va:0.16721 loss_pv_va:0.18908
INFO|2024-09-25 18:20:49: Epoch[060/100], iter[157/392], loss_total:0.63274, loss_equ:2.03167 loss_pq_vm:0.01070 loss_pq_va:0.14997 loss_pv_va:0.17257
INFO|2024-09-25 18:21:20: Epoch[060/100], iter[196/392], loss_total:0.63922, loss_equ:1.92673 loss_pq_vm:0.01088 loss_pq_va:0.15986 loss_pv_va:0.17791
INFO|2024-09-25 18:21:52: Epoch[060/100], iter[235/392], loss_total:0.59540, loss_equ:1.89202 loss_pq_vm:0.00980 loss_pq_va:0.14353 loss_pv_va:0.16468
INFO|2024-09-25 18:22:24: Epoch[060/100], iter[274/392], loss_total:0.69363, loss_equ:2.09876 loss_pq_vm:0.01168 loss_pq_va:0.17028 loss_pv_va:0.19671
INFO|2024-09-25 18:22:56: Epoch[060/100], iter[313/392], loss_total:0.66418, loss_equ:2.01903 loss_pq_vm:0.01122 loss_pq_va:0.16252 loss_pv_va:0.18756
INFO|2024-09-25 18:23:28: Epoch[060/100], iter[352/392], loss_total:0.63881, loss_equ:1.99590 loss_pq_vm:0.01062 loss_pq_va:0.15479 loss_pv_va:0.17818
INFO|2024-09-25 18:24:01: Epoch[060/100], iter[392/392], loss_total:0.65201, loss_equ:1.97988 loss_pq_vm:0.01201 loss_pq_va:0.15646 loss_pv_va:0.17748
INFO|2024-09-25 18:25:14: Epoch 59/100, lr:  0.00035204, eta: 4.38h, train_loss:  0.64751, valid_loss:  0.93602
INFO|2024-09-25 18:25:14: 	Train: PQ_Vm_rmse: 0.00035528  PQ_Va_rmse: 0.00342763  PV_Va_rmse: 0.00381881  delta_p: 0.01669861  delta_q: 0.00421951  
INFO|2024-09-25 18:25:14: 	ZTest: PQ_Vm_rmse: 0.00181432  PQ_Va_rmse: 0.01278124  PV_Va_rmse: 0.01355388  delta_p: 0.03134033  delta_q: 0.00805443  
INFO|2024-09-25 18:25:14: 	ZTest-ema: PQ_Vm_rmse: 0.001710  PQ_Va_rmse: 0.012296  PV_Va_rmse: 0.013095  delta_p: 0.025313  delta_q: 0.006471  
INFO|2024-09-25 18:25:14: 	           ValOfEMA:0.013095/0.012469,  Epoch:60/55
INFO|2024-09-25 18:25:14: 	Time(ep):394s,  Val(curr/best):0.013554/0.012082,  Epoch(curr/best):60/49
INFO|2024-09-25 18:25:14: -------------------- Epoch: 61 --------------------
INFO|2024-09-25 18:25:48: Epoch[061/100], iter[040/392], loss_total:0.63827, loss_equ:1.94091 loss_pq_vm:0.01051 loss_pq_va:0.15795 loss_pv_va:0.18113
INFO|2024-09-25 18:26:20: Epoch[061/100], iter[079/392], loss_total:0.66119, loss_equ:1.89995 loss_pq_vm:0.01082 loss_pq_va:0.16930 loss_pv_va:0.19365
INFO|2024-09-25 18:26:52: Epoch[061/100], iter[118/392], loss_total:0.69681, loss_equ:2.03672 loss_pq_vm:0.01213 loss_pq_va:0.17217 loss_pv_va:0.19962
INFO|2024-09-25 18:27:24: Epoch[061/100], iter[157/392], loss_total:0.63808, loss_equ:1.94961 loss_pq_vm:0.01019 loss_pq_va:0.15791 loss_pv_va:0.18332
INFO|2024-09-25 18:27:56: Epoch[061/100], iter[196/392], loss_total:0.62404, loss_equ:1.94671 loss_pq_vm:0.01020 loss_pq_va:0.15298 loss_pv_va:0.17442
INFO|2024-09-25 18:28:27: Epoch[061/100], iter[235/392], loss_total:0.59181, loss_equ:1.88122 loss_pq_vm:0.00959 loss_pq_va:0.14366 loss_pv_va:0.16409
INFO|2024-09-25 18:28:59: Epoch[061/100], iter[274/392], loss_total:0.65571, loss_equ:1.96375 loss_pq_vm:0.01290 loss_pq_va:0.15471 loss_pv_va:0.17558
INFO|2024-09-25 18:29:31: Epoch[061/100], iter[313/392], loss_total:0.65039, loss_equ:1.96149 loss_pq_vm:0.01171 loss_pq_va:0.15768 loss_pv_va:0.17944
INFO|2024-09-25 18:30:02: Epoch[061/100], iter[352/392], loss_total:0.87998, loss_equ:2.69115 loss_pq_vm:0.01460 loss_pq_va:0.21862 loss_pv_va:0.24624
INFO|2024-09-25 18:30:35: Epoch[061/100], iter[392/392], loss_total:0.73787, loss_equ:2.14555 loss_pq_vm:0.01215 loss_pq_va:0.18885 loss_pv_va:0.21292
INFO|2024-09-25 18:31:48: Epoch 60/100, lr:  0.00033732, eta: 4.27h, train_loss:  0.65539, valid_loss:  0.89092
INFO|2024-09-25 18:31:48: 	Train: PQ_Vm_rmse: 0.00037813  PQ_Va_rmse: 0.00355704  PV_Va_rmse: 0.00403970  delta_p: 0.02094595  delta_q: 0.00495732  
INFO|2024-09-25 18:31:48: 	ZTest: PQ_Vm_rmse: 0.00139011  PQ_Va_rmse: 0.01127742  PV_Va_rmse: 0.01203507  delta_p: 0.03165115  delta_q: 0.00937691  
INFO|2024-09-25 18:31:48: 	ZTest-ema: PQ_Vm_rmse: 0.001470  PQ_Va_rmse: 0.011981  PV_Va_rmse: 0.012736  delta_p: 0.025756  delta_q: 0.006319  
INFO|2024-09-25 18:31:48: 	           ValOfEMA:0.012736/0.012469,  Epoch:61/55
INFO|2024-09-25 18:31:49: 	Time(ep):394s,  Val(curr/best):0.012035/0.012035,  Epoch(curr/best):61/61
INFO|2024-09-25 18:31:49: -------------------- Epoch: 62 --------------------
INFO|2024-09-25 18:32:23: Epoch[062/100], iter[040/392], loss_total:0.64495, loss_equ:1.95418 loss_pq_vm:0.01116 loss_pq_va:0.15894 loss_pv_va:0.17898
INFO|2024-09-25 18:32:55: Epoch[062/100], iter[079/392], loss_total:0.60404, loss_equ:1.87101 loss_pq_vm:0.01140 loss_pq_va:0.14179 loss_pv_va:0.16113
INFO|2024-09-25 18:33:26: Epoch[062/100], iter[118/392], loss_total:0.70121, loss_equ:2.09634 loss_pq_vm:0.01115 loss_pq_va:0.17741 loss_pv_va:0.20268
INFO|2024-09-25 18:33:58: Epoch[062/100], iter[157/392], loss_total:0.64450, loss_equ:2.01608 loss_pq_vm:0.01080 loss_pq_va:0.15567 loss_pv_va:0.17922
INFO|2024-09-25 18:34:30: Epoch[062/100], iter[196/392], loss_total:0.64361, loss_equ:1.97040 loss_pq_vm:0.01063 loss_pq_va:0.15856 loss_pv_va:0.18172
INFO|2024-09-25 18:35:02: Epoch[062/100], iter[235/392], loss_total:0.56610, loss_equ:1.77656 loss_pq_vm:0.00905 loss_pq_va:0.13972 loss_pv_va:0.15824
INFO|2024-09-25 18:35:34: Epoch[062/100], iter[274/392], loss_total:0.64375, loss_equ:1.88492 loss_pq_vm:0.00977 loss_pq_va:0.16684 loss_pv_va:0.19070
INFO|2024-09-25 18:36:06: Epoch[062/100], iter[313/392], loss_total:0.64100, loss_equ:1.96841 loss_pq_vm:0.01098 loss_pq_va:0.15667 loss_pv_va:0.17767
INFO|2024-09-25 18:36:38: Epoch[062/100], iter[352/392], loss_total:0.62525, loss_equ:1.93086 loss_pq_vm:0.01079 loss_pq_va:0.15120 loss_pv_va:0.17304
INFO|2024-09-25 18:37:10: Epoch[062/100], iter[392/392], loss_total:0.63881, loss_equ:2.02584 loss_pq_vm:0.01125 loss_pq_va:0.15007 loss_pv_va:0.17362
INFO|2024-09-25 18:38:23: Epoch 61/100, lr:  0.00032278, eta: 4.16h, train_loss:  0.64445, valid_loss:  0.88383
INFO|2024-09-25 18:38:23: 	Train: PQ_Vm_rmse: 0.00036078  PQ_Va_rmse: 0.00351224  PV_Va_rmse: 0.00395266  delta_p: 0.01801180  delta_q: 0.00455093  
INFO|2024-09-25 18:38:23: 	ZTest: PQ_Vm_rmse: 0.00155563  PQ_Va_rmse: 0.01278503  PV_Va_rmse: 0.01345888  delta_p: 0.03175513  delta_q: 0.00762479  
INFO|2024-09-25 18:38:23: 	ZTest-ema: PQ_Vm_rmse: 0.001515  PQ_Va_rmse: 0.011982  PV_Va_rmse: 0.012702  delta_p: 0.024968  delta_q: 0.006314  
INFO|2024-09-25 18:38:23: 	           ValOfEMA:0.012702/0.012469,  Epoch:62/55
INFO|2024-09-25 18:38:23: 	Time(ep):394s,  Val(curr/best):0.013459/0.012035,  Epoch(curr/best):62/61
INFO|2024-09-25 18:38:23: -------------------- Epoch: 63 --------------------
INFO|2024-09-25 18:38:57: Epoch[063/100], iter[040/392], loss_total:0.62488, loss_equ:1.93236 loss_pq_vm:0.01021 loss_pq_va:0.15320 loss_pv_va:0.17636
INFO|2024-09-25 18:39:29: Epoch[063/100], iter[079/392], loss_total:0.62128, loss_equ:1.91887 loss_pq_vm:0.01079 loss_pq_va:0.15040 loss_pv_va:0.17107
INFO|2024-09-25 18:40:01: Epoch[063/100], iter[118/392], loss_total:0.68350, loss_equ:1.96501 loss_pq_vm:0.01225 loss_pq_va:0.17178 loss_pv_va:0.19276
INFO|2024-09-25 18:40:33: Epoch[063/100], iter[157/392], loss_total:0.61644, loss_equ:1.91975 loss_pq_vm:0.01135 loss_pq_va:0.14443 loss_pv_va:0.16656
INFO|2024-09-25 18:41:05: Epoch[063/100], iter[196/392], loss_total:0.64998, loss_equ:1.91085 loss_pq_vm:0.01184 loss_pq_va:0.15876 loss_pv_va:0.18177
INFO|2024-09-25 18:41:37: Epoch[063/100], iter[235/392], loss_total:0.61250, loss_equ:1.89553 loss_pq_vm:0.00988 loss_pq_va:0.15155 loss_pv_va:0.17258
INFO|2024-09-25 18:42:09: Epoch[063/100], iter[274/392], loss_total:0.61775, loss_equ:1.85962 loss_pq_vm:0.01019 loss_pq_va:0.15293 loss_pv_va:0.17694
INFO|2024-09-25 18:42:40: Epoch[063/100], iter[313/392], loss_total:0.70798, loss_equ:1.98717 loss_pq_vm:0.01720 loss_pq_va:0.15865 loss_pv_va:0.17861
INFO|2024-09-25 18:43:13: Epoch[063/100], iter[352/392], loss_total:0.62602, loss_equ:1.94924 loss_pq_vm:0.01090 loss_pq_va:0.14957 loss_pv_va:0.17251
INFO|2024-09-25 18:43:45: Epoch[063/100], iter[392/392], loss_total:0.64212, loss_equ:1.90184 loss_pq_vm:0.01173 loss_pq_va:0.15677 loss_pv_va:0.17791
INFO|2024-09-25 18:44:58: Epoch 62/100, lr:  0.00030841, eta: 4.06h, train_loss:  0.64406, valid_loss:  0.87242
INFO|2024-09-25 18:44:58: 	Train: PQ_Vm_rmse: 0.00037354  PQ_Va_rmse: 0.00364114  PV_Va_rmse: 0.00410357  delta_p: 0.01702705  delta_q: 0.00438438  
INFO|2024-09-25 18:44:58: 	ZTest: PQ_Vm_rmse: 0.00159249  PQ_Va_rmse: 0.01325163  PV_Va_rmse: 0.01419450  delta_p: 0.02910979  delta_q: 0.00749500  
INFO|2024-09-25 18:44:58: 	ZTest-ema: PQ_Vm_rmse: 0.001468  PQ_Va_rmse: 0.011610  PV_Va_rmse: 0.012351  delta_p: 0.023728  delta_q: 0.006192  
INFO|2024-09-25 18:44:58: 	           ValOfEMA:0.012351/0.012351,  Epoch:63/63
INFO|2024-09-25 18:44:59: 	Time(ep):394s,  Val(curr/best):0.014195/0.012035,  Epoch(curr/best):63/61
INFO|2024-09-25 18:44:59: -------------------- Epoch: 64 --------------------
INFO|2024-09-25 18:45:33: Epoch[064/100], iter[040/392], loss_total:0.68755, loss_equ:1.97917 loss_pq_vm:0.01130 loss_pq_va:0.17544 loss_pv_va:0.20122
INFO|2024-09-25 18:46:05: Epoch[064/100], iter[079/392], loss_total:0.62486, loss_equ:1.90643 loss_pq_vm:0.00987 loss_pq_va:0.15592 loss_pv_va:0.17963
INFO|2024-09-25 18:46:37: Epoch[064/100], iter[118/392], loss_total:0.67665, loss_equ:1.99089 loss_pq_vm:0.01082 loss_pq_va:0.17421 loss_pv_va:0.19519
INFO|2024-09-25 18:47:09: Epoch[064/100], iter[157/392], loss_total:0.64175, loss_equ:1.94322 loss_pq_vm:0.01120 loss_pq_va:0.15751 loss_pv_va:0.17788
INFO|2024-09-25 18:47:41: Epoch[064/100], iter[196/392], loss_total:0.62641, loss_equ:1.94270 loss_pq_vm:0.01011 loss_pq_va:0.15353 loss_pv_va:0.17754
INFO|2024-09-25 18:48:12: Epoch[064/100], iter[235/392], loss_total:0.69263, loss_equ:1.94814 loss_pq_vm:0.01131 loss_pq_va:0.18134 loss_pv_va:0.20333
INFO|2024-09-25 18:48:44: Epoch[064/100], iter[274/392], loss_total:0.62020, loss_equ:1.94927 loss_pq_vm:0.01011 loss_pq_va:0.15275 loss_pv_va:0.17138
INFO|2024-09-25 18:49:16: Epoch[064/100], iter[313/392], loss_total:0.58367, loss_equ:1.88315 loss_pq_vm:0.00933 loss_pq_va:0.13925 loss_pv_va:0.16284
INFO|2024-09-25 18:49:47: Epoch[064/100], iter[352/392], loss_total:0.65644, loss_equ:1.98034 loss_pq_vm:0.01127 loss_pq_va:0.16263 loss_pv_va:0.18304
INFO|2024-09-25 18:50:20: Epoch[064/100], iter[392/392], loss_total:0.62141, loss_equ:1.89758 loss_pq_vm:0.00986 loss_pq_va:0.15518 loss_pv_va:0.17789
INFO|2024-09-25 18:51:33: Epoch 63/100, lr:  0.00029424, eta: 3.94h, train_loss:  0.63197, valid_loss:  0.87611
INFO|2024-09-25 18:51:33: 	Train: PQ_Vm_rmse: 0.00035179  PQ_Va_rmse: 0.00344239  PV_Va_rmse: 0.00386733  delta_p: 0.01731686  delta_q: 0.00408449  
INFO|2024-09-25 18:51:33: 	ZTest: PQ_Vm_rmse: 0.00148527  PQ_Va_rmse: 0.01258542  PV_Va_rmse: 0.01355363  delta_p: 0.03290417  delta_q: 0.00817170  
INFO|2024-09-25 18:51:33: 	ZTest-ema: PQ_Vm_rmse: 0.001473  PQ_Va_rmse: 0.011751  PV_Va_rmse: 0.012526  delta_p: 0.025162  delta_q: 0.006276  
INFO|2024-09-25 18:51:33: 	           ValOfEMA:0.012526/0.012351,  Epoch:64/63
INFO|2024-09-25 18:51:33: 	Time(ep):394s,  Val(curr/best):0.013554/0.012035,  Epoch(curr/best):64/61
INFO|2024-09-25 18:51:33: -------------------- Epoch: 65 --------------------
INFO|2024-09-25 18:52:07: Epoch[065/100], iter[040/392], loss_total:0.62958, loss_equ:1.94628 loss_pq_vm:0.01047 loss_pq_va:0.15432 loss_pv_va:0.17593
INFO|2024-09-25 18:52:39: Epoch[065/100], iter[079/392], loss_total:0.61785, loss_equ:1.89863 loss_pq_vm:0.00991 loss_pq_va:0.15219 loss_pv_va:0.17674
INFO|2024-09-25 18:53:10: Epoch[065/100], iter[118/392], loss_total:0.61307, loss_equ:1.94429 loss_pq_vm:0.01072 loss_pq_va:0.14593 loss_pv_va:0.16546
INFO|2024-09-25 18:53:42: Epoch[065/100], iter[157/392], loss_total:0.78636, loss_equ:2.21118 loss_pq_vm:0.01661 loss_pq_va:0.18761 loss_pv_va:0.21155
INFO|2024-09-25 18:54:14: Epoch[065/100], iter[196/392], loss_total:0.69177, loss_equ:2.08199 loss_pq_vm:0.01267 loss_pq_va:0.16711 loss_pv_va:0.18976
INFO|2024-09-25 18:54:46: Epoch[065/100], iter[235/392], loss_total:0.61508, loss_equ:1.96395 loss_pq_vm:0.01039 loss_pq_va:0.14582 loss_pv_va:0.16899
INFO|2024-09-25 18:55:17: Epoch[065/100], iter[274/392], loss_total:0.62722, loss_equ:1.91630 loss_pq_vm:0.01002 loss_pq_va:0.15435 loss_pv_va:0.18100
INFO|2024-09-25 18:55:49: Epoch[065/100], iter[313/392], loss_total:0.61446, loss_equ:1.92191 loss_pq_vm:0.00983 loss_pq_va:0.15013 loss_pv_va:0.17385
INFO|2024-09-25 18:56:20: Epoch[065/100], iter[352/392], loss_total:0.64582, loss_equ:2.02195 loss_pq_vm:0.01015 loss_pq_va:0.15897 loss_pv_va:0.18312
INFO|2024-09-25 18:56:53: Epoch[065/100], iter[392/392], loss_total:0.62744, loss_equ:1.97769 loss_pq_vm:0.01110 loss_pq_va:0.14760 loss_pv_va:0.17106
INFO|2024-09-25 18:58:06: Epoch 64/100, lr:  0.00028027, eta: 3.82h, train_loss:  0.64730, valid_loss:  0.86488
INFO|2024-09-25 18:58:06: 	Train: PQ_Vm_rmse: 0.00037853  PQ_Va_rmse: 0.00377021  PV_Va_rmse: 0.00432722  delta_p: 0.02028882  delta_q: 0.00453956  
INFO|2024-09-25 18:58:06: 	ZTest: PQ_Vm_rmse: 0.00135838  PQ_Va_rmse: 0.01187252  PV_Va_rmse: 0.01273059  delta_p: 0.04400685  delta_q: 0.00759392  
INFO|2024-09-25 18:58:06: 	ZTest-ema: PQ_Vm_rmse: 0.001491  PQ_Va_rmse: 0.011811  PV_Va_rmse: 0.012612  delta_p: 0.025439  delta_q: 0.006028  
INFO|2024-09-25 18:58:06: 	           ValOfEMA:0.012612/0.012351,  Epoch:65/63
INFO|2024-09-25 18:58:06: 	Time(ep):392s,  Val(curr/best):0.012731/0.012035,  Epoch(curr/best):65/61
INFO|2024-09-25 18:58:06: -------------------- Epoch: 66 --------------------
INFO|2024-09-25 18:58:40: Epoch[066/100], iter[040/392], loss_total:0.61721, loss_equ:1.94653 loss_pq_vm:0.01154 loss_pq_va:0.14341 loss_pv_va:0.16373
INFO|2024-09-25 18:59:12: Epoch[066/100], iter[079/392], loss_total:0.63498, loss_equ:1.95802 loss_pq_vm:0.01075 loss_pq_va:0.15563 loss_pv_va:0.17608
INFO|2024-09-25 18:59:44: Epoch[066/100], iter[118/392], loss_total:0.66743, loss_equ:1.97183 loss_pq_vm:0.01081 loss_pq_va:0.16818 loss_pv_va:0.19399
INFO|2024-09-25 19:00:15: Epoch[066/100], iter[157/392], loss_total:0.62876, loss_equ:1.91143 loss_pq_vm:0.01067 loss_pq_va:0.15339 loss_pv_va:0.17749
INFO|2024-09-25 19:00:46: Epoch[066/100], iter[196/392], loss_total:0.61681, loss_equ:1.90542 loss_pq_vm:0.01074 loss_pq_va:0.14804 loss_pv_va:0.17082
INFO|2024-09-25 19:01:18: Epoch[066/100], iter[235/392], loss_total:0.65833, loss_equ:2.04980 loss_pq_vm:0.01191 loss_pq_va:0.15578 loss_pv_va:0.17846
INFO|2024-09-25 19:01:50: Epoch[066/100], iter[274/392], loss_total:0.62105, loss_equ:1.92596 loss_pq_vm:0.01040 loss_pq_va:0.15192 loss_pv_va:0.17256
INFO|2024-09-25 19:02:22: Epoch[066/100], iter[313/392], loss_total:0.62233, loss_equ:1.93620 loss_pq_vm:0.01059 loss_pq_va:0.15148 loss_pv_va:0.17134
INFO|2024-09-25 19:02:53: Epoch[066/100], iter[352/392], loss_total:0.60544, loss_equ:1.87253 loss_pq_vm:0.01003 loss_pq_va:0.14910 loss_pv_va:0.16875
INFO|2024-09-25 19:03:26: Epoch[066/100], iter[392/392], loss_total:0.62916, loss_equ:1.90124 loss_pq_vm:0.01052 loss_pq_va:0.15596 loss_pv_va:0.17787
INFO|2024-09-25 19:04:39: Epoch 65/100, lr:  0.00026653, eta: 3.71h, train_loss:  0.62645, valid_loss:  0.86901
INFO|2024-09-25 19:04:39: 	Train: PQ_Vm_rmse: 0.00034790  PQ_Va_rmse: 0.00323221  PV_Va_rmse: 0.00362505  delta_p: 0.01615595  delta_q: 0.00422488  
INFO|2024-09-25 19:04:39: 	ZTest: PQ_Vm_rmse: 0.00145842  PQ_Va_rmse: 0.01155158  PV_Va_rmse: 0.01241562  delta_p: 0.02418947  delta_q: 0.00658762  
INFO|2024-09-25 19:04:39: 	ZTest-ema: PQ_Vm_rmse: 0.001408  PQ_Va_rmse: 0.011461  PV_Va_rmse: 0.012252  delta_p: 0.022917  delta_q: 0.005927  
INFO|2024-09-25 19:04:39: 	           ValOfEMA:0.012252/0.012252,  Epoch:66/66
INFO|2024-09-25 19:04:39: 	Time(ep):392s,  Val(curr/best):0.012416/0.012035,  Epoch(curr/best):66/61
INFO|2024-09-25 19:04:39: -------------------- Epoch: 67 --------------------
INFO|2024-09-25 19:05:13: Epoch[067/100], iter[040/392], loss_total:0.65829, loss_equ:1.87098 loss_pq_vm:0.01111 loss_pq_va:0.16736 loss_pv_va:0.19273
INFO|2024-09-25 19:05:45: Epoch[067/100], iter[079/392], loss_total:0.61373, loss_equ:1.93289 loss_pq_vm:0.00999 loss_pq_va:0.14855 loss_pv_va:0.17202
INFO|2024-09-25 19:06:17: Epoch[067/100], iter[118/392], loss_total:0.71448, loss_equ:2.17846 loss_pq_vm:0.01353 loss_pq_va:0.16604 loss_pv_va:0.19526
INFO|2024-09-25 19:06:48: Epoch[067/100], iter[157/392], loss_total:0.63711, loss_equ:1.92437 loss_pq_vm:0.01048 loss_pq_va:0.15800 loss_pv_va:0.18190
INFO|2024-09-25 19:07:20: Epoch[067/100], iter[196/392], loss_total:0.60571, loss_equ:1.88740 loss_pq_vm:0.01039 loss_pq_va:0.14672 loss_pv_va:0.16638
INFO|2024-09-25 19:07:52: Epoch[067/100], iter[235/392], loss_total:0.58699, loss_equ:1.84245 loss_pq_vm:0.00965 loss_pq_va:0.14268 loss_pv_va:0.16360
INFO|2024-09-25 19:08:24: Epoch[067/100], iter[274/392], loss_total:0.60844, loss_equ:1.86955 loss_pq_vm:0.00958 loss_pq_va:0.15154 loss_pv_va:0.17413
INFO|2024-09-25 19:08:56: Epoch[067/100], iter[313/392], loss_total:0.63396, loss_equ:1.84937 loss_pq_vm:0.01034 loss_pq_va:0.16037 loss_pv_va:0.18527
INFO|2024-09-25 19:09:28: Epoch[067/100], iter[352/392], loss_total:0.61696, loss_equ:1.92953 loss_pq_vm:0.00994 loss_pq_va:0.15182 loss_pv_va:0.17282
INFO|2024-09-25 19:10:01: Epoch[067/100], iter[392/392], loss_total:0.59848, loss_equ:1.88716 loss_pq_vm:0.01023 loss_pq_va:0.14393 loss_pv_va:0.16357
INFO|2024-09-25 19:11:17: Epoch 66/100, lr:  0.00025302, eta: 3.64h, train_loss:  0.62024, valid_loss:  0.84097
INFO|2024-09-25 19:11:17: 	Train: PQ_Vm_rmse: 0.00032284  PQ_Va_rmse: 0.00317991  PV_Va_rmse: 0.00357916  delta_p: 0.01553536  delta_q: 0.00384926  
INFO|2024-09-25 19:11:17: 	ZTest: PQ_Vm_rmse: 0.00144303  PQ_Va_rmse: 0.01132336  PV_Va_rmse: 0.01205877  delta_p: 0.02738773  delta_q: 0.00640032  
INFO|2024-09-25 19:11:17: 	ZTest-ema: PQ_Vm_rmse: 0.001463  PQ_Va_rmse: 0.011611  PV_Va_rmse: 0.012392  delta_p: 0.025084  delta_q: 0.006288  
INFO|2024-09-25 19:11:17: 	           ValOfEMA:0.012392/0.012252,  Epoch:67/66
INFO|2024-09-25 19:11:17: 	Time(ep):397s,  Val(curr/best):0.012059/0.012035,  Epoch(curr/best):67/61
INFO|2024-09-25 19:11:17: -------------------- Epoch: 68 --------------------
INFO|2024-09-25 19:11:52: Epoch[068/100], iter[040/392], loss_total:0.56936, loss_equ:1.90927 loss_pq_vm:0.00927 loss_pq_va:0.13091 loss_pv_va:0.15486
INFO|2024-09-25 19:12:24: Epoch[068/100], iter[079/392], loss_total:0.58282, loss_equ:1.84594 loss_pq_vm:0.00990 loss_pq_va:0.13883 loss_pv_va:0.16040
INFO|2024-09-25 19:12:56: Epoch[068/100], iter[118/392], loss_total:0.58997, loss_equ:1.87287 loss_pq_vm:0.00926 loss_pq_va:0.14238 loss_pv_va:0.16772
INFO|2024-09-25 19:13:28: Epoch[068/100], iter[157/392], loss_total:0.59940, loss_equ:1.90755 loss_pq_vm:0.00985 loss_pq_va:0.14318 loss_pv_va:0.16697
INFO|2024-09-25 19:14:00: Epoch[068/100], iter[196/392], loss_total:0.61914, loss_equ:1.93105 loss_pq_vm:0.01091 loss_pq_va:0.14758 loss_pv_va:0.16935
INFO|2024-09-25 19:14:32: Epoch[068/100], iter[235/392], loss_total:0.56913, loss_equ:1.79302 loss_pq_vm:0.00987 loss_pq_va:0.13559 loss_pv_va:0.15554
INFO|2024-09-25 19:15:05: Epoch[068/100], iter[274/392], loss_total:0.64928, loss_equ:2.02176 loss_pq_vm:0.01061 loss_pq_va:0.15958 loss_pv_va:0.18141
INFO|2024-09-25 19:15:37: Epoch[068/100], iter[313/392], loss_total:0.56845, loss_equ:1.83990 loss_pq_vm:0.00894 loss_pq_va:0.13599 loss_pv_va:0.15902
INFO|2024-09-25 19:16:09: Epoch[068/100], iter[352/392], loss_total:0.69082, loss_equ:2.03926 loss_pq_vm:0.01231 loss_pq_va:0.17051 loss_pv_va:0.19332
INFO|2024-09-25 19:16:42: Epoch[068/100], iter[392/392], loss_total:0.63249, loss_equ:1.95213 loss_pq_vm:0.01253 loss_pq_va:0.14579 loss_pv_va:0.16620
INFO|2024-09-25 19:17:55: Epoch 67/100, lr:  0.00023977, eta: 3.54h, train_loss:  0.61984, valid_loss:  0.83427
INFO|2024-09-25 19:17:55: 	Train: PQ_Vm_rmse: 0.00033011  PQ_Va_rmse: 0.00301198  PV_Va_rmse: 0.00340245  delta_p: 0.01752852  delta_q: 0.00400321  
INFO|2024-09-25 19:17:55: 	ZTest: PQ_Vm_rmse: 0.00128897  PQ_Va_rmse: 0.01075856  PV_Va_rmse: 0.01156333  delta_p: 0.02751243  delta_q: 0.00714702  
INFO|2024-09-25 19:17:55: 	ZTest-ema: PQ_Vm_rmse: 0.001464  PQ_Va_rmse: 0.011714  PV_Va_rmse: 0.012425  delta_p: 0.023826  delta_q: 0.005933  
INFO|2024-09-25 19:17:55: 	           ValOfEMA:0.012425/0.012252,  Epoch:68/66
INFO|2024-09-25 19:17:56: 	Time(ep):398s,  Val(curr/best):0.011563/0.011563,  Epoch(curr/best):68/68
INFO|2024-09-25 19:17:56: -------------------- Epoch: 69 --------------------
INFO|2024-09-25 19:18:30: Epoch[069/100], iter[040/392], loss_total:0.70991, loss_equ:2.22221 loss_pq_vm:0.01146 loss_pq_va:0.17292 loss_pv_va:0.20016
INFO|2024-09-25 19:19:02: Epoch[069/100], iter[079/392], loss_total:0.67038, loss_equ:2.01156 loss_pq_vm:0.01063 loss_pq_va:0.16705 loss_pv_va:0.19592
INFO|2024-09-25 19:19:34: Epoch[069/100], iter[118/392], loss_total:0.59768, loss_equ:1.88129 loss_pq_vm:0.01006 loss_pq_va:0.14433 loss_pv_va:0.16459
INFO|2024-09-25 19:20:06: Epoch[069/100], iter[157/392], loss_total:0.61681, loss_equ:1.87448 loss_pq_vm:0.00940 loss_pq_va:0.15560 loss_pv_va:0.17978
INFO|2024-09-25 19:20:37: Epoch[069/100], iter[196/392], loss_total:0.59759, loss_equ:1.90998 loss_pq_vm:0.00941 loss_pq_va:0.14475 loss_pv_va:0.16769
INFO|2024-09-25 19:21:09: Epoch[069/100], iter[235/392], loss_total:0.61046, loss_equ:1.90619 loss_pq_vm:0.00971 loss_pq_va:0.14954 loss_pv_va:0.17317
INFO|2024-09-25 19:21:41: Epoch[069/100], iter[274/392], loss_total:0.60428, loss_equ:1.85318 loss_pq_vm:0.00998 loss_pq_va:0.14975 loss_pv_va:0.16941
INFO|2024-09-25 19:22:13: Epoch[069/100], iter[313/392], loss_total:0.59842, loss_equ:1.85198 loss_pq_vm:0.01114 loss_pq_va:0.14043 loss_pv_va:0.16142
INFO|2024-09-25 19:22:45: Epoch[069/100], iter[352/392], loss_total:0.60887, loss_equ:1.95692 loss_pq_vm:0.00988 loss_pq_va:0.14540 loss_pv_va:0.16895
INFO|2024-09-25 19:23:18: Epoch[069/100], iter[392/392], loss_total:0.60014, loss_equ:1.86153 loss_pq_vm:0.01140 loss_pq_va:0.13815 loss_pv_va:0.16181
INFO|2024-09-25 19:24:33: Epoch 68/100, lr:  0.00022677, eta: 3.42h, train_loss:  0.62052, valid_loss:  0.86409
INFO|2024-09-25 19:24:33: 	Train: PQ_Vm_rmse: 0.00033386  PQ_Va_rmse: 0.00314663  PV_Va_rmse: 0.00354647  delta_p: 0.01721529  delta_q: 0.00408894  
INFO|2024-09-25 19:24:33: 	ZTest: PQ_Vm_rmse: 0.00157381  PQ_Va_rmse: 0.01200565  PV_Va_rmse: 0.01280577  delta_p: 0.02638947  delta_q: 0.00758793  
INFO|2024-09-25 19:24:33: 	ZTest-ema: PQ_Vm_rmse: 0.001444  PQ_Va_rmse: 0.011387  PV_Va_rmse: 0.012165  delta_p: 0.023492  delta_q: 0.005812  
INFO|2024-09-25 19:24:33: 	           ValOfEMA:0.012165/0.012165,  Epoch:69/69
INFO|2024-09-25 19:24:33: 	Time(ep):396s,  Val(curr/best):0.012806/0.011563,  Epoch(curr/best):69/68
INFO|2024-09-25 19:24:33: -------------------- Epoch: 70 --------------------
INFO|2024-09-25 19:25:08: Epoch[070/100], iter[040/392], loss_total:0.58507, loss_equ:1.85104 loss_pq_vm:0.00900 loss_pq_va:0.14472 loss_pv_va:0.16525
INFO|2024-09-25 19:25:40: Epoch[070/100], iter[079/392], loss_total:0.57071, loss_equ:1.83587 loss_pq_vm:0.00916 loss_pq_va:0.13700 loss_pv_va:0.15849
INFO|2024-09-25 19:26:12: Epoch[070/100], iter[118/392], loss_total:0.61458, loss_equ:1.92611 loss_pq_vm:0.01002 loss_pq_va:0.15064 loss_pv_va:0.17111
INFO|2024-09-25 19:26:44: Epoch[070/100], iter[157/392], loss_total:0.55928, loss_equ:1.82245 loss_pq_vm:0.00910 loss_pq_va:0.13375 loss_pv_va:0.15227
INFO|2024-09-25 19:27:16: Epoch[070/100], iter[196/392], loss_total:0.62759, loss_equ:1.86214 loss_pq_vm:0.01001 loss_pq_va:0.15916 loss_pv_va:0.18210
INFO|2024-09-25 19:27:48: Epoch[070/100], iter[235/392], loss_total:0.65903, loss_equ:1.94914 loss_pq_vm:0.01087 loss_pq_va:0.16578 loss_pv_va:0.18962
INFO|2024-09-25 19:28:20: Epoch[070/100], iter[274/392], loss_total:0.58774, loss_equ:1.84513 loss_pq_vm:0.01054 loss_pq_va:0.13804 loss_pv_va:0.15977
INFO|2024-09-25 19:28:53: Epoch[070/100], iter[313/392], loss_total:0.56889, loss_equ:1.80960 loss_pq_vm:0.00919 loss_pq_va:0.13758 loss_pv_va:0.15840
INFO|2024-09-25 19:29:25: Epoch[070/100], iter[352/392], loss_total:0.60676, loss_equ:1.88675 loss_pq_vm:0.01024 loss_pq_va:0.14733 loss_pv_va:0.16837
INFO|2024-09-25 19:29:58: Epoch[070/100], iter[392/392], loss_total:0.60044, loss_equ:1.89441 loss_pq_vm:0.00970 loss_pq_va:0.14571 loss_pv_va:0.16828
INFO|2024-09-25 19:31:12: Epoch 69/100, lr:  0.00021405, eta: 3.32h, train_loss:  0.60013, valid_loss:  0.86110
INFO|2024-09-25 19:31:12: 	Train: PQ_Vm_rmse: 0.00028881  PQ_Va_rmse: 0.00267731  PV_Va_rmse: 0.00299898  delta_p: 0.01314481  delta_q: 0.00361491  
INFO|2024-09-25 19:31:12: 	ZTest: PQ_Vm_rmse: 0.00156690  PQ_Va_rmse: 0.01256615  PV_Va_rmse: 0.01344763  delta_p: 0.02732723  delta_q: 0.00712337  
INFO|2024-09-25 19:31:12: 	ZTest-ema: PQ_Vm_rmse: 0.001542  PQ_Va_rmse: 0.011761  PV_Va_rmse: 0.012511  delta_p: 0.023302  delta_q: 0.006063  
INFO|2024-09-25 19:31:12: 	           ValOfEMA:0.012511/0.012165,  Epoch:70/69
INFO|2024-09-25 19:31:13: 	Time(ep):398s,  Val(curr/best):0.013448/0.011563,  Epoch(curr/best):70/68
INFO|2024-09-25 19:31:13: -------------------- Epoch: 71 --------------------
INFO|2024-09-25 19:31:47: Epoch[071/100], iter[040/392], loss_total:0.57518, loss_equ:1.84085 loss_pq_vm:0.00877 loss_pq_va:0.14097 loss_pv_va:0.16246
INFO|2024-09-25 19:32:20: Epoch[071/100], iter[079/392], loss_total:0.58397, loss_equ:1.81461 loss_pq_vm:0.01013 loss_pq_va:0.13910 loss_pv_va:0.16213
INFO|2024-09-25 19:32:52: Epoch[071/100], iter[118/392], loss_total:0.70923, loss_equ:1.89314 loss_pq_vm:0.01255 loss_pq_va:0.18381 loss_pv_va:0.21063
INFO|2024-09-25 19:33:24: Epoch[071/100], iter[157/392], loss_total:0.65253, loss_equ:1.89913 loss_pq_vm:0.01107 loss_pq_va:0.16399 loss_pv_va:0.18790
INFO|2024-09-25 19:33:56: Epoch[071/100], iter[196/392], loss_total:0.60804, loss_equ:1.83604 loss_pq_vm:0.01021 loss_pq_va:0.15010 loss_pv_va:0.17220
INFO|2024-09-25 19:34:28: Epoch[071/100], iter[235/392], loss_total:0.59263, loss_equ:1.82536 loss_pq_vm:0.01009 loss_pq_va:0.14459 loss_pv_va:0.16456
INFO|2024-09-25 19:35:00: Epoch[071/100], iter[274/392], loss_total:0.61223, loss_equ:1.86275 loss_pq_vm:0.01016 loss_pq_va:0.15017 loss_pv_va:0.17417
INFO|2024-09-25 19:35:32: Epoch[071/100], iter[313/392], loss_total:0.61195, loss_equ:1.85781 loss_pq_vm:0.01104 loss_pq_va:0.14638 loss_pv_va:0.16941
INFO|2024-09-25 19:36:04: Epoch[071/100], iter[352/392], loss_total:0.58032, loss_equ:1.80626 loss_pq_vm:0.00939 loss_pq_va:0.14256 loss_pv_va:0.16319
INFO|2024-09-25 19:36:37: Epoch[071/100], iter[392/392], loss_total:0.57034, loss_equ:1.81159 loss_pq_vm:0.00926 loss_pq_va:0.13841 loss_pv_va:0.15814
INFO|2024-09-25 19:37:51: Epoch 70/100, lr:  0.00020161, eta: 3.21h, train_loss:  0.60092, valid_loss:  0.83014
INFO|2024-09-25 19:37:51: 	Train: PQ_Vm_rmse: 0.00030507  PQ_Va_rmse: 0.00292714  PV_Va_rmse: 0.00330523  delta_p: 0.01409184  delta_q: 0.00355085  
INFO|2024-09-25 19:37:51: 	ZTest: PQ_Vm_rmse: 0.00142403  PQ_Va_rmse: 0.01193663  PV_Va_rmse: 0.01281314  delta_p: 0.02704834  delta_q: 0.00646287  
INFO|2024-09-25 19:37:51: 	ZTest-ema: PQ_Vm_rmse: 0.001357  PQ_Va_rmse: 0.011546  PV_Va_rmse: 0.012337  delta_p: 0.023104  delta_q: 0.005891  
INFO|2024-09-25 19:37:51: 	           ValOfEMA:0.012337/0.012165,  Epoch:71/69
INFO|2024-09-25 19:37:51: 	Time(ep):398s,  Val(curr/best):0.012813/0.011563,  Epoch(curr/best):71/68
INFO|2024-09-25 19:37:51: -------------------- Epoch: 72 --------------------
INFO|2024-09-25 19:38:25: Epoch[072/100], iter[040/392], loss_total:0.58043, loss_equ:1.81164 loss_pq_vm:0.00957 loss_pq_va:0.14186 loss_pv_va:0.16173
INFO|2024-09-25 19:38:57: Epoch[072/100], iter[079/392], loss_total:0.57504, loss_equ:1.82495 loss_pq_vm:0.00938 loss_pq_va:0.13908 loss_pv_va:0.15967
INFO|2024-09-25 19:39:30: Epoch[072/100], iter[118/392], loss_total:0.57799, loss_equ:1.78079 loss_pq_vm:0.00985 loss_pq_va:0.13878 loss_pv_va:0.16267
INFO|2024-09-25 19:40:02: Epoch[072/100], iter[157/392], loss_total:0.56168, loss_equ:1.81244 loss_pq_vm:0.00930 loss_pq_va:0.13298 loss_pv_va:0.15449
INFO|2024-09-25 19:40:34: Epoch[072/100], iter[196/392], loss_total:0.57584, loss_equ:1.81738 loss_pq_vm:0.00920 loss_pq_va:0.13968 loss_pv_va:0.16239
INFO|2024-09-25 19:41:06: Epoch[072/100], iter[235/392], loss_total:0.56362, loss_equ:1.81828 loss_pq_vm:0.00981 loss_pq_va:0.13216 loss_pv_va:0.15154
INFO|2024-09-25 19:41:38: Epoch[072/100], iter[274/392], loss_total:0.58054, loss_equ:1.80350 loss_pq_vm:0.00934 loss_pq_va:0.14316 loss_pv_va:0.16358
INFO|2024-09-25 19:42:10: Epoch[072/100], iter[313/392], loss_total:0.60384, loss_equ:1.84967 loss_pq_vm:0.00977 loss_pq_va:0.14933 loss_pv_va:0.17183
INFO|2024-09-25 19:42:42: Epoch[072/100], iter[352/392], loss_total:0.57379, loss_equ:1.84750 loss_pq_vm:0.00879 loss_pq_va:0.13928 loss_pv_va:0.16186
INFO|2024-09-25 19:43:15: Epoch[072/100], iter[392/392], loss_total:0.66900, loss_equ:2.00846 loss_pq_vm:0.01289 loss_pq_va:0.15858 loss_pv_va:0.18065
INFO|2024-09-25 19:44:30: Epoch 71/100, lr:  0.00018948, eta: 3.1h, train_loss:  0.59428, valid_loss:  0.87993
INFO|2024-09-25 19:44:30: 	Train: PQ_Vm_rmse: 0.00028093  PQ_Va_rmse: 0.00264531  PV_Va_rmse: 0.00299635  delta_p: 0.01367246  delta_q: 0.00332695  
INFO|2024-09-25 19:44:30: 	ZTest: PQ_Vm_rmse: 0.00136298  PQ_Va_rmse: 0.01172485  PV_Va_rmse: 0.01276102  delta_p: 0.03511340  delta_q: 0.00918266  
INFO|2024-09-25 19:44:30: 	ZTest-ema: PQ_Vm_rmse: 0.001262  PQ_Va_rmse: 0.011070  PV_Va_rmse: 0.011883  delta_p: 0.024644  delta_q: 0.006065  
INFO|2024-09-25 19:44:30: 	           ValOfEMA:0.011883/0.011883,  Epoch:72/72
INFO|2024-09-25 19:44:31: 	Time(ep):398s,  Val(curr/best):0.012761/0.011563,  Epoch(curr/best):72/68
INFO|2024-09-25 19:44:31: -------------------- Epoch: 73 --------------------
INFO|2024-09-25 19:45:05: Epoch[073/100], iter[040/392], loss_total:0.56167, loss_equ:1.81835 loss_pq_vm:0.00892 loss_pq_va:0.13426 loss_pv_va:0.15636
INFO|2024-09-25 19:45:37: Epoch[073/100], iter[079/392], loss_total:0.58429, loss_equ:1.86699 loss_pq_vm:0.00936 loss_pq_va:0.14108 loss_pv_va:0.16286
INFO|2024-09-25 19:46:10: Epoch[073/100], iter[118/392], loss_total:0.57778, loss_equ:1.87734 loss_pq_vm:0.00924 loss_pq_va:0.13802 loss_pv_va:0.15967
INFO|2024-09-25 19:46:42: Epoch[073/100], iter[157/392], loss_total:0.59029, loss_equ:1.79105 loss_pq_vm:0.00978 loss_pq_va:0.14689 loss_pv_va:0.16650
INFO|2024-09-25 19:47:13: Epoch[073/100], iter[196/392], loss_total:0.60586, loss_equ:1.89706 loss_pq_vm:0.00964 loss_pq_va:0.14890 loss_pv_va:0.17081
INFO|2024-09-25 19:47:45: Epoch[073/100], iter[235/392], loss_total:0.56986, loss_equ:1.80993 loss_pq_vm:0.00906 loss_pq_va:0.13840 loss_pv_va:0.15985
INFO|2024-09-25 19:48:17: Epoch[073/100], iter[274/392], loss_total:0.61325, loss_equ:1.88774 loss_pq_vm:0.01046 loss_pq_va:0.14964 loss_pv_va:0.17029
INFO|2024-09-25 19:48:49: Epoch[073/100], iter[313/392], loss_total:0.57229, loss_equ:1.79959 loss_pq_vm:0.00990 loss_pq_va:0.13671 loss_pv_va:0.15663
INFO|2024-09-25 19:49:21: Epoch[073/100], iter[352/392], loss_total:0.56571, loss_equ:1.82591 loss_pq_vm:0.00875 loss_pq_va:0.13641 loss_pv_va:0.15924
INFO|2024-09-25 19:49:54: Epoch[073/100], iter[392/392], loss_total:0.61094, loss_equ:1.84435 loss_pq_vm:0.00985 loss_pq_va:0.15380 loss_pv_va:0.17419
INFO|2024-09-25 19:51:08: Epoch 72/100, lr:  0.00017765, eta: 2.98h, train_loss:  0.58993, valid_loss:  0.81288
INFO|2024-09-25 19:51:08: 	Train: PQ_Vm_rmse: 0.00027496  PQ_Va_rmse: 0.00250013  PV_Va_rmse: 0.00281839  delta_p: 0.01389951  delta_q: 0.00340768  
INFO|2024-09-25 19:51:08: 	ZTest: PQ_Vm_rmse: 0.00132728  PQ_Va_rmse: 0.01141723  PV_Va_rmse: 0.01227727  delta_p: 0.02691716  delta_q: 0.00675471  
INFO|2024-09-25 19:51:08: 	ZTest-ema: PQ_Vm_rmse: 0.001337  PQ_Va_rmse: 0.011267  PV_Va_rmse: 0.012084  delta_p: 0.024112  delta_q: 0.005954  
INFO|2024-09-25 19:51:08: 	           ValOfEMA:0.012084/0.011883,  Epoch:73/72
INFO|2024-09-25 19:51:08: 	Time(ep):397s,  Val(curr/best):0.012277/0.011563,  Epoch(curr/best):73/68
INFO|2024-09-25 19:51:08: -------------------- Epoch: 74 --------------------
INFO|2024-09-25 19:51:43: Epoch[074/100], iter[040/392], loss_total:0.58333, loss_equ:1.80470 loss_pq_vm:0.00947 loss_pq_va:0.14377 loss_pv_va:0.16439
INFO|2024-09-25 19:52:16: Epoch[074/100], iter[079/392], loss_total:0.60179, loss_equ:1.87675 loss_pq_vm:0.01012 loss_pq_va:0.14616 loss_pv_va:0.16676
INFO|2024-09-25 19:52:48: Epoch[074/100], iter[118/392], loss_total:0.57309, loss_equ:1.82864 loss_pq_vm:0.00923 loss_pq_va:0.13813 loss_pv_va:0.15978
INFO|2024-09-25 19:53:20: Epoch[074/100], iter[157/392], loss_total:0.58093, loss_equ:1.84433 loss_pq_vm:0.00941 loss_pq_va:0.14066 loss_pv_va:0.16172
INFO|2024-09-25 19:53:53: Epoch[074/100], iter[196/392], loss_total:0.60852, loss_equ:1.86288 loss_pq_vm:0.00959 loss_pq_va:0.15160 loss_pv_va:0.17473
INFO|2024-09-25 19:54:25: Epoch[074/100], iter[235/392], loss_total:0.59427, loss_equ:1.82650 loss_pq_vm:0.01067 loss_pq_va:0.14096 loss_pv_va:0.16396
INFO|2024-09-25 19:54:57: Epoch[074/100], iter[274/392], loss_total:0.57855, loss_equ:1.77857 loss_pq_vm:0.00922 loss_pq_va:0.14289 loss_pv_va:0.16559
INFO|2024-09-25 19:55:30: Epoch[074/100], iter[313/392], loss_total:0.62305, loss_equ:1.90346 loss_pq_vm:0.01065 loss_pq_va:0.15123 loss_pv_va:0.17498
INFO|2024-09-25 19:56:02: Epoch[074/100], iter[352/392], loss_total:0.60140, loss_equ:1.88936 loss_pq_vm:0.00990 loss_pq_va:0.14555 loss_pv_va:0.16794
INFO|2024-09-25 19:56:35: Epoch[074/100], iter[392/392], loss_total:0.57728, loss_equ:1.79270 loss_pq_vm:0.00942 loss_pq_va:0.14148 loss_pv_va:0.16231
INFO|2024-09-25 19:57:49: Epoch 73/100, lr:  0.00016615, eta: 2.9h, train_loss:  0.59270, valid_loss:  0.83592
INFO|2024-09-25 19:57:49: 	Train: PQ_Vm_rmse: 0.00028953  PQ_Va_rmse: 0.00276552  PV_Va_rmse: 0.00310383  delta_p: 0.01271538  delta_q: 0.00354655  
INFO|2024-09-25 19:57:49: 	ZTest: PQ_Vm_rmse: 0.00140344  PQ_Va_rmse: 0.01129529  PV_Va_rmse: 0.01208888  delta_p: 0.02288091  delta_q: 0.00605384  
INFO|2024-09-25 19:57:49: 	ZTest-ema: PQ_Vm_rmse: 0.001338  PQ_Va_rmse: 0.011118  PV_Va_rmse: 0.011936  delta_p: 0.022286  delta_q: 0.005746  
INFO|2024-09-25 19:57:49: 	           ValOfEMA:0.011936/0.011883,  Epoch:74/72
INFO|2024-09-25 19:57:50: 	Time(ep):401s,  Val(curr/best):0.012089/0.011563,  Epoch(curr/best):74/68
INFO|2024-09-25 19:57:50: -------------------- Epoch: 75 --------------------
INFO|2024-09-25 19:58:24: Epoch[075/100], iter[040/392], loss_total:0.58678, loss_equ:1.83805 loss_pq_vm:0.00965 loss_pq_va:0.14303 loss_pv_va:0.16343
INFO|2024-09-25 19:58:56: Epoch[075/100], iter[079/392], loss_total:0.58842, loss_equ:1.82025 loss_pq_vm:0.00977 loss_pq_va:0.14308 loss_pv_va:0.16561
INFO|2024-09-25 19:59:28: Epoch[075/100], iter[118/392], loss_total:0.55656, loss_equ:1.74439 loss_pq_vm:0.00885 loss_pq_va:0.13648 loss_pv_va:0.15711
INFO|2024-09-25 20:00:00: Epoch[075/100], iter[157/392], loss_total:0.57825, loss_equ:1.83867 loss_pq_vm:0.00947 loss_pq_va:0.13840 loss_pv_va:0.16128
INFO|2024-09-25 20:00:32: Epoch[075/100], iter[196/392], loss_total:0.56554, loss_equ:1.78693 loss_pq_vm:0.00935 loss_pq_va:0.13604 loss_pv_va:0.15728
INFO|2024-09-25 20:01:04: Epoch[075/100], iter[235/392], loss_total:0.57147, loss_equ:1.81254 loss_pq_vm:0.00886 loss_pq_va:0.13921 loss_pv_va:0.16244
INFO|2024-09-25 20:01:36: Epoch[075/100], iter[274/392], loss_total:0.62437, loss_equ:1.85702 loss_pq_vm:0.01010 loss_pq_va:0.15768 loss_pv_va:0.17999
INFO|2024-09-25 20:02:07: Epoch[075/100], iter[313/392], loss_total:0.59054, loss_equ:1.95671 loss_pq_vm:0.00997 loss_pq_va:0.13613 loss_pv_va:0.15901
INFO|2024-09-25 20:02:40: Epoch[075/100], iter[352/392], loss_total:0.56890, loss_equ:1.84518 loss_pq_vm:0.00898 loss_pq_va:0.13710 loss_pv_va:0.15747
INFO|2024-09-25 20:03:12: Epoch[075/100], iter[392/392], loss_total:0.58115, loss_equ:1.83096 loss_pq_vm:0.00986 loss_pq_va:0.13912 loss_pv_va:0.16036
INFO|2024-09-25 20:04:26: Epoch 74/100, lr:  0.00015498, eta: 2.75h, train_loss:  0.58223, valid_loss:  0.82329
INFO|2024-09-25 20:04:26: 	Train: PQ_Vm_rmse: 0.00026787  PQ_Va_rmse: 0.00244673  PV_Va_rmse: 0.00274959  delta_p: 0.01265746  delta_q: 0.00314537  
INFO|2024-09-25 20:04:26: 	ZTest: PQ_Vm_rmse: 0.00135298  PQ_Va_rmse: 0.01189618  PV_Va_rmse: 0.01274747  delta_p: 0.02670996  delta_q: 0.00702438  
INFO|2024-09-25 20:04:26: 	ZTest-ema: PQ_Vm_rmse: 0.001421  PQ_Va_rmse: 0.011769  PV_Va_rmse: 0.012585  delta_p: 0.023465  delta_q: 0.005823  
INFO|2024-09-25 20:04:26: 	           ValOfEMA:0.012585/0.011883,  Epoch:75/72
INFO|2024-09-25 20:04:26: 	Time(ep):395s,  Val(curr/best):0.012747/0.011563,  Epoch(curr/best):75/68
INFO|2024-09-25 20:04:26: -------------------- Epoch: 76 --------------------
INFO|2024-09-25 20:05:00: Epoch[076/100], iter[040/392], loss_total:0.54264, loss_equ:1.79326 loss_pq_vm:0.00852 loss_pq_va:0.12831 loss_pv_va:0.14978
INFO|2024-09-25 20:05:33: Epoch[076/100], iter[079/392], loss_total:0.58055, loss_equ:1.81751 loss_pq_vm:0.00933 loss_pq_va:0.14200 loss_pv_va:0.16355
INFO|2024-09-25 20:06:05: Epoch[076/100], iter[118/392], loss_total:0.55707, loss_equ:1.82190 loss_pq_vm:0.00889 loss_pq_va:0.13053 loss_pv_va:0.15540
INFO|2024-09-25 20:06:37: Epoch[076/100], iter[157/392], loss_total:0.55919, loss_equ:1.77958 loss_pq_vm:0.00898 loss_pq_va:0.13514 loss_pv_va:0.15626
INFO|2024-09-25 20:07:09: Epoch[076/100], iter[196/392], loss_total:0.58038, loss_equ:1.83883 loss_pq_vm:0.00965 loss_pq_va:0.13996 loss_pv_va:0.16001
INFO|2024-09-25 20:07:41: Epoch[076/100], iter[235/392], loss_total:0.54592, loss_equ:1.74824 loss_pq_vm:0.00886 loss_pq_va:0.12975 loss_pv_va:0.15271
INFO|2024-09-25 20:08:13: Epoch[076/100], iter[274/392], loss_total:0.55088, loss_equ:1.79505 loss_pq_vm:0.00866 loss_pq_va:0.13190 loss_pv_va:0.15286
INFO|2024-09-25 20:08:45: Epoch[076/100], iter[313/392], loss_total:0.62574, loss_equ:1.79507 loss_pq_vm:0.01018 loss_pq_va:0.16180 loss_pv_va:0.18265
INFO|2024-09-25 20:09:17: Epoch[076/100], iter[352/392], loss_total:0.60518, loss_equ:1.87159 loss_pq_vm:0.01032 loss_pq_va:0.14749 loss_pv_va:0.16733
INFO|2024-09-25 20:09:49: Epoch[076/100], iter[392/392], loss_total:0.56380, loss_equ:1.79826 loss_pq_vm:0.00954 loss_pq_va:0.13304 loss_pv_va:0.15551
INFO|2024-09-25 20:11:02: Epoch 75/100, lr:  0.00014416, eta: 2.64h, train_loss:  0.58210, valid_loss:  0.80920
INFO|2024-09-25 20:11:02: 	Train: PQ_Vm_rmse: 0.00026526  PQ_Va_rmse: 0.00246703  PV_Va_rmse: 0.00277227  delta_p: 0.01211384  delta_q: 0.00323359  
INFO|2024-09-25 20:11:02: 	ZTest: PQ_Vm_rmse: 0.00129468  PQ_Va_rmse: 0.01140501  PV_Va_rmse: 0.01219165  delta_p: 0.02230829  delta_q: 0.00565159  
INFO|2024-09-25 20:11:02: 	ZTest-ema: PQ_Vm_rmse: 0.001230  PQ_Va_rmse: 0.011024  PV_Va_rmse: 0.011820  delta_p: 0.021817  delta_q: 0.005527  
INFO|2024-09-25 20:11:02: 	           ValOfEMA:0.011820/0.011820,  Epoch:76/76
INFO|2024-09-25 20:11:03: 	Time(ep):396s,  Val(curr/best):0.012192/0.011563,  Epoch(curr/best):76/68
INFO|2024-09-25 20:11:03: -------------------- Epoch: 77 --------------------
INFO|2024-09-25 20:11:37: Epoch[077/100], iter[040/392], loss_total:0.55248, loss_equ:1.77740 loss_pq_vm:0.00913 loss_pq_va:0.13256 loss_pv_va:0.15085
INFO|2024-09-25 20:12:09: Epoch[077/100], iter[079/392], loss_total:0.57914, loss_equ:1.80385 loss_pq_vm:0.00928 loss_pq_va:0.14327 loss_pv_va:0.16266
INFO|2024-09-25 20:12:41: Epoch[077/100], iter[118/392], loss_total:0.59328, loss_equ:1.81676 loss_pq_vm:0.00943 loss_pq_va:0.14735 loss_pv_va:0.16990
INFO|2024-09-25 20:13:13: Epoch[077/100], iter[157/392], loss_total:0.56338, loss_equ:1.79833 loss_pq_vm:0.00940 loss_pq_va:0.13498 loss_pv_va:0.15461
INFO|2024-09-25 20:13:46: Epoch[077/100], iter[196/392], loss_total:0.57313, loss_equ:1.77988 loss_pq_vm:0.00969 loss_pq_va:0.13794 loss_pv_va:0.16035
INFO|2024-09-25 20:14:18: Epoch[077/100], iter[235/392], loss_total:0.53478, loss_equ:1.76815 loss_pq_vm:0.00850 loss_pq_va:0.12493 loss_pv_va:0.14803
INFO|2024-09-25 20:14:50: Epoch[077/100], iter[274/392], loss_total:0.57192, loss_equ:1.83698 loss_pq_vm:0.00898 loss_pq_va:0.14061 loss_pv_va:0.15784
INFO|2024-09-25 20:15:22: Epoch[077/100], iter[313/392], loss_total:0.54379, loss_equ:1.76169 loss_pq_vm:0.00830 loss_pq_va:0.13097 loss_pv_va:0.15361
INFO|2024-09-25 20:15:54: Epoch[077/100], iter[352/392], loss_total:0.57821, loss_equ:1.84369 loss_pq_vm:0.00918 loss_pq_va:0.13973 loss_pv_va:0.16231
INFO|2024-09-25 20:16:27: Epoch[077/100], iter[392/392], loss_total:0.55963, loss_equ:1.79055 loss_pq_vm:0.00925 loss_pq_va:0.13323 loss_pv_va:0.15484
INFO|2024-09-25 20:17:41: Epoch 76/100, lr:  0.00013370, eta: 2.54h, train_loss:  0.57434, valid_loss:  0.80740
INFO|2024-09-25 20:17:41: 	Train: PQ_Vm_rmse: 0.00025229  PQ_Va_rmse: 0.00241696  PV_Va_rmse: 0.00274640  delta_p: 0.01162509  delta_q: 0.00281923  
INFO|2024-09-25 20:17:41: 	ZTest: PQ_Vm_rmse: 0.00127631  PQ_Va_rmse: 0.01076740  PV_Va_rmse: 0.01159735  delta_p: 0.02194409  delta_q: 0.00551129  
INFO|2024-09-25 20:17:41: 	ZTest-ema: PQ_Vm_rmse: 0.001312  PQ_Va_rmse: 0.011252  PV_Va_rmse: 0.012066  delta_p: 0.021880  delta_q: 0.005457  
INFO|2024-09-25 20:17:41: 	           ValOfEMA:0.012066/0.011820,  Epoch:77/76
INFO|2024-09-25 20:17:41: 	Time(ep):398s,  Val(curr/best):0.011597/0.011563,  Epoch(curr/best):77/68
INFO|2024-09-25 20:17:41: -------------------- Epoch: 78 --------------------
INFO|2024-09-25 20:18:15: Epoch[078/100], iter[040/392], loss_total:0.54012, loss_equ:1.75497 loss_pq_vm:0.00874 loss_pq_va:0.12917 loss_pv_va:0.14810
INFO|2024-09-25 20:18:46: Epoch[078/100], iter[079/392], loss_total:0.56954, loss_equ:1.80451 loss_pq_vm:0.00910 loss_pq_va:0.13755 loss_pv_va:0.16058
INFO|2024-09-25 20:19:18: Epoch[078/100], iter[118/392], loss_total:0.58646, loss_equ:1.80143 loss_pq_vm:0.00921 loss_pq_va:0.14588 loss_pv_va:0.16833
INFO|2024-09-25 20:19:50: Epoch[078/100], iter[157/392], loss_total:0.56842, loss_equ:1.75275 loss_pq_vm:0.00895 loss_pq_va:0.14172 loss_pv_va:0.16194
INFO|2024-09-25 20:20:22: Epoch[078/100], iter[196/392], loss_total:0.56993, loss_equ:1.77996 loss_pq_vm:0.00888 loss_pq_va:0.14079 loss_pv_va:0.16234
INFO|2024-09-25 20:20:54: Epoch[078/100], iter[235/392], loss_total:0.55430, loss_equ:1.77516 loss_pq_vm:0.00890 loss_pq_va:0.13323 loss_pv_va:0.15453
INFO|2024-09-25 20:21:26: Epoch[078/100], iter[274/392], loss_total:0.53969, loss_equ:1.75207 loss_pq_vm:0.00863 loss_pq_va:0.12840 loss_pv_va:0.14974
INFO|2024-09-25 20:21:58: Epoch[078/100], iter[313/392], loss_total:0.56152, loss_equ:1.77107 loss_pq_vm:0.00906 loss_pq_va:0.13714 loss_pv_va:0.15666
INFO|2024-09-25 20:22:30: Epoch[078/100], iter[352/392], loss_total:0.53995, loss_equ:1.73959 loss_pq_vm:0.00879 loss_pq_va:0.12877 loss_pv_va:0.14933
INFO|2024-09-25 20:23:03: Epoch[078/100], iter[392/392], loss_total:0.59180, loss_equ:1.81271 loss_pq_vm:0.00968 loss_pq_va:0.14522 loss_pv_va:0.16849
INFO|2024-09-25 20:24:16: Epoch 77/100, lr:  0.00012360, eta: 2.41h, train_loss:  0.56920, valid_loss:  0.81259
INFO|2024-09-25 20:24:16: 	Train: PQ_Vm_rmse: 0.00024060  PQ_Va_rmse: 0.00224940  PV_Va_rmse: 0.00254699  delta_p: 0.01080129  delta_q: 0.00278634  
INFO|2024-09-25 20:24:16: 	ZTest: PQ_Vm_rmse: 0.00125532  PQ_Va_rmse: 0.01117612  PV_Va_rmse: 0.01200058  delta_p: 0.02290172  delta_q: 0.00581711  
INFO|2024-09-25 20:24:16: 	ZTest-ema: PQ_Vm_rmse: 0.001272  PQ_Va_rmse: 0.011314  PV_Va_rmse: 0.012117  delta_p: 0.021698  delta_q: 0.005526  
INFO|2024-09-25 20:24:16: 	           ValOfEMA:0.012117/0.011820,  Epoch:78/76
INFO|2024-09-25 20:24:16: 	Time(ep):395s,  Val(curr/best):0.012001/0.011563,  Epoch(curr/best):78/68
INFO|2024-09-25 20:24:16: -------------------- Epoch: 79 --------------------
INFO|2024-09-25 20:24:51: Epoch[079/100], iter[040/392], loss_total:0.53124, loss_equ:1.74182 loss_pq_vm:0.00846 loss_pq_va:0.12690 loss_pv_va:0.14553
INFO|2024-09-25 20:25:22: Epoch[079/100], iter[079/392], loss_total:0.56203, loss_equ:1.79362 loss_pq_vm:0.00863 loss_pq_va:0.13737 loss_pv_va:0.15898
INFO|2024-09-25 20:25:54: Epoch[079/100], iter[118/392], loss_total:0.55597, loss_equ:1.77169 loss_pq_vm:0.00889 loss_pq_va:0.13322 loss_pv_va:0.15667
INFO|2024-09-25 20:26:26: Epoch[079/100], iter[157/392], loss_total:0.60113, loss_equ:1.82994 loss_pq_vm:0.00994 loss_pq_va:0.14906 loss_pv_va:0.16967
INFO|2024-09-25 20:26:57: Epoch[079/100], iter[196/392], loss_total:0.55855, loss_equ:1.75658 loss_pq_vm:0.00865 loss_pq_va:0.13838 loss_pv_va:0.15803
INFO|2024-09-25 20:27:29: Epoch[079/100], iter[235/392], loss_total:0.54266, loss_equ:1.75234 loss_pq_vm:0.00876 loss_pq_va:0.13088 loss_pv_va:0.14897
INFO|2024-09-25 20:28:01: Epoch[079/100], iter[274/392], loss_total:0.55723, loss_equ:1.75595 loss_pq_vm:0.00903 loss_pq_va:0.13524 loss_pv_va:0.15612
INFO|2024-09-25 20:28:33: Epoch[079/100], iter[313/392], loss_total:0.54485, loss_equ:1.76422 loss_pq_vm:0.00841 loss_pq_va:0.13107 loss_pv_va:0.15322
INFO|2024-09-25 20:29:05: Epoch[079/100], iter[352/392], loss_total:0.60370, loss_equ:1.83087 loss_pq_vm:0.00935 loss_pq_va:0.15057 loss_pv_va:0.17652
INFO|2024-09-25 20:29:37: Epoch[079/100], iter[392/392], loss_total:0.55214, loss_equ:1.76895 loss_pq_vm:0.00884 loss_pq_va:0.13315 loss_pv_va:0.15373
INFO|2024-09-25 20:30:50: Epoch 78/100, lr:  0.00011387, eta: 2.3h, train_loss:  0.56696, valid_loss:  0.82670
INFO|2024-09-25 20:30:50: 	Train: PQ_Vm_rmse: 0.00024102  PQ_Va_rmse: 0.00226738  PV_Va_rmse: 0.00256175  delta_p: 0.01090208  delta_q: 0.00273338  
INFO|2024-09-25 20:30:50: 	ZTest: PQ_Vm_rmse: 0.00133379  PQ_Va_rmse: 0.01201927  PV_Va_rmse: 0.01296607  delta_p: 0.02373344  delta_q: 0.00581769  
INFO|2024-09-25 20:30:50: 	ZTest-ema: PQ_Vm_rmse: 0.001321  PQ_Va_rmse: 0.011255  PV_Va_rmse: 0.012049  delta_p: 0.022600  delta_q: 0.005667  
INFO|2024-09-25 20:30:50: 	           ValOfEMA:0.012049/0.011820,  Epoch:79/76
INFO|2024-09-25 20:30:51: 	Time(ep):393s,  Val(curr/best):0.012966/0.011563,  Epoch(curr/best):79/68
INFO|2024-09-25 20:30:51: -------------------- Epoch: 80 --------------------
INFO|2024-09-25 20:31:25: Epoch[080/100], iter[040/392], loss_total:0.60475, loss_equ:1.83246 loss_pq_vm:0.00971 loss_pq_va:0.15131 loss_pv_va:0.17305
INFO|2024-09-25 20:31:56: Epoch[080/100], iter[079/392], loss_total:0.59607, loss_equ:1.87566 loss_pq_vm:0.00949 loss_pq_va:0.14598 loss_pv_va:0.16766
INFO|2024-09-25 20:32:28: Epoch[080/100], iter[118/392], loss_total:0.55005, loss_equ:1.79512 loss_pq_vm:0.00884 loss_pq_va:0.12942 loss_pv_va:0.15270
INFO|2024-09-25 20:33:00: Epoch[080/100], iter[157/392], loss_total:0.58939, loss_equ:1.84946 loss_pq_vm:0.00954 loss_pq_va:0.14339 loss_pv_va:0.16567
INFO|2024-09-25 20:33:32: Epoch[080/100], iter[196/392], loss_total:0.55181, loss_equ:1.73070 loss_pq_vm:0.00935 loss_pq_va:0.13295 loss_pv_va:0.15230
INFO|2024-09-25 20:34:04: Epoch[080/100], iter[235/392], loss_total:0.58072, loss_equ:1.83200 loss_pq_vm:0.00938 loss_pq_va:0.14118 loss_pv_va:0.16256
INFO|2024-09-25 20:34:36: Epoch[080/100], iter[274/392], loss_total:0.57115, loss_equ:1.79275 loss_pq_vm:0.00955 loss_pq_va:0.13897 loss_pv_va:0.15741
INFO|2024-09-25 20:35:08: Epoch[080/100], iter[313/392], loss_total:0.58718, loss_equ:1.84246 loss_pq_vm:0.00984 loss_pq_va:0.14174 loss_pv_va:0.16281
INFO|2024-09-25 20:35:41: Epoch[080/100], iter[352/392], loss_total:0.58352, loss_equ:1.83784 loss_pq_vm:0.00950 loss_pq_va:0.14133 loss_pv_va:0.16345
INFO|2024-09-25 20:36:14: Epoch[080/100], iter[392/392], loss_total:0.56275, loss_equ:1.76069 loss_pq_vm:0.00903 loss_pq_va:0.13726 loss_pv_va:0.15912
INFO|2024-09-25 20:37:29: Epoch 79/100, lr:  0.00010454, eta: 2.22h, train_loss:  0.56722, valid_loss:  0.80821
INFO|2024-09-25 20:37:29: 	Train: PQ_Vm_rmse: 0.00023169  PQ_Va_rmse: 0.00219326  PV_Va_rmse: 0.00249149  delta_p: 0.01152694  delta_q: 0.00288030  
INFO|2024-09-25 20:37:29: 	ZTest: PQ_Vm_rmse: 0.00125902  PQ_Va_rmse: 0.01122493  PV_Va_rmse: 0.01206076  delta_p: 0.02426162  delta_q: 0.00589707  
INFO|2024-09-25 20:37:29: 	ZTest-ema: PQ_Vm_rmse: 0.001278  PQ_Va_rmse: 0.011280  PV_Va_rmse: 0.012112  delta_p: 0.022480  delta_q: 0.005637  
INFO|2024-09-25 20:37:29: 	           ValOfEMA:0.012112/0.011820,  Epoch:80/76
INFO|2024-09-25 20:37:30: 	Time(ep):398s,  Val(curr/best):0.012061/0.011563,  Epoch(curr/best):80/68
INFO|2024-09-25 20:37:30: -------------------- Epoch: 81 --------------------
INFO|2024-09-25 20:38:04: Epoch[081/100], iter[040/392], loss_total:0.56475, loss_equ:1.76275 loss_pq_vm:0.00964 loss_pq_va:0.13575 loss_pv_va:0.15632
INFO|2024-09-25 20:38:36: Epoch[081/100], iter[079/392], loss_total:0.58753, loss_equ:1.80040 loss_pq_vm:0.00984 loss_pq_va:0.14403 loss_pv_va:0.16508
INFO|2024-09-25 20:39:08: Epoch[081/100], iter[118/392], loss_total:0.59105, loss_equ:1.79041 loss_pq_vm:0.00999 loss_pq_va:0.14596 loss_pv_va:0.16617
INFO|2024-09-25 20:39:40: Epoch[081/100], iter[157/392], loss_total:0.55732, loss_equ:1.79289 loss_pq_vm:0.00875 loss_pq_va:0.13555 loss_pv_va:0.15496
INFO|2024-09-25 20:40:12: Epoch[081/100], iter[196/392], loss_total:0.54695, loss_equ:1.78563 loss_pq_vm:0.00904 loss_pq_va:0.13003 loss_pv_va:0.14797
INFO|2024-09-25 20:40:44: Epoch[081/100], iter[235/392], loss_total:0.53663, loss_equ:1.74308 loss_pq_vm:0.00858 loss_pq_va:0.12742 loss_pv_va:0.14907
INFO|2024-09-25 20:41:16: Epoch[081/100], iter[274/392], loss_total:0.56741, loss_equ:1.78176 loss_pq_vm:0.00888 loss_pq_va:0.13854 loss_pv_va:0.16184
INFO|2024-09-25 20:41:47: Epoch[081/100], iter[313/392], loss_total:0.59616, loss_equ:1.94105 loss_pq_vm:0.01014 loss_pq_va:0.13711 loss_pv_va:0.16357
INFO|2024-09-25 20:42:19: Epoch[081/100], iter[352/392], loss_total:0.56264, loss_equ:1.82161 loss_pq_vm:0.00864 loss_pq_va:0.13714 loss_pv_va:0.15695
INFO|2024-09-25 20:42:51: Epoch[081/100], iter[392/392], loss_total:0.55255, loss_equ:1.73401 loss_pq_vm:0.00889 loss_pq_va:0.13461 loss_pv_va:0.15567
INFO|2024-09-25 20:44:05: Epoch 80/100, lr:  0.00009560, eta: 2.09h, train_loss:  0.56431, valid_loss:  0.81479
INFO|2024-09-25 20:44:05: 	Train: PQ_Vm_rmse: 0.00024244  PQ_Va_rmse: 0.00204634  PV_Va_rmse: 0.00231200  delta_p: 0.01136619  delta_q: 0.00295139  
INFO|2024-09-25 20:44:05: 	ZTest: PQ_Vm_rmse: 0.00131545  PQ_Va_rmse: 0.01145212  PV_Va_rmse: 0.01224165  delta_p: 0.02346653  delta_q: 0.00611576  
INFO|2024-09-25 20:44:05: 	ZTest-ema: PQ_Vm_rmse: 0.001256  PQ_Va_rmse: 0.011143  PV_Va_rmse: 0.011901  delta_p: 0.022156  delta_q: 0.005709  
INFO|2024-09-25 20:44:05: 	           ValOfEMA:0.011901/0.011820,  Epoch:81/76
INFO|2024-09-25 20:44:06: 	Time(ep):395s,  Val(curr/best):0.012242/0.011563,  Epoch(curr/best):81/68
INFO|2024-09-25 20:44:06: -------------------- Epoch: 82 --------------------
INFO|2024-09-25 20:44:40: Epoch[082/100], iter[040/392], loss_total:0.57637, loss_equ:1.77890 loss_pq_vm:0.00921 loss_pq_va:0.14249 loss_pv_va:0.16384
INFO|2024-09-25 20:45:12: Epoch[082/100], iter[079/392], loss_total:0.55414, loss_equ:1.76460 loss_pq_vm:0.00912 loss_pq_va:0.13248 loss_pv_va:0.15403
INFO|2024-09-25 20:45:45: Epoch[082/100], iter[118/392], loss_total:0.56052, loss_equ:1.77163 loss_pq_vm:0.00913 loss_pq_va:0.13517 loss_pv_va:0.15684
INFO|2024-09-25 20:46:17: Epoch[082/100], iter[157/392], loss_total:0.54764, loss_equ:1.76989 loss_pq_vm:0.00887 loss_pq_va:0.13102 loss_pv_va:0.15091
INFO|2024-09-25 20:46:49: Epoch[082/100], iter[196/392], loss_total:0.55800, loss_equ:1.79591 loss_pq_vm:0.00899 loss_pq_va:0.13303 loss_pv_va:0.15552
INFO|2024-09-25 20:47:22: Epoch[082/100], iter[235/392], loss_total:0.59217, loss_equ:1.79677 loss_pq_vm:0.00947 loss_pq_va:0.14658 loss_pv_va:0.17120
INFO|2024-09-25 20:47:54: Epoch[082/100], iter[274/392], loss_total:0.54880, loss_equ:1.77551 loss_pq_vm:0.00870 loss_pq_va:0.13224 loss_pv_va:0.15196
INFO|2024-09-25 20:48:25: Epoch[082/100], iter[313/392], loss_total:0.56201, loss_equ:1.75753 loss_pq_vm:0.00943 loss_pq_va:0.13474 loss_pv_va:0.15718
INFO|2024-09-25 20:48:57: Epoch[082/100], iter[352/392], loss_total:0.57057, loss_equ:1.80647 loss_pq_vm:0.00932 loss_pq_va:0.13759 loss_pv_va:0.15912
INFO|2024-09-25 20:49:30: Epoch[082/100], iter[392/392], loss_total:0.55141, loss_equ:1.82179 loss_pq_vm:0.00875 loss_pq_va:0.13063 loss_pv_va:0.15107
INFO|2024-09-25 20:50:44: Epoch 81/100, lr:  0.00008706, eta: 1.99h, train_loss:  0.55986, valid_loss:  0.80624
INFO|2024-09-25 20:50:44: 	Train: PQ_Vm_rmse: 0.00021936  PQ_Va_rmse: 0.00203880  PV_Va_rmse: 0.00229821  delta_p: 0.00991798  delta_q: 0.00260280  
INFO|2024-09-25 20:50:44: 	ZTest: PQ_Vm_rmse: 0.00128690  PQ_Va_rmse: 0.01096639  PV_Va_rmse: 0.01174006  delta_p: 0.02102825  delta_q: 0.00536713  
INFO|2024-09-25 20:50:44: 	ZTest-ema: PQ_Vm_rmse: 0.001273  PQ_Va_rmse: 0.011284  PV_Va_rmse: 0.012039  delta_p: 0.021322  delta_q: 0.005401  
INFO|2024-09-25 20:50:44: 	           ValOfEMA:0.012039/0.011820,  Epoch:82/76
INFO|2024-09-25 20:50:44: 	Time(ep):398s,  Val(curr/best):0.011740/0.011563,  Epoch(curr/best):82/68
INFO|2024-09-25 20:50:44: -------------------- Epoch: 83 --------------------
INFO|2024-09-25 20:51:19: Epoch[083/100], iter[040/392], loss_total:0.53417, loss_equ:1.73496 loss_pq_vm:0.00865 loss_pq_va:0.12712 loss_pv_va:0.14702
INFO|2024-09-25 20:51:51: Epoch[083/100], iter[079/392], loss_total:0.55745, loss_equ:1.73988 loss_pq_vm:0.00884 loss_pq_va:0.13644 loss_pv_va:0.15865
INFO|2024-09-25 20:52:23: Epoch[083/100], iter[118/392], loss_total:0.54004, loss_equ:1.75083 loss_pq_vm:0.00820 loss_pq_va:0.13226 loss_pv_va:0.15064
INFO|2024-09-25 20:52:55: Epoch[083/100], iter[157/392], loss_total:0.52940, loss_equ:1.74146 loss_pq_vm:0.00837 loss_pq_va:0.12536 loss_pv_va:0.14617
INFO|2024-09-25 20:53:27: Epoch[083/100], iter[196/392], loss_total:0.54495, loss_equ:1.74489 loss_pq_vm:0.00905 loss_pq_va:0.12961 loss_pv_va:0.15036
INFO|2024-09-25 20:53:59: Epoch[083/100], iter[235/392], loss_total:0.54765, loss_equ:1.77717 loss_pq_vm:0.00838 loss_pq_va:0.13230 loss_pv_va:0.15387
INFO|2024-09-25 20:54:31: Epoch[083/100], iter[274/392], loss_total:0.56848, loss_equ:1.75980 loss_pq_vm:0.00940 loss_pq_va:0.13896 loss_pv_va:0.15954
INFO|2024-09-25 20:55:03: Epoch[083/100], iter[313/392], loss_total:0.57449, loss_equ:1.86140 loss_pq_vm:0.00925 loss_pq_va:0.13577 loss_pv_va:0.16010
INFO|2024-09-25 20:55:35: Epoch[083/100], iter[352/392], loss_total:0.56398, loss_equ:1.81308 loss_pq_vm:0.00908 loss_pq_va:0.13508 loss_pv_va:0.15683
INFO|2024-09-25 20:56:07: Epoch[083/100], iter[392/392], loss_total:0.55859, loss_equ:1.77362 loss_pq_vm:0.00913 loss_pq_va:0.13450 loss_pv_va:0.15542
INFO|2024-09-25 20:57:22: Epoch 82/100, lr:  0.00007893, eta: 1.88h, train_loss:  0.56130, valid_loss:  0.79815
INFO|2024-09-25 20:57:22: 	Train: PQ_Vm_rmse: 0.00022122  PQ_Va_rmse: 0.00210802  PV_Va_rmse: 0.00239782  delta_p: 0.01066317  delta_q: 0.00267357  
INFO|2024-09-25 20:57:22: 	ZTest: PQ_Vm_rmse: 0.00125714  PQ_Va_rmse: 0.01123710  PV_Va_rmse: 0.01211555  delta_p: 0.02297744  delta_q: 0.00580812  
INFO|2024-09-25 20:57:22: 	ZTest-ema: PQ_Vm_rmse: 0.001214  PQ_Va_rmse: 0.010969  PV_Va_rmse: 0.011774  delta_p: 0.021851  delta_q: 0.005476  
INFO|2024-09-25 20:57:22: 	           ValOfEMA:0.011774/0.011774,  Epoch:83/83
INFO|2024-09-25 20:57:23: 	Time(ep):397s,  Val(curr/best):0.012116/0.011563,  Epoch(curr/best):83/68
INFO|2024-09-25 20:57:23: -------------------- Epoch: 84 --------------------
INFO|2024-09-25 20:57:57: Epoch[084/100], iter[040/392], loss_total:0.54546, loss_equ:1.77287 loss_pq_vm:0.00858 loss_pq_va:0.13168 loss_pv_va:0.15072
INFO|2024-09-25 20:58:30: Epoch[084/100], iter[079/392], loss_total:0.55121, loss_equ:1.77181 loss_pq_vm:0.00895 loss_pq_va:0.13197 loss_pv_va:0.15253
INFO|2024-09-25 20:59:02: Epoch[084/100], iter[118/392], loss_total:0.56013, loss_equ:1.75936 loss_pq_vm:0.00905 loss_pq_va:0.13664 loss_pv_va:0.15706
INFO|2024-09-25 20:59:34: Epoch[084/100], iter[157/392], loss_total:0.51269, loss_equ:1.69456 loss_pq_vm:0.00822 loss_pq_va:0.12123 loss_pv_va:0.13977
INFO|2024-09-25 21:00:06: Epoch[084/100], iter[196/392], loss_total:0.54950, loss_equ:1.75017 loss_pq_vm:0.00881 loss_pq_va:0.13228 loss_pv_va:0.15413
INFO|2024-09-25 21:00:39: Epoch[084/100], iter[235/392], loss_total:0.54084, loss_equ:1.74134 loss_pq_vm:0.00859 loss_pq_va:0.13141 loss_pv_va:0.14939
INFO|2024-09-25 21:01:11: Epoch[084/100], iter[274/392], loss_total:0.53701, loss_equ:1.73819 loss_pq_vm:0.00849 loss_pq_va:0.13016 loss_pv_va:0.14810
INFO|2024-09-25 21:01:43: Epoch[084/100], iter[313/392], loss_total:0.54446, loss_equ:1.74375 loss_pq_vm:0.00822 loss_pq_va:0.13276 loss_pv_va:0.15509
INFO|2024-09-25 21:02:16: Epoch[084/100], iter[352/392], loss_total:0.53919, loss_equ:1.72902 loss_pq_vm:0.00847 loss_pq_va:0.13002 loss_pv_va:0.15157
INFO|2024-09-25 21:02:49: Epoch[084/100], iter[392/392], loss_total:0.54591, loss_equ:1.75503 loss_pq_vm:0.00878 loss_pq_va:0.13102 loss_pv_va:0.15160
INFO|2024-09-25 21:04:03: Epoch 83/100, lr:  0.00007123, eta: 1.78h, train_loss:  0.55644, valid_loss:  0.81244
INFO|2024-09-25 21:04:03: 	Train: PQ_Vm_rmse: 0.00021574  PQ_Va_rmse: 0.00201680  PV_Va_rmse: 0.00228419  delta_p: 0.00980104  delta_q: 0.00250651  
INFO|2024-09-25 21:04:03: 	ZTest: PQ_Vm_rmse: 0.00129895  PQ_Va_rmse: 0.01161660  PV_Va_rmse: 0.01251846  delta_p: 0.02194276  delta_q: 0.00559627  
INFO|2024-09-25 21:04:03: 	ZTest-ema: PQ_Vm_rmse: 0.001276  PQ_Va_rmse: 0.011310  PV_Va_rmse: 0.012123  delta_p: 0.021375  delta_q: 0.005474  
INFO|2024-09-25 21:04:03: 	           ValOfEMA:0.012123/0.011774,  Epoch:84/83
INFO|2024-09-25 21:04:03: 	Time(ep):399s,  Val(curr/best):0.012518/0.011563,  Epoch(curr/best):84/68
INFO|2024-09-25 21:04:03: -------------------- Epoch: 85 --------------------
INFO|2024-09-25 21:04:37: Epoch[085/100], iter[040/392], loss_total:0.54475, loss_equ:1.75629 loss_pq_vm:0.00861 loss_pq_va:0.13199 loss_pv_va:0.15105
INFO|2024-09-25 21:05:09: Epoch[085/100], iter[079/392], loss_total:0.58056, loss_equ:1.75377 loss_pq_vm:0.00972 loss_pq_va:0.14446 loss_pv_va:0.16348
INFO|2024-09-25 21:05:40: Epoch[085/100], iter[118/392], loss_total:0.55607, loss_equ:1.75417 loss_pq_vm:0.00893 loss_pq_va:0.13469 loss_pv_va:0.15664
INFO|2024-09-25 21:06:12: Epoch[085/100], iter[157/392], loss_total:0.54993, loss_equ:1.74491 loss_pq_vm:0.00865 loss_pq_va:0.13387 loss_pv_va:0.15511
INFO|2024-09-25 21:06:44: Epoch[085/100], iter[196/392], loss_total:0.55484, loss_equ:1.76596 loss_pq_vm:0.00877 loss_pq_va:0.13575 loss_pv_va:0.15478
INFO|2024-09-25 21:07:15: Epoch[085/100], iter[235/392], loss_total:0.56881, loss_equ:1.79227 loss_pq_vm:0.00905 loss_pq_va:0.13795 loss_pv_va:0.16115
INFO|2024-09-25 21:07:47: Epoch[085/100], iter[274/392], loss_total:0.56045, loss_equ:1.81355 loss_pq_vm:0.00902 loss_pq_va:0.13388 loss_pv_va:0.15506
INFO|2024-09-25 21:08:20: Epoch[085/100], iter[313/392], loss_total:0.56309, loss_equ:1.80000 loss_pq_vm:0.00871 loss_pq_va:0.13729 loss_pv_va:0.15866
INFO|2024-09-25 21:08:52: Epoch[085/100], iter[352/392], loss_total:0.54664, loss_equ:1.74053 loss_pq_vm:0.00875 loss_pq_va:0.13349 loss_pv_va:0.15159
INFO|2024-09-25 21:09:26: Epoch[085/100], iter[392/392], loss_total:0.54252, loss_equ:1.73470 loss_pq_vm:0.00882 loss_pq_va:0.13033 loss_pv_va:0.15056
INFO|2024-09-25 21:10:40: Epoch 84/100, lr:  0.00006395, eta: 1.65h, train_loss:  0.55410, valid_loss:  0.80508
INFO|2024-09-25 21:10:40: 	Train: PQ_Vm_rmse: 0.00021278  PQ_Va_rmse: 0.00188398  PV_Va_rmse: 0.00212502  delta_p: 0.00938913  delta_q: 0.00243845  
INFO|2024-09-25 21:10:40: 	ZTest: PQ_Vm_rmse: 0.00119610  PQ_Va_rmse: 0.01084847  PV_Va_rmse: 0.01165207  delta_p: 0.02181420  delta_q: 0.00555826  
INFO|2024-09-25 21:10:40: 	ZTest-ema: PQ_Vm_rmse: 0.001191  PQ_Va_rmse: 0.010655  PV_Va_rmse: 0.011411  delta_p: 0.021121  delta_q: 0.005380  
INFO|2024-09-25 21:10:40: 	           ValOfEMA:0.011411/0.011411,  Epoch:85/85
INFO|2024-09-25 21:10:40: 	Time(ep):396s,  Val(curr/best):0.011652/0.011563,  Epoch(curr/best):85/68
INFO|2024-09-25 21:10:40: -------------------- Epoch: 86 --------------------
INFO|2024-09-25 21:11:14: Epoch[086/100], iter[040/392], loss_total:0.54324, loss_equ:1.74704 loss_pq_vm:0.00888 loss_pq_va:0.12984 loss_pv_va:0.14987
INFO|2024-09-25 21:11:47: Epoch[086/100], iter[079/392], loss_total:0.57183, loss_equ:1.80855 loss_pq_vm:0.00896 loss_pq_va:0.14117 loss_pv_va:0.16021
INFO|2024-09-25 21:12:19: Epoch[086/100], iter[118/392], loss_total:0.57751, loss_equ:1.79236 loss_pq_vm:0.00968 loss_pq_va:0.14116 loss_pv_va:0.16030
INFO|2024-09-25 21:12:51: Epoch[086/100], iter[157/392], loss_total:0.52807, loss_equ:1.71744 loss_pq_vm:0.00831 loss_pq_va:0.12539 loss_pv_va:0.14782
INFO|2024-09-25 21:13:23: Epoch[086/100], iter[196/392], loss_total:0.53916, loss_equ:1.75258 loss_pq_vm:0.00847 loss_pq_va:0.12910 loss_pv_va:0.15012
INFO|2024-09-25 21:13:55: Epoch[086/100], iter[235/392], loss_total:0.55664, loss_equ:1.75680 loss_pq_vm:0.00898 loss_pq_va:0.13619 loss_pv_va:0.15493
INFO|2024-09-25 21:14:28: Epoch[086/100], iter[274/392], loss_total:0.59492, loss_equ:1.81359 loss_pq_vm:0.00974 loss_pq_va:0.14684 loss_pv_va:0.16927
INFO|2024-09-25 21:15:00: Epoch[086/100], iter[313/392], loss_total:0.56932, loss_equ:1.75327 loss_pq_vm:0.00897 loss_pq_va:0.14090 loss_pv_va:0.16335
INFO|2024-09-25 21:15:32: Epoch[086/100], iter[352/392], loss_total:0.53454, loss_equ:1.76762 loss_pq_vm:0.00844 loss_pq_va:0.12558 loss_pv_va:0.14774
INFO|2024-09-25 21:16:05: Epoch[086/100], iter[392/392], loss_total:0.56073, loss_equ:1.76960 loss_pq_vm:0.00893 loss_pq_va:0.13600 loss_pv_va:0.15843
INFO|2024-09-25 21:17:18: Epoch 85/100, lr:  0.00005711, eta: 1.55h, train_loss:  0.55203, valid_loss:  0.79730
INFO|2024-09-25 21:17:18: 	Train: PQ_Vm_rmse: 0.00020797  PQ_Va_rmse: 0.00193051  PV_Va_rmse: 0.00219093  delta_p: 0.00930600  delta_q: 0.00236186  
INFO|2024-09-25 21:17:18: 	ZTest: PQ_Vm_rmse: 0.00119622  PQ_Va_rmse: 0.01060972  PV_Va_rmse: 0.01141832  delta_p: 0.02210947  delta_q: 0.00552791  
INFO|2024-09-25 21:17:18: 	ZTest-ema: PQ_Vm_rmse: 0.001230  PQ_Va_rmse: 0.010798  PV_Va_rmse: 0.011633  delta_p: 0.021390  delta_q: 0.005454  
INFO|2024-09-25 21:17:18: 	           ValOfEMA:0.011633/0.011411,  Epoch:86/85
INFO|2024-09-25 21:17:19: 	Time(ep):397s,  Val(curr/best):0.011418/0.011418,  Epoch(curr/best):86/86
INFO|2024-09-25 21:17:19: -------------------- Epoch: 87 --------------------
INFO|2024-09-25 21:17:53: Epoch[087/100], iter[040/392], loss_total:0.55646, loss_equ:1.77691 loss_pq_vm:0.00876 loss_pq_va:0.13468 loss_pv_va:0.15647
INFO|2024-09-25 21:18:24: Epoch[087/100], iter[079/392], loss_total:0.53785, loss_equ:1.74154 loss_pq_vm:0.00843 loss_pq_va:0.12984 loss_pv_va:0.14952
INFO|2024-09-25 21:18:55: Epoch[087/100], iter[118/392], loss_total:0.56603, loss_equ:1.75700 loss_pq_vm:0.00924 loss_pq_va:0.13839 loss_pv_va:0.15953
INFO|2024-09-25 21:19:27: Epoch[087/100], iter[157/392], loss_total:0.56185, loss_equ:1.77161 loss_pq_vm:0.00914 loss_pq_va:0.13573 loss_pv_va:0.15760
INFO|2024-09-25 21:19:59: Epoch[087/100], iter[196/392], loss_total:0.55588, loss_equ:1.74382 loss_pq_vm:0.00888 loss_pq_va:0.13512 loss_pv_va:0.15760
INFO|2024-09-25 21:20:31: Epoch[087/100], iter[235/392], loss_total:0.56112, loss_equ:1.77395 loss_pq_vm:0.00903 loss_pq_va:0.13563 loss_pv_va:0.15779
INFO|2024-09-25 21:21:03: Epoch[087/100], iter[274/392], loss_total:0.55085, loss_equ:1.77602 loss_pq_vm:0.00869 loss_pq_va:0.13271 loss_pv_va:0.15367
INFO|2024-09-25 21:21:35: Epoch[087/100], iter[313/392], loss_total:0.53746, loss_equ:1.76391 loss_pq_vm:0.00847 loss_pq_va:0.12821 loss_pv_va:0.14820
INFO|2024-09-25 21:22:07: Epoch[087/100], iter[352/392], loss_total:0.55424, loss_equ:1.79195 loss_pq_vm:0.00884 loss_pq_va:0.13344 loss_pv_va:0.15325
INFO|2024-09-25 21:22:41: Epoch[087/100], iter[392/392], loss_total:0.55302, loss_equ:1.76485 loss_pq_vm:0.00894 loss_pq_va:0.13204 loss_pv_va:0.15514
INFO|2024-09-25 21:23:56: Epoch 86/100, lr:  0.00005071, eta: 1.43h, train_loss:  0.55030, valid_loss:  0.80279
INFO|2024-09-25 21:23:56: 	Train: PQ_Vm_rmse: 0.00020776  PQ_Va_rmse: 0.00188200  PV_Va_rmse: 0.00212958  delta_p: 0.00907789  delta_q: 0.00233078  
INFO|2024-09-25 21:23:56: 	ZTest: PQ_Vm_rmse: 0.00125510  PQ_Va_rmse: 0.01104190  PV_Va_rmse: 0.01188718  delta_p: 0.02179606  delta_q: 0.00553979  
INFO|2024-09-25 21:23:56: 	ZTest-ema: PQ_Vm_rmse: 0.001239  PQ_Va_rmse: 0.010981  PV_Va_rmse: 0.011784  delta_p: 0.021263  delta_q: 0.005353  
INFO|2024-09-25 21:23:56: 	           ValOfEMA:0.011784/0.011411,  Epoch:87/85
INFO|2024-09-25 21:23:56: 	Time(ep):396s,  Val(curr/best):0.011887/0.011418,  Epoch(curr/best):87/86
INFO|2024-09-25 21:23:56: -------------------- Epoch: 88 --------------------
INFO|2024-09-25 21:24:31: Epoch[088/100], iter[040/392], loss_total:0.57895, loss_equ:1.81669 loss_pq_vm:0.00949 loss_pq_va:0.14102 loss_pv_va:0.16135
INFO|2024-09-25 21:25:03: Epoch[088/100], iter[079/392], loss_total:0.55460, loss_equ:1.77212 loss_pq_vm:0.00890 loss_pq_va:0.13290 loss_pv_va:0.15553
INFO|2024-09-25 21:25:35: Epoch[088/100], iter[118/392], loss_total:0.55386, loss_equ:1.77636 loss_pq_vm:0.00878 loss_pq_va:0.13293 loss_pv_va:0.15549
INFO|2024-09-25 21:26:07: Epoch[088/100], iter[157/392], loss_total:0.55915, loss_equ:1.75570 loss_pq_vm:0.00861 loss_pq_va:0.13870 loss_pv_va:0.15881
INFO|2024-09-25 21:26:39: Epoch[088/100], iter[196/392], loss_total:0.53583, loss_equ:1.74077 loss_pq_vm:0.00830 loss_pq_va:0.12857 loss_pv_va:0.15019
INFO|2024-09-25 21:27:11: Epoch[088/100], iter[235/392], loss_total:0.54492, loss_equ:1.76864 loss_pq_vm:0.00880 loss_pq_va:0.12996 loss_pv_va:0.15011
INFO|2024-09-25 21:27:43: Epoch[088/100], iter[274/392], loss_total:0.52678, loss_equ:1.72608 loss_pq_vm:0.00809 loss_pq_va:0.12548 loss_pv_va:0.14778
INFO|2024-09-25 21:28:15: Epoch[088/100], iter[313/392], loss_total:0.52792, loss_equ:1.69039 loss_pq_vm:0.00818 loss_pq_va:0.12803 loss_pv_va:0.14901
INFO|2024-09-25 21:28:47: Epoch[088/100], iter[352/392], loss_total:0.55799, loss_equ:1.81225 loss_pq_vm:0.00885 loss_pq_va:0.13367 loss_pv_va:0.15459
INFO|2024-09-25 21:29:20: Epoch[088/100], iter[392/392], loss_total:0.55889, loss_equ:1.75761 loss_pq_vm:0.00905 loss_pq_va:0.13599 loss_pv_va:0.15667
INFO|2024-09-25 21:30:34: Epoch 87/100, lr:  0.00004476, eta: 1.33h, train_loss:  0.55132, valid_loss:  0.82041
INFO|2024-09-25 21:30:34: 	Train: PQ_Vm_rmse: 0.00021124  PQ_Va_rmse: 0.00191410  PV_Va_rmse: 0.00216063  delta_p: 0.00939076  delta_q: 0.00241847  
INFO|2024-09-25 21:30:34: 	ZTest: PQ_Vm_rmse: 0.00127774  PQ_Va_rmse: 0.01158164  PV_Va_rmse: 0.01250124  delta_p: 0.02237339  delta_q: 0.00573298  
INFO|2024-09-25 21:30:34: 	ZTest-ema: PQ_Vm_rmse: 0.001230  PQ_Va_rmse: 0.010999  PV_Va_rmse: 0.011896  delta_p: 0.021620  delta_q: 0.005456  
INFO|2024-09-25 21:30:34: 	           ValOfEMA:0.011896/0.011411,  Epoch:88/85
INFO|2024-09-25 21:30:35: 	Time(ep):398s,  Val(curr/best):0.012501/0.011418,  Epoch(curr/best):88/86
INFO|2024-09-25 21:30:35: -------------------- Epoch: 89 --------------------
INFO|2024-09-25 21:31:09: Epoch[089/100], iter[040/392], loss_total:0.58058, loss_equ:1.78910 loss_pq_vm:0.00958 loss_pq_va:0.14345 loss_pv_va:0.16246
INFO|2024-09-25 21:31:41: Epoch[089/100], iter[079/392], loss_total:0.53603, loss_equ:1.76328 loss_pq_vm:0.00841 loss_pq_va:0.12754 loss_pv_va:0.14810
INFO|2024-09-25 21:32:13: Epoch[089/100], iter[118/392], loss_total:0.55901, loss_equ:1.75417 loss_pq_vm:0.00927 loss_pq_va:0.13608 loss_pv_va:0.15479
INFO|2024-09-25 21:32:45: Epoch[089/100], iter[157/392], loss_total:0.53264, loss_equ:1.72575 loss_pq_vm:0.00853 loss_pq_va:0.12607 loss_pv_va:0.14871
INFO|2024-09-25 21:33:17: Epoch[089/100], iter[196/392], loss_total:0.55506, loss_equ:1.79505 loss_pq_vm:0.00885 loss_pq_va:0.13371 loss_pv_va:0.15331
INFO|2024-09-25 21:33:49: Epoch[089/100], iter[235/392], loss_total:0.53469, loss_equ:1.76412 loss_pq_vm:0.00811 loss_pq_va:0.12836 loss_pv_va:0.14883
INFO|2024-09-25 21:34:21: Epoch[089/100], iter[274/392], loss_total:0.52017, loss_equ:1.70217 loss_pq_vm:0.00835 loss_pq_va:0.12365 loss_pv_va:0.14283
INFO|2024-09-25 21:34:53: Epoch[089/100], iter[313/392], loss_total:0.55208, loss_equ:1.75560 loss_pq_vm:0.00874 loss_pq_va:0.13376 loss_pv_va:0.15533
INFO|2024-09-25 21:35:25: Epoch[089/100], iter[352/392], loss_total:0.57295, loss_equ:1.80694 loss_pq_vm:0.00884 loss_pq_va:0.13987 loss_pv_va:0.16399
INFO|2024-09-25 21:35:57: Epoch[089/100], iter[392/392], loss_total:0.57023, loss_equ:1.78759 loss_pq_vm:0.00924 loss_pq_va:0.13974 loss_pv_va:0.15930
INFO|2024-09-25 21:37:11: Epoch 88/100, lr:  0.00003926, eta: 1.21h, train_loss:  0.54919, valid_loss:  0.79356
INFO|2024-09-25 21:37:11: 	Train: PQ_Vm_rmse: 0.00020778  PQ_Va_rmse: 0.00186907  PV_Va_rmse: 0.00211577  delta_p: 0.00916041  delta_q: 0.00235743  
INFO|2024-09-25 21:37:11: 	ZTest: PQ_Vm_rmse: 0.00116597  PQ_Va_rmse: 0.01059491  PV_Va_rmse: 0.01146279  delta_p: 0.02271176  delta_q: 0.00558306  
INFO|2024-09-25 21:37:11: 	ZTest-ema: PQ_Vm_rmse: 0.001225  PQ_Va_rmse: 0.010898  PV_Va_rmse: 0.011738  delta_p: 0.021423  delta_q: 0.005448  
INFO|2024-09-25 21:37:11: 	           ValOfEMA:0.011738/0.011411,  Epoch:89/85
INFO|2024-09-25 21:37:11: 	Time(ep):396s,  Val(curr/best):0.011463/0.011418,  Epoch(curr/best):89/86
INFO|2024-09-25 21:37:11: -------------------- Epoch: 90 --------------------
INFO|2024-09-25 21:37:45: Epoch[090/100], iter[040/392], loss_total:0.52333, loss_equ:1.70387 loss_pq_vm:0.00830 loss_pq_va:0.12517 loss_pv_va:0.14481
INFO|2024-09-25 21:38:18: Epoch[090/100], iter[079/392], loss_total:0.55119, loss_equ:1.74440 loss_pq_vm:0.00872 loss_pq_va:0.13476 loss_pv_va:0.15481
INFO|2024-09-25 21:38:50: Epoch[090/100], iter[118/392], loss_total:0.56481, loss_equ:1.79612 loss_pq_vm:0.00890 loss_pq_va:0.13913 loss_pv_va:0.15703
INFO|2024-09-25 21:39:23: Epoch[090/100], iter[157/392], loss_total:0.56004, loss_equ:1.81120 loss_pq_vm:0.00904 loss_pq_va:0.13307 loss_pv_va:0.15549
INFO|2024-09-25 21:39:55: Epoch[090/100], iter[196/392], loss_total:0.55618, loss_equ:1.75473 loss_pq_vm:0.00883 loss_pq_va:0.13593 loss_pv_va:0.15651
INFO|2024-09-25 21:40:27: Epoch[090/100], iter[235/392], loss_total:0.58482, loss_equ:1.82617 loss_pq_vm:0.00967 loss_pq_va:0.14251 loss_pv_va:0.16296
INFO|2024-09-25 21:40:59: Epoch[090/100], iter[274/392], loss_total:0.55619, loss_equ:1.76104 loss_pq_vm:0.00908 loss_pq_va:0.13409 loss_pv_va:0.15517
INFO|2024-09-25 21:41:31: Epoch[090/100], iter[313/392], loss_total:0.55293, loss_equ:1.74893 loss_pq_vm:0.00900 loss_pq_va:0.13336 loss_pv_va:0.15464
INFO|2024-09-25 21:42:02: Epoch[090/100], iter[352/392], loss_total:0.56695, loss_equ:1.80455 loss_pq_vm:0.00909 loss_pq_va:0.13641 loss_pv_va:0.15914
INFO|2024-09-25 21:42:35: Epoch[090/100], iter[392/392], loss_total:0.55782, loss_equ:1.78810 loss_pq_vm:0.00879 loss_pq_va:0.13485 loss_pv_va:0.15627
INFO|2024-09-25 21:43:48: Epoch 89/100, lr:  0.00003423, eta: 1.1h, train_loss:  0.54791, valid_loss:  0.79963
INFO|2024-09-25 21:43:48: 	Train: PQ_Vm_rmse: 0.00020648  PQ_Va_rmse: 0.00183933  PV_Va_rmse: 0.00207911  delta_p: 0.00904017  delta_q: 0.00231230  
INFO|2024-09-25 21:43:48: 	ZTest: PQ_Vm_rmse: 0.00119674  PQ_Va_rmse: 0.01073069  PV_Va_rmse: 0.01155836  delta_p: 0.02172285  delta_q: 0.00544528  
INFO|2024-09-25 21:43:48: 	ZTest-ema: PQ_Vm_rmse: 0.001199  PQ_Va_rmse: 0.010796  PV_Va_rmse: 0.011630  delta_p: 0.021538  delta_q: 0.005418  
INFO|2024-09-25 21:43:48: 	           ValOfEMA:0.011630/0.011411,  Epoch:90/85
INFO|2024-09-25 21:43:49: 	Time(ep):397s,  Val(curr/best):0.011558/0.011418,  Epoch(curr/best):90/86
INFO|2024-09-25 21:43:49: -------------------- Epoch: 91 --------------------
INFO|2024-09-25 21:44:23: Epoch[091/100], iter[040/392], loss_total:0.55767, loss_equ:1.77886 loss_pq_vm:0.00902 loss_pq_va:0.13414 loss_pv_va:0.15549
INFO|2024-09-25 21:44:54: Epoch[091/100], iter[079/392], loss_total:0.54264, loss_equ:1.74781 loss_pq_vm:0.00888 loss_pq_va:0.12907 loss_pv_va:0.14999
INFO|2024-09-25 21:45:26: Epoch[091/100], iter[118/392], loss_total:0.50136, loss_equ:1.71331 loss_pq_vm:0.00744 loss_pq_va:0.11762 loss_pv_va:0.13802
INFO|2024-09-25 21:45:58: Epoch[091/100], iter[157/392], loss_total:0.54954, loss_equ:1.75278 loss_pq_vm:0.00873 loss_pq_va:0.13336 loss_pv_va:0.15362
INFO|2024-09-25 21:46:30: Epoch[091/100], iter[196/392], loss_total:0.52650, loss_equ:1.71938 loss_pq_vm:0.00815 loss_pq_va:0.12583 loss_pv_va:0.14721
INFO|2024-09-25 21:47:02: Epoch[091/100], iter[235/392], loss_total:0.54986, loss_equ:1.75677 loss_pq_vm:0.00882 loss_pq_va:0.13250 loss_pv_va:0.15347
INFO|2024-09-25 21:47:34: Epoch[091/100], iter[274/392], loss_total:0.55738, loss_equ:1.80919 loss_pq_vm:0.00905 loss_pq_va:0.13425 loss_pv_va:0.15173
INFO|2024-09-25 21:48:06: Epoch[091/100], iter[313/392], loss_total:0.58322, loss_equ:1.82572 loss_pq_vm:0.00966 loss_pq_va:0.14126 loss_pv_va:0.16278
INFO|2024-09-25 21:48:38: Epoch[091/100], iter[352/392], loss_total:0.53145, loss_equ:1.74430 loss_pq_vm:0.00853 loss_pq_va:0.12482 loss_pv_va:0.14689
INFO|2024-09-25 21:49:11: Epoch[091/100], iter[392/392], loss_total:0.52434, loss_equ:1.70397 loss_pq_vm:0.00825 loss_pq_va:0.12497 loss_pv_va:0.14644
INFO|2024-09-25 21:50:25: Epoch 90/100, lr:  0.00002965, eta: 0.99h, train_loss:  0.54692, valid_loss:  0.80101
INFO|2024-09-25 21:50:25: 	Train: PQ_Vm_rmse: 0.00020331  PQ_Va_rmse: 0.00180659  PV_Va_rmse: 0.00203405  delta_p: 0.00901611  delta_q: 0.00229202  
INFO|2024-09-25 21:50:25: 	ZTest: PQ_Vm_rmse: 0.00119752  PQ_Va_rmse: 0.01071130  PV_Va_rmse: 0.01150812  delta_p: 0.02189086  delta_q: 0.00546165  
INFO|2024-09-25 21:50:25: 	ZTest-ema: PQ_Vm_rmse: 0.001197  PQ_Va_rmse: 0.010716  PV_Va_rmse: 0.011499  delta_p: 0.021410  delta_q: 0.005403  
INFO|2024-09-25 21:50:25: 	           ValOfEMA:0.011499/0.011411,  Epoch:91/85
INFO|2024-09-25 21:50:25: 	Time(ep):395s,  Val(curr/best):0.011508/0.011418,  Epoch(curr/best):91/86
INFO|2024-09-25 21:50:25: -------------------- Epoch: 92 --------------------
INFO|2024-09-25 21:50:59: Epoch[092/100], iter[040/392], loss_total:0.54161, loss_equ:1.79287 loss_pq_vm:0.00864 loss_pq_va:0.12620 loss_pv_va:0.14976
INFO|2024-09-25 21:51:31: Epoch[092/100], iter[079/392], loss_total:0.50479, loss_equ:1.70880 loss_pq_vm:0.00796 loss_pq_va:0.11705 loss_pv_va:0.13728
INFO|2024-09-25 21:52:03: Epoch[092/100], iter[118/392], loss_total:0.56476, loss_equ:1.77832 loss_pq_vm:0.00928 loss_pq_va:0.13715 loss_pv_va:0.15698
INFO|2024-09-25 21:52:34: Epoch[092/100], iter[157/392], loss_total:0.56410, loss_equ:1.75804 loss_pq_vm:0.00893 loss_pq_va:0.13902 loss_pv_va:0.15996
INFO|2024-09-25 21:53:06: Epoch[092/100], iter[196/392], loss_total:0.55602, loss_equ:1.78112 loss_pq_vm:0.00902 loss_pq_va:0.13454 loss_pv_va:0.15314
INFO|2024-09-25 21:53:38: Epoch[092/100], iter[235/392], loss_total:0.52200, loss_equ:1.73674 loss_pq_vm:0.00803 loss_pq_va:0.12310 loss_pv_va:0.14493
INFO|2024-09-25 21:54:10: Epoch[092/100], iter[274/392], loss_total:0.55590, loss_equ:1.76271 loss_pq_vm:0.00882 loss_pq_va:0.13448 loss_pv_va:0.15696
INFO|2024-09-25 21:54:43: Epoch[092/100], iter[313/392], loss_total:0.55401, loss_equ:1.75354 loss_pq_vm:0.00883 loss_pq_va:0.13477 loss_pv_va:0.15554
INFO|2024-09-25 21:55:15: Epoch[092/100], iter[352/392], loss_total:0.52393, loss_equ:1.73028 loss_pq_vm:0.00812 loss_pq_va:0.12469 loss_pv_va:0.14498
INFO|2024-09-25 21:55:48: Epoch[092/100], iter[392/392], loss_total:0.53188, loss_equ:1.73742 loss_pq_vm:0.00805 loss_pq_va:0.12770 loss_pv_va:0.14994
INFO|2024-09-25 21:57:01: Epoch 91/100, lr:  0.00002555, eta: 0.88h, train_loss:  0.54559, valid_loss:  0.79970
INFO|2024-09-25 21:57:01: 	Train: PQ_Vm_rmse: 0.00019876  PQ_Va_rmse: 0.00175781  PV_Va_rmse: 0.00198248  delta_p: 0.00892251  delta_q: 0.00227559  
INFO|2024-09-25 21:57:01: 	ZTest: PQ_Vm_rmse: 0.00122565  PQ_Va_rmse: 0.01077515  PV_Va_rmse: 0.01153545  delta_p: 0.02157341  delta_q: 0.00544135  
INFO|2024-09-25 21:57:01: 	ZTest-ema: PQ_Vm_rmse: 0.001210  PQ_Va_rmse: 0.010798  PV_Va_rmse: 0.011544  delta_p: 0.021652  delta_q: 0.005456  
INFO|2024-09-25 21:57:01: 	           ValOfEMA:0.011544/0.011411,  Epoch:92/85
INFO|2024-09-25 21:57:02: 	Time(ep):396s,  Val(curr/best):0.011535/0.011418,  Epoch(curr/best):92/86
INFO|2024-09-25 21:57:02: -------------------- Epoch: 93 --------------------
INFO|2024-09-25 21:57:37: Epoch[093/100], iter[040/392], loss_total:0.55237, loss_equ:1.78616 loss_pq_vm:0.00890 loss_pq_va:0.13225 loss_pv_va:0.15250
INFO|2024-09-25 21:58:09: Epoch[093/100], iter[079/392], loss_total:0.55453, loss_equ:1.77626 loss_pq_vm:0.00896 loss_pq_va:0.13208 loss_pv_va:0.15527
INFO|2024-09-25 21:58:41: Epoch[093/100], iter[118/392], loss_total:0.57323, loss_equ:1.80436 loss_pq_vm:0.00919 loss_pq_va:0.13959 loss_pv_va:0.16129
INFO|2024-09-25 21:59:13: Epoch[093/100], iter[157/392], loss_total:0.55859, loss_equ:1.78083 loss_pq_vm:0.00853 loss_pq_va:0.13616 loss_pv_va:0.15902
INFO|2024-09-25 21:59:44: Epoch[093/100], iter[196/392], loss_total:0.55836, loss_equ:1.77932 loss_pq_vm:0.00880 loss_pq_va:0.13584 loss_pv_va:0.15658
INFO|2024-09-25 22:00:17: Epoch[093/100], iter[235/392], loss_total:0.53261, loss_equ:1.73925 loss_pq_vm:0.00855 loss_pq_va:0.12518 loss_pv_va:0.14801
INFO|2024-09-25 22:00:49: Epoch[093/100], iter[274/392], loss_total:0.55393, loss_equ:1.79656 loss_pq_vm:0.00860 loss_pq_va:0.13231 loss_pv_va:0.15594
INFO|2024-09-25 22:01:20: Epoch[093/100], iter[313/392], loss_total:0.52502, loss_equ:1.71363 loss_pq_vm:0.00829 loss_pq_va:0.12543 loss_pv_va:0.14529
INFO|2024-09-25 22:01:52: Epoch[093/100], iter[352/392], loss_total:0.55816, loss_equ:1.77403 loss_pq_vm:0.00922 loss_pq_va:0.13366 loss_pv_va:0.15492
INFO|2024-09-25 22:02:25: Epoch[093/100], iter[392/392], loss_total:0.52196, loss_equ:1.71099 loss_pq_vm:0.00787 loss_pq_va:0.12499 loss_pv_va:0.14716
INFO|2024-09-25 22:03:39: Epoch 92/100, lr:  0.00002192, eta: 0.77h, train_loss:  0.54500, valid_loss:  0.79773
INFO|2024-09-25 22:03:39: 	Train: PQ_Vm_rmse: 0.00020050  PQ_Va_rmse: 0.00175182  PV_Va_rmse: 0.00198031  delta_p: 0.00890583  delta_q: 0.00227575  
INFO|2024-09-25 22:03:39: 	ZTest: PQ_Vm_rmse: 0.00120487  PQ_Va_rmse: 0.01068528  PV_Va_rmse: 0.01150150  delta_p: 0.02140601  delta_q: 0.00541498  
INFO|2024-09-25 22:03:39: 	ZTest-ema: PQ_Vm_rmse: 0.001216  PQ_Va_rmse: 0.010767  PV_Va_rmse: 0.011571  delta_p: 0.021448  delta_q: 0.005384  
INFO|2024-09-25 22:03:39: 	           ValOfEMA:0.011571/0.011411,  Epoch:93/85
INFO|2024-09-25 22:03:39: 	Time(ep):397s,  Val(curr/best):0.011501/0.011418,  Epoch(curr/best):93/86
INFO|2024-09-25 22:03:39: -------------------- Epoch: 94 --------------------
INFO|2024-09-25 22:04:14: Epoch[094/100], iter[040/392], loss_total:0.51897, loss_equ:1.71838 loss_pq_vm:0.00812 loss_pq_va:0.12317 loss_pv_va:0.14272
INFO|2024-09-25 22:04:46: Epoch[094/100], iter[079/392], loss_total:0.57723, loss_equ:1.80486 loss_pq_vm:0.00937 loss_pq_va:0.14050 loss_pv_va:0.16253
INFO|2024-09-25 22:05:19: Epoch[094/100], iter[118/392], loss_total:0.55188, loss_equ:1.76984 loss_pq_vm:0.00883 loss_pq_va:0.13360 loss_pv_va:0.15296
INFO|2024-09-25 22:05:51: Epoch[094/100], iter[157/392], loss_total:0.54150, loss_equ:1.74066 loss_pq_vm:0.00840 loss_pq_va:0.13156 loss_pv_va:0.15193
INFO|2024-09-25 22:06:23: Epoch[094/100], iter[196/392], loss_total:0.53178, loss_equ:1.74106 loss_pq_vm:0.00836 loss_pq_va:0.12737 loss_pv_va:0.14673
INFO|2024-09-25 22:06:56: Epoch[094/100], iter[235/392], loss_total:0.53686, loss_equ:1.74251 loss_pq_vm:0.00834 loss_pq_va:0.12977 loss_pv_va:0.14939
INFO|2024-09-25 22:07:28: Epoch[094/100], iter[274/392], loss_total:0.52198, loss_equ:1.72523 loss_pq_vm:0.00826 loss_pq_va:0.12284 loss_pv_va:0.14400
INFO|2024-09-25 22:08:00: Epoch[094/100], iter[313/392], loss_total:0.53443, loss_equ:1.74644 loss_pq_vm:0.00827 loss_pq_va:0.12774 loss_pv_va:0.14937
INFO|2024-09-25 22:08:32: Epoch[094/100], iter[352/392], loss_total:0.52379, loss_equ:1.73025 loss_pq_vm:0.00831 loss_pq_va:0.12468 loss_pv_va:0.14298
INFO|2024-09-25 22:09:05: Epoch[094/100], iter[392/392], loss_total:0.55940, loss_equ:1.78163 loss_pq_vm:0.00898 loss_pq_va:0.13413 loss_pv_va:0.15734
INFO|2024-09-25 22:10:19: Epoch 93/100, lr:  0.00001877, eta: 0.67h, train_loss:  0.54416, valid_loss:  0.79276
INFO|2024-09-25 22:10:19: 	Train: PQ_Vm_rmse: 0.00019767  PQ_Va_rmse: 0.00173921  PV_Va_rmse: 0.00196403  delta_p: 0.00878510  delta_q: 0.00225985  
INFO|2024-09-25 22:10:19: 	ZTest: PQ_Vm_rmse: 0.00124491  PQ_Va_rmse: 0.01084736  PV_Va_rmse: 0.01160692  delta_p: 0.02233623  delta_q: 0.00547795  
INFO|2024-09-25 22:10:19: 	ZTest-ema: PQ_Vm_rmse: 0.001265  PQ_Va_rmse: 0.010999  PV_Va_rmse: 0.011799  delta_p: 0.021654  delta_q: 0.005430  
INFO|2024-09-25 22:10:19: 	           ValOfEMA:0.011799/0.011411,  Epoch:94/85
INFO|2024-09-25 22:10:19: 	Time(ep):399s,  Val(curr/best):0.011607/0.011418,  Epoch(curr/best):94/86
INFO|2024-09-25 22:10:19: -------------------- Epoch: 95 --------------------
INFO|2024-09-25 22:10:53: Epoch[095/100], iter[040/392], loss_total:0.55972, loss_equ:1.77302 loss_pq_vm:0.00919 loss_pq_va:0.13521 loss_pv_va:0.15535
INFO|2024-09-25 22:11:25: Epoch[095/100], iter[079/392], loss_total:0.53140, loss_equ:1.75320 loss_pq_vm:0.00814 loss_pq_va:0.12560 loss_pv_va:0.14908
INFO|2024-09-25 22:11:57: Epoch[095/100], iter[118/392], loss_total:0.55420, loss_equ:1.80833 loss_pq_vm:0.00853 loss_pq_va:0.13386 loss_pv_va:0.15419
INFO|2024-09-25 22:12:29: Epoch[095/100], iter[157/392], loss_total:0.53856, loss_equ:1.75714 loss_pq_vm:0.00838 loss_pq_va:0.12990 loss_pv_va:0.14918
INFO|2024-09-25 22:13:00: Epoch[095/100], iter[196/392], loss_total:0.51870, loss_equ:1.76024 loss_pq_vm:0.00786 loss_pq_va:0.12269 loss_pv_va:0.14141
INFO|2024-09-25 22:13:32: Epoch[095/100], iter[235/392], loss_total:0.56494, loss_equ:1.81563 loss_pq_vm:0.00900 loss_pq_va:0.13623 loss_pv_va:0.15710
INFO|2024-09-25 22:14:03: Epoch[095/100], iter[274/392], loss_total:0.53911, loss_equ:1.75824 loss_pq_vm:0.00850 loss_pq_va:0.12811 loss_pv_va:0.15021
INFO|2024-09-25 22:14:34: Epoch[095/100], iter[313/392], loss_total:0.53632, loss_equ:1.74603 loss_pq_vm:0.00817 loss_pq_va:0.12997 loss_pv_va:0.14999
INFO|2024-09-25 22:15:06: Epoch[095/100], iter[352/392], loss_total:0.50788, loss_equ:1.72937 loss_pq_vm:0.00755 loss_pq_va:0.11937 loss_pv_va:0.14007
INFO|2024-09-25 22:15:39: Epoch[095/100], iter[392/392], loss_total:0.52731, loss_equ:1.73639 loss_pq_vm:0.00839 loss_pq_va:0.12511 loss_pv_va:0.14461
INFO|2024-09-25 22:16:51: Epoch 94/100, lr:  0.00001609, eta: 0.54h, train_loss:  0.54389, valid_loss:  0.79968
INFO|2024-09-25 22:16:51: 	Train: PQ_Vm_rmse: 0.00019955  PQ_Va_rmse: 0.00175185  PV_Va_rmse: 0.00197836  delta_p: 0.00875859  delta_q: 0.00226329  
INFO|2024-09-25 22:16:51: 	ZTest: PQ_Vm_rmse: 0.00127172  PQ_Va_rmse: 0.01105888  PV_Va_rmse: 0.01185599  delta_p: 0.02176185  delta_q: 0.00546612  
INFO|2024-09-25 22:16:51: 	ZTest-ema: PQ_Vm_rmse: 0.001237  PQ_Va_rmse: 0.010901  PV_Va_rmse: 0.011711  delta_p: 0.021584  delta_q: 0.005432  
INFO|2024-09-25 22:16:51: 	           ValOfEMA:0.011711/0.011411,  Epoch:95/85
INFO|2024-09-25 22:16:52: 	Time(ep):392s,  Val(curr/best):0.011856/0.011418,  Epoch(curr/best):95/86
INFO|2024-09-25 22:16:52: -------------------- Epoch: 96 --------------------
INFO|2024-09-25 22:17:26: Epoch[096/100], iter[040/392], loss_total:0.52742, loss_equ:1.74249 loss_pq_vm:0.00780 loss_pq_va:0.12729 loss_pv_va:0.14792
INFO|2024-09-25 22:17:58: Epoch[096/100], iter[079/392], loss_total:0.56107, loss_equ:1.82765 loss_pq_vm:0.00897 loss_pq_va:0.13328 loss_pv_va:0.15530
INFO|2024-09-25 22:18:30: Epoch[096/100], iter[118/392], loss_total:0.54223, loss_equ:1.76781 loss_pq_vm:0.00823 loss_pq_va:0.13116 loss_pv_va:0.15203
INFO|2024-09-25 22:19:01: Epoch[096/100], iter[157/392], loss_total:0.54596, loss_equ:1.75662 loss_pq_vm:0.00899 loss_pq_va:0.13080 loss_pv_va:0.14964
INFO|2024-09-25 22:19:33: Epoch[096/100], iter[196/392], loss_total:0.52912, loss_equ:1.72108 loss_pq_vm:0.00820 loss_pq_va:0.12678 loss_pv_va:0.14824
INFO|2024-09-25 22:20:05: Epoch[096/100], iter[235/392], loss_total:0.55314, loss_equ:1.74768 loss_pq_vm:0.00883 loss_pq_va:0.13483 loss_pv_va:0.15522
INFO|2024-09-25 22:20:37: Epoch[096/100], iter[274/392], loss_total:0.57917, loss_equ:1.82840 loss_pq_vm:0.00927 loss_pq_va:0.14125 loss_pv_va:0.16239
INFO|2024-09-25 22:21:09: Epoch[096/100], iter[313/392], loss_total:0.52017, loss_equ:1.74806 loss_pq_vm:0.00794 loss_pq_va:0.12329 loss_pv_va:0.14271
INFO|2024-09-25 22:21:40: Epoch[096/100], iter[352/392], loss_total:0.54635, loss_equ:1.76017 loss_pq_vm:0.00854 loss_pq_va:0.13289 loss_pv_va:0.15206
INFO|2024-09-25 22:22:13: Epoch[096/100], iter[392/392], loss_total:0.55058, loss_equ:1.80433 loss_pq_vm:0.00873 loss_pq_va:0.13102 loss_pv_va:0.15183
INFO|2024-09-25 22:23:26: Epoch 95/100, lr:  0.00001390, eta: 0.44h, train_loss:  0.54319, valid_loss:  0.79873
INFO|2024-09-25 22:23:26: 	Train: PQ_Vm_rmse: 0.00019759  PQ_Va_rmse: 0.00173997  PV_Va_rmse: 0.00196728  delta_p: 0.00866132  delta_q: 0.00223829  
INFO|2024-09-25 22:23:26: 	ZTest: PQ_Vm_rmse: 0.00128144  PQ_Va_rmse: 0.01103327  PV_Va_rmse: 0.01183785  delta_p: 0.02175415  delta_q: 0.00548774  
INFO|2024-09-25 22:23:26: 	ZTest-ema: PQ_Vm_rmse: 0.001265  PQ_Va_rmse: 0.010950  PV_Va_rmse: 0.011750  delta_p: 0.021447  delta_q: 0.005407  
INFO|2024-09-25 22:23:26: 	           ValOfEMA:0.011750/0.011411,  Epoch:96/85
INFO|2024-09-25 22:23:27: 	Time(ep):394s,  Val(curr/best):0.011838/0.011418,  Epoch(curr/best):96/86
INFO|2024-09-25 22:23:27: -------------------- Epoch: 97 --------------------
INFO|2024-09-25 22:24:01: Epoch[097/100], iter[040/392], loss_total:0.54076, loss_equ:1.76264 loss_pq_vm:0.00838 loss_pq_va:0.12992 loss_pv_va:0.15074
INFO|2024-09-25 22:24:33: Epoch[097/100], iter[079/392], loss_total:0.52999, loss_equ:1.72521 loss_pq_vm:0.00825 loss_pq_va:0.12746 loss_pv_va:0.14756
INFO|2024-09-25 22:25:05: Epoch[097/100], iter[118/392], loss_total:0.53669, loss_equ:1.74116 loss_pq_vm:0.00839 loss_pq_va:0.12917 loss_pv_va:0.14949
INFO|2024-09-25 22:25:38: Epoch[097/100], iter[157/392], loss_total:0.54610, loss_equ:1.77330 loss_pq_vm:0.00859 loss_pq_va:0.12972 loss_pv_va:0.15315
INFO|2024-09-25 22:26:10: Epoch[097/100], iter[196/392], loss_total:0.52968, loss_equ:1.76610 loss_pq_vm:0.00822 loss_pq_va:0.12431 loss_pv_va:0.14657
INFO|2024-09-25 22:26:42: Epoch[097/100], iter[235/392], loss_total:0.56251, loss_equ:1.74106 loss_pq_vm:0.00939 loss_pq_va:0.13722 loss_pv_va:0.15731
INFO|2024-09-25 22:27:14: Epoch[097/100], iter[274/392], loss_total:0.54380, loss_equ:1.76956 loss_pq_vm:0.00860 loss_pq_va:0.12897 loss_pv_va:0.15186
INFO|2024-09-25 22:27:45: Epoch[097/100], iter[313/392], loss_total:0.52766, loss_equ:1.72112 loss_pq_vm:0.00808 loss_pq_va:0.12637 loss_pv_va:0.14836
INFO|2024-09-25 22:28:17: Epoch[097/100], iter[352/392], loss_total:0.55654, loss_equ:1.79173 loss_pq_vm:0.00881 loss_pq_va:0.13299 loss_pv_va:0.15626
INFO|2024-09-25 22:28:50: Epoch[097/100], iter[392/392], loss_total:0.54797, loss_equ:1.81695 loss_pq_vm:0.00840 loss_pq_va:0.13083 loss_pv_va:0.15146
INFO|2024-09-25 22:30:03: Epoch 96/100, lr:  0.00001220, eta: 0.33h, train_loss:  0.54247, valid_loss:  0.79731
INFO|2024-09-25 22:30:03: 	Train: PQ_Vm_rmse: 0.00019612  PQ_Va_rmse: 0.00173009  PV_Va_rmse: 0.00195800  delta_p: 0.00859503  delta_q: 0.00222551  
INFO|2024-09-25 22:30:03: 	ZTest: PQ_Vm_rmse: 0.00122609  PQ_Va_rmse: 0.01080278  PV_Va_rmse: 0.01157314  delta_p: 0.02183975  delta_q: 0.00551344  
INFO|2024-09-25 22:30:03: 	ZTest-ema: PQ_Vm_rmse: 0.001250  PQ_Va_rmse: 0.010923  PV_Va_rmse: 0.011707  delta_p: 0.021630  delta_q: 0.005484  
INFO|2024-09-25 22:30:03: 	           ValOfEMA:0.011707/0.011411,  Epoch:97/85
INFO|2024-09-25 22:30:03: 	Time(ep):395s,  Val(curr/best):0.011573/0.011418,  Epoch(curr/best):97/86
INFO|2024-09-25 22:30:03: -------------------- Epoch: 98 --------------------
INFO|2024-09-25 22:30:37: Epoch[098/100], iter[040/392], loss_total:0.55152, loss_equ:1.79285 loss_pq_vm:0.00853 loss_pq_va:0.13291 loss_pv_va:0.15400
INFO|2024-09-25 22:31:08: Epoch[098/100], iter[079/392], loss_total:0.54614, loss_equ:1.78425 loss_pq_vm:0.00859 loss_pq_va:0.13090 loss_pv_va:0.15087
INFO|2024-09-25 22:31:40: Epoch[098/100], iter[118/392], loss_total:0.57853, loss_equ:1.81972 loss_pq_vm:0.00918 loss_pq_va:0.14207 loss_pv_va:0.16266
INFO|2024-09-25 22:32:12: Epoch[098/100], iter[157/392], loss_total:0.55520, loss_equ:1.76605 loss_pq_vm:0.00869 loss_pq_va:0.13550 loss_pv_va:0.15623
INFO|2024-09-25 22:32:45: Epoch[098/100], iter[196/392], loss_total:0.50851, loss_equ:1.69212 loss_pq_vm:0.00801 loss_pq_va:0.11979 loss_pv_va:0.13939
INFO|2024-09-25 22:33:17: Epoch[098/100], iter[235/392], loss_total:0.54162, loss_equ:1.72542 loss_pq_vm:0.00849 loss_pq_va:0.13272 loss_pv_va:0.15147
INFO|2024-09-25 22:33:50: Epoch[098/100], iter[274/392], loss_total:0.55458, loss_equ:1.82113 loss_pq_vm:0.00850 loss_pq_va:0.13144 loss_pv_va:0.15598
INFO|2024-09-25 22:34:21: Epoch[098/100], iter[313/392], loss_total:0.54203, loss_equ:1.72252 loss_pq_vm:0.00865 loss_pq_va:0.13107 loss_pv_va:0.15215
INFO|2024-09-25 22:34:53: Epoch[098/100], iter[352/392], loss_total:0.52844, loss_equ:1.70078 loss_pq_vm:0.00820 loss_pq_va:0.12856 loss_pv_va:0.14777
INFO|2024-09-25 22:35:26: Epoch[098/100], iter[392/392], loss_total:0.51899, loss_equ:1.71896 loss_pq_vm:0.00787 loss_pq_va:0.12325 loss_pv_va:0.14515
INFO|2024-09-25 22:36:39: Epoch 97/100, lr:  0.00001098, eta: 0.22h, train_loss:  0.54223, valid_loss:  0.79405
INFO|2024-09-25 22:36:39: 	Train: PQ_Vm_rmse: 0.00019689  PQ_Va_rmse: 0.00172961  PV_Va_rmse: 0.00195638  delta_p: 0.00864379  delta_q: 0.00223201  
INFO|2024-09-25 22:36:39: 	ZTest: PQ_Vm_rmse: 0.00119714  PQ_Va_rmse: 0.01047964  PV_Va_rmse: 0.01123176  delta_p: 0.02131449  delta_q: 0.00544909  
INFO|2024-09-25 22:36:39: 	ZTest-ema: PQ_Vm_rmse: 0.001206  PQ_Va_rmse: 0.010555  PV_Va_rmse: 0.011361  delta_p: 0.021428  delta_q: 0.005497  
INFO|2024-09-25 22:36:39: 	           ValOfEMA:0.011361/0.011361,  Epoch:98/98
INFO|2024-09-25 22:36:40: 	Time(ep):396s,  Val(curr/best):0.011232/0.011232,  Epoch(curr/best):98/98
INFO|2024-09-25 22:36:40: -------------------- Epoch: 99 --------------------
INFO|2024-09-25 22:37:14: Epoch[099/100], iter[040/392], loss_total:0.51574, loss_equ:1.71613 loss_pq_vm:0.00796 loss_pq_va:0.12123 loss_pv_va:0.14334
INFO|2024-09-25 22:37:46: Epoch[099/100], iter[079/392], loss_total:0.55716, loss_equ:1.79491 loss_pq_vm:0.00893 loss_pq_va:0.13283 loss_pv_va:0.15551
INFO|2024-09-25 22:38:18: Epoch[099/100], iter[118/392], loss_total:0.52494, loss_equ:1.74013 loss_pq_vm:0.00819 loss_pq_va:0.12404 loss_pv_va:0.14502
INFO|2024-09-25 22:38:50: Epoch[099/100], iter[157/392], loss_total:0.54747, loss_equ:1.77016 loss_pq_vm:0.00867 loss_pq_va:0.13185 loss_pv_va:0.15188
INFO|2024-09-25 22:39:21: Epoch[099/100], iter[196/392], loss_total:0.56648, loss_equ:1.81079 loss_pq_vm:0.00926 loss_pq_va:0.13718 loss_pv_va:0.15559
INFO|2024-09-25 22:39:53: Epoch[099/100], iter[235/392], loss_total:0.54844, loss_equ:1.81051 loss_pq_vm:0.00828 loss_pq_va:0.13201 loss_pv_va:0.15260
INFO|2024-09-25 22:40:25: Epoch[099/100], iter[274/392], loss_total:0.56029, loss_equ:1.77343 loss_pq_vm:0.00876 loss_pq_va:0.13610 loss_pv_va:0.15924
INFO|2024-09-25 22:40:58: Epoch[099/100], iter[313/392], loss_total:0.54909, loss_equ:1.79731 loss_pq_vm:0.00865 loss_pq_va:0.13117 loss_pv_va:0.15165
INFO|2024-09-25 22:41:30: Epoch[099/100], iter[352/392], loss_total:0.53176, loss_equ:1.72806 loss_pq_vm:0.00839 loss_pq_va:0.12797 loss_pv_va:0.14710
INFO|2024-09-25 22:42:03: Epoch[099/100], iter[392/392], loss_total:0.54956, loss_equ:1.79386 loss_pq_vm:0.00863 loss_pq_va:0.13186 loss_pv_va:0.15200
INFO|2024-09-25 22:43:17: Epoch 98/100, lr:  0.00001024, eta: 0.11h, train_loss:  0.54194, valid_loss:  0.79904
INFO|2024-09-25 22:43:17: 	Train: PQ_Vm_rmse: 0.00019734  PQ_Va_rmse: 0.00173598  PV_Va_rmse: 0.00195974  delta_p: 0.00859785  delta_q: 0.00222603  
INFO|2024-09-25 22:43:17: 	ZTest: PQ_Vm_rmse: 0.00120419  PQ_Va_rmse: 0.01059153  PV_Va_rmse: 0.01138322  delta_p: 0.02159944  delta_q: 0.00548091  
INFO|2024-09-25 22:43:17: 	ZTest-ema: PQ_Vm_rmse: 0.001210  PQ_Va_rmse: 0.010548  PV_Va_rmse: 0.011353  delta_p: 0.021417  delta_q: 0.005450  
INFO|2024-09-25 22:43:17: 	           ValOfEMA:0.011353/0.011353,  Epoch:99/99
INFO|2024-09-25 22:43:17: 	Time(ep):396s,  Val(curr/best):0.011383/0.011232,  Epoch(curr/best):99/98
INFO|2024-09-25 22:43:17: -------------------- Epoch: 100 --------------------
INFO|2024-09-25 22:43:52: Epoch[100/100], iter[040/392], loss_total:0.54014, loss_equ:1.74642 loss_pq_vm:0.00862 loss_pq_va:0.12954 loss_pv_va:0.14977
INFO|2024-09-25 22:44:24: Epoch[100/100], iter[079/392], loss_total:0.51724, loss_equ:1.76945 loss_pq_vm:0.00816 loss_pq_va:0.11962 loss_pv_va:0.13910
INFO|2024-09-25 22:44:56: Epoch[100/100], iter[118/392], loss_total:0.53082, loss_equ:1.75733 loss_pq_vm:0.00821 loss_pq_va:0.12582 loss_pv_va:0.14720
INFO|2024-09-25 22:45:28: Epoch[100/100], iter[157/392], loss_total:0.55841, loss_equ:1.76508 loss_pq_vm:0.00907 loss_pq_va:0.13552 loss_pv_va:0.15571
INFO|2024-09-25 22:46:01: Epoch[100/100], iter[196/392], loss_total:0.56808, loss_equ:1.77462 loss_pq_vm:0.00900 loss_pq_va:0.13864 loss_pv_va:0.16199
INFO|2024-09-25 22:46:33: Epoch[100/100], iter[235/392], loss_total:0.53085, loss_equ:1.71572 loss_pq_vm:0.00793 loss_pq_va:0.12957 loss_pv_va:0.15036
INFO|2024-09-25 22:47:05: Epoch[100/100], iter[274/392], loss_total:0.51544, loss_equ:1.72990 loss_pq_vm:0.00789 loss_pq_va:0.12000 loss_pv_va:0.14354
INFO|2024-09-25 22:47:37: Epoch[100/100], iter[313/392], loss_total:0.54511, loss_equ:1.76167 loss_pq_vm:0.00834 loss_pq_va:0.13208 loss_pv_va:0.15342
INFO|2024-09-25 22:48:09: Epoch[100/100], iter[352/392], loss_total:0.54940, loss_equ:1.77667 loss_pq_vm:0.00854 loss_pq_va:0.13280 loss_pv_va:0.15357
INFO|2024-09-25 22:48:42: Epoch[100/100], iter[392/392], loss_total:0.52463, loss_equ:1.74270 loss_pq_vm:0.00795 loss_pq_va:0.12518 loss_pv_va:0.14570
INFO|2024-09-25 22:49:57: Epoch 99/100, lr:  0.00001000, eta: 0.0h, train_loss:  0.54128, valid_loss:  0.79697
INFO|2024-09-25 22:49:57: 	Train: PQ_Vm_rmse: 0.00019606  PQ_Va_rmse: 0.00171412  PV_Va_rmse: 0.00193482  delta_p: 0.00850210  delta_q: 0.00220655  
INFO|2024-09-25 22:49:57: 	ZTest: PQ_Vm_rmse: 0.00120209  PQ_Va_rmse: 0.01052627  PV_Va_rmse: 0.01131826  delta_p: 0.02182226  delta_q: 0.00553657  
INFO|2024-09-25 22:49:57: 	ZTest-ema: PQ_Vm_rmse: 0.001195  PQ_Va_rmse: 0.010458  PV_Va_rmse: 0.011235  delta_p: 0.021428  delta_q: 0.005429  
INFO|2024-09-25 22:49:57: 	           ValOfEMA:0.011235/0.011235,  Epoch:100/100
INFO|2024-09-25 22:49:57: 	Time(ep):399s,  Val(curr/best):0.011318/0.011232,  Epoch(curr/best):100/98
