INFO|2024-09-25 12:02:31: 
{'batch_size': 256,
 'config': '/home/bingxing2/ailab/zhaozhen/energy/senseflow/configs/test_gnns_resgatedgraphconv_v1_2.yaml',
 'data': {'batch_size': 256,
          'batch_size_test': 256,
          'meta': {'edge': [['PQ', 'default', 'PQ'],
                            ['PQ', 'default', 'PV'],
                            ['PQ', 'default', 'Slack'],
                            ['PV', 'default', 'PQ'],
                            ['PV', 'default', 'PV'],
                            ['PV', 'default', 'Slack'],
                            ['Slack', 'default', 'PQ'],
                            ['Slack', 'default', 'PV']],
                   'node': ['PQ', 'PV', 'Slack']},
          'num_workers': 4,
          'train': {'data_root': '/',
                    'dataset_type': 'PowerFlowDataset',
                    'mask_num': 0,
                    'pq_len': 64,
                    'pv_len': 53,
                    'slack_len': 1,
                    'split_txt': '/home/bingxing2/ailab/zhaozhen/energy/senseflow/data_json/processed/10w_case118_n_n_1.json'},
          'val': {'data_root': '/',
                  'dataset_type': 'PowerFlowDataset',
                  'mask_num': 0,
                  'pq_len': 64,
                  'pv_len': 53,
                  'slack_len': 1,
                  'split_txt': '/home/bingxing2/ailab/zhaozhen/energy/senseflow/data_json/processed/2w_case118_n_2.json'}},
 'distributed': False,
 'flag_return_losses': True,
 'local_rank': 0,
 'log_path': './results/test_gnns_resgatedgraphconv_v1_2/2024_09_25_12_02_31',
 'loss': {'aggr': 'abs', 'filt_type': True, 'type': 'bi_deltapq_loss'},
 'mask_num': 0,
 'model': {'batch_size': 256,
           'ema_decay_param': 0.99,
           'ema_warmup_epoch': 10,
           'flag_use_edge_feat': False,
           'flag_use_ema': True,
           'flag_use_ffn': False,
           'flag_use_fusion': False,
           'flag_weighted_loss': True,
           'gcn_type': 'resgatedgraphconv',
           'heads_num': 4,
           'hidden_channels': 128,
           'loss_type': 'l1',
           'loss_weight_equ': 0.1,
           'loss_weight_va': 1.0,
           'loss_weight_vm': 10.0,
           'matrix': 'vm_va',
           'num_block': 8,
           'num_loops_test': -1,
           'num_loops_train': 1,
           'resume_ckpt_path': '',
           'scaling_factor_va': 0.01,
           'scaling_factor_vm': 0.01,
           'type': 'test_gnn',
           'with_norm': True},
 'ngpus': 1,
 'pq_len': 64,
 'pv_len': 53,
 'scheduler': {'eta_min': '1e-5', 'type': 'Cosine'},
 'seed': 2024,
 'slack_len': 1,
 'train': {'epochs': 100,
           'learning_rate': 0.001,
           'logs_freq': 10,
           'momentum': 0.9,
           'optimizer_type': 'Adam',
           'weight_decay': 0.0}}
INFO|2024-09-25 12:02:36: ==================== Total number of parameters: 4.358M
INFO|2024-09-25 12:02:36: -------------------- Epoch: 1 --------------------
INFO|2024-09-25 12:02:49: Epoch[001/100], iter[040/392], loss_total:0.58055, loss_equ:0.76100 loss_pq_vm:0.00721 loss_pq_va:0.22322 loss_pv_va:0.20916
INFO|2024-09-25 12:03:00: Epoch[001/100], iter[079/392], loss_total:0.51694, loss_equ:0.73164 loss_pq_vm:0.00594 loss_pq_va:0.20126 loss_pv_va:0.18315
INFO|2024-09-25 12:03:12: Epoch[001/100], iter[118/392], loss_total:0.43612, loss_equ:0.61800 loss_pq_vm:0.00482 loss_pq_va:0.17053 loss_pv_va:0.15557
INFO|2024-09-25 12:03:24: Epoch[001/100], iter[157/392], loss_total:0.39003, loss_equ:0.54210 loss_pq_vm:0.00455 loss_pq_va:0.15285 loss_pv_va:0.13748
INFO|2024-09-25 12:03:35: Epoch[001/100], iter[196/392], loss_total:0.31760, loss_equ:0.45697 loss_pq_vm:0.00348 loss_pq_va:0.12217 loss_pv_va:0.11495
INFO|2024-09-25 12:03:47: Epoch[001/100], iter[235/392], loss_total:0.30154, loss_equ:0.51108 loss_pq_vm:0.00479 loss_pq_va:0.10355 loss_pv_va:0.09899
INFO|2024-09-25 12:03:59: Epoch[001/100], iter[274/392], loss_total:0.29222, loss_equ:0.42703 loss_pq_vm:0.00507 loss_pq_va:0.10138 loss_pv_va:0.09744
INFO|2024-09-25 12:04:11: Epoch[001/100], iter[313/392], loss_total:0.25183, loss_equ:0.35953 loss_pq_vm:0.00316 loss_pq_va:0.09248 loss_pv_va:0.09183
INFO|2024-09-25 12:04:23: Epoch[001/100], iter[352/392], loss_total:0.23694, loss_equ:0.36796 loss_pq_vm:0.00317 loss_pq_va:0.08533 loss_pv_va:0.08315
INFO|2024-09-25 12:04:35: Epoch[001/100], iter[392/392], loss_total:0.22126, loss_equ:0.32029 loss_pq_vm:0.00293 loss_pq_va:0.08084 loss_pv_va:0.07904
INFO|2024-09-25 12:05:21: Epoch 0/100, lr:  0.00099976, eta: 4.52h, train_loss:  0.39052, valid_loss:  0.22643
INFO|2024-09-25 12:05:21: 	Train: PQ_Vm_rmse: 0.00741342  PQ_Va_rmse: 0.18595316  PV_Va_rmse: 0.17624032  delta_p: 0.36168063  delta_q: 0.11465274  
INFO|2024-09-25 12:05:21: 	ZTest: PQ_Vm_rmse: 0.00418079  PQ_Va_rmse: 0.12378700  PV_Va_rmse: 0.11909149  delta_p: 0.22975636  delta_q: 0.05464703  
INFO|2024-09-25 12:05:21: 	ZTest-ema: PQ_Vm_rmse: 0.004181  PQ_Va_rmse: 0.123787  PV_Va_rmse: 0.119091  delta_p: 0.229756  delta_q: 0.054647  
INFO|2024-09-25 12:05:21: 	           ValOfEMA:0.123787/0.123787,  Epoch:1/1
INFO|2024-09-25 12:05:22: 	Time(ep):164s,  Val(curr/best):0.123787/0.123787,  Epoch(curr/best):1/1
INFO|2024-09-25 12:05:22: -------------------- Epoch: 2 --------------------
INFO|2024-09-25 12:05:34: Epoch[002/100], iter[040/392], loss_total:0.25401, loss_equ:0.36010 loss_pq_vm:0.00485 loss_pq_va:0.08447 loss_pv_va:0.08505
INFO|2024-09-25 12:05:46: Epoch[002/100], iter[079/392], loss_total:0.23828, loss_equ:0.36871 loss_pq_vm:0.00447 loss_pq_va:0.07971 loss_pv_va:0.07695
INFO|2024-09-25 12:05:58: Epoch[002/100], iter[118/392], loss_total:0.20777, loss_equ:0.29936 loss_pq_vm:0.00276 loss_pq_va:0.07584 loss_pv_va:0.07435
INFO|2024-09-25 12:06:10: Epoch[002/100], iter[157/392], loss_total:0.18630, loss_equ:0.26282 loss_pq_vm:0.00207 loss_pq_va:0.07049 loss_pv_va:0.06883
INFO|2024-09-25 12:06:21: Epoch[002/100], iter[196/392], loss_total:0.19761, loss_equ:0.33467 loss_pq_vm:0.00245 loss_pq_va:0.07126 loss_pv_va:0.06840
INFO|2024-09-25 12:06:33: Epoch[002/100], iter[235/392], loss_total:0.20197, loss_equ:0.31068 loss_pq_vm:0.00355 loss_pq_va:0.06806 loss_pv_va:0.06731
INFO|2024-09-25 12:06:45: Epoch[002/100], iter[274/392], loss_total:0.19607, loss_equ:0.25701 loss_pq_vm:0.00219 loss_pq_va:0.07427 loss_pv_va:0.07418
INFO|2024-09-25 12:06:57: Epoch[002/100], iter[313/392], loss_total:0.20341, loss_equ:0.28059 loss_pq_vm:0.00256 loss_pq_va:0.07504 loss_pv_va:0.07468
INFO|2024-09-25 12:07:08: Epoch[002/100], iter[352/392], loss_total:0.19848, loss_equ:0.29207 loss_pq_vm:0.00360 loss_pq_va:0.06744 loss_pv_va:0.06587
INFO|2024-09-25 12:07:20: Epoch[002/100], iter[392/392], loss_total:0.18275, loss_equ:0.26272 loss_pq_vm:0.00271 loss_pq_va:0.06617 loss_pv_va:0.06318
INFO|2024-09-25 12:08:08: Epoch 1/100, lr:  0.00099902, eta: 4.53h, train_loss:  0.20459, valid_loss:  0.19755
INFO|2024-09-25 12:08:08: 	Train: PQ_Vm_rmse: 0.00415073  PQ_Va_rmse: 0.10294551  PV_Va_rmse: 0.09963217  delta_p: 0.19857044  delta_q: 0.05737017  
INFO|2024-09-25 12:08:08: 	ZTest: PQ_Vm_rmse: 0.00435625  PQ_Va_rmse: 0.10613268  PV_Va_rmse: 0.10062739  delta_p: 0.19977046  delta_q: 0.04785017  
INFO|2024-09-25 12:08:08: 	ZTest-ema: PQ_Vm_rmse: 0.004356  PQ_Va_rmse: 0.106133  PV_Va_rmse: 0.100627  delta_p: 0.199770  delta_q: 0.047850  
INFO|2024-09-25 12:08:08: 	           ValOfEMA:0.106133/0.106133,  Epoch:2/2
INFO|2024-09-25 12:08:09: 	Time(ep):166s,  Val(curr/best):0.106133/0.106133,  Epoch(curr/best):2/2
INFO|2024-09-25 12:08:09: -------------------- Epoch: 3 --------------------
INFO|2024-09-25 12:08:22: Epoch[003/100], iter[040/392], loss_total:0.19449, loss_equ:0.29740 loss_pq_vm:0.00297 loss_pq_va:0.06773 loss_pv_va:0.06731
INFO|2024-09-25 12:08:33: Epoch[003/100], iter[079/392], loss_total:0.17410, loss_equ:0.26309 loss_pq_vm:0.00284 loss_pq_va:0.06068 loss_pv_va:0.05871
INFO|2024-09-25 12:08:44: Epoch[003/100], iter[118/392], loss_total:0.18887, loss_equ:0.29814 loss_pq_vm:0.00308 loss_pq_va:0.06443 loss_pv_va:0.06386
INFO|2024-09-25 12:08:56: Epoch[003/100], iter[157/392], loss_total:0.17041, loss_equ:0.26662 loss_pq_vm:0.00214 loss_pq_va:0.06237 loss_pv_va:0.06000
INFO|2024-09-25 12:09:07: Epoch[003/100], iter[196/392], loss_total:0.17489, loss_equ:0.28394 loss_pq_vm:0.00267 loss_pq_va:0.06138 loss_pv_va:0.05840
INFO|2024-09-25 12:09:18: Epoch[003/100], iter[235/392], loss_total:0.16198, loss_equ:0.26874 loss_pq_vm:0.00218 loss_pq_va:0.05772 loss_pv_va:0.05560
INFO|2024-09-25 12:09:29: Epoch[003/100], iter[274/392], loss_total:0.16621, loss_equ:0.25742 loss_pq_vm:0.00237 loss_pq_va:0.05985 loss_pv_va:0.05691
INFO|2024-09-25 12:09:41: Epoch[003/100], iter[313/392], loss_total:0.16427, loss_equ:0.27245 loss_pq_vm:0.00353 loss_pq_va:0.05202 loss_pv_va:0.04972
INFO|2024-09-25 12:09:52: Epoch[003/100], iter[352/392], loss_total:0.16615, loss_equ:0.29297 loss_pq_vm:0.00287 loss_pq_va:0.05538 loss_pv_va:0.05272
INFO|2024-09-25 12:10:04: Epoch[003/100], iter[392/392], loss_total:0.16335, loss_equ:0.26039 loss_pq_vm:0.00283 loss_pq_va:0.05574 loss_pv_va:0.05332
INFO|2024-09-25 12:10:50: Epoch 2/100, lr:  0.00099780, eta: 4.33h, train_loss:  0.18088, valid_loss:  0.17554
INFO|2024-09-25 12:10:50: 	Train: PQ_Vm_rmse: 0.00377113  PQ_Va_rmse: 0.09135706  PV_Va_rmse: 0.08735501  delta_p: 0.18643587  delta_q: 0.05274230  
INFO|2024-09-25 12:10:50: 	ZTest: PQ_Vm_rmse: 0.00351495  PQ_Va_rmse: 0.09541489  PV_Va_rmse: 0.09147343  delta_p: 0.18142109  delta_q: 0.04639890  
INFO|2024-09-25 12:10:50: 	ZTest-ema: PQ_Vm_rmse: 0.003515  PQ_Va_rmse: 0.095415  PV_Va_rmse: 0.091473  delta_p: 0.181421  delta_q: 0.046399  
INFO|2024-09-25 12:10:50: 	           ValOfEMA:0.095415/0.095415,  Epoch:3/3
INFO|2024-09-25 12:10:52: 	Time(ep):160s,  Val(curr/best):0.095415/0.095415,  Epoch(curr/best):3/3
INFO|2024-09-25 12:10:52: -------------------- Epoch: 4 --------------------
INFO|2024-09-25 12:11:04: Epoch[004/100], iter[040/392], loss_total:0.18466, loss_equ:0.32382 loss_pq_vm:0.00213 loss_pq_va:0.06728 loss_pv_va:0.06365
INFO|2024-09-25 12:11:16: Epoch[004/100], iter[079/392], loss_total:0.17747, loss_equ:0.27659 loss_pq_vm:0.00305 loss_pq_va:0.06036 loss_pv_va:0.05897
INFO|2024-09-25 12:11:27: Epoch[004/100], iter[118/392], loss_total:0.18469, loss_equ:0.28650 loss_pq_vm:0.00225 loss_pq_va:0.06811 loss_pv_va:0.06546
INFO|2024-09-25 12:11:39: Epoch[004/100], iter[157/392], loss_total:0.14553, loss_equ:0.24895 loss_pq_vm:0.00196 loss_pq_va:0.05202 loss_pv_va:0.04905
INFO|2024-09-25 12:11:51: Epoch[004/100], iter[196/392], loss_total:0.14939, loss_equ:0.23908 loss_pq_vm:0.00182 loss_pq_va:0.05396 loss_pv_va:0.05332
INFO|2024-09-25 12:12:02: Epoch[004/100], iter[235/392], loss_total:0.16301, loss_equ:0.26554 loss_pq_vm:0.00234 loss_pq_va:0.05772 loss_pv_va:0.05538
INFO|2024-09-25 12:12:14: Epoch[004/100], iter[274/392], loss_total:0.14682, loss_equ:0.24853 loss_pq_vm:0.00214 loss_pq_va:0.05104 loss_pv_va:0.04953
INFO|2024-09-25 12:12:26: Epoch[004/100], iter[313/392], loss_total:0.15417, loss_equ:0.25790 loss_pq_vm:0.00320 loss_pq_va:0.04980 loss_pv_va:0.04660
INFO|2024-09-25 12:12:37: Epoch[004/100], iter[352/392], loss_total:0.15177, loss_equ:0.27599 loss_pq_vm:0.00362 loss_pq_va:0.04540 loss_pv_va:0.04256
INFO|2024-09-25 12:12:49: Epoch[004/100], iter[392/392], loss_total:0.14992, loss_equ:0.25225 loss_pq_vm:0.00242 loss_pq_va:0.05151 loss_pv_va:0.04897
INFO|2024-09-25 12:13:34: Epoch 3/100, lr:  0.00099610, eta: 4.33h, train_loss:  0.15952, valid_loss:  0.15470
INFO|2024-09-25 12:13:34: 	Train: PQ_Vm_rmse: 0.00335871  PQ_Va_rmse: 0.07930802  PV_Va_rmse: 0.07570928  delta_p: 0.18028154  delta_q: 0.04740989  
INFO|2024-09-25 12:13:34: 	ZTest: PQ_Vm_rmse: 0.00366522  PQ_Va_rmse: 0.08148429  PV_Va_rmse: 0.07659815  delta_p: 0.17329004  delta_q: 0.04577423  
INFO|2024-09-25 12:13:34: 	ZTest-ema: PQ_Vm_rmse: 0.003665  PQ_Va_rmse: 0.081484  PV_Va_rmse: 0.076598  delta_p: 0.173290  delta_q: 0.045774  
INFO|2024-09-25 12:13:34: 	           ValOfEMA:0.081484/0.081484,  Epoch:4/4
INFO|2024-09-25 12:13:35: 	Time(ep):162s,  Val(curr/best):0.081484/0.081484,  Epoch(curr/best):4/4
INFO|2024-09-25 12:13:35: -------------------- Epoch: 5 --------------------
INFO|2024-09-25 12:13:48: Epoch[005/100], iter[040/392], loss_total:0.14727, loss_equ:0.24258 loss_pq_vm:0.00212 loss_pq_va:0.05211 loss_pv_va:0.04974
INFO|2024-09-25 12:14:00: Epoch[005/100], iter[079/392], loss_total:0.13777, loss_equ:0.23281 loss_pq_vm:0.00203 loss_pq_va:0.04766 loss_pv_va:0.04655
INFO|2024-09-25 12:14:11: Epoch[005/100], iter[118/392], loss_total:0.15270, loss_equ:0.26712 loss_pq_vm:0.00203 loss_pq_va:0.05395 loss_pv_va:0.05170
INFO|2024-09-25 12:14:23: Epoch[005/100], iter[157/392], loss_total:0.13908, loss_equ:0.23896 loss_pq_vm:0.00261 loss_pq_va:0.04536 loss_pv_va:0.04373
INFO|2024-09-25 12:14:35: Epoch[005/100], iter[196/392], loss_total:0.15840, loss_equ:0.23324 loss_pq_vm:0.00230 loss_pq_va:0.05693 loss_pv_va:0.05518
INFO|2024-09-25 12:14:46: Epoch[005/100], iter[235/392], loss_total:0.14308, loss_equ:0.26067 loss_pq_vm:0.00248 loss_pq_va:0.04688 loss_pv_va:0.04535
INFO|2024-09-25 12:14:58: Epoch[005/100], iter[274/392], loss_total:0.12577, loss_equ:0.23645 loss_pq_vm:0.00175 loss_pq_va:0.04327 loss_pv_va:0.04135
INFO|2024-09-25 12:15:10: Epoch[005/100], iter[313/392], loss_total:0.15829, loss_equ:0.24831 loss_pq_vm:0.00250 loss_pq_va:0.05523 loss_pv_va:0.05321
INFO|2024-09-25 12:15:21: Epoch[005/100], iter[352/392], loss_total:0.14829, loss_equ:0.23661 loss_pq_vm:0.00234 loss_pq_va:0.05038 loss_pv_va:0.05085
INFO|2024-09-25 12:15:33: Epoch[005/100], iter[392/392], loss_total:0.13328, loss_equ:0.26916 loss_pq_vm:0.00181 loss_pq_va:0.04563 loss_pv_va:0.04267
INFO|2024-09-25 12:16:19: Epoch 4/100, lr:  0.00099391, eta: 4.34h, train_loss:  0.14489, valid_loss:  0.16932
INFO|2024-09-25 12:16:19: 	Train: PQ_Vm_rmse: 0.00323186  PQ_Va_rmse: 0.07089516  PV_Va_rmse: 0.06759217  delta_p: 0.15960105  delta_q: 0.04612517  
INFO|2024-09-25 12:16:19: 	ZTest: PQ_Vm_rmse: 0.00311304  PQ_Va_rmse: 0.09027062  PV_Va_rmse: 0.08618542  delta_p: 0.16902531  delta_q: 0.04323181  
INFO|2024-09-25 12:16:19: 	ZTest-ema: PQ_Vm_rmse: 0.003113  PQ_Va_rmse: 0.090271  PV_Va_rmse: 0.086185  delta_p: 0.169025  delta_q: 0.043232  
INFO|2024-09-25 12:16:19: 	           ValOfEMA:0.090271/0.081484,  Epoch:5/4
INFO|2024-09-25 12:16:20: 	Time(ep):164s,  Val(curr/best):0.090271/0.081484,  Epoch(curr/best):5/4
INFO|2024-09-25 12:16:20: -------------------- Epoch: 6 --------------------
INFO|2024-09-25 12:16:33: Epoch[006/100], iter[040/392], loss_total:0.13011, loss_equ:0.23882 loss_pq_vm:0.00181 loss_pq_va:0.04513 loss_pv_va:0.04298
INFO|2024-09-25 12:16:45: Epoch[006/100], iter[079/392], loss_total:0.13865, loss_equ:0.28012 loss_pq_vm:0.00315 loss_pq_va:0.04044 loss_pv_va:0.03867
INFO|2024-09-25 12:16:56: Epoch[006/100], iter[118/392], loss_total:0.13366, loss_equ:0.22927 loss_pq_vm:0.00284 loss_pq_va:0.04180 loss_pv_va:0.04058
INFO|2024-09-25 12:17:08: Epoch[006/100], iter[157/392], loss_total:0.12933, loss_equ:0.22901 loss_pq_vm:0.00204 loss_pq_va:0.04318 loss_pv_va:0.04286
INFO|2024-09-25 12:17:19: Epoch[006/100], iter[196/392], loss_total:0.12373, loss_equ:0.21330 loss_pq_vm:0.00175 loss_pq_va:0.04355 loss_pv_va:0.04137
INFO|2024-09-25 12:17:31: Epoch[006/100], iter[235/392], loss_total:0.15516, loss_equ:0.23226 loss_pq_vm:0.00210 loss_pq_va:0.05700 loss_pv_va:0.05388
INFO|2024-09-25 12:17:42: Epoch[006/100], iter[274/392], loss_total:0.11884, loss_equ:0.21708 loss_pq_vm:0.00246 loss_pq_va:0.03702 loss_pv_va:0.03556
INFO|2024-09-25 12:17:54: Epoch[006/100], iter[313/392], loss_total:0.15303, loss_equ:0.27769 loss_pq_vm:0.00256 loss_pq_va:0.05003 loss_pv_va:0.04965
INFO|2024-09-25 12:18:05: Epoch[006/100], iter[352/392], loss_total:0.13412, loss_equ:0.24022 loss_pq_vm:0.00196 loss_pq_va:0.04578 loss_pv_va:0.04474
INFO|2024-09-25 12:18:17: Epoch[006/100], iter[392/392], loss_total:0.13403, loss_equ:0.20923 loss_pq_vm:0.00214 loss_pq_va:0.04659 loss_pv_va:0.04516
INFO|2024-09-25 12:19:05: Epoch 5/100, lr:  0.00099123, eta: 4.29h, train_loss:  0.13334, valid_loss:  0.14154
INFO|2024-09-25 12:19:05: 	Train: PQ_Vm_rmse: 0.00309727  PQ_Va_rmse: 0.06380769  PV_Va_rmse: 0.06118649  delta_p: 0.15221574  delta_q: 0.04423072  
INFO|2024-09-25 12:19:05: 	ZTest: PQ_Vm_rmse: 0.00369921  PQ_Va_rmse: 0.07433437  PV_Va_rmse: 0.07047910  delta_p: 0.13818746  delta_q: 0.04286760  
INFO|2024-09-25 12:19:05: 	ZTest-ema: PQ_Vm_rmse: 0.003699  PQ_Va_rmse: 0.074334  PV_Va_rmse: 0.070479  delta_p: 0.138187  delta_q: 0.042868  
INFO|2024-09-25 12:19:05: 	           ValOfEMA:0.074334/0.074334,  Epoch:6/6
INFO|2024-09-25 12:19:06: 	Time(ep):164s,  Val(curr/best):0.074334/0.074334,  Epoch(curr/best):6/6
INFO|2024-09-25 12:19:06: -------------------- Epoch: 7 --------------------
INFO|2024-09-25 12:19:19: Epoch[007/100], iter[040/392], loss_total:0.12555, loss_equ:0.19659 loss_pq_vm:0.00200 loss_pq_va:0.04347 loss_pv_va:0.04245
INFO|2024-09-25 12:19:31: Epoch[007/100], iter[079/392], loss_total:0.12393, loss_equ:0.24490 loss_pq_vm:0.00191 loss_pq_va:0.04109 loss_pv_va:0.03930
INFO|2024-09-25 12:19:43: Epoch[007/100], iter[118/392], loss_total:0.11536, loss_equ:0.22841 loss_pq_vm:0.00187 loss_pq_va:0.03798 loss_pv_va:0.03581
INFO|2024-09-25 12:19:55: Epoch[007/100], iter[157/392], loss_total:0.12926, loss_equ:0.21222 loss_pq_vm:0.00183 loss_pq_va:0.04536 loss_pv_va:0.04435
INFO|2024-09-25 12:20:06: Epoch[007/100], iter[196/392], loss_total:0.12078, loss_equ:0.19875 loss_pq_vm:0.00167 loss_pq_va:0.04254 loss_pv_va:0.04162
INFO|2024-09-25 12:20:18: Epoch[007/100], iter[235/392], loss_total:0.11974, loss_equ:0.24297 loss_pq_vm:0.00234 loss_pq_va:0.03720 loss_pv_va:0.03489
INFO|2024-09-25 12:20:29: Epoch[007/100], iter[274/392], loss_total:0.11206, loss_equ:0.21476 loss_pq_vm:0.00204 loss_pq_va:0.03605 loss_pv_va:0.03419
INFO|2024-09-25 12:20:41: Epoch[007/100], iter[313/392], loss_total:0.12671, loss_equ:0.23206 loss_pq_vm:0.00223 loss_pq_va:0.04106 loss_pv_va:0.04016
INFO|2024-09-25 12:20:52: Epoch[007/100], iter[352/392], loss_total:0.11985, loss_equ:0.25345 loss_pq_vm:0.00204 loss_pq_va:0.03780 loss_pv_va:0.03629
INFO|2024-09-25 12:21:04: Epoch[007/100], iter[392/392], loss_total:0.11691, loss_equ:0.21449 loss_pq_vm:0.00185 loss_pq_va:0.03940 loss_pv_va:0.03760
INFO|2024-09-25 12:21:49: Epoch 6/100, lr:  0.00098808, eta: 4.21h, train_loss:  0.12386, valid_loss:  0.14143
INFO|2024-09-25 12:21:49: 	Train: PQ_Vm_rmse: 0.00279317  PQ_Va_rmse: 0.05917714  PV_Va_rmse: 0.05652999  delta_p: 0.15707404  delta_q: 0.04079475  
INFO|2024-09-25 12:21:49: 	ZTest: PQ_Vm_rmse: 0.00444092  PQ_Va_rmse: 0.06629081  PV_Va_rmse: 0.06293133  delta_p: 0.14923861  delta_q: 0.05742869  
INFO|2024-09-25 12:21:49: 	ZTest-ema: PQ_Vm_rmse: 0.004441  PQ_Va_rmse: 0.066291  PV_Va_rmse: 0.062931  delta_p: 0.149239  delta_q: 0.057429  
INFO|2024-09-25 12:21:49: 	           ValOfEMA:0.066291/0.066291,  Epoch:7/7
INFO|2024-09-25 12:21:50: 	Time(ep):162s,  Val(curr/best):0.066291/0.066291,  Epoch(curr/best):7/7
INFO|2024-09-25 12:21:50: -------------------- Epoch: 8 --------------------
INFO|2024-09-25 12:22:03: Epoch[008/100], iter[040/392], loss_total:0.13147, loss_equ:0.22062 loss_pq_vm:0.00233 loss_pq_va:0.04394 loss_pv_va:0.04218
INFO|2024-09-25 12:22:15: Epoch[008/100], iter[079/392], loss_total:0.11425, loss_equ:0.19982 loss_pq_vm:0.00166 loss_pq_va:0.03962 loss_pv_va:0.03805
INFO|2024-09-25 12:22:26: Epoch[008/100], iter[118/392], loss_total:0.11199, loss_equ:0.19816 loss_pq_vm:0.00158 loss_pq_va:0.03925 loss_pv_va:0.03713
INFO|2024-09-25 12:22:38: Epoch[008/100], iter[157/392], loss_total:0.14338, loss_equ:0.22621 loss_pq_vm:0.00230 loss_pq_va:0.04839 loss_pv_va:0.04942
INFO|2024-09-25 12:22:49: Epoch[008/100], iter[196/392], loss_total:0.10843, loss_equ:0.19853 loss_pq_vm:0.00164 loss_pq_va:0.03672 loss_pv_va:0.03549
INFO|2024-09-25 12:23:00: Epoch[008/100], iter[235/392], loss_total:0.10792, loss_equ:0.20664 loss_pq_vm:0.00161 loss_pq_va:0.03619 loss_pv_va:0.03497
INFO|2024-09-25 12:23:12: Epoch[008/100], iter[274/392], loss_total:0.12039, loss_equ:0.19350 loss_pq_vm:0.00177 loss_pq_va:0.04245 loss_pv_va:0.04088
INFO|2024-09-25 12:23:23: Epoch[008/100], iter[313/392], loss_total:0.11030, loss_equ:0.18408 loss_pq_vm:0.00161 loss_pq_va:0.03856 loss_pv_va:0.03726
INFO|2024-09-25 12:23:34: Epoch[008/100], iter[352/392], loss_total:0.13235, loss_equ:0.23922 loss_pq_vm:0.00342 loss_pq_va:0.03774 loss_pv_va:0.03654
INFO|2024-09-25 12:23:46: Epoch[008/100], iter[392/392], loss_total:0.11744, loss_equ:0.20695 loss_pq_vm:0.00221 loss_pq_va:0.03774 loss_pv_va:0.03688
INFO|2024-09-25 12:24:33: Epoch 7/100, lr:  0.00098445, eta: 4.17h, train_loss:  0.11880, valid_loss:  0.13238
INFO|2024-09-25 12:24:33: 	Train: PQ_Vm_rmse: 0.00287707  PQ_Va_rmse: 0.05621519  PV_Va_rmse: 0.05370885  delta_p: 0.13471528  delta_q: 0.04145806  
INFO|2024-09-25 12:24:33: 	ZTest: PQ_Vm_rmse: 0.00345316  PQ_Va_rmse: 0.06900342  PV_Va_rmse: 0.06566652  delta_p: 0.14145838  delta_q: 0.04168881  
INFO|2024-09-25 12:24:33: 	ZTest-ema: PQ_Vm_rmse: 0.003453  PQ_Va_rmse: 0.069003  PV_Va_rmse: 0.065667  delta_p: 0.141458  delta_q: 0.041689  
INFO|2024-09-25 12:24:33: 	           ValOfEMA:0.069003/0.066291,  Epoch:8/7
INFO|2024-09-25 12:24:34: 	Time(ep):163s,  Val(curr/best):0.069003/0.066291,  Epoch(curr/best):8/7
INFO|2024-09-25 12:24:34: -------------------- Epoch: 9 --------------------
INFO|2024-09-25 12:24:47: Epoch[009/100], iter[040/392], loss_total:0.10676, loss_equ:0.18277 loss_pq_vm:0.00162 loss_pq_va:0.03662 loss_pv_va:0.03563
INFO|2024-09-25 12:24:59: Epoch[009/100], iter[079/392], loss_total:0.12034, loss_equ:0.23562 loss_pq_vm:0.00222 loss_pq_va:0.03779 loss_pv_va:0.03680
INFO|2024-09-25 12:25:11: Epoch[009/100], iter[118/392], loss_total:0.10986, loss_equ:0.20554 loss_pq_vm:0.00231 loss_pq_va:0.03387 loss_pv_va:0.03236
INFO|2024-09-25 12:25:22: Epoch[009/100], iter[157/392], loss_total:0.12451, loss_equ:0.21912 loss_pq_vm:0.00182 loss_pq_va:0.04288 loss_pv_va:0.04153
INFO|2024-09-25 12:25:34: Epoch[009/100], iter[196/392], loss_total:0.11163, loss_equ:0.20686 loss_pq_vm:0.00164 loss_pq_va:0.03759 loss_pv_va:0.03692
INFO|2024-09-25 12:25:45: Epoch[009/100], iter[235/392], loss_total:0.11056, loss_equ:0.20566 loss_pq_vm:0.00210 loss_pq_va:0.03506 loss_pv_va:0.03391
INFO|2024-09-25 12:25:57: Epoch[009/100], iter[274/392], loss_total:0.10922, loss_equ:0.19199 loss_pq_vm:0.00173 loss_pq_va:0.03709 loss_pv_va:0.03564
INFO|2024-09-25 12:26:08: Epoch[009/100], iter[313/392], loss_total:0.10540, loss_equ:0.19548 loss_pq_vm:0.00181 loss_pq_va:0.03450 loss_pv_va:0.03325
INFO|2024-09-25 12:26:20: Epoch[009/100], iter[352/392], loss_total:0.11399, loss_equ:0.23505 loss_pq_vm:0.00263 loss_pq_va:0.03276 loss_pv_va:0.03142
INFO|2024-09-25 12:26:32: Epoch[009/100], iter[392/392], loss_total:0.10600, loss_equ:0.18602 loss_pq_vm:0.00153 loss_pq_va:0.03623 loss_pv_va:0.03583
INFO|2024-09-25 12:27:17: Epoch 8/100, lr:  0.00098035, eta: 4.12h, train_loss:  0.11569, valid_loss:  0.12294
INFO|2024-09-25 12:27:17: 	Train: PQ_Vm_rmse: 0.00283011  PQ_Va_rmse: 0.05392474  PV_Va_rmse: 0.05159506  delta_p: 0.13543422  delta_q: 0.04043813  
INFO|2024-09-25 12:27:17: 	ZTest: PQ_Vm_rmse: 0.00307081  PQ_Va_rmse: 0.06253706  PV_Va_rmse: 0.06036822  delta_p: 0.13427249  delta_q: 0.03811700  
INFO|2024-09-25 12:27:17: 	ZTest-ema: PQ_Vm_rmse: 0.003071  PQ_Va_rmse: 0.062537  PV_Va_rmse: 0.060368  delta_p: 0.134272  delta_q: 0.038117  
INFO|2024-09-25 12:27:17: 	           ValOfEMA:0.062537/0.062537,  Epoch:9/9
INFO|2024-09-25 12:27:18: 	Time(ep):162s,  Val(curr/best):0.062537/0.062537,  Epoch(curr/best):9/9
INFO|2024-09-25 12:27:18: -------------------- Epoch: 10 --------------------
INFO|2024-09-25 12:27:31: Epoch[010/100], iter[040/392], loss_total:0.10207, loss_equ:0.19538 loss_pq_vm:0.00161 loss_pq_va:0.03394 loss_pv_va:0.03250
INFO|2024-09-25 12:27:43: Epoch[010/100], iter[079/392], loss_total:0.12184, loss_equ:0.20080 loss_pq_vm:0.00213 loss_pq_va:0.04076 loss_pv_va:0.03975
INFO|2024-09-25 12:27:54: Epoch[010/100], iter[118/392], loss_total:0.12423, loss_equ:0.22287 loss_pq_vm:0.00236 loss_pq_va:0.04036 loss_pv_va:0.03802
INFO|2024-09-25 12:28:06: Epoch[010/100], iter[157/392], loss_total:0.10234, loss_equ:0.19581 loss_pq_vm:0.00179 loss_pq_va:0.03291 loss_pv_va:0.03198
INFO|2024-09-25 12:28:18: Epoch[010/100], iter[196/392], loss_total:0.13318, loss_equ:0.19531 loss_pq_vm:0.00160 loss_pq_va:0.04860 loss_pv_va:0.04903
INFO|2024-09-25 12:28:29: Epoch[010/100], iter[235/392], loss_total:0.10724, loss_equ:0.21909 loss_pq_vm:0.00195 loss_pq_va:0.03344 loss_pv_va:0.03236
INFO|2024-09-25 12:28:41: Epoch[010/100], iter[274/392], loss_total:0.12455, loss_equ:0.22927 loss_pq_vm:0.00180 loss_pq_va:0.04352 loss_pv_va:0.04013
INFO|2024-09-25 12:28:53: Epoch[010/100], iter[313/392], loss_total:0.11485, loss_equ:0.22613 loss_pq_vm:0.00238 loss_pq_va:0.03438 loss_pv_va:0.03403
INFO|2024-09-25 12:29:04: Epoch[010/100], iter[352/392], loss_total:0.10701, loss_equ:0.18482 loss_pq_vm:0.00166 loss_pq_va:0.03668 loss_pv_va:0.03524
INFO|2024-09-25 12:29:16: Epoch[010/100], iter[392/392], loss_total:0.11646, loss_equ:0.17970 loss_pq_vm:0.00174 loss_pq_va:0.04115 loss_pv_va:0.03997
INFO|2024-09-25 12:30:00: Epoch 9/100, lr:  0.00097577, eta: 4.04h, train_loss:  0.11108, valid_loss:  0.12293
INFO|2024-09-25 12:30:00: 	Train: PQ_Vm_rmse: 0.00264604  PQ_Va_rmse: 0.05195756  PV_Va_rmse: 0.04964384  delta_p: 0.13468642  delta_q: 0.03879764  
INFO|2024-09-25 12:30:00: 	ZTest: PQ_Vm_rmse: 0.00295555  PQ_Va_rmse: 0.06465001  PV_Va_rmse: 0.06109008  delta_p: 0.13168987  delta_q: 0.03633936  
INFO|2024-09-25 12:30:00: 	ZTest-ema: PQ_Vm_rmse: 0.002956  PQ_Va_rmse: 0.064650  PV_Va_rmse: 0.061090  delta_p: 0.131690  delta_q: 0.036339  
INFO|2024-09-25 12:30:00: 	           ValOfEMA:0.064650/0.062537,  Epoch:10/9
INFO|2024-09-25 12:30:01: 	Time(ep):161s,  Val(curr/best):0.064650/0.062537,  Epoch(curr/best):10/9
INFO|2024-09-25 12:30:01: -------------------- Epoch: 11 --------------------
INFO|2024-09-25 12:30:14: Epoch[011/100], iter[040/392], loss_total:0.10688, loss_equ:0.18052 loss_pq_vm:0.00159 loss_pq_va:0.03686 loss_pv_va:0.03603
INFO|2024-09-25 12:30:25: Epoch[011/100], iter[079/392], loss_total:0.10423, loss_equ:0.21319 loss_pq_vm:0.00221 loss_pq_va:0.03105 loss_pv_va:0.02973
INFO|2024-09-25 12:30:37: Epoch[011/100], iter[118/392], loss_total:0.11775, loss_equ:0.19141 loss_pq_vm:0.00199 loss_pq_va:0.03996 loss_pv_va:0.03874
INFO|2024-09-25 12:30:48: Epoch[011/100], iter[157/392], loss_total:0.10505, loss_equ:0.19596 loss_pq_vm:0.00164 loss_pq_va:0.03529 loss_pv_va:0.03381
INFO|2024-09-25 12:30:59: Epoch[011/100], iter[196/392], loss_total:0.11120, loss_equ:0.23624 loss_pq_vm:0.00234 loss_pq_va:0.03297 loss_pv_va:0.03125
INFO|2024-09-25 12:31:11: Epoch[011/100], iter[235/392], loss_total:0.09352, loss_equ:0.18705 loss_pq_vm:0.00157 loss_pq_va:0.03002 loss_pv_va:0.02905
INFO|2024-09-25 12:31:22: Epoch[011/100], iter[274/392], loss_total:0.10110, loss_equ:0.19439 loss_pq_vm:0.00155 loss_pq_va:0.03353 loss_pv_va:0.03261
INFO|2024-09-25 12:31:34: Epoch[011/100], iter[313/392], loss_total:0.10274, loss_equ:0.19526 loss_pq_vm:0.00154 loss_pq_va:0.03454 loss_pv_va:0.03324
INFO|2024-09-25 12:31:45: Epoch[011/100], iter[352/392], loss_total:0.10789, loss_equ:0.19165 loss_pq_vm:0.00191 loss_pq_va:0.03507 loss_pv_va:0.03459
INFO|2024-09-25 12:31:57: Epoch[011/100], iter[392/392], loss_total:0.10539, loss_equ:0.20348 loss_pq_vm:0.00188 loss_pq_va:0.03359 loss_pv_va:0.03267
INFO|2024-09-25 12:32:42: Epoch 10/100, lr:  0.00097074, eta: 3.98h, train_loss:  0.10673, valid_loss:  0.11542
INFO|2024-09-25 12:32:42: 	Train: PQ_Vm_rmse: 0.00245173  PQ_Va_rmse: 0.05059920  PV_Va_rmse: 0.04860195  delta_p: 0.12836784  delta_q: 0.03630094  
INFO|2024-09-25 12:32:42: 	ZTest: PQ_Vm_rmse: 0.00301776  PQ_Va_rmse: 0.05722175  PV_Va_rmse: 0.05435928  delta_p: 0.14394332  delta_q: 0.04342432  
INFO|2024-09-25 12:32:42: 	ZTest-ema: PQ_Vm_rmse: 0.003018  PQ_Va_rmse: 0.057222  PV_Va_rmse: 0.054359  delta_p: 0.143943  delta_q: 0.043424  
INFO|2024-09-25 12:32:42: 	           ValOfEMA:0.057222/0.057222,  Epoch:11/11
INFO|2024-09-25 12:32:43: 	Time(ep):161s,  Val(curr/best):0.057222/0.057222,  Epoch(curr/best):11/11
INFO|2024-09-25 12:32:43: -------------------- Epoch: 12 --------------------
INFO|2024-09-25 12:32:56: Epoch[012/100], iter[040/392], loss_total:0.10401, loss_equ:0.21903 loss_pq_vm:0.00221 loss_pq_va:0.03027 loss_pv_va:0.02969
INFO|2024-09-25 12:33:08: Epoch[012/100], iter[079/392], loss_total:0.09954, loss_equ:0.21072 loss_pq_vm:0.00158 loss_pq_va:0.03152 loss_pv_va:0.03120
INFO|2024-09-25 12:33:19: Epoch[012/100], iter[118/392], loss_total:0.10417, loss_equ:0.19651 loss_pq_vm:0.00196 loss_pq_va:0.03243 loss_pv_va:0.03250
INFO|2024-09-25 12:33:31: Epoch[012/100], iter[157/392], loss_total:0.10023, loss_equ:0.17752 loss_pq_vm:0.00163 loss_pq_va:0.03343 loss_pv_va:0.03272
INFO|2024-09-25 12:33:42: Epoch[012/100], iter[196/392], loss_total:0.10306, loss_equ:0.18279 loss_pq_vm:0.00157 loss_pq_va:0.03542 loss_pv_va:0.03364
INFO|2024-09-25 12:33:54: Epoch[012/100], iter[235/392], loss_total:0.10548, loss_equ:0.19023 loss_pq_vm:0.00157 loss_pq_va:0.03648 loss_pv_va:0.03425
INFO|2024-09-25 12:34:05: Epoch[012/100], iter[274/392], loss_total:0.09542, loss_equ:0.18390 loss_pq_vm:0.00159 loss_pq_va:0.03068 loss_pv_va:0.03049
INFO|2024-09-25 12:34:17: Epoch[012/100], iter[313/392], loss_total:0.11616, loss_equ:0.18991 loss_pq_vm:0.00154 loss_pq_va:0.04148 loss_pv_va:0.04026
INFO|2024-09-25 12:34:28: Epoch[012/100], iter[352/392], loss_total:0.10717, loss_equ:0.21446 loss_pq_vm:0.00199 loss_pq_va:0.03335 loss_pv_va:0.03249
INFO|2024-09-25 12:34:40: Epoch[012/100], iter[392/392], loss_total:0.10797, loss_equ:0.20791 loss_pq_vm:0.00204 loss_pq_va:0.03422 loss_pv_va:0.03252
INFO|2024-09-25 12:35:25: Epoch 11/100, lr:  0.00096524, eta: 3.97h, train_loss:  0.10449, valid_loss:  0.11360
INFO|2024-09-25 12:35:25: 	Train: PQ_Vm_rmse: 0.00246459  PQ_Va_rmse: 0.04847536  PV_Va_rmse: 0.04639048  delta_p: 0.13380501  delta_q: 0.03671772  
INFO|2024-09-25 12:35:25: 	ZTest: PQ_Vm_rmse: 0.00257934  PQ_Va_rmse: 0.05802785  PV_Va_rmse: 0.05550722  delta_p: 0.13361614  delta_q: 0.03639218  
INFO|2024-09-25 12:35:25: 	ZTest-ema: PQ_Vm_rmse: 0.002378  PQ_Va_rmse: 0.054152  PV_Va_rmse: 0.051231  delta_p: 0.119412  delta_q: 0.032937  
INFO|2024-09-25 12:35:25: 	           ValOfEMA:0.054152/0.054152,  Epoch:12/12
INFO|2024-09-25 12:35:26: 	Time(ep):162s,  Val(curr/best):0.058028/0.057222,  Epoch(curr/best):12/11
INFO|2024-09-25 12:35:26: -------------------- Epoch: 13 --------------------
INFO|2024-09-25 12:35:39: Epoch[013/100], iter[040/392], loss_total:0.09818, loss_equ:0.20513 loss_pq_vm:0.00205 loss_pq_va:0.02900 loss_pv_va:0.02818
INFO|2024-09-25 12:35:51: Epoch[013/100], iter[079/392], loss_total:0.10467, loss_equ:0.17918 loss_pq_vm:0.00175 loss_pq_va:0.03492 loss_pv_va:0.03434
INFO|2024-09-25 12:36:03: Epoch[013/100], iter[118/392], loss_total:0.09202, loss_equ:0.18684 loss_pq_vm:0.00162 loss_pq_va:0.02899 loss_pv_va:0.02812
INFO|2024-09-25 12:36:15: Epoch[013/100], iter[157/392], loss_total:0.10519, loss_equ:0.20824 loss_pq_vm:0.00216 loss_pq_va:0.03197 loss_pv_va:0.03078
INFO|2024-09-25 12:36:26: Epoch[013/100], iter[196/392], loss_total:0.10159, loss_equ:0.18224 loss_pq_vm:0.00149 loss_pq_va:0.03478 loss_pv_va:0.03367
INFO|2024-09-25 12:36:37: Epoch[013/100], iter[235/392], loss_total:0.10263, loss_equ:0.20450 loss_pq_vm:0.00247 loss_pq_va:0.02925 loss_pv_va:0.02819
INFO|2024-09-25 12:36:49: Epoch[013/100], iter[274/392], loss_total:0.10071, loss_equ:0.18640 loss_pq_vm:0.00146 loss_pq_va:0.03410 loss_pv_va:0.03335
INFO|2024-09-25 12:37:01: Epoch[013/100], iter[313/392], loss_total:0.10752, loss_equ:0.26905 loss_pq_vm:0.00172 loss_pq_va:0.03090 loss_pv_va:0.03247
INFO|2024-09-25 12:37:12: Epoch[013/100], iter[352/392], loss_total:0.10623, loss_equ:0.18614 loss_pq_vm:0.00175 loss_pq_va:0.03600 loss_pv_va:0.03416
INFO|2024-09-25 12:37:24: Epoch[013/100], iter[392/392], loss_total:0.09751, loss_equ:0.18793 loss_pq_vm:0.00150 loss_pq_va:0.03184 loss_pv_va:0.03182
INFO|2024-09-25 12:38:12: Epoch 12/100, lr:  0.00095929, eta: 4.0h, train_loss:  0.10271, valid_loss:  0.11306
INFO|2024-09-25 12:38:12: 	Train: PQ_Vm_rmse: 0.00258271  PQ_Va_rmse: 0.04657644  PV_Va_rmse: 0.04450952  delta_p: 0.12874403  delta_q: 0.03798000  
INFO|2024-09-25 12:38:12: 	ZTest: PQ_Vm_rmse: 0.00342010  PQ_Va_rmse: 0.05213215  PV_Va_rmse: 0.04925286  delta_p: 0.14223755  delta_q: 0.04180660  
INFO|2024-09-25 12:38:12: 	ZTest-ema: PQ_Vm_rmse: 0.002353  PQ_Va_rmse: 0.052420  PV_Va_rmse: 0.049551  delta_p: 0.120025  delta_q: 0.032867  
INFO|2024-09-25 12:38:12: 	           ValOfEMA:0.052420/0.052420,  Epoch:13/13
INFO|2024-09-25 12:38:13: 	Time(ep):165s,  Val(curr/best):0.052132/0.052132,  Epoch(curr/best):13/13
INFO|2024-09-25 12:38:13: -------------------- Epoch: 14 --------------------
INFO|2024-09-25 12:38:26: Epoch[014/100], iter[040/392], loss_total:0.10390, loss_equ:0.17459 loss_pq_vm:0.00152 loss_pq_va:0.03604 loss_pv_va:0.03524
INFO|2024-09-25 12:38:37: Epoch[014/100], iter[079/392], loss_total:0.09963, loss_equ:0.20288 loss_pq_vm:0.00167 loss_pq_va:0.03235 loss_pv_va:0.03029
INFO|2024-09-25 12:38:49: Epoch[014/100], iter[118/392], loss_total:0.10540, loss_equ:0.18851 loss_pq_vm:0.00164 loss_pq_va:0.03589 loss_pv_va:0.03423
INFO|2024-09-25 12:39:01: Epoch[014/100], iter[157/392], loss_total:0.09179, loss_equ:0.19352 loss_pq_vm:0.00155 loss_pq_va:0.02900 loss_pv_va:0.02794
INFO|2024-09-25 12:39:12: Epoch[014/100], iter[196/392], loss_total:0.09165, loss_equ:0.17948 loss_pq_vm:0.00159 loss_pq_va:0.02953 loss_pv_va:0.02828
INFO|2024-09-25 12:39:23: Epoch[014/100], iter[235/392], loss_total:0.13510, loss_equ:0.23773 loss_pq_vm:0.00187 loss_pq_va:0.04555 loss_pv_va:0.04708
INFO|2024-09-25 12:39:35: Epoch[014/100], iter[274/392], loss_total:0.10907, loss_equ:0.21284 loss_pq_vm:0.00294 loss_pq_va:0.02936 loss_pv_va:0.02901
INFO|2024-09-25 12:39:47: Epoch[014/100], iter[313/392], loss_total:0.10478, loss_equ:0.17997 loss_pq_vm:0.00153 loss_pq_va:0.03535 loss_pv_va:0.03617
INFO|2024-09-25 12:39:58: Epoch[014/100], iter[352/392], loss_total:0.09664, loss_equ:0.17777 loss_pq_vm:0.00177 loss_pq_va:0.03101 loss_pv_va:0.03018
INFO|2024-09-25 12:40:10: Epoch[014/100], iter[392/392], loss_total:0.09045, loss_equ:0.17581 loss_pq_vm:0.00146 loss_pq_va:0.02959 loss_pv_va:0.02865
INFO|2024-09-25 12:40:58: Epoch 13/100, lr:  0.00095289, eta: 3.93h, train_loss:  0.10196, valid_loss:  0.10589
INFO|2024-09-25 12:40:58: 	Train: PQ_Vm_rmse: 0.00241877  PQ_Va_rmse: 0.04673355  PV_Va_rmse: 0.04488507  delta_p: 0.12871439  delta_q: 0.03642875  
INFO|2024-09-25 12:40:58: 	ZTest: PQ_Vm_rmse: 0.00252272  PQ_Va_rmse: 0.05426476  PV_Va_rmse: 0.05162584  delta_p: 0.13368560  delta_q: 0.03666714  
INFO|2024-09-25 12:40:58: 	ZTest-ema: PQ_Vm_rmse: 0.002313  PQ_Va_rmse: 0.051966  PV_Va_rmse: 0.049202  delta_p: 0.116059  delta_q: 0.032339  
INFO|2024-09-25 12:40:58: 	           ValOfEMA:0.051966/0.051966,  Epoch:14/14
INFO|2024-09-25 12:40:59: 	Time(ep):164s,  Val(curr/best):0.054265/0.052132,  Epoch(curr/best):14/13
INFO|2024-09-25 12:40:59: -------------------- Epoch: 15 --------------------
INFO|2024-09-25 12:41:12: Epoch[015/100], iter[040/392], loss_total:0.12100, loss_equ:0.24043 loss_pq_vm:0.00297 loss_pq_va:0.03443 loss_pv_va:0.03279
INFO|2024-09-25 12:41:24: Epoch[015/100], iter[079/392], loss_total:0.09759, loss_equ:0.17358 loss_pq_vm:0.00146 loss_pq_va:0.03351 loss_pv_va:0.03208
INFO|2024-09-25 12:41:35: Epoch[015/100], iter[118/392], loss_total:0.08696, loss_equ:0.17785 loss_pq_vm:0.00157 loss_pq_va:0.02699 loss_pv_va:0.02643
INFO|2024-09-25 12:41:47: Epoch[015/100], iter[157/392], loss_total:0.09606, loss_equ:0.19108 loss_pq_vm:0.00180 loss_pq_va:0.02991 loss_pv_va:0.02906
INFO|2024-09-25 12:41:58: Epoch[015/100], iter[196/392], loss_total:0.10679, loss_equ:0.20209 loss_pq_vm:0.00251 loss_pq_va:0.03097 loss_pv_va:0.03050
INFO|2024-09-25 12:42:09: Epoch[015/100], iter[235/392], loss_total:0.09884, loss_equ:0.17872 loss_pq_vm:0.00155 loss_pq_va:0.03298 loss_pv_va:0.03248
INFO|2024-09-25 12:42:21: Epoch[015/100], iter[274/392], loss_total:0.08466, loss_equ:0.17673 loss_pq_vm:0.00149 loss_pq_va:0.02635 loss_pv_va:0.02571
INFO|2024-09-25 12:42:32: Epoch[015/100], iter[313/392], loss_total:0.10685, loss_equ:0.28300 loss_pq_vm:0.00162 loss_pq_va:0.03260 loss_pv_va:0.02972
INFO|2024-09-25 12:42:44: Epoch[015/100], iter[352/392], loss_total:0.09228, loss_equ:0.17465 loss_pq_vm:0.00166 loss_pq_va:0.02934 loss_pv_va:0.02887
INFO|2024-09-25 12:42:56: Epoch[015/100], iter[392/392], loss_total:0.09697, loss_equ:0.16783 loss_pq_vm:0.00141 loss_pq_va:0.03352 loss_pv_va:0.03259
INFO|2024-09-25 12:43:43: Epoch 14/100, lr:  0.00094605, eta: 3.87h, train_loss:  0.09797, valid_loss:  0.10478
INFO|2024-09-25 12:43:43: 	Train: PQ_Vm_rmse: 0.00238009  PQ_Va_rmse: 0.04468423  PV_Va_rmse: 0.04272487  delta_p: 0.12642472  delta_q: 0.03602744  
INFO|2024-09-25 12:43:43: 	ZTest: PQ_Vm_rmse: 0.00244649  PQ_Va_rmse: 0.05332801  PV_Va_rmse: 0.05111810  delta_p: 0.11936709  delta_q: 0.03433720  
INFO|2024-09-25 12:43:43: 	ZTest-ema: PQ_Vm_rmse: 0.002279  PQ_Va_rmse: 0.050647  PV_Va_rmse: 0.047944  delta_p: 0.116065  delta_q: 0.032157  
INFO|2024-09-25 12:43:43: 	           ValOfEMA:0.050647/0.050647,  Epoch:15/15
INFO|2024-09-25 12:43:44: 	Time(ep):164s,  Val(curr/best):0.053328/0.052132,  Epoch(curr/best):15/13
INFO|2024-09-25 12:43:44: -------------------- Epoch: 16 --------------------
INFO|2024-09-25 12:43:57: Epoch[016/100], iter[040/392], loss_total:0.08923, loss_equ:0.17882 loss_pq_vm:0.00174 loss_pq_va:0.02728 loss_pv_va:0.02666
INFO|2024-09-25 12:44:09: Epoch[016/100], iter[079/392], loss_total:0.10255, loss_equ:0.23205 loss_pq_vm:0.00225 loss_pq_va:0.02882 loss_pv_va:0.02806
INFO|2024-09-25 12:44:21: Epoch[016/100], iter[118/392], loss_total:0.09979, loss_equ:0.17672 loss_pq_vm:0.00169 loss_pq_va:0.03326 loss_pv_va:0.03196
INFO|2024-09-25 12:44:32: Epoch[016/100], iter[157/392], loss_total:0.09643, loss_equ:0.17658 loss_pq_vm:0.00164 loss_pq_va:0.03173 loss_pv_va:0.03066
INFO|2024-09-25 12:44:43: Epoch[016/100], iter[196/392], loss_total:0.10440, loss_equ:0.18276 loss_pq_vm:0.00163 loss_pq_va:0.03567 loss_pv_va:0.03420
INFO|2024-09-25 12:44:55: Epoch[016/100], iter[235/392], loss_total:0.09259, loss_equ:0.17841 loss_pq_vm:0.00151 loss_pq_va:0.03045 loss_pv_va:0.02921
INFO|2024-09-25 12:45:07: Epoch[016/100], iter[274/392], loss_total:0.09770, loss_equ:0.18256 loss_pq_vm:0.00186 loss_pq_va:0.03064 loss_pv_va:0.03015
INFO|2024-09-25 12:45:19: Epoch[016/100], iter[313/392], loss_total:0.08402, loss_equ:0.18943 loss_pq_vm:0.00142 loss_pq_va:0.02598 loss_pv_va:0.02492
INFO|2024-09-25 12:45:30: Epoch[016/100], iter[352/392], loss_total:0.09117, loss_equ:0.23173 loss_pq_vm:0.00153 loss_pq_va:0.02729 loss_pv_va:0.02539
INFO|2024-09-25 12:45:42: Epoch[016/100], iter[392/392], loss_total:0.11967, loss_equ:0.28467 loss_pq_vm:0.00198 loss_pq_va:0.03700 loss_pv_va:0.03443
INFO|2024-09-25 12:46:26: Epoch 15/100, lr:  0.00093877, eta: 3.77h, train_loss:  0.09562, valid_loss:  0.11636
INFO|2024-09-25 12:46:26: 	Train: PQ_Vm_rmse: 0.00226783  PQ_Va_rmse: 0.04378499  PV_Va_rmse: 0.04184233  delta_p: 0.12609002  delta_q: 0.03457185  
INFO|2024-09-25 12:46:26: 	ZTest: PQ_Vm_rmse: 0.00268450  PQ_Va_rmse: 0.05382903  PV_Va_rmse: 0.05356796  delta_p: 0.17552480  delta_q: 0.04021306  
INFO|2024-09-25 12:46:26: 	ZTest-ema: PQ_Vm_rmse: 0.002241  PQ_Va_rmse: 0.049273  PV_Va_rmse: 0.046643  delta_p: 0.116876  delta_q: 0.031994  
INFO|2024-09-25 12:46:26: 	           ValOfEMA:0.049273/0.049273,  Epoch:16/16
INFO|2024-09-25 12:46:26: 	Time(ep):161s,  Val(curr/best):0.053829/0.052132,  Epoch(curr/best):16/13
INFO|2024-09-25 12:46:26: -------------------- Epoch: 17 --------------------
INFO|2024-09-25 12:46:39: Epoch[017/100], iter[040/392], loss_total:0.10998, loss_equ:0.19131 loss_pq_vm:0.00202 loss_pq_va:0.03591 loss_pv_va:0.03473
INFO|2024-09-25 12:46:51: Epoch[017/100], iter[079/392], loss_total:0.09022, loss_equ:0.17826 loss_pq_vm:0.00143 loss_pq_va:0.02954 loss_pv_va:0.02853
INFO|2024-09-25 12:47:03: Epoch[017/100], iter[118/392], loss_total:0.08956, loss_equ:0.18635 loss_pq_vm:0.00150 loss_pq_va:0.02818 loss_pv_va:0.02776
INFO|2024-09-25 12:47:14: Epoch[017/100], iter[157/392], loss_total:0.08377, loss_equ:0.17445 loss_pq_vm:0.00143 loss_pq_va:0.02646 loss_pv_va:0.02556
INFO|2024-09-25 12:47:25: Epoch[017/100], iter[196/392], loss_total:0.08878, loss_equ:0.17948 loss_pq_vm:0.00174 loss_pq_va:0.02714 loss_pv_va:0.02629
INFO|2024-09-25 12:47:37: Epoch[017/100], iter[235/392], loss_total:0.08654, loss_equ:0.17389 loss_pq_vm:0.00140 loss_pq_va:0.02806 loss_pv_va:0.02707
INFO|2024-09-25 12:47:49: Epoch[017/100], iter[274/392], loss_total:0.12710, loss_equ:0.18834 loss_pq_vm:0.00156 loss_pq_va:0.04718 loss_pv_va:0.04549
INFO|2024-09-25 12:48:00: Epoch[017/100], iter[313/392], loss_total:0.09213, loss_equ:0.16891 loss_pq_vm:0.00150 loss_pq_va:0.03053 loss_pv_va:0.02973
INFO|2024-09-25 12:48:12: Epoch[017/100], iter[352/392], loss_total:0.10074, loss_equ:0.24422 loss_pq_vm:0.00249 loss_pq_va:0.02599 loss_pv_va:0.02545
INFO|2024-09-25 12:48:23: Epoch[017/100], iter[392/392], loss_total:0.08926, loss_equ:0.19519 loss_pq_vm:0.00143 loss_pq_va:0.02807 loss_pv_va:0.02739
INFO|2024-09-25 12:49:10: Epoch 16/100, lr:  0.00093107, eta: 3.77h, train_loss:  0.09640, valid_loss:  0.10352
INFO|2024-09-25 12:49:10: 	Train: PQ_Vm_rmse: 0.00234225  PQ_Va_rmse: 0.04342895  PV_Va_rmse: 0.04160777  delta_p: 0.12738425  delta_q: 0.03599112  
INFO|2024-09-25 12:49:10: 	ZTest: PQ_Vm_rmse: 0.00236485  PQ_Va_rmse: 0.05127594  PV_Va_rmse: 0.04784997  delta_p: 0.17366067  delta_q: 0.03733917  
INFO|2024-09-25 12:49:10: 	ZTest-ema: PQ_Vm_rmse: 0.002220  PQ_Va_rmse: 0.048554  PV_Va_rmse: 0.045965  delta_p: 0.115592  delta_q: 0.031818  
INFO|2024-09-25 12:49:10: 	           ValOfEMA:0.048554/0.048554,  Epoch:17/17
INFO|2024-09-25 12:49:12: 	Time(ep):163s,  Val(curr/best):0.051276/0.051276,  Epoch(curr/best):17/17
INFO|2024-09-25 12:49:12: -------------------- Epoch: 18 --------------------
INFO|2024-09-25 12:49:25: Epoch[018/100], iter[040/392], loss_total:0.08459, loss_equ:0.19988 loss_pq_vm:0.00148 loss_pq_va:0.02543 loss_pv_va:0.02441
INFO|2024-09-25 12:49:36: Epoch[018/100], iter[079/392], loss_total:0.08953, loss_equ:0.18456 loss_pq_vm:0.00196 loss_pq_va:0.02605 loss_pv_va:0.02540
INFO|2024-09-25 12:49:48: Epoch[018/100], iter[118/392], loss_total:0.08859, loss_equ:0.18589 loss_pq_vm:0.00158 loss_pq_va:0.02749 loss_pv_va:0.02668
INFO|2024-09-25 12:49:59: Epoch[018/100], iter[157/392], loss_total:0.10547, loss_equ:0.20590 loss_pq_vm:0.00215 loss_pq_va:0.03201 loss_pv_va:0.03142
INFO|2024-09-25 12:50:11: Epoch[018/100], iter[196/392], loss_total:0.09482, loss_equ:0.16898 loss_pq_vm:0.00146 loss_pq_va:0.03230 loss_pv_va:0.03097
INFO|2024-09-25 12:50:22: Epoch[018/100], iter[235/392], loss_total:0.09815, loss_equ:0.17028 loss_pq_vm:0.00147 loss_pq_va:0.03371 loss_pv_va:0.03270
INFO|2024-09-25 12:50:34: Epoch[018/100], iter[274/392], loss_total:0.08944, loss_equ:0.18625 loss_pq_vm:0.00157 loss_pq_va:0.02803 loss_pv_va:0.02712
INFO|2024-09-25 12:50:45: Epoch[018/100], iter[313/392], loss_total:0.09898, loss_equ:0.26187 loss_pq_vm:0.00217 loss_pq_va:0.02604 loss_pv_va:0.02507
INFO|2024-09-25 12:50:57: Epoch[018/100], iter[352/392], loss_total:0.10042, loss_equ:0.21096 loss_pq_vm:0.00184 loss_pq_va:0.03018 loss_pv_va:0.03071
INFO|2024-09-25 12:51:08: Epoch[018/100], iter[392/392], loss_total:0.09171, loss_equ:0.16723 loss_pq_vm:0.00149 loss_pq_va:0.03043 loss_pv_va:0.02966
INFO|2024-09-25 12:51:54: Epoch 17/100, lr:  0.00092294, eta: 3.71h, train_loss:  0.09500, valid_loss:  0.10129
INFO|2024-09-25 12:51:54: 	Train: PQ_Vm_rmse: 0.00229789  PQ_Va_rmse: 0.04288255  PV_Va_rmse: 0.04106165  delta_p: 0.12389455  delta_q: 0.03529122  
INFO|2024-09-25 12:51:54: 	ZTest: PQ_Vm_rmse: 0.00235741  PQ_Va_rmse: 0.05102058  PV_Va_rmse: 0.04874088  delta_p: 0.11870307  delta_q: 0.03321213  
INFO|2024-09-25 12:51:54: 	ZTest-ema: PQ_Vm_rmse: 0.002196  PQ_Va_rmse: 0.048243  PV_Va_rmse: 0.045688  delta_p: 0.113524  delta_q: 0.031518  
INFO|2024-09-25 12:51:54: 	           ValOfEMA:0.048243/0.048243,  Epoch:18/18
INFO|2024-09-25 12:51:56: 	Time(ep):162s,  Val(curr/best):0.051021/0.051021,  Epoch(curr/best):18/18
INFO|2024-09-25 12:51:56: -------------------- Epoch: 19 --------------------
INFO|2024-09-25 12:52:09: Epoch[019/100], iter[040/392], loss_total:0.09188, loss_equ:0.17207 loss_pq_vm:0.00175 loss_pq_va:0.02917 loss_pv_va:0.02803
INFO|2024-09-25 12:52:21: Epoch[019/100], iter[079/392], loss_total:0.08974, loss_equ:0.16595 loss_pq_vm:0.00154 loss_pq_va:0.02940 loss_pv_va:0.02835
INFO|2024-09-25 12:52:33: Epoch[019/100], iter[118/392], loss_total:0.09115, loss_equ:0.16875 loss_pq_vm:0.00138 loss_pq_va:0.03058 loss_pv_va:0.02992
INFO|2024-09-25 12:52:44: Epoch[019/100], iter[157/392], loss_total:0.09265, loss_equ:0.16940 loss_pq_vm:0.00143 loss_pq_va:0.03108 loss_pv_va:0.03030
INFO|2024-09-25 12:52:55: Epoch[019/100], iter[196/392], loss_total:0.08832, loss_equ:0.16507 loss_pq_vm:0.00139 loss_pq_va:0.02960 loss_pv_va:0.02834
INFO|2024-09-25 12:53:07: Epoch[019/100], iter[235/392], loss_total:0.09318, loss_equ:0.16811 loss_pq_vm:0.00149 loss_pq_va:0.03098 loss_pv_va:0.03053
INFO|2024-09-25 12:53:19: Epoch[019/100], iter[274/392], loss_total:0.08645, loss_equ:0.16796 loss_pq_vm:0.00142 loss_pq_va:0.02828 loss_pv_va:0.02721
INFO|2024-09-25 12:53:30: Epoch[019/100], iter[313/392], loss_total:0.09229, loss_equ:0.16507 loss_pq_vm:0.00139 loss_pq_va:0.03157 loss_pv_va:0.03034
INFO|2024-09-25 12:53:42: Epoch[019/100], iter[352/392], loss_total:0.08769, loss_equ:0.17352 loss_pq_vm:0.00142 loss_pq_va:0.02867 loss_pv_va:0.02750
INFO|2024-09-25 12:53:54: Epoch[019/100], iter[392/392], loss_total:0.09074, loss_equ:0.17082 loss_pq_vm:0.00141 loss_pq_va:0.03044 loss_pv_va:0.02907
INFO|2024-09-25 12:54:38: Epoch 18/100, lr:  0.00091440, eta: 3.65h, train_loss:  0.09174, valid_loss:  0.10105
INFO|2024-09-25 12:54:38: 	Train: PQ_Vm_rmse: 0.00211521  PQ_Va_rmse: 0.04280312  PV_Va_rmse: 0.04095981  delta_p: 0.11159531  delta_q: 0.03221399  
INFO|2024-09-25 12:54:38: 	ZTest: PQ_Vm_rmse: 0.00225264  PQ_Va_rmse: 0.05046308  PV_Va_rmse: 0.04879253  delta_p: 0.13585917  delta_q: 0.03280527  
INFO|2024-09-25 12:54:38: 	ZTest-ema: PQ_Vm_rmse: 0.002163  PQ_Va_rmse: 0.047893  PV_Va_rmse: 0.045362  delta_p: 0.110917  delta_q: 0.031091  
INFO|2024-09-25 12:54:38: 	           ValOfEMA:0.047893/0.047893,  Epoch:19/19
INFO|2024-09-25 12:54:40: 	Time(ep):162s,  Val(curr/best):0.050463/0.050463,  Epoch(curr/best):19/19
INFO|2024-09-25 12:54:40: -------------------- Epoch: 20 --------------------
INFO|2024-09-25 12:54:53: Epoch[020/100], iter[040/392], loss_total:0.10659, loss_equ:0.19266 loss_pq_vm:0.00148 loss_pq_va:0.03738 loss_pv_va:0.03511
INFO|2024-09-25 12:55:04: Epoch[020/100], iter[079/392], loss_total:0.09666, loss_equ:0.18250 loss_pq_vm:0.00147 loss_pq_va:0.03224 loss_pv_va:0.03146
INFO|2024-09-25 12:55:16: Epoch[020/100], iter[118/392], loss_total:0.09149, loss_equ:0.19962 loss_pq_vm:0.00178 loss_pq_va:0.02751 loss_pv_va:0.02625
INFO|2024-09-25 12:55:28: Epoch[020/100], iter[157/392], loss_total:0.10170, loss_equ:0.19230 loss_pq_vm:0.00190 loss_pq_va:0.03209 loss_pv_va:0.03137
INFO|2024-09-25 12:55:39: Epoch[020/100], iter[196/392], loss_total:0.09384, loss_equ:0.17966 loss_pq_vm:0.00220 loss_pq_va:0.02750 loss_pv_va:0.02636
INFO|2024-09-25 12:55:50: Epoch[020/100], iter[235/392], loss_total:0.09877, loss_equ:0.18433 loss_pq_vm:0.00209 loss_pq_va:0.03002 loss_pv_va:0.02946
INFO|2024-09-25 12:56:02: Epoch[020/100], iter[274/392], loss_total:0.08847, loss_equ:0.17786 loss_pq_vm:0.00145 loss_pq_va:0.02862 loss_pv_va:0.02759
INFO|2024-09-25 12:56:13: Epoch[020/100], iter[313/392], loss_total:0.09564, loss_equ:0.17979 loss_pq_vm:0.00153 loss_pq_va:0.03135 loss_pv_va:0.03096
INFO|2024-09-25 12:56:24: Epoch[020/100], iter[352/392], loss_total:0.08506, loss_equ:0.17586 loss_pq_vm:0.00140 loss_pq_va:0.02686 loss_pv_va:0.02660
INFO|2024-09-25 12:56:36: Epoch[020/100], iter[392/392], loss_total:0.08610, loss_equ:0.17249 loss_pq_vm:0.00157 loss_pq_va:0.02689 loss_pv_va:0.02623
INFO|2024-09-25 12:57:24: Epoch 19/100, lr:  0.00090546, eta: 3.65h, train_loss:  0.09179, valid_loss:  0.10389
INFO|2024-09-25 12:57:24: 	Train: PQ_Vm_rmse: 0.00230485  PQ_Va_rmse: 0.04086951  PV_Va_rmse: 0.03917589  delta_p: 0.12113580  delta_q: 0.03524549  
INFO|2024-09-25 12:57:24: 	ZTest: PQ_Vm_rmse: 0.00231751  PQ_Va_rmse: 0.05185337  PV_Va_rmse: 0.04987040  delta_p: 0.12070229  delta_q: 0.03344889  
INFO|2024-09-25 12:57:24: 	ZTest-ema: PQ_Vm_rmse: 0.002151  PQ_Va_rmse: 0.046764  PV_Va_rmse: 0.044303  delta_p: 0.112920  delta_q: 0.031254  
INFO|2024-09-25 12:57:24: 	           ValOfEMA:0.046764/0.046764,  Epoch:20/20
INFO|2024-09-25 12:57:25: 	Time(ep):164s,  Val(curr/best):0.051853/0.050463,  Epoch(curr/best):20/19
INFO|2024-09-25 12:57:25: -------------------- Epoch: 21 --------------------
INFO|2024-09-25 12:57:38: Epoch[021/100], iter[040/392], loss_total:0.08827, loss_equ:0.16450 loss_pq_vm:0.00142 loss_pq_va:0.02906 loss_pv_va:0.02857
INFO|2024-09-25 12:57:49: Epoch[021/100], iter[079/392], loss_total:0.09276, loss_equ:0.16871 loss_pq_vm:0.00162 loss_pq_va:0.03044 loss_pv_va:0.02928
INFO|2024-09-25 12:58:00: Epoch[021/100], iter[118/392], loss_total:0.08075, loss_equ:0.17245 loss_pq_vm:0.00135 loss_pq_va:0.02555 loss_pv_va:0.02447
INFO|2024-09-25 12:58:11: Epoch[021/100], iter[157/392], loss_total:0.08331, loss_equ:0.17794 loss_pq_vm:0.00138 loss_pq_va:0.02602 loss_pv_va:0.02568
INFO|2024-09-25 12:58:22: Epoch[021/100], iter[196/392], loss_total:0.08603, loss_equ:0.18827 loss_pq_vm:0.00164 loss_pq_va:0.02560 loss_pv_va:0.02523
INFO|2024-09-25 12:58:34: Epoch[021/100], iter[235/392], loss_total:0.09713, loss_equ:0.18439 loss_pq_vm:0.00239 loss_pq_va:0.02792 loss_pv_va:0.02683
INFO|2024-09-25 12:58:45: Epoch[021/100], iter[274/392], loss_total:0.09041, loss_equ:0.17224 loss_pq_vm:0.00152 loss_pq_va:0.02961 loss_pv_va:0.02843
INFO|2024-09-25 12:58:57: Epoch[021/100], iter[313/392], loss_total:0.08513, loss_equ:0.16526 loss_pq_vm:0.00150 loss_pq_va:0.02699 loss_pv_va:0.02663
INFO|2024-09-25 12:59:08: Epoch[021/100], iter[352/392], loss_total:0.08382, loss_equ:0.17513 loss_pq_vm:0.00138 loss_pq_va:0.02677 loss_pv_va:0.02578
INFO|2024-09-25 12:59:20: Epoch[021/100], iter[392/392], loss_total:0.08694, loss_equ:0.17023 loss_pq_vm:0.00170 loss_pq_va:0.02705 loss_pv_va:0.02583
INFO|2024-09-25 13:00:07: Epoch 20/100, lr:  0.00089613, eta: 3.56h, train_loss:  0.08845, valid_loss:  0.09978
INFO|2024-09-25 13:00:07: 	Train: PQ_Vm_rmse: 0.00215218  PQ_Va_rmse: 0.04035198  PV_Va_rmse: 0.03863365  delta_p: 0.11140325  delta_q: 0.03268158  
INFO|2024-09-25 13:00:07: 	ZTest: PQ_Vm_rmse: 0.00231327  PQ_Va_rmse: 0.04934383  PV_Va_rmse: 0.04727821  delta_p: 0.11900875  delta_q: 0.03401476  
INFO|2024-09-25 13:00:07: 	ZTest-ema: PQ_Vm_rmse: 0.002128  PQ_Va_rmse: 0.046327  PV_Va_rmse: 0.043894  delta_p: 0.110458  delta_q: 0.030884  
INFO|2024-09-25 13:00:07: 	           ValOfEMA:0.046327/0.046327,  Epoch:21/21
INFO|2024-09-25 13:00:08: 	Time(ep):162s,  Val(curr/best):0.049344/0.049344,  Epoch(curr/best):21/21
INFO|2024-09-25 13:00:08: -------------------- Epoch: 22 --------------------
INFO|2024-09-25 13:00:22: Epoch[022/100], iter[040/392], loss_total:0.08987, loss_equ:0.17652 loss_pq_vm:0.00136 loss_pq_va:0.03006 loss_pv_va:0.02853
INFO|2024-09-25 13:00:33: Epoch[022/100], iter[079/392], loss_total:0.08617, loss_equ:0.16446 loss_pq_vm:0.00135 loss_pq_va:0.02830 loss_pv_va:0.02794
INFO|2024-09-25 13:00:45: Epoch[022/100], iter[118/392], loss_total:0.08073, loss_equ:0.16616 loss_pq_vm:0.00145 loss_pq_va:0.02519 loss_pv_va:0.02443
INFO|2024-09-25 13:00:57: Epoch[022/100], iter[157/392], loss_total:0.08661, loss_equ:0.16745 loss_pq_vm:0.00144 loss_pq_va:0.02827 loss_pv_va:0.02725
INFO|2024-09-25 13:01:09: Epoch[022/100], iter[196/392], loss_total:0.07743, loss_equ:0.17188 loss_pq_vm:0.00129 loss_pq_va:0.02399 loss_pv_va:0.02339
INFO|2024-09-25 13:01:21: Epoch[022/100], iter[235/392], loss_total:0.09380, loss_equ:0.16945 loss_pq_vm:0.00140 loss_pq_va:0.03180 loss_pv_va:0.03108
INFO|2024-09-25 13:01:33: Epoch[022/100], iter[274/392], loss_total:0.09301, loss_equ:0.21782 loss_pq_vm:0.00222 loss_pq_va:0.02478 loss_pv_va:0.02430
INFO|2024-09-25 13:01:45: Epoch[022/100], iter[313/392], loss_total:0.08518, loss_equ:0.17509 loss_pq_vm:0.00138 loss_pq_va:0.02746 loss_pv_va:0.02645
INFO|2024-09-25 13:01:57: Epoch[022/100], iter[352/392], loss_total:0.09220, loss_equ:0.20621 loss_pq_vm:0.00152 loss_pq_va:0.02803 loss_pv_va:0.02831
INFO|2024-09-25 13:02:09: Epoch[022/100], iter[392/392], loss_total:0.08215, loss_equ:0.19533 loss_pq_vm:0.00137 loss_pq_va:0.02487 loss_pv_va:0.02407
INFO|2024-09-25 13:02:57: Epoch 21/100, lr:  0.00088640, eta: 3.66h, train_loss:  0.08764, valid_loss:  0.09267
INFO|2024-09-25 13:02:57: 	Train: PQ_Vm_rmse: 0.00217081  PQ_Va_rmse: 0.03923517  PV_Va_rmse: 0.03756475  delta_p: 0.11652866  delta_q: 0.03339363  
INFO|2024-09-25 13:02:57: 	ZTest: PQ_Vm_rmse: 0.00227759  PQ_Va_rmse: 0.04689995  PV_Va_rmse: 0.04431165  delta_p: 0.12647692  delta_q: 0.03277587  
INFO|2024-09-25 13:02:57: 	ZTest-ema: PQ_Vm_rmse: 0.002103  PQ_Va_rmse: 0.045301  PV_Va_rmse: 0.042902  delta_p: 0.112402  delta_q: 0.030926  
INFO|2024-09-25 13:02:57: 	           ValOfEMA:0.045301/0.045301,  Epoch:22/22
INFO|2024-09-25 13:02:58: 	Time(ep):168s,  Val(curr/best):0.046900/0.046900,  Epoch(curr/best):22/22
INFO|2024-09-25 13:02:58: -------------------- Epoch: 23 --------------------
INFO|2024-09-25 13:03:12: Epoch[023/100], iter[040/392], loss_total:0.08290, loss_equ:0.21415 loss_pq_vm:0.00169 loss_pq_va:0.02256 loss_pv_va:0.02200
INFO|2024-09-25 13:03:24: Epoch[023/100], iter[079/392], loss_total:0.08419, loss_equ:0.17511 loss_pq_vm:0.00155 loss_pq_va:0.02601 loss_pv_va:0.02515
INFO|2024-09-25 13:03:35: Epoch[023/100], iter[118/392], loss_total:0.08170, loss_equ:0.17007 loss_pq_vm:0.00139 loss_pq_va:0.02582 loss_pv_va:0.02499
INFO|2024-09-25 13:03:47: Epoch[023/100], iter[157/392], loss_total:0.11007, loss_equ:0.20656 loss_pq_vm:0.00375 loss_pq_va:0.02635 loss_pv_va:0.02560
INFO|2024-09-25 13:03:58: Epoch[023/100], iter[196/392], loss_total:0.08283, loss_equ:0.17518 loss_pq_vm:0.00162 loss_pq_va:0.02499 loss_pv_va:0.02417
INFO|2024-09-25 13:04:10: Epoch[023/100], iter[235/392], loss_total:0.07752, loss_equ:0.16775 loss_pq_vm:0.00134 loss_pq_va:0.02405 loss_pv_va:0.02326
INFO|2024-09-25 13:04:22: Epoch[023/100], iter[274/392], loss_total:0.07658, loss_equ:0.16750 loss_pq_vm:0.00134 loss_pq_va:0.02344 loss_pv_va:0.02299
INFO|2024-09-25 13:04:33: Epoch[023/100], iter[313/392], loss_total:0.08908, loss_equ:0.17360 loss_pq_vm:0.00145 loss_pq_va:0.02825 loss_pv_va:0.02893
INFO|2024-09-25 13:04:45: Epoch[023/100], iter[352/392], loss_total:0.07678, loss_equ:0.16526 loss_pq_vm:0.00138 loss_pq_va:0.02360 loss_pv_va:0.02290
INFO|2024-09-25 13:04:57: Epoch[023/100], iter[392/392], loss_total:0.08359, loss_equ:0.17536 loss_pq_vm:0.00144 loss_pq_va:0.02610 loss_pv_va:0.02551
INFO|2024-09-25 13:05:44: Epoch 22/100, lr:  0.00087630, eta: 3.53h, train_loss:  0.08619, valid_loss:  0.09095
INFO|2024-09-25 13:05:44: 	Train: PQ_Vm_rmse: 0.00210191  PQ_Va_rmse: 0.03862727  PV_Va_rmse: 0.03699496  delta_p: 0.11670800  delta_q: 0.03302414  
INFO|2024-09-25 13:05:44: 	ZTest: PQ_Vm_rmse: 0.00215985  PQ_Va_rmse: 0.04527273  PV_Va_rmse: 0.04336857  delta_p: 0.12405153  delta_q: 0.03361744  
INFO|2024-09-25 13:05:44: 	ZTest-ema: PQ_Vm_rmse: 0.002072  PQ_Va_rmse: 0.044746  PV_Va_rmse: 0.042402  delta_p: 0.111099  delta_q: 0.030654  
INFO|2024-09-25 13:05:44: 	           ValOfEMA:0.044746/0.044746,  Epoch:23/23
INFO|2024-09-25 13:05:45: 	Time(ep):165s,  Val(curr/best):0.045273/0.045273,  Epoch(curr/best):23/23
INFO|2024-09-25 13:05:45: -------------------- Epoch: 24 --------------------
INFO|2024-09-25 13:05:58: Epoch[024/100], iter[040/392], loss_total:0.08381, loss_equ:0.17504 loss_pq_vm:0.00160 loss_pq_va:0.02573 loss_pv_va:0.02459
INFO|2024-09-25 13:06:10: Epoch[024/100], iter[079/392], loss_total:0.09708, loss_equ:0.22680 loss_pq_vm:0.00251 loss_pq_va:0.02513 loss_pv_va:0.02421
INFO|2024-09-25 13:06:21: Epoch[024/100], iter[118/392], loss_total:0.07640, loss_equ:0.16449 loss_pq_vm:0.00138 loss_pq_va:0.02341 loss_pv_va:0.02274
INFO|2024-09-25 13:06:33: Epoch[024/100], iter[157/392], loss_total:0.08639, loss_equ:0.17397 loss_pq_vm:0.00171 loss_pq_va:0.02631 loss_pv_va:0.02554
INFO|2024-09-25 13:06:45: Epoch[024/100], iter[196/392], loss_total:0.10967, loss_equ:0.17846 loss_pq_vm:0.00138 loss_pq_va:0.04004 loss_pv_va:0.03795
INFO|2024-09-25 13:06:57: Epoch[024/100], iter[235/392], loss_total:0.09925, loss_equ:0.18596 loss_pq_vm:0.00173 loss_pq_va:0.03212 loss_pv_va:0.03123
INFO|2024-09-25 13:07:09: Epoch[024/100], iter[274/392], loss_total:0.08653, loss_equ:0.16285 loss_pq_vm:0.00151 loss_pq_va:0.02777 loss_pv_va:0.02736
INFO|2024-09-25 13:07:20: Epoch[024/100], iter[313/392], loss_total:0.08675, loss_equ:0.16878 loss_pq_vm:0.00155 loss_pq_va:0.02748 loss_pv_va:0.02686
INFO|2024-09-25 13:07:32: Epoch[024/100], iter[352/392], loss_total:0.08067, loss_equ:0.16069 loss_pq_vm:0.00133 loss_pq_va:0.02598 loss_pv_va:0.02530
INFO|2024-09-25 13:07:44: Epoch[024/100], iter[392/392], loss_total:0.08403, loss_equ:0.17743 loss_pq_vm:0.00223 loss_pq_va:0.02214 loss_pv_va:0.02184
INFO|2024-09-25 13:08:31: Epoch 23/100, lr:  0.00086584, eta: 3.5h, train_loss:  0.08875, valid_loss:  0.09313
INFO|2024-09-25 13:08:31: 	Train: PQ_Vm_rmse: 0.00217681  PQ_Va_rmse: 0.03979803  PV_Va_rmse: 0.03821109  delta_p: 0.11092861  delta_q: 0.03374269  
INFO|2024-09-25 13:08:31: 	ZTest: PQ_Vm_rmse: 0.00248489  PQ_Va_rmse: 0.04474004  PV_Va_rmse: 0.04247943  delta_p: 0.12684730  delta_q: 0.03494066  
INFO|2024-09-25 13:08:31: 	ZTest-ema: PQ_Vm_rmse: 0.002066  PQ_Va_rmse: 0.044924  PV_Va_rmse: 0.042600  delta_p: 0.108571  delta_q: 0.030417  
INFO|2024-09-25 13:08:31: 	           ValOfEMA:0.044924/0.044746,  Epoch:24/23
INFO|2024-09-25 13:08:32: 	Time(ep):165s,  Val(curr/best):0.044740/0.044740,  Epoch(curr/best):24/24
INFO|2024-09-25 13:08:32: -------------------- Epoch: 25 --------------------
INFO|2024-09-25 13:08:45: Epoch[025/100], iter[040/392], loss_total:0.09160, loss_equ:0.18180 loss_pq_vm:0.00148 loss_pq_va:0.02928 loss_pv_va:0.02938
INFO|2024-09-25 13:08:57: Epoch[025/100], iter[079/392], loss_total:0.09202, loss_equ:0.16829 loss_pq_vm:0.00141 loss_pq_va:0.03016 loss_pv_va:0.03090
INFO|2024-09-25 13:09:09: Epoch[025/100], iter[118/392], loss_total:0.08706, loss_equ:0.17365 loss_pq_vm:0.00156 loss_pq_va:0.02735 loss_pv_va:0.02680
INFO|2024-09-25 13:09:21: Epoch[025/100], iter[157/392], loss_total:0.08414, loss_equ:0.16622 loss_pq_vm:0.00147 loss_pq_va:0.02660 loss_pv_va:0.02621
INFO|2024-09-25 13:09:32: Epoch[025/100], iter[196/392], loss_total:0.08739, loss_equ:0.17521 loss_pq_vm:0.00143 loss_pq_va:0.02766 loss_pv_va:0.02792
INFO|2024-09-25 13:09:44: Epoch[025/100], iter[235/392], loss_total:0.09036, loss_equ:0.16210 loss_pq_vm:0.00134 loss_pq_va:0.03038 loss_pv_va:0.03037
INFO|2024-09-25 13:09:56: Epoch[025/100], iter[274/392], loss_total:0.08338, loss_equ:0.15853 loss_pq_vm:0.00134 loss_pq_va:0.02742 loss_pv_va:0.02670
INFO|2024-09-25 13:10:07: Epoch[025/100], iter[313/392], loss_total:0.08176, loss_equ:0.16298 loss_pq_vm:0.00151 loss_pq_va:0.02557 loss_pv_va:0.02480
INFO|2024-09-25 13:10:19: Epoch[025/100], iter[352/392], loss_total:0.08148, loss_equ:0.16512 loss_pq_vm:0.00153 loss_pq_va:0.02519 loss_pv_va:0.02452
INFO|2024-09-25 13:10:31: Epoch[025/100], iter[392/392], loss_total:0.08486, loss_equ:0.17149 loss_pq_vm:0.00139 loss_pq_va:0.02734 loss_pv_va:0.02643
INFO|2024-09-25 13:11:21: Epoch 24/100, lr:  0.00085502, eta: 3.53h, train_loss:  0.08542, valid_loss:  0.09624
INFO|2024-09-25 13:11:21: 	Train: PQ_Vm_rmse: 0.00206450  PQ_Va_rmse: 0.03849327  PV_Va_rmse: 0.03691240  delta_p: 0.11092306  delta_q: 0.03181595  
INFO|2024-09-25 13:11:21: 	ZTest: PQ_Vm_rmse: 0.00222828  PQ_Va_rmse: 0.04905582  PV_Va_rmse: 0.04718022  delta_p: 0.11601878  delta_q: 0.03240664  
INFO|2024-09-25 13:11:21: 	ZTest-ema: PQ_Vm_rmse: 0.002046  PQ_Va_rmse: 0.044451  PV_Va_rmse: 0.042162  delta_p: 0.108023  delta_q: 0.030251  
INFO|2024-09-25 13:11:21: 	           ValOfEMA:0.044451/0.044451,  Epoch:25/25
INFO|2024-09-25 13:11:22: 	Time(ep):169s,  Val(curr/best):0.049056/0.044740,  Epoch(curr/best):25/24
INFO|2024-09-25 13:11:22: -------------------- Epoch: 26 --------------------
INFO|2024-09-25 13:11:35: Epoch[026/100], iter[040/392], loss_total:0.08061, loss_equ:0.17067 loss_pq_vm:0.00129 loss_pq_va:0.02603 loss_pv_va:0.02463
INFO|2024-09-25 13:11:47: Epoch[026/100], iter[079/392], loss_total:0.07307, loss_equ:0.15773 loss_pq_vm:0.00127 loss_pq_va:0.02257 loss_pv_va:0.02200
INFO|2024-09-25 13:11:58: Epoch[026/100], iter[118/392], loss_total:0.08858, loss_equ:0.17485 loss_pq_vm:0.00202 loss_pq_va:0.02570 loss_pv_va:0.02517
INFO|2024-09-25 13:12:10: Epoch[026/100], iter[157/392], loss_total:0.08742, loss_equ:0.15728 loss_pq_vm:0.00135 loss_pq_va:0.02929 loss_pv_va:0.02885
INFO|2024-09-25 13:12:21: Epoch[026/100], iter[196/392], loss_total:0.08754, loss_equ:0.16171 loss_pq_vm:0.00139 loss_pq_va:0.02938 loss_pv_va:0.02810
INFO|2024-09-25 13:12:33: Epoch[026/100], iter[235/392], loss_total:0.07942, loss_equ:0.16505 loss_pq_vm:0.00141 loss_pq_va:0.02450 loss_pv_va:0.02431
INFO|2024-09-25 13:12:45: Epoch[026/100], iter[274/392], loss_total:0.07607, loss_equ:0.16429 loss_pq_vm:0.00130 loss_pq_va:0.02363 loss_pv_va:0.02300
INFO|2024-09-25 13:12:56: Epoch[026/100], iter[313/392], loss_total:0.08962, loss_equ:0.20663 loss_pq_vm:0.00209 loss_pq_va:0.02426 loss_pv_va:0.02380
INFO|2024-09-25 13:13:07: Epoch[026/100], iter[352/392], loss_total:0.08563, loss_equ:0.17070 loss_pq_vm:0.00147 loss_pq_va:0.02750 loss_pv_va:0.02639
INFO|2024-09-25 13:13:19: Epoch[026/100], iter[392/392], loss_total:0.08773, loss_equ:0.18149 loss_pq_vm:0.00189 loss_pq_va:0.02594 loss_pv_va:0.02478
INFO|2024-09-25 13:14:06: Epoch 25/100, lr:  0.00084385, eta: 3.37h, train_loss:  0.08371, valid_loss:  0.09553
INFO|2024-09-25 13:14:06: 	Train: PQ_Vm_rmse: 0.00200429  PQ_Va_rmse: 0.03795183  PV_Va_rmse: 0.03628913  delta_p: 0.10931382  delta_q: 0.03137119  
INFO|2024-09-25 13:14:06: 	ZTest: PQ_Vm_rmse: 0.00212530  PQ_Va_rmse: 0.04881441  PV_Va_rmse: 0.04679012  delta_p: 0.11710056  delta_q: 0.03223876  
INFO|2024-09-25 13:14:06: 	ZTest-ema: PQ_Vm_rmse: 0.002021  PQ_Va_rmse: 0.043844  PV_Va_rmse: 0.041589  delta_p: 0.108418  delta_q: 0.030136  
INFO|2024-09-25 13:14:06: 	           ValOfEMA:0.043844/0.043844,  Epoch:26/26
INFO|2024-09-25 13:14:07: 	Time(ep):164s,  Val(curr/best):0.048814/0.044740,  Epoch(curr/best):26/24
INFO|2024-09-25 13:14:07: -------------------- Epoch: 27 --------------------
INFO|2024-09-25 13:14:20: Epoch[027/100], iter[040/392], loss_total:0.08206, loss_equ:0.16201 loss_pq_vm:0.00126 loss_pq_va:0.02727 loss_pv_va:0.02594
INFO|2024-09-25 13:14:32: Epoch[027/100], iter[079/392], loss_total:0.07718, loss_equ:0.16807 loss_pq_vm:0.00127 loss_pq_va:0.02442 loss_pv_va:0.02330
INFO|2024-09-25 13:14:43: Epoch[027/100], iter[118/392], loss_total:0.08582, loss_equ:0.18166 loss_pq_vm:0.00187 loss_pq_va:0.02482 loss_pv_va:0.02409
INFO|2024-09-25 13:14:55: Epoch[027/100], iter[157/392], loss_total:0.08613, loss_equ:0.16273 loss_pq_vm:0.00154 loss_pq_va:0.02759 loss_pv_va:0.02688
INFO|2024-09-25 13:15:06: Epoch[027/100], iter[196/392], loss_total:0.08179, loss_equ:0.16498 loss_pq_vm:0.00161 loss_pq_va:0.02498 loss_pv_va:0.02419
INFO|2024-09-25 13:15:18: Epoch[027/100], iter[235/392], loss_total:0.07699, loss_equ:0.19189 loss_pq_vm:0.00141 loss_pq_va:0.02178 loss_pv_va:0.02197
INFO|2024-09-25 13:15:29: Epoch[027/100], iter[274/392], loss_total:0.07921, loss_equ:0.17815 loss_pq_vm:0.00130 loss_pq_va:0.02425 loss_pv_va:0.02410
INFO|2024-09-25 13:15:41: Epoch[027/100], iter[313/392], loss_total:0.07883, loss_equ:0.16843 loss_pq_vm:0.00129 loss_pq_va:0.02486 loss_pv_va:0.02422
INFO|2024-09-25 13:15:52: Epoch[027/100], iter[352/392], loss_total:0.07705, loss_equ:0.16337 loss_pq_vm:0.00131 loss_pq_va:0.02405 loss_pv_va:0.02354
INFO|2024-09-25 13:16:04: Epoch[027/100], iter[392/392], loss_total:0.08585, loss_equ:0.16313 loss_pq_vm:0.00129 loss_pq_va:0.02869 loss_pv_va:0.02794
INFO|2024-09-25 13:16:50: Epoch 26/100, lr:  0.00083235, eta: 3.31h, train_loss:  0.08175, valid_loss:  0.08732
INFO|2024-09-25 13:16:50: 	Train: PQ_Vm_rmse: 0.00193153  PQ_Va_rmse: 0.03690276  PV_Va_rmse: 0.03532286  delta_p: 0.11294329  delta_q: 0.03084813  
INFO|2024-09-25 13:16:50: 	ZTest: PQ_Vm_rmse: 0.00213859  PQ_Va_rmse: 0.04331075  PV_Va_rmse: 0.04136129  delta_p: 0.11812864  delta_q: 0.03340149  
INFO|2024-09-25 13:16:50: 	ZTest-ema: PQ_Vm_rmse: 0.001994  PQ_Va_rmse: 0.043116  PV_Va_rmse: 0.040889  delta_p: 0.109608  delta_q: 0.030074  
INFO|2024-09-25 13:16:50: 	           ValOfEMA:0.043116/0.043116,  Epoch:27/27
INFO|2024-09-25 13:16:52: 	Time(ep):163s,  Val(curr/best):0.043311/0.043311,  Epoch(curr/best):27/27
INFO|2024-09-25 13:16:52: -------------------- Epoch: 28 --------------------
INFO|2024-09-25 13:17:05: Epoch[028/100], iter[040/392], loss_total:0.08367, loss_equ:0.17312 loss_pq_vm:0.00204 loss_pq_va:0.02328 loss_pv_va:0.02273
INFO|2024-09-25 13:17:16: Epoch[028/100], iter[079/392], loss_total:0.08831, loss_equ:0.16819 loss_pq_vm:0.00181 loss_pq_va:0.02699 loss_pv_va:0.02637
INFO|2024-09-25 13:17:28: Epoch[028/100], iter[118/392], loss_total:0.08540, loss_equ:0.16832 loss_pq_vm:0.00132 loss_pq_va:0.02779 loss_pv_va:0.02757
INFO|2024-09-25 13:17:40: Epoch[028/100], iter[157/392], loss_total:0.07900, loss_equ:0.16081 loss_pq_vm:0.00128 loss_pq_va:0.02549 loss_pv_va:0.02465
INFO|2024-09-25 13:17:51: Epoch[028/100], iter[196/392], loss_total:0.08281, loss_equ:0.16109 loss_pq_vm:0.00142 loss_pq_va:0.02630 loss_pv_va:0.02622
INFO|2024-09-25 13:18:02: Epoch[028/100], iter[235/392], loss_total:0.07840, loss_equ:0.17051 loss_pq_vm:0.00127 loss_pq_va:0.02492 loss_pv_va:0.02378
INFO|2024-09-25 13:18:14: Epoch[028/100], iter[274/392], loss_total:0.07857, loss_equ:0.17993 loss_pq_vm:0.00139 loss_pq_va:0.02392 loss_pv_va:0.02279
INFO|2024-09-25 13:18:26: Epoch[028/100], iter[313/392], loss_total:0.07995, loss_equ:0.18904 loss_pq_vm:0.00164 loss_pq_va:0.02252 loss_pv_va:0.02216
INFO|2024-09-25 13:18:37: Epoch[028/100], iter[352/392], loss_total:0.08585, loss_equ:0.16322 loss_pq_vm:0.00127 loss_pq_va:0.02853 loss_pv_va:0.02830
INFO|2024-09-25 13:18:49: Epoch[028/100], iter[392/392], loss_total:0.10221, loss_equ:0.19153 loss_pq_vm:0.00198 loss_pq_va:0.03183 loss_pv_va:0.03140
INFO|2024-09-25 13:19:36: Epoch 27/100, lr:  0.00082052, eta: 3.3h, train_loss:  0.08251, valid_loss:  0.11430
INFO|2024-09-25 13:19:36: 	Train: PQ_Vm_rmse: 0.00198523  PQ_Va_rmse: 0.03699887  PV_Va_rmse: 0.03548782  delta_p: 0.11033839  delta_q: 0.03139700  
INFO|2024-09-25 13:19:36: 	ZTest: PQ_Vm_rmse: 0.00385228  PQ_Va_rmse: 0.04610228  PV_Va_rmse: 0.04417640  delta_p: 0.13613288  delta_q: 0.05582191  
INFO|2024-09-25 13:19:36: 	ZTest-ema: PQ_Vm_rmse: 0.001974  PQ_Va_rmse: 0.043056  PV_Va_rmse: 0.040858  delta_p: 0.107980  delta_q: 0.029786  
INFO|2024-09-25 13:19:36: 	           ValOfEMA:0.043056/0.043056,  Epoch:28/28
INFO|2024-09-25 13:19:37: 	Time(ep):164s,  Val(curr/best):0.046102/0.043311,  Epoch(curr/best):28/27
INFO|2024-09-25 13:19:37: -------------------- Epoch: 29 --------------------
INFO|2024-09-25 13:19:50: Epoch[029/100], iter[040/392], loss_total:0.09161, loss_equ:0.20797 loss_pq_vm:0.00160 loss_pq_va:0.02740 loss_pv_va:0.02739
INFO|2024-09-25 13:20:02: Epoch[029/100], iter[079/392], loss_total:0.08173, loss_equ:0.16566 loss_pq_vm:0.00182 loss_pq_va:0.02386 loss_pv_va:0.02310
INFO|2024-09-25 13:20:13: Epoch[029/100], iter[118/392], loss_total:0.08551, loss_equ:0.16683 loss_pq_vm:0.00188 loss_pq_va:0.02544 loss_pv_va:0.02456
INFO|2024-09-25 13:20:25: Epoch[029/100], iter[157/392], loss_total:0.08269, loss_equ:0.16127 loss_pq_vm:0.00139 loss_pq_va:0.02677 loss_pv_va:0.02587
INFO|2024-09-25 13:20:36: Epoch[029/100], iter[196/392], loss_total:0.07772, loss_equ:0.15558 loss_pq_vm:0.00125 loss_pq_va:0.02501 loss_pv_va:0.02466
INFO|2024-09-25 13:20:48: Epoch[029/100], iter[235/392], loss_total:0.07929, loss_equ:0.16071 loss_pq_vm:0.00146 loss_pq_va:0.02452 loss_pv_va:0.02406
INFO|2024-09-25 13:21:00: Epoch[029/100], iter[274/392], loss_total:0.07954, loss_equ:0.16478 loss_pq_vm:0.00145 loss_pq_va:0.02463 loss_pv_va:0.02389
INFO|2024-09-25 13:21:11: Epoch[029/100], iter[313/392], loss_total:0.08313, loss_equ:0.15664 loss_pq_vm:0.00126 loss_pq_va:0.02798 loss_pv_va:0.02691
INFO|2024-09-25 13:21:22: Epoch[029/100], iter[352/392], loss_total:0.07776, loss_equ:0.16940 loss_pq_vm:0.00150 loss_pq_va:0.02316 loss_pv_va:0.02264
INFO|2024-09-25 13:21:34: Epoch[029/100], iter[392/392], loss_total:0.08901, loss_equ:0.16943 loss_pq_vm:0.00168 loss_pq_va:0.02795 loss_pv_va:0.02735
INFO|2024-09-25 13:22:22: Epoch 28/100, lr:  0.00080839, eta: 3.25h, train_loss:  0.08316, valid_loss:  0.08779
INFO|2024-09-25 13:22:22: 	Train: PQ_Vm_rmse: 0.00204397  PQ_Va_rmse: 0.03704225  PV_Va_rmse: 0.03558465  delta_p: 0.10768337  delta_q: 0.03195308  
INFO|2024-09-25 13:22:22: 	ZTest: PQ_Vm_rmse: 0.00208461  PQ_Va_rmse: 0.04364167  PV_Va_rmse: 0.04170082  delta_p: 0.11672313  delta_q: 0.03231243  
INFO|2024-09-25 13:22:22: 	ZTest-ema: PQ_Vm_rmse: 0.001967  PQ_Va_rmse: 0.042905  PV_Va_rmse: 0.040745  delta_p: 0.106749  delta_q: 0.029693  
INFO|2024-09-25 13:22:22: 	           ValOfEMA:0.042905/0.042905,  Epoch:29/29
INFO|2024-09-25 13:22:22: 	Time(ep):164s,  Val(curr/best):0.043642/0.043311,  Epoch(curr/best):29/27
INFO|2024-09-25 13:22:22: -------------------- Epoch: 30 --------------------
INFO|2024-09-25 13:22:36: Epoch[030/100], iter[040/392], loss_total:0.08417, loss_equ:0.16591 loss_pq_vm:0.00142 loss_pq_va:0.02663 loss_pv_va:0.02674
INFO|2024-09-25 13:22:47: Epoch[030/100], iter[079/392], loss_total:0.07992, loss_equ:0.15543 loss_pq_vm:0.00135 loss_pq_va:0.02577 loss_pv_va:0.02512
INFO|2024-09-25 13:22:59: Epoch[030/100], iter[118/392], loss_total:0.08026, loss_equ:0.15745 loss_pq_vm:0.00153 loss_pq_va:0.02483 loss_pv_va:0.02437
INFO|2024-09-25 13:23:11: Epoch[030/100], iter[157/392], loss_total:0.07947, loss_equ:0.15639 loss_pq_vm:0.00123 loss_pq_va:0.02620 loss_pv_va:0.02527
INFO|2024-09-25 13:23:22: Epoch[030/100], iter[196/392], loss_total:0.08539, loss_equ:0.15649 loss_pq_vm:0.00132 loss_pq_va:0.02876 loss_pv_va:0.02782
INFO|2024-09-25 13:23:33: Epoch[030/100], iter[235/392], loss_total:0.07970, loss_equ:0.16499 loss_pq_vm:0.00138 loss_pq_va:0.02478 loss_pv_va:0.02460
INFO|2024-09-25 13:23:45: Epoch[030/100], iter[274/392], loss_total:0.08264, loss_equ:0.16584 loss_pq_vm:0.00150 loss_pq_va:0.02607 loss_pv_va:0.02502
INFO|2024-09-25 13:23:56: Epoch[030/100], iter[313/392], loss_total:0.07696, loss_equ:0.16211 loss_pq_vm:0.00136 loss_pq_va:0.02390 loss_pv_va:0.02328
INFO|2024-09-25 13:24:08: Epoch[030/100], iter[352/392], loss_total:0.07615, loss_equ:0.15910 loss_pq_vm:0.00143 loss_pq_va:0.02327 loss_pv_va:0.02272
INFO|2024-09-25 13:24:20: Epoch[030/100], iter[392/392], loss_total:0.07619, loss_equ:0.15833 loss_pq_vm:0.00125 loss_pq_va:0.02427 loss_pv_va:0.02363
INFO|2024-09-25 13:25:07: Epoch 29/100, lr:  0.00079595, eta: 3.2h, train_loss:  0.08103, valid_loss:  0.08777
INFO|2024-09-25 13:25:07: 	Train: PQ_Vm_rmse: 0.00194569  PQ_Va_rmse: 0.03652144  PV_Va_rmse: 0.03506358  delta_p: 0.10419597  delta_q: 0.03087612  
INFO|2024-09-25 13:25:07: 	ZTest: PQ_Vm_rmse: 0.00218587  PQ_Va_rmse: 0.04296146  PV_Va_rmse: 0.04074874  delta_p: 0.11731606  delta_q: 0.03401356  
INFO|2024-09-25 13:25:07: 	ZTest-ema: PQ_Vm_rmse: 0.001948  PQ_Va_rmse: 0.042486  PV_Va_rmse: 0.040358  delta_p: 0.106833  delta_q: 0.029607  
INFO|2024-09-25 13:25:07: 	           ValOfEMA:0.042486/0.042486,  Epoch:30/30
INFO|2024-09-25 13:25:08: 	Time(ep):164s,  Val(curr/best):0.042961/0.042961,  Epoch(curr/best):30/30
INFO|2024-09-25 13:25:08: -------------------- Epoch: 31 --------------------
INFO|2024-09-25 13:25:21: Epoch[031/100], iter[040/392], loss_total:0.07588, loss_equ:0.16460 loss_pq_vm:0.00135 loss_pq_va:0.02319 loss_pv_va:0.02268
INFO|2024-09-25 13:25:33: Epoch[031/100], iter[079/392], loss_total:0.07627, loss_equ:0.15781 loss_pq_vm:0.00126 loss_pq_va:0.02434 loss_pv_va:0.02357
INFO|2024-09-25 13:25:45: Epoch[031/100], iter[118/392], loss_total:0.07631, loss_equ:0.18224 loss_pq_vm:0.00164 loss_pq_va:0.02101 loss_pv_va:0.02062
INFO|2024-09-25 13:25:56: Epoch[031/100], iter[157/392], loss_total:0.07441, loss_equ:0.16194 loss_pq_vm:0.00138 loss_pq_va:0.02232 loss_pv_va:0.02204
INFO|2024-09-25 13:26:08: Epoch[031/100], iter[196/392], loss_total:0.07876, loss_equ:0.15295 loss_pq_vm:0.00125 loss_pq_va:0.02580 loss_pv_va:0.02518
INFO|2024-09-25 13:26:19: Epoch[031/100], iter[235/392], loss_total:0.06974, loss_equ:0.15716 loss_pq_vm:0.00125 loss_pq_va:0.02108 loss_pv_va:0.02045
INFO|2024-09-25 13:26:31: Epoch[031/100], iter[274/392], loss_total:0.07401, loss_equ:0.16082 loss_pq_vm:0.00131 loss_pq_va:0.02267 loss_pv_va:0.02216
INFO|2024-09-25 13:26:42: Epoch[031/100], iter[313/392], loss_total:0.07280, loss_equ:0.15844 loss_pq_vm:0.00127 loss_pq_va:0.02230 loss_pv_va:0.02192
INFO|2024-09-25 13:26:53: Epoch[031/100], iter[352/392], loss_total:0.08117, loss_equ:0.15817 loss_pq_vm:0.00130 loss_pq_va:0.02653 loss_pv_va:0.02588
INFO|2024-09-25 13:27:05: Epoch[031/100], iter[392/392], loss_total:0.08336, loss_equ:0.16800 loss_pq_vm:0.00126 loss_pq_va:0.02767 loss_pv_va:0.02627
INFO|2024-09-25 13:27:53: Epoch 30/100, lr:  0.00078323, eta: 3.16h, train_loss:  0.07944, valid_loss:  0.09532
INFO|2024-09-25 13:27:53: 	Train: PQ_Vm_rmse: 0.00195884  PQ_Va_rmse: 0.03524190  PV_Va_rmse: 0.03373895  delta_p: 0.10820514  delta_q: 0.03105406  
INFO|2024-09-25 13:27:53: 	ZTest: PQ_Vm_rmse: 0.00224679  PQ_Va_rmse: 0.04788555  PV_Va_rmse: 0.04557916  delta_p: 0.11419984  delta_q: 0.03090983  
INFO|2024-09-25 13:27:53: 	ZTest-ema: PQ_Vm_rmse: 0.001928  PQ_Va_rmse: 0.042147  PV_Va_rmse: 0.040018  delta_p: 0.106339  delta_q: 0.029437  
INFO|2024-09-25 13:27:53: 	           ValOfEMA:0.042147/0.042147,  Epoch:31/31
INFO|2024-09-25 13:27:54: 	Time(ep):164s,  Val(curr/best):0.047886/0.042961,  Epoch(curr/best):31/30
INFO|2024-09-25 13:27:54: -------------------- Epoch: 32 --------------------
INFO|2024-09-25 13:28:07: Epoch[032/100], iter[040/392], loss_total:0.07761, loss_equ:0.18805 loss_pq_vm:0.00125 loss_pq_va:0.02307 loss_pv_va:0.02324
INFO|2024-09-25 13:28:18: Epoch[032/100], iter[079/392], loss_total:0.08579, loss_equ:0.17542 loss_pq_vm:0.00146 loss_pq_va:0.02691 loss_pv_va:0.02677
INFO|2024-09-25 13:28:30: Epoch[032/100], iter[118/392], loss_total:0.08012, loss_equ:0.16876 loss_pq_vm:0.00174 loss_pq_va:0.02313 loss_pv_va:0.02276
INFO|2024-09-25 13:28:42: Epoch[032/100], iter[157/392], loss_total:0.07181, loss_equ:0.16153 loss_pq_vm:0.00133 loss_pq_va:0.02142 loss_pv_va:0.02093
INFO|2024-09-25 13:28:53: Epoch[032/100], iter[196/392], loss_total:0.08459, loss_equ:0.17449 loss_pq_vm:0.00215 loss_pq_va:0.02313 loss_pv_va:0.02255
INFO|2024-09-25 13:29:04: Epoch[032/100], iter[235/392], loss_total:0.08474, loss_equ:0.21929 loss_pq_vm:0.00136 loss_pq_va:0.02406 loss_pv_va:0.02516
INFO|2024-09-25 13:29:16: Epoch[032/100], iter[274/392], loss_total:0.07836, loss_equ:0.16083 loss_pq_vm:0.00135 loss_pq_va:0.02463 loss_pv_va:0.02414
INFO|2024-09-25 13:29:28: Epoch[032/100], iter[313/392], loss_total:0.07858, loss_equ:0.15179 loss_pq_vm:0.00122 loss_pq_va:0.02596 loss_pv_va:0.02521
INFO|2024-09-25 13:29:39: Epoch[032/100], iter[352/392], loss_total:0.08209, loss_equ:0.15379 loss_pq_vm:0.00132 loss_pq_va:0.02699 loss_pv_va:0.02648
INFO|2024-09-25 13:29:51: Epoch[032/100], iter[392/392], loss_total:0.08360, loss_equ:0.16072 loss_pq_vm:0.00126 loss_pq_va:0.02828 loss_pv_va:0.02668
INFO|2024-09-25 13:30:39: Epoch 31/100, lr:  0.00077023, eta: 3.12h, train_loss:  0.08111, valid_loss:  0.09158
INFO|2024-09-25 13:30:39: 	Train: PQ_Vm_rmse: 0.00197131  PQ_Va_rmse: 0.03592372  PV_Va_rmse: 0.03444707  delta_p: 0.10957455  delta_q: 0.03122711  
INFO|2024-09-25 13:30:39: 	ZTest: PQ_Vm_rmse: 0.00200944  PQ_Va_rmse: 0.04614580  PV_Va_rmse: 0.04455388  delta_p: 0.11049492  delta_q: 0.03058368  
INFO|2024-09-25 13:30:39: 	ZTest-ema: PQ_Vm_rmse: 0.001919  PQ_Va_rmse: 0.042049  PV_Va_rmse: 0.039938  delta_p: 0.105714  delta_q: 0.029343  
INFO|2024-09-25 13:30:39: 	           ValOfEMA:0.042049/0.042049,  Epoch:32/32
INFO|2024-09-25 13:30:40: 	Time(ep):165s,  Val(curr/best):0.046146/0.042961,  Epoch(curr/best):32/30
INFO|2024-09-25 13:30:40: -------------------- Epoch: 33 --------------------
INFO|2024-09-25 13:30:53: Epoch[033/100], iter[040/392], loss_total:0.07812, loss_equ:0.16602 loss_pq_vm:0.00166 loss_pq_va:0.02265 loss_pv_va:0.02227
INFO|2024-09-25 13:31:05: Epoch[033/100], iter[079/392], loss_total:0.11262, loss_equ:0.22295 loss_pq_vm:0.00184 loss_pq_va:0.03574 loss_pv_va:0.03615
INFO|2024-09-25 13:31:16: Epoch[033/100], iter[118/392], loss_total:0.08118, loss_equ:0.17791 loss_pq_vm:0.00173 loss_pq_va:0.02354 loss_pv_va:0.02254
INFO|2024-09-25 13:31:28: Epoch[033/100], iter[157/392], loss_total:0.08204, loss_equ:0.15526 loss_pq_vm:0.00120 loss_pq_va:0.02744 loss_pv_va:0.02706
INFO|2024-09-25 13:31:39: Epoch[033/100], iter[196/392], loss_total:0.07389, loss_equ:0.15515 loss_pq_vm:0.00122 loss_pq_va:0.02333 loss_pv_va:0.02288
INFO|2024-09-25 13:31:51: Epoch[033/100], iter[235/392], loss_total:0.07955, loss_equ:0.16845 loss_pq_vm:0.00164 loss_pq_va:0.02336 loss_pv_va:0.02296
INFO|2024-09-25 13:32:03: Epoch[033/100], iter[274/392], loss_total:0.08148, loss_equ:0.15703 loss_pq_vm:0.00130 loss_pq_va:0.02681 loss_pv_va:0.02593
INFO|2024-09-25 13:32:15: Epoch[033/100], iter[313/392], loss_total:0.07105, loss_equ:0.15713 loss_pq_vm:0.00124 loss_pq_va:0.02195 loss_pv_va:0.02099
INFO|2024-09-25 13:32:26: Epoch[033/100], iter[352/392], loss_total:0.07975, loss_equ:0.15250 loss_pq_vm:0.00119 loss_pq_va:0.02679 loss_pv_va:0.02577
INFO|2024-09-25 13:32:38: Epoch[033/100], iter[392/392], loss_total:0.07703, loss_equ:0.19394 loss_pq_vm:0.00150 loss_pq_va:0.02162 loss_pv_va:0.02100
INFO|2024-09-25 13:33:26: Epoch 32/100, lr:  0.00075698, eta: 3.09h, train_loss:  0.07902, valid_loss:  0.08628
INFO|2024-09-25 13:33:26: 	Train: PQ_Vm_rmse: 0.00189065  PQ_Va_rmse: 0.03518674  PV_Va_rmse: 0.03383475  delta_p: 0.10791928  delta_q: 0.03063765  
INFO|2024-09-25 13:33:26: 	ZTest: PQ_Vm_rmse: 0.00213222  PQ_Va_rmse: 0.04190222  PV_Va_rmse: 0.03989710  delta_p: 0.11837879  delta_q: 0.03272801  
INFO|2024-09-25 13:33:26: 	ZTest-ema: PQ_Vm_rmse: 0.001896  PQ_Va_rmse: 0.041496  PV_Va_rmse: 0.039411  delta_p: 0.106438  delta_q: 0.029286  
INFO|2024-09-25 13:33:26: 	           ValOfEMA:0.041496/0.041496,  Epoch:33/33
INFO|2024-09-25 13:33:27: 	Time(ep):166s,  Val(curr/best):0.041902/0.041902,  Epoch(curr/best):33/33
INFO|2024-09-25 13:33:27: -------------------- Epoch: 34 --------------------
INFO|2024-09-25 13:33:40: Epoch[034/100], iter[040/392], loss_total:0.07411, loss_equ:0.15536 loss_pq_vm:0.00122 loss_pq_va:0.02342 loss_pv_va:0.02295
INFO|2024-09-25 13:33:52: Epoch[034/100], iter[079/392], loss_total:0.07226, loss_equ:0.15448 loss_pq_vm:0.00119 loss_pq_va:0.02266 loss_pv_va:0.02226
INFO|2024-09-25 13:34:03: Epoch[034/100], iter[118/392], loss_total:0.07127, loss_equ:0.15079 loss_pq_vm:0.00125 loss_pq_va:0.02213 loss_pv_va:0.02159
INFO|2024-09-25 13:34:15: Epoch[034/100], iter[157/392], loss_total:0.07820, loss_equ:0.15604 loss_pq_vm:0.00130 loss_pq_va:0.02492 loss_pv_va:0.02464
INFO|2024-09-25 13:34:26: Epoch[034/100], iter[196/392], loss_total:0.08419, loss_equ:0.18840 loss_pq_vm:0.00200 loss_pq_va:0.02298 loss_pv_va:0.02240
INFO|2024-09-25 13:34:38: Epoch[034/100], iter[235/392], loss_total:0.07491, loss_equ:0.16071 loss_pq_vm:0.00149 loss_pq_va:0.02217 loss_pv_va:0.02177
INFO|2024-09-25 13:34:50: Epoch[034/100], iter[274/392], loss_total:0.08409, loss_equ:0.16300 loss_pq_vm:0.00171 loss_pq_va:0.02563 loss_pv_va:0.02503
INFO|2024-09-25 13:35:02: Epoch[034/100], iter[313/392], loss_total:0.06963, loss_equ:0.15434 loss_pq_vm:0.00121 loss_pq_va:0.02137 loss_pv_va:0.02075
INFO|2024-09-25 13:35:13: Epoch[034/100], iter[352/392], loss_total:0.07722, loss_equ:0.15758 loss_pq_vm:0.00122 loss_pq_va:0.02475 loss_pv_va:0.02450
INFO|2024-09-25 13:35:25: Epoch[034/100], iter[392/392], loss_total:0.08049, loss_equ:0.15671 loss_pq_vm:0.00144 loss_pq_va:0.02566 loss_pv_va:0.02477
INFO|2024-09-25 13:36:13: Epoch 33/100, lr:  0.00074347, eta: 3.04h, train_loss:  0.07598, valid_loss:  0.08598
INFO|2024-09-25 13:36:13: 	Train: PQ_Vm_rmse: 0.00184687  PQ_Va_rmse: 0.03391813  PV_Va_rmse: 0.03250566  delta_p: 0.10322087  delta_q: 0.02994529  
INFO|2024-09-25 13:36:13: 	ZTest: PQ_Vm_rmse: 0.00223445  PQ_Va_rmse: 0.04162812  PV_Va_rmse: 0.03953622  delta_p: 0.11337423  delta_q: 0.03192581  
INFO|2024-09-25 13:36:13: 	ZTest-ema: PQ_Vm_rmse: 0.001874  PQ_Va_rmse: 0.041081  PV_Va_rmse: 0.039017  delta_p: 0.106216  delta_q: 0.029126  
INFO|2024-09-25 13:36:13: 	           ValOfEMA:0.041081/0.041081,  Epoch:34/34
INFO|2024-09-25 13:36:14: 	Time(ep):165s,  Val(curr/best):0.041628/0.041628,  Epoch(curr/best):34/34
INFO|2024-09-25 13:36:14: -------------------- Epoch: 35 --------------------
INFO|2024-09-25 13:36:27: Epoch[035/100], iter[040/392], loss_total:0.07303, loss_equ:0.15066 loss_pq_vm:0.00120 loss_pq_va:0.02333 loss_pv_va:0.02262
INFO|2024-09-25 13:36:39: Epoch[035/100], iter[079/392], loss_total:0.08196, loss_equ:0.15515 loss_pq_vm:0.00130 loss_pq_va:0.02711 loss_pv_va:0.02638
INFO|2024-09-25 13:36:50: Epoch[035/100], iter[118/392], loss_total:0.07483, loss_equ:0.16287 loss_pq_vm:0.00128 loss_pq_va:0.02284 loss_pv_va:0.02288
INFO|2024-09-25 13:37:02: Epoch[035/100], iter[157/392], loss_total:0.06894, loss_equ:0.15326 loss_pq_vm:0.00119 loss_pq_va:0.02099 loss_pv_va:0.02071
INFO|2024-09-25 13:37:13: Epoch[035/100], iter[196/392], loss_total:0.07512, loss_equ:0.15971 loss_pq_vm:0.00138 loss_pq_va:0.02307 loss_pv_va:0.02232
INFO|2024-09-25 13:37:25: Epoch[035/100], iter[235/392], loss_total:0.07870, loss_equ:0.16323 loss_pq_vm:0.00128 loss_pq_va:0.02500 loss_pv_va:0.02456
INFO|2024-09-25 13:37:36: Epoch[035/100], iter[274/392], loss_total:0.07509, loss_equ:0.16911 loss_pq_vm:0.00138 loss_pq_va:0.02267 loss_pv_va:0.02176
INFO|2024-09-25 13:37:48: Epoch[035/100], iter[313/392], loss_total:0.08230, loss_equ:0.16212 loss_pq_vm:0.00159 loss_pq_va:0.02532 loss_pv_va:0.02489
INFO|2024-09-25 13:37:59: Epoch[035/100], iter[352/392], loss_total:0.07136, loss_equ:0.15410 loss_pq_vm:0.00121 loss_pq_va:0.02215 loss_pv_va:0.02168
INFO|2024-09-25 13:38:11: Epoch[035/100], iter[392/392], loss_total:0.06924, loss_equ:0.15550 loss_pq_vm:0.00124 loss_pq_va:0.02080 loss_pv_va:0.02051
INFO|2024-09-25 13:38:59: Epoch 34/100, lr:  0.00072973, eta: 2.98h, train_loss:  0.07624, valid_loss:  0.08729
INFO|2024-09-25 13:38:59: 	Train: PQ_Vm_rmse: 0.00181957  PQ_Va_rmse: 0.03424541  PV_Va_rmse: 0.03279317  delta_p: 0.10240615  delta_q: 0.02950107  
INFO|2024-09-25 13:38:59: 	ZTest: PQ_Vm_rmse: 0.00197120  PQ_Va_rmse: 0.04443892  PV_Va_rmse: 0.04219662  delta_p: 0.11168258  delta_q: 0.03109848  
INFO|2024-09-25 13:38:59: 	ZTest-ema: PQ_Vm_rmse: 0.001856  PQ_Va_rmse: 0.040905  PV_Va_rmse: 0.038845  delta_p: 0.105857  delta_q: 0.028986  
INFO|2024-09-25 13:38:59: 	           ValOfEMA:0.040905/0.040905,  Epoch:35/35
INFO|2024-09-25 13:39:00: 	Time(ep):165s,  Val(curr/best):0.044439/0.041628,  Epoch(curr/best):35/34
INFO|2024-09-25 13:39:00: -------------------- Epoch: 36 --------------------
INFO|2024-09-25 13:39:13: Epoch[036/100], iter[040/392], loss_total:0.08829, loss_equ:0.22185 loss_pq_vm:0.00139 loss_pq_va:0.02707 loss_pv_va:0.02513
INFO|2024-09-25 13:39:24: Epoch[036/100], iter[079/392], loss_total:0.07068, loss_equ:0.15766 loss_pq_vm:0.00120 loss_pq_va:0.02179 loss_pv_va:0.02115
INFO|2024-09-25 13:39:36: Epoch[036/100], iter[118/392], loss_total:0.07833, loss_equ:0.15729 loss_pq_vm:0.00128 loss_pq_va:0.02530 loss_pv_va:0.02453
INFO|2024-09-25 13:39:48: Epoch[036/100], iter[157/392], loss_total:0.07379, loss_equ:0.15682 loss_pq_vm:0.00125 loss_pq_va:0.02328 loss_pv_va:0.02228
INFO|2024-09-25 13:39:59: Epoch[036/100], iter[196/392], loss_total:0.08343, loss_equ:0.17014 loss_pq_vm:0.00226 loss_pq_va:0.02185 loss_pv_va:0.02200
INFO|2024-09-25 13:40:11: Epoch[036/100], iter[235/392], loss_total:0.07099, loss_equ:0.15414 loss_pq_vm:0.00121 loss_pq_va:0.02193 loss_pv_va:0.02155
INFO|2024-09-25 13:40:22: Epoch[036/100], iter[274/392], loss_total:0.08161, loss_equ:0.15226 loss_pq_vm:0.00121 loss_pq_va:0.02731 loss_pv_va:0.02700
INFO|2024-09-25 13:40:34: Epoch[036/100], iter[313/392], loss_total:0.07429, loss_equ:0.15744 loss_pq_vm:0.00133 loss_pq_va:0.02333 loss_pv_va:0.02196
INFO|2024-09-25 13:40:45: Epoch[036/100], iter[352/392], loss_total:0.07622, loss_equ:0.15120 loss_pq_vm:0.00129 loss_pq_va:0.02423 loss_pv_va:0.02393
INFO|2024-09-25 13:40:57: Epoch[036/100], iter[392/392], loss_total:0.07332, loss_equ:0.14775 loss_pq_vm:0.00135 loss_pq_va:0.02295 loss_pv_va:0.02212
INFO|2024-09-25 13:41:45: Epoch 35/100, lr:  0.00071576, eta: 2.94h, train_loss:  0.07731, valid_loss:  0.08502
INFO|2024-09-25 13:41:45: 	Train: PQ_Vm_rmse: 0.00181288  PQ_Va_rmse: 0.03451417  PV_Va_rmse: 0.03302168  delta_p: 0.10674264  delta_q: 0.02980859  
INFO|2024-09-25 13:41:45: 	ZTest: PQ_Vm_rmse: 0.00194151  PQ_Va_rmse: 0.04224177  PV_Va_rmse: 0.04039024  delta_p: 0.10799139  delta_q: 0.02993850  
INFO|2024-09-25 13:41:45: 	ZTest-ema: PQ_Vm_rmse: 0.001839  PQ_Va_rmse: 0.040997  PV_Va_rmse: 0.038950  delta_p: 0.104422  delta_q: 0.028741  
INFO|2024-09-25 13:41:45: 	           ValOfEMA:0.040997/0.040905,  Epoch:36/35
INFO|2024-09-25 13:41:46: 	Time(ep):165s,  Val(curr/best):0.042242/0.041628,  Epoch(curr/best):36/34
INFO|2024-09-25 13:41:46: -------------------- Epoch: 37 --------------------
INFO|2024-09-25 13:41:59: Epoch[037/100], iter[040/392], loss_total:0.07455, loss_equ:0.15602 loss_pq_vm:0.00142 loss_pq_va:0.02283 loss_pv_va:0.02189
INFO|2024-09-25 13:42:11: Epoch[037/100], iter[079/392], loss_total:0.07800, loss_equ:0.17173 loss_pq_vm:0.00129 loss_pq_va:0.02401 loss_pv_va:0.02388
INFO|2024-09-25 13:42:23: Epoch[037/100], iter[118/392], loss_total:0.09662, loss_equ:0.18175 loss_pq_vm:0.00157 loss_pq_va:0.03228 loss_pv_va:0.03044
INFO|2024-09-25 13:42:34: Epoch[037/100], iter[157/392], loss_total:0.07894, loss_equ:0.16080 loss_pq_vm:0.00130 loss_pq_va:0.02533 loss_pv_va:0.02450
INFO|2024-09-25 13:42:46: Epoch[037/100], iter[196/392], loss_total:0.07265, loss_equ:0.15367 loss_pq_vm:0.00140 loss_pq_va:0.02200 loss_pv_va:0.02125
INFO|2024-09-25 13:42:57: Epoch[037/100], iter[235/392], loss_total:0.07200, loss_equ:0.15453 loss_pq_vm:0.00127 loss_pq_va:0.02204 loss_pv_va:0.02178
INFO|2024-09-25 13:43:09: Epoch[037/100], iter[274/392], loss_total:0.07199, loss_equ:0.16042 loss_pq_vm:0.00121 loss_pq_va:0.02223 loss_pv_va:0.02164
INFO|2024-09-25 13:43:21: Epoch[037/100], iter[313/392], loss_total:0.06966, loss_equ:0.15523 loss_pq_vm:0.00121 loss_pq_va:0.02142 loss_pv_va:0.02063
INFO|2024-09-25 13:43:32: Epoch[037/100], iter[352/392], loss_total:0.09551, loss_equ:0.16693 loss_pq_vm:0.00166 loss_pq_va:0.03100 loss_pv_va:0.03119
INFO|2024-09-25 13:43:44: Epoch[037/100], iter[392/392], loss_total:0.08204, loss_equ:0.15791 loss_pq_vm:0.00135 loss_pq_va:0.02689 loss_pv_va:0.02584
INFO|2024-09-25 13:44:32: Epoch 36/100, lr:  0.00070159, eta: 2.91h, train_loss:  0.07702, valid_loss:  0.08935
INFO|2024-09-25 13:44:32: 	Train: PQ_Vm_rmse: 0.00188381  PQ_Va_rmse: 0.03396476  PV_Va_rmse: 0.03252232  delta_p: 0.10528317  delta_q: 0.03045046  
INFO|2024-09-25 13:44:32: 	ZTest: PQ_Vm_rmse: 0.00207209  PQ_Va_rmse: 0.04415116  PV_Va_rmse: 0.04294155  delta_p: 0.10914915  delta_q: 0.03140740  
INFO|2024-09-25 13:44:32: 	ZTest-ema: PQ_Vm_rmse: 0.001830  PQ_Va_rmse: 0.040653  PV_Va_rmse: 0.038635  delta_p: 0.105061  delta_q: 0.028761  
INFO|2024-09-25 13:44:32: 	           ValOfEMA:0.040653/0.040653,  Epoch:37/37
INFO|2024-09-25 13:44:33: 	Time(ep):166s,  Val(curr/best):0.044151/0.041628,  Epoch(curr/best):37/34
INFO|2024-09-25 13:44:33: -------------------- Epoch: 38 --------------------
INFO|2024-09-25 13:44:46: Epoch[038/100], iter[040/392], loss_total:0.06771, loss_equ:0.15026 loss_pq_vm:0.00123 loss_pq_va:0.02038 loss_pv_va:0.02003
INFO|2024-09-25 13:44:58: Epoch[038/100], iter[079/392], loss_total:0.06937, loss_equ:0.15700 loss_pq_vm:0.00129 loss_pq_va:0.02065 loss_pv_va:0.02012
INFO|2024-09-25 13:45:09: Epoch[038/100], iter[118/392], loss_total:0.06778, loss_equ:0.15060 loss_pq_vm:0.00117 loss_pq_va:0.02068 loss_pv_va:0.02033
INFO|2024-09-25 13:45:21: Epoch[038/100], iter[157/392], loss_total:0.07286, loss_equ:0.15291 loss_pq_vm:0.00118 loss_pq_va:0.02335 loss_pv_va:0.02245
INFO|2024-09-25 13:45:32: Epoch[038/100], iter[196/392], loss_total:0.07800, loss_equ:0.15857 loss_pq_vm:0.00125 loss_pq_va:0.02515 loss_pv_va:0.02453
INFO|2024-09-25 13:45:44: Epoch[038/100], iter[235/392], loss_total:0.08044, loss_equ:0.15070 loss_pq_vm:0.00138 loss_pq_va:0.02606 loss_pv_va:0.02548
INFO|2024-09-25 13:45:55: Epoch[038/100], iter[274/392], loss_total:0.07132, loss_equ:0.14903 loss_pq_vm:0.00116 loss_pq_va:0.02277 loss_pv_va:0.02204
INFO|2024-09-25 13:46:07: Epoch[038/100], iter[313/392], loss_total:0.07605, loss_equ:0.14880 loss_pq_vm:0.00131 loss_pq_va:0.02429 loss_pv_va:0.02378
INFO|2024-09-25 13:46:19: Epoch[038/100], iter[352/392], loss_total:0.07249, loss_equ:0.15533 loss_pq_vm:0.00116 loss_pq_va:0.02308 loss_pv_va:0.02230
INFO|2024-09-25 13:46:30: Epoch[038/100], iter[392/392], loss_total:0.06970, loss_equ:0.15018 loss_pq_vm:0.00121 loss_pq_va:0.02154 loss_pv_va:0.02104
INFO|2024-09-25 13:47:18: Epoch 37/100, lr:  0.00068722, eta: 2.84h, train_loss:  0.07384, valid_loss:  0.08240
INFO|2024-09-25 13:47:18: 	Train: PQ_Vm_rmse: 0.00173327  PQ_Va_rmse: 0.03331463  PV_Va_rmse: 0.03189792  delta_p: 0.09948049  delta_q: 0.02853698  
INFO|2024-09-25 13:47:18: 	ZTest: PQ_Vm_rmse: 0.00189441  PQ_Va_rmse: 0.04106174  PV_Va_rmse: 0.03910340  delta_p: 0.11000343  delta_q: 0.02996453  
INFO|2024-09-25 13:47:18: 	ZTest-ema: PQ_Vm_rmse: 0.001807  PQ_Va_rmse: 0.040440  PV_Va_rmse: 0.038437  delta_p: 0.103980  delta_q: 0.028538  
INFO|2024-09-25 13:47:18: 	           ValOfEMA:0.040440/0.040440,  Epoch:38/38
INFO|2024-09-25 13:47:19: 	Time(ep):164s,  Val(curr/best):0.041062/0.041062,  Epoch(curr/best):38/38
INFO|2024-09-25 13:47:19: -------------------- Epoch: 39 --------------------
INFO|2024-09-25 13:47:32: Epoch[039/100], iter[040/392], loss_total:0.06948, loss_equ:0.15162 loss_pq_vm:0.00128 loss_pq_va:0.02108 loss_pv_va:0.02042
INFO|2024-09-25 13:47:44: Epoch[039/100], iter[079/392], loss_total:0.07274, loss_equ:0.15286 loss_pq_vm:0.00142 loss_pq_va:0.02196 loss_pv_va:0.02133
INFO|2024-09-25 13:47:55: Epoch[039/100], iter[118/392], loss_total:0.07329, loss_equ:0.19219 loss_pq_vm:0.00121 loss_pq_va:0.02120 loss_pv_va:0.02080
INFO|2024-09-25 13:48:07: Epoch[039/100], iter[157/392], loss_total:0.07209, loss_equ:0.15305 loss_pq_vm:0.00117 loss_pq_va:0.02303 loss_pv_va:0.02206
INFO|2024-09-25 13:48:19: Epoch[039/100], iter[196/392], loss_total:0.07287, loss_equ:0.15483 loss_pq_vm:0.00158 loss_pq_va:0.02101 loss_pv_va:0.02060
INFO|2024-09-25 13:48:32: Epoch[039/100], iter[235/392], loss_total:0.06758, loss_equ:0.15228 loss_pq_vm:0.00119 loss_pq_va:0.02058 loss_pv_va:0.01989
INFO|2024-09-25 13:48:44: Epoch[039/100], iter[274/392], loss_total:0.07137, loss_equ:0.15195 loss_pq_vm:0.00116 loss_pq_va:0.02262 loss_pv_va:0.02201
INFO|2024-09-25 13:48:56: Epoch[039/100], iter[313/392], loss_total:0.06832, loss_equ:0.14911 loss_pq_vm:0.00115 loss_pq_va:0.02126 loss_pv_va:0.02064
INFO|2024-09-25 13:49:09: Epoch[039/100], iter[352/392], loss_total:0.06670, loss_equ:0.15096 loss_pq_vm:0.00114 loss_pq_va:0.02040 loss_pv_va:0.01976
INFO|2024-09-25 13:49:21: Epoch[039/100], iter[392/392], loss_total:0.07368, loss_equ:0.14992 loss_pq_vm:0.00120 loss_pq_va:0.02383 loss_pv_va:0.02283
INFO|2024-09-25 13:50:12: Epoch 38/100, lr:  0.00067268, eta: 2.93h, train_loss:  0.07153, valid_loss:  0.08108
INFO|2024-09-25 13:50:12: 	Train: PQ_Vm_rmse: 0.00170331  PQ_Va_rmse: 0.03194164  PV_Va_rmse: 0.03056724  delta_p: 0.10226901  delta_q: 0.02831853  
INFO|2024-09-25 13:50:12: 	ZTest: PQ_Vm_rmse: 0.00186912  PQ_Va_rmse: 0.04023597  PV_Va_rmse: 0.03833567  delta_p: 0.11300806  delta_q: 0.03031028  
INFO|2024-09-25 13:50:12: 	ZTest-ema: PQ_Vm_rmse: 0.001779  PQ_Va_rmse: 0.039902  PV_Va_rmse: 0.037921  delta_p: 0.105097  delta_q: 0.028444  
INFO|2024-09-25 13:50:12: 	           ValOfEMA:0.039902/0.039902,  Epoch:39/39
INFO|2024-09-25 13:50:13: 	Time(ep):172s,  Val(curr/best):0.040236/0.040236,  Epoch(curr/best):39/39
INFO|2024-09-25 13:50:13: -------------------- Epoch: 40 --------------------
INFO|2024-09-25 13:50:27: Epoch[040/100], iter[040/392], loss_total:0.07341, loss_equ:0.15830 loss_pq_vm:0.00148 loss_pq_va:0.02166 loss_pv_va:0.02111
INFO|2024-09-25 13:50:38: Epoch[040/100], iter[079/392], loss_total:0.07391, loss_equ:0.15611 loss_pq_vm:0.00136 loss_pq_va:0.02257 loss_pv_va:0.02214
INFO|2024-09-25 13:50:50: Epoch[040/100], iter[118/392], loss_total:0.07869, loss_equ:0.14972 loss_pq_vm:0.00126 loss_pq_va:0.02579 loss_pv_va:0.02534
INFO|2024-09-25 13:51:02: Epoch[040/100], iter[157/392], loss_total:0.07807, loss_equ:0.14716 loss_pq_vm:0.00118 loss_pq_va:0.02625 loss_pv_va:0.02532
INFO|2024-09-25 13:51:13: Epoch[040/100], iter[196/392], loss_total:0.07378, loss_equ:0.15666 loss_pq_vm:0.00136 loss_pq_va:0.02257 loss_pv_va:0.02191
INFO|2024-09-25 13:51:25: Epoch[040/100], iter[235/392], loss_total:0.06902, loss_equ:0.14964 loss_pq_vm:0.00117 loss_pq_va:0.02141 loss_pv_va:0.02098
INFO|2024-09-25 13:51:37: Epoch[040/100], iter[274/392], loss_total:0.06898, loss_equ:0.15130 loss_pq_vm:0.00117 loss_pq_va:0.02125 loss_pv_va:0.02090
INFO|2024-09-25 13:51:48: Epoch[040/100], iter[313/392], loss_total:0.07339, loss_equ:0.15132 loss_pq_vm:0.00116 loss_pq_va:0.02366 loss_pv_va:0.02296
INFO|2024-09-25 13:52:00: Epoch[040/100], iter[352/392], loss_total:0.07404, loss_equ:0.15649 loss_pq_vm:0.00133 loss_pq_va:0.02279 loss_pv_va:0.02228
INFO|2024-09-25 13:52:12: Epoch[040/100], iter[392/392], loss_total:0.06899, loss_equ:0.15205 loss_pq_vm:0.00119 loss_pq_va:0.02104 loss_pv_va:0.02080
INFO|2024-09-25 13:53:00: Epoch 39/100, lr:  0.00065796, eta: 2.78h, train_loss:  0.07253, valid_loss:  0.08624
INFO|2024-09-25 13:53:00: 	Train: PQ_Vm_rmse: 0.00171798  PQ_Va_rmse: 0.03252395  PV_Va_rmse: 0.03117149  delta_p: 0.09850656  delta_q: 0.02849501  
INFO|2024-09-25 13:53:00: 	ZTest: PQ_Vm_rmse: 0.00214800  PQ_Va_rmse: 0.04142545  PV_Va_rmse: 0.03962691  delta_p: 0.11026645  delta_q: 0.03197157  
INFO|2024-09-25 13:53:00: 	ZTest-ema: PQ_Vm_rmse: 0.001762  PQ_Va_rmse: 0.039803  PV_Va_rmse: 0.037851  delta_p: 0.103990  delta_q: 0.028228  
INFO|2024-09-25 13:53:00: 	           ValOfEMA:0.039803/0.039803,  Epoch:40/40
INFO|2024-09-25 13:53:01: 	Time(ep):166s,  Val(curr/best):0.041425/0.040236,  Epoch(curr/best):40/39
INFO|2024-09-25 13:53:01: -------------------- Epoch: 41 --------------------
INFO|2024-09-25 13:53:14: Epoch[041/100], iter[040/392], loss_total:0.06644, loss_equ:0.14837 loss_pq_vm:0.00119 loss_pq_va:0.02014 loss_pv_va:0.01955
INFO|2024-09-25 13:53:26: Epoch[041/100], iter[079/392], loss_total:0.07138, loss_equ:0.15818 loss_pq_vm:0.00123 loss_pq_va:0.02196 loss_pv_va:0.02128
INFO|2024-09-25 13:53:38: Epoch[041/100], iter[118/392], loss_total:0.07032, loss_equ:0.15089 loss_pq_vm:0.00122 loss_pq_va:0.02181 loss_pv_va:0.02120
INFO|2024-09-25 13:53:49: Epoch[041/100], iter[157/392], loss_total:0.06914, loss_equ:0.15296 loss_pq_vm:0.00125 loss_pq_va:0.02107 loss_pv_va:0.02031
INFO|2024-09-25 13:54:01: Epoch[041/100], iter[196/392], loss_total:0.07866, loss_equ:0.20453 loss_pq_vm:0.00121 loss_pq_va:0.02414 loss_pv_va:0.02197
INFO|2024-09-25 13:54:12: Epoch[041/100], iter[235/392], loss_total:0.08247, loss_equ:0.14870 loss_pq_vm:0.00127 loss_pq_va:0.02762 loss_pv_va:0.02725
INFO|2024-09-25 13:54:24: Epoch[041/100], iter[274/392], loss_total:0.07443, loss_equ:0.15152 loss_pq_vm:0.00128 loss_pq_va:0.02331 loss_pv_va:0.02321
INFO|2024-09-25 13:54:36: Epoch[041/100], iter[313/392], loss_total:0.07546, loss_equ:0.14825 loss_pq_vm:0.00116 loss_pq_va:0.02497 loss_pv_va:0.02410
INFO|2024-09-25 13:54:47: Epoch[041/100], iter[352/392], loss_total:0.06842, loss_equ:0.14985 loss_pq_vm:0.00114 loss_pq_va:0.02125 loss_pv_va:0.02076
INFO|2024-09-25 13:54:59: Epoch[041/100], iter[392/392], loss_total:0.07003, loss_equ:0.14680 loss_pq_vm:0.00114 loss_pq_va:0.02214 loss_pv_va:0.02177
INFO|2024-09-25 13:55:49: Epoch 40/100, lr:  0.00064310, eta: 2.76h, train_loss:  0.07286, valid_loss:  0.08310
INFO|2024-09-25 13:55:49: 	Train: PQ_Vm_rmse: 0.00170259  PQ_Va_rmse: 0.03251123  PV_Va_rmse: 0.03120144  delta_p: 0.10140259  delta_q: 0.02841465  
INFO|2024-09-25 13:55:49: 	ZTest: PQ_Vm_rmse: 0.00188204  PQ_Va_rmse: 0.04097704  PV_Va_rmse: 0.03904951  delta_p: 0.10966320  delta_q: 0.02960228  
INFO|2024-09-25 13:55:49: 	ZTest-ema: PQ_Vm_rmse: 0.001748  PQ_Va_rmse: 0.039668  PV_Va_rmse: 0.037734  delta_p: 0.103647  delta_q: 0.028095  
INFO|2024-09-25 13:55:49: 	           ValOfEMA:0.039668/0.039668,  Epoch:41/41
INFO|2024-09-25 13:55:50: 	Time(ep):168s,  Val(curr/best):0.040977/0.040236,  Epoch(curr/best):41/39
INFO|2024-09-25 13:55:50: -------------------- Epoch: 42 --------------------
INFO|2024-09-25 13:56:05: Epoch[042/100], iter[040/392], loss_total:0.06888, loss_equ:0.15357 loss_pq_vm:0.00131 loss_pq_va:0.02047 loss_pv_va:0.01996
INFO|2024-09-25 13:56:17: Epoch[042/100], iter[079/392], loss_total:0.06783, loss_equ:0.14874 loss_pq_vm:0.00117 loss_pq_va:0.02098 loss_pv_va:0.02030
INFO|2024-09-25 13:56:30: Epoch[042/100], iter[118/392], loss_total:0.06666, loss_equ:0.14730 loss_pq_vm:0.00114 loss_pq_va:0.02045 loss_pv_va:0.02006
INFO|2024-09-25 13:56:42: Epoch[042/100], iter[157/392], loss_total:0.06634, loss_equ:0.14734 loss_pq_vm:0.00114 loss_pq_va:0.02032 loss_pv_va:0.01993
INFO|2024-09-25 13:56:54: Epoch[042/100], iter[196/392], loss_total:0.06875, loss_equ:0.15143 loss_pq_vm:0.00129 loss_pq_va:0.02056 loss_pv_va:0.02017
INFO|2024-09-25 13:57:07: Epoch[042/100], iter[235/392], loss_total:0.07060, loss_equ:0.15036 loss_pq_vm:0.00120 loss_pq_va:0.02212 loss_pv_va:0.02148
INFO|2024-09-25 13:57:19: Epoch[042/100], iter[274/392], loss_total:0.07045, loss_equ:0.15400 loss_pq_vm:0.00128 loss_pq_va:0.02144 loss_pv_va:0.02082
INFO|2024-09-25 13:57:32: Epoch[042/100], iter[313/392], loss_total:0.07604, loss_equ:0.14930 loss_pq_vm:0.00118 loss_pq_va:0.02514 loss_pv_va:0.02417
INFO|2024-09-25 13:57:44: Epoch[042/100], iter[352/392], loss_total:0.07126, loss_equ:0.14805 loss_pq_vm:0.00125 loss_pq_va:0.02236 loss_pv_va:0.02163
INFO|2024-09-25 13:57:57: Epoch[042/100], iter[392/392], loss_total:0.07269, loss_equ:0.15302 loss_pq_vm:0.00127 loss_pq_va:0.02279 loss_pv_va:0.02189
INFO|2024-09-25 13:58:47: Epoch 41/100, lr:  0.00062810, eta: 2.84h, train_loss:  0.07054, valid_loss:  0.08049
INFO|2024-09-25 13:58:47: 	Train: PQ_Vm_rmse: 0.00169489  PQ_Va_rmse: 0.03145431  PV_Va_rmse: 0.03009559  delta_p: 0.09765050  delta_q: 0.02829551  
INFO|2024-09-25 13:58:47: 	ZTest: PQ_Vm_rmse: 0.00186495  PQ_Va_rmse: 0.03984026  PV_Va_rmse: 0.03795502  delta_p: 0.10943284  delta_q: 0.02975331  
INFO|2024-09-25 13:58:47: 	ZTest-ema: PQ_Vm_rmse: 0.001730  PQ_Va_rmse: 0.039456  PV_Va_rmse: 0.037534  delta_p: 0.103174  delta_q: 0.027916  
INFO|2024-09-25 13:58:47: 	           ValOfEMA:0.039456/0.039456,  Epoch:42/42
INFO|2024-09-25 13:58:48: 	Time(ep):176s,  Val(curr/best):0.039840/0.039840,  Epoch(curr/best):42/42
INFO|2024-09-25 13:58:48: -------------------- Epoch: 43 --------------------
INFO|2024-09-25 13:59:02: Epoch[043/100], iter[040/392], loss_total:0.06795, loss_equ:0.15103 loss_pq_vm:0.00116 loss_pq_va:0.02085 loss_pv_va:0.02041
INFO|2024-09-25 13:59:15: Epoch[043/100], iter[079/392], loss_total:0.06650, loss_equ:0.14700 loss_pq_vm:0.00113 loss_pq_va:0.02048 loss_pv_va:0.02000
INFO|2024-09-25 13:59:27: Epoch[043/100], iter[118/392], loss_total:0.08531, loss_equ:0.18523 loss_pq_vm:0.00231 loss_pq_va:0.02195 loss_pv_va:0.02176
INFO|2024-09-25 13:59:39: Epoch[043/100], iter[157/392], loss_total:0.07569, loss_equ:0.15365 loss_pq_vm:0.00155 loss_pq_va:0.02243 loss_pv_va:0.02243
INFO|2024-09-25 13:59:52: Epoch[043/100], iter[196/392], loss_total:0.08593, loss_equ:0.14600 loss_pq_vm:0.00125 loss_pq_va:0.02950 loss_pv_va:0.02933
INFO|2024-09-25 14:00:04: Epoch[043/100], iter[235/392], loss_total:0.07049, loss_equ:0.15041 loss_pq_vm:0.00124 loss_pq_va:0.02171 loss_pv_va:0.02138
INFO|2024-09-25 14:00:16: Epoch[043/100], iter[274/392], loss_total:0.08223, loss_equ:0.14692 loss_pq_vm:0.00116 loss_pq_va:0.02810 loss_pv_va:0.02784
INFO|2024-09-25 14:00:28: Epoch[043/100], iter[313/392], loss_total:0.06652, loss_equ:0.15167 loss_pq_vm:0.00116 loss_pq_va:0.02000 loss_pv_va:0.01977
INFO|2024-09-25 14:00:41: Epoch[043/100], iter[352/392], loss_total:0.06591, loss_equ:0.14781 loss_pq_vm:0.00112 loss_pq_va:0.02023 loss_pv_va:0.01969
INFO|2024-09-25 14:00:53: Epoch[043/100], iter[392/392], loss_total:0.06758, loss_equ:0.14888 loss_pq_vm:0.00121 loss_pq_va:0.02038 loss_pv_va:0.02019
INFO|2024-09-25 14:01:44: Epoch 42/100, lr:  0.00061298, eta: 2.78h, train_loss:  0.07132, valid_loss:  0.07925
INFO|2024-09-25 14:01:44: 	Train: PQ_Vm_rmse: 0.00174084  PQ_Va_rmse: 0.03155724  PV_Va_rmse: 0.03025406  delta_p: 0.09776992  delta_q: 0.02867585  
INFO|2024-09-25 14:01:44: 	ZTest: PQ_Vm_rmse: 0.00179298  PQ_Va_rmse: 0.03963871  PV_Va_rmse: 0.03787264  delta_p: 0.10755173  delta_q: 0.02896542  
INFO|2024-09-25 14:01:44: 	ZTest-ema: PQ_Vm_rmse: 0.001723  PQ_Va_rmse: 0.039281  PV_Va_rmse: 0.037368  delta_p: 0.102928  delta_q: 0.027850  
INFO|2024-09-25 14:01:44: 	           ValOfEMA:0.039281/0.039281,  Epoch:43/43
INFO|2024-09-25 14:01:45: 	Time(ep):175s,  Val(curr/best):0.039639/0.039639,  Epoch(curr/best):43/43
INFO|2024-09-25 14:01:45: -------------------- Epoch: 44 --------------------
INFO|2024-09-25 14:01:59: Epoch[044/100], iter[040/392], loss_total:0.07028, loss_equ:0.14814 loss_pq_vm:0.00120 loss_pq_va:0.02211 loss_pv_va:0.02134
INFO|2024-09-25 14:02:11: Epoch[044/100], iter[079/392], loss_total:0.07403, loss_equ:0.14186 loss_pq_vm:0.00116 loss_pq_va:0.02447 loss_pv_va:0.02374
INFO|2024-09-25 14:02:23: Epoch[044/100], iter[118/392], loss_total:0.07001, loss_equ:0.15436 loss_pq_vm:0.00117 loss_pq_va:0.02181 loss_pv_va:0.02106
INFO|2024-09-25 14:02:35: Epoch[044/100], iter[157/392], loss_total:0.07612, loss_equ:0.16457 loss_pq_vm:0.00115 loss_pq_va:0.02406 loss_pv_va:0.02407
INFO|2024-09-25 14:02:48: Epoch[044/100], iter[196/392], loss_total:0.06779, loss_equ:0.14470 loss_pq_vm:0.00112 loss_pq_va:0.02130 loss_pv_va:0.02083
INFO|2024-09-25 14:03:00: Epoch[044/100], iter[235/392], loss_total:0.06577, loss_equ:0.14642 loss_pq_vm:0.00115 loss_pq_va:0.01990 loss_pv_va:0.01974
INFO|2024-09-25 14:03:12: Epoch[044/100], iter[274/392], loss_total:0.07191, loss_equ:0.14563 loss_pq_vm:0.00112 loss_pq_va:0.02325 loss_pv_va:0.02285
INFO|2024-09-25 14:03:25: Epoch[044/100], iter[313/392], loss_total:0.07246, loss_equ:0.14660 loss_pq_vm:0.00116 loss_pq_va:0.02298 loss_pv_va:0.02325
INFO|2024-09-25 14:03:37: Epoch[044/100], iter[352/392], loss_total:0.06566, loss_equ:0.14571 loss_pq_vm:0.00112 loss_pq_va:0.01996 loss_pv_va:0.01991
INFO|2024-09-25 14:03:50: Epoch[044/100], iter[392/392], loss_total:0.06598, loss_equ:0.14746 loss_pq_vm:0.00109 loss_pq_va:0.02035 loss_pv_va:0.01996
INFO|2024-09-25 14:04:37: Epoch 43/100, lr:  0.00059775, eta: 2.67h, train_loss:  0.06967, valid_loss:  0.07882
INFO|2024-09-25 14:04:37: 	Train: PQ_Vm_rmse: 0.00158382  PQ_Va_rmse: 0.03153313  PV_Va_rmse: 0.03016593  delta_p: 0.09733262  delta_q: 0.02694412  
INFO|2024-09-25 14:04:37: 	ZTest: PQ_Vm_rmse: 0.00176447  PQ_Va_rmse: 0.03946776  PV_Va_rmse: 0.03768687  delta_p: 0.10690582  delta_q: 0.02864355  
INFO|2024-09-25 14:04:37: 	ZTest-ema: PQ_Vm_rmse: 0.001699  PQ_Va_rmse: 0.039080  PV_Va_rmse: 0.037197  delta_p: 0.102689  delta_q: 0.027632  
INFO|2024-09-25 14:04:37: 	           ValOfEMA:0.039080/0.039080,  Epoch:44/44
INFO|2024-09-25 14:04:38: 	Time(ep):171s,  Val(curr/best):0.039468/0.039468,  Epoch(curr/best):44/44
INFO|2024-09-25 14:04:38: -------------------- Epoch: 45 --------------------
INFO|2024-09-25 14:04:52: Epoch[045/100], iter[040/392], loss_total:0.07522, loss_equ:0.14791 loss_pq_vm:0.00120 loss_pq_va:0.02441 loss_pv_va:0.02400
INFO|2024-09-25 14:05:04: Epoch[045/100], iter[079/392], loss_total:0.07137, loss_equ:0.14990 loss_pq_vm:0.00120 loss_pq_va:0.02218 loss_pv_va:0.02218
INFO|2024-09-25 14:05:16: Epoch[045/100], iter[118/392], loss_total:0.07022, loss_equ:0.14332 loss_pq_vm:0.00115 loss_pq_va:0.02256 loss_pv_va:0.02185
INFO|2024-09-25 14:05:28: Epoch[045/100], iter[157/392], loss_total:0.07107, loss_equ:0.16934 loss_pq_vm:0.00157 loss_pq_va:0.01944 loss_pv_va:0.01899
INFO|2024-09-25 14:05:39: Epoch[045/100], iter[196/392], loss_total:0.07227, loss_equ:0.14512 loss_pq_vm:0.00113 loss_pq_va:0.02349 loss_pv_va:0.02293
INFO|2024-09-25 14:05:51: Epoch[045/100], iter[235/392], loss_total:0.06399, loss_equ:0.14573 loss_pq_vm:0.00112 loss_pq_va:0.01928 loss_pv_va:0.01896
INFO|2024-09-25 14:06:02: Epoch[045/100], iter[274/392], loss_total:0.07358, loss_equ:0.14719 loss_pq_vm:0.00129 loss_pq_va:0.02306 loss_pv_va:0.02286
INFO|2024-09-25 14:06:14: Epoch[045/100], iter[313/392], loss_total:0.06615, loss_equ:0.14685 loss_pq_vm:0.00108 loss_pq_va:0.02068 loss_pv_va:0.01997
INFO|2024-09-25 14:06:25: Epoch[045/100], iter[352/392], loss_total:0.06328, loss_equ:0.14449 loss_pq_vm:0.00107 loss_pq_va:0.01928 loss_pv_va:0.01882
INFO|2024-09-25 14:06:37: Epoch[045/100], iter[392/392], loss_total:0.06891, loss_equ:0.15060 loss_pq_vm:0.00135 loss_pq_va:0.02033 loss_pv_va:0.02007
INFO|2024-09-25 14:07:25: Epoch 44/100, lr:  0.00058244, eta: 2.54h, train_loss:  0.06937, valid_loss:  0.08279
INFO|2024-09-25 14:07:25: 	Train: PQ_Vm_rmse: 0.00163285  PQ_Va_rmse: 0.03096898  PV_Va_rmse: 0.02967901  delta_p: 0.09770882  delta_q: 0.02754416  
INFO|2024-09-25 14:07:25: 	ZTest: PQ_Vm_rmse: 0.00208823  PQ_Va_rmse: 0.03961568  PV_Va_rmse: 0.03782641  delta_p: 0.10925253  delta_q: 0.03228954  
INFO|2024-09-25 14:07:25: 	ZTest-ema: PQ_Vm_rmse: 0.001683  PQ_Va_rmse: 0.038908  PV_Va_rmse: 0.037048  delta_p: 0.102622  delta_q: 0.027505  
INFO|2024-09-25 14:07:25: 	           ValOfEMA:0.038908/0.038908,  Epoch:45/45
INFO|2024-09-25 14:07:25: 	Time(ep):166s,  Val(curr/best):0.039616/0.039468,  Epoch(curr/best):45/44
INFO|2024-09-25 14:07:25: -------------------- Epoch: 46 --------------------
INFO|2024-09-25 14:07:39: Epoch[046/100], iter[040/392], loss_total:0.06399, loss_equ:0.14462 loss_pq_vm:0.00110 loss_pq_va:0.01957 loss_pv_va:0.01896
INFO|2024-09-25 14:07:50: Epoch[046/100], iter[079/392], loss_total:0.08187, loss_equ:0.14604 loss_pq_vm:0.00118 loss_pq_va:0.02771 loss_pv_va:0.02778
INFO|2024-09-25 14:08:02: Epoch[046/100], iter[118/392], loss_total:0.07507, loss_equ:0.15643 loss_pq_vm:0.00151 loss_pq_va:0.02222 loss_pv_va:0.02214
INFO|2024-09-25 14:08:14: Epoch[046/100], iter[157/392], loss_total:0.06639, loss_equ:0.14107 loss_pq_vm:0.00109 loss_pq_va:0.02090 loss_pv_va:0.02045
INFO|2024-09-25 14:08:25: Epoch[046/100], iter[196/392], loss_total:0.07040, loss_equ:0.14512 loss_pq_vm:0.00117 loss_pq_va:0.02221 loss_pv_va:0.02201
INFO|2024-09-25 14:08:37: Epoch[046/100], iter[235/392], loss_total:0.06869, loss_equ:0.14746 loss_pq_vm:0.00108 loss_pq_va:0.02184 loss_pv_va:0.02127
INFO|2024-09-25 14:08:48: Epoch[046/100], iter[274/392], loss_total:0.06936, loss_equ:0.14494 loss_pq_vm:0.00113 loss_pq_va:0.02195 loss_pv_va:0.02158
INFO|2024-09-25 14:09:00: Epoch[046/100], iter[313/392], loss_total:0.06773, loss_equ:0.14839 loss_pq_vm:0.00124 loss_pq_va:0.02047 loss_pv_va:0.02006
INFO|2024-09-25 14:09:11: Epoch[046/100], iter[352/392], loss_total:0.11091, loss_equ:0.15878 loss_pq_vm:0.00154 loss_pq_va:0.04075 loss_pv_va:0.03891
INFO|2024-09-25 14:09:23: Epoch[046/100], iter[392/392], loss_total:0.06415, loss_equ:0.14527 loss_pq_vm:0.00109 loss_pq_va:0.01951 loss_pv_va:0.01920
INFO|2024-09-25 14:10:12: Epoch 45/100, lr:  0.00056704, eta: 2.5h, train_loss:  0.07033, valid_loss:  0.08911
INFO|2024-09-25 14:10:12: 	Train: PQ_Vm_rmse: 0.00164663  PQ_Va_rmse: 0.03141641  PV_Va_rmse: 0.03016710  delta_p: 0.09667589  delta_q: 0.02757431  
INFO|2024-09-25 14:10:12: 	ZTest: PQ_Vm_rmse: 0.00172828  PQ_Va_rmse: 0.04483123  PV_Va_rmse: 0.04256571  delta_p: 0.11717053  delta_q: 0.02887770  
INFO|2024-09-25 14:10:12: 	ZTest-ema: PQ_Vm_rmse: 0.001674  PQ_Va_rmse: 0.039027  PV_Va_rmse: 0.037168  delta_p: 0.101525  delta_q: 0.027302  
INFO|2024-09-25 14:10:12: 	           ValOfEMA:0.039027/0.038908,  Epoch:46/45
INFO|2024-09-25 14:10:13: 	Time(ep):166s,  Val(curr/best):0.044831/0.039468,  Epoch(curr/best):46/44
INFO|2024-09-25 14:10:13: -------------------- Epoch: 47 --------------------
INFO|2024-09-25 14:10:26: Epoch[047/100], iter[040/392], loss_total:0.06402, loss_equ:0.14383 loss_pq_vm:0.00110 loss_pq_va:0.01957 loss_pv_va:0.01910
INFO|2024-09-25 14:10:38: Epoch[047/100], iter[079/392], loss_total:0.06422, loss_equ:0.14233 loss_pq_vm:0.00110 loss_pq_va:0.01962 loss_pv_va:0.01935
INFO|2024-09-25 14:10:49: Epoch[047/100], iter[118/392], loss_total:0.06294, loss_equ:0.14237 loss_pq_vm:0.00107 loss_pq_va:0.01917 loss_pv_va:0.01880
INFO|2024-09-25 14:11:01: Epoch[047/100], iter[157/392], loss_total:0.06648, loss_equ:0.14356 loss_pq_vm:0.00114 loss_pq_va:0.02056 loss_pv_va:0.02013
INFO|2024-09-25 14:11:12: Epoch[047/100], iter[196/392], loss_total:0.07031, loss_equ:0.15034 loss_pq_vm:0.00158 loss_pq_va:0.01995 loss_pv_va:0.01951
INFO|2024-09-25 14:11:24: Epoch[047/100], iter[235/392], loss_total:0.06256, loss_equ:0.14226 loss_pq_vm:0.00109 loss_pq_va:0.01890 loss_pv_va:0.01849
INFO|2024-09-25 14:11:36: Epoch[047/100], iter[274/392], loss_total:0.06563, loss_equ:0.14160 loss_pq_vm:0.00110 loss_pq_va:0.02043 loss_pv_va:0.02005
INFO|2024-09-25 14:11:47: Epoch[047/100], iter[313/392], loss_total:0.06475, loss_equ:0.14056 loss_pq_vm:0.00108 loss_pq_va:0.02019 loss_pv_va:0.01965
INFO|2024-09-25 14:11:59: Epoch[047/100], iter[352/392], loss_total:0.06539, loss_equ:0.14331 loss_pq_vm:0.00108 loss_pq_va:0.02042 loss_pv_va:0.01983
INFO|2024-09-25 14:12:11: Epoch[047/100], iter[392/392], loss_total:0.06485, loss_equ:0.14377 loss_pq_vm:0.00107 loss_pq_va:0.01994 loss_pv_va:0.01985
INFO|2024-09-25 14:12:59: Epoch 46/100, lr:  0.00055158, eta: 2.45h, train_loss:  0.06660, valid_loss:  0.07912
INFO|2024-09-25 14:12:59: 	Train: PQ_Vm_rmse: 0.00154553  PQ_Va_rmse: 0.02998619  PV_Va_rmse: 0.02872980  delta_p: 0.09468405  delta_q: 0.02652807  
INFO|2024-09-25 14:12:59: 	ZTest: PQ_Vm_rmse: 0.00170594  PQ_Va_rmse: 0.03956431  PV_Va_rmse: 0.03776056  delta_p: 0.10642893  delta_q: 0.02902327  
INFO|2024-09-25 14:12:59: 	ZTest-ema: PQ_Vm_rmse: 0.001652  PQ_Va_rmse: 0.038575  PV_Va_rmse: 0.036738  delta_p: 0.102245  delta_q: 0.027220  
INFO|2024-09-25 14:12:59: 	           ValOfEMA:0.038575/0.038575,  Epoch:47/47
INFO|2024-09-25 14:13:00: 	Time(ep):166s,  Val(curr/best):0.039564/0.039468,  Epoch(curr/best):47/44
INFO|2024-09-25 14:13:00: -------------------- Epoch: 48 --------------------
INFO|2024-09-25 14:13:13: Epoch[048/100], iter[040/392], loss_total:0.06905, loss_equ:0.14947 loss_pq_vm:0.00134 loss_pq_va:0.02074 loss_pv_va:0.01996
INFO|2024-09-25 14:13:25: Epoch[048/100], iter[079/392], loss_total:0.07531, loss_equ:0.14707 loss_pq_vm:0.00117 loss_pq_va:0.02489 loss_pv_va:0.02397
INFO|2024-09-25 14:13:36: Epoch[048/100], iter[118/392], loss_total:0.07017, loss_equ:0.14488 loss_pq_vm:0.00139 loss_pq_va:0.02099 loss_pv_va:0.02084
INFO|2024-09-25 14:13:48: Epoch[048/100], iter[157/392], loss_total:0.06222, loss_equ:0.14167 loss_pq_vm:0.00107 loss_pq_va:0.01891 loss_pv_va:0.01842
INFO|2024-09-25 14:13:59: Epoch[048/100], iter[196/392], loss_total:0.06455, loss_equ:0.14118 loss_pq_vm:0.00113 loss_pq_va:0.01977 loss_pv_va:0.01938
INFO|2024-09-25 14:14:11: Epoch[048/100], iter[235/392], loss_total:0.07384, loss_equ:0.14485 loss_pq_vm:0.00111 loss_pq_va:0.02434 loss_pv_va:0.02390
INFO|2024-09-25 14:14:22: Epoch[048/100], iter[274/392], loss_total:0.06361, loss_equ:0.14040 loss_pq_vm:0.00108 loss_pq_va:0.01959 loss_pv_va:0.01918
INFO|2024-09-25 14:14:34: Epoch[048/100], iter[313/392], loss_total:0.06469, loss_equ:0.14258 loss_pq_vm:0.00106 loss_pq_va:0.02012 loss_pv_va:0.01972
INFO|2024-09-25 14:14:45: Epoch[048/100], iter[352/392], loss_total:0.06944, loss_equ:0.14419 loss_pq_vm:0.00107 loss_pq_va:0.02238 loss_pv_va:0.02196
INFO|2024-09-25 14:14:57: Epoch[048/100], iter[392/392], loss_total:0.06764, loss_equ:0.15000 loss_pq_vm:0.00137 loss_pq_va:0.01970 loss_pv_va:0.01924
INFO|2024-09-25 14:15:46: Epoch 47/100, lr:  0.00053608, eta: 2.4h, train_loss:  0.06700, valid_loss:  0.07921
INFO|2024-09-25 14:15:46: 	Train: PQ_Vm_rmse: 0.00155179  PQ_Va_rmse: 0.03015249  PV_Va_rmse: 0.02888999  delta_p: 0.09452971  delta_q: 0.02654663  
INFO|2024-09-25 14:15:46: 	ZTest: PQ_Vm_rmse: 0.00181446  PQ_Va_rmse: 0.03895793  PV_Va_rmse: 0.03710746  delta_p: 0.10910239  delta_q: 0.02943306  
INFO|2024-09-25 14:15:46: 	ZTest-ema: PQ_Vm_rmse: 0.001634  PQ_Va_rmse: 0.038460  PV_Va_rmse: 0.036642  delta_p: 0.101725  delta_q: 0.027018  
INFO|2024-09-25 14:15:46: 	           ValOfEMA:0.038460/0.038460,  Epoch:48/48
INFO|2024-09-25 14:15:47: 	Time(ep):165s,  Val(curr/best):0.038958/0.038958,  Epoch(curr/best):48/48
INFO|2024-09-25 14:15:47: -------------------- Epoch: 49 --------------------
INFO|2024-09-25 14:16:00: Epoch[049/100], iter[040/392], loss_total:0.06996, loss_equ:0.15894 loss_pq_vm:0.00109 loss_pq_va:0.02193 loss_pv_va:0.02122
INFO|2024-09-25 14:16:12: Epoch[049/100], iter[079/392], loss_total:0.06301, loss_equ:0.14318 loss_pq_vm:0.00109 loss_pq_va:0.01928 loss_pv_va:0.01850
INFO|2024-09-25 14:16:24: Epoch[049/100], iter[118/392], loss_total:0.06890, loss_equ:0.14201 loss_pq_vm:0.00126 loss_pq_va:0.02101 loss_pv_va:0.02109
INFO|2024-09-25 14:16:35: Epoch[049/100], iter[157/392], loss_total:0.06824, loss_equ:0.13922 loss_pq_vm:0.00115 loss_pq_va:0.02156 loss_pv_va:0.02122
INFO|2024-09-25 14:16:47: Epoch[049/100], iter[196/392], loss_total:0.06601, loss_equ:0.14320 loss_pq_vm:0.00110 loss_pq_va:0.02062 loss_pv_va:0.02009
INFO|2024-09-25 14:16:58: Epoch[049/100], iter[235/392], loss_total:0.06417, loss_equ:0.14154 loss_pq_vm:0.00108 loss_pq_va:0.01985 loss_pv_va:0.01935
INFO|2024-09-25 14:17:10: Epoch[049/100], iter[274/392], loss_total:0.06430, loss_equ:0.14267 loss_pq_vm:0.00106 loss_pq_va:0.02000 loss_pv_va:0.01941
INFO|2024-09-25 14:17:21: Epoch[049/100], iter[313/392], loss_total:0.06239, loss_equ:0.14065 loss_pq_vm:0.00105 loss_pq_va:0.01910 loss_pv_va:0.01877
INFO|2024-09-25 14:17:33: Epoch[049/100], iter[352/392], loss_total:0.06822, loss_equ:0.14521 loss_pq_vm:0.00117 loss_pq_va:0.02116 loss_pv_va:0.02083
INFO|2024-09-25 14:17:45: Epoch[049/100], iter[392/392], loss_total:0.06541, loss_equ:0.14257 loss_pq_vm:0.00109 loss_pq_va:0.02051 loss_pv_va:0.01974
INFO|2024-09-25 14:18:31: Epoch 48/100, lr:  0.00052055, eta: 2.32h, train_loss:  0.06651, valid_loss:  0.08309
INFO|2024-09-25 14:18:31: 	Train: PQ_Vm_rmse: 0.00154085  PQ_Va_rmse: 0.02991727  PV_Va_rmse: 0.02864072  delta_p: 0.09442512  delta_q: 0.02633814  
INFO|2024-09-25 14:18:31: 	ZTest: PQ_Vm_rmse: 0.00202677  PQ_Va_rmse: 0.04067312  PV_Va_rmse: 0.03875947  delta_p: 0.10627173  delta_q: 0.03096925  
INFO|2024-09-25 14:18:31: 	ZTest-ema: PQ_Vm_rmse: 0.001619  PQ_Va_rmse: 0.038408  PV_Va_rmse: 0.036597  delta_p: 0.101243  delta_q: 0.026839  
INFO|2024-09-25 14:18:31: 	           ValOfEMA:0.038408/0.038408,  Epoch:49/49
INFO|2024-09-25 14:18:32: 	Time(ep):163s,  Val(curr/best):0.040673/0.038958,  Epoch(curr/best):49/48
INFO|2024-09-25 14:18:32: -------------------- Epoch: 50 --------------------
INFO|2024-09-25 14:18:45: Epoch[050/100], iter[040/392], loss_total:0.06689, loss_equ:0.14138 loss_pq_vm:0.00109 loss_pq_va:0.02097 loss_pv_va:0.02083
INFO|2024-09-25 14:18:57: Epoch[050/100], iter[079/392], loss_total:0.07178, loss_equ:0.16189 loss_pq_vm:0.00134 loss_pq_va:0.02153 loss_pv_va:0.02062
INFO|2024-09-25 14:19:08: Epoch[050/100], iter[118/392], loss_total:0.06518, loss_equ:0.13974 loss_pq_vm:0.00106 loss_pq_va:0.02050 loss_pv_va:0.02007
INFO|2024-09-25 14:19:20: Epoch[050/100], iter[157/392], loss_total:0.06322, loss_equ:0.14244 loss_pq_vm:0.00110 loss_pq_va:0.01910 loss_pv_va:0.01891
INFO|2024-09-25 14:19:31: Epoch[050/100], iter[196/392], loss_total:0.06583, loss_equ:0.13891 loss_pq_vm:0.00105 loss_pq_va:0.02104 loss_pv_va:0.02038
INFO|2024-09-25 14:19:43: Epoch[050/100], iter[235/392], loss_total:0.06311, loss_equ:0.14232 loss_pq_vm:0.00106 loss_pq_va:0.01919 loss_pv_va:0.01908
INFO|2024-09-25 14:19:55: Epoch[050/100], iter[274/392], loss_total:0.06370, loss_equ:0.14201 loss_pq_vm:0.00105 loss_pq_va:0.01966 loss_pv_va:0.01939
INFO|2024-09-25 14:20:06: Epoch[050/100], iter[313/392], loss_total:0.07142, loss_equ:0.14426 loss_pq_vm:0.00114 loss_pq_va:0.02302 loss_pv_va:0.02253
INFO|2024-09-25 14:20:18: Epoch[050/100], iter[352/392], loss_total:0.06315, loss_equ:0.14187 loss_pq_vm:0.00106 loss_pq_va:0.01932 loss_pv_va:0.01905
INFO|2024-09-25 14:20:30: Epoch[050/100], iter[392/392], loss_total:0.06150, loss_equ:0.13773 loss_pq_vm:0.00106 loss_pq_va:0.01871 loss_pv_va:0.01840
INFO|2024-09-25 14:21:17: Epoch 49/100, lr:  0.00050500, eta: 2.29h, train_loss:  0.06529, valid_loss:  0.07676
INFO|2024-09-25 14:21:17: 	Train: PQ_Vm_rmse: 0.00150948  PQ_Va_rmse: 0.02937984  PV_Va_rmse: 0.02813516  delta_p: 0.09365282  delta_q: 0.02617288  
INFO|2024-09-25 14:21:17: 	ZTest: PQ_Vm_rmse: 0.00163412  PQ_Va_rmse: 0.03856984  PV_Va_rmse: 0.03680208  delta_p: 0.10536216  delta_q: 0.02751759  
INFO|2024-09-25 14:21:17: 	ZTest-ema: PQ_Vm_rmse: 0.001603  PQ_Va_rmse: 0.038180  PV_Va_rmse: 0.036395  delta_p: 0.101298  delta_q: 0.026716  
INFO|2024-09-25 14:21:17: 	           ValOfEMA:0.038180/0.038180,  Epoch:50/50
INFO|2024-09-25 14:21:18: 	Time(ep):164s,  Val(curr/best):0.038570/0.038570,  Epoch(curr/best):50/50
INFO|2024-09-25 14:21:18: -------------------- Epoch: 51 --------------------
INFO|2024-09-25 14:21:31: Epoch[051/100], iter[040/392], loss_total:0.06419, loss_equ:0.14474 loss_pq_vm:0.00130 loss_pq_va:0.01851 loss_pv_va:0.01820
INFO|2024-09-25 14:21:43: Epoch[051/100], iter[079/392], loss_total:0.06608, loss_equ:0.13618 loss_pq_vm:0.00102 loss_pq_va:0.02132 loss_pv_va:0.02096
INFO|2024-09-25 14:21:55: Epoch[051/100], iter[118/392], loss_total:0.06707, loss_equ:0.13974 loss_pq_vm:0.00110 loss_pq_va:0.02137 loss_pv_va:0.02072
INFO|2024-09-25 14:22:06: Epoch[051/100], iter[157/392], loss_total:0.06648, loss_equ:0.14127 loss_pq_vm:0.00105 loss_pq_va:0.02113 loss_pv_va:0.02073
INFO|2024-09-25 14:22:18: Epoch[051/100], iter[196/392], loss_total:0.06342, loss_equ:0.14072 loss_pq_vm:0.00102 loss_pq_va:0.01988 loss_pv_va:0.01928
INFO|2024-09-25 14:22:29: Epoch[051/100], iter[235/392], loss_total:0.06483, loss_equ:0.14073 loss_pq_vm:0.00105 loss_pq_va:0.02023 loss_pv_va:0.02007
INFO|2024-09-25 14:22:41: Epoch[051/100], iter[274/392], loss_total:0.06536, loss_equ:0.13889 loss_pq_vm:0.00103 loss_pq_va:0.02074 loss_pv_va:0.02046
INFO|2024-09-25 14:22:52: Epoch[051/100], iter[313/392], loss_total:0.06433, loss_equ:0.13804 loss_pq_vm:0.00105 loss_pq_va:0.02037 loss_pv_va:0.01971
INFO|2024-09-25 14:23:04: Epoch[051/100], iter[352/392], loss_total:0.06550, loss_equ:0.14364 loss_pq_vm:0.00111 loss_pq_va:0.02032 loss_pv_va:0.01969
INFO|2024-09-25 14:23:16: Epoch[051/100], iter[392/392], loss_total:0.06942, loss_equ:0.14024 loss_pq_vm:0.00115 loss_pq_va:0.02218 loss_pv_va:0.02173
INFO|2024-09-25 14:24:03: Epoch 50/100, lr:  0.00048945, eta: 2.25h, train_loss:  0.06486, valid_loss:  0.08207
INFO|2024-09-25 14:24:03: 	Train: PQ_Vm_rmse: 0.00150121  PQ_Va_rmse: 0.02920415  PV_Va_rmse: 0.02798328  delta_p: 0.09248951  delta_q: 0.02591291  
INFO|2024-09-25 14:24:03: 	ZTest: PQ_Vm_rmse: 0.00178240  PQ_Va_rmse: 0.04030850  PV_Va_rmse: 0.03851028  delta_p: 0.10610625  delta_q: 0.02876253  
INFO|2024-09-25 14:24:03: 	ZTest-ema: PQ_Vm_rmse: 0.001586  PQ_Va_rmse: 0.038077  PV_Va_rmse: 0.036311  delta_p: 0.101063  delta_q: 0.026533  
INFO|2024-09-25 14:24:03: 	           ValOfEMA:0.038077/0.038077,  Epoch:51/51
INFO|2024-09-25 14:24:04: 	Time(ep):164s,  Val(curr/best):0.040308/0.038570,  Epoch(curr/best):51/50
INFO|2024-09-25 14:24:04: -------------------- Epoch: 52 --------------------
INFO|2024-09-25 14:24:17: Epoch[052/100], iter[040/392], loss_total:0.06812, loss_equ:0.14384 loss_pq_vm:0.00110 loss_pq_va:0.02157 loss_pv_va:0.02113
INFO|2024-09-25 14:24:29: Epoch[052/100], iter[079/392], loss_total:0.06597, loss_equ:0.14572 loss_pq_vm:0.00112 loss_pq_va:0.02036 loss_pv_va:0.01984
INFO|2024-09-25 14:24:40: Epoch[052/100], iter[118/392], loss_total:0.07170, loss_equ:0.14521 loss_pq_vm:0.00105 loss_pq_va:0.02371 loss_pv_va:0.02298
INFO|2024-09-25 14:24:52: Epoch[052/100], iter[157/392], loss_total:0.06654, loss_equ:0.15613 loss_pq_vm:0.00114 loss_pq_va:0.02017 loss_pv_va:0.01939
INFO|2024-09-25 14:25:03: Epoch[052/100], iter[196/392], loss_total:0.06401, loss_equ:0.15181 loss_pq_vm:0.00103 loss_pq_va:0.01956 loss_pv_va:0.01899
INFO|2024-09-25 14:25:15: Epoch[052/100], iter[235/392], loss_total:0.06654, loss_equ:0.14530 loss_pq_vm:0.00122 loss_pq_va:0.02031 loss_pv_va:0.01954
INFO|2024-09-25 14:25:26: Epoch[052/100], iter[274/392], loss_total:0.06944, loss_equ:0.14076 loss_pq_vm:0.00105 loss_pq_va:0.02268 loss_pv_va:0.02216
INFO|2024-09-25 14:25:38: Epoch[052/100], iter[313/392], loss_total:0.05832, loss_equ:0.13639 loss_pq_vm:0.00100 loss_pq_va:0.01739 loss_pv_va:0.01729
INFO|2024-09-25 14:25:49: Epoch[052/100], iter[352/392], loss_total:0.06400, loss_equ:0.14093 loss_pq_vm:0.00104 loss_pq_va:0.01988 loss_pv_va:0.01961
INFO|2024-09-25 14:26:01: Epoch[052/100], iter[392/392], loss_total:0.06813, loss_equ:0.15284 loss_pq_vm:0.00121 loss_pq_va:0.02037 loss_pv_va:0.02039
INFO|2024-09-25 14:26:49: Epoch 51/100, lr:  0.00047392, eta: 2.21h, train_loss:  0.06582, valid_loss:  0.07772
INFO|2024-09-25 14:26:49: 	Train: PQ_Vm_rmse: 0.00153249  PQ_Va_rmse: 0.02941842  PV_Va_rmse: 0.02814654  delta_p: 0.09484194  delta_q: 0.02628255  
INFO|2024-09-25 14:26:49: 	ZTest: PQ_Vm_rmse: 0.00164371  PQ_Va_rmse: 0.03839475  PV_Va_rmse: 0.03670287  delta_p: 0.11191600  delta_q: 0.02787627  
INFO|2024-09-25 14:26:49: 	ZTest-ema: PQ_Vm_rmse: 0.001579  PQ_Va_rmse: 0.038065  PV_Va_rmse: 0.036299  delta_p: 0.100612  delta_q: 0.026421  
INFO|2024-09-25 14:26:49: 	           ValOfEMA:0.038065/0.038065,  Epoch:52/52
INFO|2024-09-25 14:26:51: 	Time(ep):165s,  Val(curr/best):0.038395/0.038395,  Epoch(curr/best):52/52
INFO|2024-09-25 14:26:51: -------------------- Epoch: 53 --------------------
INFO|2024-09-25 14:27:04: Epoch[053/100], iter[040/392], loss_total:0.06820, loss_equ:0.14157 loss_pq_vm:0.00113 loss_pq_va:0.02140 loss_pv_va:0.02132
INFO|2024-09-25 14:27:15: Epoch[053/100], iter[079/392], loss_total:0.06105, loss_equ:0.13621 loss_pq_vm:0.00112 loss_pq_va:0.01822 loss_pv_va:0.01800
INFO|2024-09-25 14:27:27: Epoch[053/100], iter[118/392], loss_total:0.06212, loss_equ:0.13767 loss_pq_vm:0.00106 loss_pq_va:0.01914 loss_pv_va:0.01866
INFO|2024-09-25 14:27:39: Epoch[053/100], iter[157/392], loss_total:0.06274, loss_equ:0.13658 loss_pq_vm:0.00100 loss_pq_va:0.01990 loss_pv_va:0.01917
INFO|2024-09-25 14:27:50: Epoch[053/100], iter[196/392], loss_total:0.06620, loss_equ:0.13602 loss_pq_vm:0.00105 loss_pq_va:0.02112 loss_pv_va:0.02093
INFO|2024-09-25 14:28:02: Epoch[053/100], iter[235/392], loss_total:0.06920, loss_equ:0.14432 loss_pq_vm:0.00121 loss_pq_va:0.02173 loss_pv_va:0.02098
INFO|2024-09-25 14:28:14: Epoch[053/100], iter[274/392], loss_total:0.06940, loss_equ:0.14268 loss_pq_vm:0.00128 loss_pq_va:0.02160 loss_pv_va:0.02075
INFO|2024-09-25 14:28:25: Epoch[053/100], iter[313/392], loss_total:0.06242, loss_equ:0.13748 loss_pq_vm:0.00104 loss_pq_va:0.01931 loss_pv_va:0.01894
INFO|2024-09-25 14:28:37: Epoch[053/100], iter[352/392], loss_total:0.06285, loss_equ:0.13669 loss_pq_vm:0.00111 loss_pq_va:0.01932 loss_pv_va:0.01881
INFO|2024-09-25 14:28:48: Epoch[053/100], iter[392/392], loss_total:0.06407, loss_equ:0.13989 loss_pq_vm:0.00108 loss_pq_va:0.01992 loss_pv_va:0.01934
INFO|2024-09-25 14:29:37: Epoch 52/100, lr:  0.00045842, eta: 2.17h, train_loss:  0.06474, valid_loss:  0.07865
INFO|2024-09-25 14:29:37: 	Train: PQ_Vm_rmse: 0.00151821  PQ_Va_rmse: 0.02893917  PV_Va_rmse: 0.02777353  delta_p: 0.09246662  delta_q: 0.02594468  
INFO|2024-09-25 14:29:37: 	ZTest: PQ_Vm_rmse: 0.00165051  PQ_Va_rmse: 0.03962322  PV_Va_rmse: 0.03805983  delta_p: 0.10355247  delta_q: 0.02765244  
INFO|2024-09-25 14:29:37: 	ZTest-ema: PQ_Vm_rmse: 0.001570  PQ_Va_rmse: 0.037983  PV_Va_rmse: 0.036246  delta_p: 0.100422  delta_q: 0.026318  
INFO|2024-09-25 14:29:37: 	           ValOfEMA:0.037983/0.037983,  Epoch:53/53
INFO|2024-09-25 14:29:38: 	Time(ep):166s,  Val(curr/best):0.039623/0.038395,  Epoch(curr/best):53/52
INFO|2024-09-25 14:29:38: -------------------- Epoch: 54 --------------------
INFO|2024-09-25 14:29:51: Epoch[054/100], iter[040/392], loss_total:0.06660, loss_equ:0.13736 loss_pq_vm:0.00101 loss_pq_va:0.02148 loss_pv_va:0.02130
INFO|2024-09-25 14:30:03: Epoch[054/100], iter[079/392], loss_total:0.06126, loss_equ:0.13595 loss_pq_vm:0.00103 loss_pq_va:0.01880 loss_pv_va:0.01853
INFO|2024-09-25 14:30:15: Epoch[054/100], iter[118/392], loss_total:0.06829, loss_equ:0.13863 loss_pq_vm:0.00117 loss_pq_va:0.02143 loss_pv_va:0.02126
INFO|2024-09-25 14:30:26: Epoch[054/100], iter[157/392], loss_total:0.06356, loss_equ:0.13780 loss_pq_vm:0.00104 loss_pq_va:0.02006 loss_pv_va:0.01931
INFO|2024-09-25 14:30:37: Epoch[054/100], iter[196/392], loss_total:0.06828, loss_equ:0.13760 loss_pq_vm:0.00100 loss_pq_va:0.02257 loss_pv_va:0.02199
INFO|2024-09-25 14:30:49: Epoch[054/100], iter[235/392], loss_total:0.06354, loss_equ:0.13604 loss_pq_vm:0.00100 loss_pq_va:0.02015 loss_pv_va:0.01977
INFO|2024-09-25 14:31:01: Epoch[054/100], iter[274/392], loss_total:0.05959, loss_equ:0.13178 loss_pq_vm:0.00102 loss_pq_va:0.01830 loss_pv_va:0.01794
INFO|2024-09-25 14:31:12: Epoch[054/100], iter[313/392], loss_total:0.06281, loss_equ:0.13706 loss_pq_vm:0.00100 loss_pq_va:0.01976 loss_pv_va:0.01935
INFO|2024-09-25 14:31:23: Epoch[054/100], iter[352/392], loss_total:0.06362, loss_equ:0.13875 loss_pq_vm:0.00099 loss_pq_va:0.02010 loss_pv_va:0.01975
INFO|2024-09-25 14:31:35: Epoch[054/100], iter[392/392], loss_total:0.06172, loss_equ:0.13746 loss_pq_vm:0.00103 loss_pq_va:0.01907 loss_pv_va:0.01863
INFO|2024-09-25 14:32:24: Epoch 53/100, lr:  0.00044296, eta: 2.13h, train_loss:  0.06305, valid_loss:  0.07945
INFO|2024-09-25 14:32:24: 	Train: PQ_Vm_rmse: 0.00142239  PQ_Va_rmse: 0.02861947  PV_Va_rmse: 0.02744268  delta_p: 0.09102246  delta_q: 0.02499236  
INFO|2024-09-25 14:32:24: 	ZTest: PQ_Vm_rmse: 0.00159338  PQ_Va_rmse: 0.04093432  PV_Va_rmse: 0.03897637  delta_p: 0.10311172  delta_q: 0.02688345  
INFO|2024-09-25 14:32:24: 	ZTest-ema: PQ_Vm_rmse: 0.001551  PQ_Va_rmse: 0.037827  PV_Va_rmse: 0.036099  delta_p: 0.100408  delta_q: 0.026149  
INFO|2024-09-25 14:32:24: 	           ValOfEMA:0.037827/0.037827,  Epoch:54/54
INFO|2024-09-25 14:32:25: 	Time(ep):166s,  Val(curr/best):0.040934/0.038395,  Epoch(curr/best):54/52
INFO|2024-09-25 14:32:25: -------------------- Epoch: 55 --------------------
INFO|2024-09-25 14:32:38: Epoch[055/100], iter[040/392], loss_total:0.06446, loss_equ:0.14233 loss_pq_vm:0.00111 loss_pq_va:0.01975 loss_pv_va:0.01934
INFO|2024-09-25 14:32:49: Epoch[055/100], iter[079/392], loss_total:0.06342, loss_equ:0.13415 loss_pq_vm:0.00107 loss_pq_va:0.01991 loss_pv_va:0.01935
INFO|2024-09-25 14:33:01: Epoch[055/100], iter[118/392], loss_total:0.06577, loss_equ:0.13692 loss_pq_vm:0.00101 loss_pq_va:0.02111 loss_pv_va:0.02091
INFO|2024-09-25 14:33:12: Epoch[055/100], iter[157/392], loss_total:0.06092, loss_equ:0.13600 loss_pq_vm:0.00104 loss_pq_va:0.01839 loss_pv_va:0.01856
INFO|2024-09-25 14:33:23: Epoch[055/100], iter[196/392], loss_total:0.05961, loss_equ:0.13407 loss_pq_vm:0.00100 loss_pq_va:0.01819 loss_pv_va:0.01801
INFO|2024-09-25 14:33:34: Epoch[055/100], iter[235/392], loss_total:0.05853, loss_equ:0.13562 loss_pq_vm:0.00099 loss_pq_va:0.01765 loss_pv_va:0.01743
INFO|2024-09-25 14:33:45: Epoch[055/100], iter[274/392], loss_total:0.06144, loss_equ:0.13734 loss_pq_vm:0.00099 loss_pq_va:0.01891 loss_pv_va:0.01885
INFO|2024-09-25 14:33:56: Epoch[055/100], iter[313/392], loss_total:0.06715, loss_equ:0.13761 loss_pq_vm:0.00105 loss_pq_va:0.02175 loss_pv_va:0.02114
INFO|2024-09-25 14:34:07: Epoch[055/100], iter[352/392], loss_total:0.07120, loss_equ:0.14387 loss_pq_vm:0.00123 loss_pq_va:0.02256 loss_pv_va:0.02199
INFO|2024-09-25 14:34:18: Epoch[055/100], iter[392/392], loss_total:0.06728, loss_equ:0.13933 loss_pq_vm:0.00117 loss_pq_va:0.02096 loss_pv_va:0.02068
INFO|2024-09-25 14:35:04: Epoch 54/100, lr:  0.00042756, eta: 1.99h, train_loss:  0.06345, valid_loss:  0.07671
INFO|2024-09-25 14:35:04: 	Train: PQ_Vm_rmse: 0.00145713  PQ_Va_rmse: 0.02863644  PV_Va_rmse: 0.02748635  delta_p: 0.09024352  delta_q: 0.02517423  
INFO|2024-09-25 14:35:04: 	ZTest: PQ_Vm_rmse: 0.00157916  PQ_Va_rmse: 0.03840344  PV_Va_rmse: 0.03683137  delta_p: 0.10280034  delta_q: 0.02677236  
INFO|2024-09-25 14:35:04: 	ZTest-ema: PQ_Vm_rmse: 0.001539  PQ_Va_rmse: 0.037835  PV_Va_rmse: 0.036118  delta_p: 0.099679  delta_q: 0.025969  
INFO|2024-09-25 14:35:04: 	           ValOfEMA:0.037835/0.037827,  Epoch:55/54
INFO|2024-09-25 14:35:05: 	Time(ep):158s,  Val(curr/best):0.038403/0.038395,  Epoch(curr/best):55/52
INFO|2024-09-25 14:35:05: -------------------- Epoch: 56 --------------------
INFO|2024-09-25 14:35:18: Epoch[056/100], iter[040/392], loss_total:0.06093, loss_equ:0.13732 loss_pq_vm:0.00109 loss_pq_va:0.01830 loss_pv_va:0.01797
INFO|2024-09-25 14:35:30: Epoch[056/100], iter[079/392], loss_total:0.06024, loss_equ:0.13702 loss_pq_vm:0.00098 loss_pq_va:0.01857 loss_pv_va:0.01819
INFO|2024-09-25 14:35:42: Epoch[056/100], iter[118/392], loss_total:0.06664, loss_equ:0.13797 loss_pq_vm:0.00101 loss_pq_va:0.02165 loss_pv_va:0.02112
INFO|2024-09-25 14:35:53: Epoch[056/100], iter[157/392], loss_total:0.05936, loss_equ:0.13528 loss_pq_vm:0.00099 loss_pq_va:0.01804 loss_pv_va:0.01785
INFO|2024-09-25 14:36:05: Epoch[056/100], iter[196/392], loss_total:0.05904, loss_equ:0.13531 loss_pq_vm:0.00101 loss_pq_va:0.01785 loss_pv_va:0.01751
INFO|2024-09-25 14:36:17: Epoch[056/100], iter[235/392], loss_total:0.06831, loss_equ:0.13423 loss_pq_vm:0.00098 loss_pq_va:0.02260 loss_pv_va:0.02249
INFO|2024-09-25 14:36:28: Epoch[056/100], iter[274/392], loss_total:0.06378, loss_equ:0.13419 loss_pq_vm:0.00102 loss_pq_va:0.02030 loss_pv_va:0.01982
INFO|2024-09-25 14:36:40: Epoch[056/100], iter[313/392], loss_total:0.06009, loss_equ:0.13563 loss_pq_vm:0.00099 loss_pq_va:0.01852 loss_pv_va:0.01811
INFO|2024-09-25 14:36:51: Epoch[056/100], iter[352/392], loss_total:0.06476, loss_equ:0.14109 loss_pq_vm:0.00104 loss_pq_va:0.02038 loss_pv_va:0.01988
INFO|2024-09-25 14:37:03: Epoch[056/100], iter[392/392], loss_total:0.06241, loss_equ:0.13376 loss_pq_vm:0.00103 loss_pq_va:0.01954 loss_pv_va:0.01919
INFO|2024-09-25 14:37:50: Epoch 55/100, lr:  0.00041225, eta: 2.01h, train_loss:  0.06212, valid_loss:  0.07938
INFO|2024-09-25 14:37:50: 	Train: PQ_Vm_rmse: 0.00141760  PQ_Va_rmse: 0.02810822  PV_Va_rmse: 0.02693956  delta_p: 0.08997843  delta_q: 0.02475972  
INFO|2024-09-25 14:37:50: 	ZTest: PQ_Vm_rmse: 0.00157265  PQ_Va_rmse: 0.04080620  PV_Va_rmse: 0.03880612  delta_p: 0.10266703  delta_q: 0.02659024  
INFO|2024-09-25 14:37:50: 	ZTest-ema: PQ_Vm_rmse: 0.001525  PQ_Va_rmse: 0.037650  PV_Va_rmse: 0.035951  delta_p: 0.099873  delta_q: 0.025847  
INFO|2024-09-25 14:37:50: 	           ValOfEMA:0.037650/0.037650,  Epoch:56/56
INFO|2024-09-25 14:37:50: 	Time(ep):164s,  Val(curr/best):0.040806/0.038395,  Epoch(curr/best):56/52
INFO|2024-09-25 14:37:50: -------------------- Epoch: 57 --------------------
INFO|2024-09-25 14:38:04: Epoch[057/100], iter[040/392], loss_total:0.06322, loss_equ:0.13718 loss_pq_vm:0.00109 loss_pq_va:0.01926 loss_pv_va:0.01938
INFO|2024-09-25 14:38:15: Epoch[057/100], iter[079/392], loss_total:0.06670, loss_equ:0.13520 loss_pq_vm:0.00110 loss_pq_va:0.02163 loss_pv_va:0.02059
INFO|2024-09-25 14:38:27: Epoch[057/100], iter[118/392], loss_total:0.05959, loss_equ:0.13155 loss_pq_vm:0.00098 loss_pq_va:0.01859 loss_pv_va:0.01809
INFO|2024-09-25 14:38:38: Epoch[057/100], iter[157/392], loss_total:0.06612, loss_equ:0.13523 loss_pq_vm:0.00106 loss_pq_va:0.02153 loss_pv_va:0.02042
INFO|2024-09-25 14:38:49: Epoch[057/100], iter[196/392], loss_total:0.06246, loss_equ:0.13464 loss_pq_vm:0.00099 loss_pq_va:0.01981 loss_pv_va:0.01929
INFO|2024-09-25 14:39:01: Epoch[057/100], iter[235/392], loss_total:0.06053, loss_equ:0.13458 loss_pq_vm:0.00100 loss_pq_va:0.01865 loss_pv_va:0.01844
INFO|2024-09-25 14:39:13: Epoch[057/100], iter[274/392], loss_total:0.06261, loss_equ:0.13463 loss_pq_vm:0.00101 loss_pq_va:0.01977 loss_pv_va:0.01924
INFO|2024-09-25 14:39:24: Epoch[057/100], iter[313/392], loss_total:0.06039, loss_equ:0.13510 loss_pq_vm:0.00100 loss_pq_va:0.01873 loss_pv_va:0.01817
INFO|2024-09-25 14:39:36: Epoch[057/100], iter[352/392], loss_total:0.06145, loss_equ:0.13649 loss_pq_vm:0.00105 loss_pq_va:0.01871 loss_pv_va:0.01859
INFO|2024-09-25 14:39:47: Epoch[057/100], iter[392/392], loss_total:0.06430, loss_equ:0.14621 loss_pq_vm:0.00119 loss_pq_va:0.01924 loss_pv_va:0.01858
INFO|2024-09-25 14:40:33: Epoch 56/100, lr:  0.00039702, eta: 1.94h, train_loss:  0.06180, valid_loss:  0.07657
INFO|2024-09-25 14:40:33: 	Train: PQ_Vm_rmse: 0.00141413  PQ_Va_rmse: 0.02795916  PV_Va_rmse: 0.02679865  delta_p: 0.08954494  delta_q: 0.02465803  
INFO|2024-09-25 14:40:33: 	ZTest: PQ_Vm_rmse: 0.00168360  PQ_Va_rmse: 0.03772647  PV_Va_rmse: 0.03603759  delta_p: 0.10386086  delta_q: 0.02714434  
INFO|2024-09-25 14:40:33: 	ZTest-ema: PQ_Vm_rmse: 0.001514  PQ_Va_rmse: 0.037577  PV_Va_rmse: 0.035878  delta_p: 0.099785  delta_q: 0.025713  
INFO|2024-09-25 14:40:33: 	           ValOfEMA:0.037577/0.037577,  Epoch:57/57
INFO|2024-09-25 14:40:34: 	Time(ep):162s,  Val(curr/best):0.037726/0.037726,  Epoch(curr/best):57/57
INFO|2024-09-25 14:40:34: -------------------- Epoch: 58 --------------------
INFO|2024-09-25 14:40:47: Epoch[058/100], iter[040/392], loss_total:0.05903, loss_equ:0.13524 loss_pq_vm:0.00094 loss_pq_va:0.01819 loss_pv_va:0.01788
INFO|2024-09-25 14:40:59: Epoch[058/100], iter[079/392], loss_total:0.05940, loss_equ:0.13583 loss_pq_vm:0.00098 loss_pq_va:0.01807 loss_pv_va:0.01797
INFO|2024-09-25 14:41:10: Epoch[058/100], iter[118/392], loss_total:0.05908, loss_equ:0.13259 loss_pq_vm:0.00101 loss_pq_va:0.01799 loss_pv_va:0.01772
INFO|2024-09-25 14:41:22: Epoch[058/100], iter[157/392], loss_total:0.06066, loss_equ:0.13667 loss_pq_vm:0.00097 loss_pq_va:0.01881 loss_pv_va:0.01848
INFO|2024-09-25 14:41:33: Epoch[058/100], iter[196/392], loss_total:0.06251, loss_equ:0.13631 loss_pq_vm:0.00097 loss_pq_va:0.01957 loss_pv_va:0.01962
INFO|2024-09-25 14:41:45: Epoch[058/100], iter[235/392], loss_total:0.06192, loss_equ:0.13653 loss_pq_vm:0.00120 loss_pq_va:0.01845 loss_pv_va:0.01785
INFO|2024-09-25 14:41:56: Epoch[058/100], iter[274/392], loss_total:0.06255, loss_equ:0.13998 loss_pq_vm:0.00127 loss_pq_va:0.01811 loss_pv_va:0.01771
INFO|2024-09-25 14:42:08: Epoch[058/100], iter[313/392], loss_total:0.06603, loss_equ:0.13650 loss_pq_vm:0.00108 loss_pq_va:0.02083 loss_pv_va:0.02074
INFO|2024-09-25 14:42:19: Epoch[058/100], iter[352/392], loss_total:0.06303, loss_equ:0.13661 loss_pq_vm:0.00102 loss_pq_va:0.01967 loss_pv_va:0.01953
INFO|2024-09-25 14:42:30: Epoch[058/100], iter[392/392], loss_total:0.06366, loss_equ:0.13802 loss_pq_vm:0.00099 loss_pq_va:0.02030 loss_pv_va:0.01963
INFO|2024-09-25 14:43:17: Epoch 57/100, lr:  0.00038190, eta: 1.9h, train_loss:  0.06086, valid_loss:  0.07673
INFO|2024-09-25 14:43:17: 	Train: PQ_Vm_rmse: 0.00138966  PQ_Va_rmse: 0.02752881  PV_Va_rmse: 0.02637147  delta_p: 0.08935520  delta_q: 0.02439927  
INFO|2024-09-25 14:43:17: 	ZTest: PQ_Vm_rmse: 0.00156720  PQ_Va_rmse: 0.03827660  PV_Va_rmse: 0.03664061  delta_p: 0.10359316  delta_q: 0.02686700  
INFO|2024-09-25 14:43:17: 	ZTest-ema: PQ_Vm_rmse: 0.001502  PQ_Va_rmse: 0.037527  PV_Va_rmse: 0.035841  delta_p: 0.099487  delta_q: 0.025556  
INFO|2024-09-25 14:43:17: 	           ValOfEMA:0.037527/0.037527,  Epoch:58/58
INFO|2024-09-25 14:43:18: 	Time(ep):162s,  Val(curr/best):0.038277/0.037726,  Epoch(curr/best):58/57
INFO|2024-09-25 14:43:18: -------------------- Epoch: 59 --------------------
INFO|2024-09-25 14:43:31: Epoch[059/100], iter[040/392], loss_total:0.05946, loss_equ:0.13485 loss_pq_vm:0.00096 loss_pq_va:0.01851 loss_pv_va:0.01788
INFO|2024-09-25 14:43:43: Epoch[059/100], iter[079/392], loss_total:0.05998, loss_equ:0.13356 loss_pq_vm:0.00097 loss_pq_va:0.01860 loss_pv_va:0.01830
INFO|2024-09-25 14:43:55: Epoch[059/100], iter[118/392], loss_total:0.05936, loss_equ:0.13270 loss_pq_vm:0.00097 loss_pq_va:0.01840 loss_pv_va:0.01799
INFO|2024-09-25 14:44:06: Epoch[059/100], iter[157/392], loss_total:0.05922, loss_equ:0.13443 loss_pq_vm:0.00097 loss_pq_va:0.01826 loss_pv_va:0.01786
INFO|2024-09-25 14:44:19: Epoch[059/100], iter[196/392], loss_total:0.06234, loss_equ:0.13444 loss_pq_vm:0.00099 loss_pq_va:0.01957 loss_pv_va:0.01937
INFO|2024-09-25 14:44:30: Epoch[059/100], iter[235/392], loss_total:0.05807, loss_equ:0.13293 loss_pq_vm:0.00095 loss_pq_va:0.01777 loss_pv_va:0.01753
INFO|2024-09-25 14:44:42: Epoch[059/100], iter[274/392], loss_total:0.05954, loss_equ:0.13435 loss_pq_vm:0.00096 loss_pq_va:0.01854 loss_pv_va:0.01796
INFO|2024-09-25 14:44:54: Epoch[059/100], iter[313/392], loss_total:0.05943, loss_equ:0.13448 loss_pq_vm:0.00098 loss_pq_va:0.01821 loss_pv_va:0.01797
INFO|2024-09-25 14:45:05: Epoch[059/100], iter[352/392], loss_total:0.06375, loss_equ:0.13420 loss_pq_vm:0.00111 loss_pq_va:0.01987 loss_pv_va:0.01935
INFO|2024-09-25 14:45:17: Epoch[059/100], iter[392/392], loss_total:0.05866, loss_equ:0.13422 loss_pq_vm:0.00095 loss_pq_va:0.01809 loss_pv_va:0.01765
INFO|2024-09-25 14:46:03: Epoch 58/100, lr:  0.00036690, eta: 1.89h, train_loss:  0.06040, valid_loss:  0.07531
INFO|2024-09-25 14:46:03: 	Train: PQ_Vm_rmse: 0.00135537  PQ_Va_rmse: 0.02747547  PV_Va_rmse: 0.02632777  delta_p: 0.08882947  delta_q: 0.02400764  
INFO|2024-09-25 14:46:03: 	ZTest: PQ_Vm_rmse: 0.00156976  PQ_Va_rmse: 0.03796378  PV_Va_rmse: 0.03629393  delta_p: 0.10146537  delta_q: 0.02685655  
INFO|2024-09-25 14:46:03: 	ZTest-ema: PQ_Vm_rmse: 0.001487  PQ_Va_rmse: 0.037419  PV_Va_rmse: 0.035754  delta_p: 0.099137  delta_q: 0.025391  
INFO|2024-09-25 14:46:03: 	           ValOfEMA:0.037419/0.037419,  Epoch:59/59
INFO|2024-09-25 14:46:04: 	Time(ep):165s,  Val(curr/best):0.037964/0.037726,  Epoch(curr/best):59/57
INFO|2024-09-25 14:46:04: -------------------- Epoch: 60 --------------------
INFO|2024-09-25 14:46:17: Epoch[060/100], iter[040/392], loss_total:0.06011, loss_equ:0.13455 loss_pq_vm:0.00097 loss_pq_va:0.01872 loss_pv_va:0.01822
INFO|2024-09-25 14:46:29: Epoch[060/100], iter[079/392], loss_total:0.06282, loss_equ:0.13902 loss_pq_vm:0.00096 loss_pq_va:0.01986 loss_pv_va:0.01942
INFO|2024-09-25 14:46:40: Epoch[060/100], iter[118/392], loss_total:0.06365, loss_equ:0.13448 loss_pq_vm:0.00096 loss_pq_va:0.02025 loss_pv_va:0.02036
INFO|2024-09-25 14:46:52: Epoch[060/100], iter[157/392], loss_total:0.06191, loss_equ:0.13701 loss_pq_vm:0.00095 loss_pq_va:0.01952 loss_pv_va:0.01921
INFO|2024-09-25 14:47:04: Epoch[060/100], iter[196/392], loss_total:0.06320, loss_equ:0.13475 loss_pq_vm:0.00099 loss_pq_va:0.02021 loss_pv_va:0.01964
INFO|2024-09-25 14:47:15: Epoch[060/100], iter[235/392], loss_total:0.06019, loss_equ:0.13865 loss_pq_vm:0.00109 loss_pq_va:0.01776 loss_pv_va:0.01763
INFO|2024-09-25 14:47:27: Epoch[060/100], iter[274/392], loss_total:0.05990, loss_equ:0.13392 loss_pq_vm:0.00097 loss_pq_va:0.01868 loss_pv_va:0.01813
INFO|2024-09-25 14:47:39: Epoch[060/100], iter[313/392], loss_total:0.05680, loss_equ:0.13086 loss_pq_vm:0.00094 loss_pq_va:0.01735 loss_pv_va:0.01700
INFO|2024-09-25 14:47:50: Epoch[060/100], iter[352/392], loss_total:0.06365, loss_equ:0.13493 loss_pq_vm:0.00103 loss_pq_va:0.02015 loss_pv_va:0.01973
INFO|2024-09-25 14:48:02: Epoch[060/100], iter[392/392], loss_total:0.05810, loss_equ:0.12992 loss_pq_vm:0.00100 loss_pq_va:0.01773 loss_pv_va:0.01734
INFO|2024-09-25 14:48:49: Epoch 59/100, lr:  0.00035204, eta: 1.84h, train_loss:  0.06040, valid_loss:  0.07603
INFO|2024-09-25 14:48:49: 	Train: PQ_Vm_rmse: 0.00137210  PQ_Va_rmse: 0.02734664  PV_Va_rmse: 0.02620294  delta_p: 0.08875331  delta_q: 0.02420211  
INFO|2024-09-25 14:48:49: 	ZTest: PQ_Vm_rmse: 0.00164059  PQ_Va_rmse: 0.03763940  PV_Va_rmse: 0.03603580  delta_p: 0.10222662  delta_q: 0.02722555  
INFO|2024-09-25 14:48:49: 	ZTest-ema: PQ_Vm_rmse: 0.001477  PQ_Va_rmse: 0.037349  PV_Va_rmse: 0.035692  delta_p: 0.099160  delta_q: 0.025265  
INFO|2024-09-25 14:48:49: 	           ValOfEMA:0.037349/0.037349,  Epoch:60/60
INFO|2024-09-25 14:48:50: 	Time(ep):165s,  Val(curr/best):0.037639/0.037639,  Epoch(curr/best):60/60
INFO|2024-09-25 14:48:50: -------------------- Epoch: 61 --------------------
INFO|2024-09-25 14:49:04: Epoch[061/100], iter[040/392], loss_total:0.05780, loss_equ:0.13214 loss_pq_vm:0.00096 loss_pq_va:0.01760 loss_pv_va:0.01736
INFO|2024-09-25 14:49:15: Epoch[061/100], iter[079/392], loss_total:0.05663, loss_equ:0.12965 loss_pq_vm:0.00093 loss_pq_va:0.01713 loss_pv_va:0.01720
INFO|2024-09-25 14:49:27: Epoch[061/100], iter[118/392], loss_total:0.05748, loss_equ:0.13004 loss_pq_vm:0.00098 loss_pq_va:0.01745 loss_pv_va:0.01721
INFO|2024-09-25 14:49:39: Epoch[061/100], iter[157/392], loss_total:0.06296, loss_equ:0.13534 loss_pq_vm:0.00096 loss_pq_va:0.02008 loss_pv_va:0.01979
INFO|2024-09-25 14:49:50: Epoch[061/100], iter[196/392], loss_total:0.06344, loss_equ:0.13633 loss_pq_vm:0.00129 loss_pq_va:0.01870 loss_pv_va:0.01820
INFO|2024-09-25 14:50:02: Epoch[061/100], iter[235/392], loss_total:0.05777, loss_equ:0.13232 loss_pq_vm:0.00095 loss_pq_va:0.01782 loss_pv_va:0.01724
INFO|2024-09-25 14:50:14: Epoch[061/100], iter[274/392], loss_total:0.05859, loss_equ:0.13118 loss_pq_vm:0.00096 loss_pq_va:0.01809 loss_pv_va:0.01774
INFO|2024-09-25 14:50:25: Epoch[061/100], iter[313/392], loss_total:0.05913, loss_equ:0.13352 loss_pq_vm:0.00093 loss_pq_va:0.01853 loss_pv_va:0.01796
INFO|2024-09-25 14:50:37: Epoch[061/100], iter[352/392], loss_total:0.06219, loss_equ:0.13147 loss_pq_vm:0.00095 loss_pq_va:0.01983 loss_pv_va:0.01976
INFO|2024-09-25 14:50:49: Epoch[061/100], iter[392/392], loss_total:0.06090, loss_equ:0.13864 loss_pq_vm:0.00097 loss_pq_va:0.01887 loss_pv_va:0.01845
INFO|2024-09-25 14:51:32: Epoch 60/100, lr:  0.00033732, eta: 1.75h, train_loss:  0.05979, valid_loss:  0.07987
INFO|2024-09-25 14:51:32: 	Train: PQ_Vm_rmse: 0.00133980  PQ_Va_rmse: 0.02716143  PV_Va_rmse: 0.02602721  delta_p: 0.08865106  delta_q: 0.02372651  
INFO|2024-09-25 14:51:32: 	ZTest: PQ_Vm_rmse: 0.00164531  PQ_Va_rmse: 0.03732689  PV_Va_rmse: 0.03592879  delta_p: 0.14118992  delta_q: 0.02696777  
INFO|2024-09-25 14:51:32: 	ZTest-ema: PQ_Vm_rmse: 0.001465  PQ_Va_rmse: 0.037271  PV_Va_rmse: 0.035627  delta_p: 0.098935  delta_q: 0.025129  
INFO|2024-09-25 14:51:32: 	           ValOfEMA:0.037271/0.037271,  Epoch:61/61
INFO|2024-09-25 14:51:34: 	Time(ep):161s,  Val(curr/best):0.037327/0.037327,  Epoch(curr/best):61/61
INFO|2024-09-25 14:51:34: -------------------- Epoch: 62 --------------------
INFO|2024-09-25 14:51:47: Epoch[062/100], iter[040/392], loss_total:0.05981, loss_equ:0.13175 loss_pq_vm:0.00106 loss_pq_va:0.01823 loss_pv_va:0.01784
INFO|2024-09-25 14:51:59: Epoch[062/100], iter[079/392], loss_total:0.06010, loss_equ:0.13758 loss_pq_vm:0.00106 loss_pq_va:0.01812 loss_pv_va:0.01759
INFO|2024-09-25 14:52:11: Epoch[062/100], iter[118/392], loss_total:0.05776, loss_equ:0.13064 loss_pq_vm:0.00092 loss_pq_va:0.01780 loss_pv_va:0.01768
INFO|2024-09-25 14:52:23: Epoch[062/100], iter[157/392], loss_total:0.06080, loss_equ:0.13199 loss_pq_vm:0.00094 loss_pq_va:0.01928 loss_pv_va:0.01892
INFO|2024-09-25 14:52:34: Epoch[062/100], iter[196/392], loss_total:0.05782, loss_equ:0.13165 loss_pq_vm:0.00104 loss_pq_va:0.01722 loss_pv_va:0.01705
INFO|2024-09-25 14:52:45: Epoch[062/100], iter[235/392], loss_total:0.06029, loss_equ:0.13218 loss_pq_vm:0.00094 loss_pq_va:0.01902 loss_pv_va:0.01863
INFO|2024-09-25 14:52:57: Epoch[062/100], iter[274/392], loss_total:0.05699, loss_equ:0.13172 loss_pq_vm:0.00093 loss_pq_va:0.01736 loss_pv_va:0.01716
INFO|2024-09-25 14:53:09: Epoch[062/100], iter[313/392], loss_total:0.05944, loss_equ:0.13446 loss_pq_vm:0.00094 loss_pq_va:0.01856 loss_pv_va:0.01804
INFO|2024-09-25 14:53:20: Epoch[062/100], iter[352/392], loss_total:0.06123, loss_equ:0.13495 loss_pq_vm:0.00101 loss_pq_va:0.01892 loss_pv_va:0.01873
INFO|2024-09-25 14:53:32: Epoch[062/100], iter[392/392], loss_total:0.05906, loss_equ:0.13235 loss_pq_vm:0.00094 loss_pq_va:0.01835 loss_pv_va:0.01807
INFO|2024-09-25 14:54:18: Epoch 61/100, lr:  0.00032278, eta: 1.74h, train_loss:  0.05912, valid_loss:  0.07420
INFO|2024-09-25 14:54:19: 	Train: PQ_Vm_rmse: 0.00132281  PQ_Va_rmse: 0.02690648  PV_Va_rmse: 0.02577488  delta_p: 0.08822053  delta_q: 0.02347820  
INFO|2024-09-25 14:54:19: 	ZTest: PQ_Vm_rmse: 0.00148243  PQ_Va_rmse: 0.03726055  PV_Va_rmse: 0.03568411  delta_p: 0.10188963  delta_q: 0.02581000  
INFO|2024-09-25 14:54:19: 	ZTest-ema: PQ_Vm_rmse: 0.001454  PQ_Va_rmse: 0.037208  PV_Va_rmse: 0.035559  delta_p: 0.098847  delta_q: 0.025008  
INFO|2024-09-25 14:54:19: 	           ValOfEMA:0.037208/0.037208,  Epoch:62/62
INFO|2024-09-25 14:54:20: 	Time(ep):164s,  Val(curr/best):0.037261/0.037261,  Epoch(curr/best):62/62
INFO|2024-09-25 14:54:20: -------------------- Epoch: 63 --------------------
INFO|2024-09-25 14:54:33: Epoch[063/100], iter[040/392], loss_total:0.05720, loss_equ:0.13073 loss_pq_vm:0.00092 loss_pq_va:0.01770 loss_pv_va:0.01727
INFO|2024-09-25 14:54:44: Epoch[063/100], iter[079/392], loss_total:0.05844, loss_equ:0.13120 loss_pq_vm:0.00100 loss_pq_va:0.01792 loss_pv_va:0.01741
INFO|2024-09-25 14:54:56: Epoch[063/100], iter[118/392], loss_total:0.05726, loss_equ:0.12812 loss_pq_vm:0.00093 loss_pq_va:0.01771 loss_pv_va:0.01740
INFO|2024-09-25 14:55:07: Epoch[063/100], iter[157/392], loss_total:0.05810, loss_equ:0.13034 loss_pq_vm:0.00092 loss_pq_va:0.01805 loss_pv_va:0.01784
INFO|2024-09-25 14:55:19: Epoch[063/100], iter[196/392], loss_total:0.05648, loss_equ:0.12969 loss_pq_vm:0.00096 loss_pq_va:0.01713 loss_pv_va:0.01682
INFO|2024-09-25 14:55:30: Epoch[063/100], iter[235/392], loss_total:0.05728, loss_equ:0.13049 loss_pq_vm:0.00093 loss_pq_va:0.01751 loss_pv_va:0.01743
INFO|2024-09-25 14:55:42: Epoch[063/100], iter[274/392], loss_total:0.05855, loss_equ:0.13074 loss_pq_vm:0.00093 loss_pq_va:0.01828 loss_pv_va:0.01791
INFO|2024-09-25 14:55:54: Epoch[063/100], iter[313/392], loss_total:0.05785, loss_equ:0.13240 loss_pq_vm:0.00100 loss_pq_va:0.01736 loss_pv_va:0.01729
INFO|2024-09-25 14:56:05: Epoch[063/100], iter[352/392], loss_total:0.05707, loss_equ:0.13009 loss_pq_vm:0.00092 loss_pq_va:0.01754 loss_pv_va:0.01732
INFO|2024-09-25 14:56:17: Epoch[063/100], iter[392/392], loss_total:0.05678, loss_equ:0.12991 loss_pq_vm:0.00098 loss_pq_va:0.01716 loss_pv_va:0.01680
INFO|2024-09-25 14:57:01: Epoch 62/100, lr:  0.00030841, eta: 1.65h, train_loss:  0.05864, valid_loss:  0.07515
INFO|2024-09-25 14:57:01: 	Train: PQ_Vm_rmse: 0.00129981  PQ_Va_rmse: 0.02678088  PV_Va_rmse: 0.02567063  delta_p: 0.08686503  delta_q: 0.02329736  
INFO|2024-09-25 14:57:01: 	ZTest: PQ_Vm_rmse: 0.00148310  PQ_Va_rmse: 0.03844739  PV_Va_rmse: 0.03667537  delta_p: 0.10019781  delta_q: 0.02563251  
INFO|2024-09-25 14:57:01: 	ZTest-ema: PQ_Vm_rmse: 0.001444  PQ_Va_rmse: 0.037206  PV_Va_rmse: 0.035571  delta_p: 0.098528  delta_q: 0.024852  
INFO|2024-09-25 14:57:01: 	           ValOfEMA:0.037206/0.037206,  Epoch:63/63
INFO|2024-09-25 14:57:02: 	Time(ep):160s,  Val(curr/best):0.038447/0.037261,  Epoch(curr/best):63/62
INFO|2024-09-25 14:57:02: -------------------- Epoch: 64 --------------------
INFO|2024-09-25 14:57:14: Epoch[064/100], iter[040/392], loss_total:0.05547, loss_equ:0.12851 loss_pq_vm:0.00092 loss_pq_va:0.01677 loss_pv_va:0.01665
INFO|2024-09-25 14:57:26: Epoch[064/100], iter[079/392], loss_total:0.05809, loss_equ:0.12829 loss_pq_vm:0.00092 loss_pq_va:0.01819 loss_pv_va:0.01785
INFO|2024-09-25 14:57:38: Epoch[064/100], iter[118/392], loss_total:0.05957, loss_equ:0.13087 loss_pq_vm:0.00097 loss_pq_va:0.01850 loss_pv_va:0.01827
INFO|2024-09-25 14:57:49: Epoch[064/100], iter[157/392], loss_total:0.05774, loss_equ:0.12832 loss_pq_vm:0.00091 loss_pq_va:0.01801 loss_pv_va:0.01775
INFO|2024-09-25 14:58:00: Epoch[064/100], iter[196/392], loss_total:0.05603, loss_equ:0.13117 loss_pq_vm:0.00092 loss_pq_va:0.01703 loss_pv_va:0.01666
INFO|2024-09-25 14:58:12: Epoch[064/100], iter[235/392], loss_total:0.05743, loss_equ:0.13224 loss_pq_vm:0.00097 loss_pq_va:0.01735 loss_pv_va:0.01713
INFO|2024-09-25 14:58:24: Epoch[064/100], iter[274/392], loss_total:0.05698, loss_equ:0.12988 loss_pq_vm:0.00096 loss_pq_va:0.01737 loss_pv_va:0.01702
INFO|2024-09-25 14:58:36: Epoch[064/100], iter[313/392], loss_total:0.05967, loss_equ:0.12835 loss_pq_vm:0.00093 loss_pq_va:0.01909 loss_pv_va:0.01849
INFO|2024-09-25 14:58:47: Epoch[064/100], iter[352/392], loss_total:0.05885, loss_equ:0.13087 loss_pq_vm:0.00095 loss_pq_va:0.01838 loss_pv_va:0.01792
INFO|2024-09-25 14:59:00: Epoch[064/100], iter[392/392], loss_total:0.06045, loss_equ:0.13018 loss_pq_vm:0.00099 loss_pq_va:0.01891 loss_pv_va:0.01864
INFO|2024-09-25 14:59:46: Epoch 63/100, lr:  0.00029424, eta: 1.65h, train_loss:  0.05827, valid_loss:  0.07455
INFO|2024-09-25 14:59:46: 	Train: PQ_Vm_rmse: 0.00129602  PQ_Va_rmse: 0.02661531  PV_Va_rmse: 0.02550805  delta_p: 0.08651745  delta_q: 0.02318335  
INFO|2024-09-25 14:59:46: 	ZTest: PQ_Vm_rmse: 0.00154555  PQ_Va_rmse: 0.03729457  PV_Va_rmse: 0.03573434  delta_p: 0.10037156  delta_q: 0.02606247  
INFO|2024-09-25 14:59:46: 	ZTest-ema: PQ_Vm_rmse: 0.001434  PQ_Va_rmse: 0.037173  PV_Va_rmse: 0.035548  delta_p: 0.098315  delta_q: 0.024707  
INFO|2024-09-25 14:59:46: 	           ValOfEMA:0.037173/0.037173,  Epoch:64/64
INFO|2024-09-25 14:59:47: 	Time(ep):164s,  Val(curr/best):0.037295/0.037261,  Epoch(curr/best):64/62
INFO|2024-09-25 14:59:47: -------------------- Epoch: 65 --------------------
INFO|2024-09-25 15:00:00: Epoch[065/100], iter[040/392], loss_total:0.05855, loss_equ:0.13052 loss_pq_vm:0.00093 loss_pq_va:0.01823 loss_pv_va:0.01795
INFO|2024-09-25 15:00:13: Epoch[065/100], iter[079/392], loss_total:0.05968, loss_equ:0.12943 loss_pq_vm:0.00093 loss_pq_va:0.01892 loss_pv_va:0.01855
INFO|2024-09-25 15:00:25: Epoch[065/100], iter[118/392], loss_total:0.06331, loss_equ:0.13060 loss_pq_vm:0.00092 loss_pq_va:0.02079 loss_pv_va:0.02023
INFO|2024-09-25 15:00:37: Epoch[065/100], iter[157/392], loss_total:0.05663, loss_equ:0.13044 loss_pq_vm:0.00096 loss_pq_va:0.01709 loss_pv_va:0.01693
INFO|2024-09-25 15:00:48: Epoch[065/100], iter[196/392], loss_total:0.05836, loss_equ:0.12831 loss_pq_vm:0.00092 loss_pq_va:0.01835 loss_pv_va:0.01798
INFO|2024-09-25 15:00:59: Epoch[065/100], iter[235/392], loss_total:0.05764, loss_equ:0.13021 loss_pq_vm:0.00092 loss_pq_va:0.01779 loss_pv_va:0.01762
INFO|2024-09-25 15:01:11: Epoch[065/100], iter[274/392], loss_total:0.05715, loss_equ:0.12535 loss_pq_vm:0.00088 loss_pq_va:0.01805 loss_pv_va:0.01776
INFO|2024-09-25 15:01:23: Epoch[065/100], iter[313/392], loss_total:0.05911, loss_equ:0.12987 loss_pq_vm:0.00094 loss_pq_va:0.01858 loss_pv_va:0.01819
INFO|2024-09-25 15:01:34: Epoch[065/100], iter[352/392], loss_total:0.05917, loss_equ:0.13086 loss_pq_vm:0.00095 loss_pq_va:0.01846 loss_pv_va:0.01815
INFO|2024-09-25 15:01:46: Epoch[065/100], iter[392/392], loss_total:0.05824, loss_equ:0.12839 loss_pq_vm:0.00094 loss_pq_va:0.01819 loss_pv_va:0.01784
INFO|2024-09-25 15:02:34: Epoch 64/100, lr:  0.00028027, eta: 1.62h, train_loss:  0.05761, valid_loss:  0.07468
INFO|2024-09-25 15:02:34: 	Train: PQ_Vm_rmse: 0.00127366  PQ_Va_rmse: 0.02636891  PV_Va_rmse: 0.02527617  delta_p: 0.08620269  delta_q: 0.02295629  
INFO|2024-09-25 15:02:34: 	ZTest: PQ_Vm_rmse: 0.00150429  PQ_Va_rmse: 0.03778627  PV_Va_rmse: 0.03619255  delta_p: 0.09962410  delta_q: 0.02535134  
INFO|2024-09-25 15:02:34: 	ZTest-ema: PQ_Vm_rmse: 0.001425  PQ_Va_rmse: 0.037082  PV_Va_rmse: 0.035473  delta_p: 0.098304  delta_q: 0.024604  
INFO|2024-09-25 15:02:34: 	           ValOfEMA:0.037082/0.037082,  Epoch:65/65
INFO|2024-09-25 15:02:35: 	Time(ep):166s,  Val(curr/best):0.037786/0.037261,  Epoch(curr/best):65/62
INFO|2024-09-25 15:02:35: -------------------- Epoch: 66 --------------------
INFO|2024-09-25 15:02:48: Epoch[066/100], iter[040/392], loss_total:0.05622, loss_equ:0.12760 loss_pq_vm:0.00092 loss_pq_va:0.01741 loss_pv_va:0.01688
INFO|2024-09-25 15:03:01: Epoch[066/100], iter[079/392], loss_total:0.05777, loss_equ:0.12757 loss_pq_vm:0.00089 loss_pq_va:0.01823 loss_pv_va:0.01791
INFO|2024-09-25 15:03:13: Epoch[066/100], iter[118/392], loss_total:0.06112, loss_equ:0.12923 loss_pq_vm:0.00092 loss_pq_va:0.01943 loss_pv_va:0.01955
INFO|2024-09-25 15:03:25: Epoch[066/100], iter[157/392], loss_total:0.05527, loss_equ:0.12821 loss_pq_vm:0.00089 loss_pq_va:0.01682 loss_pv_va:0.01674
INFO|2024-09-25 15:03:37: Epoch[066/100], iter[196/392], loss_total:0.05862, loss_equ:0.12906 loss_pq_vm:0.00089 loss_pq_va:0.01857 loss_pv_va:0.01822
INFO|2024-09-25 15:03:50: Epoch[066/100], iter[235/392], loss_total:0.05944, loss_equ:0.13153 loss_pq_vm:0.00094 loss_pq_va:0.01869 loss_pv_va:0.01823
INFO|2024-09-25 15:04:02: Epoch[066/100], iter[274/392], loss_total:0.05492, loss_equ:0.12805 loss_pq_vm:0.00090 loss_pq_va:0.01657 loss_pv_va:0.01657
INFO|2024-09-25 15:04:14: Epoch[066/100], iter[313/392], loss_total:0.05675, loss_equ:0.12967 loss_pq_vm:0.00090 loss_pq_va:0.01751 loss_pv_va:0.01728
INFO|2024-09-25 15:04:26: Epoch[066/100], iter[352/392], loss_total:0.05761, loss_equ:0.12945 loss_pq_vm:0.00092 loss_pq_va:0.01781 loss_pv_va:0.01761
INFO|2024-09-25 15:04:39: Epoch[066/100], iter[392/392], loss_total:0.05555, loss_equ:0.12713 loss_pq_vm:0.00092 loss_pq_va:0.01704 loss_pv_va:0.01660
INFO|2024-09-25 15:05:24: Epoch 65/100, lr:  0.00026653, eta: 1.6h, train_loss:  0.05712, valid_loss:  0.07522
INFO|2024-09-25 15:05:24: 	Train: PQ_Vm_rmse: 0.00125632  PQ_Va_rmse: 0.02618798  PV_Va_rmse: 0.02509713  delta_p: 0.08581656  delta_q: 0.02274531  
INFO|2024-09-25 15:05:24: 	ZTest: PQ_Vm_rmse: 0.00159819  PQ_Va_rmse: 0.03746772  PV_Va_rmse: 0.03591155  delta_p: 0.10029325  delta_q: 0.02656366  
INFO|2024-09-25 15:05:24: 	ZTest-ema: PQ_Vm_rmse: 0.001415  PQ_Va_rmse: 0.037046  PV_Va_rmse: 0.035440  delta_p: 0.098094  delta_q: 0.024486  
INFO|2024-09-25 15:05:24: 	           ValOfEMA:0.037046/0.037046,  Epoch:66/66
INFO|2024-09-25 15:05:25: 	Time(ep):169s,  Val(curr/best):0.037468/0.037261,  Epoch(curr/best):66/62
INFO|2024-09-25 15:05:25: -------------------- Epoch: 67 --------------------
INFO|2024-09-25 15:05:38: Epoch[067/100], iter[040/392], loss_total:0.05655, loss_equ:0.12784 loss_pq_vm:0.00098 loss_pq_va:0.01706 loss_pv_va:0.01689
INFO|2024-09-25 15:05:50: Epoch[067/100], iter[079/392], loss_total:0.05474, loss_equ:0.12848 loss_pq_vm:0.00092 loss_pq_va:0.01652 loss_pv_va:0.01617
INFO|2024-09-25 15:06:02: Epoch[067/100], iter[118/392], loss_total:0.05686, loss_equ:0.12754 loss_pq_vm:0.00090 loss_pq_va:0.01772 loss_pv_va:0.01742
INFO|2024-09-25 15:06:14: Epoch[067/100], iter[157/392], loss_total:0.05799, loss_equ:0.12861 loss_pq_vm:0.00091 loss_pq_va:0.01833 loss_pv_va:0.01765
INFO|2024-09-25 15:06:26: Epoch[067/100], iter[196/392], loss_total:0.05621, loss_equ:0.12789 loss_pq_vm:0.00089 loss_pq_va:0.01751 loss_pv_va:0.01701
INFO|2024-09-25 15:06:38: Epoch[067/100], iter[235/392], loss_total:0.05580, loss_equ:0.12833 loss_pq_vm:0.00088 loss_pq_va:0.01719 loss_pv_va:0.01693
INFO|2024-09-25 15:06:50: Epoch[067/100], iter[274/392], loss_total:0.05527, loss_equ:0.12492 loss_pq_vm:0.00089 loss_pq_va:0.01711 loss_pv_va:0.01675
INFO|2024-09-25 15:07:02: Epoch[067/100], iter[313/392], loss_total:0.05880, loss_equ:0.12999 loss_pq_vm:0.00097 loss_pq_va:0.01808 loss_pv_va:0.01797
INFO|2024-09-25 15:07:14: Epoch[067/100], iter[352/392], loss_total:0.05710, loss_equ:0.13001 loss_pq_vm:0.00090 loss_pq_va:0.01779 loss_pv_va:0.01733
INFO|2024-09-25 15:07:26: Epoch[067/100], iter[392/392], loss_total:0.05751, loss_equ:0.12465 loss_pq_vm:0.00090 loss_pq_va:0.01819 loss_pv_va:0.01787
INFO|2024-09-25 15:08:13: Epoch 66/100, lr:  0.00025302, eta: 1.54h, train_loss:  0.05680, valid_loss:  0.07494
INFO|2024-09-25 15:08:13: 	Train: PQ_Vm_rmse: 0.00125778  PQ_Va_rmse: 0.02602602  PV_Va_rmse: 0.02493803  delta_p: 0.08543367  delta_q: 0.02265882  
INFO|2024-09-25 15:08:13: 	ZTest: PQ_Vm_rmse: 0.00146801  PQ_Va_rmse: 0.03835813  PV_Va_rmse: 0.03661641  delta_p: 0.09907115  delta_q: 0.02501485  
INFO|2024-09-25 15:08:13: 	ZTest-ema: PQ_Vm_rmse: 0.001407  PQ_Va_rmse: 0.036984  PV_Va_rmse: 0.035389  delta_p: 0.098101  delta_q: 0.024380  
INFO|2024-09-25 15:08:13: 	           ValOfEMA:0.036984/0.036984,  Epoch:67/67
INFO|2024-09-25 15:08:13: 	Time(ep):167s,  Val(curr/best):0.038358/0.037261,  Epoch(curr/best):67/62
INFO|2024-09-25 15:08:13: -------------------- Epoch: 68 --------------------
INFO|2024-09-25 15:08:27: Epoch[068/100], iter[040/392], loss_total:0.05503, loss_equ:0.12792 loss_pq_vm:0.00090 loss_pq_va:0.01667 loss_pv_va:0.01658
INFO|2024-09-25 15:08:39: Epoch[068/100], iter[079/392], loss_total:0.05685, loss_equ:0.12876 loss_pq_vm:0.00089 loss_pq_va:0.01769 loss_pv_va:0.01735
INFO|2024-09-25 15:08:51: Epoch[068/100], iter[118/392], loss_total:0.05388, loss_equ:0.12512 loss_pq_vm:0.00087 loss_pq_va:0.01643 loss_pv_va:0.01623
INFO|2024-09-25 15:09:03: Epoch[068/100], iter[157/392], loss_total:0.05521, loss_equ:0.12732 loss_pq_vm:0.00090 loss_pq_va:0.01673 loss_pv_va:0.01674
INFO|2024-09-25 15:09:15: Epoch[068/100], iter[196/392], loss_total:0.05778, loss_equ:0.12804 loss_pq_vm:0.00092 loss_pq_va:0.01793 loss_pv_va:0.01787
INFO|2024-09-25 15:09:28: Epoch[068/100], iter[235/392], loss_total:0.05392, loss_equ:0.12679 loss_pq_vm:0.00086 loss_pq_va:0.01655 loss_pv_va:0.01609
INFO|2024-09-25 15:09:40: Epoch[068/100], iter[274/392], loss_total:0.05466, loss_equ:0.12636 loss_pq_vm:0.00088 loss_pq_va:0.01663 loss_pv_va:0.01660
INFO|2024-09-25 15:09:52: Epoch[068/100], iter[313/392], loss_total:0.05557, loss_equ:0.12870 loss_pq_vm:0.00097 loss_pq_va:0.01657 loss_pv_va:0.01645
INFO|2024-09-25 15:10:04: Epoch[068/100], iter[352/392], loss_total:0.05853, loss_equ:0.12864 loss_pq_vm:0.00089 loss_pq_va:0.01859 loss_pv_va:0.01816
INFO|2024-09-25 15:10:17: Epoch[068/100], iter[392/392], loss_total:0.05878, loss_equ:0.12552 loss_pq_vm:0.00089 loss_pq_va:0.01884 loss_pv_va:0.01851
INFO|2024-09-25 15:11:04: Epoch 67/100, lr:  0.00023977, eta: 1.52h, train_loss:  0.05619, valid_loss:  0.07377
INFO|2024-09-25 15:11:04: 	Train: PQ_Vm_rmse: 0.00123279  PQ_Va_rmse: 0.02582411  PV_Va_rmse: 0.02475009  delta_p: 0.08514069  delta_q: 0.02236143  
INFO|2024-09-25 15:11:04: 	ZTest: PQ_Vm_rmse: 0.00147747  PQ_Va_rmse: 0.03723578  PV_Va_rmse: 0.03569595  delta_p: 0.09973615  delta_q: 0.02509438  
INFO|2024-09-25 15:11:04: 	ZTest-ema: PQ_Vm_rmse: 0.001398  PQ_Va_rmse: 0.036920  PV_Va_rmse: 0.035334  delta_p: 0.098031  delta_q: 0.024278  
INFO|2024-09-25 15:11:04: 	           ValOfEMA:0.036920/0.036920,  Epoch:68/68
INFO|2024-09-25 15:11:06: 	Time(ep):170s,  Val(curr/best):0.037236/0.037236,  Epoch(curr/best):68/68
INFO|2024-09-25 15:11:06: -------------------- Epoch: 69 --------------------
INFO|2024-09-25 15:11:19: Epoch[069/100], iter[040/392], loss_total:0.05419, loss_equ:0.12656 loss_pq_vm:0.00087 loss_pq_va:0.01662 loss_pv_va:0.01620
INFO|2024-09-25 15:11:31: Epoch[069/100], iter[079/392], loss_total:0.05678, loss_equ:0.12527 loss_pq_vm:0.00090 loss_pq_va:0.01776 loss_pv_va:0.01749
INFO|2024-09-25 15:11:43: Epoch[069/100], iter[118/392], loss_total:0.05567, loss_equ:0.12658 loss_pq_vm:0.00088 loss_pq_va:0.01710 loss_pv_va:0.01710
INFO|2024-09-25 15:11:55: Epoch[069/100], iter[157/392], loss_total:0.05783, loss_equ:0.12786 loss_pq_vm:0.00092 loss_pq_va:0.01805 loss_pv_va:0.01775
INFO|2024-09-25 15:12:08: Epoch[069/100], iter[196/392], loss_total:0.05394, loss_equ:0.12388 loss_pq_vm:0.00090 loss_pq_va:0.01652 loss_pv_va:0.01601
INFO|2024-09-25 15:12:20: Epoch[069/100], iter[235/392], loss_total:0.05758, loss_equ:0.12723 loss_pq_vm:0.00089 loss_pq_va:0.01812 loss_pv_va:0.01781
INFO|2024-09-25 15:12:32: Epoch[069/100], iter[274/392], loss_total:0.05591, loss_equ:0.12666 loss_pq_vm:0.00088 loss_pq_va:0.01739 loss_pv_va:0.01704
INFO|2024-09-25 15:12:44: Epoch[069/100], iter[313/392], loss_total:0.05653, loss_equ:0.12676 loss_pq_vm:0.00088 loss_pq_va:0.01763 loss_pv_va:0.01740
INFO|2024-09-25 15:12:57: Epoch[069/100], iter[352/392], loss_total:0.05671, loss_equ:0.12676 loss_pq_vm:0.00089 loss_pq_va:0.01769 loss_pv_va:0.01742
INFO|2024-09-25 15:13:09: Epoch[069/100], iter[392/392], loss_total:0.05603, loss_equ:0.12742 loss_pq_vm:0.00089 loss_pq_va:0.01734 loss_pv_va:0.01705
INFO|2024-09-25 15:14:00: Epoch 68/100, lr:  0.00022677, eta: 1.5h, train_loss:  0.05564, valid_loss:  0.07336
INFO|2024-09-25 15:14:00: 	Train: PQ_Vm_rmse: 0.00121759  PQ_Va_rmse: 0.02562036  PV_Va_rmse: 0.02454604  delta_p: 0.08480509  delta_q: 0.02218503  
INFO|2024-09-25 15:14:00: 	ZTest: PQ_Vm_rmse: 0.00141489  PQ_Va_rmse: 0.03737562  PV_Va_rmse: 0.03578781  delta_p: 0.10026633  delta_q: 0.02469587  
INFO|2024-09-25 15:14:00: 	ZTest-ema: PQ_Vm_rmse: 0.001390  PQ_Va_rmse: 0.036862  PV_Va_rmse: 0.035286  delta_p: 0.097992  delta_q: 0.024171  
INFO|2024-09-25 15:14:00: 	           ValOfEMA:0.036862/0.036862,  Epoch:69/69
INFO|2024-09-25 15:14:01: 	Time(ep):174s,  Val(curr/best):0.037376/0.037236,  Epoch(curr/best):69/68
INFO|2024-09-25 15:14:01: -------------------- Epoch: 70 --------------------
INFO|2024-09-25 15:14:14: Epoch[070/100], iter[040/392], loss_total:0.05583, loss_equ:0.12482 loss_pq_vm:0.00091 loss_pq_va:0.01729 loss_pv_va:0.01691
INFO|2024-09-25 15:14:26: Epoch[070/100], iter[079/392], loss_total:0.05695, loss_equ:0.12943 loss_pq_vm:0.00092 loss_pq_va:0.01742 loss_pv_va:0.01742
INFO|2024-09-25 15:14:38: Epoch[070/100], iter[118/392], loss_total:0.05388, loss_equ:0.12505 loss_pq_vm:0.00089 loss_pq_va:0.01643 loss_pv_va:0.01603
INFO|2024-09-25 15:14:50: Epoch[070/100], iter[157/392], loss_total:0.05470, loss_equ:0.12658 loss_pq_vm:0.00087 loss_pq_va:0.01674 loss_pv_va:0.01656
INFO|2024-09-25 15:15:02: Epoch[070/100], iter[196/392], loss_total:0.05554, loss_equ:0.12875 loss_pq_vm:0.00095 loss_pq_va:0.01656 loss_pv_va:0.01657
INFO|2024-09-25 15:15:14: Epoch[070/100], iter[235/392], loss_total:0.05702, loss_equ:0.12673 loss_pq_vm:0.00089 loss_pq_va:0.01792 loss_pv_va:0.01756
INFO|2024-09-25 15:15:27: Epoch[070/100], iter[274/392], loss_total:0.05383, loss_equ:0.12420 loss_pq_vm:0.00088 loss_pq_va:0.01653 loss_pv_va:0.01612
INFO|2024-09-25 15:15:39: Epoch[070/100], iter[313/392], loss_total:0.05523, loss_equ:0.12644 loss_pq_vm:0.00087 loss_pq_va:0.01704 loss_pv_va:0.01685
INFO|2024-09-25 15:15:51: Epoch[070/100], iter[352/392], loss_total:0.05502, loss_equ:0.12680 loss_pq_vm:0.00086 loss_pq_va:0.01697 loss_pv_va:0.01674
INFO|2024-09-25 15:16:04: Epoch[070/100], iter[392/392], loss_total:0.05370, loss_equ:0.12699 loss_pq_vm:0.00089 loss_pq_va:0.01624 loss_pv_va:0.01586
INFO|2024-09-25 15:16:51: Epoch 69/100, lr:  0.00021405, eta: 1.42h, train_loss:  0.05543, valid_loss:  0.07308
INFO|2024-09-25 15:16:51: 	Train: PQ_Vm_rmse: 0.00121089  PQ_Va_rmse: 0.02554197  PV_Va_rmse: 0.02446604  delta_p: 0.08448367  delta_q: 0.02205833  
INFO|2024-09-25 15:16:51: 	ZTest: PQ_Vm_rmse: 0.00143347  PQ_Va_rmse: 0.03693700  PV_Va_rmse: 0.03541360  delta_p: 0.10017433  delta_q: 0.02453837  
INFO|2024-09-25 15:16:51: 	ZTest-ema: PQ_Vm_rmse: 0.001382  PQ_Va_rmse: 0.036827  PV_Va_rmse: 0.035254  delta_p: 0.097809  delta_q: 0.024062  
INFO|2024-09-25 15:16:51: 	           ValOfEMA:0.036827/0.036827,  Epoch:70/70
INFO|2024-09-25 15:16:52: 	Time(ep):170s,  Val(curr/best):0.036937/0.036937,  Epoch(curr/best):70/70
INFO|2024-09-25 15:16:52: -------------------- Epoch: 71 --------------------
INFO|2024-09-25 15:17:06: Epoch[071/100], iter[040/392], loss_total:0.05631, loss_equ:0.12524 loss_pq_vm:0.00087 loss_pq_va:0.01769 loss_pv_va:0.01741
INFO|2024-09-25 15:17:18: Epoch[071/100], iter[079/392], loss_total:0.05481, loss_equ:0.12604 loss_pq_vm:0.00088 loss_pq_va:0.01677 loss_pv_va:0.01663
INFO|2024-09-25 15:17:31: Epoch[071/100], iter[118/392], loss_total:0.05565, loss_equ:0.12598 loss_pq_vm:0.00094 loss_pq_va:0.01704 loss_pv_va:0.01660
INFO|2024-09-25 15:17:43: Epoch[071/100], iter[157/392], loss_total:0.05492, loss_equ:0.12648 loss_pq_vm:0.00086 loss_pq_va:0.01700 loss_pv_va:0.01667
INFO|2024-09-25 15:17:55: Epoch[071/100], iter[196/392], loss_total:0.05588, loss_equ:0.12486 loss_pq_vm:0.00095 loss_pq_va:0.01715 loss_pv_va:0.01677
INFO|2024-09-25 15:18:07: Epoch[071/100], iter[235/392], loss_total:0.05525, loss_equ:0.12481 loss_pq_vm:0.00088 loss_pq_va:0.01707 loss_pv_va:0.01692
INFO|2024-09-25 15:18:20: Epoch[071/100], iter[274/392], loss_total:0.05360, loss_equ:0.12312 loss_pq_vm:0.00085 loss_pq_va:0.01638 loss_pv_va:0.01644
INFO|2024-09-25 15:18:32: Epoch[071/100], iter[313/392], loss_total:0.05447, loss_equ:0.12514 loss_pq_vm:0.00087 loss_pq_va:0.01674 loss_pv_va:0.01655
INFO|2024-09-25 15:18:44: Epoch[071/100], iter[352/392], loss_total:0.05360, loss_equ:0.12336 loss_pq_vm:0.00086 loss_pq_va:0.01654 loss_pv_va:0.01615
INFO|2024-09-25 15:18:56: Epoch[071/100], iter[392/392], loss_total:0.05550, loss_equ:0.12717 loss_pq_vm:0.00095 loss_pq_va:0.01674 loss_pv_va:0.01656
INFO|2024-09-25 15:19:44: Epoch 70/100, lr:  0.00020161, eta: 1.39h, train_loss:  0.05513, valid_loss:  0.07311
INFO|2024-09-25 15:19:44: 	Train: PQ_Vm_rmse: 0.00120761  PQ_Va_rmse: 0.02540354  PV_Va_rmse: 0.02433628  delta_p: 0.08418176  delta_q: 0.02198626  
INFO|2024-09-25 15:19:44: 	ZTest: PQ_Vm_rmse: 0.00140919  PQ_Va_rmse: 0.03714880  PV_Va_rmse: 0.03555073  delta_p: 0.09949177  delta_q: 0.02446460  
INFO|2024-09-25 15:19:44: 	ZTest-ema: PQ_Vm_rmse: 0.001376  PQ_Va_rmse: 0.036849  PV_Va_rmse: 0.035286  delta_p: 0.097589  delta_q: 0.023961  
INFO|2024-09-25 15:19:44: 	           ValOfEMA:0.036849/0.036827,  Epoch:71/70
INFO|2024-09-25 15:19:45: 	Time(ep):171s,  Val(curr/best):0.037149/0.036937,  Epoch(curr/best):71/70
INFO|2024-09-25 15:19:45: -------------------- Epoch: 72 --------------------
INFO|2024-09-25 15:19:59: Epoch[072/100], iter[040/392], loss_total:0.05583, loss_equ:0.12328 loss_pq_vm:0.00086 loss_pq_va:0.01760 loss_pv_va:0.01731
INFO|2024-09-25 15:20:10: Epoch[072/100], iter[079/392], loss_total:0.05409, loss_equ:0.12366 loss_pq_vm:0.00086 loss_pq_va:0.01676 loss_pv_va:0.01632
INFO|2024-09-25 15:20:22: Epoch[072/100], iter[118/392], loss_total:0.05347, loss_equ:0.12406 loss_pq_vm:0.00084 loss_pq_va:0.01647 loss_pv_va:0.01615
INFO|2024-09-25 15:20:34: Epoch[072/100], iter[157/392], loss_total:0.05447, loss_equ:0.12422 loss_pq_vm:0.00087 loss_pq_va:0.01680 loss_pv_va:0.01656
INFO|2024-09-25 15:20:46: Epoch[072/100], iter[196/392], loss_total:0.05378, loss_equ:0.12501 loss_pq_vm:0.00088 loss_pq_va:0.01625 loss_pv_va:0.01627
INFO|2024-09-25 15:20:58: Epoch[072/100], iter[235/392], loss_total:0.05574, loss_equ:0.12545 loss_pq_vm:0.00088 loss_pq_va:0.01715 loss_pv_va:0.01725
INFO|2024-09-25 15:21:09: Epoch[072/100], iter[274/392], loss_total:0.05410, loss_equ:0.12338 loss_pq_vm:0.00085 loss_pq_va:0.01679 loss_pv_va:0.01651
INFO|2024-09-25 15:21:21: Epoch[072/100], iter[313/392], loss_total:0.05614, loss_equ:0.12240 loss_pq_vm:0.00087 loss_pq_va:0.01770 loss_pv_va:0.01749
INFO|2024-09-25 15:21:33: Epoch[072/100], iter[352/392], loss_total:0.05553, loss_equ:0.12576 loss_pq_vm:0.00087 loss_pq_va:0.01733 loss_pv_va:0.01694
INFO|2024-09-25 15:21:45: Epoch[072/100], iter[392/392], loss_total:0.05556, loss_equ:0.12433 loss_pq_vm:0.00087 loss_pq_va:0.01726 loss_pv_va:0.01720
INFO|2024-09-25 15:22:32: Epoch 71/100, lr:  0.00018948, eta: 1.3h, train_loss:  0.05462, valid_loss:  0.07260
INFO|2024-09-25 15:22:32: 	Train: PQ_Vm_rmse: 0.00119010  PQ_Va_rmse: 0.02524150  PV_Va_rmse: 0.02417900  delta_p: 0.08381677  delta_q: 0.02174510  
INFO|2024-09-25 15:22:32: 	ZTest: PQ_Vm_rmse: 0.00138226  PQ_Va_rmse: 0.03680707  PV_Va_rmse: 0.03527255  delta_p: 0.09934276  delta_q: 0.02436031  
INFO|2024-09-25 15:22:32: 	ZTest-ema: PQ_Vm_rmse: 0.001369  PQ_Va_rmse: 0.036771  PV_Va_rmse: 0.035216  delta_p: 0.097632  delta_q: 0.023892  
INFO|2024-09-25 15:22:32: 	           ValOfEMA:0.036771/0.036771,  Epoch:72/72
INFO|2024-09-25 15:22:33: 	Time(ep):166s,  Val(curr/best):0.036807/0.036807,  Epoch(curr/best):72/72
INFO|2024-09-25 15:22:33: -------------------- Epoch: 73 --------------------
INFO|2024-09-25 15:22:47: Epoch[073/100], iter[040/392], loss_total:0.05320, loss_equ:0.12230 loss_pq_vm:0.00086 loss_pq_va:0.01629 loss_pv_va:0.01609
INFO|2024-09-25 15:22:58: Epoch[073/100], iter[079/392], loss_total:0.05337, loss_equ:0.12465 loss_pq_vm:0.00085 loss_pq_va:0.01635 loss_pv_va:0.01608
INFO|2024-09-25 15:23:10: Epoch[073/100], iter[118/392], loss_total:0.05530, loss_equ:0.12514 loss_pq_vm:0.00086 loss_pq_va:0.01735 loss_pv_va:0.01687
INFO|2024-09-25 15:23:22: Epoch[073/100], iter[157/392], loss_total:0.05388, loss_equ:0.12316 loss_pq_vm:0.00089 loss_pq_va:0.01644 loss_pv_va:0.01620
INFO|2024-09-25 15:23:34: Epoch[073/100], iter[196/392], loss_total:0.05444, loss_equ:0.12540 loss_pq_vm:0.00085 loss_pq_va:0.01688 loss_pv_va:0.01653
INFO|2024-09-25 15:23:46: Epoch[073/100], iter[235/392], loss_total:0.05571, loss_equ:0.12416 loss_pq_vm:0.00085 loss_pq_va:0.01760 loss_pv_va:0.01717
INFO|2024-09-25 15:23:57: Epoch[073/100], iter[274/392], loss_total:0.05383, loss_equ:0.12418 loss_pq_vm:0.00087 loss_pq_va:0.01647 loss_pv_va:0.01625
INFO|2024-09-25 15:24:09: Epoch[073/100], iter[313/392], loss_total:0.05529, loss_equ:0.12199 loss_pq_vm:0.00085 loss_pq_va:0.01742 loss_pv_va:0.01716
INFO|2024-09-25 15:24:21: Epoch[073/100], iter[352/392], loss_total:0.05203, loss_equ:0.12235 loss_pq_vm:0.00086 loss_pq_va:0.01559 loss_pv_va:0.01561
INFO|2024-09-25 15:24:32: Epoch[073/100], iter[392/392], loss_total:0.05870, loss_equ:0.12881 loss_pq_vm:0.00088 loss_pq_va:0.01870 loss_pv_va:0.01832
INFO|2024-09-25 15:25:20: Epoch 72/100, lr:  0.00017765, eta: 1.25h, train_loss:  0.05429, valid_loss:  0.07343
INFO|2024-09-25 15:25:20: 	Train: PQ_Vm_rmse: 0.00117989  PQ_Va_rmse: 0.02510967  PV_Va_rmse: 0.02405523  delta_p: 0.08361275  delta_q: 0.02161662  
INFO|2024-09-25 15:25:20: 	ZTest: PQ_Vm_rmse: 0.00142580  PQ_Va_rmse: 0.03701692  PV_Va_rmse: 0.03549049  delta_p: 0.09902239  delta_q: 0.02478569  
INFO|2024-09-25 15:25:20: 	ZTest-ema: PQ_Vm_rmse: 0.001363  PQ_Va_rmse: 0.036766  PV_Va_rmse: 0.035219  delta_p: 0.097455  delta_q: 0.023789  
INFO|2024-09-25 15:25:20: 	           ValOfEMA:0.036766/0.036766,  Epoch:73/73
INFO|2024-09-25 15:25:21: 	Time(ep):166s,  Val(curr/best):0.037017/0.036807,  Epoch(curr/best):73/72
INFO|2024-09-25 15:25:21: -------------------- Epoch: 74 --------------------
INFO|2024-09-25 15:25:34: Epoch[074/100], iter[040/392], loss_total:0.05317, loss_equ:0.12339 loss_pq_vm:0.00088 loss_pq_va:0.01625 loss_pv_va:0.01576
INFO|2024-09-25 15:25:46: Epoch[074/100], iter[079/392], loss_total:0.05201, loss_equ:0.12320 loss_pq_vm:0.00086 loss_pq_va:0.01562 loss_pv_va:0.01543
INFO|2024-09-25 15:25:57: Epoch[074/100], iter[118/392], loss_total:0.05232, loss_equ:0.12378 loss_pq_vm:0.00083 loss_pq_va:0.01600 loss_pv_va:0.01567
INFO|2024-09-25 15:26:09: Epoch[074/100], iter[157/392], loss_total:0.05346, loss_equ:0.12151 loss_pq_vm:0.00085 loss_pq_va:0.01664 loss_pv_va:0.01615
INFO|2024-09-25 15:26:20: Epoch[074/100], iter[196/392], loss_total:0.05200, loss_equ:0.12037 loss_pq_vm:0.00085 loss_pq_va:0.01579 loss_pv_va:0.01566
INFO|2024-09-25 15:26:32: Epoch[074/100], iter[235/392], loss_total:0.05515, loss_equ:0.12368 loss_pq_vm:0.00085 loss_pq_va:0.01715 loss_pv_va:0.01715
INFO|2024-09-25 15:26:43: Epoch[074/100], iter[274/392], loss_total:0.05231, loss_equ:0.12182 loss_pq_vm:0.00084 loss_pq_va:0.01602 loss_pv_va:0.01570
INFO|2024-09-25 15:26:55: Epoch[074/100], iter[313/392], loss_total:0.05336, loss_equ:0.12361 loss_pq_vm:0.00085 loss_pq_va:0.01629 loss_pv_va:0.01626
INFO|2024-09-25 15:27:06: Epoch[074/100], iter[352/392], loss_total:0.05198, loss_equ:0.12213 loss_pq_vm:0.00084 loss_pq_va:0.01573 loss_pv_va:0.01562
INFO|2024-09-25 15:27:18: Epoch[074/100], iter[392/392], loss_total:0.05512, loss_equ:0.12513 loss_pq_vm:0.00084 loss_pq_va:0.01729 loss_pv_va:0.01692
INFO|2024-09-25 15:28:05: Epoch 73/100, lr:  0.00016615, eta: 1.18h, train_loss:  0.05391, valid_loss:  0.07257
INFO|2024-09-25 15:28:05: 	Train: PQ_Vm_rmse: 0.00117034  PQ_Va_rmse: 0.02497609  PV_Va_rmse: 0.02392324  delta_p: 0.08325684  delta_q: 0.02149556  
INFO|2024-09-25 15:28:05: 	ZTest: PQ_Vm_rmse: 0.00138461  PQ_Va_rmse: 0.03680254  PV_Va_rmse: 0.03529761  delta_p: 0.09931342  delta_q: 0.02430997  
INFO|2024-09-25 15:28:05: 	ZTest-ema: PQ_Vm_rmse: 0.001357  PQ_Va_rmse: 0.036733  PV_Va_rmse: 0.035191  delta_p: 0.097568  delta_q: 0.023737  
INFO|2024-09-25 15:28:05: 	           ValOfEMA:0.036733/0.036733,  Epoch:74/74
INFO|2024-09-25 15:28:06: 	Time(ep):163s,  Val(curr/best):0.036803/0.036803,  Epoch(curr/best):74/74
INFO|2024-09-25 15:28:06: -------------------- Epoch: 75 --------------------
INFO|2024-09-25 15:28:19: Epoch[075/100], iter[040/392], loss_total:0.05388, loss_equ:0.12426 loss_pq_vm:0.00086 loss_pq_va:0.01660 loss_pv_va:0.01623
INFO|2024-09-25 15:28:31: Epoch[075/100], iter[079/392], loss_total:0.05313, loss_equ:0.12421 loss_pq_vm:0.00086 loss_pq_va:0.01622 loss_pv_va:0.01591
INFO|2024-09-25 15:28:43: Epoch[075/100], iter[118/392], loss_total:0.05215, loss_equ:0.12048 loss_pq_vm:0.00086 loss_pq_va:0.01579 loss_pv_va:0.01574
INFO|2024-09-25 15:28:54: Epoch[075/100], iter[157/392], loss_total:0.05354, loss_equ:0.12105 loss_pq_vm:0.00083 loss_pq_va:0.01673 loss_pv_va:0.01643
INFO|2024-09-25 15:29:06: Epoch[075/100], iter[196/392], loss_total:0.05314, loss_equ:0.12359 loss_pq_vm:0.00089 loss_pq_va:0.01613 loss_pv_va:0.01579
INFO|2024-09-25 15:29:17: Epoch[075/100], iter[235/392], loss_total:0.05406, loss_equ:0.12117 loss_pq_vm:0.00083 loss_pq_va:0.01693 loss_pv_va:0.01667
INFO|2024-09-25 15:29:29: Epoch[075/100], iter[274/392], loss_total:0.05462, loss_equ:0.12420 loss_pq_vm:0.00086 loss_pq_va:0.01696 loss_pv_va:0.01667
INFO|2024-09-25 15:29:41: Epoch[075/100], iter[313/392], loss_total:0.05510, loss_equ:0.12508 loss_pq_vm:0.00088 loss_pq_va:0.01704 loss_pv_va:0.01675
INFO|2024-09-25 15:29:52: Epoch[075/100], iter[352/392], loss_total:0.05278, loss_equ:0.12168 loss_pq_vm:0.00083 loss_pq_va:0.01621 loss_pv_va:0.01605
INFO|2024-09-25 15:30:04: Epoch[075/100], iter[392/392], loss_total:0.05366, loss_equ:0.12462 loss_pq_vm:0.00084 loss_pq_va:0.01639 loss_pv_va:0.01640
INFO|2024-09-25 15:30:50: Epoch 74/100, lr:  0.00015498, eta: 1.13h, train_loss:  0.05369, valid_loss:  0.07378
INFO|2024-09-25 15:30:50: 	Train: PQ_Vm_rmse: 0.00116581  PQ_Va_rmse: 0.02487777  PV_Va_rmse: 0.02383690  delta_p: 0.08295193  delta_q: 0.02137688  
INFO|2024-09-25 15:30:50: 	ZTest: PQ_Vm_rmse: 0.00137015  PQ_Va_rmse: 0.03777097  PV_Va_rmse: 0.03618126  delta_p: 0.09911734  delta_q: 0.02405525  
INFO|2024-09-25 15:30:50: 	ZTest-ema: PQ_Vm_rmse: 0.001351  PQ_Va_rmse: 0.036731  PV_Va_rmse: 0.035194  delta_p: 0.097347  delta_q: 0.023641  
INFO|2024-09-25 15:30:50: 	           ValOfEMA:0.036731/0.036731,  Epoch:75/75
INFO|2024-09-25 15:30:50: 	Time(ep):163s,  Val(curr/best):0.037771/0.036803,  Epoch(curr/best):75/74
INFO|2024-09-25 15:30:50: -------------------- Epoch: 76 --------------------
INFO|2024-09-25 15:31:03: Epoch[076/100], iter[040/392], loss_total:0.05291, loss_equ:0.12041 loss_pq_vm:0.00085 loss_pq_va:0.01634 loss_pv_va:0.01602
INFO|2024-09-25 15:31:15: Epoch[076/100], iter[079/392], loss_total:0.05302, loss_equ:0.12288 loss_pq_vm:0.00087 loss_pq_va:0.01619 loss_pv_va:0.01587
INFO|2024-09-25 15:31:27: Epoch[076/100], iter[118/392], loss_total:0.05249, loss_equ:0.12194 loss_pq_vm:0.00084 loss_pq_va:0.01605 loss_pv_va:0.01585
INFO|2024-09-25 15:31:39: Epoch[076/100], iter[157/392], loss_total:0.05361, loss_equ:0.12485 loss_pq_vm:0.00085 loss_pq_va:0.01649 loss_pv_va:0.01609
INFO|2024-09-25 15:31:51: Epoch[076/100], iter[196/392], loss_total:0.05448, loss_equ:0.12609 loss_pq_vm:0.00088 loss_pq_va:0.01670 loss_pv_va:0.01637
INFO|2024-09-25 15:32:04: Epoch[076/100], iter[235/392], loss_total:0.05580, loss_equ:0.12500 loss_pq_vm:0.00085 loss_pq_va:0.01756 loss_pv_va:0.01725
INFO|2024-09-25 15:32:16: Epoch[076/100], iter[274/392], loss_total:0.05226, loss_equ:0.12232 loss_pq_vm:0.00088 loss_pq_va:0.01567 loss_pv_va:0.01558
INFO|2024-09-25 15:32:28: Epoch[076/100], iter[313/392], loss_total:0.05074, loss_equ:0.12042 loss_pq_vm:0.00085 loss_pq_va:0.01519 loss_pv_va:0.01505
INFO|2024-09-25 15:32:40: Epoch[076/100], iter[352/392], loss_total:0.05601, loss_equ:0.12468 loss_pq_vm:0.00083 loss_pq_va:0.01777 loss_pv_va:0.01744
INFO|2024-09-25 15:32:52: Epoch[076/100], iter[392/392], loss_total:0.05225, loss_equ:0.12071 loss_pq_vm:0.00082 loss_pq_va:0.01606 loss_pv_va:0.01589
INFO|2024-09-25 15:33:38: Epoch 75/100, lr:  0.00014416, eta: 1.12h, train_loss:  0.05334, valid_loss:  0.07252
INFO|2024-09-25 15:33:38: 	Train: PQ_Vm_rmse: 0.00115498  PQ_Va_rmse: 0.02474745  PV_Va_rmse: 0.02370873  delta_p: 0.08270219  delta_q: 0.02126154  
INFO|2024-09-25 15:33:38: 	ZTest: PQ_Vm_rmse: 0.00136236  PQ_Va_rmse: 0.03698235  PV_Va_rmse: 0.03543921  delta_p: 0.09881317  delta_q: 0.02391775  
INFO|2024-09-25 15:33:38: 	ZTest-ema: PQ_Vm_rmse: 0.001345  PQ_Va_rmse: 0.036696  PV_Va_rmse: 0.035167  delta_p: 0.097322  delta_q: 0.023575  
INFO|2024-09-25 15:33:38: 	           ValOfEMA:0.036696/0.036696,  Epoch:76/76
INFO|2024-09-25 15:33:39: 	Time(ep):167s,  Val(curr/best):0.036982/0.036803,  Epoch(curr/best):76/74
INFO|2024-09-25 15:33:39: -------------------- Epoch: 77 --------------------
INFO|2024-09-25 15:33:52: Epoch[077/100], iter[040/392], loss_total:0.05245, loss_equ:0.12078 loss_pq_vm:0.00082 loss_pq_va:0.01625 loss_pv_va:0.01592
INFO|2024-09-25 15:34:04: Epoch[077/100], iter[079/392], loss_total:0.05119, loss_equ:0.11991 loss_pq_vm:0.00083 loss_pq_va:0.01547 loss_pv_va:0.01538
INFO|2024-09-25 15:34:15: Epoch[077/100], iter[118/392], loss_total:0.05399, loss_equ:0.12380 loss_pq_vm:0.00087 loss_pq_va:0.01659 loss_pv_va:0.01634
INFO|2024-09-25 15:34:27: Epoch[077/100], iter[157/392], loss_total:0.05410, loss_equ:0.12228 loss_pq_vm:0.00084 loss_pq_va:0.01699 loss_pv_va:0.01652
INFO|2024-09-25 15:34:39: Epoch[077/100], iter[196/392], loss_total:0.05308, loss_equ:0.12123 loss_pq_vm:0.00082 loss_pq_va:0.01642 loss_pv_va:0.01631
INFO|2024-09-25 15:34:51: Epoch[077/100], iter[235/392], loss_total:0.05458, loss_equ:0.12444 loss_pq_vm:0.00084 loss_pq_va:0.01701 loss_pv_va:0.01672
INFO|2024-09-25 15:35:03: Epoch[077/100], iter[274/392], loss_total:0.05127, loss_equ:0.12216 loss_pq_vm:0.00083 loss_pq_va:0.01540 loss_pv_va:0.01531
INFO|2024-09-25 15:35:15: Epoch[077/100], iter[313/392], loss_total:0.05402, loss_equ:0.12338 loss_pq_vm:0.00083 loss_pq_va:0.01668 loss_pv_va:0.01667
INFO|2024-09-25 15:35:26: Epoch[077/100], iter[352/392], loss_total:0.05313, loss_equ:0.12420 loss_pq_vm:0.00084 loss_pq_va:0.01633 loss_pv_va:0.01599
INFO|2024-09-25 15:35:38: Epoch[077/100], iter[392/392], loss_total:0.05206, loss_equ:0.12077 loss_pq_vm:0.00085 loss_pq_va:0.01578 loss_pv_va:0.01568
INFO|2024-09-25 15:36:23: Epoch 76/100, lr:  0.00013370, eta: 1.05h, train_loss:  0.05303, valid_loss:  0.07227
INFO|2024-09-25 15:36:23: 	Train: PQ_Vm_rmse: 0.00114610  PQ_Va_rmse: 0.02462724  PV_Va_rmse: 0.02359605  delta_p: 0.08241281  delta_q: 0.02110857  
INFO|2024-09-25 15:36:23: 	ZTest: PQ_Vm_rmse: 0.00136022  PQ_Va_rmse: 0.03675339  PV_Va_rmse: 0.03525544  delta_p: 0.09870307  delta_q: 0.02396311  
INFO|2024-09-25 15:36:23: 	ZTest-ema: PQ_Vm_rmse: 0.001341  PQ_Va_rmse: 0.036684  PV_Va_rmse: 0.035168  delta_p: 0.097349  delta_q: 0.023530  
INFO|2024-09-25 15:36:23: 	           ValOfEMA:0.036684/0.036684,  Epoch:77/77
INFO|2024-09-25 15:36:24: 	Time(ep):163s,  Val(curr/best):0.036753/0.036753,  Epoch(curr/best):77/77
INFO|2024-09-25 15:36:24: -------------------- Epoch: 78 --------------------
INFO|2024-09-25 15:36:38: Epoch[078/100], iter[040/392], loss_total:0.05354, loss_equ:0.12208 loss_pq_vm:0.00086 loss_pq_va:0.01649 loss_pv_va:0.01628
INFO|2024-09-25 15:36:50: Epoch[078/100], iter[079/392], loss_total:0.05352, loss_equ:0.12169 loss_pq_vm:0.00084 loss_pq_va:0.01666 loss_pv_va:0.01633
INFO|2024-09-25 15:37:02: Epoch[078/100], iter[118/392], loss_total:0.05118, loss_equ:0.12002 loss_pq_vm:0.00082 loss_pq_va:0.01564 loss_pv_va:0.01531
INFO|2024-09-25 15:37:15: Epoch[078/100], iter[157/392], loss_total:0.05177, loss_equ:0.12169 loss_pq_vm:0.00085 loss_pq_va:0.01563 loss_pv_va:0.01549
INFO|2024-09-25 15:37:26: Epoch[078/100], iter[196/392], loss_total:0.05359, loss_equ:0.12076 loss_pq_vm:0.00084 loss_pq_va:0.01675 loss_pv_va:0.01641
INFO|2024-09-25 15:37:39: Epoch[078/100], iter[235/392], loss_total:0.05256, loss_equ:0.12118 loss_pq_vm:0.00084 loss_pq_va:0.01613 loss_pv_va:0.01595
INFO|2024-09-25 15:37:51: Epoch[078/100], iter[274/392], loss_total:0.05328, loss_equ:0.12190 loss_pq_vm:0.00082 loss_pq_va:0.01664 loss_pv_va:0.01626
INFO|2024-09-25 15:38:03: Epoch[078/100], iter[313/392], loss_total:0.04974, loss_equ:0.11796 loss_pq_vm:0.00081 loss_pq_va:0.01508 loss_pv_va:0.01472
INFO|2024-09-25 15:38:15: Epoch[078/100], iter[352/392], loss_total:0.05711, loss_equ:0.12199 loss_pq_vm:0.00090 loss_pq_va:0.01819 loss_pv_va:0.01773
INFO|2024-09-25 15:38:28: Epoch[078/100], iter[392/392], loss_total:0.05297, loss_equ:0.12088 loss_pq_vm:0.00083 loss_pq_va:0.01631 loss_pv_va:0.01627
INFO|2024-09-25 15:39:15: Epoch 77/100, lr:  0.00012360, eta: 1.05h, train_loss:  0.05282, valid_loss:  0.07230
INFO|2024-09-25 15:39:15: 	Train: PQ_Vm_rmse: 0.00114168  PQ_Va_rmse: 0.02455636  PV_Va_rmse: 0.02352219  delta_p: 0.08218557  delta_q: 0.02103332  
INFO|2024-09-25 15:39:15: 	ZTest: PQ_Vm_rmse: 0.00134909  PQ_Va_rmse: 0.03671701  PV_Va_rmse: 0.03524860  delta_p: 0.09835861  delta_q: 0.02381943  
INFO|2024-09-25 15:39:15: 	ZTest-ema: PQ_Vm_rmse: 0.001336  PQ_Va_rmse: 0.036692  PV_Va_rmse: 0.035177  delta_p: 0.097169  delta_q: 0.023453  
INFO|2024-09-25 15:39:15: 	           ValOfEMA:0.036692/0.036684,  Epoch:78/77
INFO|2024-09-25 15:39:16: 	Time(ep):171s,  Val(curr/best):0.036717/0.036717,  Epoch(curr/best):78/78
INFO|2024-09-25 15:39:16: -------------------- Epoch: 79 --------------------
INFO|2024-09-25 15:39:30: Epoch[079/100], iter[040/392], loss_total:0.05244, loss_equ:0.12135 loss_pq_vm:0.00081 loss_pq_va:0.01621 loss_pv_va:0.01599
INFO|2024-09-25 15:39:41: Epoch[079/100], iter[079/392], loss_total:0.05227, loss_equ:0.11982 loss_pq_vm:0.00081 loss_pq_va:0.01630 loss_pv_va:0.01594
INFO|2024-09-25 15:39:53: Epoch[079/100], iter[118/392], loss_total:0.05246, loss_equ:0.12410 loss_pq_vm:0.00084 loss_pq_va:0.01598 loss_pv_va:0.01567
INFO|2024-09-25 15:40:05: Epoch[079/100], iter[157/392], loss_total:0.05192, loss_equ:0.12052 loss_pq_vm:0.00082 loss_pq_va:0.01596 loss_pv_va:0.01574
INFO|2024-09-25 15:40:16: Epoch[079/100], iter[196/392], loss_total:0.05267, loss_equ:0.12270 loss_pq_vm:0.00084 loss_pq_va:0.01609 loss_pv_va:0.01587
INFO|2024-09-25 15:40:28: Epoch[079/100], iter[235/392], loss_total:0.05098, loss_equ:0.11940 loss_pq_vm:0.00080 loss_pq_va:0.01563 loss_pv_va:0.01539
INFO|2024-09-25 15:40:39: Epoch[079/100], iter[274/392], loss_total:0.05355, loss_equ:0.12137 loss_pq_vm:0.00084 loss_pq_va:0.01672 loss_pv_va:0.01631
INFO|2024-09-25 15:40:51: Epoch[079/100], iter[313/392], loss_total:0.05331, loss_equ:0.12211 loss_pq_vm:0.00082 loss_pq_va:0.01673 loss_pv_va:0.01615
INFO|2024-09-25 15:41:03: Epoch[079/100], iter[352/392], loss_total:0.05193, loss_equ:0.12082 loss_pq_vm:0.00082 loss_pq_va:0.01587 loss_pv_va:0.01574
INFO|2024-09-25 15:41:15: Epoch[079/100], iter[392/392], loss_total:0.05151, loss_equ:0.12155 loss_pq_vm:0.00084 loss_pq_va:0.01557 loss_pv_va:0.01539
INFO|2024-09-25 15:42:04: Epoch 78/100, lr:  0.00011387, eta: 0.98h, train_loss:  0.05247, valid_loss:  0.07208
INFO|2024-09-25 15:42:04: 	Train: PQ_Vm_rmse: 0.00113315  PQ_Va_rmse: 0.02441394  PV_Va_rmse: 0.02339545  delta_p: 0.08195455  delta_q: 0.02092033  
INFO|2024-09-25 15:42:04: 	ZTest: PQ_Vm_rmse: 0.00134376  PQ_Va_rmse: 0.03673702  PV_Va_rmse: 0.03523588  delta_p: 0.09811983  delta_q: 0.02375352  
INFO|2024-09-25 15:42:04: 	ZTest-ema: PQ_Vm_rmse: 0.001332  PQ_Va_rmse: 0.036679  PV_Va_rmse: 0.035170  delta_p: 0.097113  delta_q: 0.023390  
INFO|2024-09-25 15:42:04: 	           ValOfEMA:0.036679/0.036679,  Epoch:79/79
INFO|2024-09-25 15:42:05: 	Time(ep):167s,  Val(curr/best):0.036737/0.036717,  Epoch(curr/best):79/78
INFO|2024-09-25 15:42:05: -------------------- Epoch: 80 --------------------
INFO|2024-09-25 15:42:18: Epoch[080/100], iter[040/392], loss_total:0.05402, loss_equ:0.12268 loss_pq_vm:0.00081 loss_pq_va:0.01705 loss_pv_va:0.01661
INFO|2024-09-25 15:42:29: Epoch[080/100], iter[079/392], loss_total:0.05216, loss_equ:0.11997 loss_pq_vm:0.00083 loss_pq_va:0.01602 loss_pv_va:0.01586
INFO|2024-09-25 15:42:41: Epoch[080/100], iter[118/392], loss_total:0.05043, loss_equ:0.11983 loss_pq_vm:0.00082 loss_pq_va:0.01528 loss_pv_va:0.01499
INFO|2024-09-25 15:42:52: Epoch[080/100], iter[157/392], loss_total:0.05082, loss_equ:0.11883 loss_pq_vm:0.00081 loss_pq_va:0.01537 loss_pv_va:0.01541
INFO|2024-09-25 15:43:03: Epoch[080/100], iter[196/392], loss_total:0.05063, loss_equ:0.12087 loss_pq_vm:0.00082 loss_pq_va:0.01518 loss_pv_va:0.01520
INFO|2024-09-25 15:43:15: Epoch[080/100], iter[235/392], loss_total:0.05408, loss_equ:0.12109 loss_pq_vm:0.00083 loss_pq_va:0.01706 loss_pv_va:0.01663
INFO|2024-09-25 15:43:27: Epoch[080/100], iter[274/392], loss_total:0.05204, loss_equ:0.12132 loss_pq_vm:0.00082 loss_pq_va:0.01590 loss_pv_va:0.01576
INFO|2024-09-25 15:43:38: Epoch[080/100], iter[313/392], loss_total:0.05568, loss_equ:0.12275 loss_pq_vm:0.00082 loss_pq_va:0.01777 loss_pv_va:0.01742
INFO|2024-09-25 15:43:49: Epoch[080/100], iter[352/392], loss_total:0.05151, loss_equ:0.12028 loss_pq_vm:0.00081 loss_pq_va:0.01585 loss_pv_va:0.01550
INFO|2024-09-25 15:44:01: Epoch[080/100], iter[392/392], loss_total:0.05349, loss_equ:0.12186 loss_pq_vm:0.00081 loss_pq_va:0.01671 loss_pv_va:0.01645
INFO|2024-09-25 15:44:48: Epoch 79/100, lr:  0.00010454, eta: 0.91h, train_loss:  0.05224, valid_loss:  0.07212
INFO|2024-09-25 15:44:48: 	Train: PQ_Vm_rmse: 0.00112780  PQ_Va_rmse: 0.02433314  PV_Va_rmse: 0.02331775  delta_p: 0.08169489  delta_q: 0.02080049  
INFO|2024-09-25 15:44:48: 	ZTest: PQ_Vm_rmse: 0.00134983  PQ_Va_rmse: 0.03665636  PV_Va_rmse: 0.03515677  delta_p: 0.09851222  delta_q: 0.02380994  
INFO|2024-09-25 15:44:48: 	ZTest-ema: PQ_Vm_rmse: 0.001328  PQ_Va_rmse: 0.036667  PV_Va_rmse: 0.035163  delta_p: 0.097041  delta_q: 0.023338  
INFO|2024-09-25 15:44:48: 	           ValOfEMA:0.036667/0.036667,  Epoch:80/80
INFO|2024-09-25 15:44:50: 	Time(ep):163s,  Val(curr/best):0.036656/0.036656,  Epoch(curr/best):80/80
INFO|2024-09-25 15:44:50: -------------------- Epoch: 81 --------------------
INFO|2024-09-25 15:45:03: Epoch[081/100], iter[040/392], loss_total:0.05227, loss_equ:0.12113 loss_pq_vm:0.00082 loss_pq_va:0.01624 loss_pv_va:0.01576
INFO|2024-09-25 15:45:14: Epoch[081/100], iter[079/392], loss_total:0.05104, loss_equ:0.11822 loss_pq_vm:0.00080 loss_pq_va:0.01586 loss_pv_va:0.01532
INFO|2024-09-25 15:45:26: Epoch[081/100], iter[118/392], loss_total:0.05165, loss_equ:0.12165 loss_pq_vm:0.00081 loss_pq_va:0.01565 loss_pv_va:0.01575
INFO|2024-09-25 15:45:37: Epoch[081/100], iter[157/392], loss_total:0.05291, loss_equ:0.11903 loss_pq_vm:0.00082 loss_pq_va:0.01643 loss_pv_va:0.01633
INFO|2024-09-25 15:45:49: Epoch[081/100], iter[196/392], loss_total:0.05295, loss_equ:0.12244 loss_pq_vm:0.00084 loss_pq_va:0.01623 loss_pv_va:0.01610
INFO|2024-09-25 15:46:00: Epoch[081/100], iter[235/392], loss_total:0.05101, loss_equ:0.12103 loss_pq_vm:0.00082 loss_pq_va:0.01540 loss_pv_va:0.01535
INFO|2024-09-25 15:46:12: Epoch[081/100], iter[274/392], loss_total:0.04996, loss_equ:0.11938 loss_pq_vm:0.00083 loss_pq_va:0.01499 loss_pv_va:0.01479
INFO|2024-09-25 15:46:23: Epoch[081/100], iter[313/392], loss_total:0.05342, loss_equ:0.12219 loss_pq_vm:0.00082 loss_pq_va:0.01656 loss_pv_va:0.01642
INFO|2024-09-25 15:46:35: Epoch[081/100], iter[352/392], loss_total:0.05198, loss_equ:0.12096 loss_pq_vm:0.00080 loss_pq_va:0.01595 loss_pv_va:0.01589
INFO|2024-09-25 15:46:47: Epoch[081/100], iter[392/392], loss_total:0.05066, loss_equ:0.11933 loss_pq_vm:0.00082 loss_pq_va:0.01523 loss_pv_va:0.01531
INFO|2024-09-25 15:47:33: Epoch 80/100, lr:  0.00009560, eta: 0.86h, train_loss:  0.05193, valid_loss:  0.07212
INFO|2024-09-25 15:47:33: 	Train: PQ_Vm_rmse: 0.00111981  PQ_Va_rmse: 0.02422268  PV_Va_rmse: 0.02319861  delta_p: 0.08147660  delta_q: 0.02071309  
INFO|2024-09-25 15:47:33: 	ZTest: PQ_Vm_rmse: 0.00133846  PQ_Va_rmse: 0.03692723  PV_Va_rmse: 0.03542670  delta_p: 0.09737406  delta_q: 0.02351073  
INFO|2024-09-25 15:47:33: 	ZTest-ema: PQ_Vm_rmse: 0.001324  PQ_Va_rmse: 0.036660  PV_Va_rmse: 0.035158  delta_p: 0.097065  delta_q: 0.023291  
INFO|2024-09-25 15:47:33: 	           ValOfEMA:0.036660/0.036660,  Epoch:81/81
INFO|2024-09-25 15:47:34: 	Time(ep):163s,  Val(curr/best):0.036927/0.036656,  Epoch(curr/best):81/80
INFO|2024-09-25 15:47:34: -------------------- Epoch: 82 --------------------
INFO|2024-09-25 15:47:47: Epoch[082/100], iter[040/392], loss_total:0.05015, loss_equ:0.11750 loss_pq_vm:0.00080 loss_pq_va:0.01530 loss_pv_va:0.01506
INFO|2024-09-25 15:47:59: Epoch[082/100], iter[079/392], loss_total:0.05018, loss_equ:0.12041 loss_pq_vm:0.00082 loss_pq_va:0.01505 loss_pv_va:0.01493
INFO|2024-09-25 15:48:11: Epoch[082/100], iter[118/392], loss_total:0.05112, loss_equ:0.12030 loss_pq_vm:0.00081 loss_pq_va:0.01551 loss_pv_va:0.01547
INFO|2024-09-25 15:48:24: Epoch[082/100], iter[157/392], loss_total:0.05024, loss_equ:0.11762 loss_pq_vm:0.00080 loss_pq_va:0.01539 loss_pv_va:0.01509
INFO|2024-09-25 15:48:36: Epoch[082/100], iter[196/392], loss_total:0.05319, loss_equ:0.12011 loss_pq_vm:0.00082 loss_pq_va:0.01663 loss_pv_va:0.01639
INFO|2024-09-25 15:48:47: Epoch[082/100], iter[235/392], loss_total:0.05476, loss_equ:0.12244 loss_pq_vm:0.00082 loss_pq_va:0.01727 loss_pv_va:0.01705
INFO|2024-09-25 15:48:59: Epoch[082/100], iter[274/392], loss_total:0.05012, loss_equ:0.11821 loss_pq_vm:0.00081 loss_pq_va:0.01520 loss_pv_va:0.01501
INFO|2024-09-25 15:49:11: Epoch[082/100], iter[313/392], loss_total:0.05236, loss_equ:0.12050 loss_pq_vm:0.00082 loss_pq_va:0.01616 loss_pv_va:0.01600
INFO|2024-09-25 15:49:24: Epoch[082/100], iter[352/392], loss_total:0.05074, loss_equ:0.11862 loss_pq_vm:0.00081 loss_pq_va:0.01544 loss_pv_va:0.01535
INFO|2024-09-25 15:49:36: Epoch[082/100], iter[392/392], loss_total:0.05084, loss_equ:0.11893 loss_pq_vm:0.00082 loss_pq_va:0.01544 loss_pv_va:0.01526
INFO|2024-09-25 15:50:24: Epoch 81/100, lr:  0.00008706, eta: 0.85h, train_loss:  0.05170, valid_loss:  0.07224
INFO|2024-09-25 15:50:24: 	Train: PQ_Vm_rmse: 0.00111402  PQ_Va_rmse: 0.02415161  PV_Va_rmse: 0.02312766  delta_p: 0.08124714  delta_q: 0.02061834  
INFO|2024-09-25 15:50:24: 	ZTest: PQ_Vm_rmse: 0.00133524  PQ_Va_rmse: 0.03696559  PV_Va_rmse: 0.03542887  delta_p: 0.09791549  delta_q: 0.02356237  
INFO|2024-09-25 15:50:24: 	ZTest-ema: PQ_Vm_rmse: 0.001320  PQ_Va_rmse: 0.036656  PV_Va_rmse: 0.035160  delta_p: 0.097033  delta_q: 0.023250  
INFO|2024-09-25 15:50:24: 	           ValOfEMA:0.036656/0.036656,  Epoch:82/82
INFO|2024-09-25 15:50:25: 	Time(ep):170s,  Val(curr/best):0.036966/0.036656,  Epoch(curr/best):82/80
INFO|2024-09-25 15:50:25: -------------------- Epoch: 83 --------------------
INFO|2024-09-25 15:50:38: Epoch[083/100], iter[040/392], loss_total:0.04967, loss_equ:0.11905 loss_pq_vm:0.00081 loss_pq_va:0.01499 loss_pv_va:0.01470
INFO|2024-09-25 15:50:50: Epoch[083/100], iter[079/392], loss_total:0.04979, loss_equ:0.11953 loss_pq_vm:0.00079 loss_pq_va:0.01506 loss_pv_va:0.01485
INFO|2024-09-25 15:51:02: Epoch[083/100], iter[118/392], loss_total:0.05257, loss_equ:0.12348 loss_pq_vm:0.00082 loss_pq_va:0.01620 loss_pv_va:0.01586
INFO|2024-09-25 15:51:13: Epoch[083/100], iter[157/392], loss_total:0.05228, loss_equ:0.11804 loss_pq_vm:0.00081 loss_pq_va:0.01629 loss_pv_va:0.01612
INFO|2024-09-25 15:51:25: Epoch[083/100], iter[196/392], loss_total:0.05407, loss_equ:0.12249 loss_pq_vm:0.00082 loss_pq_va:0.01695 loss_pv_va:0.01664
INFO|2024-09-25 15:51:37: Epoch[083/100], iter[235/392], loss_total:0.05236, loss_equ:0.11889 loss_pq_vm:0.00080 loss_pq_va:0.01617 loss_pv_va:0.01635
INFO|2024-09-25 15:51:49: Epoch[083/100], iter[274/392], loss_total:0.05154, loss_equ:0.12126 loss_pq_vm:0.00082 loss_pq_va:0.01589 loss_pv_va:0.01529
INFO|2024-09-25 15:52:00: Epoch[083/100], iter[313/392], loss_total:0.05025, loss_equ:0.11893 loss_pq_vm:0.00081 loss_pq_va:0.01515 loss_pv_va:0.01515
INFO|2024-09-25 15:52:12: Epoch[083/100], iter[352/392], loss_total:0.05208, loss_equ:0.11926 loss_pq_vm:0.00083 loss_pq_va:0.01616 loss_pv_va:0.01574
INFO|2024-09-25 15:52:24: Epoch[083/100], iter[392/392], loss_total:0.05082, loss_equ:0.11990 loss_pq_vm:0.00081 loss_pq_va:0.01536 loss_pv_va:0.01539
INFO|2024-09-25 15:53:12: Epoch 82/100, lr:  0.00007893, eta: 0.79h, train_loss:  0.05147, valid_loss:  0.07215
INFO|2024-09-25 15:53:12: 	Train: PQ_Vm_rmse: 0.00110974  PQ_Va_rmse: 0.02406768  PV_Va_rmse: 0.02304888  delta_p: 0.08106507  delta_q: 0.02054900  
INFO|2024-09-25 15:53:12: 	ZTest: PQ_Vm_rmse: 0.00132983  PQ_Va_rmse: 0.03691338  PV_Va_rmse: 0.03538816  delta_p: 0.09765798  delta_q: 0.02349739  
INFO|2024-09-25 15:53:12: 	ZTest-ema: PQ_Vm_rmse: 0.001318  PQ_Va_rmse: 0.036641  PV_Va_rmse: 0.035148  delta_p: 0.097078  delta_q: 0.023210  
INFO|2024-09-25 15:53:12: 	           ValOfEMA:0.036641/0.036641,  Epoch:83/83
INFO|2024-09-25 15:53:13: 	Time(ep):166s,  Val(curr/best):0.036913/0.036656,  Epoch(curr/best):83/80
INFO|2024-09-25 15:53:13: -------------------- Epoch: 84 --------------------
INFO|2024-09-25 15:53:26: Epoch[084/100], iter[040/392], loss_total:0.05062, loss_equ:0.11832 loss_pq_vm:0.00080 loss_pq_va:0.01555 loss_pv_va:0.01521
INFO|2024-09-25 15:53:38: Epoch[084/100], iter[079/392], loss_total:0.04954, loss_equ:0.11791 loss_pq_vm:0.00081 loss_pq_va:0.01481 loss_pv_va:0.01487
INFO|2024-09-25 15:53:50: Epoch[084/100], iter[118/392], loss_total:0.05341, loss_equ:0.12134 loss_pq_vm:0.00081 loss_pq_va:0.01657 loss_pv_va:0.01656
INFO|2024-09-25 15:54:01: Epoch[084/100], iter[157/392], loss_total:0.05232, loss_equ:0.12047 loss_pq_vm:0.00082 loss_pq_va:0.01620 loss_pv_va:0.01589
INFO|2024-09-25 15:54:12: Epoch[084/100], iter[196/392], loss_total:0.05168, loss_equ:0.11907 loss_pq_vm:0.00082 loss_pq_va:0.01578 loss_pv_va:0.01579
INFO|2024-09-25 15:54:24: Epoch[084/100], iter[235/392], loss_total:0.04910, loss_equ:0.11715 loss_pq_vm:0.00081 loss_pq_va:0.01474 loss_pv_va:0.01459
INFO|2024-09-25 15:54:36: Epoch[084/100], iter[274/392], loss_total:0.05154, loss_equ:0.11972 loss_pq_vm:0.00080 loss_pq_va:0.01594 loss_pv_va:0.01559
INFO|2024-09-25 15:54:47: Epoch[084/100], iter[313/392], loss_total:0.05005, loss_equ:0.12028 loss_pq_vm:0.00081 loss_pq_va:0.01511 loss_pv_va:0.01483
INFO|2024-09-25 15:54:59: Epoch[084/100], iter[352/392], loss_total:0.05089, loss_equ:0.11855 loss_pq_vm:0.00081 loss_pq_va:0.01548 loss_pv_va:0.01543
INFO|2024-09-25 15:55:11: Epoch[084/100], iter[392/392], loss_total:0.05239, loss_equ:0.11887 loss_pq_vm:0.00081 loss_pq_va:0.01631 loss_pv_va:0.01604
INFO|2024-09-25 15:55:54: Epoch 83/100, lr:  0.00007123, eta: 0.72h, train_loss:  0.05129, valid_loss:  0.07189
INFO|2024-09-25 15:55:54: 	Train: PQ_Vm_rmse: 0.00110493  PQ_Va_rmse: 0.02400184  PV_Va_rmse: 0.02298345  delta_p: 0.08084967  delta_q: 0.02047359  
INFO|2024-09-25 15:55:54: 	ZTest: PQ_Vm_rmse: 0.00132397  PQ_Va_rmse: 0.03672730  PV_Va_rmse: 0.03526029  delta_p: 0.09752531  delta_q: 0.02336591  
INFO|2024-09-25 15:55:54: 	ZTest-ema: PQ_Vm_rmse: 0.001314  PQ_Va_rmse: 0.036638  PV_Va_rmse: 0.035150  delta_p: 0.096982  delta_q: 0.023162  
INFO|2024-09-25 15:55:54: 	           ValOfEMA:0.036638/0.036638,  Epoch:84/84
INFO|2024-09-25 15:55:55: 	Time(ep):160s,  Val(curr/best):0.036727/0.036656,  Epoch(curr/best):84/80
INFO|2024-09-25 15:55:55: -------------------- Epoch: 85 --------------------
INFO|2024-09-25 15:56:08: Epoch[085/100], iter[040/392], loss_total:0.05240, loss_equ:0.11756 loss_pq_vm:0.00081 loss_pq_va:0.01640 loss_pv_va:0.01617
INFO|2024-09-25 15:56:20: Epoch[085/100], iter[079/392], loss_total:0.05098, loss_equ:0.11788 loss_pq_vm:0.00080 loss_pq_va:0.01564 loss_pv_va:0.01553
INFO|2024-09-25 15:56:32: Epoch[085/100], iter[118/392], loss_total:0.05104, loss_equ:0.12181 loss_pq_vm:0.00081 loss_pq_va:0.01542 loss_pv_va:0.01531
INFO|2024-09-25 15:56:43: Epoch[085/100], iter[157/392], loss_total:0.05008, loss_equ:0.11722 loss_pq_vm:0.00080 loss_pq_va:0.01533 loss_pv_va:0.01502
INFO|2024-09-25 15:56:55: Epoch[085/100], iter[196/392], loss_total:0.04958, loss_equ:0.11777 loss_pq_vm:0.00080 loss_pq_va:0.01499 loss_pv_va:0.01487
INFO|2024-09-25 15:57:06: Epoch[085/100], iter[235/392], loss_total:0.04927, loss_equ:0.11800 loss_pq_vm:0.00079 loss_pq_va:0.01495 loss_pv_va:0.01459
INFO|2024-09-25 15:57:18: Epoch[085/100], iter[274/392], loss_total:0.05126, loss_equ:0.11821 loss_pq_vm:0.00080 loss_pq_va:0.01594 loss_pv_va:0.01554
INFO|2024-09-25 15:57:30: Epoch[085/100], iter[313/392], loss_total:0.05205, loss_equ:0.12044 loss_pq_vm:0.00081 loss_pq_va:0.01613 loss_pv_va:0.01581
INFO|2024-09-25 15:57:41: Epoch[085/100], iter[352/392], loss_total:0.05018, loss_equ:0.11848 loss_pq_vm:0.00078 loss_pq_va:0.01535 loss_pv_va:0.01515
INFO|2024-09-25 15:57:53: Epoch[085/100], iter[392/392], loss_total:0.05046, loss_equ:0.11908 loss_pq_vm:0.00081 loss_pq_va:0.01534 loss_pv_va:0.01509
INFO|2024-09-25 15:58:39: Epoch 84/100, lr:  0.00006395, eta: 0.68h, train_loss:  0.05110, valid_loss:  0.07220
INFO|2024-09-25 15:58:39: 	Train: PQ_Vm_rmse: 0.00110020  PQ_Va_rmse: 0.02391474  PV_Va_rmse: 0.02290701  delta_p: 0.08071159  delta_q: 0.02039188  
INFO|2024-09-25 15:58:39: 	ZTest: PQ_Vm_rmse: 0.00133374  PQ_Va_rmse: 0.03673968  PV_Va_rmse: 0.03524479  delta_p: 0.09812578  delta_q: 0.02358466  
INFO|2024-09-25 15:58:39: 	ZTest-ema: PQ_Vm_rmse: 0.001311  PQ_Va_rmse: 0.036624  PV_Va_rmse: 0.035144  delta_p: 0.097057  delta_q: 0.023143  
INFO|2024-09-25 15:58:39: 	           ValOfEMA:0.036624/0.036624,  Epoch:85/85
INFO|2024-09-25 15:58:40: 	Time(ep):163s,  Val(curr/best):0.036740/0.036656,  Epoch(curr/best):85/80
INFO|2024-09-25 15:58:40: -------------------- Epoch: 86 --------------------
INFO|2024-09-25 15:58:53: Epoch[086/100], iter[040/392], loss_total:0.05050, loss_equ:0.11813 loss_pq_vm:0.00079 loss_pq_va:0.01554 loss_pv_va:0.01526
INFO|2024-09-25 15:59:05: Epoch[086/100], iter[079/392], loss_total:0.04991, loss_equ:0.11623 loss_pq_vm:0.00080 loss_pq_va:0.01527 loss_pv_va:0.01498
INFO|2024-09-25 15:59:17: Epoch[086/100], iter[118/392], loss_total:0.05130, loss_equ:0.12010 loss_pq_vm:0.00082 loss_pq_va:0.01567 loss_pv_va:0.01543
INFO|2024-09-25 15:59:28: Epoch[086/100], iter[157/392], loss_total:0.04952, loss_equ:0.11582 loss_pq_vm:0.00079 loss_pq_va:0.01505 loss_pv_va:0.01503
INFO|2024-09-25 15:59:40: Epoch[086/100], iter[196/392], loss_total:0.05044, loss_equ:0.11848 loss_pq_vm:0.00079 loss_pq_va:0.01544 loss_pv_va:0.01522
INFO|2024-09-25 15:59:53: Epoch[086/100], iter[235/392], loss_total:0.05083, loss_equ:0.11804 loss_pq_vm:0.00080 loss_pq_va:0.01561 loss_pv_va:0.01538
INFO|2024-09-25 16:00:05: Epoch[086/100], iter[274/392], loss_total:0.05091, loss_equ:0.11767 loss_pq_vm:0.00079 loss_pq_va:0.01575 loss_pv_va:0.01550
INFO|2024-09-25 16:00:16: Epoch[086/100], iter[313/392], loss_total:0.05199, loss_equ:0.12012 loss_pq_vm:0.00080 loss_pq_va:0.01604 loss_pv_va:0.01593
INFO|2024-09-25 16:00:27: Epoch[086/100], iter[352/392], loss_total:0.05205, loss_equ:0.11846 loss_pq_vm:0.00081 loss_pq_va:0.01620 loss_pv_va:0.01594
INFO|2024-09-25 16:00:39: Epoch[086/100], iter[392/392], loss_total:0.05146, loss_equ:0.11899 loss_pq_vm:0.00081 loss_pq_va:0.01578 loss_pv_va:0.01566
INFO|2024-09-25 16:01:28: Epoch 85/100, lr:  0.00005711, eta: 0.65h, train_loss:  0.05092, valid_loss:  0.07192
INFO|2024-09-25 16:01:28: 	Train: PQ_Vm_rmse: 0.00109631  PQ_Va_rmse: 0.02385380  PV_Va_rmse: 0.02285006  delta_p: 0.08055181  delta_q: 0.02033136  
INFO|2024-09-25 16:01:28: 	ZTest: PQ_Vm_rmse: 0.00131546  PQ_Va_rmse: 0.03685200  PV_Va_rmse: 0.03533996  delta_p: 0.09708406  delta_q: 0.02326511  
INFO|2024-09-25 16:01:28: 	ZTest-ema: PQ_Vm_rmse: 0.001309  PQ_Va_rmse: 0.036645  PV_Va_rmse: 0.035166  delta_p: 0.096920  delta_q: 0.023093  
INFO|2024-09-25 16:01:28: 	           ValOfEMA:0.036645/0.036624,  Epoch:86/85
INFO|2024-09-25 16:01:28: 	Time(ep):167s,  Val(curr/best):0.036852/0.036656,  Epoch(curr/best):86/80
INFO|2024-09-25 16:01:28: -------------------- Epoch: 87 --------------------
INFO|2024-09-25 16:01:41: Epoch[087/100], iter[040/392], loss_total:0.04924, loss_equ:0.11664 loss_pq_vm:0.00079 loss_pq_va:0.01490 loss_pv_va:0.01476
INFO|2024-09-25 16:01:53: Epoch[087/100], iter[079/392], loss_total:0.05042, loss_equ:0.11726 loss_pq_vm:0.00080 loss_pq_va:0.01533 loss_pv_va:0.01540
INFO|2024-09-25 16:02:06: Epoch[087/100], iter[118/392], loss_total:0.04881, loss_equ:0.11692 loss_pq_vm:0.00079 loss_pq_va:0.01459 loss_pv_va:0.01459
INFO|2024-09-25 16:02:18: Epoch[087/100], iter[157/392], loss_total:0.04952, loss_equ:0.11901 loss_pq_vm:0.00079 loss_pq_va:0.01495 loss_pv_va:0.01472
INFO|2024-09-25 16:02:29: Epoch[087/100], iter[196/392], loss_total:0.05026, loss_equ:0.11876 loss_pq_vm:0.00079 loss_pq_va:0.01535 loss_pv_va:0.01519
INFO|2024-09-25 16:02:41: Epoch[087/100], iter[235/392], loss_total:0.04945, loss_equ:0.11968 loss_pq_vm:0.00080 loss_pq_va:0.01484 loss_pv_va:0.01468
INFO|2024-09-25 16:02:53: Epoch[087/100], iter[274/392], loss_total:0.05050, loss_equ:0.11737 loss_pq_vm:0.00080 loss_pq_va:0.01545 loss_pv_va:0.01532
INFO|2024-09-25 16:03:05: Epoch[087/100], iter[313/392], loss_total:0.04822, loss_equ:0.11947 loss_pq_vm:0.00079 loss_pq_va:0.01418 loss_pv_va:0.01414
INFO|2024-09-25 16:03:16: Epoch[087/100], iter[352/392], loss_total:0.05234, loss_equ:0.11980 loss_pq_vm:0.00079 loss_pq_va:0.01635 loss_pv_va:0.01612
INFO|2024-09-25 16:03:28: Epoch[087/100], iter[392/392], loss_total:0.04959, loss_equ:0.11918 loss_pq_vm:0.00081 loss_pq_va:0.01488 loss_pv_va:0.01473
INFO|2024-09-25 16:04:13: Epoch 86/100, lr:  0.00005071, eta: 0.59h, train_loss:  0.05076, valid_loss:  0.07176
INFO|2024-09-25 16:04:13: 	Train: PQ_Vm_rmse: 0.00109265  PQ_Va_rmse: 0.02380020  PV_Va_rmse: 0.02279206  delta_p: 0.08036483  delta_q: 0.02024929  
INFO|2024-09-25 16:04:13: 	ZTest: PQ_Vm_rmse: 0.00131411  PQ_Va_rmse: 0.03668667  PV_Va_rmse: 0.03521035  delta_p: 0.09739520  delta_q: 0.02320182  
INFO|2024-09-25 16:04:13: 	ZTest-ema: PQ_Vm_rmse: 0.001307  PQ_Va_rmse: 0.036615  PV_Va_rmse: 0.035140  delta_p: 0.096988  delta_q: 0.023071  
INFO|2024-09-25 16:04:13: 	           ValOfEMA:0.036615/0.036615,  Epoch:87/87
INFO|2024-09-25 16:04:13: 	Time(ep):164s,  Val(curr/best):0.036687/0.036656,  Epoch(curr/best):87/80
INFO|2024-09-25 16:04:13: -------------------- Epoch: 88 --------------------
INFO|2024-09-25 16:04:27: Epoch[088/100], iter[040/392], loss_total:0.04969, loss_equ:0.11781 loss_pq_vm:0.00079 loss_pq_va:0.01503 loss_pv_va:0.01495
INFO|2024-09-25 16:04:39: Epoch[088/100], iter[079/392], loss_total:0.05069, loss_equ:0.11793 loss_pq_vm:0.00080 loss_pq_va:0.01556 loss_pv_va:0.01533
INFO|2024-09-25 16:04:51: Epoch[088/100], iter[118/392], loss_total:0.05021, loss_equ:0.11857 loss_pq_vm:0.00079 loss_pq_va:0.01521 loss_pv_va:0.01523
INFO|2024-09-25 16:05:03: Epoch[088/100], iter[157/392], loss_total:0.05098, loss_equ:0.11731 loss_pq_vm:0.00080 loss_pq_va:0.01570 loss_pv_va:0.01552
INFO|2024-09-25 16:05:14: Epoch[088/100], iter[196/392], loss_total:0.05008, loss_equ:0.11718 loss_pq_vm:0.00079 loss_pq_va:0.01524 loss_pv_va:0.01521
INFO|2024-09-25 16:05:26: Epoch[088/100], iter[235/392], loss_total:0.05032, loss_equ:0.11761 loss_pq_vm:0.00080 loss_pq_va:0.01542 loss_pv_va:0.01514
INFO|2024-09-25 16:05:38: Epoch[088/100], iter[274/392], loss_total:0.04947, loss_equ:0.11685 loss_pq_vm:0.00079 loss_pq_va:0.01514 loss_pv_va:0.01474
INFO|2024-09-25 16:05:49: Epoch[088/100], iter[313/392], loss_total:0.05218, loss_equ:0.11991 loss_pq_vm:0.00080 loss_pq_va:0.01628 loss_pv_va:0.01594
INFO|2024-09-25 16:06:01: Epoch[088/100], iter[352/392], loss_total:0.05165, loss_equ:0.11883 loss_pq_vm:0.00080 loss_pq_va:0.01597 loss_pv_va:0.01582
INFO|2024-09-25 16:06:13: Epoch[088/100], iter[392/392], loss_total:0.05102, loss_equ:0.11752 loss_pq_vm:0.00079 loss_pq_va:0.01585 loss_pv_va:0.01547
INFO|2024-09-25 16:06:56: Epoch 87/100, lr:  0.00004476, eta: 0.54h, train_loss:  0.05053, valid_loss:  0.07182
INFO|2024-09-25 16:06:56: 	Train: PQ_Vm_rmse: 0.00108759  PQ_Va_rmse: 0.02371505  PV_Va_rmse: 0.02271319  delta_p: 0.08022535  delta_q: 0.02018155  
INFO|2024-09-25 16:06:56: 	ZTest: PQ_Vm_rmse: 0.00130971  PQ_Va_rmse: 0.03671788  PV_Va_rmse: 0.03525759  delta_p: 0.09757099  delta_q: 0.02316420  
INFO|2024-09-25 16:06:56: 	ZTest-ema: PQ_Vm_rmse: 0.001305  PQ_Va_rmse: 0.036630  PV_Va_rmse: 0.035158  delta_p: 0.096951  delta_q: 0.023042  
INFO|2024-09-25 16:06:56: 	           ValOfEMA:0.036630/0.036615,  Epoch:88/87
INFO|2024-09-25 16:06:57: 	Time(ep):163s,  Val(curr/best):0.036718/0.036656,  Epoch(curr/best):88/80
INFO|2024-09-25 16:06:57: -------------------- Epoch: 89 --------------------
INFO|2024-09-25 16:07:10: Epoch[089/100], iter[040/392], loss_total:0.04966, loss_equ:0.11724 loss_pq_vm:0.00079 loss_pq_va:0.01508 loss_pv_va:0.01495
INFO|2024-09-25 16:07:22: Epoch[089/100], iter[079/392], loss_total:0.04889, loss_equ:0.11745 loss_pq_vm:0.00079 loss_pq_va:0.01470 loss_pv_va:0.01451
INFO|2024-09-25 16:07:33: Epoch[089/100], iter[118/392], loss_total:0.05077, loss_equ:0.11747 loss_pq_vm:0.00079 loss_pq_va:0.01566 loss_pv_va:0.01545
INFO|2024-09-25 16:07:46: Epoch[089/100], iter[157/392], loss_total:0.05001, loss_equ:0.11545 loss_pq_vm:0.00080 loss_pq_va:0.01534 loss_pv_va:0.01516
INFO|2024-09-25 16:07:58: Epoch[089/100], iter[196/392], loss_total:0.05045, loss_equ:0.11776 loss_pq_vm:0.00079 loss_pq_va:0.01548 loss_pv_va:0.01530
INFO|2024-09-25 16:08:11: Epoch[089/100], iter[235/392], loss_total:0.05288, loss_equ:0.12192 loss_pq_vm:0.00081 loss_pq_va:0.01647 loss_pv_va:0.01617
INFO|2024-09-25 16:08:23: Epoch[089/100], iter[274/392], loss_total:0.04978, loss_equ:0.11763 loss_pq_vm:0.00080 loss_pq_va:0.01521 loss_pv_va:0.01479
INFO|2024-09-25 16:08:34: Epoch[089/100], iter[313/392], loss_total:0.04927, loss_equ:0.11782 loss_pq_vm:0.00078 loss_pq_va:0.01493 loss_pv_va:0.01474
INFO|2024-09-25 16:08:46: Epoch[089/100], iter[352/392], loss_total:0.04863, loss_equ:0.11675 loss_pq_vm:0.00079 loss_pq_va:0.01469 loss_pv_va:0.01442
INFO|2024-09-25 16:08:58: Epoch[089/100], iter[392/392], loss_total:0.05114, loss_equ:0.11814 loss_pq_vm:0.00079 loss_pq_va:0.01591 loss_pv_va:0.01550
INFO|2024-09-25 16:09:44: Epoch 88/100, lr:  0.00003926, eta: 0.51h, train_loss:  0.05038, valid_loss:  0.07184
INFO|2024-09-25 16:09:44: 	Train: PQ_Vm_rmse: 0.00108562  PQ_Va_rmse: 0.02365352  PV_Va_rmse: 0.02265250  delta_p: 0.08010262  delta_q: 0.02013902  
INFO|2024-09-25 16:09:44: 	ZTest: PQ_Vm_rmse: 0.00130873  PQ_Va_rmse: 0.03680192  PV_Va_rmse: 0.03531210  delta_p: 0.09708189  delta_q: 0.02312022  
INFO|2024-09-25 16:09:44: 	ZTest-ema: PQ_Vm_rmse: 0.001303  PQ_Va_rmse: 0.036628  PV_Va_rmse: 0.035157  delta_p: 0.096970  delta_q: 0.023021  
INFO|2024-09-25 16:09:44: 	           ValOfEMA:0.036628/0.036615,  Epoch:89/87
INFO|2024-09-25 16:09:45: 	Time(ep):166s,  Val(curr/best):0.036802/0.036656,  Epoch(curr/best):89/80
INFO|2024-09-25 16:09:45: -------------------- Epoch: 90 --------------------
INFO|2024-09-25 16:09:58: Epoch[090/100], iter[040/392], loss_total:0.05014, loss_equ:0.11655 loss_pq_vm:0.00079 loss_pq_va:0.01529 loss_pv_va:0.01531
INFO|2024-09-25 16:10:09: Epoch[090/100], iter[079/392], loss_total:0.04780, loss_equ:0.11716 loss_pq_vm:0.00078 loss_pq_va:0.01430 loss_pv_va:0.01401
INFO|2024-09-25 16:10:21: Epoch[090/100], iter[118/392], loss_total:0.04881, loss_equ:0.11842 loss_pq_vm:0.00079 loss_pq_va:0.01455 loss_pv_va:0.01451
INFO|2024-09-25 16:10:33: Epoch[090/100], iter[157/392], loss_total:0.04872, loss_equ:0.11446 loss_pq_vm:0.00078 loss_pq_va:0.01488 loss_pv_va:0.01457
INFO|2024-09-25 16:10:46: Epoch[090/100], iter[196/392], loss_total:0.05046, loss_equ:0.11763 loss_pq_vm:0.00079 loss_pq_va:0.01548 loss_pv_va:0.01534
INFO|2024-09-25 16:10:57: Epoch[090/100], iter[235/392], loss_total:0.04970, loss_equ:0.11665 loss_pq_vm:0.00078 loss_pq_va:0.01520 loss_pv_va:0.01503
INFO|2024-09-25 16:11:09: Epoch[090/100], iter[274/392], loss_total:0.05170, loss_equ:0.11958 loss_pq_vm:0.00080 loss_pq_va:0.01601 loss_pv_va:0.01578
INFO|2024-09-25 16:11:21: Epoch[090/100], iter[313/392], loss_total:0.05049, loss_equ:0.11790 loss_pq_vm:0.00078 loss_pq_va:0.01549 loss_pv_va:0.01542
INFO|2024-09-25 16:11:32: Epoch[090/100], iter[352/392], loss_total:0.05044, loss_equ:0.11749 loss_pq_vm:0.00078 loss_pq_va:0.01557 loss_pv_va:0.01528
INFO|2024-09-25 16:11:44: Epoch[090/100], iter[392/392], loss_total:0.05151, loss_equ:0.12048 loss_pq_vm:0.00079 loss_pq_va:0.01599 loss_pv_va:0.01555
INFO|2024-09-25 16:12:33: Epoch 89/100, lr:  0.00003423, eta: 0.47h, train_loss:  0.05025, valid_loss:  0.07169
INFO|2024-09-25 16:12:33: 	Train: PQ_Vm_rmse: 0.00108220  PQ_Va_rmse: 0.02361323  PV_Va_rmse: 0.02261253  delta_p: 0.07995449  delta_q: 0.02008332  
INFO|2024-09-25 16:12:33: 	ZTest: PQ_Vm_rmse: 0.00130588  PQ_Va_rmse: 0.03662811  PV_Va_rmse: 0.03516537  delta_p: 0.09716870  delta_q: 0.02308431  
INFO|2024-09-25 16:12:33: 	ZTest-ema: PQ_Vm_rmse: 0.001301  PQ_Va_rmse: 0.036638  PV_Va_rmse: 0.035172  delta_p: 0.096920  delta_q: 0.022991  
INFO|2024-09-25 16:12:33: 	           ValOfEMA:0.036638/0.036615,  Epoch:90/87
INFO|2024-09-25 16:12:35: 	Time(ep):168s,  Val(curr/best):0.036628/0.036628,  Epoch(curr/best):90/90
INFO|2024-09-25 16:12:35: -------------------- Epoch: 91 --------------------
INFO|2024-09-25 16:12:48: Epoch[091/100], iter[040/392], loss_total:0.05115, loss_equ:0.11948 loss_pq_vm:0.00079 loss_pq_va:0.01576 loss_pv_va:0.01553
INFO|2024-09-25 16:13:00: Epoch[091/100], iter[079/392], loss_total:0.04989, loss_equ:0.11920 loss_pq_vm:0.00081 loss_pq_va:0.01507 loss_pv_va:0.01485
INFO|2024-09-25 16:13:11: Epoch[091/100], iter[118/392], loss_total:0.05054, loss_equ:0.11826 loss_pq_vm:0.00078 loss_pq_va:0.01556 loss_pv_va:0.01532
INFO|2024-09-25 16:13:23: Epoch[091/100], iter[157/392], loss_total:0.04906, loss_equ:0.11719 loss_pq_vm:0.00078 loss_pq_va:0.01490 loss_pv_va:0.01459
INFO|2024-09-25 16:13:34: Epoch[091/100], iter[196/392], loss_total:0.04944, loss_equ:0.11436 loss_pq_vm:0.00079 loss_pq_va:0.01511 loss_pv_va:0.01500
INFO|2024-09-25 16:13:46: Epoch[091/100], iter[235/392], loss_total:0.05120, loss_equ:0.11797 loss_pq_vm:0.00080 loss_pq_va:0.01590 loss_pv_va:0.01553
INFO|2024-09-25 16:13:57: Epoch[091/100], iter[274/392], loss_total:0.05247, loss_equ:0.11735 loss_pq_vm:0.00079 loss_pq_va:0.01660 loss_pv_va:0.01627
INFO|2024-09-25 16:14:09: Epoch[091/100], iter[313/392], loss_total:0.05118, loss_equ:0.11822 loss_pq_vm:0.00078 loss_pq_va:0.01597 loss_pv_va:0.01563
INFO|2024-09-25 16:14:20: Epoch[091/100], iter[352/392], loss_total:0.05030, loss_equ:0.11725 loss_pq_vm:0.00079 loss_pq_va:0.01551 loss_pv_va:0.01522
INFO|2024-09-25 16:14:32: Epoch[091/100], iter[392/392], loss_total:0.04819, loss_equ:0.11704 loss_pq_vm:0.00078 loss_pq_va:0.01430 loss_pv_va:0.01438
INFO|2024-09-25 16:15:19: Epoch 90/100, lr:  0.00002965, eta: 0.41h, train_loss:  0.05016, valid_loss:  0.07180
INFO|2024-09-25 16:15:19: 	Train: PQ_Vm_rmse: 0.00107989  PQ_Va_rmse: 0.02359555  PV_Va_rmse: 0.02259403  delta_p: 0.07981330  delta_q: 0.02004069  
INFO|2024-09-25 16:15:19: 	ZTest: PQ_Vm_rmse: 0.00130427  PQ_Va_rmse: 0.03672455  PV_Va_rmse: 0.03523311  delta_p: 0.09754342  delta_q: 0.02309869  
INFO|2024-09-25 16:15:19: 	ZTest-ema: PQ_Vm_rmse: 0.001299  PQ_Va_rmse: 0.036623  PV_Va_rmse: 0.035159  delta_p: 0.096982  delta_q: 0.022982  
INFO|2024-09-25 16:15:19: 	           ValOfEMA:0.036623/0.036615,  Epoch:91/87
INFO|2024-09-25 16:15:20: 	Time(ep):163s,  Val(curr/best):0.036725/0.036628,  Epoch(curr/best):91/90
INFO|2024-09-25 16:15:20: -------------------- Epoch: 92 --------------------
INFO|2024-09-25 16:15:33: Epoch[092/100], iter[040/392], loss_total:0.05088, loss_equ:0.12015 loss_pq_vm:0.00079 loss_pq_va:0.01559 loss_pv_va:0.01541
INFO|2024-09-25 16:15:44: Epoch[092/100], iter[079/392], loss_total:0.04897, loss_equ:0.11592 loss_pq_vm:0.00079 loss_pq_va:0.01476 loss_pv_va:0.01471
INFO|2024-09-25 16:15:55: Epoch[092/100], iter[118/392], loss_total:0.04751, loss_equ:0.11418 loss_pq_vm:0.00077 loss_pq_va:0.01426 loss_pv_va:0.01418
INFO|2024-09-25 16:16:07: Epoch[092/100], iter[157/392], loss_total:0.04980, loss_equ:0.11740 loss_pq_vm:0.00078 loss_pq_va:0.01518 loss_pv_va:0.01504
INFO|2024-09-25 16:16:18: Epoch[092/100], iter[196/392], loss_total:0.04944, loss_equ:0.11698 loss_pq_vm:0.00078 loss_pq_va:0.01500 loss_pv_va:0.01489
INFO|2024-09-25 16:16:29: Epoch[092/100], iter[235/392], loss_total:0.05023, loss_equ:0.11835 loss_pq_vm:0.00078 loss_pq_va:0.01548 loss_pv_va:0.01512
INFO|2024-09-25 16:16:40: Epoch[092/100], iter[274/392], loss_total:0.05100, loss_equ:0.11597 loss_pq_vm:0.00079 loss_pq_va:0.01591 loss_pv_va:0.01564
INFO|2024-09-25 16:16:51: Epoch[092/100], iter[313/392], loss_total:0.05028, loss_equ:0.11682 loss_pq_vm:0.00079 loss_pq_va:0.01561 loss_pv_va:0.01514
INFO|2024-09-25 16:17:03: Epoch[092/100], iter[352/392], loss_total:0.05073, loss_equ:0.11783 loss_pq_vm:0.00079 loss_pq_va:0.01557 loss_pv_va:0.01546
INFO|2024-09-25 16:17:14: Epoch[092/100], iter[392/392], loss_total:0.05006, loss_equ:0.11630 loss_pq_vm:0.00079 loss_pq_va:0.01532 loss_pv_va:0.01525
INFO|2024-09-25 16:17:59: Epoch 91/100, lr:  0.00002555, eta: 0.35h, train_loss:  0.05002, valid_loss:  0.07177
INFO|2024-09-25 16:17:59: 	Train: PQ_Vm_rmse: 0.00107715  PQ_Va_rmse: 0.02352737  PV_Va_rmse: 0.02253153  delta_p: 0.07974892  delta_q: 0.01999954  
INFO|2024-09-25 16:17:59: 	ZTest: PQ_Vm_rmse: 0.00130279  PQ_Va_rmse: 0.03669442  PV_Va_rmse: 0.03525337  delta_p: 0.09755162  delta_q: 0.02307196  
INFO|2024-09-25 16:17:59: 	ZTest-ema: PQ_Vm_rmse: 0.001298  PQ_Va_rmse: 0.036623  PV_Va_rmse: 0.035163  delta_p: 0.096982  delta_q: 0.022963  
INFO|2024-09-25 16:17:59: 	           ValOfEMA:0.036623/0.036615,  Epoch:92/87
INFO|2024-09-25 16:18:00: 	Time(ep):159s,  Val(curr/best):0.036694/0.036628,  Epoch(curr/best):92/90
INFO|2024-09-25 16:18:00: -------------------- Epoch: 93 --------------------
INFO|2024-09-25 16:18:13: Epoch[093/100], iter[040/392], loss_total:0.05115, loss_equ:0.11807 loss_pq_vm:0.00080 loss_pq_va:0.01573 loss_pv_va:0.01558
INFO|2024-09-25 16:18:24: Epoch[093/100], iter[079/392], loss_total:0.05192, loss_equ:0.11931 loss_pq_vm:0.00079 loss_pq_va:0.01619 loss_pv_va:0.01595
INFO|2024-09-25 16:18:36: Epoch[093/100], iter[118/392], loss_total:0.05063, loss_equ:0.11812 loss_pq_vm:0.00080 loss_pq_va:0.01554 loss_pv_va:0.01533
INFO|2024-09-25 16:18:47: Epoch[093/100], iter[157/392], loss_total:0.04958, loss_equ:0.11677 loss_pq_vm:0.00077 loss_pq_va:0.01524 loss_pv_va:0.01492
INFO|2024-09-25 16:18:59: Epoch[093/100], iter[196/392], loss_total:0.04871, loss_equ:0.11582 loss_pq_vm:0.00078 loss_pq_va:0.01483 loss_pv_va:0.01450
INFO|2024-09-25 16:19:10: Epoch[093/100], iter[235/392], loss_total:0.05169, loss_equ:0.11802 loss_pq_vm:0.00079 loss_pq_va:0.01619 loss_pv_va:0.01578
INFO|2024-09-25 16:19:22: Epoch[093/100], iter[274/392], loss_total:0.05072, loss_equ:0.11905 loss_pq_vm:0.00080 loss_pq_va:0.01555 loss_pv_va:0.01528
INFO|2024-09-25 16:19:33: Epoch[093/100], iter[313/392], loss_total:0.05012, loss_equ:0.11655 loss_pq_vm:0.00078 loss_pq_va:0.01541 loss_pv_va:0.01525
INFO|2024-09-25 16:19:45: Epoch[093/100], iter[352/392], loss_total:0.05144, loss_equ:0.11699 loss_pq_vm:0.00079 loss_pq_va:0.01601 loss_pv_va:0.01584
INFO|2024-09-25 16:19:56: Epoch[093/100], iter[392/392], loss_total:0.04965, loss_equ:0.11682 loss_pq_vm:0.00079 loss_pq_va:0.01512 loss_pv_va:0.01497
INFO|2024-09-25 16:20:43: Epoch 92/100, lr:  0.00002192, eta: 0.32h, train_loss:  0.04992, valid_loss:  0.07168
INFO|2024-09-25 16:20:43: 	Train: PQ_Vm_rmse: 0.00107498  PQ_Va_rmse: 0.02349435  PV_Va_rmse: 0.02249860  delta_p: 0.07966719  delta_q: 0.01996547  
INFO|2024-09-25 16:20:43: 	ZTest: PQ_Vm_rmse: 0.00130103  PQ_Va_rmse: 0.03659180  PV_Va_rmse: 0.03513782  delta_p: 0.09755042  delta_q: 0.02308202  
INFO|2024-09-25 16:20:43: 	ZTest-ema: PQ_Vm_rmse: 0.001297  PQ_Va_rmse: 0.036620  PV_Va_rmse: 0.035162  delta_p: 0.096973  delta_q: 0.022950  
INFO|2024-09-25 16:20:43: 	           ValOfEMA:0.036620/0.036615,  Epoch:93/87
INFO|2024-09-25 16:20:44: 	Time(ep):162s,  Val(curr/best):0.036592/0.036592,  Epoch(curr/best):93/93
INFO|2024-09-25 16:20:44: -------------------- Epoch: 94 --------------------
INFO|2024-09-25 16:20:57: Epoch[094/100], iter[040/392], loss_total:0.04871, loss_equ:0.11545 loss_pq_vm:0.00078 loss_pq_va:0.01474 loss_pv_va:0.01464
INFO|2024-09-25 16:21:08: Epoch[094/100], iter[079/392], loss_total:0.05036, loss_equ:0.11642 loss_pq_vm:0.00078 loss_pq_va:0.01545 loss_pv_va:0.01542
INFO|2024-09-25 16:21:20: Epoch[094/100], iter[118/392], loss_total:0.05080, loss_equ:0.11786 loss_pq_vm:0.00078 loss_pq_va:0.01568 loss_pv_va:0.01551
INFO|2024-09-25 16:21:31: Epoch[094/100], iter[157/392], loss_total:0.04914, loss_equ:0.11625 loss_pq_vm:0.00078 loss_pq_va:0.01492 loss_pv_va:0.01484
INFO|2024-09-25 16:21:42: Epoch[094/100], iter[196/392], loss_total:0.04973, loss_equ:0.11775 loss_pq_vm:0.00079 loss_pq_va:0.01520 loss_pv_va:0.01485
INFO|2024-09-25 16:21:53: Epoch[094/100], iter[235/392], loss_total:0.05138, loss_equ:0.11755 loss_pq_vm:0.00079 loss_pq_va:0.01606 loss_pv_va:0.01566
INFO|2024-09-25 16:22:05: Epoch[094/100], iter[274/392], loss_total:0.04881, loss_equ:0.11655 loss_pq_vm:0.00078 loss_pq_va:0.01481 loss_pv_va:0.01452
INFO|2024-09-25 16:22:16: Epoch[094/100], iter[313/392], loss_total:0.04962, loss_equ:0.11720 loss_pq_vm:0.00078 loss_pq_va:0.01501 loss_pv_va:0.01509
INFO|2024-09-25 16:22:27: Epoch[094/100], iter[352/392], loss_total:0.05113, loss_equ:0.11788 loss_pq_vm:0.00079 loss_pq_va:0.01598 loss_pv_va:0.01543
INFO|2024-09-25 16:22:39: Epoch[094/100], iter[392/392], loss_total:0.04967, loss_equ:0.11787 loss_pq_vm:0.00078 loss_pq_va:0.01506 loss_pv_va:0.01502
INFO|2024-09-25 16:23:27: Epoch 93/100, lr:  0.00001877, eta: 0.27h, train_loss:  0.04983, valid_loss:  0.07162
INFO|2024-09-25 16:23:27: 	Train: PQ_Vm_rmse: 0.00107279  PQ_Va_rmse: 0.02345953  PV_Va_rmse: 0.02246473  delta_p: 0.07956264  delta_q: 0.01992155  
INFO|2024-09-25 16:23:27: 	ZTest: PQ_Vm_rmse: 0.00129869  PQ_Va_rmse: 0.03664765  PV_Va_rmse: 0.03518787  delta_p: 0.09711419  delta_q: 0.02297136  
INFO|2024-09-25 16:23:27: 	ZTest-ema: PQ_Vm_rmse: 0.001296  PQ_Va_rmse: 0.036629  PV_Va_rmse: 0.035169  delta_p: 0.096949  delta_q: 0.022929  
INFO|2024-09-25 16:23:27: 	           ValOfEMA:0.036629/0.036615,  Epoch:94/87
INFO|2024-09-25 16:23:28: 	Time(ep):162s,  Val(curr/best):0.036648/0.036592,  Epoch(curr/best):94/93
INFO|2024-09-25 16:23:28: -------------------- Epoch: 95 --------------------
INFO|2024-09-25 16:23:41: Epoch[095/100], iter[040/392], loss_total:0.04725, loss_equ:0.11469 loss_pq_vm:0.00077 loss_pq_va:0.01402 loss_pv_va:0.01407
INFO|2024-09-25 16:23:52: Epoch[095/100], iter[079/392], loss_total:0.04987, loss_equ:0.11708 loss_pq_vm:0.00076 loss_pq_va:0.01537 loss_pv_va:0.01518
INFO|2024-09-25 16:24:03: Epoch[095/100], iter[118/392], loss_total:0.05072, loss_equ:0.11735 loss_pq_vm:0.00078 loss_pq_va:0.01568 loss_pv_va:0.01552
INFO|2024-09-25 16:24:14: Epoch[095/100], iter[157/392], loss_total:0.05006, loss_equ:0.11588 loss_pq_vm:0.00080 loss_pq_va:0.01530 loss_pv_va:0.01521
INFO|2024-09-25 16:24:25: Epoch[095/100], iter[196/392], loss_total:0.04993, loss_equ:0.11658 loss_pq_vm:0.00078 loss_pq_va:0.01533 loss_pv_va:0.01513
INFO|2024-09-25 16:24:37: Epoch[095/100], iter[235/392], loss_total:0.04768, loss_equ:0.11459 loss_pq_vm:0.00078 loss_pq_va:0.01429 loss_pv_va:0.01412
INFO|2024-09-25 16:24:48: Epoch[095/100], iter[274/392], loss_total:0.04950, loss_equ:0.11831 loss_pq_vm:0.00078 loss_pq_va:0.01511 loss_pv_va:0.01475
INFO|2024-09-25 16:24:59: Epoch[095/100], iter[313/392], loss_total:0.04814, loss_equ:0.11508 loss_pq_vm:0.00078 loss_pq_va:0.01447 loss_pv_va:0.01437
INFO|2024-09-25 16:25:11: Epoch[095/100], iter[352/392], loss_total:0.05131, loss_equ:0.11669 loss_pq_vm:0.00079 loss_pq_va:0.01607 loss_pv_va:0.01568
INFO|2024-09-25 16:25:23: Epoch[095/100], iter[392/392], loss_total:0.04915, loss_equ:0.11660 loss_pq_vm:0.00078 loss_pq_va:0.01486 loss_pv_va:0.01484
INFO|2024-09-25 16:26:09: Epoch 94/100, lr:  0.00001609, eta: 0.22h, train_loss:  0.04974, valid_loss:  0.07162
INFO|2024-09-25 16:26:09: 	Train: PQ_Vm_rmse: 0.00107123  PQ_Va_rmse: 0.02344010  PV_Va_rmse: 0.02244170  delta_p: 0.07951117  delta_q: 0.01989743  
INFO|2024-09-25 16:26:09: 	ZTest: PQ_Vm_rmse: 0.00129745  PQ_Va_rmse: 0.03666022  PV_Va_rmse: 0.03520106  delta_p: 0.09714572  delta_q: 0.02295229  
INFO|2024-09-25 16:26:09: 	ZTest-ema: PQ_Vm_rmse: 0.001295  PQ_Va_rmse: 0.036626  PV_Va_rmse: 0.035168  delta_p: 0.096954  delta_q: 0.022919  
INFO|2024-09-25 16:26:09: 	           ValOfEMA:0.036626/0.036615,  Epoch:95/87
INFO|2024-09-25 16:26:10: 	Time(ep):160s,  Val(curr/best):0.036660/0.036592,  Epoch(curr/best):95/93
INFO|2024-09-25 16:26:10: -------------------- Epoch: 96 --------------------
INFO|2024-09-25 16:26:23: Epoch[096/100], iter[040/392], loss_total:0.05009, loss_equ:0.11769 loss_pq_vm:0.00077 loss_pq_va:0.01540 loss_pv_va:0.01525
INFO|2024-09-25 16:26:34: Epoch[096/100], iter[079/392], loss_total:0.04784, loss_equ:0.11472 loss_pq_vm:0.00077 loss_pq_va:0.01442 loss_pv_va:0.01429
INFO|2024-09-25 16:26:46: Epoch[096/100], iter[118/392], loss_total:0.04974, loss_equ:0.11744 loss_pq_vm:0.00078 loss_pq_va:0.01524 loss_pv_va:0.01492
INFO|2024-09-25 16:26:57: Epoch[096/100], iter[157/392], loss_total:0.04894, loss_equ:0.11646 loss_pq_vm:0.00079 loss_pq_va:0.01480 loss_pv_va:0.01457
INFO|2024-09-25 16:27:09: Epoch[096/100], iter[196/392], loss_total:0.05029, loss_equ:0.11718 loss_pq_vm:0.00078 loss_pq_va:0.01542 loss_pv_va:0.01539
INFO|2024-09-25 16:27:21: Epoch[096/100], iter[235/392], loss_total:0.04955, loss_equ:0.11622 loss_pq_vm:0.00078 loss_pq_va:0.01526 loss_pv_va:0.01484
INFO|2024-09-25 16:27:33: Epoch[096/100], iter[274/392], loss_total:0.05157, loss_equ:0.11550 loss_pq_vm:0.00079 loss_pq_va:0.01612 loss_pv_va:0.01595
INFO|2024-09-25 16:27:45: Epoch[096/100], iter[313/392], loss_total:0.05087, loss_equ:0.11580 loss_pq_vm:0.00079 loss_pq_va:0.01578 loss_pv_va:0.01567
INFO|2024-09-25 16:27:57: Epoch[096/100], iter[352/392], loss_total:0.05119, loss_equ:0.11853 loss_pq_vm:0.00079 loss_pq_va:0.01578 loss_pv_va:0.01570
INFO|2024-09-25 16:28:09: Epoch[096/100], iter[392/392], loss_total:0.04867, loss_equ:0.11580 loss_pq_vm:0.00079 loss_pq_va:0.01473 loss_pv_va:0.01450
INFO|2024-09-25 16:28:55: Epoch 95/100, lr:  0.00001390, eta: 0.18h, train_loss:  0.04968, valid_loss:  0.07162
INFO|2024-09-25 16:28:55: 	Train: PQ_Vm_rmse: 0.00106980  PQ_Va_rmse: 0.02341108  PV_Va_rmse: 0.02241758  delta_p: 0.07942128  delta_q: 0.01986975  
INFO|2024-09-25 16:28:55: 	ZTest: PQ_Vm_rmse: 0.00129630  PQ_Va_rmse: 0.03665083  PV_Va_rmse: 0.03519639  delta_p: 0.09705120  delta_q: 0.02294881  
INFO|2024-09-25 16:28:55: 	ZTest-ema: PQ_Vm_rmse: 0.001294  PQ_Va_rmse: 0.036637  PV_Va_rmse: 0.035183  delta_p: 0.096922  delta_q: 0.022903  
INFO|2024-09-25 16:28:55: 	           ValOfEMA:0.036637/0.036615,  Epoch:96/87
INFO|2024-09-25 16:28:56: 	Time(ep):165s,  Val(curr/best):0.036651/0.036592,  Epoch(curr/best):96/93
INFO|2024-09-25 16:28:56: -------------------- Epoch: 97 --------------------
INFO|2024-09-25 16:29:09: Epoch[097/100], iter[040/392], loss_total:0.05131, loss_equ:0.11890 loss_pq_vm:0.00078 loss_pq_va:0.01599 loss_pv_va:0.01561
INFO|2024-09-25 16:29:20: Epoch[097/100], iter[079/392], loss_total:0.05048, loss_equ:0.11781 loss_pq_vm:0.00078 loss_pq_va:0.01550 loss_pv_va:0.01544
INFO|2024-09-25 16:29:32: Epoch[097/100], iter[118/392], loss_total:0.04965, loss_equ:0.11725 loss_pq_vm:0.00077 loss_pq_va:0.01512 loss_pv_va:0.01507
INFO|2024-09-25 16:29:43: Epoch[097/100], iter[157/392], loss_total:0.04831, loss_equ:0.11564 loss_pq_vm:0.00078 loss_pq_va:0.01450 loss_pv_va:0.01446
INFO|2024-09-25 16:29:54: Epoch[097/100], iter[196/392], loss_total:0.05007, loss_equ:0.11859 loss_pq_vm:0.00078 loss_pq_va:0.01537 loss_pv_va:0.01508
INFO|2024-09-25 16:30:05: Epoch[097/100], iter[235/392], loss_total:0.04898, loss_equ:0.11422 loss_pq_vm:0.00077 loss_pq_va:0.01504 loss_pv_va:0.01487
INFO|2024-09-25 16:30:17: Epoch[097/100], iter[274/392], loss_total:0.05053, loss_equ:0.11632 loss_pq_vm:0.00078 loss_pq_va:0.01562 loss_pv_va:0.01545
INFO|2024-09-25 16:30:28: Epoch[097/100], iter[313/392], loss_total:0.04892, loss_equ:0.11483 loss_pq_vm:0.00079 loss_pq_va:0.01502 loss_pv_va:0.01457
INFO|2024-09-25 16:30:39: Epoch[097/100], iter[352/392], loss_total:0.05166, loss_equ:0.11927 loss_pq_vm:0.00078 loss_pq_va:0.01612 loss_pv_va:0.01580
INFO|2024-09-25 16:30:51: Epoch[097/100], iter[392/392], loss_total:0.05174, loss_equ:0.11802 loss_pq_vm:0.00079 loss_pq_va:0.01618 loss_pv_va:0.01586
INFO|2024-09-25 16:31:34: Epoch 96/100, lr:  0.00001220, eta: 0.13h, train_loss:  0.04959, valid_loss:  0.07159
INFO|2024-09-25 16:31:34: 	Train: PQ_Vm_rmse: 0.00106866  PQ_Va_rmse: 0.02338309  PV_Va_rmse: 0.02238912  delta_p: 0.07935717  delta_q: 0.01985012  
INFO|2024-09-25 16:31:34: 	ZTest: PQ_Vm_rmse: 0.00129391  PQ_Va_rmse: 0.03660061  PV_Va_rmse: 0.03516447  delta_p: 0.09720014  delta_q: 0.02295451  
INFO|2024-09-25 16:31:34: 	ZTest-ema: PQ_Vm_rmse: 0.001294  PQ_Va_rmse: 0.036641  PV_Va_rmse: 0.035184  delta_p: 0.096881  delta_q: 0.022891  
INFO|2024-09-25 16:31:34: 	           ValOfEMA:0.036641/0.036615,  Epoch:97/87
INFO|2024-09-25 16:31:35: 	Time(ep):158s,  Val(curr/best):0.036601/0.036592,  Epoch(curr/best):97/93
INFO|2024-09-25 16:31:35: -------------------- Epoch: 98 --------------------
INFO|2024-09-25 16:31:48: Epoch[098/100], iter[040/392], loss_total:0.04996, loss_equ:0.11629 loss_pq_vm:0.00079 loss_pq_va:0.01531 loss_pv_va:0.01512
INFO|2024-09-25 16:32:00: Epoch[098/100], iter[079/392], loss_total:0.04897, loss_equ:0.11639 loss_pq_vm:0.00078 loss_pq_va:0.01489 loss_pv_va:0.01464
INFO|2024-09-25 16:32:11: Epoch[098/100], iter[118/392], loss_total:0.04967, loss_equ:0.11717 loss_pq_vm:0.00078 loss_pq_va:0.01513 loss_pv_va:0.01503
INFO|2024-09-25 16:32:23: Epoch[098/100], iter[157/392], loss_total:0.04754, loss_equ:0.11392 loss_pq_vm:0.00077 loss_pq_va:0.01438 loss_pv_va:0.01404
INFO|2024-09-25 16:32:34: Epoch[098/100], iter[196/392], loss_total:0.04845, loss_equ:0.11656 loss_pq_vm:0.00077 loss_pq_va:0.01462 loss_pv_va:0.01448
INFO|2024-09-25 16:32:45: Epoch[098/100], iter[235/392], loss_total:0.04907, loss_equ:0.11509 loss_pq_vm:0.00078 loss_pq_va:0.01484 loss_pv_va:0.01494
INFO|2024-09-25 16:32:57: Epoch[098/100], iter[274/392], loss_total:0.05123, loss_equ:0.11722 loss_pq_vm:0.00077 loss_pq_va:0.01594 loss_pv_va:0.01584
INFO|2024-09-25 16:33:08: Epoch[098/100], iter[313/392], loss_total:0.04833, loss_equ:0.11633 loss_pq_vm:0.00077 loss_pq_va:0.01464 loss_pv_va:0.01432
INFO|2024-09-25 16:33:20: Epoch[098/100], iter[352/392], loss_total:0.04891, loss_equ:0.11635 loss_pq_vm:0.00079 loss_pq_va:0.01480 loss_pv_va:0.01460
INFO|2024-09-25 16:33:32: Epoch[098/100], iter[392/392], loss_total:0.04862, loss_equ:0.11505 loss_pq_vm:0.00077 loss_pq_va:0.01467 loss_pv_va:0.01473
INFO|2024-09-25 16:34:20: Epoch 97/100, lr:  0.00001098, eta: 0.09h, train_loss:  0.04955, valid_loss:  0.07167
INFO|2024-09-25 16:34:20: 	Train: PQ_Vm_rmse: 0.00106737  PQ_Va_rmse: 0.02336439  PV_Va_rmse: 0.02237016  delta_p: 0.07934267  delta_q: 0.01983224  
INFO|2024-09-25 16:34:20: 	ZTest: PQ_Vm_rmse: 0.00129438  PQ_Va_rmse: 0.03672818  PV_Va_rmse: 0.03526830  delta_p: 0.09707095  delta_q: 0.02292902  
INFO|2024-09-25 16:34:20: 	ZTest-ema: PQ_Vm_rmse: 0.001293  PQ_Va_rmse: 0.036630  PV_Va_rmse: 0.035175  delta_p: 0.096957  delta_q: 0.022892  
INFO|2024-09-25 16:34:20: 	           ValOfEMA:0.036630/0.036615,  Epoch:98/87
INFO|2024-09-25 16:34:21: 	Time(ep):164s,  Val(curr/best):0.036728/0.036592,  Epoch(curr/best):98/93
INFO|2024-09-25 16:34:21: -------------------- Epoch: 99 --------------------
INFO|2024-09-25 16:34:33: Epoch[099/100], iter[040/392], loss_total:0.04932, loss_equ:0.11728 loss_pq_vm:0.00076 loss_pq_va:0.01511 loss_pv_va:0.01489
INFO|2024-09-25 16:34:44: Epoch[099/100], iter[079/392], loss_total:0.04890, loss_equ:0.11687 loss_pq_vm:0.00077 loss_pq_va:0.01494 loss_pv_va:0.01457
INFO|2024-09-25 16:34:55: Epoch[099/100], iter[118/392], loss_total:0.04971, loss_equ:0.11782 loss_pq_vm:0.00078 loss_pq_va:0.01512 loss_pv_va:0.01504
INFO|2024-09-25 16:35:07: Epoch[099/100], iter[157/392], loss_total:0.05041, loss_equ:0.11584 loss_pq_vm:0.00078 loss_pq_va:0.01562 loss_pv_va:0.01540
INFO|2024-09-25 16:35:18: Epoch[099/100], iter[196/392], loss_total:0.05046, loss_equ:0.11822 loss_pq_vm:0.00078 loss_pq_va:0.01564 loss_pv_va:0.01523
INFO|2024-09-25 16:35:29: Epoch[099/100], iter[235/392], loss_total:0.04988, loss_equ:0.11570 loss_pq_vm:0.00077 loss_pq_va:0.01537 loss_pv_va:0.01529
INFO|2024-09-25 16:35:41: Epoch[099/100], iter[274/392], loss_total:0.05159, loss_equ:0.11729 loss_pq_vm:0.00078 loss_pq_va:0.01617 loss_pv_va:0.01585
INFO|2024-09-25 16:35:53: Epoch[099/100], iter[313/392], loss_total:0.04925, loss_equ:0.11814 loss_pq_vm:0.00076 loss_pq_va:0.01507 loss_pv_va:0.01481
INFO|2024-09-25 16:36:04: Epoch[099/100], iter[352/392], loss_total:0.05035, loss_equ:0.11653 loss_pq_vm:0.00077 loss_pq_va:0.01556 loss_pv_va:0.01538
INFO|2024-09-25 16:36:16: Epoch[099/100], iter[392/392], loss_total:0.04765, loss_equ:0.11626 loss_pq_vm:0.00078 loss_pq_va:0.01417 loss_pv_va:0.01407
INFO|2024-09-25 16:37:03: Epoch 98/100, lr:  0.00001024, eta: 0.05h, train_loss:  0.04951, valid_loss:  0.07158
INFO|2024-09-25 16:37:03: 	Train: PQ_Vm_rmse: 0.00106672  PQ_Va_rmse: 0.02335742  PV_Va_rmse: 0.02236446  delta_p: 0.07929650  delta_q: 0.01981505  
INFO|2024-09-25 16:37:03: 	ZTest: PQ_Vm_rmse: 0.00129401  PQ_Va_rmse: 0.03660750  PV_Va_rmse: 0.03515540  delta_p: 0.09710013  delta_q: 0.02292791  
INFO|2024-09-25 16:37:03: 	ZTest-ema: PQ_Vm_rmse: 0.001292  PQ_Va_rmse: 0.036633  PV_Va_rmse: 0.035179  delta_p: 0.096913  delta_q: 0.022880  
INFO|2024-09-25 16:37:03: 	           ValOfEMA:0.036633/0.036615,  Epoch:99/87
INFO|2024-09-25 16:37:04: 	Time(ep):162s,  Val(curr/best):0.036608/0.036592,  Epoch(curr/best):99/93
INFO|2024-09-25 16:37:04: -------------------- Epoch: 100 --------------------
INFO|2024-09-25 16:37:16: Epoch[100/100], iter[040/392], loss_total:0.04912, loss_equ:0.11717 loss_pq_vm:0.00079 loss_pq_va:0.01478 loss_pv_va:0.01477
INFO|2024-09-25 16:37:27: Epoch[100/100], iter[079/392], loss_total:0.04893, loss_equ:0.11635 loss_pq_vm:0.00077 loss_pq_va:0.01489 loss_pv_va:0.01473
INFO|2024-09-25 16:37:38: Epoch[100/100], iter[118/392], loss_total:0.04899, loss_equ:0.11710 loss_pq_vm:0.00078 loss_pq_va:0.01490 loss_pv_va:0.01462
INFO|2024-09-25 16:37:49: Epoch[100/100], iter[157/392], loss_total:0.05068, loss_equ:0.11801 loss_pq_vm:0.00077 loss_pq_va:0.01567 loss_pv_va:0.01546
INFO|2024-09-25 16:38:00: Epoch[100/100], iter[196/392], loss_total:0.05026, loss_equ:0.11844 loss_pq_vm:0.00078 loss_pq_va:0.01531 loss_pv_va:0.01532
INFO|2024-09-25 16:38:11: Epoch[100/100], iter[235/392], loss_total:0.04979, loss_equ:0.11822 loss_pq_vm:0.00078 loss_pq_va:0.01510 loss_pv_va:0.01504
INFO|2024-09-25 16:38:22: Epoch[100/100], iter[274/392], loss_total:0.04949, loss_equ:0.11714 loss_pq_vm:0.00078 loss_pq_va:0.01505 loss_pv_va:0.01490
INFO|2024-09-25 16:38:33: Epoch[100/100], iter[313/392], loss_total:0.04837, loss_equ:0.11580 loss_pq_vm:0.00077 loss_pq_va:0.01453 loss_pv_va:0.01459
INFO|2024-09-25 16:38:44: Epoch[100/100], iter[352/392], loss_total:0.04817, loss_equ:0.11667 loss_pq_vm:0.00076 loss_pq_va:0.01453 loss_pv_va:0.01435
INFO|2024-09-25 16:38:56: Epoch[100/100], iter[392/392], loss_total:0.05013, loss_equ:0.11701 loss_pq_vm:0.00077 loss_pq_va:0.01549 loss_pv_va:0.01524
INFO|2024-09-25 16:39:42: Epoch 99/100, lr:  0.00001000, eta: 0.0h, train_loss:  0.04949, valid_loss:  0.07154
INFO|2024-09-25 16:39:42: 	Train: PQ_Vm_rmse: 0.00106603  PQ_Va_rmse: 0.02334402  PV_Va_rmse: 0.02235139  delta_p: 0.07927692  delta_q: 0.01980431  
INFO|2024-09-25 16:39:42: 	ZTest: PQ_Vm_rmse: 0.00129284  PQ_Va_rmse: 0.03662012  PV_Va_rmse: 0.03517108  delta_p: 0.09687855  delta_q: 0.02288091  
INFO|2024-09-25 16:39:42: 	ZTest-ema: PQ_Vm_rmse: 0.001292  PQ_Va_rmse: 0.036631  PV_Va_rmse: 0.035180  delta_p: 0.096918  delta_q: 0.022872  
INFO|2024-09-25 16:39:42: 	           ValOfEMA:0.036631/0.036615,  Epoch:100/87
INFO|2024-09-25 16:39:43: 	Time(ep):158s,  Val(curr/best):0.036620/0.036592,  Epoch(curr/best):100/93
