INFO|2024-09-25 12:02:31: 
{'batch_size': 256,
 'config': '/home/bingxing2/ailab/zhaozhen/energy/senseflow/configs/test_gnns_resgatedgraphconv_v1_1.yaml',
 'data': {'batch_size': 256,
          'batch_size_test': 256,
          'meta': {'edge': [['PQ', 'default', 'PQ'],
                            ['PQ', 'default', 'PV'],
                            ['PQ', 'default', 'Slack'],
                            ['PV', 'default', 'PQ'],
                            ['PV', 'default', 'PV'],
                            ['PV', 'default', 'Slack'],
                            ['Slack', 'default', 'PQ'],
                            ['Slack', 'default', 'PV']],
                   'node': ['PQ', 'PV', 'Slack']},
          'num_workers': 4,
          'train': {'data_root': '/',
                    'dataset_type': 'PowerFlowDataset',
                    'mask_num': 0,
                    'pq_len': 29,
                    'pv_len': 9,
                    'slack_len': 1,
                    'split_txt': '/home/bingxing2/ailab/zhaozhen/energy/senseflow/data_json/processed/10w_case39_n_n_1.json'},
          'val': {'data_root': '/',
                  'dataset_type': 'PowerFlowDataset',
                  'mask_num': 0,
                  'pq_len': 29,
                  'pv_len': 9,
                  'slack_len': 1,
                  'split_txt': '/home/bingxing2/ailab/zhaozhen/energy/senseflow/data_json/processed/2w_case39_n_2.json'}},
 'distributed': False,
 'flag_return_losses': True,
 'local_rank': 0,
 'log_path': './results/test_gnns_resgatedgraphconv_v1_1/2024_09_25_12_02_31',
 'loss': {'aggr': 'abs', 'filt_type': True, 'type': 'bi_deltapq_loss'},
 'mask_num': 0,
 'model': {'batch_size': 256,
           'ema_decay_param': 0.99,
           'ema_warmup_epoch': 10,
           'flag_use_edge_feat': False,
           'flag_use_ema': True,
           'flag_use_ffn': False,
           'flag_use_fusion': False,
           'flag_weighted_loss': True,
           'gcn_type': 'resgatedgraphconv',
           'heads_num': 4,
           'hidden_channels': 128,
           'loss_type': 'l1',
           'loss_weight_equ': 0.1,
           'loss_weight_va': 1.0,
           'loss_weight_vm': 10.0,
           'matrix': 'vm_va',
           'num_block': 8,
           'num_loops_test': -1,
           'num_loops_train': 1,
           'resume_ckpt_path': '',
           'scaling_factor_va': 0.01,
           'scaling_factor_vm': 0.01,
           'type': 'test_gnn',
           'with_norm': True},
 'ngpus': 1,
 'pq_len': 29,
 'pv_len': 9,
 'scheduler': {'eta_min': '1e-5', 'type': 'Cosine'},
 'seed': 2024,
 'slack_len': 1,
 'train': {'epochs': 100,
           'learning_rate': 0.001,
           'logs_freq': 10,
           'momentum': 0.9,
           'optimizer_type': 'Adam',
           'weight_decay': 0.0}}
INFO|2024-09-25 12:02:36: ==================== Total number of parameters: 4.358M
INFO|2024-09-25 12:02:36: -------------------- Epoch: 1 --------------------
INFO|2024-09-25 12:02:48: Epoch[001/100], iter[040/392], loss_total:0.81806, loss_equ:1.61084 loss_pq_vm:0.01349 loss_pq_va:0.25995 loss_pv_va:0.26213
INFO|2024-09-25 12:02:59: Epoch[001/100], iter[079/392], loss_total:0.77658, loss_equ:1.32835 loss_pq_vm:0.01234 loss_pq_va:0.25233 loss_pv_va:0.26802
INFO|2024-09-25 12:03:10: Epoch[001/100], iter[118/392], loss_total:0.73432, loss_equ:1.34192 loss_pq_vm:0.01414 loss_pq_va:0.22206 loss_pv_va:0.23670
INFO|2024-09-25 12:03:21: Epoch[001/100], iter[157/392], loss_total:0.64645, loss_equ:1.25934 loss_pq_vm:0.01119 loss_pq_va:0.19441 loss_pv_va:0.21421
INFO|2024-09-25 12:03:32: Epoch[001/100], iter[196/392], loss_total:0.68930, loss_equ:1.15588 loss_pq_vm:0.01232 loss_pq_va:0.21409 loss_pv_va:0.23645
INFO|2024-09-25 12:03:43: Epoch[001/100], iter[235/392], loss_total:0.61093, loss_equ:0.92493 loss_pq_vm:0.01089 loss_pq_va:0.19333 loss_pv_va:0.21623
INFO|2024-09-25 12:03:55: Epoch[001/100], iter[274/392], loss_total:0.54078, loss_equ:0.85385 loss_pq_vm:0.00921 loss_pq_va:0.17105 loss_pv_va:0.19223
INFO|2024-09-25 12:04:06: Epoch[001/100], iter[313/392], loss_total:0.55498, loss_equ:0.78692 loss_pq_vm:0.00925 loss_pq_va:0.18191 loss_pv_va:0.20190
INFO|2024-09-25 12:04:17: Epoch[001/100], iter[352/392], loss_total:0.56529, loss_equ:0.80719 loss_pq_vm:0.00906 loss_pq_va:0.18756 loss_pv_va:0.20637
INFO|2024-09-25 12:04:28: Epoch[001/100], iter[392/392], loss_total:0.57519, loss_equ:0.80506 loss_pq_vm:0.00895 loss_pq_va:0.19301 loss_pv_va:0.21218
INFO|2024-09-25 12:05:10: Epoch 0/100, lr:  0.00099976, eta: 4.24h, train_loss:  0.67523, valid_loss:  0.60404
INFO|2024-09-25 12:05:10: 	Train: PQ_Vm_rmse: 0.01656956  PQ_Va_rmse: 0.26713538  PV_Va_rmse: 0.28847987  delta_p: 0.74612660  delta_q: 0.31478072  
INFO|2024-09-25 12:05:10: 	ZTest: PQ_Vm_rmse: 0.01656062  PQ_Va_rmse: 0.24702345  PV_Va_rmse: 0.27490286  delta_p: 0.53939346  delta_q: 0.22796165  
INFO|2024-09-25 12:05:10: 	ZTest-ema: PQ_Vm_rmse: 0.016561  PQ_Va_rmse: 0.247023  PV_Va_rmse: 0.274903  delta_p: 0.539393  delta_q: 0.227962  
INFO|2024-09-25 12:05:10: 	           ValOfEMA:0.274903/0.274903,  Epoch:1/1
INFO|2024-09-25 12:05:11: 	Time(ep):154s,  Val(curr/best):0.274903/0.274903,  Epoch(curr/best):1/1
INFO|2024-09-25 12:05:11: -------------------- Epoch: 2 --------------------
INFO|2024-09-25 12:05:24: Epoch[002/100], iter[040/392], loss_total:0.55920, loss_equ:0.86734 loss_pq_vm:0.00899 loss_pq_va:0.18187 loss_pv_va:0.20073
INFO|2024-09-25 12:05:35: Epoch[002/100], iter[079/392], loss_total:0.51890, loss_equ:0.79822 loss_pq_vm:0.00970 loss_pq_va:0.16322 loss_pv_va:0.17886
INFO|2024-09-25 12:05:46: Epoch[002/100], iter[118/392], loss_total:0.54101, loss_equ:0.83452 loss_pq_vm:0.00855 loss_pq_va:0.17812 loss_pv_va:0.19397
INFO|2024-09-25 12:05:57: Epoch[002/100], iter[157/392], loss_total:0.53385, loss_equ:0.85982 loss_pq_vm:0.00826 loss_pq_va:0.17443 loss_pv_va:0.19079
INFO|2024-09-25 12:06:08: Epoch[002/100], iter[196/392], loss_total:0.51505, loss_equ:0.88041 loss_pq_vm:0.00777 loss_pq_va:0.16857 loss_pv_va:0.18078
INFO|2024-09-25 12:06:20: Epoch[002/100], iter[235/392], loss_total:0.46377, loss_equ:0.76736 loss_pq_vm:0.00717 loss_pq_va:0.15134 loss_pv_va:0.16401
INFO|2024-09-25 12:06:31: Epoch[002/100], iter[274/392], loss_total:0.50678, loss_equ:0.88532 loss_pq_vm:0.00890 loss_pq_va:0.15731 loss_pv_va:0.17190
INFO|2024-09-25 12:06:42: Epoch[002/100], iter[313/392], loss_total:0.49240, loss_equ:0.91694 loss_pq_vm:0.00678 loss_pq_va:0.15823 loss_pv_va:0.17469
INFO|2024-09-25 12:06:53: Epoch[002/100], iter[352/392], loss_total:0.54822, loss_equ:1.03869 loss_pq_vm:0.00836 loss_pq_va:0.16878 loss_pv_va:0.19193
INFO|2024-09-25 12:07:04: Epoch[002/100], iter[392/392], loss_total:0.41962, loss_equ:0.96001 loss_pq_vm:0.00623 loss_pq_va:0.12446 loss_pv_va:0.13689
INFO|2024-09-25 12:07:49: Epoch 1/100, lr:  0.00099902, eta: 4.3h, train_loss:  0.50363, valid_loss:  0.49002
INFO|2024-09-25 12:07:49: 	Train: PQ_Vm_rmse: 0.01163438  PQ_Va_rmse: 0.20606928  PV_Va_rmse: 0.22499418  delta_p: 0.56995935  delta_q: 0.21625714  
INFO|2024-09-25 12:07:49: 	ZTest: PQ_Vm_rmse: 0.01219276  PQ_Va_rmse: 0.18809782  PV_Va_rmse: 0.20815717  delta_p: 0.66642044  delta_q: 0.23460849  
INFO|2024-09-25 12:07:49: 	ZTest-ema: PQ_Vm_rmse: 0.012193  PQ_Va_rmse: 0.188098  PV_Va_rmse: 0.208157  delta_p: 0.666420  delta_q: 0.234608  
INFO|2024-09-25 12:07:49: 	           ValOfEMA:0.208157/0.208157,  Epoch:2/2
INFO|2024-09-25 12:07:51: 	Time(ep):158s,  Val(curr/best):0.208157/0.208157,  Epoch(curr/best):2/2
INFO|2024-09-25 12:07:51: -------------------- Epoch: 3 --------------------
INFO|2024-09-25 12:08:03: Epoch[003/100], iter[040/392], loss_total:0.49676, loss_equ:1.11958 loss_pq_vm:0.01313 loss_pq_va:0.12221 loss_pv_va:0.13130
INFO|2024-09-25 12:08:13: Epoch[003/100], iter[079/392], loss_total:0.41880, loss_equ:1.04641 loss_pq_vm:0.00756 loss_pq_va:0.11419 loss_pv_va:0.12435
INFO|2024-09-25 12:08:24: Epoch[003/100], iter[118/392], loss_total:0.38980, loss_equ:0.94522 loss_pq_vm:0.00620 loss_pq_va:0.11074 loss_pv_va:0.12251
INFO|2024-09-25 12:08:35: Epoch[003/100], iter[157/392], loss_total:0.40134, loss_equ:0.89777 loss_pq_vm:0.00801 loss_pq_va:0.10951 loss_pv_va:0.12192
INFO|2024-09-25 12:08:46: Epoch[003/100], iter[196/392], loss_total:0.42960, loss_equ:0.95803 loss_pq_vm:0.00658 loss_pq_va:0.12577 loss_pv_va:0.14226
INFO|2024-09-25 12:08:57: Epoch[003/100], iter[235/392], loss_total:0.41092, loss_equ:0.90107 loss_pq_vm:0.00753 loss_pq_va:0.11490 loss_pv_va:0.13066
INFO|2024-09-25 12:09:08: Epoch[003/100], iter[274/392], loss_total:0.38663, loss_equ:0.88885 loss_pq_vm:0.00736 loss_pq_va:0.10587 loss_pv_va:0.11827
INFO|2024-09-25 12:09:19: Epoch[003/100], iter[313/392], loss_total:0.38077, loss_equ:0.87481 loss_pq_vm:0.00602 loss_pq_va:0.11046 loss_pv_va:0.12266
INFO|2024-09-25 12:09:30: Epoch[003/100], iter[352/392], loss_total:0.38485, loss_equ:0.89636 loss_pq_vm:0.00733 loss_pq_va:0.10395 loss_pv_va:0.11801
INFO|2024-09-25 12:09:41: Epoch[003/100], iter[392/392], loss_total:0.38701, loss_equ:0.82815 loss_pq_vm:0.00563 loss_pq_va:0.11494 loss_pv_va:0.13295
INFO|2024-09-25 12:10:26: Epoch 2/100, lr:  0.00099780, eta: 4.2h, train_loss:  0.40916, valid_loss:  0.43787
INFO|2024-09-25 12:10:26: 	Train: PQ_Vm_rmse: 0.01028310  PQ_Va_rmse: 0.15252869  PV_Va_rmse: 0.16943410  delta_p: 0.63354335  delta_q: 0.19782453  
INFO|2024-09-25 12:10:26: 	ZTest: PQ_Vm_rmse: 0.01357559  PQ_Va_rmse: 0.16402720  PV_Va_rmse: 0.18404043  delta_p: 0.62631163  delta_q: 0.18077644  
INFO|2024-09-25 12:10:26: 	ZTest-ema: PQ_Vm_rmse: 0.013576  PQ_Va_rmse: 0.164027  PV_Va_rmse: 0.184040  delta_p: 0.626312  delta_q: 0.180776  
INFO|2024-09-25 12:10:26: 	           ValOfEMA:0.184040/0.184040,  Epoch:3/3
INFO|2024-09-25 12:10:28: 	Time(ep):155s,  Val(curr/best):0.184040/0.184040,  Epoch(curr/best):3/3
INFO|2024-09-25 12:10:28: -------------------- Epoch: 4 --------------------
INFO|2024-09-25 12:10:40: Epoch[004/100], iter[040/392], loss_total:0.43304, loss_equ:1.04302 loss_pq_vm:0.00613 loss_pq_va:0.11928 loss_pv_va:0.14811
INFO|2024-09-25 12:10:51: Epoch[004/100], iter[079/392], loss_total:0.36670, loss_equ:0.88666 loss_pq_vm:0.00753 loss_pq_va:0.09496 loss_pv_va:0.10780
INFO|2024-09-25 12:11:02: Epoch[004/100], iter[118/392], loss_total:0.33907, loss_equ:0.84802 loss_pq_vm:0.00507 loss_pq_va:0.09430 loss_pv_va:0.10929
INFO|2024-09-25 12:11:14: Epoch[004/100], iter[157/392], loss_total:0.36609, loss_equ:0.91846 loss_pq_vm:0.00647 loss_pq_va:0.09732 loss_pv_va:0.11222
INFO|2024-09-25 12:11:24: Epoch[004/100], iter[196/392], loss_total:0.37081, loss_equ:0.89920 loss_pq_vm:0.00623 loss_pq_va:0.10166 loss_pv_va:0.11695
INFO|2024-09-25 12:11:36: Epoch[004/100], iter[235/392], loss_total:0.35482, loss_equ:0.83721 loss_pq_vm:0.00520 loss_pq_va:0.10212 loss_pv_va:0.11695
INFO|2024-09-25 12:11:47: Epoch[004/100], iter[274/392], loss_total:0.41192, loss_equ:1.18822 loss_pq_vm:0.00811 loss_pq_va:0.09783 loss_pv_va:0.11414
INFO|2024-09-25 12:11:58: Epoch[004/100], iter[313/392], loss_total:0.39234, loss_equ:0.91071 loss_pq_vm:0.01078 loss_pq_va:0.08909 loss_pv_va:0.10434
INFO|2024-09-25 12:12:09: Epoch[004/100], iter[352/392], loss_total:0.32815, loss_equ:0.96674 loss_pq_vm:0.00558 loss_pq_va:0.08232 loss_pv_va:0.09334
INFO|2024-09-25 12:12:20: Epoch[004/100], iter[392/392], loss_total:0.34935, loss_equ:0.87265 loss_pq_vm:0.00698 loss_pq_va:0.08871 loss_pv_va:0.10354
INFO|2024-09-25 12:13:07: Epoch 3/100, lr:  0.00099610, eta: 4.25h, train_loss:  0.37214, valid_loss:  0.39783
INFO|2024-09-25 12:13:07: 	Train: PQ_Vm_rmse: 0.00968529  PQ_Va_rmse: 0.13017579  PV_Va_rmse: 0.14825600  delta_p: 0.64321945  delta_q: 0.18804385  
INFO|2024-09-25 12:13:07: 	ZTest: PQ_Vm_rmse: 0.01117314  PQ_Va_rmse: 0.14379610  PV_Va_rmse: 0.16237402  delta_p: 0.68220412  delta_q: 0.18440130  
INFO|2024-09-25 12:13:07: 	ZTest-ema: PQ_Vm_rmse: 0.011173  PQ_Va_rmse: 0.143796  PV_Va_rmse: 0.162374  delta_p: 0.682204  delta_q: 0.184401  
INFO|2024-09-25 12:13:07: 	           ValOfEMA:0.162374/0.162374,  Epoch:4/4
INFO|2024-09-25 12:13:08: 	Time(ep):159s,  Val(curr/best):0.162374/0.162374,  Epoch(curr/best):4/4
INFO|2024-09-25 12:13:08: -------------------- Epoch: 5 --------------------
INFO|2024-09-25 12:13:20: Epoch[005/100], iter[040/392], loss_total:0.32495, loss_equ:0.79532 loss_pq_vm:0.00516 loss_pq_va:0.08952 loss_pv_va:0.10426
INFO|2024-09-25 12:13:32: Epoch[005/100], iter[079/392], loss_total:0.36263, loss_equ:0.84103 loss_pq_vm:0.00745 loss_pq_va:0.09245 loss_pv_va:0.11157
INFO|2024-09-25 12:13:43: Epoch[005/100], iter[118/392], loss_total:0.35389, loss_equ:0.94589 loss_pq_vm:0.00652 loss_pq_va:0.09131 loss_pv_va:0.10280
INFO|2024-09-25 12:13:54: Epoch[005/100], iter[157/392], loss_total:0.34253, loss_equ:0.85959 loss_pq_vm:0.00557 loss_pq_va:0.09387 loss_pv_va:0.10699
INFO|2024-09-25 12:14:05: Epoch[005/100], iter[196/392], loss_total:0.32774, loss_equ:0.84672 loss_pq_vm:0.00694 loss_pq_va:0.07819 loss_pv_va:0.09545
INFO|2024-09-25 12:14:16: Epoch[005/100], iter[235/392], loss_total:0.30374, loss_equ:0.82180 loss_pq_vm:0.00569 loss_pq_va:0.07468 loss_pv_va:0.08997
INFO|2024-09-25 12:14:27: Epoch[005/100], iter[274/392], loss_total:0.35416, loss_equ:0.95115 loss_pq_vm:0.00679 loss_pq_va:0.08667 loss_pv_va:0.10445
INFO|2024-09-25 12:14:38: Epoch[005/100], iter[313/392], loss_total:0.32667, loss_equ:1.07850 loss_pq_vm:0.00622 loss_pq_va:0.07083 loss_pv_va:0.08575
INFO|2024-09-25 12:14:49: Epoch[005/100], iter[352/392], loss_total:0.30693, loss_equ:0.80997 loss_pq_vm:0.00444 loss_pq_va:0.08381 loss_pv_va:0.09774
INFO|2024-09-25 12:15:01: Epoch[005/100], iter[392/392], loss_total:0.36007, loss_equ:0.96170 loss_pq_vm:0.00702 loss_pq_va:0.08761 loss_pv_va:0.10612
INFO|2024-09-25 12:15:46: Epoch 4/100, lr:  0.00099391, eta: 4.17h, train_loss:  0.34132, valid_loss:  0.37940
INFO|2024-09-25 12:15:46: 	Train: PQ_Vm_rmse: 0.00872619  PQ_Va_rmse: 0.11782935  PV_Va_rmse: 0.13746830  delta_p: 0.61930815  delta_q: 0.16775207  
INFO|2024-09-25 12:15:46: 	ZTest: PQ_Vm_rmse: 0.00977665  PQ_Va_rmse: 0.13051162  PV_Va_rmse: 0.15197791  delta_p: 0.71563557  delta_q: 0.21892909  
INFO|2024-09-25 12:15:46: 	ZTest-ema: PQ_Vm_rmse: 0.009777  PQ_Va_rmse: 0.130512  PV_Va_rmse: 0.151978  delta_p: 0.715636  delta_q: 0.218929  
INFO|2024-09-25 12:15:46: 	           ValOfEMA:0.151978/0.151978,  Epoch:5/5
INFO|2024-09-25 12:15:47: 	Time(ep):157s,  Val(curr/best):0.151978/0.151978,  Epoch(curr/best):5/5
INFO|2024-09-25 12:15:47: -------------------- Epoch: 6 --------------------
INFO|2024-09-25 12:15:59: Epoch[006/100], iter[040/392], loss_total:0.36118, loss_equ:1.02514 loss_pq_vm:0.00661 loss_pq_va:0.09083 loss_pv_va:0.10168
INFO|2024-09-25 12:16:10: Epoch[006/100], iter[079/392], loss_total:0.32764, loss_equ:0.93280 loss_pq_vm:0.00566 loss_pq_va:0.08011 loss_pv_va:0.09762
INFO|2024-09-25 12:16:21: Epoch[006/100], iter[118/392], loss_total:0.36076, loss_equ:0.80690 loss_pq_vm:0.00673 loss_pq_va:0.09861 loss_pv_va:0.11414
INFO|2024-09-25 12:16:32: Epoch[006/100], iter[157/392], loss_total:0.29952, loss_equ:0.79327 loss_pq_vm:0.00449 loss_pq_va:0.07931 loss_pv_va:0.09599
INFO|2024-09-25 12:16:42: Epoch[006/100], iter[196/392], loss_total:0.29447, loss_equ:0.81218 loss_pq_vm:0.00454 loss_pq_va:0.07487 loss_pv_va:0.09302
INFO|2024-09-25 12:16:53: Epoch[006/100], iter[235/392], loss_total:0.31458, loss_equ:0.77358 loss_pq_vm:0.00598 loss_pq_va:0.08172 loss_pv_va:0.09573
INFO|2024-09-25 12:17:04: Epoch[006/100], iter[274/392], loss_total:0.32958, loss_equ:0.75660 loss_pq_vm:0.00519 loss_pq_va:0.09219 loss_pv_va:0.10983
INFO|2024-09-25 12:17:15: Epoch[006/100], iter[313/392], loss_total:0.31040, loss_equ:0.77072 loss_pq_vm:0.00437 loss_pq_va:0.08573 loss_pv_va:0.10391
INFO|2024-09-25 12:17:26: Epoch[006/100], iter[352/392], loss_total:0.31248, loss_equ:0.90448 loss_pq_vm:0.00512 loss_pq_va:0.07679 loss_pv_va:0.09408
INFO|2024-09-25 12:17:37: Epoch[006/100], iter[392/392], loss_total:0.33491, loss_equ:0.93451 loss_pq_vm:0.00619 loss_pq_va:0.07962 loss_pv_va:0.09993
INFO|2024-09-25 12:18:21: Epoch 5/100, lr:  0.00099123, eta: 4.01h, train_loss:  0.32250, valid_loss:  0.35693
INFO|2024-09-25 12:18:21: 	Train: PQ_Vm_rmse: 0.00820864  PQ_Va_rmse: 0.10801594  PV_Va_rmse: 0.12875984  delta_p: 0.62368896  delta_q: 0.16354343  
INFO|2024-09-25 12:18:21: 	ZTest: PQ_Vm_rmse: 0.00915954  PQ_Va_rmse: 0.12722724  PV_Va_rmse: 0.14911784  delta_p: 0.69446030  delta_q: 0.18772215  
INFO|2024-09-25 12:18:21: 	ZTest-ema: PQ_Vm_rmse: 0.009160  PQ_Va_rmse: 0.127227  PV_Va_rmse: 0.149118  delta_p: 0.694460  delta_q: 0.187722  
INFO|2024-09-25 12:18:21: 	           ValOfEMA:0.149118/0.149118,  Epoch:6/6
INFO|2024-09-25 12:18:22: 	Time(ep):153s,  Val(curr/best):0.149118/0.149118,  Epoch(curr/best):6/6
INFO|2024-09-25 12:18:22: -------------------- Epoch: 7 --------------------
INFO|2024-09-25 12:18:34: Epoch[007/100], iter[040/392], loss_total:0.30675, loss_equ:0.88009 loss_pq_vm:0.00523 loss_pq_va:0.07482 loss_pv_va:0.09167
INFO|2024-09-25 12:18:44: Epoch[007/100], iter[079/392], loss_total:0.32752, loss_equ:0.80258 loss_pq_vm:0.00722 loss_pq_va:0.07952 loss_pv_va:0.09558
INFO|2024-09-25 12:18:55: Epoch[007/100], iter[118/392], loss_total:0.30045, loss_equ:0.80156 loss_pq_vm:0.00577 loss_pq_va:0.07309 loss_pv_va:0.08952
INFO|2024-09-25 12:19:06: Epoch[007/100], iter[157/392], loss_total:0.31131, loss_equ:0.79750 loss_pq_vm:0.00460 loss_pq_va:0.08509 loss_pv_va:0.10050
INFO|2024-09-25 12:19:16: Epoch[007/100], iter[196/392], loss_total:0.33419, loss_equ:0.85693 loss_pq_vm:0.00689 loss_pq_va:0.08011 loss_pv_va:0.09951
INFO|2024-09-25 12:19:27: Epoch[007/100], iter[235/392], loss_total:0.30602, loss_equ:0.79131 loss_pq_vm:0.00471 loss_pq_va:0.07992 loss_pv_va:0.09990
INFO|2024-09-25 12:19:38: Epoch[007/100], iter[274/392], loss_total:0.35051, loss_equ:0.86578 loss_pq_vm:0.00705 loss_pq_va:0.08845 loss_pv_va:0.10501
INFO|2024-09-25 12:19:49: Epoch[007/100], iter[313/392], loss_total:0.31762, loss_equ:0.81391 loss_pq_vm:0.00500 loss_pq_va:0.08415 loss_pv_va:0.10207
INFO|2024-09-25 12:19:59: Epoch[007/100], iter[352/392], loss_total:0.30475, loss_equ:0.76532 loss_pq_vm:0.00541 loss_pq_va:0.07943 loss_pv_va:0.09468
INFO|2024-09-25 12:20:10: Epoch[007/100], iter[392/392], loss_total:0.31469, loss_equ:0.79079 loss_pq_vm:0.00588 loss_pq_va:0.07943 loss_pv_va:0.09735
INFO|2024-09-25 12:20:56: Epoch 6/100, lr:  0.00098808, eta: 3.99h, train_loss:  0.31058, valid_loss:  0.34681
INFO|2024-09-25 12:20:56: 	Train: PQ_Vm_rmse: 0.00785575  PQ_Va_rmse: 0.10387492  PV_Va_rmse: 0.12529191  delta_p: 0.60233118  delta_q: 0.15543773  
INFO|2024-09-25 12:20:56: 	ZTest: PQ_Vm_rmse: 0.00920259  PQ_Va_rmse: 0.12345520  PV_Va_rmse: 0.14484900  delta_p: 0.62141277  delta_q: 0.16092520  
INFO|2024-09-25 12:20:56: 	ZTest-ema: PQ_Vm_rmse: 0.009203  PQ_Va_rmse: 0.123455  PV_Va_rmse: 0.144849  delta_p: 0.621413  delta_q: 0.160925  
INFO|2024-09-25 12:20:56: 	           ValOfEMA:0.144849/0.144849,  Epoch:7/7
INFO|2024-09-25 12:20:57: 	Time(ep):154s,  Val(curr/best):0.144849/0.144849,  Epoch(curr/best):7/7
INFO|2024-09-25 12:20:57: -------------------- Epoch: 8 --------------------
INFO|2024-09-25 12:21:10: Epoch[008/100], iter[040/392], loss_total:0.29578, loss_equ:0.86681 loss_pq_vm:0.00530 loss_pq_va:0.06933 loss_pv_va:0.08676
INFO|2024-09-25 12:21:21: Epoch[008/100], iter[079/392], loss_total:0.29502, loss_equ:0.82743 loss_pq_vm:0.00442 loss_pq_va:0.07591 loss_pv_va:0.09217
INFO|2024-09-25 12:21:32: Epoch[008/100], iter[118/392], loss_total:0.35617, loss_equ:0.85335 loss_pq_vm:0.00572 loss_pq_va:0.09648 loss_pv_va:0.11716
INFO|2024-09-25 12:21:43: Epoch[008/100], iter[157/392], loss_total:0.31548, loss_equ:0.80326 loss_pq_vm:0.00619 loss_pq_va:0.07834 loss_pv_va:0.09494
INFO|2024-09-25 12:21:54: Epoch[008/100], iter[196/392], loss_total:0.30192, loss_equ:0.80777 loss_pq_vm:0.00638 loss_pq_va:0.07029 loss_pv_va:0.08710
INFO|2024-09-25 12:22:05: Epoch[008/100], iter[235/392], loss_total:0.29310, loss_equ:0.87531 loss_pq_vm:0.00476 loss_pq_va:0.07146 loss_pv_va:0.08650
INFO|2024-09-25 12:22:17: Epoch[008/100], iter[274/392], loss_total:0.30165, loss_equ:0.76761 loss_pq_vm:0.00519 loss_pq_va:0.07898 loss_pv_va:0.09398
INFO|2024-09-25 12:22:28: Epoch[008/100], iter[313/392], loss_total:0.27784, loss_equ:0.85739 loss_pq_vm:0.00457 loss_pq_va:0.06597 loss_pv_va:0.08041
INFO|2024-09-25 12:22:39: Epoch[008/100], iter[352/392], loss_total:0.29809, loss_equ:0.81810 loss_pq_vm:0.00626 loss_pq_va:0.06848 loss_pv_va:0.08524
INFO|2024-09-25 12:22:50: Epoch[008/100], iter[392/392], loss_total:0.30039, loss_equ:0.81158 loss_pq_vm:0.00582 loss_pq_va:0.07300 loss_pv_va:0.08806
INFO|2024-09-25 12:23:34: Epoch 7/100, lr:  0.00098445, eta: 4.0h, train_loss:  0.30462, valid_loss:  0.35779
INFO|2024-09-25 12:23:34: 	Train: PQ_Vm_rmse: 0.00771450  PQ_Va_rmse: 0.10034927  PV_Va_rmse: 0.12233589  delta_p: 0.60240993  delta_q: 0.15371833  
INFO|2024-09-25 12:23:34: 	ZTest: PQ_Vm_rmse: 0.01047711  PQ_Va_rmse: 0.13039830  PV_Va_rmse: 0.14817132  delta_p: 0.62118788  delta_q: 0.16862121  
INFO|2024-09-25 12:23:34: 	ZTest-ema: PQ_Vm_rmse: 0.010477  PQ_Va_rmse: 0.130398  PV_Va_rmse: 0.148171  delta_p: 0.621188  delta_q: 0.168621  
INFO|2024-09-25 12:23:34: 	           ValOfEMA:0.148171/0.144849,  Epoch:8/7
INFO|2024-09-25 12:23:35: 	Time(ep):156s,  Val(curr/best):0.148171/0.144849,  Epoch(curr/best):8/7
INFO|2024-09-25 12:23:35: -------------------- Epoch: 9 --------------------
INFO|2024-09-25 12:23:47: Epoch[009/100], iter[040/392], loss_total:0.33612, loss_equ:0.88990 loss_pq_vm:0.00893 loss_pq_va:0.07054 loss_pv_va:0.08725
INFO|2024-09-25 12:23:58: Epoch[009/100], iter[079/392], loss_total:0.29952, loss_equ:0.80249 loss_pq_vm:0.00446 loss_pq_va:0.07837 loss_pv_va:0.09630
INFO|2024-09-25 12:24:09: Epoch[009/100], iter[118/392], loss_total:0.31582, loss_equ:0.89563 loss_pq_vm:0.00568 loss_pq_va:0.07581 loss_pv_va:0.09367
INFO|2024-09-25 12:24:21: Epoch[009/100], iter[157/392], loss_total:0.36376, loss_equ:0.82420 loss_pq_vm:0.01121 loss_pq_va:0.07489 loss_pv_va:0.09436
INFO|2024-09-25 12:24:31: Epoch[009/100], iter[196/392], loss_total:0.28482, loss_equ:0.84210 loss_pq_vm:0.00488 loss_pq_va:0.06792 loss_pv_va:0.08393
INFO|2024-09-25 12:24:43: Epoch[009/100], iter[235/392], loss_total:0.30966, loss_equ:0.95882 loss_pq_vm:0.00540 loss_pq_va:0.07104 loss_pv_va:0.08878
INFO|2024-09-25 12:24:54: Epoch[009/100], iter[274/392], loss_total:0.28250, loss_equ:0.82606 loss_pq_vm:0.00390 loss_pq_va:0.07205 loss_pv_va:0.08887
INFO|2024-09-25 12:25:05: Epoch[009/100], iter[313/392], loss_total:0.29745, loss_equ:0.78663 loss_pq_vm:0.00474 loss_pq_va:0.07689 loss_pv_va:0.09452
INFO|2024-09-25 12:25:16: Epoch[009/100], iter[352/392], loss_total:0.26827, loss_equ:0.75226 loss_pq_vm:0.00421 loss_pq_va:0.06810 loss_pv_va:0.08284
INFO|2024-09-25 12:25:27: Epoch[009/100], iter[392/392], loss_total:0.27963, loss_equ:0.75901 loss_pq_vm:0.00421 loss_pq_va:0.07284 loss_pv_va:0.08878
INFO|2024-09-25 12:26:13: Epoch 8/100, lr:  0.00098035, eta: 4.01h, train_loss:  0.29998, valid_loss:  0.33806
INFO|2024-09-25 12:26:13: 	Train: PQ_Vm_rmse: 0.00766479  PQ_Va_rmse: 0.09731281  PV_Va_rmse: 0.11960494  delta_p: 0.60600634  delta_q: 0.15318969  
INFO|2024-09-25 12:26:13: 	ZTest: PQ_Vm_rmse: 0.00935768  PQ_Va_rmse: 0.12165705  PV_Va_rmse: 0.14313271  delta_p: 0.63066340  delta_q: 0.15916666  
INFO|2024-09-25 12:26:13: 	ZTest-ema: PQ_Vm_rmse: 0.009358  PQ_Va_rmse: 0.121657  PV_Va_rmse: 0.143133  delta_p: 0.630663  delta_q: 0.159167  
INFO|2024-09-25 12:26:13: 	           ValOfEMA:0.143133/0.143133,  Epoch:9/9
INFO|2024-09-25 12:26:14: 	Time(ep):158s,  Val(curr/best):0.143133/0.143133,  Epoch(curr/best):9/9
INFO|2024-09-25 12:26:14: -------------------- Epoch: 10 --------------------
INFO|2024-09-25 12:26:26: Epoch[010/100], iter[040/392], loss_total:0.29947, loss_equ:0.79198 loss_pq_vm:0.00544 loss_pq_va:0.07428 loss_pv_va:0.09160
INFO|2024-09-25 12:26:38: Epoch[010/100], iter[079/392], loss_total:0.28091, loss_equ:0.77980 loss_pq_vm:0.00421 loss_pq_va:0.07271 loss_pv_va:0.08807
INFO|2024-09-25 12:26:49: Epoch[010/100], iter[118/392], loss_total:0.29931, loss_equ:0.77234 loss_pq_vm:0.00511 loss_pq_va:0.07831 loss_pv_va:0.09268
INFO|2024-09-25 12:27:00: Epoch[010/100], iter[157/392], loss_total:0.28142, loss_equ:0.74982 loss_pq_vm:0.00463 loss_pq_va:0.07178 loss_pv_va:0.08832
INFO|2024-09-25 12:27:11: Epoch[010/100], iter[196/392], loss_total:0.27407, loss_equ:0.84551 loss_pq_vm:0.00441 loss_pq_va:0.06359 loss_pv_va:0.08185
INFO|2024-09-25 12:27:22: Epoch[010/100], iter[235/392], loss_total:0.30666, loss_equ:1.02041 loss_pq_vm:0.00456 loss_pq_va:0.07049 loss_pv_va:0.08850
INFO|2024-09-25 12:27:33: Epoch[010/100], iter[274/392], loss_total:0.27413, loss_equ:0.78376 loss_pq_vm:0.00415 loss_pq_va:0.06842 loss_pv_va:0.08586
INFO|2024-09-25 12:27:45: Epoch[010/100], iter[313/392], loss_total:0.33482, loss_equ:0.87582 loss_pq_vm:0.00875 loss_pq_va:0.07078 loss_pv_va:0.08898
INFO|2024-09-25 12:27:56: Epoch[010/100], iter[352/392], loss_total:0.28153, loss_equ:0.80423 loss_pq_vm:0.00410 loss_pq_va:0.07117 loss_pv_va:0.08895
INFO|2024-09-25 12:28:07: Epoch[010/100], iter[392/392], loss_total:0.27642, loss_equ:0.78873 loss_pq_vm:0.00507 loss_pq_va:0.06532 loss_pv_va:0.08151
INFO|2024-09-25 12:28:53: Epoch 9/100, lr:  0.00097577, eta: 3.98h, train_loss:  0.28993, valid_loss:  0.34720
INFO|2024-09-25 12:28:53: 	Train: PQ_Vm_rmse: 0.00727050  PQ_Va_rmse: 0.09472890  PV_Va_rmse: 0.11728200  delta_p: 0.58983985  delta_q: 0.14763207  
INFO|2024-09-25 12:28:53: 	ZTest: PQ_Vm_rmse: 0.01048038  PQ_Va_rmse: 0.12311312  PV_Va_rmse: 0.14469284  delta_p: 0.62270138  delta_q: 0.15807336  
INFO|2024-09-25 12:28:53: 	ZTest-ema: PQ_Vm_rmse: 0.010480  PQ_Va_rmse: 0.123113  PV_Va_rmse: 0.144693  delta_p: 0.622701  delta_q: 0.158073  
INFO|2024-09-25 12:28:53: 	           ValOfEMA:0.144693/0.143133,  Epoch:10/9
INFO|2024-09-25 12:28:54: 	Time(ep):159s,  Val(curr/best):0.144693/0.143133,  Epoch(curr/best):10/9
INFO|2024-09-25 12:28:54: -------------------- Epoch: 11 --------------------
INFO|2024-09-25 12:29:06: Epoch[011/100], iter[040/392], loss_total:0.30598, loss_equ:0.73780 loss_pq_vm:0.00459 loss_pq_va:0.08459 loss_pv_va:0.10167
INFO|2024-09-25 12:29:17: Epoch[011/100], iter[079/392], loss_total:0.28669, loss_equ:0.84685 loss_pq_vm:0.00433 loss_pq_va:0.07029 loss_pv_va:0.08840
INFO|2024-09-25 12:29:28: Epoch[011/100], iter[118/392], loss_total:0.26332, loss_equ:0.77780 loss_pq_vm:0.00372 loss_pq_va:0.06574 loss_pv_va:0.08256
INFO|2024-09-25 12:29:39: Epoch[011/100], iter[157/392], loss_total:0.27870, loss_equ:0.79994 loss_pq_vm:0.00480 loss_pq_va:0.06706 loss_pv_va:0.08368
INFO|2024-09-25 12:29:50: Epoch[011/100], iter[196/392], loss_total:0.27797, loss_equ:0.83735 loss_pq_vm:0.00437 loss_pq_va:0.06718 loss_pv_va:0.08332
INFO|2024-09-25 12:30:01: Epoch[011/100], iter[235/392], loss_total:0.29262, loss_equ:0.80000 loss_pq_vm:0.00551 loss_pq_va:0.06950 loss_pv_va:0.08797
INFO|2024-09-25 12:30:12: Epoch[011/100], iter[274/392], loss_total:0.26808, loss_equ:0.75366 loss_pq_vm:0.00408 loss_pq_va:0.06783 loss_pv_va:0.08412
INFO|2024-09-25 12:30:23: Epoch[011/100], iter[313/392], loss_total:0.27972, loss_equ:0.78750 loss_pq_vm:0.00552 loss_pq_va:0.06449 loss_pv_va:0.08128
INFO|2024-09-25 12:30:34: Epoch[011/100], iter[352/392], loss_total:0.28515, loss_equ:0.79098 loss_pq_vm:0.00459 loss_pq_va:0.07173 loss_pv_va:0.08842
INFO|2024-09-25 12:30:45: Epoch[011/100], iter[392/392], loss_total:0.36560, loss_equ:0.78648 loss_pq_vm:0.00694 loss_pq_va:0.09639 loss_pv_va:0.12114
INFO|2024-09-25 12:31:28: Epoch 10/100, lr:  0.00097074, eta: 3.82h, train_loss:  0.28735, valid_loss:  0.38514
INFO|2024-09-25 12:31:28: 	Train: PQ_Vm_rmse: 0.00706967  PQ_Va_rmse: 0.09466264  PV_Va_rmse: 0.11767963  delta_p: 0.58236229  delta_q: 0.14310374  
INFO|2024-09-25 12:31:28: 	ZTest: PQ_Vm_rmse: 0.00893909  PQ_Va_rmse: 0.14106127  PV_Va_rmse: 0.16845214  delta_p: 0.68659313  delta_q: 0.15978976  
INFO|2024-09-25 12:31:28: 	ZTest-ema: PQ_Vm_rmse: 0.008939  PQ_Va_rmse: 0.141061  PV_Va_rmse: 0.168452  delta_p: 0.686593  delta_q: 0.159790  
INFO|2024-09-25 12:31:28: 	           ValOfEMA:0.168452/0.143133,  Epoch:11/9
INFO|2024-09-25 12:31:29: 	Time(ep):154s,  Val(curr/best):0.168452/0.143133,  Epoch(curr/best):11/9
INFO|2024-09-25 12:31:29: -------------------- Epoch: 12 --------------------
INFO|2024-09-25 12:31:41: Epoch[012/100], iter[040/392], loss_total:0.27558, loss_equ:0.81894 loss_pq_vm:0.00418 loss_pq_va:0.06583 loss_pv_va:0.08602
INFO|2024-09-25 12:31:53: Epoch[012/100], iter[079/392], loss_total:0.26851, loss_equ:0.75734 loss_pq_vm:0.00396 loss_pq_va:0.06867 loss_pv_va:0.08447
INFO|2024-09-25 12:32:04: Epoch[012/100], iter[118/392], loss_total:0.27814, loss_equ:0.79549 loss_pq_vm:0.00480 loss_pq_va:0.06642 loss_pv_va:0.08415
INFO|2024-09-25 12:32:15: Epoch[012/100], iter[157/392], loss_total:0.28343, loss_equ:0.75929 loss_pq_vm:0.00423 loss_pq_va:0.07231 loss_pv_va:0.09286
INFO|2024-09-25 12:32:26: Epoch[012/100], iter[196/392], loss_total:0.26655, loss_equ:0.77559 loss_pq_vm:0.00401 loss_pq_va:0.06534 loss_pv_va:0.08350
INFO|2024-09-25 12:32:37: Epoch[012/100], iter[235/392], loss_total:0.28984, loss_equ:0.80127 loss_pq_vm:0.00515 loss_pq_va:0.07041 loss_pv_va:0.08777
INFO|2024-09-25 12:32:48: Epoch[012/100], iter[274/392], loss_total:0.26933, loss_equ:0.71091 loss_pq_vm:0.00409 loss_pq_va:0.07268 loss_pv_va:0.08466
INFO|2024-09-25 12:33:00: Epoch[012/100], iter[313/392], loss_total:0.30358, loss_equ:0.80148 loss_pq_vm:0.00526 loss_pq_va:0.07967 loss_pv_va:0.09117
INFO|2024-09-25 12:33:10: Epoch[012/100], iter[352/392], loss_total:0.28555, loss_equ:0.84016 loss_pq_vm:0.00461 loss_pq_va:0.06844 loss_pv_va:0.08700
INFO|2024-09-25 12:33:22: Epoch[012/100], iter[392/392], loss_total:0.25474, loss_equ:0.74221 loss_pq_vm:0.00380 loss_pq_va:0.06364 loss_pv_va:0.07890
INFO|2024-09-25 12:34:08: Epoch 11/100, lr:  0.00096524, eta: 3.89h, train_loss:  0.28251, valid_loss:  0.32220
INFO|2024-09-25 12:34:08: 	Train: PQ_Vm_rmse: 0.00702554  PQ_Va_rmse: 0.09192345  PV_Va_rmse: 0.11521109  delta_p: 0.58334442  delta_q: 0.14267223  
INFO|2024-09-25 12:34:08: 	ZTest: PQ_Vm_rmse: 0.00895719  PQ_Va_rmse: 0.11744105  PV_Va_rmse: 0.13852784  delta_p: 0.60825346  delta_q: 0.15144745  
INFO|2024-09-25 12:34:08: 	ZTest-ema: PQ_Vm_rmse: 0.008520  PQ_Va_rmse: 0.114662  PV_Va_rmse: 0.136386  delta_p: 0.586599  delta_q: 0.141332  
INFO|2024-09-25 12:34:08: 	           ValOfEMA:0.136386/0.136386,  Epoch:12/12
INFO|2024-09-25 12:34:09: 	Time(ep):158s,  Val(curr/best):0.138528/0.138528,  Epoch(curr/best):12/12
INFO|2024-09-25 12:34:09: -------------------- Epoch: 13 --------------------
INFO|2024-09-25 12:34:21: Epoch[013/100], iter[040/392], loss_total:0.28141, loss_equ:0.81466 loss_pq_vm:0.00476 loss_pq_va:0.06670 loss_pv_va:0.08565
INFO|2024-09-25 12:34:32: Epoch[013/100], iter[079/392], loss_total:0.31235, loss_equ:0.79316 loss_pq_vm:0.00733 loss_pq_va:0.07123 loss_pv_va:0.08851
INFO|2024-09-25 12:34:43: Epoch[013/100], iter[118/392], loss_total:0.28630, loss_equ:0.79740 loss_pq_vm:0.00516 loss_pq_va:0.06959 loss_pv_va:0.08542
INFO|2024-09-25 12:34:54: Epoch[013/100], iter[157/392], loss_total:0.27389, loss_equ:0.73792 loss_pq_vm:0.00391 loss_pq_va:0.07093 loss_pv_va:0.09008
INFO|2024-09-25 12:35:05: Epoch[013/100], iter[196/392], loss_total:0.29666, loss_equ:0.74434 loss_pq_vm:0.00663 loss_pq_va:0.06918 loss_pv_va:0.08672
INFO|2024-09-25 12:35:16: Epoch[013/100], iter[235/392], loss_total:0.25873, loss_equ:0.74684 loss_pq_vm:0.00394 loss_pq_va:0.06387 loss_pv_va:0.08079
INFO|2024-09-25 12:35:27: Epoch[013/100], iter[274/392], loss_total:0.26758, loss_equ:0.73237 loss_pq_vm:0.00431 loss_pq_va:0.06742 loss_pv_va:0.08383
INFO|2024-09-25 12:35:39: Epoch[013/100], iter[313/392], loss_total:0.26669, loss_equ:0.73253 loss_pq_vm:0.00456 loss_pq_va:0.06559 loss_pv_va:0.08223
INFO|2024-09-25 12:35:49: Epoch[013/100], iter[352/392], loss_total:0.26495, loss_equ:0.79611 loss_pq_vm:0.00461 loss_pq_va:0.06227 loss_pv_va:0.07698
INFO|2024-09-25 12:36:01: Epoch[013/100], iter[392/392], loss_total:0.26671, loss_equ:0.76448 loss_pq_vm:0.00402 loss_pq_va:0.06738 loss_pv_va:0.08272
INFO|2024-09-25 12:36:45: Epoch 12/100, lr:  0.00095929, eta: 3.77h, train_loss:  0.27967, valid_loss:  0.34374
INFO|2024-09-25 12:36:45: 	Train: PQ_Vm_rmse: 0.00701786  PQ_Va_rmse: 0.09058636  PV_Va_rmse: 0.11413217  delta_p: 0.57053008  delta_q: 0.14062992  
INFO|2024-09-25 12:36:45: 	ZTest: PQ_Vm_rmse: 0.01079194  PQ_Va_rmse: 0.11438342  PV_Va_rmse: 0.13584279  delta_p: 0.62950811  delta_q: 0.16211713  
INFO|2024-09-25 12:36:45: 	ZTest-ema: PQ_Vm_rmse: 0.008494  PQ_Va_rmse: 0.113093  PV_Va_rmse: 0.135125  delta_p: 0.585413  delta_q: 0.140008  
INFO|2024-09-25 12:36:45: 	           ValOfEMA:0.135125/0.135125,  Epoch:13/13
INFO|2024-09-25 12:36:46: 	Time(ep):155s,  Val(curr/best):0.135843/0.135843,  Epoch(curr/best):13/13
INFO|2024-09-25 12:36:46: -------------------- Epoch: 14 --------------------
INFO|2024-09-25 12:36:58: Epoch[014/100], iter[040/392], loss_total:0.27438, loss_equ:0.72379 loss_pq_vm:0.00478 loss_pq_va:0.06752 loss_pv_va:0.08667
INFO|2024-09-25 12:37:09: Epoch[014/100], iter[079/392], loss_total:0.26068, loss_equ:0.75760 loss_pq_vm:0.00488 loss_pq_va:0.05879 loss_pv_va:0.07736
INFO|2024-09-25 12:37:20: Epoch[014/100], iter[118/392], loss_total:0.28674, loss_equ:0.74731 loss_pq_vm:0.00604 loss_pq_va:0.06698 loss_pv_va:0.08464
INFO|2024-09-25 12:37:31: Epoch[014/100], iter[157/392], loss_total:0.26725, loss_equ:0.73111 loss_pq_vm:0.00516 loss_pq_va:0.06284 loss_pv_va:0.07974
INFO|2024-09-25 12:37:42: Epoch[014/100], iter[196/392], loss_total:0.27850, loss_equ:0.73028 loss_pq_vm:0.00396 loss_pq_va:0.07381 loss_pv_va:0.09206
INFO|2024-09-25 12:37:53: Epoch[014/100], iter[235/392], loss_total:0.26734, loss_equ:0.72003 loss_pq_vm:0.00385 loss_pq_va:0.07004 loss_pv_va:0.08680
INFO|2024-09-25 12:38:05: Epoch[014/100], iter[274/392], loss_total:0.25963, loss_equ:0.74284 loss_pq_vm:0.00373 loss_pq_va:0.06630 loss_pv_va:0.08178
INFO|2024-09-25 12:38:16: Epoch[014/100], iter[313/392], loss_total:0.28358, loss_equ:0.76814 loss_pq_vm:0.00556 loss_pq_va:0.06652 loss_pv_va:0.08464
INFO|2024-09-25 12:38:26: Epoch[014/100], iter[352/392], loss_total:0.26410, loss_equ:0.73211 loss_pq_vm:0.00434 loss_pq_va:0.06516 loss_pv_va:0.08234
INFO|2024-09-25 12:38:38: Epoch[014/100], iter[392/392], loss_total:0.26522, loss_equ:0.72854 loss_pq_vm:0.00425 loss_pq_va:0.06637 loss_pv_va:0.08350
INFO|2024-09-25 12:39:21: Epoch 13/100, lr:  0.00095289, eta: 3.71h, train_loss:  0.27013, valid_loss:  0.31214
INFO|2024-09-25 12:39:21: 	Train: PQ_Vm_rmse: 0.00651432  PQ_Va_rmse: 0.08913650  PV_Va_rmse: 0.11286146  delta_p: 0.55858815  delta_q: 0.13405335  
INFO|2024-09-25 12:39:21: 	ZTest: PQ_Vm_rmse: 0.00796176  PQ_Va_rmse: 0.11077114  PV_Va_rmse: 0.13407653  delta_p: 0.62638234  delta_q: 0.15246046  
INFO|2024-09-25 12:39:21: 	ZTest-ema: PQ_Vm_rmse: 0.008276  PQ_Va_rmse: 0.111985  PV_Va_rmse: 0.134233  delta_p: 0.583675  delta_q: 0.139039  
INFO|2024-09-25 12:39:21: 	           ValOfEMA:0.134233/0.134233,  Epoch:14/14
INFO|2024-09-25 12:39:22: 	Time(ep):155s,  Val(curr/best):0.134077/0.134077,  Epoch(curr/best):14/14
INFO|2024-09-25 12:39:22: -------------------- Epoch: 15 --------------------
INFO|2024-09-25 12:39:34: Epoch[015/100], iter[040/392], loss_total:0.27316, loss_equ:0.74878 loss_pq_vm:0.00476 loss_pq_va:0.06702 loss_pv_va:0.08367
INFO|2024-09-25 12:39:45: Epoch[015/100], iter[079/392], loss_total:0.26969, loss_equ:0.84370 loss_pq_vm:0.00399 loss_pq_va:0.06367 loss_pv_va:0.08172
INFO|2024-09-25 12:39:56: Epoch[015/100], iter[118/392], loss_total:0.27631, loss_equ:0.71971 loss_pq_vm:0.00421 loss_pq_va:0.07250 loss_pv_va:0.08969
INFO|2024-09-25 12:40:07: Epoch[015/100], iter[157/392], loss_total:0.29220, loss_equ:0.75339 loss_pq_vm:0.00731 loss_pq_va:0.06399 loss_pv_va:0.07983
INFO|2024-09-25 12:40:18: Epoch[015/100], iter[196/392], loss_total:0.31618, loss_equ:0.85888 loss_pq_vm:0.00837 loss_pq_va:0.06496 loss_pv_va:0.08162
INFO|2024-09-25 12:40:28: Epoch[015/100], iter[235/392], loss_total:0.25151, loss_equ:0.75799 loss_pq_vm:0.00342 loss_pq_va:0.06075 loss_pv_va:0.08081
INFO|2024-09-25 12:40:39: Epoch[015/100], iter[274/392], loss_total:0.28095, loss_equ:0.76240 loss_pq_vm:0.00477 loss_pq_va:0.07017 loss_pv_va:0.08684
INFO|2024-09-25 12:40:50: Epoch[015/100], iter[313/392], loss_total:0.26092, loss_equ:0.74204 loss_pq_vm:0.00436 loss_pq_va:0.06316 loss_pv_va:0.07996
INFO|2024-09-25 12:41:01: Epoch[015/100], iter[352/392], loss_total:0.26379, loss_equ:0.74732 loss_pq_vm:0.00402 loss_pq_va:0.06595 loss_pv_va:0.08294
INFO|2024-09-25 12:41:12: Epoch[015/100], iter[392/392], loss_total:0.27254, loss_equ:0.76529 loss_pq_vm:0.00395 loss_pq_va:0.06936 loss_pv_va:0.08717
INFO|2024-09-25 12:41:58: Epoch 14/100, lr:  0.00094605, eta: 3.68h, train_loss:  0.27039, valid_loss:  0.33563
INFO|2024-09-25 12:41:58: 	Train: PQ_Vm_rmse: 0.00662352  PQ_Va_rmse: 0.08749937  PV_Va_rmse: 0.11159011  delta_p: 0.56922592  delta_q: 0.13549623  
INFO|2024-09-25 12:41:58: 	ZTest: PQ_Vm_rmse: 0.00895221  PQ_Va_rmse: 0.12399473  PV_Va_rmse: 0.14437748  delta_p: 0.62638644  delta_q: 0.14493035  
INFO|2024-09-25 12:41:58: 	ZTest-ema: PQ_Vm_rmse: 0.008199  PQ_Va_rmse: 0.111250  PV_Va_rmse: 0.133579  delta_p: 0.581109  delta_q: 0.138279  
INFO|2024-09-25 12:41:58: 	           ValOfEMA:0.133579/0.133579,  Epoch:15/15
INFO|2024-09-25 12:41:58: 	Time(ep):155s,  Val(curr/best):0.144377/0.134077,  Epoch(curr/best):15/14
INFO|2024-09-25 12:41:58: -------------------- Epoch: 16 --------------------
INFO|2024-09-25 12:42:11: Epoch[016/100], iter[040/392], loss_total:0.27336, loss_equ:0.73239 loss_pq_vm:0.00402 loss_pq_va:0.07089 loss_pv_va:0.08901
INFO|2024-09-25 12:42:22: Epoch[016/100], iter[079/392], loss_total:0.26137, loss_equ:0.71962 loss_pq_vm:0.00483 loss_pq_va:0.06330 loss_pv_va:0.07781
INFO|2024-09-25 12:42:33: Epoch[016/100], iter[118/392], loss_total:0.25844, loss_equ:0.80764 loss_pq_vm:0.00406 loss_pq_va:0.05913 loss_pv_va:0.07792
INFO|2024-09-25 12:42:44: Epoch[016/100], iter[157/392], loss_total:0.25836, loss_equ:0.70760 loss_pq_vm:0.00352 loss_pq_va:0.06621 loss_pv_va:0.08616
INFO|2024-09-25 12:42:55: Epoch[016/100], iter[196/392], loss_total:0.26124, loss_equ:0.71946 loss_pq_vm:0.00445 loss_pq_va:0.06398 loss_pv_va:0.08077
INFO|2024-09-25 12:43:07: Epoch[016/100], iter[235/392], loss_total:0.27927, loss_equ:0.79093 loss_pq_vm:0.00473 loss_pq_va:0.06533 loss_pv_va:0.08755
INFO|2024-09-25 12:43:18: Epoch[016/100], iter[274/392], loss_total:0.25464, loss_equ:0.71994 loss_pq_vm:0.00380 loss_pq_va:0.06350 loss_pv_va:0.08116
INFO|2024-09-25 12:43:29: Epoch[016/100], iter[313/392], loss_total:0.27150, loss_equ:0.74854 loss_pq_vm:0.00498 loss_pq_va:0.06414 loss_pv_va:0.08274
INFO|2024-09-25 12:43:40: Epoch[016/100], iter[352/392], loss_total:0.27889, loss_equ:0.75481 loss_pq_vm:0.00634 loss_pq_va:0.06166 loss_pv_va:0.07838
INFO|2024-09-25 12:43:51: Epoch[016/100], iter[392/392], loss_total:0.26009, loss_equ:0.75969 loss_pq_vm:0.00371 loss_pq_va:0.06496 loss_pv_va:0.08207
INFO|2024-09-25 12:44:36: Epoch 15/100, lr:  0.00093877, eta: 3.67h, train_loss:  0.26821, valid_loss:  0.30942
INFO|2024-09-25 12:44:36: 	Train: PQ_Vm_rmse: 0.00652251  PQ_Va_rmse: 0.08801358  PV_Va_rmse: 0.11198565  delta_p: 0.55293547  delta_q: 0.13164027  
INFO|2024-09-25 12:44:36: 	ZTest: PQ_Vm_rmse: 0.00780948  PQ_Va_rmse: 0.11060671  PV_Va_rmse: 0.13428392  delta_p: 0.61954609  delta_q: 0.14789454  
INFO|2024-09-25 12:44:36: 	ZTest-ema: PQ_Vm_rmse: 0.008191  PQ_Va_rmse: 0.111013  PV_Va_rmse: 0.133349  delta_p: 0.576875  delta_q: 0.136950  
INFO|2024-09-25 12:44:36: 	           ValOfEMA:0.133349/0.133349,  Epoch:16/16
INFO|2024-09-25 12:44:37: 	Time(ep):157s,  Val(curr/best):0.134284/0.134077,  Epoch(curr/best):16/14
INFO|2024-09-25 12:44:37: -------------------- Epoch: 17 --------------------
INFO|2024-09-25 12:44:49: Epoch[017/100], iter[040/392], loss_total:0.27464, loss_equ:0.76546 loss_pq_vm:0.00421 loss_pq_va:0.07010 loss_pv_va:0.08590
INFO|2024-09-25 12:45:00: Epoch[017/100], iter[079/392], loss_total:0.23968, loss_equ:0.71693 loss_pq_vm:0.00342 loss_pq_va:0.05901 loss_pv_va:0.07479
INFO|2024-09-25 12:45:12: Epoch[017/100], iter[118/392], loss_total:0.25487, loss_equ:0.75203 loss_pq_vm:0.00389 loss_pq_va:0.06244 loss_pv_va:0.07834
INFO|2024-09-25 12:45:23: Epoch[017/100], iter[157/392], loss_total:0.27112, loss_equ:0.73949 loss_pq_vm:0.00384 loss_pq_va:0.07189 loss_pv_va:0.08688
INFO|2024-09-25 12:45:34: Epoch[017/100], iter[196/392], loss_total:0.26542, loss_equ:0.77422 loss_pq_vm:0.00385 loss_pq_va:0.06549 loss_pv_va:0.08405
INFO|2024-09-25 12:45:45: Epoch[017/100], iter[235/392], loss_total:0.24834, loss_equ:0.70226 loss_pq_vm:0.00403 loss_pq_va:0.06084 loss_pv_va:0.07699
INFO|2024-09-25 12:45:56: Epoch[017/100], iter[274/392], loss_total:0.26886, loss_equ:0.81053 loss_pq_vm:0.00393 loss_pq_va:0.06538 loss_pv_va:0.08312
INFO|2024-09-25 12:46:08: Epoch[017/100], iter[313/392], loss_total:0.26770, loss_equ:0.74831 loss_pq_vm:0.00418 loss_pq_va:0.06644 loss_pv_va:0.08463
INFO|2024-09-25 12:46:18: Epoch[017/100], iter[352/392], loss_total:0.26234, loss_equ:0.79344 loss_pq_vm:0.00475 loss_pq_va:0.05870 loss_pv_va:0.07684
INFO|2024-09-25 12:46:30: Epoch[017/100], iter[392/392], loss_total:0.24551, loss_equ:0.70831 loss_pq_vm:0.00351 loss_pq_va:0.06184 loss_pv_va:0.07779
INFO|2024-09-25 12:47:16: Epoch 16/100, lr:  0.00093107, eta: 3.68h, train_loss:  0.25960, valid_loss:  0.32023
INFO|2024-09-25 12:47:16: 	Train: PQ_Vm_rmse: 0.00614011  PQ_Va_rmse: 0.08498844  PV_Va_rmse: 0.10932990  delta_p: 0.55456422  delta_q: 0.13000466  
INFO|2024-09-25 12:47:16: 	ZTest: PQ_Vm_rmse: 0.00947518  PQ_Va_rmse: 0.11302281  PV_Va_rmse: 0.13463746  delta_p: 0.59300204  delta_q: 0.14476345  
INFO|2024-09-25 12:47:16: 	ZTest-ema: PQ_Vm_rmse: 0.008065  PQ_Va_rmse: 0.109591  PV_Va_rmse: 0.132220  delta_p: 0.580269  delta_q: 0.136456  
INFO|2024-09-25 12:47:16: 	           ValOfEMA:0.132220/0.132220,  Epoch:17/17
INFO|2024-09-25 12:47:17: 	Time(ep):159s,  Val(curr/best):0.134637/0.134077,  Epoch(curr/best):17/14
INFO|2024-09-25 12:47:17: -------------------- Epoch: 18 --------------------
INFO|2024-09-25 12:47:29: Epoch[018/100], iter[040/392], loss_total:0.24977, loss_equ:0.70074 loss_pq_vm:0.00382 loss_pq_va:0.06218 loss_pv_va:0.07929
INFO|2024-09-25 12:47:40: Epoch[018/100], iter[079/392], loss_total:0.26047, loss_equ:0.76411 loss_pq_vm:0.00382 loss_pq_va:0.06450 loss_pv_va:0.08136
INFO|2024-09-25 12:47:51: Epoch[018/100], iter[118/392], loss_total:0.25513, loss_equ:0.73764 loss_pq_vm:0.00367 loss_pq_va:0.06295 loss_pv_va:0.08170
INFO|2024-09-25 12:48:03: Epoch[018/100], iter[157/392], loss_total:0.26514, loss_equ:0.77264 loss_pq_vm:0.00509 loss_pq_va:0.05868 loss_pv_va:0.07835
INFO|2024-09-25 12:48:14: Epoch[018/100], iter[196/392], loss_total:0.27323, loss_equ:0.73860 loss_pq_vm:0.00529 loss_pq_va:0.06352 loss_pv_va:0.08298
INFO|2024-09-25 12:48:25: Epoch[018/100], iter[235/392], loss_total:0.26380, loss_equ:0.76694 loss_pq_vm:0.00387 loss_pq_va:0.06479 loss_pv_va:0.08364
INFO|2024-09-25 12:48:36: Epoch[018/100], iter[274/392], loss_total:0.24509, loss_equ:0.72607 loss_pq_vm:0.00402 loss_pq_va:0.05741 loss_pv_va:0.07490
INFO|2024-09-25 12:48:47: Epoch[018/100], iter[313/392], loss_total:0.25947, loss_equ:0.71241 loss_pq_vm:0.00396 loss_pq_va:0.06591 loss_pv_va:0.08268
INFO|2024-09-25 12:48:58: Epoch[018/100], iter[352/392], loss_total:0.24592, loss_equ:0.70527 loss_pq_vm:0.00376 loss_pq_va:0.06059 loss_pv_va:0.07719
INFO|2024-09-25 12:49:09: Epoch[018/100], iter[392/392], loss_total:0.27231, loss_equ:0.74179 loss_pq_vm:0.00493 loss_pq_va:0.06595 loss_pv_va:0.08291
INFO|2024-09-25 12:49:54: Epoch 17/100, lr:  0.00092294, eta: 3.58h, train_loss:  0.25842, valid_loss:  0.33385
INFO|2024-09-25 12:49:54: 	Train: PQ_Vm_rmse: 0.00617159  PQ_Va_rmse: 0.08465110  PV_Va_rmse: 0.10912155  delta_p: 0.54645869  delta_q: 0.12898360  
INFO|2024-09-25 12:49:54: 	ZTest: PQ_Vm_rmse: 0.00868913  PQ_Va_rmse: 0.12242305  PV_Va_rmse: 0.14268690  delta_p: 0.60704459  delta_q: 0.15743661  
INFO|2024-09-25 12:49:54: 	ZTest-ema: PQ_Vm_rmse: 0.008017  PQ_Va_rmse: 0.108925  PV_Va_rmse: 0.131729  delta_p: 0.579109  delta_q: 0.135528  
INFO|2024-09-25 12:49:54: 	           ValOfEMA:0.131729/0.131729,  Epoch:18/18
INFO|2024-09-25 12:49:54: 	Time(ep):156s,  Val(curr/best):0.142687/0.134077,  Epoch(curr/best):18/14
INFO|2024-09-25 12:49:54: -------------------- Epoch: 19 --------------------
INFO|2024-09-25 12:50:06: Epoch[019/100], iter[040/392], loss_total:0.25910, loss_equ:0.74406 loss_pq_vm:0.00353 loss_pq_va:0.06659 loss_pv_va:0.08284
INFO|2024-09-25 12:50:17: Epoch[019/100], iter[079/392], loss_total:0.26113, loss_equ:0.77524 loss_pq_vm:0.00477 loss_pq_va:0.05915 loss_pv_va:0.07679
INFO|2024-09-25 12:50:28: Epoch[019/100], iter[118/392], loss_total:0.27079, loss_equ:0.78169 loss_pq_vm:0.00513 loss_pq_va:0.06096 loss_pv_va:0.08034
INFO|2024-09-25 12:50:39: Epoch[019/100], iter[157/392], loss_total:0.26348, loss_equ:0.76218 loss_pq_vm:0.00346 loss_pq_va:0.06559 loss_pv_va:0.08712
INFO|2024-09-25 12:50:49: Epoch[019/100], iter[196/392], loss_total:0.24691, loss_equ:0.71923 loss_pq_vm:0.00352 loss_pq_va:0.06143 loss_pv_va:0.07837
INFO|2024-09-25 12:51:00: Epoch[019/100], iter[235/392], loss_total:0.25755, loss_equ:0.70730 loss_pq_vm:0.00360 loss_pq_va:0.06598 loss_pv_va:0.08483
INFO|2024-09-25 12:51:11: Epoch[019/100], iter[274/392], loss_total:0.25023, loss_equ:0.74966 loss_pq_vm:0.00364 loss_pq_va:0.06016 loss_pv_va:0.07872
INFO|2024-09-25 12:51:22: Epoch[019/100], iter[313/392], loss_total:0.27179, loss_equ:0.70148 loss_pq_vm:0.00369 loss_pq_va:0.07244 loss_pv_va:0.09229
INFO|2024-09-25 12:51:32: Epoch[019/100], iter[352/392], loss_total:0.24686, loss_equ:0.71408 loss_pq_vm:0.00432 loss_pq_va:0.05745 loss_pv_va:0.07484
INFO|2024-09-25 12:51:43: Epoch[019/100], iter[392/392], loss_total:0.23425, loss_equ:0.72696 loss_pq_vm:0.00355 loss_pq_va:0.05554 loss_pv_va:0.07054
INFO|2024-09-25 12:52:29: Epoch 18/100, lr:  0.00091440, eta: 3.47h, train_loss:  0.26091, valid_loss:  0.30956
INFO|2024-09-25 12:52:29: 	Train: PQ_Vm_rmse: 0.00616154  PQ_Va_rmse: 0.08515424  PV_Va_rmse: 0.10970852  delta_p: 0.55525814  delta_q: 0.13058531  
INFO|2024-09-25 12:52:29: 	ZTest: PQ_Vm_rmse: 0.00781458  PQ_Va_rmse: 0.10837166  PV_Va_rmse: 0.13193736  delta_p: 0.61754673  delta_q: 0.14420695  
INFO|2024-09-25 12:52:29: 	ZTest-ema: PQ_Vm_rmse: 0.007969  PQ_Va_rmse: 0.108670  PV_Va_rmse: 0.131504  delta_p: 0.574158  delta_q: 0.135070  
INFO|2024-09-25 12:52:29: 	           ValOfEMA:0.131504/0.131504,  Epoch:19/19
INFO|2024-09-25 12:52:30: 	Time(ep):154s,  Val(curr/best):0.131937/0.131937,  Epoch(curr/best):19/19
INFO|2024-09-25 12:52:30: -------------------- Epoch: 20 --------------------
INFO|2024-09-25 12:52:42: Epoch[020/100], iter[040/392], loss_total:0.23927, loss_equ:0.70737 loss_pq_vm:0.00387 loss_pq_va:0.05625 loss_pv_va:0.07357
INFO|2024-09-25 12:52:53: Epoch[020/100], iter[079/392], loss_total:0.25563, loss_equ:0.67814 loss_pq_vm:0.00340 loss_pq_va:0.06927 loss_pv_va:0.08457
INFO|2024-09-25 12:53:05: Epoch[020/100], iter[118/392], loss_total:0.24725, loss_equ:0.71365 loss_pq_vm:0.00364 loss_pq_va:0.06093 loss_pv_va:0.07853
INFO|2024-09-25 12:53:15: Epoch[020/100], iter[157/392], loss_total:0.25352, loss_equ:0.75517 loss_pq_vm:0.00370 loss_pq_va:0.06172 loss_pv_va:0.07931
INFO|2024-09-25 12:53:26: Epoch[020/100], iter[196/392], loss_total:0.23650, loss_equ:0.71560 loss_pq_vm:0.00354 loss_pq_va:0.05653 loss_pv_va:0.07298
INFO|2024-09-25 12:53:38: Epoch[020/100], iter[235/392], loss_total:0.25356, loss_equ:0.70973 loss_pq_vm:0.00356 loss_pq_va:0.06413 loss_pv_va:0.08288
INFO|2024-09-25 12:53:49: Epoch[020/100], iter[274/392], loss_total:0.24972, loss_equ:0.73160 loss_pq_vm:0.00358 loss_pq_va:0.06160 loss_pv_va:0.07911
INFO|2024-09-25 12:54:00: Epoch[020/100], iter[313/392], loss_total:0.27932, loss_equ:0.72875 loss_pq_vm:0.00387 loss_pq_va:0.07335 loss_pv_va:0.09443
INFO|2024-09-25 12:54:10: Epoch[020/100], iter[352/392], loss_total:0.24975, loss_equ:0.72776 loss_pq_vm:0.00409 loss_pq_va:0.05911 loss_pv_va:0.07695
INFO|2024-09-25 12:54:22: Epoch[020/100], iter[392/392], loss_total:0.26737, loss_equ:0.74892 loss_pq_vm:0.00467 loss_pq_va:0.06259 loss_pv_va:0.08322
INFO|2024-09-25 12:55:05: Epoch 19/100, lr:  0.00090546, eta: 3.46h, train_loss:  0.25461, valid_loss:  0.31306
INFO|2024-09-25 12:55:05: 	Train: PQ_Vm_rmse: 0.00589849  PQ_Va_rmse: 0.08393873  PV_Va_rmse: 0.10862176  delta_p: 0.54416731  delta_q: 0.12768988  
INFO|2024-09-25 12:55:05: 	ZTest: PQ_Vm_rmse: 0.00896046  PQ_Va_rmse: 0.10934944  PV_Va_rmse: 0.13173518  delta_p: 0.62562586  delta_q: 0.14857428  
INFO|2024-09-25 12:55:05: 	ZTest-ema: PQ_Vm_rmse: 0.007847  PQ_Va_rmse: 0.108018  PV_Va_rmse: 0.130985  delta_p: 0.575281  delta_q: 0.134766  
INFO|2024-09-25 12:55:05: 	           ValOfEMA:0.130985/0.130985,  Epoch:20/20
INFO|2024-09-25 12:55:06: 	Time(ep):155s,  Val(curr/best):0.131735/0.131735,  Epoch(curr/best):20/20
INFO|2024-09-25 12:55:06: -------------------- Epoch: 21 --------------------
INFO|2024-09-25 12:55:19: Epoch[021/100], iter[040/392], loss_total:0.24751, loss_equ:0.70592 loss_pq_vm:0.00326 loss_pq_va:0.06258 loss_pv_va:0.08173
INFO|2024-09-25 12:55:30: Epoch[021/100], iter[079/392], loss_total:0.24805, loss_equ:0.70532 loss_pq_vm:0.00409 loss_pq_va:0.06075 loss_pv_va:0.07589
INFO|2024-09-25 12:55:41: Epoch[021/100], iter[118/392], loss_total:0.25926, loss_equ:0.73226 loss_pq_vm:0.00412 loss_pq_va:0.06263 loss_pv_va:0.08219
INFO|2024-09-25 12:55:52: Epoch[021/100], iter[157/392], loss_total:0.23624, loss_equ:0.72008 loss_pq_vm:0.00330 loss_pq_va:0.05719 loss_pv_va:0.07403
INFO|2024-09-25 12:56:03: Epoch[021/100], iter[196/392], loss_total:0.24640, loss_equ:0.71941 loss_pq_vm:0.00343 loss_pq_va:0.06052 loss_pv_va:0.07960
INFO|2024-09-25 12:56:14: Epoch[021/100], iter[235/392], loss_total:0.24259, loss_equ:0.72200 loss_pq_vm:0.00392 loss_pq_va:0.05731 loss_pv_va:0.07387
INFO|2024-09-25 12:56:25: Epoch[021/100], iter[274/392], loss_total:0.24866, loss_equ:0.73669 loss_pq_vm:0.00358 loss_pq_va:0.06035 loss_pv_va:0.07880
INFO|2024-09-25 12:56:36: Epoch[021/100], iter[313/392], loss_total:0.24995, loss_equ:0.73369 loss_pq_vm:0.00343 loss_pq_va:0.06264 loss_pv_va:0.07968
INFO|2024-09-25 12:56:47: Epoch[021/100], iter[352/392], loss_total:0.23541, loss_equ:0.68383 loss_pq_vm:0.00349 loss_pq_va:0.05861 loss_pv_va:0.07353
INFO|2024-09-25 12:56:58: Epoch[021/100], iter[392/392], loss_total:0.23705, loss_equ:0.70339 loss_pq_vm:0.00319 loss_pq_va:0.05861 loss_pv_va:0.07625
INFO|2024-09-25 12:57:43: Epoch 20/100, lr:  0.00089613, eta: 3.44h, train_loss:  0.25339, valid_loss:  0.30597
INFO|2024-09-25 12:57:43: 	Train: PQ_Vm_rmse: 0.00590454  PQ_Va_rmse: 0.08356284  PV_Va_rmse: 0.10848153  delta_p: 0.53754279  delta_q: 0.12557338  
INFO|2024-09-25 12:57:43: 	ZTest: PQ_Vm_rmse: 0.00754039  PQ_Va_rmse: 0.10970752  PV_Va_rmse: 0.13445335  delta_p: 0.59564767  delta_q: 0.14245325  
INFO|2024-09-25 12:57:43: 	ZTest-ema: PQ_Vm_rmse: 0.007833  PQ_Va_rmse: 0.107677  PV_Va_rmse: 0.130821  delta_p: 0.573525  delta_q: 0.133966  
INFO|2024-09-25 12:57:43: 	           ValOfEMA:0.130821/0.130821,  Epoch:21/21
INFO|2024-09-25 12:57:44: 	Time(ep):156s,  Val(curr/best):0.134453/0.131735,  Epoch(curr/best):21/20
INFO|2024-09-25 12:57:44: -------------------- Epoch: 22 --------------------
INFO|2024-09-25 12:57:56: Epoch[022/100], iter[040/392], loss_total:0.25446, loss_equ:0.76704 loss_pq_vm:0.00345 loss_pq_va:0.06278 loss_pv_va:0.08049
INFO|2024-09-25 12:58:07: Epoch[022/100], iter[079/392], loss_total:0.24102, loss_equ:0.69578 loss_pq_vm:0.00375 loss_pq_va:0.05850 loss_pv_va:0.07546
INFO|2024-09-25 12:58:18: Epoch[022/100], iter[118/392], loss_total:0.24615, loss_equ:0.71893 loss_pq_vm:0.00394 loss_pq_va:0.05942 loss_pv_va:0.07544
INFO|2024-09-25 12:58:29: Epoch[022/100], iter[157/392], loss_total:0.25391, loss_equ:0.71078 loss_pq_vm:0.00402 loss_pq_va:0.06302 loss_pv_va:0.07964
INFO|2024-09-25 12:58:40: Epoch[022/100], iter[196/392], loss_total:0.25287, loss_equ:0.72344 loss_pq_vm:0.00324 loss_pq_va:0.06437 loss_pv_va:0.08376
INFO|2024-09-25 12:58:51: Epoch[022/100], iter[235/392], loss_total:0.24585, loss_equ:0.71016 loss_pq_vm:0.00335 loss_pq_va:0.06163 loss_pv_va:0.07972
INFO|2024-09-25 12:59:02: Epoch[022/100], iter[274/392], loss_total:0.26652, loss_equ:0.70140 loss_pq_vm:0.00448 loss_pq_va:0.06851 loss_pv_va:0.08303
INFO|2024-09-25 12:59:14: Epoch[022/100], iter[313/392], loss_total:0.25278, loss_equ:0.74944 loss_pq_vm:0.00402 loss_pq_va:0.05990 loss_pv_va:0.07772
INFO|2024-09-25 12:59:24: Epoch[022/100], iter[352/392], loss_total:0.24309, loss_equ:0.75770 loss_pq_vm:0.00347 loss_pq_va:0.05809 loss_pv_va:0.07454
INFO|2024-09-25 12:59:36: Epoch[022/100], iter[392/392], loss_total:0.25037, loss_equ:0.70996 loss_pq_vm:0.00365 loss_pq_va:0.06317 loss_pv_va:0.07975
INFO|2024-09-25 13:00:20: Epoch 21/100, lr:  0.00088640, eta: 3.39h, train_loss:  0.25106, valid_loss:  0.30188
INFO|2024-09-25 13:00:20: 	Train: PQ_Vm_rmse: 0.00585519  PQ_Va_rmse: 0.08235993  PV_Va_rmse: 0.10735372  delta_p: 0.53878612  delta_q: 0.12486291  
INFO|2024-09-25 13:00:20: 	ZTest: PQ_Vm_rmse: 0.00793527  PQ_Va_rmse: 0.11104284  PV_Va_rmse: 0.13402225  delta_p: 0.59171779  delta_q: 0.13674798  
INFO|2024-09-25 13:00:20: 	ZTest-ema: PQ_Vm_rmse: 0.007787  PQ_Va_rmse: 0.107015  PV_Va_rmse: 0.130284  delta_p: 0.575354  delta_q: 0.133760  
INFO|2024-09-25 13:00:20: 	           ValOfEMA:0.130284/0.130284,  Epoch:22/22
INFO|2024-09-25 13:00:21: 	Time(ep):156s,  Val(curr/best):0.134022/0.131735,  Epoch(curr/best):22/20
INFO|2024-09-25 13:00:21: -------------------- Epoch: 23 --------------------
INFO|2024-09-25 13:00:33: Epoch[023/100], iter[040/392], loss_total:0.23784, loss_equ:0.68904 loss_pq_vm:0.00335 loss_pq_va:0.05863 loss_pv_va:0.07686
INFO|2024-09-25 13:00:44: Epoch[023/100], iter[079/392], loss_total:0.24018, loss_equ:0.71255 loss_pq_vm:0.00386 loss_pq_va:0.05640 loss_pv_va:0.07393
INFO|2024-09-25 13:00:54: Epoch[023/100], iter[118/392], loss_total:0.27512, loss_equ:0.74442 loss_pq_vm:0.00396 loss_pq_va:0.06849 loss_pv_va:0.09258
INFO|2024-09-25 13:01:05: Epoch[023/100], iter[157/392], loss_total:0.24658, loss_equ:0.69867 loss_pq_vm:0.00347 loss_pq_va:0.06174 loss_pv_va:0.08027
INFO|2024-09-25 13:01:16: Epoch[023/100], iter[196/392], loss_total:0.25101, loss_equ:0.71603 loss_pq_vm:0.00357 loss_pq_va:0.06314 loss_pv_va:0.08060
INFO|2024-09-25 13:01:27: Epoch[023/100], iter[235/392], loss_total:0.23980, loss_equ:0.69333 loss_pq_vm:0.00442 loss_pq_va:0.05560 loss_pv_va:0.07068
INFO|2024-09-25 13:01:38: Epoch[023/100], iter[274/392], loss_total:0.23043, loss_equ:0.68644 loss_pq_vm:0.00322 loss_pq_va:0.05597 loss_pv_va:0.07357
INFO|2024-09-25 13:01:49: Epoch[023/100], iter[313/392], loss_total:0.24646, loss_equ:0.73739 loss_pq_vm:0.00343 loss_pq_va:0.06124 loss_pv_va:0.07723
INFO|2024-09-25 13:01:59: Epoch[023/100], iter[352/392], loss_total:0.26221, loss_equ:0.70618 loss_pq_vm:0.00381 loss_pq_va:0.06748 loss_pv_va:0.08602
INFO|2024-09-25 13:02:10: Epoch[023/100], iter[392/392], loss_total:0.24326, loss_equ:0.70437 loss_pq_vm:0.00321 loss_pq_va:0.06182 loss_pv_va:0.07892
INFO|2024-09-25 13:02:55: Epoch 22/100, lr:  0.00087630, eta: 3.31h, train_loss:  0.24936, valid_loss:  0.30401
INFO|2024-09-25 13:02:55: 	Train: PQ_Vm_rmse: 0.00577763  PQ_Va_rmse: 0.08179644  PV_Va_rmse: 0.10674263  delta_p: 0.54053333  delta_q: 0.12406222  
INFO|2024-09-25 13:02:55: 	ZTest: PQ_Vm_rmse: 0.00811522  PQ_Va_rmse: 0.10729387  PV_Va_rmse: 0.13095962  delta_p: 0.63481050  delta_q: 0.14234470  
INFO|2024-09-25 13:02:55: 	ZTest-ema: PQ_Vm_rmse: 0.007714  PQ_Va_rmse: 0.106480  PV_Va_rmse: 0.129863  delta_p: 0.575432  delta_q: 0.133645  
INFO|2024-09-25 13:02:55: 	           ValOfEMA:0.129863/0.129863,  Epoch:23/23
INFO|2024-09-25 13:02:56: 	Time(ep):154s,  Val(curr/best):0.130960/0.130960,  Epoch(curr/best):23/23
INFO|2024-09-25 13:02:56: -------------------- Epoch: 24 --------------------
INFO|2024-09-25 13:03:09: Epoch[024/100], iter[040/392], loss_total:0.23962, loss_equ:0.69631 loss_pq_vm:0.00378 loss_pq_va:0.05826 loss_pv_va:0.07396
INFO|2024-09-25 13:03:20: Epoch[024/100], iter[079/392], loss_total:0.22928, loss_equ:0.66602 loss_pq_vm:0.00299 loss_pq_va:0.05800 loss_pv_va:0.07475
INFO|2024-09-25 13:03:31: Epoch[024/100], iter[118/392], loss_total:0.25190, loss_equ:0.74645 loss_pq_vm:0.00357 loss_pq_va:0.06154 loss_pv_va:0.08002
INFO|2024-09-25 13:03:42: Epoch[024/100], iter[157/392], loss_total:0.24837, loss_equ:0.69836 loss_pq_vm:0.00364 loss_pq_va:0.06318 loss_pv_va:0.07899
INFO|2024-09-25 13:03:52: Epoch[024/100], iter[196/392], loss_total:0.25782, loss_equ:0.72827 loss_pq_vm:0.00456 loss_pq_va:0.06050 loss_pv_va:0.07892
INFO|2024-09-25 13:04:03: Epoch[024/100], iter[235/392], loss_total:0.24632, loss_equ:0.74590 loss_pq_vm:0.00355 loss_pq_va:0.05807 loss_pv_va:0.07820
INFO|2024-09-25 13:04:15: Epoch[024/100], iter[274/392], loss_total:0.25566, loss_equ:0.70662 loss_pq_vm:0.00428 loss_pq_va:0.06216 loss_pv_va:0.08009
INFO|2024-09-25 13:04:26: Epoch[024/100], iter[313/392], loss_total:0.24328, loss_equ:0.70915 loss_pq_vm:0.00353 loss_pq_va:0.05941 loss_pv_va:0.07767
INFO|2024-09-25 13:04:37: Epoch[024/100], iter[352/392], loss_total:0.25365, loss_equ:0.73305 loss_pq_vm:0.00439 loss_pq_va:0.05853 loss_pv_va:0.07789
INFO|2024-09-25 13:04:48: Epoch[024/100], iter[392/392], loss_total:0.24811, loss_equ:0.71479 loss_pq_vm:0.00391 loss_pq_va:0.05968 loss_pv_va:0.07787
INFO|2024-09-25 13:05:33: Epoch 23/100, lr:  0.00086584, eta: 3.31h, train_loss:  0.24788, valid_loss:  0.30041
INFO|2024-09-25 13:05:33: 	Train: PQ_Vm_rmse: 0.00576439  PQ_Va_rmse: 0.08106450  PV_Va_rmse: 0.10617614  delta_p: 0.53565265  delta_q: 0.12381954  
INFO|2024-09-25 13:05:33: 	ZTest: PQ_Vm_rmse: 0.00737192  PQ_Va_rmse: 0.10787002  PV_Va_rmse: 0.13273120  delta_p: 0.62784002  delta_q: 0.14418443  
INFO|2024-09-25 13:05:33: 	ZTest-ema: PQ_Vm_rmse: 0.007689  PQ_Va_rmse: 0.106090  PV_Va_rmse: 0.129515  delta_p: 0.574162  delta_q: 0.133211  
INFO|2024-09-25 13:05:33: 	           ValOfEMA:0.129515/0.129515,  Epoch:24/24
INFO|2024-09-25 13:05:34: 	Time(ep):156s,  Val(curr/best):0.132731/0.130960,  Epoch(curr/best):24/23
INFO|2024-09-25 13:05:34: -------------------- Epoch: 25 --------------------
INFO|2024-09-25 13:05:46: Epoch[025/100], iter[040/392], loss_total:0.25871, loss_equ:0.71864 loss_pq_vm:0.00339 loss_pq_va:0.06623 loss_pv_va:0.08677
INFO|2024-09-25 13:05:56: Epoch[025/100], iter[079/392], loss_total:0.23740, loss_equ:0.70868 loss_pq_vm:0.00328 loss_pq_va:0.05781 loss_pv_va:0.07588
INFO|2024-09-25 13:06:07: Epoch[025/100], iter[118/392], loss_total:0.24341, loss_equ:0.75545 loss_pq_vm:0.00311 loss_pq_va:0.05776 loss_pv_va:0.07895
INFO|2024-09-25 13:06:17: Epoch[025/100], iter[157/392], loss_total:0.25272, loss_equ:0.73050 loss_pq_vm:0.00440 loss_pq_va:0.05852 loss_pv_va:0.07716
INFO|2024-09-25 13:06:28: Epoch[025/100], iter[196/392], loss_total:0.23702, loss_equ:0.73850 loss_pq_vm:0.00334 loss_pq_va:0.05619 loss_pv_va:0.07360
INFO|2024-09-25 13:06:38: Epoch[025/100], iter[235/392], loss_total:0.23281, loss_equ:0.70093 loss_pq_vm:0.00326 loss_pq_va:0.05637 loss_pv_va:0.07377
INFO|2024-09-25 13:06:49: Epoch[025/100], iter[274/392], loss_total:0.25487, loss_equ:0.71009 loss_pq_vm:0.00372 loss_pq_va:0.06476 loss_pv_va:0.08186
INFO|2024-09-25 13:07:00: Epoch[025/100], iter[313/392], loss_total:0.23289, loss_equ:0.68060 loss_pq_vm:0.00354 loss_pq_va:0.05736 loss_pv_va:0.07209
INFO|2024-09-25 13:07:10: Epoch[025/100], iter[352/392], loss_total:0.23852, loss_equ:0.69846 loss_pq_vm:0.00336 loss_pq_va:0.05863 loss_pv_va:0.07647
INFO|2024-09-25 13:07:21: Epoch[025/100], iter[392/392], loss_total:0.24272, loss_equ:0.70007 loss_pq_vm:0.00314 loss_pq_va:0.06120 loss_pv_va:0.08010
INFO|2024-09-25 13:08:06: Epoch 24/100, lr:  0.00085502, eta: 3.16h, train_loss:  0.24407, valid_loss:  0.29814
INFO|2024-09-25 13:08:06: 	Train: PQ_Vm_rmse: 0.00554574  PQ_Va_rmse: 0.08039447  PV_Va_rmse: 0.10566240  delta_p: 0.53253168  delta_q: 0.12228772  
INFO|2024-09-25 13:08:06: 	ZTest: PQ_Vm_rmse: 0.00736450  PQ_Va_rmse: 0.10664187  PV_Va_rmse: 0.13121285  delta_p: 0.60866280  delta_q: 0.14176520  
INFO|2024-09-25 13:08:06: 	ZTest-ema: PQ_Vm_rmse: 0.007634  PQ_Va_rmse: 0.105894  PV_Va_rmse: 0.129402  delta_p: 0.572651  delta_q: 0.132928  
INFO|2024-09-25 13:08:06: 	           ValOfEMA:0.129402/0.129402,  Epoch:25/25
INFO|2024-09-25 13:08:07: 	Time(ep):151s,  Val(curr/best):0.131213/0.130960,  Epoch(curr/best):25/23
INFO|2024-09-25 13:08:07: -------------------- Epoch: 26 --------------------
INFO|2024-09-25 13:08:18: Epoch[026/100], iter[040/392], loss_total:0.23720, loss_equ:0.71104 loss_pq_vm:0.00307 loss_pq_va:0.05801 loss_pv_va:0.07740
INFO|2024-09-25 13:08:28: Epoch[026/100], iter[079/392], loss_total:0.23634, loss_equ:0.68597 loss_pq_vm:0.00316 loss_pq_va:0.05969 loss_pv_va:0.07649
INFO|2024-09-25 13:08:39: Epoch[026/100], iter[118/392], loss_total:0.24228, loss_equ:0.70433 loss_pq_vm:0.00311 loss_pq_va:0.06196 loss_pv_va:0.07875
INFO|2024-09-25 13:08:49: Epoch[026/100], iter[157/392], loss_total:0.24013, loss_equ:0.72196 loss_pq_vm:0.00353 loss_pq_va:0.05744 loss_pv_va:0.07520
INFO|2024-09-25 13:09:00: Epoch[026/100], iter[196/392], loss_total:0.23540, loss_equ:0.69315 loss_pq_vm:0.00320 loss_pq_va:0.05750 loss_pv_va:0.07661
INFO|2024-09-25 13:09:10: Epoch[026/100], iter[235/392], loss_total:0.24186, loss_equ:0.69790 loss_pq_vm:0.00337 loss_pq_va:0.06054 loss_pv_va:0.07788
INFO|2024-09-25 13:09:20: Epoch[026/100], iter[274/392], loss_total:0.25044, loss_equ:0.71170 loss_pq_vm:0.00402 loss_pq_va:0.06017 loss_pv_va:0.07894
INFO|2024-09-25 13:09:31: Epoch[026/100], iter[313/392], loss_total:0.24193, loss_equ:0.72044 loss_pq_vm:0.00306 loss_pq_va:0.06004 loss_pv_va:0.07921
INFO|2024-09-25 13:09:41: Epoch[026/100], iter[352/392], loss_total:0.23951, loss_equ:0.69088 loss_pq_vm:0.00351 loss_pq_va:0.05849 loss_pv_va:0.07680
INFO|2024-09-25 13:09:53: Epoch[026/100], iter[392/392], loss_total:0.24530, loss_equ:0.74509 loss_pq_vm:0.00354 loss_pq_va:0.05857 loss_pv_va:0.07687
INFO|2024-09-25 13:10:38: Epoch 25/100, lr:  0.00084385, eta: 3.12h, train_loss:  0.24232, valid_loss:  0.30179
INFO|2024-09-25 13:10:38: 	Train: PQ_Vm_rmse: 0.00547859  PQ_Va_rmse: 0.08009746  PV_Va_rmse: 0.10554680  delta_p: 0.52822479  delta_q: 0.12114131  
INFO|2024-09-25 13:10:38: 	ZTest: PQ_Vm_rmse: 0.00743098  PQ_Va_rmse: 0.10504066  PV_Va_rmse: 0.13045134  delta_p: 0.61998050  delta_q: 0.14368865  
INFO|2024-09-25 13:10:38: 	ZTest-ema: PQ_Vm_rmse: 0.007547  PQ_Va_rmse: 0.105303  PV_Va_rmse: 0.129114  delta_p: 0.574329  delta_q: 0.132740  
INFO|2024-09-25 13:10:38: 	           ValOfEMA:0.129114/0.129114,  Epoch:26/26
INFO|2024-09-25 13:10:39: 	Time(ep):151s,  Val(curr/best):0.130451/0.130451,  Epoch(curr/best):26/26
INFO|2024-09-25 13:10:39: -------------------- Epoch: 27 --------------------
INFO|2024-09-25 13:10:51: Epoch[027/100], iter[040/392], loss_total:0.23460, loss_equ:0.68256 loss_pq_vm:0.00313 loss_pq_va:0.05877 loss_pv_va:0.07625
INFO|2024-09-25 13:11:02: Epoch[027/100], iter[079/392], loss_total:0.25699, loss_equ:0.71800 loss_pq_vm:0.00420 loss_pq_va:0.06206 loss_pv_va:0.08117
INFO|2024-09-25 13:11:13: Epoch[027/100], iter[118/392], loss_total:0.22285, loss_equ:0.67051 loss_pq_vm:0.00302 loss_pq_va:0.05433 loss_pv_va:0.07126
INFO|2024-09-25 13:11:24: Epoch[027/100], iter[157/392], loss_total:0.24107, loss_equ:0.70926 loss_pq_vm:0.00327 loss_pq_va:0.05879 loss_pv_va:0.07870
INFO|2024-09-25 13:11:34: Epoch[027/100], iter[196/392], loss_total:0.26028, loss_equ:0.69448 loss_pq_vm:0.00507 loss_pq_va:0.06282 loss_pv_va:0.07735
INFO|2024-09-25 13:11:45: Epoch[027/100], iter[235/392], loss_total:0.25335, loss_equ:0.69391 loss_pq_vm:0.00423 loss_pq_va:0.06302 loss_pv_va:0.07862
INFO|2024-09-25 13:11:56: Epoch[027/100], iter[274/392], loss_total:0.23423, loss_equ:0.69433 loss_pq_vm:0.00350 loss_pq_va:0.05644 loss_pv_va:0.07334
INFO|2024-09-25 13:12:07: Epoch[027/100], iter[313/392], loss_total:0.24769, loss_equ:0.73201 loss_pq_vm:0.00346 loss_pq_va:0.06100 loss_pv_va:0.07885
INFO|2024-09-25 13:12:17: Epoch[027/100], iter[352/392], loss_total:0.23470, loss_equ:0.71630 loss_pq_vm:0.00299 loss_pq_va:0.05665 loss_pv_va:0.07656
INFO|2024-09-25 13:12:28: Epoch[027/100], iter[392/392], loss_total:0.25342, loss_equ:0.74402 loss_pq_vm:0.00446 loss_pq_va:0.05773 loss_pv_va:0.07666
INFO|2024-09-25 13:13:13: Epoch 26/100, lr:  0.00083235, eta: 3.12h, train_loss:  0.23949, valid_loss:  0.29672
INFO|2024-09-25 13:13:13: 	Train: PQ_Vm_rmse: 0.00542035  PQ_Va_rmse: 0.07888349  PV_Va_rmse: 0.10441612  delta_p: 0.52806812  delta_q: 0.12040758  
INFO|2024-09-25 13:13:13: 	ZTest: PQ_Vm_rmse: 0.00762291  PQ_Va_rmse: 0.10591568  PV_Va_rmse: 0.13011679  delta_p: 0.61603209  delta_q: 0.14152049  
INFO|2024-09-25 13:13:13: 	ZTest-ema: PQ_Vm_rmse: 0.007533  PQ_Va_rmse: 0.104651  PV_Va_rmse: 0.128528  delta_p: 0.575647  delta_q: 0.132538  
INFO|2024-09-25 13:13:13: 	           ValOfEMA:0.128528/0.128528,  Epoch:27/27
INFO|2024-09-25 13:13:14: 	Time(ep):153s,  Val(curr/best):0.130117/0.130117,  Epoch(curr/best):27/27
INFO|2024-09-25 13:13:14: -------------------- Epoch: 28 --------------------
INFO|2024-09-25 13:13:26: Epoch[028/100], iter[040/392], loss_total:0.25550, loss_equ:0.74395 loss_pq_vm:0.00366 loss_pq_va:0.06370 loss_pv_va:0.08084
INFO|2024-09-25 13:13:36: Epoch[028/100], iter[079/392], loss_total:0.23929, loss_equ:0.69780 loss_pq_vm:0.00368 loss_pq_va:0.05718 loss_pv_va:0.07551
INFO|2024-09-25 13:13:47: Epoch[028/100], iter[118/392], loss_total:0.24637, loss_equ:0.72539 loss_pq_vm:0.00334 loss_pq_va:0.06054 loss_pv_va:0.07991
INFO|2024-09-25 13:13:58: Epoch[028/100], iter[157/392], loss_total:0.24532, loss_equ:0.70611 loss_pq_vm:0.00418 loss_pq_va:0.05711 loss_pv_va:0.07578
INFO|2024-09-25 13:14:09: Epoch[028/100], iter[196/392], loss_total:0.24166, loss_equ:0.69708 loss_pq_vm:0.00418 loss_pq_va:0.05567 loss_pv_va:0.07446
INFO|2024-09-25 13:14:19: Epoch[028/100], iter[235/392], loss_total:0.24232, loss_equ:0.70547 loss_pq_vm:0.00346 loss_pq_va:0.05904 loss_pv_va:0.07810
INFO|2024-09-25 13:14:30: Epoch[028/100], iter[274/392], loss_total:0.23544, loss_equ:0.69110 loss_pq_vm:0.00304 loss_pq_va:0.05906 loss_pv_va:0.07691
INFO|2024-09-25 13:14:41: Epoch[028/100], iter[313/392], loss_total:0.23204, loss_equ:0.70601 loss_pq_vm:0.00320 loss_pq_va:0.05588 loss_pv_va:0.07359
INFO|2024-09-25 13:14:51: Epoch[028/100], iter[352/392], loss_total:0.24563, loss_equ:0.71488 loss_pq_vm:0.00336 loss_pq_va:0.06157 loss_pv_va:0.07896
INFO|2024-09-25 13:15:02: Epoch[028/100], iter[392/392], loss_total:0.23251, loss_equ:0.69287 loss_pq_vm:0.00338 loss_pq_va:0.05525 loss_pv_va:0.07414
INFO|2024-09-25 13:15:47: Epoch 27/100, lr:  0.00082052, eta: 3.06h, train_loss:  0.23899, valid_loss:  0.30398
INFO|2024-09-25 13:15:47: 	Train: PQ_Vm_rmse: 0.00538039  PQ_Va_rmse: 0.07851253  PV_Va_rmse: 0.10419966  delta_p: 0.52838031  delta_q: 0.12036035  
INFO|2024-09-25 13:15:47: 	ZTest: PQ_Vm_rmse: 0.00838110  PQ_Va_rmse: 0.10651796  PV_Va_rmse: 0.13053906  delta_p: 0.60552954  delta_q: 0.14361076  
INFO|2024-09-25 13:15:47: 	ZTest-ema: PQ_Vm_rmse: 0.007489  PQ_Va_rmse: 0.104475  PV_Va_rmse: 0.128417  delta_p: 0.575063  delta_q: 0.132360  
INFO|2024-09-25 13:15:47: 	           ValOfEMA:0.128417/0.128417,  Epoch:28/28
INFO|2024-09-25 13:15:48: 	Time(ep):153s,  Val(curr/best):0.130539/0.130117,  Epoch(curr/best):28/27
INFO|2024-09-25 13:15:48: -------------------- Epoch: 29 --------------------
INFO|2024-09-25 13:15:59: Epoch[029/100], iter[040/392], loss_total:0.23446, loss_equ:0.72673 loss_pq_vm:0.00311 loss_pq_va:0.05531 loss_pv_va:0.07538
INFO|2024-09-25 13:16:10: Epoch[029/100], iter[079/392], loss_total:0.23626, loss_equ:0.70196 loss_pq_vm:0.00306 loss_pq_va:0.05850 loss_pv_va:0.07698
INFO|2024-09-25 13:16:20: Epoch[029/100], iter[118/392], loss_total:0.23886, loss_equ:0.67730 loss_pq_vm:0.00315 loss_pq_va:0.06088 loss_pv_va:0.07874
INFO|2024-09-25 13:16:31: Epoch[029/100], iter[157/392], loss_total:0.22099, loss_equ:0.69803 loss_pq_vm:0.00295 loss_pq_va:0.05313 loss_pv_va:0.06858
INFO|2024-09-25 13:16:41: Epoch[029/100], iter[196/392], loss_total:0.24796, loss_equ:0.66955 loss_pq_vm:0.00385 loss_pq_va:0.06240 loss_pv_va:0.08008
INFO|2024-09-25 13:16:51: Epoch[029/100], iter[235/392], loss_total:0.24687, loss_equ:0.70342 loss_pq_vm:0.00469 loss_pq_va:0.05607 loss_pv_va:0.07360
INFO|2024-09-25 13:17:01: Epoch[029/100], iter[274/392], loss_total:0.23894, loss_equ:0.71175 loss_pq_vm:0.00324 loss_pq_va:0.05809 loss_pv_va:0.07732
INFO|2024-09-25 13:17:12: Epoch[029/100], iter[313/392], loss_total:0.23778, loss_equ:0.64878 loss_pq_vm:0.00372 loss_pq_va:0.05916 loss_pv_va:0.07657
INFO|2024-09-25 13:17:22: Epoch[029/100], iter[352/392], loss_total:0.23046, loss_equ:0.66188 loss_pq_vm:0.00340 loss_pq_va:0.05690 loss_pv_va:0.07342
INFO|2024-09-25 13:17:32: Epoch[029/100], iter[392/392], loss_total:0.22937, loss_equ:0.67864 loss_pq_vm:0.00342 loss_pq_va:0.05530 loss_pv_va:0.07201
INFO|2024-09-25 13:18:16: Epoch 28/100, lr:  0.00080839, eta: 2.93h, train_loss:  0.23861, valid_loss:  0.30966
INFO|2024-09-25 13:18:16: 	Train: PQ_Vm_rmse: 0.00542918  PQ_Va_rmse: 0.07858823  PV_Va_rmse: 0.10408399  delta_p: 0.52414018  delta_q: 0.11868053  
INFO|2024-09-25 13:18:16: 	ZTest: PQ_Vm_rmse: 0.00757233  PQ_Va_rmse: 0.10941472  PV_Va_rmse: 0.13579470  delta_p: 0.59790042  delta_q: 0.14348294  
INFO|2024-09-25 13:18:16: 	ZTest-ema: PQ_Vm_rmse: 0.007510  PQ_Va_rmse: 0.104443  PV_Va_rmse: 0.128407  delta_p: 0.573422  delta_q: 0.131499  
INFO|2024-09-25 13:18:16: 	           ValOfEMA:0.128407/0.128407,  Epoch:29/29
INFO|2024-09-25 13:18:17: 	Time(ep):148s,  Val(curr/best):0.135795/0.130117,  Epoch(curr/best):29/27
INFO|2024-09-25 13:18:17: -------------------- Epoch: 30 --------------------
INFO|2024-09-25 13:18:29: Epoch[030/100], iter[040/392], loss_total:0.23354, loss_equ:0.72630 loss_pq_vm:0.00310 loss_pq_va:0.05583 loss_pv_va:0.07409
INFO|2024-09-25 13:18:39: Epoch[030/100], iter[079/392], loss_total:0.24655, loss_equ:0.68908 loss_pq_vm:0.00350 loss_pq_va:0.06150 loss_pv_va:0.08115
INFO|2024-09-25 13:18:50: Epoch[030/100], iter[118/392], loss_total:0.23149, loss_equ:0.71873 loss_pq_vm:0.00298 loss_pq_va:0.05534 loss_pv_va:0.07445
INFO|2024-09-25 13:19:00: Epoch[030/100], iter[157/392], loss_total:0.24100, loss_equ:0.69746 loss_pq_vm:0.00367 loss_pq_va:0.05822 loss_pv_va:0.07637
INFO|2024-09-25 13:19:10: Epoch[030/100], iter[196/392], loss_total:0.24051, loss_equ:0.71011 loss_pq_vm:0.00321 loss_pq_va:0.05863 loss_pv_va:0.07874
INFO|2024-09-25 13:19:20: Epoch[030/100], iter[235/392], loss_total:0.24005, loss_equ:0.67878 loss_pq_vm:0.00328 loss_pq_va:0.06014 loss_pv_va:0.07927
INFO|2024-09-25 13:19:31: Epoch[030/100], iter[274/392], loss_total:0.24571, loss_equ:0.71089 loss_pq_vm:0.00319 loss_pq_va:0.06130 loss_pv_va:0.08142
INFO|2024-09-25 13:19:41: Epoch[030/100], iter[313/392], loss_total:0.23245, loss_equ:0.66793 loss_pq_vm:0.00398 loss_pq_va:0.05470 loss_pv_va:0.07116
INFO|2024-09-25 13:19:51: Epoch[030/100], iter[352/392], loss_total:0.25606, loss_equ:0.70042 loss_pq_vm:0.00544 loss_pq_va:0.05690 loss_pv_va:0.07471
INFO|2024-09-25 13:20:01: Epoch[030/100], iter[392/392], loss_total:0.24444, loss_equ:0.71144 loss_pq_vm:0.00358 loss_pq_va:0.05910 loss_pv_va:0.07842
INFO|2024-09-25 13:20:47: Epoch 29/100, lr:  0.00079595, eta: 2.9h, train_loss:  0.24040, valid_loss:  0.30254
INFO|2024-09-25 13:20:47: 	Train: PQ_Vm_rmse: 0.00543331  PQ_Va_rmse: 0.07899730  PV_Va_rmse: 0.10466793  delta_p: 0.52664130  delta_q: 0.11991579  
INFO|2024-09-25 13:20:47: 	ZTest: PQ_Vm_rmse: 0.00744442  PQ_Va_rmse: 0.10730601  PV_Va_rmse: 0.13394870  delta_p: 0.61195048  delta_q: 0.14134951  
INFO|2024-09-25 13:20:47: 	ZTest-ema: PQ_Vm_rmse: 0.007452  PQ_Va_rmse: 0.104241  PV_Va_rmse: 0.128307  delta_p: 0.573209  delta_q: 0.131624  
INFO|2024-09-25 13:20:47: 	           ValOfEMA:0.128307/0.128307,  Epoch:30/30
INFO|2024-09-25 13:20:47: 	Time(ep):149s,  Val(curr/best):0.133949/0.130117,  Epoch(curr/best):30/27
INFO|2024-09-25 13:20:47: -------------------- Epoch: 31 --------------------
INFO|2024-09-25 13:20:59: Epoch[031/100], iter[040/392], loss_total:0.23439, loss_equ:0.69898 loss_pq_vm:0.00361 loss_pq_va:0.05403 loss_pv_va:0.07438
INFO|2024-09-25 13:21:09: Epoch[031/100], iter[079/392], loss_total:0.23704, loss_equ:0.69522 loss_pq_vm:0.00398 loss_pq_va:0.05494 loss_pv_va:0.07275
INFO|2024-09-25 13:21:19: Epoch[031/100], iter[118/392], loss_total:0.22233, loss_equ:0.67893 loss_pq_vm:0.00290 loss_pq_va:0.05395 loss_pv_va:0.07149
INFO|2024-09-25 13:21:29: Epoch[031/100], iter[157/392], loss_total:0.23315, loss_equ:0.71719 loss_pq_vm:0.00290 loss_pq_va:0.05592 loss_pv_va:0.07656
INFO|2024-09-25 13:21:39: Epoch[031/100], iter[196/392], loss_total:0.24108, loss_equ:0.69702 loss_pq_vm:0.00379 loss_pq_va:0.05886 loss_pv_va:0.07465
INFO|2024-09-25 13:21:50: Epoch[031/100], iter[235/392], loss_total:0.29235, loss_equ:0.76158 loss_pq_vm:0.00607 loss_pq_va:0.07030 loss_pv_va:0.08519
INFO|2024-09-25 13:22:00: Epoch[031/100], iter[274/392], loss_total:0.22422, loss_equ:0.67994 loss_pq_vm:0.00283 loss_pq_va:0.05512 loss_pv_va:0.07281
INFO|2024-09-25 13:22:10: Epoch[031/100], iter[313/392], loss_total:0.24675, loss_equ:0.72802 loss_pq_vm:0.00351 loss_pq_va:0.05952 loss_pv_va:0.07932
INFO|2024-09-25 13:22:20: Epoch[031/100], iter[352/392], loss_total:0.22966, loss_equ:0.69076 loss_pq_vm:0.00335 loss_pq_va:0.05413 loss_pv_va:0.07297
INFO|2024-09-25 13:22:31: Epoch[031/100], iter[392/392], loss_total:0.23827, loss_equ:0.71735 loss_pq_vm:0.00345 loss_pq_va:0.05634 loss_pv_va:0.07571
INFO|2024-09-25 13:23:15: Epoch 30/100, lr:  0.00078323, eta: 2.84h, train_loss:  0.24007, valid_loss:  0.30428
INFO|2024-09-25 13:23:15: 	Train: PQ_Vm_rmse: 0.00546077  PQ_Va_rmse: 0.07916994  PV_Va_rmse: 0.10473382  delta_p: 0.52266873  delta_q: 0.11881265  
INFO|2024-09-25 13:23:15: 	ZTest: PQ_Vm_rmse: 0.00815081  PQ_Va_rmse: 0.10885488  PV_Va_rmse: 0.13288440  delta_p: 0.61037582  delta_q: 0.13877799  
INFO|2024-09-25 13:23:15: 	ZTest-ema: PQ_Vm_rmse: 0.007502  PQ_Va_rmse: 0.104269  PV_Va_rmse: 0.128277  delta_p: 0.571797  delta_q: 0.131346  
INFO|2024-09-25 13:23:15: 	           ValOfEMA:0.128277/0.128277,  Epoch:31/31
INFO|2024-09-25 13:23:16: 	Time(ep):148s,  Val(curr/best):0.132884/0.130117,  Epoch(curr/best):31/27
INFO|2024-09-25 13:23:16: -------------------- Epoch: 32 --------------------
INFO|2024-09-25 13:23:27: Epoch[032/100], iter[040/392], loss_total:0.21943, loss_equ:0.69954 loss_pq_vm:0.00285 loss_pq_va:0.05187 loss_pv_va:0.06911
INFO|2024-09-25 13:23:38: Epoch[032/100], iter[079/392], loss_total:0.22701, loss_equ:0.68542 loss_pq_vm:0.00313 loss_pq_va:0.05470 loss_pv_va:0.07244
INFO|2024-09-25 13:23:48: Epoch[032/100], iter[118/392], loss_total:0.22766, loss_equ:0.66148 loss_pq_vm:0.00329 loss_pq_va:0.05523 loss_pv_va:0.07341
INFO|2024-09-25 13:23:58: Epoch[032/100], iter[157/392], loss_total:0.24371, loss_equ:0.70744 loss_pq_vm:0.00386 loss_pq_va:0.05902 loss_pv_va:0.07530
INFO|2024-09-25 13:24:08: Epoch[032/100], iter[196/392], loss_total:0.22347, loss_equ:0.71339 loss_pq_vm:0.00298 loss_pq_va:0.05189 loss_pv_va:0.07048
INFO|2024-09-25 13:24:19: Epoch[032/100], iter[235/392], loss_total:0.23196, loss_equ:0.71221 loss_pq_vm:0.00306 loss_pq_va:0.05654 loss_pv_va:0.07358
INFO|2024-09-25 13:24:29: Epoch[032/100], iter[274/392], loss_total:0.25217, loss_equ:0.70159 loss_pq_vm:0.00497 loss_pq_va:0.05685 loss_pv_va:0.07549
INFO|2024-09-25 13:24:39: Epoch[032/100], iter[313/392], loss_total:0.23386, loss_equ:0.65664 loss_pq_vm:0.00326 loss_pq_va:0.05928 loss_pv_va:0.07635
INFO|2024-09-25 13:24:49: Epoch[032/100], iter[352/392], loss_total:0.22274, loss_equ:0.65277 loss_pq_vm:0.00327 loss_pq_va:0.05482 loss_pv_va:0.06998
INFO|2024-09-25 13:25:00: Epoch[032/100], iter[392/392], loss_total:0.23253, loss_equ:0.67328 loss_pq_vm:0.00349 loss_pq_va:0.05609 loss_pv_va:0.07422
INFO|2024-09-25 13:25:44: Epoch 31/100, lr:  0.00077023, eta: 2.79h, train_loss:  0.23317, valid_loss:  0.29099
INFO|2024-09-25 13:25:44: 	Train: PQ_Vm_rmse: 0.00518117  PQ_Va_rmse: 0.07717756  PV_Va_rmse: 0.10316198  delta_p: 0.51847878  delta_q: 0.11662330  
INFO|2024-09-25 13:25:44: 	ZTest: PQ_Vm_rmse: 0.00742308  PQ_Va_rmse: 0.10667123  PV_Va_rmse: 0.13067037  delta_p: 0.59155217  delta_q: 0.13196187  
INFO|2024-09-25 13:25:44: 	ZTest-ema: PQ_Vm_rmse: 0.007410  PQ_Va_rmse: 0.103648  PV_Va_rmse: 0.127894  delta_p: 0.575125  delta_q: 0.131137  
INFO|2024-09-25 13:25:44: 	           ValOfEMA:0.127894/0.127894,  Epoch:32/32
INFO|2024-09-25 13:25:44: 	Time(ep):147s,  Val(curr/best):0.130670/0.130117,  Epoch(curr/best):32/27
INFO|2024-09-25 13:25:44: -------------------- Epoch: 33 --------------------
INFO|2024-09-25 13:25:56: Epoch[033/100], iter[040/392], loss_total:0.24325, loss_equ:0.68066 loss_pq_vm:0.00343 loss_pq_va:0.06190 loss_pv_va:0.07897
INFO|2024-09-25 13:26:06: Epoch[033/100], iter[079/392], loss_total:0.22509, loss_equ:0.69250 loss_pq_vm:0.00305 loss_pq_va:0.05422 loss_pv_va:0.07108
INFO|2024-09-25 13:26:16: Epoch[033/100], iter[118/392], loss_total:0.23858, loss_equ:0.69471 loss_pq_vm:0.00407 loss_pq_va:0.05551 loss_pv_va:0.07287
INFO|2024-09-25 13:26:27: Epoch[033/100], iter[157/392], loss_total:0.23140, loss_equ:0.69016 loss_pq_vm:0.00317 loss_pq_va:0.05686 loss_pv_va:0.07383
INFO|2024-09-25 13:26:37: Epoch[033/100], iter[196/392], loss_total:0.23104, loss_equ:0.69660 loss_pq_vm:0.00318 loss_pq_va:0.05511 loss_pv_va:0.07445
INFO|2024-09-25 13:26:47: Epoch[033/100], iter[235/392], loss_total:0.22257, loss_equ:0.67416 loss_pq_vm:0.00282 loss_pq_va:0.05462 loss_pv_va:0.07230
INFO|2024-09-25 13:26:57: Epoch[033/100], iter[274/392], loss_total:0.26239, loss_equ:0.67852 loss_pq_vm:0.00368 loss_pq_va:0.06871 loss_pv_va:0.08905
INFO|2024-09-25 13:27:07: Epoch[033/100], iter[313/392], loss_total:0.23872, loss_equ:0.68639 loss_pq_vm:0.00347 loss_pq_va:0.05825 loss_pv_va:0.07711
INFO|2024-09-25 13:27:18: Epoch[033/100], iter[352/392], loss_total:0.23796, loss_equ:0.67974 loss_pq_vm:0.00349 loss_pq_va:0.05954 loss_pv_va:0.07552
INFO|2024-09-25 13:27:28: Epoch[033/100], iter[392/392], loss_total:0.22941, loss_equ:0.70137 loss_pq_vm:0.00315 loss_pq_va:0.05475 loss_pv_va:0.07298
INFO|2024-09-25 13:28:13: Epoch 32/100, lr:  0.00075698, eta: 2.78h, train_loss:  0.23357, valid_loss:  0.29089
INFO|2024-09-25 13:28:13: 	Train: PQ_Vm_rmse: 0.00520192  PQ_Va_rmse: 0.07721135  PV_Va_rmse: 0.10309954  delta_p: 0.51735686  delta_q: 0.11667311  
INFO|2024-09-25 13:28:13: 	ZTest: PQ_Vm_rmse: 0.00722591  PQ_Va_rmse: 0.10371447  PV_Va_rmse: 0.12916747  delta_p: 0.61343264  delta_q: 0.13951457  
INFO|2024-09-25 13:28:13: 	ZTest-ema: PQ_Vm_rmse: 0.007369  PQ_Va_rmse: 0.103434  PV_Va_rmse: 0.127761  delta_p: 0.575107  delta_q: 0.130944  
INFO|2024-09-25 13:28:13: 	           ValOfEMA:0.127761/0.127761,  Epoch:33/33
INFO|2024-09-25 13:28:14: 	Time(ep):149s,  Val(curr/best):0.129167/0.129167,  Epoch(curr/best):33/33
INFO|2024-09-25 13:28:14: -------------------- Epoch: 34 --------------------
INFO|2024-09-25 13:28:26: Epoch[034/100], iter[040/392], loss_total:0.23523, loss_equ:0.69684 loss_pq_vm:0.00366 loss_pq_va:0.05537 loss_pv_va:0.07357
INFO|2024-09-25 13:28:36: Epoch[034/100], iter[079/392], loss_total:0.23303, loss_equ:0.74431 loss_pq_vm:0.00322 loss_pq_va:0.05330 loss_pv_va:0.07314
INFO|2024-09-25 13:28:47: Epoch[034/100], iter[118/392], loss_total:0.22559, loss_equ:0.66990 loss_pq_vm:0.00318 loss_pq_va:0.05506 loss_pv_va:0.07173
INFO|2024-09-25 13:28:57: Epoch[034/100], iter[157/392], loss_total:0.23599, loss_equ:0.67081 loss_pq_vm:0.00337 loss_pq_va:0.05906 loss_pv_va:0.07612
INFO|2024-09-25 13:29:07: Epoch[034/100], iter[196/392], loss_total:0.23235, loss_equ:0.67594 loss_pq_vm:0.00359 loss_pq_va:0.05531 loss_pv_va:0.07355
INFO|2024-09-25 13:29:17: Epoch[034/100], iter[235/392], loss_total:0.22982, loss_equ:0.68401 loss_pq_vm:0.00309 loss_pq_va:0.05686 loss_pv_va:0.07362
INFO|2024-09-25 13:29:28: Epoch[034/100], iter[274/392], loss_total:0.24907, loss_equ:0.67059 loss_pq_vm:0.00429 loss_pq_va:0.06129 loss_pv_va:0.07784
INFO|2024-09-25 13:29:38: Epoch[034/100], iter[313/392], loss_total:0.22131, loss_equ:0.67691 loss_pq_vm:0.00305 loss_pq_va:0.05258 loss_pv_va:0.07052
INFO|2024-09-25 13:29:48: Epoch[034/100], iter[352/392], loss_total:0.22146, loss_equ:0.67648 loss_pq_vm:0.00316 loss_pq_va:0.05146 loss_pv_va:0.07072
INFO|2024-09-25 13:29:59: Epoch[034/100], iter[392/392], loss_total:0.22666, loss_equ:0.67339 loss_pq_vm:0.00289 loss_pq_va:0.05655 loss_pv_va:0.07391
INFO|2024-09-25 13:30:42: Epoch 33/100, lr:  0.00074347, eta: 2.7h, train_loss:  0.23195, valid_loss:  0.30106
INFO|2024-09-25 13:30:42: 	Train: PQ_Vm_rmse: 0.00513944  PQ_Va_rmse: 0.07659579  PV_Va_rmse: 0.10257211  delta_p: 0.51927911  delta_q: 0.11597232  
INFO|2024-09-25 13:30:42: 	ZTest: PQ_Vm_rmse: 0.00736631  PQ_Va_rmse: 0.10865055  PV_Va_rmse: 0.13429750  delta_p: 0.58643984  delta_q: 0.13870388  
INFO|2024-09-25 13:30:42: 	ZTest-ema: PQ_Vm_rmse: 0.007384  PQ_Va_rmse: 0.103152  PV_Va_rmse: 0.127592  delta_p: 0.576120  delta_q: 0.130794  
INFO|2024-09-25 13:30:42: 	           ValOfEMA:0.127592/0.127592,  Epoch:34/34
INFO|2024-09-25 13:30:43: 	Time(ep):147s,  Val(curr/best):0.134298/0.129167,  Epoch(curr/best):34/33
INFO|2024-09-25 13:30:43: -------------------- Epoch: 35 --------------------
INFO|2024-09-25 13:30:54: Epoch[035/100], iter[040/392], loss_total:0.23296, loss_equ:0.69832 loss_pq_vm:0.00322 loss_pq_va:0.05611 loss_pv_va:0.07484
INFO|2024-09-25 13:31:04: Epoch[035/100], iter[079/392], loss_total:0.22460, loss_equ:0.65618 loss_pq_vm:0.00305 loss_pq_va:0.05522 loss_pv_va:0.07324
INFO|2024-09-25 13:31:15: Epoch[035/100], iter[118/392], loss_total:0.22190, loss_equ:0.66573 loss_pq_vm:0.00348 loss_pq_va:0.05118 loss_pv_va:0.06933
INFO|2024-09-25 13:31:25: Epoch[035/100], iter[157/392], loss_total:0.22837, loss_equ:0.69855 loss_pq_vm:0.00302 loss_pq_va:0.05559 loss_pv_va:0.07275
INFO|2024-09-25 13:31:35: Epoch[035/100], iter[196/392], loss_total:0.21549, loss_equ:0.68358 loss_pq_vm:0.00303 loss_pq_va:0.04992 loss_pv_va:0.06694
INFO|2024-09-25 13:31:45: Epoch[035/100], iter[235/392], loss_total:0.21777, loss_equ:0.66601 loss_pq_vm:0.00277 loss_pq_va:0.05365 loss_pv_va:0.06981
INFO|2024-09-25 13:31:56: Epoch[035/100], iter[274/392], loss_total:0.24268, loss_equ:0.77038 loss_pq_vm:0.00305 loss_pq_va:0.05668 loss_pv_va:0.07843
INFO|2024-09-25 13:32:06: Epoch[035/100], iter[313/392], loss_total:0.22466, loss_equ:0.69410 loss_pq_vm:0.00264 loss_pq_va:0.05462 loss_pv_va:0.07418
INFO|2024-09-25 13:32:16: Epoch[035/100], iter[352/392], loss_total:0.23328, loss_equ:0.69437 loss_pq_vm:0.00308 loss_pq_va:0.05709 loss_pv_va:0.07595
INFO|2024-09-25 13:32:27: Epoch[035/100], iter[392/392], loss_total:0.22611, loss_equ:0.68428 loss_pq_vm:0.00278 loss_pq_va:0.05559 loss_pv_va:0.07434
INFO|2024-09-25 13:33:12: Epoch 34/100, lr:  0.00072973, eta: 2.69h, train_loss:  0.23024, valid_loss:  0.30486
INFO|2024-09-25 13:33:12: 	Train: PQ_Vm_rmse: 0.00505199  PQ_Va_rmse: 0.07608599  PV_Va_rmse: 0.10222714  delta_p: 0.51895477  delta_q: 0.11555352  
INFO|2024-09-25 13:33:12: 	ZTest: PQ_Vm_rmse: 0.00879487  PQ_Va_rmse: 0.10684897  PV_Va_rmse: 0.13021760  delta_p: 0.59408747  delta_q: 0.13551625  
INFO|2024-09-25 13:33:12: 	ZTest-ema: PQ_Vm_rmse: 0.007318  PQ_Va_rmse: 0.102797  PV_Va_rmse: 0.127285  delta_p: 0.577458  delta_q: 0.131190  
INFO|2024-09-25 13:33:12: 	           ValOfEMA:0.127285/0.127285,  Epoch:35/35
INFO|2024-09-25 13:33:12: 	Time(ep):149s,  Val(curr/best):0.130218/0.129167,  Epoch(curr/best):35/33
INFO|2024-09-25 13:33:12: -------------------- Epoch: 36 --------------------
INFO|2024-09-25 13:33:24: Epoch[036/100], iter[040/392], loss_total:0.21299, loss_equ:0.67720 loss_pq_vm:0.00268 loss_pq_va:0.05057 loss_pv_va:0.06791
INFO|2024-09-25 13:33:34: Epoch[036/100], iter[079/392], loss_total:0.23088, loss_equ:0.68413 loss_pq_vm:0.00332 loss_pq_va:0.05524 loss_pv_va:0.07406
INFO|2024-09-25 13:33:45: Epoch[036/100], iter[118/392], loss_total:0.21970, loss_equ:0.67633 loss_pq_vm:0.00307 loss_pq_va:0.05123 loss_pv_va:0.07018
INFO|2024-09-25 13:33:55: Epoch[036/100], iter[157/392], loss_total:0.23434, loss_equ:0.73189 loss_pq_vm:0.00296 loss_pq_va:0.05684 loss_pv_va:0.07468
INFO|2024-09-25 13:34:05: Epoch[036/100], iter[196/392], loss_total:0.22787, loss_equ:0.66438 loss_pq_vm:0.00332 loss_pq_va:0.05525 loss_pv_va:0.07298
INFO|2024-09-25 13:34:15: Epoch[036/100], iter[235/392], loss_total:0.25612, loss_equ:0.69643 loss_pq_vm:0.00512 loss_pq_va:0.05823 loss_pv_va:0.07707
INFO|2024-09-25 13:34:26: Epoch[036/100], iter[274/392], loss_total:0.23892, loss_equ:0.68627 loss_pq_vm:0.00300 loss_pq_va:0.06068 loss_pv_va:0.07961
INFO|2024-09-25 13:34:36: Epoch[036/100], iter[313/392], loss_total:0.22446, loss_equ:0.68540 loss_pq_vm:0.00298 loss_pq_va:0.05454 loss_pv_va:0.07157
INFO|2024-09-25 13:34:46: Epoch[036/100], iter[352/392], loss_total:0.22879, loss_equ:0.67747 loss_pq_vm:0.00332 loss_pq_va:0.05488 loss_pv_va:0.07297
INFO|2024-09-25 13:34:56: Epoch[036/100], iter[392/392], loss_total:0.23203, loss_equ:0.67820 loss_pq_vm:0.00326 loss_pq_va:0.05714 loss_pv_va:0.07443
INFO|2024-09-25 13:35:41: Epoch 35/100, lr:  0.00071576, eta: 2.64h, train_loss:  0.23014, valid_loss:  0.29213
INFO|2024-09-25 13:35:41: 	Train: PQ_Vm_rmse: 0.00510732  PQ_Va_rmse: 0.07605073  PV_Va_rmse: 0.10213408  delta_p: 0.51540672  delta_q: 0.11454679  
INFO|2024-09-25 13:35:41: 	ZTest: PQ_Vm_rmse: 0.00717056  PQ_Va_rmse: 0.10242078  PV_Va_rmse: 0.12831117  delta_p: 0.61842154  delta_q: 0.14271201  
INFO|2024-09-25 13:35:41: 	ZTest-ema: PQ_Vm_rmse: 0.007299  PQ_Va_rmse: 0.102726  PV_Va_rmse: 0.127313  delta_p: 0.576361  delta_q: 0.130909  
INFO|2024-09-25 13:35:41: 	           ValOfEMA:0.127313/0.127285,  Epoch:36/35
INFO|2024-09-25 13:35:42: 	Time(ep):148s,  Val(curr/best):0.128311/0.128311,  Epoch(curr/best):36/36
INFO|2024-09-25 13:35:42: -------------------- Epoch: 37 --------------------
INFO|2024-09-25 13:35:54: Epoch[037/100], iter[040/392], loss_total:0.21639, loss_equ:0.66657 loss_pq_vm:0.00284 loss_pq_va:0.05219 loss_pv_va:0.06910
INFO|2024-09-25 13:36:04: Epoch[037/100], iter[079/392], loss_total:0.23326, loss_equ:0.69301 loss_pq_vm:0.00334 loss_pq_va:0.05677 loss_pv_va:0.07381
INFO|2024-09-25 13:36:14: Epoch[037/100], iter[118/392], loss_total:0.22763, loss_equ:0.66740 loss_pq_vm:0.00290 loss_pq_va:0.05662 loss_pv_va:0.07532
INFO|2024-09-25 13:36:24: Epoch[037/100], iter[157/392], loss_total:0.22123, loss_equ:0.67448 loss_pq_vm:0.00316 loss_pq_va:0.05204 loss_pv_va:0.07018
INFO|2024-09-25 13:36:34: Epoch[037/100], iter[196/392], loss_total:0.23739, loss_equ:0.67028 loss_pq_vm:0.00376 loss_pq_va:0.05732 loss_pv_va:0.07549
INFO|2024-09-25 13:36:45: Epoch[037/100], iter[235/392], loss_total:0.23581, loss_equ:0.69190 loss_pq_vm:0.00319 loss_pq_va:0.05831 loss_pv_va:0.07638
INFO|2024-09-25 13:36:55: Epoch[037/100], iter[274/392], loss_total:0.22738, loss_equ:0.68875 loss_pq_vm:0.00297 loss_pq_va:0.05556 loss_pv_va:0.07328
INFO|2024-09-25 13:37:05: Epoch[037/100], iter[313/392], loss_total:0.23666, loss_equ:0.65891 loss_pq_vm:0.00358 loss_pq_va:0.05867 loss_pv_va:0.07634
INFO|2024-09-25 13:37:15: Epoch[037/100], iter[352/392], loss_total:0.21586, loss_equ:0.66964 loss_pq_vm:0.00281 loss_pq_va:0.05240 loss_pv_va:0.06843
INFO|2024-09-25 13:37:26: Epoch[037/100], iter[392/392], loss_total:0.22024, loss_equ:0.67271 loss_pq_vm:0.00292 loss_pq_va:0.05328 loss_pv_va:0.07053
INFO|2024-09-25 13:38:10: Epoch 36/100, lr:  0.00070159, eta: 2.59h, train_loss:  0.22917, valid_loss:  0.29173
INFO|2024-09-25 13:38:10: 	Train: PQ_Vm_rmse: 0.00503058  PQ_Va_rmse: 0.07560086  PV_Va_rmse: 0.10188016  delta_p: 0.51838063  delta_q: 0.11458031  
INFO|2024-09-25 13:38:10: 	ZTest: PQ_Vm_rmse: 0.00733303  PQ_Va_rmse: 0.10643335  PV_Va_rmse: 0.13045167  delta_p: 0.58956938  delta_q: 0.13356940  
INFO|2024-09-25 13:38:10: 	ZTest-ema: PQ_Vm_rmse: 0.007282  PQ_Va_rmse: 0.102649  PV_Va_rmse: 0.127267  delta_p: 0.576257  delta_q: 0.130594  
INFO|2024-09-25 13:38:10: 	           ValOfEMA:0.127267/0.127267,  Epoch:37/37
INFO|2024-09-25 13:38:11: 	Time(ep):147s,  Val(curr/best):0.130452/0.128311,  Epoch(curr/best):37/36
INFO|2024-09-25 13:38:11: -------------------- Epoch: 38 --------------------
INFO|2024-09-25 13:38:23: Epoch[038/100], iter[040/392], loss_total:0.22342, loss_equ:0.66668 loss_pq_vm:0.00337 loss_pq_va:0.05262 loss_pv_va:0.07038
INFO|2024-09-25 13:38:33: Epoch[038/100], iter[079/392], loss_total:0.23290, loss_equ:0.67850 loss_pq_vm:0.00290 loss_pq_va:0.05850 loss_pv_va:0.07758
INFO|2024-09-25 13:38:44: Epoch[038/100], iter[118/392], loss_total:0.22432, loss_equ:0.67881 loss_pq_vm:0.00309 loss_pq_va:0.05352 loss_pv_va:0.07206
INFO|2024-09-25 13:38:55: Epoch[038/100], iter[157/392], loss_total:0.22915, loss_equ:0.68235 loss_pq_vm:0.00333 loss_pq_va:0.05403 loss_pv_va:0.07364
INFO|2024-09-25 13:39:05: Epoch[038/100], iter[196/392], loss_total:0.23289, loss_equ:0.66334 loss_pq_vm:0.00411 loss_pq_va:0.05375 loss_pv_va:0.07172
INFO|2024-09-25 13:39:16: Epoch[038/100], iter[235/392], loss_total:0.23452, loss_equ:0.68138 loss_pq_vm:0.00401 loss_pq_va:0.05342 loss_pv_va:0.07289
INFO|2024-09-25 13:39:27: Epoch[038/100], iter[274/392], loss_total:0.22597, loss_equ:0.68353 loss_pq_vm:0.00285 loss_pq_va:0.05540 loss_pv_va:0.07373
INFO|2024-09-25 13:39:38: Epoch[038/100], iter[313/392], loss_total:0.22031, loss_equ:0.66198 loss_pq_vm:0.00298 loss_pq_va:0.05405 loss_pv_va:0.07029
INFO|2024-09-25 13:39:48: Epoch[038/100], iter[352/392], loss_total:0.21673, loss_equ:0.67411 loss_pq_vm:0.00265 loss_pq_va:0.05219 loss_pv_va:0.07064
INFO|2024-09-25 13:39:59: Epoch[038/100], iter[392/392], loss_total:0.21629, loss_equ:0.65422 loss_pq_vm:0.00281 loss_pq_va:0.05284 loss_pv_va:0.06992
INFO|2024-09-25 13:40:45: Epoch 37/100, lr:  0.00068722, eta: 2.65h, train_loss:  0.22721, valid_loss:  0.28629
INFO|2024-09-25 13:40:45: 	Train: PQ_Vm_rmse: 0.00496546  PQ_Va_rmse: 0.07518509  PV_Va_rmse: 0.10147545  delta_p: 0.51474051  delta_q: 0.11418577  
INFO|2024-09-25 13:40:45: 	ZTest: PQ_Vm_rmse: 0.00717244  PQ_Va_rmse: 0.10369775  PV_Va_rmse: 0.12873131  delta_p: 0.58960476  delta_q: 0.13366495  
INFO|2024-09-25 13:40:45: 	ZTest-ema: PQ_Vm_rmse: 0.007279  PQ_Va_rmse: 0.102400  PV_Va_rmse: 0.127141  delta_p: 0.578520  delta_q: 0.130788  
INFO|2024-09-25 13:40:45: 	           ValOfEMA:0.127141/0.127141,  Epoch:38/38
INFO|2024-09-25 13:40:46: 	Time(ep):153s,  Val(curr/best):0.128731/0.128311,  Epoch(curr/best):38/36
INFO|2024-09-25 13:40:46: -------------------- Epoch: 39 --------------------
INFO|2024-09-25 13:40:57: Epoch[039/100], iter[040/392], loss_total:0.22919, loss_equ:0.68142 loss_pq_vm:0.00379 loss_pq_va:0.05226 loss_pv_va:0.07085
INFO|2024-09-25 13:41:08: Epoch[039/100], iter[079/392], loss_total:0.23702, loss_equ:0.68275 loss_pq_vm:0.00411 loss_pq_va:0.05379 loss_pv_va:0.07383
INFO|2024-09-25 13:41:19: Epoch[039/100], iter[118/392], loss_total:0.22620, loss_equ:0.67984 loss_pq_vm:0.00315 loss_pq_va:0.05482 loss_pv_va:0.07189
INFO|2024-09-25 13:41:29: Epoch[039/100], iter[157/392], loss_total:0.22401, loss_equ:0.67763 loss_pq_vm:0.00311 loss_pq_va:0.05415 loss_pv_va:0.07097
INFO|2024-09-25 13:41:40: Epoch[039/100], iter[196/392], loss_total:0.22603, loss_equ:0.68648 loss_pq_vm:0.00343 loss_pq_va:0.05281 loss_pv_va:0.07023
INFO|2024-09-25 13:41:51: Epoch[039/100], iter[235/392], loss_total:0.22355, loss_equ:0.67525 loss_pq_vm:0.00312 loss_pq_va:0.05412 loss_pv_va:0.07074
INFO|2024-09-25 13:42:01: Epoch[039/100], iter[274/392], loss_total:0.23346, loss_equ:0.67946 loss_pq_vm:0.00362 loss_pq_va:0.05563 loss_pv_va:0.07373
INFO|2024-09-25 13:42:12: Epoch[039/100], iter[313/392], loss_total:0.22102, loss_equ:0.65895 loss_pq_vm:0.00299 loss_pq_va:0.05472 loss_pv_va:0.07045
INFO|2024-09-25 13:42:23: Epoch[039/100], iter[352/392], loss_total:0.23250, loss_equ:0.65709 loss_pq_vm:0.00344 loss_pq_va:0.05681 loss_pv_va:0.07560
INFO|2024-09-25 13:42:34: Epoch[039/100], iter[392/392], loss_total:0.22070, loss_equ:0.68892 loss_pq_vm:0.00302 loss_pq_va:0.05258 loss_pv_va:0.06904
INFO|2024-09-25 13:43:18: Epoch 38/100, lr:  0.00067268, eta: 2.58h, train_loss:  0.22664, valid_loss:  0.29261
INFO|2024-09-25 13:43:18: 	Train: PQ_Vm_rmse: 0.00494227  PQ_Va_rmse: 0.07513544  PV_Va_rmse: 0.10140344  delta_p: 0.51094813  delta_q: 0.11394481  
INFO|2024-09-25 13:43:18: 	ZTest: PQ_Vm_rmse: 0.00765605  PQ_Va_rmse: 0.10526037  PV_Va_rmse: 0.12972273  delta_p: 0.60045229  delta_q: 0.13664604  
INFO|2024-09-25 13:43:18: 	ZTest-ema: PQ_Vm_rmse: 0.007252  PQ_Va_rmse: 0.102389  PV_Va_rmse: 0.127086  delta_p: 0.575423  delta_q: 0.130403  
INFO|2024-09-25 13:43:18: 	           ValOfEMA:0.127086/0.127086,  Epoch:39/39
INFO|2024-09-25 13:43:19: 	Time(ep):152s,  Val(curr/best):0.129723/0.128311,  Epoch(curr/best):39/36
INFO|2024-09-25 13:43:19: -------------------- Epoch: 40 --------------------
INFO|2024-09-25 13:43:30: Epoch[040/100], iter[040/392], loss_total:0.22233, loss_equ:0.66740 loss_pq_vm:0.00337 loss_pq_va:0.05283 loss_pv_va:0.06904
INFO|2024-09-25 13:43:41: Epoch[040/100], iter[079/392], loss_total:0.22903, loss_equ:0.69190 loss_pq_vm:0.00307 loss_pq_va:0.05522 loss_pv_va:0.07394
INFO|2024-09-25 13:43:51: Epoch[040/100], iter[118/392], loss_total:0.21080, loss_equ:0.65834 loss_pq_vm:0.00259 loss_pq_va:0.05032 loss_pv_va:0.06871
INFO|2024-09-25 13:44:01: Epoch[040/100], iter[157/392], loss_total:0.22093, loss_equ:0.68653 loss_pq_vm:0.00284 loss_pq_va:0.05200 loss_pv_va:0.07192
INFO|2024-09-25 13:44:12: Epoch[040/100], iter[196/392], loss_total:0.22255, loss_equ:0.67518 loss_pq_vm:0.00311 loss_pq_va:0.05315 loss_pv_va:0.07076
INFO|2024-09-25 13:44:22: Epoch[040/100], iter[235/392], loss_total:0.22459, loss_equ:0.67514 loss_pq_vm:0.00285 loss_pq_va:0.05577 loss_pv_va:0.07284
INFO|2024-09-25 13:44:32: Epoch[040/100], iter[274/392], loss_total:0.21411, loss_equ:0.65217 loss_pq_vm:0.00280 loss_pq_va:0.05202 loss_pv_va:0.06888
INFO|2024-09-25 13:44:43: Epoch[040/100], iter[313/392], loss_total:0.23977, loss_equ:0.70597 loss_pq_vm:0.00305 loss_pq_va:0.05895 loss_pv_va:0.07972
INFO|2024-09-25 13:44:54: Epoch[040/100], iter[352/392], loss_total:0.22979, loss_equ:0.68756 loss_pq_vm:0.00315 loss_pq_va:0.05583 loss_pv_va:0.07368
INFO|2024-09-25 13:45:05: Epoch[040/100], iter[392/392], loss_total:0.21838, loss_equ:0.67509 loss_pq_vm:0.00283 loss_pq_va:0.05239 loss_pv_va:0.07022
INFO|2024-09-25 13:45:51: Epoch 39/100, lr:  0.00065796, eta: 2.54h, train_loss:  0.22603, valid_loss:  0.29341
INFO|2024-09-25 13:45:51: 	Train: PQ_Vm_rmse: 0.00495148  PQ_Va_rmse: 0.07476088  PV_Va_rmse: 0.10112588  delta_p: 0.51027450  delta_q: 0.11314203  
INFO|2024-09-25 13:45:51: 	ZTest: PQ_Vm_rmse: 0.00811930  PQ_Va_rmse: 0.10483489  PV_Va_rmse: 0.12899765  delta_p: 0.58784897  delta_q: 0.13537860  
INFO|2024-09-25 13:45:51: 	ZTest-ema: PQ_Vm_rmse: 0.007240  PQ_Va_rmse: 0.102141  PV_Va_rmse: 0.126988  delta_p: 0.578201  delta_q: 0.130457  
INFO|2024-09-25 13:45:51: 	           ValOfEMA:0.126988/0.126988,  Epoch:40/40
INFO|2024-09-25 13:45:52: 	Time(ep):152s,  Val(curr/best):0.128998/0.128311,  Epoch(curr/best):40/36
INFO|2024-09-25 13:45:52: -------------------- Epoch: 41 --------------------
INFO|2024-09-25 13:46:04: Epoch[041/100], iter[040/392], loss_total:0.23107, loss_equ:0.66050 loss_pq_vm:0.00302 loss_pq_va:0.05935 loss_pv_va:0.07543
INFO|2024-09-25 13:46:14: Epoch[041/100], iter[079/392], loss_total:0.22950, loss_equ:0.68814 loss_pq_vm:0.00289 loss_pq_va:0.05670 loss_pv_va:0.07505
INFO|2024-09-25 13:46:25: Epoch[041/100], iter[118/392], loss_total:0.22062, loss_equ:0.66871 loss_pq_vm:0.00274 loss_pq_va:0.05404 loss_pv_va:0.07227
INFO|2024-09-25 13:46:36: Epoch[041/100], iter[157/392], loss_total:0.22284, loss_equ:0.66972 loss_pq_vm:0.00306 loss_pq_va:0.05393 loss_pv_va:0.07135
INFO|2024-09-25 13:46:46: Epoch[041/100], iter[196/392], loss_total:0.22416, loss_equ:0.69013 loss_pq_vm:0.00286 loss_pq_va:0.05378 loss_pv_va:0.07273
INFO|2024-09-25 13:46:57: Epoch[041/100], iter[235/392], loss_total:0.23065, loss_equ:0.65771 loss_pq_vm:0.00323 loss_pq_va:0.05785 loss_pv_va:0.07477
INFO|2024-09-25 13:47:08: Epoch[041/100], iter[274/392], loss_total:0.22445, loss_equ:0.66810 loss_pq_vm:0.00285 loss_pq_va:0.05572 loss_pv_va:0.07342
INFO|2024-09-25 13:47:19: Epoch[041/100], iter[313/392], loss_total:0.23840, loss_equ:0.67455 loss_pq_vm:0.00311 loss_pq_va:0.06011 loss_pv_va:0.07969
INFO|2024-09-25 13:47:29: Epoch[041/100], iter[352/392], loss_total:0.21804, loss_equ:0.67697 loss_pq_vm:0.00271 loss_pq_va:0.05277 loss_pv_va:0.07052
INFO|2024-09-25 13:47:40: Epoch[041/100], iter[392/392], loss_total:0.24539, loss_equ:0.68670 loss_pq_vm:0.00399 loss_pq_va:0.05895 loss_pv_va:0.07782
INFO|2024-09-25 13:48:27: Epoch 40/100, lr:  0.00064310, eta: 2.54h, train_loss:  0.22360, valid_loss:  0.29197
INFO|2024-09-25 13:48:27: 	Train: PQ_Vm_rmse: 0.00482481  PQ_Va_rmse: 0.07424236  PV_Va_rmse: 0.10064850  delta_p: 0.50954261  delta_q: 0.11231480  
INFO|2024-09-25 13:48:27: 	ZTest: PQ_Vm_rmse: 0.00708328  PQ_Va_rmse: 0.10257940  PV_Va_rmse: 0.12838054  delta_p: 0.60240967  delta_q: 0.13704490  
INFO|2024-09-25 13:48:27: 	ZTest-ema: PQ_Vm_rmse: 0.007197  PQ_Va_rmse: 0.101924  PV_Va_rmse: 0.126906  delta_p: 0.579500  delta_q: 0.130362  
INFO|2024-09-25 13:48:27: 	           ValOfEMA:0.126906/0.126906,  Epoch:41/41
INFO|2024-09-25 13:48:27: 	Time(ep):155s,  Val(curr/best):0.128381/0.128311,  Epoch(curr/best):41/36
INFO|2024-09-25 13:48:27: -------------------- Epoch: 42 --------------------
INFO|2024-09-25 13:48:39: Epoch[042/100], iter[040/392], loss_total:0.22442, loss_equ:0.65888 loss_pq_vm:0.00289 loss_pq_va:0.05562 loss_pv_va:0.07400
INFO|2024-09-25 13:48:50: Epoch[042/100], iter[079/392], loss_total:0.21579, loss_equ:0.65790 loss_pq_vm:0.00297 loss_pq_va:0.05154 loss_pv_va:0.06875
INFO|2024-09-25 13:49:01: Epoch[042/100], iter[118/392], loss_total:0.22301, loss_equ:0.67821 loss_pq_vm:0.00299 loss_pq_va:0.05411 loss_pv_va:0.07117
INFO|2024-09-25 13:49:12: Epoch[042/100], iter[157/392], loss_total:0.21891, loss_equ:0.67336 loss_pq_vm:0.00282 loss_pq_va:0.05300 loss_pv_va:0.07040
INFO|2024-09-25 13:49:22: Epoch[042/100], iter[196/392], loss_total:0.23583, loss_equ:0.69086 loss_pq_vm:0.00444 loss_pq_va:0.05232 loss_pv_va:0.07003
INFO|2024-09-25 13:49:33: Epoch[042/100], iter[235/392], loss_total:0.22476, loss_equ:0.67319 loss_pq_vm:0.00297 loss_pq_va:0.05547 loss_pv_va:0.07226
INFO|2024-09-25 13:49:44: Epoch[042/100], iter[274/392], loss_total:0.21322, loss_equ:0.66388 loss_pq_vm:0.00278 loss_pq_va:0.05038 loss_pv_va:0.06865
INFO|2024-09-25 13:49:55: Epoch[042/100], iter[313/392], loss_total:0.22170, loss_equ:0.68306 loss_pq_vm:0.00328 loss_pq_va:0.05128 loss_pv_va:0.06934
INFO|2024-09-25 13:50:05: Epoch[042/100], iter[352/392], loss_total:0.21359, loss_equ:0.66465 loss_pq_vm:0.00279 loss_pq_va:0.05024 loss_pv_va:0.06901
INFO|2024-09-25 13:50:16: Epoch[042/100], iter[392/392], loss_total:0.23328, loss_equ:0.67631 loss_pq_vm:0.00311 loss_pq_va:0.05772 loss_pv_va:0.07683
INFO|2024-09-25 13:51:01: Epoch 41/100, lr:  0.00062810, eta: 2.48h, train_loss:  0.22370, valid_loss:  0.28477
INFO|2024-09-25 13:51:01: 	Train: PQ_Vm_rmse: 0.00484389  PQ_Va_rmse: 0.07406857  PV_Va_rmse: 0.10057083  delta_p: 0.50986398  delta_q: 0.11233112  
INFO|2024-09-25 13:51:01: 	ZTest: PQ_Vm_rmse: 0.00696665  PQ_Va_rmse: 0.10252842  PV_Va_rmse: 0.12771433  delta_p: 0.59250212  delta_q: 0.13520388  
INFO|2024-09-25 13:51:01: 	ZTest-ema: PQ_Vm_rmse: 0.007195  PQ_Va_rmse: 0.101843  PV_Va_rmse: 0.126792  delta_p: 0.578496  delta_q: 0.130296  
INFO|2024-09-25 13:51:01: 	           ValOfEMA:0.126792/0.126792,  Epoch:42/42
INFO|2024-09-25 13:51:03: 	Time(ep):154s,  Val(curr/best):0.127714/0.127714,  Epoch(curr/best):42/42
INFO|2024-09-25 13:51:03: -------------------- Epoch: 43 --------------------
INFO|2024-09-25 13:51:14: Epoch[043/100], iter[040/392], loss_total:0.22058, loss_equ:0.66634 loss_pq_vm:0.00298 loss_pq_va:0.05420 loss_pv_va:0.06990
INFO|2024-09-25 13:51:25: Epoch[043/100], iter[079/392], loss_total:0.21713, loss_equ:0.67452 loss_pq_vm:0.00281 loss_pq_va:0.05162 loss_pv_va:0.07000
INFO|2024-09-25 13:51:36: Epoch[043/100], iter[118/392], loss_total:0.23480, loss_equ:0.71994 loss_pq_vm:0.00285 loss_pq_va:0.05725 loss_pv_va:0.07710
INFO|2024-09-25 13:51:46: Epoch[043/100], iter[157/392], loss_total:0.22881, loss_equ:0.66439 loss_pq_vm:0.00373 loss_pq_va:0.05320 loss_pv_va:0.07190
INFO|2024-09-25 13:51:57: Epoch[043/100], iter[196/392], loss_total:0.22120, loss_equ:0.67829 loss_pq_vm:0.00318 loss_pq_va:0.05127 loss_pv_va:0.07028
INFO|2024-09-25 13:52:07: Epoch[043/100], iter[235/392], loss_total:0.21139, loss_equ:0.66419 loss_pq_vm:0.00272 loss_pq_va:0.05053 loss_pv_va:0.06726
INFO|2024-09-25 13:52:18: Epoch[043/100], iter[274/392], loss_total:0.22761, loss_equ:0.66988 loss_pq_vm:0.00297 loss_pq_va:0.05589 loss_pv_va:0.07505
INFO|2024-09-25 13:52:29: Epoch[043/100], iter[313/392], loss_total:0.22919, loss_equ:0.68816 loss_pq_vm:0.00315 loss_pq_va:0.05460 loss_pv_va:0.07431
INFO|2024-09-25 13:52:39: Epoch[043/100], iter[352/392], loss_total:0.22479, loss_equ:0.68864 loss_pq_vm:0.00290 loss_pq_va:0.05473 loss_pv_va:0.07220
INFO|2024-09-25 13:52:50: Epoch[043/100], iter[392/392], loss_total:0.22147, loss_equ:0.67784 loss_pq_vm:0.00291 loss_pq_va:0.05333 loss_pv_va:0.07126
INFO|2024-09-25 13:53:34: Epoch 42/100, lr:  0.00061298, eta: 2.4h, train_loss:  0.22264, valid_loss:  0.28250
INFO|2024-09-25 13:53:34: 	Train: PQ_Vm_rmse: 0.00483784  PQ_Va_rmse: 0.07376656  PV_Va_rmse: 0.10021852  delta_p: 0.50800568  delta_q: 0.11205741  
INFO|2024-09-25 13:53:34: 	ZTest: PQ_Vm_rmse: 0.00705202  PQ_Va_rmse: 0.10175965  PV_Va_rmse: 0.12709360  delta_p: 0.59797869  delta_q: 0.13558627  
INFO|2024-09-25 13:53:34: 	ZTest-ema: PQ_Vm_rmse: 0.007188  PQ_Va_rmse: 0.101655  PV_Va_rmse: 0.126788  delta_p: 0.580665  delta_q: 0.130399  
INFO|2024-09-25 13:53:34: 	           ValOfEMA:0.126788/0.126788,  Epoch:43/43
INFO|2024-09-25 13:53:35: 	Time(ep):151s,  Val(curr/best):0.127094/0.127094,  Epoch(curr/best):43/43
INFO|2024-09-25 13:53:35: -------------------- Epoch: 44 --------------------
INFO|2024-09-25 13:53:47: Epoch[044/100], iter[040/392], loss_total:0.21642, loss_equ:0.64402 loss_pq_vm:0.00284 loss_pq_va:0.05332 loss_pv_va:0.07029
INFO|2024-09-25 13:53:57: Epoch[044/100], iter[079/392], loss_total:0.22277, loss_equ:0.66991 loss_pq_vm:0.00350 loss_pq_va:0.05148 loss_pv_va:0.06935
INFO|2024-09-25 13:54:08: Epoch[044/100], iter[118/392], loss_total:0.21202, loss_equ:0.65782 loss_pq_vm:0.00269 loss_pq_va:0.05128 loss_pv_va:0.06808
INFO|2024-09-25 13:54:18: Epoch[044/100], iter[157/392], loss_total:0.21752, loss_equ:0.66395 loss_pq_vm:0.00334 loss_pq_va:0.04878 loss_pv_va:0.06895
INFO|2024-09-25 13:54:28: Epoch[044/100], iter[196/392], loss_total:0.22689, loss_equ:0.67201 loss_pq_vm:0.00312 loss_pq_va:0.05388 loss_pv_va:0.07463
INFO|2024-09-25 13:54:39: Epoch[044/100], iter[235/392], loss_total:0.22799, loss_equ:0.68188 loss_pq_vm:0.00298 loss_pq_va:0.05582 loss_pv_va:0.07420
INFO|2024-09-25 13:54:49: Epoch[044/100], iter[274/392], loss_total:0.22603, loss_equ:0.65471 loss_pq_vm:0.00279 loss_pq_va:0.05658 loss_pv_va:0.07609
INFO|2024-09-25 13:54:59: Epoch[044/100], iter[313/392], loss_total:0.21497, loss_equ:0.68514 loss_pq_vm:0.00276 loss_pq_va:0.05020 loss_pv_va:0.06866
INFO|2024-09-25 13:55:09: Epoch[044/100], iter[352/392], loss_total:0.22512, loss_equ:0.67570 loss_pq_vm:0.00355 loss_pq_va:0.05213 loss_pv_va:0.06994
INFO|2024-09-25 13:55:20: Epoch[044/100], iter[392/392], loss_total:0.21382, loss_equ:0.65806 loss_pq_vm:0.00277 loss_pq_va:0.05134 loss_pv_va:0.06896
INFO|2024-09-25 13:56:04: Epoch 43/100, lr:  0.00059775, eta: 2.31h, train_loss:  0.22192, valid_loss:  0.29383
INFO|2024-09-25 13:56:04: 	Train: PQ_Vm_rmse: 0.00478515  PQ_Va_rmse: 0.07364094  PV_Va_rmse: 0.10016896  delta_p: 0.50605064  delta_q: 0.11124695  
INFO|2024-09-25 13:56:04: 	ZTest: PQ_Vm_rmse: 0.00815006  PQ_Va_rmse: 0.10327276  PV_Va_rmse: 0.12816863  delta_p: 0.60164276  delta_q: 0.13962412  
INFO|2024-09-25 13:56:04: 	ZTest-ema: PQ_Vm_rmse: 0.007174  PQ_Va_rmse: 0.101574  PV_Va_rmse: 0.126721  delta_p: 0.581033  delta_q: 0.130427  
INFO|2024-09-25 13:56:04: 	           ValOfEMA:0.126721/0.126721,  Epoch:44/44
INFO|2024-09-25 13:56:05: 	Time(ep):148s,  Val(curr/best):0.128169/0.127094,  Epoch(curr/best):44/43
INFO|2024-09-25 13:56:05: -------------------- Epoch: 45 --------------------
INFO|2024-09-25 13:56:16: Epoch[045/100], iter[040/392], loss_total:0.21983, loss_equ:0.69399 loss_pq_vm:0.00281 loss_pq_va:0.05175 loss_pv_va:0.07062
INFO|2024-09-25 13:56:27: Epoch[045/100], iter[079/392], loss_total:0.22815, loss_equ:0.70017 loss_pq_vm:0.00302 loss_pq_va:0.05473 loss_pv_va:0.07319
INFO|2024-09-25 13:56:37: Epoch[045/100], iter[118/392], loss_total:0.21996, loss_equ:0.66599 loss_pq_vm:0.00319 loss_pq_va:0.05147 loss_pv_va:0.07001
INFO|2024-09-25 13:56:48: Epoch[045/100], iter[157/392], loss_total:0.23601, loss_equ:0.66985 loss_pq_vm:0.00349 loss_pq_va:0.05821 loss_pv_va:0.07596
INFO|2024-09-25 13:56:58: Epoch[045/100], iter[196/392], loss_total:0.22050, loss_equ:0.66691 loss_pq_vm:0.00319 loss_pq_va:0.05188 loss_pv_va:0.07004
INFO|2024-09-25 13:57:09: Epoch[045/100], iter[235/392], loss_total:0.23167, loss_equ:0.68517 loss_pq_vm:0.00312 loss_pq_va:0.05645 loss_pv_va:0.07552
INFO|2024-09-25 13:57:19: Epoch[045/100], iter[274/392], loss_total:0.22007, loss_equ:0.65944 loss_pq_vm:0.00305 loss_pq_va:0.05307 loss_pv_va:0.07057
INFO|2024-09-25 13:57:30: Epoch[045/100], iter[313/392], loss_total:0.22361, loss_equ:0.69631 loss_pq_vm:0.00285 loss_pq_va:0.05297 loss_pv_va:0.07251
INFO|2024-09-25 13:57:40: Epoch[045/100], iter[352/392], loss_total:0.22532, loss_equ:0.67931 loss_pq_vm:0.00275 loss_pq_va:0.05487 loss_pv_va:0.07499
INFO|2024-09-25 13:57:50: Epoch[045/100], iter[392/392], loss_total:0.22202, loss_equ:0.68625 loss_pq_vm:0.00301 loss_pq_va:0.05248 loss_pv_va:0.07086
INFO|2024-09-25 13:58:36: Epoch 44/100, lr:  0.00058244, eta: 2.32h, train_loss:  0.22034, valid_loss:  0.28417
INFO|2024-09-25 13:58:36: 	Train: PQ_Vm_rmse: 0.00473501  PQ_Va_rmse: 0.07321858  PV_Va_rmse: 0.09977904  delta_p: 0.50613931  delta_q: 0.11084687  
INFO|2024-09-25 13:58:36: 	ZTest: PQ_Vm_rmse: 0.00692238  PQ_Va_rmse: 0.10119249  PV_Va_rmse: 0.12722845  delta_p: 0.61986392  delta_q: 0.14050265  
INFO|2024-09-25 13:58:36: 	ZTest-ema: PQ_Vm_rmse: 0.007144  PQ_Va_rmse: 0.101479  PV_Va_rmse: 0.126720  delta_p: 0.581325  delta_q: 0.130463  
INFO|2024-09-25 13:58:36: 	           ValOfEMA:0.126720/0.126720,  Epoch:45/45
INFO|2024-09-25 13:58:37: 	Time(ep):151s,  Val(curr/best):0.127228/0.127094,  Epoch(curr/best):45/43
INFO|2024-09-25 13:58:37: -------------------- Epoch: 46 --------------------
INFO|2024-09-25 13:58:49: Epoch[046/100], iter[040/392], loss_total:0.21183, loss_equ:0.64912 loss_pq_vm:0.00284 loss_pq_va:0.05154 loss_pv_va:0.06701
INFO|2024-09-25 13:58:59: Epoch[046/100], iter[079/392], loss_total:0.21859, loss_equ:0.66844 loss_pq_vm:0.00275 loss_pq_va:0.05300 loss_pv_va:0.07129
INFO|2024-09-25 13:59:10: Epoch[046/100], iter[118/392], loss_total:0.22986, loss_equ:0.67594 loss_pq_vm:0.00433 loss_pq_va:0.05081 loss_pv_va:0.06820
INFO|2024-09-25 13:59:20: Epoch[046/100], iter[157/392], loss_total:0.22337, loss_equ:0.67721 loss_pq_vm:0.00342 loss_pq_va:0.05113 loss_pv_va:0.07028
INFO|2024-09-25 13:59:30: Epoch[046/100], iter[196/392], loss_total:0.22002, loss_equ:0.64191 loss_pq_vm:0.00298 loss_pq_va:0.05537 loss_pv_va:0.07064
INFO|2024-09-25 13:59:41: Epoch[046/100], iter[235/392], loss_total:0.21941, loss_equ:0.66412 loss_pq_vm:0.00316 loss_pq_va:0.05210 loss_pv_va:0.06930
INFO|2024-09-25 13:59:51: Epoch[046/100], iter[274/392], loss_total:0.21627, loss_equ:0.68636 loss_pq_vm:0.00276 loss_pq_va:0.05039 loss_pv_va:0.06965
INFO|2024-09-25 14:00:02: Epoch[046/100], iter[313/392], loss_total:0.22901, loss_equ:0.69058 loss_pq_vm:0.00377 loss_pq_va:0.05221 loss_pv_va:0.06999
INFO|2024-09-25 14:00:12: Epoch[046/100], iter[352/392], loss_total:0.21556, loss_equ:0.65258 loss_pq_vm:0.00269 loss_pq_va:0.05361 loss_pv_va:0.06976
INFO|2024-09-25 14:00:23: Epoch[046/100], iter[392/392], loss_total:0.22201, loss_equ:0.68778 loss_pq_vm:0.00305 loss_pq_va:0.05151 loss_pv_va:0.07125
INFO|2024-09-25 14:01:08: Epoch 45/100, lr:  0.00056704, eta: 2.26h, train_loss:  0.21984, valid_loss:  0.29089
INFO|2024-09-25 14:01:08: 	Train: PQ_Vm_rmse: 0.00472074  PQ_Va_rmse: 0.07291266  PV_Va_rmse: 0.09950062  delta_p: 0.50689453  delta_q: 0.11078738  
INFO|2024-09-25 14:01:08: 	ZTest: PQ_Vm_rmse: 0.00734389  PQ_Va_rmse: 0.10314536  PV_Va_rmse: 0.13036215  delta_p: 0.60170814  delta_q: 0.13609402  
INFO|2024-09-25 14:01:08: 	ZTest-ema: PQ_Vm_rmse: 0.007113  PQ_Va_rmse: 0.101364  PV_Va_rmse: 0.126715  delta_p: 0.581605  delta_q: 0.130460  
INFO|2024-09-25 14:01:08: 	           ValOfEMA:0.126715/0.126715,  Epoch:46/46
INFO|2024-09-25 14:01:09: 	Time(ep):150s,  Val(curr/best):0.130362/0.127094,  Epoch(curr/best):46/43
INFO|2024-09-25 14:01:09: -------------------- Epoch: 47 --------------------
INFO|2024-09-25 14:01:20: Epoch[047/100], iter[040/392], loss_total:0.22245, loss_equ:0.65778 loss_pq_vm:0.00290 loss_pq_va:0.05563 loss_pv_va:0.07199
INFO|2024-09-25 14:01:30: Epoch[047/100], iter[079/392], loss_total:0.20701, loss_equ:0.64693 loss_pq_vm:0.00252 loss_pq_va:0.04987 loss_pv_va:0.06728
INFO|2024-09-25 14:01:41: Epoch[047/100], iter[118/392], loss_total:0.21144, loss_equ:0.65714 loss_pq_vm:0.00285 loss_pq_va:0.05029 loss_pv_va:0.06691
INFO|2024-09-25 14:01:51: Epoch[047/100], iter[157/392], loss_total:0.21360, loss_equ:0.66935 loss_pq_vm:0.00274 loss_pq_va:0.05062 loss_pv_va:0.06867
INFO|2024-09-25 14:02:01: Epoch[047/100], iter[196/392], loss_total:0.21253, loss_equ:0.67474 loss_pq_vm:0.00274 loss_pq_va:0.05000 loss_pv_va:0.06769
INFO|2024-09-25 14:02:11: Epoch[047/100], iter[235/392], loss_total:0.22007, loss_equ:0.65896 loss_pq_vm:0.00283 loss_pq_va:0.05433 loss_pv_va:0.07160
INFO|2024-09-25 14:02:21: Epoch[047/100], iter[274/392], loss_total:0.21424, loss_equ:0.67071 loss_pq_vm:0.00264 loss_pq_va:0.05136 loss_pv_va:0.06938
INFO|2024-09-25 14:02:32: Epoch[047/100], iter[313/392], loss_total:0.22619, loss_equ:0.67150 loss_pq_vm:0.00275 loss_pq_va:0.05694 loss_pv_va:0.07456
INFO|2024-09-25 14:02:42: Epoch[047/100], iter[352/392], loss_total:0.22127, loss_equ:0.64900 loss_pq_vm:0.00276 loss_pq_va:0.05550 loss_pv_va:0.07331
INFO|2024-09-25 14:02:52: Epoch[047/100], iter[392/392], loss_total:0.22707, loss_equ:0.68170 loss_pq_vm:0.00350 loss_pq_va:0.05283 loss_pv_va:0.07106
INFO|2024-09-25 14:03:38: Epoch 46/100, lr:  0.00055158, eta: 2.19h, train_loss:  0.21828, valid_loss:  0.28764
INFO|2024-09-25 14:03:38: 	Train: PQ_Vm_rmse: 0.00466119  PQ_Va_rmse: 0.07264465  PV_Va_rmse: 0.09926924  delta_p: 0.50348655  delta_q: 0.11029498  
INFO|2024-09-25 14:03:38: 	ZTest: PQ_Vm_rmse: 0.00753396  PQ_Va_rmse: 0.10215938  PV_Va_rmse: 0.12763286  delta_p: 0.59858222  delta_q: 0.13652453  
INFO|2024-09-25 14:03:38: 	ZTest-ema: PQ_Vm_rmse: 0.007113  PQ_Va_rmse: 0.101248  PV_Va_rmse: 0.126635  delta_p: 0.582269  delta_q: 0.130430  
INFO|2024-09-25 14:03:38: 	           ValOfEMA:0.126635/0.126635,  Epoch:47/47
INFO|2024-09-25 14:03:38: 	Time(ep):148s,  Val(curr/best):0.127633/0.127094,  Epoch(curr/best):47/43
INFO|2024-09-25 14:03:38: -------------------- Epoch: 48 --------------------
INFO|2024-09-25 14:03:50: Epoch[048/100], iter[040/392], loss_total:0.22105, loss_equ:0.67998 loss_pq_vm:0.00300 loss_pq_va:0.05265 loss_pv_va:0.07040
INFO|2024-09-25 14:04:01: Epoch[048/100], iter[079/392], loss_total:0.21662, loss_equ:0.65835 loss_pq_vm:0.00282 loss_pq_va:0.05181 loss_pv_va:0.07076
INFO|2024-09-25 14:04:11: Epoch[048/100], iter[118/392], loss_total:0.20804, loss_equ:0.62934 loss_pq_vm:0.00278 loss_pq_va:0.04992 loss_pv_va:0.06735
INFO|2024-09-25 14:04:21: Epoch[048/100], iter[157/392], loss_total:0.21486, loss_equ:0.67665 loss_pq_vm:0.00272 loss_pq_va:0.05080 loss_pv_va:0.06920
INFO|2024-09-25 14:04:32: Epoch[048/100], iter[196/392], loss_total:0.21162, loss_equ:0.65556 loss_pq_vm:0.00254 loss_pq_va:0.05108 loss_pv_va:0.06960
INFO|2024-09-25 14:04:43: Epoch[048/100], iter[235/392], loss_total:0.21009, loss_equ:0.66985 loss_pq_vm:0.00276 loss_pq_va:0.04828 loss_pv_va:0.06725
INFO|2024-09-25 14:04:54: Epoch[048/100], iter[274/392], loss_total:0.22081, loss_equ:0.66680 loss_pq_vm:0.00336 loss_pq_va:0.05124 loss_pv_va:0.06933
INFO|2024-09-25 14:05:05: Epoch[048/100], iter[313/392], loss_total:0.22415, loss_equ:0.68757 loss_pq_vm:0.00298 loss_pq_va:0.05339 loss_pv_va:0.07219
INFO|2024-09-25 14:05:15: Epoch[048/100], iter[352/392], loss_total:0.20748, loss_equ:0.65340 loss_pq_vm:0.00270 loss_pq_va:0.04926 loss_pv_va:0.06588
INFO|2024-09-25 14:05:26: Epoch[048/100], iter[392/392], loss_total:0.22262, loss_equ:0.68970 loss_pq_vm:0.00262 loss_pq_va:0.05405 loss_pv_va:0.07337
INFO|2024-09-25 14:06:11: Epoch 47/100, lr:  0.00053608, eta: 2.21h, train_loss:  0.21743, valid_loss:  0.28270
INFO|2024-09-25 14:06:11: 	Train: PQ_Vm_rmse: 0.00465022  PQ_Va_rmse: 0.07223545  PV_Va_rmse: 0.09890351  delta_p: 0.50295639  delta_q: 0.10993481  
INFO|2024-09-25 14:06:11: 	ZTest: PQ_Vm_rmse: 0.00688223  PQ_Va_rmse: 0.10099134  PV_Va_rmse: 0.12720257  delta_p: 0.60703905  delta_q: 0.13632484  
INFO|2024-09-25 14:06:11: 	ZTest-ema: PQ_Vm_rmse: 0.007103  PQ_Va_rmse: 0.101143  PV_Va_rmse: 0.126595  delta_p: 0.583513  delta_q: 0.130288  
INFO|2024-09-25 14:06:11: 	           ValOfEMA:0.126595/0.126595,  Epoch:48/48
INFO|2024-09-25 14:06:12: 	Time(ep):153s,  Val(curr/best):0.127203/0.127094,  Epoch(curr/best):48/43
INFO|2024-09-25 14:06:12: -------------------- Epoch: 49 --------------------
INFO|2024-09-25 14:06:24: Epoch[049/100], iter[040/392], loss_total:0.21652, loss_equ:0.65636 loss_pq_vm:0.00285 loss_pq_va:0.05279 loss_pv_va:0.06956
INFO|2024-09-25 14:06:35: Epoch[049/100], iter[079/392], loss_total:0.20425, loss_equ:0.63725 loss_pq_vm:0.00258 loss_pq_va:0.04835 loss_pv_va:0.06638
INFO|2024-09-25 14:06:46: Epoch[049/100], iter[118/392], loss_total:0.20595, loss_equ:0.66338 loss_pq_vm:0.00265 loss_pq_va:0.04758 loss_pv_va:0.06549
INFO|2024-09-25 14:06:56: Epoch[049/100], iter[157/392], loss_total:0.21331, loss_equ:0.66133 loss_pq_vm:0.00277 loss_pq_va:0.05149 loss_pv_va:0.06796
INFO|2024-09-25 14:07:07: Epoch[049/100], iter[196/392], loss_total:0.22376, loss_equ:0.64649 loss_pq_vm:0.00330 loss_pq_va:0.05378 loss_pv_va:0.07233
INFO|2024-09-25 14:07:18: Epoch[049/100], iter[235/392], loss_total:0.21268, loss_equ:0.63839 loss_pq_vm:0.00307 loss_pq_va:0.05051 loss_pv_va:0.06758
INFO|2024-09-25 14:07:28: Epoch[049/100], iter[274/392], loss_total:0.21564, loss_equ:0.67242 loss_pq_vm:0.00270 loss_pq_va:0.05118 loss_pv_va:0.07027
INFO|2024-09-25 14:07:39: Epoch[049/100], iter[313/392], loss_total:0.22289, loss_equ:0.67586 loss_pq_vm:0.00295 loss_pq_va:0.05430 loss_pv_va:0.07147
INFO|2024-09-25 14:07:49: Epoch[049/100], iter[352/392], loss_total:0.22306, loss_equ:0.67119 loss_pq_vm:0.00311 loss_pq_va:0.05322 loss_pv_va:0.07158
INFO|2024-09-25 14:08:00: Epoch[049/100], iter[392/392], loss_total:0.20912, loss_equ:0.65017 loss_pq_vm:0.00268 loss_pq_va:0.05035 loss_pv_va:0.06695
INFO|2024-09-25 14:08:45: Epoch 48/100, lr:  0.00052055, eta: 2.17h, train_loss:  0.21665, valid_loss:  0.28198
INFO|2024-09-25 14:08:45: 	Train: PQ_Vm_rmse: 0.00461216  PQ_Va_rmse: 0.07217021  PV_Va_rmse: 0.09882818  delta_p: 0.50170252  delta_q: 0.10925969  
INFO|2024-09-25 14:08:45: 	ZTest: PQ_Vm_rmse: 0.00694495  PQ_Va_rmse: 0.10085707  PV_Va_rmse: 0.12677170  delta_p: 0.60304866  delta_q: 0.13640759  
INFO|2024-09-25 14:08:45: 	ZTest-ema: PQ_Vm_rmse: 0.007093  PQ_Va_rmse: 0.101004  PV_Va_rmse: 0.126569  delta_p: 0.583579  delta_q: 0.130287  
INFO|2024-09-25 14:08:45: 	           ValOfEMA:0.126569/0.126569,  Epoch:49/49
INFO|2024-09-25 14:08:47: 	Time(ep):153s,  Val(curr/best):0.126772/0.126772,  Epoch(curr/best):49/49
INFO|2024-09-25 14:08:47: -------------------- Epoch: 50 --------------------
INFO|2024-09-25 14:08:58: Epoch[050/100], iter[040/392], loss_total:0.20119, loss_equ:0.64440 loss_pq_vm:0.00258 loss_pq_va:0.04742 loss_pv_va:0.06349
INFO|2024-09-25 14:09:09: Epoch[050/100], iter[079/392], loss_total:0.21731, loss_equ:0.67175 loss_pq_vm:0.00261 loss_pq_va:0.05242 loss_pv_va:0.07157
INFO|2024-09-25 14:09:19: Epoch[050/100], iter[118/392], loss_total:0.20913, loss_equ:0.65389 loss_pq_vm:0.00261 loss_pq_va:0.05041 loss_pv_va:0.06722
INFO|2024-09-25 14:09:29: Epoch[050/100], iter[157/392], loss_total:0.22566, loss_equ:0.66388 loss_pq_vm:0.00280 loss_pq_va:0.05599 loss_pv_va:0.07531
INFO|2024-09-25 14:09:39: Epoch[050/100], iter[196/392], loss_total:0.20730, loss_equ:0.64280 loss_pq_vm:0.00249 loss_pq_va:0.04990 loss_pv_va:0.06821
INFO|2024-09-25 14:09:50: Epoch[050/100], iter[235/392], loss_total:0.21945, loss_equ:0.65399 loss_pq_vm:0.00324 loss_pq_va:0.05132 loss_pv_va:0.07033
INFO|2024-09-25 14:10:00: Epoch[050/100], iter[274/392], loss_total:0.21956, loss_equ:0.67070 loss_pq_vm:0.00283 loss_pq_va:0.05265 loss_pv_va:0.07153
INFO|2024-09-25 14:10:10: Epoch[050/100], iter[313/392], loss_total:0.24401, loss_equ:0.66595 loss_pq_vm:0.00301 loss_pq_va:0.06475 loss_pv_va:0.08254
INFO|2024-09-25 14:10:21: Epoch[050/100], iter[352/392], loss_total:0.22111, loss_equ:0.68061 loss_pq_vm:0.00289 loss_pq_va:0.05304 loss_pv_va:0.07115
INFO|2024-09-25 14:10:31: Epoch[050/100], iter[392/392], loss_total:0.21231, loss_equ:0.64621 loss_pq_vm:0.00261 loss_pq_va:0.05208 loss_pv_va:0.06954
INFO|2024-09-25 14:11:17: Epoch 49/100, lr:  0.00050500, eta: 2.08h, train_loss:  0.21740, valid_loss:  0.28785
INFO|2024-09-25 14:11:17: 	Train: PQ_Vm_rmse: 0.00463706  PQ_Va_rmse: 0.07230907  PV_Va_rmse: 0.09897033  delta_p: 0.50111105  delta_q: 0.10936488  
INFO|2024-09-25 14:11:17: 	ZTest: PQ_Vm_rmse: 0.00752860  PQ_Va_rmse: 0.10330720  PV_Va_rmse: 0.12863363  delta_p: 0.59708467  delta_q: 0.13732950  
INFO|2024-09-25 14:11:17: 	ZTest-ema: PQ_Vm_rmse: 0.007073  PQ_Va_rmse: 0.101112  PV_Va_rmse: 0.126668  delta_p: 0.582913  delta_q: 0.130469  
INFO|2024-09-25 14:11:17: 	           ValOfEMA:0.126668/0.126569,  Epoch:50/49
INFO|2024-09-25 14:11:17: 	Time(ep):149s,  Val(curr/best):0.128634/0.126772,  Epoch(curr/best):50/49
INFO|2024-09-25 14:11:17: -------------------- Epoch: 51 --------------------
INFO|2024-09-25 14:11:29: Epoch[051/100], iter[040/392], loss_total:0.21283, loss_equ:0.65601 loss_pq_vm:0.00292 loss_pq_va:0.05017 loss_pv_va:0.06782
INFO|2024-09-25 14:11:39: Epoch[051/100], iter[079/392], loss_total:0.22250, loss_equ:0.66204 loss_pq_vm:0.00306 loss_pq_va:0.05354 loss_pv_va:0.07213
INFO|2024-09-25 14:11:49: Epoch[051/100], iter[118/392], loss_total:0.21340, loss_equ:0.65298 loss_pq_vm:0.00267 loss_pq_va:0.05186 loss_pv_va:0.06957
INFO|2024-09-25 14:12:00: Epoch[051/100], iter[157/392], loss_total:0.22922, loss_equ:0.67687 loss_pq_vm:0.00286 loss_pq_va:0.05653 loss_pv_va:0.07637
INFO|2024-09-25 14:12:10: Epoch[051/100], iter[196/392], loss_total:0.20710, loss_equ:0.64958 loss_pq_vm:0.00278 loss_pq_va:0.04894 loss_pv_va:0.06542
INFO|2024-09-25 14:12:21: Epoch[051/100], iter[235/392], loss_total:0.22251, loss_equ:0.64344 loss_pq_vm:0.00288 loss_pq_va:0.05669 loss_pv_va:0.07264
INFO|2024-09-25 14:12:31: Epoch[051/100], iter[274/392], loss_total:0.21585, loss_equ:0.67165 loss_pq_vm:0.00285 loss_pq_va:0.05179 loss_pv_va:0.06835
INFO|2024-09-25 14:12:41: Epoch[051/100], iter[313/392], loss_total:0.21890, loss_equ:0.65702 loss_pq_vm:0.00284 loss_pq_va:0.05352 loss_pv_va:0.07125
INFO|2024-09-25 14:12:51: Epoch[051/100], iter[352/392], loss_total:0.22524, loss_equ:0.68249 loss_pq_vm:0.00294 loss_pq_va:0.05425 loss_pv_va:0.07334
INFO|2024-09-25 14:13:02: Epoch[051/100], iter[392/392], loss_total:0.22395, loss_equ:0.66403 loss_pq_vm:0.00327 loss_pq_va:0.05301 loss_pv_va:0.07185
INFO|2024-09-25 14:13:48: Epoch 50/100, lr:  0.00048945, eta: 2.05h, train_loss:  0.21524, valid_loss:  0.28399
INFO|2024-09-25 14:13:48: 	Train: PQ_Vm_rmse: 0.00457054  PQ_Va_rmse: 0.07170165  PV_Va_rmse: 0.09832463  delta_p: 0.49988093  delta_q: 0.10877526  
INFO|2024-09-25 14:13:48: 	ZTest: PQ_Vm_rmse: 0.00687960  PQ_Va_rmse: 0.10167374  PV_Va_rmse: 0.12797678  delta_p: 0.60062182  delta_q: 0.13590443  
INFO|2024-09-25 14:13:48: 	ZTest-ema: PQ_Vm_rmse: 0.007066  PQ_Va_rmse: 0.100962  PV_Va_rmse: 0.126612  delta_p: 0.584136  delta_q: 0.130690  
INFO|2024-09-25 14:13:48: 	           ValOfEMA:0.126612/0.126569,  Epoch:51/49
INFO|2024-09-25 14:13:48: 	Time(ep):150s,  Val(curr/best):0.127977/0.126772,  Epoch(curr/best):51/49
INFO|2024-09-25 14:13:48: -------------------- Epoch: 52 --------------------
INFO|2024-09-25 14:14:00: Epoch[052/100], iter[040/392], loss_total:0.21429, loss_equ:0.64872 loss_pq_vm:0.00279 loss_pq_va:0.05283 loss_pv_va:0.06864
INFO|2024-09-25 14:14:10: Epoch[052/100], iter[079/392], loss_total:0.20733, loss_equ:0.63015 loss_pq_vm:0.00261 loss_pq_va:0.05059 loss_pv_va:0.06767
INFO|2024-09-25 14:14:20: Epoch[052/100], iter[118/392], loss_total:0.21014, loss_equ:0.64997 loss_pq_vm:0.00276 loss_pq_va:0.05053 loss_pv_va:0.06702
INFO|2024-09-25 14:14:31: Epoch[052/100], iter[157/392], loss_total:0.21860, loss_equ:0.66560 loss_pq_vm:0.00280 loss_pq_va:0.05311 loss_pv_va:0.07096
INFO|2024-09-25 14:14:41: Epoch[052/100], iter[196/392], loss_total:0.21768, loss_equ:0.66485 loss_pq_vm:0.00289 loss_pq_va:0.05149 loss_pv_va:0.07082
INFO|2024-09-25 14:14:51: Epoch[052/100], iter[235/392], loss_total:0.20927, loss_equ:0.65057 loss_pq_vm:0.00263 loss_pq_va:0.05040 loss_pv_va:0.06750
INFO|2024-09-25 14:15:02: Epoch[052/100], iter[274/392], loss_total:0.21421, loss_equ:0.64756 loss_pq_vm:0.00265 loss_pq_va:0.05233 loss_pv_va:0.07061
INFO|2024-09-25 14:15:12: Epoch[052/100], iter[313/392], loss_total:0.21366, loss_equ:0.66662 loss_pq_vm:0.00295 loss_pq_va:0.05039 loss_pv_va:0.06711
INFO|2024-09-25 14:15:22: Epoch[052/100], iter[352/392], loss_total:0.21664, loss_equ:0.66223 loss_pq_vm:0.00263 loss_pq_va:0.05268 loss_pv_va:0.07141
INFO|2024-09-25 14:15:33: Epoch[052/100], iter[392/392], loss_total:0.21306, loss_equ:0.63486 loss_pq_vm:0.00272 loss_pq_va:0.05344 loss_pv_va:0.06891
INFO|2024-09-25 14:16:18: Epoch 51/100, lr:  0.00047392, eta: 2.01h, train_loss:  0.21356, valid_loss:  0.28359
INFO|2024-09-25 14:16:18: 	Train: PQ_Vm_rmse: 0.00449555  PQ_Va_rmse: 0.07125588  PV_Va_rmse: 0.09798114  delta_p: 0.50008087  delta_q: 0.10847382  
INFO|2024-09-25 14:16:18: 	ZTest: PQ_Vm_rmse: 0.00685474  PQ_Va_rmse: 0.10214605  PV_Va_rmse: 0.12833375  delta_p: 0.59467103  delta_q: 0.13315483  
INFO|2024-09-25 14:16:18: 	ZTest-ema: PQ_Vm_rmse: 0.007076  PQ_Va_rmse: 0.100792  PV_Va_rmse: 0.126567  delta_p: 0.586353  delta_q: 0.130705  
INFO|2024-09-25 14:16:18: 	           ValOfEMA:0.126567/0.126567,  Epoch:52/52
INFO|2024-09-25 14:16:19: 	Time(ep):150s,  Val(curr/best):0.128334/0.126772,  Epoch(curr/best):52/49
INFO|2024-09-25 14:16:19: -------------------- Epoch: 53 --------------------
INFO|2024-09-25 14:16:31: Epoch[053/100], iter[040/392], loss_total:0.21831, loss_equ:0.67482 loss_pq_vm:0.00283 loss_pq_va:0.05175 loss_pv_va:0.07074
INFO|2024-09-25 14:16:42: Epoch[053/100], iter[079/392], loss_total:0.21171, loss_equ:0.65892 loss_pq_vm:0.00276 loss_pq_va:0.05084 loss_pv_va:0.06736
INFO|2024-09-25 14:16:53: Epoch[053/100], iter[118/392], loss_total:0.21218, loss_equ:0.66540 loss_pq_vm:0.00272 loss_pq_va:0.05055 loss_pv_va:0.06789
INFO|2024-09-25 14:17:04: Epoch[053/100], iter[157/392], loss_total:0.21198, loss_equ:0.65028 loss_pq_vm:0.00259 loss_pq_va:0.05122 loss_pv_va:0.06987
INFO|2024-09-25 14:17:14: Epoch[053/100], iter[196/392], loss_total:0.20861, loss_equ:0.66159 loss_pq_vm:0.00255 loss_pq_va:0.04903 loss_pv_va:0.06793
INFO|2024-09-25 14:17:25: Epoch[053/100], iter[235/392], loss_total:0.22201, loss_equ:0.65202 loss_pq_vm:0.00303 loss_pq_va:0.05353 loss_pv_va:0.07298
INFO|2024-09-25 14:17:36: Epoch[053/100], iter[274/392], loss_total:0.21859, loss_equ:0.67089 loss_pq_vm:0.00269 loss_pq_va:0.05266 loss_pv_va:0.07196
INFO|2024-09-25 14:17:47: Epoch[053/100], iter[313/392], loss_total:0.21129, loss_equ:0.65390 loss_pq_vm:0.00283 loss_pq_va:0.05005 loss_pv_va:0.06752
INFO|2024-09-25 14:17:57: Epoch[053/100], iter[352/392], loss_total:0.21244, loss_equ:0.66728 loss_pq_vm:0.00276 loss_pq_va:0.05110 loss_pv_va:0.06702
INFO|2024-09-25 14:18:08: Epoch[053/100], iter[392/392], loss_total:0.22178, loss_equ:0.67024 loss_pq_vm:0.00277 loss_pq_va:0.05373 loss_pv_va:0.07333
INFO|2024-09-25 14:18:52: Epoch 52/100, lr:  0.00045842, eta: 2.0h, train_loss:  0.21393, valid_loss:  0.28281
INFO|2024-09-25 14:18:52: 	Train: PQ_Vm_rmse: 0.00453601  PQ_Va_rmse: 0.07133870  PV_Va_rmse: 0.09797515  delta_p: 0.49769092  delta_q: 0.10787317  
INFO|2024-09-25 14:18:52: 	ZTest: PQ_Vm_rmse: 0.00696500  PQ_Va_rmse: 0.10143401  PV_Va_rmse: 0.12758756  delta_p: 0.60037135  delta_q: 0.13724514  
INFO|2024-09-25 14:18:52: 	ZTest-ema: PQ_Vm_rmse: 0.007069  PQ_Va_rmse: 0.100867  PV_Va_rmse: 0.126682  delta_p: 0.586245  delta_q: 0.130504  
INFO|2024-09-25 14:18:52: 	           ValOfEMA:0.126682/0.126567,  Epoch:53/52
INFO|2024-09-25 14:18:53: 	Time(ep):153s,  Val(curr/best):0.127588/0.126772,  Epoch(curr/best):53/49
INFO|2024-09-25 14:18:53: -------------------- Epoch: 54 --------------------
INFO|2024-09-25 14:19:05: Epoch[054/100], iter[040/392], loss_total:0.20815, loss_equ:0.64147 loss_pq_vm:0.00272 loss_pq_va:0.04933 loss_pv_va:0.06750
INFO|2024-09-25 14:19:15: Epoch[054/100], iter[079/392], loss_total:0.20681, loss_equ:0.65577 loss_pq_vm:0.00285 loss_pq_va:0.04801 loss_pv_va:0.06476
INFO|2024-09-25 14:19:26: Epoch[054/100], iter[118/392], loss_total:0.20546, loss_equ:0.64456 loss_pq_vm:0.00259 loss_pq_va:0.04906 loss_pv_va:0.06609
INFO|2024-09-25 14:19:37: Epoch[054/100], iter[157/392], loss_total:0.21613, loss_equ:0.64832 loss_pq_vm:0.00273 loss_pq_va:0.05402 loss_pv_va:0.07000
INFO|2024-09-25 14:19:47: Epoch[054/100], iter[196/392], loss_total:0.21948, loss_equ:0.66786 loss_pq_vm:0.00301 loss_pq_va:0.05233 loss_pv_va:0.07028
INFO|2024-09-25 14:19:58: Epoch[054/100], iter[235/392], loss_total:0.20716, loss_equ:0.63845 loss_pq_vm:0.00275 loss_pq_va:0.04919 loss_pv_va:0.06665
INFO|2024-09-25 14:20:08: Epoch[054/100], iter[274/392], loss_total:0.21907, loss_equ:0.64002 loss_pq_vm:0.00304 loss_pq_va:0.05266 loss_pv_va:0.07204
INFO|2024-09-25 14:20:19: Epoch[054/100], iter[313/392], loss_total:0.21168, loss_equ:0.67242 loss_pq_vm:0.00261 loss_pq_va:0.04941 loss_pv_va:0.06897
INFO|2024-09-25 14:20:29: Epoch[054/100], iter[352/392], loss_total:0.21261, loss_equ:0.64255 loss_pq_vm:0.00293 loss_pq_va:0.05014 loss_pv_va:0.06893
INFO|2024-09-25 14:20:40: Epoch[054/100], iter[392/392], loss_total:0.20880, loss_equ:0.66779 loss_pq_vm:0.00272 loss_pq_va:0.04844 loss_pv_va:0.06642
INFO|2024-09-25 14:21:24: Epoch 53/100, lr:  0.00044296, eta: 1.94h, train_loss:  0.21318, valid_loss:  0.28454
INFO|2024-09-25 14:21:24: 	Train: PQ_Vm_rmse: 0.00447920  PQ_Va_rmse: 0.07109264  PV_Va_rmse: 0.09778259  delta_p: 0.49692926  delta_q: 0.10771042  
INFO|2024-09-25 14:21:24: 	ZTest: PQ_Vm_rmse: 0.00719834  PQ_Va_rmse: 0.10190205  PV_Va_rmse: 0.12766600  delta_p: 0.60971611  delta_q: 0.13552199  
INFO|2024-09-25 14:21:24: 	ZTest-ema: PQ_Vm_rmse: 0.007048  PQ_Va_rmse: 0.100734  PV_Va_rmse: 0.126643  delta_p: 0.588045  delta_q: 0.130784  
INFO|2024-09-25 14:21:24: 	           ValOfEMA:0.126643/0.126567,  Epoch:54/52
INFO|2024-09-25 14:21:25: 	Time(ep):151s,  Val(curr/best):0.127666/0.126772,  Epoch(curr/best):54/49
INFO|2024-09-25 14:21:25: -------------------- Epoch: 55 --------------------
INFO|2024-09-25 14:21:36: Epoch[055/100], iter[040/392], loss_total:0.20702, loss_equ:0.63805 loss_pq_vm:0.00267 loss_pq_va:0.05020 loss_pv_va:0.06633
INFO|2024-09-25 14:21:47: Epoch[055/100], iter[079/392], loss_total:0.21808, loss_equ:0.65445 loss_pq_vm:0.00288 loss_pq_va:0.05346 loss_pv_va:0.07040
INFO|2024-09-25 14:21:57: Epoch[055/100], iter[118/392], loss_total:0.21255, loss_equ:0.64530 loss_pq_vm:0.00259 loss_pq_va:0.05175 loss_pv_va:0.07036
INFO|2024-09-25 14:22:07: Epoch[055/100], iter[157/392], loss_total:0.20724, loss_equ:0.64602 loss_pq_vm:0.00259 loss_pq_va:0.05074 loss_pv_va:0.06606
INFO|2024-09-25 14:22:17: Epoch[055/100], iter[196/392], loss_total:0.20908, loss_equ:0.64475 loss_pq_vm:0.00251 loss_pq_va:0.04991 loss_pv_va:0.06962
INFO|2024-09-25 14:22:28: Epoch[055/100], iter[235/392], loss_total:0.21058, loss_equ:0.65947 loss_pq_vm:0.00263 loss_pq_va:0.05058 loss_pv_va:0.06774
INFO|2024-09-25 14:22:38: Epoch[055/100], iter[274/392], loss_total:0.21755, loss_equ:0.65650 loss_pq_vm:0.00284 loss_pq_va:0.05265 loss_pv_va:0.07088
INFO|2024-09-25 14:22:48: Epoch[055/100], iter[313/392], loss_total:0.21412, loss_equ:0.64735 loss_pq_vm:0.00291 loss_pq_va:0.05149 loss_pv_va:0.06884
INFO|2024-09-25 14:22:58: Epoch[055/100], iter[352/392], loss_total:0.22242, loss_equ:0.65424 loss_pq_vm:0.00310 loss_pq_va:0.05300 loss_pv_va:0.07296
INFO|2024-09-25 14:23:09: Epoch[055/100], iter[392/392], loss_total:0.21494, loss_equ:0.66864 loss_pq_vm:0.00272 loss_pq_va:0.05208 loss_pv_va:0.06878
INFO|2024-09-25 14:23:54: Epoch 54/100, lr:  0.00042756, eta: 1.86h, train_loss:  0.21205, valid_loss:  0.28300
INFO|2024-09-25 14:23:54: 	Train: PQ_Vm_rmse: 0.00448023  PQ_Va_rmse: 0.07069017  PV_Va_rmse: 0.09731791  delta_p: 0.49596813  delta_q: 0.10736312  
INFO|2024-09-25 14:23:54: 	ZTest: PQ_Vm_rmse: 0.00709058  PQ_Va_rmse: 0.10084816  PV_Va_rmse: 0.12698319  delta_p: 0.59948745  delta_q: 0.13642437  
INFO|2024-09-25 14:23:54: 	ZTest-ema: PQ_Vm_rmse: 0.007050  PQ_Va_rmse: 0.100731  PV_Va_rmse: 0.126652  delta_p: 0.587986  delta_q: 0.130570  
INFO|2024-09-25 14:23:54: 	           ValOfEMA:0.126652/0.126567,  Epoch:55/52
INFO|2024-09-25 14:23:54: 	Time(ep):149s,  Val(curr/best):0.126983/0.126772,  Epoch(curr/best):55/49
INFO|2024-09-25 14:23:54: -------------------- Epoch: 56 --------------------
INFO|2024-09-25 14:24:06: Epoch[056/100], iter[040/392], loss_total:0.21001, loss_equ:0.63141 loss_pq_vm:0.00248 loss_pq_va:0.05173 loss_pv_va:0.07030
INFO|2024-09-25 14:24:16: Epoch[056/100], iter[079/392], loss_total:0.20360, loss_equ:0.63942 loss_pq_vm:0.00264 loss_pq_va:0.04822 loss_pv_va:0.06502
INFO|2024-09-25 14:24:27: Epoch[056/100], iter[118/392], loss_total:0.21598, loss_equ:0.64822 loss_pq_vm:0.00294 loss_pq_va:0.05199 loss_pv_va:0.06972
INFO|2024-09-25 14:24:37: Epoch[056/100], iter[157/392], loss_total:0.21604, loss_equ:0.64301 loss_pq_vm:0.00301 loss_pq_va:0.05197 loss_pv_va:0.06965
INFO|2024-09-25 14:24:47: Epoch[056/100], iter[196/392], loss_total:0.21042, loss_equ:0.66575 loss_pq_vm:0.00250 loss_pq_va:0.05074 loss_pv_va:0.06807
INFO|2024-09-25 14:24:57: Epoch[056/100], iter[235/392], loss_total:0.21121, loss_equ:0.65753 loss_pq_vm:0.00278 loss_pq_va:0.04989 loss_pv_va:0.06776
INFO|2024-09-25 14:25:08: Epoch[056/100], iter[274/392], loss_total:0.21663, loss_equ:0.66959 loss_pq_vm:0.00280 loss_pq_va:0.05194 loss_pv_va:0.06971
INFO|2024-09-25 14:25:18: Epoch[056/100], iter[313/392], loss_total:0.22041, loss_equ:0.64388 loss_pq_vm:0.00296 loss_pq_va:0.05442 loss_pv_va:0.07199
INFO|2024-09-25 14:25:28: Epoch[056/100], iter[352/392], loss_total:0.21901, loss_equ:0.66215 loss_pq_vm:0.00284 loss_pq_va:0.05291 loss_pv_va:0.07148
INFO|2024-09-25 14:25:39: Epoch[056/100], iter[392/392], loss_total:0.22423, loss_equ:0.68278 loss_pq_vm:0.00311 loss_pq_va:0.05378 loss_pv_va:0.07110
INFO|2024-09-25 14:26:22: Epoch 55/100, lr:  0.00041225, eta: 1.81h, train_loss:  0.21161, valid_loss:  0.28500
INFO|2024-09-25 14:26:22: 	Train: PQ_Vm_rmse: 0.00446301  PQ_Va_rmse: 0.07062842  PV_Va_rmse: 0.09724669  delta_p: 0.49376951  delta_q: 0.10672958  
INFO|2024-09-25 14:26:22: 	ZTest: PQ_Vm_rmse: 0.00723541  PQ_Va_rmse: 0.10079059  PV_Va_rmse: 0.12755135  delta_p: 0.60171226  delta_q: 0.13536025  
INFO|2024-09-25 14:26:22: 	ZTest-ema: PQ_Vm_rmse: 0.007036  PQ_Va_rmse: 0.100753  PV_Va_rmse: 0.126817  delta_p: 0.588510  delta_q: 0.130569  
INFO|2024-09-25 14:26:22: 	           ValOfEMA:0.126817/0.126567,  Epoch:56/52
INFO|2024-09-25 14:26:23: 	Time(ep):147s,  Val(curr/best):0.127551/0.126772,  Epoch(curr/best):56/49
INFO|2024-09-25 14:26:23: -------------------- Epoch: 57 --------------------
INFO|2024-09-25 14:26:35: Epoch[057/100], iter[040/392], loss_total:0.20852, loss_equ:0.64952 loss_pq_vm:0.00257 loss_pq_va:0.05015 loss_pv_va:0.06769
INFO|2024-09-25 14:26:45: Epoch[057/100], iter[079/392], loss_total:0.20502, loss_equ:0.63804 loss_pq_vm:0.00262 loss_pq_va:0.04912 loss_pv_va:0.06590
INFO|2024-09-25 14:26:55: Epoch[057/100], iter[118/392], loss_total:0.19603, loss_equ:0.63586 loss_pq_vm:0.00242 loss_pq_va:0.04652 loss_pv_va:0.06176
INFO|2024-09-25 14:27:05: Epoch[057/100], iter[157/392], loss_total:0.20324, loss_equ:0.64406 loss_pq_vm:0.00252 loss_pq_va:0.04864 loss_pv_va:0.06503
INFO|2024-09-25 14:27:16: Epoch[057/100], iter[196/392], loss_total:0.20860, loss_equ:0.65308 loss_pq_vm:0.00274 loss_pq_va:0.04889 loss_pv_va:0.06703
INFO|2024-09-25 14:27:26: Epoch[057/100], iter[235/392], loss_total:0.21086, loss_equ:0.65607 loss_pq_vm:0.00276 loss_pq_va:0.05083 loss_pv_va:0.06680
INFO|2024-09-25 14:27:37: Epoch[057/100], iter[274/392], loss_total:0.21553, loss_equ:0.64517 loss_pq_vm:0.00298 loss_pq_va:0.05160 loss_pv_va:0.06963
INFO|2024-09-25 14:27:47: Epoch[057/100], iter[313/392], loss_total:0.20598, loss_equ:0.64446 loss_pq_vm:0.00244 loss_pq_va:0.05027 loss_pv_va:0.06685
INFO|2024-09-25 14:27:58: Epoch[057/100], iter[352/392], loss_total:0.21256, loss_equ:0.66337 loss_pq_vm:0.00257 loss_pq_va:0.05092 loss_pv_va:0.06960
INFO|2024-09-25 14:28:09: Epoch[057/100], iter[392/392], loss_total:0.22269, loss_equ:0.67497 loss_pq_vm:0.00271 loss_pq_va:0.05442 loss_pv_va:0.07370
INFO|2024-09-25 14:28:53: Epoch 56/100, lr:  0.00039702, eta: 1.8h, train_loss:  0.21103, valid_loss:  0.28568
INFO|2024-09-25 14:28:53: 	Train: PQ_Vm_rmse: 0.00445079  PQ_Va_rmse: 0.07035250  PV_Va_rmse: 0.09698846  delta_p: 0.49432039  delta_q: 0.10679751  
INFO|2024-09-25 14:28:53: 	ZTest: PQ_Vm_rmse: 0.00720454  PQ_Va_rmse: 0.10037846  PV_Va_rmse: 0.12752017  delta_p: 0.61274377  delta_q: 0.14079948  
INFO|2024-09-25 14:28:53: 	ZTest-ema: PQ_Vm_rmse: 0.007024  PQ_Va_rmse: 0.100697  PV_Va_rmse: 0.126862  delta_p: 0.588953  delta_q: 0.130646  
INFO|2024-09-25 14:28:53: 	           ValOfEMA:0.126862/0.126567,  Epoch:57/52
INFO|2024-09-25 14:28:54: 	Time(ep):150s,  Val(curr/best):0.127520/0.126772,  Epoch(curr/best):57/49
INFO|2024-09-25 14:28:54: -------------------- Epoch: 58 --------------------
INFO|2024-09-25 14:29:06: Epoch[058/100], iter[040/392], loss_total:0.20541, loss_equ:0.66978 loss_pq_vm:0.00248 loss_pq_va:0.04782 loss_pv_va:0.06581
INFO|2024-09-25 14:29:17: Epoch[058/100], iter[079/392], loss_total:0.22513, loss_equ:0.65477 loss_pq_vm:0.00282 loss_pq_va:0.05801 loss_pv_va:0.07346
INFO|2024-09-25 14:29:29: Epoch[058/100], iter[118/392], loss_total:0.20476, loss_equ:0.63649 loss_pq_vm:0.00251 loss_pq_va:0.04953 loss_pv_va:0.06652
INFO|2024-09-25 14:29:40: Epoch[058/100], iter[157/392], loss_total:0.21248, loss_equ:0.66872 loss_pq_vm:0.00270 loss_pq_va:0.05043 loss_pv_va:0.06815
INFO|2024-09-25 14:29:51: Epoch[058/100], iter[196/392], loss_total:0.21784, loss_equ:0.65529 loss_pq_vm:0.00296 loss_pq_va:0.05202 loss_pv_va:0.07069
INFO|2024-09-25 14:30:02: Epoch[058/100], iter[235/392], loss_total:0.20783, loss_equ:0.63421 loss_pq_vm:0.00258 loss_pq_va:0.05063 loss_pv_va:0.06795
INFO|2024-09-25 14:30:14: Epoch[058/100], iter[274/392], loss_total:0.21041, loss_equ:0.62991 loss_pq_vm:0.00268 loss_pq_va:0.05150 loss_pv_va:0.06907
INFO|2024-09-25 14:30:25: Epoch[058/100], iter[313/392], loss_total:0.21540, loss_equ:0.64651 loss_pq_vm:0.00279 loss_pq_va:0.05206 loss_pv_va:0.07082
INFO|2024-09-25 14:30:36: Epoch[058/100], iter[352/392], loss_total:0.20987, loss_equ:0.64573 loss_pq_vm:0.00257 loss_pq_va:0.05095 loss_pv_va:0.06864
INFO|2024-09-25 14:30:47: Epoch[058/100], iter[392/392], loss_total:0.21453, loss_equ:0.65084 loss_pq_vm:0.00263 loss_pq_va:0.05240 loss_pv_va:0.07076
INFO|2024-09-25 14:31:31: Epoch 57/100, lr:  0.00038190, eta: 1.83h, train_loss:  0.21037, valid_loss:  0.28125
INFO|2024-09-25 14:31:31: 	Train: PQ_Vm_rmse: 0.00442101  PQ_Va_rmse: 0.07021556  PV_Va_rmse: 0.09688964  delta_p: 0.49337196  delta_q: 0.10651277  
INFO|2024-09-25 14:31:31: 	ZTest: PQ_Vm_rmse: 0.00698597  PQ_Va_rmse: 0.10172132  PV_Va_rmse: 0.12811855  delta_p: 0.60079950  delta_q: 0.13331741  
INFO|2024-09-25 14:31:31: 	ZTest-ema: PQ_Vm_rmse: 0.007040  PQ_Va_rmse: 0.100680  PV_Va_rmse: 0.126878  delta_p: 0.589632  delta_q: 0.130755  
INFO|2024-09-25 14:31:31: 	           ValOfEMA:0.126878/0.126567,  Epoch:58/52
INFO|2024-09-25 14:31:32: 	Time(ep):157s,  Val(curr/best):0.128119/0.126772,  Epoch(curr/best):58/49
INFO|2024-09-25 14:31:32: -------------------- Epoch: 59 --------------------
INFO|2024-09-25 14:31:44: Epoch[059/100], iter[040/392], loss_total:0.20301, loss_equ:0.61018 loss_pq_vm:0.00262 loss_pq_va:0.05070 loss_pv_va:0.06513
INFO|2024-09-25 14:31:56: Epoch[059/100], iter[079/392], loss_total:0.20446, loss_equ:0.64945 loss_pq_vm:0.00247 loss_pq_va:0.04895 loss_pv_va:0.06588
INFO|2024-09-25 14:32:07: Epoch[059/100], iter[118/392], loss_total:0.21444, loss_equ:0.65791 loss_pq_vm:0.00275 loss_pq_va:0.05095 loss_pv_va:0.07019
INFO|2024-09-25 14:32:18: Epoch[059/100], iter[157/392], loss_total:0.20563, loss_equ:0.65115 loss_pq_vm:0.00273 loss_pq_va:0.04805 loss_pv_va:0.06512
INFO|2024-09-25 14:32:29: Epoch[059/100], iter[196/392], loss_total:0.20340, loss_equ:0.63427 loss_pq_vm:0.00258 loss_pq_va:0.04774 loss_pv_va:0.06648
INFO|2024-09-25 14:32:40: Epoch[059/100], iter[235/392], loss_total:0.21326, loss_equ:0.66204 loss_pq_vm:0.00300 loss_pq_va:0.05024 loss_pv_va:0.06679
INFO|2024-09-25 14:32:51: Epoch[059/100], iter[274/392], loss_total:0.20639, loss_equ:0.64524 loss_pq_vm:0.00267 loss_pq_va:0.04916 loss_pv_va:0.06602
INFO|2024-09-25 14:33:02: Epoch[059/100], iter[313/392], loss_total:0.20799, loss_equ:0.65028 loss_pq_vm:0.00258 loss_pq_va:0.04931 loss_pv_va:0.06782
INFO|2024-09-25 14:33:13: Epoch[059/100], iter[352/392], loss_total:0.21042, loss_equ:0.65632 loss_pq_vm:0.00264 loss_pq_va:0.05002 loss_pv_va:0.06841
INFO|2024-09-25 14:33:24: Epoch[059/100], iter[392/392], loss_total:0.21005, loss_equ:0.65350 loss_pq_vm:0.00268 loss_pq_va:0.05020 loss_pv_va:0.06770
INFO|2024-09-25 14:34:10: Epoch 58/100, lr:  0.00036690, eta: 1.8h, train_loss:  0.20917, valid_loss:  0.28275
INFO|2024-09-25 14:34:10: 	Train: PQ_Vm_rmse: 0.00438852  PQ_Va_rmse: 0.06984177  PV_Va_rmse: 0.09648504  delta_p: 0.49191815  delta_q: 0.10599812  
INFO|2024-09-25 14:34:10: 	ZTest: PQ_Vm_rmse: 0.00711370  PQ_Va_rmse: 0.10096550  PV_Va_rmse: 0.12778437  delta_p: 0.60873107  delta_q: 0.13528001  
INFO|2024-09-25 14:34:10: 	ZTest-ema: PQ_Vm_rmse: 0.007016  PQ_Va_rmse: 0.100564  PV_Va_rmse: 0.126846  delta_p: 0.591103  delta_q: 0.131077  
INFO|2024-09-25 14:34:10: 	           ValOfEMA:0.126846/0.126567,  Epoch:59/52
INFO|2024-09-25 14:34:11: 	Time(ep):157s,  Val(curr/best):0.127784/0.126772,  Epoch(curr/best):59/49
INFO|2024-09-25 14:34:11: -------------------- Epoch: 60 --------------------
INFO|2024-09-25 14:34:23: Epoch[060/100], iter[040/392], loss_total:0.20948, loss_equ:0.64254 loss_pq_vm:0.00265 loss_pq_va:0.05020 loss_pv_va:0.06856
INFO|2024-09-25 14:34:34: Epoch[060/100], iter[079/392], loss_total:0.20345, loss_equ:0.63471 loss_pq_vm:0.00252 loss_pq_va:0.04936 loss_pv_va:0.06541
INFO|2024-09-25 14:34:45: Epoch[060/100], iter[118/392], loss_total:0.20570, loss_equ:0.64617 loss_pq_vm:0.00259 loss_pq_va:0.04921 loss_pv_va:0.06597
INFO|2024-09-25 14:34:56: Epoch[060/100], iter[157/392], loss_total:0.20982, loss_equ:0.65138 loss_pq_vm:0.00260 loss_pq_va:0.05002 loss_pv_va:0.06861
INFO|2024-09-25 14:35:07: Epoch[060/100], iter[196/392], loss_total:0.20985, loss_equ:0.63976 loss_pq_vm:0.00259 loss_pq_va:0.05141 loss_pv_va:0.06854
INFO|2024-09-25 14:35:18: Epoch[060/100], iter[235/392], loss_total:0.20062, loss_equ:0.62521 loss_pq_vm:0.00232 loss_pq_va:0.04904 loss_pv_va:0.06584
INFO|2024-09-25 14:35:29: Epoch[060/100], iter[274/392], loss_total:0.20270, loss_equ:0.64702 loss_pq_vm:0.00253 loss_pq_va:0.04746 loss_pv_va:0.06521
INFO|2024-09-25 14:35:40: Epoch[060/100], iter[313/392], loss_total:0.20475, loss_equ:0.66409 loss_pq_vm:0.00247 loss_pq_va:0.04718 loss_pv_va:0.06649
INFO|2024-09-25 14:35:51: Epoch[060/100], iter[352/392], loss_total:0.20605, loss_equ:0.64757 loss_pq_vm:0.00267 loss_pq_va:0.04828 loss_pv_va:0.06635
INFO|2024-09-25 14:36:02: Epoch[060/100], iter[392/392], loss_total:0.20906, loss_equ:0.65788 loss_pq_vm:0.00255 loss_pq_va:0.05035 loss_pv_va:0.06743
INFO|2024-09-25 14:36:48: Epoch 59/100, lr:  0.00035204, eta: 1.75h, train_loss:  0.20856, valid_loss:  0.28436
INFO|2024-09-25 14:36:48: 	Train: PQ_Vm_rmse: 0.00436276  PQ_Va_rmse: 0.06966675  PV_Va_rmse: 0.09631969  delta_p: 0.49189371  delta_q: 0.10609521  
INFO|2024-09-25 14:36:48: 	ZTest: PQ_Vm_rmse: 0.00736812  PQ_Va_rmse: 0.10170281  PV_Va_rmse: 0.12802631  delta_p: 0.59522030  delta_q: 0.13406596  
INFO|2024-09-25 14:36:48: 	ZTest-ema: PQ_Vm_rmse: 0.007014  PQ_Va_rmse: 0.100662  PV_Va_rmse: 0.126962  delta_p: 0.590592  delta_q: 0.130846  
INFO|2024-09-25 14:36:48: 	           ValOfEMA:0.126962/0.126567,  Epoch:60/52
INFO|2024-09-25 14:36:48: 	Time(ep):157s,  Val(curr/best):0.128026/0.126772,  Epoch(curr/best):60/49
INFO|2024-09-25 14:36:48: -------------------- Epoch: 61 --------------------
INFO|2024-09-25 14:37:00: Epoch[061/100], iter[040/392], loss_total:0.20214, loss_equ:0.63036 loss_pq_vm:0.00260 loss_pq_va:0.04811 loss_pv_va:0.06504
INFO|2024-09-25 14:37:11: Epoch[061/100], iter[079/392], loss_total:0.20506, loss_equ:0.65573 loss_pq_vm:0.00253 loss_pq_va:0.04822 loss_pv_va:0.06597
INFO|2024-09-25 14:37:22: Epoch[061/100], iter[118/392], loss_total:0.21702, loss_equ:0.65398 loss_pq_vm:0.00315 loss_pq_va:0.05126 loss_pv_va:0.06881
INFO|2024-09-25 14:37:32: Epoch[061/100], iter[157/392], loss_total:0.21456, loss_equ:0.65118 loss_pq_vm:0.00259 loss_pq_va:0.05258 loss_pv_va:0.07097
INFO|2024-09-25 14:37:43: Epoch[061/100], iter[196/392], loss_total:0.20332, loss_equ:0.62156 loss_pq_vm:0.00251 loss_pq_va:0.05017 loss_pv_va:0.06589
INFO|2024-09-25 14:37:53: Epoch[061/100], iter[235/392], loss_total:0.19752, loss_equ:0.62156 loss_pq_vm:0.00280 loss_pq_va:0.04542 loss_pv_va:0.06198
INFO|2024-09-25 14:38:04: Epoch[061/100], iter[274/392], loss_total:0.20681, loss_equ:0.65031 loss_pq_vm:0.00264 loss_pq_va:0.04885 loss_pv_va:0.06651
INFO|2024-09-25 14:38:15: Epoch[061/100], iter[313/392], loss_total:0.21352, loss_equ:0.66419 loss_pq_vm:0.00258 loss_pq_va:0.05068 loss_pv_va:0.07065
INFO|2024-09-25 14:38:25: Epoch[061/100], iter[352/392], loss_total:0.20049, loss_equ:0.64590 loss_pq_vm:0.00260 loss_pq_va:0.04675 loss_pv_va:0.06316
INFO|2024-09-25 14:38:36: Epoch[061/100], iter[392/392], loss_total:0.20818, loss_equ:0.65357 loss_pq_vm:0.00260 loss_pq_va:0.04983 loss_pv_va:0.06698
INFO|2024-09-25 14:39:21: Epoch 60/100, lr:  0.00033732, eta: 1.66h, train_loss:  0.20843, valid_loss:  0.28182
INFO|2024-09-25 14:39:21: 	Train: PQ_Vm_rmse: 0.00437538  PQ_Va_rmse: 0.06965010  PV_Va_rmse: 0.09623094  delta_p: 0.48954592  delta_q: 0.10565262  
INFO|2024-09-25 14:39:21: 	ZTest: PQ_Vm_rmse: 0.00685982  PQ_Va_rmse: 0.10018694  PV_Va_rmse: 0.12761525  delta_p: 0.61761089  delta_q: 0.13623535  
INFO|2024-09-25 14:39:21: 	ZTest-ema: PQ_Vm_rmse: 0.007018  PQ_Va_rmse: 0.100547  PV_Va_rmse: 0.126988  delta_p: 0.593049  delta_q: 0.131233  
INFO|2024-09-25 14:39:21: 	           ValOfEMA:0.126988/0.126567,  Epoch:61/52
INFO|2024-09-25 14:39:22: 	Time(ep):152s,  Val(curr/best):0.127615/0.126772,  Epoch(curr/best):61/49
INFO|2024-09-25 14:39:22: -------------------- Epoch: 62 --------------------
INFO|2024-09-25 14:39:34: Epoch[062/100], iter[040/392], loss_total:0.20408, loss_equ:0.63694 loss_pq_vm:0.00250 loss_pq_va:0.04905 loss_pv_va:0.06638
INFO|2024-09-25 14:39:44: Epoch[062/100], iter[079/392], loss_total:0.20479, loss_equ:0.62624 loss_pq_vm:0.00261 loss_pq_va:0.04988 loss_pv_va:0.06614
INFO|2024-09-25 14:39:55: Epoch[062/100], iter[118/392], loss_total:0.21089, loss_equ:0.66487 loss_pq_vm:0.00285 loss_pq_va:0.04992 loss_pv_va:0.06603
INFO|2024-09-25 14:40:06: Epoch[062/100], iter[157/392], loss_total:0.20965, loss_equ:0.63915 loss_pq_vm:0.00255 loss_pq_va:0.05159 loss_pv_va:0.06865
INFO|2024-09-25 14:40:16: Epoch[062/100], iter[196/392], loss_total:0.21772, loss_equ:0.66784 loss_pq_vm:0.00256 loss_pq_va:0.05279 loss_pv_va:0.07254
INFO|2024-09-25 14:40:26: Epoch[062/100], iter[235/392], loss_total:0.21745, loss_equ:0.65158 loss_pq_vm:0.00277 loss_pq_va:0.05428 loss_pv_va:0.07029
INFO|2024-09-25 14:40:37: Epoch[062/100], iter[274/392], loss_total:0.20872, loss_equ:0.63049 loss_pq_vm:0.00265 loss_pq_va:0.05073 loss_pv_va:0.06846
INFO|2024-09-25 14:40:48: Epoch[062/100], iter[313/392], loss_total:0.20697, loss_equ:0.63842 loss_pq_vm:0.00258 loss_pq_va:0.05006 loss_pv_va:0.06724
INFO|2024-09-25 14:40:59: Epoch[062/100], iter[352/392], loss_total:0.20978, loss_equ:0.65660 loss_pq_vm:0.00278 loss_pq_va:0.04925 loss_pv_va:0.06711
INFO|2024-09-25 14:41:10: Epoch[062/100], iter[392/392], loss_total:0.20981, loss_equ:0.65915 loss_pq_vm:0.00274 loss_pq_va:0.04889 loss_pv_va:0.06759
INFO|2024-09-25 14:41:56: Epoch 61/100, lr:  0.00032278, eta: 1.62h, train_loss:  0.20734, valid_loss:  0.28214
INFO|2024-09-25 14:41:56: 	Train: PQ_Vm_rmse: 0.00434270  PQ_Va_rmse: 0.06935244  PV_Va_rmse: 0.09590011  delta_p: 0.48869019  delta_q: 0.10516402  
INFO|2024-09-25 14:41:56: 	ZTest: PQ_Vm_rmse: 0.00674192  PQ_Va_rmse: 0.10056833  PV_Va_rmse: 0.12798532  delta_p: 0.61289834  delta_q: 0.13619845  
INFO|2024-09-25 14:41:56: 	ZTest-ema: PQ_Vm_rmse: 0.007022  PQ_Va_rmse: 0.100668  PV_Va_rmse: 0.127217  delta_p: 0.593779  delta_q: 0.131236  
INFO|2024-09-25 14:41:56: 	           ValOfEMA:0.127217/0.126567,  Epoch:62/52
INFO|2024-09-25 14:41:57: 	Time(ep):153s,  Val(curr/best):0.127985/0.126772,  Epoch(curr/best):62/49
INFO|2024-09-25 14:41:57: -------------------- Epoch: 63 --------------------
INFO|2024-09-25 14:42:09: Epoch[063/100], iter[040/392], loss_total:0.20980, loss_equ:0.65134 loss_pq_vm:0.00261 loss_pq_va:0.05060 loss_pv_va:0.06793
INFO|2024-09-25 14:42:20: Epoch[063/100], iter[079/392], loss_total:0.20129, loss_equ:0.63615 loss_pq_vm:0.00260 loss_pq_va:0.04740 loss_pv_va:0.06423
INFO|2024-09-25 14:42:31: Epoch[063/100], iter[118/392], loss_total:0.21585, loss_equ:0.66077 loss_pq_vm:0.00261 loss_pq_va:0.05301 loss_pv_va:0.07070
INFO|2024-09-25 14:42:42: Epoch[063/100], iter[157/392], loss_total:0.20385, loss_equ:0.62059 loss_pq_vm:0.00251 loss_pq_va:0.05068 loss_pv_va:0.06603
INFO|2024-09-25 14:42:53: Epoch[063/100], iter[196/392], loss_total:0.20151, loss_equ:0.63906 loss_pq_vm:0.00267 loss_pq_va:0.04676 loss_pv_va:0.06416
INFO|2024-09-25 14:43:04: Epoch[063/100], iter[235/392], loss_total:0.21709, loss_equ:0.65032 loss_pq_vm:0.00273 loss_pq_va:0.05341 loss_pv_va:0.07132
INFO|2024-09-25 14:43:15: Epoch[063/100], iter[274/392], loss_total:0.21445, loss_equ:0.67407 loss_pq_vm:0.00259 loss_pq_va:0.05089 loss_pv_va:0.07029
INFO|2024-09-25 14:43:26: Epoch[063/100], iter[313/392], loss_total:0.20198, loss_equ:0.63987 loss_pq_vm:0.00247 loss_pq_va:0.04752 loss_pv_va:0.06578
INFO|2024-09-25 14:43:37: Epoch[063/100], iter[352/392], loss_total:0.20573, loss_equ:0.65059 loss_pq_vm:0.00269 loss_pq_va:0.04878 loss_pv_va:0.06504
INFO|2024-09-25 14:43:49: Epoch[063/100], iter[392/392], loss_total:0.21581, loss_equ:0.64226 loss_pq_vm:0.00307 loss_pq_va:0.05141 loss_pv_va:0.06947
INFO|2024-09-25 14:44:32: Epoch 62/100, lr:  0.00030841, eta: 1.6h, train_loss:  0.20659, valid_loss:  0.28405
INFO|2024-09-25 14:44:32: 	Train: PQ_Vm_rmse: 0.00430979  PQ_Va_rmse: 0.06907382  PV_Va_rmse: 0.09563625  delta_p: 0.48858893  delta_q: 0.10507363  
INFO|2024-09-25 14:44:32: 	ZTest: PQ_Vm_rmse: 0.00715331  PQ_Va_rmse: 0.10210316  PV_Va_rmse: 0.12846396  delta_p: 0.60467528  delta_q: 0.13632650  
INFO|2024-09-25 14:44:32: 	ZTest-ema: PQ_Vm_rmse: 0.007012  PQ_Va_rmse: 0.100641  PV_Va_rmse: 0.127181  delta_p: 0.593210  delta_q: 0.131325  
INFO|2024-09-25 14:44:32: 	           ValOfEMA:0.127181/0.126567,  Epoch:63/52
INFO|2024-09-25 14:44:33: 	Time(ep):155s,  Val(curr/best):0.128464/0.126772,  Epoch(curr/best):63/49
INFO|2024-09-25 14:44:33: -------------------- Epoch: 64 --------------------
INFO|2024-09-25 14:44:45: Epoch[064/100], iter[040/392], loss_total:0.21479, loss_equ:0.65028 loss_pq_vm:0.00276 loss_pq_va:0.05306 loss_pv_va:0.06913
INFO|2024-09-25 14:44:56: Epoch[064/100], iter[079/392], loss_total:0.20551, loss_equ:0.65721 loss_pq_vm:0.00240 loss_pq_va:0.04886 loss_pv_va:0.06690
INFO|2024-09-25 14:45:07: Epoch[064/100], iter[118/392], loss_total:0.20255, loss_equ:0.64304 loss_pq_vm:0.00268 loss_pq_va:0.04771 loss_pv_va:0.06370
INFO|2024-09-25 14:45:18: Epoch[064/100], iter[157/392], loss_total:0.20165, loss_equ:0.63256 loss_pq_vm:0.00242 loss_pq_va:0.04875 loss_pv_va:0.06543
INFO|2024-09-25 14:45:28: Epoch[064/100], iter[196/392], loss_total:0.21785, loss_equ:0.65775 loss_pq_vm:0.00288 loss_pq_va:0.05263 loss_pv_va:0.07068
INFO|2024-09-25 14:45:39: Epoch[064/100], iter[235/392], loss_total:0.20172, loss_equ:0.62832 loss_pq_vm:0.00261 loss_pq_va:0.04776 loss_pv_va:0.06498
INFO|2024-09-25 14:45:50: Epoch[064/100], iter[274/392], loss_total:0.19880, loss_equ:0.65283 loss_pq_vm:0.00244 loss_pq_va:0.04561 loss_pv_va:0.06351
INFO|2024-09-25 14:46:00: Epoch[064/100], iter[313/392], loss_total:0.21367, loss_equ:0.66664 loss_pq_vm:0.00274 loss_pq_va:0.05081 loss_pv_va:0.06883
INFO|2024-09-25 14:46:11: Epoch[064/100], iter[352/392], loss_total:0.21994, loss_equ:0.67449 loss_pq_vm:0.00281 loss_pq_va:0.05284 loss_pv_va:0.07159
INFO|2024-09-25 14:46:22: Epoch[064/100], iter[392/392], loss_total:0.19870, loss_equ:0.62051 loss_pq_vm:0.00247 loss_pq_va:0.04762 loss_pv_va:0.06430
INFO|2024-09-25 14:47:05: Epoch 63/100, lr:  0.00029424, eta: 1.52h, train_loss:  0.20619, valid_loss:  0.28067
INFO|2024-09-25 14:47:05: 	Train: PQ_Vm_rmse: 0.00431196  PQ_Va_rmse: 0.06893957  PV_Va_rmse: 0.09547122  delta_p: 0.48775318  delta_q: 0.10464674  
INFO|2024-09-25 14:47:05: 	ZTest: PQ_Vm_rmse: 0.00701469  PQ_Va_rmse: 0.10226712  PV_Va_rmse: 0.12885990  delta_p: 0.59450178  delta_q: 0.13208924  
INFO|2024-09-25 14:47:05: 	ZTest-ema: PQ_Vm_rmse: 0.007018  PQ_Va_rmse: 0.100780  PV_Va_rmse: 0.127368  delta_p: 0.593370  delta_q: 0.131274  
INFO|2024-09-25 14:47:05: 	           ValOfEMA:0.127368/0.126567,  Epoch:64/52
INFO|2024-09-25 14:47:06: 	Time(ep):152s,  Val(curr/best):0.128860/0.126772,  Epoch(curr/best):64/49
INFO|2024-09-25 14:47:06: -------------------- Epoch: 65 --------------------
INFO|2024-09-25 14:47:18: Epoch[065/100], iter[040/392], loss_total:0.20539, loss_equ:0.65708 loss_pq_vm:0.00252 loss_pq_va:0.04830 loss_pv_va:0.06620
INFO|2024-09-25 14:47:29: Epoch[065/100], iter[079/392], loss_total:0.20747, loss_equ:0.65880 loss_pq_vm:0.00258 loss_pq_va:0.04871 loss_pv_va:0.06712
INFO|2024-09-25 14:47:40: Epoch[065/100], iter[118/392], loss_total:0.20500, loss_equ:0.63843 loss_pq_vm:0.00255 loss_pq_va:0.04887 loss_pv_va:0.06676
INFO|2024-09-25 14:47:52: Epoch[065/100], iter[157/392], loss_total:0.19628, loss_equ:0.62722 loss_pq_vm:0.00237 loss_pq_va:0.04708 loss_pv_va:0.06281
INFO|2024-09-25 14:48:03: Epoch[065/100], iter[196/392], loss_total:0.20213, loss_equ:0.63174 loss_pq_vm:0.00255 loss_pq_va:0.04806 loss_pv_va:0.06544
INFO|2024-09-25 14:48:14: Epoch[065/100], iter[235/392], loss_total:0.20988, loss_equ:0.65655 loss_pq_vm:0.00265 loss_pq_va:0.05060 loss_pv_va:0.06717
INFO|2024-09-25 14:48:25: Epoch[065/100], iter[274/392], loss_total:0.20389, loss_equ:0.64373 loss_pq_vm:0.00247 loss_pq_va:0.04813 loss_pv_va:0.06668
INFO|2024-09-25 14:48:36: Epoch[065/100], iter[313/392], loss_total:0.19803, loss_equ:0.62826 loss_pq_vm:0.00238 loss_pq_va:0.04731 loss_pv_va:0.06412
INFO|2024-09-25 14:48:47: Epoch[065/100], iter[352/392], loss_total:0.20121, loss_equ:0.63913 loss_pq_vm:0.00262 loss_pq_va:0.04688 loss_pv_va:0.06419
INFO|2024-09-25 14:48:58: Epoch[065/100], iter[392/392], loss_total:0.21969, loss_equ:0.64572 loss_pq_vm:0.00273 loss_pq_va:0.05388 loss_pv_va:0.07398
INFO|2024-09-25 14:49:43: Epoch 64/100, lr:  0.00028027, eta: 1.52h, train_loss:  0.20496, valid_loss:  0.28181
INFO|2024-09-25 14:49:43: 	Train: PQ_Vm_rmse: 0.00426721  PQ_Va_rmse: 0.06863621  PV_Va_rmse: 0.09512773  delta_p: 0.48653840  delta_q: 0.10442997  
INFO|2024-09-25 14:49:43: 	ZTest: PQ_Vm_rmse: 0.00706644  PQ_Va_rmse: 0.10133194  PV_Va_rmse: 0.12838324  delta_p: 0.60417307  delta_q: 0.13293487  
INFO|2024-09-25 14:49:43: 	ZTest-ema: PQ_Vm_rmse: 0.007003  PQ_Va_rmse: 0.100603  PV_Va_rmse: 0.127340  delta_p: 0.595970  delta_q: 0.131751  
INFO|2024-09-25 14:49:43: 	           ValOfEMA:0.127340/0.126567,  Epoch:65/52
INFO|2024-09-25 14:49:43: 	Time(ep):156s,  Val(curr/best):0.128383/0.126772,  Epoch(curr/best):65/49
INFO|2024-09-25 14:49:43: -------------------- Epoch: 66 --------------------
INFO|2024-09-25 14:49:55: Epoch[066/100], iter[040/392], loss_total:0.19902, loss_equ:0.63047 loss_pq_vm:0.00232 loss_pq_va:0.04788 loss_pv_va:0.06487
INFO|2024-09-25 14:50:06: Epoch[066/100], iter[079/392], loss_total:0.19868, loss_equ:0.62613 loss_pq_vm:0.00227 loss_pq_va:0.04819 loss_pv_va:0.06517
INFO|2024-09-25 14:50:17: Epoch[066/100], iter[118/392], loss_total:0.20157, loss_equ:0.61534 loss_pq_vm:0.00243 loss_pq_va:0.04928 loss_pv_va:0.06644
INFO|2024-09-25 14:50:28: Epoch[066/100], iter[157/392], loss_total:0.20493, loss_equ:0.63776 loss_pq_vm:0.00253 loss_pq_va:0.04917 loss_pv_va:0.06664
INFO|2024-09-25 14:50:38: Epoch[066/100], iter[196/392], loss_total:0.20597, loss_equ:0.64981 loss_pq_vm:0.00274 loss_pq_va:0.04821 loss_pv_va:0.06534
INFO|2024-09-25 14:50:49: Epoch[066/100], iter[235/392], loss_total:0.20439, loss_equ:0.63004 loss_pq_vm:0.00243 loss_pq_va:0.04961 loss_pv_va:0.06749
INFO|2024-09-25 14:51:00: Epoch[066/100], iter[274/392], loss_total:0.21181, loss_equ:0.65009 loss_pq_vm:0.00271 loss_pq_va:0.05088 loss_pv_va:0.06880
INFO|2024-09-25 14:51:11: Epoch[066/100], iter[313/392], loss_total:0.19514, loss_equ:0.62427 loss_pq_vm:0.00270 loss_pq_va:0.04462 loss_pv_va:0.06108
INFO|2024-09-25 14:51:21: Epoch[066/100], iter[352/392], loss_total:0.20917, loss_equ:0.64183 loss_pq_vm:0.00273 loss_pq_va:0.04977 loss_pv_va:0.06790
INFO|2024-09-25 14:51:32: Epoch[066/100], iter[392/392], loss_total:0.20948, loss_equ:0.64914 loss_pq_vm:0.00240 loss_pq_va:0.05119 loss_pv_va:0.06938
INFO|2024-09-25 14:52:17: Epoch 65/100, lr:  0.00026653, eta: 1.46h, train_loss:  0.20445, valid_loss:  0.28280
INFO|2024-09-25 14:52:17: 	Train: PQ_Vm_rmse: 0.00425387  PQ_Va_rmse: 0.06842547  PV_Va_rmse: 0.09495034  delta_p: 0.48564522  delta_q: 0.10445635  
INFO|2024-09-25 14:52:17: 	ZTest: PQ_Vm_rmse: 0.00723961  PQ_Va_rmse: 0.10189755  PV_Va_rmse: 0.12838932  delta_p: 0.59594579  delta_q: 0.13232760  
INFO|2024-09-25 14:52:17: 	ZTest-ema: PQ_Vm_rmse: 0.006996  PQ_Va_rmse: 0.100623  PV_Va_rmse: 0.127457  delta_p: 0.596268  delta_q: 0.131594  
INFO|2024-09-25 14:52:17: 	           ValOfEMA:0.127457/0.126567,  Epoch:66/52
INFO|2024-09-25 14:52:18: 	Time(ep):154s,  Val(curr/best):0.128389/0.126772,  Epoch(curr/best):66/49
INFO|2024-09-25 14:52:18: -------------------- Epoch: 67 --------------------
INFO|2024-09-25 14:52:30: Epoch[067/100], iter[040/392], loss_total:0.20791, loss_equ:0.65292 loss_pq_vm:0.00251 loss_pq_va:0.04970 loss_pv_va:0.06784
INFO|2024-09-25 14:52:41: Epoch[067/100], iter[079/392], loss_total:0.21079, loss_equ:0.63105 loss_pq_vm:0.00269 loss_pq_va:0.05212 loss_pv_va:0.06864
INFO|2024-09-25 14:52:51: Epoch[067/100], iter[118/392], loss_total:0.20171, loss_equ:0.62022 loss_pq_vm:0.00268 loss_pq_va:0.04799 loss_pv_va:0.06486
INFO|2024-09-25 14:53:02: Epoch[067/100], iter[157/392], loss_total:0.20371, loss_equ:0.63354 loss_pq_vm:0.00246 loss_pq_va:0.04860 loss_pv_va:0.06714
INFO|2024-09-25 14:53:13: Epoch[067/100], iter[196/392], loss_total:0.20407, loss_equ:0.63620 loss_pq_vm:0.00259 loss_pq_va:0.04964 loss_pv_va:0.06496
INFO|2024-09-25 14:53:24: Epoch[067/100], iter[235/392], loss_total:0.20141, loss_equ:0.63836 loss_pq_vm:0.00257 loss_pq_va:0.04791 loss_pv_va:0.06391
INFO|2024-09-25 14:53:35: Epoch[067/100], iter[274/392], loss_total:0.20824, loss_equ:0.64976 loss_pq_vm:0.00265 loss_pq_va:0.04952 loss_pv_va:0.06723
INFO|2024-09-25 14:53:45: Epoch[067/100], iter[313/392], loss_total:0.18880, loss_equ:0.59767 loss_pq_vm:0.00284 loss_pq_va:0.04266 loss_pv_va:0.05802
INFO|2024-09-25 14:53:56: Epoch[067/100], iter[352/392], loss_total:0.21433, loss_equ:0.64108 loss_pq_vm:0.00259 loss_pq_va:0.05296 loss_pv_va:0.07131
INFO|2024-09-25 14:54:08: Epoch[067/100], iter[392/392], loss_total:0.20626, loss_equ:0.62990 loss_pq_vm:0.00267 loss_pq_va:0.04918 loss_pv_va:0.06735
INFO|2024-09-25 14:54:55: Epoch 66/100, lr:  0.00025302, eta: 1.44h, train_loss:  0.20401, valid_loss:  0.28166
INFO|2024-09-25 14:54:55: 	Train: PQ_Vm_rmse: 0.00424921  PQ_Va_rmse: 0.06826867  PV_Va_rmse: 0.09472120  delta_p: 0.48469332  delta_q: 0.10405003  
INFO|2024-09-25 14:54:55: 	ZTest: PQ_Vm_rmse: 0.00707141  PQ_Va_rmse: 0.10196371  PV_Va_rmse: 0.12889924  delta_p: 0.60181261  delta_q: 0.13251342  
INFO|2024-09-25 14:54:55: 	ZTest-ema: PQ_Vm_rmse: 0.006980  PQ_Va_rmse: 0.100575  PV_Va_rmse: 0.127554  delta_p: 0.597331  delta_q: 0.131897  
INFO|2024-09-25 14:54:55: 	           ValOfEMA:0.127554/0.126567,  Epoch:67/52
INFO|2024-09-25 14:54:55: 	Time(ep):156s,  Val(curr/best):0.128899/0.126772,  Epoch(curr/best):67/49
INFO|2024-09-25 14:54:55: -------------------- Epoch: 68 --------------------
INFO|2024-09-25 14:55:07: Epoch[068/100], iter[040/392], loss_total:0.20713, loss_equ:0.65877 loss_pq_vm:0.00259 loss_pq_va:0.04892 loss_pv_va:0.06641
INFO|2024-09-25 14:55:18: Epoch[068/100], iter[079/392], loss_total:0.20049, loss_equ:0.63559 loss_pq_vm:0.00244 loss_pq_va:0.04694 loss_pv_va:0.06563
INFO|2024-09-25 14:55:29: Epoch[068/100], iter[118/392], loss_total:0.20348, loss_equ:0.62818 loss_pq_vm:0.00248 loss_pq_va:0.04990 loss_pv_va:0.06598
INFO|2024-09-25 14:55:40: Epoch[068/100], iter[157/392], loss_total:0.19938, loss_equ:0.63359 loss_pq_vm:0.00242 loss_pq_va:0.04663 loss_pv_va:0.06523
INFO|2024-09-25 14:55:51: Epoch[068/100], iter[196/392], loss_total:0.19869, loss_equ:0.62570 loss_pq_vm:0.00249 loss_pq_va:0.04657 loss_pv_va:0.06461
INFO|2024-09-25 14:56:02: Epoch[068/100], iter[235/392], loss_total:0.19578, loss_equ:0.62721 loss_pq_vm:0.00246 loss_pq_va:0.04633 loss_pv_va:0.06211
INFO|2024-09-25 14:56:13: Epoch[068/100], iter[274/392], loss_total:0.19999, loss_equ:0.63226 loss_pq_vm:0.00272 loss_pq_va:0.04726 loss_pv_va:0.06235
INFO|2024-09-25 14:56:24: Epoch[068/100], iter[313/392], loss_total:0.21019, loss_equ:0.66073 loss_pq_vm:0.00250 loss_pq_va:0.05030 loss_pv_va:0.06881
INFO|2024-09-25 14:56:35: Epoch[068/100], iter[352/392], loss_total:0.20673, loss_equ:0.66490 loss_pq_vm:0.00259 loss_pq_va:0.04750 loss_pv_va:0.06683
INFO|2024-09-25 14:56:46: Epoch[068/100], iter[392/392], loss_total:0.21188, loss_equ:0.64131 loss_pq_vm:0.00268 loss_pq_va:0.05259 loss_pv_va:0.06833
INFO|2024-09-25 14:57:33: Epoch 67/100, lr:  0.00023977, eta: 1.4h, train_loss:  0.20269, valid_loss:  0.27992
INFO|2024-09-25 14:57:33: 	Train: PQ_Vm_rmse: 0.00420622  PQ_Va_rmse: 0.06787162  PV_Va_rmse: 0.09435744  delta_p: 0.48409148  delta_q: 0.10379808  
INFO|2024-09-25 14:57:33: 	ZTest: PQ_Vm_rmse: 0.00685158  PQ_Va_rmse: 0.10118694  PV_Va_rmse: 0.12833817  delta_p: 0.60478438  delta_q: 0.13290057  
INFO|2024-09-25 14:57:33: 	ZTest-ema: PQ_Vm_rmse: 0.006969  PQ_Va_rmse: 0.100533  PV_Va_rmse: 0.127602  delta_p: 0.598196  delta_q: 0.132155  
INFO|2024-09-25 14:57:33: 	           ValOfEMA:0.127602/0.126567,  Epoch:68/52
INFO|2024-09-25 14:57:33: 	Time(ep):157s,  Val(curr/best):0.128338/0.126772,  Epoch(curr/best):68/49
INFO|2024-09-25 14:57:33: -------------------- Epoch: 69 --------------------
INFO|2024-09-25 14:57:46: Epoch[069/100], iter[040/392], loss_total:0.19527, loss_equ:0.61091 loss_pq_vm:0.00235 loss_pq_va:0.04755 loss_pv_va:0.06310
INFO|2024-09-25 14:57:57: Epoch[069/100], iter[079/392], loss_total:0.20676, loss_equ:0.63550 loss_pq_vm:0.00252 loss_pq_va:0.04991 loss_pv_va:0.06811
INFO|2024-09-25 14:58:08: Epoch[069/100], iter[118/392], loss_total:0.19258, loss_equ:0.62651 loss_pq_vm:0.00242 loss_pq_va:0.04532 loss_pv_va:0.06044
INFO|2024-09-25 14:58:19: Epoch[069/100], iter[157/392], loss_total:0.20498, loss_equ:0.63097 loss_pq_vm:0.00260 loss_pq_va:0.04948 loss_pv_va:0.06645
INFO|2024-09-25 14:58:30: Epoch[069/100], iter[196/392], loss_total:0.21814, loss_equ:0.66686 loss_pq_vm:0.00262 loss_pq_va:0.05274 loss_pv_va:0.07249
INFO|2024-09-25 14:58:42: Epoch[069/100], iter[235/392], loss_total:0.20575, loss_equ:0.64400 loss_pq_vm:0.00232 loss_pq_va:0.04940 loss_pv_va:0.06871
INFO|2024-09-25 14:58:53: Epoch[069/100], iter[274/392], loss_total:0.20033, loss_equ:0.64107 loss_pq_vm:0.00243 loss_pq_va:0.04676 loss_pv_va:0.06518
INFO|2024-09-25 14:59:04: Epoch[069/100], iter[313/392], loss_total:0.19946, loss_equ:0.62522 loss_pq_vm:0.00235 loss_pq_va:0.04806 loss_pv_va:0.06539
INFO|2024-09-25 14:59:15: Epoch[069/100], iter[352/392], loss_total:0.20259, loss_equ:0.63928 loss_pq_vm:0.00263 loss_pq_va:0.04701 loss_pv_va:0.06535
INFO|2024-09-25 14:59:26: Epoch[069/100], iter[392/392], loss_total:0.20465, loss_equ:0.64017 loss_pq_vm:0.00268 loss_pq_va:0.04789 loss_pv_va:0.06597
INFO|2024-09-25 15:00:11: Epoch 68/100, lr:  0.00022677, eta: 1.36h, train_loss:  0.20236, valid_loss:  0.27951
INFO|2024-09-25 15:00:11: 	Train: PQ_Vm_rmse: 0.00420934  PQ_Va_rmse: 0.06772357  PV_Va_rmse: 0.09418017  delta_p: 0.48307424  delta_q: 0.10359229  
INFO|2024-09-25 15:00:11: 	ZTest: PQ_Vm_rmse: 0.00684919  PQ_Va_rmse: 0.10009046  PV_Va_rmse: 0.12748735  delta_p: 0.60598646  delta_q: 0.13523874  
INFO|2024-09-25 15:00:11: 	ZTest-ema: PQ_Vm_rmse: 0.006968  PQ_Va_rmse: 0.100459  PV_Va_rmse: 0.127603  delta_p: 0.598620  delta_q: 0.132127  
INFO|2024-09-25 15:00:11: 	           ValOfEMA:0.127603/0.126567,  Epoch:69/52
INFO|2024-09-25 15:00:11: 	Time(ep):157s,  Val(curr/best):0.127487/0.126772,  Epoch(curr/best):69/49
INFO|2024-09-25 15:00:11: -------------------- Epoch: 70 --------------------
INFO|2024-09-25 15:00:24: Epoch[070/100], iter[040/392], loss_total:0.20445, loss_equ:0.63828 loss_pq_vm:0.00250 loss_pq_va:0.04848 loss_pv_va:0.06713
INFO|2024-09-25 15:00:35: Epoch[070/100], iter[079/392], loss_total:0.20178, loss_equ:0.63169 loss_pq_vm:0.00246 loss_pq_va:0.04834 loss_pv_va:0.06569
INFO|2024-09-25 15:00:46: Epoch[070/100], iter[118/392], loss_total:0.20147, loss_equ:0.62387 loss_pq_vm:0.00250 loss_pq_va:0.04911 loss_pv_va:0.06494
INFO|2024-09-25 15:00:57: Epoch[070/100], iter[157/392], loss_total:0.21390, loss_equ:0.63749 loss_pq_vm:0.00269 loss_pq_va:0.05280 loss_pv_va:0.07049
INFO|2024-09-25 15:01:08: Epoch[070/100], iter[196/392], loss_total:0.19535, loss_equ:0.62683 loss_pq_vm:0.00237 loss_pq_va:0.04574 loss_pv_va:0.06322
INFO|2024-09-25 15:01:19: Epoch[070/100], iter[235/392], loss_total:0.20542, loss_equ:0.65239 loss_pq_vm:0.00261 loss_pq_va:0.04856 loss_pv_va:0.06553
INFO|2024-09-25 15:01:30: Epoch[070/100], iter[274/392], loss_total:0.20006, loss_equ:0.63547 loss_pq_vm:0.00237 loss_pq_va:0.04761 loss_pv_va:0.06518
INFO|2024-09-25 15:01:41: Epoch[070/100], iter[313/392], loss_total:0.20221, loss_equ:0.64110 loss_pq_vm:0.00247 loss_pq_va:0.04754 loss_pv_va:0.06581
INFO|2024-09-25 15:01:52: Epoch[070/100], iter[352/392], loss_total:0.20681, loss_equ:0.64324 loss_pq_vm:0.00241 loss_pq_va:0.04930 loss_pv_va:0.06911
INFO|2024-09-25 15:02:04: Epoch[070/100], iter[392/392], loss_total:0.20310, loss_equ:0.63334 loss_pq_vm:0.00253 loss_pq_va:0.04856 loss_pv_va:0.06595
INFO|2024-09-25 15:02:50: Epoch 69/100, lr:  0.00021405, eta: 1.32h, train_loss:  0.20204, valid_loss:  0.28119
INFO|2024-09-25 15:02:50: 	Train: PQ_Vm_rmse: 0.00420649  PQ_Va_rmse: 0.06762319  PV_Va_rmse: 0.09402403  delta_p: 0.48146345  delta_q: 0.10321535  
INFO|2024-09-25 15:02:50: 	ZTest: PQ_Vm_rmse: 0.00698256  PQ_Va_rmse: 0.10036349  PV_Va_rmse: 0.12799832  delta_p: 0.60948082  delta_q: 0.13505341  
INFO|2024-09-25 15:02:50: 	ZTest-ema: PQ_Vm_rmse: 0.006980  PQ_Va_rmse: 0.100564  PV_Va_rmse: 0.127777  delta_p: 0.599257  delta_q: 0.132096  
INFO|2024-09-25 15:02:50: 	           ValOfEMA:0.127777/0.126567,  Epoch:70/52
INFO|2024-09-25 15:02:51: 	Time(ep):158s,  Val(curr/best):0.127998/0.126772,  Epoch(curr/best):70/49
INFO|2024-09-25 15:02:51: -------------------- Epoch: 71 --------------------
INFO|2024-09-25 15:03:03: Epoch[071/100], iter[040/392], loss_total:0.19942, loss_equ:0.63204 loss_pq_vm:0.00231 loss_pq_va:0.04761 loss_pv_va:0.06548
INFO|2024-09-25 15:03:14: Epoch[071/100], iter[079/392], loss_total:0.20916, loss_equ:0.65406 loss_pq_vm:0.00250 loss_pq_va:0.04999 loss_pv_va:0.06872
INFO|2024-09-25 15:03:25: Epoch[071/100], iter[118/392], loss_total:0.20144, loss_equ:0.62441 loss_pq_vm:0.00260 loss_pq_va:0.04750 loss_pv_va:0.06551
INFO|2024-09-25 15:03:36: Epoch[071/100], iter[157/392], loss_total:0.19985, loss_equ:0.62158 loss_pq_vm:0.00246 loss_pq_va:0.04815 loss_pv_va:0.06490
INFO|2024-09-25 15:03:47: Epoch[071/100], iter[196/392], loss_total:0.19873, loss_equ:0.62557 loss_pq_vm:0.00251 loss_pq_va:0.04689 loss_pv_va:0.06417
INFO|2024-09-25 15:03:58: Epoch[071/100], iter[235/392], loss_total:0.19470, loss_equ:0.61849 loss_pq_vm:0.00245 loss_pq_va:0.04620 loss_pv_va:0.06218
INFO|2024-09-25 15:04:10: Epoch[071/100], iter[274/392], loss_total:0.20213, loss_equ:0.63013 loss_pq_vm:0.00249 loss_pq_va:0.04877 loss_pv_va:0.06540
INFO|2024-09-25 15:04:21: Epoch[071/100], iter[313/392], loss_total:0.21242, loss_equ:0.64736 loss_pq_vm:0.00293 loss_pq_va:0.05170 loss_pv_va:0.06664
INFO|2024-09-25 15:04:32: Epoch[071/100], iter[352/392], loss_total:0.20074, loss_equ:0.62409 loss_pq_vm:0.00252 loss_pq_va:0.04763 loss_pv_va:0.06551
INFO|2024-09-25 15:04:43: Epoch[071/100], iter[392/392], loss_total:0.19710, loss_equ:0.64838 loss_pq_vm:0.00242 loss_pq_va:0.04543 loss_pv_va:0.06263
INFO|2024-09-25 15:05:29: Epoch 70/100, lr:  0.00020161, eta: 1.28h, train_loss:  0.20079, valid_loss:  0.28337
INFO|2024-09-25 15:05:29: 	Train: PQ_Vm_rmse: 0.00415941  PQ_Va_rmse: 0.06723676  PV_Va_rmse: 0.09369784  delta_p: 0.48142812  delta_q: 0.10309395  
INFO|2024-09-25 15:05:29: 	ZTest: PQ_Vm_rmse: 0.00730074  PQ_Va_rmse: 0.10064231  PV_Va_rmse: 0.12818847  delta_p: 0.60997165  delta_q: 0.13549754  
INFO|2024-09-25 15:05:29: 	ZTest-ema: PQ_Vm_rmse: 0.006961  PQ_Va_rmse: 0.100552  PV_Va_rmse: 0.127946  delta_p: 0.600669  delta_q: 0.132375  
INFO|2024-09-25 15:05:29: 	           ValOfEMA:0.127946/0.126567,  Epoch:71/52
INFO|2024-09-25 15:05:30: 	Time(ep):158s,  Val(curr/best):0.128188/0.126772,  Epoch(curr/best):71/49
INFO|2024-09-25 15:05:30: -------------------- Epoch: 72 --------------------
INFO|2024-09-25 15:05:42: Epoch[072/100], iter[040/392], loss_total:0.19798, loss_equ:0.63222 loss_pq_vm:0.00237 loss_pq_va:0.04631 loss_pv_va:0.06474
INFO|2024-09-25 15:05:53: Epoch[072/100], iter[079/392], loss_total:0.20662, loss_equ:0.63831 loss_pq_vm:0.00254 loss_pq_va:0.04978 loss_pv_va:0.06764
INFO|2024-09-25 15:06:04: Epoch[072/100], iter[118/392], loss_total:0.20158, loss_equ:0.62630 loss_pq_vm:0.00255 loss_pq_va:0.04821 loss_pv_va:0.06525
INFO|2024-09-25 15:06:15: Epoch[072/100], iter[157/392], loss_total:0.20599, loss_equ:0.63437 loss_pq_vm:0.00268 loss_pq_va:0.04971 loss_pv_va:0.06601
INFO|2024-09-25 15:06:26: Epoch[072/100], iter[196/392], loss_total:0.19886, loss_equ:0.61473 loss_pq_vm:0.00240 loss_pq_va:0.04813 loss_pv_va:0.06531
INFO|2024-09-25 15:06:37: Epoch[072/100], iter[235/392], loss_total:0.19134, loss_equ:0.61931 loss_pq_vm:0.00241 loss_pq_va:0.04426 loss_pv_va:0.06109
INFO|2024-09-25 15:06:48: Epoch[072/100], iter[274/392], loss_total:0.20770, loss_equ:0.63543 loss_pq_vm:0.00259 loss_pq_va:0.05010 loss_pv_va:0.06816
INFO|2024-09-25 15:06:59: Epoch[072/100], iter[313/392], loss_total:0.20070, loss_equ:0.64051 loss_pq_vm:0.00248 loss_pq_va:0.04689 loss_pv_va:0.06494
INFO|2024-09-25 15:07:10: Epoch[072/100], iter[352/392], loss_total:0.20558, loss_equ:0.62701 loss_pq_vm:0.00250 loss_pq_va:0.05091 loss_pv_va:0.06691
INFO|2024-09-25 15:07:21: Epoch[072/100], iter[392/392], loss_total:0.20956, loss_equ:0.66279 loss_pq_vm:0.00262 loss_pq_va:0.04917 loss_pv_va:0.06794
INFO|2024-09-25 15:08:08: Epoch 71/100, lr:  0.00018948, eta: 1.23h, train_loss:  0.20000, valid_loss:  0.28020
INFO|2024-09-25 15:08:08: 	Train: PQ_Vm_rmse: 0.00414363  PQ_Va_rmse: 0.06700515  PV_Va_rmse: 0.09345493  delta_p: 0.48048574  delta_q: 0.10284640  
INFO|2024-09-25 15:08:08: 	ZTest: PQ_Vm_rmse: 0.00688531  PQ_Va_rmse: 0.10045901  PV_Va_rmse: 0.12834496  delta_p: 0.61054472  delta_q: 0.13459807  
INFO|2024-09-25 15:08:08: 	ZTest-ema: PQ_Vm_rmse: 0.006958  PQ_Va_rmse: 0.100507  PV_Va_rmse: 0.127985  delta_p: 0.601515  delta_q: 0.132502  
INFO|2024-09-25 15:08:08: 	           ValOfEMA:0.127985/0.126567,  Epoch:72/52
INFO|2024-09-25 15:08:09: 	Time(ep):158s,  Val(curr/best):0.128345/0.126772,  Epoch(curr/best):72/49
INFO|2024-09-25 15:08:09: -------------------- Epoch: 73 --------------------
INFO|2024-09-25 15:08:21: Epoch[073/100], iter[040/392], loss_total:0.20331, loss_equ:0.65060 loss_pq_vm:0.00262 loss_pq_va:0.04701 loss_pv_va:0.06507
INFO|2024-09-25 15:08:32: Epoch[073/100], iter[079/392], loss_total:0.19156, loss_equ:0.62960 loss_pq_vm:0.00232 loss_pq_va:0.04437 loss_pv_va:0.06100
INFO|2024-09-25 15:08:43: Epoch[073/100], iter[118/392], loss_total:0.20052, loss_equ:0.64135 loss_pq_vm:0.00230 loss_pq_va:0.04769 loss_pv_va:0.06574
INFO|2024-09-25 15:08:54: Epoch[073/100], iter[157/392], loss_total:0.19724, loss_equ:0.63445 loss_pq_vm:0.00227 loss_pq_va:0.04653 loss_pv_va:0.06455
INFO|2024-09-25 15:09:05: Epoch[073/100], iter[196/392], loss_total:0.19436, loss_equ:0.62918 loss_pq_vm:0.00236 loss_pq_va:0.04552 loss_pv_va:0.06233
INFO|2024-09-25 15:09:16: Epoch[073/100], iter[235/392], loss_total:0.19803, loss_equ:0.62620 loss_pq_vm:0.00245 loss_pq_va:0.04772 loss_pv_va:0.06318
INFO|2024-09-25 15:09:27: Epoch[073/100], iter[274/392], loss_total:0.19683, loss_equ:0.64677 loss_pq_vm:0.00246 loss_pq_va:0.04521 loss_pv_va:0.06230
INFO|2024-09-25 15:09:38: Epoch[073/100], iter[313/392], loss_total:0.19571, loss_equ:0.60814 loss_pq_vm:0.00259 loss_pq_va:0.04719 loss_pv_va:0.06185
INFO|2024-09-25 15:09:48: Epoch[073/100], iter[352/392], loss_total:0.19950, loss_equ:0.61826 loss_pq_vm:0.00247 loss_pq_va:0.04841 loss_pv_va:0.06460
INFO|2024-09-25 15:09:59: Epoch[073/100], iter[392/392], loss_total:0.20570, loss_equ:0.63179 loss_pq_vm:0.00251 loss_pq_va:0.04964 loss_pv_va:0.06781
INFO|2024-09-25 15:10:46: Epoch 72/100, lr:  0.00017765, eta: 1.18h, train_loss:  0.19929, valid_loss:  0.28352
INFO|2024-09-25 15:10:46: 	Train: PQ_Vm_rmse: 0.00412791  PQ_Va_rmse: 0.06676752  PV_Va_rmse: 0.09319095  delta_p: 0.47973290  delta_q: 0.10261590  
INFO|2024-09-25 15:10:46: 	ZTest: PQ_Vm_rmse: 0.00723386  PQ_Va_rmse: 0.10152424  PV_Va_rmse: 0.12896303  delta_p: 0.60752278  delta_q: 0.13434366  
INFO|2024-09-25 15:10:46: 	ZTest-ema: PQ_Vm_rmse: 0.006966  PQ_Va_rmse: 0.100549  PV_Va_rmse: 0.128121  delta_p: 0.602679  delta_q: 0.132785  
INFO|2024-09-25 15:10:46: 	           ValOfEMA:0.128121/0.126567,  Epoch:73/52
INFO|2024-09-25 15:10:47: 	Time(ep):157s,  Val(curr/best):0.128963/0.126772,  Epoch(curr/best):73/49
INFO|2024-09-25 15:10:47: -------------------- Epoch: 74 --------------------
INFO|2024-09-25 15:10:59: Epoch[074/100], iter[040/392], loss_total:0.19612, loss_equ:0.61547 loss_pq_vm:0.00247 loss_pq_va:0.04674 loss_pv_va:0.06318
INFO|2024-09-25 15:11:10: Epoch[074/100], iter[079/392], loss_total:0.20655, loss_equ:0.64563 loss_pq_vm:0.00244 loss_pq_va:0.04901 loss_pv_va:0.06856
INFO|2024-09-25 15:11:21: Epoch[074/100], iter[118/392], loss_total:0.20510, loss_equ:0.64295 loss_pq_vm:0.00238 loss_pq_va:0.04932 loss_pv_va:0.06768
INFO|2024-09-25 15:11:32: Epoch[074/100], iter[157/392], loss_total:0.19856, loss_equ:0.62555 loss_pq_vm:0.00250 loss_pq_va:0.04690 loss_pv_va:0.06409
INFO|2024-09-25 15:11:43: Epoch[074/100], iter[196/392], loss_total:0.20589, loss_equ:0.62672 loss_pq_vm:0.00267 loss_pq_va:0.05027 loss_pv_va:0.06626
INFO|2024-09-25 15:11:54: Epoch[074/100], iter[235/392], loss_total:0.19194, loss_equ:0.60136 loss_pq_vm:0.00228 loss_pq_va:0.04638 loss_pv_va:0.06262
INFO|2024-09-25 15:12:06: Epoch[074/100], iter[274/392], loss_total:0.20145, loss_equ:0.62992 loss_pq_vm:0.00259 loss_pq_va:0.04789 loss_pv_va:0.06467
INFO|2024-09-25 15:12:17: Epoch[074/100], iter[313/392], loss_total:0.20850, loss_equ:0.66024 loss_pq_vm:0.00245 loss_pq_va:0.04899 loss_pv_va:0.06899
INFO|2024-09-25 15:12:28: Epoch[074/100], iter[352/392], loss_total:0.19868, loss_equ:0.64309 loss_pq_vm:0.00236 loss_pq_va:0.04644 loss_pv_va:0.06432
INFO|2024-09-25 15:12:40: Epoch[074/100], iter[392/392], loss_total:0.19441, loss_equ:0.62811 loss_pq_vm:0.00248 loss_pq_va:0.04493 loss_pv_va:0.06182
INFO|2024-09-25 15:13:27: Epoch 73/100, lr:  0.00016615, eta: 1.15h, train_loss:  0.19896, valid_loss:  0.28146
INFO|2024-09-25 15:13:27: 	Train: PQ_Vm_rmse: 0.00412679  PQ_Va_rmse: 0.06663488  PV_Va_rmse: 0.09301435  delta_p: 0.47903923  delta_q: 0.10239943  
INFO|2024-09-25 15:13:27: 	ZTest: PQ_Vm_rmse: 0.00698848  PQ_Va_rmse: 0.10085806  PV_Va_rmse: 0.12851054  delta_p: 0.61048822  delta_q: 0.13564763  
INFO|2024-09-25 15:13:27: 	ZTest-ema: PQ_Vm_rmse: 0.006948  PQ_Va_rmse: 0.100605  PV_Va_rmse: 0.128203  delta_p: 0.603065  delta_q: 0.132883  
INFO|2024-09-25 15:13:27: 	           ValOfEMA:0.128203/0.126567,  Epoch:74/52
INFO|2024-09-25 15:13:27: 	Time(ep):159s,  Val(curr/best):0.128511/0.126772,  Epoch(curr/best):74/49
INFO|2024-09-25 15:13:27: -------------------- Epoch: 75 --------------------
INFO|2024-09-25 15:13:40: Epoch[075/100], iter[040/392], loss_total:0.20520, loss_equ:0.64679 loss_pq_vm:0.00275 loss_pq_va:0.04804 loss_pv_va:0.06497
INFO|2024-09-25 15:13:51: Epoch[075/100], iter[079/392], loss_total:0.19423, loss_equ:0.62938 loss_pq_vm:0.00244 loss_pq_va:0.04457 loss_pv_va:0.06234
INFO|2024-09-25 15:14:02: Epoch[075/100], iter[118/392], loss_total:0.19495, loss_equ:0.61831 loss_pq_vm:0.00241 loss_pq_va:0.04629 loss_pv_va:0.06273
INFO|2024-09-25 15:14:13: Epoch[075/100], iter[157/392], loss_total:0.19867, loss_equ:0.64882 loss_pq_vm:0.00229 loss_pq_va:0.04655 loss_pv_va:0.06431
INFO|2024-09-25 15:14:24: Epoch[075/100], iter[196/392], loss_total:0.18386, loss_equ:0.58803 loss_pq_vm:0.00230 loss_pq_va:0.04324 loss_pv_va:0.05882
INFO|2024-09-25 15:14:35: Epoch[075/100], iter[235/392], loss_total:0.20298, loss_equ:0.62831 loss_pq_vm:0.00241 loss_pq_va:0.04927 loss_pv_va:0.06674
INFO|2024-09-25 15:14:47: Epoch[075/100], iter[274/392], loss_total:0.20074, loss_equ:0.63714 loss_pq_vm:0.00259 loss_pq_va:0.04616 loss_pv_va:0.06498
INFO|2024-09-25 15:14:58: Epoch[075/100], iter[313/392], loss_total:0.18837, loss_equ:0.60951 loss_pq_vm:0.00236 loss_pq_va:0.04406 loss_pv_va:0.05976
INFO|2024-09-25 15:15:09: Epoch[075/100], iter[352/392], loss_total:0.19723, loss_equ:0.62492 loss_pq_vm:0.00235 loss_pq_va:0.04663 loss_pv_va:0.06464
INFO|2024-09-25 15:15:21: Epoch[075/100], iter[392/392], loss_total:0.20384, loss_equ:0.63279 loss_pq_vm:0.00247 loss_pq_va:0.04953 loss_pv_va:0.06635
INFO|2024-09-25 15:16:07: Epoch 74/100, lr:  0.00015498, eta: 1.11h, train_loss:  0.19843, valid_loss:  0.28367
INFO|2024-09-25 15:16:07: 	Train: PQ_Vm_rmse: 0.00410857  PQ_Va_rmse: 0.06649352  PV_Va_rmse: 0.09285809  delta_p: 0.47789404  delta_q: 0.10224376  
INFO|2024-09-25 15:16:07: 	ZTest: PQ_Vm_rmse: 0.00710735  PQ_Va_rmse: 0.10297072  PV_Va_rmse: 0.13007953  delta_p: 0.60599851  delta_q: 0.13364442  
INFO|2024-09-25 15:16:07: 	ZTest-ema: PQ_Vm_rmse: 0.006971  PQ_Va_rmse: 0.100685  PV_Va_rmse: 0.128354  delta_p: 0.603172  delta_q: 0.132865  
INFO|2024-09-25 15:16:07: 	           ValOfEMA:0.128354/0.126567,  Epoch:75/52
INFO|2024-09-25 15:16:08: 	Time(ep):159s,  Val(curr/best):0.130080/0.126772,  Epoch(curr/best):75/49
INFO|2024-09-25 15:16:08: -------------------- Epoch: 76 --------------------
INFO|2024-09-25 15:16:20: Epoch[076/100], iter[040/392], loss_total:0.18980, loss_equ:0.60910 loss_pq_vm:0.00253 loss_pq_va:0.04482 loss_pv_va:0.05881
INFO|2024-09-25 15:16:31: Epoch[076/100], iter[079/392], loss_total:0.19429, loss_equ:0.61782 loss_pq_vm:0.00224 loss_pq_va:0.04622 loss_pv_va:0.06388
INFO|2024-09-25 15:16:42: Epoch[076/100], iter[118/392], loss_total:0.18168, loss_equ:0.59885 loss_pq_vm:0.00225 loss_pq_va:0.04233 loss_pv_va:0.05692
INFO|2024-09-25 15:16:54: Epoch[076/100], iter[157/392], loss_total:0.19357, loss_equ:0.62884 loss_pq_vm:0.00239 loss_pq_va:0.04491 loss_pv_va:0.06184
INFO|2024-09-25 15:17:05: Epoch[076/100], iter[196/392], loss_total:0.19163, loss_equ:0.62195 loss_pq_vm:0.00234 loss_pq_va:0.04525 loss_pv_va:0.06082
INFO|2024-09-25 15:17:16: Epoch[076/100], iter[235/392], loss_total:0.20442, loss_equ:0.63386 loss_pq_vm:0.00254 loss_pq_va:0.04870 loss_pv_va:0.06697
INFO|2024-09-25 15:17:27: Epoch[076/100], iter[274/392], loss_total:0.19926, loss_equ:0.61968 loss_pq_vm:0.00256 loss_pq_va:0.04806 loss_pv_va:0.06362
INFO|2024-09-25 15:17:38: Epoch[076/100], iter[313/392], loss_total:0.19838, loss_equ:0.63013 loss_pq_vm:0.00242 loss_pq_va:0.04675 loss_pv_va:0.06440
INFO|2024-09-25 15:17:49: Epoch[076/100], iter[352/392], loss_total:0.19237, loss_equ:0.61958 loss_pq_vm:0.00239 loss_pq_va:0.04457 loss_pv_va:0.06191
INFO|2024-09-25 15:18:00: Epoch[076/100], iter[392/392], loss_total:0.20168, loss_equ:0.61600 loss_pq_vm:0.00263 loss_pq_va:0.04948 loss_pv_va:0.06434
INFO|2024-09-25 15:18:46: Epoch 75/100, lr:  0.00014416, eta: 1.06h, train_loss:  0.19779, valid_loss:  0.28179
INFO|2024-09-25 15:18:46: 	Train: PQ_Vm_rmse: 0.00409962  PQ_Va_rmse: 0.06630001  PV_Va_rmse: 0.09258103  delta_p: 0.47705549  delta_q: 0.10191727  
INFO|2024-09-25 15:18:46: 	ZTest: PQ_Vm_rmse: 0.00702139  PQ_Va_rmse: 0.10135061  PV_Va_rmse: 0.12902532  delta_p: 0.60936085  delta_q: 0.13318637  
INFO|2024-09-25 15:18:46: 	ZTest-ema: PQ_Vm_rmse: 0.006949  PQ_Va_rmse: 0.100591  PV_Va_rmse: 0.128399  delta_p: 0.605299  delta_q: 0.133189  
INFO|2024-09-25 15:18:46: 	           ValOfEMA:0.128399/0.126567,  Epoch:76/52
INFO|2024-09-25 15:18:47: 	Time(ep):158s,  Val(curr/best):0.129025/0.126772,  Epoch(curr/best):76/49
INFO|2024-09-25 15:18:47: -------------------- Epoch: 77 --------------------
INFO|2024-09-25 15:18:59: Epoch[077/100], iter[040/392], loss_total:0.20459, loss_equ:0.62939 loss_pq_vm:0.00263 loss_pq_va:0.04944 loss_pv_va:0.06590
INFO|2024-09-25 15:19:10: Epoch[077/100], iter[079/392], loss_total:0.19652, loss_equ:0.63656 loss_pq_vm:0.00239 loss_pq_va:0.04559 loss_pv_va:0.06333
INFO|2024-09-25 15:19:21: Epoch[077/100], iter[118/392], loss_total:0.19615, loss_equ:0.61019 loss_pq_vm:0.00248 loss_pq_va:0.04672 loss_pv_va:0.06363
INFO|2024-09-25 15:19:32: Epoch[077/100], iter[157/392], loss_total:0.20842, loss_equ:0.65382 loss_pq_vm:0.00252 loss_pq_va:0.04959 loss_pv_va:0.06828
INFO|2024-09-25 15:19:43: Epoch[077/100], iter[196/392], loss_total:0.20175, loss_equ:0.62914 loss_pq_vm:0.00240 loss_pq_va:0.04879 loss_pv_va:0.06605
INFO|2024-09-25 15:19:55: Epoch[077/100], iter[235/392], loss_total:0.19669, loss_equ:0.62976 loss_pq_vm:0.00238 loss_pq_va:0.04558 loss_pv_va:0.06437
INFO|2024-09-25 15:20:06: Epoch[077/100], iter[274/392], loss_total:0.19425, loss_equ:0.61319 loss_pq_vm:0.00226 loss_pq_va:0.04716 loss_pv_va:0.06320
INFO|2024-09-25 15:20:17: Epoch[077/100], iter[313/392], loss_total:0.19678, loss_equ:0.62562 loss_pq_vm:0.00243 loss_pq_va:0.04650 loss_pv_va:0.06343
INFO|2024-09-25 15:20:28: Epoch[077/100], iter[352/392], loss_total:0.19494, loss_equ:0.63045 loss_pq_vm:0.00239 loss_pq_va:0.04525 loss_pv_va:0.06275
INFO|2024-09-25 15:20:40: Epoch[077/100], iter[392/392], loss_total:0.19462, loss_equ:0.61208 loss_pq_vm:0.00242 loss_pq_va:0.04705 loss_pv_va:0.06219
INFO|2024-09-25 15:21:25: Epoch 76/100, lr:  0.00013370, eta: 1.01h, train_loss:  0.19707, valid_loss:  0.28289
INFO|2024-09-25 15:21:25: 	Train: PQ_Vm_rmse: 0.00407382  PQ_Va_rmse: 0.06614717  PV_Va_rmse: 0.09241625  delta_p: 0.47575288  delta_q: 0.10166930  
INFO|2024-09-25 15:21:25: 	ZTest: PQ_Vm_rmse: 0.00706998  PQ_Va_rmse: 0.10121954  PV_Va_rmse: 0.12911251  delta_p: 0.61390501  delta_q: 0.13499849  
INFO|2024-09-25 15:21:25: 	ZTest-ema: PQ_Vm_rmse: 0.006950  PQ_Va_rmse: 0.100726  PV_Va_rmse: 0.128606  delta_p: 0.605247  delta_q: 0.133169  
INFO|2024-09-25 15:21:25: 	           ValOfEMA:0.128606/0.126567,  Epoch:77/52
INFO|2024-09-25 15:21:25: 	Time(ep):157s,  Val(curr/best):0.129113/0.126772,  Epoch(curr/best):77/49
INFO|2024-09-25 15:21:25: -------------------- Epoch: 78 --------------------
INFO|2024-09-25 15:21:37: Epoch[078/100], iter[040/392], loss_total:0.20005, loss_equ:0.62709 loss_pq_vm:0.00254 loss_pq_va:0.04804 loss_pv_va:0.06394
INFO|2024-09-25 15:21:49: Epoch[078/100], iter[079/392], loss_total:0.19216, loss_equ:0.61558 loss_pq_vm:0.00247 loss_pq_va:0.04550 loss_pv_va:0.06044
INFO|2024-09-25 15:22:00: Epoch[078/100], iter[118/392], loss_total:0.19624, loss_equ:0.62496 loss_pq_vm:0.00255 loss_pq_va:0.04565 loss_pv_va:0.06264
INFO|2024-09-25 15:22:11: Epoch[078/100], iter[157/392], loss_total:0.19151, loss_equ:0.62101 loss_pq_vm:0.00231 loss_pq_va:0.04415 loss_pv_va:0.06220
INFO|2024-09-25 15:22:22: Epoch[078/100], iter[196/392], loss_total:0.19114, loss_equ:0.60210 loss_pq_vm:0.00240 loss_pq_va:0.04559 loss_pv_va:0.06136
INFO|2024-09-25 15:22:33: Epoch[078/100], iter[235/392], loss_total:0.19830, loss_equ:0.61324 loss_pq_vm:0.00253 loss_pq_va:0.04721 loss_pv_va:0.06442
INFO|2024-09-25 15:22:44: Epoch[078/100], iter[274/392], loss_total:0.21518, loss_equ:0.65330 loss_pq_vm:0.00274 loss_pq_va:0.05218 loss_pv_va:0.07024
INFO|2024-09-25 15:22:55: Epoch[078/100], iter[313/392], loss_total:0.18699, loss_equ:0.63017 loss_pq_vm:0.00232 loss_pq_va:0.04305 loss_pv_va:0.05767
INFO|2024-09-25 15:23:06: Epoch[078/100], iter[352/392], loss_total:0.18779, loss_equ:0.60866 loss_pq_vm:0.00242 loss_pq_va:0.04359 loss_pv_va:0.05912
INFO|2024-09-25 15:23:17: Epoch[078/100], iter[392/392], loss_total:0.20028, loss_equ:0.62487 loss_pq_vm:0.00250 loss_pq_va:0.04788 loss_pv_va:0.06493
INFO|2024-09-25 15:24:03: Epoch 77/100, lr:  0.00012360, eta: 0.97h, train_loss:  0.19651, valid_loss:  0.28095
INFO|2024-09-25 15:24:03: 	Train: PQ_Vm_rmse: 0.00406701  PQ_Va_rmse: 0.06589793  PV_Va_rmse: 0.09210292  delta_p: 0.47524073  delta_q: 0.10151444  
INFO|2024-09-25 15:24:03: 	ZTest: PQ_Vm_rmse: 0.00701379  PQ_Va_rmse: 0.10084741  PV_Va_rmse: 0.12880984  delta_p: 0.60835543  delta_q: 0.13511880  
INFO|2024-09-25 15:24:03: 	ZTest-ema: PQ_Vm_rmse: 0.006948  PQ_Va_rmse: 0.100612  PV_Va_rmse: 0.128669  delta_p: 0.607110  delta_q: 0.133543  
INFO|2024-09-25 15:24:03: 	           ValOfEMA:0.128669/0.126567,  Epoch:78/52
INFO|2024-09-25 15:24:04: 	Time(ep):158s,  Val(curr/best):0.128810/0.126772,  Epoch(curr/best):78/49
INFO|2024-09-25 15:24:04: -------------------- Epoch: 79 --------------------
INFO|2024-09-25 15:24:16: Epoch[079/100], iter[040/392], loss_total:0.19895, loss_equ:0.63174 loss_pq_vm:0.00237 loss_pq_va:0.04731 loss_pv_va:0.06472
INFO|2024-09-25 15:24:27: Epoch[079/100], iter[079/392], loss_total:0.18899, loss_equ:0.61426 loss_pq_vm:0.00223 loss_pq_va:0.04375 loss_pv_va:0.06153
INFO|2024-09-25 15:24:38: Epoch[079/100], iter[118/392], loss_total:0.18670, loss_equ:0.60607 loss_pq_vm:0.00228 loss_pq_va:0.04417 loss_pv_va:0.05912
INFO|2024-09-25 15:24:48: Epoch[079/100], iter[157/392], loss_total:0.19215, loss_equ:0.61610 loss_pq_vm:0.00234 loss_pq_va:0.04590 loss_pv_va:0.06126
INFO|2024-09-25 15:24:59: Epoch[079/100], iter[196/392], loss_total:0.20573, loss_equ:0.63305 loss_pq_vm:0.00264 loss_pq_va:0.04955 loss_pv_va:0.06652
INFO|2024-09-25 15:25:09: Epoch[079/100], iter[235/392], loss_total:0.20326, loss_equ:0.63560 loss_pq_vm:0.00236 loss_pq_va:0.04898 loss_pv_va:0.06708
INFO|2024-09-25 15:25:20: Epoch[079/100], iter[274/392], loss_total:0.20457, loss_equ:0.64079 loss_pq_vm:0.00254 loss_pq_va:0.04897 loss_pv_va:0.06613
INFO|2024-09-25 15:25:31: Epoch[079/100], iter[313/392], loss_total:0.19287, loss_equ:0.61576 loss_pq_vm:0.00236 loss_pq_va:0.04526 loss_pv_va:0.06245
INFO|2024-09-25 15:25:41: Epoch[079/100], iter[352/392], loss_total:0.19515, loss_equ:0.61831 loss_pq_vm:0.00239 loss_pq_va:0.04618 loss_pv_va:0.06324
INFO|2024-09-25 15:25:52: Epoch[079/100], iter[392/392], loss_total:0.19948, loss_equ:0.62644 loss_pq_vm:0.00248 loss_pq_va:0.04742 loss_pv_va:0.06459
INFO|2024-09-25 15:26:37: Epoch 78/100, lr:  0.00011387, eta: 0.89h, train_loss:  0.19594, valid_loss:  0.28278
INFO|2024-09-25 15:26:37: 	Train: PQ_Vm_rmse: 0.00404648  PQ_Va_rmse: 0.06574731  PV_Va_rmse: 0.09196878  delta_p: 0.47453954  delta_q: 0.10135226  
INFO|2024-09-25 15:26:37: 	ZTest: PQ_Vm_rmse: 0.00713634  PQ_Va_rmse: 0.10116481  PV_Va_rmse: 0.12908209  delta_p: 0.61201700  delta_q: 0.13458932  
INFO|2024-09-25 15:26:37: 	ZTest-ema: PQ_Vm_rmse: 0.006942  PQ_Va_rmse: 0.100680  PV_Va_rmse: 0.128811  delta_p: 0.607869  delta_q: 0.133638  
INFO|2024-09-25 15:26:37: 	           ValOfEMA:0.128811/0.126567,  Epoch:79/52
INFO|2024-09-25 15:26:38: 	Time(ep):152s,  Val(curr/best):0.129082/0.126772,  Epoch(curr/best):79/49
INFO|2024-09-25 15:26:38: -------------------- Epoch: 80 --------------------
INFO|2024-09-25 15:26:49: Epoch[080/100], iter[040/392], loss_total:0.19142, loss_equ:0.60722 loss_pq_vm:0.00238 loss_pq_va:0.04616 loss_pv_va:0.06077
INFO|2024-09-25 15:26:59: Epoch[080/100], iter[079/392], loss_total:0.18943, loss_equ:0.60640 loss_pq_vm:0.00216 loss_pq_va:0.04513 loss_pv_va:0.06208
INFO|2024-09-25 15:27:10: Epoch[080/100], iter[118/392], loss_total:0.20044, loss_equ:0.64698 loss_pq_vm:0.00248 loss_pq_va:0.04620 loss_pv_va:0.06478
INFO|2024-09-25 15:27:20: Epoch[080/100], iter[157/392], loss_total:0.20003, loss_equ:0.64001 loss_pq_vm:0.00240 loss_pq_va:0.04658 loss_pv_va:0.06545
INFO|2024-09-25 15:27:30: Epoch[080/100], iter[196/392], loss_total:0.19581, loss_equ:0.62299 loss_pq_vm:0.00239 loss_pq_va:0.04666 loss_pv_va:0.06298
INFO|2024-09-25 15:27:40: Epoch[080/100], iter[235/392], loss_total:0.19513, loss_equ:0.61418 loss_pq_vm:0.00244 loss_pq_va:0.04649 loss_pv_va:0.06284
INFO|2024-09-25 15:27:50: Epoch[080/100], iter[274/392], loss_total:0.20134, loss_equ:0.62091 loss_pq_vm:0.00245 loss_pq_va:0.04875 loss_pv_va:0.06598
INFO|2024-09-25 15:28:01: Epoch[080/100], iter[313/392], loss_total:0.19895, loss_equ:0.62490 loss_pq_vm:0.00241 loss_pq_va:0.04766 loss_pv_va:0.06466
INFO|2024-09-25 15:28:11: Epoch[080/100], iter[352/392], loss_total:0.19838, loss_equ:0.63185 loss_pq_vm:0.00246 loss_pq_va:0.04659 loss_pv_va:0.06398
INFO|2024-09-25 15:28:21: Epoch[080/100], iter[392/392], loss_total:0.19469, loss_equ:0.61605 loss_pq_vm:0.00227 loss_pq_va:0.04617 loss_pv_va:0.06424
INFO|2024-09-25 15:29:06: Epoch 79/100, lr:  0.00010454, eta: 0.82h, train_loss:  0.19544, valid_loss:  0.28165
INFO|2024-09-25 15:29:06: 	Train: PQ_Vm_rmse: 0.00404413  PQ_Va_rmse: 0.06560873  PV_Va_rmse: 0.09175377  delta_p: 0.47361081  delta_q: 0.10116658  
INFO|2024-09-25 15:29:06: 	ZTest: PQ_Vm_rmse: 0.00704507  PQ_Va_rmse: 0.10087763  PV_Va_rmse: 0.12900997  delta_p: 0.61146103  delta_q: 0.13506422  
INFO|2024-09-25 15:29:06: 	ZTest-ema: PQ_Vm_rmse: 0.006949  PQ_Va_rmse: 0.100748  PV_Va_rmse: 0.128945  delta_p: 0.608499  delta_q: 0.133553  
INFO|2024-09-25 15:29:06: 	           ValOfEMA:0.128945/0.126567,  Epoch:80/52
INFO|2024-09-25 15:29:06: 	Time(ep):148s,  Val(curr/best):0.129010/0.126772,  Epoch(curr/best):80/49
INFO|2024-09-25 15:29:06: -------------------- Epoch: 81 --------------------
INFO|2024-09-25 15:29:18: Epoch[081/100], iter[040/392], loss_total:0.19880, loss_equ:0.63995 loss_pq_vm:0.00224 loss_pq_va:0.04695 loss_pv_va:0.06549
INFO|2024-09-25 15:29:28: Epoch[081/100], iter[079/392], loss_total:0.19774, loss_equ:0.62211 loss_pq_vm:0.00248 loss_pq_va:0.04701 loss_pv_va:0.06368
INFO|2024-09-25 15:29:39: Epoch[081/100], iter[118/392], loss_total:0.18849, loss_equ:0.61194 loss_pq_vm:0.00234 loss_pq_va:0.04336 loss_pv_va:0.06055
INFO|2024-09-25 15:29:49: Epoch[081/100], iter[157/392], loss_total:0.19895, loss_equ:0.62254 loss_pq_vm:0.00250 loss_pq_va:0.04759 loss_pv_va:0.06406
INFO|2024-09-25 15:29:59: Epoch[081/100], iter[196/392], loss_total:0.19341, loss_equ:0.61589 loss_pq_vm:0.00233 loss_pq_va:0.04592 loss_pv_va:0.06261
INFO|2024-09-25 15:30:10: Epoch[081/100], iter[235/392], loss_total:0.19564, loss_equ:0.61184 loss_pq_vm:0.00246 loss_pq_va:0.04742 loss_pv_va:0.06239
INFO|2024-09-25 15:30:20: Epoch[081/100], iter[274/392], loss_total:0.19287, loss_equ:0.62111 loss_pq_vm:0.00248 loss_pq_va:0.04499 loss_pv_va:0.06093
INFO|2024-09-25 15:30:30: Epoch[081/100], iter[313/392], loss_total:0.19735, loss_equ:0.63452 loss_pq_vm:0.00256 loss_pq_va:0.04588 loss_pv_va:0.06241
INFO|2024-09-25 15:30:41: Epoch[081/100], iter[352/392], loss_total:0.19272, loss_equ:0.61449 loss_pq_vm:0.00234 loss_pq_va:0.04584 loss_pv_va:0.06205
INFO|2024-09-25 15:30:52: Epoch[081/100], iter[392/392], loss_total:0.19582, loss_equ:0.61707 loss_pq_vm:0.00241 loss_pq_va:0.04648 loss_pv_va:0.06349
INFO|2024-09-25 15:31:38: Epoch 80/100, lr:  0.00009560, eta: 0.8h, train_loss:  0.19484, valid_loss:  0.28184
INFO|2024-09-25 15:31:38: 	Train: PQ_Vm_rmse: 0.00402708  PQ_Va_rmse: 0.06542998  PV_Va_rmse: 0.09156009  delta_p: 0.47315225  delta_q: 0.10097405  
INFO|2024-09-25 15:31:38: 	ZTest: PQ_Vm_rmse: 0.00692359  PQ_Va_rmse: 0.10081245  PV_Va_rmse: 0.12928874  delta_p: 0.61425760  delta_q: 0.13576928  
INFO|2024-09-25 15:31:38: 	ZTest-ema: PQ_Vm_rmse: 0.006940  PQ_Va_rmse: 0.100690  PV_Va_rmse: 0.129005  delta_p: 0.609762  delta_q: 0.134066  
INFO|2024-09-25 15:31:38: 	           ValOfEMA:0.129005/0.126567,  Epoch:81/52
INFO|2024-09-25 15:31:38: 	Time(ep):151s,  Val(curr/best):0.129289/0.126772,  Epoch(curr/best):81/49
INFO|2024-09-25 15:31:38: -------------------- Epoch: 82 --------------------
INFO|2024-09-25 15:31:50: Epoch[082/100], iter[040/392], loss_total:0.20096, loss_equ:0.62902 loss_pq_vm:0.00243 loss_pq_va:0.04819 loss_pv_va:0.06559
INFO|2024-09-25 15:32:01: Epoch[082/100], iter[079/392], loss_total:0.19861, loss_equ:0.62016 loss_pq_vm:0.00243 loss_pq_va:0.04757 loss_pv_va:0.06474
INFO|2024-09-25 15:32:12: Epoch[082/100], iter[118/392], loss_total:0.19369, loss_equ:0.61641 loss_pq_vm:0.00223 loss_pq_va:0.04644 loss_pv_va:0.06330
INFO|2024-09-25 15:32:22: Epoch[082/100], iter[157/392], loss_total:0.19459, loss_equ:0.60636 loss_pq_vm:0.00231 loss_pq_va:0.04738 loss_pv_va:0.06347
INFO|2024-09-25 15:32:32: Epoch[082/100], iter[196/392], loss_total:0.19131, loss_equ:0.61161 loss_pq_vm:0.00243 loss_pq_va:0.04497 loss_pv_va:0.06086
INFO|2024-09-25 15:32:43: Epoch[082/100], iter[235/392], loss_total:0.19754, loss_equ:0.62581 loss_pq_vm:0.00228 loss_pq_va:0.04684 loss_pv_va:0.06530
INFO|2024-09-25 15:32:54: Epoch[082/100], iter[274/392], loss_total:0.19500, loss_equ:0.62874 loss_pq_vm:0.00237 loss_pq_va:0.04588 loss_pv_va:0.06256
INFO|2024-09-25 15:33:04: Epoch[082/100], iter[313/392], loss_total:0.19103, loss_equ:0.63443 loss_pq_vm:0.00221 loss_pq_va:0.04332 loss_pv_va:0.06218
INFO|2024-09-25 15:33:15: Epoch[082/100], iter[352/392], loss_total:0.20237, loss_equ:0.62274 loss_pq_vm:0.00262 loss_pq_va:0.04903 loss_pv_va:0.06482
INFO|2024-09-25 15:33:26: Epoch[082/100], iter[392/392], loss_total:0.19422, loss_equ:0.62759 loss_pq_vm:0.00235 loss_pq_va:0.04544 loss_pv_va:0.06249
INFO|2024-09-25 15:34:10: Epoch 81/100, lr:  0.00008706, eta: 0.76h, train_loss:  0.19435, valid_loss:  0.28231
INFO|2024-09-25 15:34:10: 	Train: PQ_Vm_rmse: 0.00402079  PQ_Va_rmse: 0.06530141  PV_Va_rmse: 0.09134609  delta_p: 0.47193939  delta_q: 0.10076940  
INFO|2024-09-25 15:34:10: 	ZTest: PQ_Vm_rmse: 0.00702383  PQ_Va_rmse: 0.10075020  PV_Va_rmse: 0.12936847  delta_p: 0.61342557  delta_q: 0.13605044  
INFO|2024-09-25 15:34:10: 	ZTest-ema: PQ_Vm_rmse: 0.006938  PQ_Va_rmse: 0.100780  PV_Va_rmse: 0.129123  delta_p: 0.610008  delta_q: 0.134084  
INFO|2024-09-25 15:34:10: 	           ValOfEMA:0.129123/0.126567,  Epoch:82/52
INFO|2024-09-25 15:34:11: 	Time(ep):151s,  Val(curr/best):0.129368/0.126772,  Epoch(curr/best):82/49
INFO|2024-09-25 15:34:11: -------------------- Epoch: 83 --------------------
INFO|2024-09-25 15:34:23: Epoch[083/100], iter[040/392], loss_total:0.19279, loss_equ:0.61942 loss_pq_vm:0.00223 loss_pq_va:0.04519 loss_pv_va:0.06333
INFO|2024-09-25 15:34:33: Epoch[083/100], iter[079/392], loss_total:0.19939, loss_equ:0.63531 loss_pq_vm:0.00268 loss_pq_va:0.04648 loss_pv_va:0.06257
INFO|2024-09-25 15:34:44: Epoch[083/100], iter[118/392], loss_total:0.19418, loss_equ:0.61498 loss_pq_vm:0.00237 loss_pq_va:0.04708 loss_pv_va:0.06195
INFO|2024-09-25 15:34:55: Epoch[083/100], iter[157/392], loss_total:0.19605, loss_equ:0.61931 loss_pq_vm:0.00249 loss_pq_va:0.04597 loss_pv_va:0.06323
INFO|2024-09-25 15:35:05: Epoch[083/100], iter[196/392], loss_total:0.19334, loss_equ:0.60997 loss_pq_vm:0.00239 loss_pq_va:0.04593 loss_pv_va:0.06251
INFO|2024-09-25 15:35:16: Epoch[083/100], iter[235/392], loss_total:0.18868, loss_equ:0.61610 loss_pq_vm:0.00235 loss_pq_va:0.04328 loss_pv_va:0.06024
INFO|2024-09-25 15:35:27: Epoch[083/100], iter[274/392], loss_total:0.19700, loss_equ:0.63353 loss_pq_vm:0.00230 loss_pq_va:0.04612 loss_pv_va:0.06452
INFO|2024-09-25 15:35:37: Epoch[083/100], iter[313/392], loss_total:0.19757, loss_equ:0.63136 loss_pq_vm:0.00242 loss_pq_va:0.04754 loss_pv_va:0.06273
INFO|2024-09-25 15:35:48: Epoch[083/100], iter[352/392], loss_total:0.19385, loss_equ:0.62502 loss_pq_vm:0.00220 loss_pq_va:0.04665 loss_pv_va:0.06266
INFO|2024-09-25 15:35:58: Epoch[083/100], iter[392/392], loss_total:0.20368, loss_equ:0.64081 loss_pq_vm:0.00249 loss_pq_va:0.04847 loss_pv_va:0.06620
INFO|2024-09-25 15:36:44: Epoch 82/100, lr:  0.00007893, eta: 0.72h, train_loss:  0.19389, valid_loss:  0.28172
INFO|2024-09-25 15:36:44: 	Train: PQ_Vm_rmse: 0.00400568  PQ_Va_rmse: 0.06515031  PV_Va_rmse: 0.09117601  delta_p: 0.47130035  delta_q: 0.10059294  
INFO|2024-09-25 15:36:44: 	ZTest: PQ_Vm_rmse: 0.00693703  PQ_Va_rmse: 0.10079831  PV_Va_rmse: 0.12927595  delta_p: 0.61724732  delta_q: 0.13538712  
INFO|2024-09-25 15:36:44: 	ZTest-ema: PQ_Vm_rmse: 0.006938  PQ_Va_rmse: 0.100852  PV_Va_rmse: 0.129329  delta_p: 0.610727  delta_q: 0.134046  
INFO|2024-09-25 15:36:44: 	           ValOfEMA:0.129329/0.126567,  Epoch:83/52
INFO|2024-09-25 15:36:45: 	Time(ep):153s,  Val(curr/best):0.129276/0.126772,  Epoch(curr/best):83/49
INFO|2024-09-25 15:36:45: -------------------- Epoch: 84 --------------------
INFO|2024-09-25 15:36:57: Epoch[084/100], iter[040/392], loss_total:0.19182, loss_equ:0.61997 loss_pq_vm:0.00234 loss_pq_va:0.04483 loss_pv_va:0.06156
INFO|2024-09-25 15:37:08: Epoch[084/100], iter[079/392], loss_total:0.19341, loss_equ:0.63754 loss_pq_vm:0.00240 loss_pq_va:0.04397 loss_pv_va:0.06168
INFO|2024-09-25 15:37:18: Epoch[084/100], iter[118/392], loss_total:0.19173, loss_equ:0.60897 loss_pq_vm:0.00213 loss_pq_va:0.04623 loss_pv_va:0.06331
INFO|2024-09-25 15:37:29: Epoch[084/100], iter[157/392], loss_total:0.19009, loss_equ:0.62121 loss_pq_vm:0.00230 loss_pq_va:0.04413 loss_pv_va:0.06082
INFO|2024-09-25 15:37:40: Epoch[084/100], iter[196/392], loss_total:0.19903, loss_equ:0.63371 loss_pq_vm:0.00237 loss_pq_va:0.04647 loss_pv_va:0.06553
INFO|2024-09-25 15:37:51: Epoch[084/100], iter[235/392], loss_total:0.20119, loss_equ:0.62969 loss_pq_vm:0.00259 loss_pq_va:0.04787 loss_pv_va:0.06441
INFO|2024-09-25 15:38:01: Epoch[084/100], iter[274/392], loss_total:0.18570, loss_equ:0.60777 loss_pq_vm:0.00220 loss_pq_va:0.04337 loss_pv_va:0.05952
INFO|2024-09-25 15:38:12: Epoch[084/100], iter[313/392], loss_total:0.19872, loss_equ:0.62700 loss_pq_vm:0.00253 loss_pq_va:0.04769 loss_pv_va:0.06305
INFO|2024-09-25 15:38:23: Epoch[084/100], iter[352/392], loss_total:0.19759, loss_equ:0.61840 loss_pq_vm:0.00249 loss_pq_va:0.04664 loss_pv_va:0.06425
INFO|2024-09-25 15:38:34: Epoch[084/100], iter[392/392], loss_total:0.18675, loss_equ:0.60056 loss_pq_vm:0.00225 loss_pq_va:0.04396 loss_pv_va:0.06022
INFO|2024-09-25 15:39:16: Epoch 83/100, lr:  0.00007123, eta: 0.67h, train_loss:  0.19335, valid_loss:  0.28305
INFO|2024-09-25 15:39:16: 	Train: PQ_Vm_rmse: 0.00400134  PQ_Va_rmse: 0.06498024  PV_Va_rmse: 0.09095860  delta_p: 0.47047361  delta_q: 0.10039889  
INFO|2024-09-25 15:39:16: 	ZTest: PQ_Vm_rmse: 0.00707464  PQ_Va_rmse: 0.10158051  PV_Va_rmse: 0.12988707  delta_p: 0.61145498  delta_q: 0.13450192  
INFO|2024-09-25 15:39:16: 	ZTest-ema: PQ_Vm_rmse: 0.006954  PQ_Va_rmse: 0.100866  PV_Va_rmse: 0.129383  delta_p: 0.611316  delta_q: 0.134184  
INFO|2024-09-25 15:39:16: 	           ValOfEMA:0.129383/0.126567,  Epoch:84/52
INFO|2024-09-25 15:39:17: 	Time(ep):151s,  Val(curr/best):0.129887/0.126772,  Epoch(curr/best):84/49
INFO|2024-09-25 15:39:17: -------------------- Epoch: 85 --------------------
INFO|2024-09-25 15:39:28: Epoch[085/100], iter[040/392], loss_total:0.19408, loss_equ:0.61012 loss_pq_vm:0.00235 loss_pq_va:0.04626 loss_pv_va:0.06329
INFO|2024-09-25 15:39:39: Epoch[085/100], iter[079/392], loss_total:0.19519, loss_equ:0.61390 loss_pq_vm:0.00232 loss_pq_va:0.04725 loss_pv_va:0.06339
INFO|2024-09-25 15:39:49: Epoch[085/100], iter[118/392], loss_total:0.18748, loss_equ:0.60762 loss_pq_vm:0.00218 loss_pq_va:0.04416 loss_pv_va:0.06074
INFO|2024-09-25 15:39:59: Epoch[085/100], iter[157/392], loss_total:0.18546, loss_equ:0.59569 loss_pq_vm:0.00215 loss_pq_va:0.04424 loss_pv_va:0.06012
INFO|2024-09-25 15:40:10: Epoch[085/100], iter[196/392], loss_total:0.18980, loss_equ:0.61530 loss_pq_vm:0.00224 loss_pq_va:0.04449 loss_pv_va:0.06138
INFO|2024-09-25 15:40:20: Epoch[085/100], iter[235/392], loss_total:0.19701, loss_equ:0.64003 loss_pq_vm:0.00248 loss_pq_va:0.04568 loss_pv_va:0.06251
INFO|2024-09-25 15:40:30: Epoch[085/100], iter[274/392], loss_total:0.18970, loss_equ:0.61820 loss_pq_vm:0.00214 loss_pq_va:0.04456 loss_pv_va:0.06193
INFO|2024-09-25 15:40:41: Epoch[085/100], iter[313/392], loss_total:0.18905, loss_equ:0.61639 loss_pq_vm:0.00223 loss_pq_va:0.04413 loss_pv_va:0.06098
INFO|2024-09-25 15:40:51: Epoch[085/100], iter[352/392], loss_total:0.19257, loss_equ:0.61116 loss_pq_vm:0.00215 loss_pq_va:0.04592 loss_pv_va:0.06400
INFO|2024-09-25 15:41:01: Epoch[085/100], iter[392/392], loss_total:0.19609, loss_equ:0.62298 loss_pq_vm:0.00235 loss_pq_va:0.04554 loss_pv_va:0.06477
INFO|2024-09-25 15:41:47: Epoch 84/100, lr:  0.00006395, eta: 0.63h, train_loss:  0.19313, valid_loss:  0.28253
INFO|2024-09-25 15:41:47: 	Train: PQ_Vm_rmse: 0.00399971  PQ_Va_rmse: 0.06493821  PV_Va_rmse: 0.09089880  delta_p: 0.46970733  delta_q: 0.10022552  
INFO|2024-09-25 15:41:47: 	ZTest: PQ_Vm_rmse: 0.00694844  PQ_Va_rmse: 0.10091040  PV_Va_rmse: 0.12991977  delta_p: 0.61932769  delta_q: 0.13533947  
INFO|2024-09-25 15:41:47: 	ZTest-ema: PQ_Vm_rmse: 0.006950  PQ_Va_rmse: 0.100895  PV_Va_rmse: 0.129475  delta_p: 0.612074  delta_q: 0.134429  
INFO|2024-09-25 15:41:47: 	           ValOfEMA:0.129475/0.126567,  Epoch:85/52
INFO|2024-09-25 15:41:47: 	Time(ep):150s,  Val(curr/best):0.129920/0.126772,  Epoch(curr/best):85/49
INFO|2024-09-25 15:41:47: -------------------- Epoch: 86 --------------------
INFO|2024-09-25 15:41:59: Epoch[086/100], iter[040/392], loss_total:0.19591, loss_equ:0.61642 loss_pq_vm:0.00249 loss_pq_va:0.04667 loss_pv_va:0.06273
INFO|2024-09-25 15:42:09: Epoch[086/100], iter[079/392], loss_total:0.18317, loss_equ:0.60330 loss_pq_vm:0.00224 loss_pq_va:0.04221 loss_pv_va:0.05824
INFO|2024-09-25 15:42:20: Epoch[086/100], iter[118/392], loss_total:0.20326, loss_equ:0.64327 loss_pq_vm:0.00237 loss_pq_va:0.04887 loss_pv_va:0.06633
INFO|2024-09-25 15:42:30: Epoch[086/100], iter[157/392], loss_total:0.18740, loss_equ:0.61344 loss_pq_vm:0.00225 loss_pq_va:0.04318 loss_pv_va:0.06038
INFO|2024-09-25 15:42:40: Epoch[086/100], iter[196/392], loss_total:0.18590, loss_equ:0.60160 loss_pq_vm:0.00218 loss_pq_va:0.04414 loss_pv_va:0.05976
INFO|2024-09-25 15:42:51: Epoch[086/100], iter[235/392], loss_total:0.19075, loss_equ:0.61703 loss_pq_vm:0.00226 loss_pq_va:0.04554 loss_pv_va:0.06088
INFO|2024-09-25 15:43:02: Epoch[086/100], iter[274/392], loss_total:0.20088, loss_equ:0.62830 loss_pq_vm:0.00246 loss_pq_va:0.04846 loss_pv_va:0.06496
INFO|2024-09-25 15:43:12: Epoch[086/100], iter[313/392], loss_total:0.18433, loss_equ:0.60774 loss_pq_vm:0.00225 loss_pq_va:0.04285 loss_pv_va:0.05826
INFO|2024-09-25 15:43:23: Epoch[086/100], iter[352/392], loss_total:0.20168, loss_equ:0.62376 loss_pq_vm:0.00249 loss_pq_va:0.04796 loss_pv_va:0.06644
INFO|2024-09-25 15:43:34: Epoch[086/100], iter[392/392], loss_total:0.19420, loss_equ:0.62690 loss_pq_vm:0.00245 loss_pq_va:0.04505 loss_pv_va:0.06195
INFO|2024-09-25 15:44:19: Epoch 85/100, lr:  0.00005711, eta: 0.59h, train_loss:  0.19253, valid_loss:  0.28142
INFO|2024-09-25 15:44:19: 	Train: PQ_Vm_rmse: 0.00398088  PQ_Va_rmse: 0.06476664  PV_Va_rmse: 0.09069238  delta_p: 0.46931519  delta_q: 0.10001377  
INFO|2024-09-25 15:44:19: 	ZTest: PQ_Vm_rmse: 0.00691343  PQ_Va_rmse: 0.10132057  PV_Va_rmse: 0.12975249  delta_p: 0.61204880  delta_q: 0.13535865  
INFO|2024-09-25 15:44:19: 	ZTest-ema: PQ_Vm_rmse: 0.006938  PQ_Va_rmse: 0.100969  PV_Va_rmse: 0.129609  delta_p: 0.612799  delta_q: 0.134445  
INFO|2024-09-25 15:44:19: 	           ValOfEMA:0.129609/0.126567,  Epoch:86/52
INFO|2024-09-25 15:44:19: 	Time(ep):151s,  Val(curr/best):0.129752/0.126772,  Epoch(curr/best):86/49
INFO|2024-09-25 15:44:19: -------------------- Epoch: 87 --------------------
INFO|2024-09-25 15:44:31: Epoch[087/100], iter[040/392], loss_total:0.18598, loss_equ:0.59737 loss_pq_vm:0.00223 loss_pq_va:0.04427 loss_pv_va:0.05967
INFO|2024-09-25 15:44:41: Epoch[087/100], iter[079/392], loss_total:0.19078, loss_equ:0.61461 loss_pq_vm:0.00232 loss_pq_va:0.04461 loss_pv_va:0.06156
INFO|2024-09-25 15:44:52: Epoch[087/100], iter[118/392], loss_total:0.19101, loss_equ:0.61462 loss_pq_vm:0.00232 loss_pq_va:0.04520 loss_pv_va:0.06112
INFO|2024-09-25 15:45:02: Epoch[087/100], iter[157/392], loss_total:0.19109, loss_equ:0.62963 loss_pq_vm:0.00218 loss_pq_va:0.04393 loss_pv_va:0.06238
INFO|2024-09-25 15:45:13: Epoch[087/100], iter[196/392], loss_total:0.18955, loss_equ:0.60752 loss_pq_vm:0.00227 loss_pq_va:0.04420 loss_pv_va:0.06189
INFO|2024-09-25 15:45:24: Epoch[087/100], iter[235/392], loss_total:0.20147, loss_equ:0.63527 loss_pq_vm:0.00243 loss_pq_va:0.04821 loss_pv_va:0.06546
INFO|2024-09-25 15:45:35: Epoch[087/100], iter[274/392], loss_total:0.20131, loss_equ:0.62578 loss_pq_vm:0.00253 loss_pq_va:0.04815 loss_pv_va:0.06528
INFO|2024-09-25 15:45:45: Epoch[087/100], iter[313/392], loss_total:0.19210, loss_equ:0.62644 loss_pq_vm:0.00228 loss_pq_va:0.04443 loss_pv_va:0.06222
INFO|2024-09-25 15:45:56: Epoch[087/100], iter[352/392], loss_total:0.19734, loss_equ:0.61522 loss_pq_vm:0.00248 loss_pq_va:0.04740 loss_pv_va:0.06363
INFO|2024-09-25 15:46:07: Epoch[087/100], iter[392/392], loss_total:0.18522, loss_equ:0.59992 loss_pq_vm:0.00231 loss_pq_va:0.04349 loss_pv_va:0.05861
INFO|2024-09-25 15:46:51: Epoch 86/100, lr:  0.00005071, eta: 0.55h, train_loss:  0.19223, valid_loss:  0.28166
INFO|2024-09-25 15:46:51: 	Train: PQ_Vm_rmse: 0.00397443  PQ_Va_rmse: 0.06468036  PV_Va_rmse: 0.09055083  delta_p: 0.46849362  delta_q: 0.09989553  
INFO|2024-09-25 15:46:51: 	ZTest: PQ_Vm_rmse: 0.00690396  PQ_Va_rmse: 0.10087322  PV_Va_rmse: 0.12964273  delta_p: 0.61632237  delta_q: 0.13596933  
INFO|2024-09-25 15:46:51: 	ZTest-ema: PQ_Vm_rmse: 0.006939  PQ_Va_rmse: 0.101010  PV_Va_rmse: 0.129680  delta_p: 0.612969  delta_q: 0.134433  
INFO|2024-09-25 15:46:51: 	           ValOfEMA:0.129680/0.126567,  Epoch:87/52
INFO|2024-09-25 15:46:52: 	Time(ep):151s,  Val(curr/best):0.129643/0.126772,  Epoch(curr/best):87/49
INFO|2024-09-25 15:46:52: -------------------- Epoch: 88 --------------------
INFO|2024-09-25 15:47:03: Epoch[088/100], iter[040/392], loss_total:0.19073, loss_equ:0.62021 loss_pq_vm:0.00237 loss_pq_va:0.04410 loss_pv_va:0.06092
INFO|2024-09-25 15:47:14: Epoch[088/100], iter[079/392], loss_total:0.19250, loss_equ:0.61454 loss_pq_vm:0.00235 loss_pq_va:0.04594 loss_pv_va:0.06162
INFO|2024-09-25 15:47:24: Epoch[088/100], iter[118/392], loss_total:0.19355, loss_equ:0.62483 loss_pq_vm:0.00239 loss_pq_va:0.04537 loss_pv_va:0.06180
INFO|2024-09-25 15:47:35: Epoch[088/100], iter[157/392], loss_total:0.18339, loss_equ:0.59706 loss_pq_vm:0.00218 loss_pq_va:0.04355 loss_pv_va:0.05835
INFO|2024-09-25 15:47:45: Epoch[088/100], iter[196/392], loss_total:0.18848, loss_equ:0.59835 loss_pq_vm:0.00221 loss_pq_va:0.04533 loss_pv_va:0.06117
INFO|2024-09-25 15:47:55: Epoch[088/100], iter[235/392], loss_total:0.19612, loss_equ:0.62531 loss_pq_vm:0.00242 loss_pq_va:0.04653 loss_pv_va:0.06286
INFO|2024-09-25 15:48:06: Epoch[088/100], iter[274/392], loss_total:0.20189, loss_equ:0.63374 loss_pq_vm:0.00252 loss_pq_va:0.04776 loss_pv_va:0.06558
INFO|2024-09-25 15:48:17: Epoch[088/100], iter[313/392], loss_total:0.20220, loss_equ:0.63179 loss_pq_vm:0.00240 loss_pq_va:0.04881 loss_pv_va:0.06618
INFO|2024-09-25 15:48:27: Epoch[088/100], iter[352/392], loss_total:0.19114, loss_equ:0.61004 loss_pq_vm:0.00239 loss_pq_va:0.04568 loss_pv_va:0.06056
INFO|2024-09-25 15:48:37: Epoch[088/100], iter[392/392], loss_total:0.17629, loss_equ:0.58923 loss_pq_vm:0.00216 loss_pq_va:0.04073 loss_pv_va:0.05506
INFO|2024-09-25 15:49:23: Epoch 87/100, lr:  0.00004476, eta: 0.5h, train_loss:  0.19187, valid_loss:  0.28386
INFO|2024-09-25 15:49:23: 	Train: PQ_Vm_rmse: 0.00396661  PQ_Va_rmse: 0.06459162  PV_Va_rmse: 0.09043050  delta_p: 0.46770140  delta_q: 0.09972397  
INFO|2024-09-25 15:49:23: 	ZTest: PQ_Vm_rmse: 0.00711553  PQ_Va_rmse: 0.10169303  PV_Va_rmse: 0.13029959  delta_p: 0.61669220  delta_q: 0.13452499  
INFO|2024-09-25 15:49:23: 	ZTest-ema: PQ_Vm_rmse: 0.006940  PQ_Va_rmse: 0.100988  PV_Va_rmse: 0.129809  delta_p: 0.614370  delta_q: 0.134673  
INFO|2024-09-25 15:49:23: 	           ValOfEMA:0.129809/0.126567,  Epoch:88/52
INFO|2024-09-25 15:49:24: 	Time(ep):151s,  Val(curr/best):0.130300/0.126772,  Epoch(curr/best):88/49
INFO|2024-09-25 15:49:24: -------------------- Epoch: 89 --------------------
INFO|2024-09-25 15:49:35: Epoch[089/100], iter[040/392], loss_total:0.18408, loss_equ:0.60434 loss_pq_vm:0.00226 loss_pq_va:0.04268 loss_pv_va:0.05833
INFO|2024-09-25 15:49:46: Epoch[089/100], iter[079/392], loss_total:0.18141, loss_equ:0.60058 loss_pq_vm:0.00235 loss_pq_va:0.04178 loss_pv_va:0.05604
INFO|2024-09-25 15:49:57: Epoch[089/100], iter[118/392], loss_total:0.19755, loss_equ:0.61561 loss_pq_vm:0.00249 loss_pq_va:0.04798 loss_pv_va:0.06313
INFO|2024-09-25 15:50:08: Epoch[089/100], iter[157/392], loss_total:0.19864, loss_equ:0.61816 loss_pq_vm:0.00232 loss_pq_va:0.04835 loss_pv_va:0.06532
INFO|2024-09-25 15:50:18: Epoch[089/100], iter[196/392], loss_total:0.18995, loss_equ:0.60448 loss_pq_vm:0.00211 loss_pq_va:0.04566 loss_pv_va:0.06269
INFO|2024-09-25 15:50:29: Epoch[089/100], iter[235/392], loss_total:0.18544, loss_equ:0.60398 loss_pq_vm:0.00226 loss_pq_va:0.04375 loss_pv_va:0.05868
INFO|2024-09-25 15:50:40: Epoch[089/100], iter[274/392], loss_total:0.18469, loss_equ:0.59731 loss_pq_vm:0.00222 loss_pq_va:0.04309 loss_pv_va:0.05971
INFO|2024-09-25 15:50:51: Epoch[089/100], iter[313/392], loss_total:0.19415, loss_equ:0.62336 loss_pq_vm:0.00227 loss_pq_va:0.04549 loss_pv_va:0.06363
INFO|2024-09-25 15:51:01: Epoch[089/100], iter[352/392], loss_total:0.19064, loss_equ:0.62306 loss_pq_vm:0.00235 loss_pq_va:0.04450 loss_pv_va:0.06033
INFO|2024-09-25 15:51:12: Epoch[089/100], iter[392/392], loss_total:0.19712, loss_equ:0.63080 loss_pq_vm:0.00239 loss_pq_va:0.04694 loss_pv_va:0.06325
INFO|2024-09-25 15:51:56: Epoch 88/100, lr:  0.00003926, eta: 0.47h, train_loss:  0.19147, valid_loss:  0.28284
INFO|2024-09-25 15:51:56: 	Train: PQ_Vm_rmse: 0.00395716  PQ_Va_rmse: 0.06445061  PV_Va_rmse: 0.09026545  delta_p: 0.46716793  delta_q: 0.09959623  
INFO|2024-09-25 15:51:56: 	ZTest: PQ_Vm_rmse: 0.00702190  PQ_Va_rmse: 0.10138330  PV_Va_rmse: 0.13028867  delta_p: 0.61438268  delta_q: 0.13419631  
INFO|2024-09-25 15:51:56: 	ZTest-ema: PQ_Vm_rmse: 0.006944  PQ_Va_rmse: 0.101057  PV_Va_rmse: 0.129850  delta_p: 0.614191  delta_q: 0.134636  
INFO|2024-09-25 15:51:56: 	           ValOfEMA:0.129850/0.126567,  Epoch:89/52
INFO|2024-09-25 15:51:57: 	Time(ep):152s,  Val(curr/best):0.130289/0.126772,  Epoch(curr/best):89/49
INFO|2024-09-25 15:51:57: -------------------- Epoch: 90 --------------------
INFO|2024-09-25 15:52:09: Epoch[090/100], iter[040/392], loss_total:0.18994, loss_equ:0.61853 loss_pq_vm:0.00226 loss_pq_va:0.04405 loss_pv_va:0.06145
INFO|2024-09-25 15:52:19: Epoch[090/100], iter[079/392], loss_total:0.19502, loss_equ:0.61425 loss_pq_vm:0.00240 loss_pq_va:0.04676 loss_pv_va:0.06288
INFO|2024-09-25 15:52:29: Epoch[090/100], iter[118/392], loss_total:0.19601, loss_equ:0.62110 loss_pq_vm:0.00235 loss_pq_va:0.04601 loss_pv_va:0.06444
INFO|2024-09-25 15:52:40: Epoch[090/100], iter[157/392], loss_total:0.19103, loss_equ:0.61173 loss_pq_vm:0.00237 loss_pq_va:0.04495 loss_pv_va:0.06119
INFO|2024-09-25 15:52:50: Epoch[090/100], iter[196/392], loss_total:0.18641, loss_equ:0.59902 loss_pq_vm:0.00222 loss_pq_va:0.04400 loss_pv_va:0.06035
INFO|2024-09-25 15:53:00: Epoch[090/100], iter[235/392], loss_total:0.18368, loss_equ:0.59108 loss_pq_vm:0.00229 loss_pq_va:0.04308 loss_pv_va:0.05862
INFO|2024-09-25 15:53:10: Epoch[090/100], iter[274/392], loss_total:0.19462, loss_equ:0.62507 loss_pq_vm:0.00231 loss_pq_va:0.04636 loss_pv_va:0.06264
INFO|2024-09-25 15:53:21: Epoch[090/100], iter[313/392], loss_total:0.19069, loss_equ:0.60903 loss_pq_vm:0.00235 loss_pq_va:0.04560 loss_pv_va:0.06068
INFO|2024-09-25 15:53:31: Epoch[090/100], iter[352/392], loss_total:0.19369, loss_equ:0.61040 loss_pq_vm:0.00226 loss_pq_va:0.04673 loss_pv_va:0.06328
INFO|2024-09-25 15:53:42: Epoch[090/100], iter[392/392], loss_total:0.18026, loss_equ:0.59364 loss_pq_vm:0.00228 loss_pq_va:0.04116 loss_pv_va:0.05698
INFO|2024-09-25 15:54:29: Epoch 89/100, lr:  0.00003423, eta: 0.42h, train_loss:  0.19108, valid_loss:  0.28183
INFO|2024-09-25 15:54:29: 	Train: PQ_Vm_rmse: 0.00394934  PQ_Va_rmse: 0.06437187  PV_Va_rmse: 0.09012344  delta_p: 0.46648435  delta_q: 0.09940234  
INFO|2024-09-25 15:54:29: 	ZTest: PQ_Vm_rmse: 0.00692351  PQ_Va_rmse: 0.10123043  PV_Va_rmse: 0.13005933  delta_p: 0.61596446  delta_q: 0.13550464  
INFO|2024-09-25 15:54:29: 	ZTest-ema: PQ_Vm_rmse: 0.006937  PQ_Va_rmse: 0.101089  PV_Va_rmse: 0.129960  delta_p: 0.614899  delta_q: 0.134680  
INFO|2024-09-25 15:54:29: 	           ValOfEMA:0.129960/0.126567,  Epoch:90/52
INFO|2024-09-25 15:54:29: 	Time(ep):151s,  Val(curr/best):0.130059/0.126772,  Epoch(curr/best):90/49
INFO|2024-09-25 15:54:29: -------------------- Epoch: 91 --------------------
INFO|2024-09-25 15:54:41: Epoch[091/100], iter[040/392], loss_total:0.19239, loss_equ:0.61065 loss_pq_vm:0.00234 loss_pq_va:0.04553 loss_pv_va:0.06236
INFO|2024-09-25 15:54:52: Epoch[091/100], iter[079/392], loss_total:0.19396, loss_equ:0.61233 loss_pq_vm:0.00228 loss_pq_va:0.04627 loss_pv_va:0.06368
INFO|2024-09-25 15:55:03: Epoch[091/100], iter[118/392], loss_total:0.20037, loss_equ:0.62347 loss_pq_vm:0.00237 loss_pq_va:0.04808 loss_pv_va:0.06625
INFO|2024-09-25 15:55:13: Epoch[091/100], iter[157/392], loss_total:0.18558, loss_equ:0.60037 loss_pq_vm:0.00227 loss_pq_va:0.04386 loss_pv_va:0.05899
INFO|2024-09-25 15:55:24: Epoch[091/100], iter[196/392], loss_total:0.18439, loss_equ:0.60345 loss_pq_vm:0.00214 loss_pq_va:0.04381 loss_pv_va:0.05878
INFO|2024-09-25 15:55:34: Epoch[091/100], iter[235/392], loss_total:0.19010, loss_equ:0.61387 loss_pq_vm:0.00223 loss_pq_va:0.04516 loss_pv_va:0.06127
INFO|2024-09-25 15:55:45: Epoch[091/100], iter[274/392], loss_total:0.18159, loss_equ:0.60412 loss_pq_vm:0.00235 loss_pq_va:0.04131 loss_pv_va:0.05641
INFO|2024-09-25 15:55:56: Epoch[091/100], iter[313/392], loss_total:0.18602, loss_equ:0.61654 loss_pq_vm:0.00227 loss_pq_va:0.04277 loss_pv_va:0.05889
INFO|2024-09-25 15:56:06: Epoch[091/100], iter[352/392], loss_total:0.18478, loss_equ:0.60564 loss_pq_vm:0.00227 loss_pq_va:0.04267 loss_pv_va:0.05886
INFO|2024-09-25 15:56:17: Epoch[091/100], iter[392/392], loss_total:0.19348, loss_equ:0.61072 loss_pq_vm:0.00229 loss_pq_va:0.04647 loss_pv_va:0.06300
INFO|2024-09-25 15:57:03: Epoch 90/100, lr:  0.00002965, eta: 0.38h, train_loss:  0.19086, valid_loss:  0.28288
INFO|2024-09-25 15:57:03: 	Train: PQ_Vm_rmse: 0.00394610  PQ_Va_rmse: 0.06431838  PV_Va_rmse: 0.09007471  delta_p: 0.46600319  delta_q: 0.09928709  
INFO|2024-09-25 15:57:03: 	ZTest: PQ_Vm_rmse: 0.00702663  PQ_Va_rmse: 0.10120197  PV_Va_rmse: 0.13007528  delta_p: 0.61611668  delta_q: 0.13567719  
INFO|2024-09-25 15:57:03: 	ZTest-ema: PQ_Vm_rmse: 0.006938  PQ_Va_rmse: 0.101118  PV_Va_rmse: 0.130064  delta_p: 0.615206  delta_q: 0.134797  
INFO|2024-09-25 15:57:03: 	           ValOfEMA:0.130064/0.126567,  Epoch:91/52
INFO|2024-09-25 15:57:04: 	Time(ep):153s,  Val(curr/best):0.130075/0.126772,  Epoch(curr/best):91/49
INFO|2024-09-25 15:57:04: -------------------- Epoch: 92 --------------------
INFO|2024-09-25 15:57:15: Epoch[092/100], iter[040/392], loss_total:0.18218, loss_equ:0.60457 loss_pq_vm:0.00208 loss_pq_va:0.04242 loss_pv_va:0.05847
INFO|2024-09-25 15:57:26: Epoch[092/100], iter[079/392], loss_total:0.18751, loss_equ:0.61616 loss_pq_vm:0.00220 loss_pq_va:0.04353 loss_pv_va:0.06039
INFO|2024-09-25 15:57:37: Epoch[092/100], iter[118/392], loss_total:0.18891, loss_equ:0.61139 loss_pq_vm:0.00229 loss_pq_va:0.04410 loss_pv_va:0.06081
INFO|2024-09-25 15:57:48: Epoch[092/100], iter[157/392], loss_total:0.19403, loss_equ:0.62296 loss_pq_vm:0.00236 loss_pq_va:0.04555 loss_pv_va:0.06261
INFO|2024-09-25 15:57:58: Epoch[092/100], iter[196/392], loss_total:0.18501, loss_equ:0.59664 loss_pq_vm:0.00225 loss_pq_va:0.04356 loss_pv_va:0.05929
INFO|2024-09-25 15:58:09: Epoch[092/100], iter[235/392], loss_total:0.19295, loss_equ:0.62934 loss_pq_vm:0.00228 loss_pq_va:0.04477 loss_pv_va:0.06245
INFO|2024-09-25 15:58:20: Epoch[092/100], iter[274/392], loss_total:0.19773, loss_equ:0.62279 loss_pq_vm:0.00238 loss_pq_va:0.04698 loss_pv_va:0.06472
INFO|2024-09-25 15:58:30: Epoch[092/100], iter[313/392], loss_total:0.19096, loss_equ:0.61399 loss_pq_vm:0.00228 loss_pq_va:0.04512 loss_pv_va:0.06161
INFO|2024-09-25 15:58:41: Epoch[092/100], iter[352/392], loss_total:0.20944, loss_equ:0.64655 loss_pq_vm:0.00249 loss_pq_va:0.05109 loss_pv_va:0.06878
INFO|2024-09-25 15:58:52: Epoch[092/100], iter[392/392], loss_total:0.19181, loss_equ:0.60847 loss_pq_vm:0.00231 loss_pq_va:0.04641 loss_pv_va:0.06150
INFO|2024-09-25 15:59:38: Epoch 91/100, lr:  0.00002555, eta: 0.34h, train_loss:  0.19054, valid_loss:  0.28268
INFO|2024-09-25 15:59:38: 	Train: PQ_Vm_rmse: 0.00394147  PQ_Va_rmse: 0.06423413  PV_Va_rmse: 0.08996332  delta_p: 0.46561717  delta_q: 0.09920027  
INFO|2024-09-25 15:59:38: 	ZTest: PQ_Vm_rmse: 0.00693395  PQ_Va_rmse: 0.10128290  PV_Va_rmse: 0.13050377  delta_p: 0.61781702  delta_q: 0.13451168  
INFO|2024-09-25 15:59:38: 	ZTest-ema: PQ_Vm_rmse: 0.006939  PQ_Va_rmse: 0.101144  PV_Va_rmse: 0.130124  delta_p: 0.615786  delta_q: 0.134824  
INFO|2024-09-25 15:59:38: 	           ValOfEMA:0.130124/0.126567,  Epoch:92/52
INFO|2024-09-25 15:59:38: 	Time(ep):153s,  Val(curr/best):0.130504/0.126772,  Epoch(curr/best):92/49
INFO|2024-09-25 15:59:38: -------------------- Epoch: 93 --------------------
INFO|2024-09-25 15:59:50: Epoch[093/100], iter[040/392], loss_total:0.19183, loss_equ:0.61344 loss_pq_vm:0.00213 loss_pq_va:0.04603 loss_pv_va:0.06312
INFO|2024-09-25 16:00:01: Epoch[093/100], iter[079/392], loss_total:0.18787, loss_equ:0.59114 loss_pq_vm:0.00223 loss_pq_va:0.04575 loss_pv_va:0.06071
INFO|2024-09-25 16:00:12: Epoch[093/100], iter[118/392], loss_total:0.19285, loss_equ:0.60587 loss_pq_vm:0.00226 loss_pq_va:0.04648 loss_pv_va:0.06323
INFO|2024-09-25 16:00:22: Epoch[093/100], iter[157/392], loss_total:0.19399, loss_equ:0.61470 loss_pq_vm:0.00235 loss_pq_va:0.04608 loss_pv_va:0.06295
INFO|2024-09-25 16:00:33: Epoch[093/100], iter[196/392], loss_total:0.19348, loss_equ:0.60141 loss_pq_vm:0.00236 loss_pq_va:0.04674 loss_pv_va:0.06299
INFO|2024-09-25 16:00:44: Epoch[093/100], iter[235/392], loss_total:0.19040, loss_equ:0.61338 loss_pq_vm:0.00220 loss_pq_va:0.04490 loss_pv_va:0.06219
INFO|2024-09-25 16:00:54: Epoch[093/100], iter[274/392], loss_total:0.19450, loss_equ:0.62704 loss_pq_vm:0.00226 loss_pq_va:0.04572 loss_pv_va:0.06352
INFO|2024-09-25 16:01:05: Epoch[093/100], iter[313/392], loss_total:0.19562, loss_equ:0.62026 loss_pq_vm:0.00223 loss_pq_va:0.04720 loss_pv_va:0.06407
INFO|2024-09-25 16:01:16: Epoch[093/100], iter[352/392], loss_total:0.19274, loss_equ:0.61094 loss_pq_vm:0.00239 loss_pq_va:0.04601 loss_pv_va:0.06172
INFO|2024-09-25 16:01:27: Epoch[093/100], iter[392/392], loss_total:0.19520, loss_equ:0.61627 loss_pq_vm:0.00231 loss_pq_va:0.04610 loss_pv_va:0.06442
INFO|2024-09-25 16:02:13: Epoch 92/100, lr:  0.00002192, eta: 0.3h, train_loss:  0.19031, valid_loss:  0.28258
INFO|2024-09-25 16:02:13: 	Train: PQ_Vm_rmse: 0.00393912  PQ_Va_rmse: 0.06416635  PV_Va_rmse: 0.08987123  delta_p: 0.46509319  delta_q: 0.09906817  
INFO|2024-09-25 16:02:13: 	ZTest: PQ_Vm_rmse: 0.00697226  PQ_Va_rmse: 0.10144706  PV_Va_rmse: 0.13032446  delta_p: 0.61564111  delta_q: 0.13544320  
INFO|2024-09-25 16:02:13: 	ZTest-ema: PQ_Vm_rmse: 0.006941  PQ_Va_rmse: 0.101151  PV_Va_rmse: 0.130145  delta_p: 0.615811  delta_q: 0.134808  
INFO|2024-09-25 16:02:13: 	           ValOfEMA:0.130145/0.126567,  Epoch:93/52
INFO|2024-09-25 16:02:14: 	Time(ep):154s,  Val(curr/best):0.130324/0.126772,  Epoch(curr/best):93/49
INFO|2024-09-25 16:02:14: -------------------- Epoch: 94 --------------------
INFO|2024-09-25 16:02:25: Epoch[094/100], iter[040/392], loss_total:0.18211, loss_equ:0.59568 loss_pq_vm:0.00217 loss_pq_va:0.04296 loss_pv_va:0.05786
INFO|2024-09-25 16:02:36: Epoch[094/100], iter[079/392], loss_total:0.18605, loss_equ:0.59551 loss_pq_vm:0.00246 loss_pq_va:0.04342 loss_pv_va:0.05846
INFO|2024-09-25 16:02:47: Epoch[094/100], iter[118/392], loss_total:0.18868, loss_equ:0.60503 loss_pq_vm:0.00231 loss_pq_va:0.04403 loss_pv_va:0.06102
INFO|2024-09-25 16:02:58: Epoch[094/100], iter[157/392], loss_total:0.18731, loss_equ:0.60753 loss_pq_vm:0.00214 loss_pq_va:0.04352 loss_pv_va:0.06166
INFO|2024-09-25 16:03:08: Epoch[094/100], iter[196/392], loss_total:0.17900, loss_equ:0.58639 loss_pq_vm:0.00227 loss_pq_va:0.04149 loss_pv_va:0.05614
INFO|2024-09-25 16:03:19: Epoch[094/100], iter[235/392], loss_total:0.19211, loss_equ:0.61098 loss_pq_vm:0.00236 loss_pq_va:0.04579 loss_pv_va:0.06164
INFO|2024-09-25 16:03:30: Epoch[094/100], iter[274/392], loss_total:0.19525, loss_equ:0.61925 loss_pq_vm:0.00231 loss_pq_va:0.04648 loss_pv_va:0.06377
INFO|2024-09-25 16:03:41: Epoch[094/100], iter[313/392], loss_total:0.19842, loss_equ:0.63749 loss_pq_vm:0.00236 loss_pq_va:0.04745 loss_pv_va:0.06367
INFO|2024-09-25 16:03:51: Epoch[094/100], iter[352/392], loss_total:0.19023, loss_equ:0.60869 loss_pq_vm:0.00234 loss_pq_va:0.04478 loss_pv_va:0.06123
INFO|2024-09-25 16:04:02: Epoch[094/100], iter[392/392], loss_total:0.20043, loss_equ:0.62535 loss_pq_vm:0.00244 loss_pq_va:0.04865 loss_pv_va:0.06483
INFO|2024-09-25 16:04:47: Epoch 93/100, lr:  0.00001877, eta: 0.26h, train_loss:  0.19002, valid_loss:  0.28214
INFO|2024-09-25 16:04:47: 	Train: PQ_Vm_rmse: 0.00392961  PQ_Va_rmse: 0.06410090  PV_Va_rmse: 0.08978346  delta_p: 0.46457221  delta_q: 0.09896541  
INFO|2024-09-25 16:04:47: 	ZTest: PQ_Vm_rmse: 0.00693062  PQ_Va_rmse: 0.10100176  PV_Va_rmse: 0.13012394  delta_p: 0.61767087  delta_q: 0.13567332  
INFO|2024-09-25 16:04:47: 	ZTest-ema: PQ_Vm_rmse: 0.006936  PQ_Va_rmse: 0.101155  PV_Va_rmse: 0.130219  delta_p: 0.616402  delta_q: 0.134793  
INFO|2024-09-25 16:04:47: 	           ValOfEMA:0.130219/0.126567,  Epoch:94/52
INFO|2024-09-25 16:04:48: 	Time(ep):153s,  Val(curr/best):0.130124/0.126772,  Epoch(curr/best):94/49
INFO|2024-09-25 16:04:48: -------------------- Epoch: 95 --------------------
INFO|2024-09-25 16:05:00: Epoch[095/100], iter[040/392], loss_total:0.18004, loss_equ:0.58865 loss_pq_vm:0.00216 loss_pq_va:0.04227 loss_pv_va:0.05736
INFO|2024-09-25 16:05:11: Epoch[095/100], iter[079/392], loss_total:0.18713, loss_equ:0.59793 loss_pq_vm:0.00221 loss_pq_va:0.04475 loss_pv_va:0.06047
INFO|2024-09-25 16:05:21: Epoch[095/100], iter[118/392], loss_total:0.18510, loss_equ:0.60449 loss_pq_vm:0.00234 loss_pq_va:0.04419 loss_pv_va:0.05708
INFO|2024-09-25 16:05:32: Epoch[095/100], iter[157/392], loss_total:0.18872, loss_equ:0.61383 loss_pq_vm:0.00228 loss_pq_va:0.04424 loss_pv_va:0.06033
INFO|2024-09-25 16:05:43: Epoch[095/100], iter[196/392], loss_total:0.18593, loss_equ:0.60082 loss_pq_vm:0.00228 loss_pq_va:0.04357 loss_pv_va:0.05952
INFO|2024-09-25 16:05:53: Epoch[095/100], iter[235/392], loss_total:0.19510, loss_equ:0.61408 loss_pq_vm:0.00250 loss_pq_va:0.04607 loss_pv_va:0.06261
INFO|2024-09-25 16:06:04: Epoch[095/100], iter[274/392], loss_total:0.19776, loss_equ:0.62921 loss_pq_vm:0.00255 loss_pq_va:0.04598 loss_pv_va:0.06337
INFO|2024-09-25 16:06:15: Epoch[095/100], iter[313/392], loss_total:0.19480, loss_equ:0.60765 loss_pq_vm:0.00232 loss_pq_va:0.04695 loss_pv_va:0.06385
INFO|2024-09-25 16:06:25: Epoch[095/100], iter[352/392], loss_total:0.18895, loss_equ:0.61958 loss_pq_vm:0.00220 loss_pq_va:0.04390 loss_pv_va:0.06104
INFO|2024-09-25 16:06:36: Epoch[095/100], iter[392/392], loss_total:0.18954, loss_equ:0.61148 loss_pq_vm:0.00224 loss_pq_va:0.04567 loss_pv_va:0.06037
INFO|2024-09-25 16:07:22: Epoch 94/100, lr:  0.00001609, eta: 0.21h, train_loss:  0.18979, valid_loss:  0.28282
INFO|2024-09-25 16:07:22: 	Train: PQ_Vm_rmse: 0.00392771  PQ_Va_rmse: 0.06404480  PV_Va_rmse: 0.08967250  delta_p: 0.46411530  delta_q: 0.09884442  
INFO|2024-09-25 16:07:22: 	ZTest: PQ_Vm_rmse: 0.00696079  PQ_Va_rmse: 0.10120573  PV_Va_rmse: 0.13041089  delta_p: 0.61837677  delta_q: 0.13542608  
INFO|2024-09-25 16:07:22: 	ZTest-ema: PQ_Vm_rmse: 0.006945  PQ_Va_rmse: 0.101185  PV_Va_rmse: 0.130271  delta_p: 0.616814  delta_q: 0.134894  
INFO|2024-09-25 16:07:22: 	           ValOfEMA:0.130271/0.126567,  Epoch:95/52
INFO|2024-09-25 16:07:23: 	Time(ep):154s,  Val(curr/best):0.130411/0.126772,  Epoch(curr/best):95/49
INFO|2024-09-25 16:07:23: -------------------- Epoch: 96 --------------------
INFO|2024-09-25 16:07:35: Epoch[096/100], iter[040/392], loss_total:0.19869, loss_equ:0.61828 loss_pq_vm:0.00240 loss_pq_va:0.04717 loss_pv_va:0.06569
INFO|2024-09-25 16:07:47: Epoch[096/100], iter[079/392], loss_total:0.19555, loss_equ:0.60891 loss_pq_vm:0.00253 loss_pq_va:0.04699 loss_pv_va:0.06241
INFO|2024-09-25 16:07:58: Epoch[096/100], iter[118/392], loss_total:0.18338, loss_equ:0.59616 loss_pq_vm:0.00211 loss_pq_va:0.04323 loss_pv_va:0.05943
INFO|2024-09-25 16:08:09: Epoch[096/100], iter[157/392], loss_total:0.19505, loss_equ:0.62378 loss_pq_vm:0.00240 loss_pq_va:0.04593 loss_pv_va:0.06278
INFO|2024-09-25 16:08:20: Epoch[096/100], iter[196/392], loss_total:0.18698, loss_equ:0.59087 loss_pq_vm:0.00247 loss_pq_va:0.04380 loss_pv_va:0.05934
INFO|2024-09-25 16:08:31: Epoch[096/100], iter[235/392], loss_total:0.17907, loss_equ:0.59561 loss_pq_vm:0.00203 loss_pq_va:0.04176 loss_pv_va:0.05746
INFO|2024-09-25 16:08:42: Epoch[096/100], iter[274/392], loss_total:0.19509, loss_equ:0.61788 loss_pq_vm:0.00247 loss_pq_va:0.04655 loss_pv_va:0.06209
INFO|2024-09-25 16:08:54: Epoch[096/100], iter[313/392], loss_total:0.19648, loss_equ:0.62828 loss_pq_vm:0.00250 loss_pq_va:0.04597 loss_pv_va:0.06272
INFO|2024-09-25 16:09:04: Epoch[096/100], iter[352/392], loss_total:0.18592, loss_equ:0.60013 loss_pq_vm:0.00232 loss_pq_va:0.04424 loss_pv_va:0.05846
INFO|2024-09-25 16:09:16: Epoch[096/100], iter[392/392], loss_total:0.18531, loss_equ:0.60552 loss_pq_vm:0.00210 loss_pq_va:0.04357 loss_pv_va:0.06023
INFO|2024-09-25 16:10:01: Epoch 95/100, lr:  0.00001390, eta: 0.18h, train_loss:  0.18966, valid_loss:  0.28249
INFO|2024-09-25 16:10:01: 	Train: PQ_Vm_rmse: 0.00392208  PQ_Va_rmse: 0.06399811  PV_Va_rmse: 0.08964032  delta_p: 0.46401238  delta_q: 0.09879563  
INFO|2024-09-25 16:10:01: 	ZTest: PQ_Vm_rmse: 0.00694615  PQ_Va_rmse: 0.10131809  PV_Va_rmse: 0.13052278  delta_p: 0.61718587  delta_q: 0.13436965  
INFO|2024-09-25 16:10:01: 	ZTest-ema: PQ_Vm_rmse: 0.006943  PQ_Va_rmse: 0.101232  PV_Va_rmse: 0.130311  delta_p: 0.616600  delta_q: 0.134940  
INFO|2024-09-25 16:10:01: 	           ValOfEMA:0.130311/0.126567,  Epoch:96/52
INFO|2024-09-25 16:10:02: 	Time(ep):158s,  Val(curr/best):0.130523/0.126772,  Epoch(curr/best):96/49
INFO|2024-09-25 16:10:02: -------------------- Epoch: 97 --------------------
INFO|2024-09-25 16:10:14: Epoch[097/100], iter[040/392], loss_total:0.20477, loss_equ:0.63286 loss_pq_vm:0.00253 loss_pq_va:0.04900 loss_pv_va:0.06715
INFO|2024-09-25 16:10:25: Epoch[097/100], iter[079/392], loss_total:0.18765, loss_equ:0.60933 loss_pq_vm:0.00220 loss_pq_va:0.04467 loss_pv_va:0.06002
INFO|2024-09-25 16:10:36: Epoch[097/100], iter[118/392], loss_total:0.18805, loss_equ:0.61166 loss_pq_vm:0.00222 loss_pq_va:0.04430 loss_pv_va:0.06042
INFO|2024-09-25 16:10:48: Epoch[097/100], iter[157/392], loss_total:0.17972, loss_equ:0.60132 loss_pq_vm:0.00204 loss_pq_va:0.04121 loss_pv_va:0.05802
INFO|2024-09-25 16:10:58: Epoch[097/100], iter[196/392], loss_total:0.19015, loss_equ:0.61169 loss_pq_vm:0.00226 loss_pq_va:0.04505 loss_pv_va:0.06134
INFO|2024-09-25 16:11:10: Epoch[097/100], iter[235/392], loss_total:0.18173, loss_equ:0.60437 loss_pq_vm:0.00211 loss_pq_va:0.04218 loss_pv_va:0.05800
INFO|2024-09-25 16:11:21: Epoch[097/100], iter[274/392], loss_total:0.18688, loss_equ:0.60704 loss_pq_vm:0.00222 loss_pq_va:0.04445 loss_pv_va:0.05953
INFO|2024-09-25 16:11:32: Epoch[097/100], iter[313/392], loss_total:0.18696, loss_equ:0.60561 loss_pq_vm:0.00221 loss_pq_va:0.04433 loss_pv_va:0.05996
INFO|2024-09-25 16:11:43: Epoch[097/100], iter[352/392], loss_total:0.18756, loss_equ:0.60727 loss_pq_vm:0.00218 loss_pq_va:0.04380 loss_pv_va:0.06120
INFO|2024-09-25 16:11:54: Epoch[097/100], iter[392/392], loss_total:0.19759, loss_equ:0.60627 loss_pq_vm:0.00240 loss_pq_va:0.04854 loss_pv_va:0.06440
INFO|2024-09-25 16:12:40: Epoch 96/100, lr:  0.00001220, eta: 0.13h, train_loss:  0.18951, valid_loss:  0.28223
INFO|2024-09-25 16:12:40: 	Train: PQ_Vm_rmse: 0.00392187  PQ_Va_rmse: 0.06395016  PV_Va_rmse: 0.08956711  delta_p: 0.46375147  delta_q: 0.09872729  
INFO|2024-09-25 16:12:40: 	ZTest: PQ_Vm_rmse: 0.00692652  PQ_Va_rmse: 0.10127297  PV_Va_rmse: 0.13045432  delta_p: 0.61558227  delta_q: 0.13439218  
INFO|2024-09-25 16:12:40: 	ZTest-ema: PQ_Vm_rmse: 0.006941  PQ_Va_rmse: 0.101217  PV_Va_rmse: 0.130322  delta_p: 0.616978  delta_q: 0.134927  
INFO|2024-09-25 16:12:40: 	           ValOfEMA:0.130322/0.126567,  Epoch:97/52
INFO|2024-09-25 16:12:40: 	Time(ep):157s,  Val(curr/best):0.130454/0.126772,  Epoch(curr/best):97/49
INFO|2024-09-25 16:12:40: -------------------- Epoch: 98 --------------------
INFO|2024-09-25 16:12:52: Epoch[098/100], iter[040/392], loss_total:0.19158, loss_equ:0.61138 loss_pq_vm:0.00236 loss_pq_va:0.04548 loss_pv_va:0.06140
INFO|2024-09-25 16:13:03: Epoch[098/100], iter[079/392], loss_total:0.18927, loss_equ:0.60312 loss_pq_vm:0.00224 loss_pq_va:0.04575 loss_pv_va:0.06083
INFO|2024-09-25 16:13:15: Epoch[098/100], iter[118/392], loss_total:0.19848, loss_equ:0.62926 loss_pq_vm:0.00252 loss_pq_va:0.04707 loss_pv_va:0.06332
INFO|2024-09-25 16:13:26: Epoch[098/100], iter[157/392], loss_total:0.20524, loss_equ:0.63995 loss_pq_vm:0.00236 loss_pq_va:0.05042 loss_pv_va:0.06723
INFO|2024-09-25 16:13:37: Epoch[098/100], iter[196/392], loss_total:0.18854, loss_equ:0.60116 loss_pq_vm:0.00229 loss_pq_va:0.04517 loss_pv_va:0.06036
INFO|2024-09-25 16:13:48: Epoch[098/100], iter[235/392], loss_total:0.18771, loss_equ:0.61567 loss_pq_vm:0.00238 loss_pq_va:0.04314 loss_pv_va:0.05925
INFO|2024-09-25 16:13:59: Epoch[098/100], iter[274/392], loss_total:0.18236, loss_equ:0.59256 loss_pq_vm:0.00218 loss_pq_va:0.04275 loss_pv_va:0.05856
INFO|2024-09-25 16:14:10: Epoch[098/100], iter[313/392], loss_total:0.18468, loss_equ:0.59702 loss_pq_vm:0.00229 loss_pq_va:0.04334 loss_pv_va:0.05870
INFO|2024-09-25 16:14:21: Epoch[098/100], iter[352/392], loss_total:0.19560, loss_equ:0.62847 loss_pq_vm:0.00240 loss_pq_va:0.04585 loss_pv_va:0.06290
INFO|2024-09-25 16:14:32: Epoch[098/100], iter[392/392], loss_total:0.18704, loss_equ:0.60192 loss_pq_vm:0.00227 loss_pq_va:0.04390 loss_pv_va:0.06027
INFO|2024-09-25 16:15:19: Epoch 97/100, lr:  0.00001098, eta: 0.09h, train_loss:  0.18934, valid_loss:  0.28269
INFO|2024-09-25 16:15:19: 	Train: PQ_Vm_rmse: 0.00391790  PQ_Va_rmse: 0.06391902  PV_Va_rmse: 0.08951379  delta_p: 0.46350482  delta_q: 0.09864186  
INFO|2024-09-25 16:15:19: 	ZTest: PQ_Vm_rmse: 0.00697149  PQ_Va_rmse: 0.10118529  PV_Va_rmse: 0.13037129  delta_p: 0.61821334  delta_q: 0.13547210  
INFO|2024-09-25 16:15:19: 	ZTest-ema: PQ_Vm_rmse: 0.006935  PQ_Va_rmse: 0.101226  PV_Va_rmse: 0.130385  delta_p: 0.617519  delta_q: 0.135061  
INFO|2024-09-25 16:15:19: 	           ValOfEMA:0.130385/0.126567,  Epoch:98/52
INFO|2024-09-25 16:15:20: 	Time(ep):158s,  Val(curr/best):0.130371/0.126772,  Epoch(curr/best):98/49
INFO|2024-09-25 16:15:20: -------------------- Epoch: 99 --------------------
INFO|2024-09-25 16:15:32: Epoch[099/100], iter[040/392], loss_total:0.17969, loss_equ:0.59180 loss_pq_vm:0.00227 loss_pq_va:0.04173 loss_pv_va:0.05610
INFO|2024-09-25 16:15:43: Epoch[099/100], iter[079/392], loss_total:0.19268, loss_equ:0.61796 loss_pq_vm:0.00239 loss_pq_va:0.04515 loss_pv_va:0.06180
INFO|2024-09-25 16:15:54: Epoch[099/100], iter[118/392], loss_total:0.19179, loss_equ:0.60640 loss_pq_vm:0.00243 loss_pq_va:0.04552 loss_pv_va:0.06132
INFO|2024-09-25 16:16:05: Epoch[099/100], iter[157/392], loss_total:0.19051, loss_equ:0.60891 loss_pq_vm:0.00234 loss_pq_va:0.04535 loss_pv_va:0.06084
INFO|2024-09-25 16:16:16: Epoch[099/100], iter[196/392], loss_total:0.19260, loss_equ:0.61114 loss_pq_vm:0.00229 loss_pq_va:0.04606 loss_pv_va:0.06248
INFO|2024-09-25 16:16:27: Epoch[099/100], iter[235/392], loss_total:0.19437, loss_equ:0.63347 loss_pq_vm:0.00234 loss_pq_va:0.04501 loss_pv_va:0.06262
INFO|2024-09-25 16:16:38: Epoch[099/100], iter[274/392], loss_total:0.18538, loss_equ:0.60255 loss_pq_vm:0.00217 loss_pq_va:0.04343 loss_pv_va:0.06002
INFO|2024-09-25 16:16:49: Epoch[099/100], iter[313/392], loss_total:0.19670, loss_equ:0.61028 loss_pq_vm:0.00242 loss_pq_va:0.04739 loss_pv_va:0.06408
INFO|2024-09-25 16:17:00: Epoch[099/100], iter[352/392], loss_total:0.18736, loss_equ:0.60823 loss_pq_vm:0.00217 loss_pq_va:0.04439 loss_pv_va:0.06041
INFO|2024-09-25 16:17:11: Epoch[099/100], iter[392/392], loss_total:0.18859, loss_equ:0.61528 loss_pq_vm:0.00228 loss_pq_va:0.04419 loss_pv_va:0.06005
INFO|2024-09-25 16:17:57: Epoch 98/100, lr:  0.00001024, eta: 0.04h, train_loss:  0.18928, valid_loss:  0.28221
INFO|2024-09-25 16:17:57: 	Train: PQ_Vm_rmse: 0.00391812  PQ_Va_rmse: 0.06388819  PV_Va_rmse: 0.08948888  delta_p: 0.46350876  delta_q: 0.09860422  
INFO|2024-09-25 16:17:57: 	ZTest: PQ_Vm_rmse: 0.00690497  PQ_Va_rmse: 0.10124335  PV_Va_rmse: 0.13041470  delta_p: 0.61789621  delta_q: 0.13506532  
INFO|2024-09-25 16:17:57: 	ZTest-ema: PQ_Vm_rmse: 0.006938  PQ_Va_rmse: 0.101227  PV_Va_rmse: 0.130388  delta_p: 0.617559  delta_q: 0.134946  
INFO|2024-09-25 16:17:57: 	           ValOfEMA:0.130388/0.126567,  Epoch:99/52
INFO|2024-09-25 16:17:57: 	Time(ep):156s,  Val(curr/best):0.130415/0.126772,  Epoch(curr/best):99/49
INFO|2024-09-25 16:17:57: -------------------- Epoch: 100 --------------------
INFO|2024-09-25 16:18:09: Epoch[100/100], iter[040/392], loss_total:0.18805, loss_equ:0.59956 loss_pq_vm:0.00225 loss_pq_va:0.04556 loss_pv_va:0.05999
INFO|2024-09-25 16:18:20: Epoch[100/100], iter[079/392], loss_total:0.19303, loss_equ:0.61477 loss_pq_vm:0.00241 loss_pq_va:0.04611 loss_pv_va:0.06131
INFO|2024-09-25 16:18:31: Epoch[100/100], iter[118/392], loss_total:0.19128, loss_equ:0.60541 loss_pq_vm:0.00232 loss_pq_va:0.04604 loss_pv_va:0.06147
INFO|2024-09-25 16:18:42: Epoch[100/100], iter[157/392], loss_total:0.19179, loss_equ:0.61781 loss_pq_vm:0.00245 loss_pq_va:0.04548 loss_pv_va:0.05999
INFO|2024-09-25 16:18:53: Epoch[100/100], iter[196/392], loss_total:0.19073, loss_equ:0.60312 loss_pq_vm:0.00247 loss_pq_va:0.04505 loss_pv_va:0.06069
INFO|2024-09-25 16:19:04: Epoch[100/100], iter[235/392], loss_total:0.19388, loss_equ:0.61924 loss_pq_vm:0.00237 loss_pq_va:0.04552 loss_pv_va:0.06270
INFO|2024-09-25 16:19:15: Epoch[100/100], iter[274/392], loss_total:0.19257, loss_equ:0.61113 loss_pq_vm:0.00227 loss_pq_va:0.04639 loss_pv_va:0.06238
INFO|2024-09-25 16:19:26: Epoch[100/100], iter[313/392], loss_total:0.18870, loss_equ:0.61643 loss_pq_vm:0.00216 loss_pq_va:0.04424 loss_pv_va:0.06121
INFO|2024-09-25 16:19:37: Epoch[100/100], iter[352/392], loss_total:0.19747, loss_equ:0.63202 loss_pq_vm:0.00236 loss_pq_va:0.04706 loss_pv_va:0.06363
INFO|2024-09-25 16:19:49: Epoch[100/100], iter[392/392], loss_total:0.19464, loss_equ:0.62737 loss_pq_vm:0.00226 loss_pq_va:0.04614 loss_pv_va:0.06312
INFO|2024-09-25 16:20:32: Epoch 99/100, lr:  0.00001000, eta: 0.0h, train_loss:  0.18915, valid_loss:  0.28263
INFO|2024-09-25 16:20:32: 	Train: PQ_Vm_rmse: 0.00391465  PQ_Va_rmse: 0.06387977  PV_Va_rmse: 0.08945033  delta_p: 0.46304407  delta_q: 0.09855674  
INFO|2024-09-25 16:20:32: 	ZTest: PQ_Vm_rmse: 0.00694360  PQ_Va_rmse: 0.10129556  PV_Va_rmse: 0.13049716  delta_p: 0.61839260  delta_q: 0.13523593  
INFO|2024-09-25 16:20:32: 	ZTest-ema: PQ_Vm_rmse: 0.006937  PQ_Va_rmse: 0.101269  PV_Va_rmse: 0.130423  delta_p: 0.617399  delta_q: 0.134982  
INFO|2024-09-25 16:20:32: 	           ValOfEMA:0.130423/0.126567,  Epoch:100/52
INFO|2024-09-25 16:20:33: 	Time(ep):155s,  Val(curr/best):0.130497/0.126772,  Epoch(curr/best):100/49
