INFO|2024-09-26 14:07:08: 
{'batch_size': 256,
 'config': '/home/bingxing2/ailab/zhaozhen/energy/senseflow/configs/test_gnns_resgatedgraphconv_v2_2.yaml',
 'data': {'batch_size': 256,
          'batch_size_test': 256,
          'meta': {'edge': [['PQ', 'default', 'PQ'],
                            ['PQ', 'default', 'PV'],
                            ['PQ', 'default', 'Slack'],
                            ['PV', 'default', 'PQ'],
                            ['PV', 'default', 'PV'],
                            ['PV', 'default', 'Slack'],
                            ['Slack', 'default', 'PQ'],
                            ['Slack', 'default', 'PV']],
                   'node': ['PQ', 'PV', 'Slack']},
          'num_workers': 4,
          'train': {'data_root': '/',
                    'dataset_type': 'PowerFlowDataset',
                    'mask_num': 0,
                    'pq_len': 64,
                    'pv_len': 53,
                    'slack_len': 1,
                    'split_txt': '/home/bingxing2/ailab/zhaozhen/energy/senseflow/data_json/processed/10w_case118_n_n_1.json'},
          'val': {'data_root': '/',
                  'dataset_type': 'PowerFlowDataset',
                  'mask_num': 0,
                  'pq_len': 64,
                  'pv_len': 53,
                  'slack_len': 1,
                  'split_txt': '/home/bingxing2/ailab/zhaozhen/energy/senseflow/data_json/processed/2w_case118_n_2.json'}},
 'distributed': False,
 'flag_return_losses': True,
 'local_rank': 0,
 'log_path': './results/test_gnns_resgatedgraphconv_v2_2/2024_09_26_14_07_07',
 'loss': {'aggr': 'abs', 'filt_type': True, 'type': 'bi_deltapq_loss'},
 'mask_num': 0,
 'model': {'batch_size': 256,
           'ema_decay_param': 0.99,
           'ema_warmup_epoch': 10,
           'flag_use_edge_feat': False,
           'flag_use_ema': True,
           'flag_use_ffn': False,
           'flag_use_fusion': False,
           'flag_weighted_loss': True,
           'gcn_type': 'resgatedgraphconv',
           'heads_num': 4,
           'hidden_channels': 128,
           'loss_type': 'l1',
           'loss_weight_equ': 0.1,
           'loss_weight_va': 1.0,
           'loss_weight_vm': 10.0,
           'matrix': 'vm_va',
           'num_block': 8,
           'num_loops_test': -1,
           'num_loops_train': 8,
           'resume_ckpt_path': '',
           'scaling_factor_va': 0.01,
           'scaling_factor_vm': 0.01,
           'type': 'test_gnn',
           'with_norm': True},
 'ngpus': 1,
 'pq_len': 64,
 'pv_len': 53,
 'scheduler': {'eta_min': '1e-5', 'type': 'Cosine'},
 'seed': 2024,
 'slack_len': 1,
 'train': {'epochs': 100,
           'learning_rate': 0.001,
           'logs_freq': 10,
           'momentum': 0.9,
           'optimizer_type': 'Adam',
           'weight_decay': 0.0}}
INFO|2024-09-26 14:07:14: ==================== Total number of parameters: 4.358M
INFO|2024-09-26 14:07:14: -------------------- Epoch: 1 --------------------
INFO|2024-09-26 14:08:15: Epoch[001/100], iter[040/392], loss_total:3.63069, loss_equ:6.54188 loss_pq_vm:0.04995 loss_pq_va:1.27402 loss_pv_va:1.20301
INFO|2024-09-26 14:09:12: Epoch[001/100], iter[079/392], loss_total:2.89072, loss_equ:4.59755 loss_pq_vm:0.03657 loss_pq_va:1.06171 loss_pv_va:1.00359
INFO|2024-09-26 14:10:10: Epoch[001/100], iter[118/392], loss_total:2.52971, loss_equ:3.95879 loss_pq_vm:0.03753 loss_pq_va:0.89384 loss_pv_va:0.86467
INFO|2024-09-26 14:11:07: Epoch[001/100], iter[157/392], loss_total:2.55237, loss_equ:3.50000 loss_pq_vm:0.03838 loss_pq_va:0.92788 loss_pv_va:0.89065
INFO|2024-09-26 14:12:05: Epoch[001/100], iter[196/392], loss_total:2.36841, loss_equ:3.74832 loss_pq_vm:0.02887 loss_pq_va:0.86446 loss_pv_va:0.84046
INFO|2024-09-26 14:13:02: Epoch[001/100], iter[235/392], loss_total:2.17954, loss_equ:3.34323 loss_pq_vm:0.02730 loss_pq_va:0.79240 loss_pv_va:0.77980
INFO|2024-09-26 14:13:59: Epoch[001/100], iter[274/392], loss_total:2.19582, loss_equ:4.48364 loss_pq_vm:0.02231 loss_pq_va:0.77111 loss_pv_va:0.75327
INFO|2024-09-26 14:14:57: Epoch[001/100], iter[313/392], loss_total:2.09498, loss_equ:3.62253 loss_pq_vm:0.02271 loss_pq_va:0.74678 loss_pv_va:0.75883
INFO|2024-09-26 14:15:54: Epoch[001/100], iter[352/392], loss_total:1.82853, loss_equ:3.04802 loss_pq_vm:0.02001 loss_pq_va:0.67455 loss_pv_va:0.64904
INFO|2024-09-26 14:16:53: Epoch[001/100], iter[392/392], loss_total:1.86180, loss_equ:3.16559 loss_pq_vm:0.02352 loss_pq_va:0.66229 loss_pv_va:0.64774
INFO|2024-09-26 14:18:46: Epoch 0/100, lr:  0.00099976, eta: 19.03h, train_loss:  2.63959, valid_loss:  1.92669
INFO|2024-09-26 14:18:46: 	Train: PQ_Vm_rmse: 0.00366390  PQ_Va_rmse: 0.10725602  PV_Va_rmse: 0.10567607  delta_p: 0.26658895  delta_q: 0.05962653  
INFO|2024-09-26 14:18:46: 	ZTest: PQ_Vm_rmse: 0.00215218  PQ_Va_rmse: 0.07563095  PV_Va_rmse: 0.07580408  delta_p: 0.21729649  delta_q: 0.03050809  
INFO|2024-09-26 14:18:46: 	ZTest-ema: PQ_Vm_rmse: 0.002152  PQ_Va_rmse: 0.075631  PV_Va_rmse: 0.075804  delta_p: 0.217297  delta_q: 0.030508  
INFO|2024-09-26 14:18:46: 	           ValOfEMA:0.075804/0.075804,  Epoch:1/1
INFO|2024-09-26 14:18:47: 	Time(ep):692s,  Val(curr/best):0.075804/0.075804,  Epoch(curr/best):1/1
INFO|2024-09-26 14:18:47: -------------------- Epoch: 2 --------------------
INFO|2024-09-26 14:19:47: Epoch[002/100], iter[040/392], loss_total:1.84545, loss_equ:3.21179 loss_pq_vm:0.02012 loss_pq_va:0.67123 loss_pv_va:0.65184
INFO|2024-09-26 14:20:45: Epoch[002/100], iter[079/392], loss_total:2.22633, loss_equ:4.48935 loss_pq_vm:0.02650 loss_pq_va:0.74727 loss_pv_va:0.76514
INFO|2024-09-26 14:21:42: Epoch[002/100], iter[118/392], loss_total:1.93593, loss_equ:3.08797 loss_pq_vm:0.02895 loss_pq_va:0.67647 loss_pv_va:0.66116
INFO|2024-09-26 14:22:40: Epoch[002/100], iter[157/392], loss_total:1.93912, loss_equ:2.75787 loss_pq_vm:0.01896 loss_pq_va:0.74343 loss_pv_va:0.73031
INFO|2024-09-26 14:23:37: Epoch[002/100], iter[196/392], loss_total:1.58343, loss_equ:2.86407 loss_pq_vm:0.01769 loss_pq_va:0.56595 loss_pv_va:0.55421
INFO|2024-09-26 14:24:35: Epoch[002/100], iter[235/392], loss_total:1.51453, loss_equ:2.44827 loss_pq_vm:0.02281 loss_pq_va:0.52770 loss_pv_va:0.51385
INFO|2024-09-26 14:25:33: Epoch[002/100], iter[274/392], loss_total:1.76517, loss_equ:2.94118 loss_pq_vm:0.02974 loss_pq_va:0.59200 loss_pv_va:0.58163
INFO|2024-09-26 14:26:30: Epoch[002/100], iter[313/392], loss_total:1.68439, loss_equ:2.42796 loss_pq_vm:0.01500 loss_pq_va:0.64409 loss_pv_va:0.64752
INFO|2024-09-26 14:27:28: Epoch[002/100], iter[352/392], loss_total:1.53673, loss_equ:2.60668 loss_pq_vm:0.01671 loss_pq_va:0.56056 loss_pv_va:0.54843
INFO|2024-09-26 14:28:27: Epoch[002/100], iter[392/392], loss_total:1.36618, loss_equ:2.54620 loss_pq_vm:0.01532 loss_pq_va:0.48511 loss_pv_va:0.47329
INFO|2024-09-26 14:30:20: Epoch 1/100, lr:  0.00099902, eta: 18.86h, train_loss:  1.76003, valid_loss:  1.45767
INFO|2024-09-26 14:30:20: 	Train: PQ_Vm_rmse: 0.00140498  PQ_Va_rmse: 0.07658005  PV_Va_rmse: 0.07526445  delta_p: 0.15651278  delta_q: 0.02428039  
INFO|2024-09-26 14:30:20: 	ZTest: PQ_Vm_rmse: 0.00098867  PQ_Va_rmse: 0.05017687  PV_Va_rmse: 0.04865036  delta_p: 0.15427680  delta_q: 0.01881340  
INFO|2024-09-26 14:30:20: 	ZTest-ema: PQ_Vm_rmse: 0.000989  PQ_Va_rmse: 0.050177  PV_Va_rmse: 0.048650  delta_p: 0.154277  delta_q: 0.018813  
INFO|2024-09-26 14:30:20: 	           ValOfEMA:0.050177/0.050177,  Epoch:2/2
INFO|2024-09-26 14:30:21: 	Time(ep):692s,  Val(curr/best):0.050177/0.050177,  Epoch(curr/best):2/2
INFO|2024-09-26 14:30:21: -------------------- Epoch: 3 --------------------
INFO|2024-09-26 14:31:22: Epoch[003/100], iter[040/392], loss_total:1.41667, loss_equ:2.66110 loss_pq_vm:0.01433 loss_pq_va:0.50960 loss_pv_va:0.49762
INFO|2024-09-26 14:32:20: Epoch[003/100], iter[079/392], loss_total:1.35001, loss_equ:2.77081 loss_pq_vm:0.01368 loss_pq_va:0.47442 loss_pv_va:0.46175
INFO|2024-09-26 14:33:18: Epoch[003/100], iter[118/392], loss_total:1.35017, loss_equ:2.33720 loss_pq_vm:0.01903 loss_pq_va:0.46483 loss_pv_va:0.46135
INFO|2024-09-26 14:34:16: Epoch[003/100], iter[157/392], loss_total:1.54558, loss_equ:1.98323 loss_pq_vm:0.02030 loss_pq_va:0.57811 loss_pv_va:0.56619
INFO|2024-09-26 14:35:13: Epoch[003/100], iter[196/392], loss_total:1.29248, loss_equ:2.47304 loss_pq_vm:0.01302 loss_pq_va:0.45835 loss_pv_va:0.45666
INFO|2024-09-26 14:36:11: Epoch[003/100], iter[235/392], loss_total:1.30045, loss_equ:2.27320 loss_pq_vm:0.01773 loss_pq_va:0.45255 loss_pv_va:0.44330
INFO|2024-09-26 14:37:09: Epoch[003/100], iter[274/392], loss_total:1.75293, loss_equ:1.95839 loss_pq_vm:0.01320 loss_pq_va:0.72284 loss_pv_va:0.70225
INFO|2024-09-26 14:38:07: Epoch[003/100], iter[313/392], loss_total:1.63153, loss_equ:2.40438 loss_pq_vm:0.01358 loss_pq_va:0.62862 loss_pv_va:0.62668
INFO|2024-09-26 14:39:04: Epoch[003/100], iter[352/392], loss_total:1.29324, loss_equ:2.07013 loss_pq_vm:0.01409 loss_pq_va:0.47546 loss_pv_va:0.46989
INFO|2024-09-26 14:40:03: Epoch[003/100], iter[392/392], loss_total:1.09912, loss_equ:1.89897 loss_pq_vm:0.01190 loss_pq_va:0.40296 loss_pv_va:0.38729
INFO|2024-09-26 14:41:57: Epoch 2/100, lr:  0.00099780, eta: 18.74h, train_loss:  1.41229, valid_loss:  1.10672
INFO|2024-09-26 14:41:57: 	Train: PQ_Vm_rmse: 0.00107601  PQ_Va_rmse: 0.05690283  PV_Va_rmse: 0.05559199  delta_p: 0.11850980  delta_q: 0.01787084  
INFO|2024-09-26 14:41:57: 	ZTest: PQ_Vm_rmse: 0.00072221  PQ_Va_rmse: 0.02975934  PV_Va_rmse: 0.02858930  delta_p: 0.09667818  delta_q: 0.01464450  
INFO|2024-09-26 14:41:57: 	ZTest-ema: PQ_Vm_rmse: 0.000722  PQ_Va_rmse: 0.029759  PV_Va_rmse: 0.028589  delta_p: 0.096678  delta_q: 0.014644  
INFO|2024-09-26 14:41:57: 	           ValOfEMA:0.029759/0.029759,  Epoch:3/3
INFO|2024-09-26 14:41:58: 	Time(ep):695s,  Val(curr/best):0.029759/0.029759,  Epoch(curr/best):3/3
INFO|2024-09-26 14:41:58: -------------------- Epoch: 4 --------------------
INFO|2024-09-26 14:42:59: Epoch[004/100], iter[040/392], loss_total:1.26133, loss_equ:1.89027 loss_pq_vm:0.01121 loss_pq_va:0.48628 loss_pv_va:0.47392
INFO|2024-09-26 14:43:56: Epoch[004/100], iter[079/392], loss_total:1.27962, loss_equ:2.27365 loss_pq_vm:0.01572 loss_pq_va:0.45266 loss_pv_va:0.44244
INFO|2024-09-26 14:44:54: Epoch[004/100], iter[118/392], loss_total:1.25887, loss_equ:1.93985 loss_pq_vm:0.01334 loss_pq_va:0.47323 loss_pv_va:0.45827
INFO|2024-09-26 14:45:51: Epoch[004/100], iter[157/392], loss_total:1.10074, loss_equ:1.79695 loss_pq_vm:0.01050 loss_pq_va:0.40957 loss_pv_va:0.40649
INFO|2024-09-26 14:46:49: Epoch[004/100], iter[196/392], loss_total:1.17824, loss_equ:1.79904 loss_pq_vm:0.01187 loss_pq_va:0.44560 loss_pv_va:0.43401
INFO|2024-09-26 14:47:46: Epoch[004/100], iter[235/392], loss_total:1.11332, loss_equ:2.24450 loss_pq_vm:0.01117 loss_pq_va:0.39129 loss_pv_va:0.38591
INFO|2024-09-26 14:48:43: Epoch[004/100], iter[274/392], loss_total:1.27332, loss_equ:2.36438 loss_pq_vm:0.01660 loss_pq_va:0.44070 loss_pv_va:0.43019
INFO|2024-09-26 14:49:41: Epoch[004/100], iter[313/392], loss_total:1.57938, loss_equ:1.99613 loss_pq_vm:0.01583 loss_pq_va:0.62974 loss_pv_va:0.59175
INFO|2024-09-26 14:50:38: Epoch[004/100], iter[352/392], loss_total:1.28188, loss_equ:2.11202 loss_pq_vm:0.01754 loss_pq_va:0.45769 loss_pv_va:0.43757
INFO|2024-09-26 14:51:36: Epoch[004/100], iter[392/392], loss_total:1.14567, loss_equ:1.62452 loss_pq_vm:0.01054 loss_pq_va:0.44110 loss_pv_va:0.43667
INFO|2024-09-26 14:53:30: Epoch 3/100, lr:  0.00099610, eta: 18.44h, train_loss:  1.21749, valid_loss:  1.10187
INFO|2024-09-26 14:53:30: 	Train: PQ_Vm_rmse: 0.00092427  PQ_Va_rmse: 0.04515412  PV_Va_rmse: 0.04403303  delta_p: 0.09301993  delta_q: 0.01533550  
INFO|2024-09-26 14:53:30: 	ZTest: PQ_Vm_rmse: 0.00069096  PQ_Va_rmse: 0.03984958  PV_Va_rmse: 0.03925673  delta_p: 0.06302048  delta_q: 0.00968630  
INFO|2024-09-26 14:53:30: 	ZTest-ema: PQ_Vm_rmse: 0.000691  PQ_Va_rmse: 0.039850  PV_Va_rmse: 0.039257  delta_p: 0.063021  delta_q: 0.009686  
INFO|2024-09-26 14:53:30: 	           ValOfEMA:0.039850/0.029759,  Epoch:4/3
INFO|2024-09-26 14:53:30: 	Time(ep):691s,  Val(curr/best):0.039850/0.029759,  Epoch(curr/best):4/3
INFO|2024-09-26 14:53:30: -------------------- Epoch: 5 --------------------
INFO|2024-09-26 14:54:31: Epoch[005/100], iter[040/392], loss_total:1.30446, loss_equ:1.84118 loss_pq_vm:0.01264 loss_pq_va:0.50134 loss_pv_va:0.49259
INFO|2024-09-26 14:55:28: Epoch[005/100], iter[079/392], loss_total:1.05268, loss_equ:2.11839 loss_pq_vm:0.01443 loss_pq_va:0.35434 loss_pv_va:0.34225
INFO|2024-09-26 14:56:25: Epoch[005/100], iter[118/392], loss_total:1.48339, loss_equ:1.85850 loss_pq_vm:0.01484 loss_pq_va:0.58595 loss_pv_va:0.56319
INFO|2024-09-26 14:57:23: Epoch[005/100], iter[157/392], loss_total:0.96543, loss_equ:1.84400 loss_pq_vm:0.01036 loss_pq_va:0.34003 loss_pv_va:0.33745
INFO|2024-09-26 14:58:20: Epoch[005/100], iter[196/392], loss_total:0.88996, loss_equ:1.53011 loss_pq_vm:0.00862 loss_pq_va:0.33064 loss_pv_va:0.32007
INFO|2024-09-26 14:59:17: Epoch[005/100], iter[235/392], loss_total:1.29405, loss_equ:2.34585 loss_pq_vm:0.01040 loss_pq_va:0.48379 loss_pv_va:0.47172
INFO|2024-09-26 15:00:14: Epoch[005/100], iter[274/392], loss_total:1.15364, loss_equ:1.86608 loss_pq_vm:0.01063 loss_pq_va:0.44015 loss_pv_va:0.42054
INFO|2024-09-26 15:01:12: Epoch[005/100], iter[313/392], loss_total:1.18028, loss_equ:1.85587 loss_pq_vm:0.01003 loss_pq_va:0.44787 loss_pv_va:0.44650
INFO|2024-09-26 15:02:10: Epoch[005/100], iter[352/392], loss_total:1.00640, loss_equ:1.66998 loss_pq_vm:0.01029 loss_pq_va:0.37041 loss_pv_va:0.36607
INFO|2024-09-26 15:03:09: Epoch[005/100], iter[392/392], loss_total:0.83540, loss_equ:1.58973 loss_pq_vm:0.01068 loss_pq_va:0.28725 loss_pv_va:0.28241
INFO|2024-09-26 15:05:03: Epoch 4/100, lr:  0.00099391, eta: 18.27h, train_loss:  1.07990, valid_loss:  0.90949
INFO|2024-09-26 15:05:03: 	Train: PQ_Vm_rmse: 0.00071355  PQ_Va_rmse: 0.03949077  PV_Va_rmse: 0.03857601  delta_p: 0.08415913  delta_q: 0.01237039  
INFO|2024-09-26 15:05:03: 	ZTest: PQ_Vm_rmse: 0.00063846  PQ_Va_rmse: 0.02560751  PV_Va_rmse: 0.02530824  delta_p: 0.06493683  delta_q: 0.00851694  
INFO|2024-09-26 15:05:03: 	ZTest-ema: PQ_Vm_rmse: 0.000638  PQ_Va_rmse: 0.025607  PV_Va_rmse: 0.025308  delta_p: 0.064937  delta_q: 0.008517  
INFO|2024-09-26 15:05:03: 	           ValOfEMA:0.025607/0.025607,  Epoch:5/5
INFO|2024-09-26 15:05:04: 	Time(ep):692s,  Val(curr/best):0.025608/0.025608,  Epoch(curr/best):5/5
INFO|2024-09-26 15:05:04: -------------------- Epoch: 6 --------------------
INFO|2024-09-26 15:06:05: Epoch[006/100], iter[040/392], loss_total:0.89692, loss_equ:1.47200 loss_pq_vm:0.01148 loss_pq_va:0.32195 loss_pv_va:0.31293
INFO|2024-09-26 15:07:02: Epoch[006/100], iter[079/392], loss_total:1.33549, loss_equ:1.56122 loss_pq_vm:0.01374 loss_pq_va:0.52462 loss_pv_va:0.51737
INFO|2024-09-26 15:08:00: Epoch[006/100], iter[118/392], loss_total:1.21207, loss_equ:1.89680 loss_pq_vm:0.01304 loss_pq_va:0.45045 loss_pv_va:0.44152
INFO|2024-09-26 15:08:57: Epoch[006/100], iter[157/392], loss_total:1.20169, loss_equ:2.57040 loss_pq_vm:0.01523 loss_pq_va:0.39525 loss_pv_va:0.39713
INFO|2024-09-26 15:09:54: Epoch[006/100], iter[196/392], loss_total:1.05547, loss_equ:2.23952 loss_pq_vm:0.01618 loss_pq_va:0.33639 loss_pv_va:0.33329
INFO|2024-09-26 15:10:52: Epoch[006/100], iter[235/392], loss_total:0.86063, loss_equ:1.54222 loss_pq_vm:0.01034 loss_pq_va:0.30307 loss_pv_va:0.29993
INFO|2024-09-26 15:11:49: Epoch[006/100], iter[274/392], loss_total:0.76049, loss_equ:1.34293 loss_pq_vm:0.00968 loss_pq_va:0.26790 loss_pv_va:0.26153
INFO|2024-09-26 15:12:47: Epoch[006/100], iter[313/392], loss_total:0.89067, loss_equ:1.59104 loss_pq_vm:0.01189 loss_pq_va:0.30968 loss_pv_va:0.30299
INFO|2024-09-26 15:13:44: Epoch[006/100], iter[352/392], loss_total:0.81130, loss_equ:1.48021 loss_pq_vm:0.01404 loss_pq_va:0.26556 loss_pv_va:0.25729
INFO|2024-09-26 15:14:43: Epoch[006/100], iter[392/392], loss_total:1.20804, loss_equ:2.23431 loss_pq_vm:0.01374 loss_pq_va:0.42219 loss_pv_va:0.42498
INFO|2024-09-26 15:16:36: Epoch 5/100, lr:  0.00099123, eta: 18.06h, train_loss:  1.01277, valid_loss:  1.11070
INFO|2024-09-26 15:16:36: 	Train: PQ_Vm_rmse: 0.00078239  PQ_Va_rmse: 0.03504455  PV_Va_rmse: 0.03419330  delta_p: 0.06891882  delta_q: 0.01065590  
INFO|2024-09-26 15:16:36: 	ZTest: PQ_Vm_rmse: 0.00095994  PQ_Va_rmse: 0.03766071  PV_Va_rmse: 0.03699113  delta_p: 0.14921300  delta_q: 0.01905980  
INFO|2024-09-26 15:16:36: 	ZTest-ema: PQ_Vm_rmse: 0.000960  PQ_Va_rmse: 0.037661  PV_Va_rmse: 0.036991  delta_p: 0.149213  delta_q: 0.019060  
INFO|2024-09-26 15:16:36: 	           ValOfEMA:0.037661/0.025607,  Epoch:6/5
INFO|2024-09-26 15:16:36: 	Time(ep):691s,  Val(curr/best):0.037661/0.025608,  Epoch(curr/best):6/5
INFO|2024-09-26 15:16:36: -------------------- Epoch: 7 --------------------
INFO|2024-09-26 15:17:37: Epoch[007/100], iter[040/392], loss_total:1.24290, loss_equ:2.49824 loss_pq_vm:0.01425 loss_pq_va:0.42936 loss_pv_va:0.42119
INFO|2024-09-26 15:18:34: Epoch[007/100], iter[079/392], loss_total:1.57077, loss_equ:2.88036 loss_pq_vm:0.02365 loss_pq_va:0.53269 loss_pv_va:0.51350
INFO|2024-09-26 15:19:32: Epoch[007/100], iter[118/392], loss_total:1.09117, loss_equ:1.55554 loss_pq_vm:0.01301 loss_pq_va:0.40619 loss_pv_va:0.39933
INFO|2024-09-26 15:20:30: Epoch[007/100], iter[157/392], loss_total:0.78127, loss_equ:1.43815 loss_pq_vm:0.00904 loss_pq_va:0.27683 loss_pv_va:0.27027
INFO|2024-09-26 15:21:27: Epoch[007/100], iter[196/392], loss_total:0.74644, loss_equ:1.43440 loss_pq_vm:0.00843 loss_pq_va:0.26209 loss_pv_va:0.25657
INFO|2024-09-26 15:22:24: Epoch[007/100], iter[235/392], loss_total:0.71703, loss_equ:1.34602 loss_pq_vm:0.00836 loss_pq_va:0.25224 loss_pv_va:0.24660
INFO|2024-09-26 15:23:22: Epoch[007/100], iter[274/392], loss_total:0.64754, loss_equ:1.22862 loss_pq_vm:0.00756 loss_pq_va:0.22738 loss_pv_va:0.22167
INFO|2024-09-26 15:24:19: Epoch[007/100], iter[313/392], loss_total:0.71212, loss_equ:1.34481 loss_pq_vm:0.00854 loss_pq_va:0.24729 loss_pv_va:0.24492
INFO|2024-09-26 15:25:17: Epoch[007/100], iter[352/392], loss_total:0.72431, loss_equ:1.27555 loss_pq_vm:0.00730 loss_pq_va:0.26348 loss_pv_va:0.26028
INFO|2024-09-26 15:26:15: Epoch[007/100], iter[392/392], loss_total:0.89482, loss_equ:1.28510 loss_pq_vm:0.00859 loss_pq_va:0.34338 loss_pv_va:0.33700
INFO|2024-09-26 15:28:09: Epoch 6/100, lr:  0.00098808, eta: 17.88h, train_loss:  0.97528, valid_loss:  1.18520
INFO|2024-09-26 15:28:09: 	Train: PQ_Vm_rmse: 0.00067993  PQ_Va_rmse: 0.03511591  PV_Va_rmse: 0.03416016  delta_p: 0.07509197  delta_q: 0.01166844  
INFO|2024-09-26 15:28:09: 	ZTest: PQ_Vm_rmse: 0.00064149  PQ_Va_rmse: 0.06073476  PV_Va_rmse: 0.05841480  delta_p: 0.05566371  delta_q: 0.00852109  
INFO|2024-09-26 15:28:09: 	ZTest-ema: PQ_Vm_rmse: 0.000641  PQ_Va_rmse: 0.060735  PV_Va_rmse: 0.058415  delta_p: 0.055664  delta_q: 0.008521  
INFO|2024-09-26 15:28:09: 	           ValOfEMA:0.060735/0.025607,  Epoch:7/5
INFO|2024-09-26 15:28:09: 	Time(ep):692s,  Val(curr/best):0.060735/0.025608,  Epoch(curr/best):7/5
INFO|2024-09-26 15:28:09: -------------------- Epoch: 8 --------------------
INFO|2024-09-26 15:29:09: Epoch[008/100], iter[040/392], loss_total:0.84644, loss_equ:1.33543 loss_pq_vm:0.01180 loss_pq_va:0.30036 loss_pv_va:0.29456
INFO|2024-09-26 15:30:07: Epoch[008/100], iter[079/392], loss_total:0.72993, loss_equ:1.30624 loss_pq_vm:0.00922 loss_pq_va:0.25785 loss_pv_va:0.24926
INFO|2024-09-26 15:31:05: Epoch[008/100], iter[118/392], loss_total:1.09344, loss_equ:1.69983 loss_pq_vm:0.01539 loss_pq_va:0.38801 loss_pv_va:0.38152
INFO|2024-09-26 15:32:02: Epoch[008/100], iter[157/392], loss_total:0.89026, loss_equ:1.87485 loss_pq_vm:0.01050 loss_pq_va:0.30180 loss_pv_va:0.29601
INFO|2024-09-26 15:32:59: Epoch[008/100], iter[196/392], loss_total:0.96238, loss_equ:1.89813 loss_pq_vm:0.01041 loss_pq_va:0.33557 loss_pv_va:0.33292
INFO|2024-09-26 15:33:56: Epoch[008/100], iter[235/392], loss_total:0.77078, loss_equ:1.34763 loss_pq_vm:0.00769 loss_pq_va:0.28042 loss_pv_va:0.27867
INFO|2024-09-26 15:34:54: Epoch[008/100], iter[274/392], loss_total:0.69675, loss_equ:1.34097 loss_pq_vm:0.00726 loss_pq_va:0.24767 loss_pv_va:0.24234
INFO|2024-09-26 15:35:52: Epoch[008/100], iter[313/392], loss_total:0.68280, loss_equ:1.13696 loss_pq_vm:0.00660 loss_pq_va:0.25274 loss_pv_va:0.25040
INFO|2024-09-26 15:36:49: Epoch[008/100], iter[352/392], loss_total:0.68440, loss_equ:1.18524 loss_pq_vm:0.00677 loss_pq_va:0.25087 loss_pv_va:0.24730
INFO|2024-09-26 15:37:49: Epoch[008/100], iter[392/392], loss_total:0.69822, loss_equ:1.62790 loss_pq_vm:0.00690 loss_pq_va:0.23663 loss_pv_va:0.22985
INFO|2024-09-26 15:39:42: Epoch 7/100, lr:  0.00098445, eta: 17.71h, train_loss:  0.92280, valid_loss:  0.74890
INFO|2024-09-26 15:39:42: 	Train: PQ_Vm_rmse: 0.00062131  PQ_Va_rmse: 0.03294224  PV_Va_rmse: 0.03204178  delta_p: 0.06146706  delta_q: 0.00910811  
INFO|2024-09-26 15:39:42: 	ZTest: PQ_Vm_rmse: 0.00041389  PQ_Va_rmse: 0.01772532  PV_Va_rmse: 0.01680529  delta_p: 0.07345652  delta_q: 0.00882579  
INFO|2024-09-26 15:39:42: 	ZTest-ema: PQ_Vm_rmse: 0.000414  PQ_Va_rmse: 0.017725  PV_Va_rmse: 0.016805  delta_p: 0.073457  delta_q: 0.008826  
INFO|2024-09-26 15:39:42: 	           ValOfEMA:0.017725/0.017725,  Epoch:8/8
INFO|2024-09-26 15:39:43: 	Time(ep):693s,  Val(curr/best):0.017725/0.017725,  Epoch(curr/best):8/8
INFO|2024-09-26 15:39:43: -------------------- Epoch: 9 --------------------
INFO|2024-09-26 15:40:44: Epoch[009/100], iter[040/392], loss_total:0.83798, loss_equ:1.48135 loss_pq_vm:0.01230 loss_pq_va:0.28258 loss_pv_va:0.28429
INFO|2024-09-26 15:41:41: Epoch[009/100], iter[079/392], loss_total:0.99920, loss_equ:2.05152 loss_pq_vm:0.01511 loss_pq_va:0.32813 loss_pv_va:0.31485
INFO|2024-09-26 15:42:38: Epoch[009/100], iter[118/392], loss_total:0.90999, loss_equ:1.88340 loss_pq_vm:0.01076 loss_pq_va:0.30699 loss_pv_va:0.30707
INFO|2024-09-26 15:43:36: Epoch[009/100], iter[157/392], loss_total:1.10541, loss_equ:1.84795 loss_pq_vm:0.00971 loss_pq_va:0.41511 loss_pv_va:0.40838
INFO|2024-09-26 15:44:34: Epoch[009/100], iter[196/392], loss_total:0.71856, loss_equ:1.31039 loss_pq_vm:0.00703 loss_pq_va:0.26203 loss_pv_va:0.25524
INFO|2024-09-26 15:45:32: Epoch[009/100], iter[235/392], loss_total:0.71836, loss_equ:1.32511 loss_pq_vm:0.00665 loss_pq_va:0.26214 loss_pv_va:0.25716
INFO|2024-09-26 15:46:30: Epoch[009/100], iter[274/392], loss_total:0.69702, loss_equ:1.62675 loss_pq_vm:0.00746 loss_pq_va:0.22924 loss_pv_va:0.23053
INFO|2024-09-26 15:47:28: Epoch[009/100], iter[313/392], loss_total:0.78281, loss_equ:1.43519 loss_pq_vm:0.00982 loss_pq_va:0.27250 loss_pv_va:0.26863
INFO|2024-09-26 15:48:25: Epoch[009/100], iter[352/392], loss_total:0.78073, loss_equ:1.25528 loss_pq_vm:0.01377 loss_pq_va:0.26281 loss_pv_va:0.25465
INFO|2024-09-26 15:49:23: Epoch[009/100], iter[392/392], loss_total:0.71615, loss_equ:1.40233 loss_pq_vm:0.00810 loss_pq_va:0.24797 loss_pv_va:0.24698
INFO|2024-09-26 15:51:17: Epoch 8/100, lr:  0.00098035, eta: 17.53h, train_loss:  0.88919, valid_loss:  0.77188
INFO|2024-09-26 15:51:17: 	Train: PQ_Vm_rmse: 0.00067349  PQ_Va_rmse: 0.02956568  PV_Va_rmse: 0.02884766  delta_p: 0.06512299  delta_q: 0.00967916  
INFO|2024-09-26 15:51:17: 	ZTest: PQ_Vm_rmse: 0.00045210  PQ_Va_rmse: 0.02036679  PV_Va_rmse: 0.02002792  delta_p: 0.04920550  delta_q: 0.00634210  
INFO|2024-09-26 15:51:17: 	ZTest-ema: PQ_Vm_rmse: 0.000452  PQ_Va_rmse: 0.020367  PV_Va_rmse: 0.020028  delta_p: 0.049206  delta_q: 0.006342  
INFO|2024-09-26 15:51:17: 	           ValOfEMA:0.020367/0.017725,  Epoch:9/8
INFO|2024-09-26 15:51:18: 	Time(ep):693s,  Val(curr/best):0.020367/0.017725,  Epoch(curr/best):9/8
INFO|2024-09-26 15:51:18: -------------------- Epoch: 10 --------------------
INFO|2024-09-26 15:52:18: Epoch[010/100], iter[040/392], loss_total:0.87795, loss_equ:1.34604 loss_pq_vm:0.00754 loss_pq_va:0.33985 loss_pv_va:0.32810
INFO|2024-09-26 15:53:15: Epoch[010/100], iter[079/392], loss_total:0.81312, loss_equ:1.65392 loss_pq_vm:0.00850 loss_pq_va:0.28085 loss_pv_va:0.28186
INFO|2024-09-26 15:54:12: Epoch[010/100], iter[118/392], loss_total:1.02253, loss_equ:1.54823 loss_pq_vm:0.00978 loss_pq_va:0.38511 loss_pv_va:0.38480
INFO|2024-09-26 15:55:10: Epoch[010/100], iter[157/392], loss_total:0.78586, loss_equ:1.10334 loss_pq_vm:0.00730 loss_pq_va:0.30457 loss_pv_va:0.29800
INFO|2024-09-26 15:56:07: Epoch[010/100], iter[196/392], loss_total:0.64402, loss_equ:1.10739 loss_pq_vm:0.00631 loss_pq_va:0.23656 loss_pv_va:0.23359
INFO|2024-09-26 15:57:04: Epoch[010/100], iter[235/392], loss_total:0.93099, loss_equ:1.15436 loss_pq_vm:0.00706 loss_pq_va:0.37498 loss_pv_va:0.36999
INFO|2024-09-26 15:58:02: Epoch[010/100], iter[274/392], loss_total:0.69642, loss_equ:1.21735 loss_pq_vm:0.00671 loss_pq_va:0.25429 loss_pv_va:0.25327
INFO|2024-09-26 15:59:00: Epoch[010/100], iter[313/392], loss_total:0.66273, loss_equ:1.14589 loss_pq_vm:0.00749 loss_pq_va:0.23929 loss_pv_va:0.23393
INFO|2024-09-26 15:59:57: Epoch[010/100], iter[352/392], loss_total:0.73821, loss_equ:1.56723 loss_pq_vm:0.00680 loss_pq_va:0.26617 loss_pv_va:0.24729
INFO|2024-09-26 16:00:56: Epoch[010/100], iter[392/392], loss_total:0.87888, loss_equ:2.14352 loss_pq_vm:0.01177 loss_pq_va:0.27605 loss_pv_va:0.27078
INFO|2024-09-26 16:02:49: Epoch 9/100, lr:  0.00097577, eta: 17.29h, train_loss:  0.83393, valid_loss:  0.91799
INFO|2024-09-26 16:02:49: 	Train: PQ_Vm_rmse: 0.00044556  PQ_Va_rmse: 0.02829683  PV_Va_rmse: 0.02742402  delta_p: 0.05541929  delta_q: 0.00758851  
INFO|2024-09-26 16:02:49: 	ZTest: PQ_Vm_rmse: 0.00069328  PQ_Va_rmse: 0.02651929  PV_Va_rmse: 0.02523074  delta_p: 0.09820514  delta_q: 0.01357019  
INFO|2024-09-26 16:02:49: 	ZTest-ema: PQ_Vm_rmse: 0.000693  PQ_Va_rmse: 0.026519  PV_Va_rmse: 0.025231  delta_p: 0.098206  delta_q: 0.013570  
INFO|2024-09-26 16:02:49: 	           ValOfEMA:0.026519/0.017725,  Epoch:10/8
INFO|2024-09-26 16:02:50: 	Time(ep):691s,  Val(curr/best):0.026519/0.017725,  Epoch(curr/best):10/8
INFO|2024-09-26 16:02:50: -------------------- Epoch: 11 --------------------
INFO|2024-09-26 16:03:50: Epoch[011/100], iter[040/392], loss_total:0.78719, loss_equ:1.51257 loss_pq_vm:0.00915 loss_pq_va:0.27704 loss_pv_va:0.26736
INFO|2024-09-26 16:04:48: Epoch[011/100], iter[079/392], loss_total:0.70613, loss_equ:1.37095 loss_pq_vm:0.00838 loss_pq_va:0.24443 loss_pv_va:0.24084
INFO|2024-09-26 16:05:45: Epoch[011/100], iter[118/392], loss_total:1.06205, loss_equ:1.75446 loss_pq_vm:0.02127 loss_pq_va:0.33894 loss_pv_va:0.33492
INFO|2024-09-26 16:06:43: Epoch[011/100], iter[157/392], loss_total:1.74395, loss_equ:1.56126 loss_pq_vm:0.01446 loss_pq_va:0.73383 loss_pv_va:0.70936
INFO|2024-09-26 16:07:40: Epoch[011/100], iter[196/392], loss_total:0.78303, loss_equ:1.57533 loss_pq_vm:0.01035 loss_pq_va:0.26368 loss_pv_va:0.25829
INFO|2024-09-26 16:08:38: Epoch[011/100], iter[235/392], loss_total:0.71056, loss_equ:1.27690 loss_pq_vm:0.00989 loss_pq_va:0.24298 loss_pv_va:0.24095
INFO|2024-09-26 16:09:36: Epoch[011/100], iter[274/392], loss_total:0.61611, loss_equ:1.20022 loss_pq_vm:0.00723 loss_pq_va:0.21491 loss_pv_va:0.20886
INFO|2024-09-26 16:10:34: Epoch[011/100], iter[313/392], loss_total:0.90651, loss_equ:1.32771 loss_pq_vm:0.01172 loss_pq_va:0.32788 loss_pv_va:0.32863
INFO|2024-09-26 16:11:32: Epoch[011/100], iter[352/392], loss_total:0.58964, loss_equ:1.12092 loss_pq_vm:0.00642 loss_pq_va:0.20854 loss_pv_va:0.20476
INFO|2024-09-26 16:12:30: Epoch[011/100], iter[392/392], loss_total:0.55319, loss_equ:1.04522 loss_pq_vm:0.00632 loss_pq_va:0.19574 loss_pv_va:0.18977
INFO|2024-09-26 16:14:24: Epoch 10/100, lr:  0.00097074, eta: 17.15h, train_loss:  0.80312, valid_loss:  0.61959
INFO|2024-09-26 16:14:24: 	Train: PQ_Vm_rmse: 0.00063659  PQ_Va_rmse: 0.02319512  PV_Va_rmse: 0.02245415  delta_p: 0.05237596  delta_q: 0.00886462  
INFO|2024-09-26 16:14:24: 	ZTest: PQ_Vm_rmse: 0.00037296  PQ_Va_rmse: 0.01231808  PV_Va_rmse: 0.01183365  delta_p: 0.02866110  delta_q: 0.00423067  
INFO|2024-09-26 16:14:24: 	ZTest-ema: PQ_Vm_rmse: 0.000373  PQ_Va_rmse: 0.012318  PV_Va_rmse: 0.011834  delta_p: 0.028661  delta_q: 0.004231  
INFO|2024-09-26 16:14:24: 	           ValOfEMA:0.012318/0.012318,  Epoch:11/11
INFO|2024-09-26 16:14:25: 	Time(ep):693s,  Val(curr/best):0.012318/0.012318,  Epoch(curr/best):11/11
INFO|2024-09-26 16:14:25: -------------------- Epoch: 12 --------------------
INFO|2024-09-26 16:15:25: Epoch[012/100], iter[040/392], loss_total:0.64771, loss_equ:1.29309 loss_pq_vm:0.01119 loss_pq_va:0.20646 loss_pv_va:0.20005
INFO|2024-09-26 16:16:22: Epoch[012/100], iter[079/392], loss_total:0.55030, loss_equ:1.06148 loss_pq_vm:0.00717 loss_pq_va:0.18690 loss_pv_va:0.18558
INFO|2024-09-26 16:17:20: Epoch[012/100], iter[118/392], loss_total:0.56295, loss_equ:1.19505 loss_pq_vm:0.00871 loss_pq_va:0.17954 loss_pv_va:0.17683
INFO|2024-09-26 16:18:18: Epoch[012/100], iter[157/392], loss_total:0.54124, loss_equ:1.09135 loss_pq_vm:0.00776 loss_pq_va:0.18005 loss_pv_va:0.17445
INFO|2024-09-26 16:19:16: Epoch[012/100], iter[196/392], loss_total:0.61910, loss_equ:1.24665 loss_pq_vm:0.00989 loss_pq_va:0.19724 loss_pv_va:0.19827
INFO|2024-09-26 16:20:14: Epoch[012/100], iter[235/392], loss_total:0.56243, loss_equ:1.09425 loss_pq_vm:0.00741 loss_pq_va:0.19021 loss_pv_va:0.18870
INFO|2024-09-26 16:21:11: Epoch[012/100], iter[274/392], loss_total:0.66750, loss_equ:1.22829 loss_pq_vm:0.00703 loss_pq_va:0.23985 loss_pv_va:0.23451
INFO|2024-09-26 16:22:09: Epoch[012/100], iter[313/392], loss_total:0.61952, loss_equ:1.29910 loss_pq_vm:0.01333 loss_pq_va:0.18012 loss_pv_va:0.17614
INFO|2024-09-26 16:23:06: Epoch[012/100], iter[352/392], loss_total:0.56019, loss_equ:1.21475 loss_pq_vm:0.00631 loss_pq_va:0.18963 loss_pv_va:0.18593
INFO|2024-09-26 16:24:05: Epoch[012/100], iter[392/392], loss_total:0.64775, loss_equ:1.19997 loss_pq_vm:0.01109 loss_pq_va:0.20883 loss_pv_va:0.20805
INFO|2024-09-26 16:25:58: Epoch 11/100, lr:  0.00096524, eta: 16.95h, train_loss:  0.62457, valid_loss:  0.63413
INFO|2024-09-26 16:25:58: 	Train: PQ_Vm_rmse: 0.00043629  PQ_Va_rmse: 0.01356730  PV_Va_rmse: 0.01332212  delta_p: 0.04878310  delta_q: 0.00705559  
INFO|2024-09-26 16:25:58: 	ZTest: PQ_Vm_rmse: 0.00068669  PQ_Va_rmse: 0.01164927  PV_Va_rmse: 0.01124802  delta_p: 0.04091440  delta_q: 0.00526908  
INFO|2024-09-26 16:25:58: 	ZTest-ema: PQ_Vm_rmse: 0.000302  PQ_Va_rmse: 0.009715  PV_Va_rmse: 0.009332  delta_p: 0.035177  delta_q: 0.003726  
INFO|2024-09-26 16:25:58: 	           ValOfEMA:0.009715/0.009715,  Epoch:12/12
INFO|2024-09-26 16:25:59: 	Time(ep):693s,  Val(curr/best):0.011649/0.011649,  Epoch(curr/best):12/12
INFO|2024-09-26 16:25:59: -------------------- Epoch: 13 --------------------
INFO|2024-09-26 16:27:01: Epoch[013/100], iter[040/392], loss_total:0.74218, loss_equ:1.32081 loss_pq_vm:0.01419 loss_pq_va:0.23511 loss_pv_va:0.23311
INFO|2024-09-26 16:27:58: Epoch[013/100], iter[079/392], loss_total:0.65397, loss_equ:1.21102 loss_pq_vm:0.01288 loss_pq_va:0.20369 loss_pv_va:0.20033
INFO|2024-09-26 16:28:56: Epoch[013/100], iter[118/392], loss_total:0.55492, loss_equ:1.04736 loss_pq_vm:0.01054 loss_pq_va:0.17405 loss_pv_va:0.17073
INFO|2024-09-26 16:29:54: Epoch[013/100], iter[157/392], loss_total:0.51355, loss_equ:0.88959 loss_pq_vm:0.00689 loss_pq_va:0.18014 loss_pv_va:0.17551
INFO|2024-09-26 16:30:51: Epoch[013/100], iter[196/392], loss_total:0.66411, loss_equ:1.07196 loss_pq_vm:0.00790 loss_pq_va:0.23843 loss_pv_va:0.23950
INFO|2024-09-26 16:31:48: Epoch[013/100], iter[235/392], loss_total:0.70881, loss_equ:1.03433 loss_pq_vm:0.00825 loss_pq_va:0.26288 loss_pv_va:0.26003
INFO|2024-09-26 16:32:46: Epoch[013/100], iter[274/392], loss_total:0.61407, loss_equ:1.19320 loss_pq_vm:0.00658 loss_pq_va:0.21268 loss_pv_va:0.21629
INFO|2024-09-26 16:33:43: Epoch[013/100], iter[313/392], loss_total:0.52303, loss_equ:1.02034 loss_pq_vm:0.00640 loss_pq_va:0.18004 loss_pv_va:0.17693
INFO|2024-09-26 16:34:40: Epoch[013/100], iter[352/392], loss_total:0.85912, loss_equ:1.19373 loss_pq_vm:0.00836 loss_pq_va:0.32903 loss_pv_va:0.32713
INFO|2024-09-26 16:35:39: Epoch[013/100], iter[392/392], loss_total:0.69062, loss_equ:1.76299 loss_pq_vm:0.00735 loss_pq_va:0.22899 loss_pv_va:0.21183
INFO|2024-09-26 16:37:32: Epoch 12/100, lr:  0.00095929, eta: 16.73h, train_loss:  0.67696, valid_loss:  0.84875
INFO|2024-09-26 16:37:32: 	Train: PQ_Vm_rmse: 0.00067453  PQ_Va_rmse: 0.01810480  PV_Va_rmse: 0.01783174  delta_p: 0.04284561  delta_q: 0.00795850  
INFO|2024-09-26 16:37:32: 	ZTest: PQ_Vm_rmse: 0.00057361  PQ_Va_rmse: 0.02809312  PV_Va_rmse: 0.02434207  delta_p: 0.12342252  delta_q: 0.01949506  
INFO|2024-09-26 16:37:32: 	ZTest-ema: PQ_Vm_rmse: 0.000315  PQ_Va_rmse: 0.010938  PV_Va_rmse: 0.010547  delta_p: 0.026166  delta_q: 0.003299  
INFO|2024-09-26 16:37:32: 	           ValOfEMA:0.010938/0.009715,  Epoch:13/12
INFO|2024-09-26 16:37:32: 	Time(ep):692s,  Val(curr/best):0.028093/0.011649,  Epoch(curr/best):13/12
INFO|2024-09-26 16:37:32: -------------------- Epoch: 14 --------------------
INFO|2024-09-26 16:38:33: Epoch[014/100], iter[040/392], loss_total:0.71487, loss_equ:1.37037 loss_pq_vm:0.01110 loss_pq_va:0.23492 loss_pv_va:0.23188
INFO|2024-09-26 16:39:30: Epoch[014/100], iter[079/392], loss_total:0.59090, loss_equ:1.19539 loss_pq_vm:0.00792 loss_pq_va:0.19664 loss_pv_va:0.19553
INFO|2024-09-26 16:40:29: Epoch[014/100], iter[118/392], loss_total:0.61425, loss_equ:1.25557 loss_pq_vm:0.01383 loss_pq_va:0.17744 loss_pv_va:0.17294
INFO|2024-09-26 16:41:26: Epoch[014/100], iter[157/392], loss_total:0.95543, loss_equ:1.18229 loss_pq_vm:0.00683 loss_pq_va:0.38649 loss_pv_va:0.38244
INFO|2024-09-26 16:42:23: Epoch[014/100], iter[196/392], loss_total:0.65341, loss_equ:1.24462 loss_pq_vm:0.00904 loss_pq_va:0.21955 loss_pv_va:0.21894
INFO|2024-09-26 16:43:20: Epoch[014/100], iter[235/392], loss_total:0.52999, loss_equ:1.02498 loss_pq_vm:0.00752 loss_pq_va:0.17929 loss_pv_va:0.17296
INFO|2024-09-26 16:44:18: Epoch[014/100], iter[274/392], loss_total:0.57976, loss_equ:1.11647 loss_pq_vm:0.00618 loss_pq_va:0.20790 loss_pv_va:0.19846
INFO|2024-09-26 16:45:15: Epoch[014/100], iter[313/392], loss_total:0.50264, loss_equ:1.06980 loss_pq_vm:0.00646 loss_pq_va:0.16533 loss_pv_va:0.16571
INFO|2024-09-26 16:46:12: Epoch[014/100], iter[352/392], loss_total:0.50684, loss_equ:1.05161 loss_pq_vm:0.00700 loss_pq_va:0.16668 loss_pv_va:0.16498
INFO|2024-09-26 16:47:10: Epoch[014/100], iter[392/392], loss_total:0.58833, loss_equ:1.39510 loss_pq_vm:0.00912 loss_pq_va:0.18057 loss_pv_va:0.17707
INFO|2024-09-26 16:49:04: Epoch 13/100, lr:  0.00095289, eta: 16.52h, train_loss:  0.62826, valid_loss:  0.70498
INFO|2024-09-26 16:49:04: 	Train: PQ_Vm_rmse: 0.00048316  PQ_Va_rmse: 0.01507026  PV_Va_rmse: 0.01484864  delta_p: 0.04580030  delta_q: 0.00704933  
INFO|2024-09-26 16:49:04: 	ZTest: PQ_Vm_rmse: 0.00080286  PQ_Va_rmse: 0.01990727  PV_Va_rmse: 0.02100574  delta_p: 0.12232628  delta_q: 0.01569369  
INFO|2024-09-26 16:49:04: 	ZTest-ema: PQ_Vm_rmse: 0.000285  PQ_Va_rmse: 0.009865  PV_Va_rmse: 0.009449  delta_p: 0.024286  delta_q: 0.003080  
INFO|2024-09-26 16:49:04: 	           ValOfEMA:0.009865/0.009715,  Epoch:14/12
INFO|2024-09-26 16:49:05: 	Time(ep):691s,  Val(curr/best):0.021006/0.011649,  Epoch(curr/best):14/12
INFO|2024-09-26 16:49:05: -------------------- Epoch: 15 --------------------
INFO|2024-09-26 16:50:05: Epoch[015/100], iter[040/392], loss_total:0.54767, loss_equ:0.96262 loss_pq_vm:0.00641 loss_pq_va:0.19643 loss_pv_va:0.19086
INFO|2024-09-26 16:51:03: Epoch[015/100], iter[079/392], loss_total:0.54902, loss_equ:1.08468 loss_pq_vm:0.00995 loss_pq_va:0.17350 loss_pv_va:0.16757
INFO|2024-09-26 16:52:01: Epoch[015/100], iter[118/392], loss_total:0.48836, loss_equ:1.16797 loss_pq_vm:0.00640 loss_pq_va:0.15418 loss_pv_va:0.15337
INFO|2024-09-26 16:52:58: Epoch[015/100], iter[157/392], loss_total:0.49438, loss_equ:0.98776 loss_pq_vm:0.00633 loss_pq_va:0.16827 loss_pv_va:0.16401
INFO|2024-09-26 16:53:56: Epoch[015/100], iter[196/392], loss_total:0.51565, loss_equ:1.00626 loss_pq_vm:0.00558 loss_pq_va:0.17888 loss_pv_va:0.18030
INFO|2024-09-26 16:54:53: Epoch[015/100], iter[235/392], loss_total:0.58872, loss_equ:1.14062 loss_pq_vm:0.01011 loss_pq_va:0.18917 loss_pv_va:0.18437
INFO|2024-09-26 16:55:51: Epoch[015/100], iter[274/392], loss_total:0.57500, loss_equ:1.11508 loss_pq_vm:0.00753 loss_pq_va:0.19741 loss_pv_va:0.19079
INFO|2024-09-26 16:56:48: Epoch[015/100], iter[313/392], loss_total:0.51889, loss_equ:1.15098 loss_pq_vm:0.00586 loss_pq_va:0.17586 loss_pv_va:0.16936
INFO|2024-09-26 16:57:46: Epoch[015/100], iter[352/392], loss_total:0.50687, loss_equ:1.11695 loss_pq_vm:0.00679 loss_pq_va:0.16496 loss_pv_va:0.16228
INFO|2024-09-26 16:58:44: Epoch[015/100], iter[392/392], loss_total:0.57169, loss_equ:1.24379 loss_pq_vm:0.00731 loss_pq_va:0.18852 loss_pv_va:0.18567
INFO|2024-09-26 17:00:38: Epoch 14/100, lr:  0.00094605, eta: 16.37h, train_loss:  0.55609, valid_loss:  0.62433
INFO|2024-09-26 17:00:38: 	Train: PQ_Vm_rmse: 0.00038097  PQ_Va_rmse: 0.01109788  PV_Va_rmse: 0.01083897  delta_p: 0.03731649  delta_q: 0.00553219  
INFO|2024-09-26 17:00:38: 	ZTest: PQ_Vm_rmse: 0.00040592  PQ_Va_rmse: 0.01699593  PV_Va_rmse: 0.01610864  delta_p: 0.04707236  delta_q: 0.00611604  
INFO|2024-09-26 17:00:38: 	ZTest-ema: PQ_Vm_rmse: 0.000282  PQ_Va_rmse: 0.009000  PV_Va_rmse: 0.008640  delta_p: 0.032112  delta_q: 0.003476  
INFO|2024-09-26 17:00:38: 	           ValOfEMA:0.009000/0.009000,  Epoch:15/15
INFO|2024-09-26 17:00:39: 	Time(ep):693s,  Val(curr/best):0.016996/0.011649,  Epoch(curr/best):15/12
INFO|2024-09-26 17:00:39: -------------------- Epoch: 16 --------------------
INFO|2024-09-26 17:01:39: Epoch[016/100], iter[040/392], loss_total:0.52399, loss_equ:1.08426 loss_pq_vm:0.00642 loss_pq_va:0.17829 loss_pv_va:0.17304
INFO|2024-09-26 17:02:36: Epoch[016/100], iter[079/392], loss_total:0.83576, loss_equ:1.34042 loss_pq_vm:0.01197 loss_pq_va:0.29527 loss_pv_va:0.28677
INFO|2024-09-26 17:03:33: Epoch[016/100], iter[118/392], loss_total:0.64174, loss_equ:1.06279 loss_pq_vm:0.00883 loss_pq_va:0.22588 loss_pv_va:0.22123
INFO|2024-09-26 17:04:31: Epoch[016/100], iter[157/392], loss_total:0.52320, loss_equ:0.99921 loss_pq_vm:0.00837 loss_pq_va:0.17310 loss_pv_va:0.16645
INFO|2024-09-26 17:05:29: Epoch[016/100], iter[196/392], loss_total:0.49526, loss_equ:1.02695 loss_pq_vm:0.00839 loss_pq_va:0.15680 loss_pv_va:0.15186
INFO|2024-09-26 17:06:27: Epoch[016/100], iter[235/392], loss_total:0.57685, loss_equ:1.49731 loss_pq_vm:0.00803 loss_pq_va:0.17367 loss_pv_va:0.17315
INFO|2024-09-26 17:07:25: Epoch[016/100], iter[274/392], loss_total:0.59858, loss_equ:1.23434 loss_pq_vm:0.01239 loss_pq_va:0.17810 loss_pv_va:0.17317
INFO|2024-09-26 17:08:22: Epoch[016/100], iter[313/392], loss_total:0.46233, loss_equ:0.90174 loss_pq_vm:0.00699 loss_pq_va:0.15275 loss_pv_va:0.14951
INFO|2024-09-26 17:09:20: Epoch[016/100], iter[352/392], loss_total:0.51676, loss_equ:1.00224 loss_pq_vm:0.00566 loss_pq_va:0.17948 loss_pv_va:0.18043
INFO|2024-09-26 17:10:19: Epoch[016/100], iter[392/392], loss_total:0.56401, loss_equ:1.06695 loss_pq_vm:0.00808 loss_pq_va:0.19143 loss_pv_va:0.18509
INFO|2024-09-26 17:12:12: Epoch 15/100, lr:  0.00093877, eta: 16.19h, train_loss:  0.58191, valid_loss:  0.80036
INFO|2024-09-26 17:12:12: 	Train: PQ_Vm_rmse: 0.00043688  PQ_Va_rmse: 0.01234747  PV_Va_rmse: 0.01212192  delta_p: 0.03488965  delta_q: 0.00600749  
INFO|2024-09-26 17:12:12: 	ZTest: PQ_Vm_rmse: 0.00041790  PQ_Va_rmse: 0.02452420  PV_Va_rmse: 0.02366250  delta_p: 0.04523040  delta_q: 0.00581263  
INFO|2024-09-26 17:12:12: 	ZTest-ema: PQ_Vm_rmse: 0.000276  PQ_Va_rmse: 0.008209  PV_Va_rmse: 0.007859  delta_p: 0.022789  delta_q: 0.003158  
INFO|2024-09-26 17:12:12: 	           ValOfEMA:0.008209/0.008209,  Epoch:16/16
INFO|2024-09-26 17:12:13: 	Time(ep):693s,  Val(curr/best):0.024524/0.011649,  Epoch(curr/best):16/12
INFO|2024-09-26 17:12:13: -------------------- Epoch: 17 --------------------
INFO|2024-09-26 17:13:14: Epoch[017/100], iter[040/392], loss_total:0.58910, loss_equ:0.95638 loss_pq_vm:0.00699 loss_pq_va:0.21482 loss_pv_va:0.20875
INFO|2024-09-26 17:14:12: Epoch[017/100], iter[079/392], loss_total:0.48773, loss_equ:0.98365 loss_pq_vm:0.00537 loss_pq_va:0.16754 loss_pv_va:0.16808
INFO|2024-09-26 17:15:08: Epoch[017/100], iter[118/392], loss_total:0.54215, loss_equ:1.16796 loss_pq_vm:0.00715 loss_pq_va:0.17780 loss_pv_va:0.17610
INFO|2024-09-26 17:16:06: Epoch[017/100], iter[157/392], loss_total:0.58379, loss_equ:1.05127 loss_pq_vm:0.00819 loss_pq_va:0.20044 loss_pv_va:0.19635
INFO|2024-09-26 17:17:03: Epoch[017/100], iter[196/392], loss_total:0.59710, loss_equ:1.50831 loss_pq_vm:0.00677 loss_pq_va:0.18421 loss_pv_va:0.19440
INFO|2024-09-26 17:18:02: Epoch[017/100], iter[235/392], loss_total:0.46610, loss_equ:0.96457 loss_pq_vm:0.00625 loss_pq_va:0.15544 loss_pv_va:0.15173
INFO|2024-09-26 17:18:59: Epoch[017/100], iter[274/392], loss_total:0.49469, loss_equ:0.93693 loss_pq_vm:0.00831 loss_pq_va:0.16126 loss_pv_va:0.15665
INFO|2024-09-26 17:19:57: Epoch[017/100], iter[313/392], loss_total:0.46957, loss_equ:0.88461 loss_pq_vm:0.00705 loss_pq_va:0.15625 loss_pv_va:0.15439
INFO|2024-09-26 17:20:54: Epoch[017/100], iter[352/392], loss_total:0.44311, loss_equ:0.90716 loss_pq_vm:0.00546 loss_pq_va:0.15087 loss_pv_va:0.14695
INFO|2024-09-26 17:21:54: Epoch[017/100], iter[392/392], loss_total:0.49186, loss_equ:0.98872 loss_pq_vm:0.00913 loss_pq_va:0.15297 loss_pv_va:0.14874
INFO|2024-09-26 17:23:47: Epoch 16/100, lr:  0.00093107, eta: 16.0h, train_loss:  0.54546, valid_loss:  0.57326
INFO|2024-09-26 17:23:47: 	Train: PQ_Vm_rmse: 0.00031434  PQ_Va_rmse: 0.01197737  PV_Va_rmse: 0.01179223  delta_p: 0.03364324  delta_q: 0.00489561  
INFO|2024-09-26 17:23:47: 	ZTest: PQ_Vm_rmse: 0.00087538  PQ_Va_rmse: 0.00919519  PV_Va_rmse: 0.00883916  delta_p: 0.02703055  delta_q: 0.01038734  
INFO|2024-09-26 17:23:47: 	ZTest-ema: PQ_Vm_rmse: 0.000246  PQ_Va_rmse: 0.007832  PV_Va_rmse: 0.007490  delta_p: 0.019493  delta_q: 0.002895  
INFO|2024-09-26 17:23:47: 	           ValOfEMA:0.007832/0.007832,  Epoch:17/17
INFO|2024-09-26 17:23:48: 	Time(ep):693s,  Val(curr/best):0.009195/0.009195,  Epoch(curr/best):17/17
INFO|2024-09-26 17:23:48: -------------------- Epoch: 18 --------------------
INFO|2024-09-26 17:24:49: Epoch[018/100], iter[040/392], loss_total:0.53478, loss_equ:0.90633 loss_pq_vm:0.00568 loss_pq_va:0.19662 loss_pv_va:0.19076
INFO|2024-09-26 17:25:46: Epoch[018/100], iter[079/392], loss_total:0.55482, loss_equ:1.08535 loss_pq_vm:0.00655 loss_pq_va:0.19039 loss_pv_va:0.19038
INFO|2024-09-26 17:26:43: Epoch[018/100], iter[118/392], loss_total:0.57430, loss_equ:1.05649 loss_pq_vm:0.00673 loss_pq_va:0.20143 loss_pv_va:0.19989
INFO|2024-09-26 17:27:41: Epoch[018/100], iter[157/392], loss_total:0.57931, loss_equ:1.17915 loss_pq_vm:0.00997 loss_pq_va:0.18217 loss_pv_va:0.17953
INFO|2024-09-26 17:28:39: Epoch[018/100], iter[196/392], loss_total:0.47724, loss_equ:0.94010 loss_pq_vm:0.00776 loss_pq_va:0.15471 loss_pv_va:0.15095
INFO|2024-09-26 17:29:36: Epoch[018/100], iter[235/392], loss_total:0.50655, loss_equ:0.96640 loss_pq_vm:0.00808 loss_pq_va:0.16545 loss_pv_va:0.16370
INFO|2024-09-26 17:30:33: Epoch[018/100], iter[274/392], loss_total:0.51657, loss_equ:0.97517 loss_pq_vm:0.00701 loss_pq_va:0.17381 loss_pv_va:0.17514
INFO|2024-09-26 17:31:31: Epoch[018/100], iter[313/392], loss_total:0.64702, loss_equ:1.06300 loss_pq_vm:0.01216 loss_pq_va:0.20888 loss_pv_va:0.21020
INFO|2024-09-26 17:32:28: Epoch[018/100], iter[352/392], loss_total:0.52971, loss_equ:0.94439 loss_pq_vm:0.00614 loss_pq_va:0.18813 loss_pv_va:0.18577
INFO|2024-09-26 17:33:26: Epoch[018/100], iter[392/392], loss_total:0.48913, loss_equ:0.79912 loss_pq_vm:0.00651 loss_pq_va:0.17512 loss_pv_va:0.16899
INFO|2024-09-26 17:35:19: Epoch 17/100, lr:  0.00092294, eta: 15.73h, train_loss:  0.56523, valid_loss:  0.52990
INFO|2024-09-26 17:35:19: 	Train: PQ_Vm_rmse: 0.00039928  PQ_Va_rmse: 0.01233889  PV_Va_rmse: 0.01215407  delta_p: 0.03161981  delta_q: 0.00552213  
INFO|2024-09-26 17:35:19: 	ZTest: PQ_Vm_rmse: 0.00027300  PQ_Va_rmse: 0.01201716  PV_Va_rmse: 0.01121558  delta_p: 0.02672857  delta_q: 0.00437913  
INFO|2024-09-26 17:35:19: 	ZTest-ema: PQ_Vm_rmse: 0.000237  PQ_Va_rmse: 0.007559  PV_Va_rmse: 0.007270  delta_p: 0.013553  delta_q: 0.002301  
INFO|2024-09-26 17:35:19: 	           ValOfEMA:0.007559/0.007559,  Epoch:18/18
INFO|2024-09-26 17:35:19: 	Time(ep):690s,  Val(curr/best):0.012017/0.009195,  Epoch(curr/best):18/17
INFO|2024-09-26 17:35:19: -------------------- Epoch: 19 --------------------
INFO|2024-09-26 17:36:20: Epoch[019/100], iter[040/392], loss_total:0.47091, loss_equ:0.98741 loss_pq_vm:0.00522 loss_pq_va:0.16468 loss_pv_va:0.15532
INFO|2024-09-26 17:37:17: Epoch[019/100], iter[079/392], loss_total:0.55083, loss_equ:0.88709 loss_pq_vm:0.00655 loss_pq_va:0.20050 loss_pv_va:0.19610
INFO|2024-09-26 17:38:14: Epoch[019/100], iter[118/392], loss_total:0.55031, loss_equ:1.27731 loss_pq_vm:0.00838 loss_pq_va:0.17059 loss_pv_va:0.16817
INFO|2024-09-26 17:39:11: Epoch[019/100], iter[157/392], loss_total:0.61555, loss_equ:1.07484 loss_pq_vm:0.00817 loss_pq_va:0.21720 loss_pv_va:0.20914
INFO|2024-09-26 17:40:09: Epoch[019/100], iter[196/392], loss_total:0.55542, loss_equ:0.90734 loss_pq_vm:0.00684 loss_pq_va:0.20111 loss_pv_va:0.19513
INFO|2024-09-26 17:41:07: Epoch[019/100], iter[235/392], loss_total:0.75682, loss_equ:1.36973 loss_pq_vm:0.01918 loss_pq_va:0.21716 loss_pv_va:0.21088
INFO|2024-09-26 17:42:05: Epoch[019/100], iter[274/392], loss_total:0.52409, loss_equ:1.13705 loss_pq_vm:0.00850 loss_pq_va:0.16233 loss_pv_va:0.16309
INFO|2024-09-26 17:43:02: Epoch[019/100], iter[313/392], loss_total:0.52906, loss_equ:0.98885 loss_pq_vm:0.00592 loss_pq_va:0.19154 loss_pv_va:0.17946
INFO|2024-09-26 17:43:59: Epoch[019/100], iter[352/392], loss_total:0.67442, loss_equ:1.32630 loss_pq_vm:0.00871 loss_pq_va:0.23253 loss_pv_va:0.22215
INFO|2024-09-26 17:44:58: Epoch[019/100], iter[392/392], loss_total:0.50334, loss_equ:1.18083 loss_pq_vm:0.00574 loss_pq_va:0.16333 loss_pv_va:0.16449
INFO|2024-09-26 17:46:52: Epoch 18/100, lr:  0.00091440, eta: 15.59h, train_loss:  0.56722, valid_loss:  0.56336
INFO|2024-09-26 17:46:52: 	Train: PQ_Vm_rmse: 0.00050361  PQ_Va_rmse: 0.01290769  PV_Va_rmse: 0.01250796  delta_p: 0.03547813  delta_q: 0.00603622  
INFO|2024-09-26 17:46:52: 	ZTest: PQ_Vm_rmse: 0.00028449  PQ_Va_rmse: 0.01000264  PV_Va_rmse: 0.01085631  delta_p: 0.07138065  delta_q: 0.00731977  
INFO|2024-09-26 17:46:52: 	ZTest-ema: PQ_Vm_rmse: 0.000248  PQ_Va_rmse: 0.008171  PV_Va_rmse: 0.007822  delta_p: 0.017018  delta_q: 0.002362  
INFO|2024-09-26 17:46:52: 	           ValOfEMA:0.008171/0.007559,  Epoch:19/18
INFO|2024-09-26 17:46:53: 	Time(ep):692s,  Val(curr/best):0.010856/0.009195,  Epoch(curr/best):19/17
INFO|2024-09-26 17:46:53: -------------------- Epoch: 20 --------------------
INFO|2024-09-26 17:47:53: Epoch[020/100], iter[040/392], loss_total:0.56808, loss_equ:0.95255 loss_pq_vm:0.00769 loss_pq_va:0.20106 loss_pv_va:0.19486
INFO|2024-09-26 17:48:50: Epoch[020/100], iter[079/392], loss_total:0.56076, loss_equ:1.16751 loss_pq_vm:0.01019 loss_pq_va:0.17279 loss_pv_va:0.16936
INFO|2024-09-26 17:49:48: Epoch[020/100], iter[118/392], loss_total:0.55297, loss_equ:1.25488 loss_pq_vm:0.00560 loss_pq_va:0.19016 loss_pv_va:0.18135
INFO|2024-09-26 17:50:46: Epoch[020/100], iter[157/392], loss_total:0.46168, loss_equ:0.79500 loss_pq_vm:0.00490 loss_pq_va:0.16785 loss_pv_va:0.16529
INFO|2024-09-26 17:51:44: Epoch[020/100], iter[196/392], loss_total:0.47866, loss_equ:0.87395 loss_pq_vm:0.00580 loss_pq_va:0.16875 loss_pv_va:0.16451
INFO|2024-09-26 17:52:42: Epoch[020/100], iter[235/392], loss_total:0.47535, loss_equ:1.13126 loss_pq_vm:0.00609 loss_pq_va:0.15188 loss_pv_va:0.14943
INFO|2024-09-26 17:53:40: Epoch[020/100], iter[274/392], loss_total:0.56085, loss_equ:0.91922 loss_pq_vm:0.00830 loss_pq_va:0.19353 loss_pv_va:0.19242
INFO|2024-09-26 17:54:37: Epoch[020/100], iter[313/392], loss_total:0.46642, loss_equ:0.81832 loss_pq_vm:0.00598 loss_pq_va:0.16573 loss_pv_va:0.15905
INFO|2024-09-26 17:55:33: Epoch[020/100], iter[352/392], loss_total:0.63102, loss_equ:1.10359 loss_pq_vm:0.00779 loss_pq_va:0.22871 loss_pv_va:0.21407
INFO|2024-09-26 17:56:32: Epoch[020/100], iter[392/392], loss_total:0.76188, loss_equ:1.47195 loss_pq_vm:0.00901 loss_pq_va:0.26138 loss_pv_va:0.26317
INFO|2024-09-26 17:58:26: Epoch 19/100, lr:  0.00090546, eta: 15.4h, train_loss:  0.55983, valid_loss:  0.72125
INFO|2024-09-26 17:58:26: 	Train: PQ_Vm_rmse: 0.00034737  PQ_Va_rmse: 0.01348482  PV_Va_rmse: 0.01322605  delta_p: 0.03321061  delta_q: 0.00491091  
INFO|2024-09-26 17:58:26: 	ZTest: PQ_Vm_rmse: 0.00046987  PQ_Va_rmse: 0.01997462  PV_Va_rmse: 0.02059691  delta_p: 0.07301160  delta_q: 0.00719950  
INFO|2024-09-26 17:58:26: 	ZTest-ema: PQ_Vm_rmse: 0.000262  PQ_Va_rmse: 0.009018  PV_Va_rmse: 0.008681  delta_p: 0.017104  delta_q: 0.002707  
INFO|2024-09-26 17:58:26: 	           ValOfEMA:0.009018/0.007559,  Epoch:20/18
INFO|2024-09-26 17:58:26: 	Time(ep):692s,  Val(curr/best):0.020597/0.009195,  Epoch(curr/best):20/17
INFO|2024-09-26 17:58:26: -------------------- Epoch: 21 --------------------
INFO|2024-09-26 17:59:28: Epoch[021/100], iter[040/392], loss_total:0.73805, loss_equ:1.27986 loss_pq_vm:0.00909 loss_pq_va:0.26088 loss_pv_va:0.25832
INFO|2024-09-26 18:00:25: Epoch[021/100], iter[079/392], loss_total:0.55731, loss_equ:1.04796 loss_pq_vm:0.01432 loss_pq_va:0.15604 loss_pv_va:0.15329
INFO|2024-09-26 18:01:22: Epoch[021/100], iter[118/392], loss_total:0.54557, loss_equ:1.04046 loss_pq_vm:0.01163 loss_pq_va:0.16483 loss_pv_va:0.16041
INFO|2024-09-26 18:02:19: Epoch[021/100], iter[157/392], loss_total:0.45618, loss_equ:0.82699 loss_pq_vm:0.00508 loss_pq_va:0.16493 loss_pv_va:0.15780
INFO|2024-09-26 18:03:17: Epoch[021/100], iter[196/392], loss_total:0.57576, loss_equ:0.86125 loss_pq_vm:0.00573 loss_pq_va:0.22032 loss_pv_va:0.21200
INFO|2024-09-26 18:04:15: Epoch[021/100], iter[235/392], loss_total:0.51532, loss_equ:0.91502 loss_pq_vm:0.00633 loss_pq_va:0.18175 loss_pv_va:0.17873
INFO|2024-09-26 18:05:13: Epoch[021/100], iter[274/392], loss_total:0.50431, loss_equ:1.03079 loss_pq_vm:0.00835 loss_pq_va:0.15788 loss_pv_va:0.15982
INFO|2024-09-26 18:06:10: Epoch[021/100], iter[313/392], loss_total:0.46575, loss_equ:0.98738 loss_pq_vm:0.00558 loss_pq_va:0.15423 loss_pv_va:0.15695
INFO|2024-09-26 18:07:08: Epoch[021/100], iter[352/392], loss_total:0.59529, loss_equ:0.89815 loss_pq_vm:0.00499 loss_pq_va:0.23246 loss_pv_va:0.22316
INFO|2024-09-26 18:08:07: Epoch[021/100], iter[392/392], loss_total:0.42746, loss_equ:0.85377 loss_pq_vm:0.00501 loss_pq_va:0.14811 loss_pv_va:0.14391
INFO|2024-09-26 18:10:00: Epoch 20/100, lr:  0.00089613, eta: 15.23h, train_loss:  0.52759, valid_loss:  0.58165
INFO|2024-09-26 18:10:00: 	Train: PQ_Vm_rmse: 0.00032997  PQ_Va_rmse: 0.01060736  PV_Va_rmse: 0.01042271  delta_p: 0.02857673  delta_q: 0.00466392  
INFO|2024-09-26 18:10:00: 	ZTest: PQ_Vm_rmse: 0.00029670  PQ_Va_rmse: 0.01420951  PV_Va_rmse: 0.01393975  delta_p: 0.02744081  delta_q: 0.00443380  
INFO|2024-09-26 18:10:00: 	ZTest-ema: PQ_Vm_rmse: 0.000231  PQ_Va_rmse: 0.007115  PV_Va_rmse: 0.006822  delta_p: 0.019058  delta_q: 0.002464  
INFO|2024-09-26 18:10:00: 	           ValOfEMA:0.007115/0.007115,  Epoch:21/21
INFO|2024-09-26 18:10:01: 	Time(ep):693s,  Val(curr/best):0.014210/0.009195,  Epoch(curr/best):21/17
INFO|2024-09-26 18:10:01: -------------------- Epoch: 22 --------------------
INFO|2024-09-26 18:11:02: Epoch[022/100], iter[040/392], loss_total:0.50774, loss_equ:1.14907 loss_pq_vm:0.00670 loss_pq_va:0.16073 loss_pv_va:0.16505
INFO|2024-09-26 18:11:59: Epoch[022/100], iter[079/392], loss_total:0.49047, loss_equ:0.97544 loss_pq_vm:0.00751 loss_pq_va:0.15931 loss_pv_va:0.15850
INFO|2024-09-26 18:12:56: Epoch[022/100], iter[118/392], loss_total:0.65527, loss_equ:1.03163 loss_pq_vm:0.00728 loss_pq_va:0.24736 loss_pv_va:0.23197
INFO|2024-09-26 18:13:53: Epoch[022/100], iter[157/392], loss_total:0.55214, loss_equ:1.07791 loss_pq_vm:0.00791 loss_pq_va:0.18378 loss_pv_va:0.18147
INFO|2024-09-26 18:14:51: Epoch[022/100], iter[196/392], loss_total:0.56113, loss_equ:0.85845 loss_pq_vm:0.00569 loss_pq_va:0.21205 loss_pv_va:0.20629
INFO|2024-09-26 18:15:48: Epoch[022/100], iter[235/392], loss_total:0.47145, loss_equ:0.86797 loss_pq_vm:0.00546 loss_pq_va:0.16634 loss_pv_va:0.16374
INFO|2024-09-26 18:16:46: Epoch[022/100], iter[274/392], loss_total:0.41553, loss_equ:0.72284 loss_pq_vm:0.00521 loss_pq_va:0.14713 loss_pv_va:0.14407
INFO|2024-09-26 18:17:44: Epoch[022/100], iter[313/392], loss_total:0.47639, loss_equ:0.84291 loss_pq_vm:0.00725 loss_pq_va:0.16292 loss_pv_va:0.15667
INFO|2024-09-26 18:18:42: Epoch[022/100], iter[352/392], loss_total:0.46671, loss_equ:1.01568 loss_pq_vm:0.00600 loss_pq_va:0.15602 loss_pv_va:0.14916
INFO|2024-09-26 18:19:41: Epoch[022/100], iter[392/392], loss_total:0.42873, loss_equ:0.82537 loss_pq_vm:0.00554 loss_pq_va:0.14823 loss_pv_va:0.14255
INFO|2024-09-26 18:21:35: Epoch 21/100, lr:  0.00088640, eta: 15.03h, train_loss:  0.51584, valid_loss:  0.47378
INFO|2024-09-26 18:21:35: 	Train: PQ_Vm_rmse: 0.00027429  PQ_Va_rmse: 0.01134338  PV_Va_rmse: 0.01116198  delta_p: 0.03156295  delta_q: 0.00444352  
INFO|2024-09-26 18:21:35: 	ZTest: PQ_Vm_rmse: 0.00025377  PQ_Va_rmse: 0.00770741  PV_Va_rmse: 0.00736555  delta_p: 0.01998727  delta_q: 0.00268434  
INFO|2024-09-26 18:21:35: 	ZTest-ema: PQ_Vm_rmse: 0.000211  PQ_Va_rmse: 0.007081  PV_Va_rmse: 0.006814  delta_p: 0.015495  delta_q: 0.002237  
INFO|2024-09-26 18:21:35: 	           ValOfEMA:0.007081/0.007081,  Epoch:22/22
INFO|2024-09-26 18:21:36: 	Time(ep):693s,  Val(curr/best):0.007707/0.007707,  Epoch(curr/best):22/22
INFO|2024-09-26 18:21:36: -------------------- Epoch: 23 --------------------
INFO|2024-09-26 18:22:36: Epoch[023/100], iter[040/392], loss_total:0.38520, loss_equ:0.81579 loss_pq_vm:0.00473 loss_pq_va:0.12920 loss_pv_va:0.12711
INFO|2024-09-26 18:23:34: Epoch[023/100], iter[079/392], loss_total:0.45275, loss_equ:1.02529 loss_pq_vm:0.00598 loss_pq_va:0.14766 loss_pv_va:0.14276
INFO|2024-09-26 18:24:32: Epoch[023/100], iter[118/392], loss_total:0.46472, loss_equ:0.87472 loss_pq_vm:0.00625 loss_pq_va:0.15997 loss_pv_va:0.15476
INFO|2024-09-26 18:25:30: Epoch[023/100], iter[157/392], loss_total:0.52671, loss_equ:1.01480 loss_pq_vm:0.00988 loss_pq_va:0.16498 loss_pv_va:0.16141
INFO|2024-09-26 18:26:28: Epoch[023/100], iter[196/392], loss_total:0.51161, loss_equ:0.85353 loss_pq_vm:0.00658 loss_pq_va:0.18242 loss_pv_va:0.17804
INFO|2024-09-26 18:27:25: Epoch[023/100], iter[235/392], loss_total:0.42061, loss_equ:0.96811 loss_pq_vm:0.00569 loss_pq_va:0.13595 loss_pv_va:0.13099
INFO|2024-09-26 18:28:22: Epoch[023/100], iter[274/392], loss_total:0.44042, loss_equ:0.90140 loss_pq_vm:0.00731 loss_pq_va:0.14025 loss_pv_va:0.13696
INFO|2024-09-26 18:29:20: Epoch[023/100], iter[313/392], loss_total:0.40187, loss_equ:0.80748 loss_pq_vm:0.00563 loss_pq_va:0.13453 loss_pv_va:0.13030
INFO|2024-09-26 18:30:18: Epoch[023/100], iter[352/392], loss_total:0.47082, loss_equ:0.98634 loss_pq_vm:0.00958 loss_pq_va:0.13996 loss_pv_va:0.13646
INFO|2024-09-26 18:31:17: Epoch[023/100], iter[392/392], loss_total:0.46095, loss_equ:0.93522 loss_pq_vm:0.00844 loss_pq_va:0.14336 loss_pv_va:0.13970
INFO|2024-09-26 18:33:10: Epoch 22/100, lr:  0.00087630, eta: 14.85h, train_loss:  0.47963, valid_loss:  0.57906
INFO|2024-09-26 18:33:10: 	Train: PQ_Vm_rmse: 0.00032160  PQ_Va_rmse: 0.00878486  PV_Va_rmse: 0.00853697  delta_p: 0.02523762  delta_q: 0.00433052  
INFO|2024-09-26 18:33:10: 	ZTest: PQ_Vm_rmse: 0.00042106  PQ_Va_rmse: 0.01237357  PV_Va_rmse: 0.01146882  delta_p: 0.02969672  delta_q: 0.00627228  
INFO|2024-09-26 18:33:10: 	ZTest-ema: PQ_Vm_rmse: 0.000230  PQ_Va_rmse: 0.007162  PV_Va_rmse: 0.006863  delta_p: 0.016479  delta_q: 0.002737  
INFO|2024-09-26 18:33:10: 	           ValOfEMA:0.007162/0.007081,  Epoch:23/22
INFO|2024-09-26 18:33:11: 	Time(ep):694s,  Val(curr/best):0.012374/0.007707,  Epoch(curr/best):23/22
INFO|2024-09-26 18:33:11: -------------------- Epoch: 24 --------------------
INFO|2024-09-26 18:34:12: Epoch[024/100], iter[040/392], loss_total:0.40635, loss_equ:0.85839 loss_pq_vm:0.00521 loss_pq_va:0.13653 loss_pv_va:0.13192
INFO|2024-09-26 18:35:09: Epoch[024/100], iter[079/392], loss_total:0.47072, loss_equ:0.91559 loss_pq_vm:0.00604 loss_pq_va:0.15940 loss_pv_va:0.15940
INFO|2024-09-26 18:36:07: Epoch[024/100], iter[118/392], loss_total:0.39527, loss_equ:0.76259 loss_pq_vm:0.00524 loss_pq_va:0.13512 loss_pv_va:0.13149
INFO|2024-09-26 18:37:05: Epoch[024/100], iter[157/392], loss_total:0.50872, loss_equ:0.85371 loss_pq_vm:0.00922 loss_pq_va:0.16792 loss_pv_va:0.16328
INFO|2024-09-26 18:38:02: Epoch[024/100], iter[196/392], loss_total:0.48157, loss_equ:0.79247 loss_pq_vm:0.00599 loss_pq_va:0.17242 loss_pv_va:0.16996
INFO|2024-09-26 18:38:59: Epoch[024/100], iter[235/392], loss_total:0.47127, loss_equ:0.87934 loss_pq_vm:0.00758 loss_pq_va:0.15711 loss_pv_va:0.15042
INFO|2024-09-26 18:39:57: Epoch[024/100], iter[274/392], loss_total:0.78262, loss_equ:2.02126 loss_pq_vm:0.01333 loss_pq_va:0.22046 loss_pv_va:0.22677
INFO|2024-09-26 18:40:55: Epoch[024/100], iter[313/392], loss_total:0.68212, loss_equ:1.19881 loss_pq_vm:0.00673 loss_pq_va:0.24386 loss_pv_va:0.25111
INFO|2024-09-26 18:41:51: Epoch[024/100], iter[352/392], loss_total:0.41293, loss_equ:0.91655 loss_pq_vm:0.00442 loss_pq_va:0.13713 loss_pv_va:0.13994
INFO|2024-09-26 18:42:49: Epoch[024/100], iter[392/392], loss_total:0.47284, loss_equ:0.99091 loss_pq_vm:0.00670 loss_pq_va:0.15319 loss_pv_va:0.15352
INFO|2024-09-26 18:44:43: Epoch 23/100, lr:  0.00086584, eta: 14.61h, train_loss:  0.53152, valid_loss:  0.54972
INFO|2024-09-26 18:44:43: 	Train: PQ_Vm_rmse: 0.00043975  PQ_Va_rmse: 0.01146359  PV_Va_rmse: 0.01124633  delta_p: 0.03346650  delta_q: 0.00618156  
INFO|2024-09-26 18:44:43: 	ZTest: PQ_Vm_rmse: 0.00031905  PQ_Va_rmse: 0.01226101  PV_Va_rmse: 0.01202510  delta_p: 0.02307049  delta_q: 0.00402268  
INFO|2024-09-26 18:44:43: 	ZTest-ema: PQ_Vm_rmse: 0.000219  PQ_Va_rmse: 0.007188  PV_Va_rmse: 0.006985  delta_p: 0.019417  delta_q: 0.002103  
INFO|2024-09-26 18:44:43: 	           ValOfEMA:0.007188/0.007081,  Epoch:24/22
INFO|2024-09-26 18:44:43: 	Time(ep):691s,  Val(curr/best):0.012261/0.007707,  Epoch(curr/best):24/22
INFO|2024-09-26 18:44:43: -------------------- Epoch: 25 --------------------
INFO|2024-09-26 18:45:44: Epoch[025/100], iter[040/392], loss_total:0.40311, loss_equ:0.79994 loss_pq_vm:0.00460 loss_pq_va:0.14015 loss_pv_va:0.13694
INFO|2024-09-26 18:46:41: Epoch[025/100], iter[079/392], loss_total:0.40425, loss_equ:0.75371 loss_pq_vm:0.00586 loss_pq_va:0.13648 loss_pv_va:0.13384
INFO|2024-09-26 18:47:40: Epoch[025/100], iter[118/392], loss_total:0.43719, loss_equ:0.89763 loss_pq_vm:0.00517 loss_pq_va:0.14948 loss_pv_va:0.14621
INFO|2024-09-26 18:48:39: Epoch[025/100], iter[157/392], loss_total:0.54177, loss_equ:0.85708 loss_pq_vm:0.00657 loss_pq_va:0.19406 loss_pv_va:0.19627
INFO|2024-09-26 18:49:37: Epoch[025/100], iter[196/392], loss_total:0.46830, loss_equ:0.74777 loss_pq_vm:0.00486 loss_pq_va:0.17400 loss_pv_va:0.17096
INFO|2024-09-26 18:50:34: Epoch[025/100], iter[235/392], loss_total:0.46114, loss_equ:0.78918 loss_pq_vm:0.00549 loss_pq_va:0.16544 loss_pv_va:0.16190
INFO|2024-09-26 18:51:32: Epoch[025/100], iter[274/392], loss_total:0.38982, loss_equ:0.69667 loss_pq_vm:0.00456 loss_pq_va:0.13920 loss_pv_va:0.13534
INFO|2024-09-26 18:52:30: Epoch[025/100], iter[313/392], loss_total:0.49556, loss_equ:0.92733 loss_pq_vm:0.00954 loss_pq_va:0.15669 loss_pv_va:0.15070
INFO|2024-09-26 18:53:27: Epoch[025/100], iter[352/392], loss_total:0.50692, loss_equ:1.09833 loss_pq_vm:0.00820 loss_pq_va:0.16188 loss_pv_va:0.15318
INFO|2024-09-26 18:54:26: Epoch[025/100], iter[392/392], loss_total:0.43920, loss_equ:0.82795 loss_pq_vm:0.00684 loss_pq_va:0.14564 loss_pv_va:0.14235
INFO|2024-09-26 18:56:19: Epoch 24/100, lr:  0.00085502, eta: 14.49h, train_loss:  0.46602, valid_loss:  0.49227
INFO|2024-09-26 18:56:19: 	Train: PQ_Vm_rmse: 0.00026947  PQ_Va_rmse: 0.00888912  PV_Va_rmse: 0.00874144  delta_p: 0.02181029  delta_q: 0.00353758  
INFO|2024-09-26 18:56:19: 	ZTest: PQ_Vm_rmse: 0.00038365  PQ_Va_rmse: 0.00772307  PV_Va_rmse: 0.00746481  delta_p: 0.02571081  delta_q: 0.00378003  
INFO|2024-09-26 18:56:19: 	ZTest-ema: PQ_Vm_rmse: 0.000213  PQ_Va_rmse: 0.006449  PV_Va_rmse: 0.006246  delta_p: 0.013244  delta_q: 0.002327  
INFO|2024-09-26 18:56:19: 	           ValOfEMA:0.006449/0.006449,  Epoch:25/25
INFO|2024-09-26 18:56:20: 	Time(ep):695s,  Val(curr/best):0.007723/0.007707,  Epoch(curr/best):25/22
INFO|2024-09-26 18:56:20: -------------------- Epoch: 26 --------------------
INFO|2024-09-26 18:57:21: Epoch[026/100], iter[040/392], loss_total:0.44458, loss_equ:0.85280 loss_pq_vm:0.00703 loss_pq_va:0.14633 loss_pv_va:0.14262
INFO|2024-09-26 18:58:20: Epoch[026/100], iter[079/392], loss_total:0.40610, loss_equ:0.82724 loss_pq_vm:0.00713 loss_pq_va:0.12817 loss_pv_va:0.12395
INFO|2024-09-26 18:59:17: Epoch[026/100], iter[118/392], loss_total:0.73126, loss_equ:1.37927 loss_pq_vm:0.01473 loss_pq_va:0.23234 loss_pv_va:0.21374
INFO|2024-09-26 19:00:15: Epoch[026/100], iter[157/392], loss_total:0.60373, loss_equ:1.04854 loss_pq_vm:0.00621 loss_pq_va:0.22182 loss_pv_va:0.21495
INFO|2024-09-26 19:01:12: Epoch[026/100], iter[196/392], loss_total:0.41470, loss_equ:0.82806 loss_pq_vm:0.00487 loss_pq_va:0.14238 loss_pv_va:0.14082
INFO|2024-09-26 19:02:10: Epoch[026/100], iter[235/392], loss_total:0.41398, loss_equ:0.77940 loss_pq_vm:0.00643 loss_pq_va:0.13815 loss_pv_va:0.13356
INFO|2024-09-26 19:03:07: Epoch[026/100], iter[274/392], loss_total:0.51854, loss_equ:0.90070 loss_pq_vm:0.00914 loss_pq_va:0.17279 loss_pv_va:0.16423
INFO|2024-09-26 19:04:04: Epoch[026/100], iter[313/392], loss_total:0.57895, loss_equ:0.83067 loss_pq_vm:0.00558 loss_pq_va:0.22199 loss_pv_va:0.21813
INFO|2024-09-26 19:05:02: Epoch[026/100], iter[352/392], loss_total:0.38618, loss_equ:0.72509 loss_pq_vm:0.00430 loss_pq_va:0.13728 loss_pv_va:0.13341
INFO|2024-09-26 19:06:01: Epoch[026/100], iter[392/392], loss_total:0.60131, loss_equ:1.08050 loss_pq_vm:0.00723 loss_pq_va:0.20974 loss_pv_va:0.21118
INFO|2024-09-26 19:07:55: Epoch 25/100, lr:  0.00084385, eta: 14.29h, train_loss:  0.49421, valid_loss:  0.72864
INFO|2024-09-26 19:07:55: 	Train: PQ_Vm_rmse: 0.00035680  PQ_Va_rmse: 0.01094354  PV_Va_rmse: 0.01062770  delta_p: 0.02777179  delta_q: 0.00466121  
INFO|2024-09-26 19:07:55: 	ZTest: PQ_Vm_rmse: 0.00036594  PQ_Va_rmse: 0.02495048  PV_Va_rmse: 0.02407703  delta_p: 0.03700139  delta_q: 0.00465480  
INFO|2024-09-26 19:07:55: 	ZTest-ema: PQ_Vm_rmse: 0.000199  PQ_Va_rmse: 0.006970  PV_Va_rmse: 0.006739  delta_p: 0.015079  delta_q: 0.002073  
INFO|2024-09-26 19:07:55: 	           ValOfEMA:0.006970/0.006449,  Epoch:26/25
INFO|2024-09-26 19:07:56: 	Time(ep):695s,  Val(curr/best):0.024950/0.007707,  Epoch(curr/best):26/22
INFO|2024-09-26 19:07:56: -------------------- Epoch: 27 --------------------
INFO|2024-09-26 19:08:56: Epoch[027/100], iter[040/392], loss_total:0.48531, loss_equ:0.95493 loss_pq_vm:0.00711 loss_pq_va:0.15811 loss_pv_va:0.16060
INFO|2024-09-26 19:09:54: Epoch[027/100], iter[079/392], loss_total:0.45159, loss_equ:0.73353 loss_pq_vm:0.00483 loss_pq_va:0.16721 loss_pv_va:0.16268
INFO|2024-09-26 19:10:53: Epoch[027/100], iter[118/392], loss_total:0.42725, loss_equ:0.83663 loss_pq_vm:0.00692 loss_pq_va:0.13992 loss_pv_va:0.13450
INFO|2024-09-26 19:11:52: Epoch[027/100], iter[157/392], loss_total:0.44381, loss_equ:0.84120 loss_pq_vm:0.00859 loss_pq_va:0.13868 loss_pv_va:0.13513
INFO|2024-09-26 19:12:50: Epoch[027/100], iter[196/392], loss_total:0.50354, loss_equ:1.09331 loss_pq_vm:0.00685 loss_pq_va:0.16325 loss_pv_va:0.16247
INFO|2024-09-26 19:13:47: Epoch[027/100], iter[235/392], loss_total:0.38918, loss_equ:0.85430 loss_pq_vm:0.00543 loss_pq_va:0.12628 loss_pv_va:0.12320
INFO|2024-09-26 19:14:46: Epoch[027/100], iter[274/392], loss_total:0.39445, loss_equ:0.78179 loss_pq_vm:0.00514 loss_pq_va:0.13434 loss_pv_va:0.13050
INFO|2024-09-26 19:15:43: Epoch[027/100], iter[313/392], loss_total:0.42996, loss_equ:0.81473 loss_pq_vm:0.00556 loss_pq_va:0.14736 loss_pv_va:0.14551
INFO|2024-09-26 19:16:41: Epoch[027/100], iter[352/392], loss_total:0.41268, loss_equ:0.83162 loss_pq_vm:0.00516 loss_pq_va:0.14108 loss_pv_va:0.13681
INFO|2024-09-26 19:17:40: Epoch[027/100], iter[392/392], loss_total:0.58834, loss_equ:1.41143 loss_pq_vm:0.01401 loss_pq_va:0.15682 loss_pv_va:0.15030
INFO|2024-09-26 19:19:33: Epoch 26/100, lr:  0.00083235, eta: 14.13h, train_loss:  0.45774, valid_loss:  0.67631
INFO|2024-09-26 19:19:33: 	Train: PQ_Vm_rmse: 0.00026218  PQ_Va_rmse: 0.00740472  PV_Va_rmse: 0.00727006  delta_p: 0.02372600  delta_q: 0.00388838  
INFO|2024-09-26 19:19:33: 	ZTest: PQ_Vm_rmse: 0.00087175  PQ_Va_rmse: 0.01433088  PV_Va_rmse: 0.01368398  delta_p: 0.05184628  delta_q: 0.01111272  
INFO|2024-09-26 19:19:33: 	ZTest-ema: PQ_Vm_rmse: 0.000197  PQ_Va_rmse: 0.006264  PV_Va_rmse: 0.006096  delta_p: 0.013821  delta_q: 0.002020  
INFO|2024-09-26 19:19:33: 	           ValOfEMA:0.006264/0.006264,  Epoch:27/27
INFO|2024-09-26 19:19:34: 	Time(ep):696s,  Val(curr/best):0.014331/0.007707,  Epoch(curr/best):27/22
INFO|2024-09-26 19:19:34: -------------------- Epoch: 28 --------------------
INFO|2024-09-26 19:20:35: Epoch[028/100], iter[040/392], loss_total:0.39530, loss_equ:0.82486 loss_pq_vm:0.00517 loss_pq_va:0.13268 loss_pv_va:0.12843
INFO|2024-09-26 19:21:32: Epoch[028/100], iter[079/392], loss_total:0.42221, loss_equ:0.69456 loss_pq_vm:0.00430 loss_pq_va:0.15630 loss_pv_va:0.15344
INFO|2024-09-26 19:22:30: Epoch[028/100], iter[118/392], loss_total:0.34751, loss_equ:0.67904 loss_pq_vm:0.00447 loss_pq_va:0.11861 loss_pv_va:0.11628
INFO|2024-09-26 19:23:27: Epoch[028/100], iter[157/392], loss_total:0.38842, loss_equ:0.71477 loss_pq_vm:0.00568 loss_pq_va:0.13158 loss_pv_va:0.12858
INFO|2024-09-26 19:24:25: Epoch[028/100], iter[196/392], loss_total:0.39424, loss_equ:0.72301 loss_pq_vm:0.00440 loss_pq_va:0.14174 loss_pv_va:0.13620
INFO|2024-09-26 19:25:23: Epoch[028/100], iter[235/392], loss_total:0.40380, loss_equ:0.68681 loss_pq_vm:0.00551 loss_pq_va:0.14141 loss_pv_va:0.13862
INFO|2024-09-26 19:26:21: Epoch[028/100], iter[274/392], loss_total:0.44278, loss_equ:0.73357 loss_pq_vm:0.00594 loss_pq_va:0.15768 loss_pv_va:0.15239
INFO|2024-09-26 19:27:20: Epoch[028/100], iter[313/392], loss_total:0.40224, loss_equ:0.76911 loss_pq_vm:0.00589 loss_pq_va:0.13597 loss_pv_va:0.13049
INFO|2024-09-26 19:28:18: Epoch[028/100], iter[352/392], loss_total:0.46585, loss_equ:0.80904 loss_pq_vm:0.00558 loss_pq_va:0.16915 loss_pv_va:0.16001
INFO|2024-09-26 19:29:16: Epoch[028/100], iter[392/392], loss_total:0.38963, loss_equ:0.75795 loss_pq_vm:0.00483 loss_pq_va:0.13632 loss_pv_va:0.12923
INFO|2024-09-26 19:31:09: Epoch 27/100, lr:  0.00082052, eta: 13.91h, train_loss:  0.43536, valid_loss:  0.42013
INFO|2024-09-26 19:31:09: 	Train: PQ_Vm_rmse: 0.00025492  PQ_Va_rmse: 0.00816583  PV_Va_rmse: 0.00801809  delta_p: 0.01824905  delta_q: 0.00338893  
INFO|2024-09-26 19:31:09: 	ZTest: PQ_Vm_rmse: 0.00026493  PQ_Va_rmse: 0.00635137  PV_Va_rmse: 0.00605677  delta_p: 0.01622698  delta_q: 0.00328440  
INFO|2024-09-26 19:31:09: 	ZTest-ema: PQ_Vm_rmse: 0.000192  PQ_Va_rmse: 0.006032  PV_Va_rmse: 0.005826  delta_p: 0.013231  delta_q: 0.002346  
INFO|2024-09-26 19:31:09: 	           ValOfEMA:0.006032/0.006032,  Epoch:28/28
INFO|2024-09-26 19:31:10: 	Time(ep):695s,  Val(curr/best):0.006351/0.006351,  Epoch(curr/best):28/28
INFO|2024-09-26 19:31:10: -------------------- Epoch: 29 --------------------
INFO|2024-09-26 19:32:11: Epoch[029/100], iter[040/392], loss_total:0.41082, loss_equ:0.72713 loss_pq_vm:0.00491 loss_pq_va:0.14642 loss_pv_va:0.14260
INFO|2024-09-26 19:33:08: Epoch[029/100], iter[079/392], loss_total:0.40914, loss_equ:0.76798 loss_pq_vm:0.00509 loss_pq_va:0.14267 loss_pv_va:0.13876
INFO|2024-09-26 19:34:06: Epoch[029/100], iter[118/392], loss_total:0.44534, loss_equ:0.87403 loss_pq_vm:0.00473 loss_pq_va:0.15283 loss_pv_va:0.15780
INFO|2024-09-26 19:35:03: Epoch[029/100], iter[157/392], loss_total:0.41884, loss_equ:0.76536 loss_pq_vm:0.00552 loss_pq_va:0.14542 loss_pv_va:0.14166
INFO|2024-09-26 19:36:00: Epoch[029/100], iter[196/392], loss_total:0.34523, loss_equ:0.65653 loss_pq_vm:0.00428 loss_pq_va:0.12038 loss_pv_va:0.11639
INFO|2024-09-26 19:36:59: Epoch[029/100], iter[235/392], loss_total:0.37083, loss_equ:0.74541 loss_pq_vm:0.00668 loss_pq_va:0.11637 loss_pv_va:0.11314
INFO|2024-09-26 19:37:56: Epoch[029/100], iter[274/392], loss_total:0.61309, loss_equ:0.86927 loss_pq_vm:0.00757 loss_pq_va:0.23012 loss_pv_va:0.22033
INFO|2024-09-26 19:38:54: Epoch[029/100], iter[313/392], loss_total:0.63422, loss_equ:1.19937 loss_pq_vm:0.00913 loss_pq_va:0.21103 loss_pv_va:0.21196
INFO|2024-09-26 19:39:52: Epoch[029/100], iter[352/392], loss_total:0.55218, loss_equ:1.01952 loss_pq_vm:0.00671 loss_pq_va:0.18852 loss_pv_va:0.19464
INFO|2024-09-26 19:40:52: Epoch[029/100], iter[392/392], loss_total:0.40339, loss_equ:0.78907 loss_pq_vm:0.00508 loss_pq_va:0.13994 loss_pv_va:0.13371
INFO|2024-09-26 19:42:45: Epoch 28/100, lr:  0.00080839, eta: 13.7h, train_loss:  0.45413, valid_loss:  0.41890
INFO|2024-09-26 19:42:45: 	Train: PQ_Vm_rmse: 0.00029819  PQ_Va_rmse: 0.00855594  PV_Va_rmse: 0.00847214  delta_p: 0.01955542  delta_q: 0.00366488  
INFO|2024-09-26 19:42:45: 	ZTest: PQ_Vm_rmse: 0.00023464  PQ_Va_rmse: 0.00672833  PV_Va_rmse: 0.00662584  delta_p: 0.01924110  delta_q: 0.00246447  
INFO|2024-09-26 19:42:45: 	ZTest-ema: PQ_Vm_rmse: 0.000190  PQ_Va_rmse: 0.005914  PV_Va_rmse: 0.005737  delta_p: 0.010274  delta_q: 0.001695  
INFO|2024-09-26 19:42:45: 	           ValOfEMA:0.005914/0.005914,  Epoch:29/29
INFO|2024-09-26 19:42:46: 	Time(ep):694s,  Val(curr/best):0.006728/0.006351,  Epoch(curr/best):29/28
INFO|2024-09-26 19:42:46: -------------------- Epoch: 30 --------------------
INFO|2024-09-26 19:43:47: Epoch[030/100], iter[040/392], loss_total:0.39945, loss_equ:0.78871 loss_pq_vm:0.00522 loss_pq_va:0.13581 loss_pv_va:0.13262
INFO|2024-09-26 19:44:46: Epoch[030/100], iter[079/392], loss_total:0.42533, loss_equ:0.72860 loss_pq_vm:0.00436 loss_pq_va:0.15580 loss_pv_va:0.15312
INFO|2024-09-26 19:45:44: Epoch[030/100], iter[118/392], loss_total:0.40346, loss_equ:0.74669 loss_pq_vm:0.00424 loss_pq_va:0.14561 loss_pv_va:0.14075
INFO|2024-09-26 19:46:40: Epoch[030/100], iter[157/392], loss_total:0.36421, loss_equ:0.69630 loss_pq_vm:0.00622 loss_pq_va:0.11787 loss_pv_va:0.11448
INFO|2024-09-26 19:47:38: Epoch[030/100], iter[196/392], loss_total:0.42981, loss_equ:0.73601 loss_pq_vm:0.00597 loss_pq_va:0.15115 loss_pv_va:0.14537
INFO|2024-09-26 19:48:35: Epoch[030/100], iter[235/392], loss_total:0.39088, loss_equ:0.68771 loss_pq_vm:0.00427 loss_pq_va:0.14203 loss_pv_va:0.13735
INFO|2024-09-26 19:49:32: Epoch[030/100], iter[274/392], loss_total:0.35693, loss_equ:0.65760 loss_pq_vm:0.00456 loss_pq_va:0.12456 loss_pv_va:0.12104
INFO|2024-09-26 19:50:29: Epoch[030/100], iter[313/392], loss_total:0.47198, loss_equ:0.73180 loss_pq_vm:0.00553 loss_pq_va:0.17395 loss_pv_va:0.16956
INFO|2024-09-26 19:51:27: Epoch[030/100], iter[352/392], loss_total:0.51510, loss_equ:0.93971 loss_pq_vm:0.00593 loss_pq_va:0.18759 loss_pv_va:0.17420
INFO|2024-09-26 19:52:26: Epoch[030/100], iter[392/392], loss_total:0.50094, loss_equ:0.97784 loss_pq_vm:0.01262 loss_pq_va:0.14217 loss_pv_va:0.13477
INFO|2024-09-26 19:54:19: Epoch 29/100, lr:  0.00079595, eta: 13.48h, train_loss:  0.40140, valid_loss:  0.48974
INFO|2024-09-26 19:54:19: 	Train: PQ_Vm_rmse: 0.00020724  PQ_Va_rmse: 0.00670600  PV_Va_rmse: 0.00655579  delta_p: 0.01701063  delta_q: 0.00264416  
INFO|2024-09-26 19:54:19: 	ZTest: PQ_Vm_rmse: 0.00075842  PQ_Va_rmse: 0.00652339  PV_Va_rmse: 0.00628422  delta_p: 0.02538086  delta_q: 0.00555515  
INFO|2024-09-26 19:54:19: 	ZTest-ema: PQ_Vm_rmse: 0.000183  PQ_Va_rmse: 0.005591  PV_Va_rmse: 0.005371  delta_p: 0.013494  delta_q: 0.001911  
INFO|2024-09-26 19:54:19: 	           ValOfEMA:0.005591/0.005591,  Epoch:30/30
INFO|2024-09-26 19:54:20: 	Time(ep):693s,  Val(curr/best):0.006523/0.006351,  Epoch(curr/best):30/28
INFO|2024-09-26 19:54:20: -------------------- Epoch: 31 --------------------
INFO|2024-09-26 19:55:21: Epoch[031/100], iter[040/392], loss_total:0.50128, loss_equ:1.14538 loss_pq_vm:0.00883 loss_pq_va:0.15166 loss_pv_va:0.14677
INFO|2024-09-26 19:56:19: Epoch[031/100], iter[079/392], loss_total:0.44896, loss_equ:1.00949 loss_pq_vm:0.00592 loss_pq_va:0.14459 loss_pv_va:0.14420
INFO|2024-09-26 19:57:17: Epoch[031/100], iter[118/392], loss_total:0.43431, loss_equ:0.86279 loss_pq_vm:0.00872 loss_pq_va:0.13294 loss_pv_va:0.12786
INFO|2024-09-26 19:58:14: Epoch[031/100], iter[157/392], loss_total:0.34923, loss_equ:0.75244 loss_pq_vm:0.00519 loss_pq_va:0.11300 loss_pv_va:0.10907
INFO|2024-09-26 19:59:12: Epoch[031/100], iter[196/392], loss_total:0.34169, loss_equ:0.72796 loss_pq_vm:0.00520 loss_pq_va:0.11022 loss_pv_va:0.10667
INFO|2024-09-26 20:00:09: Epoch[031/100], iter[235/392], loss_total:0.39521, loss_equ:0.77778 loss_pq_vm:0.00476 loss_pq_va:0.13694 loss_pv_va:0.13284
INFO|2024-09-26 20:01:07: Epoch[031/100], iter[274/392], loss_total:0.47653, loss_equ:0.74787 loss_pq_vm:0.00462 loss_pq_va:0.17974 loss_pv_va:0.17577
INFO|2024-09-26 20:02:04: Epoch[031/100], iter[313/392], loss_total:0.53350, loss_equ:0.95137 loss_pq_vm:0.00796 loss_pq_va:0.17667 loss_pv_va:0.18210
INFO|2024-09-26 20:03:02: Epoch[031/100], iter[352/392], loss_total:0.43830, loss_equ:0.90674 loss_pq_vm:0.00689 loss_pq_va:0.14187 loss_pv_va:0.13684
INFO|2024-09-26 20:04:02: Epoch[031/100], iter[392/392], loss_total:0.39579, loss_equ:0.72360 loss_pq_vm:0.00651 loss_pq_va:0.13174 loss_pv_va:0.12656
INFO|2024-09-26 20:05:55: Epoch 30/100, lr:  0.00078323, eta: 13.32h, train_loss:  0.44863, valid_loss:  0.41634
INFO|2024-09-26 20:05:55: 	Train: PQ_Vm_rmse: 0.00029831  PQ_Va_rmse: 0.00848002  PV_Va_rmse: 0.00832182  delta_p: 0.02427717  delta_q: 0.00386174  
INFO|2024-09-26 20:05:55: 	ZTest: PQ_Vm_rmse: 0.00027975  PQ_Va_rmse: 0.00735021  PV_Va_rmse: 0.00716988  delta_p: 0.01272286  delta_q: 0.00233947  
INFO|2024-09-26 20:05:55: 	ZTest-ema: PQ_Vm_rmse: 0.000182  PQ_Va_rmse: 0.005704  PV_Va_rmse: 0.005524  delta_p: 0.009922  delta_q: 0.001548  
INFO|2024-09-26 20:05:55: 	           ValOfEMA:0.005704/0.005591,  Epoch:31/30
INFO|2024-09-26 20:05:56: 	Time(ep):694s,  Val(curr/best):0.007350/0.006351,  Epoch(curr/best):31/28
INFO|2024-09-26 20:05:56: -------------------- Epoch: 32 --------------------
INFO|2024-09-26 20:06:57: Epoch[032/100], iter[040/392], loss_total:0.46169, loss_equ:0.66269 loss_pq_vm:0.00447 loss_pq_va:0.17732 loss_pv_va:0.17342
INFO|2024-09-26 20:07:54: Epoch[032/100], iter[079/392], loss_total:0.74197, loss_equ:1.71861 loss_pq_vm:0.01223 loss_pq_va:0.22301 loss_pv_va:0.22476
INFO|2024-09-26 20:08:52: Epoch[032/100], iter[118/392], loss_total:0.39328, loss_equ:0.92172 loss_pq_vm:0.00613 loss_pq_va:0.12189 loss_pv_va:0.11791
INFO|2024-09-26 20:09:50: Epoch[032/100], iter[157/392], loss_total:0.49610, loss_equ:0.76521 loss_pq_vm:0.00531 loss_pq_va:0.18287 loss_pv_va:0.18366
INFO|2024-09-26 20:10:48: Epoch[032/100], iter[196/392], loss_total:0.58375, loss_equ:0.80475 loss_pq_vm:0.00472 loss_pq_va:0.22943 loss_pv_va:0.22666
INFO|2024-09-26 20:11:46: Epoch[032/100], iter[235/392], loss_total:0.33942, loss_equ:0.64862 loss_pq_vm:0.00434 loss_pq_va:0.11702 loss_pv_va:0.11418
INFO|2024-09-26 20:12:44: Epoch[032/100], iter[274/392], loss_total:0.37083, loss_equ:0.74626 loss_pq_vm:0.00421 loss_pq_va:0.12870 loss_pv_va:0.12538
INFO|2024-09-26 20:13:42: Epoch[032/100], iter[313/392], loss_total:0.50388, loss_equ:0.82721 loss_pq_vm:0.00514 loss_pq_va:0.18541 loss_pv_va:0.18437
INFO|2024-09-26 20:14:39: Epoch[032/100], iter[352/392], loss_total:0.42815, loss_equ:0.76654 loss_pq_vm:0.00436 loss_pq_va:0.15691 loss_pv_va:0.15100
INFO|2024-09-26 20:15:37: Epoch[032/100], iter[392/392], loss_total:0.34909, loss_equ:0.74815 loss_pq_vm:0.00457 loss_pq_va:0.11539 loss_pv_va:0.11315
INFO|2024-09-26 20:17:30: Epoch 31/100, lr:  0.00077023, eta: 13.12h, train_loss:  0.45152, valid_loss:  0.42071
INFO|2024-09-26 20:17:30: 	Train: PQ_Vm_rmse: 0.00021003  PQ_Va_rmse: 0.00950950  PV_Va_rmse: 0.00939148  delta_p: 0.02109208  delta_q: 0.00306589  
INFO|2024-09-26 20:17:30: 	ZTest: PQ_Vm_rmse: 0.00020150  PQ_Va_rmse: 0.00757592  PV_Va_rmse: 0.00719895  delta_p: 0.02020384  delta_q: 0.00234995  
INFO|2024-09-26 20:17:30: 	ZTest-ema: PQ_Vm_rmse: 0.000171  PQ_Va_rmse: 0.005812  PV_Va_rmse: 0.005638  delta_p: 0.012909  delta_q: 0.001576  
INFO|2024-09-26 20:17:30: 	           ValOfEMA:0.005812/0.005591,  Epoch:32/30
INFO|2024-09-26 20:17:31: 	Time(ep):694s,  Val(curr/best):0.007576/0.006351,  Epoch(curr/best):32/28
INFO|2024-09-26 20:17:31: -------------------- Epoch: 33 --------------------
INFO|2024-09-26 20:18:32: Epoch[033/100], iter[040/392], loss_total:0.40445, loss_equ:0.82224 loss_pq_vm:0.00410 loss_pq_va:0.14137 loss_pv_va:0.13990
INFO|2024-09-26 20:19:30: Epoch[033/100], iter[079/392], loss_total:0.46002, loss_equ:1.01088 loss_pq_vm:0.00977 loss_pq_va:0.13370 loss_pv_va:0.12755
INFO|2024-09-26 20:20:27: Epoch[033/100], iter[118/392], loss_total:0.39255, loss_equ:0.85150 loss_pq_vm:0.00551 loss_pq_va:0.12892 loss_pv_va:0.12341
INFO|2024-09-26 20:21:24: Epoch[033/100], iter[157/392], loss_total:0.36131, loss_equ:0.70928 loss_pq_vm:0.00484 loss_pq_va:0.12341 loss_pv_va:0.11857
INFO|2024-09-26 20:22:21: Epoch[033/100], iter[196/392], loss_total:0.38925, loss_equ:0.81235 loss_pq_vm:0.00464 loss_pq_va:0.13527 loss_pv_va:0.12632
INFO|2024-09-26 20:23:19: Epoch[033/100], iter[235/392], loss_total:0.36349, loss_equ:0.67176 loss_pq_vm:0.00398 loss_pq_va:0.13102 loss_pv_va:0.12547
INFO|2024-09-26 20:24:16: Epoch[033/100], iter[274/392], loss_total:0.36362, loss_equ:0.64906 loss_pq_vm:0.00432 loss_pq_va:0.13051 loss_pv_va:0.12496
INFO|2024-09-26 20:25:13: Epoch[033/100], iter[313/392], loss_total:0.36641, loss_equ:0.70106 loss_pq_vm:0.00530 loss_pq_va:0.12359 loss_pv_va:0.11972
INFO|2024-09-26 20:26:10: Epoch[033/100], iter[352/392], loss_total:0.32345, loss_equ:0.64547 loss_pq_vm:0.00379 loss_pq_va:0.11194 loss_pv_va:0.10905
INFO|2024-09-26 20:27:09: Epoch[033/100], iter[392/392], loss_total:0.34321, loss_equ:0.65073 loss_pq_vm:0.00453 loss_pq_va:0.11830 loss_pv_va:0.11456
INFO|2024-09-26 20:29:03: Epoch 32/100, lr:  0.00075698, eta: 12.89h, train_loss:  0.38114, valid_loss:  0.49143
INFO|2024-09-26 20:29:03: 	Train: PQ_Vm_rmse: 0.00018107  PQ_Va_rmse: 0.00591485  PV_Va_rmse: 0.00578122  delta_p: 0.01933189  delta_q: 0.00286974  
INFO|2024-09-26 20:29:03: 	ZTest: PQ_Vm_rmse: 0.00028055  PQ_Va_rmse: 0.01047533  PV_Va_rmse: 0.01032708  delta_p: 0.01535394  delta_q: 0.00303936  
INFO|2024-09-26 20:29:03: 	ZTest-ema: PQ_Vm_rmse: 0.000168  PQ_Va_rmse: 0.005443  PV_Va_rmse: 0.005270  delta_p: 0.010790  delta_q: 0.001740  
INFO|2024-09-26 20:29:03: 	           ValOfEMA:0.005443/0.005443,  Epoch:33/33
INFO|2024-09-26 20:29:04: 	Time(ep):692s,  Val(curr/best):0.010475/0.006351,  Epoch(curr/best):33/28
INFO|2024-09-26 20:29:04: -------------------- Epoch: 34 --------------------
INFO|2024-09-26 20:30:04: Epoch[034/100], iter[040/392], loss_total:0.33342, loss_equ:0.64781 loss_pq_vm:0.00433 loss_pq_va:0.11486 loss_pv_va:0.11051
INFO|2024-09-26 20:31:01: Epoch[034/100], iter[079/392], loss_total:0.35628, loss_equ:0.69371 loss_pq_vm:0.00416 loss_pq_va:0.12394 loss_pv_va:0.12135
INFO|2024-09-26 20:31:58: Epoch[034/100], iter[118/392], loss_total:0.45193, loss_equ:0.73085 loss_pq_vm:0.00447 loss_pq_va:0.16943 loss_pv_va:0.16476
INFO|2024-09-26 20:32:56: Epoch[034/100], iter[157/392], loss_total:0.39469, loss_equ:0.68865 loss_pq_vm:0.00421 loss_pq_va:0.14437 loss_pv_va:0.13933
INFO|2024-09-26 20:33:54: Epoch[034/100], iter[196/392], loss_total:0.33326, loss_equ:0.63726 loss_pq_vm:0.00378 loss_pq_va:0.11777 loss_pv_va:0.11393
INFO|2024-09-26 20:34:52: Epoch[034/100], iter[235/392], loss_total:0.42700, loss_equ:0.84423 loss_pq_vm:0.00558 loss_pq_va:0.14507 loss_pv_va:0.14175
INFO|2024-09-26 20:35:50: Epoch[034/100], iter[274/392], loss_total:0.42341, loss_equ:0.80143 loss_pq_vm:0.00678 loss_pq_va:0.13928 loss_pv_va:0.13623
INFO|2024-09-26 20:36:47: Epoch[034/100], iter[313/392], loss_total:0.36338, loss_equ:0.75041 loss_pq_vm:0.00721 loss_pq_va:0.10926 loss_pv_va:0.10696
INFO|2024-09-26 20:37:45: Epoch[034/100], iter[352/392], loss_total:0.42291, loss_equ:0.81074 loss_pq_vm:0.00838 loss_pq_va:0.13143 loss_pv_va:0.12661
INFO|2024-09-26 20:38:44: Epoch[034/100], iter[392/392], loss_total:0.43921, loss_equ:0.87974 loss_pq_vm:0.00601 loss_pq_va:0.14670 loss_pv_va:0.14442
INFO|2024-09-26 20:40:37: Epoch 33/100, lr:  0.00074347, eta: 12.71h, train_loss:  0.41447, valid_loss:  0.53880
INFO|2024-09-26 20:40:37: 	Train: PQ_Vm_rmse: 0.00024407  PQ_Va_rmse: 0.00746488  PV_Va_rmse: 0.00727085  delta_p: 0.01852087  delta_q: 0.00334388  
INFO|2024-09-26 20:40:37: 	ZTest: PQ_Vm_rmse: 0.00034457  PQ_Va_rmse: 0.01265448  PV_Va_rmse: 0.01255958  delta_p: 0.02574857  delta_q: 0.00425155  
INFO|2024-09-26 20:40:37: 	ZTest-ema: PQ_Vm_rmse: 0.000173  PQ_Va_rmse: 0.005248  PV_Va_rmse: 0.005041  delta_p: 0.011123  delta_q: 0.002065  
INFO|2024-09-26 20:40:37: 	           ValOfEMA:0.005248/0.005248,  Epoch:34/34
INFO|2024-09-26 20:40:38: 	Time(ep):693s,  Val(curr/best):0.012654/0.006351,  Epoch(curr/best):34/28
INFO|2024-09-26 20:40:38: -------------------- Epoch: 35 --------------------
INFO|2024-09-26 20:41:39: Epoch[035/100], iter[040/392], loss_total:0.42035, loss_equ:0.70955 loss_pq_vm:0.00483 loss_pq_va:0.15265 loss_pv_va:0.14850
INFO|2024-09-26 20:42:38: Epoch[035/100], iter[079/392], loss_total:0.37132, loss_equ:0.66220 loss_pq_vm:0.00425 loss_pq_va:0.13391 loss_pv_va:0.12865
INFO|2024-09-26 20:43:36: Epoch[035/100], iter[118/392], loss_total:0.35844, loss_equ:0.71559 loss_pq_vm:0.00562 loss_pq_va:0.11761 loss_pv_va:0.11313
INFO|2024-09-26 20:44:33: Epoch[035/100], iter[157/392], loss_total:0.36900, loss_equ:0.68630 loss_pq_vm:0.00434 loss_pq_va:0.12947 loss_pv_va:0.12751
INFO|2024-09-26 20:45:30: Epoch[035/100], iter[196/392], loss_total:0.35286, loss_equ:0.77591 loss_pq_vm:0.00372 loss_pq_va:0.12007 loss_pv_va:0.11803
INFO|2024-09-26 20:46:27: Epoch[035/100], iter[235/392], loss_total:0.38195, loss_equ:0.70218 loss_pq_vm:0.00459 loss_pq_va:0.13459 loss_pv_va:0.13123
INFO|2024-09-26 20:47:24: Epoch[035/100], iter[274/392], loss_total:0.39652, loss_equ:0.79426 loss_pq_vm:0.00933 loss_pq_va:0.11376 loss_pv_va:0.10999
INFO|2024-09-26 20:48:21: Epoch[035/100], iter[313/392], loss_total:0.38854, loss_equ:0.65071 loss_pq_vm:0.00459 loss_pq_va:0.14126 loss_pv_va:0.13632
INFO|2024-09-26 20:49:19: Epoch[035/100], iter[352/392], loss_total:0.33671, loss_equ:0.60762 loss_pq_vm:0.00440 loss_pq_va:0.11828 loss_pv_va:0.11366
INFO|2024-09-26 20:50:17: Epoch[035/100], iter[392/392], loss_total:0.33434, loss_equ:0.62297 loss_pq_vm:0.00498 loss_pq_va:0.11304 loss_pv_va:0.10922
INFO|2024-09-26 20:52:10: Epoch 34/100, lr:  0.00072973, eta: 12.49h, train_loss:  0.37143, valid_loss:  0.38584
INFO|2024-09-26 20:52:10: 	Train: PQ_Vm_rmse: 0.00017904  PQ_Va_rmse: 0.00568093  PV_Va_rmse: 0.00562161  delta_p: 0.01562697  delta_q: 0.00258964  
INFO|2024-09-26 20:52:10: 	ZTest: PQ_Vm_rmse: 0.00036468  PQ_Va_rmse: 0.00518340  PV_Va_rmse: 0.00502684  delta_p: 0.00942614  delta_q: 0.00383864  
INFO|2024-09-26 20:52:10: 	ZTest-ema: PQ_Vm_rmse: 0.000155  PQ_Va_rmse: 0.004981  PV_Va_rmse: 0.004811  delta_p: 0.008289  delta_q: 0.001404  
INFO|2024-09-26 20:52:10: 	           ValOfEMA:0.004981/0.004981,  Epoch:35/35
INFO|2024-09-26 20:52:11: 	Time(ep):691s,  Val(curr/best):0.005183/0.005183,  Epoch(curr/best):35/35
INFO|2024-09-26 20:52:11: -------------------- Epoch: 36 --------------------
INFO|2024-09-26 20:53:13: Epoch[036/100], iter[040/392], loss_total:0.34096, loss_equ:0.67371 loss_pq_vm:0.00384 loss_pq_va:0.12139 loss_pv_va:0.11380
INFO|2024-09-26 20:54:11: Epoch[036/100], iter[079/392], loss_total:0.39103, loss_equ:0.75673 loss_pq_vm:0.00546 loss_pq_va:0.13137 loss_pv_va:0.12936
INFO|2024-09-26 20:55:10: Epoch[036/100], iter[118/392], loss_total:0.41545, loss_equ:0.75085 loss_pq_vm:0.00555 loss_pq_va:0.14350 loss_pv_va:0.14133
INFO|2024-09-26 20:56:08: Epoch[036/100], iter[157/392], loss_total:0.43011, loss_equ:0.66625 loss_pq_vm:0.00487 loss_pq_va:0.16113 loss_pv_va:0.15369
INFO|2024-09-26 20:57:05: Epoch[036/100], iter[196/392], loss_total:0.35323, loss_equ:0.63259 loss_pq_vm:0.00440 loss_pq_va:0.12370 loss_pv_va:0.12225
INFO|2024-09-26 20:58:02: Epoch[036/100], iter[235/392], loss_total:0.33892, loss_equ:0.66807 loss_pq_vm:0.00525 loss_pq_va:0.11182 loss_pv_va:0.10782
INFO|2024-09-26 20:59:01: Epoch[036/100], iter[274/392], loss_total:0.39782, loss_equ:0.76602 loss_pq_vm:0.00478 loss_pq_va:0.13854 loss_pv_va:0.13486
INFO|2024-09-26 20:59:58: Epoch[036/100], iter[313/392], loss_total:0.36722, loss_equ:0.72298 loss_pq_vm:0.00498 loss_pq_va:0.12560 loss_pv_va:0.11950
INFO|2024-09-26 21:00:56: Epoch[036/100], iter[352/392], loss_total:0.57038, loss_equ:1.12120 loss_pq_vm:0.00623 loss_pq_va:0.19461 loss_pv_va:0.20140
INFO|2024-09-26 21:01:55: Epoch[036/100], iter[392/392], loss_total:0.37277, loss_equ:0.75899 loss_pq_vm:0.00438 loss_pq_va:0.12833 loss_pv_va:0.12473
INFO|2024-09-26 21:03:48: Epoch 35/100, lr:  0.00071576, eta: 12.38h, train_loss:  0.41120, valid_loss:  0.49480
INFO|2024-09-26 21:03:48: 	Train: PQ_Vm_rmse: 0.00019545  PQ_Va_rmse: 0.00770647  PV_Va_rmse: 0.00762726  delta_p: 0.01786087  delta_q: 0.00291517  
INFO|2024-09-26 21:03:48: 	ZTest: PQ_Vm_rmse: 0.00024276  PQ_Va_rmse: 0.01124170  PV_Va_rmse: 0.01082910  delta_p: 0.02126298  delta_q: 0.00305447  
INFO|2024-09-26 21:03:48: 	ZTest-ema: PQ_Vm_rmse: 0.000166  PQ_Va_rmse: 0.005280  PV_Va_rmse: 0.005111  delta_p: 0.013116  delta_q: 0.001872  
INFO|2024-09-26 21:03:48: 	           ValOfEMA:0.005280/0.004981,  Epoch:36/35
INFO|2024-09-26 21:03:48: 	Time(ep):696s,  Val(curr/best):0.011242/0.005183,  Epoch(curr/best):36/35
INFO|2024-09-26 21:03:48: -------------------- Epoch: 37 --------------------
INFO|2024-09-26 21:04:49: Epoch[037/100], iter[040/392], loss_total:0.32410, loss_equ:0.66672 loss_pq_vm:0.00366 loss_pq_va:0.11211 loss_pv_va:0.10874
INFO|2024-09-26 21:05:47: Epoch[037/100], iter[079/392], loss_total:0.32021, loss_equ:0.65267 loss_pq_vm:0.00378 loss_pq_va:0.10998 loss_pv_va:0.10716
INFO|2024-09-26 21:06:44: Epoch[037/100], iter[118/392], loss_total:0.36499, loss_equ:0.91204 loss_pq_vm:0.00469 loss_pq_va:0.11772 loss_pv_va:0.10913
INFO|2024-09-26 21:07:42: Epoch[037/100], iter[157/392], loss_total:0.35094, loss_equ:0.72712 loss_pq_vm:0.00445 loss_pq_va:0.11833 loss_pv_va:0.11538
INFO|2024-09-26 21:08:39: Epoch[037/100], iter[196/392], loss_total:0.33162, loss_equ:0.68188 loss_pq_vm:0.00470 loss_pq_va:0.10949 loss_pv_va:0.10694
INFO|2024-09-26 21:09:36: Epoch[037/100], iter[235/392], loss_total:0.37464, loss_equ:0.67394 loss_pq_vm:0.00449 loss_pq_va:0.13421 loss_pv_va:0.12810
INFO|2024-09-26 21:10:33: Epoch[037/100], iter[274/392], loss_total:0.33719, loss_equ:0.63337 loss_pq_vm:0.00363 loss_pq_va:0.12084 loss_pv_va:0.11668
INFO|2024-09-26 21:11:30: Epoch[037/100], iter[313/392], loss_total:0.32342, loss_equ:0.64445 loss_pq_vm:0.00387 loss_pq_va:0.11152 loss_pv_va:0.10880
INFO|2024-09-26 21:12:28: Epoch[037/100], iter[352/392], loss_total:0.40629, loss_equ:0.83112 loss_pq_vm:0.00620 loss_pq_va:0.13490 loss_pv_va:0.12625
INFO|2024-09-26 21:13:27: Epoch[037/100], iter[392/392], loss_total:0.56522, loss_equ:0.74420 loss_pq_vm:0.00476 loss_pq_va:0.22585 loss_pv_va:0.21733
INFO|2024-09-26 21:15:21: Epoch 36/100, lr:  0.00070159, eta: 12.12h, train_loss:  0.37473, valid_loss:  0.49371
INFO|2024-09-26 21:15:21: 	Train: PQ_Vm_rmse: 0.00015912  PQ_Va_rmse: 0.00605412  PV_Va_rmse: 0.00597785  delta_p: 0.01872198  delta_q: 0.00254408  
INFO|2024-09-26 21:15:21: 	ZTest: PQ_Vm_rmse: 0.00023249  PQ_Va_rmse: 0.01244631  PV_Va_rmse: 0.01202375  delta_p: 0.01734978  delta_q: 0.00293291  
INFO|2024-09-26 21:15:21: 	ZTest-ema: PQ_Vm_rmse: 0.000144  PQ_Va_rmse: 0.004814  PV_Va_rmse: 0.004645  delta_p: 0.009086  delta_q: 0.001372  
INFO|2024-09-26 21:15:21: 	           ValOfEMA:0.004814/0.004814,  Epoch:37/37
INFO|2024-09-26 21:15:22: 	Time(ep):692s,  Val(curr/best):0.012446/0.005183,  Epoch(curr/best):37/35
INFO|2024-09-26 21:15:22: -------------------- Epoch: 38 --------------------
INFO|2024-09-26 21:16:23: Epoch[038/100], iter[040/392], loss_total:0.38819, loss_equ:0.64954 loss_pq_vm:0.00459 loss_pq_va:0.14114 loss_pv_va:0.13620
INFO|2024-09-26 21:17:20: Epoch[038/100], iter[079/392], loss_total:0.35505, loss_equ:0.68084 loss_pq_vm:0.00391 loss_pq_va:0.12417 loss_pv_va:0.12372
INFO|2024-09-26 21:18:18: Epoch[038/100], iter[118/392], loss_total:0.31406, loss_equ:0.61457 loss_pq_vm:0.00400 loss_pq_va:0.10852 loss_pv_va:0.10404
INFO|2024-09-26 21:19:16: Epoch[038/100], iter[157/392], loss_total:0.33509, loss_equ:0.65004 loss_pq_vm:0.00444 loss_pq_va:0.11456 loss_pv_va:0.11116
INFO|2024-09-26 21:20:14: Epoch[038/100], iter[196/392], loss_total:0.37310, loss_equ:0.80825 loss_pq_vm:0.00439 loss_pq_va:0.12571 loss_pv_va:0.12265
INFO|2024-09-26 21:21:11: Epoch[038/100], iter[235/392], loss_total:0.43345, loss_equ:0.73658 loss_pq_vm:0.00446 loss_pq_va:0.15893 loss_pv_va:0.15631
INFO|2024-09-26 21:22:09: Epoch[038/100], iter[274/392], loss_total:0.33631, loss_equ:0.76336 loss_pq_vm:0.00447 loss_pq_va:0.10876 loss_pv_va:0.10656
INFO|2024-09-26 21:23:07: Epoch[038/100], iter[313/392], loss_total:0.46975, loss_equ:0.75019 loss_pq_vm:0.00515 loss_pq_va:0.17182 loss_pv_va:0.17146
INFO|2024-09-26 21:24:05: Epoch[038/100], iter[352/392], loss_total:0.31559, loss_equ:0.64419 loss_pq_vm:0.00395 loss_pq_va:0.10774 loss_pv_va:0.10389
INFO|2024-09-26 21:25:03: Epoch[038/100], iter[392/392], loss_total:0.31804, loss_equ:0.63298 loss_pq_vm:0.00497 loss_pq_va:0.10454 loss_pv_va:0.10050
INFO|2024-09-26 21:26:57: Epoch 37/100, lr:  0.00068722, eta: 11.97h, train_loss:  0.37130, valid_loss:  0.38451
INFO|2024-09-26 21:26:57: 	Train: PQ_Vm_rmse: 0.00016107  PQ_Va_rmse: 0.00585639  PV_Va_rmse: 0.00578904  delta_p: 0.01687387  delta_q: 0.00253392  
INFO|2024-09-26 21:26:57: 	ZTest: PQ_Vm_rmse: 0.00032062  PQ_Va_rmse: 0.00563699  PV_Va_rmse: 0.00539484  delta_p: 0.01366121  delta_q: 0.00260358  
INFO|2024-09-26 21:26:57: 	ZTest-ema: PQ_Vm_rmse: 0.000142  PQ_Va_rmse: 0.004873  PV_Va_rmse: 0.004722  delta_p: 0.008683  delta_q: 0.001353  
INFO|2024-09-26 21:26:57: 	           ValOfEMA:0.004873/0.004814,  Epoch:38/37
INFO|2024-09-26 21:26:57: 	Time(ep):694s,  Val(curr/best):0.005637/0.005183,  Epoch(curr/best):38/35
INFO|2024-09-26 21:26:57: -------------------- Epoch: 39 --------------------
INFO|2024-09-26 21:27:58: Epoch[039/100], iter[040/392], loss_total:0.39604, loss_equ:0.73555 loss_pq_vm:0.00436 loss_pq_va:0.13958 loss_pv_va:0.13926
INFO|2024-09-26 21:28:55: Epoch[039/100], iter[079/392], loss_total:0.33806, loss_equ:0.70742 loss_pq_vm:0.00500 loss_pq_va:0.11022 loss_pv_va:0.10713
INFO|2024-09-26 21:29:52: Epoch[039/100], iter[118/392], loss_total:0.35752, loss_equ:0.72444 loss_pq_vm:0.00620 loss_pq_va:0.11314 loss_pv_va:0.10989
INFO|2024-09-26 21:30:50: Epoch[039/100], iter[157/392], loss_total:0.36755, loss_equ:0.69506 loss_pq_vm:0.00631 loss_pq_va:0.11929 loss_pv_va:0.11564
INFO|2024-09-26 21:31:47: Epoch[039/100], iter[196/392], loss_total:0.42305, loss_equ:0.72802 loss_pq_vm:0.00646 loss_pq_va:0.14707 loss_pv_va:0.13857
INFO|2024-09-26 21:32:45: Epoch[039/100], iter[235/392], loss_total:0.42229, loss_equ:0.78825 loss_pq_vm:0.00730 loss_pq_va:0.13780 loss_pv_va:0.13271
INFO|2024-09-26 21:33:42: Epoch[039/100], iter[274/392], loss_total:0.37734, loss_equ:0.72970 loss_pq_vm:0.00525 loss_pq_va:0.12798 loss_pv_va:0.12384
INFO|2024-09-26 21:34:40: Epoch[039/100], iter[313/392], loss_total:0.36623, loss_equ:0.69408 loss_pq_vm:0.00483 loss_pq_va:0.12665 loss_pv_va:0.12188
INFO|2024-09-26 21:35:38: Epoch[039/100], iter[352/392], loss_total:0.50942, loss_equ:0.99490 loss_pq_vm:0.00572 loss_pq_va:0.17684 loss_pv_va:0.17589
INFO|2024-09-26 21:36:37: Epoch[039/100], iter[392/392], loss_total:0.41780, loss_equ:0.71530 loss_pq_vm:0.00425 loss_pq_va:0.15588 loss_pv_va:0.14792
INFO|2024-09-26 21:38:30: Epoch 38/100, lr:  0.00067268, eta: 11.73h, train_loss:  0.38877, valid_loss:  0.42115
INFO|2024-09-26 21:38:30: 	Train: PQ_Vm_rmse: 0.00023714  PQ_Va_rmse: 0.00652962  PV_Va_rmse: 0.00640961  delta_p: 0.01720080  delta_q: 0.00315879  
INFO|2024-09-26 21:38:30: 	ZTest: PQ_Vm_rmse: 0.00021094  PQ_Va_rmse: 0.00918087  PV_Va_rmse: 0.00891603  delta_p: 0.01750692  delta_q: 0.00286486  
INFO|2024-09-26 21:38:30: 	ZTest-ema: PQ_Vm_rmse: 0.000145  PQ_Va_rmse: 0.005114  PV_Va_rmse: 0.004963  delta_p: 0.009643  delta_q: 0.001341  
INFO|2024-09-26 21:38:30: 	           ValOfEMA:0.005114/0.004814,  Epoch:39/37
INFO|2024-09-26 21:38:31: 	Time(ep):692s,  Val(curr/best):0.009181/0.005183,  Epoch(curr/best):39/35
INFO|2024-09-26 21:38:31: -------------------- Epoch: 40 --------------------
INFO|2024-09-26 21:39:31: Epoch[040/100], iter[040/392], loss_total:0.32820, loss_equ:0.66080 loss_pq_vm:0.00445 loss_pq_va:0.11065 loss_pv_va:0.10693
INFO|2024-09-26 21:40:28: Epoch[040/100], iter[079/392], loss_total:0.34857, loss_equ:0.67595 loss_pq_vm:0.00545 loss_pq_va:0.11558 loss_pv_va:0.11090
INFO|2024-09-26 21:41:25: Epoch[040/100], iter[118/392], loss_total:0.31124, loss_equ:0.62485 loss_pq_vm:0.00378 loss_pq_va:0.10705 loss_pv_va:0.10394
INFO|2024-09-26 21:42:23: Epoch[040/100], iter[157/392], loss_total:0.37446, loss_equ:0.75054 loss_pq_vm:0.00492 loss_pq_va:0.12600 loss_pv_va:0.12421
INFO|2024-09-26 21:43:22: Epoch[040/100], iter[196/392], loss_total:0.39038, loss_equ:0.77707 loss_pq_vm:0.00411 loss_pq_va:0.13805 loss_pv_va:0.13347
INFO|2024-09-26 21:44:19: Epoch[040/100], iter[235/392], loss_total:0.31718, loss_equ:0.64793 loss_pq_vm:0.00392 loss_pq_va:0.10806 loss_pv_va:0.10510
INFO|2024-09-26 21:45:17: Epoch[040/100], iter[274/392], loss_total:0.30979, loss_equ:0.59548 loss_pq_vm:0.00407 loss_pq_va:0.10689 loss_pv_va:0.10265
INFO|2024-09-26 21:46:14: Epoch[040/100], iter[313/392], loss_total:0.30503, loss_equ:0.60689 loss_pq_vm:0.00444 loss_pq_va:0.10211 loss_pv_va:0.09779
INFO|2024-09-26 21:47:11: Epoch[040/100], iter[352/392], loss_total:0.37000, loss_equ:0.65068 loss_pq_vm:0.00396 loss_pq_va:0.13370 loss_pv_va:0.13167
INFO|2024-09-26 21:48:10: Epoch[040/100], iter[392/392], loss_total:0.47496, loss_equ:0.69494 loss_pq_vm:0.00475 loss_pq_va:0.17922 loss_pv_va:0.17872
INFO|2024-09-26 21:50:03: Epoch 39/100, lr:  0.00065796, eta: 11.54h, train_loss:  0.35207, valid_loss:  0.41584
INFO|2024-09-26 21:50:03: 	Train: PQ_Vm_rmse: 0.00015030  PQ_Va_rmse: 0.00553681  PV_Va_rmse: 0.00547322  delta_p: 0.01531636  delta_q: 0.00218605  
INFO|2024-09-26 21:50:03: 	ZTest: PQ_Vm_rmse: 0.00029915  PQ_Va_rmse: 0.00838122  PV_Va_rmse: 0.00851197  delta_p: 0.01766563  delta_q: 0.00356500  
INFO|2024-09-26 21:50:03: 	ZTest-ema: PQ_Vm_rmse: 0.000147  PQ_Va_rmse: 0.005125  PV_Va_rmse: 0.004936  delta_p: 0.009225  delta_q: 0.001372  
INFO|2024-09-26 21:50:03: 	           ValOfEMA:0.005125/0.004814,  Epoch:40/37
INFO|2024-09-26 21:50:04: 	Time(ep):692s,  Val(curr/best):0.008512/0.005183,  Epoch(curr/best):40/35
INFO|2024-09-26 21:50:04: -------------------- Epoch: 41 --------------------
INFO|2024-09-26 21:51:05: Epoch[041/100], iter[040/392], loss_total:0.34156, loss_equ:0.66259 loss_pq_vm:0.00387 loss_pq_va:0.11832 loss_pv_va:0.11823
INFO|2024-09-26 21:52:03: Epoch[041/100], iter[079/392], loss_total:0.35439, loss_equ:0.81055 loss_pq_vm:0.00740 loss_pq_va:0.10078 loss_pv_va:0.09854
INFO|2024-09-26 21:53:01: Epoch[041/100], iter[118/392], loss_total:0.35923, loss_equ:0.72658 loss_pq_vm:0.00649 loss_pq_va:0.11196 loss_pv_va:0.10975
INFO|2024-09-26 21:53:58: Epoch[041/100], iter[157/392], loss_total:0.30408, loss_equ:0.61311 loss_pq_vm:0.00383 loss_pq_va:0.10458 loss_pv_va:0.09987
INFO|2024-09-26 21:54:56: Epoch[041/100], iter[196/392], loss_total:0.32779, loss_equ:0.58296 loss_pq_vm:0.00428 loss_pq_va:0.11585 loss_pv_va:0.11084
INFO|2024-09-26 21:55:54: Epoch[041/100], iter[235/392], loss_total:0.36408, loss_equ:0.63190 loss_pq_vm:0.00425 loss_pq_va:0.13167 loss_pv_va:0.12675
INFO|2024-09-26 21:56:52: Epoch[041/100], iter[274/392], loss_total:0.37650, loss_equ:0.66703 loss_pq_vm:0.00428 loss_pq_va:0.13481 loss_pv_va:0.13216
INFO|2024-09-26 21:57:49: Epoch[041/100], iter[313/392], loss_total:0.36791, loss_equ:0.78418 loss_pq_vm:0.00389 loss_pq_va:0.12828 loss_pv_va:0.12229
INFO|2024-09-26 21:58:47: Epoch[041/100], iter[352/392], loss_total:0.46688, loss_equ:0.77312 loss_pq_vm:0.00834 loss_pq_va:0.15631 loss_pv_va:0.14990
INFO|2024-09-26 21:59:46: Epoch[041/100], iter[392/392], loss_total:0.35327, loss_equ:0.76455 loss_pq_vm:0.00623 loss_pq_va:0.10949 loss_pv_va:0.10500
INFO|2024-09-26 22:01:40: Epoch 40/100, lr:  0.00064310, eta: 11.41h, train_loss:  0.34584, valid_loss:  0.41045
INFO|2024-09-26 22:01:40: 	Train: PQ_Vm_rmse: 0.00017402  PQ_Va_rmse: 0.00490954  PV_Va_rmse: 0.00481093  delta_p: 0.01442040  delta_q: 0.00245578  
INFO|2024-09-26 22:01:40: 	ZTest: PQ_Vm_rmse: 0.00037342  PQ_Va_rmse: 0.00565332  PV_Va_rmse: 0.00517329  delta_p: 0.02441509  delta_q: 0.00623323  
INFO|2024-09-26 22:01:40: 	ZTest-ema: PQ_Vm_rmse: 0.000147  PQ_Va_rmse: 0.005001  PV_Va_rmse: 0.004801  delta_p: 0.008510  delta_q: 0.001284  
INFO|2024-09-26 22:01:40: 	           ValOfEMA:0.005001/0.004814,  Epoch:41/37
INFO|2024-09-26 22:01:41: 	Time(ep):695s,  Val(curr/best):0.005653/0.005183,  Epoch(curr/best):41/35
INFO|2024-09-26 22:01:41: -------------------- Epoch: 42 --------------------
INFO|2024-09-26 22:02:41: Epoch[042/100], iter[040/392], loss_total:0.33419, loss_equ:0.62768 loss_pq_vm:0.00410 loss_pq_va:0.11684 loss_pv_va:0.11363
INFO|2024-09-26 22:03:40: Epoch[042/100], iter[079/392], loss_total:0.30094, loss_equ:0.63029 loss_pq_vm:0.00366 loss_pq_va:0.10244 loss_pv_va:0.09883
INFO|2024-09-26 22:04:36: Epoch[042/100], iter[118/392], loss_total:0.31033, loss_equ:0.61550 loss_pq_vm:0.00400 loss_pq_va:0.10606 loss_pv_va:0.10268
INFO|2024-09-26 22:05:34: Epoch[042/100], iter[157/392], loss_total:0.28581, loss_equ:0.57083 loss_pq_vm:0.00367 loss_pq_va:0.09764 loss_pv_va:0.09441
INFO|2024-09-26 22:06:32: Epoch[042/100], iter[196/392], loss_total:0.28834, loss_equ:0.58186 loss_pq_vm:0.00474 loss_pq_va:0.09277 loss_pv_va:0.09002
INFO|2024-09-26 22:07:30: Epoch[042/100], iter[235/392], loss_total:0.31711, loss_equ:0.63920 loss_pq_vm:0.00456 loss_pq_va:0.10488 loss_pv_va:0.10270
INFO|2024-09-26 22:08:28: Epoch[042/100], iter[274/392], loss_total:0.30270, loss_equ:0.72918 loss_pq_vm:0.00374 loss_pq_va:0.09906 loss_pv_va:0.09332
INFO|2024-09-26 22:09:26: Epoch[042/100], iter[313/392], loss_total:0.33047, loss_equ:0.67280 loss_pq_vm:0.00586 loss_pq_va:0.10422 loss_pv_va:0.10034
INFO|2024-09-26 22:10:23: Epoch[042/100], iter[352/392], loss_total:0.29716, loss_equ:0.58849 loss_pq_vm:0.00452 loss_pq_va:0.09822 loss_pv_va:0.09492
INFO|2024-09-26 22:11:21: Epoch[042/100], iter[392/392], loss_total:0.33326, loss_equ:0.60917 loss_pq_vm:0.00411 loss_pq_va:0.11810 loss_pv_va:0.11310
INFO|2024-09-26 22:13:15: Epoch 41/100, lr:  0.00062810, eta: 11.18h, train_loss:  0.32108, valid_loss:  0.36128
INFO|2024-09-26 22:13:15: 	Train: PQ_Vm_rmse: 0.00014676  PQ_Va_rmse: 0.00415833  PV_Va_rmse: 0.00409654  delta_p: 0.01081596  delta_q: 0.00191854  
INFO|2024-09-26 22:13:15: 	ZTest: PQ_Vm_rmse: 0.00025994  PQ_Va_rmse: 0.00585932  PV_Va_rmse: 0.00586983  delta_p: 0.01181926  delta_q: 0.00306289  
INFO|2024-09-26 22:13:15: 	ZTest-ema: PQ_Vm_rmse: 0.000151  PQ_Va_rmse: 0.004693  PV_Va_rmse: 0.004531  delta_p: 0.010346  delta_q: 0.001466  
INFO|2024-09-26 22:13:15: 	           ValOfEMA:0.004693/0.004693,  Epoch:42/42
INFO|2024-09-26 22:13:15: 	Time(ep):693s,  Val(curr/best):0.005870/0.005183,  Epoch(curr/best):42/35
INFO|2024-09-26 22:13:15: -------------------- Epoch: 43 --------------------
INFO|2024-09-26 22:14:17: Epoch[043/100], iter[040/392], loss_total:0.32358, loss_equ:0.67552 loss_pq_vm:0.00501 loss_pq_va:0.10490 loss_pv_va:0.10100
INFO|2024-09-26 22:15:15: Epoch[043/100], iter[079/392], loss_total:0.30664, loss_equ:0.67687 loss_pq_vm:0.00431 loss_pq_va:0.09945 loss_pv_va:0.09645
INFO|2024-09-26 22:16:13: Epoch[043/100], iter[118/392], loss_total:0.40151, loss_equ:0.72739 loss_pq_vm:0.00481 loss_pq_va:0.14311 loss_pv_va:0.13754
INFO|2024-09-26 22:17:10: Epoch[043/100], iter[157/392], loss_total:0.30593, loss_equ:0.62583 loss_pq_vm:0.00368 loss_pq_va:0.10364 loss_pv_va:0.10286
INFO|2024-09-26 22:18:07: Epoch[043/100], iter[196/392], loss_total:0.31217, loss_equ:0.65017 loss_pq_vm:0.00502 loss_pq_va:0.10074 loss_pv_va:0.09623
INFO|2024-09-26 22:19:05: Epoch[043/100], iter[235/392], loss_total:0.31676, loss_equ:0.61070 loss_pq_vm:0.00542 loss_pq_va:0.10287 loss_pv_va:0.09867
INFO|2024-09-26 22:20:03: Epoch[043/100], iter[274/392], loss_total:0.32237, loss_equ:0.69046 loss_pq_vm:0.00603 loss_pq_va:0.09845 loss_pv_va:0.09462
INFO|2024-09-26 22:21:00: Epoch[043/100], iter[313/392], loss_total:0.35964, loss_equ:0.76748 loss_pq_vm:0.00561 loss_pq_va:0.11729 loss_pv_va:0.10949
INFO|2024-09-26 22:21:58: Epoch[043/100], iter[352/392], loss_total:0.33144, loss_equ:0.70990 loss_pq_vm:0.00442 loss_pq_va:0.10927 loss_pv_va:0.10703
INFO|2024-09-26 22:22:56: Epoch[043/100], iter[392/392], loss_total:0.30015, loss_equ:0.62508 loss_pq_vm:0.00394 loss_pq_va:0.10166 loss_pv_va:0.09656
INFO|2024-09-26 22:24:50: Epoch 42/100, lr:  0.00061298, eta: 11.0h, train_loss:  0.33410, valid_loss:  0.33974
INFO|2024-09-26 22:24:50: 	Train: PQ_Vm_rmse: 0.00019778  PQ_Va_rmse: 0.00415696  PV_Va_rmse: 0.00408297  delta_p: 0.01422634  delta_q: 0.00250232  
INFO|2024-09-26 22:24:50: 	ZTest: PQ_Vm_rmse: 0.00019489  PQ_Va_rmse: 0.00518880  PV_Va_rmse: 0.00500218  delta_p: 0.01412665  delta_q: 0.00185829  
INFO|2024-09-26 22:24:50: 	ZTest-ema: PQ_Vm_rmse: 0.000141  PQ_Va_rmse: 0.004460  PV_Va_rmse: 0.004322  delta_p: 0.009721  delta_q: 0.001462  
INFO|2024-09-26 22:24:50: 	           ValOfEMA:0.004460/0.004460,  Epoch:43/43
INFO|2024-09-26 22:24:51: 	Time(ep):694s,  Val(curr/best):0.005189/0.005183,  Epoch(curr/best):43/35
INFO|2024-09-26 22:24:51: -------------------- Epoch: 44 --------------------
INFO|2024-09-26 22:25:52: Epoch[044/100], iter[040/392], loss_total:0.30303, loss_equ:0.68804 loss_pq_vm:0.00412 loss_pq_va:0.09894 loss_pv_va:0.09405
INFO|2024-09-26 22:26:49: Epoch[044/100], iter[079/392], loss_total:0.31258, loss_equ:0.64808 loss_pq_vm:0.00534 loss_pq_va:0.09896 loss_pv_va:0.09543
INFO|2024-09-26 22:27:46: Epoch[044/100], iter[118/392], loss_total:0.29565, loss_equ:0.60451 loss_pq_vm:0.00402 loss_pq_va:0.09798 loss_pv_va:0.09698
INFO|2024-09-26 22:28:44: Epoch[044/100], iter[157/392], loss_total:0.31706, loss_equ:0.60405 loss_pq_vm:0.00470 loss_pq_va:0.10750 loss_pv_va:0.10217
INFO|2024-09-26 22:29:42: Epoch[044/100], iter[196/392], loss_total:0.33781, loss_equ:0.60752 loss_pq_vm:0.00493 loss_pq_va:0.11551 loss_pv_va:0.11221
INFO|2024-09-26 22:30:39: Epoch[044/100], iter[235/392], loss_total:0.35651, loss_equ:1.02461 loss_pq_vm:0.00427 loss_pq_va:0.10895 loss_pv_va:0.10245
INFO|2024-09-26 22:31:36: Epoch[044/100], iter[274/392], loss_total:0.37883, loss_equ:0.72746 loss_pq_vm:0.00497 loss_pq_va:0.13031 loss_pv_va:0.12612
INFO|2024-09-26 22:32:34: Epoch[044/100], iter[313/392], loss_total:0.42843, loss_equ:0.91084 loss_pq_vm:0.00984 loss_pq_va:0.12222 loss_pv_va:0.11677
INFO|2024-09-26 22:33:31: Epoch[044/100], iter[352/392], loss_total:0.30414, loss_equ:0.63044 loss_pq_vm:0.00423 loss_pq_va:0.10089 loss_pv_va:0.09788
INFO|2024-09-26 22:34:30: Epoch[044/100], iter[392/392], loss_total:0.33863, loss_equ:0.65738 loss_pq_vm:0.00528 loss_pq_va:0.11117 loss_pv_va:0.10889
INFO|2024-09-26 22:36:23: Epoch 43/100, lr:  0.00059775, eta: 10.77h, train_loss:  0.33576, valid_loss:  0.43287
INFO|2024-09-26 22:36:23: 	Train: PQ_Vm_rmse: 0.00018609  PQ_Va_rmse: 0.00430178  PV_Va_rmse: 0.00426004  delta_p: 0.01453996  delta_q: 0.00251031  
INFO|2024-09-26 22:36:23: 	ZTest: PQ_Vm_rmse: 0.00029984  PQ_Va_rmse: 0.01061223  PV_Va_rmse: 0.01036090  delta_p: 0.01319655  delta_q: 0.00294374  
INFO|2024-09-26 22:36:23: 	ZTest-ema: PQ_Vm_rmse: 0.000137  PQ_Va_rmse: 0.004290  PV_Va_rmse: 0.004193  delta_p: 0.007712  delta_q: 0.001342  
INFO|2024-09-26 22:36:23: 	           ValOfEMA:0.004290/0.004290,  Epoch:44/44
INFO|2024-09-26 22:36:24: 	Time(ep):692s,  Val(curr/best):0.010612/0.005183,  Epoch(curr/best):44/35
INFO|2024-09-26 22:36:24: -------------------- Epoch: 45 --------------------
INFO|2024-09-26 22:37:25: Epoch[045/100], iter[040/392], loss_total:0.37974, loss_equ:0.75020 loss_pq_vm:0.00808 loss_pq_va:0.11287 loss_pv_va:0.11102
INFO|2024-09-26 22:38:23: Epoch[045/100], iter[079/392], loss_total:0.30524, loss_equ:0.62323 loss_pq_vm:0.00461 loss_pq_va:0.10026 loss_pv_va:0.09657
INFO|2024-09-26 22:39:21: Epoch[045/100], iter[118/392], loss_total:0.38178, loss_equ:0.61185 loss_pq_vm:0.00459 loss_pq_va:0.14069 loss_pv_va:0.13399
INFO|2024-09-26 22:40:18: Epoch[045/100], iter[157/392], loss_total:0.38303, loss_equ:0.66326 loss_pq_vm:0.00452 loss_pq_va:0.13933 loss_pv_va:0.13215
INFO|2024-09-26 22:41:16: Epoch[045/100], iter[196/392], loss_total:0.43124, loss_equ:0.73998 loss_pq_vm:0.00447 loss_pq_va:0.15690 loss_pv_va:0.15568
INFO|2024-09-26 22:42:13: Epoch[045/100], iter[235/392], loss_total:0.38800, loss_equ:0.79526 loss_pq_vm:0.00415 loss_pq_va:0.13400 loss_pv_va:0.13294
INFO|2024-09-26 22:43:11: Epoch[045/100], iter[274/392], loss_total:0.33749, loss_equ:0.81934 loss_pq_vm:0.00503 loss_pq_va:0.10451 loss_pv_va:0.10071
INFO|2024-09-26 22:44:09: Epoch[045/100], iter[313/392], loss_total:0.29832, loss_equ:0.57675 loss_pq_vm:0.00342 loss_pq_va:0.10471 loss_pv_va:0.10169
INFO|2024-09-26 22:45:07: Epoch[045/100], iter[352/392], loss_total:0.26025, loss_equ:0.52905 loss_pq_vm:0.00336 loss_pq_va:0.08865 loss_pv_va:0.08510
INFO|2024-09-26 22:46:05: Epoch[045/100], iter[392/392], loss_total:0.32962, loss_equ:0.55040 loss_pq_vm:0.00351 loss_pq_va:0.12169 loss_pv_va:0.11782
INFO|2024-09-26 22:47:59: Epoch 44/100, lr:  0.00058244, eta: 10.62h, train_loss:  0.34799, valid_loss:  0.35648
INFO|2024-09-26 22:47:59: 	Train: PQ_Vm_rmse: 0.00016732  PQ_Va_rmse: 0.00561974  PV_Va_rmse: 0.00552218  delta_p: 0.01371118  delta_q: 0.00239250  
INFO|2024-09-26 22:47:59: 	ZTest: PQ_Vm_rmse: 0.00018729  PQ_Va_rmse: 0.00732594  PV_Va_rmse: 0.00714270  delta_p: 0.01089795  delta_q: 0.00201235  
INFO|2024-09-26 22:47:59: 	ZTest-ema: PQ_Vm_rmse: 0.000128  PQ_Va_rmse: 0.004489  PV_Va_rmse: 0.004329  delta_p: 0.007607  delta_q: 0.001088  
INFO|2024-09-26 22:47:59: 	           ValOfEMA:0.004489/0.004290,  Epoch:45/44
INFO|2024-09-26 22:48:00: 	Time(ep):695s,  Val(curr/best):0.007326/0.005183,  Epoch(curr/best):45/35
INFO|2024-09-26 22:48:00: -------------------- Epoch: 46 --------------------
INFO|2024-09-26 22:49:01: Epoch[046/100], iter[040/392], loss_total:0.29152, loss_equ:0.54546 loss_pq_vm:0.00381 loss_pq_va:0.10146 loss_pv_va:0.09737
INFO|2024-09-26 22:49:58: Epoch[046/100], iter[079/392], loss_total:0.28177, loss_equ:0.52754 loss_pq_vm:0.00398 loss_pq_va:0.09617 loss_pv_va:0.09306
INFO|2024-09-26 22:50:57: Epoch[046/100], iter[118/392], loss_total:0.30650, loss_equ:0.58732 loss_pq_vm:0.00361 loss_pq_va:0.10668 loss_pv_va:0.10500
INFO|2024-09-26 22:51:55: Epoch[046/100], iter[157/392], loss_total:0.30101, loss_equ:0.66234 loss_pq_vm:0.00574 loss_pq_va:0.08995 loss_pv_va:0.08741
INFO|2024-09-26 22:52:52: Epoch[046/100], iter[196/392], loss_total:0.32082, loss_equ:0.69010 loss_pq_vm:0.00449 loss_pq_va:0.10536 loss_pv_va:0.10153
INFO|2024-09-26 22:53:51: Epoch[046/100], iter[235/392], loss_total:0.38019, loss_equ:0.74580 loss_pq_vm:0.00400 loss_pq_va:0.13490 loss_pv_va:0.13067
INFO|2024-09-26 22:54:48: Epoch[046/100], iter[274/392], loss_total:0.30586, loss_equ:0.60308 loss_pq_vm:0.00401 loss_pq_va:0.10364 loss_pv_va:0.10181
INFO|2024-09-26 22:55:46: Epoch[046/100], iter[313/392], loss_total:0.28278, loss_equ:0.55120 loss_pq_vm:0.00354 loss_pq_va:0.09765 loss_pv_va:0.09462
INFO|2024-09-26 22:56:44: Epoch[046/100], iter[352/392], loss_total:0.31194, loss_equ:0.59729 loss_pq_vm:0.00410 loss_pq_va:0.10621 loss_pv_va:0.10499
INFO|2024-09-26 22:57:43: Epoch[046/100], iter[392/392], loss_total:0.29406, loss_equ:0.62905 loss_pq_vm:0.00434 loss_pq_va:0.09515 loss_pv_va:0.09261
INFO|2024-09-26 22:59:36: Epoch 45/100, lr:  0.00056704, eta: 10.44h, train_loss:  0.32319, valid_loss:  0.33869
INFO|2024-09-26 22:59:36: 	Train: PQ_Vm_rmse: 0.00012531  PQ_Va_rmse: 0.00440294  PV_Va_rmse: 0.00433362  delta_p: 0.01143274  delta_q: 0.00171746  
INFO|2024-09-26 22:59:36: 	ZTest: PQ_Vm_rmse: 0.00015907  PQ_Va_rmse: 0.00528306  PV_Va_rmse: 0.00514173  delta_p: 0.01455702  delta_q: 0.00219933  
INFO|2024-09-26 22:59:36: 	ZTest-ema: PQ_Vm_rmse: 0.000130  PQ_Va_rmse: 0.004607  PV_Va_rmse: 0.004526  delta_p: 0.007695  delta_q: 0.001136  
INFO|2024-09-26 22:59:36: 	           ValOfEMA:0.004607/0.004290,  Epoch:46/44
INFO|2024-09-26 22:59:36: 	Time(ep):696s,  Val(curr/best):0.005283/0.005183,  Epoch(curr/best):46/35
INFO|2024-09-26 22:59:36: -------------------- Epoch: 47 --------------------
INFO|2024-09-26 23:00:38: Epoch[047/100], iter[040/392], loss_total:0.29175, loss_equ:0.59800 loss_pq_vm:0.00424 loss_pq_va:0.09688 loss_pv_va:0.09270
INFO|2024-09-26 23:01:35: Epoch[047/100], iter[079/392], loss_total:0.26569, loss_equ:0.54877 loss_pq_vm:0.00344 loss_pq_va:0.08940 loss_pv_va:0.08697
INFO|2024-09-26 23:02:33: Epoch[047/100], iter[118/392], loss_total:0.26204, loss_equ:0.56318 loss_pq_vm:0.00335 loss_pq_va:0.08819 loss_pv_va:0.08407
INFO|2024-09-26 23:03:30: Epoch[047/100], iter[157/392], loss_total:0.27590, loss_equ:0.58225 loss_pq_vm:0.00475 loss_pq_va:0.08687 loss_pv_va:0.08327
INFO|2024-09-26 23:04:27: Epoch[047/100], iter[196/392], loss_total:0.32545, loss_equ:0.63707 loss_pq_vm:0.00534 loss_pq_va:0.10470 loss_pv_va:0.10368
INFO|2024-09-26 23:05:24: Epoch[047/100], iter[235/392], loss_total:0.44119, loss_equ:0.66687 loss_pq_vm:0.00627 loss_pq_va:0.15991 loss_pv_va:0.15186
INFO|2024-09-26 23:06:23: Epoch[047/100], iter[274/392], loss_total:0.35830, loss_equ:0.63199 loss_pq_vm:0.00568 loss_pq_va:0.12116 loss_pv_va:0.11715
INFO|2024-09-26 23:07:20: Epoch[047/100], iter[313/392], loss_total:0.28965, loss_equ:0.66644 loss_pq_vm:0.00390 loss_pq_va:0.09429 loss_pv_va:0.08968
INFO|2024-09-26 23:08:19: Epoch[047/100], iter[352/392], loss_total:0.26844, loss_equ:0.54143 loss_pq_vm:0.00357 loss_pq_va:0.09161 loss_pv_va:0.08701
INFO|2024-09-26 23:09:17: Epoch[047/100], iter[392/392], loss_total:0.31937, loss_equ:0.60828 loss_pq_vm:0.00371 loss_pq_va:0.11209 loss_pv_va:0.10938
INFO|2024-09-26 23:11:10: Epoch 46/100, lr:  0.00055158, eta: 10.22h, train_loss:  0.30652, valid_loss:  0.37924
INFO|2024-09-26 23:11:10: 	Train: PQ_Vm_rmse: 0.00014913  PQ_Va_rmse: 0.00392948  PV_Va_rmse: 0.00387291  delta_p: 0.01078819  delta_q: 0.00198978  
INFO|2024-09-26 23:11:10: 	ZTest: PQ_Vm_rmse: 0.00024072  PQ_Va_rmse: 0.00858945  PV_Va_rmse: 0.00823640  delta_p: 0.01549874  delta_q: 0.00306884  
INFO|2024-09-26 23:11:10: 	ZTest-ema: PQ_Vm_rmse: 0.000125  PQ_Va_rmse: 0.004272  PV_Va_rmse: 0.004114  delta_p: 0.007496  delta_q: 0.001151  
INFO|2024-09-26 23:11:10: 	           ValOfEMA:0.004272/0.004272,  Epoch:47/47
INFO|2024-09-26 23:11:11: 	Time(ep):694s,  Val(curr/best):0.008589/0.005183,  Epoch(curr/best):47/35
INFO|2024-09-26 23:11:11: -------------------- Epoch: 48 --------------------
INFO|2024-09-26 23:12:12: Epoch[048/100], iter[040/392], loss_total:0.28425, loss_equ:0.56942 loss_pq_vm:0.00369 loss_pq_va:0.09742 loss_pv_va:0.09302
INFO|2024-09-26 23:13:10: Epoch[048/100], iter[079/392], loss_total:0.31748, loss_equ:0.83910 loss_pq_vm:0.00420 loss_pq_va:0.09854 loss_pv_va:0.09300
INFO|2024-09-26 23:14:08: Epoch[048/100], iter[118/392], loss_total:0.28217, loss_equ:0.59514 loss_pq_vm:0.00369 loss_pq_va:0.09526 loss_pv_va:0.09049
INFO|2024-09-26 23:15:06: Epoch[048/100], iter[157/392], loss_total:0.28987, loss_equ:0.59360 loss_pq_vm:0.00383 loss_pq_va:0.09812 loss_pv_va:0.09411
INFO|2024-09-26 23:16:04: Epoch[048/100], iter[196/392], loss_total:0.28975, loss_equ:0.54150 loss_pq_vm:0.00334 loss_pq_va:0.10274 loss_pv_va:0.09948
INFO|2024-09-26 23:17:02: Epoch[048/100], iter[235/392], loss_total:0.32635, loss_equ:0.59992 loss_pq_vm:0.00446 loss_pq_va:0.11090 loss_pv_va:0.11089
INFO|2024-09-26 23:18:00: Epoch[048/100], iter[274/392], loss_total:0.30977, loss_equ:0.61525 loss_pq_vm:0.00355 loss_pq_va:0.10921 loss_pv_va:0.10352
INFO|2024-09-26 23:18:58: Epoch[048/100], iter[313/392], loss_total:0.26997, loss_equ:0.58153 loss_pq_vm:0.00341 loss_pq_va:0.09067 loss_pv_va:0.08707
INFO|2024-09-26 23:19:57: Epoch[048/100], iter[352/392], loss_total:0.28893, loss_equ:0.60529 loss_pq_vm:0.00459 loss_pq_va:0.09328 loss_pv_va:0.08926
INFO|2024-09-26 23:20:56: Epoch[048/100], iter[392/392], loss_total:0.29417, loss_equ:0.62868 loss_pq_vm:0.00471 loss_pq_va:0.09403 loss_pv_va:0.09013
INFO|2024-09-26 23:22:50: Epoch 47/100, lr:  0.00053608, eta: 10.09h, train_loss:  0.29689, valid_loss:  0.36132
INFO|2024-09-26 23:22:50: 	Train: PQ_Vm_rmse: 0.00011183  PQ_Va_rmse: 0.00365036  PV_Va_rmse: 0.00359259  delta_p: 0.01082061  delta_q: 0.00162852  
INFO|2024-09-26 23:22:50: 	ZTest: PQ_Vm_rmse: 0.00028603  PQ_Va_rmse: 0.00555591  PV_Va_rmse: 0.00523024  delta_p: 0.01481479  delta_q: 0.00410595  
INFO|2024-09-26 23:22:50: 	ZTest-ema: PQ_Vm_rmse: 0.000116  PQ_Va_rmse: 0.004042  PV_Va_rmse: 0.003938  delta_p: 0.007231  delta_q: 0.001043  
INFO|2024-09-26 23:22:50: 	           ValOfEMA:0.004042/0.004042,  Epoch:48/48
INFO|2024-09-26 23:22:50: 	Time(ep):698s,  Val(curr/best):0.005556/0.005183,  Epoch(curr/best):48/35
INFO|2024-09-26 23:22:50: -------------------- Epoch: 49 --------------------
INFO|2024-09-26 23:23:50: Epoch[049/100], iter[040/392], loss_total:0.29903, loss_equ:0.60680 loss_pq_vm:0.00479 loss_pq_va:0.09739 loss_pv_va:0.09307
INFO|2024-09-26 23:24:48: Epoch[049/100], iter[079/392], loss_total:0.29367, loss_equ:0.66363 loss_pq_vm:0.00402 loss_pq_va:0.09680 loss_pv_va:0.09034
INFO|2024-09-26 23:25:45: Epoch[049/100], iter[118/392], loss_total:0.32207, loss_equ:0.57726 loss_pq_vm:0.00372 loss_pq_va:0.11592 loss_pv_va:0.11120
INFO|2024-09-26 23:26:42: Epoch[049/100], iter[157/392], loss_total:0.34556, loss_equ:0.59872 loss_pq_vm:0.00395 loss_pq_va:0.12612 loss_pv_va:0.12003
INFO|2024-09-26 23:27:39: Epoch[049/100], iter[196/392], loss_total:0.35269, loss_equ:0.73934 loss_pq_vm:0.00453 loss_pq_va:0.11566 loss_pv_va:0.11783
INFO|2024-09-26 23:28:36: Epoch[049/100], iter[235/392], loss_total:0.29575, loss_equ:0.54004 loss_pq_vm:0.00377 loss_pq_va:0.10283 loss_pv_va:0.10121
INFO|2024-09-26 23:29:33: Epoch[049/100], iter[274/392], loss_total:0.26621, loss_equ:0.52351 loss_pq_vm:0.00351 loss_pq_va:0.09121 loss_pv_va:0.08758
INFO|2024-09-26 23:30:31: Epoch[049/100], iter[313/392], loss_total:0.28265, loss_equ:0.57247 loss_pq_vm:0.00417 loss_pq_va:0.09358 loss_pv_va:0.09013
INFO|2024-09-26 23:31:28: Epoch[049/100], iter[352/392], loss_total:0.31506, loss_equ:0.58169 loss_pq_vm:0.00544 loss_pq_va:0.10306 loss_pv_va:0.09943
INFO|2024-09-26 23:32:26: Epoch[049/100], iter[392/392], loss_total:0.45652, loss_equ:0.88837 loss_pq_vm:0.00502 loss_pq_va:0.16021 loss_pv_va:0.15722
INFO|2024-09-26 23:34:20: Epoch 48/100, lr:  0.00052055, eta: 9.77h, train_loss:  0.30096, valid_loss:  0.47780
INFO|2024-09-26 23:34:20: 	Train: PQ_Vm_rmse: 0.00012491  PQ_Va_rmse: 0.00368084  PV_Va_rmse: 0.00362059  delta_p: 0.00998680  delta_q: 0.00180621  
INFO|2024-09-26 23:34:20: 	ZTest: PQ_Vm_rmse: 0.00023024  PQ_Va_rmse: 0.00958121  PV_Va_rmse: 0.00957448  delta_p: 0.03207843  delta_q: 0.00417004  
INFO|2024-09-26 23:34:20: 	ZTest-ema: PQ_Vm_rmse: 0.000122  PQ_Va_rmse: 0.004160  PV_Va_rmse: 0.003997  delta_p: 0.006800  delta_q: 0.001201  
INFO|2024-09-26 23:34:20: 	           ValOfEMA:0.004160/0.004042,  Epoch:49/48
INFO|2024-09-26 23:34:21: 	Time(ep):689s,  Val(curr/best):0.009581/0.005183,  Epoch(curr/best):49/35
INFO|2024-09-26 23:34:21: -------------------- Epoch: 50 --------------------
INFO|2024-09-26 23:35:21: Epoch[050/100], iter[040/392], loss_total:0.29032, loss_equ:0.58588 loss_pq_vm:0.00461 loss_pq_va:0.09423 loss_pv_va:0.09138
INFO|2024-09-26 23:36:18: Epoch[050/100], iter[079/392], loss_total:0.38991, loss_equ:0.61270 loss_pq_vm:0.00447 loss_pq_va:0.14407 loss_pv_va:0.13985
INFO|2024-09-26 23:37:16: Epoch[050/100], iter[118/392], loss_total:0.27289, loss_equ:0.54417 loss_pq_vm:0.00421 loss_pq_va:0.08942 loss_pv_va:0.08695
INFO|2024-09-26 23:38:13: Epoch[050/100], iter[157/392], loss_total:0.26692, loss_equ:0.51831 loss_pq_vm:0.00336 loss_pq_va:0.09170 loss_pv_va:0.08975
INFO|2024-09-26 23:39:10: Epoch[050/100], iter[196/392], loss_total:0.28830, loss_equ:0.50981 loss_pq_vm:0.00334 loss_pq_va:0.10398 loss_pv_va:0.09995
INFO|2024-09-26 23:40:08: Epoch[050/100], iter[235/392], loss_total:0.28469, loss_equ:0.56261 loss_pq_vm:0.00432 loss_pq_va:0.09442 loss_pv_va:0.09079
INFO|2024-09-26 23:41:05: Epoch[050/100], iter[274/392], loss_total:0.28442, loss_equ:0.57796 loss_pq_vm:0.00422 loss_pq_va:0.09318 loss_pv_va:0.09128
INFO|2024-09-26 23:42:03: Epoch[050/100], iter[313/392], loss_total:0.29570, loss_equ:0.55755 loss_pq_vm:0.00332 loss_pq_va:0.10430 loss_pv_va:0.10241
INFO|2024-09-26 23:43:00: Epoch[050/100], iter[352/392], loss_total:0.30853, loss_equ:0.61277 loss_pq_vm:0.00354 loss_pq_va:0.10704 loss_pv_va:0.10482
INFO|2024-09-26 23:43:59: Epoch[050/100], iter[392/392], loss_total:0.25397, loss_equ:0.54295 loss_pq_vm:0.00348 loss_pq_va:0.08414 loss_pv_va:0.08071
INFO|2024-09-26 23:45:53: Epoch 49/100, lr:  0.00050500, eta: 9.61h, train_loss:  0.30572, valid_loss:  0.31184
INFO|2024-09-26 23:45:53: 	Train: PQ_Vm_rmse: 0.00012831  PQ_Va_rmse: 0.00417185  PV_Va_rmse: 0.00412244  delta_p: 0.01021038  delta_q: 0.00185160  
INFO|2024-09-26 23:45:53: 	ZTest: PQ_Vm_rmse: 0.00012513  PQ_Va_rmse: 0.00481503  PV_Va_rmse: 0.00466905  delta_p: 0.01195729  delta_q: 0.00144532  
INFO|2024-09-26 23:45:53: 	ZTest-ema: PQ_Vm_rmse: 0.000119  PQ_Va_rmse: 0.004136  PV_Va_rmse: 0.004003  delta_p: 0.009280  delta_q: 0.001126  
INFO|2024-09-26 23:45:53: 	           ValOfEMA:0.004136/0.004042,  Epoch:50/48
INFO|2024-09-26 23:45:54: 	Time(ep):692s,  Val(curr/best):0.004815/0.004815,  Epoch(curr/best):50/50
INFO|2024-09-26 23:45:54: -------------------- Epoch: 51 --------------------
INFO|2024-09-26 23:46:54: Epoch[051/100], iter[040/392], loss_total:0.25515, loss_equ:0.53060 loss_pq_vm:0.00390 loss_pq_va:0.08337 loss_pv_va:0.07968
INFO|2024-09-26 23:47:52: Epoch[051/100], iter[079/392], loss_total:0.33178, loss_equ:0.67815 loss_pq_vm:0.00370 loss_pq_va:0.11789 loss_pv_va:0.10907
INFO|2024-09-26 23:48:49: Epoch[051/100], iter[118/392], loss_total:0.30139, loss_equ:0.63500 loss_pq_vm:0.00351 loss_pq_va:0.10221 loss_pv_va:0.10056
INFO|2024-09-26 23:49:47: Epoch[051/100], iter[157/392], loss_total:0.32550, loss_equ:0.57085 loss_pq_vm:0.00340 loss_pq_va:0.11948 loss_pv_va:0.11492
INFO|2024-09-26 23:50:44: Epoch[051/100], iter[196/392], loss_total:0.30182, loss_equ:0.53789 loss_pq_vm:0.00318 loss_pq_va:0.11010 loss_pv_va:0.10608
INFO|2024-09-26 23:51:42: Epoch[051/100], iter[235/392], loss_total:0.27782, loss_equ:0.54065 loss_pq_vm:0.00372 loss_pq_va:0.09455 loss_pv_va:0.09197
INFO|2024-09-26 23:52:40: Epoch[051/100], iter[274/392], loss_total:0.31796, loss_equ:0.58346 loss_pq_vm:0.00364 loss_pq_va:0.11395 loss_pv_va:0.10923
INFO|2024-09-26 23:53:37: Epoch[051/100], iter[313/392], loss_total:0.28642, loss_equ:0.55982 loss_pq_vm:0.00337 loss_pq_va:0.09914 loss_pv_va:0.09758
INFO|2024-09-26 23:54:35: Epoch[051/100], iter[352/392], loss_total:0.32989, loss_equ:0.65682 loss_pq_vm:0.00395 loss_pq_va:0.11697 loss_pv_va:0.10770
INFO|2024-09-26 23:55:33: Epoch[051/100], iter[392/392], loss_total:0.32195, loss_equ:0.68769 loss_pq_vm:0.00627 loss_pq_va:0.09763 loss_pv_va:0.09291
INFO|2024-09-26 23:57:26: Epoch 50/100, lr:  0.00048945, eta: 9.42h, train_loss:  0.30156, valid_loss:  0.36211
INFO|2024-09-26 23:57:26: 	Train: PQ_Vm_rmse: 0.00010796  PQ_Va_rmse: 0.00442211  PV_Va_rmse: 0.00433785  delta_p: 0.01253876  delta_q: 0.00173523  
INFO|2024-09-26 23:57:26: 	ZTest: PQ_Vm_rmse: 0.00015660  PQ_Va_rmse: 0.00515964  PV_Va_rmse: 0.00495263  delta_p: 0.01212377  delta_q: 0.00183529  
INFO|2024-09-26 23:57:26: 	ZTest-ema: PQ_Vm_rmse: 0.000118  PQ_Va_rmse: 0.004195  PV_Va_rmse: 0.004023  delta_p: 0.007337  delta_q: 0.001109  
INFO|2024-09-26 23:57:26: 	           ValOfEMA:0.004195/0.004042,  Epoch:51/48
INFO|2024-09-26 23:57:27: 	Time(ep):692s,  Val(curr/best):0.005160/0.004815,  Epoch(curr/best):51/50
INFO|2024-09-26 23:57:27: -------------------- Epoch: 52 --------------------
INFO|2024-09-26 23:58:27: Epoch[052/100], iter[040/392], loss_total:0.32487, loss_equ:0.59769 loss_pq_vm:0.00353 loss_pq_va:0.11786 loss_pv_va:0.11197
INFO|2024-09-26 23:59:24: Epoch[052/100], iter[079/392], loss_total:0.42997, loss_equ:0.62985 loss_pq_vm:0.00419 loss_pq_va:0.16497 loss_pv_va:0.16012
INFO|2024-09-27 00:00:22: Epoch[052/100], iter[118/392], loss_total:0.26215, loss_equ:0.56392 loss_pq_vm:0.00325 loss_pq_va:0.08824 loss_pv_va:0.08501
INFO|2024-09-27 00:01:19: Epoch[052/100], iter[157/392], loss_total:0.27131, loss_equ:0.62269 loss_pq_vm:0.00398 loss_pq_va:0.08635 loss_pv_va:0.08291
INFO|2024-09-27 00:02:16: Epoch[052/100], iter[196/392], loss_total:0.31025, loss_equ:0.61079 loss_pq_vm:0.00326 loss_pq_va:0.11102 loss_pv_va:0.10556
INFO|2024-09-27 00:03:14: Epoch[052/100], iter[235/392], loss_total:0.28272, loss_equ:0.57379 loss_pq_vm:0.00361 loss_pq_va:0.09619 loss_pv_va:0.09306
INFO|2024-09-27 00:04:13: Epoch[052/100], iter[274/392], loss_total:0.37455, loss_equ:0.72619 loss_pq_vm:0.00574 loss_pq_va:0.12338 loss_pv_va:0.12115
INFO|2024-09-27 00:05:10: Epoch[052/100], iter[313/392], loss_total:0.35236, loss_equ:0.71042 loss_pq_vm:0.00505 loss_pq_va:0.11549 loss_pv_va:0.11536
INFO|2024-09-27 00:06:08: Epoch[052/100], iter[352/392], loss_total:0.31472, loss_equ:0.57244 loss_pq_vm:0.00352 loss_pq_va:0.11176 loss_pv_va:0.11055
INFO|2024-09-27 00:07:07: Epoch[052/100], iter[392/392], loss_total:0.32617, loss_equ:0.63519 loss_pq_vm:0.00567 loss_pq_va:0.10457 loss_pv_va:0.10138
INFO|2024-09-27 00:08:59: Epoch 51/100, lr:  0.00047392, eta: 9.23h, train_loss:  0.32460, valid_loss:  0.37394
INFO|2024-09-27 00:08:59: 	Train: PQ_Vm_rmse: 0.00010378  PQ_Va_rmse: 0.00515691  PV_Va_rmse: 0.00510774  delta_p: 0.01182965  delta_q: 0.00167294  
INFO|2024-09-27 00:08:59: 	ZTest: PQ_Vm_rmse: 0.00022145  PQ_Va_rmse: 0.00662780  PV_Va_rmse: 0.00657667  delta_p: 0.01548357  delta_q: 0.00262715  
INFO|2024-09-27 00:08:59: 	ZTest-ema: PQ_Vm_rmse: 0.000125  PQ_Va_rmse: 0.004500  PV_Va_rmse: 0.004395  delta_p: 0.007512  delta_q: 0.001166  
INFO|2024-09-27 00:08:59: 	           ValOfEMA:0.004500/0.004042,  Epoch:52/48
INFO|2024-09-27 00:09:00: 	Time(ep):692s,  Val(curr/best):0.006628/0.004815,  Epoch(curr/best):52/50
INFO|2024-09-27 00:09:00: -------------------- Epoch: 53 --------------------
INFO|2024-09-27 00:10:01: Epoch[053/100], iter[040/392], loss_total:0.27852, loss_equ:0.53567 loss_pq_vm:0.00351 loss_pq_va:0.09650 loss_pv_va:0.09340
INFO|2024-09-27 00:10:59: Epoch[053/100], iter[079/392], loss_total:0.26747, loss_equ:0.50480 loss_pq_vm:0.00366 loss_pq_va:0.09159 loss_pv_va:0.08879
INFO|2024-09-27 00:11:57: Epoch[053/100], iter[118/392], loss_total:0.25761, loss_equ:0.49667 loss_pq_vm:0.00327 loss_pq_va:0.08928 loss_pv_va:0.08595
INFO|2024-09-27 00:12:53: Epoch[053/100], iter[157/392], loss_total:0.26503, loss_equ:0.53146 loss_pq_vm:0.00417 loss_pq_va:0.08665 loss_pv_va:0.08351
INFO|2024-09-27 00:13:50: Epoch[053/100], iter[196/392], loss_total:0.27362, loss_equ:0.52350 loss_pq_vm:0.00354 loss_pq_va:0.09404 loss_pv_va:0.09185
INFO|2024-09-27 00:14:48: Epoch[053/100], iter[235/392], loss_total:0.26797, loss_equ:0.51431 loss_pq_vm:0.00334 loss_pq_va:0.09342 loss_pv_va:0.08970
INFO|2024-09-27 00:15:45: Epoch[053/100], iter[274/392], loss_total:0.29767, loss_equ:0.62446 loss_pq_vm:0.00336 loss_pq_va:0.10047 loss_pv_va:0.10120
INFO|2024-09-27 00:16:42: Epoch[053/100], iter[313/392], loss_total:0.28720, loss_equ:0.58694 loss_pq_vm:0.00406 loss_pq_va:0.09432 loss_pv_va:0.09359
INFO|2024-09-27 00:17:39: Epoch[053/100], iter[352/392], loss_total:0.30386, loss_equ:0.59695 loss_pq_vm:0.00498 loss_pq_va:0.09945 loss_pv_va:0.09495
INFO|2024-09-27 00:18:38: Epoch[053/100], iter[392/392], loss_total:0.27929, loss_equ:0.54413 loss_pq_vm:0.00412 loss_pq_va:0.09266 loss_pv_va:0.09098
INFO|2024-09-27 00:20:30: Epoch 52/100, lr:  0.00045842, eta: 9.01h, train_loss:  0.27852, valid_loss:  0.31499
INFO|2024-09-27 00:20:30: 	Train: PQ_Vm_rmse: 0.00010802  PQ_Va_rmse: 0.00345016  PV_Va_rmse: 0.00343705  delta_p: 0.00792085  delta_q: 0.00143479  
INFO|2024-09-27 00:20:30: 	ZTest: PQ_Vm_rmse: 0.00017641  PQ_Va_rmse: 0.00413330  PV_Va_rmse: 0.00404471  delta_p: 0.00815274  delta_q: 0.00188765  
INFO|2024-09-27 00:20:30: 	ZTest-ema: PQ_Vm_rmse: 0.000124  PQ_Va_rmse: 0.004180  PV_Va_rmse: 0.004046  delta_p: 0.007306  delta_q: 0.001007  
INFO|2024-09-27 00:20:30: 	           ValOfEMA:0.004180/0.004042,  Epoch:53/48
INFO|2024-09-27 00:20:31: 	Time(ep):689s,  Val(curr/best):0.004133/0.004133,  Epoch(curr/best):53/53
INFO|2024-09-27 00:20:31: -------------------- Epoch: 54 --------------------
INFO|2024-09-27 00:21:32: Epoch[054/100], iter[040/392], loss_total:0.26256, loss_equ:0.51028 loss_pq_vm:0.00344 loss_pq_va:0.08997 loss_pv_va:0.08718
INFO|2024-09-27 00:22:30: Epoch[054/100], iter[079/392], loss_total:0.25500, loss_equ:0.50285 loss_pq_vm:0.00317 loss_pq_va:0.08799 loss_pv_va:0.08503
INFO|2024-09-27 00:23:28: Epoch[054/100], iter[118/392], loss_total:0.42900, loss_equ:0.59084 loss_pq_vm:0.00349 loss_pq_va:0.16959 loss_pv_va:0.16540
INFO|2024-09-27 00:24:26: Epoch[054/100], iter[157/392], loss_total:0.34718, loss_equ:0.59541 loss_pq_vm:0.00407 loss_pq_va:0.12587 loss_pv_va:0.12108
INFO|2024-09-27 00:25:23: Epoch[054/100], iter[196/392], loss_total:0.34648, loss_equ:0.70835 loss_pq_vm:0.00593 loss_pq_va:0.10885 loss_pv_va:0.10750
INFO|2024-09-27 00:26:21: Epoch[054/100], iter[235/392], loss_total:0.27920, loss_equ:0.54286 loss_pq_vm:0.00407 loss_pq_va:0.09342 loss_pv_va:0.09084
INFO|2024-09-27 00:27:19: Epoch[054/100], iter[274/392], loss_total:0.26341, loss_equ:0.54453 loss_pq_vm:0.00488 loss_pq_va:0.08166 loss_pv_va:0.07846
INFO|2024-09-27 00:28:16: Epoch[054/100], iter[313/392], loss_total:0.27281, loss_equ:0.61232 loss_pq_vm:0.00386 loss_pq_va:0.08863 loss_pv_va:0.08435
INFO|2024-09-27 00:29:14: Epoch[054/100], iter[352/392], loss_total:0.31533, loss_equ:0.66815 loss_pq_vm:0.00619 loss_pq_va:0.09474 loss_pv_va:0.09186
INFO|2024-09-27 00:30:13: Epoch[054/100], iter[392/392], loss_total:0.28746, loss_equ:0.58844 loss_pq_vm:0.00576 loss_pq_va:0.08652 loss_pv_va:0.08449
INFO|2024-09-27 00:32:06: Epoch 53/100, lr:  0.00044296, eta: 8.88h, train_loss:  0.31004, valid_loss:  0.33426
INFO|2024-09-27 00:32:06: 	Train: PQ_Vm_rmse: 0.00014170  PQ_Va_rmse: 0.00456202  PV_Va_rmse: 0.00449550  delta_p: 0.00959233  delta_q: 0.00180243  
INFO|2024-09-27 00:32:06: 	ZTest: PQ_Vm_rmse: 0.00022726  PQ_Va_rmse: 0.00445257  PV_Va_rmse: 0.00429866  delta_p: 0.00691959  delta_q: 0.00232116  
INFO|2024-09-27 00:32:06: 	ZTest-ema: PQ_Vm_rmse: 0.000128  PQ_Va_rmse: 0.004092  PV_Va_rmse: 0.003963  delta_p: 0.005373  delta_q: 0.001221  
INFO|2024-09-27 00:32:06: 	           ValOfEMA:0.004092/0.004042,  Epoch:54/48
INFO|2024-09-27 00:32:09: 	Time(ep):695s,  Val(curr/best):0.004453/0.004133,  Epoch(curr/best):54/53
INFO|2024-09-27 00:32:09: -------------------- Epoch: 55 --------------------
INFO|2024-09-27 00:33:10: Epoch[055/100], iter[040/392], loss_total:0.27803, loss_equ:0.57421 loss_pq_vm:0.00349 loss_pq_va:0.09497 loss_pv_va:0.09071
INFO|2024-09-27 00:34:07: Epoch[055/100], iter[079/392], loss_total:0.28938, loss_equ:0.60041 loss_pq_vm:0.00353 loss_pq_va:0.09866 loss_pv_va:0.09539
INFO|2024-09-27 00:35:05: Epoch[055/100], iter[118/392], loss_total:0.31277, loss_equ:0.61012 loss_pq_vm:0.00356 loss_pq_va:0.11033 loss_pv_va:0.10587
INFO|2024-09-27 00:36:04: Epoch[055/100], iter[157/392], loss_total:0.24929, loss_equ:0.50904 loss_pq_vm:0.00353 loss_pq_va:0.08298 loss_pv_va:0.08014
INFO|2024-09-27 00:37:02: Epoch[055/100], iter[196/392], loss_total:0.24058, loss_equ:0.48517 loss_pq_vm:0.00306 loss_pq_va:0.08188 loss_pv_va:0.07961
INFO|2024-09-27 00:38:00: Epoch[055/100], iter[235/392], loss_total:0.25389, loss_equ:0.57143 loss_pq_vm:0.00398 loss_pq_va:0.07961 loss_pv_va:0.07732
INFO|2024-09-27 00:38:58: Epoch[055/100], iter[274/392], loss_total:0.25112, loss_equ:0.55487 loss_pq_vm:0.00403 loss_pq_va:0.07881 loss_pv_va:0.07648
INFO|2024-09-27 00:39:56: Epoch[055/100], iter[313/392], loss_total:0.26760, loss_equ:0.55118 loss_pq_vm:0.00340 loss_pq_va:0.09053 loss_pv_va:0.08795
INFO|2024-09-27 00:40:54: Epoch[055/100], iter[352/392], loss_total:0.39928, loss_equ:0.74566 loss_pq_vm:0.00544 loss_pq_va:0.13535 loss_pv_va:0.13501
INFO|2024-09-27 00:41:53: Epoch[055/100], iter[392/392], loss_total:0.29044, loss_equ:0.60061 loss_pq_vm:0.00347 loss_pq_va:0.09957 loss_pv_va:0.09608
INFO|2024-09-27 00:43:47: Epoch 54/100, lr:  0.00042756, eta: 8.72h, train_loss:  0.28708, valid_loss:  0.34737
INFO|2024-09-27 00:43:47: 	Train: PQ_Vm_rmse: 0.00010345  PQ_Va_rmse: 0.00352765  PV_Va_rmse: 0.00348207  delta_p: 0.00931806  delta_q: 0.00145541  
INFO|2024-09-27 00:43:47: 	ZTest: PQ_Vm_rmse: 0.00012780  PQ_Va_rmse: 0.00716546  PV_Va_rmse: 0.00689653  delta_p: 0.01271863  delta_q: 0.00192665  
INFO|2024-09-27 00:43:47: 	ZTest-ema: PQ_Vm_rmse: 0.000119  PQ_Va_rmse: 0.004167  PV_Va_rmse: 0.004050  delta_p: 0.009575  delta_q: 0.001145  
INFO|2024-09-27 00:43:47: 	           ValOfEMA:0.004167/0.004042,  Epoch:55/48
INFO|2024-09-27 00:43:48: 	Time(ep):697s,  Val(curr/best):0.007165/0.004133,  Epoch(curr/best):55/53
INFO|2024-09-27 00:43:48: -------------------- Epoch: 56 --------------------
INFO|2024-09-27 00:44:49: Epoch[056/100], iter[040/392], loss_total:0.29727, loss_equ:0.54383 loss_pq_vm:0.00312 loss_pq_va:0.10750 loss_pv_va:0.10415
INFO|2024-09-27 00:45:47: Epoch[056/100], iter[079/392], loss_total:0.24836, loss_equ:0.52519 loss_pq_vm:0.00290 loss_pq_va:0.08473 loss_pv_va:0.08207
INFO|2024-09-27 00:46:44: Epoch[056/100], iter[118/392], loss_total:0.25137, loss_equ:0.50482 loss_pq_vm:0.00314 loss_pq_va:0.08641 loss_pv_va:0.08307
INFO|2024-09-27 00:47:41: Epoch[056/100], iter[157/392], loss_total:0.23405, loss_equ:0.48304 loss_pq_vm:0.00302 loss_pq_va:0.07934 loss_pv_va:0.07616
INFO|2024-09-27 00:48:39: Epoch[056/100], iter[196/392], loss_total:0.22822, loss_equ:0.46380 loss_pq_vm:0.00308 loss_pq_va:0.07698 loss_pv_va:0.07407
INFO|2024-09-27 00:49:37: Epoch[056/100], iter[235/392], loss_total:0.26665, loss_equ:0.53130 loss_pq_vm:0.00340 loss_pq_va:0.09108 loss_pv_va:0.08847
INFO|2024-09-27 00:50:35: Epoch[056/100], iter[274/392], loss_total:0.23301, loss_equ:0.48085 loss_pq_vm:0.00295 loss_pq_va:0.07893 loss_pv_va:0.07651
INFO|2024-09-27 00:51:32: Epoch[056/100], iter[313/392], loss_total:0.35347, loss_equ:0.92212 loss_pq_vm:0.00564 loss_pq_va:0.10259 loss_pv_va:0.10225
INFO|2024-09-27 00:52:30: Epoch[056/100], iter[352/392], loss_total:0.31399, loss_equ:0.74472 loss_pq_vm:0.00436 loss_pq_va:0.09866 loss_pv_va:0.09722
INFO|2024-09-27 00:53:29: Epoch[056/100], iter[392/392], loss_total:0.27124, loss_equ:0.58972 loss_pq_vm:0.00374 loss_pq_va:0.08900 loss_pv_va:0.08591
INFO|2024-09-27 00:55:22: Epoch 55/100, lr:  0.00041225, eta: 8.49h, train_loss:  0.27712, valid_loss:  0.32846
INFO|2024-09-27 00:55:22: 	Train: PQ_Vm_rmse: 0.00008830  PQ_Va_rmse: 0.00339326  PV_Va_rmse: 0.00332164  delta_p: 0.00973619  delta_q: 0.00137327  
INFO|2024-09-27 00:55:22: 	ZTest: PQ_Vm_rmse: 0.00012733  PQ_Va_rmse: 0.00407731  PV_Va_rmse: 0.00395411  delta_p: 0.00881373  delta_q: 0.00147952  
INFO|2024-09-27 00:55:22: 	ZTest-ema: PQ_Vm_rmse: 0.000111  PQ_Va_rmse: 0.004057  PV_Va_rmse: 0.003916  delta_p: 0.005602  delta_q: 0.000824  
INFO|2024-09-27 00:55:22: 	           ValOfEMA:0.004057/0.004042,  Epoch:56/48
INFO|2024-09-27 00:55:23: 	Time(ep):694s,  Val(curr/best):0.004077/0.004077,  Epoch(curr/best):56/56
INFO|2024-09-27 00:55:23: -------------------- Epoch: 57 --------------------
INFO|2024-09-27 00:56:24: Epoch[057/100], iter[040/392], loss_total:0.24924, loss_equ:0.51066 loss_pq_vm:0.00310 loss_pq_va:0.08526 loss_pv_va:0.08190
INFO|2024-09-27 00:57:22: Epoch[057/100], iter[079/392], loss_total:0.27915, loss_equ:0.51998 loss_pq_vm:0.00392 loss_pq_va:0.09535 loss_pv_va:0.09260
INFO|2024-09-27 00:58:20: Epoch[057/100], iter[118/392], loss_total:0.25792, loss_equ:0.57680 loss_pq_vm:0.00369 loss_pq_va:0.08353 loss_pv_va:0.07978
INFO|2024-09-27 00:59:19: Epoch[057/100], iter[157/392], loss_total:0.24970, loss_equ:0.51036 loss_pq_vm:0.00305 loss_pq_va:0.08552 loss_pv_va:0.08263
INFO|2024-09-27 01:00:16: Epoch[057/100], iter[196/392], loss_total:0.27804, loss_equ:0.61244 loss_pq_vm:0.00369 loss_pq_va:0.09205 loss_pv_va:0.08784
INFO|2024-09-27 01:01:14: Epoch[057/100], iter[235/392], loss_total:0.31626, loss_equ:0.65214 loss_pq_vm:0.00469 loss_pq_va:0.10337 loss_pv_va:0.10073
INFO|2024-09-27 01:02:12: Epoch[057/100], iter[274/392], loss_total:0.27272, loss_equ:0.52639 loss_pq_vm:0.00395 loss_pq_va:0.09171 loss_pv_va:0.08884
INFO|2024-09-27 01:03:09: Epoch[057/100], iter[313/392], loss_total:0.24890, loss_equ:0.52608 loss_pq_vm:0.00353 loss_pq_va:0.08144 loss_pv_va:0.07959
INFO|2024-09-27 01:04:06: Epoch[057/100], iter[352/392], loss_total:0.26291, loss_equ:0.55265 loss_pq_vm:0.00485 loss_pq_va:0.08115 loss_pv_va:0.07802
INFO|2024-09-27 01:05:05: Epoch[057/100], iter[392/392], loss_total:0.25893, loss_equ:0.52290 loss_pq_vm:0.00338 loss_pq_va:0.08812 loss_pv_va:0.08473
INFO|2024-09-27 01:06:58: Epoch 56/100, lr:  0.00039702, eta: 8.29h, train_loss:  0.26129, valid_loss:  0.28623
INFO|2024-09-27 01:06:58: 	Train: PQ_Vm_rmse: 0.00009889  PQ_Va_rmse: 0.00241221  PV_Va_rmse: 0.00238518  delta_p: 0.00859814  delta_q: 0.00133442  
INFO|2024-09-27 01:06:58: 	ZTest: PQ_Vm_rmse: 0.00012640  PQ_Va_rmse: 0.00394512  PV_Va_rmse: 0.00376820  delta_p: 0.00855844  delta_q: 0.00148854  
INFO|2024-09-27 01:06:58: 	ZTest-ema: PQ_Vm_rmse: 0.000115  PQ_Va_rmse: 0.003864  PV_Va_rmse: 0.003735  delta_p: 0.006790  delta_q: 0.001123  
INFO|2024-09-27 01:06:58: 	           ValOfEMA:0.003864/0.003864,  Epoch:57/57
INFO|2024-09-27 01:06:59: 	Time(ep):694s,  Val(curr/best):0.003945/0.003945,  Epoch(curr/best):57/57
INFO|2024-09-27 01:06:59: -------------------- Epoch: 58 --------------------
INFO|2024-09-27 01:08:00: Epoch[058/100], iter[040/392], loss_total:0.25114, loss_equ:0.52668 loss_pq_vm:0.00321 loss_pq_va:0.08492 loss_pv_va:0.08143
INFO|2024-09-27 01:08:57: Epoch[058/100], iter[079/392], loss_total:0.25564, loss_equ:0.51049 loss_pq_vm:0.00330 loss_pq_va:0.08740 loss_pv_va:0.08420
INFO|2024-09-27 01:09:54: Epoch[058/100], iter[118/392], loss_total:0.22826, loss_equ:0.47272 loss_pq_vm:0.00307 loss_pq_va:0.07630 loss_pv_va:0.07397
INFO|2024-09-27 01:10:51: Epoch[058/100], iter[157/392], loss_total:0.22084, loss_equ:0.45980 loss_pq_vm:0.00288 loss_pq_va:0.07439 loss_pv_va:0.07171
INFO|2024-09-27 01:11:48: Epoch[058/100], iter[196/392], loss_total:0.22893, loss_equ:0.45811 loss_pq_vm:0.00303 loss_pq_va:0.07789 loss_pv_va:0.07491
INFO|2024-09-27 01:12:46: Epoch[058/100], iter[235/392], loss_total:0.27576, loss_equ:0.49047 loss_pq_vm:0.00308 loss_pq_va:0.09918 loss_pv_va:0.09679
INFO|2024-09-27 01:13:43: Epoch[058/100], iter[274/392], loss_total:0.26144, loss_equ:0.49046 loss_pq_vm:0.00308 loss_pq_va:0.09196 loss_pv_va:0.08967
INFO|2024-09-27 01:14:40: Epoch[058/100], iter[313/392], loss_total:0.27317, loss_equ:0.57665 loss_pq_vm:0.00312 loss_pq_va:0.09384 loss_pv_va:0.09042
INFO|2024-09-27 01:15:37: Epoch[058/100], iter[352/392], loss_total:0.26885, loss_equ:0.52757 loss_pq_vm:0.00312 loss_pq_va:0.09485 loss_pv_va:0.09006
INFO|2024-09-27 01:16:36: Epoch[058/100], iter[392/392], loss_total:0.27415, loss_equ:0.59378 loss_pq_vm:0.00487 loss_pq_va:0.08446 loss_pv_va:0.08161
INFO|2024-09-27 01:18:29: Epoch 57/100, lr:  0.00038190, eta: 8.05h, train_loss:  0.25259, valid_loss:  0.31708
INFO|2024-09-27 01:18:29: 	Train: PQ_Vm_rmse: 0.00008415  PQ_Va_rmse: 0.00278712  PV_Va_rmse: 0.00276282  delta_p: 0.00639082  delta_q: 0.00116049  
INFO|2024-09-27 01:18:29: 	ZTest: PQ_Vm_rmse: 0.00013360  PQ_Va_rmse: 0.00468432  PV_Va_rmse: 0.00456575  delta_p: 0.00892688  delta_q: 0.00146461  
INFO|2024-09-27 01:18:29: 	ZTest-ema: PQ_Vm_rmse: 0.000105  PQ_Va_rmse: 0.003831  PV_Va_rmse: 0.003673  delta_p: 0.005707  delta_q: 0.000842  
INFO|2024-09-27 01:18:29: 	           ValOfEMA:0.003831/0.003831,  Epoch:58/58
INFO|2024-09-27 01:18:29: 	Time(ep):689s,  Val(curr/best):0.004684/0.003945,  Epoch(curr/best):58/57
INFO|2024-09-27 01:18:29: -------------------- Epoch: 59 --------------------
INFO|2024-09-27 01:19:30: Epoch[059/100], iter[040/392], loss_total:0.26643, loss_equ:0.66146 loss_pq_vm:0.00413 loss_pq_va:0.08124 loss_pv_va:0.07771
INFO|2024-09-27 01:20:27: Epoch[059/100], iter[079/392], loss_total:0.24957, loss_equ:0.52834 loss_pq_vm:0.00386 loss_pq_va:0.08006 loss_pv_va:0.07806
INFO|2024-09-27 01:21:24: Epoch[059/100], iter[118/392], loss_total:0.25011, loss_equ:0.51953 loss_pq_vm:0.00319 loss_pq_va:0.08495 loss_pv_va:0.08130
INFO|2024-09-27 01:22:21: Epoch[059/100], iter[157/392], loss_total:0.31382, loss_equ:0.52964 loss_pq_vm:0.00303 loss_pq_va:0.11812 loss_pv_va:0.11241
INFO|2024-09-27 01:23:18: Epoch[059/100], iter[196/392], loss_total:0.25685, loss_equ:0.50335 loss_pq_vm:0.00319 loss_pq_va:0.08889 loss_pv_va:0.08575
INFO|2024-09-27 01:24:15: Epoch[059/100], iter[235/392], loss_total:0.22292, loss_equ:0.46652 loss_pq_vm:0.00276 loss_pq_va:0.07561 loss_pv_va:0.07311
INFO|2024-09-27 01:25:12: Epoch[059/100], iter[274/392], loss_total:0.23743, loss_equ:0.48825 loss_pq_vm:0.00294 loss_pq_va:0.08167 loss_pv_va:0.07758
INFO|2024-09-27 01:26:09: Epoch[059/100], iter[313/392], loss_total:0.24669, loss_equ:0.50058 loss_pq_vm:0.00320 loss_pq_va:0.08399 loss_pv_va:0.08065
INFO|2024-09-27 01:27:06: Epoch[059/100], iter[352/392], loss_total:0.28619, loss_equ:0.58960 loss_pq_vm:0.00370 loss_pq_va:0.09799 loss_pv_va:0.09225
INFO|2024-09-27 01:28:05: Epoch[059/100], iter[392/392], loss_total:0.26287, loss_equ:0.55193 loss_pq_vm:0.00424 loss_pq_va:0.08417 loss_pv_va:0.08112
INFO|2024-09-27 01:29:58: Epoch 58/100, lr:  0.00036690, eta: 7.84h, train_loss:  0.26066, valid_loss:  0.29359
INFO|2024-09-27 01:29:58: 	Train: PQ_Vm_rmse: 0.00008488  PQ_Va_rmse: 0.00284843  PV_Va_rmse: 0.00279573  delta_p: 0.00742492  delta_q: 0.00114125  
INFO|2024-09-27 01:29:58: 	ZTest: PQ_Vm_rmse: 0.00012240  PQ_Va_rmse: 0.00397149  PV_Va_rmse: 0.00388036  delta_p: 0.00786350  delta_q: 0.00108237  
INFO|2024-09-27 01:29:58: 	ZTest-ema: PQ_Vm_rmse: 0.000105  PQ_Va_rmse: 0.003805  PV_Va_rmse: 0.003674  delta_p: 0.006756  delta_q: 0.000914  
INFO|2024-09-27 01:29:58: 	           ValOfEMA:0.003805/0.003805,  Epoch:59/59
INFO|2024-09-27 01:29:59: 	Time(ep):688s,  Val(curr/best):0.003971/0.003945,  Epoch(curr/best):59/57
INFO|2024-09-27 01:29:59: -------------------- Epoch: 60 --------------------
INFO|2024-09-27 01:31:01: Epoch[060/100], iter[040/392], loss_total:0.24526, loss_equ:0.48569 loss_pq_vm:0.00306 loss_pq_va:0.08451 loss_pv_va:0.08155
INFO|2024-09-27 01:31:59: Epoch[060/100], iter[079/392], loss_total:0.28111, loss_equ:0.52546 loss_pq_vm:0.00334 loss_pq_va:0.09923 loss_pv_va:0.09594
INFO|2024-09-27 01:32:56: Epoch[060/100], iter[118/392], loss_total:0.26650, loss_equ:0.50373 loss_pq_vm:0.00315 loss_pq_va:0.09406 loss_pv_va:0.09058
INFO|2024-09-27 01:33:54: Epoch[060/100], iter[157/392], loss_total:0.31625, loss_equ:0.51780 loss_pq_vm:0.00304 loss_pq_va:0.11864 loss_pv_va:0.11544
INFO|2024-09-27 01:34:52: Epoch[060/100], iter[196/392], loss_total:0.26688, loss_equ:0.49626 loss_pq_vm:0.00291 loss_pq_va:0.09548 loss_pv_va:0.09271
INFO|2024-09-27 01:35:50: Epoch[060/100], iter[235/392], loss_total:0.23913, loss_equ:0.47607 loss_pq_vm:0.00296 loss_pq_va:0.08207 loss_pv_va:0.07985
INFO|2024-09-27 01:36:47: Epoch[060/100], iter[274/392], loss_total:0.25673, loss_equ:0.48778 loss_pq_vm:0.00306 loss_pq_va:0.09048 loss_pv_va:0.08682
INFO|2024-09-27 01:37:45: Epoch[060/100], iter[313/392], loss_total:0.23693, loss_equ:0.53276 loss_pq_vm:0.00291 loss_pq_va:0.07822 loss_pv_va:0.07634
INFO|2024-09-27 01:38:42: Epoch[060/100], iter[352/392], loss_total:0.25759, loss_equ:0.49570 loss_pq_vm:0.00293 loss_pq_va:0.09061 loss_pv_va:0.08811
INFO|2024-09-27 01:39:41: Epoch[060/100], iter[392/392], loss_total:0.22542, loss_equ:0.48084 loss_pq_vm:0.00291 loss_pq_va:0.07592 loss_pv_va:0.07232
INFO|2024-09-27 01:41:35: Epoch 59/100, lr:  0.00035204, eta: 7.73h, train_loss:  0.25966, valid_loss:  0.28184
INFO|2024-09-27 01:41:35: 	Train: PQ_Vm_rmse: 0.00007619  PQ_Va_rmse: 0.00346332  PV_Va_rmse: 0.00342085  delta_p: 0.00737601  delta_q: 0.00108723  
INFO|2024-09-27 01:41:35: 	ZTest: PQ_Vm_rmse: 0.00012309  PQ_Va_rmse: 0.00423970  PV_Va_rmse: 0.00405376  delta_p: 0.00795496  delta_q: 0.00110963  
INFO|2024-09-27 01:41:35: 	ZTest-ema: PQ_Vm_rmse: 0.000103  PQ_Va_rmse: 0.003706  PV_Va_rmse: 0.003550  delta_p: 0.006085  delta_q: 0.000852  
INFO|2024-09-27 01:41:35: 	           ValOfEMA:0.003706/0.003706,  Epoch:60/60
INFO|2024-09-27 01:41:36: 	Time(ep):696s,  Val(curr/best):0.004240/0.003945,  Epoch(curr/best):60/57
INFO|2024-09-27 01:41:36: -------------------- Epoch: 61 --------------------
INFO|2024-09-27 01:42:37: Epoch[061/100], iter[040/392], loss_total:0.23142, loss_equ:0.48003 loss_pq_vm:0.00292 loss_pq_va:0.07829 loss_pv_va:0.07593
INFO|2024-09-27 01:43:35: Epoch[061/100], iter[079/392], loss_total:0.24182, loss_equ:0.46328 loss_pq_vm:0.00325 loss_pq_va:0.08287 loss_pv_va:0.08014
INFO|2024-09-27 01:44:33: Epoch[061/100], iter[118/392], loss_total:0.21839, loss_equ:0.46318 loss_pq_vm:0.00284 loss_pq_va:0.07292 loss_pv_va:0.07074
INFO|2024-09-27 01:45:31: Epoch[061/100], iter[157/392], loss_total:0.25912, loss_equ:0.48666 loss_pq_vm:0.00356 loss_pq_va:0.08889 loss_pv_va:0.08599
INFO|2024-09-27 01:46:29: Epoch[061/100], iter[196/392], loss_total:0.27176, loss_equ:0.55376 loss_pq_vm:0.00443 loss_pq_va:0.08832 loss_pv_va:0.08377
INFO|2024-09-27 01:47:27: Epoch[061/100], iter[235/392], loss_total:0.23561, loss_equ:0.51899 loss_pq_vm:0.00300 loss_pq_va:0.07874 loss_pv_va:0.07501
INFO|2024-09-27 01:48:25: Epoch[061/100], iter[274/392], loss_total:0.21940, loss_equ:0.45828 loss_pq_vm:0.00286 loss_pq_va:0.07394 loss_pv_va:0.07100
INFO|2024-09-27 01:49:23: Epoch[061/100], iter[313/392], loss_total:0.23342, loss_equ:0.48875 loss_pq_vm:0.00300 loss_pq_va:0.07895 loss_pv_va:0.07559
INFO|2024-09-27 01:50:20: Epoch[061/100], iter[352/392], loss_total:0.23331, loss_equ:0.48886 loss_pq_vm:0.00318 loss_pq_va:0.07803 loss_pv_va:0.07456
INFO|2024-09-27 01:51:19: Epoch[061/100], iter[392/392], loss_total:0.26734, loss_equ:0.50958 loss_pq_vm:0.00305 loss_pq_va:0.09467 loss_pv_va:0.09116
INFO|2024-09-27 01:53:12: Epoch 60/100, lr:  0.00033732, eta: 7.54h, train_loss:  0.23940, valid_loss:  0.29024
INFO|2024-09-27 01:53:12: 	Train: PQ_Vm_rmse: 0.00007999  PQ_Va_rmse: 0.00219590  PV_Va_rmse: 0.00213884  delta_p: 0.00597062  delta_q: 0.00101759  
INFO|2024-09-27 01:53:12: 	ZTest: PQ_Vm_rmse: 0.00011987  PQ_Va_rmse: 0.00468374  PV_Va_rmse: 0.00446347  delta_p: 0.00933132  delta_q: 0.00116528  
INFO|2024-09-27 01:53:12: 	ZTest-ema: PQ_Vm_rmse: 0.000106  PQ_Va_rmse: 0.003745  PV_Va_rmse: 0.003558  delta_p: 0.007295  delta_q: 0.000949  
INFO|2024-09-27 01:53:12: 	           ValOfEMA:0.003745/0.003706,  Epoch:61/60
INFO|2024-09-27 01:53:13: 	Time(ep):696s,  Val(curr/best):0.004684/0.003945,  Epoch(curr/best):61/57
INFO|2024-09-27 01:53:13: -------------------- Epoch: 62 --------------------
INFO|2024-09-27 01:54:14: Epoch[062/100], iter[040/392], loss_total:0.23031, loss_equ:0.49723 loss_pq_vm:0.00287 loss_pq_va:0.07674 loss_pv_va:0.07515
INFO|2024-09-27 01:55:12: Epoch[062/100], iter[079/392], loss_total:0.23477, loss_equ:0.49671 loss_pq_vm:0.00304 loss_pq_va:0.07898 loss_pv_va:0.07572
INFO|2024-09-27 01:56:09: Epoch[062/100], iter[118/392], loss_total:0.27356, loss_equ:0.56844 loss_pq_vm:0.00362 loss_pq_va:0.09170 loss_pv_va:0.08883
INFO|2024-09-27 01:57:07: Epoch[062/100], iter[157/392], loss_total:0.24618, loss_equ:0.47599 loss_pq_vm:0.00305 loss_pq_va:0.08571 loss_pv_va:0.08241
INFO|2024-09-27 01:58:05: Epoch[062/100], iter[196/392], loss_total:0.22882, loss_equ:0.46001 loss_pq_vm:0.00312 loss_pq_va:0.07717 loss_pv_va:0.07445
INFO|2024-09-27 01:59:03: Epoch[062/100], iter[235/392], loss_total:0.22549, loss_equ:0.47086 loss_pq_vm:0.00305 loss_pq_va:0.07528 loss_pv_va:0.07259
INFO|2024-09-27 02:00:01: Epoch[062/100], iter[274/392], loss_total:0.22618, loss_equ:0.45964 loss_pq_vm:0.00333 loss_pq_va:0.07481 loss_pv_va:0.07211
INFO|2024-09-27 02:00:58: Epoch[062/100], iter[313/392], loss_total:0.26818, loss_equ:0.53624 loss_pq_vm:0.00371 loss_pq_va:0.09009 loss_pv_va:0.08735
INFO|2024-09-27 02:01:56: Epoch[062/100], iter[352/392], loss_total:0.36561, loss_equ:0.56486 loss_pq_vm:0.00350 loss_pq_va:0.14062 loss_pv_va:0.13353
INFO|2024-09-27 02:02:54: Epoch[062/100], iter[392/392], loss_total:0.24574, loss_equ:0.54317 loss_pq_vm:0.00286 loss_pq_va:0.08236 loss_pv_va:0.08047
INFO|2024-09-27 02:04:47: Epoch 61/100, lr:  0.00032278, eta: 7.33h, train_loss:  0.24765, valid_loss:  0.29407
INFO|2024-09-27 02:04:47: 	Train: PQ_Vm_rmse: 0.00007550  PQ_Va_rmse: 0.00258909  PV_Va_rmse: 0.00253010  delta_p: 0.00666280  delta_q: 0.00103145  
INFO|2024-09-27 02:04:47: 	ZTest: PQ_Vm_rmse: 0.00009876  PQ_Va_rmse: 0.00441777  PV_Va_rmse: 0.00411862  delta_p: 0.01121541  delta_q: 0.00159621  
INFO|2024-09-27 02:04:47: 	ZTest-ema: PQ_Vm_rmse: 0.000098  PQ_Va_rmse: 0.003514  PV_Va_rmse: 0.003351  delta_p: 0.005767  delta_q: 0.000914  
INFO|2024-09-27 02:04:47: 	           ValOfEMA:0.003514/0.003514,  Epoch:62/62
INFO|2024-09-27 02:04:47: 	Time(ep):694s,  Val(curr/best):0.004418/0.003945,  Epoch(curr/best):62/57
INFO|2024-09-27 02:04:47: -------------------- Epoch: 63 --------------------
INFO|2024-09-27 02:05:47: Epoch[063/100], iter[040/392], loss_total:0.24800, loss_equ:0.50078 loss_pq_vm:0.00318 loss_pq_va:0.08335 loss_pv_va:0.08274
INFO|2024-09-27 02:06:44: Epoch[063/100], iter[079/392], loss_total:0.22885, loss_equ:0.46591 loss_pq_vm:0.00290 loss_pq_va:0.07777 loss_pv_va:0.07547
INFO|2024-09-27 02:07:43: Epoch[063/100], iter[118/392], loss_total:0.23009, loss_equ:0.46486 loss_pq_vm:0.00289 loss_pq_va:0.07839 loss_pv_va:0.07631
INFO|2024-09-27 02:08:40: Epoch[063/100], iter[157/392], loss_total:0.22501, loss_equ:0.48244 loss_pq_vm:0.00365 loss_pq_va:0.07141 loss_pv_va:0.06890
INFO|2024-09-27 02:09:38: Epoch[063/100], iter[196/392], loss_total:0.21477, loss_equ:0.46345 loss_pq_vm:0.00286 loss_pq_va:0.07094 loss_pv_va:0.06894
INFO|2024-09-27 02:10:36: Epoch[063/100], iter[235/392], loss_total:0.22741, loss_equ:0.46259 loss_pq_vm:0.00298 loss_pq_va:0.07719 loss_pv_va:0.07418
INFO|2024-09-27 02:11:33: Epoch[063/100], iter[274/392], loss_total:0.33723, loss_equ:0.64980 loss_pq_vm:0.00493 loss_pq_va:0.11552 loss_pv_va:0.10746
INFO|2024-09-27 02:12:31: Epoch[063/100], iter[313/392], loss_total:0.22689, loss_equ:0.47495 loss_pq_vm:0.00326 loss_pq_va:0.07443 loss_pv_va:0.07232
INFO|2024-09-27 02:13:29: Epoch[063/100], iter[352/392], loss_total:0.22831, loss_equ:0.46090 loss_pq_vm:0.00299 loss_pq_va:0.07757 loss_pv_va:0.07474
INFO|2024-09-27 02:14:28: Epoch[063/100], iter[392/392], loss_total:0.24122, loss_equ:0.46267 loss_pq_vm:0.00284 loss_pq_va:0.08409 loss_pv_va:0.08244
INFO|2024-09-27 02:16:21: Epoch 62/100, lr:  0.00030841, eta: 7.13h, train_loss:  0.23872, valid_loss:  0.28118
INFO|2024-09-27 02:16:21: 	Train: PQ_Vm_rmse: 0.00007556  PQ_Va_rmse: 0.00238531  PV_Va_rmse: 0.00234704  delta_p: 0.00558154  delta_q: 0.00097440  
INFO|2024-09-27 02:16:21: 	ZTest: PQ_Vm_rmse: 0.00010438  PQ_Va_rmse: 0.00404354  PV_Va_rmse: 0.00396397  delta_p: 0.00620990  delta_q: 0.00105652  
INFO|2024-09-27 02:16:21: 	ZTest-ema: PQ_Vm_rmse: 0.000107  PQ_Va_rmse: 0.003639  PV_Va_rmse: 0.003464  delta_p: 0.005249  delta_q: 0.000857  
INFO|2024-09-27 02:16:21: 	           ValOfEMA:0.003639/0.003514,  Epoch:63/62
INFO|2024-09-27 02:16:22: 	Time(ep):693s,  Val(curr/best):0.004044/0.003945,  Epoch(curr/best):63/57
INFO|2024-09-27 02:16:22: -------------------- Epoch: 64 --------------------
INFO|2024-09-27 02:17:22: Epoch[064/100], iter[040/392], loss_total:0.27416, loss_equ:0.50859 loss_pq_vm:0.00317 loss_pq_va:0.09734 loss_pv_va:0.09425
INFO|2024-09-27 02:18:20: Epoch[064/100], iter[079/392], loss_total:0.31527, loss_equ:0.54914 loss_pq_vm:0.00378 loss_pq_va:0.11337 loss_pv_va:0.10915
INFO|2024-09-27 02:19:19: Epoch[064/100], iter[118/392], loss_total:0.22076, loss_equ:0.48531 loss_pq_vm:0.00292 loss_pq_va:0.07275 loss_pv_va:0.07023
INFO|2024-09-27 02:20:17: Epoch[064/100], iter[157/392], loss_total:0.22867, loss_equ:0.49514 loss_pq_vm:0.00286 loss_pq_va:0.07727 loss_pv_va:0.07324
INFO|2024-09-27 02:21:15: Epoch[064/100], iter[196/392], loss_total:0.23082, loss_equ:0.47235 loss_pq_vm:0.00326 loss_pq_va:0.07654 loss_pv_va:0.07447
INFO|2024-09-27 02:22:12: Epoch[064/100], iter[235/392], loss_total:0.22908, loss_equ:0.48454 loss_pq_vm:0.00377 loss_pq_va:0.07276 loss_pv_va:0.07016
INFO|2024-09-27 02:23:09: Epoch[064/100], iter[274/392], loss_total:0.21782, loss_equ:0.44571 loss_pq_vm:0.00301 loss_pq_va:0.07292 loss_pv_va:0.07027
INFO|2024-09-27 02:24:07: Epoch[064/100], iter[313/392], loss_total:0.22285, loss_equ:0.45424 loss_pq_vm:0.00287 loss_pq_va:0.07602 loss_pv_va:0.07273
INFO|2024-09-27 02:25:04: Epoch[064/100], iter[352/392], loss_total:0.26119, loss_equ:0.50999 loss_pq_vm:0.00343 loss_pq_va:0.08960 loss_pv_va:0.08634
INFO|2024-09-27 02:26:02: Epoch[064/100], iter[392/392], loss_total:0.24292, loss_equ:0.56498 loss_pq_vm:0.00320 loss_pq_va:0.07827 loss_pv_va:0.07613
INFO|2024-09-27 02:27:56: Epoch 63/100, lr:  0.00029424, eta: 6.94h, train_loss:  0.24042, valid_loss:  0.27749
INFO|2024-09-27 02:27:56: 	Train: PQ_Vm_rmse: 0.00007107  PQ_Va_rmse: 0.00245236  PV_Va_rmse: 0.00240569  delta_p: 0.00569025  delta_q: 0.00096493  
INFO|2024-09-27 02:27:56: 	ZTest: PQ_Vm_rmse: 0.00011272  PQ_Va_rmse: 0.00385538  PV_Va_rmse: 0.00372047  delta_p: 0.00788829  delta_q: 0.00116365  
INFO|2024-09-27 02:27:56: 	ZTest-ema: PQ_Vm_rmse: 0.000099  PQ_Va_rmse: 0.003505  PV_Va_rmse: 0.003346  delta_p: 0.006185  delta_q: 0.000879  
INFO|2024-09-27 02:27:56: 	           ValOfEMA:0.003505/0.003505,  Epoch:64/64
INFO|2024-09-27 02:27:57: 	Time(ep):693s,  Val(curr/best):0.003855/0.003855,  Epoch(curr/best):64/64
INFO|2024-09-27 02:27:57: -------------------- Epoch: 65 --------------------
INFO|2024-09-27 02:28:57: Epoch[065/100], iter[040/392], loss_total:0.25007, loss_equ:0.51227 loss_pq_vm:0.00306 loss_pq_va:0.08556 loss_pv_va:0.08268
INFO|2024-09-27 02:29:55: Epoch[065/100], iter[079/392], loss_total:0.24765, loss_equ:0.47184 loss_pq_vm:0.00290 loss_pq_va:0.08731 loss_pv_va:0.08412
INFO|2024-09-27 02:30:52: Epoch[065/100], iter[118/392], loss_total:0.24549, loss_equ:0.47897 loss_pq_vm:0.00291 loss_pq_va:0.08587 loss_pv_va:0.08263
INFO|2024-09-27 02:31:50: Epoch[065/100], iter[157/392], loss_total:0.21675, loss_equ:0.45721 loss_pq_vm:0.00314 loss_pq_va:0.07082 loss_pv_va:0.06884
INFO|2024-09-27 02:32:46: Epoch[065/100], iter[196/392], loss_total:0.21768, loss_equ:0.45507 loss_pq_vm:0.00297 loss_pq_va:0.07225 loss_pv_va:0.07025
INFO|2024-09-27 02:33:44: Epoch[065/100], iter[235/392], loss_total:0.25566, loss_equ:0.47298 loss_pq_vm:0.00322 loss_pq_va:0.08960 loss_pv_va:0.08660
INFO|2024-09-27 02:34:41: Epoch[065/100], iter[274/392], loss_total:0.23369, loss_equ:0.46866 loss_pq_vm:0.00383 loss_pq_va:0.07519 loss_pv_va:0.07335
INFO|2024-09-27 02:35:39: Epoch[065/100], iter[313/392], loss_total:0.22207, loss_equ:0.45554 loss_pq_vm:0.00290 loss_pq_va:0.07513 loss_pv_va:0.07235
INFO|2024-09-27 02:36:36: Epoch[065/100], iter[352/392], loss_total:0.26356, loss_equ:0.52363 loss_pq_vm:0.00379 loss_pq_va:0.08841 loss_pv_va:0.08486
INFO|2024-09-27 02:37:34: Epoch[065/100], iter[392/392], loss_total:0.21732, loss_equ:0.44353 loss_pq_vm:0.00281 loss_pq_va:0.07379 loss_pv_va:0.07103
INFO|2024-09-27 02:39:27: Epoch 64/100, lr:  0.00028027, eta: 6.71h, train_loss:  0.23185, valid_loss:  0.26361
INFO|2024-09-27 02:39:27: 	Train: PQ_Vm_rmse: 0.00006590  PQ_Va_rmse: 0.00232061  PV_Va_rmse: 0.00227979  delta_p: 0.00557079  delta_q: 0.00087263  
INFO|2024-09-27 02:39:27: 	ZTest: PQ_Vm_rmse: 0.00010684  PQ_Va_rmse: 0.00356415  PV_Va_rmse: 0.00341005  delta_p: 0.00506965  delta_q: 0.00091068  
INFO|2024-09-27 02:39:27: 	ZTest-ema: PQ_Vm_rmse: 0.000097  PQ_Va_rmse: 0.003362  PV_Va_rmse: 0.003206  delta_p: 0.004749  delta_q: 0.000751  
INFO|2024-09-27 02:39:27: 	           ValOfEMA:0.003362/0.003362,  Epoch:65/65
INFO|2024-09-27 02:39:28: 	Time(ep):690s,  Val(curr/best):0.003564/0.003564,  Epoch(curr/best):65/65
INFO|2024-09-27 02:39:28: -------------------- Epoch: 66 --------------------
INFO|2024-09-27 02:40:29: Epoch[066/100], iter[040/392], loss_total:0.22181, loss_equ:0.45870 loss_pq_vm:0.00280 loss_pq_va:0.07563 loss_pv_va:0.07235
INFO|2024-09-27 02:41:26: Epoch[066/100], iter[079/392], loss_total:0.23350, loss_equ:0.46491 loss_pq_vm:0.00361 loss_pq_va:0.07656 loss_pv_va:0.07439
INFO|2024-09-27 02:42:25: Epoch[066/100], iter[118/392], loss_total:0.22196, loss_equ:0.45065 loss_pq_vm:0.00312 loss_pq_va:0.07395 loss_pv_va:0.07171
INFO|2024-09-27 02:43:22: Epoch[066/100], iter[157/392], loss_total:0.25128, loss_equ:0.47461 loss_pq_vm:0.00352 loss_pq_va:0.08510 loss_pv_va:0.08350
INFO|2024-09-27 02:44:19: Epoch[066/100], iter[196/392], loss_total:0.26729, loss_equ:0.52511 loss_pq_vm:0.00337 loss_pq_va:0.09113 loss_pv_va:0.08999
INFO|2024-09-27 02:45:16: Epoch[066/100], iter[235/392], loss_total:0.27060, loss_equ:0.51261 loss_pq_vm:0.00324 loss_pq_va:0.09454 loss_pv_va:0.09238
INFO|2024-09-27 02:46:13: Epoch[066/100], iter[274/392], loss_total:0.22992, loss_equ:0.46916 loss_pq_vm:0.00319 loss_pq_va:0.07657 loss_pv_va:0.07451
INFO|2024-09-27 02:47:10: Epoch[066/100], iter[313/392], loss_total:0.24626, loss_equ:0.51419 loss_pq_vm:0.00359 loss_pq_va:0.08004 loss_pv_va:0.07887
INFO|2024-09-27 02:48:08: Epoch[066/100], iter[352/392], loss_total:0.24562, loss_equ:0.50121 loss_pq_vm:0.00397 loss_pq_va:0.07878 loss_pv_va:0.07703
INFO|2024-09-27 02:49:07: Epoch[066/100], iter[392/392], loss_total:0.21015, loss_equ:0.44768 loss_pq_vm:0.00291 loss_pq_va:0.06938 loss_pv_va:0.06686
INFO|2024-09-27 02:51:00: Epoch 65/100, lr:  0.00026653, eta: 6.53h, train_loss:  0.24107, valid_loss:  0.27233
INFO|2024-09-27 02:51:00: 	Train: PQ_Vm_rmse: 0.00007649  PQ_Va_rmse: 0.00229550  PV_Va_rmse: 0.00226980  delta_p: 0.00506498  delta_q: 0.00096222  
INFO|2024-09-27 02:51:00: 	ZTest: PQ_Vm_rmse: 0.00010315  PQ_Va_rmse: 0.00388248  PV_Va_rmse: 0.00374685  delta_p: 0.00550938  delta_q: 0.00096021  
INFO|2024-09-27 02:51:00: 	ZTest-ema: PQ_Vm_rmse: 0.000095  PQ_Va_rmse: 0.003509  PV_Va_rmse: 0.003375  delta_p: 0.004829  delta_q: 0.000742  
INFO|2024-09-27 02:51:00: 	           ValOfEMA:0.003509/0.003362,  Epoch:66/65
INFO|2024-09-27 02:51:01: 	Time(ep):691s,  Val(curr/best):0.003882/0.003564,  Epoch(curr/best):66/65
INFO|2024-09-27 02:51:01: -------------------- Epoch: 67 --------------------
INFO|2024-09-27 02:52:01: Epoch[067/100], iter[040/392], loss_total:0.21471, loss_equ:0.44101 loss_pq_vm:0.00282 loss_pq_va:0.07255 loss_pv_va:0.06989
INFO|2024-09-27 02:52:59: Epoch[067/100], iter[079/392], loss_total:0.21456, loss_equ:0.43728 loss_pq_vm:0.00276 loss_pq_va:0.07312 loss_pv_va:0.07008
INFO|2024-09-27 02:53:57: Epoch[067/100], iter[118/392], loss_total:0.20867, loss_equ:0.43931 loss_pq_vm:0.00280 loss_pq_va:0.06985 loss_pv_va:0.06685
INFO|2024-09-27 02:54:54: Epoch[067/100], iter[157/392], loss_total:0.22539, loss_equ:0.44466 loss_pq_vm:0.00303 loss_pq_va:0.07717 loss_pv_va:0.07348
INFO|2024-09-27 02:55:51: Epoch[067/100], iter[196/392], loss_total:0.23046, loss_equ:0.45816 loss_pq_vm:0.00336 loss_pq_va:0.07660 loss_pv_va:0.07445
INFO|2024-09-27 02:56:49: Epoch[067/100], iter[235/392], loss_total:0.22072, loss_equ:0.44463 loss_pq_vm:0.00287 loss_pq_va:0.07513 loss_pv_va:0.07238
INFO|2024-09-27 02:57:46: Epoch[067/100], iter[274/392], loss_total:0.22304, loss_equ:0.44066 loss_pq_vm:0.00282 loss_pq_va:0.07683 loss_pv_va:0.07396
INFO|2024-09-27 02:58:44: Epoch[067/100], iter[313/392], loss_total:0.22010, loss_equ:0.44079 loss_pq_vm:0.00291 loss_pq_va:0.07492 loss_pv_va:0.07196
INFO|2024-09-27 02:59:41: Epoch[067/100], iter[352/392], loss_total:0.21568, loss_equ:0.43630 loss_pq_vm:0.00293 loss_pq_va:0.07288 loss_pv_va:0.06985
INFO|2024-09-27 03:00:40: Epoch[067/100], iter[392/392], loss_total:0.21365, loss_equ:0.43683 loss_pq_vm:0.00291 loss_pq_va:0.07194 loss_pv_va:0.06892
INFO|2024-09-27 03:02:33: Epoch 66/100, lr:  0.00025302, eta: 6.35h, train_loss:  0.21821, valid_loss:  0.26489
INFO|2024-09-27 03:02:33: 	Train: PQ_Vm_rmse: 0.00006785  PQ_Va_rmse: 0.00182042  PV_Va_rmse: 0.00177486  delta_p: 0.00395377  delta_q: 0.00080931  
INFO|2024-09-27 03:02:33: 	ZTest: PQ_Vm_rmse: 0.00010227  PQ_Va_rmse: 0.00361660  PV_Va_rmse: 0.00345682  delta_p: 0.00532397  delta_q: 0.00094684  
INFO|2024-09-27 03:02:33: 	ZTest-ema: PQ_Vm_rmse: 0.000095  PQ_Va_rmse: 0.003370  PV_Va_rmse: 0.003244  delta_p: 0.004960  delta_q: 0.000805  
INFO|2024-09-27 03:02:33: 	           ValOfEMA:0.003370/0.003362,  Epoch:67/65
INFO|2024-09-27 03:02:33: 	Time(ep):692s,  Val(curr/best):0.003617/0.003564,  Epoch(curr/best):67/65
INFO|2024-09-27 03:02:33: -------------------- Epoch: 68 --------------------
INFO|2024-09-27 03:03:34: Epoch[068/100], iter[040/392], loss_total:0.22325, loss_equ:0.47045 loss_pq_vm:0.00312 loss_pq_va:0.07391 loss_pv_va:0.07108
INFO|2024-09-27 03:04:32: Epoch[068/100], iter[079/392], loss_total:0.22336, loss_equ:0.46542 loss_pq_vm:0.00311 loss_pq_va:0.07467 loss_pv_va:0.07106
INFO|2024-09-27 03:05:29: Epoch[068/100], iter[118/392], loss_total:0.21517, loss_equ:0.43856 loss_pq_vm:0.00312 loss_pq_va:0.07141 loss_pv_va:0.06865
INFO|2024-09-27 03:06:27: Epoch[068/100], iter[157/392], loss_total:0.21361, loss_equ:0.44373 loss_pq_vm:0.00289 loss_pq_va:0.07125 loss_pv_va:0.06910
INFO|2024-09-27 03:07:24: Epoch[068/100], iter[196/392], loss_total:0.21805, loss_equ:0.45191 loss_pq_vm:0.00279 loss_pq_va:0.07364 loss_pv_va:0.07127
INFO|2024-09-27 03:08:21: Epoch[068/100], iter[235/392], loss_total:0.20804, loss_equ:0.43826 loss_pq_vm:0.00298 loss_pq_va:0.06842 loss_pv_va:0.06599
INFO|2024-09-27 03:09:19: Epoch[068/100], iter[274/392], loss_total:0.22089, loss_equ:0.48181 loss_pq_vm:0.00369 loss_pq_va:0.06927 loss_pv_va:0.06655
INFO|2024-09-27 03:10:17: Epoch[068/100], iter[313/392], loss_total:0.21814, loss_equ:0.46495 loss_pq_vm:0.00304 loss_pq_va:0.07186 loss_pv_va:0.06939
INFO|2024-09-27 03:11:15: Epoch[068/100], iter[352/392], loss_total:0.24026, loss_equ:0.47631 loss_pq_vm:0.00314 loss_pq_va:0.08194 loss_pv_va:0.07927
INFO|2024-09-27 03:12:15: Epoch[068/100], iter[392/392], loss_total:0.23238, loss_equ:0.46982 loss_pq_vm:0.00298 loss_pq_va:0.07895 loss_pv_va:0.07669
INFO|2024-09-27 03:14:09: Epoch 67/100, lr:  0.00023977, eta: 6.18h, train_loss:  0.22194, valid_loss:  0.27910
INFO|2024-09-27 03:14:09: 	Train: PQ_Vm_rmse: 0.00006914  PQ_Va_rmse: 0.00182591  PV_Va_rmse: 0.00177139  delta_p: 0.00500038  delta_q: 0.00091276  
INFO|2024-09-27 03:14:09: 	ZTest: PQ_Vm_rmse: 0.00013499  PQ_Va_rmse: 0.00335235  PV_Va_rmse: 0.00325764  delta_p: 0.00601796  delta_q: 0.00094886  
INFO|2024-09-27 03:14:09: 	ZTest-ema: PQ_Vm_rmse: 0.000095  PQ_Va_rmse: 0.003355  PV_Va_rmse: 0.003232  delta_p: 0.004846  delta_q: 0.000729  
INFO|2024-09-27 03:14:09: 	           ValOfEMA:0.003355/0.003355,  Epoch:68/68
INFO|2024-09-27 03:14:10: 	Time(ep):695s,  Val(curr/best):0.003352/0.003352,  Epoch(curr/best):68/68
INFO|2024-09-27 03:14:10: -------------------- Epoch: 69 --------------------
INFO|2024-09-27 03:15:11: Epoch[069/100], iter[040/392], loss_total:0.21015, loss_equ:0.44376 loss_pq_vm:0.00288 loss_pq_va:0.06988 loss_pv_va:0.06709
INFO|2024-09-27 03:16:09: Epoch[069/100], iter[079/392], loss_total:0.23538, loss_equ:0.45774 loss_pq_vm:0.00297 loss_pq_va:0.08179 loss_pv_va:0.07807
INFO|2024-09-27 03:17:06: Epoch[069/100], iter[118/392], loss_total:0.21294, loss_equ:0.44545 loss_pq_vm:0.00278 loss_pq_va:0.07180 loss_pv_va:0.06876
INFO|2024-09-27 03:18:03: Epoch[069/100], iter[157/392], loss_total:0.24339, loss_equ:0.45599 loss_pq_vm:0.00282 loss_pq_va:0.08685 loss_pv_va:0.08270
INFO|2024-09-27 03:19:00: Epoch[069/100], iter[196/392], loss_total:0.21228, loss_equ:0.43745 loss_pq_vm:0.00301 loss_pq_va:0.07097 loss_pv_va:0.06744
INFO|2024-09-27 03:19:58: Epoch[069/100], iter[235/392], loss_total:0.20744, loss_equ:0.43614 loss_pq_vm:0.00275 loss_pq_va:0.06943 loss_pv_va:0.06687
INFO|2024-09-27 03:20:55: Epoch[069/100], iter[274/392], loss_total:0.20936, loss_equ:0.44416 loss_pq_vm:0.00274 loss_pq_va:0.07001 loss_pv_va:0.06757
INFO|2024-09-27 03:21:52: Epoch[069/100], iter[313/392], loss_total:0.21232, loss_equ:0.44054 loss_pq_vm:0.00273 loss_pq_va:0.07193 loss_pv_va:0.06900
INFO|2024-09-27 03:22:50: Epoch[069/100], iter[352/392], loss_total:0.21475, loss_equ:0.48786 loss_pq_vm:0.00274 loss_pq_va:0.06996 loss_pv_va:0.06858
INFO|2024-09-27 03:23:48: Epoch[069/100], iter[392/392], loss_total:0.22052, loss_equ:0.44641 loss_pq_vm:0.00275 loss_pq_va:0.07572 loss_pv_va:0.07270
INFO|2024-09-27 03:25:41: Epoch 68/100, lr:  0.00022677, eta: 5.95h, train_loss:  0.21563, valid_loss:  0.32100
INFO|2024-09-27 03:25:41: 	Train: PQ_Vm_rmse: 0.00005945  PQ_Va_rmse: 0.00172436  PV_Va_rmse: 0.00165336  delta_p: 0.00473430  delta_q: 0.00075806  
INFO|2024-09-27 03:25:41: 	ZTest: PQ_Vm_rmse: 0.00010799  PQ_Va_rmse: 0.00600508  PV_Va_rmse: 0.00587048  delta_p: 0.00682607  delta_q: 0.00102258  
INFO|2024-09-27 03:25:41: 	ZTest-ema: PQ_Vm_rmse: 0.000092  PQ_Va_rmse: 0.003284  PV_Va_rmse: 0.003154  delta_p: 0.004832  delta_q: 0.000701  
INFO|2024-09-27 03:25:41: 	           ValOfEMA:0.003284/0.003284,  Epoch:69/69
INFO|2024-09-27 03:25:42: 	Time(ep):690s,  Val(curr/best):0.006005/0.003352,  Epoch(curr/best):69/68
INFO|2024-09-27 03:25:42: -------------------- Epoch: 70 --------------------
INFO|2024-09-27 03:26:43: Epoch[070/100], iter[040/392], loss_total:0.24187, loss_equ:0.46178 loss_pq_vm:0.00281 loss_pq_va:0.08557 loss_pv_va:0.08199
INFO|2024-09-27 03:27:41: Epoch[070/100], iter[079/392], loss_total:0.22574, loss_equ:0.47333 loss_pq_vm:0.00315 loss_pq_va:0.07480 loss_pv_va:0.07211
INFO|2024-09-27 03:28:39: Epoch[070/100], iter[118/392], loss_total:0.21097, loss_equ:0.44186 loss_pq_vm:0.00294 loss_pq_va:0.06979 loss_pv_va:0.06763
INFO|2024-09-27 03:29:36: Epoch[070/100], iter[157/392], loss_total:0.21286, loss_equ:0.43528 loss_pq_vm:0.00279 loss_pq_va:0.07238 loss_pv_va:0.06905
INFO|2024-09-27 03:30:34: Epoch[070/100], iter[196/392], loss_total:0.20037, loss_equ:0.42917 loss_pq_vm:0.00282 loss_pq_va:0.06584 loss_pv_va:0.06344
INFO|2024-09-27 03:31:33: Epoch[070/100], iter[235/392], loss_total:0.22051, loss_equ:0.43895 loss_pq_vm:0.00280 loss_pq_va:0.07566 loss_pv_va:0.07295
INFO|2024-09-27 03:32:31: Epoch[070/100], iter[274/392], loss_total:0.20720, loss_equ:0.43744 loss_pq_vm:0.00301 loss_pq_va:0.06790 loss_pv_va:0.06543
INFO|2024-09-27 03:33:28: Epoch[070/100], iter[313/392], loss_total:0.20840, loss_equ:0.45040 loss_pq_vm:0.00278 loss_pq_va:0.06908 loss_pv_va:0.06646
INFO|2024-09-27 03:34:26: Epoch[070/100], iter[352/392], loss_total:0.24986, loss_equ:0.56351 loss_pq_vm:0.00289 loss_pq_va:0.08317 loss_pv_va:0.08144
INFO|2024-09-27 03:35:25: Epoch[070/100], iter[392/392], loss_total:0.22075, loss_equ:0.46094 loss_pq_vm:0.00281 loss_pq_va:0.07455 loss_pv_va:0.07195
INFO|2024-09-27 03:37:18: Epoch 69/100, lr:  0.00021405, eta: 5.8h, train_loss:  0.22169, valid_loss:  0.28678
INFO|2024-09-27 03:37:18: 	Train: PQ_Vm_rmse: 0.00005713  PQ_Va_rmse: 0.00196822  PV_Va_rmse: 0.00192111  delta_p: 0.00498165  delta_q: 0.00079362  
INFO|2024-09-27 03:37:18: 	ZTest: PQ_Vm_rmse: 0.00011306  PQ_Va_rmse: 0.00440900  PV_Va_rmse: 0.00416411  delta_p: 0.00810121  delta_q: 0.00108013  
INFO|2024-09-27 03:37:18: 	ZTest-ema: PQ_Vm_rmse: 0.000095  PQ_Va_rmse: 0.003365  PV_Va_rmse: 0.003226  delta_p: 0.005565  delta_q: 0.000782  
INFO|2024-09-27 03:37:18: 	           ValOfEMA:0.003365/0.003284,  Epoch:70/69
INFO|2024-09-27 03:37:18: 	Time(ep):695s,  Val(curr/best):0.004409/0.003352,  Epoch(curr/best):70/68
INFO|2024-09-27 03:37:18: -------------------- Epoch: 71 --------------------
INFO|2024-09-27 03:38:20: Epoch[071/100], iter[040/392], loss_total:0.21938, loss_equ:0.45354 loss_pq_vm:0.00270 loss_pq_va:0.07501 loss_pv_va:0.07203
INFO|2024-09-27 03:39:17: Epoch[071/100], iter[079/392], loss_total:0.20267, loss_equ:0.44415 loss_pq_vm:0.00272 loss_pq_va:0.06710 loss_pv_va:0.06400
INFO|2024-09-27 03:40:14: Epoch[071/100], iter[118/392], loss_total:0.20858, loss_equ:0.44786 loss_pq_vm:0.00281 loss_pq_va:0.06912 loss_pv_va:0.06660
INFO|2024-09-27 03:41:11: Epoch[071/100], iter[157/392], loss_total:0.23362, loss_equ:0.44526 loss_pq_vm:0.00282 loss_pq_va:0.08157 loss_pv_va:0.07933
INFO|2024-09-27 03:42:08: Epoch[071/100], iter[196/392], loss_total:0.20984, loss_equ:0.44642 loss_pq_vm:0.00279 loss_pq_va:0.06981 loss_pv_va:0.06748
INFO|2024-09-27 03:43:06: Epoch[071/100], iter[235/392], loss_total:0.19475, loss_equ:0.42658 loss_pq_vm:0.00267 loss_pq_va:0.06406 loss_pv_va:0.06138
INFO|2024-09-27 03:44:04: Epoch[071/100], iter[274/392], loss_total:0.20097, loss_equ:0.42741 loss_pq_vm:0.00270 loss_pq_va:0.06666 loss_pv_va:0.06459
INFO|2024-09-27 03:45:02: Epoch[071/100], iter[313/392], loss_total:0.20168, loss_equ:0.42415 loss_pq_vm:0.00272 loss_pq_va:0.06723 loss_pv_va:0.06488
INFO|2024-09-27 03:45:59: Epoch[071/100], iter[352/392], loss_total:0.20187, loss_equ:0.41859 loss_pq_vm:0.00291 loss_pq_va:0.06692 loss_pv_va:0.06398
INFO|2024-09-27 03:46:58: Epoch[071/100], iter[392/392], loss_total:0.22382, loss_equ:0.43114 loss_pq_vm:0.00275 loss_pq_va:0.07818 loss_pv_va:0.07506
INFO|2024-09-27 03:48:51: Epoch 70/100, lr:  0.00020161, eta: 5.58h, train_loss:  0.21261, valid_loss:  0.27958
INFO|2024-09-27 03:48:51: 	Train: PQ_Vm_rmse: 0.00005511  PQ_Va_rmse: 0.00172241  PV_Va_rmse: 0.00166794  delta_p: 0.00412522  delta_q: 0.00069877  
INFO|2024-09-27 03:48:51: 	ZTest: PQ_Vm_rmse: 0.00009806  PQ_Va_rmse: 0.00468479  PV_Va_rmse: 0.00451937  delta_p: 0.00508880  delta_q: 0.00076788  
INFO|2024-09-27 03:48:51: 	ZTest-ema: PQ_Vm_rmse: 0.000090  PQ_Va_rmse: 0.003222  PV_Va_rmse: 0.003065  delta_p: 0.004312  delta_q: 0.000678  
INFO|2024-09-27 03:48:51: 	           ValOfEMA:0.003222/0.003222,  Epoch:71/71
INFO|2024-09-27 03:48:52: 	Time(ep):693s,  Val(curr/best):0.004685/0.003352,  Epoch(curr/best):71/68
INFO|2024-09-27 03:48:52: -------------------- Epoch: 72 --------------------
INFO|2024-09-27 03:49:53: Epoch[072/100], iter[040/392], loss_total:0.19997, loss_equ:0.43366 loss_pq_vm:0.00268 loss_pq_va:0.06628 loss_pv_va:0.06348
INFO|2024-09-27 03:50:50: Epoch[072/100], iter[079/392], loss_total:0.19429, loss_equ:0.41735 loss_pq_vm:0.00255 loss_pq_va:0.06461 loss_pv_va:0.06249
INFO|2024-09-27 03:51:47: Epoch[072/100], iter[118/392], loss_total:0.21504, loss_equ:0.47019 loss_pq_vm:0.00268 loss_pq_va:0.07267 loss_pv_va:0.06852
INFO|2024-09-27 03:52:44: Epoch[072/100], iter[157/392], loss_total:0.20245, loss_equ:0.42410 loss_pq_vm:0.00278 loss_pq_va:0.06761 loss_pv_va:0.06460
INFO|2024-09-27 03:53:42: Epoch[072/100], iter[196/392], loss_total:0.20744, loss_equ:0.43162 loss_pq_vm:0.00273 loss_pq_va:0.07000 loss_pv_va:0.06699
INFO|2024-09-27 03:54:39: Epoch[072/100], iter[235/392], loss_total:0.21075, loss_equ:0.43502 loss_pq_vm:0.00269 loss_pq_va:0.07122 loss_pv_va:0.06914
INFO|2024-09-27 03:55:37: Epoch[072/100], iter[274/392], loss_total:0.35841, loss_equ:0.50034 loss_pq_vm:0.00298 loss_pq_va:0.14043 loss_pv_va:0.13813
INFO|2024-09-27 03:56:35: Epoch[072/100], iter[313/392], loss_total:0.25482, loss_equ:0.50079 loss_pq_vm:0.00299 loss_pq_va:0.08913 loss_pv_va:0.08566
INFO|2024-09-27 03:57:32: Epoch[072/100], iter[352/392], loss_total:0.21204, loss_equ:0.45272 loss_pq_vm:0.00327 loss_pq_va:0.06801 loss_pv_va:0.06606
INFO|2024-09-27 03:58:31: Epoch[072/100], iter[392/392], loss_total:0.21415, loss_equ:0.42838 loss_pq_vm:0.00267 loss_pq_va:0.07361 loss_pv_va:0.07105
INFO|2024-09-27 04:00:25: Epoch 71/100, lr:  0.00018948, eta: 5.39h, train_loss:  0.21823, valid_loss:  0.25387
INFO|2024-09-27 04:00:25: 	Train: PQ_Vm_rmse: 0.00005454  PQ_Va_rmse: 0.00208911  PV_Va_rmse: 0.00203634  delta_p: 0.00441954  delta_q: 0.00071440  
INFO|2024-09-27 04:00:25: 	ZTest: PQ_Vm_rmse: 0.00009765  PQ_Va_rmse: 0.00343648  PV_Va_rmse: 0.00328844  delta_p: 0.00487937  delta_q: 0.00077909  
INFO|2024-09-27 04:00:25: 	ZTest-ema: PQ_Vm_rmse: 0.000088  PQ_Va_rmse: 0.003173  PV_Va_rmse: 0.003046  delta_p: 0.004330  delta_q: 0.000652  
INFO|2024-09-27 04:00:25: 	           ValOfEMA:0.003173/0.003173,  Epoch:72/72
INFO|2024-09-27 04:00:25: 	Time(ep):692s,  Val(curr/best):0.003436/0.003352,  Epoch(curr/best):72/68
INFO|2024-09-27 04:00:25: -------------------- Epoch: 73 --------------------
INFO|2024-09-27 04:01:27: Epoch[073/100], iter[040/392], loss_total:0.20833, loss_equ:0.41428 loss_pq_vm:0.00287 loss_pq_va:0.07051 loss_pv_va:0.06772
INFO|2024-09-27 04:02:26: Epoch[073/100], iter[079/392], loss_total:0.20376, loss_equ:0.44218 loss_pq_vm:0.00262 loss_pq_va:0.06815 loss_pv_va:0.06522
INFO|2024-09-27 04:03:24: Epoch[073/100], iter[118/392], loss_total:0.20629, loss_equ:0.43104 loss_pq_vm:0.00265 loss_pq_va:0.06962 loss_pv_va:0.06707
INFO|2024-09-27 04:04:22: Epoch[073/100], iter[157/392], loss_total:0.19919, loss_equ:0.42557 loss_pq_vm:0.00270 loss_pq_va:0.06598 loss_pv_va:0.06362
INFO|2024-09-27 04:05:20: Epoch[073/100], iter[196/392], loss_total:0.20457, loss_equ:0.43361 loss_pq_vm:0.00261 loss_pq_va:0.06922 loss_pv_va:0.06592
INFO|2024-09-27 04:06:18: Epoch[073/100], iter[235/392], loss_total:0.20399, loss_equ:0.42905 loss_pq_vm:0.00280 loss_pq_va:0.06786 loss_pv_va:0.06522
INFO|2024-09-27 04:07:14: Epoch[073/100], iter[274/392], loss_total:0.23797, loss_equ:0.43995 loss_pq_vm:0.00266 loss_pq_va:0.08467 loss_pv_va:0.08267
INFO|2024-09-27 04:08:11: Epoch[073/100], iter[313/392], loss_total:0.21663, loss_equ:0.43236 loss_pq_vm:0.00268 loss_pq_va:0.07442 loss_pv_va:0.07215
INFO|2024-09-27 04:09:08: Epoch[073/100], iter[352/392], loss_total:0.20186, loss_equ:0.43164 loss_pq_vm:0.00279 loss_pq_va:0.06674 loss_pv_va:0.06406
INFO|2024-09-27 04:10:07: Epoch[073/100], iter[392/392], loss_total:0.22549, loss_equ:0.43965 loss_pq_vm:0.00274 loss_pq_va:0.07862 loss_pv_va:0.07549
INFO|2024-09-27 04:11:59: Epoch 72/100, lr:  0.00017765, eta: 5.2h, train_loss:  0.20849, valid_loss:  0.25151
INFO|2024-09-27 04:11:59: 	Train: PQ_Vm_rmse: 0.00004867  PQ_Va_rmse: 0.00167772  PV_Va_rmse: 0.00163415  delta_p: 0.00356311  delta_q: 0.00059430  
INFO|2024-09-27 04:11:59: 	ZTest: PQ_Vm_rmse: 0.00009777  PQ_Va_rmse: 0.00358814  PV_Va_rmse: 0.00345474  delta_p: 0.00543012  delta_q: 0.00087717  
INFO|2024-09-27 04:11:59: 	ZTest-ema: PQ_Vm_rmse: 0.000091  PQ_Va_rmse: 0.003249  PV_Va_rmse: 0.003095  delta_p: 0.004737  delta_q: 0.000690  
INFO|2024-09-27 04:11:59: 	           ValOfEMA:0.003249/0.003173,  Epoch:73/72
INFO|2024-09-27 04:12:00: 	Time(ep):693s,  Val(curr/best):0.003588/0.003352,  Epoch(curr/best):73/68
INFO|2024-09-27 04:12:00: -------------------- Epoch: 74 --------------------
INFO|2024-09-27 04:13:00: Epoch[074/100], iter[040/392], loss_total:0.19740, loss_equ:0.42279 loss_pq_vm:0.00265 loss_pq_va:0.06539 loss_pv_va:0.06320
INFO|2024-09-27 04:13:58: Epoch[074/100], iter[079/392], loss_total:0.19928, loss_equ:0.41536 loss_pq_vm:0.00261 loss_pq_va:0.06711 loss_pv_va:0.06452
INFO|2024-09-27 04:14:56: Epoch[074/100], iter[118/392], loss_total:0.19146, loss_equ:0.42191 loss_pq_vm:0.00254 loss_pq_va:0.06316 loss_pv_va:0.06075
INFO|2024-09-27 04:15:54: Epoch[074/100], iter[157/392], loss_total:0.20010, loss_equ:0.41330 loss_pq_vm:0.00258 loss_pq_va:0.06792 loss_pv_va:0.06500
INFO|2024-09-27 04:16:52: Epoch[074/100], iter[196/392], loss_total:0.22334, loss_equ:0.44913 loss_pq_vm:0.00303 loss_pq_va:0.07572 loss_pv_va:0.07246
INFO|2024-09-27 04:17:50: Epoch[074/100], iter[235/392], loss_total:0.22874, loss_equ:0.43704 loss_pq_vm:0.00266 loss_pq_va:0.08053 loss_pv_va:0.07795
INFO|2024-09-27 04:18:47: Epoch[074/100], iter[274/392], loss_total:0.20059, loss_equ:0.41891 loss_pq_vm:0.00258 loss_pq_va:0.06767 loss_pv_va:0.06521
INFO|2024-09-27 04:19:45: Epoch[074/100], iter[313/392], loss_total:0.20853, loss_equ:0.44307 loss_pq_vm:0.00275 loss_pq_va:0.06985 loss_pv_va:0.06683
INFO|2024-09-27 04:20:43: Epoch[074/100], iter[352/392], loss_total:0.19545, loss_equ:0.42196 loss_pq_vm:0.00261 loss_pq_va:0.06462 loss_pv_va:0.06254
INFO|2024-09-27 04:21:42: Epoch[074/100], iter[392/392], loss_total:0.20622, loss_equ:0.42477 loss_pq_vm:0.00263 loss_pq_va:0.07012 loss_pv_va:0.06734
INFO|2024-09-27 04:23:34: Epoch 73/100, lr:  0.00016615, eta: 5.01h, train_loss:  0.20851, valid_loss:  0.24702
INFO|2024-09-27 04:23:34: 	Train: PQ_Vm_rmse: 0.00004593  PQ_Va_rmse: 0.00174347  PV_Va_rmse: 0.00169374  delta_p: 0.00355907  delta_q: 0.00056325  
INFO|2024-09-27 04:23:34: 	ZTest: PQ_Vm_rmse: 0.00009199  PQ_Va_rmse: 0.00334176  PV_Va_rmse: 0.00321320  delta_p: 0.00443752  delta_q: 0.00071146  
INFO|2024-09-27 04:23:34: 	ZTest-ema: PQ_Vm_rmse: 0.000086  PQ_Va_rmse: 0.003198  PV_Va_rmse: 0.003064  delta_p: 0.004218  delta_q: 0.000615  
INFO|2024-09-27 04:23:34: 	           ValOfEMA:0.003198/0.003173,  Epoch:74/72
INFO|2024-09-27 04:23:36: 	Time(ep):694s,  Val(curr/best):0.003342/0.003342,  Epoch(curr/best):74/74
INFO|2024-09-27 04:23:36: -------------------- Epoch: 75 --------------------
INFO|2024-09-27 04:24:37: Epoch[075/100], iter[040/392], loss_total:0.19865, loss_equ:0.41993 loss_pq_vm:0.00264 loss_pq_va:0.06646 loss_pv_va:0.06381
INFO|2024-09-27 04:25:35: Epoch[075/100], iter[079/392], loss_total:0.19565, loss_equ:0.41418 loss_pq_vm:0.00251 loss_pq_va:0.06573 loss_pv_va:0.06341
INFO|2024-09-27 04:26:33: Epoch[075/100], iter[118/392], loss_total:0.18588, loss_equ:0.40209 loss_pq_vm:0.00252 loss_pq_va:0.06150 loss_pv_va:0.05896
INFO|2024-09-27 04:27:30: Epoch[075/100], iter[157/392], loss_total:0.21644, loss_equ:0.42417 loss_pq_vm:0.00268 loss_pq_va:0.07504 loss_pv_va:0.07214
INFO|2024-09-27 04:28:28: Epoch[075/100], iter[196/392], loss_total:0.22013, loss_equ:0.43313 loss_pq_vm:0.00257 loss_pq_va:0.07647 loss_pv_va:0.07467
INFO|2024-09-27 04:29:25: Epoch[075/100], iter[235/392], loss_total:0.20393, loss_equ:0.42671 loss_pq_vm:0.00270 loss_pq_va:0.06792 loss_pv_va:0.06634
INFO|2024-09-27 04:30:23: Epoch[075/100], iter[274/392], loss_total:0.19439, loss_equ:0.41764 loss_pq_vm:0.00258 loss_pq_va:0.06458 loss_pv_va:0.06221
INFO|2024-09-27 04:31:20: Epoch[075/100], iter[313/392], loss_total:0.20178, loss_equ:0.42519 loss_pq_vm:0.00283 loss_pq_va:0.06675 loss_pv_va:0.06422
INFO|2024-09-27 04:32:18: Epoch[075/100], iter[352/392], loss_total:0.19836, loss_equ:0.41851 loss_pq_vm:0.00257 loss_pq_va:0.06683 loss_pv_va:0.06402
INFO|2024-09-27 04:33:16: Epoch[075/100], iter[392/392], loss_total:0.19766, loss_equ:0.42271 loss_pq_vm:0.00259 loss_pq_va:0.06586 loss_pv_va:0.06359
INFO|2024-09-27 04:35:10: Epoch 74/100, lr:  0.00015498, eta: 4.82h, train_loss:  0.19945, valid_loss:  0.24823
INFO|2024-09-27 04:35:10: 	Train: PQ_Vm_rmse: 0.00004438  PQ_Va_rmse: 0.00132494  PV_Va_rmse: 0.00127686  delta_p: 0.00303466  delta_q: 0.00052047  
INFO|2024-09-27 04:35:10: 	ZTest: PQ_Vm_rmse: 0.00009414  PQ_Va_rmse: 0.00311231  PV_Va_rmse: 0.00294278  delta_p: 0.00485477  delta_q: 0.00097707  
INFO|2024-09-27 04:35:10: 	ZTest-ema: PQ_Vm_rmse: 0.000089  PQ_Va_rmse: 0.003249  PV_Va_rmse: 0.003112  delta_p: 0.004350  delta_q: 0.000641  
INFO|2024-09-27 04:35:10: 	           ValOfEMA:0.003249/0.003173,  Epoch:75/72
INFO|2024-09-27 04:35:11: 	Time(ep):694s,  Val(curr/best):0.003112/0.003112,  Epoch(curr/best):75/75
INFO|2024-09-27 04:35:11: -------------------- Epoch: 76 --------------------
INFO|2024-09-27 04:36:12: Epoch[076/100], iter[040/392], loss_total:0.18949, loss_equ:0.41043 loss_pq_vm:0.00258 loss_pq_va:0.06247 loss_pv_va:0.06015
INFO|2024-09-27 04:37:10: Epoch[076/100], iter[079/392], loss_total:0.19308, loss_equ:0.41580 loss_pq_vm:0.00253 loss_pq_va:0.06442 loss_pv_va:0.06177
INFO|2024-09-27 04:38:07: Epoch[076/100], iter[118/392], loss_total:0.19484, loss_equ:0.41105 loss_pq_vm:0.00263 loss_pq_va:0.06491 loss_pv_va:0.06251
INFO|2024-09-27 04:39:04: Epoch[076/100], iter[157/392], loss_total:0.20324, loss_equ:0.42478 loss_pq_vm:0.00259 loss_pq_va:0.06899 loss_pv_va:0.06592
INFO|2024-09-27 04:40:01: Epoch[076/100], iter[196/392], loss_total:0.20380, loss_equ:0.42075 loss_pq_vm:0.00258 loss_pq_va:0.06928 loss_pv_va:0.06666
INFO|2024-09-27 04:40:59: Epoch[076/100], iter[235/392], loss_total:0.19978, loss_equ:0.41967 loss_pq_vm:0.00253 loss_pq_va:0.06755 loss_pv_va:0.06496
INFO|2024-09-27 04:41:56: Epoch[076/100], iter[274/392], loss_total:0.20625, loss_equ:0.42202 loss_pq_vm:0.00258 loss_pq_va:0.07017 loss_pv_va:0.06807
INFO|2024-09-27 04:42:53: Epoch[076/100], iter[313/392], loss_total:0.19646, loss_equ:0.41276 loss_pq_vm:0.00254 loss_pq_va:0.06620 loss_pv_va:0.06361
INFO|2024-09-27 04:43:51: Epoch[076/100], iter[352/392], loss_total:0.22308, loss_equ:0.43303 loss_pq_vm:0.00267 loss_pq_va:0.07817 loss_pv_va:0.07492
INFO|2024-09-27 04:44:50: Epoch[076/100], iter[392/392], loss_total:0.19201, loss_equ:0.40695 loss_pq_vm:0.00262 loss_pq_va:0.06372 loss_pv_va:0.06143
INFO|2024-09-27 04:46:45: Epoch 75/100, lr:  0.00014416, eta: 4.62h, train_loss:  0.20030, valid_loss:  0.24245
INFO|2024-09-27 04:46:45: 	Train: PQ_Vm_rmse: 0.00004122  PQ_Va_rmse: 0.00149572  PV_Va_rmse: 0.00144503  delta_p: 0.00314271  delta_q: 0.00050509  
INFO|2024-09-27 04:46:45: 	ZTest: PQ_Vm_rmse: 0.00008777  PQ_Va_rmse: 0.00319202  PV_Va_rmse: 0.00304537  delta_p: 0.00413338  delta_q: 0.00071574  
INFO|2024-09-27 04:46:45: 	ZTest-ema: PQ_Vm_rmse: 0.000089  PQ_Va_rmse: 0.003186  PV_Va_rmse: 0.003027  delta_p: 0.004125  delta_q: 0.000613  
INFO|2024-09-27 04:46:45: 	           ValOfEMA:0.003186/0.003173,  Epoch:76/72
INFO|2024-09-27 04:46:45: 	Time(ep):693s,  Val(curr/best):0.003192/0.003112,  Epoch(curr/best):76/75
INFO|2024-09-27 04:46:45: -------------------- Epoch: 77 --------------------
INFO|2024-09-27 04:47:46: Epoch[077/100], iter[040/392], loss_total:0.20444, loss_equ:0.43023 loss_pq_vm:0.00259 loss_pq_va:0.06874 loss_pv_va:0.06675
INFO|2024-09-27 04:48:44: Epoch[077/100], iter[079/392], loss_total:0.19976, loss_equ:0.41185 loss_pq_vm:0.00255 loss_pq_va:0.06785 loss_pv_va:0.06521
INFO|2024-09-27 04:49:42: Epoch[077/100], iter[118/392], loss_total:0.18724, loss_equ:0.40688 loss_pq_vm:0.00254 loss_pq_va:0.06147 loss_pv_va:0.05970
INFO|2024-09-27 04:50:38: Epoch[077/100], iter[157/392], loss_total:0.19404, loss_equ:0.41334 loss_pq_vm:0.00254 loss_pq_va:0.06498 loss_pv_va:0.06235
INFO|2024-09-27 04:51:35: Epoch[077/100], iter[196/392], loss_total:0.19585, loss_equ:0.41773 loss_pq_vm:0.00253 loss_pq_va:0.06582 loss_pv_va:0.06297
INFO|2024-09-27 04:52:32: Epoch[077/100], iter[235/392], loss_total:0.20300, loss_equ:0.42936 loss_pq_vm:0.00272 loss_pq_va:0.06766 loss_pv_va:0.06520
INFO|2024-09-27 04:53:30: Epoch[077/100], iter[274/392], loss_total:0.18458, loss_equ:0.40455 loss_pq_vm:0.00251 loss_pq_va:0.06081 loss_pv_va:0.05827
INFO|2024-09-27 04:54:27: Epoch[077/100], iter[313/392], loss_total:0.20429, loss_equ:0.43317 loss_pq_vm:0.00260 loss_pq_va:0.06875 loss_pv_va:0.06619
INFO|2024-09-27 04:55:25: Epoch[077/100], iter[352/392], loss_total:0.19300, loss_equ:0.41409 loss_pq_vm:0.00254 loss_pq_va:0.06425 loss_pv_va:0.06191
INFO|2024-09-27 04:56:24: Epoch[077/100], iter[392/392], loss_total:0.20012, loss_equ:0.41867 loss_pq_vm:0.00258 loss_pq_va:0.06736 loss_pv_va:0.06507
INFO|2024-09-27 04:58:17: Epoch 76/100, lr:  0.00013370, eta: 4.42h, train_loss:  0.19644, valid_loss:  0.24158
INFO|2024-09-27 04:58:17: 	Train: PQ_Vm_rmse: 0.00004354  PQ_Va_rmse: 0.00130427  PV_Va_rmse: 0.00126080  delta_p: 0.00287446  delta_q: 0.00050913  
INFO|2024-09-27 04:58:17: 	ZTest: PQ_Vm_rmse: 0.00009676  PQ_Va_rmse: 0.00328772  PV_Va_rmse: 0.00312805  delta_p: 0.00483666  delta_q: 0.00070230  
INFO|2024-09-27 04:58:17: 	ZTest-ema: PQ_Vm_rmse: 0.000090  PQ_Va_rmse: 0.003251  PV_Va_rmse: 0.003078  delta_p: 0.004100  delta_q: 0.000621  
INFO|2024-09-27 04:58:17: 	           ValOfEMA:0.003251/0.003173,  Epoch:77/72
INFO|2024-09-27 04:58:17: 	Time(ep):691s,  Val(curr/best):0.003288/0.003112,  Epoch(curr/best):77/75
INFO|2024-09-27 04:58:17: -------------------- Epoch: 78 --------------------
INFO|2024-09-27 04:59:18: Epoch[078/100], iter[040/392], loss_total:0.19941, loss_equ:0.42661 loss_pq_vm:0.00256 loss_pq_va:0.06695 loss_pv_va:0.06420
INFO|2024-09-27 05:00:16: Epoch[078/100], iter[079/392], loss_total:0.20294, loss_equ:0.43319 loss_pq_vm:0.00262 loss_pq_va:0.06805 loss_pv_va:0.06532
INFO|2024-09-27 05:01:13: Epoch[078/100], iter[118/392], loss_total:0.19125, loss_equ:0.41233 loss_pq_vm:0.00265 loss_pq_va:0.06300 loss_pv_va:0.06055
INFO|2024-09-27 05:02:12: Epoch[078/100], iter[157/392], loss_total:0.20038, loss_equ:0.42013 loss_pq_vm:0.00265 loss_pq_va:0.06723 loss_pv_va:0.06468
INFO|2024-09-27 05:03:09: Epoch[078/100], iter[196/392], loss_total:0.20983, loss_equ:0.42012 loss_pq_vm:0.00261 loss_pq_va:0.07219 loss_pv_va:0.06956
INFO|2024-09-27 05:04:08: Epoch[078/100], iter[235/392], loss_total:0.20137, loss_equ:0.42066 loss_pq_vm:0.00272 loss_pq_va:0.06762 loss_pv_va:0.06446
INFO|2024-09-27 05:05:05: Epoch[078/100], iter[274/392], loss_total:0.19356, loss_equ:0.41178 loss_pq_vm:0.00248 loss_pq_va:0.06503 loss_pv_va:0.06250
INFO|2024-09-27 05:06:03: Epoch[078/100], iter[313/392], loss_total:0.18234, loss_equ:0.39941 loss_pq_vm:0.00246 loss_pq_va:0.05982 loss_pv_va:0.05795
INFO|2024-09-27 05:07:02: Epoch[078/100], iter[352/392], loss_total:0.19892, loss_equ:0.41971 loss_pq_vm:0.00252 loss_pq_va:0.06700 loss_pv_va:0.06477
INFO|2024-09-27 05:08:00: Epoch[078/100], iter[392/392], loss_total:0.20152, loss_equ:0.42308 loss_pq_vm:0.00259 loss_pq_va:0.06773 loss_pv_va:0.06560
INFO|2024-09-27 05:09:54: Epoch 77/100, lr:  0.00012360, eta: 4.26h, train_loss:  0.19665, valid_loss:  0.24702
INFO|2024-09-27 05:09:54: 	Train: PQ_Vm_rmse: 0.00004098  PQ_Va_rmse: 0.00133039  PV_Va_rmse: 0.00128039  delta_p: 0.00324442  delta_q: 0.00050302  
INFO|2024-09-27 05:09:54: 	ZTest: PQ_Vm_rmse: 0.00009558  PQ_Va_rmse: 0.00352259  PV_Va_rmse: 0.00335157  delta_p: 0.00511627  delta_q: 0.00067970  
INFO|2024-09-27 05:09:54: 	ZTest-ema: PQ_Vm_rmse: 0.000089  PQ_Va_rmse: 0.003293  PV_Va_rmse: 0.003122  delta_p: 0.004197  delta_q: 0.000606  
INFO|2024-09-27 05:09:54: 	           ValOfEMA:0.003293/0.003173,  Epoch:78/72
INFO|2024-09-27 05:09:54: 	Time(ep):696s,  Val(curr/best):0.003523/0.003112,  Epoch(curr/best):78/75
INFO|2024-09-27 05:09:54: -------------------- Epoch: 79 --------------------
INFO|2024-09-27 05:10:56: Epoch[079/100], iter[040/392], loss_total:0.19792, loss_equ:0.41605 loss_pq_vm:0.00254 loss_pq_va:0.06658 loss_pv_va:0.06432
INFO|2024-09-27 05:11:53: Epoch[079/100], iter[079/392], loss_total:0.18565, loss_equ:0.40790 loss_pq_vm:0.00254 loss_pq_va:0.06080 loss_pv_va:0.05864
INFO|2024-09-27 05:12:50: Epoch[079/100], iter[118/392], loss_total:0.20532, loss_equ:0.42842 loss_pq_vm:0.00262 loss_pq_va:0.06965 loss_pv_va:0.06663
INFO|2024-09-27 05:13:48: Epoch[079/100], iter[157/392], loss_total:0.19015, loss_equ:0.40467 loss_pq_vm:0.00248 loss_pq_va:0.06361 loss_pv_va:0.06124
INFO|2024-09-27 05:14:45: Epoch[079/100], iter[196/392], loss_total:0.19178, loss_equ:0.41003 loss_pq_vm:0.00249 loss_pq_va:0.06416 loss_pv_va:0.06168
INFO|2024-09-27 05:15:43: Epoch[079/100], iter[235/392], loss_total:0.18965, loss_equ:0.40679 loss_pq_vm:0.00246 loss_pq_va:0.06309 loss_pv_va:0.06126
INFO|2024-09-27 05:16:41: Epoch[079/100], iter[274/392], loss_total:0.20222, loss_equ:0.47827 loss_pq_vm:0.00261 loss_pq_va:0.06546 loss_pv_va:0.06286
INFO|2024-09-27 05:17:38: Epoch[079/100], iter[313/392], loss_total:0.19943, loss_equ:0.46422 loss_pq_vm:0.00257 loss_pq_va:0.06490 loss_pv_va:0.06237
INFO|2024-09-27 05:18:36: Epoch[079/100], iter[352/392], loss_total:0.19540, loss_equ:0.42178 loss_pq_vm:0.00254 loss_pq_va:0.06508 loss_pv_va:0.06276
INFO|2024-09-27 05:19:36: Epoch[079/100], iter[392/392], loss_total:0.19470, loss_equ:0.41437 loss_pq_vm:0.00256 loss_pq_va:0.06521 loss_pv_va:0.06241
INFO|2024-09-27 05:21:29: Epoch 78/100, lr:  0.00011387, eta: 4.05h, train_loss:  0.19454, valid_loss:  0.24426
INFO|2024-09-27 05:21:29: 	Train: PQ_Vm_rmse: 0.00003868  PQ_Va_rmse: 0.00124376  PV_Va_rmse: 0.00120043  delta_p: 0.00310521  delta_q: 0.00046647  
INFO|2024-09-27 05:21:29: 	ZTest: PQ_Vm_rmse: 0.00008909  PQ_Va_rmse: 0.00344072  PV_Va_rmse: 0.00328980  delta_p: 0.00461625  delta_q: 0.00064320  
INFO|2024-09-27 05:21:29: 	ZTest-ema: PQ_Vm_rmse: 0.000089  PQ_Va_rmse: 0.003233  PV_Va_rmse: 0.003075  delta_p: 0.004424  delta_q: 0.000619  
INFO|2024-09-27 05:21:29: 	           ValOfEMA:0.003233/0.003173,  Epoch:79/72
INFO|2024-09-27 05:21:30: 	Time(ep):694s,  Val(curr/best):0.003441/0.003112,  Epoch(curr/best):79/75
INFO|2024-09-27 05:21:30: -------------------- Epoch: 80 --------------------
INFO|2024-09-27 05:22:31: Epoch[080/100], iter[040/392], loss_total:0.21344, loss_equ:0.43453 loss_pq_vm:0.00261 loss_pq_va:0.07339 loss_pv_va:0.07047
INFO|2024-09-27 05:23:28: Epoch[080/100], iter[079/392], loss_total:0.19765, loss_equ:0.41067 loss_pq_vm:0.00251 loss_pq_va:0.06690 loss_pv_va:0.06462
INFO|2024-09-27 05:24:25: Epoch[080/100], iter[118/392], loss_total:0.18140, loss_equ:0.40808 loss_pq_vm:0.00246 loss_pq_va:0.05909 loss_pv_va:0.05689
INFO|2024-09-27 05:25:23: Epoch[080/100], iter[157/392], loss_total:0.18363, loss_equ:0.40782 loss_pq_vm:0.00254 loss_pq_va:0.05992 loss_pv_va:0.05752
INFO|2024-09-27 05:26:20: Epoch[080/100], iter[196/392], loss_total:0.18593, loss_equ:0.41295 loss_pq_vm:0.00250 loss_pq_va:0.06083 loss_pv_va:0.05884
INFO|2024-09-27 05:27:17: Epoch[080/100], iter[235/392], loss_total:0.18999, loss_equ:0.41628 loss_pq_vm:0.00261 loss_pq_va:0.06222 loss_pv_va:0.06004
INFO|2024-09-27 05:28:15: Epoch[080/100], iter[274/392], loss_total:0.19548, loss_equ:0.41373 loss_pq_vm:0.00252 loss_pq_va:0.06554 loss_pv_va:0.06340
INFO|2024-09-27 05:29:12: Epoch[080/100], iter[313/392], loss_total:0.21247, loss_equ:0.43762 loss_pq_vm:0.00262 loss_pq_va:0.07293 loss_pv_va:0.06956
INFO|2024-09-27 05:30:10: Epoch[080/100], iter[352/392], loss_total:0.20417, loss_equ:0.42691 loss_pq_vm:0.00256 loss_pq_va:0.06827 loss_pv_va:0.06758
INFO|2024-09-27 05:31:09: Epoch[080/100], iter[392/392], loss_total:0.20128, loss_equ:0.42282 loss_pq_vm:0.00255 loss_pq_va:0.06757 loss_pv_va:0.06593
INFO|2024-09-27 05:33:02: Epoch 79/100, lr:  0.00010454, eta: 3.84h, train_loss:  0.19605, valid_loss:  0.24499
INFO|2024-09-27 05:33:02: 	Train: PQ_Vm_rmse: 0.00004082  PQ_Va_rmse: 0.00135285  PV_Va_rmse: 0.00130753  delta_p: 0.00310458  delta_q: 0.00048095  
INFO|2024-09-27 05:33:02: 	ZTest: PQ_Vm_rmse: 0.00009248  PQ_Va_rmse: 0.00347615  PV_Va_rmse: 0.00334727  delta_p: 0.00494740  delta_q: 0.00078472  
INFO|2024-09-27 05:33:02: 	ZTest-ema: PQ_Vm_rmse: 0.000086  PQ_Va_rmse: 0.003118  PV_Va_rmse: 0.002959  delta_p: 0.004227  delta_q: 0.000621  
INFO|2024-09-27 05:33:02: 	           ValOfEMA:0.003118/0.003118,  Epoch:80/80
INFO|2024-09-27 05:33:03: 	Time(ep):691s,  Val(curr/best):0.003476/0.003112,  Epoch(curr/best):80/75
INFO|2024-09-27 05:33:03: -------------------- Epoch: 81 --------------------
INFO|2024-09-27 05:34:03: Epoch[081/100], iter[040/392], loss_total:0.19329, loss_equ:0.40946 loss_pq_vm:0.00251 loss_pq_va:0.06484 loss_pv_va:0.06245
INFO|2024-09-27 05:35:01: Epoch[081/100], iter[079/392], loss_total:0.18993, loss_equ:0.40558 loss_pq_vm:0.00256 loss_pq_va:0.06346 loss_pv_va:0.06031
INFO|2024-09-27 05:35:58: Epoch[081/100], iter[118/392], loss_total:0.18263, loss_equ:0.40165 loss_pq_vm:0.00245 loss_pq_va:0.06018 loss_pv_va:0.05783
INFO|2024-09-27 05:36:55: Epoch[081/100], iter[157/392], loss_total:0.19030, loss_equ:0.40548 loss_pq_vm:0.00255 loss_pq_va:0.06351 loss_pv_va:0.06071
INFO|2024-09-27 05:37:52: Epoch[081/100], iter[196/392], loss_total:0.20381, loss_equ:0.41774 loss_pq_vm:0.00260 loss_pq_va:0.06968 loss_pv_va:0.06632
INFO|2024-09-27 05:38:49: Epoch[081/100], iter[235/392], loss_total:0.18849, loss_equ:0.40792 loss_pq_vm:0.00246 loss_pq_va:0.06276 loss_pv_va:0.06030
INFO|2024-09-27 05:39:46: Epoch[081/100], iter[274/392], loss_total:0.19060, loss_equ:0.41341 loss_pq_vm:0.00244 loss_pq_va:0.06344 loss_pv_va:0.06139
INFO|2024-09-27 05:40:44: Epoch[081/100], iter[313/392], loss_total:0.19925, loss_equ:0.41766 loss_pq_vm:0.00250 loss_pq_va:0.06758 loss_pv_va:0.06487
INFO|2024-09-27 05:41:42: Epoch[081/100], iter[352/392], loss_total:0.19686, loss_equ:0.41323 loss_pq_vm:0.00245 loss_pq_va:0.06677 loss_pv_va:0.06424
INFO|2024-09-27 05:42:41: Epoch[081/100], iter[392/392], loss_total:0.18628, loss_equ:0.40574 loss_pq_vm:0.00250 loss_pq_va:0.06125 loss_pv_va:0.05948
INFO|2024-09-27 05:44:34: Epoch 80/100, lr:  0.00009560, eta: 3.65h, train_loss:  0.19181, valid_loss:  0.23696
INFO|2024-09-27 05:44:34: 	Train: PQ_Vm_rmse: 0.00003726  PQ_Va_rmse: 0.00125993  PV_Va_rmse: 0.00120788  delta_p: 0.00260199  delta_q: 0.00040520  
INFO|2024-09-27 05:44:34: 	ZTest: PQ_Vm_rmse: 0.00008821  PQ_Va_rmse: 0.00307455  PV_Va_rmse: 0.00293966  delta_p: 0.00396736  delta_q: 0.00064372  
INFO|2024-09-27 05:44:34: 	ZTest-ema: PQ_Vm_rmse: 0.000090  PQ_Va_rmse: 0.003189  PV_Va_rmse: 0.003038  delta_p: 0.003810  delta_q: 0.000562  
INFO|2024-09-27 05:44:34: 	           ValOfEMA:0.003189/0.003118,  Epoch:81/80
INFO|2024-09-27 05:44:36: 	Time(ep):691s,  Val(curr/best):0.003075/0.003075,  Epoch(curr/best):81/81
INFO|2024-09-27 05:44:36: -------------------- Epoch: 82 --------------------
INFO|2024-09-27 05:45:36: Epoch[082/100], iter[040/392], loss_total:0.17949, loss_equ:0.39418 loss_pq_vm:0.00240 loss_pq_va:0.05905 loss_pv_va:0.05698
INFO|2024-09-27 05:46:33: Epoch[082/100], iter[079/392], loss_total:0.18161, loss_equ:0.40039 loss_pq_vm:0.00248 loss_pq_va:0.05959 loss_pv_va:0.05717
INFO|2024-09-27 05:47:30: Epoch[082/100], iter[118/392], loss_total:0.20667, loss_equ:0.42260 loss_pq_vm:0.00251 loss_pq_va:0.07070 loss_pv_va:0.06859
INFO|2024-09-27 05:48:28: Epoch[082/100], iter[157/392], loss_total:0.18651, loss_equ:0.41119 loss_pq_vm:0.00259 loss_pq_va:0.06075 loss_pv_va:0.05877
INFO|2024-09-27 05:49:26: Epoch[082/100], iter[196/392], loss_total:0.19618, loss_equ:0.41324 loss_pq_vm:0.00249 loss_pq_va:0.06617 loss_pv_va:0.06376
INFO|2024-09-27 05:50:24: Epoch[082/100], iter[235/392], loss_total:0.19772, loss_equ:0.41143 loss_pq_vm:0.00256 loss_pq_va:0.06704 loss_pv_va:0.06396
INFO|2024-09-27 05:51:22: Epoch[082/100], iter[274/392], loss_total:0.18220, loss_equ:0.40365 loss_pq_vm:0.00243 loss_pq_va:0.05974 loss_pv_va:0.05775
INFO|2024-09-27 05:52:20: Epoch[082/100], iter[313/392], loss_total:0.19008, loss_equ:0.41032 loss_pq_vm:0.00246 loss_pq_va:0.06326 loss_pv_va:0.06116
INFO|2024-09-27 05:53:18: Epoch[082/100], iter[352/392], loss_total:0.18368, loss_equ:0.40269 loss_pq_vm:0.00253 loss_pq_va:0.06036 loss_pv_va:0.05775
INFO|2024-09-27 05:54:17: Epoch[082/100], iter[392/392], loss_total:0.18926, loss_equ:0.40616 loss_pq_vm:0.00250 loss_pq_va:0.06292 loss_pv_va:0.06074
INFO|2024-09-27 05:56:10: Epoch 81/100, lr:  0.00008706, eta: 3.47h, train_loss:  0.19271, valid_loss:  0.23713
INFO|2024-09-27 05:56:10: 	Train: PQ_Vm_rmse: 0.00003697  PQ_Va_rmse: 0.00132968  PV_Va_rmse: 0.00128510  delta_p: 0.00259152  delta_q: 0.00039615  
INFO|2024-09-27 05:56:10: 	ZTest: PQ_Vm_rmse: 0.00008734  PQ_Va_rmse: 0.00315311  PV_Va_rmse: 0.00301255  delta_p: 0.00458885  delta_q: 0.00067645  
INFO|2024-09-27 05:56:10: 	ZTest-ema: PQ_Vm_rmse: 0.000086  PQ_Va_rmse: 0.003128  PV_Va_rmse: 0.002978  delta_p: 0.003780  delta_q: 0.000559  
INFO|2024-09-27 05:56:10: 	           ValOfEMA:0.003128/0.003118,  Epoch:82/80
INFO|2024-09-27 05:56:11: 	Time(ep):694s,  Val(curr/best):0.003153/0.003075,  Epoch(curr/best):82/81
INFO|2024-09-27 05:56:11: -------------------- Epoch: 83 --------------------
INFO|2024-09-27 05:57:11: Epoch[083/100], iter[040/392], loss_total:0.18815, loss_equ:0.40157 loss_pq_vm:0.00243 loss_pq_va:0.06307 loss_pv_va:0.06057
INFO|2024-09-27 05:58:10: Epoch[083/100], iter[079/392], loss_total:0.19103, loss_equ:0.41365 loss_pq_vm:0.00242 loss_pq_va:0.06378 loss_pv_va:0.06165
INFO|2024-09-27 05:59:08: Epoch[083/100], iter[118/392], loss_total:0.19936, loss_equ:0.41535 loss_pq_vm:0.00251 loss_pq_va:0.06784 loss_pv_va:0.06486
INFO|2024-09-27 06:00:05: Epoch[083/100], iter[157/392], loss_total:0.19162, loss_equ:0.41516 loss_pq_vm:0.00256 loss_pq_va:0.06331 loss_pv_va:0.06119
INFO|2024-09-27 06:01:03: Epoch[083/100], iter[196/392], loss_total:0.20930, loss_equ:0.42798 loss_pq_vm:0.00258 loss_pq_va:0.07161 loss_pv_va:0.06912
INFO|2024-09-27 06:01:59: Epoch[083/100], iter[235/392], loss_total:0.19007, loss_equ:0.40797 loss_pq_vm:0.00246 loss_pq_va:0.06364 loss_pv_va:0.06107
INFO|2024-09-27 06:02:57: Epoch[083/100], iter[274/392], loss_total:0.19650, loss_equ:0.41129 loss_pq_vm:0.00254 loss_pq_va:0.06644 loss_pv_va:0.06357
INFO|2024-09-27 06:03:54: Epoch[083/100], iter[313/392], loss_total:0.19921, loss_equ:0.42213 loss_pq_vm:0.00250 loss_pq_va:0.06695 loss_pv_va:0.06505
INFO|2024-09-27 06:04:51: Epoch[083/100], iter[352/392], loss_total:0.19222, loss_equ:0.40636 loss_pq_vm:0.00249 loss_pq_va:0.06460 loss_pv_va:0.06204
INFO|2024-09-27 06:05:51: Epoch[083/100], iter[392/392], loss_total:0.18306, loss_equ:0.40877 loss_pq_vm:0.00245 loss_pq_va:0.05995 loss_pv_va:0.05774
INFO|2024-09-27 06:07:44: Epoch 82/100, lr:  0.00007893, eta: 3.27h, train_loss:  0.19118, valid_loss:  0.23685
INFO|2024-09-27 06:07:44: 	Train: PQ_Vm_rmse: 0.00003659  PQ_Va_rmse: 0.00127266  PV_Va_rmse: 0.00122956  delta_p: 0.00256102  delta_q: 0.00038610  
INFO|2024-09-27 06:07:44: 	ZTest: PQ_Vm_rmse: 0.00009186  PQ_Va_rmse: 0.00327521  PV_Va_rmse: 0.00311257  delta_p: 0.00448017  delta_q: 0.00060155  
INFO|2024-09-27 06:07:44: 	ZTest-ema: PQ_Vm_rmse: 0.000089  PQ_Va_rmse: 0.003247  PV_Va_rmse: 0.003092  delta_p: 0.003866  delta_q: 0.000569  
INFO|2024-09-27 06:07:44: 	           ValOfEMA:0.003247/0.003118,  Epoch:83/80
INFO|2024-09-27 06:07:45: 	Time(ep):693s,  Val(curr/best):0.003275/0.003075,  Epoch(curr/best):83/81
INFO|2024-09-27 06:07:45: -------------------- Epoch: 84 --------------------
INFO|2024-09-27 06:08:46: Epoch[084/100], iter[040/392], loss_total:0.18897, loss_equ:0.40935 loss_pq_vm:0.00248 loss_pq_va:0.06277 loss_pv_va:0.06047
INFO|2024-09-27 06:09:44: Epoch[084/100], iter[079/392], loss_total:0.18490, loss_equ:0.40957 loss_pq_vm:0.00258 loss_pq_va:0.06016 loss_pv_va:0.05802
INFO|2024-09-27 06:10:41: Epoch[084/100], iter[118/392], loss_total:0.20586, loss_equ:0.40962 loss_pq_vm:0.00248 loss_pq_va:0.07116 loss_pv_va:0.06897
INFO|2024-09-27 06:11:39: Epoch[084/100], iter[157/392], loss_total:0.18378, loss_equ:0.39982 loss_pq_vm:0.00249 loss_pq_va:0.06059 loss_pv_va:0.05834
INFO|2024-09-27 06:12:36: Epoch[084/100], iter[196/392], loss_total:0.18462, loss_equ:0.39336 loss_pq_vm:0.00248 loss_pq_va:0.06159 loss_pv_va:0.05886
INFO|2024-09-27 06:13:34: Epoch[084/100], iter[235/392], loss_total:0.18331, loss_equ:0.40015 loss_pq_vm:0.00248 loss_pq_va:0.06039 loss_pv_va:0.05808
INFO|2024-09-27 06:14:31: Epoch[084/100], iter[274/392], loss_total:0.19526, loss_equ:0.40980 loss_pq_vm:0.00251 loss_pq_va:0.06573 loss_pv_va:0.06348
INFO|2024-09-27 06:15:28: Epoch[084/100], iter[313/392], loss_total:0.18819, loss_equ:0.40268 loss_pq_vm:0.00246 loss_pq_va:0.06293 loss_pv_va:0.06035
INFO|2024-09-27 06:16:26: Epoch[084/100], iter[352/392], loss_total:0.19280, loss_equ:0.41447 loss_pq_vm:0.00254 loss_pq_va:0.06407 loss_pv_va:0.06187
INFO|2024-09-27 06:17:25: Epoch[084/100], iter[392/392], loss_total:0.19723, loss_equ:0.41541 loss_pq_vm:0.00257 loss_pq_va:0.06628 loss_pv_va:0.06374
INFO|2024-09-27 06:19:18: Epoch 83/100, lr:  0.00007123, eta: 3.08h, train_loss:  0.18942, valid_loss:  0.23549
INFO|2024-09-27 06:19:18: 	Train: PQ_Vm_rmse: 0.00003487  PQ_Va_rmse: 0.00120360  PV_Va_rmse: 0.00116463  delta_p: 0.00233628  delta_q: 0.00035550  
INFO|2024-09-27 06:19:18: 	ZTest: PQ_Vm_rmse: 0.00008730  PQ_Va_rmse: 0.00323497  PV_Va_rmse: 0.00311131  delta_p: 0.00373559  delta_q: 0.00057107  
INFO|2024-09-27 06:19:18: 	ZTest-ema: PQ_Vm_rmse: 0.000087  PQ_Va_rmse: 0.003230  PV_Va_rmse: 0.003107  delta_p: 0.003680  delta_q: 0.000541  
INFO|2024-09-27 06:19:18: 	           ValOfEMA:0.003230/0.003118,  Epoch:84/80
INFO|2024-09-27 06:19:18: 	Time(ep):692s,  Val(curr/best):0.003235/0.003075,  Epoch(curr/best):84/81
INFO|2024-09-27 06:19:18: -------------------- Epoch: 85 --------------------
INFO|2024-09-27 06:20:20: Epoch[085/100], iter[040/392], loss_total:0.18620, loss_equ:0.40381 loss_pq_vm:0.00244 loss_pq_va:0.06192 loss_pv_va:0.05949
INFO|2024-09-27 06:21:18: Epoch[085/100], iter[079/392], loss_total:0.19040, loss_equ:0.40775 loss_pq_vm:0.00247 loss_pq_va:0.06380 loss_pv_va:0.06113
INFO|2024-09-27 06:22:16: Epoch[085/100], iter[118/392], loss_total:0.18821, loss_equ:0.41370 loss_pq_vm:0.00245 loss_pq_va:0.06220 loss_pv_va:0.06011
INFO|2024-09-27 06:23:13: Epoch[085/100], iter[157/392], loss_total:0.18524, loss_equ:0.40896 loss_pq_vm:0.00248 loss_pq_va:0.06103 loss_pv_va:0.05852
INFO|2024-09-27 06:24:10: Epoch[085/100], iter[196/392], loss_total:0.18704, loss_equ:0.40573 loss_pq_vm:0.00247 loss_pq_va:0.06199 loss_pv_va:0.05975
INFO|2024-09-27 06:25:08: Epoch[085/100], iter[235/392], loss_total:0.17983, loss_equ:0.39728 loss_pq_vm:0.00239 loss_pq_va:0.05884 loss_pv_va:0.05732
INFO|2024-09-27 06:26:06: Epoch[085/100], iter[274/392], loss_total:0.18983, loss_equ:0.40502 loss_pq_vm:0.00247 loss_pq_va:0.06331 loss_pv_va:0.06129
INFO|2024-09-27 06:27:03: Epoch[085/100], iter[313/392], loss_total:0.18962, loss_equ:0.41257 loss_pq_vm:0.00249 loss_pq_va:0.06287 loss_pv_va:0.06060
INFO|2024-09-27 06:28:01: Epoch[085/100], iter[352/392], loss_total:0.18704, loss_equ:0.39799 loss_pq_vm:0.00245 loss_pq_va:0.06253 loss_pv_va:0.06022
INFO|2024-09-27 06:28:59: Epoch[085/100], iter[392/392], loss_total:0.17733, loss_equ:0.40026 loss_pq_vm:0.00245 loss_pq_va:0.05736 loss_pv_va:0.05547
INFO|2024-09-27 06:30:53: Epoch 84/100, lr:  0.00006395, eta: 2.89h, train_loss:  0.18751, valid_loss:  0.23458
INFO|2024-09-27 06:30:53: 	Train: PQ_Vm_rmse: 0.00003433  PQ_Va_rmse: 0.00109590  PV_Va_rmse: 0.00105367  delta_p: 0.00213643  delta_q: 0.00032985  
INFO|2024-09-27 06:30:53: 	ZTest: PQ_Vm_rmse: 0.00008919  PQ_Va_rmse: 0.00320203  PV_Va_rmse: 0.00307736  delta_p: 0.00375767  delta_q: 0.00055676  
INFO|2024-09-27 06:30:53: 	ZTest-ema: PQ_Vm_rmse: 0.000086  PQ_Va_rmse: 0.003204  PV_Va_rmse: 0.003090  delta_p: 0.003660  delta_q: 0.000539  
INFO|2024-09-27 06:30:53: 	           ValOfEMA:0.003204/0.003118,  Epoch:85/80
INFO|2024-09-27 06:30:54: 	Time(ep):694s,  Val(curr/best):0.003202/0.003075,  Epoch(curr/best):85/81
INFO|2024-09-27 06:30:54: -------------------- Epoch: 86 --------------------
INFO|2024-09-27 06:31:55: Epoch[086/100], iter[040/392], loss_total:0.19324, loss_equ:0.41219 loss_pq_vm:0.00251 loss_pq_va:0.06466 loss_pv_va:0.06229
INFO|2024-09-27 06:32:52: Epoch[086/100], iter[079/392], loss_total:0.17749, loss_equ:0.39389 loss_pq_vm:0.00245 loss_pq_va:0.05800 loss_pv_va:0.05557
INFO|2024-09-27 06:33:50: Epoch[086/100], iter[118/392], loss_total:0.19769, loss_equ:0.40984 loss_pq_vm:0.00250 loss_pq_va:0.06726 loss_pv_va:0.06444
INFO|2024-09-27 06:34:47: Epoch[086/100], iter[157/392], loss_total:0.17822, loss_equ:0.38989 loss_pq_vm:0.00241 loss_pq_va:0.05867 loss_pv_va:0.05650
INFO|2024-09-27 06:35:45: Epoch[086/100], iter[196/392], loss_total:0.18983, loss_equ:0.40948 loss_pq_vm:0.00249 loss_pq_va:0.06336 loss_pv_va:0.06066
INFO|2024-09-27 06:36:42: Epoch[086/100], iter[235/392], loss_total:0.18281, loss_equ:0.39843 loss_pq_vm:0.00248 loss_pq_va:0.06043 loss_pv_va:0.05771
INFO|2024-09-27 06:37:40: Epoch[086/100], iter[274/392], loss_total:0.18974, loss_equ:0.40413 loss_pq_vm:0.00243 loss_pq_va:0.06367 loss_pv_va:0.06139
INFO|2024-09-27 06:38:38: Epoch[086/100], iter[313/392], loss_total:0.18851, loss_equ:0.40945 loss_pq_vm:0.00243 loss_pq_va:0.06284 loss_pv_va:0.06039
INFO|2024-09-27 06:39:36: Epoch[086/100], iter[352/392], loss_total:0.18951, loss_equ:0.40958 loss_pq_vm:0.00250 loss_pq_va:0.06312 loss_pv_va:0.06047
INFO|2024-09-27 06:40:35: Epoch[086/100], iter[392/392], loss_total:0.19340, loss_equ:0.41123 loss_pq_vm:0.00253 loss_pq_va:0.06478 loss_pv_va:0.06221
INFO|2024-09-27 06:42:28: Epoch 85/100, lr:  0.00005711, eta: 2.7h, train_loss:  0.18765, valid_loss:  0.23337
INFO|2024-09-27 06:42:28: 	Train: PQ_Vm_rmse: 0.00003377  PQ_Va_rmse: 0.00113135  PV_Va_rmse: 0.00108782  delta_p: 0.00228254  delta_q: 0.00033042  
INFO|2024-09-27 06:42:28: 	ZTest: PQ_Vm_rmse: 0.00008524  PQ_Va_rmse: 0.00319014  PV_Va_rmse: 0.00306999  delta_p: 0.00428733  delta_q: 0.00057157  
INFO|2024-09-27 06:42:28: 	ZTest-ema: PQ_Vm_rmse: 0.000085  PQ_Va_rmse: 0.003209  PV_Va_rmse: 0.003067  delta_p: 0.003736  delta_q: 0.000546  
INFO|2024-09-27 06:42:28: 	           ValOfEMA:0.003209/0.003118,  Epoch:86/80
INFO|2024-09-27 06:42:29: 	Time(ep):694s,  Val(curr/best):0.003190/0.003075,  Epoch(curr/best):86/81
INFO|2024-09-27 06:42:29: -------------------- Epoch: 87 --------------------
INFO|2024-09-27 06:43:30: Epoch[087/100], iter[040/392], loss_total:0.18300, loss_equ:0.39957 loss_pq_vm:0.00242 loss_pq_va:0.06057 loss_pv_va:0.05823
INFO|2024-09-27 06:44:28: Epoch[087/100], iter[079/392], loss_total:0.18552, loss_equ:0.40295 loss_pq_vm:0.00242 loss_pq_va:0.06154 loss_pv_va:0.05952
INFO|2024-09-27 06:45:26: Epoch[087/100], iter[118/392], loss_total:0.18565, loss_equ:0.39897 loss_pq_vm:0.00243 loss_pq_va:0.06180 loss_pv_va:0.05963
INFO|2024-09-27 06:46:24: Epoch[087/100], iter[157/392], loss_total:0.18265, loss_equ:0.40706 loss_pq_vm:0.00253 loss_pq_va:0.05934 loss_pv_va:0.05733
INFO|2024-09-27 06:47:22: Epoch[087/100], iter[196/392], loss_total:0.18566, loss_equ:0.40769 loss_pq_vm:0.00246 loss_pq_va:0.06121 loss_pv_va:0.05906
INFO|2024-09-27 06:48:20: Epoch[087/100], iter[235/392], loss_total:0.17446, loss_equ:0.39947 loss_pq_vm:0.00245 loss_pq_va:0.05601 loss_pv_va:0.05404
INFO|2024-09-27 06:49:18: Epoch[087/100], iter[274/392], loss_total:0.17945, loss_equ:0.39621 loss_pq_vm:0.00241 loss_pq_va:0.05902 loss_pv_va:0.05667
INFO|2024-09-27 06:50:17: Epoch[087/100], iter[313/392], loss_total:0.18411, loss_equ:0.40424 loss_pq_vm:0.00243 loss_pq_va:0.06067 loss_pv_va:0.05867
INFO|2024-09-27 06:51:14: Epoch[087/100], iter[352/392], loss_total:0.18806, loss_equ:0.40481 loss_pq_vm:0.00243 loss_pq_va:0.06270 loss_pv_va:0.06056
INFO|2024-09-27 06:52:14: Epoch[087/100], iter[392/392], loss_total:0.17946, loss_equ:0.40528 loss_pq_vm:0.00248 loss_pq_va:0.05789 loss_pv_va:0.05624
INFO|2024-09-27 06:54:07: Epoch 86/100, lr:  0.00005071, eta: 2.52h, train_loss:  0.18690, valid_loss:  0.23323
INFO|2024-09-27 06:54:07: 	Train: PQ_Vm_rmse: 0.00003454  PQ_Va_rmse: 0.00111013  PV_Va_rmse: 0.00106530  delta_p: 0.00225186  delta_q: 0.00033606  
INFO|2024-09-27 06:54:07: 	ZTest: PQ_Vm_rmse: 0.00008507  PQ_Va_rmse: 0.00327069  PV_Va_rmse: 0.00309951  delta_p: 0.00375020  delta_q: 0.00055844  
INFO|2024-09-27 06:54:07: 	ZTest-ema: PQ_Vm_rmse: 0.000084  PQ_Va_rmse: 0.003197  PV_Va_rmse: 0.003069  delta_p: 0.003649  delta_q: 0.000536  
INFO|2024-09-27 06:54:07: 	           ValOfEMA:0.003197/0.003118,  Epoch:87/80
INFO|2024-09-27 06:54:08: 	Time(ep):698s,  Val(curr/best):0.003271/0.003075,  Epoch(curr/best):87/81
INFO|2024-09-27 06:54:08: -------------------- Epoch: 88 --------------------
INFO|2024-09-27 06:55:08: Epoch[088/100], iter[040/392], loss_total:0.18046, loss_equ:0.40626 loss_pq_vm:0.00244 loss_pq_va:0.05886 loss_pv_va:0.05661
INFO|2024-09-27 06:56:05: Epoch[088/100], iter[079/392], loss_total:0.18625, loss_equ:0.41051 loss_pq_vm:0.00249 loss_pq_va:0.06121 loss_pv_va:0.05912
INFO|2024-09-27 06:57:02: Epoch[088/100], iter[118/392], loss_total:0.18570, loss_equ:0.40795 loss_pq_vm:0.00248 loss_pq_va:0.06114 loss_pv_va:0.05899
INFO|2024-09-27 06:57:59: Epoch[088/100], iter[157/392], loss_total:0.19671, loss_equ:0.41911 loss_pq_vm:0.00255 loss_pq_va:0.06616 loss_pv_va:0.06317
INFO|2024-09-27 06:58:57: Epoch[088/100], iter[196/392], loss_total:0.18004, loss_equ:0.40256 loss_pq_vm:0.00242 loss_pq_va:0.05891 loss_pv_va:0.05665
INFO|2024-09-27 06:59:54: Epoch[088/100], iter[235/392], loss_total:0.18521, loss_equ:0.40544 loss_pq_vm:0.00245 loss_pq_va:0.06109 loss_pv_va:0.05904
INFO|2024-09-27 07:00:51: Epoch[088/100], iter[274/392], loss_total:0.18194, loss_equ:0.40158 loss_pq_vm:0.00246 loss_pq_va:0.06007 loss_pv_va:0.05708
INFO|2024-09-27 07:01:48: Epoch[088/100], iter[313/392], loss_total:0.19330, loss_equ:0.41219 loss_pq_vm:0.00248 loss_pq_va:0.06505 loss_pv_va:0.06223
INFO|2024-09-27 07:02:46: Epoch[088/100], iter[352/392], loss_total:0.18977, loss_equ:0.40636 loss_pq_vm:0.00247 loss_pq_va:0.06353 loss_pv_va:0.06086
INFO|2024-09-27 07:03:44: Epoch[088/100], iter[392/392], loss_total:0.18551, loss_equ:0.40310 loss_pq_vm:0.00247 loss_pq_va:0.06140 loss_pv_va:0.05914
INFO|2024-09-27 07:05:38: Epoch 87/100, lr:  0.00004476, eta: 2.3h, train_loss:  0.18611, valid_loss:  0.23524
INFO|2024-09-27 07:05:38: 	Train: PQ_Vm_rmse: 0.00003407  PQ_Va_rmse: 0.00106987  PV_Va_rmse: 0.00103236  delta_p: 0.00219975  delta_q: 0.00032676  
INFO|2024-09-27 07:05:38: 	ZTest: PQ_Vm_rmse: 0.00008272  PQ_Va_rmse: 0.00326176  PV_Va_rmse: 0.00311589  delta_p: 0.00380544  delta_q: 0.00055276  
INFO|2024-09-27 07:05:38: 	ZTest-ema: PQ_Vm_rmse: 0.000083  PQ_Va_rmse: 0.003137  PV_Va_rmse: 0.002993  delta_p: 0.003645  delta_q: 0.000536  
INFO|2024-09-27 07:05:38: 	           ValOfEMA:0.003137/0.003118,  Epoch:88/80
INFO|2024-09-27 07:05:39: 	Time(ep):689s,  Val(curr/best):0.003262/0.003075,  Epoch(curr/best):88/81
INFO|2024-09-27 07:05:39: -------------------- Epoch: 89 --------------------
INFO|2024-09-27 07:06:39: Epoch[089/100], iter[040/392], loss_total:0.18585, loss_equ:0.40997 loss_pq_vm:0.00249 loss_pq_va:0.06100 loss_pv_va:0.05892
INFO|2024-09-27 07:07:36: Epoch[089/100], iter[079/392], loss_total:0.17451, loss_equ:0.39983 loss_pq_vm:0.00244 loss_pq_va:0.05598 loss_pv_va:0.05416
INFO|2024-09-27 07:08:34: Epoch[089/100], iter[118/392], loss_total:0.18361, loss_equ:0.40493 loss_pq_vm:0.00246 loss_pq_va:0.06008 loss_pv_va:0.05842
INFO|2024-09-27 07:09:31: Epoch[089/100], iter[157/392], loss_total:0.18478, loss_equ:0.39842 loss_pq_vm:0.00242 loss_pq_va:0.06118 loss_pv_va:0.05955
INFO|2024-09-27 07:10:29: Epoch[089/100], iter[196/392], loss_total:0.18513, loss_equ:0.40400 loss_pq_vm:0.00245 loss_pq_va:0.06101 loss_pv_va:0.05918
INFO|2024-09-27 07:11:25: Epoch[089/100], iter[235/392], loss_total:0.20213, loss_equ:0.41853 loss_pq_vm:0.00255 loss_pq_va:0.06891 loss_pv_va:0.06591
INFO|2024-09-27 07:12:23: Epoch[089/100], iter[274/392], loss_total:0.18850, loss_equ:0.41889 loss_pq_vm:0.00249 loss_pq_va:0.06176 loss_pv_va:0.05995
INFO|2024-09-27 07:13:21: Epoch[089/100], iter[313/392], loss_total:0.17902, loss_equ:0.40605 loss_pq_vm:0.00240 loss_pq_va:0.05813 loss_pv_va:0.05625
INFO|2024-09-27 07:14:18: Epoch[089/100], iter[352/392], loss_total:0.18123, loss_equ:0.40734 loss_pq_vm:0.00243 loss_pq_va:0.05919 loss_pv_va:0.05696
INFO|2024-09-27 07:15:17: Epoch[089/100], iter[392/392], loss_total:0.17869, loss_equ:0.40012 loss_pq_vm:0.00242 loss_pq_va:0.05814 loss_pv_va:0.05635
INFO|2024-09-27 07:17:10: Epoch 88/100, lr:  0.00003926, eta: 2.11h, train_loss:  0.18652, valid_loss:  0.23340
INFO|2024-09-27 07:17:10: 	Train: PQ_Vm_rmse: 0.00003281  PQ_Va_rmse: 0.00113951  PV_Va_rmse: 0.00110106  delta_p: 0.00220403  delta_q: 0.00031186  
INFO|2024-09-27 07:17:10: 	ZTest: PQ_Vm_rmse: 0.00008482  PQ_Va_rmse: 0.00333129  PV_Va_rmse: 0.00316624  delta_p: 0.00379348  delta_q: 0.00056992  
INFO|2024-09-27 07:17:10: 	ZTest-ema: PQ_Vm_rmse: 0.000083  PQ_Va_rmse: 0.003246  PV_Va_rmse: 0.003077  delta_p: 0.003697  delta_q: 0.000540  
INFO|2024-09-27 07:17:10: 	           ValOfEMA:0.003246/0.003118,  Epoch:89/80
INFO|2024-09-27 07:17:11: 	Time(ep):691s,  Val(curr/best):0.003331/0.003075,  Epoch(curr/best):89/81
INFO|2024-09-27 07:17:11: -------------------- Epoch: 90 --------------------
INFO|2024-09-27 07:18:12: Epoch[090/100], iter[040/392], loss_total:0.19059, loss_equ:0.41259 loss_pq_vm:0.00247 loss_pq_va:0.06356 loss_pv_va:0.06102
INFO|2024-09-27 07:19:08: Epoch[090/100], iter[079/392], loss_total:0.17490, loss_equ:0.39465 loss_pq_vm:0.00238 loss_pq_va:0.05705 loss_pv_va:0.05457
INFO|2024-09-27 07:20:06: Epoch[090/100], iter[118/392], loss_total:0.18136, loss_equ:0.40412 loss_pq_vm:0.00245 loss_pq_va:0.05917 loss_pv_va:0.05732
INFO|2024-09-27 07:21:03: Epoch[090/100], iter[157/392], loss_total:0.17612, loss_equ:0.39686 loss_pq_vm:0.00243 loss_pq_va:0.05707 loss_pv_va:0.05507
INFO|2024-09-27 07:22:01: Epoch[090/100], iter[196/392], loss_total:0.18702, loss_equ:0.40827 loss_pq_vm:0.00250 loss_pq_va:0.06190 loss_pv_va:0.05926
INFO|2024-09-27 07:22:58: Epoch[090/100], iter[235/392], loss_total:0.18586, loss_equ:0.40690 loss_pq_vm:0.00244 loss_pq_va:0.06144 loss_pv_va:0.05935
INFO|2024-09-27 07:23:56: Epoch[090/100], iter[274/392], loss_total:0.19115, loss_equ:0.41623 loss_pq_vm:0.00252 loss_pq_va:0.06351 loss_pv_va:0.06077
INFO|2024-09-27 07:24:53: Epoch[090/100], iter[313/392], loss_total:0.18907, loss_equ:0.40684 loss_pq_vm:0.00247 loss_pq_va:0.06288 loss_pv_va:0.06077
INFO|2024-09-27 07:25:51: Epoch[090/100], iter[352/392], loss_total:0.18062, loss_equ:0.40592 loss_pq_vm:0.00246 loss_pq_va:0.05880 loss_pv_va:0.05659
INFO|2024-09-27 07:26:50: Epoch[090/100], iter[392/392], loss_total:0.19532, loss_equ:0.41901 loss_pq_vm:0.00252 loss_pq_va:0.06562 loss_pv_va:0.06258
INFO|2024-09-27 07:28:44: Epoch 89/100, lr:  0.00003423, eta: 1.92h, train_loss:  0.18514, valid_loss:  0.23243
INFO|2024-09-27 07:28:44: 	Train: PQ_Vm_rmse: 0.00003303  PQ_Va_rmse: 0.00107271  PV_Va_rmse: 0.00103371  delta_p: 0.00207307  delta_q: 0.00030469  
INFO|2024-09-27 07:28:44: 	ZTest: PQ_Vm_rmse: 0.00008658  PQ_Va_rmse: 0.00320961  PV_Va_rmse: 0.00309279  delta_p: 0.00366073  delta_q: 0.00053627  
INFO|2024-09-27 07:28:44: 	ZTest-ema: PQ_Vm_rmse: 0.000095  PQ_Va_rmse: 0.003281  PV_Va_rmse: 0.003165  delta_p: 0.003638  delta_q: 0.000532  
INFO|2024-09-27 07:28:44: 	           ValOfEMA:0.003281/0.003118,  Epoch:90/80
INFO|2024-09-27 07:28:45: 	Time(ep):692s,  Val(curr/best):0.003210/0.003075,  Epoch(curr/best):90/81
INFO|2024-09-27 07:28:45: -------------------- Epoch: 91 --------------------
INFO|2024-09-27 07:29:45: Epoch[091/100], iter[040/392], loss_total:0.18755, loss_equ:0.41096 loss_pq_vm:0.00249 loss_pq_va:0.06184 loss_pv_va:0.05967
INFO|2024-09-27 07:30:43: Epoch[091/100], iter[079/392], loss_total:0.18810, loss_equ:0.41640 loss_pq_vm:0.00251 loss_pq_va:0.06194 loss_pv_va:0.05947
INFO|2024-09-27 07:31:40: Epoch[091/100], iter[118/392], loss_total:0.18826, loss_equ:0.40536 loss_pq_vm:0.00248 loss_pq_va:0.06290 loss_pv_va:0.05997
INFO|2024-09-27 07:32:38: Epoch[091/100], iter[157/392], loss_total:0.18193, loss_equ:0.40713 loss_pq_vm:0.00246 loss_pq_va:0.05928 loss_pv_va:0.05731
INFO|2024-09-27 07:33:36: Epoch[091/100], iter[196/392], loss_total:0.17342, loss_equ:0.39918 loss_pq_vm:0.00239 loss_pq_va:0.05542 loss_pv_va:0.05413
INFO|2024-09-27 07:34:33: Epoch[091/100], iter[235/392], loss_total:0.19114, loss_equ:0.40492 loss_pq_vm:0.00253 loss_pq_va:0.06422 loss_pv_va:0.06108
INFO|2024-09-27 07:35:31: Epoch[091/100], iter[274/392], loss_total:0.19318, loss_equ:0.41179 loss_pq_vm:0.00247 loss_pq_va:0.06504 loss_pv_va:0.06230
INFO|2024-09-27 07:36:28: Epoch[091/100], iter[313/392], loss_total:0.18685, loss_equ:0.40558 loss_pq_vm:0.00244 loss_pq_va:0.06208 loss_pv_va:0.05980
INFO|2024-09-27 07:37:25: Epoch[091/100], iter[352/392], loss_total:0.17997, loss_equ:0.40369 loss_pq_vm:0.00245 loss_pq_va:0.05867 loss_pv_va:0.05640
INFO|2024-09-27 07:38:23: Epoch[091/100], iter[392/392], loss_total:0.18091, loss_equ:0.40215 loss_pq_vm:0.00244 loss_pq_va:0.05929 loss_pv_va:0.05702
INFO|2024-09-27 07:40:16: Epoch 90/100, lr:  0.00002965, eta: 1.73h, train_loss:  0.18487, valid_loss:  0.23318
INFO|2024-09-27 07:40:16: 	Train: PQ_Vm_rmse: 0.00003304  PQ_Va_rmse: 0.00104980  PV_Va_rmse: 0.00100888  delta_p: 0.00201314  delta_q: 0.00029684  
INFO|2024-09-27 07:40:16: 	ZTest: PQ_Vm_rmse: 0.00008286  PQ_Va_rmse: 0.00316322  PV_Va_rmse: 0.00301836  delta_p: 0.00361065  delta_q: 0.00053817  
INFO|2024-09-27 07:40:16: 	ZTest-ema: PQ_Vm_rmse: 0.000082  PQ_Va_rmse: 0.003177  PV_Va_rmse: 0.003028  delta_p: 0.003581  delta_q: 0.000525  
INFO|2024-09-27 07:40:16: 	           ValOfEMA:0.003177/0.003118,  Epoch:91/80
INFO|2024-09-27 07:40:17: 	Time(ep):691s,  Val(curr/best):0.003163/0.003075,  Epoch(curr/best):91/81
INFO|2024-09-27 07:40:17: -------------------- Epoch: 92 --------------------
INFO|2024-09-27 07:41:18: Epoch[092/100], iter[040/392], loss_total:0.19181, loss_equ:0.41542 loss_pq_vm:0.00250 loss_pq_va:0.06384 loss_pv_va:0.06144
INFO|2024-09-27 07:42:16: Epoch[092/100], iter[079/392], loss_total:0.18379, loss_equ:0.40390 loss_pq_vm:0.00247 loss_pq_va:0.06046 loss_pv_va:0.05822
INFO|2024-09-27 07:43:14: Epoch[092/100], iter[118/392], loss_total:0.17346, loss_equ:0.39951 loss_pq_vm:0.00243 loss_pq_va:0.05551 loss_pv_va:0.05366
INFO|2024-09-27 07:44:11: Epoch[092/100], iter[157/392], loss_total:0.17850, loss_equ:0.39914 loss_pq_vm:0.00246 loss_pq_va:0.05819 loss_pv_va:0.05577
INFO|2024-09-27 07:45:09: Epoch[092/100], iter[196/392], loss_total:0.18301, loss_equ:0.40140 loss_pq_vm:0.00245 loss_pq_va:0.06025 loss_pv_va:0.05816
INFO|2024-09-27 07:46:07: Epoch[092/100], iter[235/392], loss_total:0.18718, loss_equ:0.40716 loss_pq_vm:0.00246 loss_pq_va:0.06217 loss_pv_va:0.05970
INFO|2024-09-27 07:47:04: Epoch[092/100], iter[274/392], loss_total:0.18424, loss_equ:0.40523 loss_pq_vm:0.00252 loss_pq_va:0.06040 loss_pv_va:0.05815
INFO|2024-09-27 07:48:01: Epoch[092/100], iter[313/392], loss_total:0.17600, loss_equ:0.39617 loss_pq_vm:0.00243 loss_pq_va:0.05703 loss_pv_va:0.05508
INFO|2024-09-27 07:49:00: Epoch[092/100], iter[352/392], loss_total:0.18394, loss_equ:0.40747 loss_pq_vm:0.00249 loss_pq_va:0.06037 loss_pv_va:0.05794
INFO|2024-09-27 07:49:59: Epoch[092/100], iter[392/392], loss_total:0.18160, loss_equ:0.40529 loss_pq_vm:0.00245 loss_pq_va:0.05940 loss_pv_va:0.05717
INFO|2024-09-27 07:51:53: Epoch 91/100, lr:  0.00002555, eta: 1.55h, train_loss:  0.18488, valid_loss:  0.23263
INFO|2024-09-27 07:51:53: 	Train: PQ_Vm_rmse: 0.00003307  PQ_Va_rmse: 0.00102896  PV_Va_rmse: 0.00099056  delta_p: 0.00196083  delta_q: 0.00028923  
INFO|2024-09-27 07:51:53: 	ZTest: PQ_Vm_rmse: 0.00008202  PQ_Va_rmse: 0.00314690  PV_Va_rmse: 0.00299153  delta_p: 0.00358641  delta_q: 0.00053072  
INFO|2024-09-27 07:51:53: 	ZTest-ema: PQ_Vm_rmse: 0.000083  PQ_Va_rmse: 0.003146  PV_Va_rmse: 0.002986  delta_p: 0.003585  delta_q: 0.000528  
INFO|2024-09-27 07:51:53: 	           ValOfEMA:0.003146/0.003118,  Epoch:92/80
INFO|2024-09-27 07:51:54: 	Time(ep):696s,  Val(curr/best):0.003147/0.003075,  Epoch(curr/best):92/81
INFO|2024-09-27 07:51:54: -------------------- Epoch: 93 --------------------
INFO|2024-09-27 07:52:55: Epoch[093/100], iter[040/392], loss_total:0.19591, loss_equ:0.41429 loss_pq_vm:0.00253 loss_pq_va:0.06589 loss_pv_va:0.06327
INFO|2024-09-27 07:53:52: Epoch[093/100], iter[079/392], loss_total:0.18374, loss_equ:0.40785 loss_pq_vm:0.00244 loss_pq_va:0.06039 loss_pv_va:0.05812
INFO|2024-09-27 07:54:50: Epoch[093/100], iter[118/392], loss_total:0.19591, loss_equ:0.41431 loss_pq_vm:0.00251 loss_pq_va:0.06622 loss_pv_va:0.06317
INFO|2024-09-27 07:55:47: Epoch[093/100], iter[157/392], loss_total:0.18456, loss_equ:0.40315 loss_pq_vm:0.00244 loss_pq_va:0.06117 loss_pv_va:0.05863
INFO|2024-09-27 07:56:44: Epoch[093/100], iter[196/392], loss_total:0.17816, loss_equ:0.39736 loss_pq_vm:0.00243 loss_pq_va:0.05819 loss_pv_va:0.05593
INFO|2024-09-27 07:57:42: Epoch[093/100], iter[235/392], loss_total:0.19537, loss_equ:0.41478 loss_pq_vm:0.00258 loss_pq_va:0.06541 loss_pv_va:0.06264
INFO|2024-09-27 07:58:40: Epoch[093/100], iter[274/392], loss_total:0.18858, loss_equ:0.40761 loss_pq_vm:0.00248 loss_pq_va:0.06286 loss_pv_va:0.06012
INFO|2024-09-27 07:59:37: Epoch[093/100], iter[313/392], loss_total:0.18499, loss_equ:0.40996 loss_pq_vm:0.00244 loss_pq_va:0.06105 loss_pv_va:0.05856
INFO|2024-09-27 08:00:35: Epoch[093/100], iter[352/392], loss_total:0.18888, loss_equ:0.40982 loss_pq_vm:0.00251 loss_pq_va:0.06262 loss_pv_va:0.06017
INFO|2024-09-27 08:01:33: Epoch[093/100], iter[392/392], loss_total:0.18334, loss_equ:0.40629 loss_pq_vm:0.00248 loss_pq_va:0.05991 loss_pv_va:0.05802
INFO|2024-09-27 08:03:26: Epoch 92/100, lr:  0.00002192, eta: 1.35h, train_loss:  0.18478, valid_loss:  0.23231
INFO|2024-09-27 08:03:26: 	Train: PQ_Vm_rmse: 0.00003335  PQ_Va_rmse: 0.00106188  PV_Va_rmse: 0.00102164  delta_p: 0.00194024  delta_q: 0.00028525  
INFO|2024-09-27 08:03:26: 	ZTest: PQ_Vm_rmse: 0.00008031  PQ_Va_rmse: 0.00308170  PV_Va_rmse: 0.00293431  delta_p: 0.00384238  delta_q: 0.00055926  
INFO|2024-09-27 08:03:26: 	ZTest-ema: PQ_Vm_rmse: 0.000081  PQ_Va_rmse: 0.003128  PV_Va_rmse: 0.002982  delta_p: 0.003580  delta_q: 0.000527  
INFO|2024-09-27 08:03:26: 	           ValOfEMA:0.003128/0.003118,  Epoch:93/80
INFO|2024-09-27 08:03:27: 	Time(ep):692s,  Val(curr/best):0.003082/0.003075,  Epoch(curr/best):93/81
INFO|2024-09-27 08:03:27: -------------------- Epoch: 94 --------------------
INFO|2024-09-27 08:04:27: Epoch[094/100], iter[040/392], loss_total:0.18090, loss_equ:0.40469 loss_pq_vm:0.00248 loss_pq_va:0.05883 loss_pv_va:0.05683
INFO|2024-09-27 08:05:25: Epoch[094/100], iter[079/392], loss_total:0.19483, loss_equ:0.41632 loss_pq_vm:0.00252 loss_pq_va:0.06531 loss_pv_va:0.06270
INFO|2024-09-27 08:06:23: Epoch[094/100], iter[118/392], loss_total:0.18476, loss_equ:0.40966 loss_pq_vm:0.00245 loss_pq_va:0.06053 loss_pv_va:0.05874
INFO|2024-09-27 08:07:21: Epoch[094/100], iter[157/392], loss_total:0.18249, loss_equ:0.40272 loss_pq_vm:0.00246 loss_pq_va:0.06009 loss_pv_va:0.05751
INFO|2024-09-27 08:08:18: Epoch[094/100], iter[196/392], loss_total:0.18495, loss_equ:0.41192 loss_pq_vm:0.00247 loss_pq_va:0.06061 loss_pv_va:0.05847
INFO|2024-09-27 08:09:16: Epoch[094/100], iter[235/392], loss_total:0.19421, loss_equ:0.40948 loss_pq_vm:0.00247 loss_pq_va:0.06584 loss_pv_va:0.06270
INFO|2024-09-27 08:10:13: Epoch[094/100], iter[274/392], loss_total:0.17777, loss_equ:0.40483 loss_pq_vm:0.00243 loss_pq_va:0.05766 loss_pv_va:0.05536
INFO|2024-09-27 08:11:10: Epoch[094/100], iter[313/392], loss_total:0.18543, loss_equ:0.40448 loss_pq_vm:0.00250 loss_pq_va:0.06103 loss_pv_va:0.05899
INFO|2024-09-27 08:12:07: Epoch[094/100], iter[352/392], loss_total:0.18583, loss_equ:0.40495 loss_pq_vm:0.00250 loss_pq_va:0.06157 loss_pv_va:0.05877
INFO|2024-09-27 08:13:06: Epoch[094/100], iter[392/392], loss_total:0.18258, loss_equ:0.40897 loss_pq_vm:0.00246 loss_pq_va:0.05977 loss_pv_va:0.05727
INFO|2024-09-27 08:14:59: Epoch 93/100, lr:  0.00001877, eta: 1.15h, train_loss:  0.18449, valid_loss:  0.23156
INFO|2024-09-27 08:14:59: 	Train: PQ_Vm_rmse: 0.00003269  PQ_Va_rmse: 0.00105508  PV_Va_rmse: 0.00101590  delta_p: 0.00190954  delta_q: 0.00028105  
INFO|2024-09-27 08:14:59: 	ZTest: PQ_Vm_rmse: 0.00008200  PQ_Va_rmse: 0.00313315  PV_Va_rmse: 0.00299124  delta_p: 0.00365944  delta_q: 0.00054581  
INFO|2024-09-27 08:14:59: 	ZTest-ema: PQ_Vm_rmse: 0.000082  PQ_Va_rmse: 0.003127  PV_Va_rmse: 0.002971  delta_p: 0.003617  delta_q: 0.000529  
INFO|2024-09-27 08:14:59: 	           ValOfEMA:0.003127/0.003118,  Epoch:94/80
INFO|2024-09-27 08:14:59: 	Time(ep):692s,  Val(curr/best):0.003133/0.003075,  Epoch(curr/best):94/81
INFO|2024-09-27 08:14:59: -------------------- Epoch: 95 --------------------
INFO|2024-09-27 08:16:01: Epoch[095/100], iter[040/392], loss_total:0.17203, loss_equ:0.39691 loss_pq_vm:0.00241 loss_pq_va:0.05507 loss_pv_va:0.05313
INFO|2024-09-27 08:16:58: Epoch[095/100], iter[079/392], loss_total:0.18194, loss_equ:0.40005 loss_pq_vm:0.00238 loss_pq_va:0.06010 loss_pv_va:0.05801
INFO|2024-09-27 08:17:55: Epoch[095/100], iter[118/392], loss_total:0.19445, loss_equ:0.41841 loss_pq_vm:0.00247 loss_pq_va:0.06519 loss_pv_va:0.06273
INFO|2024-09-27 08:18:52: Epoch[095/100], iter[157/392], loss_total:0.18310, loss_equ:0.41154 loss_pq_vm:0.00247 loss_pq_va:0.05960 loss_pv_va:0.05764
INFO|2024-09-27 08:19:49: Epoch[095/100], iter[196/392], loss_total:0.18391, loss_equ:0.40547 loss_pq_vm:0.00246 loss_pq_va:0.06074 loss_pv_va:0.05806
INFO|2024-09-27 08:20:47: Epoch[095/100], iter[235/392], loss_total:0.17714, loss_equ:0.38947 loss_pq_vm:0.00242 loss_pq_va:0.05815 loss_pv_va:0.05586
INFO|2024-09-27 08:21:44: Epoch[095/100], iter[274/392], loss_total:0.18102, loss_equ:0.40090 loss_pq_vm:0.00244 loss_pq_va:0.05929 loss_pv_va:0.05720
INFO|2024-09-27 08:22:41: Epoch[095/100], iter[313/392], loss_total:0.18282, loss_equ:0.40701 loss_pq_vm:0.00249 loss_pq_va:0.05982 loss_pv_va:0.05739
INFO|2024-09-27 08:23:38: Epoch[095/100], iter[352/392], loss_total:0.18745, loss_equ:0.40688 loss_pq_vm:0.00247 loss_pq_va:0.06225 loss_pv_va:0.05985
INFO|2024-09-27 08:24:36: Epoch[095/100], iter[392/392], loss_total:0.18251, loss_equ:0.41125 loss_pq_vm:0.00247 loss_pq_va:0.05946 loss_pv_va:0.05724
INFO|2024-09-27 08:26:30: Epoch 94/100, lr:  0.00001609, eta: 0.96h, train_loss:  0.18418, valid_loss:  0.23240
INFO|2024-09-27 08:26:30: 	Train: PQ_Vm_rmse: 0.00003323  PQ_Va_rmse: 0.00104878  PV_Va_rmse: 0.00100861  delta_p: 0.00189188  delta_q: 0.00028048  
INFO|2024-09-27 08:26:30: 	ZTest: PQ_Vm_rmse: 0.00008048  PQ_Va_rmse: 0.00315588  PV_Va_rmse: 0.00300681  delta_p: 0.00368333  delta_q: 0.00053721  
INFO|2024-09-27 08:26:30: 	ZTest-ema: PQ_Vm_rmse: 0.000080  PQ_Va_rmse: 0.003074  PV_Va_rmse: 0.002939  delta_p: 0.003575  delta_q: 0.000525  
INFO|2024-09-27 08:26:30: 	           ValOfEMA:0.003074/0.003074,  Epoch:95/95
INFO|2024-09-27 08:26:30: 	Time(ep):690s,  Val(curr/best):0.003156/0.003075,  Epoch(curr/best):95/81
INFO|2024-09-27 08:26:30: -------------------- Epoch: 96 --------------------
INFO|2024-09-27 08:27:31: Epoch[096/100], iter[040/392], loss_total:0.18776, loss_equ:0.40850 loss_pq_vm:0.00245 loss_pq_va:0.06232 loss_pv_va:0.06012
INFO|2024-09-27 08:28:28: Epoch[096/100], iter[079/392], loss_total:0.17677, loss_equ:0.40150 loss_pq_vm:0.00240 loss_pq_va:0.05711 loss_pv_va:0.05555
INFO|2024-09-27 08:29:26: Epoch[096/100], iter[118/392], loss_total:0.18232, loss_equ:0.40742 loss_pq_vm:0.00249 loss_pq_va:0.05950 loss_pv_va:0.05721
INFO|2024-09-27 08:30:24: Epoch[096/100], iter[157/392], loss_total:0.18495, loss_equ:0.40947 loss_pq_vm:0.00248 loss_pq_va:0.06095 loss_pv_va:0.05824
INFO|2024-09-27 08:31:21: Epoch[096/100], iter[196/392], loss_total:0.18596, loss_equ:0.41425 loss_pq_vm:0.00249 loss_pq_va:0.06070 loss_pv_va:0.05892
INFO|2024-09-27 08:32:19: Epoch[096/100], iter[235/392], loss_total:0.18052, loss_equ:0.40402 loss_pq_vm:0.00248 loss_pq_va:0.05897 loss_pv_va:0.05634
INFO|2024-09-27 08:33:17: Epoch[096/100], iter[274/392], loss_total:0.19486, loss_equ:0.40981 loss_pq_vm:0.00257 loss_pq_va:0.06543 loss_pv_va:0.06275
INFO|2024-09-27 08:34:14: Epoch[096/100], iter[313/392], loss_total:0.18488, loss_equ:0.40521 loss_pq_vm:0.00250 loss_pq_va:0.06067 loss_pv_va:0.05865
INFO|2024-09-27 08:35:11: Epoch[096/100], iter[352/392], loss_total:0.19110, loss_equ:0.42156 loss_pq_vm:0.00251 loss_pq_va:0.06273 loss_pv_va:0.06115
INFO|2024-09-27 08:36:10: Epoch[096/100], iter[392/392], loss_total:0.18433, loss_equ:0.41097 loss_pq_vm:0.00253 loss_pq_va:0.06011 loss_pv_va:0.05784
INFO|2024-09-27 08:38:04: Epoch 95/100, lr:  0.00001390, eta: 0.77h, train_loss:  0.18415, valid_loss:  0.23153
INFO|2024-09-27 08:38:04: 	Train: PQ_Vm_rmse: 0.00003326  PQ_Va_rmse: 0.00104412  PV_Va_rmse: 0.00100499  delta_p: 0.00187663  delta_q: 0.00027708  
INFO|2024-09-27 08:38:04: 	ZTest: PQ_Vm_rmse: 0.00008443  PQ_Va_rmse: 0.00312451  PV_Va_rmse: 0.00299600  delta_p: 0.00357423  delta_q: 0.00052849  
INFO|2024-09-27 08:38:04: 	ZTest-ema: PQ_Vm_rmse: 0.000082  PQ_Va_rmse: 0.003091  PV_Va_rmse: 0.002966  delta_p: 0.003587  delta_q: 0.000528  
INFO|2024-09-27 08:38:04: 	           ValOfEMA:0.003091/0.003074,  Epoch:96/95
INFO|2024-09-27 08:38:05: 	Time(ep):693s,  Val(curr/best):0.003125/0.003075,  Epoch(curr/best):96/81
INFO|2024-09-27 08:38:05: -------------------- Epoch: 97 --------------------
INFO|2024-09-27 08:39:06: Epoch[097/100], iter[040/392], loss_total:0.19255, loss_equ:0.40825 loss_pq_vm:0.00253 loss_pq_va:0.06459 loss_pv_va:0.06186
INFO|2024-09-27 08:40:04: Epoch[097/100], iter[079/392], loss_total:0.19428, loss_equ:0.42172 loss_pq_vm:0.00257 loss_pq_va:0.06460 loss_pv_va:0.06181
INFO|2024-09-27 08:41:02: Epoch[097/100], iter[118/392], loss_total:0.17845, loss_equ:0.40409 loss_pq_vm:0.00243 loss_pq_va:0.05782 loss_pv_va:0.05591
INFO|2024-09-27 08:42:00: Epoch[097/100], iter[157/392], loss_total:0.17582, loss_equ:0.39938 loss_pq_vm:0.00244 loss_pq_va:0.05689 loss_pv_va:0.05459
INFO|2024-09-27 08:42:57: Epoch[097/100], iter[196/392], loss_total:0.18947, loss_equ:0.41187 loss_pq_vm:0.00250 loss_pq_va:0.06301 loss_pv_va:0.06022
INFO|2024-09-27 08:43:54: Epoch[097/100], iter[235/392], loss_total:0.17523, loss_equ:0.39901 loss_pq_vm:0.00240 loss_pq_va:0.05662 loss_pv_va:0.05470
INFO|2024-09-27 08:44:52: Epoch[097/100], iter[274/392], loss_total:0.18485, loss_equ:0.40098 loss_pq_vm:0.00245 loss_pq_va:0.06134 loss_pv_va:0.05889
INFO|2024-09-27 08:45:49: Epoch[097/100], iter[313/392], loss_total:0.18456, loss_equ:0.40750 loss_pq_vm:0.00253 loss_pq_va:0.06044 loss_pv_va:0.05804
INFO|2024-09-27 08:46:46: Epoch[097/100], iter[352/392], loss_total:0.19308, loss_equ:0.41622 loss_pq_vm:0.00249 loss_pq_va:0.06455 loss_pv_va:0.06203
INFO|2024-09-27 08:47:45: Epoch[097/100], iter[392/392], loss_total:0.18842, loss_equ:0.40417 loss_pq_vm:0.00250 loss_pq_va:0.06292 loss_pv_va:0.06004
INFO|2024-09-27 08:49:38: Epoch 96/100, lr:  0.00001220, eta: 0.58h, train_loss:  0.18415, valid_loss:  0.23164
INFO|2024-09-27 08:49:38: 	Train: PQ_Vm_rmse: 0.00003353  PQ_Va_rmse: 0.00105978  PV_Va_rmse: 0.00101955  delta_p: 0.00187796  delta_q: 0.00027527  
INFO|2024-09-27 08:49:38: 	ZTest: PQ_Vm_rmse: 0.00008072  PQ_Va_rmse: 0.00308465  PV_Va_rmse: 0.00294157  delta_p: 0.00354595  delta_q: 0.00052264  
INFO|2024-09-27 08:49:38: 	ZTest-ema: PQ_Vm_rmse: 0.000082  PQ_Va_rmse: 0.003103  PV_Va_rmse: 0.002950  delta_p: 0.003572  delta_q: 0.000525  
INFO|2024-09-27 08:49:38: 	           ValOfEMA:0.003103/0.003074,  Epoch:97/95
INFO|2024-09-27 08:49:38: 	Time(ep):692s,  Val(curr/best):0.003085/0.003075,  Epoch(curr/best):97/81
INFO|2024-09-27 08:49:38: -------------------- Epoch: 98 --------------------
INFO|2024-09-27 08:50:38: Epoch[098/100], iter[040/392], loss_total:0.18296, loss_equ:0.40514 loss_pq_vm:0.00250 loss_pq_va:0.05991 loss_pv_va:0.05754
INFO|2024-09-27 08:51:36: Epoch[098/100], iter[079/392], loss_total:0.18437, loss_equ:0.40825 loss_pq_vm:0.00250 loss_pq_va:0.06032 loss_pv_va:0.05823
INFO|2024-09-27 08:52:33: Epoch[098/100], iter[118/392], loss_total:0.18665, loss_equ:0.41053 loss_pq_vm:0.00252 loss_pq_va:0.06124 loss_pv_va:0.05921
INFO|2024-09-27 08:53:31: Epoch[098/100], iter[157/392], loss_total:0.17153, loss_equ:0.38991 loss_pq_vm:0.00246 loss_pq_va:0.05507 loss_pv_va:0.05290
INFO|2024-09-27 08:54:29: Epoch[098/100], iter[196/392], loss_total:0.17870, loss_equ:0.40421 loss_pq_vm:0.00246 loss_pq_va:0.05791 loss_pv_va:0.05573
INFO|2024-09-27 08:55:26: Epoch[098/100], iter[235/392], loss_total:0.18074, loss_equ:0.40059 loss_pq_vm:0.00246 loss_pq_va:0.05899 loss_pv_va:0.05712
INFO|2024-09-27 08:56:24: Epoch[098/100], iter[274/392], loss_total:0.18495, loss_equ:0.40891 loss_pq_vm:0.00246 loss_pq_va:0.06102 loss_pv_va:0.05849
INFO|2024-09-27 08:57:21: Epoch[098/100], iter[313/392], loss_total:0.17981, loss_equ:0.40362 loss_pq_vm:0.00244 loss_pq_va:0.05841 loss_pv_va:0.05667
INFO|2024-09-27 08:58:19: Epoch[098/100], iter[352/392], loss_total:0.18087, loss_equ:0.40884 loss_pq_vm:0.00245 loss_pq_va:0.05902 loss_pv_va:0.05650
INFO|2024-09-27 08:59:18: Epoch[098/100], iter[392/392], loss_total:0.17825, loss_equ:0.40130 loss_pq_vm:0.00247 loss_pq_va:0.05768 loss_pv_va:0.05575
INFO|2024-09-27 09:01:11: Epoch 97/100, lr:  0.00001098, eta: 0.39h, train_loss:  0.18400, valid_loss:  0.23176
INFO|2024-09-27 09:01:11: 	Train: PQ_Vm_rmse: 0.00003351  PQ_Va_rmse: 0.00105045  PV_Va_rmse: 0.00101108  delta_p: 0.00184447  delta_q: 0.00027240  
INFO|2024-09-27 09:01:11: 	ZTest: PQ_Vm_rmse: 0.00008097  PQ_Va_rmse: 0.00307585  PV_Va_rmse: 0.00293292  delta_p: 0.00361061  delta_q: 0.00053654  
INFO|2024-09-27 09:01:11: 	ZTest-ema: PQ_Vm_rmse: 0.000080  PQ_Va_rmse: 0.003060  PV_Va_rmse: 0.002911  delta_p: 0.003572  delta_q: 0.000528  
INFO|2024-09-27 09:01:11: 	           ValOfEMA:0.003060/0.003060,  Epoch:98/98
INFO|2024-09-27 09:01:12: 	Time(ep):693s,  Val(curr/best):0.003076/0.003075,  Epoch(curr/best):98/81
INFO|2024-09-27 09:01:12: -------------------- Epoch: 99 --------------------
INFO|2024-09-27 09:02:13: Epoch[099/100], iter[040/392], loss_total:0.18116, loss_equ:0.40282 loss_pq_vm:0.00241 loss_pq_va:0.05937 loss_pv_va:0.05745
INFO|2024-09-27 09:03:10: Epoch[099/100], iter[079/392], loss_total:0.17893, loss_equ:0.39981 loss_pq_vm:0.00245 loss_pq_va:0.05814 loss_pv_va:0.05633
INFO|2024-09-27 09:04:08: Epoch[099/100], iter[118/392], loss_total:0.18786, loss_equ:0.41644 loss_pq_vm:0.00251 loss_pq_va:0.06147 loss_pv_va:0.05965
INFO|2024-09-27 09:05:05: Epoch[099/100], iter[157/392], loss_total:0.18652, loss_equ:0.40689 loss_pq_vm:0.00249 loss_pq_va:0.06167 loss_pv_va:0.05930
INFO|2024-09-27 09:06:03: Epoch[099/100], iter[196/392], loss_total:0.19848, loss_equ:0.42680 loss_pq_vm:0.00260 loss_pq_va:0.06651 loss_pv_va:0.06333
INFO|2024-09-27 09:07:01: Epoch[099/100], iter[235/392], loss_total:0.17712, loss_equ:0.39915 loss_pq_vm:0.00241 loss_pq_va:0.05757 loss_pv_va:0.05554
INFO|2024-09-27 09:07:58: Epoch[099/100], iter[274/392], loss_total:0.19366, loss_equ:0.41154 loss_pq_vm:0.00251 loss_pq_va:0.06484 loss_pv_va:0.06254
INFO|2024-09-27 09:08:56: Epoch[099/100], iter[313/392], loss_total:0.18276, loss_equ:0.41009 loss_pq_vm:0.00247 loss_pq_va:0.05961 loss_pv_va:0.05746
INFO|2024-09-27 09:09:54: Epoch[099/100], iter[352/392], loss_total:0.18655, loss_equ:0.40469 loss_pq_vm:0.00241 loss_pq_va:0.06207 loss_pv_va:0.05986
INFO|2024-09-27 09:10:53: Epoch[099/100], iter[392/392], loss_total:0.18290, loss_equ:0.41127 loss_pq_vm:0.00250 loss_pq_va:0.05958 loss_pv_va:0.05718
INFO|2024-09-27 09:12:46: Epoch 98/100, lr:  0.00001024, eta: 0.19h, train_loss:  0.18386, valid_loss:  0.23161
INFO|2024-09-27 09:12:46: 	Train: PQ_Vm_rmse: 0.00003334  PQ_Va_rmse: 0.00103368  PV_Va_rmse: 0.00099353  delta_p: 0.00184334  delta_q: 0.00027389  
INFO|2024-09-27 09:12:46: 	ZTest: PQ_Vm_rmse: 0.00008008  PQ_Va_rmse: 0.00306277  PV_Va_rmse: 0.00291669  delta_p: 0.00358557  delta_q: 0.00052796  
INFO|2024-09-27 09:12:46: 	ZTest-ema: PQ_Vm_rmse: 0.000080  PQ_Va_rmse: 0.003084  PV_Va_rmse: 0.002927  delta_p: 0.003585  delta_q: 0.000528  
INFO|2024-09-27 09:12:46: 	           ValOfEMA:0.003084/0.003060,  Epoch:99/98
INFO|2024-09-27 09:12:48: 	Time(ep):694s,  Val(curr/best):0.003063/0.003063,  Epoch(curr/best):99/99
INFO|2024-09-27 09:12:48: -------------------- Epoch: 100 --------------------
INFO|2024-09-27 09:13:48: Epoch[100/100], iter[040/392], loss_total:0.18172, loss_equ:0.40858 loss_pq_vm:0.00247 loss_pq_va:0.05901 loss_pv_va:0.05712
INFO|2024-09-27 09:14:46: Epoch[100/100], iter[079/392], loss_total:0.18896, loss_equ:0.41510 loss_pq_vm:0.00252 loss_pq_va:0.06207 loss_pv_va:0.06013
INFO|2024-09-27 09:15:43: Epoch[100/100], iter[118/392], loss_total:0.18738, loss_equ:0.41602 loss_pq_vm:0.00249 loss_pq_va:0.06171 loss_pv_va:0.05913
INFO|2024-09-27 09:16:40: Epoch[100/100], iter[157/392], loss_total:0.19059, loss_equ:0.41075 loss_pq_vm:0.00246 loss_pq_va:0.06360 loss_pv_va:0.06134
INFO|2024-09-27 09:17:38: Epoch[100/100], iter[196/392], loss_total:0.18430, loss_equ:0.40980 loss_pq_vm:0.00249 loss_pq_va:0.06043 loss_pv_va:0.05800
INFO|2024-09-27 09:18:36: Epoch[100/100], iter[235/392], loss_total:0.19010, loss_equ:0.41583 loss_pq_vm:0.00252 loss_pq_va:0.06280 loss_pv_va:0.06054
INFO|2024-09-27 09:19:34: Epoch[100/100], iter[274/392], loss_total:0.18165, loss_equ:0.41256 loss_pq_vm:0.00244 loss_pq_va:0.05917 loss_pv_va:0.05687
INFO|2024-09-27 09:20:31: Epoch[100/100], iter[313/392], loss_total:0.17957, loss_equ:0.40816 loss_pq_vm:0.00248 loss_pq_va:0.05816 loss_pv_va:0.05580
INFO|2024-09-27 09:21:29: Epoch[100/100], iter[352/392], loss_total:0.17304, loss_equ:0.40275 loss_pq_vm:0.00245 loss_pq_va:0.05519 loss_pv_va:0.05303
INFO|2024-09-27 09:22:28: Epoch[100/100], iter[392/392], loss_total:0.18696, loss_equ:0.40586 loss_pq_vm:0.00251 loss_pq_va:0.06223 loss_pv_va:0.05902
INFO|2024-09-27 09:24:21: Epoch 99/100, lr:  0.00001000, eta: 0.0h, train_loss:  0.18382, valid_loss:  0.23118
INFO|2024-09-27 09:24:21: 	Train: PQ_Vm_rmse: 0.00003338  PQ_Va_rmse: 0.00104374  PV_Va_rmse: 0.00100563  delta_p: 0.00183835  delta_q: 0.00027149  
INFO|2024-09-27 09:24:21: 	ZTest: PQ_Vm_rmse: 0.00007869  PQ_Va_rmse: 0.00301738  PV_Va_rmse: 0.00288408  delta_p: 0.00356352  delta_q: 0.00052515  
INFO|2024-09-27 09:24:21: 	ZTest-ema: PQ_Vm_rmse: 0.000080  PQ_Va_rmse: 0.003096  PV_Va_rmse: 0.002942  delta_p: 0.003569  delta_q: 0.000527  
INFO|2024-09-27 09:24:21: 	           ValOfEMA:0.003096/0.003060,  Epoch:100/98
INFO|2024-09-27 09:24:22: 	Time(ep):692s,  Val(curr/best):0.003017/0.003017,  Epoch(curr/best):100/100
