INFO|2024-09-26 12:24:26: 
{'batch_size': 256,
 'config': '/home/bingxing2/ailab/zhaozhen/energy/senseflow/configs/test_gnns_resgatedgraphconv_v2_1.yaml',
 'data': {'batch_size': 256,
          'batch_size_test': 256,
          'meta': {'edge': [['PQ', 'default', 'PQ'],
                            ['PQ', 'default', 'PV'],
                            ['PQ', 'default', 'Slack'],
                            ['PV', 'default', 'PQ'],
                            ['PV', 'default', 'PV'],
                            ['PV', 'default', 'Slack'],
                            ['Slack', 'default', 'PQ'],
                            ['Slack', 'default', 'PV']],
                   'node': ['PQ', 'PV', 'Slack']},
          'num_workers': 4,
          'train': {'data_root': '/',
                    'dataset_type': 'PowerFlowDataset',
                    'mask_num': 0,
                    'pq_len': 29,
                    'pv_len': 9,
                    'slack_len': 1,
                    'split_txt': '/home/bingxing2/ailab/zhaozhen/energy/senseflow/data_json/processed/10w_case39_n_n_1.json'},
          'val': {'data_root': '/',
                  'dataset_type': 'PowerFlowDataset',
                  'mask_num': 0,
                  'pq_len': 29,
                  'pv_len': 9,
                  'slack_len': 1,
                  'split_txt': '/home/bingxing2/ailab/zhaozhen/energy/senseflow/data_json/processed/2w_case39_n_2.json'}},
 'distributed': False,
 'flag_return_losses': True,
 'local_rank': 0,
 'log_path': './results/test_gnns_resgatedgraphconv_v2_1/2024_09_26_12_24_26',
 'loss': {'aggr': 'abs', 'filt_type': True, 'type': 'bi_deltapq_loss'},
 'mask_num': 0,
 'model': {'batch_size': 256,
           'ema_decay_param': 0.99,
           'ema_warmup_epoch': 10,
           'flag_use_edge_feat': False,
           'flag_use_ema': True,
           'flag_use_ffn': False,
           'flag_use_fusion': False,
           'flag_weighted_loss': True,
           'gcn_type': 'resgatedgraphconv',
           'heads_num': 4,
           'hidden_channels': 128,
           'loss_type': 'l1',
           'loss_weight_equ': 0.1,
           'loss_weight_va': 1.0,
           'loss_weight_vm': 10.0,
           'matrix': 'vm_va',
           'num_block': 8,
           'num_loops_test': -1,
           'num_loops_train': 8,
           'resume_ckpt_path': '',
           'scaling_factor_va': 0.01,
           'scaling_factor_vm': 0.01,
           'type': 'test_gnn',
           'with_norm': True},
 'ngpus': 1,
 'pq_len': 29,
 'pv_len': 9,
 'scheduler': {'eta_min': '1e-5', 'type': 'Cosine'},
 'seed': 2024,
 'slack_len': 1,
 'train': {'epochs': 100,
           'learning_rate': 0.001,
           'logs_freq': 10,
           'momentum': 0.9,
           'optimizer_type': 'Adam',
           'weight_decay': 0.0}}
INFO|2024-09-26 12:24:31: ==================== Total number of parameters: 4.358M
INFO|2024-09-26 12:24:31: -------------------- Epoch: 1 --------------------
INFO|2024-09-26 12:25:24: Epoch[001/100], iter[040/392], loss_total:5.42429, loss_equ:10.81994 loss_pq_vm:0.09018 loss_pq_va:1.65761 loss_pv_va:1.78293
INFO|2024-09-26 12:26:13: Epoch[001/100], iter[079/392], loss_total:5.25099, loss_equ:9.41766 loss_pq_vm:0.07516 loss_pq_va:1.70367 loss_pv_va:1.85392
INFO|2024-09-26 12:27:03: Epoch[001/100], iter[118/392], loss_total:4.66241, loss_equ:10.19848 loss_pq_vm:0.06801 loss_pq_va:1.43803 loss_pv_va:1.52446
INFO|2024-09-26 12:27:52: Epoch[001/100], iter[157/392], loss_total:4.55480, loss_equ:8.69202 loss_pq_vm:0.06195 loss_pq_va:1.46041 loss_pv_va:1.60569
INFO|2024-09-26 12:28:42: Epoch[001/100], iter[196/392], loss_total:4.10548, loss_equ:8.67476 loss_pq_vm:0.06098 loss_pq_va:1.25819 loss_pv_va:1.36999
INFO|2024-09-26 12:29:31: Epoch[001/100], iter[235/392], loss_total:3.53360, loss_equ:7.50377 loss_pq_vm:0.06418 loss_pq_va:1.02569 loss_pv_va:1.11573
INFO|2024-09-26 12:30:21: Epoch[001/100], iter[274/392], loss_total:3.11291, loss_equ:6.64143 loss_pq_vm:0.04928 loss_pq_va:0.95627 loss_pv_va:0.99969
INFO|2024-09-26 12:31:11: Epoch[001/100], iter[313/392], loss_total:3.27258, loss_equ:8.09917 loss_pq_vm:0.06089 loss_pq_va:0.89769 loss_pv_va:0.95607
INFO|2024-09-26 12:32:01: Epoch[001/100], iter[352/392], loss_total:3.14686, loss_equ:7.10425 loss_pq_vm:0.05173 loss_pq_va:0.92206 loss_pv_va:0.99704
INFO|2024-09-26 12:32:52: Epoch[001/100], iter[392/392], loss_total:3.07768, loss_equ:5.46669 loss_pq_vm:0.05012 loss_pq_va:0.97545 loss_pv_va:1.05439
INFO|2024-09-26 12:34:29: Epoch 0/100, lr:  0.00099976, eta: 16.44h, train_loss:  4.26937, valid_loss:  3.16940
INFO|2024-09-26 12:34:29: 	Train: PQ_Vm_rmse: 0.00924890  PQ_Va_rmse: 0.13507835  PV_Va_rmse: 0.14798893  delta_p: 0.50906082  delta_q: 0.19863491  
INFO|2024-09-26 12:34:29: 	ZTest: PQ_Vm_rmse: 0.00554861  PQ_Va_rmse: 0.07152576  PV_Va_rmse: 0.07896187  delta_p: 0.27024630  delta_q: 0.11969921  
INFO|2024-09-26 12:34:29: 	ZTest-ema: PQ_Vm_rmse: 0.005549  PQ_Va_rmse: 0.071526  PV_Va_rmse: 0.078962  delta_p: 0.270246  delta_q: 0.119699  
INFO|2024-09-26 12:34:29: 	           ValOfEMA:0.078962/0.078962,  Epoch:1/1
INFO|2024-09-26 12:34:30: 	Time(ep):597s,  Val(curr/best):0.078962/0.078962,  Epoch(curr/best):1/1
INFO|2024-09-26 12:34:30: -------------------- Epoch: 2 --------------------
INFO|2024-09-26 12:35:22: Epoch[002/100], iter[040/392], loss_total:3.40680, loss_equ:6.92896 loss_pq_vm:0.05720 loss_pq_va:1.02245 loss_pv_va:1.11942
INFO|2024-09-26 12:36:12: Epoch[002/100], iter[079/392], loss_total:2.87877, loss_equ:6.71021 loss_pq_vm:0.04936 loss_pq_va:0.82311 loss_pv_va:0.89102
INFO|2024-09-26 12:37:02: Epoch[002/100], iter[118/392], loss_total:2.87442, loss_equ:6.47113 loss_pq_vm:0.05117 loss_pq_va:0.82090 loss_pv_va:0.89474
INFO|2024-09-26 12:37:52: Epoch[002/100], iter[157/392], loss_total:2.63156, loss_equ:6.50019 loss_pq_vm:0.04089 loss_pq_va:0.75377 loss_pv_va:0.81886
INFO|2024-09-26 12:38:42: Epoch[002/100], iter[196/392], loss_total:3.48902, loss_equ:7.64096 loss_pq_vm:0.05053 loss_pq_va:1.05515 loss_pv_va:1.16451
INFO|2024-09-26 12:39:32: Epoch[002/100], iter[235/392], loss_total:2.70549, loss_equ:7.24880 loss_pq_vm:0.03944 loss_pq_va:0.75404 loss_pv_va:0.83212
INFO|2024-09-26 12:40:22: Epoch[002/100], iter[274/392], loss_total:2.27457, loss_equ:5.14307 loss_pq_vm:0.03369 loss_pq_va:0.67989 loss_pv_va:0.74347
INFO|2024-09-26 12:41:11: Epoch[002/100], iter[313/392], loss_total:2.76696, loss_equ:5.08921 loss_pq_vm:0.04111 loss_pq_va:0.87658 loss_pv_va:0.97033
INFO|2024-09-26 12:42:01: Epoch[002/100], iter[352/392], loss_total:2.66262, loss_equ:6.63711 loss_pq_vm:0.04979 loss_pq_va:0.71140 loss_pv_va:0.78958
INFO|2024-09-26 12:42:52: Epoch[002/100], iter[392/392], loss_total:3.10361, loss_equ:6.42878 loss_pq_vm:0.03931 loss_pq_va:0.98744 loss_pv_va:1.08021
INFO|2024-09-26 12:44:29: Epoch 1/100, lr:  0.00099902, eta: 16.31h, train_loss:  2.81431, valid_loss:  3.06852
INFO|2024-09-26 12:44:29: 	Train: PQ_Vm_rmse: 0.00482409  PQ_Va_rmse: 0.06220399  PV_Va_rmse: 0.06830377  delta_p: 0.33489687  delta_q: 0.08687776  
INFO|2024-09-26 12:44:29: 	ZTest: PQ_Vm_rmse: 0.00513321  PQ_Va_rmse: 0.08412155  PV_Va_rmse: 0.09251028  delta_p: 0.36206838  delta_q: 0.08489012  
INFO|2024-09-26 12:44:29: 	ZTest-ema: PQ_Vm_rmse: 0.005133  PQ_Va_rmse: 0.084122  PV_Va_rmse: 0.092510  delta_p: 0.362068  delta_q: 0.084890  
INFO|2024-09-26 12:44:29: 	           ValOfEMA:0.092510/0.078962,  Epoch:2/1
INFO|2024-09-26 12:44:30: 	Time(ep):599s,  Val(curr/best):0.092510/0.078962,  Epoch(curr/best):2/1
INFO|2024-09-26 12:44:30: -------------------- Epoch: 3 --------------------
INFO|2024-09-26 12:45:22: Epoch[003/100], iter[040/392], loss_total:2.74708, loss_equ:5.32507 loss_pq_vm:0.04048 loss_pq_va:0.86409 loss_pv_va:0.94563
INFO|2024-09-26 12:46:12: Epoch[003/100], iter[079/392], loss_total:2.06379, loss_equ:4.81467 loss_pq_vm:0.03728 loss_pq_va:0.57631 loss_pv_va:0.63326
INFO|2024-09-26 12:47:01: Epoch[003/100], iter[118/392], loss_total:2.05051, loss_equ:4.93186 loss_pq_vm:0.03240 loss_pq_va:0.59116 loss_pv_va:0.64220
INFO|2024-09-26 12:47:51: Epoch[003/100], iter[157/392], loss_total:2.32368, loss_equ:6.36511 loss_pq_vm:0.03605 loss_pq_va:0.62886 loss_pv_va:0.69783
INFO|2024-09-26 12:48:41: Epoch[003/100], iter[196/392], loss_total:2.25161, loss_equ:5.90292 loss_pq_vm:0.03673 loss_pq_va:0.61961 loss_pv_va:0.67441
INFO|2024-09-26 12:49:31: Epoch[003/100], iter[235/392], loss_total:2.06906, loss_equ:4.81097 loss_pq_vm:0.03082 loss_pq_va:0.60835 loss_pv_va:0.67137
INFO|2024-09-26 12:50:21: Epoch[003/100], iter[274/392], loss_total:2.25200, loss_equ:5.47501 loss_pq_vm:0.03733 loss_pq_va:0.63296 loss_pv_va:0.69820
INFO|2024-09-26 12:51:10: Epoch[003/100], iter[313/392], loss_total:2.12223, loss_equ:5.49141 loss_pq_vm:0.03156 loss_pq_va:0.59518 loss_pv_va:0.66236
INFO|2024-09-26 12:52:00: Epoch[003/100], iter[352/392], loss_total:2.19476, loss_equ:4.73984 loss_pq_vm:0.03416 loss_pq_va:0.65906 loss_pv_va:0.72015
INFO|2024-09-26 12:52:51: Epoch[003/100], iter[392/392], loss_total:2.73595, loss_equ:6.23328 loss_pq_vm:0.04367 loss_pq_va:0.79704 loss_pv_va:0.87885
INFO|2024-09-26 12:54:28: Epoch 2/100, lr:  0.00099780, eta: 16.14h, train_loss:  2.26140, valid_loss:  2.83246
INFO|2024-09-26 12:54:28: 	Train: PQ_Vm_rmse: 0.00339755  PQ_Va_rmse: 0.04390640  PV_Va_rmse: 0.04844411  delta_p: 0.23591697  delta_q: 0.06483193  
INFO|2024-09-26 12:54:28: 	ZTest: PQ_Vm_rmse: 0.00391488  PQ_Va_rmse: 0.08288920  PV_Va_rmse: 0.09236406  delta_p: 0.28793908  delta_q: 0.06461491  
INFO|2024-09-26 12:54:28: 	ZTest-ema: PQ_Vm_rmse: 0.003915  PQ_Va_rmse: 0.082889  PV_Va_rmse: 0.092364  delta_p: 0.287939  delta_q: 0.064615  
INFO|2024-09-26 12:54:28: 	           ValOfEMA:0.092364/0.078962,  Epoch:3/1
INFO|2024-09-26 12:54:29: 	Time(ep):598s,  Val(curr/best):0.092364/0.078962,  Epoch(curr/best):3/1
INFO|2024-09-26 12:54:29: -------------------- Epoch: 4 --------------------
INFO|2024-09-26 12:55:21: Epoch[004/100], iter[040/392], loss_total:1.88939, loss_equ:4.43132 loss_pq_vm:0.03384 loss_pq_va:0.52770 loss_pv_va:0.58018
INFO|2024-09-26 12:56:11: Epoch[004/100], iter[079/392], loss_total:2.47089, loss_equ:5.99444 loss_pq_vm:0.03690 loss_pq_va:0.71582 loss_pv_va:0.78660
INFO|2024-09-26 12:57:01: Epoch[004/100], iter[118/392], loss_total:2.11532, loss_equ:5.72760 loss_pq_vm:0.03540 loss_pq_va:0.56982 loss_pv_va:0.61870
INFO|2024-09-26 12:57:51: Epoch[004/100], iter[157/392], loss_total:2.18117, loss_equ:4.87659 loss_pq_vm:0.03192 loss_pq_va:0.64547 loss_pv_va:0.72886
INFO|2024-09-26 12:58:41: Epoch[004/100], iter[196/392], loss_total:2.28708, loss_equ:5.61390 loss_pq_vm:0.04298 loss_pq_va:0.62016 loss_pv_va:0.67574
INFO|2024-09-26 12:59:30: Epoch[004/100], iter[235/392], loss_total:1.91854, loss_equ:5.17184 loss_pq_vm:0.03360 loss_pq_va:0.50571 loss_pv_va:0.55965
INFO|2024-09-26 13:00:20: Epoch[004/100], iter[274/392], loss_total:1.52633, loss_equ:4.09890 loss_pq_vm:0.02414 loss_pq_va:0.41508 loss_pv_va:0.45997
INFO|2024-09-26 13:01:10: Epoch[004/100], iter[313/392], loss_total:2.05667, loss_equ:5.49216 loss_pq_vm:0.03304 loss_pq_va:0.56570 loss_pv_va:0.61139
INFO|2024-09-26 13:02:00: Epoch[004/100], iter[352/392], loss_total:2.07496, loss_equ:4.35795 loss_pq_vm:0.03121 loss_pq_va:0.63374 loss_pv_va:0.69329
INFO|2024-09-26 13:02:51: Epoch[004/100], iter[392/392], loss_total:1.69907, loss_equ:4.50789 loss_pq_vm:0.03070 loss_pq_va:0.44636 loss_pv_va:0.49490
INFO|2024-09-26 13:04:28: Epoch 3/100, lr:  0.00099610, eta: 15.98h, train_loss:  2.11181, valid_loss:  1.98737
INFO|2024-09-26 13:04:28: 	Train: PQ_Vm_rmse: 0.00318722  PQ_Va_rmse: 0.04055937  PV_Va_rmse: 0.04500805  delta_p: 0.22723502  delta_q: 0.05822671  
INFO|2024-09-26 13:04:28: 	ZTest: PQ_Vm_rmse: 0.00272408  PQ_Va_rmse: 0.03012236  PV_Va_rmse: 0.03363148  delta_p: 0.14734472  delta_q: 0.03928785  
INFO|2024-09-26 13:04:28: 	ZTest-ema: PQ_Vm_rmse: 0.002724  PQ_Va_rmse: 0.030122  PV_Va_rmse: 0.033631  delta_p: 0.147344  delta_q: 0.039288  
INFO|2024-09-26 13:04:28: 	           ValOfEMA:0.033631/0.033631,  Epoch:4/4
INFO|2024-09-26 13:04:29: 	Time(ep):599s,  Val(curr/best):0.033631/0.033631,  Epoch(curr/best):4/4
INFO|2024-09-26 13:04:29: -------------------- Epoch: 5 --------------------
INFO|2024-09-26 13:05:22: Epoch[005/100], iter[040/392], loss_total:1.55113, loss_equ:4.30713 loss_pq_vm:0.02658 loss_pq_va:0.39984 loss_pv_va:0.45476
INFO|2024-09-26 13:06:12: Epoch[005/100], iter[079/392], loss_total:1.63349, loss_equ:4.04451 loss_pq_vm:0.02893 loss_pq_va:0.45031 loss_pv_va:0.48940
INFO|2024-09-26 13:07:02: Epoch[005/100], iter[118/392], loss_total:1.93149, loss_equ:5.83071 loss_pq_vm:0.03429 loss_pq_va:0.48602 loss_pv_va:0.51951
INFO|2024-09-26 13:07:51: Epoch[005/100], iter[157/392], loss_total:1.54321, loss_equ:4.34471 loss_pq_vm:0.02379 loss_pq_va:0.41411 loss_pv_va:0.45673
INFO|2024-09-26 13:08:41: Epoch[005/100], iter[196/392], loss_total:1.54142, loss_equ:3.84309 loss_pq_vm:0.02374 loss_pq_va:0.44317 loss_pv_va:0.47653
INFO|2024-09-26 13:09:31: Epoch[005/100], iter[235/392], loss_total:1.35071, loss_equ:3.91607 loss_pq_vm:0.02270 loss_pq_va:0.34823 loss_pv_va:0.38385
INFO|2024-09-26 13:10:21: Epoch[005/100], iter[274/392], loss_total:3.71813, loss_equ:6.15083 loss_pq_vm:0.04973 loss_pq_va:1.27417 loss_pv_va:1.33161
INFO|2024-09-26 13:11:10: Epoch[005/100], iter[313/392], loss_total:1.72622, loss_equ:3.91056 loss_pq_vm:0.02893 loss_pq_va:0.50291 loss_pv_va:0.54293
INFO|2024-09-26 13:12:00: Epoch[005/100], iter[352/392], loss_total:1.54256, loss_equ:3.51613 loss_pq_vm:0.02446 loss_pq_va:0.45070 loss_pv_va:0.49564
INFO|2024-09-26 13:12:51: Epoch[005/100], iter[392/392], loss_total:2.54163, loss_equ:4.43858 loss_pq_vm:0.03539 loss_pq_va:0.82423 loss_pv_va:0.91961
INFO|2024-09-26 13:14:28: Epoch 4/100, lr:  0.00099391, eta: 15.81h, train_loss:  1.75527, valid_loss:  2.39327
INFO|2024-09-26 13:14:28: 	Train: PQ_Vm_rmse: 0.00223664  PQ_Va_rmse: 0.02647762  PV_Va_rmse: 0.02889509  delta_p: 0.15136293  delta_q: 0.03837425  
INFO|2024-09-26 13:14:28: 	ZTest: PQ_Vm_rmse: 0.00418633  PQ_Va_rmse: 0.05658147  PV_Va_rmse: 0.06341340  delta_p: 0.15415034  delta_q: 0.03864281  
INFO|2024-09-26 13:14:28: 	ZTest-ema: PQ_Vm_rmse: 0.004186  PQ_Va_rmse: 0.056581  PV_Va_rmse: 0.063413  delta_p: 0.154151  delta_q: 0.038643  
INFO|2024-09-26 13:14:28: 	           ValOfEMA:0.063413/0.033631,  Epoch:5/4
INFO|2024-09-26 13:14:29: 	Time(ep):599s,  Val(curr/best):0.063413/0.033631,  Epoch(curr/best):5/4
INFO|2024-09-26 13:14:29: -------------------- Epoch: 6 --------------------
INFO|2024-09-26 13:15:21: Epoch[006/100], iter[040/392], loss_total:1.78271, loss_equ:5.17381 loss_pq_vm:0.02792 loss_pq_va:0.46724 loss_pv_va:0.51889
INFO|2024-09-26 13:16:11: Epoch[006/100], iter[079/392], loss_total:1.69319, loss_equ:5.18296 loss_pq_vm:0.03101 loss_pq_va:0.40660 loss_pv_va:0.45823
INFO|2024-09-26 13:17:01: Epoch[006/100], iter[118/392], loss_total:1.69027, loss_equ:4.74622 loss_pq_vm:0.03118 loss_pq_va:0.43051 loss_pv_va:0.47330
INFO|2024-09-26 13:17:51: Epoch[006/100], iter[157/392], loss_total:1.64449, loss_equ:3.44158 loss_pq_vm:0.02627 loss_pq_va:0.49929 loss_pv_va:0.53836
INFO|2024-09-26 13:18:41: Epoch[006/100], iter[196/392], loss_total:1.52527, loss_equ:4.51606 loss_pq_vm:0.02473 loss_pq_va:0.39151 loss_pv_va:0.43490
INFO|2024-09-26 13:19:31: Epoch[006/100], iter[235/392], loss_total:1.53021, loss_equ:3.86439 loss_pq_vm:0.02441 loss_pq_va:0.42762 loss_pv_va:0.47208
INFO|2024-09-26 13:20:21: Epoch[006/100], iter[274/392], loss_total:2.30721, loss_equ:4.68391 loss_pq_vm:0.04322 loss_pq_va:0.66919 loss_pv_va:0.73746
INFO|2024-09-26 13:21:10: Epoch[006/100], iter[313/392], loss_total:1.48123, loss_equ:4.09236 loss_pq_vm:0.02668 loss_pq_va:0.38094 loss_pv_va:0.42424
INFO|2024-09-26 13:22:00: Epoch[006/100], iter[352/392], loss_total:1.36512, loss_equ:3.75369 loss_pq_vm:0.02350 loss_pq_va:0.35701 loss_pv_va:0.39777
INFO|2024-09-26 13:22:51: Epoch[006/100], iter[392/392], loss_total:1.53082, loss_equ:4.46934 loss_pq_vm:0.02571 loss_pq_va:0.39163 loss_pv_va:0.43518
INFO|2024-09-26 13:24:28: Epoch 5/100, lr:  0.00099123, eta: 15.64h, train_loss:  1.65379, valid_loss:  1.75068
INFO|2024-09-26 13:24:28: 	Train: PQ_Vm_rmse: 0.00213568  PQ_Va_rmse: 0.02471874  PV_Va_rmse: 0.02718089  delta_p: 0.13222211  delta_q: 0.03570024  
INFO|2024-09-26 13:24:28: 	ZTest: PQ_Vm_rmse: 0.00220873  PQ_Va_rmse: 0.02647500  PV_Va_rmse: 0.02881074  delta_p: 0.12476179  delta_q: 0.02934565  
INFO|2024-09-26 13:24:28: 	ZTest-ema: PQ_Vm_rmse: 0.002209  PQ_Va_rmse: 0.026475  PV_Va_rmse: 0.028811  delta_p: 0.124762  delta_q: 0.029346  
INFO|2024-09-26 13:24:28: 	           ValOfEMA:0.028811/0.028811,  Epoch:6/6
INFO|2024-09-26 13:24:29: 	Time(ep):599s,  Val(curr/best):0.028811/0.028811,  Epoch(curr/best):6/6
INFO|2024-09-26 13:24:29: -------------------- Epoch: 7 --------------------
INFO|2024-09-26 13:25:21: Epoch[007/100], iter[040/392], loss_total:1.66934, loss_equ:4.53325 loss_pq_vm:0.03389 loss_pq_va:0.41495 loss_pv_va:0.46218
INFO|2024-09-26 13:26:11: Epoch[007/100], iter[079/392], loss_total:1.98711, loss_equ:6.59197 loss_pq_vm:0.03909 loss_pq_va:0.44284 loss_pv_va:0.49416
INFO|2024-09-26 13:27:01: Epoch[007/100], iter[118/392], loss_total:1.86423, loss_equ:5.32955 loss_pq_vm:0.04155 loss_pq_va:0.43843 loss_pv_va:0.47737
INFO|2024-09-26 13:27:51: Epoch[007/100], iter[157/392], loss_total:1.50458, loss_equ:4.79640 loss_pq_vm:0.02534 loss_pq_va:0.36625 loss_pv_va:0.40529
INFO|2024-09-26 13:28:41: Epoch[007/100], iter[196/392], loss_total:1.97525, loss_equ:4.64961 loss_pq_vm:0.02883 loss_pq_va:0.58196 loss_pv_va:0.63998
INFO|2024-09-26 13:29:30: Epoch[007/100], iter[235/392], loss_total:2.28475, loss_equ:3.79591 loss_pq_vm:0.03710 loss_pq_va:0.73561 loss_pv_va:0.79855
INFO|2024-09-26 13:30:20: Epoch[007/100], iter[274/392], loss_total:1.53827, loss_equ:4.09416 loss_pq_vm:0.02538 loss_pq_va:0.41455 loss_pv_va:0.46048
INFO|2024-09-26 13:31:10: Epoch[007/100], iter[313/392], loss_total:1.40763, loss_equ:3.74156 loss_pq_vm:0.02421 loss_pq_va:0.37260 loss_pv_va:0.41876
INFO|2024-09-26 13:32:00: Epoch[007/100], iter[352/392], loss_total:1.43234, loss_equ:3.56214 loss_pq_vm:0.02386 loss_pq_va:0.40009 loss_pv_va:0.43739
INFO|2024-09-26 13:32:51: Epoch[007/100], iter[392/392], loss_total:1.42777, loss_equ:3.46812 loss_pq_vm:0.02649 loss_pq_va:0.38704 loss_pv_va:0.42898
INFO|2024-09-26 13:34:28: Epoch 6/100, lr:  0.00098808, eta: 15.47h, train_loss:  1.58363, valid_loss:  1.50626
INFO|2024-09-26 13:34:28: 	Train: PQ_Vm_rmse: 0.00199961  PQ_Va_rmse: 0.02286289  PV_Va_rmse: 0.02505895  delta_p: 0.12497224  delta_q: 0.03417209  
INFO|2024-09-26 13:34:28: 	ZTest: PQ_Vm_rmse: 0.00198631  PQ_Va_rmse: 0.01927522  PV_Va_rmse: 0.02116543  delta_p: 0.09031937  delta_q: 0.02497291  
INFO|2024-09-26 13:34:28: 	ZTest-ema: PQ_Vm_rmse: 0.001986  PQ_Va_rmse: 0.019275  PV_Va_rmse: 0.021165  delta_p: 0.090319  delta_q: 0.024973  
INFO|2024-09-26 13:34:28: 	           ValOfEMA:0.021165/0.021165,  Epoch:7/7
INFO|2024-09-26 13:34:29: 	Time(ep):598s,  Val(curr/best):0.021165/0.021165,  Epoch(curr/best):7/7
INFO|2024-09-26 13:34:29: -------------------- Epoch: 8 --------------------
INFO|2024-09-26 13:35:21: Epoch[008/100], iter[040/392], loss_total:1.18852, loss_equ:3.26230 loss_pq_vm:0.02118 loss_pq_va:0.30669 loss_pv_va:0.34379
INFO|2024-09-26 13:36:11: Epoch[008/100], iter[079/392], loss_total:1.59132, loss_equ:3.65362 loss_pq_vm:0.03666 loss_pq_va:0.40682 loss_pv_va:0.45254
INFO|2024-09-26 13:37:01: Epoch[008/100], iter[118/392], loss_total:1.70318, loss_equ:4.52194 loss_pq_vm:0.03204 loss_pq_va:0.44247 loss_pv_va:0.48812
INFO|2024-09-26 13:37:50: Epoch[008/100], iter[157/392], loss_total:1.44145, loss_equ:4.03763 loss_pq_vm:0.02392 loss_pq_va:0.38188 loss_pv_va:0.41663
INFO|2024-09-26 13:38:40: Epoch[008/100], iter[196/392], loss_total:1.29332, loss_equ:3.74179 loss_pq_vm:0.02165 loss_pq_va:0.32948 loss_pv_va:0.37311
INFO|2024-09-26 13:39:30: Epoch[008/100], iter[235/392], loss_total:1.22257, loss_equ:3.55924 loss_pq_vm:0.02027 loss_pq_va:0.31477 loss_pv_va:0.34921
INFO|2024-09-26 13:40:20: Epoch[008/100], iter[274/392], loss_total:1.65129, loss_equ:4.37078 loss_pq_vm:0.02880 loss_pq_va:0.44340 loss_pv_va:0.48279
INFO|2024-09-26 13:41:10: Epoch[008/100], iter[313/392], loss_total:1.30275, loss_equ:3.81272 loss_pq_vm:0.02376 loss_pq_va:0.32152 loss_pv_va:0.36238
INFO|2024-09-26 13:42:00: Epoch[008/100], iter[352/392], loss_total:1.33315, loss_equ:3.97366 loss_pq_vm:0.02147 loss_pq_va:0.34455 loss_pv_va:0.37650
INFO|2024-09-26 13:42:51: Epoch[008/100], iter[392/392], loss_total:1.57509, loss_equ:3.98000 loss_pq_vm:0.02655 loss_pq_va:0.43239 loss_pv_va:0.47922
INFO|2024-09-26 13:44:28: Epoch 7/100, lr:  0.00098445, eta: 15.3h, train_loss:  1.43986, valid_loss:  1.83983
INFO|2024-09-26 13:44:28: 	Train: PQ_Vm_rmse: 0.00171725  PQ_Va_rmse: 0.01970763  PV_Va_rmse: 0.02178386  delta_p: 0.10881926  delta_q: 0.02641217  
INFO|2024-09-26 13:44:28: 	ZTest: PQ_Vm_rmse: 0.00286921  PQ_Va_rmse: 0.03456726  PV_Va_rmse: 0.03868739  delta_p: 0.17763463  delta_q: 0.04008347  
INFO|2024-09-26 13:44:28: 	ZTest-ema: PQ_Vm_rmse: 0.002869  PQ_Va_rmse: 0.034567  PV_Va_rmse: 0.038687  delta_p: 0.177635  delta_q: 0.040083  
INFO|2024-09-26 13:44:28: 	           ValOfEMA:0.038687/0.021165,  Epoch:8/7
INFO|2024-09-26 13:44:28: 	Time(ep):598s,  Val(curr/best):0.038687/0.021165,  Epoch(curr/best):8/7
INFO|2024-09-26 13:44:28: -------------------- Epoch: 9 --------------------
INFO|2024-09-26 13:45:20: Epoch[009/100], iter[040/392], loss_total:1.28271, loss_equ:3.38918 loss_pq_vm:0.02586 loss_pq_va:0.32448 loss_pv_va:0.36071
INFO|2024-09-26 13:46:10: Epoch[009/100], iter[079/392], loss_total:1.23450, loss_equ:3.44771 loss_pq_vm:0.02263 loss_pq_va:0.31306 loss_pv_va:0.35038
INFO|2024-09-26 13:46:59: Epoch[009/100], iter[118/392], loss_total:1.19792, loss_equ:3.13721 loss_pq_vm:0.02197 loss_pq_va:0.31577 loss_pv_va:0.34868
INFO|2024-09-26 13:47:49: Epoch[009/100], iter[157/392], loss_total:1.20576, loss_equ:3.37208 loss_pq_vm:0.02260 loss_pq_va:0.30206 loss_pv_va:0.34053
INFO|2024-09-26 13:48:39: Epoch[009/100], iter[196/392], loss_total:1.29520, loss_equ:4.03564 loss_pq_vm:0.02169 loss_pq_va:0.32131 loss_pv_va:0.35344
INFO|2024-09-26 13:49:29: Epoch[009/100], iter[235/392], loss_total:1.25932, loss_equ:4.08809 loss_pq_vm:0.02006 loss_pq_va:0.30529 loss_pv_va:0.34461
INFO|2024-09-26 13:50:18: Epoch[009/100], iter[274/392], loss_total:1.10853, loss_equ:3.16434 loss_pq_vm:0.01782 loss_pq_va:0.28729 loss_pv_va:0.32657
INFO|2024-09-26 13:51:08: Epoch[009/100], iter[313/392], loss_total:1.19427, loss_equ:3.73590 loss_pq_vm:0.02212 loss_pq_va:0.28200 loss_pv_va:0.31743
INFO|2024-09-26 13:51:58: Epoch[009/100], iter[352/392], loss_total:1.22093, loss_equ:3.67523 loss_pq_vm:0.02092 loss_pq_va:0.30091 loss_pv_va:0.34324
INFO|2024-09-26 13:52:49: Epoch[009/100], iter[392/392], loss_total:1.54056, loss_equ:5.24604 loss_pq_vm:0.02715 loss_pq_va:0.35395 loss_pv_va:0.39049
INFO|2024-09-26 13:54:26: Epoch 8/100, lr:  0.00098035, eta: 15.12h, train_loss:  1.32342, valid_loss:  1.66632
INFO|2024-09-26 13:54:26: 	Train: PQ_Vm_rmse: 0.00147061  PQ_Va_rmse: 0.01646840  PV_Va_rmse: 0.01809038  delta_p: 0.10033177  delta_q: 0.02317464  
INFO|2024-09-26 13:54:26: 	ZTest: PQ_Vm_rmse: 0.00226426  PQ_Va_rmse: 0.02297514  PV_Va_rmse: 0.02546328  delta_p: 0.17568134  delta_q: 0.04958408  
INFO|2024-09-26 13:54:26: 	ZTest-ema: PQ_Vm_rmse: 0.002264  PQ_Va_rmse: 0.022975  PV_Va_rmse: 0.025463  delta_p: 0.175681  delta_q: 0.049584  
INFO|2024-09-26 13:54:26: 	           ValOfEMA:0.025463/0.021165,  Epoch:9/7
INFO|2024-09-26 13:54:27: 	Time(ep):598s,  Val(curr/best):0.025463/0.021165,  Epoch(curr/best):9/7
INFO|2024-09-26 13:54:27: -------------------- Epoch: 10 --------------------
INFO|2024-09-26 13:55:19: Epoch[010/100], iter[040/392], loss_total:1.45316, loss_equ:4.57463 loss_pq_vm:0.02492 loss_pq_va:0.34937 loss_pv_va:0.39708
INFO|2024-09-26 13:56:09: Epoch[010/100], iter[079/392], loss_total:1.55481, loss_equ:4.07964 loss_pq_vm:0.02275 loss_pq_va:0.43654 loss_pv_va:0.48282
INFO|2024-09-26 13:56:59: Epoch[010/100], iter[118/392], loss_total:1.33583, loss_equ:4.12705 loss_pq_vm:0.02541 loss_pq_va:0.31547 loss_pv_va:0.35356
INFO|2024-09-26 13:57:49: Epoch[010/100], iter[157/392], loss_total:1.41084, loss_equ:3.67958 loss_pq_vm:0.02334 loss_pq_va:0.37910 loss_pv_va:0.43041
INFO|2024-09-26 13:58:39: Epoch[010/100], iter[196/392], loss_total:1.30163, loss_equ:3.79058 loss_pq_vm:0.02361 loss_pq_va:0.31877 loss_pv_va:0.36775
INFO|2024-09-26 13:59:28: Epoch[010/100], iter[235/392], loss_total:1.63735, loss_equ:3.53320 loss_pq_vm:0.02471 loss_pq_va:0.49385 loss_pv_va:0.54306
INFO|2024-09-26 14:00:18: Epoch[010/100], iter[274/392], loss_total:1.77099, loss_equ:4.39426 loss_pq_vm:0.02778 loss_pq_va:0.49350 loss_pv_va:0.56027
INFO|2024-09-26 14:01:08: Epoch[010/100], iter[313/392], loss_total:1.18331, loss_equ:3.01383 loss_pq_vm:0.02028 loss_pq_va:0.32014 loss_pv_va:0.35899
INFO|2024-09-26 14:01:58: Epoch[010/100], iter[352/392], loss_total:1.12084, loss_equ:3.24466 loss_pq_vm:0.01917 loss_pq_va:0.28686 loss_pv_va:0.31785
INFO|2024-09-26 14:02:49: Epoch[010/100], iter[392/392], loss_total:1.31989, loss_equ:4.40128 loss_pq_vm:0.02336 loss_pq_va:0.30424 loss_pv_va:0.34195
INFO|2024-09-26 14:04:26: Epoch 9/100, lr:  0.00097577, eta: 14.98h, train_loss:  1.36059, valid_loss:  1.75409
INFO|2024-09-26 14:04:26: 	Train: PQ_Vm_rmse: 0.00153250  PQ_Va_rmse: 0.01828356  PV_Va_rmse: 0.02052523  delta_p: 0.10750162  delta_q: 0.02434532  
INFO|2024-09-26 14:04:26: 	ZTest: PQ_Vm_rmse: 0.00281895  PQ_Va_rmse: 0.03614007  PV_Va_rmse: 0.04052831  delta_p: 0.27219249  delta_q: 0.05514711  
INFO|2024-09-26 14:04:26: 	ZTest-ema: PQ_Vm_rmse: 0.002819  PQ_Va_rmse: 0.036140  PV_Va_rmse: 0.040528  delta_p: 0.272193  delta_q: 0.055147  
INFO|2024-09-26 14:04:26: 	           ValOfEMA:0.040528/0.021165,  Epoch:10/7
INFO|2024-09-26 14:04:27: 	Time(ep):599s,  Val(curr/best):0.040528/0.021165,  Epoch(curr/best):10/7
INFO|2024-09-26 14:04:27: -------------------- Epoch: 11 --------------------
INFO|2024-09-26 14:05:19: Epoch[011/100], iter[040/392], loss_total:1.31804, loss_equ:3.83362 loss_pq_vm:0.02555 loss_pq_va:0.31917 loss_pv_va:0.36001
INFO|2024-09-26 14:06:09: Epoch[011/100], iter[079/392], loss_total:1.21983, loss_equ:3.57777 loss_pq_vm:0.02109 loss_pq_va:0.30280 loss_pv_va:0.34838
INFO|2024-09-26 14:06:59: Epoch[011/100], iter[118/392], loss_total:1.21610, loss_equ:3.56816 loss_pq_vm:0.01980 loss_pq_va:0.30947 loss_pv_va:0.35183
INFO|2024-09-26 14:07:49: Epoch[011/100], iter[157/392], loss_total:1.14012, loss_equ:3.26138 loss_pq_vm:0.02003 loss_pq_va:0.29030 loss_pv_va:0.32339
INFO|2024-09-26 14:08:39: Epoch[011/100], iter[196/392], loss_total:1.15684, loss_equ:3.08775 loss_pq_vm:0.02018 loss_pq_va:0.30494 loss_pv_va:0.34134
INFO|2024-09-26 14:09:28: Epoch[011/100], iter[235/392], loss_total:1.08753, loss_equ:2.88818 loss_pq_vm:0.01791 loss_pq_va:0.29053 loss_pv_va:0.32904
INFO|2024-09-26 14:10:18: Epoch[011/100], iter[274/392], loss_total:1.32342, loss_equ:3.98079 loss_pq_vm:0.02685 loss_pq_va:0.30711 loss_pv_va:0.34971
INFO|2024-09-26 14:11:08: Epoch[011/100], iter[313/392], loss_total:1.13390, loss_equ:2.82485 loss_pq_vm:0.01784 loss_pq_va:0.31521 loss_pv_va:0.35777
INFO|2024-09-26 14:11:58: Epoch[011/100], iter[352/392], loss_total:1.08458, loss_equ:2.91964 loss_pq_vm:0.02010 loss_pq_va:0.27949 loss_pv_va:0.31212
INFO|2024-09-26 14:12:49: Epoch[011/100], iter[392/392], loss_total:1.04525, loss_equ:2.99559 loss_pq_vm:0.01808 loss_pq_va:0.26505 loss_pv_va:0.29983
INFO|2024-09-26 14:14:26: Epoch 10/100, lr:  0.00097074, eta: 14.81h, train_loss:  1.27250, valid_loss:  1.49868
INFO|2024-09-26 14:14:26: 	Train: PQ_Vm_rmse: 0.00139971  PQ_Va_rmse: 0.01707305  PV_Va_rmse: 0.01877772  delta_p: 0.08668610  delta_q: 0.02220657  
INFO|2024-09-26 14:14:26: 	ZTest: PQ_Vm_rmse: 0.00207671  PQ_Va_rmse: 0.02460115  PV_Va_rmse: 0.02696803  delta_p: 0.06828946  delta_q: 0.01719789  
INFO|2024-09-26 14:14:26: 	ZTest-ema: PQ_Vm_rmse: 0.002077  PQ_Va_rmse: 0.024601  PV_Va_rmse: 0.026968  delta_p: 0.068290  delta_q: 0.017198  
INFO|2024-09-26 14:14:26: 	           ValOfEMA:0.026968/0.021165,  Epoch:11/7
INFO|2024-09-26 14:14:26: 	Time(ep):599s,  Val(curr/best):0.026968/0.021165,  Epoch(curr/best):11/7
INFO|2024-09-26 14:14:26: -------------------- Epoch: 12 --------------------
INFO|2024-09-26 14:15:18: Epoch[012/100], iter[040/392], loss_total:1.16117, loss_equ:3.17768 loss_pq_vm:0.01942 loss_pq_va:0.30416 loss_pv_va:0.34500
INFO|2024-09-26 14:16:08: Epoch[012/100], iter[079/392], loss_total:1.44671, loss_equ:3.28646 loss_pq_vm:0.03578 loss_pq_va:0.36244 loss_pv_va:0.39786
INFO|2024-09-26 14:16:58: Epoch[012/100], iter[118/392], loss_total:1.18884, loss_equ:3.14825 loss_pq_vm:0.02582 loss_pq_va:0.28875 loss_pv_va:0.32707
INFO|2024-09-26 14:17:48: Epoch[012/100], iter[157/392], loss_total:2.17598, loss_equ:4.16545 loss_pq_vm:0.02742 loss_pq_va:0.68191 loss_pv_va:0.80336
INFO|2024-09-26 14:18:38: Epoch[012/100], iter[196/392], loss_total:1.48861, loss_equ:3.71817 loss_pq_vm:0.02674 loss_pq_va:0.39921 loss_pv_va:0.45022
INFO|2024-09-26 14:19:28: Epoch[012/100], iter[235/392], loss_total:1.12941, loss_equ:3.20641 loss_pq_vm:0.02095 loss_pq_va:0.28027 loss_pv_va:0.31903
INFO|2024-09-26 14:20:18: Epoch[012/100], iter[274/392], loss_total:1.31235, loss_equ:3.35608 loss_pq_vm:0.02539 loss_pq_va:0.32727 loss_pv_va:0.39555
INFO|2024-09-26 14:21:08: Epoch[012/100], iter[313/392], loss_total:1.07209, loss_equ:3.07273 loss_pq_vm:0.01853 loss_pq_va:0.27226 loss_pv_va:0.30730
INFO|2024-09-26 14:21:58: Epoch[012/100], iter[352/392], loss_total:1.55999, loss_equ:3.99815 loss_pq_vm:0.02259 loss_pq_va:0.44694 loss_pv_va:0.48733
INFO|2024-09-26 14:22:49: Epoch[012/100], iter[392/392], loss_total:1.04156, loss_equ:3.43946 loss_pq_vm:0.01693 loss_pq_va:0.24890 loss_pv_va:0.27936
INFO|2024-09-26 14:24:26: Epoch 11/100, lr:  0.00096524, eta: 14.66h, train_loss:  1.26069, valid_loss:  1.23478
INFO|2024-09-26 14:24:26: 	Train: PQ_Vm_rmse: 0.00142915  PQ_Va_rmse: 0.01689510  PV_Va_rmse: 0.01890221  delta_p: 0.08934654  delta_q: 0.02069395  
INFO|2024-09-26 14:24:26: 	ZTest: PQ_Vm_rmse: 0.00153038  PQ_Va_rmse: 0.01405665  PV_Va_rmse: 0.01553309  delta_p: 0.09213086  delta_q: 0.01740809  
INFO|2024-09-26 14:24:26: 	ZTest-ema: PQ_Vm_rmse: 0.001487  PQ_Va_rmse: 0.013728  PV_Va_rmse: 0.015064  delta_p: 0.078338  delta_q: 0.015229  
INFO|2024-09-26 14:24:26: 	           ValOfEMA:0.015064/0.015064,  Epoch:12/12
INFO|2024-09-26 14:24:27: 	Time(ep):599s,  Val(curr/best):0.015533/0.015533,  Epoch(curr/best):12/12
INFO|2024-09-26 14:24:27: -------------------- Epoch: 13 --------------------
INFO|2024-09-26 14:25:20: Epoch[013/100], iter[040/392], loss_total:1.12897, loss_equ:3.51946 loss_pq_vm:0.02113 loss_pq_va:0.26396 loss_pv_va:0.30173
INFO|2024-09-26 14:26:10: Epoch[013/100], iter[079/392], loss_total:1.24674, loss_equ:3.73205 loss_pq_vm:0.02146 loss_pq_va:0.30787 loss_pv_va:0.35102
INFO|2024-09-26 14:26:59: Epoch[013/100], iter[118/392], loss_total:1.07872, loss_equ:3.06797 loss_pq_vm:0.01962 loss_pq_va:0.27027 loss_pv_va:0.30545
INFO|2024-09-26 14:27:49: Epoch[013/100], iter[157/392], loss_total:1.10079, loss_equ:2.99620 loss_pq_vm:0.01752 loss_pq_va:0.29346 loss_pv_va:0.33251
INFO|2024-09-26 14:28:39: Epoch[013/100], iter[196/392], loss_total:1.14417, loss_equ:3.04431 loss_pq_vm:0.02028 loss_pq_va:0.29972 loss_pv_va:0.33724
INFO|2024-09-26 14:29:28: Epoch[013/100], iter[235/392], loss_total:1.13602, loss_equ:3.11413 loss_pq_vm:0.02621 loss_pq_va:0.26352 loss_pv_va:0.29898
INFO|2024-09-26 14:30:18: Epoch[013/100], iter[274/392], loss_total:1.15185, loss_equ:3.42548 loss_pq_vm:0.02142 loss_pq_va:0.27538 loss_pv_va:0.31968
INFO|2024-09-26 14:31:08: Epoch[013/100], iter[313/392], loss_total:1.11470, loss_equ:3.37872 loss_pq_vm:0.02242 loss_pq_va:0.25832 loss_pv_va:0.29434
INFO|2024-09-26 14:31:58: Epoch[013/100], iter[352/392], loss_total:1.22780, loss_equ:3.14637 loss_pq_vm:0.02173 loss_pq_va:0.32633 loss_pv_va:0.36952
INFO|2024-09-26 14:32:49: Epoch[013/100], iter[392/392], loss_total:1.15969, loss_equ:3.21337 loss_pq_vm:0.02454 loss_pq_va:0.28378 loss_pv_va:0.30919
INFO|2024-09-26 14:34:26: Epoch 12/100, lr:  0.00095929, eta: 14.46h, train_loss:  1.21052, valid_loss:  1.36539
INFO|2024-09-26 14:34:26: 	Train: PQ_Vm_rmse: 0.00157443  PQ_Va_rmse: 0.01486616  PV_Va_rmse: 0.01653335  delta_p: 0.08971656  delta_q: 0.01993215  
INFO|2024-09-26 14:34:26: 	ZTest: PQ_Vm_rmse: 0.00209571  PQ_Va_rmse: 0.01927638  PV_Va_rmse: 0.02073730  delta_p: 0.13955764  delta_q: 0.02783238  
INFO|2024-09-26 14:34:26: 	ZTest-ema: PQ_Vm_rmse: 0.001504  PQ_Va_rmse: 0.014122  PV_Va_rmse: 0.015330  delta_p: 0.054992  delta_q: 0.014671  
INFO|2024-09-26 14:34:26: 	           ValOfEMA:0.015330/0.015064,  Epoch:13/12
INFO|2024-09-26 14:34:26: 	Time(ep):598s,  Val(curr/best):0.020737/0.015533,  Epoch(curr/best):13/12
INFO|2024-09-26 14:34:26: -------------------- Epoch: 14 --------------------
INFO|2024-09-26 14:35:18: Epoch[014/100], iter[040/392], loss_total:1.35916, loss_equ:3.48057 loss_pq_vm:0.02300 loss_pq_va:0.36396 loss_pv_va:0.41714
INFO|2024-09-26 14:36:08: Epoch[014/100], iter[079/392], loss_total:1.25798, loss_equ:3.12077 loss_pq_vm:0.02813 loss_pq_va:0.31112 loss_pv_va:0.35346
INFO|2024-09-26 14:36:58: Epoch[014/100], iter[118/392], loss_total:1.10368, loss_equ:2.79306 loss_pq_vm:0.02016 loss_pq_va:0.29239 loss_pv_va:0.33038
INFO|2024-09-26 14:37:48: Epoch[014/100], iter[157/392], loss_total:0.98332, loss_equ:2.77530 loss_pq_vm:0.01972 loss_pq_va:0.23811 loss_pv_va:0.27052
INFO|2024-09-26 14:38:38: Epoch[014/100], iter[196/392], loss_total:0.99121, loss_equ:2.71085 loss_pq_vm:0.02046 loss_pq_va:0.24006 loss_pv_va:0.27552
INFO|2024-09-26 14:39:28: Epoch[014/100], iter[235/392], loss_total:1.04026, loss_equ:3.08991 loss_pq_vm:0.01714 loss_pq_va:0.26183 loss_pv_va:0.29805
INFO|2024-09-26 14:40:17: Epoch[014/100], iter[274/392], loss_total:1.18981, loss_equ:3.20354 loss_pq_vm:0.02526 loss_pq_va:0.28668 loss_pv_va:0.33017
INFO|2024-09-26 14:41:07: Epoch[014/100], iter[313/392], loss_total:1.22725, loss_equ:3.74216 loss_pq_vm:0.02059 loss_pq_va:0.30136 loss_pv_va:0.34577
INFO|2024-09-26 14:41:57: Epoch[014/100], iter[352/392], loss_total:1.09578, loss_equ:2.98533 loss_pq_vm:0.01792 loss_pq_va:0.29306 loss_pv_va:0.32500
INFO|2024-09-26 14:42:48: Epoch[014/100], iter[392/392], loss_total:1.23716, loss_equ:3.27548 loss_pq_vm:0.02233 loss_pq_va:0.32416 loss_pv_va:0.36214
INFO|2024-09-26 14:44:25: Epoch 13/100, lr:  0.00095289, eta: 14.31h, train_loss:  1.17486, valid_loss:  1.44526
INFO|2024-09-26 14:44:25: 	Train: PQ_Vm_rmse: 0.00157513  PQ_Va_rmse: 0.01469967  PV_Va_rmse: 0.01609070  delta_p: 0.07495991  delta_q: 0.02045325  
INFO|2024-09-26 14:44:25: 	ZTest: PQ_Vm_rmse: 0.00183440  PQ_Va_rmse: 0.02303298  PV_Va_rmse: 0.02428730  delta_p: 0.11048627  delta_q: 0.02499035  
INFO|2024-09-26 14:44:25: 	ZTest-ema: PQ_Vm_rmse: 0.001524  PQ_Va_rmse: 0.014162  PV_Va_rmse: 0.015247  delta_p: 0.044235  delta_q: 0.010664  
INFO|2024-09-26 14:44:25: 	           ValOfEMA:0.015247/0.015064,  Epoch:14/12
INFO|2024-09-26 14:44:26: 	Time(ep):598s,  Val(curr/best):0.024287/0.015533,  Epoch(curr/best):14/12
INFO|2024-09-26 14:44:26: -------------------- Epoch: 15 --------------------
INFO|2024-09-26 14:45:18: Epoch[015/100], iter[040/392], loss_total:1.07629, loss_equ:3.16944 loss_pq_vm:0.02067 loss_pq_va:0.25613 loss_pv_va:0.29646
INFO|2024-09-26 14:46:08: Epoch[015/100], iter[079/392], loss_total:1.50545, loss_equ:3.13126 loss_pq_vm:0.02322 loss_pq_va:0.45496 loss_pv_va:0.50521
INFO|2024-09-26 14:46:58: Epoch[015/100], iter[118/392], loss_total:1.23377, loss_equ:3.40387 loss_pq_vm:0.02441 loss_pq_va:0.30025 loss_pv_va:0.34904
INFO|2024-09-26 14:47:47: Epoch[015/100], iter[157/392], loss_total:1.02158, loss_equ:2.80702 loss_pq_vm:0.02286 loss_pq_va:0.24145 loss_pv_va:0.27087
INFO|2024-09-26 14:48:37: Epoch[015/100], iter[196/392], loss_total:1.01253, loss_equ:2.73464 loss_pq_vm:0.02391 loss_pq_va:0.23394 loss_pv_va:0.26602
INFO|2024-09-26 14:49:27: Epoch[015/100], iter[235/392], loss_total:1.09058, loss_equ:3.00398 loss_pq_vm:0.01989 loss_pq_va:0.27660 loss_pv_va:0.31472
INFO|2024-09-26 14:50:17: Epoch[015/100], iter[274/392], loss_total:1.02350, loss_equ:2.82887 loss_pq_vm:0.02001 loss_pq_va:0.25209 loss_pv_va:0.28841
INFO|2024-09-26 14:51:06: Epoch[015/100], iter[313/392], loss_total:1.09164, loss_equ:2.82817 loss_pq_vm:0.02056 loss_pq_va:0.28792 loss_pv_va:0.31527
INFO|2024-09-26 14:51:56: Epoch[015/100], iter[352/392], loss_total:1.17471, loss_equ:2.98774 loss_pq_vm:0.02422 loss_pq_va:0.29093 loss_pv_va:0.34277
INFO|2024-09-26 14:52:47: Epoch[015/100], iter[392/392], loss_total:1.55170, loss_equ:3.50464 loss_pq_vm:0.03395 loss_pq_va:0.40603 loss_pv_va:0.45573
INFO|2024-09-26 14:54:24: Epoch 14/100, lr:  0.00094605, eta: 14.13h, train_loss:  1.14529, valid_loss:  1.46774
INFO|2024-09-26 14:54:24: 	Train: PQ_Vm_rmse: 0.00149083  PQ_Va_rmse: 0.01411381  PV_Va_rmse: 0.01563407  delta_p: 0.06558862  delta_q: 0.01735525  
INFO|2024-09-26 14:54:24: 	ZTest: PQ_Vm_rmse: 0.00259019  PQ_Va_rmse: 0.02523829  PV_Va_rmse: 0.02748861  delta_p: 0.11148631  delta_q: 0.02464617  
INFO|2024-09-26 14:54:24: 	ZTest-ema: PQ_Vm_rmse: 0.001582  PQ_Va_rmse: 0.014707  PV_Va_rmse: 0.015933  delta_p: 0.053282  delta_q: 0.012775  
INFO|2024-09-26 14:54:24: 	           ValOfEMA:0.015933/0.015064,  Epoch:15/12
INFO|2024-09-26 14:54:25: 	Time(ep):598s,  Val(curr/best):0.027489/0.015533,  Epoch(curr/best):15/12
INFO|2024-09-26 14:54:25: -------------------- Epoch: 16 --------------------
INFO|2024-09-26 14:55:17: Epoch[016/100], iter[040/392], loss_total:2.23165, loss_equ:8.11794 loss_pq_vm:0.04470 loss_pq_va:0.46202 loss_pv_va:0.51087
INFO|2024-09-26 14:56:07: Epoch[016/100], iter[079/392], loss_total:1.48963, loss_equ:4.92722 loss_pq_vm:0.02872 loss_pq_va:0.32735 loss_pv_va:0.38236
INFO|2024-09-26 14:56:57: Epoch[016/100], iter[118/392], loss_total:1.03428, loss_equ:3.19358 loss_pq_vm:0.01959 loss_pq_va:0.24300 loss_pv_va:0.27598
INFO|2024-09-26 14:57:46: Epoch[016/100], iter[157/392], loss_total:1.09410, loss_equ:2.97900 loss_pq_vm:0.01896 loss_pq_va:0.29216 loss_pv_va:0.31448
INFO|2024-09-26 14:58:36: Epoch[016/100], iter[196/392], loss_total:0.94178, loss_equ:2.67751 loss_pq_vm:0.02008 loss_pq_va:0.22219 loss_pv_va:0.25099
INFO|2024-09-26 14:59:26: Epoch[016/100], iter[235/392], loss_total:0.99441, loss_equ:2.70069 loss_pq_vm:0.02001 loss_pq_va:0.24639 loss_pv_va:0.27789
INFO|2024-09-26 15:00:16: Epoch[016/100], iter[274/392], loss_total:1.10889, loss_equ:3.29154 loss_pq_vm:0.02085 loss_pq_va:0.26154 loss_pv_va:0.30975
INFO|2024-09-26 15:01:06: Epoch[016/100], iter[313/392], loss_total:1.19239, loss_equ:2.95133 loss_pq_vm:0.02605 loss_pq_va:0.29915 loss_pv_va:0.33764
INFO|2024-09-26 15:01:56: Epoch[016/100], iter[352/392], loss_total:0.99584, loss_equ:2.84272 loss_pq_vm:0.02082 loss_pq_va:0.23640 loss_pv_va:0.26700
INFO|2024-09-26 15:02:47: Epoch[016/100], iter[392/392], loss_total:0.96537, loss_equ:2.77301 loss_pq_vm:0.01687 loss_pq_va:0.24490 loss_pv_va:0.27444
INFO|2024-09-26 15:04:24: Epoch 15/100, lr:  0.00093877, eta: 13.98h, train_loss:  1.18695, valid_loss:  1.22122
INFO|2024-09-26 15:04:24: 	Train: PQ_Vm_rmse: 0.00159656  PQ_Va_rmse: 0.01353303  PV_Va_rmse: 0.01483574  delta_p: 0.08970058  delta_q: 0.02074541  
INFO|2024-09-26 15:04:24: 	ZTest: PQ_Vm_rmse: 0.00147246  PQ_Va_rmse: 0.01450682  PV_Va_rmse: 0.01609462  delta_p: 0.06643921  delta_q: 0.01602873  
INFO|2024-09-26 15:04:24: 	ZTest-ema: PQ_Vm_rmse: 0.001417  PQ_Va_rmse: 0.012754  PV_Va_rmse: 0.013798  delta_p: 0.047896  delta_q: 0.010222  
INFO|2024-09-26 15:04:24: 	           ValOfEMA:0.013798/0.013798,  Epoch:16/16
INFO|2024-09-26 15:04:25: 	Time(ep):599s,  Val(curr/best):0.016095/0.015533,  Epoch(curr/best):16/12
INFO|2024-09-26 15:04:25: -------------------- Epoch: 17 --------------------
INFO|2024-09-26 15:05:16: Epoch[017/100], iter[040/392], loss_total:0.92775, loss_equ:2.63838 loss_pq_vm:0.01687 loss_pq_va:0.23199 loss_pv_va:0.26318
INFO|2024-09-26 15:06:06: Epoch[017/100], iter[079/392], loss_total:0.95392, loss_equ:2.80104 loss_pq_vm:0.01832 loss_pq_va:0.22809 loss_pv_va:0.26253
INFO|2024-09-26 15:06:56: Epoch[017/100], iter[118/392], loss_total:1.04154, loss_equ:2.85118 loss_pq_vm:0.01936 loss_pq_va:0.26583 loss_pv_va:0.29702
INFO|2024-09-26 15:07:46: Epoch[017/100], iter[157/392], loss_total:1.16416, loss_equ:4.17133 loss_pq_vm:0.01982 loss_pq_va:0.25973 loss_pv_va:0.28915
INFO|2024-09-26 15:08:36: Epoch[017/100], iter[196/392], loss_total:1.58218, loss_equ:3.88002 loss_pq_vm:0.02921 loss_pq_va:0.41282 loss_pv_va:0.48927
INFO|2024-09-26 15:09:26: Epoch[017/100], iter[235/392], loss_total:1.07013, loss_equ:3.00417 loss_pq_vm:0.02209 loss_pq_va:0.25388 loss_pv_va:0.29493
INFO|2024-09-26 15:10:15: Epoch[017/100], iter[274/392], loss_total:1.47569, loss_equ:2.88954 loss_pq_vm:0.02140 loss_pq_va:0.45527 loss_pv_va:0.51748
INFO|2024-09-26 15:11:05: Epoch[017/100], iter[313/392], loss_total:1.05743, loss_equ:2.80164 loss_pq_vm:0.02277 loss_pq_va:0.26037 loss_pv_va:0.28920
INFO|2024-09-26 15:11:55: Epoch[017/100], iter[352/392], loss_total:1.12394, loss_equ:2.75060 loss_pq_vm:0.02543 loss_pq_va:0.28040 loss_pv_va:0.31421
INFO|2024-09-26 15:12:46: Epoch[017/100], iter[392/392], loss_total:1.15768, loss_equ:2.73718 loss_pq_vm:0.02798 loss_pq_va:0.28353 loss_pv_va:0.32066
INFO|2024-09-26 15:14:23: Epoch 16/100, lr:  0.00093107, eta: 13.8h, train_loss:  1.15787, valid_loss:  1.35932
INFO|2024-09-26 15:14:23: 	Train: PQ_Vm_rmse: 0.00160200  PQ_Va_rmse: 0.01602734  PV_Va_rmse: 0.01791971  delta_p: 0.07989422  delta_q: 0.01817193  
INFO|2024-09-26 15:14:23: 	ZTest: PQ_Vm_rmse: 0.00237928  PQ_Va_rmse: 0.02444980  PV_Va_rmse: 0.02685010  delta_p: 0.07779743  delta_q: 0.02363572  
INFO|2024-09-26 15:14:23: 	ZTest-ema: PQ_Vm_rmse: 0.001531  PQ_Va_rmse: 0.013581  PV_Va_rmse: 0.014920  delta_p: 0.063564  delta_q: 0.017114  
INFO|2024-09-26 15:14:23: 	           ValOfEMA:0.014920/0.013798,  Epoch:17/16
INFO|2024-09-26 15:14:24: 	Time(ep):598s,  Val(curr/best):0.026850/0.015533,  Epoch(curr/best):17/12
INFO|2024-09-26 15:14:24: -------------------- Epoch: 18 --------------------
INFO|2024-09-26 15:15:16: Epoch[018/100], iter[040/392], loss_total:1.21093, loss_equ:2.65503 loss_pq_vm:0.02799 loss_pq_va:0.31408 loss_pv_va:0.35149
INFO|2024-09-26 15:16:06: Epoch[018/100], iter[079/392], loss_total:1.35755, loss_equ:2.79272 loss_pq_vm:0.03141 loss_pq_va:0.36267 loss_pv_va:0.40150
INFO|2024-09-26 15:16:56: Epoch[018/100], iter[118/392], loss_total:1.09567, loss_equ:2.72169 loss_pq_vm:0.02023 loss_pq_va:0.29133 loss_pv_va:0.32986
INFO|2024-09-26 15:17:46: Epoch[018/100], iter[157/392], loss_total:1.05913, loss_equ:2.52811 loss_pq_vm:0.01762 loss_pq_va:0.29417 loss_pv_va:0.33593
INFO|2024-09-26 15:18:36: Epoch[018/100], iter[196/392], loss_total:1.00417, loss_equ:2.57897 loss_pq_vm:0.01780 loss_pq_va:0.26438 loss_pv_va:0.30384
INFO|2024-09-26 15:19:26: Epoch[018/100], iter[235/392], loss_total:0.98052, loss_equ:2.52508 loss_pq_vm:0.01988 loss_pq_va:0.24713 loss_pv_va:0.28210
INFO|2024-09-26 15:20:16: Epoch[018/100], iter[274/392], loss_total:1.51256, loss_equ:4.38559 loss_pq_vm:0.04362 loss_pq_va:0.29758 loss_pv_va:0.34024
INFO|2024-09-26 15:21:06: Epoch[018/100], iter[313/392], loss_total:1.12317, loss_equ:3.05754 loss_pq_vm:0.02190 loss_pq_va:0.28538 loss_pv_va:0.31305
INFO|2024-09-26 15:21:55: Epoch[018/100], iter[352/392], loss_total:0.89075, loss_equ:2.50198 loss_pq_vm:0.01566 loss_pq_va:0.22648 loss_pv_va:0.25745
INFO|2024-09-26 15:22:46: Epoch[018/100], iter[392/392], loss_total:0.95478, loss_equ:2.71793 loss_pq_vm:0.01644 loss_pq_va:0.23852 loss_pv_va:0.28007
INFO|2024-09-26 15:24:24: Epoch 17/100, lr:  0.00092294, eta: 13.66h, train_loss:  1.14111, valid_loss:  1.14118
INFO|2024-09-26 15:24:24: 	Train: PQ_Vm_rmse: 0.00169743  PQ_Va_rmse: 0.01556724  PV_Va_rmse: 0.01727685  delta_p: 0.06512931  delta_q: 0.02050754  
INFO|2024-09-26 15:24:24: 	ZTest: PQ_Vm_rmse: 0.00133129  PQ_Va_rmse: 0.01207971  PV_Va_rmse: 0.01333275  delta_p: 0.05196704  delta_q: 0.01213459  
INFO|2024-09-26 15:24:24: 	ZTest-ema: PQ_Vm_rmse: 0.001489  PQ_Va_rmse: 0.013304  PV_Va_rmse: 0.014257  delta_p: 0.036222  delta_q: 0.009738  
INFO|2024-09-26 15:24:24: 	           ValOfEMA:0.014257/0.013798,  Epoch:18/16
INFO|2024-09-26 15:24:25: 	Time(ep):599s,  Val(curr/best):0.013333/0.013333,  Epoch(curr/best):18/18
INFO|2024-09-26 15:24:25: -------------------- Epoch: 19 --------------------
INFO|2024-09-26 15:25:17: Epoch[019/100], iter[040/392], loss_total:1.55741, loss_equ:3.01956 loss_pq_vm:0.03019 loss_pq_va:0.45072 loss_pv_va:0.50281
INFO|2024-09-26 15:26:07: Epoch[019/100], iter[079/392], loss_total:1.02863, loss_equ:2.61787 loss_pq_vm:0.02157 loss_pq_va:0.25775 loss_pv_va:0.29344
INFO|2024-09-26 15:26:57: Epoch[019/100], iter[118/392], loss_total:1.06412, loss_equ:2.49144 loss_pq_vm:0.01808 loss_pq_va:0.29616 loss_pv_va:0.33797
INFO|2024-09-26 15:27:46: Epoch[019/100], iter[157/392], loss_total:0.97553, loss_equ:2.48389 loss_pq_vm:0.02314 loss_pq_va:0.23161 loss_pv_va:0.26414
INFO|2024-09-26 15:28:36: Epoch[019/100], iter[196/392], loss_total:0.99762, loss_equ:2.41549 loss_pq_vm:0.01774 loss_pq_va:0.27185 loss_pv_va:0.30681
INFO|2024-09-26 15:29:26: Epoch[019/100], iter[235/392], loss_total:0.94099, loss_equ:2.36086 loss_pq_vm:0.01680 loss_pq_va:0.25165 loss_pv_va:0.28523
INFO|2024-09-26 15:30:16: Epoch[019/100], iter[274/392], loss_total:0.91378, loss_equ:2.48616 loss_pq_vm:0.01781 loss_pq_va:0.22748 loss_pv_va:0.25962
INFO|2024-09-26 15:31:06: Epoch[019/100], iter[313/392], loss_total:0.90906, loss_equ:2.44879 loss_pq_vm:0.01797 loss_pq_va:0.22669 loss_pv_va:0.25776
INFO|2024-09-26 15:31:56: Epoch[019/100], iter[352/392], loss_total:0.90351, loss_equ:2.33640 loss_pq_vm:0.01899 loss_pq_va:0.22500 loss_pv_va:0.25497
INFO|2024-09-26 15:32:47: Epoch[019/100], iter[392/392], loss_total:0.88447, loss_equ:2.49182 loss_pq_vm:0.01549 loss_pq_va:0.22560 loss_pv_va:0.25481
INFO|2024-09-26 15:34:24: Epoch 18/100, lr:  0.00091440, eta: 13.48h, train_loss:  1.01320, valid_loss:  1.07976
INFO|2024-09-26 15:34:24: 	Train: PQ_Vm_rmse: 0.00118566  PQ_Va_rmse: 0.01233146  PV_Va_rmse: 0.01369010  delta_p: 0.04696638  delta_q: 0.01330401  
INFO|2024-09-26 15:34:24: 	ZTest: PQ_Vm_rmse: 0.00140152  PQ_Va_rmse: 0.01289465  PV_Va_rmse: 0.01413920  delta_p: 0.04813615  delta_q: 0.01268475  
INFO|2024-09-26 15:34:24: 	ZTest-ema: PQ_Vm_rmse: 0.001370  PQ_Va_rmse: 0.012279  PV_Va_rmse: 0.013296  delta_p: 0.041911  delta_q: 0.011118  
INFO|2024-09-26 15:34:24: 	           ValOfEMA:0.013296/0.013296,  Epoch:19/19
INFO|2024-09-26 15:34:24: 	Time(ep):599s,  Val(curr/best):0.014139/0.013333,  Epoch(curr/best):19/18
INFO|2024-09-26 15:34:24: -------------------- Epoch: 20 --------------------
INFO|2024-09-26 15:35:17: Epoch[020/100], iter[040/392], loss_total:0.87180, loss_equ:2.41544 loss_pq_vm:0.01808 loss_pq_va:0.20959 loss_pv_va:0.23985
INFO|2024-09-26 15:36:07: Epoch[020/100], iter[079/392], loss_total:1.42613, loss_equ:3.08345 loss_pq_vm:0.02899 loss_pq_va:0.39851 loss_pv_va:0.42941
INFO|2024-09-26 15:36:56: Epoch[020/100], iter[118/392], loss_total:1.29166, loss_equ:3.20561 loss_pq_vm:0.02511 loss_pq_va:0.34271 loss_pv_va:0.37725
INFO|2024-09-26 15:37:46: Epoch[020/100], iter[157/392], loss_total:1.26928, loss_equ:2.70354 loss_pq_vm:0.02867 loss_pq_va:0.33396 loss_pv_va:0.37831
INFO|2024-09-26 15:38:36: Epoch[020/100], iter[196/392], loss_total:0.98784, loss_equ:2.54097 loss_pq_vm:0.02348 loss_pq_va:0.23460 loss_pv_va:0.26436
INFO|2024-09-26 15:39:26: Epoch[020/100], iter[235/392], loss_total:1.18618, loss_equ:2.58309 loss_pq_vm:0.02605 loss_pq_va:0.31292 loss_pv_va:0.35441
INFO|2024-09-26 15:40:16: Epoch[020/100], iter[274/392], loss_total:1.30716, loss_equ:2.86209 loss_pq_vm:0.03313 loss_pq_va:0.32665 loss_pv_va:0.36297
INFO|2024-09-26 15:41:06: Epoch[020/100], iter[313/392], loss_total:0.98048, loss_equ:2.46226 loss_pq_vm:0.01843 loss_pq_va:0.25676 loss_pv_va:0.29324
INFO|2024-09-26 15:41:55: Epoch[020/100], iter[352/392], loss_total:1.28141, loss_equ:3.32818 loss_pq_vm:0.02014 loss_pq_va:0.34937 loss_pv_va:0.39783
INFO|2024-09-26 15:42:46: Epoch[020/100], iter[392/392], loss_total:1.79870, loss_equ:3.62237 loss_pq_vm:0.03213 loss_pq_va:0.52616 loss_pv_va:0.58897
INFO|2024-09-26 15:44:24: Epoch 19/100, lr:  0.00090546, eta: 13.33h, train_loss:  1.10906, valid_loss:  1.74331
INFO|2024-09-26 15:44:24: 	Train: PQ_Vm_rmse: 0.00147773  PQ_Va_rmse: 0.01541783  PV_Va_rmse: 0.01709276  delta_p: 0.05939811  delta_q: 0.01662899  
INFO|2024-09-26 15:44:24: 	ZTest: PQ_Vm_rmse: 0.00232799  PQ_Va_rmse: 0.02430447  PV_Va_rmse: 0.02738677  delta_p: 0.11990752  delta_q: 0.03621362  
INFO|2024-09-26 15:44:24: 	ZTest-ema: PQ_Vm_rmse: 0.001422  PQ_Va_rmse: 0.013092  PV_Va_rmse: 0.014141  delta_p: 0.040987  delta_q: 0.010478  
INFO|2024-09-26 15:44:24: 	           ValOfEMA:0.014141/0.013296,  Epoch:20/19
INFO|2024-09-26 15:44:25: 	Time(ep):599s,  Val(curr/best):0.027387/0.013333,  Epoch(curr/best):20/18
INFO|2024-09-26 15:44:25: -------------------- Epoch: 21 --------------------
INFO|2024-09-26 15:45:16: Epoch[021/100], iter[040/392], loss_total:0.94626, loss_equ:2.81705 loss_pq_vm:0.01781 loss_pq_va:0.22732 loss_pv_va:0.25911
INFO|2024-09-26 15:46:06: Epoch[021/100], iter[079/392], loss_total:0.91402, loss_equ:2.58354 loss_pq_vm:0.01591 loss_pq_va:0.23413 loss_pv_va:0.26248
INFO|2024-09-26 15:46:56: Epoch[021/100], iter[118/392], loss_total:1.01921, loss_equ:3.38400 loss_pq_vm:0.01752 loss_pq_va:0.23325 loss_pv_va:0.27231
INFO|2024-09-26 15:47:46: Epoch[021/100], iter[157/392], loss_total:1.06494, loss_equ:3.38007 loss_pq_vm:0.02069 loss_pq_va:0.24242 loss_pv_va:0.27758
INFO|2024-09-26 15:48:36: Epoch[021/100], iter[196/392], loss_total:0.88515, loss_equ:2.53272 loss_pq_vm:0.01753 loss_pq_va:0.21271 loss_pv_va:0.24388
INFO|2024-09-26 15:49:25: Epoch[021/100], iter[235/392], loss_total:0.88447, loss_equ:2.54784 loss_pq_vm:0.01700 loss_pq_va:0.21563 loss_pv_va:0.24403
INFO|2024-09-26 15:50:15: Epoch[021/100], iter[274/392], loss_total:0.91815, loss_equ:2.46570 loss_pq_vm:0.01721 loss_pq_va:0.23467 loss_pv_va:0.26477
INFO|2024-09-26 15:51:05: Epoch[021/100], iter[313/392], loss_total:0.99430, loss_equ:2.43145 loss_pq_vm:0.01748 loss_pq_va:0.27014 loss_pv_va:0.30622
INFO|2024-09-26 15:51:55: Epoch[021/100], iter[352/392], loss_total:1.04218, loss_equ:2.38980 loss_pq_vm:0.01708 loss_pq_va:0.29987 loss_pv_va:0.33254
INFO|2024-09-26 15:52:46: Epoch[021/100], iter[392/392], loss_total:0.86959, loss_equ:2.33582 loss_pq_vm:0.01586 loss_pq_va:0.22327 loss_pv_va:0.25410
INFO|2024-09-26 15:54:23: Epoch 20/100, lr:  0.00089613, eta: 13.13h, train_loss:  1.02785, valid_loss:  1.16736
INFO|2024-09-26 15:54:23: 	Train: PQ_Vm_rmse: 0.00118196  PQ_Va_rmse: 0.01110953  PV_Va_rmse: 0.01236081  delta_p: 0.05496798  delta_q: 0.01433759  
INFO|2024-09-26 15:54:23: 	ZTest: PQ_Vm_rmse: 0.00179921  PQ_Va_rmse: 0.01702753  PV_Va_rmse: 0.01864005  delta_p: 0.05511493  delta_q: 0.01451265  
INFO|2024-09-26 15:54:23: 	ZTest-ema: PQ_Vm_rmse: 0.001326  PQ_Va_rmse: 0.011879  PV_Va_rmse: 0.012904  delta_p: 0.043821  delta_q: 0.011520  
INFO|2024-09-26 15:54:23: 	           ValOfEMA:0.012904/0.012904,  Epoch:21/21
INFO|2024-09-26 15:54:23: 	Time(ep):598s,  Val(curr/best):0.018640/0.013333,  Epoch(curr/best):21/18
INFO|2024-09-26 15:54:23: -------------------- Epoch: 22 --------------------
INFO|2024-09-26 15:55:15: Epoch[022/100], iter[040/392], loss_total:0.96119, loss_equ:2.26536 loss_pq_vm:0.01840 loss_pq_va:0.25866 loss_pv_va:0.29200
INFO|2024-09-26 15:56:05: Epoch[022/100], iter[079/392], loss_total:0.94315, loss_equ:2.26177 loss_pq_vm:0.01852 loss_pq_va:0.24903 loss_pv_va:0.28277
INFO|2024-09-26 15:56:55: Epoch[022/100], iter[118/392], loss_total:1.08803, loss_equ:2.40566 loss_pq_vm:0.01904 loss_pq_va:0.30867 loss_pv_va:0.34843
INFO|2024-09-26 15:57:45: Epoch[022/100], iter[157/392], loss_total:0.94772, loss_equ:2.32524 loss_pq_vm:0.01736 loss_pq_va:0.25365 loss_pv_va:0.28794
INFO|2024-09-26 15:58:35: Epoch[022/100], iter[196/392], loss_total:0.99376, loss_equ:2.35635 loss_pq_vm:0.01730 loss_pq_va:0.27571 loss_pv_va:0.30943
INFO|2024-09-26 15:59:25: Epoch[022/100], iter[235/392], loss_total:0.85694, loss_equ:2.29810 loss_pq_vm:0.01880 loss_pq_va:0.20619 loss_pv_va:0.23290
INFO|2024-09-26 16:00:15: Epoch[022/100], iter[274/392], loss_total:1.23756, loss_equ:3.94498 loss_pq_vm:0.02275 loss_pq_va:0.28656 loss_pv_va:0.32903
INFO|2024-09-26 16:01:05: Epoch[022/100], iter[313/392], loss_total:1.14670, loss_equ:3.18672 loss_pq_vm:0.02842 loss_pq_va:0.25103 loss_pv_va:0.29282
INFO|2024-09-26 16:01:54: Epoch[022/100], iter[352/392], loss_total:0.98861, loss_equ:2.72467 loss_pq_vm:0.01906 loss_pq_va:0.24432 loss_pv_va:0.28118
INFO|2024-09-26 16:02:45: Epoch[022/100], iter[392/392], loss_total:1.20514, loss_equ:3.10395 loss_pq_vm:0.01937 loss_pq_va:0.33884 loss_pv_va:0.36225
INFO|2024-09-26 16:04:22: Epoch 21/100, lr:  0.00088640, eta: 12.97h, train_loss:  1.01903, valid_loss:  1.40695
INFO|2024-09-26 16:04:22: 	Train: PQ_Vm_rmse: 0.00130449  PQ_Va_rmse: 0.01098736  PV_Va_rmse: 0.01225733  delta_p: 0.05162596  delta_q: 0.01621040  
INFO|2024-09-26 16:04:22: 	ZTest: PQ_Vm_rmse: 0.00179237  PQ_Va_rmse: 0.02451435  PV_Va_rmse: 0.02602745  delta_p: 0.08227352  delta_q: 0.01762482  
INFO|2024-09-26 16:04:22: 	ZTest-ema: PQ_Vm_rmse: 0.001412  PQ_Va_rmse: 0.012875  PV_Va_rmse: 0.013778  delta_p: 0.032437  delta_q: 0.009834  
INFO|2024-09-26 16:04:22: 	           ValOfEMA:0.013778/0.012904,  Epoch:22/21
INFO|2024-09-26 16:04:22: 	Time(ep):598s,  Val(curr/best):0.026027/0.013333,  Epoch(curr/best):22/18
INFO|2024-09-26 16:04:22: -------------------- Epoch: 23 --------------------
INFO|2024-09-26 16:05:15: Epoch[023/100], iter[040/392], loss_total:1.06585, loss_equ:2.91966 loss_pq_vm:0.02480 loss_pq_va:0.25003 loss_pv_va:0.27590
INFO|2024-09-26 16:06:04: Epoch[023/100], iter[079/392], loss_total:1.06697, loss_equ:3.40581 loss_pq_vm:0.01770 loss_pq_va:0.24684 loss_pv_va:0.30260
INFO|2024-09-26 16:06:54: Epoch[023/100], iter[118/392], loss_total:1.20108, loss_equ:2.72261 loss_pq_vm:0.02653 loss_pq_va:0.31739 loss_pv_va:0.34610
INFO|2024-09-26 16:07:44: Epoch[023/100], iter[157/392], loss_total:0.85830, loss_equ:2.43693 loss_pq_vm:0.01736 loss_pq_va:0.20499 loss_pv_va:0.23602
INFO|2024-09-26 16:08:34: Epoch[023/100], iter[196/392], loss_total:1.05542, loss_equ:2.57412 loss_pq_vm:0.01921 loss_pq_va:0.28431 loss_pv_va:0.32160
INFO|2024-09-26 16:09:23: Epoch[023/100], iter[235/392], loss_total:0.94830, loss_equ:2.40731 loss_pq_vm:0.01813 loss_pq_va:0.24626 loss_pv_va:0.28001
INFO|2024-09-26 16:10:13: Epoch[023/100], iter[274/392], loss_total:1.10223, loss_equ:2.41564 loss_pq_vm:0.01914 loss_pq_va:0.31362 loss_pv_va:0.35563
INFO|2024-09-26 16:11:03: Epoch[023/100], iter[313/392], loss_total:0.92923, loss_equ:2.35031 loss_pq_vm:0.01871 loss_pq_va:0.23910 loss_pv_va:0.26796
INFO|2024-09-26 16:11:53: Epoch[023/100], iter[352/392], loss_total:1.10042, loss_equ:2.63232 loss_pq_vm:0.02403 loss_pq_va:0.27970 loss_pv_va:0.31717
INFO|2024-09-26 16:12:45: Epoch[023/100], iter[392/392], loss_total:1.13956, loss_equ:2.83611 loss_pq_vm:0.03297 loss_pq_va:0.25002 loss_pv_va:0.27627
INFO|2024-09-26 16:14:22: Epoch 22/100, lr:  0.00087630, eta: 12.82h, train_loss:  1.04354, valid_loss:  1.29650
INFO|2024-09-26 16:14:22: 	Train: PQ_Vm_rmse: 0.00137785  PQ_Va_rmse: 0.01339874  PV_Va_rmse: 0.01498953  delta_p: 0.06119156  delta_q: 0.01553484  
INFO|2024-09-26 16:14:22: 	ZTest: PQ_Vm_rmse: 0.00166711  PQ_Va_rmse: 0.01926178  PV_Va_rmse: 0.02204648  delta_p: 0.07385146  delta_q: 0.02123710  
INFO|2024-09-26 16:14:22: 	ZTest-ema: PQ_Vm_rmse: 0.001363  PQ_Va_rmse: 0.012507  PV_Va_rmse: 0.013461  delta_p: 0.034603  delta_q: 0.009287  
INFO|2024-09-26 16:14:22: 	           ValOfEMA:0.013461/0.012904,  Epoch:23/21
INFO|2024-09-26 16:14:23: 	Time(ep):599s,  Val(curr/best):0.022046/0.013333,  Epoch(curr/best):23/18
INFO|2024-09-26 16:14:23: -------------------- Epoch: 24 --------------------
INFO|2024-09-26 16:15:15: Epoch[024/100], iter[040/392], loss_total:1.20728, loss_equ:2.70720 loss_pq_vm:0.02111 loss_pq_va:0.34619 loss_pv_va:0.37930
INFO|2024-09-26 16:16:05: Epoch[024/100], iter[079/392], loss_total:0.92356, loss_equ:2.21162 loss_pq_vm:0.01829 loss_pq_va:0.24457 loss_pv_va:0.27488
INFO|2024-09-26 16:16:55: Epoch[024/100], iter[118/392], loss_total:1.10946, loss_equ:2.44437 loss_pq_vm:0.02178 loss_pq_va:0.30563 loss_pv_va:0.34159
INFO|2024-09-26 16:17:45: Epoch[024/100], iter[157/392], loss_total:0.96811, loss_equ:2.34713 loss_pq_vm:0.01775 loss_pq_va:0.26294 loss_pv_va:0.29294
INFO|2024-09-26 16:18:35: Epoch[024/100], iter[196/392], loss_total:0.89535, loss_equ:2.24008 loss_pq_vm:0.01605 loss_pq_va:0.24027 loss_pv_va:0.27053
INFO|2024-09-26 16:19:24: Epoch[024/100], iter[235/392], loss_total:1.16219, loss_equ:2.45829 loss_pq_vm:0.02233 loss_pq_va:0.32778 loss_pv_va:0.36532
INFO|2024-09-26 16:20:14: Epoch[024/100], iter[274/392], loss_total:0.90548, loss_equ:2.31620 loss_pq_vm:0.01879 loss_pq_va:0.22785 loss_pv_va:0.25815
INFO|2024-09-26 16:21:04: Epoch[024/100], iter[313/392], loss_total:0.95211, loss_equ:2.42219 loss_pq_vm:0.01877 loss_pq_va:0.24529 loss_pv_va:0.27690
INFO|2024-09-26 16:21:54: Epoch[024/100], iter[352/392], loss_total:1.04670, loss_equ:2.61039 loss_pq_vm:0.02063 loss_pq_va:0.26931 loss_pv_va:0.31002
INFO|2024-09-26 16:22:45: Epoch[024/100], iter[392/392], loss_total:0.95723, loss_equ:2.67744 loss_pq_vm:0.01837 loss_pq_va:0.23373 loss_pv_va:0.27206
INFO|2024-09-26 16:24:23: Epoch 23/100, lr:  0.00086584, eta: 12.67h, train_loss:  0.96732, valid_loss:  1.15936
INFO|2024-09-26 16:24:23: 	Train: PQ_Vm_rmse: 0.00111031  PQ_Va_rmse: 0.01160391  PV_Va_rmse: 0.01300223  delta_p: 0.04407706  delta_q: 0.01235646  
INFO|2024-09-26 16:24:23: 	ZTest: PQ_Vm_rmse: 0.00151976  PQ_Va_rmse: 0.01539725  PV_Va_rmse: 0.01783880  delta_p: 0.08242853  delta_q: 0.01744399  
INFO|2024-09-26 16:24:23: 	ZTest-ema: PQ_Vm_rmse: 0.001309  PQ_Va_rmse: 0.012195  PV_Va_rmse: 0.013265  delta_p: 0.040180  delta_q: 0.010121  
INFO|2024-09-26 16:24:23: 	           ValOfEMA:0.013265/0.012904,  Epoch:24/21
INFO|2024-09-26 16:24:23: 	Time(ep):600s,  Val(curr/best):0.017839/0.013333,  Epoch(curr/best):24/18
INFO|2024-09-26 16:24:23: -------------------- Epoch: 25 --------------------
INFO|2024-09-26 16:25:15: Epoch[025/100], iter[040/392], loss_total:1.59087, loss_equ:4.11622 loss_pq_vm:0.02397 loss_pq_va:0.45100 loss_pv_va:0.48852
INFO|2024-09-26 16:26:05: Epoch[025/100], iter[079/392], loss_total:1.00229, loss_equ:2.99394 loss_pq_vm:0.01643 loss_pq_va:0.25007 loss_pv_va:0.28855
INFO|2024-09-26 16:26:55: Epoch[025/100], iter[118/392], loss_total:0.83173, loss_equ:2.33026 loss_pq_vm:0.01378 loss_pq_va:0.21624 loss_pv_va:0.24466
INFO|2024-09-26 16:27:45: Epoch[025/100], iter[157/392], loss_total:0.98974, loss_equ:2.60952 loss_pq_vm:0.01648 loss_pq_va:0.26520 loss_pv_va:0.29876
INFO|2024-09-26 16:28:34: Epoch[025/100], iter[196/392], loss_total:0.91042, loss_equ:2.52982 loss_pq_vm:0.01538 loss_pq_va:0.23770 loss_pv_va:0.26596
INFO|2024-09-26 16:29:24: Epoch[025/100], iter[235/392], loss_total:0.90605, loss_equ:2.75421 loss_pq_vm:0.01461 loss_pq_va:0.22040 loss_pv_va:0.26411
INFO|2024-09-26 16:30:14: Epoch[025/100], iter[274/392], loss_total:0.91994, loss_equ:2.66914 loss_pq_vm:0.01650 loss_pq_va:0.22941 loss_pv_va:0.25864
INFO|2024-09-26 16:31:04: Epoch[025/100], iter[313/392], loss_total:0.93878, loss_equ:3.05026 loss_pq_vm:0.02023 loss_pq_va:0.19775 loss_pv_va:0.23373
INFO|2024-09-26 16:31:53: Epoch[025/100], iter[352/392], loss_total:0.94086, loss_equ:2.55716 loss_pq_vm:0.01939 loss_pq_va:0.22894 loss_pv_va:0.26233
INFO|2024-09-26 16:32:44: Epoch[025/100], iter[392/392], loss_total:0.91727, loss_equ:2.33254 loss_pq_vm:0.01492 loss_pq_va:0.25084 loss_pv_va:0.28397
INFO|2024-09-26 16:34:21: Epoch 24/100, lr:  0.00085502, eta: 12.46h, train_loss:  0.98428, valid_loss:  1.06064
INFO|2024-09-26 16:34:21: 	Train: PQ_Vm_rmse: 0.00091573  PQ_Va_rmse: 0.01029234  PV_Va_rmse: 0.01158416  delta_p: 0.06013340  delta_q: 0.01247400  
INFO|2024-09-26 16:34:21: 	ZTest: PQ_Vm_rmse: 0.00135364  PQ_Va_rmse: 0.01178367  PV_Va_rmse: 0.01292666  delta_p: 0.05026064  delta_q: 0.01272209  
INFO|2024-09-26 16:34:21: 	ZTest-ema: PQ_Vm_rmse: 0.001266  PQ_Va_rmse: 0.011415  PV_Va_rmse: 0.012298  delta_p: 0.040829  delta_q: 0.009101  
INFO|2024-09-26 16:34:21: 	           ValOfEMA:0.012298/0.012298,  Epoch:25/25
INFO|2024-09-26 16:34:22: 	Time(ep):597s,  Val(curr/best):0.012927/0.012927,  Epoch(curr/best):25/25
INFO|2024-09-26 16:34:22: -------------------- Epoch: 26 --------------------
INFO|2024-09-26 16:35:14: Epoch[026/100], iter[040/392], loss_total:0.95738, loss_equ:2.48819 loss_pq_vm:0.01734 loss_pq_va:0.25272 loss_pv_va:0.28243
INFO|2024-09-26 16:36:04: Epoch[026/100], iter[079/392], loss_total:0.85657, loss_equ:2.48281 loss_pq_vm:0.01492 loss_pq_va:0.21298 loss_pv_va:0.24606
INFO|2024-09-26 16:36:54: Epoch[026/100], iter[118/392], loss_total:0.81713, loss_equ:2.53592 loss_pq_vm:0.01492 loss_pq_va:0.19143 loss_pv_va:0.22287
INFO|2024-09-26 16:37:44: Epoch[026/100], iter[157/392], loss_total:1.49439, loss_equ:2.92354 loss_pq_vm:0.02397 loss_pq_va:0.45702 loss_pv_va:0.50533
INFO|2024-09-26 16:38:34: Epoch[026/100], iter[196/392], loss_total:1.04473, loss_equ:3.23022 loss_pq_vm:0.02031 loss_pq_va:0.25227 loss_pv_va:0.26637
INFO|2024-09-26 16:39:24: Epoch[026/100], iter[235/392], loss_total:1.00389, loss_equ:2.75026 loss_pq_vm:0.02273 loss_pq_va:0.23279 loss_pv_va:0.26873
INFO|2024-09-26 16:40:14: Epoch[026/100], iter[274/392], loss_total:1.06799, loss_equ:2.49334 loss_pq_vm:0.01745 loss_pq_va:0.30482 loss_pv_va:0.33938
INFO|2024-09-26 16:41:03: Epoch[026/100], iter[313/392], loss_total:1.08138, loss_equ:2.98320 loss_pq_vm:0.02294 loss_pq_va:0.26131 loss_pv_va:0.29232
INFO|2024-09-26 16:41:53: Epoch[026/100], iter[352/392], loss_total:0.95985, loss_equ:2.61754 loss_pq_vm:0.01526 loss_pq_va:0.25427 loss_pv_va:0.29125
INFO|2024-09-26 16:42:45: Epoch[026/100], iter[392/392], loss_total:0.86891, loss_equ:2.43604 loss_pq_vm:0.01595 loss_pq_va:0.21652 loss_pv_va:0.24934
INFO|2024-09-26 16:44:22: Epoch 25/100, lr:  0.00084385, eta: 12.33h, train_loss:  0.97905, valid_loss:  1.07155
INFO|2024-09-26 16:44:22: 	Train: PQ_Vm_rmse: 0.00094080  PQ_Va_rmse: 0.01139773  PV_Va_rmse: 0.01280686  delta_p: 0.05545355  delta_q: 0.01238149  
INFO|2024-09-26 16:44:22: 	ZTest: PQ_Vm_rmse: 0.00150214  PQ_Va_rmse: 0.01216773  PV_Va_rmse: 0.01328618  delta_p: 0.04769762  delta_q: 0.01493295  
INFO|2024-09-26 16:44:22: 	ZTest-ema: PQ_Vm_rmse: 0.001295  PQ_Va_rmse: 0.011772  PV_Va_rmse: 0.012648  delta_p: 0.036129  delta_q: 0.008734  
INFO|2024-09-26 16:44:22: 	           ValOfEMA:0.012648/0.012298,  Epoch:26/25
INFO|2024-09-26 16:44:22: 	Time(ep):599s,  Val(curr/best):0.013286/0.012927,  Epoch(curr/best):26/25
INFO|2024-09-26 16:44:22: -------------------- Epoch: 27 --------------------
INFO|2024-09-26 16:45:14: Epoch[027/100], iter[040/392], loss_total:0.72117, loss_equ:2.13464 loss_pq_vm:0.01271 loss_pq_va:0.17568 loss_pv_va:0.20493
INFO|2024-09-26 16:46:04: Epoch[027/100], iter[079/392], loss_total:0.81301, loss_equ:2.19248 loss_pq_vm:0.01414 loss_pq_va:0.21094 loss_pv_va:0.24146
INFO|2024-09-26 16:46:54: Epoch[027/100], iter[118/392], loss_total:0.77132, loss_equ:2.13249 loss_pq_vm:0.01334 loss_pq_va:0.19905 loss_pv_va:0.22561
INFO|2024-09-26 16:47:43: Epoch[027/100], iter[157/392], loss_total:0.86717, loss_equ:2.23726 loss_pq_vm:0.01876 loss_pq_va:0.21128 loss_pv_va:0.24452
INFO|2024-09-26 16:48:33: Epoch[027/100], iter[196/392], loss_total:0.97257, loss_equ:2.51187 loss_pq_vm:0.01840 loss_pq_va:0.25955 loss_pv_va:0.27785
INFO|2024-09-26 16:49:23: Epoch[027/100], iter[235/392], loss_total:0.89729, loss_equ:2.43248 loss_pq_vm:0.01880 loss_pq_va:0.21679 loss_pv_va:0.24921
INFO|2024-09-26 16:50:13: Epoch[027/100], iter[274/392], loss_total:0.81091, loss_equ:2.34389 loss_pq_vm:0.01370 loss_pq_va:0.20573 loss_pv_va:0.23379
INFO|2024-09-26 16:51:03: Epoch[027/100], iter[313/392], loss_total:0.87956, loss_equ:2.36047 loss_pq_vm:0.01636 loss_pq_va:0.22262 loss_pv_va:0.25729
INFO|2024-09-26 16:51:53: Epoch[027/100], iter[352/392], loss_total:0.80680, loss_equ:2.29633 loss_pq_vm:0.01705 loss_pq_va:0.19015 loss_pv_va:0.21647
INFO|2024-09-26 16:52:44: Epoch[027/100], iter[392/392], loss_total:0.83006, loss_equ:2.29456 loss_pq_vm:0.01569 loss_pq_va:0.20841 loss_pv_va:0.23531
INFO|2024-09-26 16:54:21: Epoch 26/100, lr:  0.00083235, eta: 12.15h, train_loss:  0.87716, valid_loss:  1.05718
INFO|2024-09-26 16:54:21: 	Train: PQ_Vm_rmse: 0.00079474  PQ_Va_rmse: 0.00828955  PV_Va_rmse: 0.00915078  delta_p: 0.03909817  delta_q: 0.00939555  
INFO|2024-09-26 16:54:21: 	ZTest: PQ_Vm_rmse: 0.00156640  PQ_Va_rmse: 0.01131991  PV_Va_rmse: 0.01235129  delta_p: 0.04216087  delta_q: 0.01186407  
INFO|2024-09-26 16:54:21: 	ZTest-ema: PQ_Vm_rmse: 0.001276  PQ_Va_rmse: 0.011716  PV_Va_rmse: 0.012640  delta_p: 0.036143  delta_q: 0.008810  
INFO|2024-09-26 16:54:21: 	           ValOfEMA:0.012640/0.012298,  Epoch:27/25
INFO|2024-09-26 16:54:22: 	Time(ep):599s,  Val(curr/best):0.012351/0.012351,  Epoch(curr/best):27/27
INFO|2024-09-26 16:54:22: -------------------- Epoch: 28 --------------------
INFO|2024-09-26 16:55:15: Epoch[028/100], iter[040/392], loss_total:0.89890, loss_equ:2.31439 loss_pq_vm:0.01502 loss_pq_va:0.24121 loss_pv_va:0.27601
INFO|2024-09-26 16:56:04: Epoch[028/100], iter[079/392], loss_total:0.81017, loss_equ:2.14930 loss_pq_vm:0.01507 loss_pq_va:0.20874 loss_pv_va:0.23578
INFO|2024-09-26 16:56:54: Epoch[028/100], iter[118/392], loss_total:0.79926, loss_equ:2.11878 loss_pq_vm:0.01378 loss_pq_va:0.20829 loss_pv_va:0.24130
INFO|2024-09-26 16:57:44: Epoch[028/100], iter[157/392], loss_total:0.81024, loss_equ:2.22122 loss_pq_vm:0.01527 loss_pq_va:0.20283 loss_pv_va:0.23255
INFO|2024-09-26 16:58:33: Epoch[028/100], iter[196/392], loss_total:0.91106, loss_equ:2.61684 loss_pq_vm:0.01815 loss_pq_va:0.22029 loss_pv_va:0.24764
INFO|2024-09-26 16:59:23: Epoch[028/100], iter[235/392], loss_total:0.85534, loss_equ:2.36841 loss_pq_vm:0.01540 loss_pq_va:0.21791 loss_pv_va:0.24654
INFO|2024-09-26 17:00:12: Epoch[028/100], iter[274/392], loss_total:0.91892, loss_equ:2.27955 loss_pq_vm:0.01925 loss_pq_va:0.23100 loss_pv_va:0.26747
INFO|2024-09-26 17:01:02: Epoch[028/100], iter[313/392], loss_total:1.03405, loss_equ:3.40838 loss_pq_vm:0.01701 loss_pq_va:0.24530 loss_pv_va:0.27780
INFO|2024-09-26 17:01:52: Epoch[028/100], iter[352/392], loss_total:0.96847, loss_equ:2.66723 loss_pq_vm:0.01646 loss_pq_va:0.25199 loss_pv_va:0.28511
INFO|2024-09-26 17:02:43: Epoch[028/100], iter[392/392], loss_total:0.78038, loss_equ:2.10235 loss_pq_vm:0.01366 loss_pq_va:0.20308 loss_pv_va:0.23051
INFO|2024-09-26 17:04:20: Epoch 27/100, lr:  0.00082052, eta: 11.96h, train_loss:  0.89635, valid_loss:  1.00653
INFO|2024-09-26 17:04:20: 	Train: PQ_Vm_rmse: 0.00080431  PQ_Va_rmse: 0.00852717  PV_Va_rmse: 0.00956362  delta_p: 0.04047937  delta_q: 0.01032272  
INFO|2024-09-26 17:04:20: 	ZTest: PQ_Vm_rmse: 0.00131288  PQ_Va_rmse: 0.01347502  PV_Va_rmse: 0.01464331  delta_p: 0.03579597  delta_q: 0.00879481  
INFO|2024-09-26 17:04:20: 	ZTest-ema: PQ_Vm_rmse: 0.001195  PQ_Va_rmse: 0.010596  PV_Va_rmse: 0.011320  delta_p: 0.029606  delta_q: 0.007335  
INFO|2024-09-26 17:04:20: 	           ValOfEMA:0.011320/0.011320,  Epoch:28/28
INFO|2024-09-26 17:04:21: 	Time(ep):597s,  Val(curr/best):0.014643/0.012351,  Epoch(curr/best):28/27
INFO|2024-09-26 17:04:21: -------------------- Epoch: 29 --------------------
INFO|2024-09-26 17:05:13: Epoch[029/100], iter[040/392], loss_total:0.92625, loss_equ:2.90912 loss_pq_vm:0.01816 loss_pq_va:0.20831 loss_pv_va:0.24546
INFO|2024-09-26 17:06:03: Epoch[029/100], iter[079/392], loss_total:0.80280, loss_equ:2.19051 loss_pq_vm:0.01540 loss_pq_va:0.20199 loss_pv_va:0.22773
INFO|2024-09-26 17:06:52: Epoch[029/100], iter[118/392], loss_total:1.05390, loss_equ:2.39980 loss_pq_vm:0.01860 loss_pq_va:0.29112 loss_pv_va:0.33682
INFO|2024-09-26 17:07:42: Epoch[029/100], iter[157/392], loss_total:1.09395, loss_equ:2.70177 loss_pq_vm:0.03114 loss_pq_va:0.24137 loss_pv_va:0.27102
INFO|2024-09-26 17:08:32: Epoch[029/100], iter[196/392], loss_total:0.98658, loss_equ:2.17703 loss_pq_vm:0.02015 loss_pq_va:0.26858 loss_pv_va:0.29884
INFO|2024-09-26 17:09:21: Epoch[029/100], iter[235/392], loss_total:0.87385, loss_equ:2.22392 loss_pq_vm:0.01870 loss_pq_va:0.21731 loss_pv_va:0.24719
INFO|2024-09-26 17:10:11: Epoch[029/100], iter[274/392], loss_total:0.95350, loss_equ:2.23371 loss_pq_vm:0.02121 loss_pq_va:0.24478 loss_pv_va:0.27323
INFO|2024-09-26 17:11:01: Epoch[029/100], iter[313/392], loss_total:0.91641, loss_equ:2.19374 loss_pq_vm:0.01953 loss_pq_va:0.23543 loss_pv_va:0.26630
INFO|2024-09-26 17:11:50: Epoch[029/100], iter[352/392], loss_total:1.09909, loss_equ:2.36562 loss_pq_vm:0.02173 loss_pq_va:0.30421 loss_pv_va:0.34098
INFO|2024-09-26 17:12:41: Epoch[029/100], iter[392/392], loss_total:0.82157, loss_equ:2.28772 loss_pq_vm:0.01774 loss_pq_va:0.19323 loss_pv_va:0.22212
INFO|2024-09-26 17:14:18: Epoch 28/100, lr:  0.00080839, eta: 11.79h, train_loss:  0.94506, valid_loss:  1.07419
INFO|2024-09-26 17:14:18: 	Train: PQ_Vm_rmse: 0.00120799  PQ_Va_rmse: 0.01123888  PV_Va_rmse: 0.01241317  delta_p: 0.04504318  delta_q: 0.01269460  
INFO|2024-09-26 17:14:18: 	ZTest: PQ_Vm_rmse: 0.00184884  PQ_Va_rmse: 0.01497753  PV_Va_rmse: 0.01639861  delta_p: 0.06933388  delta_q: 0.02213114  
INFO|2024-09-26 17:14:18: 	ZTest-ema: PQ_Vm_rmse: 0.001329  PQ_Va_rmse: 0.011322  PV_Va_rmse: 0.012294  delta_p: 0.040925  delta_q: 0.012611  
INFO|2024-09-26 17:14:18: 	           ValOfEMA:0.012294/0.011320,  Epoch:29/28
INFO|2024-09-26 17:14:19: 	Time(ep):597s,  Val(curr/best):0.016399/0.012351,  Epoch(curr/best):29/27
INFO|2024-09-26 17:14:19: -------------------- Epoch: 30 --------------------
INFO|2024-09-26 17:15:11: Epoch[030/100], iter[040/392], loss_total:0.93785, loss_equ:2.45072 loss_pq_vm:0.01620 loss_pq_va:0.24907 loss_pv_va:0.28168
INFO|2024-09-26 17:16:00: Epoch[030/100], iter[079/392], loss_total:0.89562, loss_equ:2.40109 loss_pq_vm:0.01807 loss_pq_va:0.22171 loss_pv_va:0.25315
INFO|2024-09-26 17:16:50: Epoch[030/100], iter[118/392], loss_total:0.97120, loss_equ:2.21902 loss_pq_vm:0.01985 loss_pq_va:0.25833 loss_pv_va:0.29242
INFO|2024-09-26 17:17:39: Epoch[030/100], iter[157/392], loss_total:0.94293, loss_equ:2.24927 loss_pq_vm:0.02094 loss_pq_va:0.23888 loss_pv_va:0.26970
INFO|2024-09-26 17:18:29: Epoch[030/100], iter[196/392], loss_total:0.89144, loss_equ:2.13789 loss_pq_vm:0.01956 loss_pq_va:0.22563 loss_pv_va:0.25638
INFO|2024-09-26 17:19:19: Epoch[030/100], iter[235/392], loss_total:0.86189, loss_equ:2.26271 loss_pq_vm:0.01691 loss_pq_va:0.21792 loss_pv_va:0.24859
INFO|2024-09-26 17:20:09: Epoch[030/100], iter[274/392], loss_total:0.88934, loss_equ:2.20300 loss_pq_vm:0.01867 loss_pq_va:0.22554 loss_pv_va:0.25678
INFO|2024-09-26 17:20:58: Epoch[030/100], iter[313/392], loss_total:1.12088, loss_equ:2.85559 loss_pq_vm:0.02337 loss_pq_va:0.28400 loss_pv_va:0.31760
INFO|2024-09-26 17:21:48: Epoch[030/100], iter[352/392], loss_total:0.89208, loss_equ:2.65981 loss_pq_vm:0.01527 loss_pq_va:0.22191 loss_pv_va:0.25153
INFO|2024-09-26 17:22:39: Epoch[030/100], iter[392/392], loss_total:0.90465, loss_equ:2.25565 loss_pq_vm:0.01506 loss_pq_va:0.25032 loss_pv_va:0.27821
INFO|2024-09-26 17:24:17: Epoch 29/100, lr:  0.00079595, eta: 11.63h, train_loss:  0.93725, valid_loss:  0.99749
INFO|2024-09-26 17:24:17: 	Train: PQ_Vm_rmse: 0.00115242  PQ_Va_rmse: 0.01123388  PV_Va_rmse: 0.01261750  delta_p: 0.04588138  delta_q: 0.01311838  
INFO|2024-09-26 17:24:17: 	ZTest: PQ_Vm_rmse: 0.00141154  PQ_Va_rmse: 0.01105178  PV_Va_rmse: 0.01219667  delta_p: 0.04131550  delta_q: 0.01379157  
INFO|2024-09-26 17:24:17: 	ZTest-ema: PQ_Vm_rmse: 0.001310  PQ_Va_rmse: 0.011905  PV_Va_rmse: 0.012770  delta_p: 0.029072  delta_q: 0.007738  
INFO|2024-09-26 17:24:17: 	           ValOfEMA:0.012770/0.011320,  Epoch:30/28
INFO|2024-09-26 17:24:18: 	Time(ep):597s,  Val(curr/best):0.012197/0.012197,  Epoch(curr/best):30/30
INFO|2024-09-26 17:24:18: -------------------- Epoch: 31 --------------------
INFO|2024-09-26 17:25:10: Epoch[031/100], iter[040/392], loss_total:0.79172, loss_equ:2.08769 loss_pq_vm:0.01629 loss_pq_va:0.19500 loss_pv_va:0.22502
INFO|2024-09-26 17:26:00: Epoch[031/100], iter[079/392], loss_total:0.89557, loss_equ:2.13105 loss_pq_vm:0.01714 loss_pq_va:0.23974 loss_pv_va:0.27134
INFO|2024-09-26 17:26:50: Epoch[031/100], iter[118/392], loss_total:0.81423, loss_equ:2.08292 loss_pq_vm:0.01420 loss_pq_va:0.21747 loss_pv_va:0.24646
INFO|2024-09-26 17:27:40: Epoch[031/100], iter[157/392], loss_total:0.77684, loss_equ:2.01711 loss_pq_vm:0.01519 loss_pq_va:0.19746 loss_pv_va:0.22574
INFO|2024-09-26 17:28:30: Epoch[031/100], iter[196/392], loss_total:0.79895, loss_equ:2.05056 loss_pq_vm:0.01539 loss_pq_va:0.20735 loss_pv_va:0.23267
INFO|2024-09-26 17:29:20: Epoch[031/100], iter[235/392], loss_total:0.79817, loss_equ:2.03545 loss_pq_vm:0.01592 loss_pq_va:0.20390 loss_pv_va:0.23157
INFO|2024-09-26 17:30:09: Epoch[031/100], iter[274/392], loss_total:0.87726, loss_equ:2.18553 loss_pq_vm:0.01982 loss_pq_va:0.21489 loss_pv_va:0.24563
INFO|2024-09-26 17:30:59: Epoch[031/100], iter[313/392], loss_total:0.86454, loss_equ:2.12882 loss_pq_vm:0.01501 loss_pq_va:0.23508 loss_pv_va:0.26643
INFO|2024-09-26 17:31:49: Epoch[031/100], iter[352/392], loss_total:0.97584, loss_equ:2.51711 loss_pq_vm:0.01879 loss_pq_va:0.25132 loss_pv_va:0.28489
INFO|2024-09-26 17:32:40: Epoch[031/100], iter[392/392], loss_total:0.89438, loss_equ:2.17933 loss_pq_vm:0.01629 loss_pq_va:0.24059 loss_pv_va:0.27293
INFO|2024-09-26 17:34:17: Epoch 30/100, lr:  0.00078323, eta: 11.48h, train_loss:  0.86209, valid_loss:  1.15931
INFO|2024-09-26 17:34:17: 	Train: PQ_Vm_rmse: 0.00089224  PQ_Va_rmse: 0.00941127  PV_Va_rmse: 0.01046170  delta_p: 0.03102072  delta_q: 0.00957984  
INFO|2024-09-26 17:34:17: 	ZTest: PQ_Vm_rmse: 0.00190709  PQ_Va_rmse: 0.02192551  PV_Va_rmse: 0.02433638  delta_p: 0.05117058  delta_q: 0.01302479  
INFO|2024-09-26 17:34:17: 	ZTest-ema: PQ_Vm_rmse: 0.001336  PQ_Va_rmse: 0.012141  PV_Va_rmse: 0.013151  delta_p: 0.032731  delta_q: 0.009298  
INFO|2024-09-26 17:34:17: 	           ValOfEMA:0.013151/0.011320,  Epoch:31/28
INFO|2024-09-26 17:34:17: 	Time(ep):599s,  Val(curr/best):0.024336/0.012197,  Epoch(curr/best):31/30
INFO|2024-09-26 17:34:17: -------------------- Epoch: 32 --------------------
INFO|2024-09-26 17:35:10: Epoch[032/100], iter[040/392], loss_total:0.83220, loss_equ:2.11049 loss_pq_vm:0.01597 loss_pq_va:0.21606 loss_pv_va:0.24539
INFO|2024-09-26 17:36:00: Epoch[032/100], iter[079/392], loss_total:1.03537, loss_equ:2.27931 loss_pq_vm:0.03177 loss_pq_va:0.23423 loss_pv_va:0.25551
INFO|2024-09-26 17:36:49: Epoch[032/100], iter[118/392], loss_total:1.11469, loss_equ:3.03833 loss_pq_vm:0.02568 loss_pq_va:0.26196 loss_pv_va:0.29208
INFO|2024-09-26 17:37:39: Epoch[032/100], iter[157/392], loss_total:0.84245, loss_equ:2.31580 loss_pq_vm:0.01709 loss_pq_va:0.20733 loss_pv_va:0.23262
INFO|2024-09-26 17:38:29: Epoch[032/100], iter[196/392], loss_total:0.88006, loss_equ:2.27392 loss_pq_vm:0.01528 loss_pq_va:0.23424 loss_pv_va:0.26565
INFO|2024-09-26 17:39:19: Epoch[032/100], iter[235/392], loss_total:0.83653, loss_equ:2.17397 loss_pq_vm:0.01763 loss_pq_va:0.20735 loss_pv_va:0.23553
INFO|2024-09-26 17:40:09: Epoch[032/100], iter[274/392], loss_total:0.81196, loss_equ:2.04953 loss_pq_vm:0.01519 loss_pq_va:0.21325 loss_pv_va:0.24181
INFO|2024-09-26 17:40:59: Epoch[032/100], iter[313/392], loss_total:0.78564, loss_equ:2.01830 loss_pq_vm:0.01331 loss_pq_va:0.20981 loss_pv_va:0.24093
INFO|2024-09-26 17:41:49: Epoch[032/100], iter[352/392], loss_total:0.75249, loss_equ:2.02694 loss_pq_vm:0.01373 loss_pq_va:0.19246 loss_pv_va:0.22001
INFO|2024-09-26 17:42:40: Epoch[032/100], iter[392/392], loss_total:0.85415, loss_equ:2.04472 loss_pq_vm:0.01382 loss_pq_va:0.23977 loss_pv_va:0.27170
INFO|2024-09-26 17:44:17: Epoch 31/100, lr:  0.00077023, eta: 11.32h, train_loss:  0.87697, valid_loss:  0.99599
INFO|2024-09-26 17:44:17: 	Train: PQ_Vm_rmse: 0.00099816  PQ_Va_rmse: 0.00913867  PV_Va_rmse: 0.01015815  delta_p: 0.03285975  delta_q: 0.01121326  
INFO|2024-09-26 17:44:17: 	ZTest: PQ_Vm_rmse: 0.00144758  PQ_Va_rmse: 0.01440779  PV_Va_rmse: 0.01556711  delta_p: 0.03824988  delta_q: 0.01242560  
INFO|2024-09-26 17:44:17: 	ZTest-ema: PQ_Vm_rmse: 0.001313  PQ_Va_rmse: 0.012300  PV_Va_rmse: 0.013313  delta_p: 0.030506  delta_q: 0.008332  
INFO|2024-09-26 17:44:17: 	           ValOfEMA:0.013313/0.011320,  Epoch:32/28
INFO|2024-09-26 17:44:17: 	Time(ep):599s,  Val(curr/best):0.015567/0.012197,  Epoch(curr/best):32/30
INFO|2024-09-26 17:44:17: -------------------- Epoch: 33 --------------------
INFO|2024-09-26 17:45:09: Epoch[033/100], iter[040/392], loss_total:0.84480, loss_equ:2.12374 loss_pq_vm:0.01640 loss_pq_va:0.22190 loss_pv_va:0.24655
INFO|2024-09-26 17:45:59: Epoch[033/100], iter[079/392], loss_total:0.88578, loss_equ:2.09019 loss_pq_vm:0.01391 loss_pq_va:0.25095 loss_pv_va:0.28669
INFO|2024-09-26 17:46:48: Epoch[033/100], iter[118/392], loss_total:0.76116, loss_equ:1.99519 loss_pq_vm:0.01405 loss_pq_va:0.19789 loss_pv_va:0.22323
INFO|2024-09-26 17:47:38: Epoch[033/100], iter[157/392], loss_total:0.89855, loss_equ:2.10416 loss_pq_vm:0.01701 loss_pq_va:0.24464 loss_pv_va:0.27340
INFO|2024-09-26 17:48:28: Epoch[033/100], iter[196/392], loss_total:0.76387, loss_equ:2.04913 loss_pq_vm:0.01393 loss_pq_va:0.19593 loss_pv_va:0.22368
INFO|2024-09-26 17:49:18: Epoch[033/100], iter[235/392], loss_total:0.85968, loss_equ:2.59800 loss_pq_vm:0.01682 loss_pq_va:0.19926 loss_pv_va:0.23242
INFO|2024-09-26 17:50:08: Epoch[033/100], iter[274/392], loss_total:1.07609, loss_equ:2.77778 loss_pq_vm:0.01805 loss_pq_va:0.29092 loss_pv_va:0.32694
INFO|2024-09-26 17:50:57: Epoch[033/100], iter[313/392], loss_total:0.86948, loss_equ:2.63179 loss_pq_vm:0.01875 loss_pq_va:0.19595 loss_pv_va:0.22281
INFO|2024-09-26 17:51:47: Epoch[033/100], iter[352/392], loss_total:0.85432, loss_equ:2.34935 loss_pq_vm:0.01486 loss_pq_va:0.22046 loss_pv_va:0.25027
INFO|2024-09-26 17:52:38: Epoch[033/100], iter[392/392], loss_total:0.74417, loss_equ:2.12168 loss_pq_vm:0.01402 loss_pq_va:0.18231 loss_pv_va:0.20952
INFO|2024-09-26 17:54:15: Epoch 32/100, lr:  0.00075698, eta: 11.12h, train_loss:  0.83767, valid_loss:  0.98672
INFO|2024-09-26 17:54:15: 	Train: PQ_Vm_rmse: 0.00073960  PQ_Va_rmse: 0.00747071  PV_Va_rmse: 0.00832724  delta_p: 0.03672524  delta_q: 0.00886515  
INFO|2024-09-26 17:54:15: 	ZTest: PQ_Vm_rmse: 0.00125578  PQ_Va_rmse: 0.01053613  PV_Va_rmse: 0.01129079  delta_p: 0.03659902  delta_q: 0.00850152  
INFO|2024-09-26 17:54:15: 	ZTest-ema: PQ_Vm_rmse: 0.001227  PQ_Va_rmse: 0.010782  PV_Va_rmse: 0.011477  delta_p: 0.027486  delta_q: 0.006692  
INFO|2024-09-26 17:54:15: 	           ValOfEMA:0.011477/0.011320,  Epoch:33/28
INFO|2024-09-26 17:54:16: 	Time(ep):597s,  Val(curr/best):0.011291/0.011291,  Epoch(curr/best):33/33
INFO|2024-09-26 17:54:16: -------------------- Epoch: 34 --------------------
INFO|2024-09-26 17:55:08: Epoch[034/100], iter[040/392], loss_total:0.72109, loss_equ:1.99128 loss_pq_vm:0.01242 loss_pq_va:0.18710 loss_pv_va:0.21066
INFO|2024-09-26 17:55:58: Epoch[034/100], iter[079/392], loss_total:0.72325, loss_equ:2.07238 loss_pq_vm:0.01248 loss_pq_va:0.18225 loss_pv_va:0.20895
INFO|2024-09-26 17:56:48: Epoch[034/100], iter[118/392], loss_total:1.09341, loss_equ:3.61009 loss_pq_vm:0.01711 loss_pq_va:0.27803 loss_pv_va:0.28325
INFO|2024-09-26 17:57:37: Epoch[034/100], iter[157/392], loss_total:0.94727, loss_equ:2.64940 loss_pq_vm:0.01983 loss_pq_va:0.22584 loss_pv_va:0.25821
INFO|2024-09-26 17:58:27: Epoch[034/100], iter[196/392], loss_total:0.80693, loss_equ:2.30251 loss_pq_vm:0.01629 loss_pq_va:0.19329 loss_pv_va:0.22053
INFO|2024-09-26 17:59:16: Epoch[034/100], iter[235/392], loss_total:0.81703, loss_equ:2.48397 loss_pq_vm:0.01504 loss_pq_va:0.19646 loss_pv_va:0.22182
INFO|2024-09-26 18:00:06: Epoch[034/100], iter[274/392], loss_total:1.22994, loss_equ:2.45686 loss_pq_vm:0.02839 loss_pq_va:0.33014 loss_pv_va:0.37017
INFO|2024-09-26 18:00:56: Epoch[034/100], iter[313/392], loss_total:0.78270, loss_equ:2.21378 loss_pq_vm:0.01306 loss_pq_va:0.19998 loss_pv_va:0.23076
INFO|2024-09-26 18:01:45: Epoch[034/100], iter[352/392], loss_total:0.74799, loss_equ:2.04305 loss_pq_vm:0.01390 loss_pq_va:0.18880 loss_pv_va:0.21593
INFO|2024-09-26 18:02:37: Epoch[034/100], iter[392/392], loss_total:0.74112, loss_equ:2.04419 loss_pq_vm:0.01465 loss_pq_va:0.18337 loss_pv_va:0.20679
INFO|2024-09-26 18:04:14: Epoch 33/100, lr:  0.00074347, eta: 10.96h, train_loss:  0.83351, valid_loss:  1.13300
INFO|2024-09-26 18:04:14: 	Train: PQ_Vm_rmse: 0.00074812  PQ_Va_rmse: 0.00738856  PV_Va_rmse: 0.00826511  delta_p: 0.04350458  delta_q: 0.00925559  
INFO|2024-09-26 18:04:14: 	ZTest: PQ_Vm_rmse: 0.00169780  PQ_Va_rmse: 0.01911394  PV_Va_rmse: 0.02100257  delta_p: 0.04413044  delta_q: 0.01073881  
INFO|2024-09-26 18:04:14: 	ZTest-ema: PQ_Vm_rmse: 0.001209  PQ_Va_rmse: 0.010686  PV_Va_rmse: 0.011531  delta_p: 0.030715  delta_q: 0.007997  
INFO|2024-09-26 18:04:14: 	           ValOfEMA:0.011531/0.011320,  Epoch:34/28
INFO|2024-09-26 18:04:14: 	Time(ep):597s,  Val(curr/best):0.021003/0.011291,  Epoch(curr/best):34/33
INFO|2024-09-26 18:04:14: -------------------- Epoch: 35 --------------------
INFO|2024-09-26 18:05:06: Epoch[035/100], iter[040/392], loss_total:0.72485, loss_equ:1.96944 loss_pq_vm:0.01382 loss_pq_va:0.18176 loss_pv_va:0.20794
INFO|2024-09-26 18:05:56: Epoch[035/100], iter[079/392], loss_total:0.87814, loss_equ:2.05318 loss_pq_vm:0.01388 loss_pq_va:0.24971 loss_pv_va:0.28427
INFO|2024-09-26 18:06:46: Epoch[035/100], iter[118/392], loss_total:0.77072, loss_equ:1.97465 loss_pq_vm:0.01345 loss_pq_va:0.20468 loss_pv_va:0.23411
INFO|2024-09-26 18:07:36: Epoch[035/100], iter[157/392], loss_total:0.78943, loss_equ:2.01861 loss_pq_vm:0.01637 loss_pq_va:0.19838 loss_pv_va:0.22550
INFO|2024-09-26 18:08:26: Epoch[035/100], iter[196/392], loss_total:1.03436, loss_equ:2.47755 loss_pq_vm:0.01866 loss_pq_va:0.27519 loss_pv_va:0.32478
INFO|2024-09-26 18:09:16: Epoch[035/100], iter[235/392], loss_total:0.84911, loss_equ:2.49758 loss_pq_vm:0.01589 loss_pq_va:0.20741 loss_pv_va:0.23308
INFO|2024-09-26 18:10:06: Epoch[035/100], iter[274/392], loss_total:0.72098, loss_equ:2.05383 loss_pq_vm:0.01399 loss_pq_va:0.17452 loss_pv_va:0.20116
INFO|2024-09-26 18:10:55: Epoch[035/100], iter[313/392], loss_total:0.85613, loss_equ:2.10193 loss_pq_vm:0.01738 loss_pq_va:0.21873 loss_pv_va:0.25337
INFO|2024-09-26 18:11:45: Epoch[035/100], iter[352/392], loss_total:0.80718, loss_equ:2.10907 loss_pq_vm:0.01472 loss_pq_va:0.21014 loss_pv_va:0.23891
INFO|2024-09-26 18:12:36: Epoch[035/100], iter[392/392], loss_total:0.83675, loss_equ:2.18953 loss_pq_vm:0.01644 loss_pq_va:0.21109 loss_pv_va:0.24229
INFO|2024-09-26 18:14:14: Epoch 34/100, lr:  0.00072973, eta: 10.83h, train_loss:  0.81504, valid_loss:  1.01340
INFO|2024-09-26 18:14:14: 	Train: PQ_Vm_rmse: 0.00077670  PQ_Va_rmse: 0.00821984  PV_Va_rmse: 0.00919732  delta_p: 0.03309997  delta_q: 0.00840461  
INFO|2024-09-26 18:14:14: 	ZTest: PQ_Vm_rmse: 0.00142909  PQ_Va_rmse: 0.01434505  PV_Va_rmse: 0.01595318  delta_p: 0.04654398  delta_q: 0.01304194  
INFO|2024-09-26 18:14:14: 	ZTest-ema: PQ_Vm_rmse: 0.001231  PQ_Va_rmse: 0.010880  PV_Va_rmse: 0.011788  delta_p: 0.032103  delta_q: 0.008790  
INFO|2024-09-26 18:14:14: 	           ValOfEMA:0.011788/0.011320,  Epoch:35/28
INFO|2024-09-26 18:14:14: 	Time(ep):599s,  Val(curr/best):0.015953/0.011291,  Epoch(curr/best):35/33
INFO|2024-09-26 18:14:14: -------------------- Epoch: 36 --------------------
INFO|2024-09-26 18:15:07: Epoch[036/100], iter[040/392], loss_total:0.74499, loss_equ:1.97521 loss_pq_vm:0.01450 loss_pq_va:0.18873 loss_pv_va:0.21369
INFO|2024-09-26 18:15:57: Epoch[036/100], iter[079/392], loss_total:0.89952, loss_equ:2.27111 loss_pq_vm:0.01660 loss_pq_va:0.23681 loss_pv_va:0.26963
INFO|2024-09-26 18:16:46: Epoch[036/100], iter[118/392], loss_total:0.74171, loss_equ:1.96653 loss_pq_vm:0.01328 loss_pq_va:0.19303 loss_pv_va:0.21923
INFO|2024-09-26 18:17:36: Epoch[036/100], iter[157/392], loss_total:0.79026, loss_equ:2.01265 loss_pq_vm:0.01487 loss_pq_va:0.20502 loss_pv_va:0.23526
INFO|2024-09-26 18:18:26: Epoch[036/100], iter[196/392], loss_total:0.77148, loss_equ:1.96308 loss_pq_vm:0.01356 loss_pq_va:0.20633 loss_pv_va:0.23328
INFO|2024-09-26 18:19:16: Epoch[036/100], iter[235/392], loss_total:0.72824, loss_equ:1.90208 loss_pq_vm:0.01415 loss_pq_va:0.18581 loss_pv_va:0.21074
INFO|2024-09-26 18:20:05: Epoch[036/100], iter[274/392], loss_total:0.75539, loss_equ:2.01330 loss_pq_vm:0.01461 loss_pq_va:0.18974 loss_pv_va:0.21822
INFO|2024-09-26 18:20:55: Epoch[036/100], iter[313/392], loss_total:0.97003, loss_equ:2.23064 loss_pq_vm:0.01531 loss_pq_va:0.27902 loss_pv_va:0.31480
INFO|2024-09-26 18:21:45: Epoch[036/100], iter[352/392], loss_total:0.81482, loss_equ:2.01546 loss_pq_vm:0.01480 loss_pq_va:0.21777 loss_pv_va:0.24750
INFO|2024-09-26 18:22:36: Epoch[036/100], iter[392/392], loss_total:0.78180, loss_equ:2.01570 loss_pq_vm:0.01433 loss_pq_va:0.20428 loss_pv_va:0.23264
INFO|2024-09-26 18:24:13: Epoch 35/100, lr:  0.00071576, eta: 10.65h, train_loss:  0.78543, valid_loss:  0.96437
INFO|2024-09-26 18:24:13: 	Train: PQ_Vm_rmse: 0.00071270  PQ_Va_rmse: 0.00752735  PV_Va_rmse: 0.00840347  delta_p: 0.02674110  delta_q: 0.00779182  
INFO|2024-09-26 18:24:13: 	ZTest: PQ_Vm_rmse: 0.00137829  PQ_Va_rmse: 0.01304930  PV_Va_rmse: 0.01438970  delta_p: 0.03354479  delta_q: 0.00996632  
INFO|2024-09-26 18:24:13: 	ZTest-ema: PQ_Vm_rmse: 0.001294  PQ_Va_rmse: 0.011470  PV_Va_rmse: 0.012431  delta_p: 0.029563  delta_q: 0.008369  
INFO|2024-09-26 18:24:13: 	           ValOfEMA:0.012431/0.011320,  Epoch:36/28
INFO|2024-09-26 18:24:14: 	Time(ep):598s,  Val(curr/best):0.014390/0.011291,  Epoch(curr/best):36/33
INFO|2024-09-26 18:24:14: -------------------- Epoch: 37 --------------------
INFO|2024-09-26 18:25:06: Epoch[037/100], iter[040/392], loss_total:0.73163, loss_equ:1.95739 loss_pq_vm:0.01256 loss_pq_va:0.19255 loss_pv_va:0.21774
INFO|2024-09-26 18:25:56: Epoch[037/100], iter[079/392], loss_total:0.72686, loss_equ:1.93678 loss_pq_vm:0.01315 loss_pq_va:0.18734 loss_pv_va:0.21430
INFO|2024-09-26 18:26:45: Epoch[037/100], iter[118/392], loss_total:0.83577, loss_equ:2.40138 loss_pq_vm:0.01515 loss_pq_va:0.20858 loss_pv_va:0.23554
INFO|2024-09-26 18:27:35: Epoch[037/100], iter[157/392], loss_total:0.82424, loss_equ:2.36469 loss_pq_vm:0.01443 loss_pq_va:0.20537 loss_pv_va:0.23811
INFO|2024-09-26 18:28:25: Epoch[037/100], iter[196/392], loss_total:0.76006, loss_equ:2.13557 loss_pq_vm:0.01450 loss_pq_va:0.18777 loss_pv_va:0.21376
INFO|2024-09-26 18:29:15: Epoch[037/100], iter[235/392], loss_total:0.73614, loss_equ:1.98871 loss_pq_vm:0.01508 loss_pq_va:0.18245 loss_pv_va:0.20406
INFO|2024-09-26 18:30:05: Epoch[037/100], iter[274/392], loss_total:0.78739, loss_equ:2.35740 loss_pq_vm:0.01341 loss_pq_va:0.19277 loss_pv_va:0.22475
INFO|2024-09-26 18:30:55: Epoch[037/100], iter[313/392], loss_total:0.78311, loss_equ:2.52275 loss_pq_vm:0.01404 loss_pq_va:0.18257 loss_pv_va:0.20785
INFO|2024-09-26 18:31:45: Epoch[037/100], iter[352/392], loss_total:0.71028, loss_equ:2.11814 loss_pq_vm:0.01281 loss_pq_va:0.17160 loss_pv_va:0.19877
INFO|2024-09-26 18:32:36: Epoch[037/100], iter[392/392], loss_total:0.81165, loss_equ:2.23731 loss_pq_vm:0.01841 loss_pq_va:0.18776 loss_pv_va:0.21604
INFO|2024-09-26 18:34:13: Epoch 36/100, lr:  0.00070159, eta: 10.49h, train_loss:  0.77804, valid_loss:  1.08672
INFO|2024-09-26 18:34:13: 	Train: PQ_Vm_rmse: 0.00066500  PQ_Va_rmse: 0.00584077  PV_Va_rmse: 0.00655062  delta_p: 0.03145466  delta_q: 0.00802130  
INFO|2024-09-26 18:34:13: 	ZTest: PQ_Vm_rmse: 0.00178265  PQ_Va_rmse: 0.01273122  PV_Va_rmse: 0.01377017  delta_p: 0.05659436  delta_q: 0.01275382  
INFO|2024-09-26 18:34:13: 	ZTest-ema: PQ_Vm_rmse: 0.001253  PQ_Va_rmse: 0.010709  PV_Va_rmse: 0.011450  delta_p: 0.026241  delta_q: 0.006791  
INFO|2024-09-26 18:34:13: 	           ValOfEMA:0.011450/0.011320,  Epoch:37/28
INFO|2024-09-26 18:34:14: 	Time(ep):599s,  Val(curr/best):0.013770/0.011291,  Epoch(curr/best):37/33
INFO|2024-09-26 18:34:14: -------------------- Epoch: 38 --------------------
INFO|2024-09-26 18:35:06: Epoch[038/100], iter[040/392], loss_total:0.79041, loss_equ:2.45088 loss_pq_vm:0.01373 loss_pq_va:0.19305 loss_pv_va:0.21493
INFO|2024-09-26 18:35:56: Epoch[038/100], iter[079/392], loss_total:1.17228, loss_equ:3.45690 loss_pq_vm:0.02366 loss_pq_va:0.27934 loss_pv_va:0.31069
INFO|2024-09-26 18:36:46: Epoch[038/100], iter[118/392], loss_total:0.86001, loss_equ:2.43078 loss_pq_vm:0.01599 loss_pq_va:0.21384 loss_pv_va:0.24322
INFO|2024-09-26 18:37:36: Epoch[038/100], iter[157/392], loss_total:0.78682, loss_equ:2.01823 loss_pq_vm:0.01513 loss_pq_va:0.20513 loss_pv_va:0.22855
INFO|2024-09-26 18:38:26: Epoch[038/100], iter[196/392], loss_total:0.74492, loss_equ:1.93691 loss_pq_vm:0.01237 loss_pq_va:0.20125 loss_pv_va:0.22624
INFO|2024-09-26 18:39:15: Epoch[038/100], iter[235/392], loss_total:1.10750, loss_equ:2.36098 loss_pq_vm:0.03009 loss_pq_va:0.26824 loss_pv_va:0.30225
INFO|2024-09-26 18:40:05: Epoch[038/100], iter[274/392], loss_total:0.95124, loss_equ:2.52169 loss_pq_vm:0.01678 loss_pq_va:0.24689 loss_pv_va:0.28435
INFO|2024-09-26 18:40:54: Epoch[038/100], iter[313/392], loss_total:0.80385, loss_equ:1.99304 loss_pq_vm:0.01431 loss_pq_va:0.21698 loss_pv_va:0.24448
INFO|2024-09-26 18:41:44: Epoch[038/100], iter[352/392], loss_total:0.76086, loss_equ:1.96249 loss_pq_vm:0.01525 loss_pq_va:0.19316 loss_pv_va:0.21894
INFO|2024-09-26 18:42:35: Epoch[038/100], iter[392/392], loss_total:0.75777, loss_equ:1.95428 loss_pq_vm:0.01337 loss_pq_va:0.20070 loss_pv_va:0.22795
INFO|2024-09-26 18:44:13: Epoch 37/100, lr:  0.00068722, eta: 10.33h, train_loss:  0.85500, valid_loss:  0.92784
INFO|2024-09-26 18:44:13: 	Train: PQ_Vm_rmse: 0.00089909  PQ_Va_rmse: 0.00920756  PV_Va_rmse: 0.01025633  delta_p: 0.03840591  delta_q: 0.01008281  
INFO|2024-09-26 18:44:13: 	ZTest: PQ_Vm_rmse: 0.00127354  PQ_Va_rmse: 0.01000784  PV_Va_rmse: 0.01087817  delta_p: 0.03267366  delta_q: 0.01049975  
INFO|2024-09-26 18:44:13: 	ZTest-ema: PQ_Vm_rmse: 0.001185  PQ_Va_rmse: 0.009785  PV_Va_rmse: 0.010577  delta_p: 0.031289  delta_q: 0.008681  
INFO|2024-09-26 18:44:13: 	           ValOfEMA:0.010577/0.010577,  Epoch:38/38
INFO|2024-09-26 18:44:14: 	Time(ep):599s,  Val(curr/best):0.010878/0.010878,  Epoch(curr/best):38/38
INFO|2024-09-26 18:44:14: -------------------- Epoch: 39 --------------------
INFO|2024-09-26 18:45:06: Epoch[039/100], iter[040/392], loss_total:0.76099, loss_equ:1.91770 loss_pq_vm:0.01522 loss_pq_va:0.19453 loss_pv_va:0.22248
INFO|2024-09-26 18:45:56: Epoch[039/100], iter[079/392], loss_total:0.70003, loss_equ:1.87943 loss_pq_vm:0.01297 loss_pq_va:0.17820 loss_pv_va:0.20418
INFO|2024-09-26 18:46:45: Epoch[039/100], iter[118/392], loss_total:0.72750, loss_equ:1.99761 loss_pq_vm:0.01461 loss_pq_va:0.17829 loss_pv_va:0.20330
INFO|2024-09-26 18:47:35: Epoch[039/100], iter[157/392], loss_total:0.81342, loss_equ:1.98900 loss_pq_vm:0.01603 loss_pq_va:0.21280 loss_pv_va:0.24137
INFO|2024-09-26 18:48:25: Epoch[039/100], iter[196/392], loss_total:0.80034, loss_equ:2.09621 loss_pq_vm:0.01706 loss_pq_va:0.19545 loss_pv_va:0.22470
INFO|2024-09-26 18:49:15: Epoch[039/100], iter[235/392], loss_total:0.75360, loss_equ:2.14163 loss_pq_vm:0.01359 loss_pq_va:0.19017 loss_pv_va:0.21334
INFO|2024-09-26 18:50:05: Epoch[039/100], iter[274/392], loss_total:0.77443, loss_equ:2.03784 loss_pq_vm:0.01312 loss_pq_va:0.20700 loss_pv_va:0.23242
INFO|2024-09-26 18:50:54: Epoch[039/100], iter[313/392], loss_total:0.68690, loss_equ:1.87991 loss_pq_vm:0.01304 loss_pq_va:0.17283 loss_pv_va:0.19564
INFO|2024-09-26 18:51:44: Epoch[039/100], iter[352/392], loss_total:0.66436, loss_equ:1.83473 loss_pq_vm:0.01220 loss_pq_va:0.16754 loss_pv_va:0.19140
INFO|2024-09-26 18:52:35: Epoch[039/100], iter[392/392], loss_total:0.71892, loss_equ:1.84593 loss_pq_vm:0.01377 loss_pq_va:0.18595 loss_pv_va:0.21065
INFO|2024-09-26 18:54:12: Epoch 38/100, lr:  0.00067268, eta: 10.14h, train_loss:  0.75873, valid_loss:  0.95425
INFO|2024-09-26 18:54:12: 	Train: PQ_Vm_rmse: 0.00069401  PQ_Va_rmse: 0.00696061  PV_Va_rmse: 0.00776877  delta_p: 0.02827247  delta_q: 0.00756809  
INFO|2024-09-26 18:54:12: 	ZTest: PQ_Vm_rmse: 0.00144427  PQ_Va_rmse: 0.01465788  PV_Va_rmse: 0.01574466  delta_p: 0.03550377  delta_q: 0.00934969  
INFO|2024-09-26 18:54:12: 	ZTest-ema: PQ_Vm_rmse: 0.001219  PQ_Va_rmse: 0.010485  PV_Va_rmse: 0.011274  delta_p: 0.025524  delta_q: 0.006874  
INFO|2024-09-26 18:54:12: 	           ValOfEMA:0.011274/0.010577,  Epoch:39/38
INFO|2024-09-26 18:54:14: 	Time(ep):598s,  Val(curr/best):0.015745/0.010878,  Epoch(curr/best):39/38
INFO|2024-09-26 18:54:14: -------------------- Epoch: 40 --------------------
INFO|2024-09-26 18:55:05: Epoch[040/100], iter[040/392], loss_total:0.66845, loss_equ:1.86497 loss_pq_vm:0.01221 loss_pq_va:0.16839 loss_pv_va:0.19150
INFO|2024-09-26 18:55:55: Epoch[040/100], iter[079/392], loss_total:0.68487, loss_equ:1.88552 loss_pq_vm:0.01243 loss_pq_va:0.17256 loss_pv_va:0.19944
INFO|2024-09-26 18:56:45: Epoch[040/100], iter[118/392], loss_total:0.65425, loss_equ:1.77624 loss_pq_vm:0.01293 loss_pq_va:0.16166 loss_pv_va:0.18566
INFO|2024-09-26 18:57:35: Epoch[040/100], iter[157/392], loss_total:0.72182, loss_equ:1.95279 loss_pq_vm:0.01270 loss_pq_va:0.18611 loss_pv_va:0.21347
INFO|2024-09-26 18:58:24: Epoch[040/100], iter[196/392], loss_total:0.66725, loss_equ:1.85324 loss_pq_vm:0.01240 loss_pq_va:0.16671 loss_pv_va:0.19124
INFO|2024-09-26 18:59:14: Epoch[040/100], iter[235/392], loss_total:0.66720, loss_equ:1.84135 loss_pq_vm:0.01197 loss_pq_va:0.16957 loss_pv_va:0.19383
INFO|2024-09-26 19:00:03: Epoch[040/100], iter[274/392], loss_total:0.72723, loss_equ:2.05499 loss_pq_vm:0.01454 loss_pq_va:0.17458 loss_pv_va:0.20178
INFO|2024-09-26 19:00:52: Epoch[040/100], iter[313/392], loss_total:0.85530, loss_equ:2.07808 loss_pq_vm:0.01386 loss_pq_va:0.23297 loss_pv_va:0.27596
INFO|2024-09-26 19:01:42: Epoch[040/100], iter[352/392], loss_total:0.67569, loss_equ:1.84871 loss_pq_vm:0.01218 loss_pq_va:0.17176 loss_pv_va:0.19723
INFO|2024-09-26 19:02:33: Epoch[040/100], iter[392/392], loss_total:1.07011, loss_equ:2.94426 loss_pq_vm:0.01601 loss_pq_va:0.28303 loss_pv_va:0.33253
INFO|2024-09-26 19:04:11: Epoch 39/100, lr:  0.00065796, eta: 9.95h, train_loss:  0.72051, valid_loss:  1.13659
INFO|2024-09-26 19:04:11: 	Train: PQ_Vm_rmse: 0.00052767  PQ_Va_rmse: 0.00569877  PV_Va_rmse: 0.00639310  delta_p: 0.02210731  delta_q: 0.00575137  
INFO|2024-09-26 19:04:11: 	ZTest: PQ_Vm_rmse: 0.00149828  PQ_Va_rmse: 0.01584312  PV_Va_rmse: 0.01823466  delta_p: 0.08811218  delta_q: 0.01500704  
INFO|2024-09-26 19:04:11: 	ZTest-ema: PQ_Vm_rmse: 0.001299  PQ_Va_rmse: 0.011284  PV_Va_rmse: 0.012099  delta_p: 0.023349  delta_q: 0.006092  
INFO|2024-09-26 19:04:11: 	           ValOfEMA:0.012099/0.010577,  Epoch:40/38
INFO|2024-09-26 19:04:11: 	Time(ep):596s,  Val(curr/best):0.018235/0.010878,  Epoch(curr/best):40/38
INFO|2024-09-26 19:04:11: -------------------- Epoch: 41 --------------------
INFO|2024-09-26 19:05:03: Epoch[041/100], iter[040/392], loss_total:0.90549, loss_equ:2.47420 loss_pq_vm:0.01459 loss_pq_va:0.23964 loss_pv_va:0.27257
INFO|2024-09-26 19:05:53: Epoch[041/100], iter[079/392], loss_total:0.78314, loss_equ:2.08061 loss_pq_vm:0.01386 loss_pq_va:0.20578 loss_pv_va:0.23075
INFO|2024-09-26 19:06:43: Epoch[041/100], iter[118/392], loss_total:0.66589, loss_equ:1.88383 loss_pq_vm:0.01156 loss_pq_va:0.16822 loss_pv_va:0.19367
INFO|2024-09-26 19:07:32: Epoch[041/100], iter[157/392], loss_total:0.75849, loss_equ:1.99418 loss_pq_vm:0.01446 loss_pq_va:0.19338 loss_pv_va:0.22112
INFO|2024-09-26 19:08:22: Epoch[041/100], iter[196/392], loss_total:0.64816, loss_equ:1.86119 loss_pq_vm:0.01158 loss_pq_va:0.16083 loss_pv_va:0.18540
INFO|2024-09-26 19:09:12: Epoch[041/100], iter[235/392], loss_total:0.71624, loss_equ:1.86490 loss_pq_vm:0.01584 loss_pq_va:0.17429 loss_pv_va:0.19703
INFO|2024-09-26 19:10:01: Epoch[041/100], iter[274/392], loss_total:0.73557, loss_equ:2.15021 loss_pq_vm:0.01378 loss_pq_va:0.17751 loss_pv_va:0.20522
INFO|2024-09-26 19:10:51: Epoch[041/100], iter[313/392], loss_total:0.79100, loss_equ:2.29900 loss_pq_vm:0.01390 loss_pq_va:0.19651 loss_pv_va:0.22562
INFO|2024-09-26 19:11:41: Epoch[041/100], iter[352/392], loss_total:0.73350, loss_equ:2.12172 loss_pq_vm:0.01333 loss_pq_va:0.17911 loss_pv_va:0.20886
INFO|2024-09-26 19:12:32: Epoch[041/100], iter[392/392], loss_total:0.72291, loss_equ:1.91493 loss_pq_vm:0.01371 loss_pq_va:0.18488 loss_pv_va:0.20943
INFO|2024-09-26 19:14:10: Epoch 40/100, lr:  0.00064310, eta: 9.81h, train_loss:  0.73607, valid_loss:  1.00713
INFO|2024-09-26 19:14:10: 	Train: PQ_Vm_rmse: 0.00056875  PQ_Va_rmse: 0.00537027  PV_Va_rmse: 0.00601963  delta_p: 0.02749966  delta_q: 0.00655195  
INFO|2024-09-26 19:14:10: 	ZTest: PQ_Vm_rmse: 0.00135268  PQ_Va_rmse: 0.01518561  PV_Va_rmse: 0.01652190  delta_p: 0.03323410  delta_q: 0.00796702  
INFO|2024-09-26 19:14:10: 	ZTest-ema: PQ_Vm_rmse: 0.001110  PQ_Va_rmse: 0.009323  PV_Va_rmse: 0.010043  delta_p: 0.024045  delta_q: 0.006249  
INFO|2024-09-26 19:14:10: 	           ValOfEMA:0.010043/0.010043,  Epoch:41/41
INFO|2024-09-26 19:14:10: 	Time(ep):598s,  Val(curr/best):0.016522/0.010878,  Epoch(curr/best):41/38
INFO|2024-09-26 19:14:10: -------------------- Epoch: 42 --------------------
INFO|2024-09-26 19:15:03: Epoch[042/100], iter[040/392], loss_total:0.75697, loss_equ:2.05030 loss_pq_vm:0.01440 loss_pq_va:0.18993 loss_pv_va:0.21801
INFO|2024-09-26 19:15:52: Epoch[042/100], iter[079/392], loss_total:0.68218, loss_equ:2.00710 loss_pq_vm:0.01154 loss_pq_va:0.17014 loss_pv_va:0.19596
INFO|2024-09-26 19:16:42: Epoch[042/100], iter[118/392], loss_total:0.74289, loss_equ:2.15149 loss_pq_vm:0.01339 loss_pq_va:0.18583 loss_pv_va:0.20803
INFO|2024-09-26 19:17:32: Epoch[042/100], iter[157/392], loss_total:0.80865, loss_equ:2.11879 loss_pq_vm:0.01275 loss_pq_va:0.21544 loss_pv_va:0.25387
INFO|2024-09-26 19:18:22: Epoch[042/100], iter[196/392], loss_total:0.73007, loss_equ:2.17793 loss_pq_vm:0.01250 loss_pq_va:0.18184 loss_pv_va:0.20548
INFO|2024-09-26 19:19:11: Epoch[042/100], iter[235/392], loss_total:0.74024, loss_equ:2.25078 loss_pq_vm:0.01210 loss_pq_va:0.18422 loss_pv_va:0.20999
INFO|2024-09-26 19:20:01: Epoch[042/100], iter[274/392], loss_total:0.64303, loss_equ:1.86872 loss_pq_vm:0.01195 loss_pq_va:0.15563 loss_pv_va:0.18106
INFO|2024-09-26 19:20:51: Epoch[042/100], iter[313/392], loss_total:0.65631, loss_equ:2.03726 loss_pq_vm:0.01097 loss_pq_va:0.15924 loss_pv_va:0.18363
INFO|2024-09-26 19:21:41: Epoch[042/100], iter[352/392], loss_total:0.63923, loss_equ:1.93038 loss_pq_vm:0.01114 loss_pq_va:0.15737 loss_pv_va:0.17740
INFO|2024-09-26 19:22:31: Epoch[042/100], iter[392/392], loss_total:0.81499, loss_equ:2.20800 loss_pq_vm:0.01664 loss_pq_va:0.20024 loss_pv_va:0.22759
INFO|2024-09-26 19:24:09: Epoch 41/100, lr:  0.00062810, eta: 9.64h, train_loss:  0.74011, valid_loss:  0.95398
INFO|2024-09-26 19:24:09: 	Train: PQ_Vm_rmse: 0.00055084  PQ_Va_rmse: 0.00548609  PV_Va_rmse: 0.00616059  delta_p: 0.02823517  delta_q: 0.00656982  
INFO|2024-09-26 19:24:09: 	ZTest: PQ_Vm_rmse: 0.00122888  PQ_Va_rmse: 0.01139209  PV_Va_rmse: 0.01270031  delta_p: 0.05362036  delta_q: 0.01111849  
INFO|2024-09-26 19:24:09: 	ZTest-ema: PQ_Vm_rmse: 0.001178  PQ_Va_rmse: 0.010059  PV_Va_rmse: 0.010845  delta_p: 0.035306  delta_q: 0.006757  
INFO|2024-09-26 19:24:09: 	           ValOfEMA:0.010845/0.010043,  Epoch:42/41
INFO|2024-09-26 19:24:09: 	Time(ep):598s,  Val(curr/best):0.012700/0.010878,  Epoch(curr/best):42/38
INFO|2024-09-26 19:24:09: -------------------- Epoch: 43 --------------------
INFO|2024-09-26 19:25:01: Epoch[043/100], iter[040/392], loss_total:0.66972, loss_equ:1.91504 loss_pq_vm:0.01205 loss_pq_va:0.16578 loss_pv_va:0.19197
INFO|2024-09-26 19:25:51: Epoch[043/100], iter[079/392], loss_total:0.82147, loss_equ:2.16824 loss_pq_vm:0.01524 loss_pq_va:0.21055 loss_pv_va:0.24169
INFO|2024-09-26 19:26:41: Epoch[043/100], iter[118/392], loss_total:0.70707, loss_equ:1.93733 loss_pq_vm:0.01327 loss_pq_va:0.17737 loss_pv_va:0.20328
INFO|2024-09-26 19:27:30: Epoch[043/100], iter[157/392], loss_total:0.78197, loss_equ:2.16931 loss_pq_vm:0.01891 loss_pq_va:0.17798 loss_pv_va:0.19798
INFO|2024-09-26 19:28:20: Epoch[043/100], iter[196/392], loss_total:0.80860, loss_equ:2.32256 loss_pq_vm:0.01445 loss_pq_va:0.19840 loss_pv_va:0.23340
INFO|2024-09-26 19:29:10: Epoch[043/100], iter[235/392], loss_total:0.69994, loss_equ:2.03134 loss_pq_vm:0.01308 loss_pq_va:0.17006 loss_pv_va:0.19595
INFO|2024-09-26 19:29:59: Epoch[043/100], iter[274/392], loss_total:0.88061, loss_equ:2.12201 loss_pq_vm:0.01605 loss_pq_va:0.23297 loss_pv_va:0.27499
INFO|2024-09-26 19:30:49: Epoch[043/100], iter[313/392], loss_total:0.73208, loss_equ:2.05236 loss_pq_vm:0.01478 loss_pq_va:0.17479 loss_pv_va:0.20425
INFO|2024-09-26 19:31:38: Epoch[043/100], iter[352/392], loss_total:0.68176, loss_equ:2.02820 loss_pq_vm:0.01215 loss_pq_va:0.16732 loss_pv_va:0.19012
INFO|2024-09-26 19:32:29: Epoch[043/100], iter[392/392], loss_total:0.76562, loss_equ:1.95442 loss_pq_vm:0.01242 loss_pq_va:0.20713 loss_pv_va:0.23886
INFO|2024-09-26 19:34:06: Epoch 42/100, lr:  0.00061298, eta: 9.44h, train_loss:  0.74413, valid_loss:  0.91444
INFO|2024-09-26 19:34:06: 	Train: PQ_Vm_rmse: 0.00062134  PQ_Va_rmse: 0.00597320  PV_Va_rmse: 0.00658923  delta_p: 0.03100175  delta_q: 0.00676890  
INFO|2024-09-26 19:34:06: 	ZTest: PQ_Vm_rmse: 0.00130667  PQ_Va_rmse: 0.01119876  PV_Va_rmse: 0.01211520  delta_p: 0.03327999  delta_q: 0.00894103  
INFO|2024-09-26 19:34:06: 	ZTest-ema: PQ_Vm_rmse: 0.001164  PQ_Va_rmse: 0.009837  PV_Va_rmse: 0.010559  delta_p: 0.024831  delta_q: 0.006068  
INFO|2024-09-26 19:34:06: 	           ValOfEMA:0.010559/0.010043,  Epoch:43/41
INFO|2024-09-26 19:34:06: 	Time(ep):596s,  Val(curr/best):0.012115/0.010878,  Epoch(curr/best):43/38
INFO|2024-09-26 19:34:06: -------------------- Epoch: 44 --------------------
INFO|2024-09-26 19:34:58: Epoch[044/100], iter[040/392], loss_total:0.63171, loss_equ:1.75567 loss_pq_vm:0.01155 loss_pq_va:0.15897 loss_pv_va:0.18166
INFO|2024-09-26 19:35:48: Epoch[044/100], iter[079/392], loss_total:0.63260, loss_equ:1.75252 loss_pq_vm:0.01205 loss_pq_va:0.15735 loss_pv_va:0.17955
INFO|2024-09-26 19:36:38: Epoch[044/100], iter[118/392], loss_total:0.62299, loss_equ:1.78133 loss_pq_vm:0.01143 loss_pq_va:0.15381 loss_pv_va:0.17670
INFO|2024-09-26 19:37:28: Epoch[044/100], iter[157/392], loss_total:0.72952, loss_equ:1.97042 loss_pq_vm:0.01205 loss_pq_va:0.19058 loss_pv_va:0.22136
INFO|2024-09-26 19:38:18: Epoch[044/100], iter[196/392], loss_total:0.88364, loss_equ:2.20331 loss_pq_vm:0.01528 loss_pq_va:0.23807 loss_pv_va:0.27246
INFO|2024-09-26 19:39:07: Epoch[044/100], iter[235/392], loss_total:0.73094, loss_equ:2.10328 loss_pq_vm:0.01344 loss_pq_va:0.17928 loss_pv_va:0.20691
INFO|2024-09-26 19:39:57: Epoch[044/100], iter[274/392], loss_total:0.73433, loss_equ:2.18205 loss_pq_vm:0.01254 loss_pq_va:0.18151 loss_pv_va:0.20922
INFO|2024-09-26 19:40:47: Epoch[044/100], iter[313/392], loss_total:0.82061, loss_equ:2.57029 loss_pq_vm:0.01509 loss_pq_va:0.18888 loss_pv_va:0.22377
INFO|2024-09-26 19:41:37: Epoch[044/100], iter[352/392], loss_total:0.79011, loss_equ:2.04937 loss_pq_vm:0.01447 loss_pq_va:0.20669 loss_pv_va:0.23377
INFO|2024-09-26 19:42:28: Epoch[044/100], iter[392/392], loss_total:0.63140, loss_equ:1.80559 loss_pq_vm:0.01040 loss_pq_va:0.15959 loss_pv_va:0.18720
INFO|2024-09-26 19:44:05: Epoch 43/100, lr:  0.00059775, eta: 9.32h, train_loss:  0.73431, valid_loss:  0.88116
INFO|2024-09-26 19:44:05: 	Train: PQ_Vm_rmse: 0.00056262  PQ_Va_rmse: 0.00601279  PV_Va_rmse: 0.00666161  delta_p: 0.02489734  delta_q: 0.00626109  
INFO|2024-09-26 19:44:05: 	ZTest: PQ_Vm_rmse: 0.00121313  PQ_Va_rmse: 0.01028456  PV_Va_rmse: 0.01100525  delta_p: 0.03073603  delta_q: 0.00779052  
INFO|2024-09-26 19:44:05: 	ZTest-ema: PQ_Vm_rmse: 0.001055  PQ_Va_rmse: 0.008996  PV_Va_rmse: 0.009630  delta_p: 0.025243  delta_q: 0.006335  
INFO|2024-09-26 19:44:05: 	           ValOfEMA:0.009630/0.009630,  Epoch:44/44
INFO|2024-09-26 19:44:06: 	Time(ep):598s,  Val(curr/best):0.011005/0.010878,  Epoch(curr/best):44/38
INFO|2024-09-26 19:44:06: -------------------- Epoch: 45 --------------------
INFO|2024-09-26 19:44:58: Epoch[045/100], iter[040/392], loss_total:0.67178, loss_equ:1.79274 loss_pq_vm:0.01215 loss_pq_va:0.17383 loss_pv_va:0.19722
INFO|2024-09-26 19:45:48: Epoch[045/100], iter[079/392], loss_total:0.71148, loss_equ:1.89547 loss_pq_vm:0.01255 loss_pq_va:0.18502 loss_pv_va:0.21137
INFO|2024-09-26 19:46:38: Epoch[045/100], iter[118/392], loss_total:0.67709, loss_equ:1.75864 loss_pq_vm:0.01188 loss_pq_va:0.17886 loss_pv_va:0.20360
INFO|2024-09-26 19:47:27: Epoch[045/100], iter[157/392], loss_total:0.91434, loss_equ:1.93454 loss_pq_vm:0.02037 loss_pq_va:0.24285 loss_pv_va:0.27436
INFO|2024-09-26 19:48:17: Epoch[045/100], iter[196/392], loss_total:0.84911, loss_equ:2.04518 loss_pq_vm:0.02152 loss_pq_va:0.20231 loss_pv_va:0.22707
INFO|2024-09-26 19:49:07: Epoch[045/100], iter[235/392], loss_total:0.71448, loss_equ:1.88103 loss_pq_vm:0.01447 loss_pq_va:0.17853 loss_pv_va:0.20318
INFO|2024-09-26 19:49:56: Epoch[045/100], iter[274/392], loss_total:0.70831, loss_equ:1.83086 loss_pq_vm:0.01213 loss_pq_va:0.18945 loss_pv_va:0.21445
INFO|2024-09-26 19:50:47: Epoch[045/100], iter[313/392], loss_total:0.72313, loss_equ:1.85555 loss_pq_vm:0.01455 loss_pq_va:0.18452 loss_pv_va:0.20752
INFO|2024-09-26 19:51:37: Epoch[045/100], iter[352/392], loss_total:0.71652, loss_equ:1.86855 loss_pq_vm:0.01275 loss_pq_va:0.18636 loss_pv_va:0.21584
INFO|2024-09-26 19:52:28: Epoch[045/100], iter[392/392], loss_total:0.68019, loss_equ:1.79288 loss_pq_vm:0.01191 loss_pq_va:0.17726 loss_pv_va:0.20455
INFO|2024-09-26 19:54:05: Epoch 44/100, lr:  0.00058244, eta: 9.16h, train_loss:  0.72052, valid_loss:  0.89802
INFO|2024-09-26 19:54:05: 	Train: PQ_Vm_rmse: 0.00065538  PQ_Va_rmse: 0.00653830  PV_Va_rmse: 0.00726462  delta_p: 0.02015280  delta_q: 0.00646221  
INFO|2024-09-26 19:54:05: 	ZTest: PQ_Vm_rmse: 0.00129030  PQ_Va_rmse: 0.01070928  PV_Va_rmse: 0.01156365  delta_p: 0.02846320  delta_q: 0.00850489  
INFO|2024-09-26 19:54:05: 	ZTest-ema: PQ_Vm_rmse: 0.001138  PQ_Va_rmse: 0.009749  PV_Va_rmse: 0.010513  delta_p: 0.023824  delta_q: 0.006651  
INFO|2024-09-26 19:54:05: 	           ValOfEMA:0.010513/0.009630,  Epoch:45/44
INFO|2024-09-26 19:54:06: 	Time(ep):599s,  Val(curr/best):0.011564/0.010878,  Epoch(curr/best):45/38
INFO|2024-09-26 19:54:06: -------------------- Epoch: 46 --------------------
INFO|2024-09-26 19:54:58: Epoch[046/100], iter[040/392], loss_total:0.64491, loss_equ:1.75245 loss_pq_vm:0.01160 loss_pq_va:0.16506 loss_pv_va:0.18860
INFO|2024-09-26 19:55:48: Epoch[046/100], iter[079/392], loss_total:0.66515, loss_equ:1.77859 loss_pq_vm:0.01220 loss_pq_va:0.17024 loss_pv_va:0.19510
INFO|2024-09-26 19:56:38: Epoch[046/100], iter[118/392], loss_total:0.67524, loss_equ:1.92944 loss_pq_vm:0.01256 loss_pq_va:0.16556 loss_pv_va:0.19115
INFO|2024-09-26 19:57:28: Epoch[046/100], iter[157/392], loss_total:0.65329, loss_equ:1.81122 loss_pq_vm:0.01251 loss_pq_va:0.16065 loss_pv_va:0.18640
INFO|2024-09-26 19:58:18: Epoch[046/100], iter[196/392], loss_total:0.78290, loss_equ:1.84377 loss_pq_vm:0.01467 loss_pq_va:0.21367 loss_pv_va:0.23814
INFO|2024-09-26 19:59:08: Epoch[046/100], iter[235/392], loss_total:0.69668, loss_equ:1.80457 loss_pq_vm:0.01195 loss_pq_va:0.18499 loss_pv_va:0.21168
INFO|2024-09-26 19:59:57: Epoch[046/100], iter[274/392], loss_total:0.66156, loss_equ:1.81533 loss_pq_vm:0.01260 loss_pq_va:0.16554 loss_pv_va:0.18852
INFO|2024-09-26 20:00:47: Epoch[046/100], iter[313/392], loss_total:0.71839, loss_equ:2.07712 loss_pq_vm:0.01217 loss_pq_va:0.18558 loss_pv_va:0.20339
INFO|2024-09-26 20:01:37: Epoch[046/100], iter[352/392], loss_total:0.83570, loss_equ:2.45110 loss_pq_vm:0.01869 loss_pq_va:0.19196 loss_pv_va:0.21177
INFO|2024-09-26 20:02:28: Epoch[046/100], iter[392/392], loss_total:0.86705, loss_equ:2.86747 loss_pq_vm:0.01482 loss_pq_va:0.19946 loss_pv_va:0.23268
INFO|2024-09-26 20:04:06: Epoch 45/100, lr:  0.00056704, eta: 9.0h, train_loss:  0.71166, valid_loss:  1.04093
INFO|2024-09-26 20:04:06: 	Train: PQ_Vm_rmse: 0.00057304  PQ_Va_rmse: 0.00564105  PV_Va_rmse: 0.00629437  delta_p: 0.02250514  delta_q: 0.00608771  
INFO|2024-09-26 20:04:06: 	ZTest: PQ_Vm_rmse: 0.00143532  PQ_Va_rmse: 0.01271370  PV_Va_rmse: 0.01400082  delta_p: 0.04214979  delta_q: 0.00957718  
INFO|2024-09-26 20:04:06: 	ZTest-ema: PQ_Vm_rmse: 0.001171  PQ_Va_rmse: 0.010192  PV_Va_rmse: 0.010926  delta_p: 0.021069  delta_q: 0.005596  
INFO|2024-09-26 20:04:06: 	           ValOfEMA:0.010926/0.009630,  Epoch:46/44
INFO|2024-09-26 20:04:07: 	Time(ep):600s,  Val(curr/best):0.014001/0.010878,  Epoch(curr/best):46/38
INFO|2024-09-26 20:04:07: -------------------- Epoch: 47 --------------------
INFO|2024-09-26 20:04:59: Epoch[047/100], iter[040/392], loss_total:0.65938, loss_equ:1.87859 loss_pq_vm:0.01125 loss_pq_va:0.16871 loss_pv_va:0.19031
INFO|2024-09-26 20:05:49: Epoch[047/100], iter[079/392], loss_total:0.62567, loss_equ:1.83196 loss_pq_vm:0.01126 loss_pq_va:0.15270 loss_pv_va:0.17715
INFO|2024-09-26 20:06:38: Epoch[047/100], iter[118/392], loss_total:0.62687, loss_equ:1.82934 loss_pq_vm:0.01131 loss_pq_va:0.15388 loss_pv_va:0.17696
INFO|2024-09-26 20:07:28: Epoch[047/100], iter[157/392], loss_total:0.62709, loss_equ:1.77827 loss_pq_vm:0.01211 loss_pq_va:0.15377 loss_pv_va:0.17439
INFO|2024-09-26 20:08:18: Epoch[047/100], iter[196/392], loss_total:0.89142, loss_equ:2.33346 loss_pq_vm:0.02188 loss_pq_va:0.20681 loss_pv_va:0.23244
INFO|2024-09-26 20:09:08: Epoch[047/100], iter[235/392], loss_total:0.70313, loss_equ:1.84426 loss_pq_vm:0.01248 loss_pq_va:0.18311 loss_pv_va:0.21075
INFO|2024-09-26 20:09:58: Epoch[047/100], iter[274/392], loss_total:0.64334, loss_equ:1.76816 loss_pq_vm:0.01140 loss_pq_va:0.16522 loss_pv_va:0.18727
INFO|2024-09-26 20:10:48: Epoch[047/100], iter[313/392], loss_total:0.74551, loss_equ:1.95998 loss_pq_vm:0.01228 loss_pq_va:0.20248 loss_pv_va:0.22419
INFO|2024-09-26 20:11:38: Epoch[047/100], iter[352/392], loss_total:0.67879, loss_equ:1.79468 loss_pq_vm:0.01172 loss_pq_va:0.17949 loss_pv_va:0.20265
INFO|2024-09-26 20:12:29: Epoch[047/100], iter[392/392], loss_total:0.63247, loss_equ:1.75044 loss_pq_vm:0.01175 loss_pq_va:0.15830 loss_pv_va:0.18162
INFO|2024-09-26 20:14:06: Epoch 46/100, lr:  0.00055158, eta: 8.82h, train_loss:  0.69314, valid_loss:  0.86293
INFO|2024-09-26 20:14:06: 	Train: PQ_Vm_rmse: 0.00054090  PQ_Va_rmse: 0.00487399  PV_Va_rmse: 0.00538181  delta_p: 0.02094928  delta_q: 0.00587574  
INFO|2024-09-26 20:14:06: 	ZTest: PQ_Vm_rmse: 0.00123628  PQ_Va_rmse: 0.01093372  PV_Va_rmse: 0.01176857  delta_p: 0.02339074  delta_q: 0.00698405  
INFO|2024-09-26 20:14:06: 	ZTest-ema: PQ_Vm_rmse: 0.001162  PQ_Va_rmse: 0.009983  PV_Va_rmse: 0.010746  delta_p: 0.021466  delta_q: 0.005865  
INFO|2024-09-26 20:14:06: 	           ValOfEMA:0.010746/0.009630,  Epoch:47/44
INFO|2024-09-26 20:14:06: 	Time(ep):598s,  Val(curr/best):0.011769/0.010878,  Epoch(curr/best):47/38
INFO|2024-09-26 20:14:06: -------------------- Epoch: 48 --------------------
INFO|2024-09-26 20:14:58: Epoch[048/100], iter[040/392], loss_total:0.70289, loss_equ:1.77019 loss_pq_vm:0.01325 loss_pq_va:0.18421 loss_pv_va:0.20919
INFO|2024-09-26 20:15:48: Epoch[048/100], iter[079/392], loss_total:0.64433, loss_equ:1.99109 loss_pq_vm:0.01061 loss_pq_va:0.15991 loss_pv_va:0.17917
INFO|2024-09-26 20:16:37: Epoch[048/100], iter[118/392], loss_total:0.71865, loss_equ:1.92828 loss_pq_vm:0.01418 loss_pq_va:0.17996 loss_pv_va:0.20407
INFO|2024-09-26 20:17:26: Epoch[048/100], iter[157/392], loss_total:0.61346, loss_equ:1.78226 loss_pq_vm:0.01057 loss_pq_va:0.15193 loss_pv_va:0.17761
INFO|2024-09-26 20:18:16: Epoch[048/100], iter[196/392], loss_total:0.58951, loss_equ:1.66359 loss_pq_vm:0.01083 loss_pq_va:0.14662 loss_pv_va:0.16821
INFO|2024-09-26 20:19:06: Epoch[048/100], iter[235/392], loss_total:0.58756, loss_equ:1.69588 loss_pq_vm:0.01114 loss_pq_va:0.14244 loss_pv_va:0.16409
INFO|2024-09-26 20:19:56: Epoch[048/100], iter[274/392], loss_total:0.66030, loss_equ:1.76222 loss_pq_vm:0.01186 loss_pq_va:0.17057 loss_pv_va:0.19491
INFO|2024-09-26 20:20:46: Epoch[048/100], iter[313/392], loss_total:0.65642, loss_equ:1.79897 loss_pq_vm:0.01171 loss_pq_va:0.16848 loss_pv_va:0.19095
INFO|2024-09-26 20:21:36: Epoch[048/100], iter[352/392], loss_total:0.62333, loss_equ:1.76275 loss_pq_vm:0.01126 loss_pq_va:0.15619 loss_pv_va:0.17830
INFO|2024-09-26 20:22:27: Epoch[048/100], iter[392/392], loss_total:0.63637, loss_equ:1.73722 loss_pq_vm:0.01086 loss_pq_va:0.16509 loss_pv_va:0.18898
INFO|2024-09-26 20:24:04: Epoch 47/100, lr:  0.00053608, eta: 8.63h, train_loss:  0.66676, valid_loss:  0.85218
INFO|2024-09-26 20:24:04: 	Train: PQ_Vm_rmse: 0.00047565  PQ_Va_rmse: 0.00478859  PV_Va_rmse: 0.00536373  delta_p: 0.01718573  delta_q: 0.00483863  
INFO|2024-09-26 20:24:04: 	ZTest: PQ_Vm_rmse: 0.00125831  PQ_Va_rmse: 0.01051228  PV_Va_rmse: 0.01128838  delta_p: 0.02642643  delta_q: 0.00673992  
INFO|2024-09-26 20:24:04: 	ZTest-ema: PQ_Vm_rmse: 0.001168  PQ_Va_rmse: 0.010151  PV_Va_rmse: 0.010935  delta_p: 0.020663  delta_q: 0.005570  
INFO|2024-09-26 20:24:04: 	           ValOfEMA:0.010935/0.009630,  Epoch:48/44
INFO|2024-09-26 20:24:05: 	Time(ep):597s,  Val(curr/best):0.011288/0.010878,  Epoch(curr/best):48/38
INFO|2024-09-26 20:24:05: -------------------- Epoch: 49 --------------------
INFO|2024-09-26 20:24:57: Epoch[049/100], iter[040/392], loss_total:0.97406, loss_equ:2.25704 loss_pq_vm:0.01485 loss_pq_va:0.28035 loss_pv_va:0.31950
INFO|2024-09-26 20:25:47: Epoch[049/100], iter[079/392], loss_total:0.72096, loss_equ:1.93946 loss_pq_vm:0.01099 loss_pq_va:0.19334 loss_pv_va:0.22377
INFO|2024-09-26 20:26:37: Epoch[049/100], iter[118/392], loss_total:0.71532, loss_equ:2.02680 loss_pq_vm:0.01239 loss_pq_va:0.18092 loss_pv_va:0.20780
INFO|2024-09-26 20:27:26: Epoch[049/100], iter[157/392], loss_total:0.64158, loss_equ:1.80746 loss_pq_vm:0.01087 loss_pq_va:0.16438 loss_pv_va:0.18771
INFO|2024-09-26 20:28:16: Epoch[049/100], iter[196/392], loss_total:0.71547, loss_equ:1.86299 loss_pq_vm:0.01463 loss_pq_va:0.17642 loss_pv_va:0.20649
INFO|2024-09-26 20:29:06: Epoch[049/100], iter[235/392], loss_total:0.62496, loss_equ:1.78898 loss_pq_vm:0.01185 loss_pq_va:0.15298 loss_pv_va:0.17458
INFO|2024-09-26 20:29:55: Epoch[049/100], iter[274/392], loss_total:0.70148, loss_equ:1.88681 loss_pq_vm:0.01126 loss_pq_va:0.18446 loss_pv_va:0.21576
INFO|2024-09-26 20:30:45: Epoch[049/100], iter[313/392], loss_total:0.68178, loss_equ:1.90212 loss_pq_vm:0.01091 loss_pq_va:0.17878 loss_pv_va:0.20371
INFO|2024-09-26 20:31:35: Epoch[049/100], iter[352/392], loss_total:0.63356, loss_equ:1.78982 loss_pq_vm:0.01159 loss_pq_va:0.15773 loss_pv_va:0.18092
INFO|2024-09-26 20:32:26: Epoch[049/100], iter[392/392], loss_total:0.68355, loss_equ:1.94063 loss_pq_vm:0.01229 loss_pq_va:0.17102 loss_pv_va:0.19561
INFO|2024-09-26 20:34:03: Epoch 48/100, lr:  0.00052055, eta: 8.48h, train_loss:  0.67125, valid_loss:  0.93201
INFO|2024-09-26 20:34:03: 	Train: PQ_Vm_rmse: 0.00043923  PQ_Va_rmse: 0.00455130  PV_Va_rmse: 0.00512124  delta_p: 0.02163644  delta_q: 0.00492872  
INFO|2024-09-26 20:34:03: 	ZTest: PQ_Vm_rmse: 0.00147719  PQ_Va_rmse: 0.01330931  PV_Va_rmse: 0.01419636  delta_p: 0.03066077  delta_q: 0.00698280  
INFO|2024-09-26 20:34:03: 	ZTest-ema: PQ_Vm_rmse: 0.001202  PQ_Va_rmse: 0.010169  PV_Va_rmse: 0.010841  delta_p: 0.020552  delta_q: 0.005090  
INFO|2024-09-26 20:34:03: 	           ValOfEMA:0.010841/0.009630,  Epoch:49/44
INFO|2024-09-26 20:34:04: 	Time(ep):598s,  Val(curr/best):0.014196/0.010878,  Epoch(curr/best):49/38
INFO|2024-09-26 20:34:04: -------------------- Epoch: 50 --------------------
INFO|2024-09-26 20:34:56: Epoch[050/100], iter[040/392], loss_total:0.67738, loss_equ:2.16846 loss_pq_vm:0.01248 loss_pq_va:0.15682 loss_pv_va:0.17893
INFO|2024-09-26 20:35:46: Epoch[050/100], iter[079/392], loss_total:0.66491, loss_equ:1.87872 loss_pq_vm:0.01118 loss_pq_va:0.17229 loss_pv_va:0.19299
INFO|2024-09-26 20:36:35: Epoch[050/100], iter[118/392], loss_total:0.60859, loss_equ:1.74591 loss_pq_vm:0.01081 loss_pq_va:0.15202 loss_pv_va:0.17386
INFO|2024-09-26 20:37:25: Epoch[050/100], iter[157/392], loss_total:0.62577, loss_equ:1.74570 loss_pq_vm:0.01064 loss_pq_va:0.15951 loss_pv_va:0.18526
INFO|2024-09-26 20:38:16: Epoch[050/100], iter[196/392], loss_total:0.59038, loss_equ:1.74042 loss_pq_vm:0.00976 loss_pq_va:0.14858 loss_pv_va:0.17011
INFO|2024-09-26 20:39:05: Epoch[050/100], iter[235/392], loss_total:0.66383, loss_equ:1.95876 loss_pq_vm:0.01315 loss_pq_va:0.15452 loss_pv_va:0.18194
INFO|2024-09-26 20:39:55: Epoch[050/100], iter[274/392], loss_total:0.65096, loss_equ:1.79112 loss_pq_vm:0.01114 loss_pq_va:0.16673 loss_pv_va:0.19367
INFO|2024-09-26 20:40:45: Epoch[050/100], iter[313/392], loss_total:0.64059, loss_equ:1.83759 loss_pq_vm:0.01088 loss_pq_va:0.16236 loss_pv_va:0.18569
INFO|2024-09-26 20:41:35: Epoch[050/100], iter[352/392], loss_total:0.61698, loss_equ:1.76352 loss_pq_vm:0.01078 loss_pq_va:0.15554 loss_pv_va:0.17734
INFO|2024-09-26 20:42:26: Epoch[050/100], iter[392/392], loss_total:0.58069, loss_equ:1.68666 loss_pq_vm:0.00983 loss_pq_va:0.14656 loss_pv_va:0.16716
INFO|2024-09-26 20:44:03: Epoch 49/100, lr:  0.00050500, eta: 8.33h, train_loss:  0.64373, valid_loss:  0.86706
INFO|2024-09-26 20:44:03: 	Train: PQ_Vm_rmse: 0.00038964  PQ_Va_rmse: 0.00374659  PV_Va_rmse: 0.00419627  delta_p: 0.01937184  delta_q: 0.00450254  
INFO|2024-09-26 20:44:03: 	ZTest: PQ_Vm_rmse: 0.00130389  PQ_Va_rmse: 0.01160114  PV_Va_rmse: 0.01241094  delta_p: 0.03152278  delta_q: 0.00732755  
INFO|2024-09-26 20:44:03: 	ZTest-ema: PQ_Vm_rmse: 0.001088  PQ_Va_rmse: 0.009745  PV_Va_rmse: 0.010477  delta_p: 0.023612  delta_q: 0.005247  
INFO|2024-09-26 20:44:03: 	           ValOfEMA:0.010477/0.009630,  Epoch:50/44
INFO|2024-09-26 20:44:04: 	Time(ep):599s,  Val(curr/best):0.012411/0.010878,  Epoch(curr/best):50/38
INFO|2024-09-26 20:44:04: -------------------- Epoch: 51 --------------------
INFO|2024-09-26 20:44:56: Epoch[051/100], iter[040/392], loss_total:0.64414, loss_equ:1.77786 loss_pq_vm:0.01287 loss_pq_va:0.15922 loss_pv_va:0.17846
INFO|2024-09-26 20:45:46: Epoch[051/100], iter[079/392], loss_total:0.59898, loss_equ:1.74008 loss_pq_vm:0.01037 loss_pq_va:0.14880 loss_pv_va:0.17248
INFO|2024-09-26 20:46:35: Epoch[051/100], iter[118/392], loss_total:0.63814, loss_equ:1.68595 loss_pq_vm:0.01134 loss_pq_va:0.16680 loss_pv_va:0.18936
INFO|2024-09-26 20:47:25: Epoch[051/100], iter[157/392], loss_total:0.67026, loss_equ:1.72714 loss_pq_vm:0.01155 loss_pq_va:0.17770 loss_pv_va:0.20430
INFO|2024-09-26 20:48:15: Epoch[051/100], iter[196/392], loss_total:0.60241, loss_equ:1.68908 loss_pq_vm:0.01190 loss_pq_va:0.14570 loss_pv_va:0.16883
INFO|2024-09-26 20:49:05: Epoch[051/100], iter[235/392], loss_total:0.64895, loss_equ:1.75696 loss_pq_vm:0.01110 loss_pq_va:0.16862 loss_pv_va:0.19360
INFO|2024-09-26 20:49:55: Epoch[051/100], iter[274/392], loss_total:0.65329, loss_equ:1.74502 loss_pq_vm:0.01309 loss_pq_va:0.16286 loss_pv_va:0.18501
INFO|2024-09-26 20:50:45: Epoch[051/100], iter[313/392], loss_total:0.72720, loss_equ:2.29398 loss_pq_vm:0.01323 loss_pq_va:0.16988 loss_pv_va:0.19563
INFO|2024-09-26 20:51:34: Epoch[051/100], iter[352/392], loss_total:0.66842, loss_equ:1.94990 loss_pq_vm:0.01114 loss_pq_va:0.16750 loss_pv_va:0.19452
INFO|2024-09-26 20:52:25: Epoch[051/100], iter[392/392], loss_total:0.72644, loss_equ:1.81491 loss_pq_vm:0.01305 loss_pq_va:0.19321 loss_pv_va:0.22120
INFO|2024-09-26 20:54:03: Epoch 50/100, lr:  0.00048945, eta: 8.16h, train_loss:  0.63983, valid_loss:  0.92035
INFO|2024-09-26 20:54:03: 	Train: PQ_Vm_rmse: 0.00044004  PQ_Va_rmse: 0.00431955  PV_Va_rmse: 0.00477606  delta_p: 0.01637412  delta_q: 0.00449608  
INFO|2024-09-26 20:54:03: 	ZTest: PQ_Vm_rmse: 0.00121031  PQ_Va_rmse: 0.01341921  PV_Va_rmse: 0.01468658  delta_p: 0.02796040  delta_q: 0.00723724  
INFO|2024-09-26 20:54:03: 	ZTest-ema: PQ_Vm_rmse: 0.001168  PQ_Va_rmse: 0.009990  PV_Va_rmse: 0.010786  delta_p: 0.021137  delta_q: 0.005541  
INFO|2024-09-26 20:54:03: 	           ValOfEMA:0.010786/0.009630,  Epoch:51/44
INFO|2024-09-26 20:54:04: 	Time(ep):599s,  Val(curr/best):0.014687/0.010878,  Epoch(curr/best):51/38
INFO|2024-09-26 20:54:04: -------------------- Epoch: 52 --------------------
INFO|2024-09-26 20:54:56: Epoch[052/100], iter[040/392], loss_total:0.61293, loss_equ:1.71835 loss_pq_vm:0.01080 loss_pq_va:0.15451 loss_pv_va:0.17861
INFO|2024-09-26 20:55:46: Epoch[052/100], iter[079/392], loss_total:0.66935, loss_equ:2.04359 loss_pq_vm:0.01268 loss_pq_va:0.15675 loss_pv_va:0.18144
INFO|2024-09-26 20:56:36: Epoch[052/100], iter[118/392], loss_total:0.67022, loss_equ:1.81289 loss_pq_vm:0.01114 loss_pq_va:0.17544 loss_pv_va:0.20208
INFO|2024-09-26 20:57:26: Epoch[052/100], iter[157/392], loss_total:0.62364, loss_equ:1.72788 loss_pq_vm:0.01165 loss_pq_va:0.15516 loss_pv_va:0.17919
INFO|2024-09-26 20:58:16: Epoch[052/100], iter[196/392], loss_total:0.60956, loss_equ:1.68121 loss_pq_vm:0.01099 loss_pq_va:0.15328 loss_pv_va:0.17823
INFO|2024-09-26 20:59:05: Epoch[052/100], iter[235/392], loss_total:0.59239, loss_equ:1.65163 loss_pq_vm:0.01052 loss_pq_va:0.15012 loss_pv_va:0.17187
INFO|2024-09-26 20:59:55: Epoch[052/100], iter[274/392], loss_total:0.62535, loss_equ:1.86819 loss_pq_vm:0.01092 loss_pq_va:0.15127 loss_pv_va:0.17807
INFO|2024-09-26 21:00:45: Epoch[052/100], iter[313/392], loss_total:0.65936, loss_equ:1.83714 loss_pq_vm:0.01262 loss_pq_va:0.16264 loss_pv_va:0.18685
INFO|2024-09-26 21:01:35: Epoch[052/100], iter[352/392], loss_total:0.63858, loss_equ:1.74614 loss_pq_vm:0.01186 loss_pq_va:0.16142 loss_pv_va:0.18391
INFO|2024-09-26 21:02:26: Epoch[052/100], iter[392/392], loss_total:0.64351, loss_equ:1.71272 loss_pq_vm:0.01211 loss_pq_va:0.16337 loss_pv_va:0.18778
INFO|2024-09-26 21:04:03: Epoch 51/100, lr:  0.00047392, eta: 7.99h, train_loss:  0.66364, valid_loss:  0.86676
INFO|2024-09-26 21:04:03: 	Train: PQ_Vm_rmse: 0.00051654  PQ_Va_rmse: 0.00517022  PV_Va_rmse: 0.00576026  delta_p: 0.01755669  delta_q: 0.00510672  
INFO|2024-09-26 21:04:03: 	ZTest: PQ_Vm_rmse: 0.00135030  PQ_Va_rmse: 0.01278994  PV_Va_rmse: 0.01391025  delta_p: 0.02905992  delta_q: 0.00853956  
INFO|2024-09-26 21:04:03: 	ZTest-ema: PQ_Vm_rmse: 0.001171  PQ_Va_rmse: 0.010512  PV_Va_rmse: 0.011376  delta_p: 0.022509  delta_q: 0.006223  
INFO|2024-09-26 21:04:03: 	           ValOfEMA:0.011376/0.009630,  Epoch:52/44
INFO|2024-09-26 21:04:03: 	Time(ep):599s,  Val(curr/best):0.013910/0.010878,  Epoch(curr/best):52/38
INFO|2024-09-26 21:04:03: -------------------- Epoch: 53 --------------------
INFO|2024-09-26 21:04:55: Epoch[053/100], iter[040/392], loss_total:0.72226, loss_equ:1.81065 loss_pq_vm:0.01547 loss_pq_va:0.18035 loss_pv_va:0.20613
INFO|2024-09-26 21:05:45: Epoch[053/100], iter[079/392], loss_total:0.65800, loss_equ:1.74957 loss_pq_vm:0.01121 loss_pq_va:0.17268 loss_pv_va:0.19823
INFO|2024-09-26 21:06:35: Epoch[053/100], iter[118/392], loss_total:0.63883, loss_equ:1.75482 loss_pq_vm:0.01141 loss_pq_va:0.16193 loss_pv_va:0.18733
INFO|2024-09-26 21:07:25: Epoch[053/100], iter[157/392], loss_total:0.60525, loss_equ:1.73923 loss_pq_vm:0.00997 loss_pq_va:0.15416 loss_pv_va:0.17744
INFO|2024-09-26 21:08:15: Epoch[053/100], iter[196/392], loss_total:0.58569, loss_equ:1.68897 loss_pq_vm:0.01007 loss_pq_va:0.14583 loss_pv_va:0.17029
INFO|2024-09-26 21:09:05: Epoch[053/100], iter[235/392], loss_total:0.61225, loss_equ:1.76638 loss_pq_vm:0.01094 loss_pq_va:0.15203 loss_pv_va:0.17414
INFO|2024-09-26 21:09:55: Epoch[053/100], iter[274/392], loss_total:0.59272, loss_equ:1.73607 loss_pq_vm:0.01006 loss_pq_va:0.14800 loss_pv_va:0.17054
INFO|2024-09-26 21:10:44: Epoch[053/100], iter[313/392], loss_total:0.62519, loss_equ:1.85463 loss_pq_vm:0.01111 loss_pq_va:0.15188 loss_pv_va:0.17674
INFO|2024-09-26 21:11:34: Epoch[053/100], iter[352/392], loss_total:0.66864, loss_equ:1.84557 loss_pq_vm:0.01272 loss_pq_va:0.16661 loss_pv_va:0.19030
INFO|2024-09-26 21:12:25: Epoch[053/100], iter[392/392], loss_total:0.62909, loss_equ:1.79981 loss_pq_vm:0.01111 loss_pq_va:0.15604 loss_pv_va:0.18198
INFO|2024-09-26 21:14:03: Epoch 52/100, lr:  0.00045842, eta: 7.82h, train_loss:  0.64474, valid_loss:  0.81444
INFO|2024-09-26 21:14:03: 	Train: PQ_Vm_rmse: 0.00042790  PQ_Va_rmse: 0.00417885  PV_Va_rmse: 0.00467050  delta_p: 0.01579239  delta_q: 0.00456846  
INFO|2024-09-26 21:14:03: 	ZTest: PQ_Vm_rmse: 0.00104574  PQ_Va_rmse: 0.00909080  PV_Va_rmse: 0.00979600  delta_p: 0.02252798  delta_q: 0.00570446  
INFO|2024-09-26 21:14:03: 	ZTest-ema: PQ_Vm_rmse: 0.001086  PQ_Va_rmse: 0.009850  PV_Va_rmse: 0.010503  delta_p: 0.019290  delta_q: 0.004867  
INFO|2024-09-26 21:14:03: 	           ValOfEMA:0.010503/0.009630,  Epoch:53/44
INFO|2024-09-26 21:14:04: 	Time(ep):599s,  Val(curr/best):0.009796/0.009796,  Epoch(curr/best):53/53
INFO|2024-09-26 21:14:04: -------------------- Epoch: 54 --------------------
INFO|2024-09-26 21:14:56: Epoch[054/100], iter[040/392], loss_total:0.62778, loss_equ:1.76147 loss_pq_vm:0.01182 loss_pq_va:0.15502 loss_pv_va:0.17842
INFO|2024-09-26 21:15:46: Epoch[054/100], iter[079/392], loss_total:0.59922, loss_equ:1.85965 loss_pq_vm:0.01019 loss_pq_va:0.14454 loss_pv_va:0.16683
INFO|2024-09-26 21:16:36: Epoch[054/100], iter[118/392], loss_total:0.65193, loss_equ:1.86225 loss_pq_vm:0.01016 loss_pq_va:0.16949 loss_pv_va:0.19458
INFO|2024-09-26 21:17:26: Epoch[054/100], iter[157/392], loss_total:0.66427, loss_equ:1.75895 loss_pq_vm:0.01198 loss_pq_va:0.17323 loss_pv_va:0.19537
INFO|2024-09-26 21:18:16: Epoch[054/100], iter[196/392], loss_total:0.66903, loss_equ:1.75668 loss_pq_vm:0.01435 loss_pq_va:0.16318 loss_pv_va:0.18667
INFO|2024-09-26 21:19:05: Epoch[054/100], iter[235/392], loss_total:0.66121, loss_equ:1.73632 loss_pq_vm:0.01344 loss_pq_va:0.16463 loss_pv_va:0.18850
INFO|2024-09-26 21:19:56: Epoch[054/100], iter[274/392], loss_total:0.65075, loss_equ:1.69205 loss_pq_vm:0.01161 loss_pq_va:0.16983 loss_pv_va:0.19561
INFO|2024-09-26 21:20:46: Epoch[054/100], iter[313/392], loss_total:0.61705, loss_equ:1.69992 loss_pq_vm:0.01053 loss_pq_va:0.15802 loss_pv_va:0.18379
INFO|2024-09-26 21:21:35: Epoch[054/100], iter[352/392], loss_total:0.58369, loss_equ:1.65500 loss_pq_vm:0.01062 loss_pq_va:0.14364 loss_pv_va:0.16836
INFO|2024-09-26 21:22:26: Epoch[054/100], iter[392/392], loss_total:0.60459, loss_equ:1.65646 loss_pq_vm:0.01037 loss_pq_va:0.15529 loss_pv_va:0.17991
INFO|2024-09-26 21:24:04: Epoch 53/100, lr:  0.00044296, eta: 7.67h, train_loss:  0.63023, valid_loss:  0.80235
INFO|2024-09-26 21:24:04: 	Train: PQ_Vm_rmse: 0.00042493  PQ_Va_rmse: 0.00428545  PV_Va_rmse: 0.00478776  delta_p: 0.01720258  delta_q: 0.00415702  
INFO|2024-09-26 21:24:04: 	ZTest: PQ_Vm_rmse: 0.00112489  PQ_Va_rmse: 0.01026448  PV_Va_rmse: 0.01117558  delta_p: 0.02060363  delta_q: 0.00554374  
INFO|2024-09-26 21:24:04: 	ZTest-ema: PQ_Vm_rmse: 0.001165  PQ_Va_rmse: 0.010145  PV_Va_rmse: 0.010994  delta_p: 0.019776  delta_q: 0.005391  
INFO|2024-09-26 21:24:04: 	           ValOfEMA:0.010994/0.009630,  Epoch:54/44
INFO|2024-09-26 21:24:05: 	Time(ep):600s,  Val(curr/best):0.011176/0.009796,  Epoch(curr/best):54/53
INFO|2024-09-26 21:24:05: -------------------- Epoch: 55 --------------------
INFO|2024-09-26 21:24:57: Epoch[055/100], iter[040/392], loss_total:0.61043, loss_equ:1.64712 loss_pq_vm:0.01124 loss_pq_va:0.15632 loss_pv_va:0.17703
INFO|2024-09-26 21:25:47: Epoch[055/100], iter[079/392], loss_total:0.59773, loss_equ:1.63960 loss_pq_vm:0.00998 loss_pq_va:0.15526 loss_pv_va:0.17869
INFO|2024-09-26 21:26:37: Epoch[055/100], iter[118/392], loss_total:0.59804, loss_equ:1.76225 loss_pq_vm:0.01035 loss_pq_va:0.14777 loss_pv_va:0.17057
INFO|2024-09-26 21:27:27: Epoch[055/100], iter[157/392], loss_total:0.61106, loss_equ:1.64585 loss_pq_vm:0.01168 loss_pq_va:0.15486 loss_pv_va:0.17480
INFO|2024-09-26 21:28:17: Epoch[055/100], iter[196/392], loss_total:0.62457, loss_equ:1.68568 loss_pq_vm:0.01092 loss_pq_va:0.16244 loss_pv_va:0.18441
INFO|2024-09-26 21:29:06: Epoch[055/100], iter[235/392], loss_total:0.60396, loss_equ:1.67683 loss_pq_vm:0.01026 loss_pq_va:0.15463 loss_pv_va:0.17899
INFO|2024-09-26 21:29:56: Epoch[055/100], iter[274/392], loss_total:0.64067, loss_equ:1.70776 loss_pq_vm:0.01212 loss_pq_va:0.16273 loss_pv_va:0.18596
INFO|2024-09-26 21:30:45: Epoch[055/100], iter[313/392], loss_total:0.61865, loss_equ:1.64594 loss_pq_vm:0.01084 loss_pq_va:0.16115 loss_pv_va:0.18456
INFO|2024-09-26 21:31:35: Epoch[055/100], iter[352/392], loss_total:0.61375, loss_equ:1.70482 loss_pq_vm:0.01043 loss_pq_va:0.15795 loss_pv_va:0.18100
INFO|2024-09-26 21:32:26: Epoch[055/100], iter[392/392], loss_total:0.62511, loss_equ:1.73710 loss_pq_vm:0.01141 loss_pq_va:0.15785 loss_pv_va:0.17942
INFO|2024-09-26 21:34:03: Epoch 54/100, lr:  0.00042756, eta: 7.48h, train_loss:  0.61595, valid_loss:  0.82727
INFO|2024-09-26 21:34:03: 	Train: PQ_Vm_rmse: 0.00039397  PQ_Va_rmse: 0.00404888  PV_Va_rmse: 0.00452447  delta_p: 0.01336316  delta_q: 0.00391310  
INFO|2024-09-26 21:34:03: 	ZTest: PQ_Vm_rmse: 0.00108703  PQ_Va_rmse: 0.01061685  PV_Va_rmse: 0.01140252  delta_p: 0.02415002  delta_q: 0.00628082  
INFO|2024-09-26 21:34:03: 	ZTest-ema: PQ_Vm_rmse: 0.001113  PQ_Va_rmse: 0.009994  PV_Va_rmse: 0.010683  delta_p: 0.019116  delta_q: 0.005271  
INFO|2024-09-26 21:34:03: 	           ValOfEMA:0.010683/0.009630,  Epoch:55/44
INFO|2024-09-26 21:34:04: 	Time(ep):598s,  Val(curr/best):0.011403/0.009796,  Epoch(curr/best):55/53
INFO|2024-09-26 21:34:04: -------------------- Epoch: 56 --------------------
INFO|2024-09-26 21:34:56: Epoch[056/100], iter[040/392], loss_total:0.57474, loss_equ:1.65211 loss_pq_vm:0.00974 loss_pq_va:0.14403 loss_pv_va:0.16807
INFO|2024-09-26 21:35:46: Epoch[056/100], iter[079/392], loss_total:0.65459, loss_equ:1.70659 loss_pq_vm:0.01073 loss_pq_va:0.17513 loss_pv_va:0.20149
INFO|2024-09-26 21:36:35: Epoch[056/100], iter[118/392], loss_total:0.65249, loss_equ:1.75157 loss_pq_vm:0.01324 loss_pq_va:0.16043 loss_pv_va:0.18454
INFO|2024-09-26 21:37:25: Epoch[056/100], iter[157/392], loss_total:0.63410, loss_equ:1.66565 loss_pq_vm:0.01116 loss_pq_va:0.16526 loss_pv_va:0.19066
INFO|2024-09-26 21:38:15: Epoch[056/100], iter[196/392], loss_total:0.59653, loss_equ:1.68777 loss_pq_vm:0.01047 loss_pq_va:0.15078 loss_pv_va:0.17226
INFO|2024-09-26 21:39:05: Epoch[056/100], iter[235/392], loss_total:0.63522, loss_equ:1.71156 loss_pq_vm:0.01071 loss_pq_va:0.16767 loss_pv_va:0.18932
INFO|2024-09-26 21:39:55: Epoch[056/100], iter[274/392], loss_total:0.73666, loss_equ:1.99544 loss_pq_vm:0.01438 loss_pq_va:0.18794 loss_pv_va:0.20540
INFO|2024-09-26 21:40:45: Epoch[056/100], iter[313/392], loss_total:0.67527, loss_equ:1.89831 loss_pq_vm:0.01284 loss_pq_va:0.16569 loss_pv_va:0.19136
INFO|2024-09-26 21:41:34: Epoch[056/100], iter[352/392], loss_total:0.64799, loss_equ:1.68124 loss_pq_vm:0.01222 loss_pq_va:0.16761 loss_pv_va:0.19006
INFO|2024-09-26 21:42:25: Epoch[056/100], iter[392/392], loss_total:0.65215, loss_equ:1.73184 loss_pq_vm:0.01293 loss_pq_va:0.16389 loss_pv_va:0.18575
INFO|2024-09-26 21:44:03: Epoch 55/100, lr:  0.00041225, eta: 7.32h, train_loss:  0.64125, valid_loss:  0.83751
INFO|2024-09-26 21:44:03: 	Train: PQ_Vm_rmse: 0.00044960  PQ_Va_rmse: 0.00458129  PV_Va_rmse: 0.00507648  delta_p: 0.01640348  delta_q: 0.00452068  
INFO|2024-09-26 21:44:03: 	ZTest: PQ_Vm_rmse: 0.00125850  PQ_Va_rmse: 0.01137385  PV_Va_rmse: 0.01218693  delta_p: 0.02470544  delta_q: 0.00660181  
INFO|2024-09-26 21:44:03: 	ZTest-ema: PQ_Vm_rmse: 0.001143  PQ_Va_rmse: 0.010244  PV_Va_rmse: 0.010976  delta_p: 0.020973  delta_q: 0.005652  
INFO|2024-09-26 21:44:03: 	           ValOfEMA:0.010976/0.009630,  Epoch:56/44
INFO|2024-09-26 21:44:03: 	Time(ep):598s,  Val(curr/best):0.012187/0.009796,  Epoch(curr/best):56/53
INFO|2024-09-26 21:44:03: -------------------- Epoch: 57 --------------------
INFO|2024-09-26 21:44:56: Epoch[057/100], iter[040/392], loss_total:0.75076, loss_equ:2.23308 loss_pq_vm:0.01501 loss_pq_va:0.17387 loss_pv_va:0.20353
INFO|2024-09-26 21:45:46: Epoch[057/100], iter[079/392], loss_total:0.69907, loss_equ:2.03777 loss_pq_vm:0.01560 loss_pq_va:0.15844 loss_pv_va:0.18090
INFO|2024-09-26 21:46:36: Epoch[057/100], iter[118/392], loss_total:0.70939, loss_equ:2.16416 loss_pq_vm:0.01252 loss_pq_va:0.16990 loss_pv_va:0.19792
INFO|2024-09-26 21:47:25: Epoch[057/100], iter[157/392], loss_total:0.67005, loss_equ:1.98236 loss_pq_vm:0.01161 loss_pq_va:0.16730 loss_pv_va:0.18839
INFO|2024-09-26 21:48:15: Epoch[057/100], iter[196/392], loss_total:0.63199, loss_equ:1.75931 loss_pq_vm:0.01070 loss_pq_va:0.16115 loss_pv_va:0.18791
INFO|2024-09-26 21:49:05: Epoch[057/100], iter[235/392], loss_total:0.66498, loss_equ:1.78838 loss_pq_vm:0.01192 loss_pq_va:0.17344 loss_pv_va:0.19352
INFO|2024-09-26 21:49:55: Epoch[057/100], iter[274/392], loss_total:0.62593, loss_equ:1.76823 loss_pq_vm:0.01350 loss_pq_va:0.14635 loss_pv_va:0.16776
INFO|2024-09-26 21:50:45: Epoch[057/100], iter[313/392], loss_total:0.59235, loss_equ:1.77526 loss_pq_vm:0.00991 loss_pq_va:0.14734 loss_pv_va:0.16840
INFO|2024-09-26 21:51:34: Epoch[057/100], iter[352/392], loss_total:0.60305, loss_equ:1.76605 loss_pq_vm:0.01022 loss_pq_va:0.15056 loss_pv_va:0.17365
INFO|2024-09-26 21:52:25: Epoch[057/100], iter[392/392], loss_total:0.60487, loss_equ:1.68828 loss_pq_vm:0.01014 loss_pq_va:0.15523 loss_pv_va:0.17937
INFO|2024-09-26 21:54:02: Epoch 56/100, lr:  0.00039702, eta: 7.15h, train_loss:  0.66648, valid_loss:  0.83010
INFO|2024-09-26 21:54:02: 	Train: PQ_Vm_rmse: 0.00046250  PQ_Va_rmse: 0.00452723  PV_Va_rmse: 0.00504928  delta_p: 0.02007629  delta_q: 0.00529145  
INFO|2024-09-26 21:54:02: 	ZTest: PQ_Vm_rmse: 0.00125114  PQ_Va_rmse: 0.01165815  PV_Va_rmse: 0.01252448  delta_p: 0.02265060  delta_q: 0.00544483  
INFO|2024-09-26 21:54:02: 	ZTest-ema: PQ_Vm_rmse: 0.001136  PQ_Va_rmse: 0.010032  PV_Va_rmse: 0.010724  delta_p: 0.017860  delta_q: 0.004566  
INFO|2024-09-26 21:54:02: 	           ValOfEMA:0.010724/0.009630,  Epoch:57/44
INFO|2024-09-26 21:54:03: 	Time(ep):598s,  Val(curr/best):0.012524/0.009796,  Epoch(curr/best):57/53
INFO|2024-09-26 21:54:03: -------------------- Epoch: 58 --------------------
INFO|2024-09-26 21:54:55: Epoch[058/100], iter[040/392], loss_total:0.62059, loss_equ:1.74887 loss_pq_vm:0.00975 loss_pq_va:0.16001 loss_pv_va:0.18823
INFO|2024-09-26 21:55:45: Epoch[058/100], iter[079/392], loss_total:0.59847, loss_equ:1.68647 loss_pq_vm:0.01039 loss_pq_va:0.15179 loss_pv_va:0.17415
INFO|2024-09-26 21:56:35: Epoch[058/100], iter[118/392], loss_total:0.54959, loss_equ:1.63800 loss_pq_vm:0.00967 loss_pq_va:0.13392 loss_pv_va:0.15516
INFO|2024-09-26 21:57:25: Epoch[058/100], iter[157/392], loss_total:0.62104, loss_equ:1.85056 loss_pq_vm:0.01161 loss_pq_va:0.14852 loss_pv_va:0.17132
INFO|2024-09-26 21:58:15: Epoch[058/100], iter[196/392], loss_total:0.69809, loss_equ:1.79218 loss_pq_vm:0.01143 loss_pq_va:0.18828 loss_pv_va:0.21632
INFO|2024-09-26 21:59:04: Epoch[058/100], iter[235/392], loss_total:0.58346, loss_equ:1.74675 loss_pq_vm:0.01020 loss_pq_va:0.14230 loss_pv_va:0.16448
INFO|2024-09-26 21:59:54: Epoch[058/100], iter[274/392], loss_total:0.61392, loss_equ:1.71589 loss_pq_vm:0.01052 loss_pq_va:0.15597 loss_pv_va:0.18112
INFO|2024-09-26 22:00:44: Epoch[058/100], iter[313/392], loss_total:0.71058, loss_equ:2.26203 loss_pq_vm:0.01187 loss_pq_va:0.17020 loss_pv_va:0.19549
INFO|2024-09-26 22:01:34: Epoch[058/100], iter[352/392], loss_total:0.61380, loss_equ:1.81596 loss_pq_vm:0.01033 loss_pq_va:0.15208 loss_pv_va:0.17680
INFO|2024-09-26 22:02:25: Epoch[058/100], iter[392/392], loss_total:0.63365, loss_equ:1.80074 loss_pq_vm:0.01258 loss_pq_va:0.15272 loss_pv_va:0.17510
INFO|2024-09-26 22:04:02: Epoch 57/100, lr:  0.00038190, eta: 6.99h, train_loss:  0.62793, valid_loss:  0.84636
INFO|2024-09-26 22:04:02: 	Train: PQ_Vm_rmse: 0.00037277  PQ_Va_rmse: 0.00398598  PV_Va_rmse: 0.00444976  delta_p: 0.02027826  delta_q: 0.00422805  
INFO|2024-09-26 22:04:02: 	ZTest: PQ_Vm_rmse: 0.00117107  PQ_Va_rmse: 0.00978594  PV_Va_rmse: 0.01048454  delta_p: 0.03379446  delta_q: 0.00807040  
INFO|2024-09-26 22:04:02: 	ZTest-ema: PQ_Vm_rmse: 0.000989  PQ_Va_rmse: 0.009111  PV_Va_rmse: 0.009769  delta_p: 0.024387  delta_q: 0.004989  
INFO|2024-09-26 22:04:02: 	           ValOfEMA:0.009769/0.009630,  Epoch:58/44
INFO|2024-09-26 22:04:03: 	Time(ep):598s,  Val(curr/best):0.010485/0.009796,  Epoch(curr/best):58/53
INFO|2024-09-26 22:04:03: -------------------- Epoch: 59 --------------------
INFO|2024-09-26 22:04:55: Epoch[059/100], iter[040/392], loss_total:0.65871, loss_equ:1.89413 loss_pq_vm:0.01432 loss_pq_va:0.15234 loss_pv_va:0.17370
INFO|2024-09-26 22:05:45: Epoch[059/100], iter[079/392], loss_total:0.66525, loss_equ:1.74467 loss_pq_vm:0.01488 loss_pq_va:0.16130 loss_pv_va:0.18067
INFO|2024-09-26 22:06:35: Epoch[059/100], iter[118/392], loss_total:0.60232, loss_equ:1.70570 loss_pq_vm:0.01095 loss_pq_va:0.15030 loss_pv_va:0.17196
INFO|2024-09-26 22:07:25: Epoch[059/100], iter[157/392], loss_total:0.58201, loss_equ:1.63976 loss_pq_vm:0.01051 loss_pq_va:0.14528 loss_pv_va:0.16768
INFO|2024-09-26 22:08:14: Epoch[059/100], iter[196/392], loss_total:0.55436, loss_equ:1.60360 loss_pq_vm:0.00953 loss_pq_va:0.13685 loss_pv_va:0.16180
INFO|2024-09-26 22:09:04: Epoch[059/100], iter[235/392], loss_total:0.62748, loss_equ:1.75785 loss_pq_vm:0.01137 loss_pq_va:0.15669 loss_pv_va:0.18126
INFO|2024-09-26 22:09:54: Epoch[059/100], iter[274/392], loss_total:0.66449, loss_equ:1.74459 loss_pq_vm:0.01172 loss_pq_va:0.17422 loss_pv_va:0.19863
INFO|2024-09-26 22:10:44: Epoch[059/100], iter[313/392], loss_total:0.61473, loss_equ:1.71470 loss_pq_vm:0.01172 loss_pq_va:0.15179 loss_pv_va:0.17431
INFO|2024-09-26 22:11:34: Epoch[059/100], iter[352/392], loss_total:0.56657, loss_equ:1.62450 loss_pq_vm:0.00958 loss_pq_va:0.14310 loss_pv_va:0.16517
INFO|2024-09-26 22:12:25: Epoch[059/100], iter[392/392], loss_total:0.61633, loss_equ:1.70437 loss_pq_vm:0.01242 loss_pq_va:0.14853 loss_pv_va:0.17315
INFO|2024-09-26 22:14:02: Epoch 58/100, lr:  0.00036690, eta: 6.82h, train_loss:  0.61601, valid_loss:  0.85172
INFO|2024-09-26 22:14:02: 	Train: PQ_Vm_rmse: 0.00043826  PQ_Va_rmse: 0.00392957  PV_Va_rmse: 0.00435470  delta_p: 0.01477457  delta_q: 0.00427532  
INFO|2024-09-26 22:14:02: 	ZTest: PQ_Vm_rmse: 0.00117415  PQ_Va_rmse: 0.01005074  PV_Va_rmse: 0.01083217  delta_p: 0.02103851  delta_q: 0.00661740  
INFO|2024-09-26 22:14:02: 	ZTest-ema: PQ_Vm_rmse: 0.001051  PQ_Va_rmse: 0.009555  PV_Va_rmse: 0.010235  delta_p: 0.020213  delta_q: 0.005445  
INFO|2024-09-26 22:14:02: 	           ValOfEMA:0.010235/0.009630,  Epoch:59/44
INFO|2024-09-26 22:14:02: 	Time(ep):599s,  Val(curr/best):0.010832/0.009796,  Epoch(curr/best):59/53
INFO|2024-09-26 22:14:02: -------------------- Epoch: 60 --------------------
INFO|2024-09-26 22:14:54: Epoch[060/100], iter[040/392], loss_total:0.58438, loss_equ:1.60639 loss_pq_vm:0.01061 loss_pq_va:0.14647 loss_pv_va:0.17113
INFO|2024-09-26 22:15:44: Epoch[060/100], iter[079/392], loss_total:0.62241, loss_equ:1.67765 loss_pq_vm:0.01011 loss_pq_va:0.16456 loss_pv_va:0.18897
INFO|2024-09-26 22:16:34: Epoch[060/100], iter[118/392], loss_total:0.61401, loss_equ:1.65454 loss_pq_vm:0.01079 loss_pq_va:0.15706 loss_pv_va:0.18359
INFO|2024-09-26 22:17:24: Epoch[060/100], iter[157/392], loss_total:0.57489, loss_equ:1.61081 loss_pq_vm:0.01040 loss_pq_va:0.14323 loss_pv_va:0.16659
INFO|2024-09-26 22:18:14: Epoch[060/100], iter[196/392], loss_total:0.60944, loss_equ:1.62676 loss_pq_vm:0.01183 loss_pq_va:0.15344 loss_pv_va:0.17503
INFO|2024-09-26 22:19:03: Epoch[060/100], iter[235/392], loss_total:0.57271, loss_equ:1.58817 loss_pq_vm:0.01022 loss_pq_va:0.14458 loss_pv_va:0.16712
INFO|2024-09-26 22:19:53: Epoch[060/100], iter[274/392], loss_total:0.64588, loss_equ:1.71828 loss_pq_vm:0.01058 loss_pq_va:0.17157 loss_pv_va:0.19669
INFO|2024-09-26 22:20:43: Epoch[060/100], iter[313/392], loss_total:0.56848, loss_equ:1.61075 loss_pq_vm:0.00978 loss_pq_va:0.14341 loss_pv_va:0.16619
INFO|2024-09-26 22:21:33: Epoch[060/100], iter[352/392], loss_total:0.59929, loss_equ:1.65965 loss_pq_vm:0.01020 loss_pq_va:0.15385 loss_pv_va:0.17748
INFO|2024-09-26 22:22:24: Epoch[060/100], iter[392/392], loss_total:0.59617, loss_equ:1.63389 loss_pq_vm:0.00996 loss_pq_va:0.15427 loss_pv_va:0.17894
INFO|2024-09-26 22:24:01: Epoch 59/100, lr:  0.00035204, eta: 6.65h, train_loss:  0.60716, valid_loss:  0.79155
INFO|2024-09-26 22:24:01: 	Train: PQ_Vm_rmse: 0.00042634  PQ_Va_rmse: 0.00419062  PV_Va_rmse: 0.00467155  delta_p: 0.01220419  delta_q: 0.00413487  
INFO|2024-09-26 22:24:01: 	ZTest: PQ_Vm_rmse: 0.00106488  PQ_Va_rmse: 0.00941140  PV_Va_rmse: 0.01008997  delta_p: 0.01844308  delta_q: 0.00556425  
INFO|2024-09-26 22:24:01: 	ZTest-ema: PQ_Vm_rmse: 0.001049  PQ_Va_rmse: 0.009421  PV_Va_rmse: 0.010112  delta_p: 0.017908  delta_q: 0.004904  
INFO|2024-09-26 22:24:01: 	           ValOfEMA:0.010112/0.009630,  Epoch:60/44
INFO|2024-09-26 22:24:01: 	Time(ep):598s,  Val(curr/best):0.010090/0.009796,  Epoch(curr/best):60/53
INFO|2024-09-26 22:24:02: -------------------- Epoch: 61 --------------------
INFO|2024-09-26 22:24:54: Epoch[061/100], iter[040/392], loss_total:0.60598, loss_equ:1.65757 loss_pq_vm:0.01018 loss_pq_va:0.15717 loss_pv_va:0.18128
INFO|2024-09-26 22:25:43: Epoch[061/100], iter[079/392], loss_total:0.56503, loss_equ:1.62935 loss_pq_vm:0.00948 loss_pq_va:0.14205 loss_pv_va:0.16525
INFO|2024-09-26 22:26:33: Epoch[061/100], iter[118/392], loss_total:0.61789, loss_equ:1.64471 loss_pq_vm:0.01064 loss_pq_va:0.16100 loss_pv_va:0.18603
INFO|2024-09-26 22:27:23: Epoch[061/100], iter[157/392], loss_total:0.59018, loss_equ:1.60242 loss_pq_vm:0.00986 loss_pq_va:0.15413 loss_pv_va:0.17718
INFO|2024-09-26 22:28:13: Epoch[061/100], iter[196/392], loss_total:0.55510, loss_equ:1.61126 loss_pq_vm:0.00995 loss_pq_va:0.13691 loss_pv_va:0.15755
INFO|2024-09-26 22:29:03: Epoch[061/100], iter[235/392], loss_total:0.53759, loss_equ:1.57295 loss_pq_vm:0.00892 loss_pq_va:0.13436 loss_pv_va:0.15678
INFO|2024-09-26 22:29:53: Epoch[061/100], iter[274/392], loss_total:0.55378, loss_equ:1.57699 loss_pq_vm:0.00908 loss_pq_va:0.14211 loss_pv_va:0.16321
INFO|2024-09-26 22:30:42: Epoch[061/100], iter[313/392], loss_total:0.69472, loss_equ:1.71901 loss_pq_vm:0.01156 loss_pq_va:0.19093 loss_pv_va:0.21626
INFO|2024-09-26 22:31:32: Epoch[061/100], iter[352/392], loss_total:0.58871, loss_equ:1.60220 loss_pq_vm:0.01057 loss_pq_va:0.15043 loss_pv_va:0.17238
INFO|2024-09-26 22:32:24: Epoch[061/100], iter[392/392], loss_total:0.69439, loss_equ:1.93555 loss_pq_vm:0.01538 loss_pq_va:0.16055 loss_pv_va:0.18652
INFO|2024-09-26 22:34:01: Epoch 60/100, lr:  0.00033732, eta: 6.49h, train_loss:  0.58345, valid_loss:  0.90981
INFO|2024-09-26 22:34:01: 	Train: PQ_Vm_rmse: 0.00032333  PQ_Va_rmse: 0.00311382  PV_Va_rmse: 0.00348582  delta_p: 0.01094420  delta_q: 0.00328714  
INFO|2024-09-26 22:34:01: 	ZTest: PQ_Vm_rmse: 0.00149403  PQ_Va_rmse: 0.01050027  PV_Va_rmse: 0.01136158  delta_p: 0.04799421  delta_q: 0.01108016  
INFO|2024-09-26 22:34:01: 	ZTest-ema: PQ_Vm_rmse: 0.001094  PQ_Va_rmse: 0.009727  PV_Va_rmse: 0.010360  delta_p: 0.016505  delta_q: 0.004525  
INFO|2024-09-26 22:34:01: 	           ValOfEMA:0.010360/0.009630,  Epoch:61/44
INFO|2024-09-26 22:34:01: 	Time(ep):599s,  Val(curr/best):0.011362/0.009796,  Epoch(curr/best):61/53
INFO|2024-09-26 22:34:01: -------------------- Epoch: 62 --------------------
INFO|2024-09-26 22:34:54: Epoch[062/100], iter[040/392], loss_total:0.71928, loss_equ:2.38411 loss_pq_vm:0.01244 loss_pq_va:0.16752 loss_pv_va:0.18890
INFO|2024-09-26 22:35:44: Epoch[062/100], iter[079/392], loss_total:0.64785, loss_equ:1.87168 loss_pq_vm:0.01078 loss_pq_va:0.16509 loss_pv_va:0.18779
INFO|2024-09-26 22:36:33: Epoch[062/100], iter[118/392], loss_total:0.65628, loss_equ:1.68193 loss_pq_vm:0.01204 loss_pq_va:0.17360 loss_pv_va:0.19405
INFO|2024-09-26 22:37:23: Epoch[062/100], iter[157/392], loss_total:0.54498, loss_equ:1.57411 loss_pq_vm:0.00942 loss_pq_va:0.13721 loss_pv_va:0.15616
INFO|2024-09-26 22:38:13: Epoch[062/100], iter[196/392], loss_total:0.59562, loss_equ:1.79242 loss_pq_vm:0.00992 loss_pq_va:0.14573 loss_pv_va:0.17146
INFO|2024-09-26 22:39:03: Epoch[062/100], iter[235/392], loss_total:0.62844, loss_equ:1.75855 loss_pq_vm:0.01122 loss_pq_va:0.15981 loss_pv_va:0.18058
INFO|2024-09-26 22:39:53: Epoch[062/100], iter[274/392], loss_total:0.54994, loss_equ:1.61028 loss_pq_vm:0.00923 loss_pq_va:0.13695 loss_pv_va:0.15963
INFO|2024-09-26 22:40:43: Epoch[062/100], iter[313/392], loss_total:0.55845, loss_equ:1.59848 loss_pq_vm:0.00934 loss_pq_va:0.14157 loss_pv_va:0.16358
INFO|2024-09-26 22:41:33: Epoch[062/100], iter[352/392], loss_total:0.53778, loss_equ:1.61790 loss_pq_vm:0.00889 loss_pq_va:0.13347 loss_pv_va:0.15366
INFO|2024-09-26 22:42:23: Epoch[062/100], iter[392/392], loss_total:0.56920, loss_equ:1.59998 loss_pq_vm:0.00980 loss_pq_va:0.14403 loss_pv_va:0.16717
INFO|2024-09-26 22:44:01: Epoch 61/100, lr:  0.00032278, eta: 6.33h, train_loss:  0.60701, valid_loss:  0.82464
INFO|2024-09-26 22:44:01: 	Train: PQ_Vm_rmse: 0.00035331  PQ_Va_rmse: 0.00348800  PV_Va_rmse: 0.00389631  delta_p: 0.01695084  delta_q: 0.00392358  
INFO|2024-09-26 22:44:01: 	ZTest: PQ_Vm_rmse: 0.00109084  PQ_Va_rmse: 0.01114555  PV_Va_rmse: 0.01200183  delta_p: 0.02198003  delta_q: 0.00528724  
INFO|2024-09-26 22:44:01: 	ZTest-ema: PQ_Vm_rmse: 0.001034  PQ_Va_rmse: 0.009614  PV_Va_rmse: 0.010356  delta_p: 0.017260  delta_q: 0.004414  
INFO|2024-09-26 22:44:01: 	           ValOfEMA:0.010356/0.009630,  Epoch:62/44
INFO|2024-09-26 22:44:01: 	Time(ep):599s,  Val(curr/best):0.012002/0.009796,  Epoch(curr/best):62/53
INFO|2024-09-26 22:44:01: -------------------- Epoch: 63 --------------------
INFO|2024-09-26 22:44:53: Epoch[063/100], iter[040/392], loss_total:0.58819, loss_equ:1.64718 loss_pq_vm:0.01051 loss_pq_va:0.14786 loss_pv_va:0.17053
INFO|2024-09-26 22:45:43: Epoch[063/100], iter[079/392], loss_total:0.55729, loss_equ:1.57426 loss_pq_vm:0.01020 loss_pq_va:0.13899 loss_pv_va:0.15883
INFO|2024-09-26 22:46:33: Epoch[063/100], iter[118/392], loss_total:0.61376, loss_equ:1.73879 loss_pq_vm:0.01045 loss_pq_va:0.15620 loss_pv_va:0.17924
INFO|2024-09-26 22:47:23: Epoch[063/100], iter[157/392], loss_total:0.54028, loss_equ:1.55604 loss_pq_vm:0.00911 loss_pq_va:0.13608 loss_pv_va:0.15745
INFO|2024-09-26 22:48:12: Epoch[063/100], iter[196/392], loss_total:0.57108, loss_equ:1.61227 loss_pq_vm:0.01004 loss_pq_va:0.14394 loss_pv_va:0.16555
INFO|2024-09-26 22:49:02: Epoch[063/100], iter[235/392], loss_total:0.57334, loss_equ:1.60015 loss_pq_vm:0.00995 loss_pq_va:0.14508 loss_pv_va:0.16879
INFO|2024-09-26 22:49:51: Epoch[063/100], iter[274/392], loss_total:0.63408, loss_equ:1.68380 loss_pq_vm:0.01100 loss_pq_va:0.16476 loss_pv_va:0.19091
INFO|2024-09-26 22:50:41: Epoch[063/100], iter[313/392], loss_total:0.54424, loss_equ:1.60427 loss_pq_vm:0.00883 loss_pq_va:0.13661 loss_pv_va:0.15894
INFO|2024-09-26 22:51:31: Epoch[063/100], iter[352/392], loss_total:0.55604, loss_equ:1.61512 loss_pq_vm:0.00961 loss_pq_va:0.13883 loss_pv_va:0.15958
INFO|2024-09-26 22:52:22: Epoch[063/100], iter[392/392], loss_total:0.59151, loss_equ:1.64446 loss_pq_vm:0.01051 loss_pq_va:0.14913 loss_pv_va:0.17280
INFO|2024-09-26 22:53:59: Epoch 62/100, lr:  0.00030841, eta: 6.15h, train_loss:  0.56583, valid_loss:  0.80807
INFO|2024-09-26 22:53:59: 	Train: PQ_Vm_rmse: 0.00028032  PQ_Va_rmse: 0.00288886  PV_Va_rmse: 0.00324547  delta_p: 0.01101993  delta_q: 0.00280506  
INFO|2024-09-26 22:53:59: 	ZTest: PQ_Vm_rmse: 0.00109870  PQ_Va_rmse: 0.00979266  PV_Va_rmse: 0.01048097  delta_p: 0.02259169  delta_q: 0.00525986  
INFO|2024-09-26 22:53:59: 	ZTest-ema: PQ_Vm_rmse: 0.001026  PQ_Va_rmse: 0.009384  PV_Va_rmse: 0.010026  delta_p: 0.017277  delta_q: 0.004435  
INFO|2024-09-26 22:53:59: 	           ValOfEMA:0.010026/0.009630,  Epoch:63/44
INFO|2024-09-26 22:54:00: 	Time(ep):597s,  Val(curr/best):0.010481/0.009796,  Epoch(curr/best):63/53
INFO|2024-09-26 22:54:00: -------------------- Epoch: 64 --------------------
INFO|2024-09-26 22:54:52: Epoch[064/100], iter[040/392], loss_total:0.58976, loss_equ:1.67183 loss_pq_vm:0.00996 loss_pq_va:0.15032 loss_pv_va:0.17261
INFO|2024-09-26 22:55:43: Epoch[064/100], iter[079/392], loss_total:0.59406, loss_equ:1.68489 loss_pq_vm:0.01066 loss_pq_va:0.14785 loss_pv_va:0.17115
INFO|2024-09-26 22:56:33: Epoch[064/100], iter[118/392], loss_total:0.63347, loss_equ:1.79641 loss_pq_vm:0.01201 loss_pq_va:0.15490 loss_pv_va:0.17880
INFO|2024-09-26 22:57:22: Epoch[064/100], iter[157/392], loss_total:0.61629, loss_equ:1.68366 loss_pq_vm:0.01032 loss_pq_va:0.15924 loss_pv_va:0.18548
INFO|2024-09-26 22:58:12: Epoch[064/100], iter[196/392], loss_total:0.61404, loss_equ:1.66368 loss_pq_vm:0.01043 loss_pq_va:0.16004 loss_pv_va:0.18328
INFO|2024-09-26 22:59:02: Epoch[064/100], iter[235/392], loss_total:0.53968, loss_equ:1.57858 loss_pq_vm:0.00910 loss_pq_va:0.13433 loss_pv_va:0.15646
INFO|2024-09-26 22:59:51: Epoch[064/100], iter[274/392], loss_total:0.52985, loss_equ:1.57858 loss_pq_vm:0.00859 loss_pq_va:0.13183 loss_pv_va:0.15429
INFO|2024-09-26 23:00:41: Epoch[064/100], iter[313/392], loss_total:0.60148, loss_equ:1.62920 loss_pq_vm:0.01098 loss_pq_va:0.15368 loss_pv_va:0.17504
INFO|2024-09-26 23:01:31: Epoch[064/100], iter[352/392], loss_total:0.57267, loss_equ:1.61498 loss_pq_vm:0.00969 loss_pq_va:0.14542 loss_pv_va:0.16889
INFO|2024-09-26 23:02:22: Epoch[064/100], iter[392/392], loss_total:0.55078, loss_equ:1.58219 loss_pq_vm:0.00934 loss_pq_va:0.13747 loss_pv_va:0.16168
INFO|2024-09-26 23:04:00: Epoch 63/100, lr:  0.00029424, eta: 6.0h, train_loss:  0.58064, valid_loss:  0.77638
INFO|2024-09-26 23:04:00: 	Train: PQ_Vm_rmse: 0.00034425  PQ_Va_rmse: 0.00336121  PV_Va_rmse: 0.00378760  delta_p: 0.01419190  delta_q: 0.00335192  
INFO|2024-09-26 23:04:00: 	ZTest: PQ_Vm_rmse: 0.00112959  PQ_Va_rmse: 0.01049803  PV_Va_rmse: 0.01128127  delta_p: 0.01940186  delta_q: 0.00509598  
INFO|2024-09-26 23:04:00: 	ZTest-ema: PQ_Vm_rmse: 0.001171  PQ_Va_rmse: 0.010090  PV_Va_rmse: 0.010770  delta_p: 0.016936  delta_q: 0.004539  
INFO|2024-09-26 23:04:00: 	           ValOfEMA:0.010770/0.009630,  Epoch:64/44
INFO|2024-09-26 23:04:00: 	Time(ep):599s,  Val(curr/best):0.011281/0.009796,  Epoch(curr/best):64/53
INFO|2024-09-26 23:04:00: -------------------- Epoch: 65 --------------------
INFO|2024-09-26 23:04:53: Epoch[065/100], iter[040/392], loss_total:0.56076, loss_equ:1.56982 loss_pq_vm:0.00988 loss_pq_va:0.14091 loss_pv_va:0.16405
INFO|2024-09-26 23:05:42: Epoch[065/100], iter[079/392], loss_total:0.55398, loss_equ:1.62048 loss_pq_vm:0.00903 loss_pq_va:0.13953 loss_pv_va:0.16213
INFO|2024-09-26 23:06:32: Epoch[065/100], iter[118/392], loss_total:0.62340, loss_equ:1.89642 loss_pq_vm:0.01132 loss_pq_va:0.15055 loss_pv_va:0.17002
INFO|2024-09-26 23:07:22: Epoch[065/100], iter[157/392], loss_total:0.56134, loss_equ:1.62721 loss_pq_vm:0.01201 loss_pq_va:0.12873 loss_pv_va:0.14983
INFO|2024-09-26 23:08:12: Epoch[065/100], iter[196/392], loss_total:0.55983, loss_equ:1.60139 loss_pq_vm:0.00937 loss_pq_va:0.14198 loss_pv_va:0.16402
INFO|2024-09-26 23:09:02: Epoch[065/100], iter[235/392], loss_total:0.60358, loss_equ:1.63586 loss_pq_vm:0.01031 loss_pq_va:0.15749 loss_pv_va:0.17940
INFO|2024-09-26 23:09:52: Epoch[065/100], iter[274/392], loss_total:0.56260, loss_equ:1.61856 loss_pq_vm:0.01015 loss_pq_va:0.13751 loss_pv_va:0.16174
INFO|2024-09-26 23:10:42: Epoch[065/100], iter[313/392], loss_total:0.56665, loss_equ:1.74084 loss_pq_vm:0.00902 loss_pq_va:0.13762 loss_pv_va:0.16470
INFO|2024-09-26 23:11:31: Epoch[065/100], iter[352/392], loss_total:0.55429, loss_equ:1.66040 loss_pq_vm:0.00940 loss_pq_va:0.13523 loss_pv_va:0.15902
INFO|2024-09-26 23:12:22: Epoch[065/100], iter[392/392], loss_total:0.58587, loss_equ:1.64088 loss_pq_vm:0.01006 loss_pq_va:0.14922 loss_pv_va:0.17196
INFO|2024-09-26 23:13:59: Epoch 64/100, lr:  0.00028027, eta: 5.82h, train_loss:  0.57521, valid_loss:  0.76612
INFO|2024-09-26 23:13:59: 	Train: PQ_Vm_rmse: 0.00027698  PQ_Va_rmse: 0.00284588  PV_Va_rmse: 0.00318350  delta_p: 0.01278538  delta_q: 0.00309366  
INFO|2024-09-26 23:13:59: 	ZTest: PQ_Vm_rmse: 0.00107447  PQ_Va_rmse: 0.00961721  PV_Va_rmse: 0.01028821  delta_p: 0.02122126  delta_q: 0.00474642  
INFO|2024-09-26 23:13:59: 	ZTest-ema: PQ_Vm_rmse: 0.001051  PQ_Va_rmse: 0.009370  PV_Va_rmse: 0.009986  delta_p: 0.017847  delta_q: 0.004155  
INFO|2024-09-26 23:13:59: 	           ValOfEMA:0.009986/0.009630,  Epoch:65/44
INFO|2024-09-26 23:13:59: 	Time(ep):598s,  Val(curr/best):0.010288/0.009796,  Epoch(curr/best):65/53
INFO|2024-09-26 23:13:59: -------------------- Epoch: 66 --------------------
INFO|2024-09-26 23:14:52: Epoch[066/100], iter[040/392], loss_total:0.62902, loss_equ:1.66814 loss_pq_vm:0.00996 loss_pq_va:0.16624 loss_pv_va:0.19634
INFO|2024-09-26 23:15:41: Epoch[066/100], iter[079/392], loss_total:0.53175, loss_equ:1.56373 loss_pq_vm:0.00876 loss_pq_va:0.13339 loss_pv_va:0.15435
INFO|2024-09-26 23:16:31: Epoch[066/100], iter[118/392], loss_total:0.59700, loss_equ:1.60366 loss_pq_vm:0.00972 loss_pq_va:0.15817 loss_pv_va:0.18122
INFO|2024-09-26 23:17:21: Epoch[066/100], iter[157/392], loss_total:0.55554, loss_equ:1.57232 loss_pq_vm:0.00971 loss_pq_va:0.13980 loss_pv_va:0.16146
INFO|2024-09-26 23:18:11: Epoch[066/100], iter[196/392], loss_total:0.53520, loss_equ:1.57875 loss_pq_vm:0.00950 loss_pq_va:0.12995 loss_pv_va:0.15235
INFO|2024-09-26 23:19:00: Epoch[066/100], iter[235/392], loss_total:0.56333, loss_equ:1.60224 loss_pq_vm:0.00949 loss_pq_va:0.14308 loss_pv_va:0.16509
INFO|2024-09-26 23:19:50: Epoch[066/100], iter[274/392], loss_total:0.56514, loss_equ:1.60828 loss_pq_vm:0.00929 loss_pq_va:0.14255 loss_pv_va:0.16882
INFO|2024-09-26 23:20:40: Epoch[066/100], iter[313/392], loss_total:0.50795, loss_equ:1.55133 loss_pq_vm:0.00830 loss_pq_va:0.12323 loss_pv_va:0.14657
INFO|2024-09-26 23:21:30: Epoch[066/100], iter[352/392], loss_total:0.57611, loss_equ:1.58669 loss_pq_vm:0.00998 loss_pq_va:0.14666 loss_pv_va:0.17094
INFO|2024-09-26 23:22:21: Epoch[066/100], iter[392/392], loss_total:0.57684, loss_equ:1.65735 loss_pq_vm:0.01046 loss_pq_va:0.14117 loss_pv_va:0.16535
INFO|2024-09-26 23:23:59: Epoch 65/100, lr:  0.00026653, eta: 5.66h, train_loss:  0.57115, valid_loss:  0.83576
INFO|2024-09-26 23:23:59: 	Train: PQ_Vm_rmse: 0.00031523  PQ_Va_rmse: 0.00304460  PV_Va_rmse: 0.00339622  delta_p: 0.01067897  delta_q: 0.00298873  
INFO|2024-09-26 23:23:59: 	ZTest: PQ_Vm_rmse: 0.00113732  PQ_Va_rmse: 0.01012639  PV_Va_rmse: 0.01085563  delta_p: 0.01897220  delta_q: 0.00500659  
INFO|2024-09-26 23:23:59: 	ZTest-ema: PQ_Vm_rmse: 0.001085  PQ_Va_rmse: 0.009490  PV_Va_rmse: 0.010162  delta_p: 0.017171  delta_q: 0.004412  
INFO|2024-09-26 23:23:59: 	           ValOfEMA:0.010162/0.009630,  Epoch:66/44
INFO|2024-09-26 23:24:00: 	Time(ep):599s,  Val(curr/best):0.010856/0.009796,  Epoch(curr/best):66/53
INFO|2024-09-26 23:24:00: -------------------- Epoch: 67 --------------------
INFO|2024-09-26 23:24:52: Epoch[067/100], iter[040/392], loss_total:0.60206, loss_equ:1.65100 loss_pq_vm:0.01071 loss_pq_va:0.15257 loss_pv_va:0.17725
INFO|2024-09-26 23:25:42: Epoch[067/100], iter[079/392], loss_total:0.59112, loss_equ:1.57519 loss_pq_vm:0.01011 loss_pq_va:0.15662 loss_pv_va:0.17592
INFO|2024-09-26 23:26:31: Epoch[067/100], iter[118/392], loss_total:0.57616, loss_equ:1.62292 loss_pq_vm:0.01041 loss_pq_va:0.14325 loss_pv_va:0.16655
INFO|2024-09-26 23:27:21: Epoch[067/100], iter[157/392], loss_total:0.54578, loss_equ:1.55319 loss_pq_vm:0.00989 loss_pq_va:0.13385 loss_pv_va:0.15776
INFO|2024-09-26 23:28:11: Epoch[067/100], iter[196/392], loss_total:0.53867, loss_equ:1.60053 loss_pq_vm:0.00931 loss_pq_va:0.13274 loss_pv_va:0.15282
INFO|2024-09-26 23:29:01: Epoch[067/100], iter[235/392], loss_total:0.53542, loss_equ:1.52733 loss_pq_vm:0.00917 loss_pq_va:0.13606 loss_pv_va:0.15491
INFO|2024-09-26 23:29:51: Epoch[067/100], iter[274/392], loss_total:0.57989, loss_equ:1.65147 loss_pq_vm:0.01019 loss_pq_va:0.14443 loss_pv_va:0.16846
INFO|2024-09-26 23:30:41: Epoch[067/100], iter[313/392], loss_total:0.49991, loss_equ:1.51050 loss_pq_vm:0.00846 loss_pq_va:0.12176 loss_pv_va:0.14247
INFO|2024-09-26 23:31:31: Epoch[067/100], iter[352/392], loss_total:0.56157, loss_equ:1.58579 loss_pq_vm:0.00933 loss_pq_va:0.14257 loss_pv_va:0.16716
INFO|2024-09-26 23:32:21: Epoch[067/100], iter[392/392], loss_total:0.58612, loss_equ:1.59941 loss_pq_vm:0.00929 loss_pq_va:0.15392 loss_pv_va:0.17939
INFO|2024-09-26 23:33:59: Epoch 66/100, lr:  0.00025302, eta: 5.49h, train_loss:  0.55282, valid_loss:  0.75643
INFO|2024-09-26 23:33:59: 	Train: PQ_Vm_rmse: 0.00028091  PQ_Va_rmse: 0.00261873  PV_Va_rmse: 0.00296829  delta_p: 0.00987378  delta_q: 0.00280251  
INFO|2024-09-26 23:33:59: 	ZTest: PQ_Vm_rmse: 0.00104872  PQ_Va_rmse: 0.00952455  PV_Va_rmse: 0.01023371  delta_p: 0.01832481  delta_q: 0.00447807  
INFO|2024-09-26 23:33:59: 	ZTest-ema: PQ_Vm_rmse: 0.001026  PQ_Va_rmse: 0.009273  PV_Va_rmse: 0.009939  delta_p: 0.016618  delta_q: 0.004106  
INFO|2024-09-26 23:33:59: 	           ValOfEMA:0.009939/0.009630,  Epoch:67/44
INFO|2024-09-26 23:33:59: 	Time(ep):598s,  Val(curr/best):0.010234/0.009796,  Epoch(curr/best):67/53
INFO|2024-09-26 23:33:59: -------------------- Epoch: 68 --------------------
INFO|2024-09-26 23:34:51: Epoch[068/100], iter[040/392], loss_total:0.55479, loss_equ:1.63754 loss_pq_vm:0.00927 loss_pq_va:0.13888 loss_pv_va:0.15945
INFO|2024-09-26 23:35:40: Epoch[068/100], iter[079/392], loss_total:0.56359, loss_equ:1.62984 loss_pq_vm:0.00939 loss_pq_va:0.14145 loss_pv_va:0.16526
INFO|2024-09-26 23:36:30: Epoch[068/100], iter[118/392], loss_total:0.58813, loss_equ:1.78970 loss_pq_vm:0.00937 loss_pq_va:0.14666 loss_pv_va:0.16882
INFO|2024-09-26 23:37:20: Epoch[068/100], iter[157/392], loss_total:0.54307, loss_equ:1.59191 loss_pq_vm:0.00864 loss_pq_va:0.13663 loss_pv_va:0.16084
INFO|2024-09-26 23:38:10: Epoch[068/100], iter[196/392], loss_total:0.58318, loss_equ:1.78056 loss_pq_vm:0.01208 loss_pq_va:0.13116 loss_pv_va:0.15320
INFO|2024-09-26 23:39:00: Epoch[068/100], iter[235/392], loss_total:0.58738, loss_equ:1.83917 loss_pq_vm:0.01035 loss_pq_va:0.13909 loss_pv_va:0.16088
INFO|2024-09-26 23:39:50: Epoch[068/100], iter[274/392], loss_total:0.55735, loss_equ:1.67781 loss_pq_vm:0.00931 loss_pq_va:0.13779 loss_pv_va:0.15872
INFO|2024-09-26 23:40:40: Epoch[068/100], iter[313/392], loss_total:0.55773, loss_equ:1.61489 loss_pq_vm:0.00981 loss_pq_va:0.13751 loss_pv_va:0.16063
INFO|2024-09-26 23:41:29: Epoch[068/100], iter[352/392], loss_total:0.55046, loss_equ:1.60285 loss_pq_vm:0.01051 loss_pq_va:0.13022 loss_pv_va:0.15486
INFO|2024-09-26 23:42:20: Epoch[068/100], iter[392/392], loss_total:0.55738, loss_equ:1.61950 loss_pq_vm:0.00919 loss_pq_va:0.14059 loss_pv_va:0.16294
INFO|2024-09-26 23:43:57: Epoch 67/100, lr:  0.00023977, eta: 5.32h, train_loss:  0.56603, valid_loss:  0.76208
INFO|2024-09-26 23:43:57: 	Train: PQ_Vm_rmse: 0.00027649  PQ_Va_rmse: 0.00249700  PV_Va_rmse: 0.00283129  delta_p: 0.01475166  delta_q: 0.00321807  
INFO|2024-09-26 23:43:57: 	ZTest: PQ_Vm_rmse: 0.00100459  PQ_Va_rmse: 0.00898536  PV_Va_rmse: 0.00958384  delta_p: 0.01759691  delta_q: 0.00432748  
INFO|2024-09-26 23:43:57: 	ZTest-ema: PQ_Vm_rmse: 0.001019  PQ_Va_rmse: 0.009181  PV_Va_rmse: 0.009805  delta_p: 0.016942  delta_q: 0.004224  
INFO|2024-09-26 23:43:57: 	           ValOfEMA:0.009805/0.009630,  Epoch:68/44
INFO|2024-09-26 23:43:59: 	Time(ep):598s,  Val(curr/best):0.009584/0.009584,  Epoch(curr/best):68/68
INFO|2024-09-26 23:43:59: -------------------- Epoch: 69 --------------------
INFO|2024-09-26 23:44:51: Epoch[069/100], iter[040/392], loss_total:0.53363, loss_equ:1.53779 loss_pq_vm:0.00927 loss_pq_va:0.13309 loss_pv_va:0.15409
INFO|2024-09-26 23:45:41: Epoch[069/100], iter[079/392], loss_total:0.54523, loss_equ:1.57320 loss_pq_vm:0.00936 loss_pq_va:0.13611 loss_pv_va:0.15820
INFO|2024-09-26 23:46:30: Epoch[069/100], iter[118/392], loss_total:0.51853, loss_equ:1.54475 loss_pq_vm:0.00870 loss_pq_va:0.12819 loss_pv_va:0.14883
INFO|2024-09-26 23:47:20: Epoch[069/100], iter[157/392], loss_total:0.55327, loss_equ:1.57163 loss_pq_vm:0.00873 loss_pq_va:0.14279 loss_pv_va:0.16600
INFO|2024-09-26 23:48:10: Epoch[069/100], iter[196/392], loss_total:0.61654, loss_equ:1.64596 loss_pq_vm:0.01063 loss_pq_va:0.16014 loss_pv_va:0.18551
INFO|2024-09-26 23:49:00: Epoch[069/100], iter[235/392], loss_total:0.53957, loss_equ:1.54494 loss_pq_vm:0.00882 loss_pq_va:0.13605 loss_pv_va:0.16079
INFO|2024-09-26 23:49:50: Epoch[069/100], iter[274/392], loss_total:0.51818, loss_equ:1.54253 loss_pq_vm:0.00854 loss_pq_va:0.12812 loss_pv_va:0.15039
INFO|2024-09-26 23:50:40: Epoch[069/100], iter[313/392], loss_total:0.51608, loss_equ:1.52753 loss_pq_vm:0.00843 loss_pq_va:0.12766 loss_pv_va:0.15135
INFO|2024-09-26 23:51:29: Epoch[069/100], iter[352/392], loss_total:0.54000, loss_equ:1.60203 loss_pq_vm:0.00908 loss_pq_va:0.13341 loss_pv_va:0.15561
INFO|2024-09-26 23:52:20: Epoch[069/100], iter[392/392], loss_total:0.56328, loss_equ:1.58103 loss_pq_vm:0.00990 loss_pq_va:0.14152 loss_pv_va:0.16467
INFO|2024-09-26 23:53:58: Epoch 68/100, lr:  0.00022677, eta: 5.16h, train_loss:  0.53836, valid_loss:  0.74758
INFO|2024-09-26 23:53:58: 	Train: PQ_Vm_rmse: 0.00025379  PQ_Va_rmse: 0.00244589  PV_Va_rmse: 0.00270735  delta_p: 0.00822678  delta_q: 0.00233914  
INFO|2024-09-26 23:53:58: 	ZTest: PQ_Vm_rmse: 0.00105457  PQ_Va_rmse: 0.00978509  PV_Va_rmse: 0.01052370  delta_p: 0.01750307  delta_q: 0.00443567  
INFO|2024-09-26 23:53:58: 	ZTest-ema: PQ_Vm_rmse: 0.001105  PQ_Va_rmse: 0.009919  PV_Va_rmse: 0.010608  delta_p: 0.016798  delta_q: 0.004282  
INFO|2024-09-26 23:53:58: 	           ValOfEMA:0.010608/0.009630,  Epoch:69/44
INFO|2024-09-26 23:53:58: 	Time(ep):598s,  Val(curr/best):0.010524/0.009584,  Epoch(curr/best):69/68
INFO|2024-09-26 23:53:58: -------------------- Epoch: 70 --------------------
INFO|2024-09-26 23:54:50: Epoch[070/100], iter[040/392], loss_total:0.54352, loss_equ:1.57174 loss_pq_vm:0.00923 loss_pq_va:0.13563 loss_pv_va:0.15837
INFO|2024-09-26 23:55:40: Epoch[070/100], iter[079/392], loss_total:0.50627, loss_equ:1.46932 loss_pq_vm:0.00802 loss_pq_va:0.12887 loss_pv_va:0.15023
INFO|2024-09-26 23:56:30: Epoch[070/100], iter[118/392], loss_total:0.54030, loss_equ:1.53927 loss_pq_vm:0.00911 loss_pq_va:0.13738 loss_pv_va:0.15789
INFO|2024-09-26 23:57:20: Epoch[070/100], iter[157/392], loss_total:0.56946, loss_equ:1.58299 loss_pq_vm:0.00948 loss_pq_va:0.14735 loss_pv_va:0.16897
INFO|2024-09-26 23:58:10: Epoch[070/100], iter[196/392], loss_total:0.51175, loss_equ:1.51459 loss_pq_vm:0.00824 loss_pq_va:0.12878 loss_pv_va:0.14908
INFO|2024-09-26 23:59:00: Epoch[070/100], iter[235/392], loss_total:0.55287, loss_equ:1.58574 loss_pq_vm:0.00957 loss_pq_va:0.13812 loss_pv_va:0.16044
INFO|2024-09-26 23:59:50: Epoch[070/100], iter[274/392], loss_total:0.51602, loss_equ:1.55548 loss_pq_vm:0.00865 loss_pq_va:0.12615 loss_pv_va:0.14786
INFO|2024-09-27 00:00:40: Epoch[070/100], iter[313/392], loss_total:0.52618, loss_equ:1.56176 loss_pq_vm:0.00866 loss_pq_va:0.13077 loss_pv_va:0.15268
INFO|2024-09-27 00:01:29: Epoch[070/100], iter[352/392], loss_total:0.51826, loss_equ:1.52554 loss_pq_vm:0.00941 loss_pq_va:0.12437 loss_pv_va:0.14728
INFO|2024-09-27 00:02:20: Epoch[070/100], iter[392/392], loss_total:0.53806, loss_equ:1.51586 loss_pq_vm:0.00907 loss_pq_va:0.13694 loss_pv_va:0.15879
INFO|2024-09-27 00:03:58: Epoch 69/100, lr:  0.00021405, eta: 5.0h, train_loss:  0.53480, valid_loss:  0.74126
INFO|2024-09-27 00:03:58: 	Train: PQ_Vm_rmse: 0.00023999  PQ_Va_rmse: 0.00239431  PV_Va_rmse: 0.00266916  delta_p: 0.00752329  delta_q: 0.00227198  
INFO|2024-09-27 00:03:58: 	ZTest: PQ_Vm_rmse: 0.00109119  PQ_Va_rmse: 0.00957426  PV_Va_rmse: 0.01018578  delta_p: 0.01539915  delta_q: 0.00448177  
INFO|2024-09-27 00:03:58: 	ZTest-ema: PQ_Vm_rmse: 0.001133  PQ_Va_rmse: 0.009957  PV_Va_rmse: 0.010533  delta_p: 0.015955  delta_q: 0.004127  
INFO|2024-09-27 00:03:58: 	           ValOfEMA:0.010533/0.009630,  Epoch:70/44
INFO|2024-09-27 00:03:59: 	Time(ep):599s,  Val(curr/best):0.010186/0.009584,  Epoch(curr/best):70/68
INFO|2024-09-27 00:03:59: -------------------- Epoch: 71 --------------------
INFO|2024-09-27 00:04:51: Epoch[071/100], iter[040/392], loss_total:0.51504, loss_equ:1.52489 loss_pq_vm:0.00830 loss_pq_va:0.12957 loss_pv_va:0.15001
INFO|2024-09-27 00:05:41: Epoch[071/100], iter[079/392], loss_total:0.51903, loss_equ:1.51800 loss_pq_vm:0.00837 loss_pq_va:0.13067 loss_pv_va:0.15288
INFO|2024-09-27 00:06:31: Epoch[071/100], iter[118/392], loss_total:0.51580, loss_equ:1.49563 loss_pq_vm:0.00839 loss_pq_va:0.12989 loss_pv_va:0.15244
INFO|2024-09-27 00:07:20: Epoch[071/100], iter[157/392], loss_total:0.50951, loss_equ:1.50534 loss_pq_vm:0.00846 loss_pq_va:0.12609 loss_pv_va:0.14828
INFO|2024-09-27 00:08:10: Epoch[071/100], iter[196/392], loss_total:0.53135, loss_equ:1.56482 loss_pq_vm:0.00908 loss_pq_va:0.13195 loss_pv_va:0.15214
INFO|2024-09-27 00:09:00: Epoch[071/100], iter[235/392], loss_total:0.54371, loss_equ:1.59830 loss_pq_vm:0.00917 loss_pq_va:0.13465 loss_pv_va:0.15757
INFO|2024-09-27 00:09:50: Epoch[071/100], iter[274/392], loss_total:0.52818, loss_equ:1.54685 loss_pq_vm:0.00905 loss_pq_va:0.13077 loss_pv_va:0.15220
INFO|2024-09-27 00:10:39: Epoch[071/100], iter[313/392], loss_total:0.55864, loss_equ:1.58369 loss_pq_vm:0.00940 loss_pq_va:0.14231 loss_pv_va:0.16397
INFO|2024-09-27 00:11:29: Epoch[071/100], iter[352/392], loss_total:0.51594, loss_equ:1.52227 loss_pq_vm:0.00844 loss_pq_va:0.12783 loss_pv_va:0.15152
INFO|2024-09-27 00:12:20: Epoch[071/100], iter[392/392], loss_total:0.52283, loss_equ:1.56917 loss_pq_vm:0.00857 loss_pq_va:0.12933 loss_pv_va:0.15086
INFO|2024-09-27 00:13:57: Epoch 70/100, lr:  0.00020161, eta: 4.82h, train_loss:  0.53765, valid_loss:  0.73872
INFO|2024-09-27 00:13:57: 	Train: PQ_Vm_rmse: 0.00024420  PQ_Va_rmse: 0.00240311  PV_Va_rmse: 0.00267549  delta_p: 0.00807080  delta_q: 0.00232554  
INFO|2024-09-27 00:13:57: 	ZTest: PQ_Vm_rmse: 0.00111125  PQ_Va_rmse: 0.00994644  PV_Va_rmse: 0.01065358  delta_p: 0.01739530  delta_q: 0.00491025  
INFO|2024-09-27 00:13:57: 	ZTest-ema: PQ_Vm_rmse: 0.001069  PQ_Va_rmse: 0.009565  PV_Va_rmse: 0.010167  delta_p: 0.015786  delta_q: 0.004086  
INFO|2024-09-27 00:13:57: 	           ValOfEMA:0.010167/0.009630,  Epoch:71/44
INFO|2024-09-27 00:13:57: 	Time(ep):598s,  Val(curr/best):0.010654/0.009584,  Epoch(curr/best):71/68
INFO|2024-09-27 00:13:57: -------------------- Epoch: 72 --------------------
INFO|2024-09-27 00:14:50: Epoch[072/100], iter[040/392], loss_total:0.51871, loss_equ:1.52310 loss_pq_vm:0.00848 loss_pq_va:0.12969 loss_pv_va:0.15187
INFO|2024-09-27 00:15:39: Epoch[072/100], iter[079/392], loss_total:0.55579, loss_equ:1.54463 loss_pq_vm:0.00943 loss_pq_va:0.14185 loss_pv_va:0.16521
INFO|2024-09-27 00:16:29: Epoch[072/100], iter[118/392], loss_total:0.52366, loss_equ:1.51239 loss_pq_vm:0.00881 loss_pq_va:0.13097 loss_pv_va:0.15338
INFO|2024-09-27 00:17:19: Epoch[072/100], iter[157/392], loss_total:0.52098, loss_equ:1.52585 loss_pq_vm:0.00885 loss_pq_va:0.13037 loss_pv_va:0.14952
INFO|2024-09-27 00:18:09: Epoch[072/100], iter[196/392], loss_total:0.55363, loss_equ:1.61652 loss_pq_vm:0.00995 loss_pq_va:0.13497 loss_pv_va:0.15746
INFO|2024-09-27 00:18:58: Epoch[072/100], iter[235/392], loss_total:0.51309, loss_equ:1.53426 loss_pq_vm:0.00802 loss_pq_va:0.12887 loss_pv_va:0.15055
INFO|2024-09-27 00:19:48: Epoch[072/100], iter[274/392], loss_total:0.54724, loss_equ:1.58372 loss_pq_vm:0.00927 loss_pq_va:0.13526 loss_pv_va:0.16087
INFO|2024-09-27 00:20:38: Epoch[072/100], iter[313/392], loss_total:0.53740, loss_equ:1.54696 loss_pq_vm:0.00859 loss_pq_va:0.13553 loss_pv_va:0.16127
INFO|2024-09-27 00:21:27: Epoch[072/100], iter[352/392], loss_total:0.53992, loss_equ:1.53004 loss_pq_vm:0.00889 loss_pq_va:0.13909 loss_pv_va:0.15893
INFO|2024-09-27 00:22:18: Epoch[072/100], iter[392/392], loss_total:0.54472, loss_equ:1.56224 loss_pq_vm:0.00937 loss_pq_va:0.13523 loss_pv_va:0.15960
INFO|2024-09-27 00:23:56: Epoch 71/100, lr:  0.00018948, eta: 4.65h, train_loss:  0.53398, valid_loss:  0.73707
INFO|2024-09-27 00:23:56: 	Train: PQ_Vm_rmse: 0.00024297  PQ_Va_rmse: 0.00232583  PV_Va_rmse: 0.00261405  delta_p: 0.00850826  delta_q: 0.00232403  
INFO|2024-09-27 00:23:56: 	ZTest: PQ_Vm_rmse: 0.00111495  PQ_Va_rmse: 0.01007144  PV_Va_rmse: 0.01074582  delta_p: 0.01703553  delta_q: 0.00435189  
INFO|2024-09-27 00:23:56: 	ZTest-ema: PQ_Vm_rmse: 0.001114  PQ_Va_rmse: 0.009893  PV_Va_rmse: 0.010616  delta_p: 0.015707  delta_q: 0.004090  
INFO|2024-09-27 00:23:56: 	           ValOfEMA:0.010616/0.009630,  Epoch:72/44
INFO|2024-09-27 00:23:56: 	Time(ep):598s,  Val(curr/best):0.010746/0.009584,  Epoch(curr/best):72/68
INFO|2024-09-27 00:23:56: -------------------- Epoch: 73 --------------------
INFO|2024-09-27 00:24:48: Epoch[073/100], iter[040/392], loss_total:0.53397, loss_equ:1.55533 loss_pq_vm:0.00916 loss_pq_va:0.13284 loss_pv_va:0.15400
INFO|2024-09-27 00:25:38: Epoch[073/100], iter[079/392], loss_total:0.52985, loss_equ:1.54936 loss_pq_vm:0.00916 loss_pq_va:0.13002 loss_pv_va:0.15327
INFO|2024-09-27 00:26:28: Epoch[073/100], iter[118/392], loss_total:0.50836, loss_equ:1.50657 loss_pq_vm:0.00775 loss_pq_va:0.13004 loss_pv_va:0.15020
INFO|2024-09-27 00:27:17: Epoch[073/100], iter[157/392], loss_total:0.52249, loss_equ:1.57882 loss_pq_vm:0.00845 loss_pq_va:0.12844 loss_pv_va:0.15162
INFO|2024-09-27 00:28:07: Epoch[073/100], iter[196/392], loss_total:0.55054, loss_equ:1.56672 loss_pq_vm:0.01114 loss_pq_va:0.13089 loss_pv_va:0.15157
INFO|2024-09-27 00:28:57: Epoch[073/100], iter[235/392], loss_total:0.51885, loss_equ:1.54357 loss_pq_vm:0.00896 loss_pq_va:0.12671 loss_pv_va:0.14818
INFO|2024-09-27 00:29:47: Epoch[073/100], iter[274/392], loss_total:0.53292, loss_equ:1.59657 loss_pq_vm:0.00922 loss_pq_va:0.13057 loss_pv_va:0.15046
INFO|2024-09-27 00:30:37: Epoch[073/100], iter[313/392], loss_total:0.50798, loss_equ:1.48551 loss_pq_vm:0.00849 loss_pq_va:0.12786 loss_pv_va:0.14671
INFO|2024-09-27 00:31:27: Epoch[073/100], iter[352/392], loss_total:0.54754, loss_equ:1.55021 loss_pq_vm:0.00908 loss_pq_va:0.14052 loss_pv_va:0.16122
INFO|2024-09-27 00:32:18: Epoch[073/100], iter[392/392], loss_total:0.51018, loss_equ:1.50739 loss_pq_vm:0.00825 loss_pq_va:0.12770 loss_pv_va:0.14924
INFO|2024-09-27 00:33:55: Epoch 72/100, lr:  0.00017765, eta: 4.49h, train_loss:  0.52547, valid_loss:  0.73283
INFO|2024-09-27 00:33:55: 	Train: PQ_Vm_rmse: 0.00022447  PQ_Va_rmse: 0.00204093  PV_Va_rmse: 0.00228221  delta_p: 0.00769506  delta_q: 0.00216628  
INFO|2024-09-27 00:33:55: 	ZTest: PQ_Vm_rmse: 0.00106205  PQ_Va_rmse: 0.00934096  PV_Va_rmse: 0.00997913  delta_p: 0.01610543  delta_q: 0.00410783  
INFO|2024-09-27 00:33:55: 	ZTest-ema: PQ_Vm_rmse: 0.001054  PQ_Va_rmse: 0.009374  PV_Va_rmse: 0.009999  delta_p: 0.015235  delta_q: 0.003918  
INFO|2024-09-27 00:33:55: 	           ValOfEMA:0.009999/0.009630,  Epoch:73/44
INFO|2024-09-27 00:33:56: 	Time(ep):598s,  Val(curr/best):0.009979/0.009584,  Epoch(curr/best):73/68
INFO|2024-09-27 00:33:56: -------------------- Epoch: 74 --------------------
INFO|2024-09-27 00:34:48: Epoch[074/100], iter[040/392], loss_total:0.52500, loss_equ:1.57968 loss_pq_vm:0.00837 loss_pq_va:0.13068 loss_pv_va:0.15266
INFO|2024-09-27 00:35:38: Epoch[074/100], iter[079/392], loss_total:0.55818, loss_equ:1.60897 loss_pq_vm:0.00892 loss_pq_va:0.14195 loss_pv_va:0.16616
INFO|2024-09-27 00:36:27: Epoch[074/100], iter[118/392], loss_total:0.53116, loss_equ:1.56831 loss_pq_vm:0.00845 loss_pq_va:0.13303 loss_pv_va:0.15681
INFO|2024-09-27 00:37:17: Epoch[074/100], iter[157/392], loss_total:0.52981, loss_equ:1.60298 loss_pq_vm:0.00863 loss_pq_va:0.13009 loss_pv_va:0.15314
INFO|2024-09-27 00:38:07: Epoch[074/100], iter[196/392], loss_total:0.54732, loss_equ:1.60678 loss_pq_vm:0.00903 loss_pq_va:0.13657 loss_pv_va:0.15973
INFO|2024-09-27 00:38:56: Epoch[074/100], iter[235/392], loss_total:0.49671, loss_equ:1.48364 loss_pq_vm:0.00786 loss_pq_va:0.12376 loss_pv_va:0.14599
INFO|2024-09-27 00:39:46: Epoch[074/100], iter[274/392], loss_total:0.52974, loss_equ:1.53208 loss_pq_vm:0.00870 loss_pq_va:0.13311 loss_pv_va:0.15642
INFO|2024-09-27 00:40:36: Epoch[074/100], iter[313/392], loss_total:0.53486, loss_equ:1.55390 loss_pq_vm:0.00858 loss_pq_va:0.13470 loss_pv_va:0.15896
INFO|2024-09-27 00:41:26: Epoch[074/100], iter[352/392], loss_total:0.51132, loss_equ:1.54511 loss_pq_vm:0.00778 loss_pq_va:0.12807 loss_pv_va:0.15092
INFO|2024-09-27 00:42:17: Epoch[074/100], iter[392/392], loss_total:0.49631, loss_equ:1.48310 loss_pq_vm:0.00834 loss_pq_va:0.12176 loss_pv_va:0.14283
INFO|2024-09-27 00:43:54: Epoch 73/100, lr:  0.00016615, eta: 4.32h, train_loss:  0.52505, valid_loss:  0.72393
INFO|2024-09-27 00:43:54: 	Train: PQ_Vm_rmse: 0.00022146  PQ_Va_rmse: 0.00206471  PV_Va_rmse: 0.00232271  delta_p: 0.00903985  delta_q: 0.00217726  
INFO|2024-09-27 00:43:54: 	ZTest: PQ_Vm_rmse: 0.00102800  PQ_Va_rmse: 0.00896057  PV_Va_rmse: 0.00962959  delta_p: 0.01563670  delta_q: 0.00412452  
INFO|2024-09-27 00:43:54: 	ZTest-ema: PQ_Vm_rmse: 0.001064  PQ_Va_rmse: 0.009473  PV_Va_rmse: 0.010160  delta_p: 0.015261  delta_q: 0.003897  
INFO|2024-09-27 00:43:54: 	           ValOfEMA:0.010160/0.009630,  Epoch:74/44
INFO|2024-09-27 00:43:55: 	Time(ep):598s,  Val(curr/best):0.009630/0.009584,  Epoch(curr/best):74/68
INFO|2024-09-27 00:43:55: -------------------- Epoch: 75 --------------------
INFO|2024-09-27 00:44:47: Epoch[075/100], iter[040/392], loss_total:0.55093, loss_equ:1.67712 loss_pq_vm:0.00901 loss_pq_va:0.13484 loss_pv_va:0.15828
INFO|2024-09-27 00:45:37: Epoch[075/100], iter[079/392], loss_total:0.50021, loss_equ:1.52864 loss_pq_vm:0.00810 loss_pq_va:0.12156 loss_pv_va:0.14479
INFO|2024-09-27 00:46:27: Epoch[075/100], iter[118/392], loss_total:0.52370, loss_equ:1.56021 loss_pq_vm:0.00859 loss_pq_va:0.13091 loss_pv_va:0.15086
INFO|2024-09-27 00:47:16: Epoch[075/100], iter[157/392], loss_total:0.51932, loss_equ:1.53385 loss_pq_vm:0.00865 loss_pq_va:0.12864 loss_pv_va:0.15082
INFO|2024-09-27 00:48:06: Epoch[075/100], iter[196/392], loss_total:0.48159, loss_equ:1.46922 loss_pq_vm:0.00770 loss_pq_va:0.11872 loss_pv_va:0.13890
INFO|2024-09-27 00:48:56: Epoch[075/100], iter[235/392], loss_total:0.52251, loss_equ:1.52540 loss_pq_vm:0.00832 loss_pq_va:0.13189 loss_pv_va:0.15487
INFO|2024-09-27 00:49:46: Epoch[075/100], iter[274/392], loss_total:0.51329, loss_equ:1.51267 loss_pq_vm:0.00816 loss_pq_va:0.12812 loss_pv_va:0.15229
INFO|2024-09-27 00:50:36: Epoch[075/100], iter[313/392], loss_total:0.52832, loss_equ:1.48440 loss_pq_vm:0.00996 loss_pq_va:0.12988 loss_pv_va:0.15041
INFO|2024-09-27 00:51:26: Epoch[075/100], iter[352/392], loss_total:0.54808, loss_equ:1.59343 loss_pq_vm:0.00921 loss_pq_va:0.13636 loss_pv_va:0.16030
INFO|2024-09-27 00:52:17: Epoch[075/100], iter[392/392], loss_total:0.58102, loss_equ:1.68869 loss_pq_vm:0.00949 loss_pq_va:0.14593 loss_pv_va:0.17134
INFO|2024-09-27 00:53:54: Epoch 74/100, lr:  0.00015498, eta: 4.16h, train_loss:  0.52387, valid_loss:  0.75632
INFO|2024-09-27 00:53:54: 	Train: PQ_Vm_rmse: 0.00022227  PQ_Va_rmse: 0.00209869  PV_Va_rmse: 0.00234184  delta_p: 0.00758910  delta_q: 0.00211216  
INFO|2024-09-27 00:53:54: 	ZTest: PQ_Vm_rmse: 0.00110008  PQ_Va_rmse: 0.00973361  PV_Va_rmse: 0.01051122  delta_p: 0.01812896  delta_q: 0.00458684  
INFO|2024-09-27 00:53:54: 	ZTest-ema: PQ_Vm_rmse: 0.001071  PQ_Va_rmse: 0.009607  PV_Va_rmse: 0.010222  delta_p: 0.016002  delta_q: 0.004143  
INFO|2024-09-27 00:53:54: 	           ValOfEMA:0.010222/0.009630,  Epoch:75/44
INFO|2024-09-27 00:53:54: 	Time(ep):598s,  Val(curr/best):0.010511/0.009584,  Epoch(curr/best):75/68
INFO|2024-09-27 00:53:54: -------------------- Epoch: 76 --------------------
INFO|2024-09-27 00:54:46: Epoch[076/100], iter[040/392], loss_total:0.51575, loss_equ:1.56383 loss_pq_vm:0.00865 loss_pq_va:0.12672 loss_pv_va:0.14612
INFO|2024-09-27 00:55:36: Epoch[076/100], iter[079/392], loss_total:0.51259, loss_equ:1.49492 loss_pq_vm:0.00879 loss_pq_va:0.12691 loss_pv_va:0.14833
INFO|2024-09-27 00:56:26: Epoch[076/100], iter[118/392], loss_total:0.49064, loss_equ:1.47174 loss_pq_vm:0.00783 loss_pq_va:0.12245 loss_pv_va:0.14275
INFO|2024-09-27 00:57:16: Epoch[076/100], iter[157/392], loss_total:0.52101, loss_equ:1.54101 loss_pq_vm:0.00853 loss_pq_va:0.12929 loss_pv_va:0.15229
INFO|2024-09-27 00:58:06: Epoch[076/100], iter[196/392], loss_total:0.49680, loss_equ:1.49204 loss_pq_vm:0.00796 loss_pq_va:0.12338 loss_pv_va:0.14461
INFO|2024-09-27 00:58:55: Epoch[076/100], iter[235/392], loss_total:0.53731, loss_equ:1.54729 loss_pq_vm:0.00897 loss_pq_va:0.13513 loss_pv_va:0.15776
INFO|2024-09-27 00:59:45: Epoch[076/100], iter[274/392], loss_total:0.56140, loss_equ:1.57142 loss_pq_vm:0.00906 loss_pq_va:0.14586 loss_pv_va:0.16776
INFO|2024-09-27 01:00:35: Epoch[076/100], iter[313/392], loss_total:0.50292, loss_equ:1.51856 loss_pq_vm:0.00807 loss_pq_va:0.12268 loss_pv_va:0.14772
INFO|2024-09-27 01:01:25: Epoch[076/100], iter[352/392], loss_total:0.50128, loss_equ:1.50427 loss_pq_vm:0.00821 loss_pq_va:0.12419 loss_pv_va:0.14455
INFO|2024-09-27 01:02:16: Epoch[076/100], iter[392/392], loss_total:0.51266, loss_equ:1.50322 loss_pq_vm:0.00867 loss_pq_va:0.12685 loss_pv_va:0.14882
INFO|2024-09-27 01:03:54: Epoch 75/100, lr:  0.00014416, eta: 4.0h, train_loss:  0.51694, valid_loss:  0.72914
INFO|2024-09-27 01:03:54: 	Train: PQ_Vm_rmse: 0.00021664  PQ_Va_rmse: 0.00191962  PV_Va_rmse: 0.00215098  delta_p: 0.00738271  delta_q: 0.00209473  
INFO|2024-09-27 01:03:54: 	ZTest: PQ_Vm_rmse: 0.00103046  PQ_Va_rmse: 0.00950505  PV_Va_rmse: 0.01015117  delta_p: 0.01519541  delta_q: 0.00395973  
INFO|2024-09-27 01:03:54: 	ZTest-ema: PQ_Vm_rmse: 0.000918  PQ_Va_rmse: 0.008619  PV_Va_rmse: 0.009222  delta_p: 0.014576  delta_q: 0.003735  
INFO|2024-09-27 01:03:54: 	           ValOfEMA:0.009222/0.009222,  Epoch:76/76
INFO|2024-09-27 01:03:54: 	Time(ep):599s,  Val(curr/best):0.010151/0.009584,  Epoch(curr/best):76/68
INFO|2024-09-27 01:03:54: -------------------- Epoch: 77 --------------------
INFO|2024-09-27 01:04:47: Epoch[077/100], iter[040/392], loss_total:0.52305, loss_equ:1.53458 loss_pq_vm:0.00843 loss_pq_va:0.13081 loss_pv_va:0.15449
INFO|2024-09-27 01:05:37: Epoch[077/100], iter[079/392], loss_total:0.49201, loss_equ:1.48081 loss_pq_vm:0.00811 loss_pq_va:0.12038 loss_pv_va:0.14244
INFO|2024-09-27 01:06:26: Epoch[077/100], iter[118/392], loss_total:0.50190, loss_equ:1.49212 loss_pq_vm:0.00839 loss_pq_va:0.12379 loss_pv_va:0.14496
INFO|2024-09-27 01:07:16: Epoch[077/100], iter[157/392], loss_total:0.52702, loss_equ:1.55538 loss_pq_vm:0.00878 loss_pq_va:0.13066 loss_pv_va:0.15307
INFO|2024-09-27 01:08:05: Epoch[077/100], iter[196/392], loss_total:0.51437, loss_equ:1.54676 loss_pq_vm:0.00841 loss_pq_va:0.12617 loss_pv_va:0.14947
INFO|2024-09-27 01:08:55: Epoch[077/100], iter[235/392], loss_total:0.51849, loss_equ:1.54557 loss_pq_vm:0.00894 loss_pq_va:0.12571 loss_pv_va:0.14883
INFO|2024-09-27 01:09:45: Epoch[077/100], iter[274/392], loss_total:0.52108, loss_equ:1.54490 loss_pq_vm:0.00842 loss_pq_va:0.13057 loss_pv_va:0.15186
INFO|2024-09-27 01:10:34: Epoch[077/100], iter[313/392], loss_total:0.51804, loss_equ:1.54093 loss_pq_vm:0.00848 loss_pq_va:0.12796 loss_pv_va:0.15122
INFO|2024-09-27 01:11:24: Epoch[077/100], iter[352/392], loss_total:0.53543, loss_equ:1.58803 loss_pq_vm:0.00921 loss_pq_va:0.13095 loss_pv_va:0.15354
INFO|2024-09-27 01:12:15: Epoch[077/100], iter[392/392], loss_total:0.52534, loss_equ:1.54064 loss_pq_vm:0.00846 loss_pq_va:0.13162 loss_pv_va:0.15503
INFO|2024-09-27 01:13:53: Epoch 76/100, lr:  0.00013370, eta: 3.82h, train_loss:  0.51484, valid_loss:  0.74954
INFO|2024-09-27 01:13:53: 	Train: PQ_Vm_rmse: 0.00022722  PQ_Va_rmse: 0.00210090  PV_Va_rmse: 0.00240778  delta_p: 0.00823225  delta_q: 0.00197721  
INFO|2024-09-27 01:13:53: 	ZTest: PQ_Vm_rmse: 0.00111262  PQ_Va_rmse: 0.01039148  PV_Va_rmse: 0.01125834  delta_p: 0.01914835  delta_q: 0.00433895  
INFO|2024-09-27 01:13:53: 	ZTest-ema: PQ_Vm_rmse: 0.001055  PQ_Va_rmse: 0.009393  PV_Va_rmse: 0.010056  delta_p: 0.017826  delta_q: 0.004053  
INFO|2024-09-27 01:13:53: 	           ValOfEMA:0.010056/0.009222,  Epoch:77/76
INFO|2024-09-27 01:13:53: 	Time(ep):598s,  Val(curr/best):0.011258/0.009584,  Epoch(curr/best):77/68
INFO|2024-09-27 01:13:53: -------------------- Epoch: 78 --------------------
INFO|2024-09-27 01:14:46: Epoch[078/100], iter[040/392], loss_total:0.52541, loss_equ:1.53371 loss_pq_vm:0.00846 loss_pq_va:0.13279 loss_pv_va:0.15463
INFO|2024-09-27 01:15:35: Epoch[078/100], iter[079/392], loss_total:0.50236, loss_equ:1.52264 loss_pq_vm:0.00843 loss_pq_va:0.12163 loss_pv_va:0.14414
INFO|2024-09-27 01:16:25: Epoch[078/100], iter[118/392], loss_total:0.50161, loss_equ:1.51629 loss_pq_vm:0.00820 loss_pq_va:0.12367 loss_pv_va:0.14426
INFO|2024-09-27 01:17:15: Epoch[078/100], iter[157/392], loss_total:0.48731, loss_equ:1.48846 loss_pq_vm:0.00817 loss_pq_va:0.11743 loss_pv_va:0.13930
INFO|2024-09-27 01:18:04: Epoch[078/100], iter[196/392], loss_total:0.51715, loss_equ:1.51067 loss_pq_vm:0.00874 loss_pq_va:0.12898 loss_pv_va:0.14972
INFO|2024-09-27 01:18:54: Epoch[078/100], iter[235/392], loss_total:0.48628, loss_equ:1.46395 loss_pq_vm:0.00831 loss_pq_va:0.11765 loss_pv_va:0.13913
INFO|2024-09-27 01:19:44: Epoch[078/100], iter[274/392], loss_total:0.54486, loss_equ:1.52216 loss_pq_vm:0.00914 loss_pq_va:0.13929 loss_pv_va:0.16193
INFO|2024-09-27 01:20:34: Epoch[078/100], iter[313/392], loss_total:0.51514, loss_equ:1.54157 loss_pq_vm:0.00848 loss_pq_va:0.12714 loss_pv_va:0.14904
INFO|2024-09-27 01:21:24: Epoch[078/100], iter[352/392], loss_total:0.47996, loss_equ:1.47606 loss_pq_vm:0.00784 loss_pq_va:0.11655 loss_pv_va:0.13743
INFO|2024-09-27 01:22:15: Epoch[078/100], iter[392/392], loss_total:0.51106, loss_equ:1.52730 loss_pq_vm:0.00817 loss_pq_va:0.12696 loss_pv_va:0.14969
INFO|2024-09-27 01:23:52: Epoch 77/100, lr:  0.00012360, eta: 3.66h, train_loss:  0.50904, valid_loss:  0.72415
INFO|2024-09-27 01:23:52: 	Train: PQ_Vm_rmse: 0.00019593  PQ_Va_rmse: 0.00183574  PV_Va_rmse: 0.00207377  delta_p: 0.00725824  delta_q: 0.00183402  
INFO|2024-09-27 01:23:52: 	ZTest: PQ_Vm_rmse: 0.00106280  PQ_Va_rmse: 0.00980985  PV_Va_rmse: 0.01049379  delta_p: 0.01432552  delta_q: 0.00369858  
INFO|2024-09-27 01:23:52: 	ZTest-ema: PQ_Vm_rmse: 0.001083  PQ_Va_rmse: 0.009748  PV_Va_rmse: 0.010410  delta_p: 0.014599  delta_q: 0.003742  
INFO|2024-09-27 01:23:52: 	           ValOfEMA:0.010410/0.009222,  Epoch:78/76
INFO|2024-09-27 01:23:53: 	Time(ep):598s,  Val(curr/best):0.010494/0.009584,  Epoch(curr/best):78/68
INFO|2024-09-27 01:23:53: -------------------- Epoch: 79 --------------------
INFO|2024-09-27 01:24:45: Epoch[079/100], iter[040/392], loss_total:0.50815, loss_equ:1.49682 loss_pq_vm:0.00845 loss_pq_va:0.12577 loss_pv_va:0.14820
INFO|2024-09-27 01:25:35: Epoch[079/100], iter[079/392], loss_total:0.48512, loss_equ:1.50751 loss_pq_vm:0.00755 loss_pq_va:0.11824 loss_pv_va:0.14065
INFO|2024-09-27 01:26:24: Epoch[079/100], iter[118/392], loss_total:0.47987, loss_equ:1.46873 loss_pq_vm:0.00751 loss_pq_va:0.11833 loss_pv_va:0.13953
INFO|2024-09-27 01:27:14: Epoch[079/100], iter[157/392], loss_total:0.49943, loss_equ:1.53465 loss_pq_vm:0.00805 loss_pq_va:0.12175 loss_pv_va:0.14372
INFO|2024-09-27 01:28:04: Epoch[079/100], iter[196/392], loss_total:0.52654, loss_equ:1.53148 loss_pq_vm:0.00863 loss_pq_va:0.13223 loss_pv_va:0.15485
INFO|2024-09-27 01:28:54: Epoch[079/100], iter[235/392], loss_total:0.51807, loss_equ:1.51040 loss_pq_vm:0.00832 loss_pq_va:0.13055 loss_pv_va:0.15331
INFO|2024-09-27 01:29:44: Epoch[079/100], iter[274/392], loss_total:0.55142, loss_equ:1.59929 loss_pq_vm:0.00925 loss_pq_va:0.13719 loss_pv_va:0.16175
INFO|2024-09-27 01:30:33: Epoch[079/100], iter[313/392], loss_total:0.50613, loss_equ:1.51562 loss_pq_vm:0.00807 loss_pq_va:0.12613 loss_pv_va:0.14776
INFO|2024-09-27 01:31:23: Epoch[079/100], iter[352/392], loss_total:0.48797, loss_equ:1.49563 loss_pq_vm:0.00776 loss_pq_va:0.11988 loss_pv_va:0.14088
INFO|2024-09-27 01:32:14: Epoch[079/100], iter[392/392], loss_total:0.51495, loss_equ:1.52007 loss_pq_vm:0.00839 loss_pq_va:0.12883 loss_pv_va:0.15020
INFO|2024-09-27 01:33:51: Epoch 78/100, lr:  0.00011387, eta: 3.49h, train_loss:  0.50415, valid_loss:  0.72163
INFO|2024-09-27 01:33:51: 	Train: PQ_Vm_rmse: 0.00018561  PQ_Va_rmse: 0.00169301  PV_Va_rmse: 0.00188833  delta_p: 0.00582328  delta_q: 0.00167663  
INFO|2024-09-27 01:33:51: 	ZTest: PQ_Vm_rmse: 0.00109944  PQ_Va_rmse: 0.00976355  PV_Va_rmse: 0.01038513  delta_p: 0.01474446  delta_q: 0.00377463  
INFO|2024-09-27 01:33:51: 	ZTest-ema: PQ_Vm_rmse: 0.001069  PQ_Va_rmse: 0.009772  PV_Va_rmse: 0.010399  delta_p: 0.014598  delta_q: 0.003721  
INFO|2024-09-27 01:33:51: 	           ValOfEMA:0.010399/0.009222,  Epoch:79/76
INFO|2024-09-27 01:33:51: 	Time(ep):598s,  Val(curr/best):0.010385/0.009584,  Epoch(curr/best):79/68
INFO|2024-09-27 01:33:51: -------------------- Epoch: 80 --------------------
INFO|2024-09-27 01:34:44: Epoch[080/100], iter[040/392], loss_total:0.49340, loss_equ:1.49360 loss_pq_vm:0.00783 loss_pq_va:0.12278 loss_pv_va:0.14300
INFO|2024-09-27 01:35:33: Epoch[080/100], iter[079/392], loss_total:0.47722, loss_equ:1.47422 loss_pq_vm:0.00732 loss_pq_va:0.11714 loss_pv_va:0.13950
INFO|2024-09-27 01:36:23: Epoch[080/100], iter[118/392], loss_total:0.54378, loss_equ:1.57899 loss_pq_vm:0.00894 loss_pq_va:0.13629 loss_pv_va:0.16015
INFO|2024-09-27 01:37:13: Epoch[080/100], iter[157/392], loss_total:0.50239, loss_equ:1.53077 loss_pq_vm:0.00815 loss_pq_va:0.12182 loss_pv_va:0.14601
INFO|2024-09-27 01:38:03: Epoch[080/100], iter[196/392], loss_total:0.50828, loss_equ:1.52565 loss_pq_vm:0.00841 loss_pq_va:0.12533 loss_pv_va:0.14633
INFO|2024-09-27 01:38:53: Epoch[080/100], iter[235/392], loss_total:0.50364, loss_equ:1.52653 loss_pq_vm:0.00811 loss_pq_va:0.12445 loss_pv_va:0.14547
INFO|2024-09-27 01:39:42: Epoch[080/100], iter[274/392], loss_total:0.50480, loss_equ:1.49738 loss_pq_vm:0.00824 loss_pq_va:0.12589 loss_pv_va:0.14676
INFO|2024-09-27 01:40:32: Epoch[080/100], iter[313/392], loss_total:0.51515, loss_equ:1.53620 loss_pq_vm:0.00820 loss_pq_va:0.12765 loss_pv_va:0.15191
INFO|2024-09-27 01:41:22: Epoch[080/100], iter[352/392], loss_total:0.50961, loss_equ:1.50435 loss_pq_vm:0.00840 loss_pq_va:0.12685 loss_pv_va:0.14832
INFO|2024-09-27 01:42:13: Epoch[080/100], iter[392/392], loss_total:0.48424, loss_equ:1.49973 loss_pq_vm:0.00779 loss_pq_va:0.11771 loss_pv_va:0.13867
INFO|2024-09-27 01:43:51: Epoch 79/100, lr:  0.00010454, eta: 3.33h, train_loss:  0.50320, valid_loss:  0.71708
INFO|2024-09-27 01:43:51: 	Train: PQ_Vm_rmse: 0.00018630  PQ_Va_rmse: 0.00168406  PV_Va_rmse: 0.00189968  delta_p: 0.00662506  delta_q: 0.00168906  
INFO|2024-09-27 01:43:51: 	ZTest: PQ_Vm_rmse: 0.00105073  PQ_Va_rmse: 0.00972393  PV_Va_rmse: 0.01032165  delta_p: 0.01499213  delta_q: 0.00382938  
INFO|2024-09-27 01:43:51: 	ZTest-ema: PQ_Vm_rmse: 0.001072  PQ_Va_rmse: 0.009832  PV_Va_rmse: 0.010486  delta_p: 0.014787  delta_q: 0.003745  
INFO|2024-09-27 01:43:51: 	           ValOfEMA:0.010486/0.009222,  Epoch:80/76
INFO|2024-09-27 01:43:52: 	Time(ep):599s,  Val(curr/best):0.010322/0.009584,  Epoch(curr/best):80/68
INFO|2024-09-27 01:43:52: -------------------- Epoch: 81 --------------------
INFO|2024-09-27 01:44:43: Epoch[081/100], iter[040/392], loss_total:0.50325, loss_equ:1.51811 loss_pq_vm:0.00791 loss_pq_va:0.12404 loss_pv_va:0.14834
INFO|2024-09-27 01:45:33: Epoch[081/100], iter[079/392], loss_total:0.49267, loss_equ:1.47959 loss_pq_vm:0.00799 loss_pq_va:0.12193 loss_pv_va:0.14293
INFO|2024-09-27 01:46:23: Epoch[081/100], iter[118/392], loss_total:0.47968, loss_equ:1.47647 loss_pq_vm:0.00769 loss_pq_va:0.11693 loss_pv_va:0.13816
INFO|2024-09-27 01:47:13: Epoch[081/100], iter[157/392], loss_total:0.52439, loss_equ:1.52759 loss_pq_vm:0.00837 loss_pq_va:0.13370 loss_pv_va:0.15425
INFO|2024-09-27 01:48:03: Epoch[081/100], iter[196/392], loss_total:0.49837, loss_equ:1.49809 loss_pq_vm:0.00771 loss_pq_va:0.12458 loss_pv_va:0.14687
INFO|2024-09-27 01:48:52: Epoch[081/100], iter[235/392], loss_total:0.49587, loss_equ:1.49642 loss_pq_vm:0.00822 loss_pq_va:0.12241 loss_pv_va:0.14165
INFO|2024-09-27 01:49:42: Epoch[081/100], iter[274/392], loss_total:0.50502, loss_equ:1.53258 loss_pq_vm:0.00784 loss_pq_va:0.12611 loss_pv_va:0.14727
INFO|2024-09-27 01:50:32: Epoch[081/100], iter[313/392], loss_total:0.50391, loss_equ:1.52994 loss_pq_vm:0.00821 loss_pq_va:0.12257 loss_pv_va:0.14620
INFO|2024-09-27 01:51:22: Epoch[081/100], iter[352/392], loss_total:0.49587, loss_equ:1.47234 loss_pq_vm:0.00818 loss_pq_va:0.12265 loss_pv_va:0.14419
INFO|2024-09-27 01:52:13: Epoch[081/100], iter[392/392], loss_total:0.49985, loss_equ:1.51354 loss_pq_vm:0.00779 loss_pq_va:0.12346 loss_pv_va:0.14710
INFO|2024-09-27 01:53:50: Epoch 80/100, lr:  0.00009560, eta: 3.16h, train_loss:  0.50010, valid_loss:  0.72171
INFO|2024-09-27 01:53:50: 	Train: PQ_Vm_rmse: 0.00018321  PQ_Va_rmse: 0.00163248  PV_Va_rmse: 0.00182266  delta_p: 0.00611966  delta_q: 0.00163856  
INFO|2024-09-27 01:53:50: 	ZTest: PQ_Vm_rmse: 0.00105528  PQ_Va_rmse: 0.00946613  PV_Va_rmse: 0.01015058  delta_p: 0.01442749  delta_q: 0.00379742  
INFO|2024-09-27 01:53:50: 	ZTest-ema: PQ_Vm_rmse: 0.001071  PQ_Va_rmse: 0.009747  PV_Va_rmse: 0.010423  delta_p: 0.014681  delta_q: 0.003692  
INFO|2024-09-27 01:53:50: 	           ValOfEMA:0.010423/0.009222,  Epoch:81/76
INFO|2024-09-27 01:53:51: 	Time(ep):598s,  Val(curr/best):0.010151/0.009584,  Epoch(curr/best):81/68
INFO|2024-09-27 01:53:51: -------------------- Epoch: 82 --------------------
INFO|2024-09-27 01:54:43: Epoch[082/100], iter[040/392], loss_total:0.52085, loss_equ:1.54091 loss_pq_vm:0.00835 loss_pq_va:0.12977 loss_pv_va:0.15352
INFO|2024-09-27 01:55:32: Epoch[082/100], iter[079/392], loss_total:0.50711, loss_equ:1.51644 loss_pq_vm:0.00810 loss_pq_va:0.12541 loss_pv_va:0.14902
INFO|2024-09-27 01:56:22: Epoch[082/100], iter[118/392], loss_total:0.48873, loss_equ:1.52058 loss_pq_vm:0.00789 loss_pq_va:0.11784 loss_pv_va:0.13997
INFO|2024-09-27 01:57:12: Epoch[082/100], iter[157/392], loss_total:0.49201, loss_equ:1.47960 loss_pq_vm:0.00795 loss_pq_va:0.12105 loss_pv_va:0.14354
INFO|2024-09-27 01:58:01: Epoch[082/100], iter[196/392], loss_total:0.47994, loss_equ:1.47946 loss_pq_vm:0.00797 loss_pq_va:0.11558 loss_pv_va:0.13676
INFO|2024-09-27 01:58:51: Epoch[082/100], iter[235/392], loss_total:0.49255, loss_equ:1.45520 loss_pq_vm:0.00809 loss_pq_va:0.12227 loss_pv_va:0.14384
INFO|2024-09-27 01:59:41: Epoch[082/100], iter[274/392], loss_total:0.49292, loss_equ:1.51694 loss_pq_vm:0.00794 loss_pq_va:0.11932 loss_pv_va:0.14247
INFO|2024-09-27 02:00:31: Epoch[082/100], iter[313/392], loss_total:0.48795, loss_equ:1.50426 loss_pq_vm:0.00742 loss_pq_va:0.11965 loss_pv_va:0.14364
INFO|2024-09-27 02:01:20: Epoch[082/100], iter[352/392], loss_total:0.51019, loss_equ:1.51216 loss_pq_vm:0.00846 loss_pq_va:0.12685 loss_pv_va:0.14750
INFO|2024-09-27 02:02:11: Epoch[082/100], iter[392/392], loss_total:0.48544, loss_equ:1.46405 loss_pq_vm:0.00788 loss_pq_va:0.11953 loss_pv_va:0.14075
INFO|2024-09-27 02:03:49: Epoch 81/100, lr:  0.00008706, eta: 2.99h, train_loss:  0.49871, valid_loss:  0.72342
INFO|2024-09-27 02:03:49: 	Train: PQ_Vm_rmse: 0.00017938  PQ_Va_rmse: 0.00162005  PV_Va_rmse: 0.00183384  delta_p: 0.00668053  delta_q: 0.00163667  
INFO|2024-09-27 02:03:49: 	ZTest: PQ_Vm_rmse: 0.00107260  PQ_Va_rmse: 0.00983420  PV_Va_rmse: 0.01054745  delta_p: 0.01499084  delta_q: 0.00371892  
INFO|2024-09-27 02:03:49: 	ZTest-ema: PQ_Vm_rmse: 0.001062  PQ_Va_rmse: 0.009761  PV_Va_rmse: 0.010456  delta_p: 0.014534  delta_q: 0.003629  
INFO|2024-09-27 02:03:49: 	           ValOfEMA:0.010456/0.009222,  Epoch:82/76
INFO|2024-09-27 02:03:49: 	Time(ep):598s,  Val(curr/best):0.010547/0.009584,  Epoch(curr/best):82/68
INFO|2024-09-27 02:03:49: -------------------- Epoch: 83 --------------------
INFO|2024-09-27 02:04:41: Epoch[083/100], iter[040/392], loss_total:0.48780, loss_equ:1.50171 loss_pq_vm:0.00783 loss_pq_va:0.11910 loss_pv_va:0.14028
INFO|2024-09-27 02:05:31: Epoch[083/100], iter[079/392], loss_total:0.50743, loss_equ:1.53564 loss_pq_vm:0.00832 loss_pq_va:0.12352 loss_pv_va:0.14713
INFO|2024-09-27 02:06:21: Epoch[083/100], iter[118/392], loss_total:0.50282, loss_equ:1.52698 loss_pq_vm:0.00807 loss_pq_va:0.12415 loss_pv_va:0.14524
INFO|2024-09-27 02:07:11: Epoch[083/100], iter[157/392], loss_total:0.53002, loss_equ:1.55771 loss_pq_vm:0.00879 loss_pq_va:0.13212 loss_pv_va:0.15420
INFO|2024-09-27 02:08:01: Epoch[083/100], iter[196/392], loss_total:0.48853, loss_equ:1.46736 loss_pq_vm:0.00763 loss_pq_va:0.12193 loss_pv_va:0.14361
INFO|2024-09-27 02:08:51: Epoch[083/100], iter[235/392], loss_total:0.50806, loss_equ:1.51283 loss_pq_vm:0.00837 loss_pq_va:0.12564 loss_pv_va:0.14740
INFO|2024-09-27 02:09:41: Epoch[083/100], iter[274/392], loss_total:0.50727, loss_equ:1.51682 loss_pq_vm:0.00792 loss_pq_va:0.12644 loss_pv_va:0.14995
INFO|2024-09-27 02:10:31: Epoch[083/100], iter[313/392], loss_total:0.52110, loss_equ:1.55032 loss_pq_vm:0.00848 loss_pq_va:0.13004 loss_pv_va:0.15119
INFO|2024-09-27 02:11:21: Epoch[083/100], iter[352/392], loss_total:0.48710, loss_equ:1.49422 loss_pq_vm:0.00756 loss_pq_va:0.12068 loss_pv_va:0.14136
INFO|2024-09-27 02:12:12: Epoch[083/100], iter[392/392], loss_total:0.50058, loss_equ:1.51918 loss_pq_vm:0.00789 loss_pq_va:0.12365 loss_pv_va:0.14609
INFO|2024-09-27 02:13:49: Epoch 82/100, lr:  0.00007893, eta: 2.83h, train_loss:  0.49600, valid_loss:  0.72273
INFO|2024-09-27 02:13:49: 	Train: PQ_Vm_rmse: 0.00017281  PQ_Va_rmse: 0.00153745  PV_Va_rmse: 0.00171820  delta_p: 0.00578314  delta_q: 0.00155236  
INFO|2024-09-27 02:13:49: 	ZTest: PQ_Vm_rmse: 0.00107813  PQ_Va_rmse: 0.00994401  PV_Va_rmse: 0.01060672  delta_p: 0.01493805  delta_q: 0.00375122  
INFO|2024-09-27 02:13:49: 	ZTest-ema: PQ_Vm_rmse: 0.001037  PQ_Va_rmse: 0.009677  PV_Va_rmse: 0.010345  delta_p: 0.014762  delta_q: 0.003709  
INFO|2024-09-27 02:13:49: 	           ValOfEMA:0.010345/0.009222,  Epoch:83/76
INFO|2024-09-27 02:13:49: 	Time(ep):599s,  Val(curr/best):0.010607/0.009584,  Epoch(curr/best):83/68
INFO|2024-09-27 02:13:49: -------------------- Epoch: 84 --------------------
INFO|2024-09-27 02:14:42: Epoch[084/100], iter[040/392], loss_total:0.49812, loss_equ:1.50031 loss_pq_vm:0.00786 loss_pq_va:0.12436 loss_pv_va:0.14517
INFO|2024-09-27 02:15:31: Epoch[084/100], iter[079/392], loss_total:0.47696, loss_equ:1.50517 loss_pq_vm:0.00751 loss_pq_va:0.11462 loss_pv_va:0.13675
INFO|2024-09-27 02:16:21: Epoch[084/100], iter[118/392], loss_total:0.50083, loss_equ:1.53374 loss_pq_vm:0.00781 loss_pq_va:0.12302 loss_pv_va:0.14638
INFO|2024-09-27 02:17:11: Epoch[084/100], iter[157/392], loss_total:0.48888, loss_equ:1.47820 loss_pq_vm:0.00794 loss_pq_va:0.11994 loss_pv_va:0.14177
INFO|2024-09-27 02:18:01: Epoch[084/100], iter[196/392], loss_total:0.49227, loss_equ:1.50993 loss_pq_vm:0.00779 loss_pq_va:0.11961 loss_pv_va:0.14373
INFO|2024-09-27 02:18:50: Epoch[084/100], iter[235/392], loss_total:0.50357, loss_equ:1.51597 loss_pq_vm:0.00863 loss_pq_va:0.12273 loss_pv_va:0.14292
INFO|2024-09-27 02:19:40: Epoch[084/100], iter[274/392], loss_total:0.46180, loss_equ:1.44229 loss_pq_vm:0.00719 loss_pq_va:0.11234 loss_pv_va:0.13338
INFO|2024-09-27 02:20:29: Epoch[084/100], iter[313/392], loss_total:0.50951, loss_equ:1.50760 loss_pq_vm:0.00821 loss_pq_va:0.12719 loss_pv_va:0.14950
INFO|2024-09-27 02:21:19: Epoch[084/100], iter[352/392], loss_total:0.50295, loss_equ:1.48269 loss_pq_vm:0.00828 loss_pq_va:0.12481 loss_pv_va:0.14707
INFO|2024-09-27 02:22:09: Epoch[084/100], iter[392/392], loss_total:0.47780, loss_equ:1.48661 loss_pq_vm:0.00759 loss_pq_va:0.11552 loss_pv_va:0.13775
INFO|2024-09-27 02:23:47: Epoch 83/100, lr:  0.00007123, eta: 2.66h, train_loss:  0.49386, valid_loss:  0.71597
INFO|2024-09-27 02:23:47: 	Train: PQ_Vm_rmse: 0.00017483  PQ_Va_rmse: 0.00156176  PV_Va_rmse: 0.00174327  delta_p: 0.00564737  delta_q: 0.00153319  
INFO|2024-09-27 02:23:47: 	ZTest: PQ_Vm_rmse: 0.00103833  PQ_Va_rmse: 0.00972385  PV_Va_rmse: 0.01035994  delta_p: 0.01496055  delta_q: 0.00377964  
INFO|2024-09-27 02:23:47: 	ZTest-ema: PQ_Vm_rmse: 0.001041  PQ_Va_rmse: 0.009576  PV_Va_rmse: 0.010222  delta_p: 0.014500  delta_q: 0.003625  
INFO|2024-09-27 02:23:47: 	           ValOfEMA:0.010222/0.009222,  Epoch:84/76
INFO|2024-09-27 02:23:48: 	Time(ep):597s,  Val(curr/best):0.010360/0.009584,  Epoch(curr/best):84/68
INFO|2024-09-27 02:23:48: -------------------- Epoch: 85 --------------------
INFO|2024-09-27 02:24:40: Epoch[085/100], iter[040/392], loss_total:0.50622, loss_equ:1.52057 loss_pq_vm:0.00806 loss_pq_va:0.12525 loss_pv_va:0.14833
INFO|2024-09-27 02:25:30: Epoch[085/100], iter[079/392], loss_total:0.49187, loss_equ:1.49138 loss_pq_vm:0.00802 loss_pq_va:0.12078 loss_pv_va:0.14180
INFO|2024-09-27 02:26:19: Epoch[085/100], iter[118/392], loss_total:0.46566, loss_equ:1.46713 loss_pq_vm:0.00719 loss_pq_va:0.11292 loss_pv_va:0.13410
INFO|2024-09-27 02:27:09: Epoch[085/100], iter[157/392], loss_total:0.45923, loss_equ:1.43580 loss_pq_vm:0.00701 loss_pq_va:0.11264 loss_pv_va:0.13294
INFO|2024-09-27 02:27:59: Epoch[085/100], iter[196/392], loss_total:0.49173, loss_equ:1.50239 loss_pq_vm:0.00814 loss_pq_va:0.11893 loss_pv_va:0.14119
INFO|2024-09-27 02:28:49: Epoch[085/100], iter[235/392], loss_total:0.50049, loss_equ:1.53076 loss_pq_vm:0.00828 loss_pq_va:0.12096 loss_pv_va:0.14369
INFO|2024-09-27 02:29:39: Epoch[085/100], iter[274/392], loss_total:0.48478, loss_equ:1.49637 loss_pq_vm:0.00746 loss_pq_va:0.11921 loss_pv_va:0.14128
INFO|2024-09-27 02:30:28: Epoch[085/100], iter[313/392], loss_total:0.47985, loss_equ:1.48655 loss_pq_vm:0.00755 loss_pq_va:0.11683 loss_pv_va:0.13891
INFO|2024-09-27 02:31:18: Epoch[085/100], iter[352/392], loss_total:0.47792, loss_equ:1.47708 loss_pq_vm:0.00750 loss_pq_va:0.11641 loss_pv_va:0.13885
INFO|2024-09-27 02:32:09: Epoch[085/100], iter[392/392], loss_total:0.50446, loss_equ:1.51249 loss_pq_vm:0.00805 loss_pq_va:0.12386 loss_pv_va:0.14886
INFO|2024-09-27 02:33:46: Epoch 84/100, lr:  0.00006395, eta: 2.49h, train_loss:  0.49228, valid_loss:  0.71475
INFO|2024-09-27 02:33:46: 	Train: PQ_Vm_rmse: 0.00016879  PQ_Va_rmse: 0.00149586  PV_Va_rmse: 0.00167033  delta_p: 0.00563062  delta_q: 0.00151506  
INFO|2024-09-27 02:33:46: 	ZTest: PQ_Vm_rmse: 0.00103402  PQ_Va_rmse: 0.00971247  PV_Va_rmse: 0.01040749  delta_p: 0.01493085  delta_q: 0.00376228  
INFO|2024-09-27 02:33:46: 	ZTest-ema: PQ_Vm_rmse: 0.001015  PQ_Va_rmse: 0.009498  PV_Va_rmse: 0.010162  delta_p: 0.014489  delta_q: 0.003630  
INFO|2024-09-27 02:33:46: 	           ValOfEMA:0.010162/0.009222,  Epoch:85/76
INFO|2024-09-27 02:33:47: 	Time(ep):598s,  Val(curr/best):0.010407/0.009584,  Epoch(curr/best):85/68
INFO|2024-09-27 02:33:47: -------------------- Epoch: 86 --------------------
INFO|2024-09-27 02:34:40: Epoch[086/100], iter[040/392], loss_total:0.49018, loss_equ:1.49335 loss_pq_vm:0.00811 loss_pq_va:0.11887 loss_pv_va:0.14084
INFO|2024-09-27 02:35:30: Epoch[086/100], iter[079/392], loss_total:0.48540, loss_equ:1.50376 loss_pq_vm:0.00770 loss_pq_va:0.11893 loss_pv_va:0.13913
INFO|2024-09-27 02:36:20: Epoch[086/100], iter[118/392], loss_total:0.51458, loss_equ:1.53002 loss_pq_vm:0.00812 loss_pq_va:0.12729 loss_pv_va:0.15313
INFO|2024-09-27 02:37:09: Epoch[086/100], iter[157/392], loss_total:0.46665, loss_equ:1.45507 loss_pq_vm:0.00748 loss_pq_va:0.11240 loss_pv_va:0.13392
INFO|2024-09-27 02:37:59: Epoch[086/100], iter[196/392], loss_total:0.47671, loss_equ:1.49273 loss_pq_vm:0.00764 loss_pq_va:0.11519 loss_pv_va:0.13585
INFO|2024-09-27 02:38:49: Epoch[086/100], iter[235/392], loss_total:0.49044, loss_equ:1.51054 loss_pq_vm:0.00772 loss_pq_va:0.12093 loss_pv_va:0.14125
INFO|2024-09-27 02:39:39: Epoch[086/100], iter[274/392], loss_total:0.49091, loss_equ:1.48744 loss_pq_vm:0.00772 loss_pq_va:0.12168 loss_pv_va:0.14332
INFO|2024-09-27 02:40:29: Epoch[086/100], iter[313/392], loss_total:0.48311, loss_equ:1.50156 loss_pq_vm:0.00761 loss_pq_va:0.11709 loss_pv_va:0.13977
INFO|2024-09-27 02:41:19: Epoch[086/100], iter[352/392], loss_total:0.47856, loss_equ:1.49898 loss_pq_vm:0.00748 loss_pq_va:0.11610 loss_pv_va:0.13778
INFO|2024-09-27 02:42:10: Epoch[086/100], iter[392/392], loss_total:0.49279, loss_equ:1.52860 loss_pq_vm:0.00807 loss_pq_va:0.11902 loss_pv_va:0.14021
INFO|2024-09-27 02:43:47: Epoch 85/100, lr:  0.00005711, eta: 2.33h, train_loss:  0.49026, valid_loss:  0.72190
INFO|2024-09-27 02:43:47: 	Train: PQ_Vm_rmse: 0.00016596  PQ_Va_rmse: 0.00145792  PV_Va_rmse: 0.00162550  delta_p: 0.00560057  delta_q: 0.00148690  
INFO|2024-09-27 02:43:47: 	ZTest: PQ_Vm_rmse: 0.00105293  PQ_Va_rmse: 0.01007840  PV_Va_rmse: 0.01083890  delta_p: 0.01477595  delta_q: 0.00373670  
INFO|2024-09-27 02:43:47: 	ZTest-ema: PQ_Vm_rmse: 0.001055  PQ_Va_rmse: 0.009833  PV_Va_rmse: 0.010539  delta_p: 0.014659  delta_q: 0.003736  
INFO|2024-09-27 02:43:47: 	           ValOfEMA:0.010539/0.009222,  Epoch:86/76
INFO|2024-09-27 02:43:48: 	Time(ep):599s,  Val(curr/best):0.010839/0.009584,  Epoch(curr/best):86/68
INFO|2024-09-27 02:43:48: -------------------- Epoch: 87 --------------------
INFO|2024-09-27 02:44:40: Epoch[087/100], iter[040/392], loss_total:0.47137, loss_equ:1.46623 loss_pq_vm:0.00720 loss_pq_va:0.11481 loss_pv_va:0.13794
INFO|2024-09-27 02:45:30: Epoch[087/100], iter[079/392], loss_total:0.49559, loss_equ:1.47370 loss_pq_vm:0.00799 loss_pq_va:0.12312 loss_pv_va:0.14522
INFO|2024-09-27 02:46:20: Epoch[087/100], iter[118/392], loss_total:0.49875, loss_equ:1.52827 loss_pq_vm:0.00801 loss_pq_va:0.12172 loss_pv_va:0.14408
INFO|2024-09-27 02:47:09: Epoch[087/100], iter[157/392], loss_total:0.49737, loss_equ:1.54655 loss_pq_vm:0.00811 loss_pq_va:0.11976 loss_pv_va:0.14186
INFO|2024-09-27 02:47:59: Epoch[087/100], iter[196/392], loss_total:0.47917, loss_equ:1.47530 loss_pq_vm:0.00766 loss_pq_va:0.11582 loss_pv_va:0.13924
INFO|2024-09-27 02:48:49: Epoch[087/100], iter[235/392], loss_total:0.50126, loss_equ:1.53400 loss_pq_vm:0.00807 loss_pq_va:0.12217 loss_pv_va:0.14504
INFO|2024-09-27 02:49:38: Epoch[087/100], iter[274/392], loss_total:0.50784, loss_equ:1.51026 loss_pq_vm:0.00833 loss_pq_va:0.12539 loss_pv_va:0.14816
INFO|2024-09-27 02:50:28: Epoch[087/100], iter[313/392], loss_total:0.48692, loss_equ:1.49353 loss_pq_vm:0.00795 loss_pq_va:0.11731 loss_pv_va:0.14076
INFO|2024-09-27 02:51:17: Epoch[087/100], iter[352/392], loss_total:0.49737, loss_equ:1.50397 loss_pq_vm:0.00802 loss_pq_va:0.12232 loss_pv_va:0.14445
INFO|2024-09-27 02:52:08: Epoch[087/100], iter[392/392], loss_total:0.45908, loss_equ:1.43312 loss_pq_vm:0.00724 loss_pq_va:0.11193 loss_pv_va:0.13141
INFO|2024-09-27 02:53:46: Epoch 86/100, lr:  0.00005071, eta: 2.16h, train_loss:  0.48859, valid_loss:  0.72056
INFO|2024-09-27 02:53:46: 	Train: PQ_Vm_rmse: 0.00016619  PQ_Va_rmse: 0.00144079  PV_Va_rmse: 0.00160698  delta_p: 0.00552136  delta_q: 0.00147244  
INFO|2024-09-27 02:53:46: 	ZTest: PQ_Vm_rmse: 0.00106915  PQ_Va_rmse: 0.01002296  PV_Va_rmse: 0.01073165  delta_p: 0.01423932  delta_q: 0.00364837  
INFO|2024-09-27 02:53:46: 	ZTest-ema: PQ_Vm_rmse: 0.001059  PQ_Va_rmse: 0.009907  PV_Va_rmse: 0.010555  delta_p: 0.014356  delta_q: 0.003640  
INFO|2024-09-27 02:53:46: 	           ValOfEMA:0.010555/0.009222,  Epoch:87/76
INFO|2024-09-27 02:53:46: 	Time(ep):598s,  Val(curr/best):0.010732/0.009584,  Epoch(curr/best):87/68
INFO|2024-09-27 02:53:46: -------------------- Epoch: 88 --------------------
INFO|2024-09-27 02:54:38: Epoch[088/100], iter[040/392], loss_total:0.48376, loss_equ:1.53706 loss_pq_vm:0.00765 loss_pq_va:0.11594 loss_pv_va:0.13764
INFO|2024-09-27 02:55:28: Epoch[088/100], iter[079/392], loss_total:0.49355, loss_equ:1.51157 loss_pq_vm:0.00784 loss_pq_va:0.12006 loss_pv_va:0.14393
INFO|2024-09-27 02:56:18: Epoch[088/100], iter[118/392], loss_total:0.48305, loss_equ:1.50823 loss_pq_vm:0.00766 loss_pq_va:0.11719 loss_pv_va:0.13840
INFO|2024-09-27 02:57:08: Epoch[088/100], iter[157/392], loss_total:0.46996, loss_equ:1.47988 loss_pq_vm:0.00724 loss_pq_va:0.11362 loss_pv_va:0.13598
INFO|2024-09-27 02:57:57: Epoch[088/100], iter[196/392], loss_total:0.47221, loss_equ:1.47486 loss_pq_vm:0.00707 loss_pq_va:0.11703 loss_pv_va:0.13703
INFO|2024-09-27 02:58:47: Epoch[088/100], iter[235/392], loss_total:0.49441, loss_equ:1.50139 loss_pq_vm:0.00818 loss_pq_va:0.12115 loss_pv_va:0.14132
INFO|2024-09-27 02:59:36: Epoch[088/100], iter[274/392], loss_total:0.50371, loss_equ:1.54054 loss_pq_vm:0.00825 loss_pq_va:0.12165 loss_pv_va:0.14550
INFO|2024-09-27 03:00:26: Epoch[088/100], iter[313/392], loss_total:0.52594, loss_equ:1.55000 loss_pq_vm:0.00862 loss_pq_va:0.13135 loss_pv_va:0.15337
INFO|2024-09-27 03:01:15: Epoch[088/100], iter[352/392], loss_total:0.49880, loss_equ:1.51197 loss_pq_vm:0.00819 loss_pq_va:0.12116 loss_pv_va:0.14452
INFO|2024-09-27 03:02:06: Epoch[088/100], iter[392/392], loss_total:0.45757, loss_equ:1.46016 loss_pq_vm:0.00727 loss_pq_va:0.10997 loss_pv_va:0.12886
INFO|2024-09-27 03:03:43: Epoch 87/100, lr:  0.00004476, eta: 1.99h, train_loss:  0.48716, valid_loss:  0.71263
INFO|2024-09-27 03:03:43: 	Train: PQ_Vm_rmse: 0.00016046  PQ_Va_rmse: 0.00140221  PV_Va_rmse: 0.00156460  delta_p: 0.00544509  delta_q: 0.00144982  
INFO|2024-09-27 03:03:43: 	ZTest: PQ_Vm_rmse: 0.00105646  PQ_Va_rmse: 0.00981511  PV_Va_rmse: 0.01053263  delta_p: 0.01460223  delta_q: 0.00368308  
INFO|2024-09-27 03:03:43: 	ZTest-ema: PQ_Vm_rmse: 0.001071  PQ_Va_rmse: 0.009889  PV_Va_rmse: 0.010568  delta_p: 0.014454  delta_q: 0.003640  
INFO|2024-09-27 03:03:44: 	           ValOfEMA:0.010568/0.009222,  Epoch:88/76
INFO|2024-09-27 03:03:44: 	Time(ep):596s,  Val(curr/best):0.010533/0.009584,  Epoch(curr/best):88/68
INFO|2024-09-27 03:03:44: -------------------- Epoch: 89 --------------------
INFO|2024-09-27 03:04:37: Epoch[089/100], iter[040/392], loss_total:0.46948, loss_equ:1.47197 loss_pq_vm:0.00732 loss_pq_va:0.11466 loss_pv_va:0.13446
INFO|2024-09-27 03:05:26: Epoch[089/100], iter[079/392], loss_total:0.46633, loss_equ:1.49292 loss_pq_vm:0.00746 loss_pq_va:0.11135 loss_pv_va:0.13112
INFO|2024-09-27 03:06:17: Epoch[089/100], iter[118/392], loss_total:0.49424, loss_equ:1.49475 loss_pq_vm:0.00813 loss_pq_va:0.12151 loss_pv_va:0.14192
INFO|2024-09-27 03:07:07: Epoch[089/100], iter[157/392], loss_total:0.47536, loss_equ:1.48146 loss_pq_vm:0.00752 loss_pq_va:0.11446 loss_pv_va:0.13753
INFO|2024-09-27 03:07:57: Epoch[089/100], iter[196/392], loss_total:0.48087, loss_equ:1.48094 loss_pq_vm:0.00744 loss_pq_va:0.11876 loss_pv_va:0.13960
INFO|2024-09-27 03:08:46: Epoch[089/100], iter[235/392], loss_total:0.46461, loss_equ:1.44748 loss_pq_vm:0.00730 loss_pq_va:0.11401 loss_pv_va:0.13284
INFO|2024-09-27 03:09:36: Epoch[089/100], iter[274/392], loss_total:0.47298, loss_equ:1.46236 loss_pq_vm:0.00716 loss_pq_va:0.11660 loss_pv_va:0.13859
INFO|2024-09-27 03:10:26: Epoch[089/100], iter[313/392], loss_total:0.48239, loss_equ:1.52010 loss_pq_vm:0.00776 loss_pq_va:0.11545 loss_pv_va:0.13730
INFO|2024-09-27 03:11:15: Epoch[089/100], iter[352/392], loss_total:0.48479, loss_equ:1.52836 loss_pq_vm:0.00782 loss_pq_va:0.11616 loss_pv_va:0.13759
INFO|2024-09-27 03:12:07: Epoch[089/100], iter[392/392], loss_total:0.50747, loss_equ:1.53297 loss_pq_vm:0.00811 loss_pq_va:0.12462 loss_pv_va:0.14847
INFO|2024-09-27 03:13:44: Epoch 88/100, lr:  0.00003926, eta: 1.83h, train_loss:  0.48648, valid_loss:  0.71619
INFO|2024-09-27 03:13:44: 	Train: PQ_Vm_rmse: 0.00016253  PQ_Va_rmse: 0.00139402  PV_Va_rmse: 0.00155682  delta_p: 0.00556385  delta_q: 0.00144645  
INFO|2024-09-27 03:13:44: 	ZTest: PQ_Vm_rmse: 0.00103130  PQ_Va_rmse: 0.00968819  PV_Va_rmse: 0.01034088  delta_p: 0.01483828  delta_q: 0.00370338  
INFO|2024-09-27 03:13:44: 	ZTest-ema: PQ_Vm_rmse: 0.001008  PQ_Va_rmse: 0.009484  PV_Va_rmse: 0.010124  delta_p: 0.014485  delta_q: 0.003617  
INFO|2024-09-27 03:13:44: 	           ValOfEMA:0.010124/0.009222,  Epoch:89/76
INFO|2024-09-27 03:13:44: 	Time(ep):599s,  Val(curr/best):0.010341/0.009584,  Epoch(curr/best):89/68
INFO|2024-09-27 03:13:44: -------------------- Epoch: 90 --------------------
INFO|2024-09-27 03:14:37: Epoch[090/100], iter[040/392], loss_total:0.48023, loss_equ:1.50003 loss_pq_vm:0.00764 loss_pq_va:0.11747 loss_pv_va:0.13638
INFO|2024-09-27 03:15:27: Epoch[090/100], iter[079/392], loss_total:0.48112, loss_equ:1.47392 loss_pq_vm:0.00747 loss_pq_va:0.11785 loss_pv_va:0.14120
INFO|2024-09-27 03:16:17: Epoch[090/100], iter[118/392], loss_total:0.51505, loss_equ:1.53296 loss_pq_vm:0.00823 loss_pq_va:0.12820 loss_pv_va:0.15126
INFO|2024-09-27 03:17:07: Epoch[090/100], iter[157/392], loss_total:0.49174, loss_equ:1.53555 loss_pq_vm:0.00776 loss_pq_va:0.11889 loss_pv_va:0.14173
INFO|2024-09-27 03:17:57: Epoch[090/100], iter[196/392], loss_total:0.47585, loss_equ:1.52013 loss_pq_vm:0.00765 loss_pq_va:0.11295 loss_pv_va:0.13434
INFO|2024-09-27 03:18:46: Epoch[090/100], iter[235/392], loss_total:0.47743, loss_equ:1.47975 loss_pq_vm:0.00774 loss_pq_va:0.11452 loss_pv_va:0.13750
INFO|2024-09-27 03:19:36: Epoch[090/100], iter[274/392], loss_total:0.47421, loss_equ:1.49478 loss_pq_vm:0.00734 loss_pq_va:0.11413 loss_pv_va:0.13720
INFO|2024-09-27 03:20:26: Epoch[090/100], iter[313/392], loss_total:0.49119, loss_equ:1.48593 loss_pq_vm:0.00770 loss_pq_va:0.12142 loss_pv_va:0.14414
INFO|2024-09-27 03:21:16: Epoch[090/100], iter[352/392], loss_total:0.49069, loss_equ:1.51863 loss_pq_vm:0.00772 loss_pq_va:0.11945 loss_pv_va:0.14213
INFO|2024-09-27 03:22:07: Epoch[090/100], iter[392/392], loss_total:0.46137, loss_equ:1.47251 loss_pq_vm:0.00725 loss_pq_va:0.10981 loss_pv_va:0.13179
INFO|2024-09-27 03:23:44: Epoch 89/100, lr:  0.00003423, eta: 1.67h, train_loss:  0.48471, valid_loss:  0.71229
INFO|2024-09-27 03:23:44: 	Train: PQ_Vm_rmse: 0.00016060  PQ_Va_rmse: 0.00137573  PV_Va_rmse: 0.00153786  delta_p: 0.00536789  delta_q: 0.00142617  
INFO|2024-09-27 03:23:44: 	ZTest: PQ_Vm_rmse: 0.00093819  PQ_Va_rmse: 0.00912242  PV_Va_rmse: 0.00973636  delta_p: 0.01415401  delta_q: 0.00352819  
INFO|2024-09-27 03:23:44: 	ZTest-ema: PQ_Vm_rmse: 0.000926  PQ_Va_rmse: 0.009022  PV_Va_rmse: 0.009634  delta_p: 0.014286  delta_q: 0.003551  
INFO|2024-09-27 03:23:44: 	           ValOfEMA:0.009634/0.009222,  Epoch:90/76
INFO|2024-09-27 03:23:45: 	Time(ep):599s,  Val(curr/best):0.009736/0.009584,  Epoch(curr/best):90/68
INFO|2024-09-27 03:23:45: -------------------- Epoch: 91 --------------------
INFO|2024-09-27 03:24:37: Epoch[091/100], iter[040/392], loss_total:0.48912, loss_equ:1.50414 loss_pq_vm:0.00770 loss_pq_va:0.11932 loss_pv_va:0.14242
INFO|2024-09-27 03:25:27: Epoch[091/100], iter[079/392], loss_total:0.49092, loss_equ:1.49369 loss_pq_vm:0.00781 loss_pq_va:0.12103 loss_pv_va:0.14239
INFO|2024-09-27 03:26:17: Epoch[091/100], iter[118/392], loss_total:0.49196, loss_equ:1.54219 loss_pq_vm:0.00760 loss_pq_va:0.11829 loss_pv_va:0.14343
INFO|2024-09-27 03:27:07: Epoch[091/100], iter[157/392], loss_total:0.47380, loss_equ:1.47287 loss_pq_vm:0.00753 loss_pq_va:0.11449 loss_pv_va:0.13675
INFO|2024-09-27 03:27:56: Epoch[091/100], iter[196/392], loss_total:0.46256, loss_equ:1.47626 loss_pq_vm:0.00723 loss_pq_va:0.11140 loss_pv_va:0.13124
INFO|2024-09-27 03:28:46: Epoch[091/100], iter[235/392], loss_total:0.48372, loss_equ:1.50245 loss_pq_vm:0.00759 loss_pq_va:0.11825 loss_pv_va:0.13937
INFO|2024-09-27 03:29:36: Epoch[091/100], iter[274/392], loss_total:0.47294, loss_equ:1.50951 loss_pq_vm:0.00756 loss_pq_va:0.11305 loss_pv_va:0.13331
INFO|2024-09-27 03:30:26: Epoch[091/100], iter[313/392], loss_total:0.49006, loss_equ:1.52163 loss_pq_vm:0.00799 loss_pq_va:0.11813 loss_pv_va:0.13989
INFO|2024-09-27 03:31:16: Epoch[091/100], iter[352/392], loss_total:0.47364, loss_equ:1.47765 loss_pq_vm:0.00763 loss_pq_va:0.11518 loss_pv_va:0.13438
INFO|2024-09-27 03:32:07: Epoch[091/100], iter[392/392], loss_total:0.49510, loss_equ:1.52936 loss_pq_vm:0.00763 loss_pq_va:0.12156 loss_pv_va:0.14434
INFO|2024-09-27 03:33:44: Epoch 90/100, lr:  0.00002965, eta: 1.5h, train_loss:  0.48414, valid_loss:  0.71178
INFO|2024-09-27 03:33:44: 	Train: PQ_Vm_rmse: 0.00015859  PQ_Va_rmse: 0.00136220  PV_Va_rmse: 0.00152370  delta_p: 0.00536334  delta_q: 0.00141500  
INFO|2024-09-27 03:33:44: 	ZTest: PQ_Vm_rmse: 0.00099808  PQ_Va_rmse: 0.00941002  PV_Va_rmse: 0.01003304  delta_p: 0.01444510  delta_q: 0.00362928  
INFO|2024-09-27 03:33:44: 	ZTest-ema: PQ_Vm_rmse: 0.000957  PQ_Va_rmse: 0.009194  PV_Va_rmse: 0.009798  delta_p: 0.014392  delta_q: 0.003581  
INFO|2024-09-27 03:33:44: 	           ValOfEMA:0.009798/0.009222,  Epoch:91/76
INFO|2024-09-27 03:33:44: 	Time(ep):599s,  Val(curr/best):0.010033/0.009584,  Epoch(curr/best):91/68
INFO|2024-09-27 03:33:44: -------------------- Epoch: 92 --------------------
INFO|2024-09-27 03:34:36: Epoch[092/100], iter[040/392], loss_total:0.46250, loss_equ:1.47362 loss_pq_vm:0.00690 loss_pq_va:0.11229 loss_pv_va:0.13383
INFO|2024-09-27 03:35:26: Epoch[092/100], iter[079/392], loss_total:0.47513, loss_equ:1.49745 loss_pq_vm:0.00748 loss_pq_va:0.11373 loss_pv_va:0.13684
INFO|2024-09-27 03:36:16: Epoch[092/100], iter[118/392], loss_total:0.48912, loss_equ:1.52103 loss_pq_vm:0.00789 loss_pq_va:0.11765 loss_pv_va:0.14048
INFO|2024-09-27 03:37:06: Epoch[092/100], iter[157/392], loss_total:0.47551, loss_equ:1.47196 loss_pq_vm:0.00784 loss_pq_va:0.11477 loss_pv_va:0.13511
INFO|2024-09-27 03:37:56: Epoch[092/100], iter[196/392], loss_total:0.45707, loss_equ:1.47691 loss_pq_vm:0.00715 loss_pq_va:0.10815 loss_pv_va:0.12975
INFO|2024-09-27 03:38:46: Epoch[092/100], iter[235/392], loss_total:0.50283, loss_equ:1.53594 loss_pq_vm:0.00792 loss_pq_va:0.12245 loss_pv_va:0.14761
INFO|2024-09-27 03:39:35: Epoch[092/100], iter[274/392], loss_total:0.49311, loss_equ:1.50910 loss_pq_vm:0.00794 loss_pq_va:0.11971 loss_pv_va:0.14311
INFO|2024-09-27 03:40:25: Epoch[092/100], iter[313/392], loss_total:0.48189, loss_equ:1.51376 loss_pq_vm:0.00755 loss_pq_va:0.11576 loss_pv_va:0.13928
INFO|2024-09-27 03:41:15: Epoch[092/100], iter[352/392], loss_total:0.53077, loss_equ:1.57846 loss_pq_vm:0.00868 loss_pq_va:0.13171 loss_pv_va:0.15443
INFO|2024-09-27 03:42:06: Epoch[092/100], iter[392/392], loss_total:0.47544, loss_equ:1.48589 loss_pq_vm:0.00749 loss_pq_va:0.11528 loss_pv_va:0.13663
INFO|2024-09-27 03:43:43: Epoch 91/100, lr:  0.00002555, eta: 1.33h, train_loss:  0.48336, valid_loss:  0.70652
INFO|2024-09-27 03:43:43: 	Train: PQ_Vm_rmse: 0.00015798  PQ_Va_rmse: 0.00135862  PV_Va_rmse: 0.00152463  delta_p: 0.00545821  delta_q: 0.00141402  
INFO|2024-09-27 03:43:43: 	ZTest: PQ_Vm_rmse: 0.00086656  PQ_Va_rmse: 0.00864218  PV_Va_rmse: 0.00921904  delta_p: 0.01456636  delta_q: 0.00359794  
INFO|2024-09-27 03:43:43: 	ZTest-ema: PQ_Vm_rmse: 0.000885  PQ_Va_rmse: 0.008796  PV_Va_rmse: 0.009385  delta_p: 0.014347  delta_q: 0.003557  
INFO|2024-09-27 03:43:43: 	           ValOfEMA:0.009385/0.009222,  Epoch:92/76
INFO|2024-09-27 03:43:45: 	Time(ep):599s,  Val(curr/best):0.009219/0.009219,  Epoch(curr/best):92/92
INFO|2024-09-27 03:43:45: -------------------- Epoch: 93 --------------------
INFO|2024-09-27 03:44:37: Epoch[093/100], iter[040/392], loss_total:0.47708, loss_equ:1.50614 loss_pq_vm:0.00718 loss_pq_va:0.11615 loss_pv_va:0.13851
INFO|2024-09-27 03:45:27: Epoch[093/100], iter[079/392], loss_total:0.48945, loss_equ:1.49696 loss_pq_vm:0.00748 loss_pq_va:0.12248 loss_pv_va:0.14251
INFO|2024-09-27 03:46:16: Epoch[093/100], iter[118/392], loss_total:0.47205, loss_equ:1.47119 loss_pq_vm:0.00745 loss_pq_va:0.11363 loss_pv_va:0.13684
INFO|2024-09-27 03:47:06: Epoch[093/100], iter[157/392], loss_total:0.49611, loss_equ:1.52287 loss_pq_vm:0.00816 loss_pq_va:0.11953 loss_pv_va:0.14272
INFO|2024-09-27 03:47:56: Epoch[093/100], iter[196/392], loss_total:0.49771, loss_equ:1.50248 loss_pq_vm:0.00776 loss_pq_va:0.12383 loss_pv_va:0.14604
INFO|2024-09-27 03:48:45: Epoch[093/100], iter[235/392], loss_total:0.47313, loss_equ:1.48119 loss_pq_vm:0.00732 loss_pq_va:0.11482 loss_pv_va:0.13702
INFO|2024-09-27 03:49:35: Epoch[093/100], iter[274/392], loss_total:0.49018, loss_equ:1.51364 loss_pq_vm:0.00771 loss_pq_va:0.11908 loss_pv_va:0.14268
INFO|2024-09-27 03:50:25: Epoch[093/100], iter[313/392], loss_total:0.50197, loss_equ:1.52942 loss_pq_vm:0.00813 loss_pq_va:0.12436 loss_pv_va:0.14334
INFO|2024-09-27 03:51:15: Epoch[093/100], iter[352/392], loss_total:0.50140, loss_equ:1.51666 loss_pq_vm:0.00785 loss_pq_va:0.12436 loss_pv_va:0.14685
INFO|2024-09-27 03:52:06: Epoch[093/100], iter[392/392], loss_total:0.48476, loss_equ:1.54200 loss_pq_vm:0.00735 loss_pq_va:0.11638 loss_pv_va:0.14064
INFO|2024-09-27 03:53:43: Epoch 92/100, lr:  0.00002192, eta: 1.16h, train_loss:  0.48248, valid_loss:  0.70791
INFO|2024-09-27 03:53:43: 	Train: PQ_Vm_rmse: 0.00015731  PQ_Va_rmse: 0.00134612  PV_Va_rmse: 0.00151357  delta_p: 0.00545855  delta_q: 0.00140841  
INFO|2024-09-27 03:53:43: 	ZTest: PQ_Vm_rmse: 0.00086925  PQ_Va_rmse: 0.00860007  PV_Va_rmse: 0.00919521  delta_p: 0.01403954  delta_q: 0.00350324  
INFO|2024-09-27 03:53:43: 	ZTest-ema: PQ_Vm_rmse: 0.000899  PQ_Va_rmse: 0.008879  PV_Va_rmse: 0.009491  delta_p: 0.014179  delta_q: 0.003527  
INFO|2024-09-27 03:53:43: 	           ValOfEMA:0.009491/0.009222,  Epoch:93/76
INFO|2024-09-27 03:53:43: 	Time(ep):598s,  Val(curr/best):0.009195/0.009195,  Epoch(curr/best):93/93
INFO|2024-09-27 03:53:43: -------------------- Epoch: 94 --------------------
INFO|2024-09-27 03:54:36: Epoch[094/100], iter[040/392], loss_total:0.45261, loss_equ:1.44825 loss_pq_vm:0.00718 loss_pq_va:0.10807 loss_pv_va:0.12787
INFO|2024-09-27 03:55:26: Epoch[094/100], iter[079/392], loss_total:0.46844, loss_equ:1.46393 loss_pq_vm:0.00766 loss_pq_va:0.11236 loss_pv_va:0.13308
INFO|2024-09-27 03:56:15: Epoch[094/100], iter[118/392], loss_total:0.49340, loss_equ:1.47767 loss_pq_vm:0.00808 loss_pq_va:0.12153 loss_pv_va:0.14333
INFO|2024-09-27 03:57:05: Epoch[094/100], iter[157/392], loss_total:0.47921, loss_equ:1.51032 loss_pq_vm:0.00746 loss_pq_va:0.11481 loss_pv_va:0.13879
INFO|2024-09-27 03:57:55: Epoch[094/100], iter[196/392], loss_total:0.46022, loss_equ:1.45782 loss_pq_vm:0.00731 loss_pq_va:0.11016 loss_pv_va:0.13114
INFO|2024-09-27 03:58:45: Epoch[094/100], iter[235/392], loss_total:0.47904, loss_equ:1.45975 loss_pq_vm:0.00748 loss_pq_va:0.11713 loss_pv_va:0.14110
INFO|2024-09-27 03:59:35: Epoch[094/100], iter[274/392], loss_total:0.49626, loss_equ:1.51766 loss_pq_vm:0.00780 loss_pq_va:0.12241 loss_pv_va:0.14409
INFO|2024-09-27 04:00:25: Epoch[094/100], iter[313/392], loss_total:0.48515, loss_equ:1.51279 loss_pq_vm:0.00739 loss_pq_va:0.11885 loss_pv_va:0.14115
INFO|2024-09-27 04:01:15: Epoch[094/100], iter[352/392], loss_total:0.47566, loss_equ:1.49117 loss_pq_vm:0.00759 loss_pq_va:0.11476 loss_pv_va:0.13588
INFO|2024-09-27 04:02:06: Epoch[094/100], iter[392/392], loss_total:0.49036, loss_equ:1.53128 loss_pq_vm:0.00787 loss_pq_va:0.11896 loss_pv_va:0.13960
INFO|2024-09-27 04:03:43: Epoch 93/100, lr:  0.00001877, eta: 1.0h, train_loss:  0.48157, valid_loss:  0.70797
INFO|2024-09-27 04:03:43: 	Train: PQ_Vm_rmse: 0.00015514  PQ_Va_rmse: 0.00131139  PV_Va_rmse: 0.00147234  delta_p: 0.00524157  delta_q: 0.00138466  
INFO|2024-09-27 04:03:43: 	ZTest: PQ_Vm_rmse: 0.00087662  PQ_Va_rmse: 0.00869632  PV_Va_rmse: 0.00928179  delta_p: 0.01419131  delta_q: 0.00356536  
INFO|2024-09-27 04:03:43: 	ZTest-ema: PQ_Vm_rmse: 0.000956  PQ_Va_rmse: 0.009259  PV_Va_rmse: 0.009843  delta_p: 0.014273  delta_q: 0.003573  
INFO|2024-09-27 04:03:43: 	           ValOfEMA:0.009843/0.009222,  Epoch:94/76
INFO|2024-09-27 04:03:44: 	Time(ep):599s,  Val(curr/best):0.009282/0.009195,  Epoch(curr/best):94/93
INFO|2024-09-27 04:03:44: -------------------- Epoch: 95 --------------------
INFO|2024-09-27 04:04:36: Epoch[095/100], iter[040/392], loss_total:0.46453, loss_equ:1.51197 loss_pq_vm:0.00717 loss_pq_va:0.11077 loss_pv_va:0.13087
INFO|2024-09-27 04:05:26: Epoch[095/100], iter[079/392], loss_total:0.46090, loss_equ:1.44306 loss_pq_vm:0.00727 loss_pq_va:0.11082 loss_pv_va:0.13304
INFO|2024-09-27 04:06:16: Epoch[095/100], iter[118/392], loss_total:0.47047, loss_equ:1.48460 loss_pq_vm:0.00723 loss_pq_va:0.11543 loss_pv_va:0.13426
INFO|2024-09-27 04:07:05: Epoch[095/100], iter[157/392], loss_total:0.48406, loss_equ:1.50169 loss_pq_vm:0.00747 loss_pq_va:0.11881 loss_pv_va:0.14036
INFO|2024-09-27 04:07:55: Epoch[095/100], iter[196/392], loss_total:0.47546, loss_equ:1.50066 loss_pq_vm:0.00727 loss_pq_va:0.11511 loss_pv_va:0.13758
INFO|2024-09-27 04:08:45: Epoch[095/100], iter[235/392], loss_total:0.49102, loss_equ:1.51522 loss_pq_vm:0.00791 loss_pq_va:0.11924 loss_pv_va:0.14113
INFO|2024-09-27 04:09:35: Epoch[095/100], iter[274/392], loss_total:0.51692, loss_equ:1.55454 loss_pq_vm:0.00839 loss_pq_va:0.12770 loss_pv_va:0.14986
INFO|2024-09-27 04:10:24: Epoch[095/100], iter[313/392], loss_total:0.47616, loss_equ:1.49546 loss_pq_vm:0.00736 loss_pq_va:0.11527 loss_pv_va:0.13770
INFO|2024-09-27 04:11:14: Epoch[095/100], iter[352/392], loss_total:0.48597, loss_equ:1.54963 loss_pq_vm:0.00739 loss_pq_va:0.11669 loss_pv_va:0.14041
INFO|2024-09-27 04:12:05: Epoch[095/100], iter[392/392], loss_total:0.48829, loss_equ:1.52583 loss_pq_vm:0.00753 loss_pq_va:0.11941 loss_pv_va:0.14100
INFO|2024-09-27 04:13:43: Epoch 94/100, lr:  0.00001609, eta: 0.83h, train_loss:  0.48078, valid_loss:  0.70373
INFO|2024-09-27 04:13:43: 	Train: PQ_Vm_rmse: 0.00015233  PQ_Va_rmse: 0.00129657  PV_Va_rmse: 0.00145534  delta_p: 0.00520766  delta_q: 0.00137111  
INFO|2024-09-27 04:13:43: 	ZTest: PQ_Vm_rmse: 0.00095884  PQ_Va_rmse: 0.00912689  PV_Va_rmse: 0.00970187  delta_p: 0.01432687  delta_q: 0.00359350  
INFO|2024-09-27 04:13:43: 	ZTest-ema: PQ_Vm_rmse: 0.000974  PQ_Va_rmse: 0.009384  PV_Va_rmse: 0.009990  delta_p: 0.014290  delta_q: 0.003560  
INFO|2024-09-27 04:13:43: 	           ValOfEMA:0.009990/0.009222,  Epoch:95/76
INFO|2024-09-27 04:13:44: 	Time(ep):599s,  Val(curr/best):0.009702/0.009195,  Epoch(curr/best):95/93
INFO|2024-09-27 04:13:44: -------------------- Epoch: 96 --------------------
INFO|2024-09-27 04:14:36: Epoch[096/100], iter[040/392], loss_total:0.50605, loss_equ:1.53363 loss_pq_vm:0.00817 loss_pq_va:0.12346 loss_pv_va:0.14755
INFO|2024-09-27 04:15:26: Epoch[096/100], iter[079/392], loss_total:0.49967, loss_equ:1.49297 loss_pq_vm:0.00816 loss_pq_va:0.12337 loss_pv_va:0.14538
INFO|2024-09-27 04:16:15: Epoch[096/100], iter[118/392], loss_total:0.47337, loss_equ:1.46999 loss_pq_vm:0.00751 loss_pq_va:0.11573 loss_pv_va:0.13550
INFO|2024-09-27 04:17:05: Epoch[096/100], iter[157/392], loss_total:0.47992, loss_equ:1.47481 loss_pq_vm:0.00780 loss_pq_va:0.11737 loss_pv_va:0.13704
INFO|2024-09-27 04:17:55: Epoch[096/100], iter[196/392], loss_total:0.49219, loss_equ:1.48835 loss_pq_vm:0.00812 loss_pq_va:0.12031 loss_pv_va:0.14189
INFO|2024-09-27 04:18:45: Epoch[096/100], iter[235/392], loss_total:0.45874, loss_equ:1.46867 loss_pq_vm:0.00694 loss_pq_va:0.11021 loss_pv_va:0.13230
INFO|2024-09-27 04:19:35: Epoch[096/100], iter[274/392], loss_total:0.49392, loss_equ:1.50140 loss_pq_vm:0.00788 loss_pq_va:0.12132 loss_pv_va:0.14365
INFO|2024-09-27 04:20:25: Epoch[096/100], iter[313/392], loss_total:0.50471, loss_equ:1.56213 loss_pq_vm:0.00801 loss_pq_va:0.12183 loss_pv_va:0.14654
INFO|2024-09-27 04:21:15: Epoch[096/100], iter[352/392], loss_total:0.48570, loss_equ:1.50660 loss_pq_vm:0.00776 loss_pq_va:0.11886 loss_pv_va:0.13853
INFO|2024-09-27 04:22:07: Epoch[096/100], iter[392/392], loss_total:0.46714, loss_equ:1.48404 loss_pq_vm:0.00716 loss_pq_va:0.11261 loss_pv_va:0.13451
INFO|2024-09-27 04:23:46: Epoch 95/100, lr:  0.00001390, eta: 0.67h, train_loss:  0.48039, valid_loss:  0.71382
INFO|2024-09-27 04:23:46: 	Train: PQ_Vm_rmse: 0.00015420  PQ_Va_rmse: 0.00130327  PV_Va_rmse: 0.00146264  delta_p: 0.00520854  delta_q: 0.00137503  
INFO|2024-09-27 04:23:46: 	ZTest: PQ_Vm_rmse: 0.00089472  PQ_Va_rmse: 0.00895914  PV_Va_rmse: 0.00956495  delta_p: 0.01446875  delta_q: 0.00355182  
INFO|2024-09-27 04:23:46: 	ZTest-ema: PQ_Vm_rmse: 0.000961  PQ_Va_rmse: 0.009307  PV_Va_rmse: 0.009919  delta_p: 0.014375  delta_q: 0.003574  
INFO|2024-09-27 04:23:46: 	           ValOfEMA:0.009919/0.009222,  Epoch:96/76
INFO|2024-09-27 04:23:46: 	Time(ep):602s,  Val(curr/best):0.009565/0.009195,  Epoch(curr/best):96/93
INFO|2024-09-27 04:23:46: -------------------- Epoch: 97 --------------------
INFO|2024-09-27 04:24:40: Epoch[097/100], iter[040/392], loss_total:0.51198, loss_equ:1.57403 loss_pq_vm:0.00824 loss_pq_va:0.12395 loss_pv_va:0.14825
INFO|2024-09-27 04:25:31: Epoch[097/100], iter[079/392], loss_total:0.48548, loss_equ:1.54808 loss_pq_vm:0.00736 loss_pq_va:0.11781 loss_pv_va:0.13931
INFO|2024-09-27 04:26:23: Epoch[097/100], iter[118/392], loss_total:0.49149, loss_equ:1.54066 loss_pq_vm:0.00781 loss_pq_va:0.11763 loss_pv_va:0.14172
INFO|2024-09-27 04:27:13: Epoch[097/100], iter[157/392], loss_total:0.46271, loss_equ:1.49245 loss_pq_vm:0.00710 loss_pq_va:0.10934 loss_pv_va:0.13313
INFO|2024-09-27 04:28:04: Epoch[097/100], iter[196/392], loss_total:0.47928, loss_equ:1.49623 loss_pq_vm:0.00767 loss_pq_va:0.11533 loss_pv_va:0.13762
INFO|2024-09-27 04:28:56: Epoch[097/100], iter[235/392], loss_total:0.47769, loss_equ:1.52866 loss_pq_vm:0.00734 loss_pq_va:0.11386 loss_pv_va:0.13753
INFO|2024-09-27 04:29:47: Epoch[097/100], iter[274/392], loss_total:0.48707, loss_equ:1.50875 loss_pq_vm:0.00728 loss_pq_va:0.12060 loss_pv_va:0.14278
INFO|2024-09-27 04:30:37: Epoch[097/100], iter[313/392], loss_total:0.46680, loss_equ:1.46829 loss_pq_vm:0.00726 loss_pq_va:0.11335 loss_pv_va:0.13405
INFO|2024-09-27 04:31:28: Epoch[097/100], iter[352/392], loss_total:0.47348, loss_equ:1.49518 loss_pq_vm:0.00743 loss_pq_va:0.11245 loss_pv_va:0.13722
INFO|2024-09-27 04:32:20: Epoch[097/100], iter[392/392], loss_total:0.48516, loss_equ:1.51204 loss_pq_vm:0.00759 loss_pq_va:0.11804 loss_pv_va:0.14002
INFO|2024-09-27 04:34:01: Epoch 96/100, lr:  0.00001220, eta: 0.51h, train_loss:  0.48026, valid_loss:  0.70535
INFO|2024-09-27 04:34:01: 	Train: PQ_Vm_rmse: 0.00015316  PQ_Va_rmse: 0.00131588  PV_Va_rmse: 0.00147890  delta_p: 0.00526940  delta_q: 0.00137337  
INFO|2024-09-27 04:34:01: 	ZTest: PQ_Vm_rmse: 0.00086821  PQ_Va_rmse: 0.00854116  PV_Va_rmse: 0.00910770  delta_p: 0.01408395  delta_q: 0.00349377  
INFO|2024-09-27 04:34:01: 	ZTest-ema: PQ_Vm_rmse: 0.000865  PQ_Va_rmse: 0.008583  PV_Va_rmse: 0.009164  delta_p: 0.014224  delta_q: 0.003530  
INFO|2024-09-27 04:34:01: 	           ValOfEMA:0.009164/0.009164,  Epoch:97/97
INFO|2024-09-27 04:34:02: 	Time(ep):614s,  Val(curr/best):0.009108/0.009108,  Epoch(curr/best):97/97
INFO|2024-09-27 04:34:02: -------------------- Epoch: 98 --------------------
INFO|2024-09-27 04:34:56: Epoch[098/100], iter[040/392], loss_total:0.47855, loss_equ:1.46521 loss_pq_vm:0.00760 loss_pq_va:0.11736 loss_pv_va:0.13868
INFO|2024-09-27 04:35:48: Epoch[098/100], iter[079/392], loss_total:0.48525, loss_equ:1.50012 loss_pq_vm:0.00760 loss_pq_va:0.11918 loss_pv_va:0.14007
INFO|2024-09-27 04:36:40: Epoch[098/100], iter[118/392], loss_total:0.48742, loss_equ:1.48591 loss_pq_vm:0.00790 loss_pq_va:0.11854 loss_pv_va:0.14125
INFO|2024-09-27 04:37:31: Epoch[098/100], iter[157/392], loss_total:0.52898, loss_equ:1.55814 loss_pq_vm:0.00830 loss_pq_va:0.13344 loss_pv_va:0.15671
INFO|2024-09-27 04:38:23: Epoch[098/100], iter[196/392], loss_total:0.46899, loss_equ:1.46117 loss_pq_vm:0.00749 loss_pq_va:0.11380 loss_pv_va:0.13420
INFO|2024-09-27 04:39:15: Epoch[098/100], iter[235/392], loss_total:0.48478, loss_equ:1.52504 loss_pq_vm:0.00746 loss_pq_va:0.11644 loss_pv_va:0.14124
INFO|2024-09-27 04:40:07: Epoch[098/100], iter[274/392], loss_total:0.46237, loss_equ:1.46369 loss_pq_vm:0.00715 loss_pq_va:0.11114 loss_pv_va:0.13336
INFO|2024-09-27 04:40:59: Epoch[098/100], iter[313/392], loss_total:0.45236, loss_equ:1.45101 loss_pq_vm:0.00698 loss_pq_va:0.10826 loss_pv_va:0.12918
INFO|2024-09-27 04:41:51: Epoch[098/100], iter[352/392], loss_total:0.50186, loss_equ:1.57326 loss_pq_vm:0.00790 loss_pq_va:0.12130 loss_pv_va:0.14423
INFO|2024-09-27 04:42:44: Epoch[098/100], iter[392/392], loss_total:0.47382, loss_equ:1.46490 loss_pq_vm:0.00733 loss_pq_va:0.11603 loss_pv_va:0.13795
INFO|2024-09-27 04:44:24: Epoch 97/100, lr:  0.00001098, eta: 0.35h, train_loss:  0.47961, valid_loss:  0.70368
INFO|2024-09-27 04:44:24: 	Train: PQ_Vm_rmse: 0.00015213  PQ_Va_rmse: 0.00130089  PV_Va_rmse: 0.00146243  delta_p: 0.00518896  delta_q: 0.00136944  
INFO|2024-09-27 04:44:24: 	ZTest: PQ_Vm_rmse: 0.00088602  PQ_Va_rmse: 0.00856884  PV_Va_rmse: 0.00910854  delta_p: 0.01424669  delta_q: 0.00352873  
INFO|2024-09-27 04:44:24: 	ZTest-ema: PQ_Vm_rmse: 0.000875  PQ_Va_rmse: 0.008645  PV_Va_rmse: 0.009213  delta_p: 0.014260  delta_q: 0.003529  
INFO|2024-09-27 04:44:24: 	           ValOfEMA:0.009213/0.009164,  Epoch:98/97
INFO|2024-09-27 04:44:25: 	Time(ep):622s,  Val(curr/best):0.009109/0.009108,  Epoch(curr/best):98/97
INFO|2024-09-27 04:44:25: -------------------- Epoch: 99 --------------------
INFO|2024-09-27 04:45:19: Epoch[099/100], iter[040/392], loss_total:0.47870, loss_equ:1.51626 loss_pq_vm:0.00756 loss_pq_va:0.11486 loss_pv_va:0.13664
INFO|2024-09-27 04:46:10: Epoch[099/100], iter[079/392], loss_total:0.46929, loss_equ:1.49126 loss_pq_vm:0.00715 loss_pq_va:0.11245 loss_pv_va:0.13623
INFO|2024-09-27 04:47:01: Epoch[099/100], iter[118/392], loss_total:0.49627, loss_equ:1.52250 loss_pq_vm:0.00806 loss_pq_va:0.12048 loss_pv_va:0.14299
INFO|2024-09-27 04:47:52: Epoch[099/100], iter[157/392], loss_total:0.47686, loss_equ:1.49228 loss_pq_vm:0.00731 loss_pq_va:0.11677 loss_pv_va:0.13779
INFO|2024-09-27 04:48:44: Epoch[099/100], iter[196/392], loss_total:0.48918, loss_equ:1.53482 loss_pq_vm:0.00768 loss_pq_va:0.11802 loss_pv_va:0.14083
INFO|2024-09-27 04:49:35: Epoch[099/100], iter[235/392], loss_total:0.48233, loss_equ:1.52382 loss_pq_vm:0.00770 loss_pq_va:0.11475 loss_pv_va:0.13818
INFO|2024-09-27 04:50:27: Epoch[099/100], iter[274/392], loss_total:0.45991, loss_equ:1.48368 loss_pq_vm:0.00702 loss_pq_va:0.10916 loss_pv_va:0.13215
INFO|2024-09-27 04:51:18: Epoch[099/100], iter[313/392], loss_total:0.49066, loss_equ:1.51558 loss_pq_vm:0.00785 loss_pq_va:0.11798 loss_pv_va:0.14262
INFO|2024-09-27 04:52:09: Epoch[099/100], iter[352/392], loss_total:0.48512, loss_equ:1.53868 loss_pq_vm:0.00747 loss_pq_va:0.11677 loss_pv_va:0.13979
INFO|2024-09-27 04:53:02: Epoch[099/100], iter[392/392], loss_total:0.46625, loss_equ:1.47821 loss_pq_vm:0.00710 loss_pq_va:0.11347 loss_pv_va:0.13399
INFO|2024-09-27 04:54:43: Epoch 98/100, lr:  0.00001024, eta: 0.17h, train_loss:  0.47952, valid_loss:  0.70571
INFO|2024-09-27 04:54:43: 	Train: PQ_Vm_rmse: 0.00015313  PQ_Va_rmse: 0.00131046  PV_Va_rmse: 0.00147492  delta_p: 0.00521928  delta_q: 0.00137166  
INFO|2024-09-27 04:54:43: 	ZTest: PQ_Vm_rmse: 0.00089851  PQ_Va_rmse: 0.00887035  PV_Va_rmse: 0.00945954  delta_p: 0.01396139  delta_q: 0.00348207  
INFO|2024-09-27 04:54:43: 	ZTest-ema: PQ_Vm_rmse: 0.000917  PQ_Va_rmse: 0.008946  PV_Va_rmse: 0.009523  delta_p: 0.014089  delta_q: 0.003513  
INFO|2024-09-27 04:54:43: 	           ValOfEMA:0.009523/0.009164,  Epoch:99/97
INFO|2024-09-27 04:54:43: 	Time(ep):618s,  Val(curr/best):0.009460/0.009108,  Epoch(curr/best):99/97
INFO|2024-09-27 04:54:43: -------------------- Epoch: 100 --------------------
INFO|2024-09-27 04:55:38: Epoch[100/100], iter[040/392], loss_total:0.48226, loss_equ:1.47738 loss_pq_vm:0.00770 loss_pq_va:0.11871 loss_pv_va:0.13885
INFO|2024-09-27 04:56:30: Epoch[100/100], iter[079/392], loss_total:0.50082, loss_equ:1.52510 loss_pq_vm:0.00819 loss_pq_va:0.12266 loss_pv_va:0.14372
INFO|2024-09-27 04:57:22: Epoch[100/100], iter[118/392], loss_total:0.47328, loss_equ:1.46601 loss_pq_vm:0.00748 loss_pq_va:0.11597 loss_pv_va:0.13588
INFO|2024-09-27 04:58:13: Epoch[100/100], iter[157/392], loss_total:0.49124, loss_equ:1.51994 loss_pq_vm:0.00809 loss_pq_va:0.11764 loss_pv_va:0.14070
INFO|2024-09-27 04:59:04: Epoch[100/100], iter[196/392], loss_total:0.50073, loss_equ:1.50842 loss_pq_vm:0.00816 loss_pq_va:0.12360 loss_pv_va:0.14464
INFO|2024-09-27 04:59:56: Epoch[100/100], iter[235/392], loss_total:0.49645, loss_equ:1.54646 loss_pq_vm:0.00800 loss_pq_va:0.11935 loss_pv_va:0.14242
INFO|2024-09-27 05:00:48: Epoch[100/100], iter[274/392], loss_total:0.48655, loss_equ:1.47520 loss_pq_vm:0.00777 loss_pq_va:0.11950 loss_pv_va:0.14183
INFO|2024-09-27 05:01:40: Epoch[100/100], iter[313/392], loss_total:0.46814, loss_equ:1.50048 loss_pq_vm:0.00713 loss_pq_va:0.11219 loss_pv_va:0.13465
INFO|2024-09-27 05:02:32: Epoch[100/100], iter[352/392], loss_total:0.48235, loss_equ:1.52606 loss_pq_vm:0.00735 loss_pq_va:0.11710 loss_pv_va:0.13912
INFO|2024-09-27 05:03:24: Epoch[100/100], iter[392/392], loss_total:0.48711, loss_equ:1.52032 loss_pq_vm:0.00769 loss_pq_va:0.11730 loss_pv_va:0.14088
INFO|2024-09-27 05:05:05: Epoch 99/100, lr:  0.00001000, eta: 0.0h, train_loss:  0.47918, valid_loss:  0.70574
INFO|2024-09-27 05:05:05: 	Train: PQ_Vm_rmse: 0.00015039  PQ_Va_rmse: 0.00128847  PV_Va_rmse: 0.00144695  delta_p: 0.00518436  delta_q: 0.00136243  
INFO|2024-09-27 05:05:05: 	ZTest: PQ_Vm_rmse: 0.00093111  PQ_Va_rmse: 0.00910216  PV_Va_rmse: 0.00970307  delta_p: 0.01426329  delta_q: 0.00355741  
INFO|2024-09-27 05:05:05: 	ZTest-ema: PQ_Vm_rmse: 0.000981  PQ_Va_rmse: 0.009297  PV_Va_rmse: 0.009933  delta_p: 0.014216  delta_q: 0.003579  
INFO|2024-09-27 05:05:05: 	           ValOfEMA:0.009933/0.009164,  Epoch:100/97
INFO|2024-09-27 05:05:05: 	Time(ep):621s,  Val(curr/best):0.009703/0.009108,  Epoch(curr/best):100/97
