INFO|2024-09-25 11:56:40: 
{'batch_size': 256,
 'config': '/home/bingxing2/ailab/zhaozhen/energy/senseflow/configs/test_gnns_sageconv_v2_2.yaml',
 'data': {'batch_size': 256,
          'batch_size_test': 256,
          'meta': {'edge': [['PQ', 'default', 'PQ'],
                            ['PQ', 'default', 'PV'],
                            ['PQ', 'default', 'Slack'],
                            ['PV', 'default', 'PQ'],
                            ['PV', 'default', 'PV'],
                            ['PV', 'default', 'Slack'],
                            ['Slack', 'default', 'PQ'],
                            ['Slack', 'default', 'PV']],
                   'node': ['PQ', 'PV', 'Slack']},
          'num_workers': 4,
          'train': {'data_root': '/',
                    'dataset_type': 'PowerFlowDataset',
                    'mask_num': 0,
                    'pq_len': 64,
                    'pv_len': 53,
                    'slack_len': 1,
                    'split_txt': '/home/bingxing2/ailab/zhaozhen/energy/senseflow/data_json/processed/10w_case118_n_n_1.json'},
          'val': {'data_root': '/',
                  'dataset_type': 'PowerFlowDataset',
                  'mask_num': 0,
                  'pq_len': 64,
                  'pv_len': 53,
                  'slack_len': 1,
                  'split_txt': '/home/bingxing2/ailab/zhaozhen/energy/senseflow/data_json/processed/2w_case118_n_2.json'}},
 'distributed': False,
 'flag_return_losses': True,
 'local_rank': 0,
 'log_path': './results/test_gnns_sageconv_v2_2/2024_09_25_11_56_40',
 'loss': {'aggr': 'abs', 'filt_type': True, 'type': 'bi_deltapq_loss'},
 'mask_num': 0,
 'model': {'batch_size': 256,
           'ema_decay_param': 0.99,
           'ema_warmup_epoch': 10,
           'flag_use_edge_feat': False,
           'flag_use_ema': True,
           'flag_use_ffn': False,
           'flag_use_fusion': False,
           'flag_weighted_loss': True,
           'gcn_type': 'sageconv',
           'heads_num': 4,
           'hidden_channels': 128,
           'loss_type': 'l1',
           'loss_weight_equ': 0.1,
           'loss_weight_va': 1.0,
           'loss_weight_vm': 10.0,
           'matrix': 'vm_va',
           'num_block': 8,
           'num_loops_test': -1,
           'num_loops_train': 8,
           'resume_ckpt_path': '',
           'scaling_factor_va': 0.01,
           'scaling_factor_vm': 0.01,
           'type': 'test_gnn',
           'with_norm': True},
 'ngpus': 1,
 'pq_len': 64,
 'pv_len': 53,
 'scheduler': {'eta_min': '1e-5', 'type': 'Cosine'},
 'seed': 2024,
 'slack_len': 1,
 'train': {'epochs': 100,
           'learning_rate': 0.001,
           'logs_freq': 10,
           'momentum': 0.9,
           'optimizer_type': 'Adam',
           'weight_decay': 0.0}}
INFO|2024-09-25 11:56:46: ==================== Total number of parameters: 2.114M
INFO|2024-09-25 11:56:46: -------------------- Epoch: 1 --------------------
INFO|2024-09-25 11:57:28: Epoch[001/100], iter[040/392], loss_total:3.69481, loss_equ:5.85513 loss_pq_vm:0.06110 loss_pq_va:1.28116 loss_pv_va:1.21715
INFO|2024-09-25 11:58:06: Epoch[001/100], iter[079/392], loss_total:3.07274, loss_equ:5.69858 loss_pq_vm:0.04424 loss_pq_va:1.04904 loss_pv_va:1.01141
INFO|2024-09-25 11:58:43: Epoch[001/100], iter[118/392], loss_total:2.99723, loss_equ:4.86498 loss_pq_vm:0.05045 loss_pq_va:1.01569 loss_pv_va:0.99054
INFO|2024-09-25 11:59:22: Epoch[001/100], iter[157/392], loss_total:2.67013, loss_equ:3.94720 loss_pq_vm:0.03450 loss_pq_va:0.97787 loss_pv_va:0.95249
INFO|2024-09-25 12:00:00: Epoch[001/100], iter[196/392], loss_total:2.66537, loss_equ:5.11185 loss_pq_vm:0.03586 loss_pq_va:0.90622 loss_pv_va:0.88931
INFO|2024-09-25 12:00:38: Epoch[001/100], iter[235/392], loss_total:2.29867, loss_equ:4.00804 loss_pq_vm:0.03283 loss_pq_va:0.79035 loss_pv_va:0.77922
INFO|2024-09-25 12:01:16: Epoch[001/100], iter[274/392], loss_total:2.36301, loss_equ:3.89892 loss_pq_vm:0.02943 loss_pq_va:0.83560 loss_pv_va:0.84317
INFO|2024-09-25 12:01:54: Epoch[001/100], iter[313/392], loss_total:2.45166, loss_equ:4.30524 loss_pq_vm:0.03215 loss_pq_va:0.84893 loss_pv_va:0.85066
INFO|2024-09-25 12:02:32: Epoch[001/100], iter[352/392], loss_total:2.13054, loss_equ:3.96338 loss_pq_vm:0.03032 loss_pq_va:0.72540 loss_pv_va:0.70562
INFO|2024-09-25 12:03:12: Epoch[001/100], iter[392/392], loss_total:1.98060, loss_equ:3.29008 loss_pq_vm:0.02770 loss_pq_va:0.69417 loss_pv_va:0.68044
INFO|2024-09-25 12:04:41: Epoch 0/100, lr:  0.00099976, eta: 13.05h, train_loss:  2.84290, valid_loss:  2.07049
INFO|2024-09-25 12:04:41: 	Train: PQ_Vm_rmse: 0.00416917  PQ_Va_rmse: 0.11416023  PV_Va_rmse: 0.11294901  delta_p: 0.28532467  delta_q: 0.06797959  
INFO|2024-09-25 12:04:41: 	ZTest: PQ_Vm_rmse: 0.00273361  PQ_Va_rmse: 0.08527947  PV_Va_rmse: 0.08271925  delta_p: 0.15607983  delta_q: 0.02915521  
INFO|2024-09-25 12:04:41: 	ZTest-ema: PQ_Vm_rmse: 0.002734  PQ_Va_rmse: 0.085280  PV_Va_rmse: 0.082719  delta_p: 0.156080  delta_q: 0.029155  
INFO|2024-09-25 12:04:41: 	           ValOfEMA:0.085280/0.085280,  Epoch:1/1
INFO|2024-09-25 12:04:42: 	Time(ep):474s,  Val(curr/best):0.085279/0.085279,  Epoch(curr/best):1/1
INFO|2024-09-25 12:04:42: -------------------- Epoch: 2 --------------------
INFO|2024-09-25 12:05:22: Epoch[002/100], iter[040/392], loss_total:2.11558, loss_equ:3.38078 loss_pq_vm:0.02733 loss_pq_va:0.74978 loss_pv_va:0.75442
INFO|2024-09-25 12:06:01: Epoch[002/100], iter[079/392], loss_total:2.13826, loss_equ:4.15899 loss_pq_vm:0.02827 loss_pq_va:0.71812 loss_pv_va:0.72154
INFO|2024-09-25 12:06:39: Epoch[002/100], iter[118/392], loss_total:1.84819, loss_equ:2.77260 loss_pq_vm:0.02132 loss_pq_va:0.68671 loss_pv_va:0.67099
INFO|2024-09-25 12:07:18: Epoch[002/100], iter[157/392], loss_total:2.02284, loss_equ:3.28745 loss_pq_vm:0.02115 loss_pq_va:0.73976 loss_pv_va:0.74283
INFO|2024-09-25 12:07:56: Epoch[002/100], iter[196/392], loss_total:1.90317, loss_equ:4.04470 loss_pq_vm:0.02685 loss_pq_va:0.62486 loss_pv_va:0.60532
INFO|2024-09-25 12:08:35: Epoch[002/100], iter[235/392], loss_total:1.86869, loss_equ:3.81362 loss_pq_vm:0.02127 loss_pq_va:0.64241 loss_pv_va:0.63219
INFO|2024-09-25 12:09:13: Epoch[002/100], iter[274/392], loss_total:1.71373, loss_equ:3.33285 loss_pq_vm:0.02071 loss_pq_va:0.59851 loss_pv_va:0.57482
INFO|2024-09-25 12:09:52: Epoch[002/100], iter[313/392], loss_total:1.66944, loss_equ:3.13659 loss_pq_vm:0.01998 loss_pq_va:0.58856 loss_pv_va:0.56741
INFO|2024-09-25 12:10:30: Epoch[002/100], iter[352/392], loss_total:1.60251, loss_equ:2.73917 loss_pq_vm:0.01882 loss_pq_va:0.57838 loss_pv_va:0.56202
INFO|2024-09-25 12:11:10: Epoch[002/100], iter[392/392], loss_total:1.69105, loss_equ:2.76049 loss_pq_vm:0.02271 loss_pq_va:0.59869 loss_pv_va:0.58919
INFO|2024-09-25 12:12:39: Epoch 1/100, lr:  0.00099902, eta: 12.99h, train_loss:  1.91369, valid_loss:  1.80037
INFO|2024-09-25 12:12:39: 	Train: PQ_Vm_rmse: 0.00165700  PQ_Va_rmse: 0.08467662  PV_Va_rmse: 0.08305701  delta_p: 0.17668754  delta_q: 0.02672465  
INFO|2024-09-25 12:12:39: 	ZTest: PQ_Vm_rmse: 0.00183260  PQ_Va_rmse: 0.08277444  PV_Va_rmse: 0.07942065  delta_p: 0.10357072  delta_q: 0.02174597  
INFO|2024-09-25 12:12:39: 	ZTest-ema: PQ_Vm_rmse: 0.001833  PQ_Va_rmse: 0.082774  PV_Va_rmse: 0.079421  delta_p: 0.103571  delta_q: 0.021746  
INFO|2024-09-25 12:12:39: 	           ValOfEMA:0.082774/0.082774,  Epoch:2/2
INFO|2024-09-25 12:12:40: 	Time(ep):477s,  Val(curr/best):0.082774/0.082774,  Epoch(curr/best):2/2
INFO|2024-09-25 12:12:40: -------------------- Epoch: 3 --------------------
INFO|2024-09-25 12:13:21: Epoch[003/100], iter[040/392], loss_total:1.68550, loss_equ:2.78755 loss_pq_vm:0.02724 loss_pq_va:0.57475 loss_pv_va:0.55963
INFO|2024-09-25 12:13:59: Epoch[003/100], iter[079/392], loss_total:1.59961, loss_equ:2.72228 loss_pq_vm:0.02069 loss_pq_va:0.56677 loss_pv_va:0.55368
INFO|2024-09-25 12:14:38: Epoch[003/100], iter[118/392], loss_total:1.48438, loss_equ:2.41681 loss_pq_vm:0.01961 loss_pq_va:0.53034 loss_pv_va:0.51625
INFO|2024-09-25 12:15:16: Epoch[003/100], iter[157/392], loss_total:1.74896, loss_equ:3.48069 loss_pq_vm:0.02249 loss_pq_va:0.58865 loss_pv_va:0.58734
INFO|2024-09-25 12:15:55: Epoch[003/100], iter[196/392], loss_total:1.55800, loss_equ:2.93235 loss_pq_vm:0.02253 loss_pq_va:0.52288 loss_pv_va:0.51654
INFO|2024-09-25 12:16:33: Epoch[003/100], iter[235/392], loss_total:1.50314, loss_equ:2.42423 loss_pq_vm:0.01910 loss_pq_va:0.54209 loss_pv_va:0.52764
INFO|2024-09-25 12:17:12: Epoch[003/100], iter[274/392], loss_total:1.65175, loss_equ:2.76118 loss_pq_vm:0.02464 loss_pq_va:0.57077 loss_pv_va:0.55844
INFO|2024-09-25 12:17:50: Epoch[003/100], iter[313/392], loss_total:1.62427, loss_equ:2.59341 loss_pq_vm:0.01639 loss_pq_va:0.61109 loss_pv_va:0.58990
INFO|2024-09-25 12:18:29: Epoch[003/100], iter[352/392], loss_total:1.64097, loss_equ:2.94665 loss_pq_vm:0.02080 loss_pq_va:0.58490 loss_pv_va:0.55345
INFO|2024-09-25 12:19:09: Epoch[003/100], iter[392/392], loss_total:1.57006, loss_equ:2.51553 loss_pq_vm:0.02015 loss_pq_va:0.56691 loss_pv_va:0.55012
INFO|2024-09-25 12:20:38: Epoch 2/100, lr:  0.00099780, eta: 12.89h, train_loss:  1.60206, valid_loss:  1.71484
INFO|2024-09-25 12:20:38: 	Train: PQ_Vm_rmse: 0.00144028  PQ_Va_rmse: 0.06677913  PV_Va_rmse: 0.06531454  delta_p: 0.14000621  delta_q: 0.02253640  
INFO|2024-09-25 12:20:38: 	ZTest: PQ_Vm_rmse: 0.00154251  PQ_Va_rmse: 0.08920940  PV_Va_rmse: 0.08430315  delta_p: 0.11322741  delta_q: 0.01602637  
INFO|2024-09-25 12:20:38: 	ZTest-ema: PQ_Vm_rmse: 0.001543  PQ_Va_rmse: 0.089209  PV_Va_rmse: 0.084303  delta_p: 0.113227  delta_q: 0.016026  
INFO|2024-09-25 12:20:38: 	           ValOfEMA:0.089209/0.082774,  Epoch:3/2
INFO|2024-09-25 12:20:39: 	Time(ep):478s,  Val(curr/best):0.089209/0.082774,  Epoch(curr/best):3/2
INFO|2024-09-25 12:20:39: -------------------- Epoch: 4 --------------------
INFO|2024-09-25 12:21:20: Epoch[004/100], iter[040/392], loss_total:1.48803, loss_equ:3.33170 loss_pq_vm:0.02048 loss_pq_va:0.47613 loss_pv_va:0.47396
INFO|2024-09-25 12:21:58: Epoch[004/100], iter[079/392], loss_total:1.51135, loss_equ:2.17745 loss_pq_vm:0.01818 loss_pq_va:0.55994 loss_pv_va:0.55187
INFO|2024-09-25 12:22:37: Epoch[004/100], iter[118/392], loss_total:1.61355, loss_equ:2.13769 loss_pq_vm:0.01531 loss_pq_va:0.62993 loss_pv_va:0.61671
INFO|2024-09-25 12:23:16: Epoch[004/100], iter[157/392], loss_total:1.62320, loss_equ:3.06121 loss_pq_vm:0.02072 loss_pq_va:0.56097 loss_pv_va:0.54888
INFO|2024-09-25 12:23:54: Epoch[004/100], iter[196/392], loss_total:1.32797, loss_equ:2.43661 loss_pq_vm:0.01596 loss_pq_va:0.46833 loss_pv_va:0.45642
INFO|2024-09-25 12:24:33: Epoch[004/100], iter[235/392], loss_total:1.60970, loss_equ:2.68170 loss_pq_vm:0.01806 loss_pq_va:0.58803 loss_pv_va:0.57293
INFO|2024-09-25 12:25:12: Epoch[004/100], iter[274/392], loss_total:1.40607, loss_equ:2.88082 loss_pq_vm:0.01659 loss_pq_va:0.48202 loss_pv_va:0.47003
INFO|2024-09-25 12:25:50: Epoch[004/100], iter[313/392], loss_total:1.74317, loss_equ:3.44351 loss_pq_vm:0.01749 loss_pq_va:0.60505 loss_pv_va:0.61887
INFO|2024-09-25 12:26:29: Epoch[004/100], iter[352/392], loss_total:1.31834, loss_equ:2.27688 loss_pq_vm:0.01308 loss_pq_va:0.48206 loss_pv_va:0.47781
INFO|2024-09-25 12:27:08: Epoch[004/100], iter[392/392], loss_total:1.37738, loss_equ:2.80889 loss_pq_vm:0.01848 loss_pq_va:0.45743 loss_pv_va:0.45422
INFO|2024-09-25 12:28:37: Epoch 3/100, lr:  0.00099610, eta: 12.76h, train_loss:  1.51083, valid_loss:  1.43534
INFO|2024-09-25 12:28:37: 	Train: PQ_Vm_rmse: 0.00116629  PQ_Va_rmse: 0.06554503  PV_Va_rmse: 0.06420721  delta_p: 0.13577506  delta_q: 0.01986111  
INFO|2024-09-25 12:28:37: 	ZTest: PQ_Vm_rmse: 0.00139453  PQ_Va_rmse: 0.05540596  PV_Va_rmse: 0.05373710  delta_p: 0.13146845  delta_q: 0.02717413  
INFO|2024-09-25 12:28:37: 	ZTest-ema: PQ_Vm_rmse: 0.001395  PQ_Va_rmse: 0.055406  PV_Va_rmse: 0.053737  delta_p: 0.131468  delta_q: 0.027174  
INFO|2024-09-25 12:28:37: 	           ValOfEMA:0.055406/0.055406,  Epoch:4/4
INFO|2024-09-25 12:28:38: 	Time(ep):478s,  Val(curr/best):0.055406/0.055406,  Epoch(curr/best):4/4
INFO|2024-09-25 12:28:38: -------------------- Epoch: 5 --------------------
INFO|2024-09-25 12:29:18: Epoch[005/100], iter[040/392], loss_total:1.27110, loss_equ:2.10400 loss_pq_vm:0.01529 loss_pq_va:0.45900 loss_pv_va:0.44877
INFO|2024-09-25 12:29:57: Epoch[005/100], iter[079/392], loss_total:1.10260, loss_equ:2.14794 loss_pq_vm:0.01232 loss_pq_va:0.38642 loss_pv_va:0.37817
INFO|2024-09-25 12:30:35: Epoch[005/100], iter[118/392], loss_total:1.09230, loss_equ:1.97448 loss_pq_vm:0.01244 loss_pq_va:0.38852 loss_pv_va:0.38196
INFO|2024-09-25 12:31:14: Epoch[005/100], iter[157/392], loss_total:1.14688, loss_equ:2.35981 loss_pq_vm:0.01194 loss_pq_va:0.39515 loss_pv_va:0.39637
INFO|2024-09-25 12:31:52: Epoch[005/100], iter[196/392], loss_total:1.32029, loss_equ:2.32171 loss_pq_vm:0.01557 loss_pq_va:0.47127 loss_pv_va:0.46115
INFO|2024-09-25 12:32:31: Epoch[005/100], iter[235/392], loss_total:1.33325, loss_equ:2.25172 loss_pq_vm:0.01167 loss_pq_va:0.50249 loss_pv_va:0.48892
INFO|2024-09-25 12:33:09: Epoch[005/100], iter[274/392], loss_total:1.08704, loss_equ:1.94158 loss_pq_vm:0.01198 loss_pq_va:0.38545 loss_pv_va:0.38759
INFO|2024-09-25 12:33:48: Epoch[005/100], iter[313/392], loss_total:1.06414, loss_equ:2.23414 loss_pq_vm:0.01422 loss_pq_va:0.35151 loss_pv_va:0.34699
INFO|2024-09-25 12:34:27: Epoch[005/100], iter[352/392], loss_total:0.95795, loss_equ:1.70116 loss_pq_vm:0.01090 loss_pq_va:0.34320 loss_pv_va:0.33563
INFO|2024-09-25 12:35:06: Epoch[005/100], iter[392/392], loss_total:1.11313, loss_equ:2.06135 loss_pq_vm:0.01695 loss_pq_va:0.37314 loss_pv_va:0.36433
INFO|2024-09-25 12:36:35: Epoch 4/100, lr:  0.00099391, eta: 12.6h, train_loss:  1.21049, valid_loss:  1.29761
INFO|2024-09-25 12:36:35: 	Train: PQ_Vm_rmse: 0.00093642  PQ_Va_rmse: 0.04700473  PV_Va_rmse: 0.04575078  delta_p: 0.10357137  delta_q: 0.01560043  
INFO|2024-09-25 12:36:35: 	ZTest: PQ_Vm_rmse: 0.00133822  PQ_Va_rmse: 0.05242512  PV_Va_rmse: 0.05044563  delta_p: 0.08214287  delta_q: 0.01339086  
INFO|2024-09-25 12:36:35: 	ZTest-ema: PQ_Vm_rmse: 0.001338  PQ_Va_rmse: 0.052425  PV_Va_rmse: 0.050446  delta_p: 0.082143  delta_q: 0.013391  
INFO|2024-09-25 12:36:35: 	           ValOfEMA:0.052425/0.052425,  Epoch:5/5
INFO|2024-09-25 12:36:35: 	Time(ep):477s,  Val(curr/best):0.052425/0.052425,  Epoch(curr/best):5/5
INFO|2024-09-25 12:36:35: -------------------- Epoch: 6 --------------------
INFO|2024-09-25 12:37:17: Epoch[006/100], iter[040/392], loss_total:1.21769, loss_equ:2.18556 loss_pq_vm:0.01353 loss_pq_va:0.43436 loss_pv_va:0.42950
INFO|2024-09-25 12:37:55: Epoch[006/100], iter[079/392], loss_total:1.21216, loss_equ:2.28639 loss_pq_vm:0.01515 loss_pq_va:0.42154 loss_pv_va:0.41046
INFO|2024-09-25 12:38:33: Epoch[006/100], iter[118/392], loss_total:1.96998, loss_equ:2.87621 loss_pq_vm:0.02910 loss_pq_va:0.69305 loss_pv_va:0.69833
INFO|2024-09-25 12:39:12: Epoch[006/100], iter[157/392], loss_total:1.14472, loss_equ:2.18515 loss_pq_vm:0.01408 loss_pq_va:0.39509 loss_pv_va:0.39030
INFO|2024-09-25 12:39:50: Epoch[006/100], iter[196/392], loss_total:1.38544, loss_equ:2.11958 loss_pq_vm:0.01188 loss_pq_va:0.52142 loss_pv_va:0.53327
INFO|2024-09-25 12:40:29: Epoch[006/100], iter[235/392], loss_total:1.19414, loss_equ:2.02412 loss_pq_vm:0.01311 loss_pq_va:0.43326 loss_pv_va:0.42738
INFO|2024-09-25 12:41:08: Epoch[006/100], iter[274/392], loss_total:1.00736, loss_equ:1.82494 loss_pq_vm:0.01151 loss_pq_va:0.35752 loss_pv_va:0.35223
INFO|2024-09-25 12:41:46: Epoch[006/100], iter[313/392], loss_total:1.02528, loss_equ:2.33552 loss_pq_vm:0.01127 loss_pq_va:0.33942 loss_pv_va:0.33957
INFO|2024-09-25 12:42:25: Epoch[006/100], iter[352/392], loss_total:1.18103, loss_equ:1.83923 loss_pq_vm:0.01068 loss_pq_va:0.44300 loss_pv_va:0.44728
INFO|2024-09-25 12:43:04: Epoch[006/100], iter[392/392], loss_total:1.13727, loss_equ:1.99571 loss_pq_vm:0.01612 loss_pq_va:0.38945 loss_pv_va:0.38704
INFO|2024-09-25 12:44:34: Epoch 5/100, lr:  0.00099123, eta: 12.49h, train_loss:  1.19940, valid_loss:  1.26078
INFO|2024-09-25 12:44:34: 	Train: PQ_Vm_rmse: 0.00092081  PQ_Va_rmse: 0.04733424  PV_Va_rmse: 0.04612929  delta_p: 0.10015916  delta_q: 0.01537571  
INFO|2024-09-25 12:44:34: 	ZTest: PQ_Vm_rmse: 0.00142109  PQ_Va_rmse: 0.04322669  PV_Va_rmse: 0.04168078  delta_p: 0.08207238  delta_q: 0.01910929  
INFO|2024-09-25 12:44:34: 	ZTest-ema: PQ_Vm_rmse: 0.001421  PQ_Va_rmse: 0.043227  PV_Va_rmse: 0.041681  delta_p: 0.082073  delta_q: 0.019109  
INFO|2024-09-25 12:44:34: 	           ValOfEMA:0.043227/0.043227,  Epoch:6/6
INFO|2024-09-25 12:44:35: 	Time(ep):478s,  Val(curr/best):0.043227/0.043227,  Epoch(curr/best):6/6
INFO|2024-09-25 12:44:35: -------------------- Epoch: 7 --------------------
INFO|2024-09-25 12:45:16: Epoch[007/100], iter[040/392], loss_total:1.25680, loss_equ:1.93439 loss_pq_vm:0.01874 loss_pq_va:0.44080 loss_pv_va:0.43515
INFO|2024-09-25 12:45:54: Epoch[007/100], iter[079/392], loss_total:1.06523, loss_equ:1.75188 loss_pq_vm:0.01184 loss_pq_va:0.38793 loss_pv_va:0.38371
INFO|2024-09-25 12:46:32: Epoch[007/100], iter[118/392], loss_total:1.11480, loss_equ:2.09088 loss_pq_vm:0.01524 loss_pq_va:0.37692 loss_pv_va:0.37640
INFO|2024-09-25 12:47:11: Epoch[007/100], iter[157/392], loss_total:0.94884, loss_equ:1.69203 loss_pq_vm:0.00988 loss_pq_va:0.34447 loss_pv_va:0.33633
INFO|2024-09-25 12:47:50: Epoch[007/100], iter[196/392], loss_total:1.02272, loss_equ:1.65247 loss_pq_vm:0.01624 loss_pq_va:0.35019 loss_pv_va:0.34489
INFO|2024-09-25 12:48:28: Epoch[007/100], iter[235/392], loss_total:1.01212, loss_equ:2.04178 loss_pq_vm:0.01143 loss_pq_va:0.34914 loss_pv_va:0.34455
INFO|2024-09-25 12:49:07: Epoch[007/100], iter[274/392], loss_total:1.09660, loss_equ:1.81949 loss_pq_vm:0.01502 loss_pq_va:0.39034 loss_pv_va:0.37410
INFO|2024-09-25 12:49:46: Epoch[007/100], iter[313/392], loss_total:1.05315, loss_equ:2.09056 loss_pq_vm:0.01208 loss_pq_va:0.36218 loss_pv_va:0.36111
INFO|2024-09-25 12:50:24: Epoch[007/100], iter[352/392], loss_total:1.28529, loss_equ:2.60697 loss_pq_vm:0.01423 loss_pq_va:0.44019 loss_pv_va:0.44209
INFO|2024-09-25 12:51:04: Epoch[007/100], iter[392/392], loss_total:1.19517, loss_equ:2.27911 loss_pq_vm:0.01399 loss_pq_va:0.41345 loss_pv_va:0.41394
INFO|2024-09-25 12:52:33: Epoch 6/100, lr:  0.00098808, eta: 12.36h, train_loss:  1.15732, valid_loss:  1.16256
INFO|2024-09-25 12:52:33: 	Train: PQ_Vm_rmse: 0.00092956  PQ_Va_rmse: 0.04638011  PV_Va_rmse: 0.04519417  delta_p: 0.09931962  delta_q: 0.01526405  
INFO|2024-09-25 12:52:33: 	ZTest: PQ_Vm_rmse: 0.00095080  PQ_Va_rmse: 0.04223728  PV_Va_rmse: 0.04184675  delta_p: 0.12410034  delta_q: 0.01649055  
INFO|2024-09-25 12:52:33: 	ZTest-ema: PQ_Vm_rmse: 0.000951  PQ_Va_rmse: 0.042237  PV_Va_rmse: 0.041847  delta_p: 0.124100  delta_q: 0.016491  
INFO|2024-09-25 12:52:33: 	           ValOfEMA:0.042237/0.042237,  Epoch:7/7
INFO|2024-09-25 12:52:33: 	Time(ep):478s,  Val(curr/best):0.042237/0.042237,  Epoch(curr/best):7/7
INFO|2024-09-25 12:52:33: -------------------- Epoch: 8 --------------------
INFO|2024-09-25 12:53:15: Epoch[008/100], iter[040/392], loss_total:0.98186, loss_equ:1.62655 loss_pq_vm:0.01030 loss_pq_va:0.35954 loss_pv_va:0.35669
INFO|2024-09-25 12:53:53: Epoch[008/100], iter[079/392], loss_total:0.99873, loss_equ:1.97228 loss_pq_vm:0.01117 loss_pq_va:0.34681 loss_pv_va:0.34301
INFO|2024-09-25 12:54:31: Epoch[008/100], iter[118/392], loss_total:0.86144, loss_equ:1.69739 loss_pq_vm:0.00995 loss_pq_va:0.29860 loss_pv_va:0.29359
INFO|2024-09-25 12:55:10: Epoch[008/100], iter[157/392], loss_total:0.86582, loss_equ:1.65959 loss_pq_vm:0.01078 loss_pq_va:0.29528 loss_pv_va:0.29675
INFO|2024-09-25 12:55:48: Epoch[008/100], iter[196/392], loss_total:0.93263, loss_equ:1.55475 loss_pq_vm:0.01039 loss_pq_va:0.33780 loss_pv_va:0.33548
INFO|2024-09-25 12:56:27: Epoch[008/100], iter[235/392], loss_total:0.85855, loss_equ:1.38845 loss_pq_vm:0.00957 loss_pq_va:0.31284 loss_pv_va:0.31118
INFO|2024-09-25 12:57:06: Epoch[008/100], iter[274/392], loss_total:1.03218, loss_equ:1.84885 loss_pq_vm:0.01047 loss_pq_va:0.37036 loss_pv_va:0.37221
INFO|2024-09-25 12:57:44: Epoch[008/100], iter[313/392], loss_total:1.02683, loss_equ:2.02880 loss_pq_vm:0.01044 loss_pq_va:0.36123 loss_pv_va:0.35827
INFO|2024-09-25 12:58:23: Epoch[008/100], iter[352/392], loss_total:0.79636, loss_equ:1.36051 loss_pq_vm:0.00932 loss_pq_va:0.28511 loss_pv_va:0.28204
INFO|2024-09-25 12:59:02: Epoch[008/100], iter[392/392], loss_total:0.96683, loss_equ:1.89099 loss_pq_vm:0.01245 loss_pq_va:0.32643 loss_pv_va:0.32681
INFO|2024-09-25 13:00:31: Epoch 7/100, lr:  0.00098445, eta: 12.21h, train_loss:  0.99412, valid_loss:  1.01112
INFO|2024-09-25 13:00:31: 	Train: PQ_Vm_rmse: 0.00070530  PQ_Va_rmse: 0.03586869  PV_Va_rmse: 0.03485749  delta_p: 0.08110335  delta_q: 0.01204752  
INFO|2024-09-25 13:00:31: 	ZTest: PQ_Vm_rmse: 0.00089334  PQ_Va_rmse: 0.03302632  PV_Va_rmse: 0.03233862  delta_p: 0.08511031  delta_q: 0.01274715  
INFO|2024-09-25 13:00:31: 	ZTest-ema: PQ_Vm_rmse: 0.000893  PQ_Va_rmse: 0.033026  PV_Va_rmse: 0.032339  delta_p: 0.085110  delta_q: 0.012747  
INFO|2024-09-25 13:00:31: 	           ValOfEMA:0.033026/0.033026,  Epoch:8/8
INFO|2024-09-25 13:00:32: 	Time(ep):477s,  Val(curr/best):0.033026/0.033026,  Epoch(curr/best):8/8
INFO|2024-09-25 13:00:32: -------------------- Epoch: 9 --------------------
INFO|2024-09-25 13:01:13: Epoch[009/100], iter[040/392], loss_total:1.04219, loss_equ:1.61603 loss_pq_vm:0.01221 loss_pq_va:0.38339 loss_pv_va:0.37506
INFO|2024-09-25 13:01:51: Epoch[009/100], iter[079/392], loss_total:1.11901, loss_equ:1.66443 loss_pq_vm:0.01214 loss_pq_va:0.41735 loss_pv_va:0.41384
INFO|2024-09-25 13:02:30: Epoch[009/100], iter[118/392], loss_total:1.17627, loss_equ:1.75687 loss_pq_vm:0.01587 loss_pq_va:0.42425 loss_pv_va:0.41766
INFO|2024-09-25 13:03:08: Epoch[009/100], iter[157/392], loss_total:1.18431, loss_equ:1.58343 loss_pq_vm:0.01333 loss_pq_va:0.44873 loss_pv_va:0.44394
INFO|2024-09-25 13:03:46: Epoch[009/100], iter[196/392], loss_total:1.14453, loss_equ:1.78093 loss_pq_vm:0.01249 loss_pq_va:0.42324 loss_pv_va:0.41831
INFO|2024-09-25 13:04:25: Epoch[009/100], iter[235/392], loss_total:0.92655, loss_equ:1.77793 loss_pq_vm:0.01063 loss_pq_va:0.32309 loss_pv_va:0.31939
INFO|2024-09-25 13:05:03: Epoch[009/100], iter[274/392], loss_total:0.87620, loss_equ:1.69527 loss_pq_vm:0.01018 loss_pq_va:0.30506 loss_pv_va:0.29981
INFO|2024-09-25 13:05:41: Epoch[009/100], iter[313/392], loss_total:0.84180, loss_equ:1.78516 loss_pq_vm:0.00884 loss_pq_va:0.28938 loss_pv_va:0.28552
INFO|2024-09-25 13:06:20: Epoch[009/100], iter[352/392], loss_total:0.80718, loss_equ:1.51566 loss_pq_vm:0.01205 loss_pq_va:0.26914 loss_pv_va:0.26597
INFO|2024-09-25 13:06:59: Epoch[009/100], iter[392/392], loss_total:1.12034, loss_equ:2.15330 loss_pq_vm:0.01469 loss_pq_va:0.37755 loss_pv_va:0.38052
INFO|2024-09-25 13:08:28: Epoch 8/100, lr:  0.00098035, eta: 12.03h, train_loss:  1.03706, valid_loss:  1.28145
INFO|2024-09-25 13:08:28: 	Train: PQ_Vm_rmse: 0.00094470  PQ_Va_rmse: 0.03826427  PV_Va_rmse: 0.03729528  delta_p: 0.07849448  delta_q: 0.01343572  
INFO|2024-09-25 13:08:28: 	ZTest: PQ_Vm_rmse: 0.00131379  PQ_Va_rmse: 0.04734619  PV_Va_rmse: 0.05200460  delta_p: 0.13308592  delta_q: 0.02179377  
INFO|2024-09-25 13:08:28: 	ZTest-ema: PQ_Vm_rmse: 0.001314  PQ_Va_rmse: 0.047346  PV_Va_rmse: 0.052005  delta_p: 0.133086  delta_q: 0.021794  
INFO|2024-09-25 13:08:28: 	           ValOfEMA:0.052005/0.033026,  Epoch:9/8
INFO|2024-09-25 13:08:28: 	Time(ep):476s,  Val(curr/best):0.052005/0.033026,  Epoch(curr/best):9/8
INFO|2024-09-25 13:08:28: -------------------- Epoch: 10 --------------------
INFO|2024-09-25 13:09:10: Epoch[010/100], iter[040/392], loss_total:0.95649, loss_equ:1.90957 loss_pq_vm:0.01103 loss_pq_va:0.32864 loss_pv_va:0.32656
INFO|2024-09-25 13:09:48: Epoch[010/100], iter[079/392], loss_total:0.85832, loss_equ:1.58636 loss_pq_vm:0.00992 loss_pq_va:0.30194 loss_pv_va:0.29856
INFO|2024-09-25 13:10:27: Epoch[010/100], iter[118/392], loss_total:0.88534, loss_equ:1.56001 loss_pq_vm:0.00957 loss_pq_va:0.31998 loss_pv_va:0.31364
INFO|2024-09-25 13:11:05: Epoch[010/100], iter[157/392], loss_total:0.75584, loss_equ:1.44731 loss_pq_vm:0.00825 loss_pq_va:0.26667 loss_pv_va:0.26198
INFO|2024-09-25 13:11:44: Epoch[010/100], iter[196/392], loss_total:0.79010, loss_equ:1.37944 loss_pq_vm:0.00848 loss_pq_va:0.28507 loss_pv_va:0.28232
INFO|2024-09-25 13:12:23: Epoch[010/100], iter[235/392], loss_total:0.96969, loss_equ:1.65892 loss_pq_vm:0.01283 loss_pq_va:0.34300 loss_pv_va:0.33246
INFO|2024-09-25 13:13:01: Epoch[010/100], iter[274/392], loss_total:0.94491, loss_equ:1.59776 loss_pq_vm:0.01100 loss_pq_va:0.34043 loss_pv_va:0.33467
INFO|2024-09-25 13:13:40: Epoch[010/100], iter[313/392], loss_total:1.00194, loss_equ:1.63019 loss_pq_vm:0.00926 loss_pq_va:0.37404 loss_pv_va:0.37232
INFO|2024-09-25 13:14:18: Epoch[010/100], iter[352/392], loss_total:0.92758, loss_equ:1.76578 loss_pq_vm:0.01023 loss_pq_va:0.32468 loss_pv_va:0.32401
INFO|2024-09-25 13:14:57: Epoch[010/100], iter[392/392], loss_total:0.93137, loss_equ:1.94905 loss_pq_vm:0.01236 loss_pq_va:0.30877 loss_pv_va:0.30412
INFO|2024-09-25 13:16:27: Epoch 9/100, lr:  0.00097577, eta: 11.97h, train_loss:  0.97542, valid_loss:  0.96449
INFO|2024-09-25 13:16:27: 	Train: PQ_Vm_rmse: 0.00067533  PQ_Va_rmse: 0.03580177  PV_Va_rmse: 0.03499092  delta_p: 0.07742674  delta_q: 0.01138295  
INFO|2024-09-25 13:16:27: 	ZTest: PQ_Vm_rmse: 0.00076863  PQ_Va_rmse: 0.03162675  PV_Va_rmse: 0.03053208  delta_p: 0.07848835  delta_q: 0.01261000  
INFO|2024-09-25 13:16:27: 	ZTest-ema: PQ_Vm_rmse: 0.000769  PQ_Va_rmse: 0.031627  PV_Va_rmse: 0.030532  delta_p: 0.078488  delta_q: 0.012610  
INFO|2024-09-25 13:16:27: 	           ValOfEMA:0.031627/0.031627,  Epoch:10/10
INFO|2024-09-25 13:16:28: 	Time(ep):478s,  Val(curr/best):0.031627/0.031627,  Epoch(curr/best):10/10
INFO|2024-09-25 13:16:28: -------------------- Epoch: 11 --------------------
INFO|2024-09-25 13:17:09: Epoch[011/100], iter[040/392], loss_total:1.04299, loss_equ:2.28437 loss_pq_vm:0.00994 loss_pq_va:0.35914 loss_pv_va:0.35606
INFO|2024-09-25 13:17:47: Epoch[011/100], iter[079/392], loss_total:0.90967, loss_equ:2.07699 loss_pq_vm:0.00959 loss_pq_va:0.30631 loss_pv_va:0.29975
INFO|2024-09-25 13:18:26: Epoch[011/100], iter[118/392], loss_total:0.86358, loss_equ:1.53018 loss_pq_vm:0.01225 loss_pq_va:0.29819 loss_pv_va:0.28984
INFO|2024-09-25 13:19:04: Epoch[011/100], iter[157/392], loss_total:1.15070, loss_equ:2.47863 loss_pq_vm:0.01533 loss_pq_va:0.37724 loss_pv_va:0.37226
INFO|2024-09-25 13:19:43: Epoch[011/100], iter[196/392], loss_total:0.84501, loss_equ:1.69126 loss_pq_vm:0.01313 loss_pq_va:0.27329 loss_pv_va:0.27134
INFO|2024-09-25 13:20:22: Epoch[011/100], iter[235/392], loss_total:1.55028, loss_equ:2.08648 loss_pq_vm:0.02075 loss_pq_va:0.57858 loss_pv_va:0.55553
INFO|2024-09-25 13:21:00: Epoch[011/100], iter[274/392], loss_total:1.22269, loss_equ:2.46013 loss_pq_vm:0.01841 loss_pq_va:0.39988 loss_pv_va:0.39271
INFO|2024-09-25 13:21:38: Epoch[011/100], iter[313/392], loss_total:0.85166, loss_equ:1.57382 loss_pq_vm:0.00869 loss_pq_va:0.30791 loss_pv_va:0.29948
INFO|2024-09-25 13:22:17: Epoch[011/100], iter[352/392], loss_total:0.78073, loss_equ:1.34474 loss_pq_vm:0.00855 loss_pq_va:0.28091 loss_pv_va:0.27989
INFO|2024-09-25 13:22:57: Epoch[011/100], iter[392/392], loss_total:0.76194, loss_equ:1.36704 loss_pq_vm:0.00822 loss_pq_va:0.27469 loss_pv_va:0.26833
INFO|2024-09-25 13:24:26: Epoch 10/100, lr:  0.00097074, eta: 11.82h, train_loss:  0.95238, valid_loss:  0.90355
INFO|2024-09-25 13:24:26: 	Train: PQ_Vm_rmse: 0.00067349  PQ_Va_rmse: 0.03410505  PV_Va_rmse: 0.03317448  delta_p: 0.07381213  delta_q: 0.01064543  
INFO|2024-09-25 13:24:26: 	ZTest: PQ_Vm_rmse: 0.00068498  PQ_Va_rmse: 0.02823112  PV_Va_rmse: 0.02735319  delta_p: 0.05344328  delta_q: 0.00836372  
INFO|2024-09-25 13:24:26: 	ZTest-ema: PQ_Vm_rmse: 0.000685  PQ_Va_rmse: 0.028231  PV_Va_rmse: 0.027353  delta_p: 0.053443  delta_q: 0.008364  
INFO|2024-09-25 13:24:26: 	           ValOfEMA:0.028231/0.028231,  Epoch:11/11
INFO|2024-09-25 13:24:26: 	Time(ep):477s,  Val(curr/best):0.028231/0.028231,  Epoch(curr/best):11/11
INFO|2024-09-25 13:24:26: -------------------- Epoch: 12 --------------------
INFO|2024-09-25 13:25:07: Epoch[012/100], iter[040/392], loss_total:0.81947, loss_equ:1.75511 loss_pq_vm:0.00992 loss_pq_va:0.27382 loss_pv_va:0.27092
INFO|2024-09-25 13:25:46: Epoch[012/100], iter[079/392], loss_total:0.93047, loss_equ:1.81819 loss_pq_vm:0.01203 loss_pq_va:0.31368 loss_pv_va:0.31464
INFO|2024-09-25 13:26:25: Epoch[012/100], iter[118/392], loss_total:0.87068, loss_equ:1.50430 loss_pq_vm:0.01011 loss_pq_va:0.31076 loss_pv_va:0.30842
INFO|2024-09-25 13:27:03: Epoch[012/100], iter[157/392], loss_total:0.74518, loss_equ:1.36760 loss_pq_vm:0.00917 loss_pq_va:0.26022 loss_pv_va:0.25649
INFO|2024-09-25 13:27:42: Epoch[012/100], iter[196/392], loss_total:0.90968, loss_equ:1.74686 loss_pq_vm:0.01183 loss_pq_va:0.31538 loss_pv_va:0.30128
INFO|2024-09-25 13:28:20: Epoch[012/100], iter[235/392], loss_total:1.03884, loss_equ:1.92177 loss_pq_vm:0.01580 loss_pq_va:0.34873 loss_pv_va:0.33991
INFO|2024-09-25 13:28:59: Epoch[012/100], iter[274/392], loss_total:0.72305, loss_equ:1.39954 loss_pq_vm:0.00794 loss_pq_va:0.25413 loss_pv_va:0.24956
INFO|2024-09-25 13:29:37: Epoch[012/100], iter[313/392], loss_total:0.74315, loss_equ:1.43677 loss_pq_vm:0.00832 loss_pq_va:0.26008 loss_pv_va:0.25620
INFO|2024-09-25 13:30:16: Epoch[012/100], iter[352/392], loss_total:0.67891, loss_equ:1.30738 loss_pq_vm:0.00773 loss_pq_va:0.23748 loss_pv_va:0.23335
INFO|2024-09-25 13:30:55: Epoch[012/100], iter[392/392], loss_total:0.80062, loss_equ:1.46408 loss_pq_vm:0.01042 loss_pq_va:0.27792 loss_pv_va:0.27205
INFO|2024-09-25 13:32:25: Epoch 11/100, lr:  0.00096524, eta: 11.69h, train_loss:  0.82963, valid_loss:  1.02443
INFO|2024-09-25 13:32:25: 	Train: PQ_Vm_rmse: 0.00062005  PQ_Va_rmse: 0.02575019  PV_Va_rmse: 0.02500709  delta_p: 0.06714275  delta_q: 0.00977971  
INFO|2024-09-25 13:32:25: 	ZTest: PQ_Vm_rmse: 0.00087420  PQ_Va_rmse: 0.05367516  PV_Va_rmse: 0.05064717  delta_p: 0.08249686  delta_q: 0.01222779  
INFO|2024-09-25 13:32:25: 	ZTest-ema: PQ_Vm_rmse: 0.000541  PQ_Va_rmse: 0.022841  PV_Va_rmse: 0.021782  delta_p: 0.040460  delta_q: 0.006057  
INFO|2024-09-25 13:32:25: 	           ValOfEMA:0.022841/0.022841,  Epoch:12/12
INFO|2024-09-25 13:32:25: 	Time(ep):478s,  Val(curr/best):0.053675/0.028231,  Epoch(curr/best):12/11
INFO|2024-09-25 13:32:25: -------------------- Epoch: 13 --------------------
INFO|2024-09-25 13:33:06: Epoch[013/100], iter[040/392], loss_total:0.77391, loss_equ:1.37333 loss_pq_vm:0.00983 loss_pq_va:0.27029 loss_pv_va:0.26801
INFO|2024-09-25 13:33:44: Epoch[013/100], iter[079/392], loss_total:0.72477, loss_equ:1.34555 loss_pq_vm:0.01122 loss_pq_va:0.24089 loss_pv_va:0.23710
INFO|2024-09-25 13:34:23: Epoch[013/100], iter[118/392], loss_total:0.75049, loss_equ:1.34791 loss_pq_vm:0.00773 loss_pq_va:0.27174 loss_pv_va:0.26670
INFO|2024-09-25 13:35:01: Epoch[013/100], iter[157/392], loss_total:0.71470, loss_equ:1.27145 loss_pq_vm:0.00727 loss_pq_va:0.25736 loss_pv_va:0.25746
INFO|2024-09-25 13:35:40: Epoch[013/100], iter[196/392], loss_total:1.14602, loss_equ:1.99434 loss_pq_vm:0.01387 loss_pq_va:0.39618 loss_pv_va:0.41168
INFO|2024-09-25 13:36:19: Epoch[013/100], iter[235/392], loss_total:0.85043, loss_equ:1.64344 loss_pq_vm:0.00848 loss_pq_va:0.29501 loss_pv_va:0.30624
INFO|2024-09-25 13:36:57: Epoch[013/100], iter[274/392], loss_total:0.89704, loss_equ:1.54899 loss_pq_vm:0.00834 loss_pq_va:0.32687 loss_pv_va:0.33186
INFO|2024-09-25 13:37:36: Epoch[013/100], iter[313/392], loss_total:0.76979, loss_equ:1.52193 loss_pq_vm:0.00936 loss_pq_va:0.26279 loss_pv_va:0.26117
INFO|2024-09-25 13:38:15: Epoch[013/100], iter[352/392], loss_total:0.83654, loss_equ:1.42908 loss_pq_vm:0.00849 loss_pq_va:0.30690 loss_pv_va:0.30185
INFO|2024-09-25 13:38:54: Epoch[013/100], iter[392/392], loss_total:0.92592, loss_equ:1.55497 loss_pq_vm:0.00945 loss_pq_va:0.34208 loss_pv_va:0.33389
INFO|2024-09-25 13:40:23: Epoch 12/100, lr:  0.00095929, eta: 11.55h, train_loss:  0.83349, valid_loss:  0.83696
INFO|2024-09-25 13:40:23: 	Train: PQ_Vm_rmse: 0.00062658  PQ_Va_rmse: 0.02762771  PV_Va_rmse: 0.02695979  delta_p: 0.06618516  delta_q: 0.00973765  
INFO|2024-09-25 13:40:23: 	ZTest: PQ_Vm_rmse: 0.00059325  PQ_Va_rmse: 0.02845233  PV_Va_rmse: 0.02716829  delta_p: 0.05688481  delta_q: 0.00757241  
INFO|2024-09-25 13:40:23: 	ZTest-ema: PQ_Vm_rmse: 0.000530  PQ_Va_rmse: 0.023703  PV_Va_rmse: 0.022531  delta_p: 0.041077  delta_q: 0.005329  
INFO|2024-09-25 13:40:23: 	           ValOfEMA:0.023703/0.022841,  Epoch:13/12
INFO|2024-09-25 13:40:23: 	Time(ep):477s,  Val(curr/best):0.028452/0.028231,  Epoch(curr/best):13/11
INFO|2024-09-25 13:40:23: -------------------- Epoch: 14 --------------------
INFO|2024-09-25 13:41:04: Epoch[014/100], iter[040/392], loss_total:0.77767, loss_equ:1.34404 loss_pq_vm:0.00860 loss_pq_va:0.28138 loss_pv_va:0.27584
INFO|2024-09-25 13:41:43: Epoch[014/100], iter[079/392], loss_total:0.81018, loss_equ:1.55308 loss_pq_vm:0.00833 loss_pq_va:0.29186 loss_pv_va:0.27967
INFO|2024-09-25 13:42:22: Epoch[014/100], iter[118/392], loss_total:0.65704, loss_equ:1.33647 loss_pq_vm:0.00728 loss_pq_va:0.22580 loss_pv_va:0.22483
INFO|2024-09-25 13:43:00: Epoch[014/100], iter[157/392], loss_total:0.66429, loss_equ:1.27923 loss_pq_vm:0.00852 loss_pq_va:0.22686 loss_pv_va:0.22428
INFO|2024-09-25 13:43:39: Epoch[014/100], iter[196/392], loss_total:0.66762, loss_equ:1.28388 loss_pq_vm:0.00799 loss_pq_va:0.23251 loss_pv_va:0.22685
INFO|2024-09-25 13:44:18: Epoch[014/100], iter[235/392], loss_total:0.73591, loss_equ:1.76734 loss_pq_vm:0.01013 loss_pq_va:0.23174 loss_pv_va:0.22617
INFO|2024-09-25 13:44:56: Epoch[014/100], iter[274/392], loss_total:0.74931, loss_equ:1.51842 loss_pq_vm:0.01056 loss_pq_va:0.25224 loss_pv_va:0.23967
INFO|2024-09-25 13:45:35: Epoch[014/100], iter[313/392], loss_total:0.72571, loss_equ:1.56870 loss_pq_vm:0.00855 loss_pq_va:0.24519 loss_pv_va:0.23816
INFO|2024-09-25 13:46:14: Epoch[014/100], iter[352/392], loss_total:1.00565, loss_equ:1.80229 loss_pq_vm:0.00969 loss_pq_va:0.36181 loss_pv_va:0.36669
INFO|2024-09-25 13:46:53: Epoch[014/100], iter[392/392], loss_total:0.75264, loss_equ:1.44805 loss_pq_vm:0.00813 loss_pq_va:0.26621 loss_pv_va:0.26036
INFO|2024-09-25 13:48:23: Epoch 13/100, lr:  0.00095289, eta: 11.45h, train_loss:  0.76991, valid_loss:  0.76975
INFO|2024-09-25 13:48:23: 	Train: PQ_Vm_rmse: 0.00054342  PQ_Va_rmse: 0.02320648  PV_Va_rmse: 0.02244883  delta_p: 0.06535283  delta_q: 0.00880038  
INFO|2024-09-25 13:48:23: 	ZTest: PQ_Vm_rmse: 0.00054910  PQ_Va_rmse: 0.02257578  PV_Va_rmse: 0.02162293  delta_p: 0.05608710  delta_q: 0.00697812  
INFO|2024-09-25 13:48:23: 	ZTest-ema: PQ_Vm_rmse: 0.000501  PQ_Va_rmse: 0.022176  PV_Va_rmse: 0.021087  delta_p: 0.041182  delta_q: 0.005287  
INFO|2024-09-25 13:48:23: 	           ValOfEMA:0.022176/0.022176,  Epoch:14/14
INFO|2024-09-25 13:48:23: 	Time(ep):479s,  Val(curr/best):0.022576/0.022576,  Epoch(curr/best):14/14
INFO|2024-09-25 13:48:23: -------------------- Epoch: 15 --------------------
INFO|2024-09-25 13:49:04: Epoch[015/100], iter[040/392], loss_total:0.64514, loss_equ:1.28785 loss_pq_vm:0.00731 loss_pq_va:0.22492 loss_pv_va:0.21834
INFO|2024-09-25 13:49:43: Epoch[015/100], iter[079/392], loss_total:0.70741, loss_equ:1.33623 loss_pq_vm:0.00972 loss_pq_va:0.24065 loss_pv_va:0.23592
INFO|2024-09-25 13:50:21: Epoch[015/100], iter[118/392], loss_total:0.90468, loss_equ:1.59068 loss_pq_vm:0.00868 loss_pq_va:0.33110 loss_pv_va:0.32768
INFO|2024-09-25 13:51:00: Epoch[015/100], iter[157/392], loss_total:0.71067, loss_equ:1.34712 loss_pq_vm:0.00866 loss_pq_va:0.24767 loss_pv_va:0.24171
INFO|2024-09-25 13:51:38: Epoch[015/100], iter[196/392], loss_total:0.85514, loss_equ:1.40360 loss_pq_vm:0.01213 loss_pq_va:0.29704 loss_pv_va:0.29648
INFO|2024-09-25 13:52:17: Epoch[015/100], iter[235/392], loss_total:0.88192, loss_equ:1.42685 loss_pq_vm:0.01594 loss_pq_va:0.29177 loss_pv_va:0.28806
INFO|2024-09-25 13:52:56: Epoch[015/100], iter[274/392], loss_total:0.73321, loss_equ:1.30726 loss_pq_vm:0.00997 loss_pq_va:0.25256 loss_pv_va:0.25022
INFO|2024-09-25 13:53:34: Epoch[015/100], iter[313/392], loss_total:0.77414, loss_equ:1.56260 loss_pq_vm:0.00817 loss_pq_va:0.27184 loss_pv_va:0.26434
INFO|2024-09-25 13:54:13: Epoch[015/100], iter[352/392], loss_total:0.66143, loss_equ:1.18262 loss_pq_vm:0.00749 loss_pq_va:0.23620 loss_pv_va:0.23210
INFO|2024-09-25 13:54:52: Epoch[015/100], iter[392/392], loss_total:0.65213, loss_equ:1.27073 loss_pq_vm:0.00772 loss_pq_va:0.22682 loss_pv_va:0.22099
INFO|2024-09-25 13:56:21: Epoch 14/100, lr:  0.00094605, eta: 11.28h, train_loss:  0.77871, valid_loss:  0.73445
INFO|2024-09-25 13:56:21: 	Train: PQ_Vm_rmse: 0.00071240  PQ_Va_rmse: 0.02389234  PV_Va_rmse: 0.02308060  delta_p: 0.05358198  delta_q: 0.00914182  
INFO|2024-09-25 13:56:21: 	ZTest: PQ_Vm_rmse: 0.00053794  PQ_Va_rmse: 0.02205363  PV_Va_rmse: 0.02082561  delta_p: 0.04848884  delta_q: 0.00613815  
INFO|2024-09-25 13:56:21: 	ZTest-ema: PQ_Vm_rmse: 0.000495  PQ_Va_rmse: 0.020821  PV_Va_rmse: 0.019794  delta_p: 0.035519  delta_q: 0.005182  
INFO|2024-09-25 13:56:21: 	           ValOfEMA:0.020821/0.020821,  Epoch:15/15
INFO|2024-09-25 13:56:22: 	Time(ep):477s,  Val(curr/best):0.022054/0.022054,  Epoch(curr/best):15/15
INFO|2024-09-25 13:56:22: -------------------- Epoch: 16 --------------------
INFO|2024-09-25 13:57:03: Epoch[016/100], iter[040/392], loss_total:0.72782, loss_equ:1.56096 loss_pq_vm:0.00817 loss_pq_va:0.24498 loss_pv_va:0.24505
INFO|2024-09-25 13:57:42: Epoch[016/100], iter[079/392], loss_total:1.41316, loss_equ:1.76484 loss_pq_vm:0.01944 loss_pq_va:0.51999 loss_pv_va:0.52228
INFO|2024-09-25 13:58:20: Epoch[016/100], iter[118/392], loss_total:0.75000, loss_equ:1.43645 loss_pq_vm:0.01156 loss_pq_va:0.24660 loss_pv_va:0.24411
INFO|2024-09-25 13:58:59: Epoch[016/100], iter[157/392], loss_total:0.88324, loss_equ:1.57935 loss_pq_vm:0.00818 loss_pq_va:0.32678 loss_pv_va:0.31676
INFO|2024-09-25 13:59:38: Epoch[016/100], iter[196/392], loss_total:0.83098, loss_equ:1.57011 loss_pq_vm:0.00896 loss_pq_va:0.29426 loss_pv_va:0.29012
INFO|2024-09-25 14:00:16: Epoch[016/100], iter[235/392], loss_total:0.75939, loss_equ:1.58303 loss_pq_vm:0.00860 loss_pq_va:0.26100 loss_pv_va:0.25407
INFO|2024-09-25 14:00:55: Epoch[016/100], iter[274/392], loss_total:0.86956, loss_equ:1.68341 loss_pq_vm:0.00885 loss_pq_va:0.30608 loss_pv_va:0.30661
INFO|2024-09-25 14:01:33: Epoch[016/100], iter[313/392], loss_total:0.81383, loss_equ:1.47788 loss_pq_vm:0.00983 loss_pq_va:0.28580 loss_pv_va:0.28190
INFO|2024-09-25 14:02:12: Epoch[016/100], iter[352/392], loss_total:0.78176, loss_equ:1.68004 loss_pq_vm:0.00855 loss_pq_va:0.26632 loss_pv_va:0.26193
INFO|2024-09-25 14:02:51: Epoch[016/100], iter[392/392], loss_total:0.73432, loss_equ:1.45449 loss_pq_vm:0.00808 loss_pq_va:0.26041 loss_pv_va:0.24765
INFO|2024-09-25 14:04:20: Epoch 15/100, lr:  0.00093877, eta: 11.15h, train_loss:  0.83336, valid_loss:  0.85890
INFO|2024-09-25 14:04:20: 	Train: PQ_Vm_rmse: 0.00073258  PQ_Va_rmse: 0.02661637  PV_Va_rmse: 0.02583287  delta_p: 0.06996412  delta_q: 0.01079609  
INFO|2024-09-25 14:04:20: 	ZTest: PQ_Vm_rmse: 0.00064136  PQ_Va_rmse: 0.03204267  PV_Va_rmse: 0.03012748  delta_p: 0.05866448  delta_q: 0.00664258  
INFO|2024-09-25 14:04:20: 	ZTest-ema: PQ_Vm_rmse: 0.000501  PQ_Va_rmse: 0.022156  PV_Va_rmse: 0.021068  delta_p: 0.036416  delta_q: 0.005000  
INFO|2024-09-25 14:04:20: 	           ValOfEMA:0.022156/0.020821,  Epoch:16/15
INFO|2024-09-25 14:04:20: 	Time(ep):477s,  Val(curr/best):0.032043/0.022054,  Epoch(curr/best):16/15
INFO|2024-09-25 14:04:20: -------------------- Epoch: 17 --------------------
INFO|2024-09-25 14:05:01: Epoch[017/100], iter[040/392], loss_total:0.76841, loss_equ:1.37943 loss_pq_vm:0.01115 loss_pq_va:0.26256 loss_pv_va:0.25636
INFO|2024-09-25 14:05:40: Epoch[017/100], iter[079/392], loss_total:0.99110, loss_equ:1.95649 loss_pq_vm:0.02172 loss_pq_va:0.29414 loss_pv_va:0.28411
INFO|2024-09-25 14:06:19: Epoch[017/100], iter[118/392], loss_total:0.66307, loss_equ:1.42690 loss_pq_vm:0.00840 loss_pq_va:0.21874 loss_pv_va:0.21761
INFO|2024-09-25 14:06:57: Epoch[017/100], iter[157/392], loss_total:0.80521, loss_equ:1.22687 loss_pq_vm:0.00774 loss_pq_va:0.30232 loss_pv_va:0.30283
INFO|2024-09-25 14:07:35: Epoch[017/100], iter[196/392], loss_total:0.66065, loss_equ:1.25809 loss_pq_vm:0.00837 loss_pq_va:0.22706 loss_pv_va:0.22407
INFO|2024-09-25 14:08:14: Epoch[017/100], iter[235/392], loss_total:0.62766, loss_equ:1.23378 loss_pq_vm:0.00698 loss_pq_va:0.22008 loss_pv_va:0.21442
INFO|2024-09-25 14:08:52: Epoch[017/100], iter[274/392], loss_total:0.67808, loss_equ:1.32932 loss_pq_vm:0.01024 loss_pq_va:0.22560 loss_pv_va:0.21716
INFO|2024-09-25 14:09:31: Epoch[017/100], iter[313/392], loss_total:0.65673, loss_equ:1.25480 loss_pq_vm:0.00694 loss_pq_va:0.23407 loss_pv_va:0.22781
INFO|2024-09-25 14:10:09: Epoch[017/100], iter[352/392], loss_total:0.65109, loss_equ:1.20650 loss_pq_vm:0.00657 loss_pq_va:0.23401 loss_pv_va:0.23078
INFO|2024-09-25 14:10:49: Epoch[017/100], iter[392/392], loss_total:0.73426, loss_equ:1.25145 loss_pq_vm:0.00863 loss_pq_va:0.26482 loss_pv_va:0.25804
INFO|2024-09-25 14:12:18: Epoch 16/100, lr:  0.00093107, eta: 11.01h, train_loss:  0.75083, valid_loss:  0.93217
INFO|2024-09-25 14:12:18: 	Train: PQ_Vm_rmse: 0.00060613  PQ_Va_rmse: 0.02292460  PV_Va_rmse: 0.02222644  delta_p: 0.05136130  delta_q: 0.00862076  
INFO|2024-09-25 14:12:18: 	ZTest: PQ_Vm_rmse: 0.00061997  PQ_Va_rmse: 0.04088688  PV_Va_rmse: 0.04002885  delta_p: 0.05835123  delta_q: 0.00810501  
INFO|2024-09-25 14:12:18: 	ZTest-ema: PQ_Vm_rmse: 0.000468  PQ_Va_rmse: 0.020021  PV_Va_rmse: 0.019101  delta_p: 0.032660  delta_q: 0.004516  
INFO|2024-09-25 14:12:18: 	           ValOfEMA:0.020021/0.020021,  Epoch:17/17
INFO|2024-09-25 14:12:18: 	Time(ep):477s,  Val(curr/best):0.040887/0.022054,  Epoch(curr/best):17/15
INFO|2024-09-25 14:12:18: -------------------- Epoch: 18 --------------------
INFO|2024-09-25 14:12:59: Epoch[018/100], iter[040/392], loss_total:0.78566, loss_equ:1.24670 loss_pq_vm:0.00727 loss_pq_va:0.29413 loss_pv_va:0.29413
INFO|2024-09-25 14:13:38: Epoch[018/100], iter[079/392], loss_total:0.64566, loss_equ:1.20025 loss_pq_vm:0.00841 loss_pq_va:0.22371 loss_pv_va:0.21784
INFO|2024-09-25 14:14:17: Epoch[018/100], iter[118/392], loss_total:0.74327, loss_equ:1.44499 loss_pq_vm:0.01125 loss_pq_va:0.24369 loss_pv_va:0.24261
INFO|2024-09-25 14:14:56: Epoch[018/100], iter[157/392], loss_total:0.63587, loss_equ:1.25148 loss_pq_vm:0.00680 loss_pq_va:0.22073 loss_pv_va:0.22196
INFO|2024-09-25 14:15:34: Epoch[018/100], iter[196/392], loss_total:0.60491, loss_equ:1.13712 loss_pq_vm:0.00677 loss_pq_va:0.21443 loss_pv_va:0.20904
INFO|2024-09-25 14:16:13: Epoch[018/100], iter[235/392], loss_total:0.86884, loss_equ:1.47677 loss_pq_vm:0.00959 loss_pq_va:0.31057 loss_pv_va:0.31467
INFO|2024-09-25 14:16:52: Epoch[018/100], iter[274/392], loss_total:0.76473, loss_equ:1.38770 loss_pq_vm:0.00783 loss_pq_va:0.27287 loss_pv_va:0.27476
INFO|2024-09-25 14:17:31: Epoch[018/100], iter[313/392], loss_total:0.92880, loss_equ:1.41455 loss_pq_vm:0.00868 loss_pq_va:0.35414 loss_pv_va:0.34642
INFO|2024-09-25 14:18:09: Epoch[018/100], iter[352/392], loss_total:0.86990, loss_equ:1.82980 loss_pq_vm:0.01085 loss_pq_va:0.28571 loss_pv_va:0.29267
INFO|2024-09-25 14:18:49: Epoch[018/100], iter[392/392], loss_total:0.68004, loss_equ:1.32026 loss_pq_vm:0.01007 loss_pq_va:0.22529 loss_pv_va:0.22200
INFO|2024-09-25 14:20:17: Epoch 17/100, lr:  0.00092294, eta: 10.91h, train_loss:  0.75709, valid_loss:  0.79715
INFO|2024-09-25 14:20:17: 	Train: PQ_Vm_rmse: 0.00046339  PQ_Va_rmse: 0.02404375  PV_Va_rmse: 0.02344544  delta_p: 0.04723895  delta_q: 0.00687210  
INFO|2024-09-25 14:20:17: 	ZTest: PQ_Vm_rmse: 0.00090264  PQ_Va_rmse: 0.02246578  PV_Va_rmse: 0.02142679  delta_p: 0.04741225  delta_q: 0.01004962  
INFO|2024-09-25 14:20:17: 	ZTest-ema: PQ_Vm_rmse: 0.000471  PQ_Va_rmse: 0.019983  PV_Va_rmse: 0.019035  delta_p: 0.033292  delta_q: 0.004573  
INFO|2024-09-25 14:20:17: 	           ValOfEMA:0.019983/0.019983,  Epoch:18/18
INFO|2024-09-25 14:20:18: 	Time(ep):479s,  Val(curr/best):0.022466/0.022054,  Epoch(curr/best):18/15
INFO|2024-09-25 14:20:18: -------------------- Epoch: 19 --------------------
INFO|2024-09-25 14:20:59: Epoch[019/100], iter[040/392], loss_total:0.76846, loss_equ:1.60903 loss_pq_vm:0.00950 loss_pq_va:0.25808 loss_pv_va:0.25448
INFO|2024-09-25 14:21:37: Epoch[019/100], iter[079/392], loss_total:0.68581, loss_equ:1.38633 loss_pq_vm:0.00864 loss_pq_va:0.23400 loss_pv_va:0.22677
INFO|2024-09-25 14:22:16: Epoch[019/100], iter[118/392], loss_total:0.82282, loss_equ:1.70432 loss_pq_vm:0.01329 loss_pq_va:0.26442 loss_pv_va:0.25502
INFO|2024-09-25 14:22:55: Epoch[019/100], iter[157/392], loss_total:0.74068, loss_equ:1.26356 loss_pq_vm:0.00698 loss_pq_va:0.27490 loss_pv_va:0.26960
INFO|2024-09-25 14:23:33: Epoch[019/100], iter[196/392], loss_total:0.66595, loss_equ:1.23082 loss_pq_vm:0.00740 loss_pq_va:0.23886 loss_pv_va:0.22999
INFO|2024-09-25 14:24:12: Epoch[019/100], iter[235/392], loss_total:0.97321, loss_equ:1.69243 loss_pq_vm:0.01044 loss_pq_va:0.35777 loss_pv_va:0.34176
INFO|2024-09-25 14:24:50: Epoch[019/100], iter[274/392], loss_total:0.81564, loss_equ:1.65908 loss_pq_vm:0.00851 loss_pq_va:0.28044 loss_pv_va:0.28419
INFO|2024-09-25 14:25:29: Epoch[019/100], iter[313/392], loss_total:0.70108, loss_equ:1.29818 loss_pq_vm:0.01002 loss_pq_va:0.23792 loss_pv_va:0.23314
INFO|2024-09-25 14:26:07: Epoch[019/100], iter[352/392], loss_total:1.58726, loss_equ:2.59213 loss_pq_vm:0.03970 loss_pq_va:0.47119 loss_pv_va:0.45985
INFO|2024-09-25 14:26:47: Epoch[019/100], iter[392/392], loss_total:0.74361, loss_equ:1.27409 loss_pq_vm:0.00803 loss_pq_va:0.27078 loss_pv_va:0.26516
INFO|2024-09-25 14:28:16: Epoch 18/100, lr:  0.00091440, eta: 10.76h, train_loss:  0.78357, valid_loss:  0.84395
INFO|2024-09-25 14:28:16: 	Train: PQ_Vm_rmse: 0.00067001  PQ_Va_rmse: 0.02492320  PV_Va_rmse: 0.02410722  delta_p: 0.05526497  delta_q: 0.00936686  
INFO|2024-09-25 14:28:16: 	ZTest: PQ_Vm_rmse: 0.00063995  PQ_Va_rmse: 0.03304961  PV_Va_rmse: 0.03143168  delta_p: 0.03793829  delta_q: 0.00570773  
INFO|2024-09-25 14:28:16: 	ZTest-ema: PQ_Vm_rmse: 0.000533  PQ_Va_rmse: 0.024929  PV_Va_rmse: 0.023576  delta_p: 0.024109  delta_q: 0.003783  
INFO|2024-09-25 14:28:16: 	           ValOfEMA:0.024929/0.019983,  Epoch:19/18
INFO|2024-09-25 14:28:16: 	Time(ep):478s,  Val(curr/best):0.033050/0.022054,  Epoch(curr/best):19/15
INFO|2024-09-25 14:28:16: -------------------- Epoch: 20 --------------------
INFO|2024-09-25 14:28:58: Epoch[020/100], iter[040/392], loss_total:0.75689, loss_equ:1.30428 loss_pq_vm:0.00865 loss_pq_va:0.27161 loss_pv_va:0.26834
INFO|2024-09-25 14:29:36: Epoch[020/100], iter[079/392], loss_total:0.64436, loss_equ:1.33466 loss_pq_vm:0.00769 loss_pq_va:0.21923 loss_pv_va:0.21474
INFO|2024-09-25 14:30:15: Epoch[020/100], iter[118/392], loss_total:0.68620, loss_equ:1.26128 loss_pq_vm:0.00991 loss_pq_va:0.23225 loss_pv_va:0.22873
INFO|2024-09-25 14:30:53: Epoch[020/100], iter[157/392], loss_total:0.60483, loss_equ:1.13038 loss_pq_vm:0.00812 loss_pq_va:0.20718 loss_pv_va:0.20343
INFO|2024-09-25 14:31:31: Epoch[020/100], iter[196/392], loss_total:0.79464, loss_equ:1.20321 loss_pq_vm:0.00846 loss_pq_va:0.29833 loss_pv_va:0.29136
INFO|2024-09-25 14:32:10: Epoch[020/100], iter[235/392], loss_total:0.76395, loss_equ:1.61935 loss_pq_vm:0.01298 loss_pq_va:0.23956 loss_pv_va:0.23267
INFO|2024-09-25 14:32:48: Epoch[020/100], iter[274/392], loss_total:0.65784, loss_equ:1.20990 loss_pq_vm:0.00773 loss_pq_va:0.23194 loss_pv_va:0.22761
INFO|2024-09-25 14:33:27: Epoch[020/100], iter[313/392], loss_total:1.27432, loss_equ:2.34144 loss_pq_vm:0.01352 loss_pq_va:0.44685 loss_pv_va:0.45815
INFO|2024-09-25 14:34:05: Epoch[020/100], iter[352/392], loss_total:0.78037, loss_equ:1.28800 loss_pq_vm:0.00807 loss_pq_va:0.28464 loss_pv_va:0.28624
INFO|2024-09-25 14:34:45: Epoch[020/100], iter[392/392], loss_total:0.63358, loss_equ:1.16523 loss_pq_vm:0.00894 loss_pq_va:0.21617 loss_pv_va:0.21148
INFO|2024-09-25 14:36:14: Epoch 19/100, lr:  0.00090546, eta: 10.62h, train_loss:  0.73380, valid_loss:  0.67946
INFO|2024-09-25 14:36:14: 	Train: PQ_Vm_rmse: 0.00051725  PQ_Va_rmse: 0.02200643  PV_Va_rmse: 0.02137345  delta_p: 0.05291874  delta_q: 0.00764661  
INFO|2024-09-25 14:36:14: 	ZTest: PQ_Vm_rmse: 0.00042465  PQ_Va_rmse: 0.01893227  PV_Va_rmse: 0.01806683  delta_p: 0.03670648  delta_q: 0.00488666  
INFO|2024-09-25 14:36:14: 	ZTest-ema: PQ_Vm_rmse: 0.000461  PQ_Va_rmse: 0.020651  PV_Va_rmse: 0.019645  delta_p: 0.030317  delta_q: 0.004118  
INFO|2024-09-25 14:36:14: 	           ValOfEMA:0.020651/0.019983,  Epoch:20/18
INFO|2024-09-25 14:36:15: 	Time(ep):477s,  Val(curr/best):0.018932/0.018932,  Epoch(curr/best):20/20
INFO|2024-09-25 14:36:15: -------------------- Epoch: 21 --------------------
INFO|2024-09-25 14:36:55: Epoch[021/100], iter[040/392], loss_total:0.66809, loss_equ:1.33346 loss_pq_vm:0.00747 loss_pq_va:0.22857 loss_pv_va:0.23149
INFO|2024-09-25 14:37:34: Epoch[021/100], iter[079/392], loss_total:0.67641, loss_equ:1.32592 loss_pq_vm:0.01014 loss_pq_va:0.22410 loss_pv_va:0.21831
INFO|2024-09-25 14:38:12: Epoch[021/100], iter[118/392], loss_total:0.75789, loss_equ:1.37045 loss_pq_vm:0.00748 loss_pq_va:0.27389 loss_pv_va:0.27212
INFO|2024-09-25 14:38:51: Epoch[021/100], iter[157/392], loss_total:0.85232, loss_equ:1.34900 loss_pq_vm:0.00849 loss_pq_va:0.31890 loss_pv_va:0.31366
INFO|2024-09-25 14:39:29: Epoch[021/100], iter[196/392], loss_total:0.82143, loss_equ:1.26133 loss_pq_vm:0.00845 loss_pq_va:0.30216 loss_pv_va:0.30868
INFO|2024-09-25 14:40:08: Epoch[021/100], iter[235/392], loss_total:0.56367, loss_equ:1.02275 loss_pq_vm:0.00650 loss_pq_va:0.20058 loss_pv_va:0.19580
INFO|2024-09-25 14:40:46: Epoch[021/100], iter[274/392], loss_total:0.63177, loss_equ:1.20677 loss_pq_vm:0.00965 loss_pq_va:0.20939 loss_pv_va:0.20523
INFO|2024-09-25 14:41:25: Epoch[021/100], iter[313/392], loss_total:0.62841, loss_equ:1.25280 loss_pq_vm:0.00686 loss_pq_va:0.22221 loss_pv_va:0.21228
INFO|2024-09-25 14:42:03: Epoch[021/100], iter[352/392], loss_total:0.62895, loss_equ:1.22077 loss_pq_vm:0.00786 loss_pq_va:0.21540 loss_pv_va:0.21292
INFO|2024-09-25 14:42:43: Epoch[021/100], iter[392/392], loss_total:0.70506, loss_equ:1.17231 loss_pq_vm:0.00677 loss_pq_va:0.26521 loss_pv_va:0.25490
INFO|2024-09-25 14:44:11: Epoch 20/100, lr:  0.00089613, eta: 10.45h, train_loss:  0.69323, valid_loss:  0.81778
INFO|2024-09-25 14:44:11: 	Train: PQ_Vm_rmse: 0.00045545  PQ_Va_rmse: 0.02060087  PV_Va_rmse: 0.01995566  delta_p: 0.04866048  delta_q: 0.00666829  
INFO|2024-09-25 14:44:11: 	ZTest: PQ_Vm_rmse: 0.00052840  PQ_Va_rmse: 0.03397224  PV_Va_rmse: 0.03217617  delta_p: 0.04369200  delta_q: 0.00557039  
INFO|2024-09-25 14:44:11: 	ZTest-ema: PQ_Vm_rmse: 0.000425  PQ_Va_rmse: 0.017918  PV_Va_rmse: 0.017108  delta_p: 0.029903  delta_q: 0.004189  
INFO|2024-09-25 14:44:11: 	           ValOfEMA:0.017918/0.017918,  Epoch:21/21
INFO|2024-09-25 14:44:12: 	Time(ep):476s,  Val(curr/best):0.033972/0.018932,  Epoch(curr/best):21/20
INFO|2024-09-25 14:44:12: -------------------- Epoch: 22 --------------------
INFO|2024-09-25 14:44:52: Epoch[022/100], iter[040/392], loss_total:0.67268, loss_equ:1.29709 loss_pq_vm:0.00653 loss_pq_va:0.23972 loss_pv_va:0.23796
INFO|2024-09-25 14:45:31: Epoch[022/100], iter[079/392], loss_total:0.61003, loss_equ:1.12354 loss_pq_vm:0.00607 loss_pq_va:0.22158 loss_pv_va:0.21545
INFO|2024-09-25 14:46:09: Epoch[022/100], iter[118/392], loss_total:0.61516, loss_equ:1.28154 loss_pq_vm:0.00652 loss_pq_va:0.21523 loss_pv_va:0.20655
INFO|2024-09-25 14:46:48: Epoch[022/100], iter[157/392], loss_total:0.71608, loss_equ:1.46822 loss_pq_vm:0.00809 loss_pq_va:0.24526 loss_pv_va:0.24307
INFO|2024-09-25 14:47:26: Epoch[022/100], iter[196/392], loss_total:0.61326, loss_equ:1.32885 loss_pq_vm:0.00716 loss_pq_va:0.20573 loss_pv_va:0.20304
INFO|2024-09-25 14:48:05: Epoch[022/100], iter[235/392], loss_total:0.65332, loss_equ:1.24520 loss_pq_vm:0.00919 loss_pq_va:0.22127 loss_pv_va:0.21567
INFO|2024-09-25 14:48:43: Epoch[022/100], iter[274/392], loss_total:0.62434, loss_equ:1.12855 loss_pq_vm:0.00873 loss_pq_va:0.21411 loss_pv_va:0.21007
INFO|2024-09-25 14:49:21: Epoch[022/100], iter[313/392], loss_total:0.63248, loss_equ:1.28036 loss_pq_vm:0.00622 loss_pq_va:0.22175 loss_pv_va:0.22045
INFO|2024-09-25 14:49:59: Epoch[022/100], iter[352/392], loss_total:0.65064, loss_equ:1.30640 loss_pq_vm:0.00752 loss_pq_va:0.22354 loss_pv_va:0.22126
INFO|2024-09-25 14:50:39: Epoch[022/100], iter[392/392], loss_total:0.62835, loss_equ:1.26122 loss_pq_vm:0.00827 loss_pq_va:0.21295 loss_pv_va:0.20656
INFO|2024-09-25 14:52:08: Epoch 21/100, lr:  0.00088640, eta: 10.32h, train_loss:  0.66242, valid_loss:  0.68183
INFO|2024-09-25 14:52:08: 	Train: PQ_Vm_rmse: 0.00038653  PQ_Va_rmse: 0.01874162  PV_Va_rmse: 0.01816856  delta_p: 0.04725168  delta_q: 0.00630513  
INFO|2024-09-25 14:52:08: 	ZTest: PQ_Vm_rmse: 0.00047796  PQ_Va_rmse: 0.02049323  PV_Va_rmse: 0.01976119  delta_p: 0.04771403  delta_q: 0.00661383  
INFO|2024-09-25 14:52:08: 	ZTest-ema: PQ_Vm_rmse: 0.000412  PQ_Va_rmse: 0.017626  PV_Va_rmse: 0.016846  delta_p: 0.029607  delta_q: 0.004100  
INFO|2024-09-25 14:52:08: 	           ValOfEMA:0.017626/0.017626,  Epoch:22/22
INFO|2024-09-25 14:52:08: 	Time(ep):476s,  Val(curr/best):0.020493/0.018932,  Epoch(curr/best):22/20
INFO|2024-09-25 14:52:08: -------------------- Epoch: 23 --------------------
INFO|2024-09-25 14:52:49: Epoch[023/100], iter[040/392], loss_total:0.59117, loss_equ:1.18711 loss_pq_vm:0.00673 loss_pq_va:0.20566 loss_pv_va:0.19952
INFO|2024-09-25 14:53:28: Epoch[023/100], iter[079/392], loss_total:0.67468, loss_equ:1.36471 loss_pq_vm:0.00598 loss_pq_va:0.23390 loss_pv_va:0.24452
INFO|2024-09-25 14:54:06: Epoch[023/100], iter[118/392], loss_total:0.71140, loss_equ:1.23629 loss_pq_vm:0.00709 loss_pq_va:0.25912 loss_pv_va:0.25774
INFO|2024-09-25 14:54:45: Epoch[023/100], iter[157/392], loss_total:0.57175, loss_equ:1.10807 loss_pq_vm:0.00690 loss_pq_va:0.19811 loss_pv_va:0.19384
INFO|2024-09-25 14:55:23: Epoch[023/100], iter[196/392], loss_total:0.78560, loss_equ:1.13161 loss_pq_vm:0.00723 loss_pq_va:0.30381 loss_pv_va:0.29634
INFO|2024-09-25 14:56:02: Epoch[023/100], iter[235/392], loss_total:0.67765, loss_equ:1.35019 loss_pq_vm:0.01338 loss_pq_va:0.20737 loss_pv_va:0.20141
INFO|2024-09-25 14:56:40: Epoch[023/100], iter[274/392], loss_total:0.72485, loss_equ:1.43305 loss_pq_vm:0.00815 loss_pq_va:0.24756 loss_pv_va:0.25243
INFO|2024-09-25 14:57:19: Epoch[023/100], iter[313/392], loss_total:0.62239, loss_equ:1.14731 loss_pq_vm:0.00796 loss_pq_va:0.21552 loss_pv_va:0.21252
INFO|2024-09-25 14:57:58: Epoch[023/100], iter[352/392], loss_total:0.55609, loss_equ:1.00588 loss_pq_vm:0.00598 loss_pq_va:0.19984 loss_pv_va:0.19588
INFO|2024-09-25 14:58:37: Epoch[023/100], iter[392/392], loss_total:0.59996, loss_equ:1.10272 loss_pq_vm:0.00621 loss_pq_va:0.21736 loss_pv_va:0.21024
INFO|2024-09-25 15:00:06: Epoch 22/100, lr:  0.00087630, eta: 10.22h, train_loss:  0.65060, valid_loss:  0.74774
INFO|2024-09-25 15:00:06: 	Train: PQ_Vm_rmse: 0.00039700  PQ_Va_rmse: 0.01811391  PV_Va_rmse: 0.01754293  delta_p: 0.04041803  delta_q: 0.00602289  
INFO|2024-09-25 15:00:06: 	ZTest: PQ_Vm_rmse: 0.00050774  PQ_Va_rmse: 0.02767953  PV_Va_rmse: 0.02655509  delta_p: 0.04138613  delta_q: 0.00595111  
INFO|2024-09-25 15:00:06: 	ZTest-ema: PQ_Vm_rmse: 0.000403  PQ_Va_rmse: 0.016930  PV_Va_rmse: 0.016179  delta_p: 0.027688  delta_q: 0.003905  
INFO|2024-09-25 15:00:06: 	           ValOfEMA:0.016930/0.016930,  Epoch:23/23
INFO|2024-09-25 15:00:06: 	Time(ep):477s,  Val(curr/best):0.027680/0.018932,  Epoch(curr/best):23/20
INFO|2024-09-25 15:00:06: -------------------- Epoch: 24 --------------------
INFO|2024-09-25 15:00:47: Epoch[024/100], iter[040/392], loss_total:0.63370, loss_equ:1.04957 loss_pq_vm:0.00649 loss_pq_va:0.23477 loss_pv_va:0.22904
INFO|2024-09-25 15:01:26: Epoch[024/100], iter[079/392], loss_total:1.05102, loss_equ:2.25856 loss_pq_vm:0.02841 loss_pq_va:0.27312 loss_pv_va:0.26796
INFO|2024-09-25 15:02:04: Epoch[024/100], iter[118/392], loss_total:0.71418, loss_equ:1.22206 loss_pq_vm:0.01034 loss_pq_va:0.24882 loss_pv_va:0.23975
INFO|2024-09-25 15:02:43: Epoch[024/100], iter[157/392], loss_total:0.90853, loss_equ:1.48743 loss_pq_vm:0.01780 loss_pq_va:0.29609 loss_pv_va:0.28569
INFO|2024-09-25 15:03:22: Epoch[024/100], iter[196/392], loss_total:0.67595, loss_equ:1.22208 loss_pq_vm:0.00829 loss_pq_va:0.23596 loss_pv_va:0.23488
INFO|2024-09-25 15:04:00: Epoch[024/100], iter[235/392], loss_total:0.60438, loss_equ:1.11233 loss_pq_vm:0.00878 loss_pq_va:0.20393 loss_pv_va:0.20140
INFO|2024-09-25 15:04:39: Epoch[024/100], iter[274/392], loss_total:0.98423, loss_equ:1.38839 loss_pq_vm:0.02045 loss_pq_va:0.32165 loss_pv_va:0.31929
INFO|2024-09-25 15:05:17: Epoch[024/100], iter[313/392], loss_total:0.93468, loss_equ:1.34335 loss_pq_vm:0.01596 loss_pq_va:0.32413 loss_pv_va:0.31658
INFO|2024-09-25 15:05:56: Epoch[024/100], iter[352/392], loss_total:0.83014, loss_equ:1.21151 loss_pq_vm:0.01155 loss_pq_va:0.30013 loss_pv_va:0.29333
INFO|2024-09-25 15:06:35: Epoch[024/100], iter[392/392], loss_total:0.87344, loss_equ:1.12305 loss_pq_vm:0.01464 loss_pq_va:0.31082 loss_pv_va:0.30389
INFO|2024-09-25 15:08:05: Epoch 23/100, lr:  0.00086584, eta: 10.1h, train_loss:  0.77465, valid_loss:  0.99978
INFO|2024-09-25 15:08:05: 	Train: PQ_Vm_rmse: 0.00088808  PQ_Va_rmse: 0.02473899  PV_Va_rmse: 0.02404159  delta_p: 0.04187539  delta_q: 0.00966628  
INFO|2024-09-25 15:08:05: 	ZTest: PQ_Vm_rmse: 0.00126022  PQ_Va_rmse: 0.04121264  PV_Va_rmse: 0.04032984  delta_p: 0.04278025  delta_q: 0.00898962  
INFO|2024-09-25 15:08:05: 	ZTest-ema: PQ_Vm_rmse: 0.000546  PQ_Va_rmse: 0.018562  PV_Va_rmse: 0.017828  delta_p: 0.030803  delta_q: 0.006217  
INFO|2024-09-25 15:08:05: 	           ValOfEMA:0.018562/0.016930,  Epoch:24/23
INFO|2024-09-25 15:08:05: 	Time(ep):478s,  Val(curr/best):0.041213/0.018932,  Epoch(curr/best):24/20
INFO|2024-09-25 15:08:05: -------------------- Epoch: 25 --------------------
INFO|2024-09-25 15:08:46: Epoch[025/100], iter[040/392], loss_total:0.80997, loss_equ:1.49126 loss_pq_vm:0.01674 loss_pq_va:0.24940 loss_pv_va:0.24408
INFO|2024-09-25 15:09:25: Epoch[025/100], iter[079/392], loss_total:0.85340, loss_equ:1.20830 loss_pq_vm:0.01079 loss_pq_va:0.31497 loss_pv_va:0.30965
INFO|2024-09-25 15:10:04: Epoch[025/100], iter[118/392], loss_total:0.73096, loss_equ:1.10937 loss_pq_vm:0.00950 loss_pq_va:0.26479 loss_pv_va:0.26025
INFO|2024-09-25 15:10:42: Epoch[025/100], iter[157/392], loss_total:0.62433, loss_equ:1.07893 loss_pq_vm:0.01190 loss_pq_va:0.20125 loss_pv_va:0.19616
INFO|2024-09-25 15:11:21: Epoch[025/100], iter[196/392], loss_total:0.66267, loss_equ:1.13144 loss_pq_vm:0.01069 loss_pq_va:0.22358 loss_pv_va:0.21905
INFO|2024-09-25 15:11:59: Epoch[025/100], iter[235/392], loss_total:0.81732, loss_equ:1.14276 loss_pq_vm:0.00890 loss_pq_va:0.31045 loss_pv_va:0.30356
INFO|2024-09-25 15:12:38: Epoch[025/100], iter[274/392], loss_total:0.61684, loss_equ:1.03017 loss_pq_vm:0.00913 loss_pq_va:0.21429 loss_pv_va:0.20824
INFO|2024-09-25 15:13:17: Epoch[025/100], iter[313/392], loss_total:0.77586, loss_equ:1.15600 loss_pq_vm:0.01009 loss_pq_va:0.28209 loss_pv_va:0.27723
INFO|2024-09-25 15:13:55: Epoch[025/100], iter[352/392], loss_total:0.68640, loss_equ:1.07313 loss_pq_vm:0.00858 loss_pq_va:0.24954 loss_pv_va:0.24373
INFO|2024-09-25 15:14:35: Epoch[025/100], iter[392/392], loss_total:0.56496, loss_equ:0.98875 loss_pq_vm:0.00681 loss_pq_va:0.20139 loss_pv_va:0.19663
INFO|2024-09-25 15:16:04: Epoch 24/100, lr:  0.00085502, eta: 9.98h, train_loss:  0.72894, valid_loss:  0.65339
INFO|2024-09-25 15:16:04: 	Train: PQ_Vm_rmse: 0.00092384  PQ_Va_rmse: 0.02218878  PV_Va_rmse: 0.02158082  delta_p: 0.03973183  delta_q: 0.01056872  
INFO|2024-09-25 15:16:04: 	ZTest: PQ_Vm_rmse: 0.00057341  PQ_Va_rmse: 0.01851703  PV_Va_rmse: 0.01805106  delta_p: 0.03690066  delta_q: 0.00668985  
INFO|2024-09-25 15:16:04: 	ZTest-ema: PQ_Vm_rmse: 0.000462  PQ_Va_rmse: 0.017230  PV_Va_rmse: 0.016545  delta_p: 0.029464  delta_q: 0.004555  
INFO|2024-09-25 15:16:04: 	           ValOfEMA:0.017230/0.016930,  Epoch:25/23
INFO|2024-09-25 15:16:05: 	Time(ep):478s,  Val(curr/best):0.018517/0.018517,  Epoch(curr/best):25/25
INFO|2024-09-25 15:16:05: -------------------- Epoch: 26 --------------------
INFO|2024-09-25 15:16:46: Epoch[026/100], iter[040/392], loss_total:0.56306, loss_equ:0.97569 loss_pq_vm:0.00718 loss_pq_va:0.20002 loss_pv_va:0.19370
INFO|2024-09-25 15:17:25: Epoch[026/100], iter[079/392], loss_total:0.64241, loss_equ:1.24155 loss_pq_vm:0.00807 loss_pq_va:0.21859 loss_pv_va:0.21900
INFO|2024-09-25 15:18:03: Epoch[026/100], iter[118/392], loss_total:0.59129, loss_equ:1.11758 loss_pq_vm:0.00633 loss_pq_va:0.21202 loss_pv_va:0.20423
INFO|2024-09-25 15:18:42: Epoch[026/100], iter[157/392], loss_total:0.60283, loss_equ:1.09908 loss_pq_vm:0.00578 loss_pq_va:0.21990 loss_pv_va:0.21522
INFO|2024-09-25 15:19:20: Epoch[026/100], iter[196/392], loss_total:0.58520, loss_equ:1.14500 loss_pq_vm:0.00663 loss_pq_va:0.20389 loss_pv_va:0.20048
INFO|2024-09-25 15:19:59: Epoch[026/100], iter[235/392], loss_total:0.62511, loss_equ:1.13357 loss_pq_vm:0.00649 loss_pq_va:0.22665 loss_pv_va:0.22022
INFO|2024-09-25 15:20:37: Epoch[026/100], iter[274/392], loss_total:0.89968, loss_equ:1.34152 loss_pq_vm:0.00832 loss_pq_va:0.34474 loss_pv_va:0.33756
INFO|2024-09-25 15:21:16: Epoch[026/100], iter[313/392], loss_total:0.57644, loss_equ:1.04096 loss_pq_vm:0.00588 loss_pq_va:0.20778 loss_pv_va:0.20580
INFO|2024-09-25 15:21:54: Epoch[026/100], iter[352/392], loss_total:0.60320, loss_equ:1.13744 loss_pq_vm:0.00755 loss_pq_va:0.20950 loss_pv_va:0.20443
INFO|2024-09-25 15:22:33: Epoch[026/100], iter[392/392], loss_total:0.59621, loss_equ:1.15372 loss_pq_vm:0.00634 loss_pq_va:0.21102 loss_pv_va:0.20639
INFO|2024-09-25 15:24:03: Epoch 25/100, lr:  0.00084385, eta: 9.82h, train_loss:  0.61992, valid_loss:  0.62368
INFO|2024-09-25 15:24:03: 	Train: PQ_Vm_rmse: 0.00035164  PQ_Va_rmse: 0.01621483  PV_Va_rmse: 0.01563213  delta_p: 0.03997533  delta_q: 0.00547792  
INFO|2024-09-25 15:24:03: 	ZTest: PQ_Vm_rmse: 0.00040328  PQ_Va_rmse: 0.01659061  PV_Va_rmse: 0.01588523  delta_p: 0.03261858  delta_q: 0.00479251  
INFO|2024-09-25 15:24:03: 	ZTest-ema: PQ_Vm_rmse: 0.000395  PQ_Va_rmse: 0.015675  PV_Va_rmse: 0.015015  delta_p: 0.026954  delta_q: 0.003718  
INFO|2024-09-25 15:24:03: 	           ValOfEMA:0.015675/0.015675,  Epoch:26/26
INFO|2024-09-25 15:24:04: 	Time(ep):477s,  Val(curr/best):0.016591/0.016591,  Epoch(curr/best):26/26
INFO|2024-09-25 15:24:04: -------------------- Epoch: 27 --------------------
INFO|2024-09-25 15:24:45: Epoch[027/100], iter[040/392], loss_total:0.66172, loss_equ:1.20682 loss_pq_vm:0.00902 loss_pq_va:0.22779 loss_pv_va:0.22308
INFO|2024-09-25 15:25:23: Epoch[027/100], iter[079/392], loss_total:0.70429, loss_equ:1.46338 loss_pq_vm:0.00928 loss_pq_va:0.23414 loss_pv_va:0.23106
INFO|2024-09-25 15:26:02: Epoch[027/100], iter[118/392], loss_total:0.61901, loss_equ:1.32330 loss_pq_vm:0.00709 loss_pq_va:0.20870 loss_pv_va:0.20703
INFO|2024-09-25 15:26:41: Epoch[027/100], iter[157/392], loss_total:0.99051, loss_equ:1.35613 loss_pq_vm:0.01110 loss_pq_va:0.37427 loss_pv_va:0.36966
INFO|2024-09-25 15:27:19: Epoch[027/100], iter[196/392], loss_total:0.67144, loss_equ:1.25632 loss_pq_vm:0.00945 loss_pq_va:0.22765 loss_pv_va:0.22371
INFO|2024-09-25 15:27:58: Epoch[027/100], iter[235/392], loss_total:0.58071, loss_equ:1.37698 loss_pq_vm:0.00748 loss_pq_va:0.18596 loss_pv_va:0.18221
INFO|2024-09-25 15:28:36: Epoch[027/100], iter[274/392], loss_total:0.73017, loss_equ:1.69166 loss_pq_vm:0.00924 loss_pq_va:0.24221 loss_pv_va:0.22638
INFO|2024-09-25 15:29:15: Epoch[027/100], iter[313/392], loss_total:0.57096, loss_equ:1.10940 loss_pq_vm:0.00577 loss_pq_va:0.20370 loss_pv_va:0.19860
INFO|2024-09-25 15:29:53: Epoch[027/100], iter[352/392], loss_total:0.53478, loss_equ:1.05569 loss_pq_vm:0.00564 loss_pq_va:0.18938 loss_pv_va:0.18346
INFO|2024-09-25 15:30:33: Epoch[027/100], iter[392/392], loss_total:0.59834, loss_equ:1.26257 loss_pq_vm:0.00602 loss_pq_va:0.20970 loss_pv_va:0.20219
INFO|2024-09-25 15:32:02: Epoch 26/100, lr:  0.00083235, eta: 9.7h, train_loss:  0.66421, valid_loss:  0.62576
INFO|2024-09-25 15:32:02: 	Train: PQ_Vm_rmse: 0.00045618  PQ_Va_rmse: 0.01859272  PV_Va_rmse: 0.01789423  delta_p: 0.04814572  delta_q: 0.00649941  
INFO|2024-09-25 15:32:02: 	ZTest: PQ_Vm_rmse: 0.00043767  PQ_Va_rmse: 0.01907865  PV_Va_rmse: 0.01797599  delta_p: 0.05018098  delta_q: 0.00661849  
INFO|2024-09-25 15:32:02: 	ZTest-ema: PQ_Vm_rmse: 0.000391  PQ_Va_rmse: 0.015605  PV_Va_rmse: 0.014894  delta_p: 0.025892  delta_q: 0.003488  
INFO|2024-09-25 15:32:02: 	           ValOfEMA:0.015605/0.015605,  Epoch:27/27
INFO|2024-09-25 15:32:02: 	Time(ep):478s,  Val(curr/best):0.019079/0.016591,  Epoch(curr/best):27/26
INFO|2024-09-25 15:32:02: -------------------- Epoch: 28 --------------------
INFO|2024-09-25 15:32:43: Epoch[028/100], iter[040/392], loss_total:0.54973, loss_equ:1.11036 loss_pq_vm:0.00630 loss_pq_va:0.19061 loss_pv_va:0.18506
INFO|2024-09-25 15:33:22: Epoch[028/100], iter[079/392], loss_total:0.58131, loss_equ:1.18249 loss_pq_vm:0.00635 loss_pq_va:0.20203 loss_pv_va:0.19752
INFO|2024-09-25 15:34:00: Epoch[028/100], iter[118/392], loss_total:0.58832, loss_equ:1.17664 loss_pq_vm:0.00678 loss_pq_va:0.20334 loss_pv_va:0.19947
INFO|2024-09-25 15:34:39: Epoch[028/100], iter[157/392], loss_total:0.71539, loss_equ:1.28465 loss_pq_vm:0.00849 loss_pq_va:0.25602 loss_pv_va:0.24605
INFO|2024-09-25 15:35:17: Epoch[028/100], iter[196/392], loss_total:0.82469, loss_equ:1.32034 loss_pq_vm:0.01213 loss_pq_va:0.28978 loss_pv_va:0.28153
INFO|2024-09-25 15:35:56: Epoch[028/100], iter[235/392], loss_total:0.61770, loss_equ:1.02878 loss_pq_vm:0.00686 loss_pq_va:0.22711 loss_pv_va:0.21911
INFO|2024-09-25 15:36:34: Epoch[028/100], iter[274/392], loss_total:0.55922, loss_equ:0.98309 loss_pq_vm:0.00639 loss_pq_va:0.20115 loss_pv_va:0.19581
INFO|2024-09-25 15:37:13: Epoch[028/100], iter[313/392], loss_total:0.52022, loss_equ:0.99677 loss_pq_vm:0.00653 loss_pq_va:0.18044 loss_pv_va:0.17481
INFO|2024-09-25 15:37:52: Epoch[028/100], iter[352/392], loss_total:0.53651, loss_equ:1.01345 loss_pq_vm:0.00600 loss_pq_va:0.18973 loss_pv_va:0.18547
INFO|2024-09-25 15:38:31: Epoch[028/100], iter[392/392], loss_total:0.57881, loss_equ:1.07253 loss_pq_vm:0.00615 loss_pq_va:0.20891 loss_pv_va:0.20118
INFO|2024-09-25 15:40:01: Epoch 27/100, lr:  0.00082052, eta: 9.57h, train_loss:  0.62923, valid_loss:  0.61752
INFO|2024-09-25 15:40:01: 	Train: PQ_Vm_rmse: 0.00042309  PQ_Va_rmse: 0.01683243  PV_Va_rmse: 0.01626881  delta_p: 0.04082863  delta_q: 0.00586364  
INFO|2024-09-25 15:40:01: 	ZTest: PQ_Vm_rmse: 0.00041411  PQ_Va_rmse: 0.01851859  PV_Va_rmse: 0.01765111  delta_p: 0.03381409  delta_q: 0.00490566  
INFO|2024-09-25 15:40:01: 	ZTest-ema: PQ_Vm_rmse: 0.000369  PQ_Va_rmse: 0.014812  PV_Va_rmse: 0.014162  delta_p: 0.026738  delta_q: 0.003586  
INFO|2024-09-25 15:40:01: 	           ValOfEMA:0.014812/0.014812,  Epoch:28/28
INFO|2024-09-25 15:40:01: 	Time(ep):478s,  Val(curr/best):0.018519/0.016591,  Epoch(curr/best):28/26
INFO|2024-09-25 15:40:01: -------------------- Epoch: 29 --------------------
INFO|2024-09-25 15:40:42: Epoch[029/100], iter[040/392], loss_total:0.59418, loss_equ:1.01374 loss_pq_vm:0.00558 loss_pq_va:0.22088 loss_pv_va:0.21609
INFO|2024-09-25 15:41:20: Epoch[029/100], iter[079/392], loss_total:0.66710, loss_equ:1.20884 loss_pq_vm:0.00825 loss_pq_va:0.23409 loss_pv_va:0.22962
INFO|2024-09-25 15:41:59: Epoch[029/100], iter[118/392], loss_total:0.56390, loss_equ:0.96246 loss_pq_vm:0.00695 loss_pq_va:0.20214 loss_pv_va:0.19604
INFO|2024-09-25 15:42:37: Epoch[029/100], iter[157/392], loss_total:0.64425, loss_equ:1.10029 loss_pq_vm:0.00678 loss_pq_va:0.23642 loss_pv_va:0.23004
INFO|2024-09-25 15:43:16: Epoch[029/100], iter[196/392], loss_total:0.57332, loss_equ:1.13224 loss_pq_vm:0.00624 loss_pq_va:0.19954 loss_pv_va:0.19816
INFO|2024-09-25 15:43:55: Epoch[029/100], iter[235/392], loss_total:0.58073, loss_equ:1.33824 loss_pq_vm:0.00811 loss_pq_va:0.18460 loss_pv_va:0.18119
INFO|2024-09-25 15:44:33: Epoch[029/100], iter[274/392], loss_total:0.80689, loss_equ:1.61414 loss_pq_vm:0.00997 loss_pq_va:0.27166 loss_pv_va:0.27413
INFO|2024-09-25 15:45:12: Epoch[029/100], iter[313/392], loss_total:0.60977, loss_equ:1.27146 loss_pq_vm:0.00667 loss_pq_va:0.20972 loss_pv_va:0.20621
INFO|2024-09-25 15:45:50: Epoch[029/100], iter[352/392], loss_total:0.62008, loss_equ:1.33925 loss_pq_vm:0.00618 loss_pq_va:0.20942 loss_pv_va:0.21494
INFO|2024-09-25 15:46:30: Epoch[029/100], iter[392/392], loss_total:0.70440, loss_equ:1.13762 loss_pq_vm:0.00587 loss_pq_va:0.26948 loss_pv_va:0.26245
INFO|2024-09-25 15:47:59: Epoch 28/100, lr:  0.00080839, eta: 9.43h, train_loss:  0.61729, valid_loss:  0.69561
INFO|2024-09-25 15:47:59: 	Train: PQ_Vm_rmse: 0.00034377  PQ_Va_rmse: 0.01616399  PV_Va_rmse: 0.01562969  delta_p: 0.03794808  delta_q: 0.00517163  
INFO|2024-09-25 15:47:59: 	ZTest: PQ_Vm_rmse: 0.00042553  PQ_Va_rmse: 0.02442978  PV_Va_rmse: 0.02352344  delta_p: 0.04525946  delta_q: 0.00575766  
INFO|2024-09-25 15:47:59: 	ZTest-ema: PQ_Vm_rmse: 0.000373  PQ_Va_rmse: 0.015153  PV_Va_rmse: 0.014537  delta_p: 0.026507  delta_q: 0.003271  
INFO|2024-09-25 15:47:59: 	           ValOfEMA:0.015153/0.014812,  Epoch:29/28
INFO|2024-09-25 15:48:00: 	Time(ep):478s,  Val(curr/best):0.024430/0.016591,  Epoch(curr/best):29/26
INFO|2024-09-25 15:48:00: -------------------- Epoch: 30 --------------------
INFO|2024-09-25 15:48:41: Epoch[030/100], iter[040/392], loss_total:0.57946, loss_equ:1.17092 loss_pq_vm:0.00972 loss_pq_va:0.18616 loss_pv_va:0.17897
INFO|2024-09-25 15:49:19: Epoch[030/100], iter[079/392], loss_total:0.50600, loss_equ:0.99417 loss_pq_vm:0.00514 loss_pq_va:0.18125 loss_pv_va:0.17396
INFO|2024-09-25 15:49:58: Epoch[030/100], iter[118/392], loss_total:0.48832, loss_equ:0.95712 loss_pq_vm:0.00500 loss_pq_va:0.17309 loss_pv_va:0.16947
INFO|2024-09-25 15:50:36: Epoch[030/100], iter[157/392], loss_total:0.61718, loss_equ:1.21505 loss_pq_vm:0.00748 loss_pq_va:0.21157 loss_pv_va:0.20933
INFO|2024-09-25 15:51:14: Epoch[030/100], iter[196/392], loss_total:0.58362, loss_equ:0.96439 loss_pq_vm:0.00560 loss_pq_va:0.21870 loss_pv_va:0.21252
INFO|2024-09-25 15:51:53: Epoch[030/100], iter[235/392], loss_total:0.51380, loss_equ:1.04548 loss_pq_vm:0.00587 loss_pq_va:0.17698 loss_pv_va:0.17357
INFO|2024-09-25 15:52:32: Epoch[030/100], iter[274/392], loss_total:0.59610, loss_equ:1.09330 loss_pq_vm:0.00786 loss_pq_va:0.20610 loss_pv_va:0.20203
INFO|2024-09-25 15:53:10: Epoch[030/100], iter[313/392], loss_total:0.74000, loss_equ:1.04915 loss_pq_vm:0.00692 loss_pq_va:0.28815 loss_pv_va:0.27772
INFO|2024-09-25 15:53:49: Epoch[030/100], iter[352/392], loss_total:0.69807, loss_equ:1.30879 loss_pq_vm:0.01451 loss_pq_va:0.21371 loss_pv_va:0.20836
INFO|2024-09-25 15:54:28: Epoch[030/100], iter[392/392], loss_total:0.61239, loss_equ:1.09611 loss_pq_vm:0.00638 loss_pq_va:0.21931 loss_pv_va:0.21970
INFO|2024-09-25 15:55:57: Epoch 29/100, lr:  0.00079595, eta: 9.28h, train_loss:  0.61621, valid_loss:  0.68563
INFO|2024-09-25 15:55:57: 	Train: PQ_Vm_rmse: 0.00037944  PQ_Va_rmse: 0.01691125  PV_Va_rmse: 0.01637737  delta_p: 0.03507625  delta_q: 0.00494154  
INFO|2024-09-25 15:55:57: 	ZTest: PQ_Vm_rmse: 0.00044410  PQ_Va_rmse: 0.01711094  PV_Va_rmse: 0.01758420  delta_p: 0.06099090  delta_q: 0.00615562  
INFO|2024-09-25 15:55:57: 	ZTest-ema: PQ_Vm_rmse: 0.000373  PQ_Va_rmse: 0.015000  PV_Va_rmse: 0.014407  delta_p: 0.024967  delta_q: 0.003826  
INFO|2024-09-25 15:55:57: 	           ValOfEMA:0.015000/0.014812,  Epoch:30/28
INFO|2024-09-25 15:55:57: 	Time(ep):477s,  Val(curr/best):0.017584/0.016591,  Epoch(curr/best):30/26
INFO|2024-09-25 15:55:57: -------------------- Epoch: 31 --------------------
INFO|2024-09-25 15:56:39: Epoch[031/100], iter[040/392], loss_total:0.58458, loss_equ:1.18004 loss_pq_vm:0.00631 loss_pq_va:0.20107 loss_pv_va:0.20241
INFO|2024-09-25 15:57:17: Epoch[031/100], iter[079/392], loss_total:0.53562, loss_equ:0.96141 loss_pq_vm:0.00543 loss_pq_va:0.19545 loss_pv_va:0.18977
INFO|2024-09-25 15:57:56: Epoch[031/100], iter[118/392], loss_total:0.51020, loss_equ:0.97353 loss_pq_vm:0.00624 loss_pq_va:0.17738 loss_pv_va:0.17310
INFO|2024-09-25 15:58:34: Epoch[031/100], iter[157/392], loss_total:0.69470, loss_equ:1.12678 loss_pq_vm:0.01113 loss_pq_va:0.23762 loss_pv_va:0.23310
INFO|2024-09-25 15:59:13: Epoch[031/100], iter[196/392], loss_total:0.65304, loss_equ:1.04754 loss_pq_vm:0.00936 loss_pq_va:0.22996 loss_pv_va:0.22473
INFO|2024-09-25 15:59:51: Epoch[031/100], iter[235/392], loss_total:0.55986, loss_equ:1.03642 loss_pq_vm:0.00881 loss_pq_va:0.18653 loss_pv_va:0.18162
INFO|2024-09-25 16:00:30: Epoch[031/100], iter[274/392], loss_total:0.51805, loss_equ:1.02027 loss_pq_vm:0.00590 loss_pq_va:0.17923 loss_pv_va:0.17776
INFO|2024-09-25 16:01:09: Epoch[031/100], iter[313/392], loss_total:0.61943, loss_equ:1.06873 loss_pq_vm:0.00621 loss_pq_va:0.22685 loss_pv_va:0.22357
INFO|2024-09-25 16:01:47: Epoch[031/100], iter[352/392], loss_total:0.58788, loss_equ:1.00543 loss_pq_vm:0.00749 loss_pq_va:0.20927 loss_pv_va:0.20311
INFO|2024-09-25 16:02:27: Epoch[031/100], iter[392/392], loss_total:0.63245, loss_equ:1.10345 loss_pq_vm:0.00822 loss_pq_va:0.22390 loss_pv_va:0.21603
INFO|2024-09-25 16:03:56: Epoch 30/100, lr:  0.00078323, eta: 9.17h, train_loss:  0.60635, valid_loss:  0.61118
INFO|2024-09-25 16:03:56: 	Train: PQ_Vm_rmse: 0.00043755  PQ_Va_rmse: 0.01607905  PV_Va_rmse: 0.01557764  delta_p: 0.03322336  delta_q: 0.00531723  
INFO|2024-09-25 16:03:56: 	ZTest: PQ_Vm_rmse: 0.00043132  PQ_Va_rmse: 0.01540004  PV_Va_rmse: 0.01467421  delta_p: 0.03207027  delta_q: 0.00566527  
INFO|2024-09-25 16:03:56: 	ZTest-ema: PQ_Vm_rmse: 0.000362  PQ_Va_rmse: 0.014017  PV_Va_rmse: 0.013450  delta_p: 0.023874  delta_q: 0.003298  
INFO|2024-09-25 16:03:56: 	           ValOfEMA:0.014017/0.014017,  Epoch:31/31
INFO|2024-09-25 16:03:56: 	Time(ep):478s,  Val(curr/best):0.015400/0.015400,  Epoch(curr/best):31/31
INFO|2024-09-25 16:03:56: -------------------- Epoch: 32 --------------------
INFO|2024-09-25 16:04:37: Epoch[032/100], iter[040/392], loss_total:0.50993, loss_equ:1.02846 loss_pq_vm:0.00650 loss_pq_va:0.17364 loss_pv_va:0.16841
INFO|2024-09-25 16:05:16: Epoch[032/100], iter[079/392], loss_total:0.53570, loss_equ:0.97157 loss_pq_vm:0.00628 loss_pq_va:0.19003 loss_pv_va:0.18569
INFO|2024-09-25 16:05:54: Epoch[032/100], iter[118/392], loss_total:0.49592, loss_equ:1.00461 loss_pq_vm:0.00614 loss_pq_va:0.16938 loss_pv_va:0.16464
INFO|2024-09-25 16:06:33: Epoch[032/100], iter[157/392], loss_total:0.50901, loss_equ:0.97704 loss_pq_vm:0.00604 loss_pq_va:0.17609 loss_pv_va:0.17479
INFO|2024-09-25 16:07:12: Epoch[032/100], iter[196/392], loss_total:0.58248, loss_equ:1.28905 loss_pq_vm:0.00614 loss_pq_va:0.19831 loss_pv_va:0.19388
INFO|2024-09-25 16:07:50: Epoch[032/100], iter[235/392], loss_total:0.87898, loss_equ:1.22697 loss_pq_vm:0.01120 loss_pq_va:0.32812 loss_pv_va:0.31617
INFO|2024-09-25 16:08:29: Epoch[032/100], iter[274/392], loss_total:0.55407, loss_equ:1.03940 loss_pq_vm:0.00936 loss_pq_va:0.17990 loss_pv_va:0.17665
INFO|2024-09-25 16:09:07: Epoch[032/100], iter[313/392], loss_total:0.64300, loss_equ:1.02501 loss_pq_vm:0.00648 loss_pq_va:0.23983 loss_pv_va:0.23591
INFO|2024-09-25 16:09:46: Epoch[032/100], iter[352/392], loss_total:0.53797, loss_equ:1.06187 loss_pq_vm:0.00608 loss_pq_va:0.18710 loss_pv_va:0.18387
INFO|2024-09-25 16:10:26: Epoch[032/100], iter[392/392], loss_total:0.49149, loss_equ:0.93286 loss_pq_vm:0.00553 loss_pq_va:0.17380 loss_pv_va:0.16905
INFO|2024-09-25 16:11:55: Epoch 31/100, lr:  0.00077023, eta: 9.04h, train_loss:  0.57286, valid_loss:  0.57312
INFO|2024-09-25 16:11:55: 	Train: PQ_Vm_rmse: 0.00035111  PQ_Va_rmse: 0.01373651  PV_Va_rmse: 0.01331935  delta_p: 0.03143664  delta_q: 0.00483964  
INFO|2024-09-25 16:11:55: 	ZTest: PQ_Vm_rmse: 0.00039107  PQ_Va_rmse: 0.01625867  PV_Va_rmse: 0.01567479  delta_p: 0.02929040  delta_q: 0.00407108  
INFO|2024-09-25 16:11:55: 	ZTest-ema: PQ_Vm_rmse: 0.000357  PQ_Va_rmse: 0.014008  PV_Va_rmse: 0.013450  delta_p: 0.025115  delta_q: 0.003368  
INFO|2024-09-25 16:11:55: 	           ValOfEMA:0.014008/0.014008,  Epoch:32/32
INFO|2024-09-25 16:11:56: 	Time(ep):478s,  Val(curr/best):0.016259/0.015400,  Epoch(curr/best):32/31
INFO|2024-09-25 16:11:56: -------------------- Epoch: 33 --------------------
INFO|2024-09-25 16:12:37: Epoch[033/100], iter[040/392], loss_total:0.53545, loss_equ:0.96785 loss_pq_vm:0.00560 loss_pq_va:0.19446 loss_pv_va:0.18824
INFO|2024-09-25 16:13:16: Epoch[033/100], iter[079/392], loss_total:0.58210, loss_equ:1.33124 loss_pq_vm:0.00677 loss_pq_va:0.18904 loss_pv_va:0.19226
INFO|2024-09-25 16:13:54: Epoch[033/100], iter[118/392], loss_total:0.66110, loss_equ:1.19476 loss_pq_vm:0.00667 loss_pq_va:0.23455 loss_pv_va:0.24033
INFO|2024-09-25 16:14:33: Epoch[033/100], iter[157/392], loss_total:0.56004, loss_equ:1.00293 loss_pq_vm:0.00554 loss_pq_va:0.20471 loss_pv_va:0.19963
INFO|2024-09-25 16:15:11: Epoch[033/100], iter[196/392], loss_total:0.50699, loss_equ:0.99647 loss_pq_vm:0.00678 loss_pq_va:0.17306 loss_pv_va:0.16646
INFO|2024-09-25 16:15:50: Epoch[033/100], iter[235/392], loss_total:0.72628, loss_equ:1.15411 loss_pq_vm:0.01050 loss_pq_va:0.25420 loss_pv_va:0.25162
INFO|2024-09-25 16:16:29: Epoch[033/100], iter[274/392], loss_total:0.68806, loss_equ:1.19406 loss_pq_vm:0.00948 loss_pq_va:0.23915 loss_pv_va:0.23468
INFO|2024-09-25 16:17:07: Epoch[033/100], iter[313/392], loss_total:0.57858, loss_equ:1.05794 loss_pq_vm:0.00685 loss_pq_va:0.20454 loss_pv_va:0.19972
INFO|2024-09-25 16:17:46: Epoch[033/100], iter[352/392], loss_total:0.53473, loss_equ:1.15284 loss_pq_vm:0.00602 loss_pq_va:0.18171 loss_pv_va:0.17751
INFO|2024-09-25 16:18:26: Epoch[033/100], iter[392/392], loss_total:0.51393, loss_equ:0.97792 loss_pq_vm:0.00572 loss_pq_va:0.18038 loss_pv_va:0.17857
INFO|2024-09-25 16:19:55: Epoch 32/100, lr:  0.00075698, eta: 8.91h, train_loss:  0.59703, valid_loss:  0.57852
INFO|2024-09-25 16:19:55: 	Train: PQ_Vm_rmse: 0.00034971  PQ_Va_rmse: 0.01549410  PV_Va_rmse: 0.01498436  delta_p: 0.03300723  delta_q: 0.00480620  
INFO|2024-09-25 16:19:55: 	ZTest: PQ_Vm_rmse: 0.00036302  PQ_Va_rmse: 0.01432937  PV_Va_rmse: 0.01371245  delta_p: 0.03584685  delta_q: 0.00535884  
INFO|2024-09-25 16:19:55: 	ZTest-ema: PQ_Vm_rmse: 0.000349  PQ_Va_rmse: 0.014159  PV_Va_rmse: 0.013621  delta_p: 0.023809  delta_q: 0.003139  
INFO|2024-09-25 16:19:55: 	           ValOfEMA:0.014159/0.014008,  Epoch:33/32
INFO|2024-09-25 16:19:55: 	Time(ep):478s,  Val(curr/best):0.014329/0.014329,  Epoch(curr/best):33/33
INFO|2024-09-25 16:19:55: -------------------- Epoch: 34 --------------------
INFO|2024-09-25 16:20:36: Epoch[034/100], iter[040/392], loss_total:0.46606, loss_equ:0.88752 loss_pq_vm:0.00488 loss_pq_va:0.16636 loss_pv_va:0.16211
INFO|2024-09-25 16:21:15: Epoch[034/100], iter[079/392], loss_total:0.64560, loss_equ:1.03034 loss_pq_vm:0.00538 loss_pq_va:0.24718 loss_pv_va:0.24163
INFO|2024-09-25 16:21:53: Epoch[034/100], iter[118/392], loss_total:0.50338, loss_equ:0.95210 loss_pq_vm:0.00555 loss_pq_va:0.17825 loss_pv_va:0.17444
INFO|2024-09-25 16:22:32: Epoch[034/100], iter[157/392], loss_total:0.50421, loss_equ:0.94585 loss_pq_vm:0.00757 loss_pq_va:0.16952 loss_pv_va:0.16440
INFO|2024-09-25 16:23:11: Epoch[034/100], iter[196/392], loss_total:0.57540, loss_equ:1.15152 loss_pq_vm:0.00685 loss_pq_va:0.19628 loss_pv_va:0.19550
INFO|2024-09-25 16:23:50: Epoch[034/100], iter[235/392], loss_total:0.53361, loss_equ:0.99813 loss_pq_vm:0.00638 loss_pq_va:0.18800 loss_pv_va:0.18203
INFO|2024-09-25 16:24:29: Epoch[034/100], iter[274/392], loss_total:0.50722, loss_equ:0.92503 loss_pq_vm:0.00536 loss_pq_va:0.18335 loss_pv_va:0.17778
INFO|2024-09-25 16:25:08: Epoch[034/100], iter[313/392], loss_total:0.57913, loss_equ:0.90711 loss_pq_vm:0.00528 loss_pq_va:0.22288 loss_pv_va:0.21272
INFO|2024-09-25 16:25:47: Epoch[034/100], iter[352/392], loss_total:0.56601, loss_equ:1.02361 loss_pq_vm:0.00596 loss_pq_va:0.20418 loss_pv_va:0.19982
INFO|2024-09-25 16:26:26: Epoch[034/100], iter[392/392], loss_total:0.53932, loss_equ:1.02888 loss_pq_vm:0.00662 loss_pq_va:0.18767 loss_pv_va:0.18252
INFO|2024-09-25 16:27:55: Epoch 33/100, lr:  0.00074347, eta: 8.8h, train_loss:  0.54245, valid_loss:  0.57851
INFO|2024-09-25 16:27:55: 	Train: PQ_Vm_rmse: 0.00027986  PQ_Va_rmse: 0.01315711  PV_Va_rmse: 0.01276292  delta_p: 0.02810470  delta_q: 0.00408214  
INFO|2024-09-25 16:27:55: 	ZTest: PQ_Vm_rmse: 0.00036883  PQ_Va_rmse: 0.01397371  PV_Va_rmse: 0.01357934  delta_p: 0.03707968  delta_q: 0.00548416  
INFO|2024-09-25 16:27:55: 	ZTest-ema: PQ_Vm_rmse: 0.000343  PQ_Va_rmse: 0.013228  PV_Va_rmse: 0.012745  delta_p: 0.023681  delta_q: 0.003301  
INFO|2024-09-25 16:27:55: 	           ValOfEMA:0.013228/0.013228,  Epoch:34/34
INFO|2024-09-25 16:27:56: 	Time(ep):479s,  Val(curr/best):0.013974/0.013974,  Epoch(curr/best):34/34
INFO|2024-09-25 16:27:56: -------------------- Epoch: 35 --------------------
INFO|2024-09-25 16:28:37: Epoch[035/100], iter[040/392], loss_total:0.54840, loss_equ:0.94454 loss_pq_vm:0.00540 loss_pq_va:0.20183 loss_pv_va:0.19814
INFO|2024-09-25 16:29:15: Epoch[035/100], iter[079/392], loss_total:0.51578, loss_equ:0.96773 loss_pq_vm:0.00538 loss_pq_va:0.18371 loss_pv_va:0.18150
INFO|2024-09-25 16:29:53: Epoch[035/100], iter[118/392], loss_total:0.50774, loss_equ:1.05647 loss_pq_vm:0.00616 loss_pq_va:0.17252 loss_pv_va:0.16802
INFO|2024-09-25 16:30:32: Epoch[035/100], iter[157/392], loss_total:0.67914, loss_equ:1.38800 loss_pq_vm:0.01147 loss_pq_va:0.21145 loss_pv_va:0.21414
INFO|2024-09-25 16:31:10: Epoch[035/100], iter[196/392], loss_total:0.57075, loss_equ:1.27812 loss_pq_vm:0.00757 loss_pq_va:0.18563 loss_pv_va:0.18162
INFO|2024-09-25 16:31:49: Epoch[035/100], iter[235/392], loss_total:0.53223, loss_equ:1.29212 loss_pq_vm:0.00563 loss_pq_va:0.17499 loss_pv_va:0.17176
INFO|2024-09-25 16:32:27: Epoch[035/100], iter[274/392], loss_total:0.49973, loss_equ:1.14710 loss_pq_vm:0.00710 loss_pq_va:0.15904 loss_pv_va:0.15501
INFO|2024-09-25 16:33:06: Epoch[035/100], iter[313/392], loss_total:0.45333, loss_equ:0.91739 loss_pq_vm:0.00476 loss_pq_va:0.15799 loss_pv_va:0.15605
INFO|2024-09-25 16:33:44: Epoch[035/100], iter[352/392], loss_total:0.59005, loss_equ:1.06365 loss_pq_vm:0.00653 loss_pq_va:0.21192 loss_pv_va:0.20644
INFO|2024-09-25 16:34:24: Epoch[035/100], iter[392/392], loss_total:0.48220, loss_equ:0.90048 loss_pq_vm:0.00563 loss_pq_va:0.16981 loss_pv_va:0.16609
INFO|2024-09-25 16:35:53: Epoch 34/100, lr:  0.00072973, eta: 8.6h, train_loss:  0.54847, valid_loss:  0.55912
INFO|2024-09-25 16:35:53: 	Train: PQ_Vm_rmse: 0.00027422  PQ_Va_rmse: 0.01198359  PV_Va_rmse: 0.01165494  delta_p: 0.03245672  delta_q: 0.00439284  
INFO|2024-09-25 16:35:53: 	ZTest: PQ_Vm_rmse: 0.00039371  PQ_Va_rmse: 0.01359102  PV_Va_rmse: 0.01321663  delta_p: 0.02810333  delta_q: 0.00386757  
INFO|2024-09-25 16:35:53: 	ZTest-ema: PQ_Vm_rmse: 0.000323  PQ_Va_rmse: 0.012517  PV_Va_rmse: 0.012018  delta_p: 0.019570  delta_q: 0.002756  
INFO|2024-09-25 16:35:53: 	           ValOfEMA:0.012517/0.012517,  Epoch:35/35
INFO|2024-09-25 16:35:53: 	Time(ep):476s,  Val(curr/best):0.013591/0.013591,  Epoch(curr/best):35/35
INFO|2024-09-25 16:35:53: -------------------- Epoch: 36 --------------------
INFO|2024-09-25 16:36:35: Epoch[036/100], iter[040/392], loss_total:0.48542, loss_equ:0.87243 loss_pq_vm:0.00491 loss_pq_va:0.17711 loss_pv_va:0.17193
INFO|2024-09-25 16:37:13: Epoch[036/100], iter[079/392], loss_total:0.63014, loss_equ:0.90907 loss_pq_vm:0.00518 loss_pq_va:0.25021 loss_pv_va:0.23726
INFO|2024-09-25 16:37:52: Epoch[036/100], iter[118/392], loss_total:0.45354, loss_equ:0.85508 loss_pq_vm:0.00538 loss_pq_va:0.15900 loss_pv_va:0.15524
INFO|2024-09-25 16:38:30: Epoch[036/100], iter[157/392], loss_total:0.47930, loss_equ:0.87861 loss_pq_vm:0.00547 loss_pq_va:0.17091 loss_pv_va:0.16585
INFO|2024-09-25 16:39:09: Epoch[036/100], iter[196/392], loss_total:0.50154, loss_equ:1.01461 loss_pq_vm:0.00551 loss_pq_va:0.17514 loss_pv_va:0.16982
INFO|2024-09-25 16:39:47: Epoch[036/100], iter[235/392], loss_total:0.45946, loss_equ:0.92275 loss_pq_vm:0.00501 loss_pq_va:0.16142 loss_pv_va:0.15564
INFO|2024-09-25 16:40:26: Epoch[036/100], iter[274/392], loss_total:0.49853, loss_equ:0.99309 loss_pq_vm:0.00689 loss_pq_va:0.16802 loss_pv_va:0.16228
INFO|2024-09-25 16:41:04: Epoch[036/100], iter[313/392], loss_total:0.46563, loss_equ:0.90354 loss_pq_vm:0.00522 loss_pq_va:0.16317 loss_pv_va:0.15994
INFO|2024-09-25 16:41:42: Epoch[036/100], iter[352/392], loss_total:0.53674, loss_equ:1.25440 loss_pq_vm:0.00571 loss_pq_va:0.18010 loss_pv_va:0.17406
INFO|2024-09-25 16:42:22: Epoch[036/100], iter[392/392], loss_total:0.53836, loss_equ:1.09559 loss_pq_vm:0.00637 loss_pq_va:0.18556 loss_pv_va:0.17950
INFO|2024-09-25 16:43:50: Epoch 35/100, lr:  0.00071576, eta: 8.48h, train_loss:  0.50824, valid_loss:  0.66620
INFO|2024-09-25 16:43:50: 	Train: PQ_Vm_rmse: 0.00024909  PQ_Va_rmse: 0.01120655  PV_Va_rmse: 0.01085724  delta_p: 0.02485380  delta_q: 0.00349901  
INFO|2024-09-25 16:43:50: 	ZTest: PQ_Vm_rmse: 0.00058792  PQ_Va_rmse: 0.01888145  PV_Va_rmse: 0.01820796  delta_p: 0.03647393  delta_q: 0.00658932  
INFO|2024-09-25 16:43:50: 	ZTest-ema: PQ_Vm_rmse: 0.000321  PQ_Va_rmse: 0.012646  PV_Va_rmse: 0.012169  delta_p: 0.026691  delta_q: 0.003354  
INFO|2024-09-25 16:43:50: 	           ValOfEMA:0.012646/0.012517,  Epoch:36/35
INFO|2024-09-25 16:43:51: 	Time(ep):476s,  Val(curr/best):0.018881/0.013591,  Epoch(curr/best):36/35
INFO|2024-09-25 16:43:51: -------------------- Epoch: 37 --------------------
INFO|2024-09-25 16:44:32: Epoch[037/100], iter[040/392], loss_total:0.86003, loss_equ:1.16084 loss_pq_vm:0.00883 loss_pq_va:0.33285 loss_pv_va:0.32280
INFO|2024-09-25 16:45:10: Epoch[037/100], iter[079/392], loss_total:0.77671, loss_equ:1.09033 loss_pq_vm:0.01163 loss_pq_va:0.27976 loss_pv_va:0.27164
INFO|2024-09-25 16:45:49: Epoch[037/100], iter[118/392], loss_total:0.58135, loss_equ:1.00394 loss_pq_vm:0.00988 loss_pq_va:0.19304 loss_pv_va:0.18913
INFO|2024-09-25 16:46:28: Epoch[037/100], iter[157/392], loss_total:0.59371, loss_equ:1.13002 loss_pq_vm:0.01343 loss_pq_va:0.17537 loss_pv_va:0.17108
INFO|2024-09-25 16:47:06: Epoch[037/100], iter[196/392], loss_total:0.59438, loss_equ:1.05970 loss_pq_vm:0.00850 loss_pq_va:0.20311 loss_pv_va:0.20030
INFO|2024-09-25 16:47:45: Epoch[037/100], iter[235/392], loss_total:0.50024, loss_equ:0.86833 loss_pq_vm:0.00555 loss_pq_va:0.18098 loss_pv_va:0.17696
INFO|2024-09-25 16:48:23: Epoch[037/100], iter[274/392], loss_total:0.51532, loss_equ:0.97884 loss_pq_vm:0.00533 loss_pq_va:0.18490 loss_pv_va:0.17919
INFO|2024-09-25 16:49:02: Epoch[037/100], iter[313/392], loss_total:0.50824, loss_equ:0.88361 loss_pq_vm:0.00596 loss_pq_va:0.18246 loss_pv_va:0.17780
INFO|2024-09-25 16:49:40: Epoch[037/100], iter[352/392], loss_total:0.60264, loss_equ:0.92236 loss_pq_vm:0.00549 loss_pq_va:0.23085 loss_pv_va:0.22470
INFO|2024-09-25 16:50:19: Epoch[037/100], iter[392/392], loss_total:0.51497, loss_equ:0.91592 loss_pq_vm:0.00525 loss_pq_va:0.18763 loss_pv_va:0.18323
INFO|2024-09-25 16:51:48: Epoch 36/100, lr:  0.00070159, eta: 8.36h, train_loss:  0.61213, valid_loss:  0.64228
INFO|2024-09-25 16:51:48: 	Train: PQ_Vm_rmse: 0.00058663  PQ_Va_rmse: 0.01687480  PV_Va_rmse: 0.01629180  delta_p: 0.03452522  delta_q: 0.00654341  
INFO|2024-09-25 16:51:48: 	ZTest: PQ_Vm_rmse: 0.00037584  PQ_Va_rmse: 0.02148710  PV_Va_rmse: 0.02105402  delta_p: 0.03136737  delta_q: 0.00375619  
INFO|2024-09-25 16:51:48: 	ZTest-ema: PQ_Vm_rmse: 0.000349  PQ_Va_rmse: 0.012969  PV_Va_rmse: 0.012415  delta_p: 0.022542  delta_q: 0.002974  
INFO|2024-09-25 16:51:49: 	           ValOfEMA:0.012969/0.012517,  Epoch:37/35
INFO|2024-09-25 16:51:49: 	Time(ep):477s,  Val(curr/best):0.021487/0.013591,  Epoch(curr/best):37/35
INFO|2024-09-25 16:51:49: -------------------- Epoch: 38 --------------------
INFO|2024-09-25 16:52:29: Epoch[038/100], iter[040/392], loss_total:0.48866, loss_equ:0.92691 loss_pq_vm:0.00487 loss_pq_va:0.17466 loss_pv_va:0.17258
INFO|2024-09-25 16:53:08: Epoch[038/100], iter[079/392], loss_total:0.53651, loss_equ:0.94353 loss_pq_vm:0.00675 loss_pq_va:0.19054 loss_pv_va:0.18412
INFO|2024-09-25 16:53:47: Epoch[038/100], iter[118/392], loss_total:0.50964, loss_equ:1.00741 loss_pq_vm:0.00543 loss_pq_va:0.17955 loss_pv_va:0.17504
INFO|2024-09-25 16:54:25: Epoch[038/100], iter[157/392], loss_total:0.49182, loss_equ:0.90248 loss_pq_vm:0.00523 loss_pq_va:0.17495 loss_pv_va:0.17428
INFO|2024-09-25 16:55:04: Epoch[038/100], iter[196/392], loss_total:0.49425, loss_equ:0.94276 loss_pq_vm:0.00537 loss_pq_va:0.17560 loss_pv_va:0.17065
INFO|2024-09-25 16:55:43: Epoch[038/100], iter[235/392], loss_total:0.45863, loss_equ:0.91092 loss_pq_vm:0.00566 loss_pq_va:0.15779 loss_pv_va:0.15314
INFO|2024-09-25 16:56:21: Epoch[038/100], iter[274/392], loss_total:0.43419, loss_equ:0.86725 loss_pq_vm:0.00466 loss_pq_va:0.15238 loss_pv_va:0.14853
INFO|2024-09-25 16:57:00: Epoch[038/100], iter[313/392], loss_total:0.52523, loss_equ:1.00063 loss_pq_vm:0.00533 loss_pq_va:0.19118 loss_pv_va:0.18073
INFO|2024-09-25 16:57:38: Epoch[038/100], iter[352/392], loss_total:0.50024, loss_equ:0.94102 loss_pq_vm:0.00641 loss_pq_va:0.17418 loss_pv_va:0.16789
INFO|2024-09-25 16:58:18: Epoch[038/100], iter[392/392], loss_total:0.51807, loss_equ:0.94141 loss_pq_vm:0.00491 loss_pq_va:0.19151 loss_pv_va:0.18334
INFO|2024-09-25 16:59:47: Epoch 37/100, lr:  0.00068722, eta: 8.23h, train_loss:  0.49753, valid_loss:  0.54113
INFO|2024-09-25 16:59:47: 	Train: PQ_Vm_rmse: 0.00025391  PQ_Va_rmse: 0.01078890  PV_Va_rmse: 0.01042388  delta_p: 0.02600011  delta_q: 0.00363016  
INFO|2024-09-25 16:59:47: 	ZTest: PQ_Vm_rmse: 0.00032807  PQ_Va_rmse: 0.01318547  PV_Va_rmse: 0.01278306  delta_p: 0.02772167  delta_q: 0.00361967  
INFO|2024-09-25 16:59:47: 	ZTest-ema: PQ_Vm_rmse: 0.000324  PQ_Va_rmse: 0.012002  PV_Va_rmse: 0.011514  delta_p: 0.022253  delta_q: 0.002950  
INFO|2024-09-25 16:59:47: 	           ValOfEMA:0.012002/0.012002,  Epoch:38/38
INFO|2024-09-25 16:59:48: 	Time(ep):477s,  Val(curr/best):0.013185/0.013185,  Epoch(curr/best):38/38
INFO|2024-09-25 16:59:48: -------------------- Epoch: 39 --------------------
INFO|2024-09-25 17:00:29: Epoch[039/100], iter[040/392], loss_total:0.57861, loss_equ:1.14457 loss_pq_vm:0.00614 loss_pq_va:0.20452 loss_pv_va:0.19826
INFO|2024-09-25 17:01:07: Epoch[039/100], iter[079/392], loss_total:0.75490, loss_equ:1.29924 loss_pq_vm:0.00649 loss_pq_va:0.27456 loss_pv_va:0.28552
INFO|2024-09-25 17:01:46: Epoch[039/100], iter[118/392], loss_total:0.52252, loss_equ:1.01523 loss_pq_vm:0.00610 loss_pq_va:0.18270 loss_pv_va:0.17733
INFO|2024-09-25 17:02:24: Epoch[039/100], iter[157/392], loss_total:0.49300, loss_equ:0.91128 loss_pq_vm:0.00513 loss_pq_va:0.17773 loss_pv_va:0.17283
INFO|2024-09-25 17:03:03: Epoch[039/100], iter[196/392], loss_total:0.44542, loss_equ:0.92444 loss_pq_vm:0.00452 loss_pq_va:0.15638 loss_pv_va:0.15141
INFO|2024-09-25 17:03:41: Epoch[039/100], iter[235/392], loss_total:0.50574, loss_equ:0.88888 loss_pq_vm:0.00530 loss_pq_va:0.18330 loss_pv_va:0.18051
INFO|2024-09-25 17:04:20: Epoch[039/100], iter[274/392], loss_total:0.69854, loss_equ:1.10134 loss_pq_vm:0.00743 loss_pq_va:0.26149 loss_pv_va:0.25265
INFO|2024-09-25 17:04:58: Epoch[039/100], iter[313/392], loss_total:0.49149, loss_equ:1.07120 loss_pq_vm:0.00612 loss_pq_va:0.16164 loss_pv_va:0.16158
INFO|2024-09-25 17:05:36: Epoch[039/100], iter[352/392], loss_total:0.49402, loss_equ:0.88254 loss_pq_vm:0.00500 loss_pq_va:0.17967 loss_pv_va:0.17612
INFO|2024-09-25 17:06:16: Epoch[039/100], iter[392/392], loss_total:0.61331, loss_equ:0.93266 loss_pq_vm:0.00484 loss_pq_va:0.23695 loss_pv_va:0.23466
INFO|2024-09-25 17:07:45: Epoch 38/100, lr:  0.00067268, eta: 8.09h, train_loss:  0.53995, valid_loss:  0.60368
INFO|2024-09-25 17:07:45: 	Train: PQ_Vm_rmse: 0.00025912  PQ_Va_rmse: 0.01243168  PV_Va_rmse: 0.01212514  delta_p: 0.02924281  delta_q: 0.00394962  
INFO|2024-09-25 17:07:45: 	ZTest: PQ_Vm_rmse: 0.00035868  PQ_Va_rmse: 0.01926980  PV_Va_rmse: 0.01875510  delta_p: 0.02837493  delta_q: 0.00383298  
INFO|2024-09-25 17:07:45: 	ZTest-ema: PQ_Vm_rmse: 0.000309  PQ_Va_rmse: 0.011915  PV_Va_rmse: 0.011453  delta_p: 0.019563  delta_q: 0.002750  
INFO|2024-09-25 17:07:45: 	           ValOfEMA:0.011915/0.011915,  Epoch:39/39
INFO|2024-09-25 17:07:46: 	Time(ep):477s,  Val(curr/best):0.019270/0.013185,  Epoch(curr/best):39/38
INFO|2024-09-25 17:07:46: -------------------- Epoch: 40 --------------------
INFO|2024-09-25 17:08:26: Epoch[040/100], iter[040/392], loss_total:0.48226, loss_equ:0.93370 loss_pq_vm:0.00578 loss_pq_va:0.16942 loss_pv_va:0.16169
INFO|2024-09-25 17:09:05: Epoch[040/100], iter[079/392], loss_total:0.50019, loss_equ:0.86578 loss_pq_vm:0.00498 loss_pq_va:0.18329 loss_pv_va:0.18056
INFO|2024-09-25 17:09:44: Epoch[040/100], iter[118/392], loss_total:0.44162, loss_equ:0.86108 loss_pq_vm:0.00507 loss_pq_va:0.15441 loss_pv_va:0.15044
INFO|2024-09-25 17:10:22: Epoch[040/100], iter[157/392], loss_total:0.47326, loss_equ:0.91017 loss_pq_vm:0.00587 loss_pq_va:0.16406 loss_pv_va:0.15944
INFO|2024-09-25 17:11:00: Epoch[040/100], iter[196/392], loss_total:0.43888, loss_equ:0.83579 loss_pq_vm:0.00461 loss_pq_va:0.15671 loss_pv_va:0.15249
INFO|2024-09-25 17:11:39: Epoch[040/100], iter[235/392], loss_total:0.47857, loss_equ:0.92236 loss_pq_vm:0.00487 loss_pq_va:0.17269 loss_pv_va:0.16498
INFO|2024-09-25 17:12:18: Epoch[040/100], iter[274/392], loss_total:0.52212, loss_equ:1.06540 loss_pq_vm:0.00767 loss_pq_va:0.17112 loss_pv_va:0.16775
INFO|2024-09-25 17:12:56: Epoch[040/100], iter[313/392], loss_total:0.43553, loss_equ:0.87499 loss_pq_vm:0.00525 loss_pq_va:0.15032 loss_pv_va:0.14522
INFO|2024-09-25 17:13:35: Epoch[040/100], iter[352/392], loss_total:0.90398, loss_equ:1.36716 loss_pq_vm:0.01505 loss_pq_va:0.31081 loss_pv_va:0.30592
INFO|2024-09-25 17:14:15: Epoch[040/100], iter[392/392], loss_total:0.68232, loss_equ:1.10497 loss_pq_vm:0.01020 loss_pq_va:0.23771 loss_pv_va:0.23215
INFO|2024-09-25 17:15:44: Epoch 39/100, lr:  0.00065796, eta: 7.98h, train_loss:  0.52481, valid_loss:  0.68935
INFO|2024-09-25 17:15:44: 	Train: PQ_Vm_rmse: 0.00032110  PQ_Va_rmse: 0.01230171  PV_Va_rmse: 0.01193048  delta_p: 0.02562459  delta_q: 0.00407216  
INFO|2024-09-25 17:15:44: 	ZTest: PQ_Vm_rmse: 0.00071202  PQ_Va_rmse: 0.01846445  PV_Va_rmse: 0.01792213  delta_p: 0.03896508  delta_q: 0.00801703  
INFO|2024-09-25 17:15:44: 	ZTest-ema: PQ_Vm_rmse: 0.000316  PQ_Va_rmse: 0.012187  PV_Va_rmse: 0.011753  delta_p: 0.021274  delta_q: 0.003247  
INFO|2024-09-25 17:15:44: 	           ValOfEMA:0.012187/0.011915,  Epoch:40/39
INFO|2024-09-25 17:15:45: 	Time(ep):478s,  Val(curr/best):0.018464/0.013185,  Epoch(curr/best):40/38
INFO|2024-09-25 17:15:45: -------------------- Epoch: 41 --------------------
INFO|2024-09-25 17:16:26: Epoch[041/100], iter[040/392], loss_total:0.63015, loss_equ:1.06288 loss_pq_vm:0.01160 loss_pq_va:0.20713 loss_pv_va:0.20078
INFO|2024-09-25 17:17:05: Epoch[041/100], iter[079/392], loss_total:0.49137, loss_equ:0.91351 loss_pq_vm:0.00798 loss_pq_va:0.16181 loss_pv_va:0.15837
INFO|2024-09-25 17:17:44: Epoch[041/100], iter[118/392], loss_total:0.50275, loss_equ:0.91961 loss_pq_vm:0.00773 loss_pq_va:0.16903 loss_pv_va:0.16447
INFO|2024-09-25 17:18:23: Epoch[041/100], iter[157/392], loss_total:0.47530, loss_equ:0.80281 loss_pq_vm:0.00537 loss_pq_va:0.17288 loss_pv_va:0.16847
INFO|2024-09-25 17:19:01: Epoch[041/100], iter[196/392], loss_total:0.44778, loss_equ:0.81055 loss_pq_vm:0.00570 loss_pq_va:0.15706 loss_pv_va:0.15268
INFO|2024-09-25 17:19:40: Epoch[041/100], iter[235/392], loss_total:0.44963, loss_equ:0.82477 loss_pq_vm:0.00664 loss_pq_va:0.15290 loss_pv_va:0.14788
INFO|2024-09-25 17:20:19: Epoch[041/100], iter[274/392], loss_total:0.47491, loss_equ:0.80305 loss_pq_vm:0.00543 loss_pq_va:0.17329 loss_pv_va:0.16700
INFO|2024-09-25 17:20:57: Epoch[041/100], iter[313/392], loss_total:0.53786, loss_equ:0.85261 loss_pq_vm:0.00629 loss_pq_va:0.19780 loss_pv_va:0.19192
INFO|2024-09-25 17:21:36: Epoch[041/100], iter[352/392], loss_total:0.60060, loss_equ:1.03123 loss_pq_vm:0.01119 loss_pq_va:0.19542 loss_pv_va:0.19012
INFO|2024-09-25 17:22:15: Epoch[041/100], iter[392/392], loss_total:0.51201, loss_equ:0.93043 loss_pq_vm:0.00902 loss_pq_va:0.16714 loss_pv_va:0.16165
INFO|2024-09-25 17:23:44: Epoch 40/100, lr:  0.00064310, eta: 7.85h, train_loss:  0.52908, valid_loss:  0.62972
INFO|2024-09-25 17:23:44: 	Train: PQ_Vm_rmse: 0.00042073  PQ_Va_rmse: 0.01267091  PV_Va_rmse: 0.01226228  delta_p: 0.02270227  delta_q: 0.00433270  
INFO|2024-09-25 17:23:44: 	ZTest: PQ_Vm_rmse: 0.00073187  PQ_Va_rmse: 0.01618525  PV_Va_rmse: 0.01556899  delta_p: 0.02855955  delta_q: 0.00624269  
INFO|2024-09-25 17:23:44: 	ZTest-ema: PQ_Vm_rmse: 0.000352  PQ_Va_rmse: 0.011601  PV_Va_rmse: 0.011152  delta_p: 0.021471  delta_q: 0.003632  
INFO|2024-09-25 17:23:44: 	           ValOfEMA:0.011601/0.011601,  Epoch:41/41
INFO|2024-09-25 17:23:44: 	Time(ep):479s,  Val(curr/best):0.016185/0.013185,  Epoch(curr/best):41/38
INFO|2024-09-25 17:23:44: -------------------- Epoch: 42 --------------------
INFO|2024-09-25 17:24:25: Epoch[042/100], iter[040/392], loss_total:0.67655, loss_equ:0.93381 loss_pq_vm:0.00722 loss_pq_va:0.25889 loss_pv_va:0.25211
INFO|2024-09-25 17:25:03: Epoch[042/100], iter[079/392], loss_total:0.46272, loss_equ:0.83697 loss_pq_vm:0.00662 loss_pq_va:0.15856 loss_pv_va:0.15427
INFO|2024-09-25 17:25:42: Epoch[042/100], iter[118/392], loss_total:0.51594, loss_equ:0.90751 loss_pq_vm:0.00827 loss_pq_va:0.17400 loss_pv_va:0.16850
INFO|2024-09-25 17:26:20: Epoch[042/100], iter[157/392], loss_total:0.51739, loss_equ:0.82965 loss_pq_vm:0.00659 loss_pq_va:0.18696 loss_pv_va:0.18155
INFO|2024-09-25 17:26:59: Epoch[042/100], iter[196/392], loss_total:0.48026, loss_equ:0.81030 loss_pq_vm:0.00632 loss_pq_va:0.17039 loss_pv_va:0.16561
INFO|2024-09-25 17:27:37: Epoch[042/100], iter[235/392], loss_total:0.49723, loss_equ:0.83136 loss_pq_vm:0.00677 loss_pq_va:0.17586 loss_pv_va:0.17053
INFO|2024-09-25 17:28:16: Epoch[042/100], iter[274/392], loss_total:0.51245, loss_equ:0.86869 loss_pq_vm:0.00688 loss_pq_va:0.18081 loss_pv_va:0.17594
INFO|2024-09-25 17:28:55: Epoch[042/100], iter[313/392], loss_total:0.48794, loss_equ:0.83413 loss_pq_vm:0.00612 loss_pq_va:0.17402 loss_pv_va:0.16932
INFO|2024-09-25 17:29:33: Epoch[042/100], iter[352/392], loss_total:0.46044, loss_equ:0.82282 loss_pq_vm:0.00551 loss_pq_va:0.16405 loss_pv_va:0.15897
INFO|2024-09-25 17:30:13: Epoch[042/100], iter[392/392], loss_total:0.46972, loss_equ:0.82797 loss_pq_vm:0.00597 loss_pq_va:0.16571 loss_pv_va:0.16152
INFO|2024-09-25 17:31:41: Epoch 41/100, lr:  0.00062810, eta: 7.68h, train_loss:  0.51690, valid_loss:  0.54635
INFO|2024-09-25 17:31:41: 	Train: PQ_Vm_rmse: 0.00041645  PQ_Va_rmse: 0.01190634  PV_Va_rmse: 0.01150911  delta_p: 0.02170425  delta_q: 0.00456089  
INFO|2024-09-25 17:31:41: 	ZTest: PQ_Vm_rmse: 0.00033890  PQ_Va_rmse: 0.01489246  PV_Va_rmse: 0.01432152  delta_p: 0.02224730  delta_q: 0.00327943  
INFO|2024-09-25 17:31:41: 	ZTest-ema: PQ_Vm_rmse: 0.000322  PQ_Va_rmse: 0.011521  PV_Va_rmse: 0.011046  delta_p: 0.017890  delta_q: 0.002618  
INFO|2024-09-25 17:31:41: 	           ValOfEMA:0.011521/0.011521,  Epoch:42/42
INFO|2024-09-25 17:31:42: 	Time(ep):476s,  Val(curr/best):0.014892/0.013185,  Epoch(curr/best):42/38
INFO|2024-09-25 17:31:42: -------------------- Epoch: 43 --------------------
INFO|2024-09-25 17:32:23: Epoch[043/100], iter[040/392], loss_total:0.47160, loss_equ:0.80539 loss_pq_vm:0.00549 loss_pq_va:0.17177 loss_pv_va:0.16437
INFO|2024-09-25 17:33:01: Epoch[043/100], iter[079/392], loss_total:0.46417, loss_equ:0.83748 loss_pq_vm:0.00607 loss_pq_va:0.16280 loss_pv_va:0.15692
INFO|2024-09-25 17:33:40: Epoch[043/100], iter[118/392], loss_total:0.47265, loss_equ:0.79736 loss_pq_vm:0.00552 loss_pq_va:0.17155 loss_pv_va:0.16613
INFO|2024-09-25 17:34:18: Epoch[043/100], iter[157/392], loss_total:0.46254, loss_equ:0.81113 loss_pq_vm:0.00516 loss_pq_va:0.16778 loss_pv_va:0.16207
INFO|2024-09-25 17:34:57: Epoch[043/100], iter[196/392], loss_total:0.47819, loss_equ:0.81178 loss_pq_vm:0.00571 loss_pq_va:0.17274 loss_pv_va:0.16714
INFO|2024-09-25 17:35:35: Epoch[043/100], iter[235/392], loss_total:0.50038, loss_equ:0.84255 loss_pq_vm:0.00671 loss_pq_va:0.17740 loss_pv_va:0.17163
INFO|2024-09-25 17:36:13: Epoch[043/100], iter[274/392], loss_total:0.50716, loss_equ:0.85084 loss_pq_vm:0.00633 loss_pq_va:0.18184 loss_pv_va:0.17691
INFO|2024-09-25 17:36:52: Epoch[043/100], iter[313/392], loss_total:0.47837, loss_equ:0.85869 loss_pq_vm:0.00617 loss_pq_va:0.16880 loss_pv_va:0.16198
INFO|2024-09-25 17:37:31: Epoch[043/100], iter[352/392], loss_total:0.47738, loss_equ:0.81432 loss_pq_vm:0.00588 loss_pq_va:0.17192 loss_pv_va:0.16526
INFO|2024-09-25 17:38:10: Epoch[043/100], iter[392/392], loss_total:0.42148, loss_equ:0.77330 loss_pq_vm:0.00544 loss_pq_va:0.14722 loss_pv_va:0.14258
INFO|2024-09-25 17:39:39: Epoch 42/100, lr:  0.00061298, eta: 7.55h, train_loss:  0.47478, valid_loss:  0.51536
INFO|2024-09-25 17:39:39: 	Train: PQ_Vm_rmse: 0.00027137  PQ_Va_rmse: 0.00984043  PV_Va_rmse: 0.00949981  delta_p: 0.01710722  delta_q: 0.00298116  
INFO|2024-09-25 17:39:39: 	ZTest: PQ_Vm_rmse: 0.00032323  PQ_Va_rmse: 0.01256101  PV_Va_rmse: 0.01216339  delta_p: 0.01929030  delta_q: 0.00287680  
INFO|2024-09-25 17:39:39: 	ZTest-ema: PQ_Vm_rmse: 0.000311  PQ_Va_rmse: 0.010865  PV_Va_rmse: 0.010426  delta_p: 0.017527  delta_q: 0.002618  
INFO|2024-09-25 17:39:39: 	           ValOfEMA:0.010865/0.010865,  Epoch:43/43
INFO|2024-09-25 17:39:39: 	Time(ep):476s,  Val(curr/best):0.012561/0.012561,  Epoch(curr/best):43/43
INFO|2024-09-25 17:39:39: -------------------- Epoch: 44 --------------------
INFO|2024-09-25 17:40:20: Epoch[044/100], iter[040/392], loss_total:0.51828, loss_equ:0.87355 loss_pq_vm:0.00636 loss_pq_va:0.18659 loss_pv_va:0.18071
INFO|2024-09-25 17:40:59: Epoch[044/100], iter[079/392], loss_total:0.54665, loss_equ:0.95220 loss_pq_vm:0.00872 loss_pq_va:0.18442 loss_pv_va:0.17986
INFO|2024-09-25 17:41:37: Epoch[044/100], iter[118/392], loss_total:0.51296, loss_equ:0.81833 loss_pq_vm:0.00561 loss_pq_va:0.18924 loss_pv_va:0.18578
INFO|2024-09-25 17:42:16: Epoch[044/100], iter[157/392], loss_total:0.44293, loss_equ:0.77280 loss_pq_vm:0.00588 loss_pq_va:0.15590 loss_pv_va:0.15100
INFO|2024-09-25 17:42:54: Epoch[044/100], iter[196/392], loss_total:0.47680, loss_equ:0.80024 loss_pq_vm:0.00541 loss_pq_va:0.17430 loss_pv_va:0.16842
INFO|2024-09-25 17:43:33: Epoch[044/100], iter[235/392], loss_total:0.48345, loss_equ:0.88634 loss_pq_vm:0.00712 loss_pq_va:0.16354 loss_pv_va:0.16007
INFO|2024-09-25 17:44:11: Epoch[044/100], iter[274/392], loss_total:0.48881, loss_equ:0.82712 loss_pq_vm:0.00587 loss_pq_va:0.17625 loss_pv_va:0.17114
INFO|2024-09-25 17:44:49: Epoch[044/100], iter[313/392], loss_total:0.50772, loss_equ:0.81479 loss_pq_vm:0.00536 loss_pq_va:0.18840 loss_pv_va:0.18421
INFO|2024-09-25 17:45:27: Epoch[044/100], iter[352/392], loss_total:0.47980, loss_equ:0.79066 loss_pq_vm:0.00503 loss_pq_va:0.17809 loss_pv_va:0.17232
INFO|2024-09-25 17:46:06: Epoch[044/100], iter[392/392], loss_total:0.51259, loss_equ:0.80638 loss_pq_vm:0.00564 loss_pq_va:0.19131 loss_pv_va:0.18427
INFO|2024-09-25 17:47:35: Epoch 43/100, lr:  0.00059775, eta: 7.4h, train_loss:  0.48224, valid_loss:  0.52288
INFO|2024-09-25 17:47:35: 	Train: PQ_Vm_rmse: 0.00028138  PQ_Va_rmse: 0.01023703  PV_Va_rmse: 0.00992506  delta_p: 0.01768697  delta_q: 0.00315762  
INFO|2024-09-25 17:47:35: 	ZTest: PQ_Vm_rmse: 0.00033272  PQ_Va_rmse: 0.01368732  PV_Va_rmse: 0.01315312  delta_p: 0.02033873  delta_q: 0.00344537  
INFO|2024-09-25 17:47:35: 	ZTest-ema: PQ_Vm_rmse: 0.000308  PQ_Va_rmse: 0.010997  PV_Va_rmse: 0.010560  delta_p: 0.017832  delta_q: 0.002696  
INFO|2024-09-25 17:47:35: 	           ValOfEMA:0.010997/0.010865,  Epoch:44/43
INFO|2024-09-25 17:47:35: 	Time(ep):475s,  Val(curr/best):0.013687/0.012561,  Epoch(curr/best):44/43
INFO|2024-09-25 17:47:35: -------------------- Epoch: 45 --------------------
INFO|2024-09-25 17:48:16: Epoch[045/100], iter[040/392], loss_total:0.48790, loss_equ:0.83236 loss_pq_vm:0.00665 loss_pq_va:0.17182 loss_pv_va:0.16634
INFO|2024-09-25 17:48:55: Epoch[045/100], iter[079/392], loss_total:0.47135, loss_equ:0.78990 loss_pq_vm:0.00519 loss_pq_va:0.17363 loss_pv_va:0.16679
INFO|2024-09-25 17:49:34: Epoch[045/100], iter[118/392], loss_total:0.46254, loss_equ:0.80146 loss_pq_vm:0.00597 loss_pq_va:0.16358 loss_pv_va:0.15916
INFO|2024-09-25 17:50:13: Epoch[045/100], iter[157/392], loss_total:0.48293, loss_equ:0.80853 loss_pq_vm:0.00559 loss_pq_va:0.17604 loss_pv_va:0.17017
INFO|2024-09-25 17:50:51: Epoch[045/100], iter[196/392], loss_total:0.55498, loss_equ:0.86342 loss_pq_vm:0.00564 loss_pq_va:0.20833 loss_pv_va:0.20393
INFO|2024-09-25 17:51:30: Epoch[045/100], iter[235/392], loss_total:0.45242, loss_equ:0.78984 loss_pq_vm:0.00524 loss_pq_va:0.16203 loss_pv_va:0.15905
INFO|2024-09-25 17:52:08: Epoch[045/100], iter[274/392], loss_total:0.44479, loss_equ:0.76292 loss_pq_vm:0.00486 loss_pq_va:0.16230 loss_pv_va:0.15762
INFO|2024-09-25 17:52:47: Epoch[045/100], iter[313/392], loss_total:0.44444, loss_equ:0.79032 loss_pq_vm:0.00594 loss_pq_va:0.15509 loss_pv_va:0.15088
INFO|2024-09-25 17:53:26: Epoch[045/100], iter[352/392], loss_total:0.48191, loss_equ:0.84124 loss_pq_vm:0.00657 loss_pq_va:0.16821 loss_pv_va:0.16385
INFO|2024-09-25 17:54:05: Epoch[045/100], iter[392/392], loss_total:0.48517, loss_equ:0.79713 loss_pq_vm:0.00583 loss_pq_va:0.17688 loss_pv_va:0.17032
INFO|2024-09-25 17:55:35: Epoch 44/100, lr:  0.00058244, eta: 7.33h, train_loss:  0.47214, valid_loss:  0.52248
INFO|2024-09-25 17:55:35: 	Train: PQ_Vm_rmse: 0.00027607  PQ_Va_rmse: 0.00991718  PV_Va_rmse: 0.00959764  delta_p: 0.01712512  delta_q: 0.00308311  
INFO|2024-09-25 17:55:35: 	ZTest: PQ_Vm_rmse: 0.00034683  PQ_Va_rmse: 0.01377639  PV_Va_rmse: 0.01322926  delta_p: 0.02168354  delta_q: 0.00321264  
INFO|2024-09-25 17:55:35: 	ZTest-ema: PQ_Vm_rmse: 0.000313  PQ_Va_rmse: 0.011134  PV_Va_rmse: 0.010694  delta_p: 0.018021  delta_q: 0.002783  
INFO|2024-09-25 17:55:35: 	           ValOfEMA:0.011134/0.010865,  Epoch:45/43
INFO|2024-09-25 17:55:36: 	Time(ep):479s,  Val(curr/best):0.013776/0.012561,  Epoch(curr/best):45/43
INFO|2024-09-25 17:55:36: -------------------- Epoch: 46 --------------------
INFO|2024-09-25 17:56:17: Epoch[046/100], iter[040/392], loss_total:0.45773, loss_equ:0.81237 loss_pq_vm:0.00584 loss_pq_va:0.16154 loss_pv_va:0.15659
INFO|2024-09-25 17:56:56: Epoch[046/100], iter[079/392], loss_total:0.43925, loss_equ:0.77140 loss_pq_vm:0.00510 loss_pq_va:0.15813 loss_pv_va:0.15297
INFO|2024-09-25 17:57:34: Epoch[046/100], iter[118/392], loss_total:0.44885, loss_equ:0.79838 loss_pq_vm:0.00549 loss_pq_va:0.15941 loss_pv_va:0.15466
INFO|2024-09-25 17:58:13: Epoch[046/100], iter[157/392], loss_total:0.47391, loss_equ:0.78358 loss_pq_vm:0.00510 loss_pq_va:0.17499 loss_pv_va:0.16956
INFO|2024-09-25 17:58:51: Epoch[046/100], iter[196/392], loss_total:0.52624, loss_equ:0.88434 loss_pq_vm:0.00727 loss_pq_va:0.18544 loss_pv_va:0.17969
INFO|2024-09-25 17:59:30: Epoch[046/100], iter[235/392], loss_total:0.45071, loss_equ:0.82080 loss_pq_vm:0.00536 loss_pq_va:0.16033 loss_pv_va:0.15469
INFO|2024-09-25 18:00:09: Epoch[046/100], iter[274/392], loss_total:0.45581, loss_equ:0.80537 loss_pq_vm:0.00583 loss_pq_va:0.16177 loss_pv_va:0.15521
INFO|2024-09-25 18:00:47: Epoch[046/100], iter[313/392], loss_total:0.45638, loss_equ:0.83364 loss_pq_vm:0.00651 loss_pq_va:0.15650 loss_pv_va:0.15143
INFO|2024-09-25 18:01:26: Epoch[046/100], iter[352/392], loss_total:0.79112, loss_equ:1.73090 loss_pq_vm:0.00867 loss_pq_va:0.26193 loss_pv_va:0.26943
INFO|2024-09-25 18:02:05: Epoch[046/100], iter[392/392], loss_total:0.47979, loss_equ:0.96835 loss_pq_vm:0.00565 loss_pq_va:0.16450 loss_pv_va:0.16195
INFO|2024-09-25 18:03:34: Epoch 45/100, lr:  0.00056704, eta: 7.18h, train_loss:  0.50026, valid_loss:  0.55145
INFO|2024-09-25 18:03:34: 	Train: PQ_Vm_rmse: 0.00028953  PQ_Va_rmse: 0.01136556  PV_Va_rmse: 0.01100934  delta_p: 0.02222272  delta_q: 0.00362826  
INFO|2024-09-25 18:03:34: 	ZTest: PQ_Vm_rmse: 0.00030532  PQ_Va_rmse: 0.01286653  PV_Va_rmse: 0.01249893  delta_p: 0.02351446  delta_q: 0.00341736  
INFO|2024-09-25 18:03:34: 	ZTest-ema: PQ_Vm_rmse: 0.000322  PQ_Va_rmse: 0.011915  PV_Va_rmse: 0.011390  delta_p: 0.015799  delta_q: 0.002234  
INFO|2024-09-25 18:03:34: 	           ValOfEMA:0.011915/0.010865,  Epoch:46/43
INFO|2024-09-25 18:03:34: 	Time(ep):478s,  Val(curr/best):0.012867/0.012561,  Epoch(curr/best):46/43
INFO|2024-09-25 18:03:34: -------------------- Epoch: 47 --------------------
INFO|2024-09-25 18:04:16: Epoch[047/100], iter[040/392], loss_total:0.44582, loss_equ:0.85401 loss_pq_vm:0.00496 loss_pq_va:0.15714 loss_pv_va:0.15373
INFO|2024-09-25 18:04:55: Epoch[047/100], iter[079/392], loss_total:0.48813, loss_equ:0.82955 loss_pq_vm:0.00465 loss_pq_va:0.18046 loss_pv_va:0.17825
INFO|2024-09-25 18:05:34: Epoch[047/100], iter[118/392], loss_total:0.55871, loss_equ:1.08451 loss_pq_vm:0.00510 loss_pq_va:0.20604 loss_pv_va:0.19320
INFO|2024-09-25 18:06:13: Epoch[047/100], iter[157/392], loss_total:0.51366, loss_equ:0.95775 loss_pq_vm:0.00536 loss_pq_va:0.18493 loss_pv_va:0.17933
INFO|2024-09-25 18:06:51: Epoch[047/100], iter[196/392], loss_total:0.43605, loss_equ:0.82021 loss_pq_vm:0.00454 loss_pq_va:0.15555 loss_pv_va:0.15304
INFO|2024-09-25 18:07:30: Epoch[047/100], iter[235/392], loss_total:0.44727, loss_equ:0.87785 loss_pq_vm:0.00445 loss_pq_va:0.15970 loss_pv_va:0.15528
INFO|2024-09-25 18:08:09: Epoch[047/100], iter[274/392], loss_total:0.43431, loss_equ:0.84558 loss_pq_vm:0.00431 loss_pq_va:0.15596 loss_pv_va:0.15070
INFO|2024-09-25 18:08:47: Epoch[047/100], iter[313/392], loss_total:0.45268, loss_equ:0.84078 loss_pq_vm:0.00446 loss_pq_va:0.16563 loss_pv_va:0.15833
INFO|2024-09-25 18:09:26: Epoch[047/100], iter[352/392], loss_total:0.41499, loss_equ:0.79281 loss_pq_vm:0.00425 loss_pq_va:0.14898 loss_pv_va:0.14425
INFO|2024-09-25 18:10:05: Epoch[047/100], iter[392/392], loss_total:0.49134, loss_equ:0.84286 loss_pq_vm:0.00480 loss_pq_va:0.18321 loss_pv_va:0.17584
INFO|2024-09-25 18:11:34: Epoch 46/100, lr:  0.00055158, eta: 7.07h, train_loss:  0.45447, valid_loss:  0.58156
INFO|2024-09-25 18:11:34: 	Train: PQ_Vm_rmse: 0.00019744  PQ_Va_rmse: 0.00910327  PV_Va_rmse: 0.00881323  delta_p: 0.02267477  delta_q: 0.00294500  
INFO|2024-09-25 18:11:34: 	ZTest: PQ_Vm_rmse: 0.00030983  PQ_Va_rmse: 0.01644913  PV_Va_rmse: 0.01573149  delta_p: 0.02572739  delta_q: 0.00334352  
INFO|2024-09-25 18:11:34: 	ZTest-ema: PQ_Vm_rmse: 0.000280  PQ_Va_rmse: 0.010244  PV_Va_rmse: 0.009835  delta_p: 0.017885  delta_q: 0.002416  
INFO|2024-09-25 18:11:34: 	           ValOfEMA:0.010244/0.010244,  Epoch:47/47
INFO|2024-09-25 18:11:35: 	Time(ep):480s,  Val(curr/best):0.016449/0.012561,  Epoch(curr/best):47/43
INFO|2024-09-25 18:11:35: -------------------- Epoch: 48 --------------------
INFO|2024-09-25 18:12:16: Epoch[048/100], iter[040/392], loss_total:0.39324, loss_equ:0.78538 loss_pq_vm:0.00433 loss_pq_va:0.13791 loss_pv_va:0.13351
INFO|2024-09-25 18:12:55: Epoch[048/100], iter[079/392], loss_total:0.41163, loss_equ:0.86535 loss_pq_vm:0.00474 loss_pq_va:0.14029 loss_pv_va:0.13739
INFO|2024-09-25 18:13:33: Epoch[048/100], iter[118/392], loss_total:0.42365, loss_equ:0.83605 loss_pq_vm:0.00471 loss_pq_va:0.14929 loss_pv_va:0.14370
INFO|2024-09-25 18:14:12: Epoch[048/100], iter[157/392], loss_total:0.43421, loss_equ:0.78881 loss_pq_vm:0.00430 loss_pq_va:0.15904 loss_pv_va:0.15325
INFO|2024-09-25 18:14:50: Epoch[048/100], iter[196/392], loss_total:0.45642, loss_equ:0.90617 loss_pq_vm:0.00674 loss_pq_va:0.15190 loss_pv_va:0.14655
INFO|2024-09-25 18:15:29: Epoch[048/100], iter[235/392], loss_total:0.41596, loss_equ:0.83286 loss_pq_vm:0.00488 loss_pq_va:0.14421 loss_pv_va:0.13970
INFO|2024-09-25 18:16:07: Epoch[048/100], iter[274/392], loss_total:0.43332, loss_equ:0.78600 loss_pq_vm:0.00424 loss_pq_va:0.15904 loss_pv_va:0.15327
INFO|2024-09-25 18:16:46: Epoch[048/100], iter[313/392], loss_total:0.42937, loss_equ:0.88888 loss_pq_vm:0.00457 loss_pq_va:0.14932 loss_pv_va:0.14547
INFO|2024-09-25 18:17:24: Epoch[048/100], iter[352/392], loss_total:0.52641, loss_equ:1.12660 loss_pq_vm:0.00654 loss_pq_va:0.17826 loss_pv_va:0.17012
INFO|2024-09-25 18:18:04: Epoch[048/100], iter[392/392], loss_total:0.45375, loss_equ:0.84045 loss_pq_vm:0.00532 loss_pq_va:0.16075 loss_pv_va:0.15571
INFO|2024-09-25 18:19:32: Epoch 47/100, lr:  0.00053608, eta: 6.9h, train_loss:  0.44906, valid_loss:  0.50692
INFO|2024-09-25 18:19:32: 	Train: PQ_Vm_rmse: 0.00020379  PQ_Va_rmse: 0.00846493  PV_Va_rmse: 0.00817137  delta_p: 0.02226541  delta_q: 0.00291108  
INFO|2024-09-25 18:19:32: 	ZTest: PQ_Vm_rmse: 0.00029856  PQ_Va_rmse: 0.01063014  PV_Va_rmse: 0.01029126  delta_p: 0.02016341  delta_q: 0.00272399  
INFO|2024-09-25 18:19:32: 	ZTest-ema: PQ_Vm_rmse: 0.000263  PQ_Va_rmse: 0.009869  PV_Va_rmse: 0.009508  delta_p: 0.014432  delta_q: 0.002004  
INFO|2024-09-25 18:19:33: 	           ValOfEMA:0.009869/0.009869,  Epoch:48/48
INFO|2024-09-25 18:19:33: 	Time(ep):477s,  Val(curr/best):0.010630/0.010630,  Epoch(curr/best):48/48
INFO|2024-09-25 18:19:33: -------------------- Epoch: 49 --------------------
INFO|2024-09-25 18:20:14: Epoch[049/100], iter[040/392], loss_total:0.41467, loss_equ:0.78230 loss_pq_vm:0.00507 loss_pq_va:0.14546 loss_pv_va:0.14029
INFO|2024-09-25 18:20:53: Epoch[049/100], iter[079/392], loss_total:0.43915, loss_equ:0.83815 loss_pq_vm:0.00461 loss_pq_va:0.15800 loss_pv_va:0.15124
INFO|2024-09-25 18:21:31: Epoch[049/100], iter[118/392], loss_total:0.39669, loss_equ:0.79522 loss_pq_vm:0.00516 loss_pq_va:0.13519 loss_pv_va:0.13041
INFO|2024-09-25 18:22:10: Epoch[049/100], iter[157/392], loss_total:0.46109, loss_equ:0.76112 loss_pq_vm:0.00442 loss_pq_va:0.17347 loss_pv_va:0.16726
INFO|2024-09-25 18:22:48: Epoch[049/100], iter[196/392], loss_total:0.57281, loss_equ:0.95213 loss_pq_vm:0.00542 loss_pq_va:0.21655 loss_pv_va:0.20686
INFO|2024-09-25 18:23:27: Epoch[049/100], iter[235/392], loss_total:0.51504, loss_equ:1.05020 loss_pq_vm:0.00662 loss_pq_va:0.17399 loss_pv_va:0.16978
INFO|2024-09-25 18:24:06: Epoch[049/100], iter[274/392], loss_total:0.44847, loss_equ:0.85240 loss_pq_vm:0.00631 loss_pq_va:0.15204 loss_pv_va:0.14813
INFO|2024-09-25 18:24:44: Epoch[049/100], iter[313/392], loss_total:0.47527, loss_equ:0.81782 loss_pq_vm:0.00483 loss_pq_va:0.17491 loss_pv_va:0.17024
INFO|2024-09-25 18:25:23: Epoch[049/100], iter[352/392], loss_total:0.42145, loss_equ:0.76483 loss_pq_vm:0.00419 loss_pq_va:0.15385 loss_pv_va:0.14923
INFO|2024-09-25 18:26:02: Epoch[049/100], iter[392/392], loss_total:0.49396, loss_equ:0.75825 loss_pq_vm:0.00415 loss_pq_va:0.19141 loss_pv_va:0.18521
INFO|2024-09-25 18:27:31: Epoch 48/100, lr:  0.00052055, eta: 6.77h, train_loss:  0.45091, valid_loss:  0.49254
INFO|2024-09-25 18:27:31: 	Train: PQ_Vm_rmse: 0.00020141  PQ_Va_rmse: 0.00871478  PV_Va_rmse: 0.00849533  delta_p: 0.01800666  delta_q: 0.00256636  
INFO|2024-09-25 18:27:31: 	ZTest: PQ_Vm_rmse: 0.00027606  PQ_Va_rmse: 0.01178726  PV_Va_rmse: 0.01142880  delta_p: 0.02045729  delta_q: 0.00276378  
INFO|2024-09-25 18:27:31: 	ZTest-ema: PQ_Vm_rmse: 0.000268  PQ_Va_rmse: 0.010174  PV_Va_rmse: 0.009806  delta_p: 0.017789  delta_q: 0.002437  
INFO|2024-09-25 18:27:31: 	           ValOfEMA:0.010174/0.009869,  Epoch:49/48
INFO|2024-09-25 18:27:32: 	Time(ep):478s,  Val(curr/best):0.011787/0.010630,  Epoch(curr/best):49/48
INFO|2024-09-25 18:27:32: -------------------- Epoch: 50 --------------------
INFO|2024-09-25 18:28:13: Epoch[050/100], iter[040/392], loss_total:0.38780, loss_equ:0.72966 loss_pq_vm:0.00443 loss_pq_va:0.13782 loss_pv_va:0.13274
INFO|2024-09-25 18:28:51: Epoch[050/100], iter[079/392], loss_total:0.40451, loss_equ:0.80488 loss_pq_vm:0.00431 loss_pq_va:0.14272 loss_pv_va:0.13821
INFO|2024-09-25 18:29:30: Epoch[050/100], iter[118/392], loss_total:0.61177, loss_equ:1.11476 loss_pq_vm:0.01183 loss_pq_va:0.19550 loss_pv_va:0.18652
INFO|2024-09-25 18:30:09: Epoch[050/100], iter[157/392], loss_total:0.51450, loss_equ:1.06833 loss_pq_vm:0.00593 loss_pq_va:0.17510 loss_pv_va:0.17327
INFO|2024-09-25 18:30:48: Epoch[050/100], iter[196/392], loss_total:0.39980, loss_equ:0.80476 loss_pq_vm:0.00479 loss_pq_va:0.13798 loss_pv_va:0.13346
INFO|2024-09-25 18:31:26: Epoch[050/100], iter[235/392], loss_total:0.39821, loss_equ:0.85173 loss_pq_vm:0.00419 loss_pq_va:0.13695 loss_pv_va:0.13424
INFO|2024-09-25 18:32:05: Epoch[050/100], iter[274/392], loss_total:0.40959, loss_equ:0.77724 loss_pq_vm:0.00445 loss_pq_va:0.14589 loss_pv_va:0.14152
INFO|2024-09-25 18:32:43: Epoch[050/100], iter[313/392], loss_total:0.43355, loss_equ:0.82939 loss_pq_vm:0.00441 loss_pq_va:0.15651 loss_pv_va:0.14999
INFO|2024-09-25 18:33:22: Epoch[050/100], iter[352/392], loss_total:0.52765, loss_equ:0.86661 loss_pq_vm:0.00464 loss_pq_va:0.19961 loss_pv_va:0.19496
INFO|2024-09-25 18:34:01: Epoch[050/100], iter[392/392], loss_total:0.49424, loss_equ:1.00942 loss_pq_vm:0.00623 loss_pq_va:0.16763 loss_pv_va:0.16334
INFO|2024-09-25 18:35:30: Epoch 49/100, lr:  0.00050500, eta: 6.64h, train_loss:  0.45581, valid_loss:  0.52204
INFO|2024-09-25 18:35:30: 	Train: PQ_Vm_rmse: 0.00020833  PQ_Va_rmse: 0.00941610  PV_Va_rmse: 0.00915654  delta_p: 0.02168784  delta_q: 0.00293538  
INFO|2024-09-25 18:35:30: 	ZTest: PQ_Vm_rmse: 0.00027326  PQ_Va_rmse: 0.01285293  PV_Va_rmse: 0.01232945  delta_p: 0.02521081  delta_q: 0.00333577  
INFO|2024-09-25 18:35:30: 	ZTest-ema: PQ_Vm_rmse: 0.000269  PQ_Va_rmse: 0.010484  PV_Va_rmse: 0.010088  delta_p: 0.018075  delta_q: 0.002396  
INFO|2024-09-25 18:35:30: 	           ValOfEMA:0.010484/0.009869,  Epoch:50/48
INFO|2024-09-25 18:35:31: 	Time(ep):478s,  Val(curr/best):0.012853/0.010630,  Epoch(curr/best):50/48
INFO|2024-09-25 18:35:31: -------------------- Epoch: 51 --------------------
INFO|2024-09-25 18:36:12: Epoch[051/100], iter[040/392], loss_total:0.40776, loss_equ:0.77342 loss_pq_vm:0.00453 loss_pq_va:0.14503 loss_pv_va:0.14011
INFO|2024-09-25 18:36:50: Epoch[051/100], iter[079/392], loss_total:0.43536, loss_equ:0.83217 loss_pq_vm:0.00475 loss_pq_va:0.15364 loss_pv_va:0.15103
INFO|2024-09-25 18:37:29: Epoch[051/100], iter[118/392], loss_total:0.42320, loss_equ:0.76874 loss_pq_vm:0.00420 loss_pq_va:0.15538 loss_pv_va:0.14893
INFO|2024-09-25 18:38:07: Epoch[051/100], iter[157/392], loss_total:0.43904, loss_equ:0.75251 loss_pq_vm:0.00401 loss_pq_va:0.16474 loss_pv_va:0.15891
INFO|2024-09-25 18:38:46: Epoch[051/100], iter[196/392], loss_total:0.44463, loss_equ:0.76468 loss_pq_vm:0.00418 loss_pq_va:0.16587 loss_pv_va:0.16046
INFO|2024-09-25 18:39:25: Epoch[051/100], iter[235/392], loss_total:0.39874, loss_equ:0.75048 loss_pq_vm:0.00423 loss_pq_va:0.14316 loss_pv_va:0.13826
INFO|2024-09-25 18:40:04: Epoch[051/100], iter[274/392], loss_total:0.40075, loss_equ:0.76579 loss_pq_vm:0.00501 loss_pq_va:0.13862 loss_pv_va:0.13544
INFO|2024-09-25 18:40:42: Epoch[051/100], iter[313/392], loss_total:0.56843, loss_equ:1.00591 loss_pq_vm:0.00884 loss_pq_va:0.19381 loss_pv_va:0.18562
INFO|2024-09-25 18:41:21: Epoch[051/100], iter[352/392], loss_total:0.46608, loss_equ:0.82119 loss_pq_vm:0.00454 loss_pq_va:0.17149 loss_pv_va:0.16709
INFO|2024-09-25 18:42:00: Epoch[051/100], iter[392/392], loss_total:0.41745, loss_equ:0.82359 loss_pq_vm:0.00420 loss_pq_va:0.14837 loss_pv_va:0.14474
INFO|2024-09-25 18:43:30: Epoch 50/100, lr:  0.00048945, eta: 6.52h, train_loss:  0.43370, valid_loss:  0.47535
INFO|2024-09-25 18:43:30: 	Train: PQ_Vm_rmse: 0.00018839  PQ_Va_rmse: 0.00854395  PV_Va_rmse: 0.00828354  delta_p: 0.01833318  delta_q: 0.00244216  
INFO|2024-09-25 18:43:30: 	ZTest: PQ_Vm_rmse: 0.00026488  PQ_Va_rmse: 0.01066531  PV_Va_rmse: 0.01025492  delta_p: 0.02485502  delta_q: 0.00325248  
INFO|2024-09-25 18:43:30: 	ZTest-ema: PQ_Vm_rmse: 0.000256  PQ_Va_rmse: 0.009983  PV_Va_rmse: 0.009612  delta_p: 0.019408  delta_q: 0.002545  
INFO|2024-09-25 18:43:30: 	           ValOfEMA:0.009983/0.009869,  Epoch:51/48
INFO|2024-09-25 18:43:30: 	Time(ep):478s,  Val(curr/best):0.010665/0.010630,  Epoch(curr/best):51/48
INFO|2024-09-25 18:43:30: -------------------- Epoch: 52 --------------------
INFO|2024-09-25 18:44:11: Epoch[052/100], iter[040/392], loss_total:0.39207, loss_equ:0.76277 loss_pq_vm:0.00405 loss_pq_va:0.14002 loss_pv_va:0.13523
INFO|2024-09-25 18:44:50: Epoch[052/100], iter[079/392], loss_total:0.42071, loss_equ:0.84450 loss_pq_vm:0.00425 loss_pq_va:0.14960 loss_pv_va:0.14412
INFO|2024-09-25 18:45:29: Epoch[052/100], iter[118/392], loss_total:0.37531, loss_equ:0.74693 loss_pq_vm:0.00456 loss_pq_va:0.13023 loss_pv_va:0.12483
INFO|2024-09-25 18:46:07: Epoch[052/100], iter[157/392], loss_total:0.41499, loss_equ:0.78922 loss_pq_vm:0.00530 loss_pq_va:0.14446 loss_pv_va:0.13856
INFO|2024-09-25 18:46:46: Epoch[052/100], iter[196/392], loss_total:0.39401, loss_equ:0.76416 loss_pq_vm:0.00504 loss_pq_va:0.13583 loss_pv_va:0.13132
INFO|2024-09-25 18:47:25: Epoch[052/100], iter[235/392], loss_total:0.43373, loss_equ:0.79899 loss_pq_vm:0.00428 loss_pq_va:0.15978 loss_pv_va:0.15126
INFO|2024-09-25 18:48:03: Epoch[052/100], iter[274/392], loss_total:0.42011, loss_equ:0.83970 loss_pq_vm:0.00485 loss_pq_va:0.14669 loss_pv_va:0.14092
INFO|2024-09-25 18:48:42: Epoch[052/100], iter[313/392], loss_total:0.37691, loss_equ:0.74221 loss_pq_vm:0.00464 loss_pq_va:0.13075 loss_pv_va:0.12557
INFO|2024-09-25 18:49:21: Epoch[052/100], iter[352/392], loss_total:0.41136, loss_equ:0.80709 loss_pq_vm:0.00528 loss_pq_va:0.14042 loss_pv_va:0.13743
INFO|2024-09-25 18:50:00: Epoch[052/100], iter[392/392], loss_total:0.39642, loss_equ:0.79900 loss_pq_vm:0.00436 loss_pq_va:0.13977 loss_pv_va:0.13317
INFO|2024-09-25 18:51:29: Epoch 51/100, lr:  0.00047392, eta: 6.38h, train_loss:  0.40907, valid_loss:  0.46616
INFO|2024-09-25 18:51:29: 	Train: PQ_Vm_rmse: 0.00018936  PQ_Va_rmse: 0.00698401  PV_Va_rmse: 0.00674452  delta_p: 0.01687690  delta_q: 0.00232455  
INFO|2024-09-25 18:51:29: 	ZTest: PQ_Vm_rmse: 0.00028132  PQ_Va_rmse: 0.01070634  PV_Va_rmse: 0.01025921  delta_p: 0.02153895  delta_q: 0.00273354  
INFO|2024-09-25 18:51:29: 	ZTest-ema: PQ_Vm_rmse: 0.000264  PQ_Va_rmse: 0.010175  PV_Va_rmse: 0.009767  delta_p: 0.016286  delta_q: 0.002238  
INFO|2024-09-25 18:51:29: 	           ValOfEMA:0.010175/0.009869,  Epoch:52/48
INFO|2024-09-25 18:51:29: 	Time(ep):478s,  Val(curr/best):0.010706/0.010630,  Epoch(curr/best):52/48
INFO|2024-09-25 18:51:29: -------------------- Epoch: 53 --------------------
INFO|2024-09-25 18:52:10: Epoch[053/100], iter[040/392], loss_total:0.40919, loss_equ:0.73753 loss_pq_vm:0.00403 loss_pq_va:0.14998 loss_pv_va:0.14515
INFO|2024-09-25 18:52:48: Epoch[053/100], iter[079/392], loss_total:0.40504, loss_equ:0.73470 loss_pq_vm:0.00408 loss_pq_va:0.14789 loss_pv_va:0.14288
INFO|2024-09-25 18:53:27: Epoch[053/100], iter[118/392], loss_total:0.41429, loss_equ:0.76603 loss_pq_vm:0.00424 loss_pq_va:0.15073 loss_pv_va:0.14456
INFO|2024-09-25 18:54:06: Epoch[053/100], iter[157/392], loss_total:0.43083, loss_equ:0.91884 loss_pq_vm:0.00409 loss_pq_va:0.15466 loss_pv_va:0.14336
INFO|2024-09-25 18:54:44: Epoch[053/100], iter[196/392], loss_total:0.45318, loss_equ:0.87268 loss_pq_vm:0.00447 loss_pq_va:0.16132 loss_pv_va:0.15987
INFO|2024-09-25 18:55:22: Epoch[053/100], iter[235/392], loss_total:0.40304, loss_equ:0.79740 loss_pq_vm:0.00555 loss_pq_va:0.13561 loss_pv_va:0.13215
INFO|2024-09-25 18:56:01: Epoch[053/100], iter[274/392], loss_total:0.38628, loss_equ:0.74772 loss_pq_vm:0.00410 loss_pq_va:0.13777 loss_pv_va:0.13275
INFO|2024-09-25 18:56:39: Epoch[053/100], iter[313/392], loss_total:0.44676, loss_equ:0.85845 loss_pq_vm:0.00683 loss_pq_va:0.14762 loss_pv_va:0.14503
INFO|2024-09-25 18:57:17: Epoch[053/100], iter[352/392], loss_total:0.40524, loss_equ:0.75196 loss_pq_vm:0.00427 loss_pq_va:0.14567 loss_pv_va:0.14166
INFO|2024-09-25 18:57:56: Epoch[053/100], iter[392/392], loss_total:0.49086, loss_equ:0.95293 loss_pq_vm:0.00636 loss_pq_va:0.16601 loss_pv_va:0.16594
INFO|2024-09-25 18:59:25: Epoch 52/100, lr:  0.00045842, eta: 6.21h, train_loss:  0.41899, valid_loss:  0.59714
INFO|2024-09-25 18:59:25: 	Train: PQ_Vm_rmse: 0.00017363  PQ_Va_rmse: 0.00793722  PV_Va_rmse: 0.00771478  delta_p: 0.01729956  delta_q: 0.00232086  
INFO|2024-09-25 18:59:25: 	ZTest: PQ_Vm_rmse: 0.00038621  PQ_Va_rmse: 0.01375264  PV_Va_rmse: 0.01344379  delta_p: 0.03210949  delta_q: 0.00411535  
INFO|2024-09-25 18:59:25: 	ZTest-ema: PQ_Vm_rmse: 0.000248  PQ_Va_rmse: 0.009660  PV_Va_rmse: 0.009317  delta_p: 0.017492  delta_q: 0.002305  
INFO|2024-09-25 18:59:25: 	           ValOfEMA:0.009660/0.009660,  Epoch:53/53
INFO|2024-09-25 18:59:25: 	Time(ep):475s,  Val(curr/best):0.013753/0.010630,  Epoch(curr/best):53/48
INFO|2024-09-25 18:59:25: -------------------- Epoch: 54 --------------------
INFO|2024-09-25 19:00:06: Epoch[054/100], iter[040/392], loss_total:0.48556, loss_equ:0.87437 loss_pq_vm:0.00617 loss_pq_va:0.16977 loss_pv_va:0.16661
INFO|2024-09-25 19:00:45: Epoch[054/100], iter[079/392], loss_total:0.42227, loss_equ:0.81736 loss_pq_vm:0.00464 loss_pq_va:0.14977 loss_pv_va:0.14437
INFO|2024-09-25 19:01:23: Epoch[054/100], iter[118/392], loss_total:0.41724, loss_equ:0.77195 loss_pq_vm:0.00450 loss_pq_va:0.15054 loss_pv_va:0.14450
INFO|2024-09-25 19:02:02: Epoch[054/100], iter[157/392], loss_total:0.40125, loss_equ:0.80718 loss_pq_vm:0.00419 loss_pq_va:0.14071 loss_pv_va:0.13792
INFO|2024-09-25 19:02:40: Epoch[054/100], iter[196/392], loss_total:0.41758, loss_equ:0.84652 loss_pq_vm:0.00502 loss_pq_va:0.14401 loss_pv_va:0.13873
INFO|2024-09-25 19:03:19: Epoch[054/100], iter[235/392], loss_total:0.38371, loss_equ:0.76661 loss_pq_vm:0.00406 loss_pq_va:0.13540 loss_pv_va:0.13105
INFO|2024-09-25 19:03:57: Epoch[054/100], iter[274/392], loss_total:0.38506, loss_equ:0.78727 loss_pq_vm:0.00444 loss_pq_va:0.13303 loss_pv_va:0.12892
INFO|2024-09-25 19:04:36: Epoch[054/100], iter[313/392], loss_total:0.46364, loss_equ:0.81339 loss_pq_vm:0.00471 loss_pq_va:0.16979 loss_pv_va:0.16545
INFO|2024-09-25 19:05:14: Epoch[054/100], iter[352/392], loss_total:0.46032, loss_equ:0.85589 loss_pq_vm:0.00456 loss_pq_va:0.16627 loss_pv_va:0.16281
INFO|2024-09-25 19:05:54: Epoch[054/100], iter[392/392], loss_total:0.45447, loss_equ:0.94156 loss_pq_vm:0.00491 loss_pq_va:0.15737 loss_pv_va:0.15387
INFO|2024-09-25 19:07:23: Epoch 53/100, lr:  0.00044296, eta: 6.1h, train_loss:  0.42176, valid_loss:  0.51798
INFO|2024-09-25 19:07:23: 	Train: PQ_Vm_rmse: 0.00019103  PQ_Va_rmse: 0.00756082  PV_Va_rmse: 0.00738552  delta_p: 0.01929501  delta_q: 0.00255188  
INFO|2024-09-25 19:07:23: 	ZTest: PQ_Vm_rmse: 0.00028867  PQ_Va_rmse: 0.01232507  PV_Va_rmse: 0.01192576  delta_p: 0.02672335  delta_q: 0.00359774  
INFO|2024-09-25 19:07:23: 	ZTest-ema: PQ_Vm_rmse: 0.000249  PQ_Va_rmse: 0.009842  PV_Va_rmse: 0.009518  delta_p: 0.016603  delta_q: 0.002229  
INFO|2024-09-25 19:07:23: 	           ValOfEMA:0.009842/0.009660,  Epoch:54/53
INFO|2024-09-25 19:07:23: 	Time(ep):477s,  Val(curr/best):0.012325/0.010630,  Epoch(curr/best):54/48
INFO|2024-09-25 19:07:23: -------------------- Epoch: 55 --------------------
INFO|2024-09-25 19:08:04: Epoch[055/100], iter[040/392], loss_total:0.40851, loss_equ:0.83720 loss_pq_vm:0.00428 loss_pq_va:0.14444 loss_pv_va:0.13757
INFO|2024-09-25 19:08:43: Epoch[055/100], iter[079/392], loss_total:0.37972, loss_equ:0.72771 loss_pq_vm:0.00404 loss_pq_va:0.13581 loss_pv_va:0.13075
INFO|2024-09-25 19:09:21: Epoch[055/100], iter[118/392], loss_total:0.39287, loss_equ:0.72664 loss_pq_vm:0.00388 loss_pq_va:0.14334 loss_pv_va:0.13803
INFO|2024-09-25 19:09:59: Epoch[055/100], iter[157/392], loss_total:0.39429, loss_equ:0.77444 loss_pq_vm:0.00409 loss_pq_va:0.14028 loss_pv_va:0.13566
INFO|2024-09-25 19:10:38: Epoch[055/100], iter[196/392], loss_total:0.39116, loss_equ:0.73020 loss_pq_vm:0.00413 loss_pq_va:0.14141 loss_pv_va:0.13546
INFO|2024-09-25 19:11:17: Epoch[055/100], iter[235/392], loss_total:0.38660, loss_equ:0.73944 loss_pq_vm:0.00437 loss_pq_va:0.13677 loss_pv_va:0.13222
INFO|2024-09-25 19:11:56: Epoch[055/100], iter[274/392], loss_total:0.42405, loss_equ:0.83764 loss_pq_vm:0.00466 loss_pq_va:0.14928 loss_pv_va:0.14439
INFO|2024-09-25 19:12:36: Epoch[055/100], iter[313/392], loss_total:0.36619, loss_equ:0.72486 loss_pq_vm:0.00392 loss_pq_va:0.12933 loss_pv_va:0.12517
INFO|2024-09-25 19:13:15: Epoch[055/100], iter[352/392], loss_total:0.38263, loss_equ:0.72601 loss_pq_vm:0.00450 loss_pq_va:0.13492 loss_pv_va:0.13011
INFO|2024-09-25 19:13:55: Epoch[055/100], iter[392/392], loss_total:0.41276, loss_equ:0.80966 loss_pq_vm:0.00463 loss_pq_va:0.14528 loss_pv_va:0.14023
INFO|2024-09-25 19:15:26: Epoch 54/100, lr:  0.00042756, eta: 6.04h, train_loss:  0.40128, valid_loss:  0.45973
INFO|2024-09-25 19:15:26: 	Train: PQ_Vm_rmse: 0.00016688  PQ_Va_rmse: 0.00725697  PV_Va_rmse: 0.00702481  delta_p: 0.01543724  delta_q: 0.00212146  
INFO|2024-09-25 19:15:26: 	ZTest: PQ_Vm_rmse: 0.00024546  PQ_Va_rmse: 0.01018453  PV_Va_rmse: 0.00981254  delta_p: 0.01781865  delta_q: 0.00239850  
INFO|2024-09-25 19:15:26: 	ZTest-ema: PQ_Vm_rmse: 0.000247  PQ_Va_rmse: 0.009748  PV_Va_rmse: 0.009405  delta_p: 0.016067  delta_q: 0.002171  
INFO|2024-09-25 19:15:26: 	           ValOfEMA:0.009748/0.009660,  Epoch:55/53
INFO|2024-09-25 19:15:27: 	Time(ep):483s,  Val(curr/best):0.010185/0.010185,  Epoch(curr/best):55/55
INFO|2024-09-25 19:15:27: -------------------- Epoch: 56 --------------------
INFO|2024-09-25 19:16:09: Epoch[056/100], iter[040/392], loss_total:0.39136, loss_equ:0.81302 loss_pq_vm:0.00433 loss_pq_va:0.13496 loss_pv_va:0.13182
INFO|2024-09-25 19:16:48: Epoch[056/100], iter[079/392], loss_total:0.37197, loss_equ:0.74828 loss_pq_vm:0.00413 loss_pq_va:0.13051 loss_pv_va:0.12537
INFO|2024-09-25 19:17:27: Epoch[056/100], iter[118/392], loss_total:0.41264, loss_equ:0.84375 loss_pq_vm:0.00506 loss_pq_va:0.14169 loss_pv_va:0.13598
INFO|2024-09-25 19:18:06: Epoch[056/100], iter[157/392], loss_total:0.38425, loss_equ:0.72609 loss_pq_vm:0.00494 loss_pq_va:0.13369 loss_pv_va:0.12859
INFO|2024-09-25 19:18:45: Epoch[056/100], iter[196/392], loss_total:0.43598, loss_equ:0.74801 loss_pq_vm:0.00463 loss_pq_va:0.16050 loss_pv_va:0.15440
INFO|2024-09-25 19:19:24: Epoch[056/100], iter[235/392], loss_total:0.43991, loss_equ:0.75311 loss_pq_vm:0.00497 loss_pq_va:0.16031 loss_pv_va:0.15463
INFO|2024-09-25 19:20:02: Epoch[056/100], iter[274/392], loss_total:0.46074, loss_equ:0.76764 loss_pq_vm:0.00565 loss_pq_va:0.16706 loss_pv_va:0.16042
INFO|2024-09-25 19:20:41: Epoch[056/100], iter[313/392], loss_total:0.42394, loss_equ:0.79616 loss_pq_vm:0.00655 loss_pq_va:0.14180 loss_pv_va:0.13700
INFO|2024-09-25 19:21:20: Epoch[056/100], iter[352/392], loss_total:0.52139, loss_equ:0.85315 loss_pq_vm:0.00742 loss_pq_va:0.18394 loss_pv_va:0.17795
INFO|2024-09-25 19:22:00: Epoch[056/100], iter[392/392], loss_total:0.50765, loss_equ:0.79231 loss_pq_vm:0.00596 loss_pq_va:0.18824 loss_pv_va:0.18056
INFO|2024-09-25 19:23:29: Epoch 55/100, lr:  0.00041225, eta: 5.9h, train_loss:  0.44489, valid_loss:  0.52441
INFO|2024-09-25 19:23:29: 	Train: PQ_Vm_rmse: 0.00028582  PQ_Va_rmse: 0.00941055  PV_Va_rmse: 0.00907301  delta_p: 0.01766661  delta_q: 0.00290097  
INFO|2024-09-25 19:23:29: 	ZTest: PQ_Vm_rmse: 0.00058255  PQ_Va_rmse: 0.01213269  PV_Va_rmse: 0.01159298  delta_p: 0.02744551  delta_q: 0.00627240  
INFO|2024-09-25 19:23:29: 	ZTest-ema: PQ_Vm_rmse: 0.000302  PQ_Va_rmse: 0.010269  PV_Va_rmse: 0.009900  delta_p: 0.020734  delta_q: 0.003305  
INFO|2024-09-25 19:23:29: 	           ValOfEMA:0.010269/0.009660,  Epoch:56/53
INFO|2024-09-25 19:23:30: 	Time(ep):482s,  Val(curr/best):0.012133/0.010185,  Epoch(curr/best):56/55
INFO|2024-09-25 19:23:30: -------------------- Epoch: 57 --------------------
INFO|2024-09-25 19:24:11: Epoch[057/100], iter[040/392], loss_total:0.45747, loss_equ:0.76579 loss_pq_vm:0.00572 loss_pq_va:0.16477 loss_pv_va:0.15889
INFO|2024-09-25 19:24:50: Epoch[057/100], iter[079/392], loss_total:0.51899, loss_equ:0.81157 loss_pq_vm:0.00759 loss_pq_va:0.18370 loss_pv_va:0.17821
INFO|2024-09-25 19:25:29: Epoch[057/100], iter[118/392], loss_total:0.43480, loss_equ:0.78309 loss_pq_vm:0.00645 loss_pq_va:0.14872 loss_pv_va:0.14331
INFO|2024-09-25 19:26:08: Epoch[057/100], iter[157/392], loss_total:0.43560, loss_equ:0.75098 loss_pq_vm:0.00532 loss_pq_va:0.15628 loss_pv_va:0.15102
INFO|2024-09-25 19:26:47: Epoch[057/100], iter[196/392], loss_total:0.40076, loss_equ:0.69707 loss_pq_vm:0.00474 loss_pq_va:0.14396 loss_pv_va:0.13970
INFO|2024-09-25 19:27:26: Epoch[057/100], iter[235/392], loss_total:0.36674, loss_equ:0.69451 loss_pq_vm:0.00503 loss_pq_va:0.12559 loss_pv_va:0.12143
INFO|2024-09-25 19:28:06: Epoch[057/100], iter[274/392], loss_total:0.40216, loss_equ:0.72877 loss_pq_vm:0.00589 loss_pq_va:0.13749 loss_pv_va:0.13285
INFO|2024-09-25 19:28:45: Epoch[057/100], iter[313/392], loss_total:0.39299, loss_equ:0.73973 loss_pq_vm:0.00598 loss_pq_va:0.13199 loss_pv_va:0.12718
INFO|2024-09-25 19:29:24: Epoch[057/100], iter[352/392], loss_total:0.39644, loss_equ:0.73053 loss_pq_vm:0.00604 loss_pq_va:0.13370 loss_pv_va:0.12929
INFO|2024-09-25 19:30:04: Epoch[057/100], iter[392/392], loss_total:0.42840, loss_equ:0.72529 loss_pq_vm:0.00554 loss_pq_va:0.15264 loss_pv_va:0.14782
INFO|2024-09-25 19:31:34: Epoch 56/100, lr:  0.00039702, eta: 5.78h, train_loss:  0.44065, valid_loss:  0.49567
INFO|2024-09-25 19:31:34: 	Train: PQ_Vm_rmse: 0.00032383  PQ_Va_rmse: 0.00954422  PV_Va_rmse: 0.00923796  delta_p: 0.01682662  delta_q: 0.00332476  
INFO|2024-09-25 19:31:34: 	ZTest: PQ_Vm_rmse: 0.00031647  PQ_Va_rmse: 0.01313408  PV_Va_rmse: 0.01270829  delta_p: 0.01745464  delta_q: 0.00268231  
INFO|2024-09-25 19:31:34: 	ZTest-ema: PQ_Vm_rmse: 0.000277  PQ_Va_rmse: 0.010230  PV_Va_rmse: 0.009856  delta_p: 0.015253  delta_q: 0.002390  
INFO|2024-09-25 19:31:34: 	           ValOfEMA:0.010230/0.009660,  Epoch:57/53
INFO|2024-09-25 19:31:34: 	Time(ep):483s,  Val(curr/best):0.013134/0.010185,  Epoch(curr/best):57/55
INFO|2024-09-25 19:31:34: -------------------- Epoch: 58 --------------------
INFO|2024-09-25 19:32:16: Epoch[058/100], iter[040/392], loss_total:0.42500, loss_equ:0.72840 loss_pq_vm:0.00581 loss_pq_va:0.14990 loss_pv_va:0.14418
INFO|2024-09-25 19:32:55: Epoch[058/100], iter[079/392], loss_total:0.43927, loss_equ:0.71531 loss_pq_vm:0.00478 loss_pq_va:0.16311 loss_pv_va:0.15680
INFO|2024-09-25 19:33:34: Epoch[058/100], iter[118/392], loss_total:0.43020, loss_equ:0.71663 loss_pq_vm:0.00472 loss_pq_va:0.15844 loss_pv_va:0.15286
INFO|2024-09-25 19:34:13: Epoch[058/100], iter[157/392], loss_total:0.41510, loss_equ:0.71825 loss_pq_vm:0.00532 loss_pq_va:0.14703 loss_pv_va:0.14302
INFO|2024-09-25 19:34:53: Epoch[058/100], iter[196/392], loss_total:0.41220, loss_equ:0.72023 loss_pq_vm:0.00497 loss_pq_va:0.14797 loss_pv_va:0.14253
INFO|2024-09-25 19:35:32: Epoch[058/100], iter[235/392], loss_total:0.39518, loss_equ:0.72479 loss_pq_vm:0.00591 loss_pq_va:0.13379 loss_pv_va:0.12982
INFO|2024-09-25 19:36:11: Epoch[058/100], iter[274/392], loss_total:0.40683, loss_equ:0.71807 loss_pq_vm:0.00510 loss_pq_va:0.14504 loss_pv_va:0.13899
INFO|2024-09-25 19:36:50: Epoch[058/100], iter[313/392], loss_total:0.40690, loss_equ:0.71200 loss_pq_vm:0.00537 loss_pq_va:0.14354 loss_pv_va:0.13846
INFO|2024-09-25 19:37:29: Epoch[058/100], iter[352/392], loss_total:0.38312, loss_equ:0.71487 loss_pq_vm:0.00497 loss_pq_va:0.13347 loss_pv_va:0.12844
INFO|2024-09-25 19:38:09: Epoch[058/100], iter[392/392], loss_total:0.38786, loss_equ:0.69471 loss_pq_vm:0.00471 loss_pq_va:0.13820 loss_pv_va:0.13313
INFO|2024-09-25 19:39:40: Epoch 57/100, lr:  0.00038190, eta: 5.66h, train_loss:  0.41197, valid_loss:  0.46168
INFO|2024-09-25 19:39:40: 	Train: PQ_Vm_rmse: 0.00022990  PQ_Va_rmse: 0.00789348  PV_Va_rmse: 0.00763289  delta_p: 0.01270456  delta_q: 0.00243711  
INFO|2024-09-25 19:39:40: 	ZTest: PQ_Vm_rmse: 0.00033256  PQ_Va_rmse: 0.01066144  PV_Va_rmse: 0.01028865  delta_p: 0.01688623  delta_q: 0.00314592  
INFO|2024-09-25 19:39:40: 	ZTest-ema: PQ_Vm_rmse: 0.000276  PQ_Va_rmse: 0.010250  PV_Va_rmse: 0.009881  delta_p: 0.015315  delta_q: 0.002385  
INFO|2024-09-25 19:39:40: 	           ValOfEMA:0.010250/0.009660,  Epoch:58/53
INFO|2024-09-25 19:39:40: 	Time(ep):485s,  Val(curr/best):0.010661/0.010185,  Epoch(curr/best):58/55
INFO|2024-09-25 19:39:40: -------------------- Epoch: 59 --------------------
INFO|2024-09-25 19:40:22: Epoch[059/100], iter[040/392], loss_total:0.38756, loss_equ:0.70777 loss_pq_vm:0.00537 loss_pq_va:0.13411 loss_pv_va:0.12898
INFO|2024-09-25 19:41:01: Epoch[059/100], iter[079/392], loss_total:0.41638, loss_equ:0.71520 loss_pq_vm:0.00453 loss_pq_va:0.15208 loss_pv_va:0.14746
INFO|2024-09-25 19:41:40: Epoch[059/100], iter[118/392], loss_total:0.39713, loss_equ:0.69659 loss_pq_vm:0.00442 loss_pq_va:0.14377 loss_pv_va:0.13945
INFO|2024-09-25 19:42:20: Epoch[059/100], iter[157/392], loss_total:0.38397, loss_equ:0.70288 loss_pq_vm:0.00458 loss_pq_va:0.13624 loss_pv_va:0.13162
INFO|2024-09-25 19:42:59: Epoch[059/100], iter[196/392], loss_total:0.36627, loss_equ:0.69578 loss_pq_vm:0.00471 loss_pq_va:0.12712 loss_pv_va:0.12246
INFO|2024-09-25 19:43:38: Epoch[059/100], iter[235/392], loss_total:0.39072, loss_equ:0.70747 loss_pq_vm:0.00472 loss_pq_va:0.13846 loss_pv_va:0.13435
INFO|2024-09-25 19:44:17: Epoch[059/100], iter[274/392], loss_total:0.37406, loss_equ:0.68640 loss_pq_vm:0.00438 loss_pq_va:0.13297 loss_pv_va:0.12867
INFO|2024-09-25 19:44:56: Epoch[059/100], iter[313/392], loss_total:0.41321, loss_equ:0.76297 loss_pq_vm:0.00569 loss_pq_va:0.14280 loss_pv_va:0.13720
INFO|2024-09-25 19:45:34: Epoch[059/100], iter[352/392], loss_total:0.44468, loss_equ:0.89470 loss_pq_vm:0.00610 loss_pq_va:0.14935 loss_pv_va:0.14485
INFO|2024-09-25 19:46:14: Epoch[059/100], iter[392/392], loss_total:0.41705, loss_equ:0.80014 loss_pq_vm:0.00483 loss_pq_va:0.14694 loss_pv_va:0.14179
INFO|2024-09-25 19:47:44: Epoch 58/100, lr:  0.00036690, eta: 5.51h, train_loss:  0.40729, valid_loss:  0.48956
INFO|2024-09-25 19:47:44: 	Train: PQ_Vm_rmse: 0.00019956  PQ_Va_rmse: 0.00743545  PV_Va_rmse: 0.00717554  delta_p: 0.01313596  delta_q: 0.00224876  
INFO|2024-09-25 19:47:44: 	ZTest: PQ_Vm_rmse: 0.00028817  PQ_Va_rmse: 0.01214872  PV_Va_rmse: 0.01188698  delta_p: 0.02370497  delta_q: 0.00355886  
INFO|2024-09-25 19:47:44: 	ZTest-ema: PQ_Vm_rmse: 0.000249  PQ_Va_rmse: 0.009582  PV_Va_rmse: 0.009227  delta_p: 0.012894  delta_q: 0.001869  
INFO|2024-09-25 19:47:44: 	           ValOfEMA:0.009582/0.009582,  Epoch:59/59
INFO|2024-09-25 19:47:45: 	Time(ep):483s,  Val(curr/best):0.012149/0.010185,  Epoch(curr/best):59/55
INFO|2024-09-25 19:47:45: -------------------- Epoch: 60 --------------------
INFO|2024-09-25 19:48:27: Epoch[060/100], iter[040/392], loss_total:0.41379, loss_equ:0.75452 loss_pq_vm:0.00454 loss_pq_va:0.14965 loss_pv_va:0.14333
INFO|2024-09-25 19:49:05: Epoch[060/100], iter[079/392], loss_total:0.39822, loss_equ:0.70047 loss_pq_vm:0.00417 loss_pq_va:0.14620 loss_pv_va:0.14026
INFO|2024-09-25 19:49:44: Epoch[060/100], iter[118/392], loss_total:0.38268, loss_equ:0.69942 loss_pq_vm:0.00475 loss_pq_va:0.13452 loss_pv_va:0.13074
INFO|2024-09-25 19:50:23: Epoch[060/100], iter[157/392], loss_total:0.42857, loss_equ:0.69626 loss_pq_vm:0.00429 loss_pq_va:0.16036 loss_pv_va:0.15569
INFO|2024-09-25 19:51:02: Epoch[060/100], iter[196/392], loss_total:0.42479, loss_equ:0.70343 loss_pq_vm:0.00468 loss_pq_va:0.15623 loss_pv_va:0.15139
INFO|2024-09-25 19:51:41: Epoch[060/100], iter[235/392], loss_total:0.42880, loss_equ:0.73310 loss_pq_vm:0.00489 loss_pq_va:0.15557 loss_pv_va:0.15106
INFO|2024-09-25 19:52:21: Epoch[060/100], iter[274/392], loss_total:0.44784, loss_equ:0.70984 loss_pq_vm:0.00463 loss_pq_va:0.16777 loss_pv_va:0.16277
INFO|2024-09-25 19:53:00: Epoch[060/100], iter[313/392], loss_total:0.40620, loss_equ:0.71029 loss_pq_vm:0.00512 loss_pq_va:0.14482 loss_pv_va:0.13910
INFO|2024-09-25 19:53:40: Epoch[060/100], iter[352/392], loss_total:0.42797, loss_equ:0.70971 loss_pq_vm:0.00459 loss_pq_va:0.15887 loss_pv_va:0.15224
INFO|2024-09-25 19:54:20: Epoch[060/100], iter[392/392], loss_total:0.36630, loss_equ:0.67903 loss_pq_vm:0.00472 loss_pq_va:0.12821 loss_pv_va:0.12295
INFO|2024-09-25 19:55:50: Epoch 59/100, lr:  0.00035204, eta: 5.4h, train_loss:  0.40507, valid_loss:  0.47039
INFO|2024-09-25 19:55:50: 	Train: PQ_Vm_rmse: 0.00020217  PQ_Va_rmse: 0.00788491  PV_Va_rmse: 0.00764169  delta_p: 0.01301512  delta_q: 0.00219658  
INFO|2024-09-25 19:55:50: 	ZTest: PQ_Vm_rmse: 0.00029324  PQ_Va_rmse: 0.01132423  PV_Va_rmse: 0.01091882  delta_p: 0.01606427  delta_q: 0.00254638  
INFO|2024-09-25 19:55:50: 	ZTest-ema: PQ_Vm_rmse: 0.000261  PQ_Va_rmse: 0.010001  PV_Va_rmse: 0.009639  delta_p: 0.014576  delta_q: 0.002187  
INFO|2024-09-25 19:55:50: 	           ValOfEMA:0.010001/0.009582,  Epoch:60/59
INFO|2024-09-25 19:55:51: 	Time(ep):485s,  Val(curr/best):0.011324/0.010185,  Epoch(curr/best):60/55
INFO|2024-09-25 19:55:51: -------------------- Epoch: 61 --------------------
INFO|2024-09-25 19:56:32: Epoch[061/100], iter[040/392], loss_total:0.37517, loss_equ:0.68901 loss_pq_vm:0.00435 loss_pq_va:0.13377 loss_pv_va:0.12897
INFO|2024-09-25 19:57:11: Epoch[061/100], iter[079/392], loss_total:0.38927, loss_equ:0.69502 loss_pq_vm:0.00445 loss_pq_va:0.13992 loss_pv_va:0.13538
INFO|2024-09-25 19:57:51: Epoch[061/100], iter[118/392], loss_total:0.36330, loss_equ:0.66884 loss_pq_vm:0.00429 loss_pq_va:0.12919 loss_pv_va:0.12429
INFO|2024-09-25 19:58:30: Epoch[061/100], iter[157/392], loss_total:0.40163, loss_equ:0.69173 loss_pq_vm:0.00448 loss_pq_va:0.14692 loss_pv_va:0.14078
INFO|2024-09-25 19:59:09: Epoch[061/100], iter[196/392], loss_total:0.34923, loss_equ:0.67573 loss_pq_vm:0.00440 loss_pq_va:0.12078 loss_pv_va:0.11684
INFO|2024-09-25 19:59:48: Epoch[061/100], iter[235/392], loss_total:0.37653, loss_equ:0.70490 loss_pq_vm:0.00441 loss_pq_va:0.13348 loss_pv_va:0.12845
INFO|2024-09-25 20:00:27: Epoch[061/100], iter[274/392], loss_total:0.38490, loss_equ:0.70574 loss_pq_vm:0.00432 loss_pq_va:0.13802 loss_pv_va:0.13309
INFO|2024-09-25 20:01:06: Epoch[061/100], iter[313/392], loss_total:0.38038, loss_equ:0.69722 loss_pq_vm:0.00429 loss_pq_va:0.13681 loss_pv_va:0.13099
INFO|2024-09-25 20:01:45: Epoch[061/100], iter[352/392], loss_total:0.38562, loss_equ:0.70162 loss_pq_vm:0.00445 loss_pq_va:0.13830 loss_pv_va:0.13270
INFO|2024-09-25 20:02:25: Epoch[061/100], iter[392/392], loss_total:0.37034, loss_equ:0.67981 loss_pq_vm:0.00449 loss_pq_va:0.13135 loss_pv_va:0.12613
INFO|2024-09-25 20:03:55: Epoch 60/100, lr:  0.00033732, eta: 5.25h, train_loss:  0.37561, valid_loss:  0.44432
INFO|2024-09-25 20:03:55: 	Train: PQ_Vm_rmse: 0.00016649  PQ_Va_rmse: 0.00630531  PV_Va_rmse: 0.00608983  delta_p: 0.01033892  delta_q: 0.00173243  
INFO|2024-09-25 20:03:55: 	ZTest: PQ_Vm_rmse: 0.00027236  PQ_Va_rmse: 0.01118233  PV_Va_rmse: 0.01075879  delta_p: 0.01417180  delta_q: 0.00215322  
INFO|2024-09-25 20:03:55: 	ZTest-ema: PQ_Vm_rmse: 0.000264  PQ_Va_rmse: 0.010328  PV_Va_rmse: 0.009908  delta_p: 0.013354  delta_q: 0.001963  
INFO|2024-09-25 20:03:55: 	           ValOfEMA:0.010328/0.009582,  Epoch:61/59
INFO|2024-09-25 20:03:55: 	Time(ep):484s,  Val(curr/best):0.011182/0.010185,  Epoch(curr/best):61/55
INFO|2024-09-25 20:03:56: -------------------- Epoch: 62 --------------------
INFO|2024-09-25 20:04:37: Epoch[062/100], iter[040/392], loss_total:0.36413, loss_equ:0.68515 loss_pq_vm:0.00426 loss_pq_va:0.12890 loss_pv_va:0.12413
INFO|2024-09-25 20:05:16: Epoch[062/100], iter[079/392], loss_total:0.37911, loss_equ:0.68663 loss_pq_vm:0.00420 loss_pq_va:0.13678 loss_pv_va:0.13164
INFO|2024-09-25 20:05:56: Epoch[062/100], iter[118/392], loss_total:0.38248, loss_equ:0.68641 loss_pq_vm:0.00420 loss_pq_va:0.13879 loss_pv_va:0.13309
INFO|2024-09-25 20:06:34: Epoch[062/100], iter[157/392], loss_total:0.36723, loss_equ:0.68755 loss_pq_vm:0.00405 loss_pq_va:0.13183 loss_pv_va:0.12618
INFO|2024-09-25 20:07:13: Epoch[062/100], iter[196/392], loss_total:0.37887, loss_equ:0.67856 loss_pq_vm:0.00415 loss_pq_va:0.13792 loss_pv_va:0.13163
INFO|2024-09-25 20:07:52: Epoch[062/100], iter[235/392], loss_total:0.36165, loss_equ:0.67093 loss_pq_vm:0.00437 loss_pq_va:0.12768 loss_pv_va:0.12322
INFO|2024-09-25 20:08:31: Epoch[062/100], iter[274/392], loss_total:0.36801, loss_equ:0.69349 loss_pq_vm:0.00441 loss_pq_va:0.13020 loss_pv_va:0.12432
INFO|2024-09-25 20:09:10: Epoch[062/100], iter[313/392], loss_total:0.36319, loss_equ:0.67774 loss_pq_vm:0.00396 loss_pq_va:0.13024 loss_pv_va:0.12556
INFO|2024-09-25 20:09:50: Epoch[062/100], iter[352/392], loss_total:0.36190, loss_equ:0.71245 loss_pq_vm:0.00463 loss_pq_va:0.12455 loss_pv_va:0.11981
INFO|2024-09-25 20:10:30: Epoch[062/100], iter[392/392], loss_total:0.37713, loss_equ:0.70269 loss_pq_vm:0.00468 loss_pq_va:0.13248 loss_pv_va:0.12756
INFO|2024-09-25 20:12:02: Epoch 61/100, lr:  0.00032278, eta: 5.14h, train_loss:  0.37105, valid_loss:  0.47300
INFO|2024-09-25 20:12:02: 	Train: PQ_Vm_rmse: 0.00015883  PQ_Va_rmse: 0.00625099  PV_Va_rmse: 0.00604345  delta_p: 0.01030380  delta_q: 0.00165147  
INFO|2024-09-25 20:12:02: 	ZTest: PQ_Vm_rmse: 0.00027276  PQ_Va_rmse: 0.01212386  PV_Va_rmse: 0.01162214  delta_p: 0.01613687  delta_q: 0.00235843  
INFO|2024-09-25 20:12:02: 	ZTest-ema: PQ_Vm_rmse: 0.000254  PQ_Va_rmse: 0.010154  PV_Va_rmse: 0.009703  delta_p: 0.014288  delta_q: 0.002088  
INFO|2024-09-25 20:12:02: 	           ValOfEMA:0.010154/0.009582,  Epoch:62/59
INFO|2024-09-25 20:12:03: 	Time(ep):486s,  Val(curr/best):0.012124/0.010185,  Epoch(curr/best):62/55
INFO|2024-09-25 20:12:03: -------------------- Epoch: 63 --------------------
INFO|2024-09-25 20:12:45: Epoch[063/100], iter[040/392], loss_total:0.37301, loss_equ:0.67677 loss_pq_vm:0.00403 loss_pq_va:0.13490 loss_pv_va:0.13013
INFO|2024-09-25 20:13:25: Epoch[063/100], iter[079/392], loss_total:0.35974, loss_equ:0.66745 loss_pq_vm:0.00393 loss_pq_va:0.12899 loss_pv_va:0.12469
INFO|2024-09-25 20:14:05: Epoch[063/100], iter[118/392], loss_total:0.39722, loss_equ:0.70060 loss_pq_vm:0.00474 loss_pq_va:0.14300 loss_pv_va:0.13672
INFO|2024-09-25 20:14:44: Epoch[063/100], iter[157/392], loss_total:0.34994, loss_equ:0.67069 loss_pq_vm:0.00395 loss_pq_va:0.12458 loss_pv_va:0.11883
INFO|2024-09-25 20:15:24: Epoch[063/100], iter[196/392], loss_total:0.36533, loss_equ:0.67105 loss_pq_vm:0.00419 loss_pq_va:0.13042 loss_pv_va:0.12588
INFO|2024-09-25 20:16:04: Epoch[063/100], iter[235/392], loss_total:0.35220, loss_equ:0.66145 loss_pq_vm:0.00389 loss_pq_va:0.12529 loss_pv_va:0.12187
INFO|2024-09-25 20:16:43: Epoch[063/100], iter[274/392], loss_total:0.36154, loss_equ:0.67944 loss_pq_vm:0.00395 loss_pq_va:0.12923 loss_pv_va:0.12484
INFO|2024-09-25 20:17:22: Epoch[063/100], iter[313/392], loss_total:0.37523, loss_equ:0.67527 loss_pq_vm:0.00404 loss_pq_va:0.13627 loss_pv_va:0.13101
INFO|2024-09-25 20:18:02: Epoch[063/100], iter[352/392], loss_total:0.37598, loss_equ:0.66954 loss_pq_vm:0.00396 loss_pq_va:0.13746 loss_pv_va:0.13198
INFO|2024-09-25 20:18:42: Epoch[063/100], iter[392/392], loss_total:0.38349, loss_equ:0.69359 loss_pq_vm:0.00407 loss_pq_va:0.13922 loss_pv_va:0.13419
INFO|2024-09-25 20:20:12: Epoch 62/100, lr:  0.00030841, eta: 5.03h, train_loss:  0.36633, valid_loss:  0.43012
INFO|2024-09-25 20:20:12: 	Train: PQ_Vm_rmse: 0.00015258  PQ_Va_rmse: 0.00614954  PV_Va_rmse: 0.00593890  delta_p: 0.01017402  delta_q: 0.00162440  
INFO|2024-09-25 20:20:12: 	ZTest: PQ_Vm_rmse: 0.00024913  PQ_Va_rmse: 0.00925706  PV_Va_rmse: 0.00891079  delta_p: 0.01536651  delta_q: 0.00238799  
INFO|2024-09-25 20:20:12: 	ZTest-ema: PQ_Vm_rmse: 0.000243  PQ_Va_rmse: 0.009416  PV_Va_rmse: 0.009053  delta_p: 0.013682  delta_q: 0.001990  
INFO|2024-09-25 20:20:12: 	           ValOfEMA:0.009416/0.009416,  Epoch:63/63
INFO|2024-09-25 20:20:12: 	Time(ep):489s,  Val(curr/best):0.009257/0.009257,  Epoch(curr/best):63/63
INFO|2024-09-25 20:20:13: -------------------- Epoch: 64 --------------------
INFO|2024-09-25 20:20:54: Epoch[064/100], iter[040/392], loss_total:0.38130, loss_equ:0.72321 loss_pq_vm:0.00389 loss_pq_va:0.13677 loss_pv_va:0.13331
INFO|2024-09-25 20:21:34: Epoch[064/100], iter[079/392], loss_total:0.37772, loss_equ:0.72962 loss_pq_vm:0.00405 loss_pq_va:0.13507 loss_pv_va:0.12921
INFO|2024-09-25 20:22:13: Epoch[064/100], iter[118/392], loss_total:0.37330, loss_equ:0.74699 loss_pq_vm:0.00426 loss_pq_va:0.13001 loss_pv_va:0.12602
INFO|2024-09-25 20:22:52: Epoch[064/100], iter[157/392], loss_total:0.41730, loss_equ:0.77409 loss_pq_vm:0.00403 loss_pq_va:0.15201 loss_pv_va:0.14755
INFO|2024-09-25 20:23:32: Epoch[064/100], iter[196/392], loss_total:0.41598, loss_equ:0.85050 loss_pq_vm:0.00465 loss_pq_va:0.14443 loss_pv_va:0.14002
INFO|2024-09-25 20:24:12: Epoch[064/100], iter[235/392], loss_total:0.37813, loss_equ:0.72612 loss_pq_vm:0.00412 loss_pq_va:0.13424 loss_pv_va:0.13011
INFO|2024-09-25 20:24:52: Epoch[064/100], iter[274/392], loss_total:0.34412, loss_equ:0.67312 loss_pq_vm:0.00376 loss_pq_va:0.12176 loss_pv_va:0.11749
INFO|2024-09-25 20:25:32: Epoch[064/100], iter[313/392], loss_total:0.40824, loss_equ:0.77904 loss_pq_vm:0.00395 loss_pq_va:0.14618 loss_pv_va:0.14468
INFO|2024-09-25 20:26:12: Epoch[064/100], iter[352/392], loss_total:0.34441, loss_equ:0.67757 loss_pq_vm:0.00371 loss_pq_va:0.12210 loss_pv_va:0.11747
INFO|2024-09-25 20:26:52: Epoch[064/100], iter[392/392], loss_total:0.36960, loss_equ:0.72473 loss_pq_vm:0.00425 loss_pq_va:0.12988 loss_pv_va:0.12470
INFO|2024-09-25 20:28:23: Epoch 63/100, lr:  0.00029424, eta: 4.91h, train_loss:  0.37870, valid_loss:  0.44151
INFO|2024-09-25 20:28:23: 	Train: PQ_Vm_rmse: 0.00014969  PQ_Va_rmse: 0.00642271  PV_Va_rmse: 0.00621514  delta_p: 0.01504983  delta_q: 0.00201601  
INFO|2024-09-25 20:28:23: 	ZTest: PQ_Vm_rmse: 0.00027280  PQ_Va_rmse: 0.00992786  PV_Va_rmse: 0.00954062  delta_p: 0.01593232  delta_q: 0.00249618  
INFO|2024-09-25 20:28:23: 	ZTest-ema: PQ_Vm_rmse: 0.000237  PQ_Va_rmse: 0.009353  PV_Va_rmse: 0.009013  delta_p: 0.014968  delta_q: 0.002006  
INFO|2024-09-25 20:28:23: 	           ValOfEMA:0.009353/0.009353,  Epoch:64/64
INFO|2024-09-25 20:28:24: 	Time(ep):490s,  Val(curr/best):0.009928/0.009257,  Epoch(curr/best):64/63
INFO|2024-09-25 20:28:24: -------------------- Epoch: 65 --------------------
INFO|2024-09-25 20:29:05: Epoch[065/100], iter[040/392], loss_total:0.35205, loss_equ:0.72444 loss_pq_vm:0.00434 loss_pq_va:0.11984 loss_pv_va:0.11633
INFO|2024-09-25 20:29:44: Epoch[065/100], iter[079/392], loss_total:0.36736, loss_equ:0.74543 loss_pq_vm:0.00426 loss_pq_va:0.12713 loss_pv_va:0.12305
INFO|2024-09-25 20:30:24: Epoch[065/100], iter[118/392], loss_total:0.35173, loss_equ:0.67289 loss_pq_vm:0.00378 loss_pq_va:0.12596 loss_pv_va:0.12068
INFO|2024-09-25 20:31:03: Epoch[065/100], iter[157/392], loss_total:0.44358, loss_equ:0.76648 loss_pq_vm:0.00436 loss_pq_va:0.16367 loss_pv_va:0.15966
INFO|2024-09-25 20:31:42: Epoch[065/100], iter[196/392], loss_total:0.37126, loss_equ:0.73232 loss_pq_vm:0.00382 loss_pq_va:0.13247 loss_pv_va:0.12732
INFO|2024-09-25 20:32:21: Epoch[065/100], iter[235/392], loss_total:0.43858, loss_equ:0.89924 loss_pq_vm:0.00529 loss_pq_va:0.15023 loss_pv_va:0.14557
INFO|2024-09-25 20:33:00: Epoch[065/100], iter[274/392], loss_total:0.35615, loss_equ:0.70752 loss_pq_vm:0.00399 loss_pq_va:0.12450 loss_pv_va:0.12100
INFO|2024-09-25 20:33:40: Epoch[065/100], iter[313/392], loss_total:0.37388, loss_equ:0.73793 loss_pq_vm:0.00457 loss_pq_va:0.12890 loss_pv_va:0.12547
INFO|2024-09-25 20:34:19: Epoch[065/100], iter[352/392], loss_total:0.43092, loss_equ:0.75617 loss_pq_vm:0.00430 loss_pq_va:0.15810 loss_pv_va:0.15419
INFO|2024-09-25 20:34:59: Epoch[065/100], iter[392/392], loss_total:0.62281, loss_equ:0.92445 loss_pq_vm:0.00523 loss_pq_va:0.24230 loss_pv_va:0.23577
INFO|2024-09-25 20:36:30: Epoch 64/100, lr:  0.00028027, eta: 4.73h, train_loss:  0.37965, valid_loss:  0.60782
INFO|2024-09-25 20:36:30: 	Train: PQ_Vm_rmse: 0.00015135  PQ_Va_rmse: 0.00673113  PV_Va_rmse: 0.00649932  delta_p: 0.01389335  delta_q: 0.00187445  
INFO|2024-09-25 20:36:30: 	ZTest: PQ_Vm_rmse: 0.00030787  PQ_Va_rmse: 0.01492929  PV_Va_rmse: 0.01500176  delta_p: 0.02839588  delta_q: 0.00376034  
INFO|2024-09-25 20:36:30: 	ZTest-ema: PQ_Vm_rmse: 0.000237  PQ_Va_rmse: 0.009375  PV_Va_rmse: 0.009029  delta_p: 0.014774  delta_q: 0.002075  
INFO|2024-09-25 20:36:30: 	           ValOfEMA:0.009375/0.009353,  Epoch:65/64
INFO|2024-09-25 20:36:30: 	Time(ep):486s,  Val(curr/best):0.015002/0.009257,  Epoch(curr/best):65/63
INFO|2024-09-25 20:36:30: -------------------- Epoch: 66 --------------------
INFO|2024-09-25 20:37:13: Epoch[066/100], iter[040/392], loss_total:0.34383, loss_equ:0.71042 loss_pq_vm:0.00398 loss_pq_va:0.11827 loss_pv_va:0.11467
INFO|2024-09-25 20:37:52: Epoch[066/100], iter[079/392], loss_total:0.34052, loss_equ:0.66295 loss_pq_vm:0.00384 loss_pq_va:0.11969 loss_pv_va:0.11618
INFO|2024-09-25 20:38:31: Epoch[066/100], iter[118/392], loss_total:0.34477, loss_equ:0.67939 loss_pq_vm:0.00401 loss_pq_va:0.12050 loss_pv_va:0.11623
INFO|2024-09-25 20:39:09: Epoch[066/100], iter[157/392], loss_total:0.34464, loss_equ:0.65788 loss_pq_vm:0.00379 loss_pq_va:0.12309 loss_pv_va:0.11790
INFO|2024-09-25 20:39:48: Epoch[066/100], iter[196/392], loss_total:0.35553, loss_equ:0.68010 loss_pq_vm:0.00376 loss_pq_va:0.12710 loss_pv_va:0.12285
INFO|2024-09-25 20:40:28: Epoch[066/100], iter[235/392], loss_total:0.35330, loss_equ:0.65348 loss_pq_vm:0.00383 loss_pq_va:0.12690 loss_pv_va:0.12275
INFO|2024-09-25 20:41:08: Epoch[066/100], iter[274/392], loss_total:0.35051, loss_equ:0.68256 loss_pq_vm:0.00390 loss_pq_va:0.12344 loss_pv_va:0.11982
INFO|2024-09-25 20:41:47: Epoch[066/100], iter[313/392], loss_total:0.33643, loss_equ:0.66890 loss_pq_vm:0.00394 loss_pq_va:0.11679 loss_pv_va:0.11339
INFO|2024-09-25 20:42:26: Epoch[066/100], iter[352/392], loss_total:0.33717, loss_equ:0.65379 loss_pq_vm:0.00390 loss_pq_va:0.11811 loss_pv_va:0.11470
INFO|2024-09-25 20:43:06: Epoch[066/100], iter[392/392], loss_total:0.38181, loss_equ:0.69263 loss_pq_vm:0.00395 loss_pq_va:0.13944 loss_pv_va:0.13358
INFO|2024-09-25 20:44:36: Epoch 65/100, lr:  0.00026653, eta: 4.58h, train_loss:  0.35896, valid_loss:  0.44007
INFO|2024-09-25 20:44:36: 	Train: PQ_Vm_rmse: 0.00014683  PQ_Va_rmse: 0.00604639  PV_Va_rmse: 0.00584607  delta_p: 0.01112817  delta_q: 0.00157900  
INFO|2024-09-25 20:44:36: 	ZTest: PQ_Vm_rmse: 0.00025593  PQ_Va_rmse: 0.01051582  PV_Va_rmse: 0.01016134  delta_p: 0.01430261  delta_q: 0.00216402  
INFO|2024-09-25 20:44:36: 	ZTest-ema: PQ_Vm_rmse: 0.000237  PQ_Va_rmse: 0.009493  PV_Va_rmse: 0.009150  delta_p: 0.013086  delta_q: 0.001849  
INFO|2024-09-25 20:44:36: 	           ValOfEMA:0.009493/0.009353,  Epoch:66/64
INFO|2024-09-25 20:44:36: 	Time(ep):485s,  Val(curr/best):0.010516/0.009257,  Epoch(curr/best):66/63
INFO|2024-09-25 20:44:36: -------------------- Epoch: 67 --------------------
INFO|2024-09-25 20:45:19: Epoch[067/100], iter[040/392], loss_total:0.37247, loss_equ:0.68653 loss_pq_vm:0.00398 loss_pq_va:0.13438 loss_pv_va:0.12965
INFO|2024-09-25 20:45:58: Epoch[067/100], iter[079/392], loss_total:0.32176, loss_equ:0.64906 loss_pq_vm:0.00367 loss_pq_va:0.11191 loss_pv_va:0.10823
INFO|2024-09-25 20:46:38: Epoch[067/100], iter[118/392], loss_total:0.37040, loss_equ:0.69218 loss_pq_vm:0.00480 loss_pq_va:0.12852 loss_pv_va:0.12466
INFO|2024-09-25 20:47:18: Epoch[067/100], iter[157/392], loss_total:0.38071, loss_equ:0.70034 loss_pq_vm:0.00434 loss_pq_va:0.13627 loss_pv_va:0.13103
INFO|2024-09-25 20:47:57: Epoch[067/100], iter[196/392], loss_total:0.36545, loss_equ:0.68791 loss_pq_vm:0.00469 loss_pq_va:0.12722 loss_pv_va:0.12252
INFO|2024-09-25 20:48:37: Epoch[067/100], iter[235/392], loss_total:0.39146, loss_equ:0.69708 loss_pq_vm:0.00439 loss_pq_va:0.14115 loss_pv_va:0.13675
INFO|2024-09-25 20:49:16: Epoch[067/100], iter[274/392], loss_total:0.36764, loss_equ:0.67511 loss_pq_vm:0.00407 loss_pq_va:0.13209 loss_pv_va:0.12739
INFO|2024-09-25 20:49:55: Epoch[067/100], iter[313/392], loss_total:0.36141, loss_equ:0.66556 loss_pq_vm:0.00400 loss_pq_va:0.12915 loss_pv_va:0.12567
INFO|2024-09-25 20:50:34: Epoch[067/100], iter[352/392], loss_total:0.35245, loss_equ:0.67601 loss_pq_vm:0.00458 loss_pq_va:0.12145 loss_pv_va:0.11765
INFO|2024-09-25 20:51:15: Epoch[067/100], iter[392/392], loss_total:0.35005, loss_equ:0.66903 loss_pq_vm:0.00444 loss_pq_va:0.12162 loss_pv_va:0.11717
INFO|2024-09-25 20:52:46: Epoch 66/100, lr:  0.00025302, eta: 4.49h, train_loss:  0.37432, valid_loss:  0.43525
INFO|2024-09-25 20:52:46: 	Train: PQ_Vm_rmse: 0.00018667  PQ_Va_rmse: 0.00723178  PV_Va_rmse: 0.00699234  delta_p: 0.01144051  delta_q: 0.00189853  
INFO|2024-09-25 20:52:46: 	ZTest: PQ_Vm_rmse: 0.00028403  PQ_Va_rmse: 0.01029838  PV_Va_rmse: 0.00995250  delta_p: 0.01574918  delta_q: 0.00247535  
INFO|2024-09-25 20:52:46: 	ZTest-ema: PQ_Vm_rmse: 0.000242  PQ_Va_rmse: 0.009018  PV_Va_rmse: 0.008719  delta_p: 0.014113  delta_q: 0.002089  
INFO|2024-09-25 20:52:46: 	           ValOfEMA:0.009018/0.009018,  Epoch:67/67
INFO|2024-09-25 20:52:46: 	Time(ep):489s,  Val(curr/best):0.010298/0.009257,  Epoch(curr/best):67/63
INFO|2024-09-25 20:52:46: -------------------- Epoch: 68 --------------------
INFO|2024-09-25 20:53:29: Epoch[068/100], iter[040/392], loss_total:0.33868, loss_equ:0.64800 loss_pq_vm:0.00415 loss_pq_va:0.11800 loss_pv_va:0.11443
INFO|2024-09-25 20:54:08: Epoch[068/100], iter[079/392], loss_total:0.34400, loss_equ:0.67385 loss_pq_vm:0.00434 loss_pq_va:0.11859 loss_pv_va:0.11461
INFO|2024-09-25 20:54:47: Epoch[068/100], iter[118/392], loss_total:0.33804, loss_equ:0.64743 loss_pq_vm:0.00418 loss_pq_va:0.11795 loss_pv_va:0.11353
INFO|2024-09-25 20:55:27: Epoch[068/100], iter[157/392], loss_total:0.34456, loss_equ:0.65617 loss_pq_vm:0.00387 loss_pq_va:0.12237 loss_pv_va:0.11783
INFO|2024-09-25 20:56:06: Epoch[068/100], iter[196/392], loss_total:0.34104, loss_equ:0.65236 loss_pq_vm:0.00392 loss_pq_va:0.12001 loss_pv_va:0.11658
INFO|2024-09-25 20:56:44: Epoch[068/100], iter[235/392], loss_total:0.34874, loss_equ:0.64984 loss_pq_vm:0.00390 loss_pq_va:0.12446 loss_pv_va:0.12032
INFO|2024-09-25 20:57:23: Epoch[068/100], iter[274/392], loss_total:0.34415, loss_equ:0.65615 loss_pq_vm:0.00398 loss_pq_va:0.12134 loss_pv_va:0.11741
INFO|2024-09-25 20:58:02: Epoch[068/100], iter[313/392], loss_total:0.33902, loss_equ:0.65689 loss_pq_vm:0.00390 loss_pq_va:0.11950 loss_pv_va:0.11487
INFO|2024-09-25 20:58:42: Epoch[068/100], iter[352/392], loss_total:0.33835, loss_equ:0.66093 loss_pq_vm:0.00393 loss_pq_va:0.11834 loss_pv_va:0.11465
INFO|2024-09-25 20:59:22: Epoch[068/100], iter[392/392], loss_total:0.36040, loss_equ:0.69336 loss_pq_vm:0.00395 loss_pq_va:0.12723 loss_pv_va:0.12434
INFO|2024-09-25 21:00:54: Epoch 67/100, lr:  0.00023977, eta: 4.34h, train_loss:  0.34992, valid_loss:  0.42809
INFO|2024-09-25 21:00:54: 	Train: PQ_Vm_rmse: 0.00014810  PQ_Va_rmse: 0.00584623  PV_Va_rmse: 0.00565042  delta_p: 0.00934666  delta_q: 0.00148580  
INFO|2024-09-25 21:00:54: 	ZTest: PQ_Vm_rmse: 0.00023148  PQ_Va_rmse: 0.00964047  PV_Va_rmse: 0.00922449  delta_p: 0.01525235  delta_q: 0.00254852  
INFO|2024-09-25 21:00:54: 	ZTest-ema: PQ_Vm_rmse: 0.000232  PQ_Va_rmse: 0.008822  PV_Va_rmse: 0.008512  delta_p: 0.012240  delta_q: 0.001760  
INFO|2024-09-25 21:00:54: 	           ValOfEMA:0.008822/0.008822,  Epoch:68/68
INFO|2024-09-25 21:00:55: 	Time(ep):487s,  Val(curr/best):0.009640/0.009257,  Epoch(curr/best):68/63
INFO|2024-09-25 21:00:55: -------------------- Epoch: 69 --------------------
INFO|2024-09-25 21:01:37: Epoch[069/100], iter[040/392], loss_total:0.34052, loss_equ:0.65662 loss_pq_vm:0.00375 loss_pq_va:0.12084 loss_pv_va:0.11655
INFO|2024-09-25 21:02:16: Epoch[069/100], iter[079/392], loss_total:0.36548, loss_equ:0.66941 loss_pq_vm:0.00389 loss_pq_va:0.13273 loss_pv_va:0.12695
INFO|2024-09-25 21:02:55: Epoch[069/100], iter[118/392], loss_total:0.35306, loss_equ:0.66483 loss_pq_vm:0.00377 loss_pq_va:0.12705 loss_pv_va:0.12182
INFO|2024-09-25 21:03:34: Epoch[069/100], iter[157/392], loss_total:0.32874, loss_equ:0.65593 loss_pq_vm:0.00374 loss_pq_va:0.11447 loss_pv_va:0.11126
INFO|2024-09-25 21:04:13: Epoch[069/100], iter[196/392], loss_total:0.34629, loss_equ:0.66818 loss_pq_vm:0.00393 loss_pq_va:0.12168 loss_pv_va:0.11854
INFO|2024-09-25 21:04:52: Epoch[069/100], iter[235/392], loss_total:0.34380, loss_equ:0.67607 loss_pq_vm:0.00376 loss_pq_va:0.12116 loss_pv_va:0.11743
INFO|2024-09-25 21:05:31: Epoch[069/100], iter[274/392], loss_total:0.34651, loss_equ:0.65809 loss_pq_vm:0.00374 loss_pq_va:0.12396 loss_pv_va:0.11932
INFO|2024-09-25 21:06:11: Epoch[069/100], iter[313/392], loss_total:0.33064, loss_equ:0.65221 loss_pq_vm:0.00375 loss_pq_va:0.11636 loss_pv_va:0.11161
INFO|2024-09-25 21:06:50: Epoch[069/100], iter[352/392], loss_total:0.35708, loss_equ:0.67631 loss_pq_vm:0.00388 loss_pq_va:0.12758 loss_pv_va:0.12303
INFO|2024-09-25 21:07:30: Epoch[069/100], iter[392/392], loss_total:0.33840, loss_equ:0.66022 loss_pq_vm:0.00386 loss_pq_va:0.11881 loss_pv_va:0.11501
INFO|2024-09-25 21:09:00: Epoch 68/100, lr:  0.00022677, eta: 4.18h, train_loss:  0.34379, valid_loss:  0.41312
INFO|2024-09-25 21:09:00: 	Train: PQ_Vm_rmse: 0.00014048  PQ_Va_rmse: 0.00560026  PV_Va_rmse: 0.00538975  delta_p: 0.00905193  delta_q: 0.00138239  
INFO|2024-09-25 21:09:00: 	ZTest: PQ_Vm_rmse: 0.00024863  PQ_Va_rmse: 0.00887705  PV_Va_rmse: 0.00855317  delta_p: 0.01335102  delta_q: 0.00209240  
INFO|2024-09-25 21:09:00: 	ZTest-ema: PQ_Vm_rmse: 0.000238  PQ_Va_rmse: 0.009238  PV_Va_rmse: 0.008870  delta_p: 0.013012  delta_q: 0.001870  
INFO|2024-09-25 21:09:00: 	           ValOfEMA:0.009238/0.008822,  Epoch:69/68
INFO|2024-09-25 21:09:01: 	Time(ep):485s,  Val(curr/best):0.008877/0.008877,  Epoch(curr/best):69/69
INFO|2024-09-25 21:09:01: -------------------- Epoch: 70 --------------------
INFO|2024-09-25 21:09:43: Epoch[070/100], iter[040/392], loss_total:0.35990, loss_equ:0.67115 loss_pq_vm:0.00381 loss_pq_va:0.12989 loss_pv_va:0.12481
INFO|2024-09-25 21:10:22: Epoch[070/100], iter[079/392], loss_total:0.36376, loss_equ:0.66767 loss_pq_vm:0.00378 loss_pq_va:0.13233 loss_pv_va:0.12689
INFO|2024-09-25 21:11:02: Epoch[070/100], iter[118/392], loss_total:0.35184, loss_equ:0.65652 loss_pq_vm:0.00373 loss_pq_va:0.12728 loss_pv_va:0.12159
INFO|2024-09-25 21:11:42: Epoch[070/100], iter[157/392], loss_total:0.33275, loss_equ:0.65910 loss_pq_vm:0.00369 loss_pq_va:0.11692 loss_pv_va:0.11300
INFO|2024-09-25 21:12:21: Epoch[070/100], iter[196/392], loss_total:0.32709, loss_equ:0.66125 loss_pq_vm:0.00379 loss_pq_va:0.11352 loss_pv_va:0.10955
INFO|2024-09-25 21:13:00: Epoch[070/100], iter[235/392], loss_total:0.34547, loss_equ:0.66832 loss_pq_vm:0.00377 loss_pq_va:0.12267 loss_pv_va:0.11825
INFO|2024-09-25 21:13:39: Epoch[070/100], iter[274/392], loss_total:0.33890, loss_equ:0.66308 loss_pq_vm:0.00392 loss_pq_va:0.11919 loss_pv_va:0.11424
INFO|2024-09-25 21:14:18: Epoch[070/100], iter[313/392], loss_total:0.32853, loss_equ:0.65096 loss_pq_vm:0.00379 loss_pq_va:0.11481 loss_pv_va:0.11072
INFO|2024-09-25 21:14:58: Epoch[070/100], iter[352/392], loss_total:0.34463, loss_equ:0.65122 loss_pq_vm:0.00380 loss_pq_va:0.12284 loss_pv_va:0.11867
INFO|2024-09-25 21:15:39: Epoch[070/100], iter[392/392], loss_total:0.35567, loss_equ:0.68215 loss_pq_vm:0.00425 loss_pq_va:0.12474 loss_pv_va:0.12020
INFO|2024-09-25 21:17:10: Epoch 69/100, lr:  0.00021405, eta: 4.08h, train_loss:  0.33986, valid_loss:  0.42405
INFO|2024-09-25 21:17:10: 	Train: PQ_Vm_rmse: 0.00013774  PQ_Va_rmse: 0.00551168  PV_Va_rmse: 0.00531039  delta_p: 0.00887092  delta_q: 0.00135395  
INFO|2024-09-25 21:17:10: 	ZTest: PQ_Vm_rmse: 0.00024361  PQ_Va_rmse: 0.01020423  PV_Va_rmse: 0.00989975  delta_p: 0.01427657  delta_q: 0.00208469  
INFO|2024-09-25 21:17:10: 	ZTest-ema: PQ_Vm_rmse: 0.000226  PQ_Va_rmse: 0.008653  PV_Va_rmse: 0.008358  delta_p: 0.012787  delta_q: 0.001834  
INFO|2024-09-25 21:17:10: 	           ValOfEMA:0.008653/0.008653,  Epoch:70/70
INFO|2024-09-25 21:17:10: 	Time(ep):489s,  Val(curr/best):0.010204/0.008877,  Epoch(curr/best):70/69
INFO|2024-09-25 21:17:10: -------------------- Epoch: 71 --------------------
INFO|2024-09-25 21:17:52: Epoch[071/100], iter[040/392], loss_total:0.33375, loss_equ:0.64976 loss_pq_vm:0.00394 loss_pq_va:0.11700 loss_pv_va:0.11241
INFO|2024-09-25 21:18:31: Epoch[071/100], iter[079/392], loss_total:0.33733, loss_equ:0.65517 loss_pq_vm:0.00385 loss_pq_va:0.11861 loss_pv_va:0.11471
INFO|2024-09-25 21:19:10: Epoch[071/100], iter[118/392], loss_total:0.34900, loss_equ:0.65128 loss_pq_vm:0.00373 loss_pq_va:0.12542 loss_pv_va:0.12110
INFO|2024-09-25 21:19:49: Epoch[071/100], iter[157/392], loss_total:0.34957, loss_equ:0.66094 loss_pq_vm:0.00375 loss_pq_va:0.12552 loss_pv_va:0.12049
INFO|2024-09-25 21:20:27: Epoch[071/100], iter[196/392], loss_total:0.32917, loss_equ:0.64545 loss_pq_vm:0.00372 loss_pq_va:0.11576 loss_pv_va:0.11168
INFO|2024-09-25 21:21:06: Epoch[071/100], iter[235/392], loss_total:0.34881, loss_equ:0.66179 loss_pq_vm:0.00391 loss_pq_va:0.12443 loss_pv_va:0.11908
INFO|2024-09-25 21:21:44: Epoch[071/100], iter[274/392], loss_total:0.32540, loss_equ:0.64764 loss_pq_vm:0.00395 loss_pq_va:0.11229 loss_pv_va:0.10882
INFO|2024-09-25 21:22:23: Epoch[071/100], iter[313/392], loss_total:0.34293, loss_equ:0.65112 loss_pq_vm:0.00365 loss_pq_va:0.12286 loss_pv_va:0.11847
INFO|2024-09-25 21:23:01: Epoch[071/100], iter[352/392], loss_total:0.34193, loss_equ:0.65877 loss_pq_vm:0.00376 loss_pq_va:0.12147 loss_pv_va:0.11697
INFO|2024-09-25 21:23:41: Epoch[071/100], iter[392/392], loss_total:0.33434, loss_equ:0.64896 loss_pq_vm:0.00367 loss_pq_va:0.11850 loss_pv_va:0.11423
INFO|2024-09-25 21:25:11: Epoch 70/100, lr:  0.00020161, eta: 3.87h, train_loss:  0.33804, valid_loss:  0.41969
INFO|2024-09-25 21:25:11: 	Train: PQ_Vm_rmse: 0.00013975  PQ_Va_rmse: 0.00562558  PV_Va_rmse: 0.00541455  delta_p: 0.00887788  delta_q: 0.00135251  
INFO|2024-09-25 21:25:11: 	ZTest: PQ_Vm_rmse: 0.00023057  PQ_Va_rmse: 0.01021323  PV_Va_rmse: 0.00981919  delta_p: 0.01385525  delta_q: 0.00198184  
INFO|2024-09-25 21:25:11: 	ZTest-ema: PQ_Vm_rmse: 0.000222  PQ_Va_rmse: 0.008442  PV_Va_rmse: 0.008151  delta_p: 0.012664  delta_q: 0.001816  
INFO|2024-09-25 21:25:11: 	           ValOfEMA:0.008442/0.008442,  Epoch:71/71
INFO|2024-09-25 21:25:11: 	Time(ep):480s,  Val(curr/best):0.010213/0.008877,  Epoch(curr/best):71/69
INFO|2024-09-25 21:25:11: -------------------- Epoch: 72 --------------------
INFO|2024-09-25 21:25:52: Epoch[072/100], iter[040/392], loss_total:0.32457, loss_equ:0.64836 loss_pq_vm:0.00369 loss_pq_va:0.11337 loss_pv_va:0.10950
INFO|2024-09-25 21:26:32: Epoch[072/100], iter[079/392], loss_total:0.34160, loss_equ:0.66748 loss_pq_vm:0.00391 loss_pq_va:0.12012 loss_pv_va:0.11568
INFO|2024-09-25 21:27:10: Epoch[072/100], iter[118/392], loss_total:0.32966, loss_equ:0.65556 loss_pq_vm:0.00366 loss_pq_va:0.11576 loss_pv_va:0.11179
INFO|2024-09-25 21:27:49: Epoch[072/100], iter[157/392], loss_total:0.33193, loss_equ:0.65389 loss_pq_vm:0.00353 loss_pq_va:0.11764 loss_pv_va:0.11356
INFO|2024-09-25 21:28:27: Epoch[072/100], iter[196/392], loss_total:0.32784, loss_equ:0.65767 loss_pq_vm:0.00378 loss_pq_va:0.11431 loss_pv_va:0.10998
INFO|2024-09-25 21:29:05: Epoch[072/100], iter[235/392], loss_total:0.35604, loss_equ:0.66991 loss_pq_vm:0.00385 loss_pq_va:0.12787 loss_pv_va:0.12264
INFO|2024-09-25 21:29:44: Epoch[072/100], iter[274/392], loss_total:0.30886, loss_equ:0.63966 loss_pq_vm:0.00360 loss_pq_va:0.10630 loss_pv_va:0.10257
INFO|2024-09-25 21:30:22: Epoch[072/100], iter[313/392], loss_total:0.31213, loss_equ:0.62940 loss_pq_vm:0.00354 loss_pq_va:0.10906 loss_pv_va:0.10472
INFO|2024-09-25 21:31:01: Epoch[072/100], iter[352/392], loss_total:0.33545, loss_equ:0.65222 loss_pq_vm:0.00367 loss_pq_va:0.11886 loss_pv_va:0.11466
INFO|2024-09-25 21:31:41: Epoch[072/100], iter[392/392], loss_total:0.34018, loss_equ:0.67977 loss_pq_vm:0.00376 loss_pq_va:0.11969 loss_pv_va:0.11494
INFO|2024-09-25 21:33:12: Epoch 71/100, lr:  0.00018948, eta: 3.74h, train_loss:  0.33332, valid_loss:  0.41247
INFO|2024-09-25 21:33:12: 	Train: PQ_Vm_rmse: 0.00013124  PQ_Va_rmse: 0.00523458  PV_Va_rmse: 0.00505529  delta_p: 0.00873046  delta_q: 0.00129837  
INFO|2024-09-25 21:33:12: 	ZTest: PQ_Vm_rmse: 0.00022397  PQ_Va_rmse: 0.00911498  PV_Va_rmse: 0.00891584  delta_p: 0.01841274  delta_q: 0.00262190  
INFO|2024-09-25 21:33:12: 	ZTest-ema: PQ_Vm_rmse: 0.000218  PQ_Va_rmse: 0.008432  PV_Va_rmse: 0.008137  delta_p: 0.012580  delta_q: 0.001795  
INFO|2024-09-25 21:33:12: 	           ValOfEMA:0.008432/0.008432,  Epoch:72/72
INFO|2024-09-25 21:33:13: 	Time(ep):481s,  Val(curr/best):0.009115/0.008877,  Epoch(curr/best):72/69
INFO|2024-09-25 21:33:13: -------------------- Epoch: 73 --------------------
INFO|2024-09-25 21:33:55: Epoch[073/100], iter[040/392], loss_total:0.32393, loss_equ:0.65634 loss_pq_vm:0.00369 loss_pq_va:0.11278 loss_pv_va:0.10866
INFO|2024-09-25 21:34:33: Epoch[073/100], iter[079/392], loss_total:0.30662, loss_equ:0.62974 loss_pq_vm:0.00352 loss_pq_va:0.10601 loss_pv_va:0.10244
INFO|2024-09-25 21:35:12: Epoch[073/100], iter[118/392], loss_total:0.34385, loss_equ:0.68157 loss_pq_vm:0.00370 loss_pq_va:0.12158 loss_pv_va:0.11709
INFO|2024-09-25 21:35:51: Epoch[073/100], iter[157/392], loss_total:0.30403, loss_equ:0.65175 loss_pq_vm:0.00345 loss_pq_va:0.10374 loss_pv_va:0.10066
INFO|2024-09-25 21:36:31: Epoch[073/100], iter[196/392], loss_total:0.35026, loss_equ:0.70498 loss_pq_vm:0.00379 loss_pq_va:0.12267 loss_pv_va:0.11921
INFO|2024-09-25 21:37:11: Epoch[073/100], iter[235/392], loss_total:0.37097, loss_equ:0.79227 loss_pq_vm:0.00439 loss_pq_va:0.12574 loss_pv_va:0.12206
INFO|2024-09-25 21:37:50: Epoch[073/100], iter[274/392], loss_total:0.34698, loss_equ:0.67741 loss_pq_vm:0.00362 loss_pq_va:0.12391 loss_pv_va:0.11911
INFO|2024-09-25 21:38:29: Epoch[073/100], iter[313/392], loss_total:0.32289, loss_equ:0.65347 loss_pq_vm:0.00355 loss_pq_va:0.11285 loss_pv_va:0.10917
INFO|2024-09-25 21:39:08: Epoch[073/100], iter[352/392], loss_total:0.33758, loss_equ:0.65973 loss_pq_vm:0.00356 loss_pq_va:0.12029 loss_pv_va:0.11574
INFO|2024-09-25 21:39:48: Epoch[073/100], iter[392/392], loss_total:0.32426, loss_equ:0.64216 loss_pq_vm:0.00348 loss_pq_va:0.11476 loss_pv_va:0.11051
INFO|2024-09-25 21:41:19: Epoch 72/100, lr:  0.00017765, eta: 3.65h, train_loss:  0.33416, valid_loss:  0.39523
INFO|2024-09-25 21:41:19: 	Train: PQ_Vm_rmse: 0.00012899  PQ_Va_rmse: 0.00520618  PV_Va_rmse: 0.00503086  delta_p: 0.01047190  delta_q: 0.00145111  
INFO|2024-09-25 21:41:19: 	ZTest: PQ_Vm_rmse: 0.00022817  PQ_Va_rmse: 0.00941492  PV_Va_rmse: 0.00901823  delta_p: 0.01384297  delta_q: 0.00191710  
INFO|2024-09-25 21:41:19: 	ZTest-ema: PQ_Vm_rmse: 0.000228  PQ_Va_rmse: 0.009098  PV_Va_rmse: 0.008720  delta_p: 0.013199  delta_q: 0.001839  
INFO|2024-09-25 21:41:19: 	           ValOfEMA:0.009098/0.008432,  Epoch:73/72
INFO|2024-09-25 21:41:19: 	Time(ep):486s,  Val(curr/best):0.009415/0.008877,  Epoch(curr/best):73/69
INFO|2024-09-25 21:41:19: -------------------- Epoch: 74 --------------------
INFO|2024-09-25 21:42:00: Epoch[074/100], iter[040/392], loss_total:0.30469, loss_equ:0.62789 loss_pq_vm:0.00344 loss_pq_va:0.10589 loss_pv_va:0.10162
INFO|2024-09-25 21:42:40: Epoch[074/100], iter[079/392], loss_total:0.31704, loss_equ:0.66327 loss_pq_vm:0.00353 loss_pq_va:0.10963 loss_pv_va:0.10580
INFO|2024-09-25 21:43:19: Epoch[074/100], iter[118/392], loss_total:0.34831, loss_equ:0.69381 loss_pq_vm:0.00368 loss_pq_va:0.12291 loss_pv_va:0.11925
INFO|2024-09-25 21:43:58: Epoch[074/100], iter[157/392], loss_total:0.32779, loss_equ:0.66293 loss_pq_vm:0.00344 loss_pq_va:0.11604 loss_pv_va:0.11109
INFO|2024-09-25 21:44:37: Epoch[074/100], iter[196/392], loss_total:0.32031, loss_equ:0.64905 loss_pq_vm:0.00349 loss_pq_va:0.11263 loss_pv_va:0.10787
INFO|2024-09-25 21:45:15: Epoch[074/100], iter[235/392], loss_total:0.33052, loss_equ:0.65110 loss_pq_vm:0.00349 loss_pq_va:0.11752 loss_pv_va:0.11303
INFO|2024-09-25 21:45:54: Epoch[074/100], iter[274/392], loss_total:0.31956, loss_equ:0.65950 loss_pq_vm:0.00361 loss_pq_va:0.11111 loss_pv_va:0.10645
INFO|2024-09-25 21:46:33: Epoch[074/100], iter[313/392], loss_total:0.33831, loss_equ:0.66895 loss_pq_vm:0.00358 loss_pq_va:0.11951 loss_pv_va:0.11614
INFO|2024-09-25 21:47:12: Epoch[074/100], iter[352/392], loss_total:0.31646, loss_equ:0.65248 loss_pq_vm:0.00346 loss_pq_va:0.11020 loss_pv_va:0.10641
INFO|2024-09-25 21:47:51: Epoch[074/100], iter[392/392], loss_total:0.35602, loss_equ:0.75666 loss_pq_vm:0.00378 loss_pq_va:0.12340 loss_pv_va:0.11914
INFO|2024-09-25 21:49:21: Epoch 73/100, lr:  0.00016615, eta: 3.48h, train_loss:  0.32932, valid_loss:  0.41318
INFO|2024-09-25 21:49:21: 	Train: PQ_Vm_rmse: 0.00012469  PQ_Va_rmse: 0.00504520  PV_Va_rmse: 0.00489457  delta_p: 0.00964698  delta_q: 0.00132631  
INFO|2024-09-25 21:49:21: 	ZTest: PQ_Vm_rmse: 0.00022186  PQ_Va_rmse: 0.00863772  PV_Va_rmse: 0.00837716  delta_p: 0.01711449  delta_q: 0.00234990  
INFO|2024-09-25 21:49:21: 	ZTest-ema: PQ_Vm_rmse: 0.000214  PQ_Va_rmse: 0.008294  PV_Va_rmse: 0.008028  delta_p: 0.013113  delta_q: 0.001834  
INFO|2024-09-25 21:49:21: 	           ValOfEMA:0.008294/0.008294,  Epoch:74/74
INFO|2024-09-25 21:49:22: 	Time(ep):481s,  Val(curr/best):0.008638/0.008638,  Epoch(curr/best):74/74
INFO|2024-09-25 21:49:22: -------------------- Epoch: 75 --------------------
INFO|2024-09-25 21:50:04: Epoch[075/100], iter[040/392], loss_total:0.32658, loss_equ:0.66242 loss_pq_vm:0.00341 loss_pq_va:0.11510 loss_pv_va:0.11113
INFO|2024-09-25 21:50:43: Epoch[075/100], iter[079/392], loss_total:0.33305, loss_equ:0.65586 loss_pq_vm:0.00360 loss_pq_va:0.11807 loss_pv_va:0.11337
INFO|2024-09-25 21:51:22: Epoch[075/100], iter[118/392], loss_total:0.35513, loss_equ:0.68122 loss_pq_vm:0.00353 loss_pq_va:0.12824 loss_pv_va:0.12350
INFO|2024-09-25 21:52:01: Epoch[075/100], iter[157/392], loss_total:0.32220, loss_equ:0.65282 loss_pq_vm:0.00352 loss_pq_va:0.11305 loss_pv_va:0.10867
INFO|2024-09-25 21:52:40: Epoch[075/100], iter[196/392], loss_total:0.31282, loss_equ:0.65054 loss_pq_vm:0.00334 loss_pq_va:0.10927 loss_pv_va:0.10513
INFO|2024-09-25 21:53:19: Epoch[075/100], iter[235/392], loss_total:0.32935, loss_equ:0.65324 loss_pq_vm:0.00343 loss_pq_va:0.11725 loss_pv_va:0.11244
INFO|2024-09-25 21:53:58: Epoch[075/100], iter[274/392], loss_total:0.31465, loss_equ:0.64858 loss_pq_vm:0.00342 loss_pq_va:0.10962 loss_pv_va:0.10595
INFO|2024-09-25 21:54:36: Epoch[075/100], iter[313/392], loss_total:0.31607, loss_equ:0.64700 loss_pq_vm:0.00335 loss_pq_va:0.11090 loss_pv_va:0.10700
INFO|2024-09-25 21:55:15: Epoch[075/100], iter[352/392], loss_total:0.31913, loss_equ:0.64877 loss_pq_vm:0.00337 loss_pq_va:0.11257 loss_pv_va:0.10794
INFO|2024-09-25 21:55:56: Epoch[075/100], iter[392/392], loss_total:0.32279, loss_equ:0.65011 loss_pq_vm:0.00335 loss_pq_va:0.11407 loss_pv_va:0.11021
INFO|2024-09-25 21:57:27: Epoch 74/100, lr:  0.00015498, eta: 3.36h, train_loss:  0.32024, valid_loss:  0.40786
INFO|2024-09-25 21:57:27: 	Train: PQ_Vm_rmse: 0.00011843  PQ_Va_rmse: 0.00467211  PV_Va_rmse: 0.00452580  delta_p: 0.00921541  delta_q: 0.00122807  
INFO|2024-09-25 21:57:27: 	ZTest: PQ_Vm_rmse: 0.00021870  PQ_Va_rmse: 0.00941187  PV_Va_rmse: 0.00910551  delta_p: 0.01370310  delta_q: 0.00187947  
INFO|2024-09-25 21:57:27: 	ZTest-ema: PQ_Vm_rmse: 0.000223  PQ_Va_rmse: 0.008973  PV_Va_rmse: 0.008661  delta_p: 0.013009  delta_q: 0.001797  
INFO|2024-09-25 21:57:27: 	           ValOfEMA:0.008973/0.008294,  Epoch:75/74
INFO|2024-09-25 21:57:27: 	Time(ep):484s,  Val(curr/best):0.009412/0.008638,  Epoch(curr/best):75/74
INFO|2024-09-25 21:57:27: -------------------- Epoch: 76 --------------------
INFO|2024-09-25 21:58:09: Epoch[076/100], iter[040/392], loss_total:0.30685, loss_equ:0.63925 loss_pq_vm:0.00337 loss_pq_va:0.10683 loss_pv_va:0.10240
INFO|2024-09-25 21:58:49: Epoch[076/100], iter[079/392], loss_total:0.33024, loss_equ:0.65720 loss_pq_vm:0.00345 loss_pq_va:0.11727 loss_pv_va:0.11279
INFO|2024-09-25 21:59:28: Epoch[076/100], iter[118/392], loss_total:0.31387, loss_equ:0.65838 loss_pq_vm:0.00350 loss_pq_va:0.10857 loss_pv_va:0.10445
INFO|2024-09-25 22:00:07: Epoch[076/100], iter[157/392], loss_total:0.30898, loss_equ:0.63411 loss_pq_vm:0.00332 loss_pq_va:0.10799 loss_pv_va:0.10437
INFO|2024-09-25 22:00:46: Epoch[076/100], iter[196/392], loss_total:0.31831, loss_equ:0.65691 loss_pq_vm:0.00342 loss_pq_va:0.11150 loss_pv_va:0.10695
INFO|2024-09-25 22:01:24: Epoch[076/100], iter[235/392], loss_total:0.32889, loss_equ:0.68575 loss_pq_vm:0.00350 loss_pq_va:0.11495 loss_pv_va:0.11038
INFO|2024-09-25 22:02:03: Epoch[076/100], iter[274/392], loss_total:0.35631, loss_equ:0.66212 loss_pq_vm:0.00349 loss_pq_va:0.13026 loss_pv_va:0.12490
INFO|2024-09-25 22:02:42: Epoch[076/100], iter[313/392], loss_total:0.32728, loss_equ:0.67067 loss_pq_vm:0.00346 loss_pq_va:0.11492 loss_pv_va:0.11075
INFO|2024-09-25 22:03:21: Epoch[076/100], iter[352/392], loss_total:0.30591, loss_equ:0.64502 loss_pq_vm:0.00330 loss_pq_va:0.10635 loss_pv_va:0.10210
INFO|2024-09-25 22:04:02: Epoch[076/100], iter[392/392], loss_total:0.32217, loss_equ:0.67937 loss_pq_vm:0.00357 loss_pq_va:0.11106 loss_pv_va:0.10747
INFO|2024-09-25 22:05:35: Epoch 75/100, lr:  0.00014416, eta: 3.25h, train_loss:  0.32238, valid_loss:  0.41728
INFO|2024-09-25 22:05:35: 	Train: PQ_Vm_rmse: 0.00011876  PQ_Va_rmse: 0.00476405  PV_Va_rmse: 0.00461809  delta_p: 0.00975645  delta_q: 0.00129345  
INFO|2024-09-25 22:05:35: 	ZTest: PQ_Vm_rmse: 0.00022239  PQ_Va_rmse: 0.00888825  PV_Va_rmse: 0.00852677  delta_p: 0.01587252  delta_q: 0.00218468  
INFO|2024-09-25 22:05:35: 	ZTest-ema: PQ_Vm_rmse: 0.000211  PQ_Va_rmse: 0.008223  PV_Va_rmse: 0.007939  delta_p: 0.014107  delta_q: 0.001937  
INFO|2024-09-25 22:05:35: 	           ValOfEMA:0.008223/0.008223,  Epoch:76/76
INFO|2024-09-25 22:05:35: 	Time(ep):487s,  Val(curr/best):0.008888/0.008638,  Epoch(curr/best):76/74
INFO|2024-09-25 22:05:35: -------------------- Epoch: 77 --------------------
INFO|2024-09-25 22:06:18: Epoch[077/100], iter[040/392], loss_total:0.30577, loss_equ:0.66489 loss_pq_vm:0.00352 loss_pq_va:0.10330 loss_pv_va:0.10078
INFO|2024-09-25 22:06:58: Epoch[077/100], iter[079/392], loss_total:0.34316, loss_equ:0.68703 loss_pq_vm:0.00346 loss_pq_va:0.12254 loss_pv_va:0.11735
INFO|2024-09-25 22:07:38: Epoch[077/100], iter[118/392], loss_total:0.31506, loss_equ:0.64523 loss_pq_vm:0.00334 loss_pq_va:0.11053 loss_pv_va:0.10658
INFO|2024-09-25 22:08:17: Epoch[077/100], iter[157/392], loss_total:0.31993, loss_equ:0.64740 loss_pq_vm:0.00341 loss_pq_va:0.11285 loss_pv_va:0.10828
INFO|2024-09-25 22:08:56: Epoch[077/100], iter[196/392], loss_total:0.32052, loss_equ:0.64736 loss_pq_vm:0.00342 loss_pq_va:0.11285 loss_pv_va:0.10876
INFO|2024-09-25 22:09:35: Epoch[077/100], iter[235/392], loss_total:0.35955, loss_equ:0.66274 loss_pq_vm:0.00347 loss_pq_va:0.13083 loss_pv_va:0.12774
INFO|2024-09-25 22:10:14: Epoch[077/100], iter[274/392], loss_total:0.32662, loss_equ:0.68852 loss_pq_vm:0.00342 loss_pq_va:0.11436 loss_pv_va:0.10917
INFO|2024-09-25 22:10:53: Epoch[077/100], iter[313/392], loss_total:0.31208, loss_equ:0.65634 loss_pq_vm:0.00333 loss_pq_va:0.10842 loss_pv_va:0.10474
INFO|2024-09-25 22:11:32: Epoch[077/100], iter[352/392], loss_total:0.30756, loss_equ:0.64597 loss_pq_vm:0.00359 loss_pq_va:0.10536 loss_pv_va:0.10173
INFO|2024-09-25 22:12:12: Epoch[077/100], iter[392/392], loss_total:0.31028, loss_equ:0.63271 loss_pq_vm:0.00346 loss_pq_va:0.10819 loss_pv_va:0.10426
INFO|2024-09-25 22:13:42: Epoch 76/100, lr:  0.00013370, eta: 3.11h, train_loss:  0.32579, valid_loss:  0.38704
INFO|2024-09-25 22:13:42: 	Train: PQ_Vm_rmse: 0.00012218  PQ_Va_rmse: 0.00522695  PV_Va_rmse: 0.00508096  delta_p: 0.01061760  delta_q: 0.00138923  
INFO|2024-09-25 22:13:42: 	ZTest: PQ_Vm_rmse: 0.00021348  PQ_Va_rmse: 0.00843461  PV_Va_rmse: 0.00816532  delta_p: 0.01401801  delta_q: 0.00196238  
INFO|2024-09-25 22:13:42: 	ZTest-ema: PQ_Vm_rmse: 0.000216  PQ_Va_rmse: 0.008574  PV_Va_rmse: 0.008321  delta_p: 0.013357  delta_q: 0.001845  
INFO|2024-09-25 22:13:42: 	           ValOfEMA:0.008574/0.008223,  Epoch:77/76
INFO|2024-09-25 22:13:42: 	Time(ep):486s,  Val(curr/best):0.008435/0.008435,  Epoch(curr/best):77/77
INFO|2024-09-25 22:13:42: -------------------- Epoch: 78 --------------------
INFO|2024-09-25 22:14:23: Epoch[078/100], iter[040/392], loss_total:0.33904, loss_equ:0.66022 loss_pq_vm:0.00339 loss_pq_va:0.12137 loss_pv_va:0.11771
INFO|2024-09-25 22:15:02: Epoch[078/100], iter[079/392], loss_total:0.31785, loss_equ:0.64422 loss_pq_vm:0.00338 loss_pq_va:0.11183 loss_pv_va:0.10782
INFO|2024-09-25 22:15:41: Epoch[078/100], iter[118/392], loss_total:0.30897, loss_equ:0.64146 loss_pq_vm:0.00332 loss_pq_va:0.10792 loss_pv_va:0.10375
INFO|2024-09-25 22:16:20: Epoch[078/100], iter[157/392], loss_total:0.31299, loss_equ:0.63949 loss_pq_vm:0.00334 loss_pq_va:0.10981 loss_pv_va:0.10582
INFO|2024-09-25 22:16:59: Epoch[078/100], iter[196/392], loss_total:0.30939, loss_equ:0.63563 loss_pq_vm:0.00331 loss_pq_va:0.10821 loss_pv_va:0.10449
INFO|2024-09-25 22:17:39: Epoch[078/100], iter[235/392], loss_total:0.35658, loss_equ:0.69521 loss_pq_vm:0.00442 loss_pq_va:0.12377 loss_pv_va:0.11906
INFO|2024-09-25 22:18:18: Epoch[078/100], iter[274/392], loss_total:0.29855, loss_equ:0.63600 loss_pq_vm:0.00331 loss_pq_va:0.10299 loss_pv_va:0.09882
INFO|2024-09-25 22:18:57: Epoch[078/100], iter[313/392], loss_total:0.31510, loss_equ:0.64746 loss_pq_vm:0.00334 loss_pq_va:0.11026 loss_pv_va:0.10669
INFO|2024-09-25 22:19:35: Epoch[078/100], iter[352/392], loss_total:0.30216, loss_equ:0.63302 loss_pq_vm:0.00338 loss_pq_va:0.10416 loss_pv_va:0.10093
INFO|2024-09-25 22:20:15: Epoch[078/100], iter[392/392], loss_total:0.30795, loss_equ:0.65239 loss_pq_vm:0.00340 loss_pq_va:0.10605 loss_pv_va:0.10265
INFO|2024-09-25 22:21:44: Epoch 77/100, lr:  0.00012360, eta: 2.95h, train_loss:  0.31571, valid_loss:  0.38600
INFO|2024-09-25 22:21:44: 	Train: PQ_Vm_rmse: 0.00011913  PQ_Va_rmse: 0.00460765  PV_Va_rmse: 0.00446803  delta_p: 0.00897385  delta_q: 0.00120265  
INFO|2024-09-25 22:21:44: 	ZTest: PQ_Vm_rmse: 0.00023377  PQ_Va_rmse: 0.00925030  PV_Va_rmse: 0.00886301  delta_p: 0.01369153  delta_q: 0.00190506  
INFO|2024-09-25 22:21:44: 	ZTest-ema: PQ_Vm_rmse: 0.000234  PQ_Va_rmse: 0.009161  PV_Va_rmse: 0.008743  delta_p: 0.013179  delta_q: 0.001844  
INFO|2024-09-25 22:21:44: 	           ValOfEMA:0.009161/0.008223,  Epoch:78/76
INFO|2024-09-25 22:21:45: 	Time(ep):482s,  Val(curr/best):0.009250/0.008435,  Epoch(curr/best):78/77
INFO|2024-09-25 22:21:45: -------------------- Epoch: 79 --------------------
INFO|2024-09-25 22:22:26: Epoch[079/100], iter[040/392], loss_total:0.30851, loss_equ:0.64350 loss_pq_vm:0.00340 loss_pq_va:0.10725 loss_pv_va:0.10288
INFO|2024-09-25 22:23:04: Epoch[079/100], iter[079/392], loss_total:0.34042, loss_equ:0.67777 loss_pq_vm:0.00350 loss_pq_va:0.12045 loss_pv_va:0.11722
INFO|2024-09-25 22:23:42: Epoch[079/100], iter[118/392], loss_total:0.31562, loss_equ:0.64690 loss_pq_vm:0.00337 loss_pq_va:0.11078 loss_pv_va:0.10644
INFO|2024-09-25 22:24:21: Epoch[079/100], iter[157/392], loss_total:0.32041, loss_equ:0.66050 loss_pq_vm:0.00363 loss_pq_va:0.11128 loss_pv_va:0.10683
INFO|2024-09-25 22:25:00: Epoch[079/100], iter[196/392], loss_total:0.31919, loss_equ:0.65720 loss_pq_vm:0.00393 loss_pq_va:0.10924 loss_pv_va:0.10495
INFO|2024-09-25 22:25:38: Epoch[079/100], iter[235/392], loss_total:0.30574, loss_equ:0.63346 loss_pq_vm:0.00333 loss_pq_va:0.10638 loss_pv_va:0.10276
INFO|2024-09-25 22:26:17: Epoch[079/100], iter[274/392], loss_total:0.32101, loss_equ:0.64641 loss_pq_vm:0.00339 loss_pq_va:0.11341 loss_pv_va:0.10909
INFO|2024-09-25 22:26:56: Epoch[079/100], iter[313/392], loss_total:0.33218, loss_equ:0.66003 loss_pq_vm:0.00354 loss_pq_va:0.11772 loss_pv_va:0.11309
INFO|2024-09-25 22:27:35: Epoch[079/100], iter[352/392], loss_total:0.31056, loss_equ:0.64548 loss_pq_vm:0.00338 loss_pq_va:0.10805 loss_pv_va:0.10417
INFO|2024-09-25 22:28:14: Epoch[079/100], iter[392/392], loss_total:0.31494, loss_equ:0.63247 loss_pq_vm:0.00334 loss_pq_va:0.11075 loss_pv_va:0.10753
INFO|2024-09-25 22:29:44: Epoch 78/100, lr:  0.00011387, eta: 2.79h, train_loss:  0.31571, valid_loss:  0.38251
INFO|2024-09-25 22:29:44: 	Train: PQ_Vm_rmse: 0.00011908  PQ_Va_rmse: 0.00481759  PV_Va_rmse: 0.00468007  delta_p: 0.00900631  delta_q: 0.00121841  
INFO|2024-09-25 22:29:44: 	ZTest: PQ_Vm_rmse: 0.00023181  PQ_Va_rmse: 0.00885647  PV_Va_rmse: 0.00853270  delta_p: 0.01315491  delta_q: 0.00185726  
INFO|2024-09-25 22:29:44: 	ZTest-ema: PQ_Vm_rmse: 0.000227  PQ_Va_rmse: 0.008986  PV_Va_rmse: 0.008647  delta_p: 0.012751  delta_q: 0.001782  
INFO|2024-09-25 22:29:44: 	           ValOfEMA:0.008986/0.008223,  Epoch:79/76
INFO|2024-09-25 22:29:44: 	Time(ep):478s,  Val(curr/best):0.008856/0.008435,  Epoch(curr/best):79/77
INFO|2024-09-25 22:29:44: -------------------- Epoch: 80 --------------------
INFO|2024-09-25 22:30:26: Epoch[080/100], iter[040/392], loss_total:0.31218, loss_equ:0.64660 loss_pq_vm:0.00328 loss_pq_va:0.10928 loss_pv_va:0.10546
INFO|2024-09-25 22:31:04: Epoch[080/100], iter[079/392], loss_total:0.30592, loss_equ:0.64286 loss_pq_vm:0.00341 loss_pq_va:0.10540 loss_pv_va:0.10216
INFO|2024-09-25 22:31:43: Epoch[080/100], iter[118/392], loss_total:0.30854, loss_equ:0.63002 loss_pq_vm:0.00346 loss_pq_va:0.10722 loss_pv_va:0.10372
INFO|2024-09-25 22:32:23: Epoch[080/100], iter[157/392], loss_total:0.30068, loss_equ:0.65348 loss_pq_vm:0.00329 loss_pq_va:0.10272 loss_pv_va:0.09969
INFO|2024-09-25 22:33:03: Epoch[080/100], iter[196/392], loss_total:0.30115, loss_equ:0.62627 loss_pq_vm:0.00332 loss_pq_va:0.10440 loss_pv_va:0.10093
INFO|2024-09-25 22:33:43: Epoch[080/100], iter[235/392], loss_total:0.31909, loss_equ:0.64297 loss_pq_vm:0.00364 loss_pq_va:0.11150 loss_pv_va:0.10690
INFO|2024-09-25 22:34:22: Epoch[080/100], iter[274/392], loss_total:0.31329, loss_equ:0.62910 loss_pq_vm:0.00333 loss_pq_va:0.11095 loss_pv_va:0.10609
INFO|2024-09-25 22:35:01: Epoch[080/100], iter[313/392], loss_total:0.30447, loss_equ:0.65293 loss_pq_vm:0.00336 loss_pq_va:0.10487 loss_pv_va:0.10069
INFO|2024-09-25 22:35:40: Epoch[080/100], iter[352/392], loss_total:0.30713, loss_equ:0.64518 loss_pq_vm:0.00334 loss_pq_va:0.10674 loss_pv_va:0.10242
INFO|2024-09-25 22:36:20: Epoch[080/100], iter[392/392], loss_total:0.32346, loss_equ:0.64827 loss_pq_vm:0.00340 loss_pq_va:0.11432 loss_pv_va:0.11029
INFO|2024-09-25 22:37:52: Epoch 79/100, lr:  0.00010454, eta: 2.71h, train_loss:  0.31436, valid_loss:  0.38527
INFO|2024-09-25 22:37:52: 	Train: PQ_Vm_rmse: 0.00011648  PQ_Va_rmse: 0.00470337  PV_Va_rmse: 0.00456314  delta_p: 0.00886421  delta_q: 0.00119233  
INFO|2024-09-25 22:37:52: 	ZTest: PQ_Vm_rmse: 0.00021606  PQ_Va_rmse: 0.00820592  PV_Va_rmse: 0.00797889  delta_p: 0.01474215  delta_q: 0.00195241  
INFO|2024-09-25 22:37:52: 	ZTest-ema: PQ_Vm_rmse: 0.000226  PQ_Va_rmse: 0.008618  PV_Va_rmse: 0.008312  delta_p: 0.013053  delta_q: 0.001828  
INFO|2024-09-25 22:37:52: 	           ValOfEMA:0.008618/0.008223,  Epoch:80/76
INFO|2024-09-25 22:37:53: 	Time(ep):487s,  Val(curr/best):0.008206/0.008206,  Epoch(curr/best):80/80
INFO|2024-09-25 22:37:53: -------------------- Epoch: 81 --------------------
INFO|2024-09-25 22:38:35: Epoch[081/100], iter[040/392], loss_total:0.29687, loss_equ:0.61928 loss_pq_vm:0.00331 loss_pq_va:0.10321 loss_pv_va:0.09864
INFO|2024-09-25 22:39:14: Epoch[081/100], iter[079/392], loss_total:0.35046, loss_equ:0.67097 loss_pq_vm:0.00351 loss_pq_va:0.12654 loss_pv_va:0.12176
INFO|2024-09-25 22:39:54: Epoch[081/100], iter[118/392], loss_total:0.30150, loss_equ:0.63621 loss_pq_vm:0.00334 loss_pq_va:0.10399 loss_pv_va:0.10051
INFO|2024-09-25 22:40:33: Epoch[081/100], iter[157/392], loss_total:0.30317, loss_equ:0.62761 loss_pq_vm:0.00327 loss_pq_va:0.10601 loss_pv_va:0.10171
INFO|2024-09-25 22:41:12: Epoch[081/100], iter[196/392], loss_total:0.30754, loss_equ:0.65062 loss_pq_vm:0.00333 loss_pq_va:0.10625 loss_pv_va:0.10295
INFO|2024-09-25 22:41:52: Epoch[081/100], iter[235/392], loss_total:0.31747, loss_equ:0.64726 loss_pq_vm:0.00338 loss_pq_va:0.11159 loss_pv_va:0.10738
INFO|2024-09-25 22:42:31: Epoch[081/100], iter[274/392], loss_total:0.30158, loss_equ:0.63444 loss_pq_vm:0.00328 loss_pq_va:0.10464 loss_pv_va:0.10072
INFO|2024-09-25 22:43:11: Epoch[081/100], iter[313/392], loss_total:0.30211, loss_equ:0.63126 loss_pq_vm:0.00332 loss_pq_va:0.10465 loss_pv_va:0.10110
INFO|2024-09-25 22:43:50: Epoch[081/100], iter[352/392], loss_total:0.29588, loss_equ:0.63040 loss_pq_vm:0.00329 loss_pq_va:0.10198 loss_pv_va:0.09796
INFO|2024-09-25 22:44:29: Epoch[081/100], iter[392/392], loss_total:0.31331, loss_equ:0.64030 loss_pq_vm:0.00333 loss_pq_va:0.11054 loss_pv_va:0.10541
INFO|2024-09-25 22:45:59: Epoch 80/100, lr:  0.00009560, eta: 2.57h, train_loss:  0.30979, valid_loss:  0.38676
INFO|2024-09-25 22:45:59: 	Train: PQ_Vm_rmse: 0.00011392  PQ_Va_rmse: 0.00454925  PV_Va_rmse: 0.00440394  delta_p: 0.00872293  delta_q: 0.00116946  
INFO|2024-09-25 22:45:59: 	ZTest: PQ_Vm_rmse: 0.00022235  PQ_Va_rmse: 0.00893120  PV_Va_rmse: 0.00864975  delta_p: 0.01366916  delta_q: 0.00184707  
INFO|2024-09-25 22:45:59: 	ZTest-ema: PQ_Vm_rmse: 0.000213  PQ_Va_rmse: 0.008336  PV_Va_rmse: 0.008047  delta_p: 0.012808  delta_q: 0.001782  
INFO|2024-09-25 22:45:59: 	           ValOfEMA:0.008336/0.008223,  Epoch:81/76
INFO|2024-09-25 22:46:00: 	Time(ep):486s,  Val(curr/best):0.008931/0.008206,  Epoch(curr/best):81/80
INFO|2024-09-25 22:46:00: -------------------- Epoch: 82 --------------------
INFO|2024-09-25 22:46:41: Epoch[082/100], iter[040/392], loss_total:0.31256, loss_equ:0.64394 loss_pq_vm:0.00333 loss_pq_va:0.10919 loss_pv_va:0.10564
INFO|2024-09-25 22:47:21: Epoch[082/100], iter[079/392], loss_total:0.31393, loss_equ:0.63163 loss_pq_vm:0.00338 loss_pq_va:0.11079 loss_pv_va:0.10617
INFO|2024-09-25 22:48:00: Epoch[082/100], iter[118/392], loss_total:0.35580, loss_equ:0.66206 loss_pq_vm:0.00351 loss_pq_va:0.13036 loss_pv_va:0.12418
INFO|2024-09-25 22:48:39: Epoch[082/100], iter[157/392], loss_total:0.32164, loss_equ:0.64535 loss_pq_vm:0.00343 loss_pq_va:0.11402 loss_pv_va:0.10877
INFO|2024-09-25 22:49:18: Epoch[082/100], iter[196/392], loss_total:0.29722, loss_equ:0.62383 loss_pq_vm:0.00330 loss_pq_va:0.10278 loss_pv_va:0.09909
INFO|2024-09-25 22:49:57: Epoch[082/100], iter[235/392], loss_total:0.31014, loss_equ:0.64598 loss_pq_vm:0.00330 loss_pq_va:0.10872 loss_pv_va:0.10380
INFO|2024-09-25 22:50:36: Epoch[082/100], iter[274/392], loss_total:0.30734, loss_equ:0.64266 loss_pq_vm:0.00331 loss_pq_va:0.10725 loss_pv_va:0.10275
INFO|2024-09-25 22:51:16: Epoch[082/100], iter[313/392], loss_total:0.35701, loss_equ:0.65176 loss_pq_vm:0.00340 loss_pq_va:0.13202 loss_pv_va:0.12580
INFO|2024-09-25 22:51:54: Epoch[082/100], iter[352/392], loss_total:0.29326, loss_equ:0.61703 loss_pq_vm:0.00327 loss_pq_va:0.10121 loss_pv_va:0.09769
INFO|2024-09-25 22:52:34: Epoch[082/100], iter[392/392], loss_total:0.30520, loss_equ:0.64071 loss_pq_vm:0.00336 loss_pq_va:0.10546 loss_pv_va:0.10205
INFO|2024-09-25 22:54:06: Epoch 81/100, lr:  0.00008706, eta: 2.43h, train_loss:  0.30959, valid_loss:  0.37832
INFO|2024-09-25 22:54:06: 	Train: PQ_Vm_rmse: 0.00011239  PQ_Va_rmse: 0.00453636  PV_Va_rmse: 0.00439855  delta_p: 0.00845576  delta_q: 0.00114634  
INFO|2024-09-25 22:54:06: 	ZTest: PQ_Vm_rmse: 0.00021604  PQ_Va_rmse: 0.00839474  PV_Va_rmse: 0.00811502  delta_p: 0.01373918  delta_q: 0.00199480  
INFO|2024-09-25 22:54:06: 	ZTest-ema: PQ_Vm_rmse: 0.000218  PQ_Va_rmse: 0.008254  PV_Va_rmse: 0.007964  delta_p: 0.012726  delta_q: 0.001774  
INFO|2024-09-25 22:54:06: 	           ValOfEMA:0.008254/0.008223,  Epoch:82/76
INFO|2024-09-25 22:54:07: 	Time(ep):486s,  Val(curr/best):0.008395/0.008206,  Epoch(curr/best):82/80
INFO|2024-09-25 22:54:07: -------------------- Epoch: 83 --------------------
INFO|2024-09-25 22:54:50: Epoch[083/100], iter[040/392], loss_total:0.30905, loss_equ:0.62030 loss_pq_vm:0.00325 loss_pq_va:0.10936 loss_pv_va:0.10519
INFO|2024-09-25 22:55:29: Epoch[083/100], iter[079/392], loss_total:0.29190, loss_equ:0.62487 loss_pq_vm:0.00327 loss_pq_va:0.10012 loss_pv_va:0.09656
INFO|2024-09-25 22:56:09: Epoch[083/100], iter[118/392], loss_total:0.30253, loss_equ:0.63483 loss_pq_vm:0.00327 loss_pq_va:0.10518 loss_pv_va:0.10113
INFO|2024-09-25 22:56:48: Epoch[083/100], iter[157/392], loss_total:0.31963, loss_equ:0.63958 loss_pq_vm:0.00334 loss_pq_va:0.11369 loss_pv_va:0.10859
INFO|2024-09-25 22:57:27: Epoch[083/100], iter[196/392], loss_total:0.31027, loss_equ:0.64073 loss_pq_vm:0.00333 loss_pq_va:0.10879 loss_pv_va:0.10407
INFO|2024-09-25 22:58:06: Epoch[083/100], iter[235/392], loss_total:0.29986, loss_equ:0.63271 loss_pq_vm:0.00330 loss_pq_va:0.10374 loss_pv_va:0.09984
INFO|2024-09-25 22:58:45: Epoch[083/100], iter[274/392], loss_total:0.29149, loss_equ:0.63702 loss_pq_vm:0.00322 loss_pq_va:0.09949 loss_pv_va:0.09609
INFO|2024-09-25 22:59:24: Epoch[083/100], iter[313/392], loss_total:0.30076, loss_equ:0.64611 loss_pq_vm:0.00326 loss_pq_va:0.10380 loss_pv_va:0.09978
INFO|2024-09-25 23:00:04: Epoch[083/100], iter[352/392], loss_total:0.32488, loss_equ:0.64884 loss_pq_vm:0.00337 loss_pq_va:0.11528 loss_pv_va:0.11099
INFO|2024-09-25 23:00:44: Epoch[083/100], iter[392/392], loss_total:0.29086, loss_equ:0.62305 loss_pq_vm:0.00325 loss_pq_va:0.09973 loss_pv_va:0.09628
INFO|2024-09-25 23:02:15: Epoch 82/100, lr:  0.00007893, eta: 2.3h, train_loss:  0.30532, valid_loss:  0.37702
INFO|2024-09-25 23:02:15: 	Train: PQ_Vm_rmse: 0.00011167  PQ_Va_rmse: 0.00433076  PV_Va_rmse: 0.00419934  delta_p: 0.00830558  delta_q: 0.00112663  
INFO|2024-09-25 23:02:15: 	ZTest: PQ_Vm_rmse: 0.00021767  PQ_Va_rmse: 0.00845776  PV_Va_rmse: 0.00814377  delta_p: 0.01331645  delta_q: 0.00183750  
INFO|2024-09-25 23:02:15: 	ZTest-ema: PQ_Vm_rmse: 0.000221  PQ_Va_rmse: 0.008540  PV_Va_rmse: 0.008232  delta_p: 0.012917  delta_q: 0.001795  
INFO|2024-09-25 23:02:15: 	           ValOfEMA:0.008540/0.008223,  Epoch:83/76
INFO|2024-09-25 23:02:15: 	Time(ep):487s,  Val(curr/best):0.008458/0.008206,  Epoch(curr/best):83/80
INFO|2024-09-25 23:02:15: -------------------- Epoch: 84 --------------------
INFO|2024-09-25 23:02:56: Epoch[084/100], iter[040/392], loss_total:0.29964, loss_equ:0.62617 loss_pq_vm:0.00324 loss_pq_va:0.10409 loss_pv_va:0.10058
INFO|2024-09-25 23:03:36: Epoch[084/100], iter[079/392], loss_total:0.28680, loss_equ:0.61933 loss_pq_vm:0.00320 loss_pq_va:0.09797 loss_pv_va:0.09486
INFO|2024-09-25 23:04:15: Epoch[084/100], iter[118/392], loss_total:0.29566, loss_equ:0.63995 loss_pq_vm:0.00343 loss_pq_va:0.10026 loss_pv_va:0.09713
INFO|2024-09-25 23:04:54: Epoch[084/100], iter[157/392], loss_total:0.30982, loss_equ:0.63543 loss_pq_vm:0.00331 loss_pq_va:0.10858 loss_pv_va:0.10464
INFO|2024-09-25 23:05:33: Epoch[084/100], iter[196/392], loss_total:0.28928, loss_equ:0.61642 loss_pq_vm:0.00317 loss_pq_va:0.09990 loss_pv_va:0.09605
INFO|2024-09-25 23:06:12: Epoch[084/100], iter[235/392], loss_total:0.30416, loss_equ:0.63020 loss_pq_vm:0.00326 loss_pq_va:0.10648 loss_pv_va:0.10202
INFO|2024-09-25 23:06:51: Epoch[084/100], iter[274/392], loss_total:0.29475, loss_equ:0.62955 loss_pq_vm:0.00321 loss_pq_va:0.10157 loss_pv_va:0.09810
INFO|2024-09-25 23:07:29: Epoch[084/100], iter[313/392], loss_total:0.29932, loss_equ:0.63871 loss_pq_vm:0.00322 loss_pq_va:0.10361 loss_pv_va:0.09960
INFO|2024-09-25 23:08:08: Epoch[084/100], iter[352/392], loss_total:0.30647, loss_equ:0.63774 loss_pq_vm:0.00325 loss_pq_va:0.10653 loss_pv_va:0.10363
INFO|2024-09-25 23:08:47: Epoch[084/100], iter[392/392], loss_total:0.29788, loss_equ:0.63224 loss_pq_vm:0.00324 loss_pq_va:0.10300 loss_pv_va:0.09925
INFO|2024-09-25 23:10:16: Epoch 83/100, lr:  0.00007123, eta: 2.14h, train_loss:  0.30353, valid_loss:  0.37656
INFO|2024-09-25 23:10:16: 	Train: PQ_Vm_rmse: 0.00010999  PQ_Va_rmse: 0.00423189  PV_Va_rmse: 0.00410340  delta_p: 0.00804865  delta_q: 0.00109903  
INFO|2024-09-25 23:10:16: 	ZTest: PQ_Vm_rmse: 0.00022210  PQ_Va_rmse: 0.00838879  PV_Va_rmse: 0.00807359  delta_p: 0.01276617  delta_q: 0.00180142  
INFO|2024-09-25 23:10:16: 	ZTest-ema: PQ_Vm_rmse: 0.000224  PQ_Va_rmse: 0.008352  PV_Va_rmse: 0.008042  delta_p: 0.012768  delta_q: 0.001780  
INFO|2024-09-25 23:10:16: 	           ValOfEMA:0.008352/0.008223,  Epoch:84/76
INFO|2024-09-25 23:10:17: 	Time(ep):481s,  Val(curr/best):0.008389/0.008206,  Epoch(curr/best):84/80
INFO|2024-09-25 23:10:17: -------------------- Epoch: 85 --------------------
INFO|2024-09-25 23:10:58: Epoch[085/100], iter[040/392], loss_total:0.30045, loss_equ:0.63335 loss_pq_vm:0.00326 loss_pq_va:0.10438 loss_pv_va:0.10016
INFO|2024-09-25 23:11:37: Epoch[085/100], iter[079/392], loss_total:0.34033, loss_equ:0.66624 loss_pq_vm:0.00344 loss_pq_va:0.12233 loss_pv_va:0.11695
INFO|2024-09-25 23:12:17: Epoch[085/100], iter[118/392], loss_total:0.30220, loss_equ:0.62916 loss_pq_vm:0.00330 loss_pq_va:0.10489 loss_pv_va:0.10140
INFO|2024-09-25 23:12:56: Epoch[085/100], iter[157/392], loss_total:0.29817, loss_equ:0.63611 loss_pq_vm:0.00321 loss_pq_va:0.10303 loss_pv_va:0.09939
INFO|2024-09-25 23:13:35: Epoch[085/100], iter[196/392], loss_total:0.28448, loss_equ:0.62167 loss_pq_vm:0.00321 loss_pq_va:0.09669 loss_pv_va:0.09351
INFO|2024-09-25 23:14:14: Epoch[085/100], iter[235/392], loss_total:0.29025, loss_equ:0.61617 loss_pq_vm:0.00320 loss_pq_va:0.10017 loss_pv_va:0.09648
INFO|2024-09-25 23:14:53: Epoch[085/100], iter[274/392], loss_total:0.29901, loss_equ:0.63441 loss_pq_vm:0.00321 loss_pq_va:0.10357 loss_pv_va:0.09987
INFO|2024-09-25 23:15:32: Epoch[085/100], iter[313/392], loss_total:0.29715, loss_equ:0.62778 loss_pq_vm:0.00319 loss_pq_va:0.10302 loss_pv_va:0.09945
INFO|2024-09-25 23:16:11: Epoch[085/100], iter[352/392], loss_total:0.31110, loss_equ:0.63964 loss_pq_vm:0.00326 loss_pq_va:0.10900 loss_pv_va:0.10555
INFO|2024-09-25 23:16:50: Epoch[085/100], iter[392/392], loss_total:0.29116, loss_equ:0.62341 loss_pq_vm:0.00318 loss_pq_va:0.10038 loss_pv_va:0.09662
INFO|2024-09-25 23:18:20: Epoch 84/100, lr:  0.00006395, eta: 2.01h, train_loss:  0.30476, valid_loss:  0.37467
INFO|2024-09-25 23:18:20: 	Train: PQ_Vm_rmse: 0.00011138  PQ_Va_rmse: 0.00444488  PV_Va_rmse: 0.00431602  delta_p: 0.00824166  delta_q: 0.00111654  
INFO|2024-09-25 23:18:20: 	ZTest: PQ_Vm_rmse: 0.00021697  PQ_Va_rmse: 0.00819007  PV_Va_rmse: 0.00789426  delta_p: 0.01271873  delta_q: 0.00177494  
INFO|2024-09-25 23:18:20: 	ZTest-ema: PQ_Vm_rmse: 0.000215  PQ_Va_rmse: 0.008076  PV_Va_rmse: 0.007785  delta_p: 0.012571  delta_q: 0.001749  
INFO|2024-09-25 23:18:20: 	           ValOfEMA:0.008076/0.008076,  Epoch:85/85
INFO|2024-09-25 23:18:21: 	Time(ep):482s,  Val(curr/best):0.008190/0.008190,  Epoch(curr/best):85/85
INFO|2024-09-25 23:18:21: -------------------- Epoch: 86 --------------------
INFO|2024-09-25 23:19:01: Epoch[086/100], iter[040/392], loss_total:0.29862, loss_equ:0.63970 loss_pq_vm:0.00335 loss_pq_va:0.10222 loss_pv_va:0.09893
INFO|2024-09-25 23:19:40: Epoch[086/100], iter[079/392], loss_total:0.29823, loss_equ:0.61615 loss_pq_vm:0.00327 loss_pq_va:0.10429 loss_pv_va:0.09960
INFO|2024-09-25 23:20:18: Epoch[086/100], iter[118/392], loss_total:0.29847, loss_equ:0.63366 loss_pq_vm:0.00318 loss_pq_va:0.10359 loss_pv_va:0.09971
INFO|2024-09-25 23:20:57: Epoch[086/100], iter[157/392], loss_total:0.30092, loss_equ:0.62486 loss_pq_vm:0.00327 loss_pq_va:0.10505 loss_pv_va:0.10073
INFO|2024-09-25 23:21:36: Epoch[086/100], iter[196/392], loss_total:0.31124, loss_equ:0.63856 loss_pq_vm:0.00327 loss_pq_va:0.10937 loss_pv_va:0.10534
INFO|2024-09-25 23:22:15: Epoch[086/100], iter[235/392], loss_total:0.30012, loss_equ:0.63355 loss_pq_vm:0.00328 loss_pq_va:0.10387 loss_pv_va:0.10013
INFO|2024-09-25 23:22:54: Epoch[086/100], iter[274/392], loss_total:0.29551, loss_equ:0.62772 loss_pq_vm:0.00325 loss_pq_va:0.10142 loss_pv_va:0.09883
INFO|2024-09-25 23:23:33: Epoch[086/100], iter[313/392], loss_total:0.29024, loss_equ:0.62369 loss_pq_vm:0.00329 loss_pq_va:0.09941 loss_pv_va:0.09552
INFO|2024-09-25 23:24:12: Epoch[086/100], iter[352/392], loss_total:0.29857, loss_equ:0.63740 loss_pq_vm:0.00322 loss_pq_va:0.10321 loss_pv_va:0.09940
INFO|2024-09-25 23:24:53: Epoch[086/100], iter[392/392], loss_total:0.30535, loss_equ:0.63521 loss_pq_vm:0.00325 loss_pq_va:0.10677 loss_pv_va:0.10254
INFO|2024-09-25 23:26:22: Epoch 85/100, lr:  0.00005711, eta: 1.87h, train_loss:  0.30061, valid_loss:  0.37350
INFO|2024-09-25 23:26:22: 	Train: PQ_Vm_rmse: 0.00010964  PQ_Va_rmse: 0.00424443  PV_Va_rmse: 0.00411845  delta_p: 0.00773925  delta_q: 0.00105924  
INFO|2024-09-25 23:26:22: 	ZTest: PQ_Vm_rmse: 0.00021428  PQ_Va_rmse: 0.00818871  PV_Va_rmse: 0.00790986  delta_p: 0.01256536  delta_q: 0.00176509  
INFO|2024-09-25 23:26:22: 	ZTest-ema: PQ_Vm_rmse: 0.000211  PQ_Va_rmse: 0.007905  PV_Va_rmse: 0.007666  delta_p: 0.012424  delta_q: 0.001735  
INFO|2024-09-25 23:26:22: 	           ValOfEMA:0.007905/0.007905,  Epoch:86/86
INFO|2024-09-25 23:26:23: 	Time(ep):481s,  Val(curr/best):0.008189/0.008189,  Epoch(curr/best):86/86
INFO|2024-09-25 23:26:23: -------------------- Epoch: 87 --------------------
INFO|2024-09-25 23:27:05: Epoch[087/100], iter[040/392], loss_total:0.30434, loss_equ:0.63066 loss_pq_vm:0.00321 loss_pq_va:0.10672 loss_pv_va:0.10243
INFO|2024-09-25 23:27:44: Epoch[087/100], iter[079/392], loss_total:0.29335, loss_equ:0.62326 loss_pq_vm:0.00322 loss_pq_va:0.10153 loss_pv_va:0.09732
INFO|2024-09-25 23:28:22: Epoch[087/100], iter[118/392], loss_total:0.31427, loss_equ:0.64581 loss_pq_vm:0.00333 loss_pq_va:0.11041 loss_pv_va:0.10597
INFO|2024-09-25 23:29:02: Epoch[087/100], iter[157/392], loss_total:0.29417, loss_equ:0.63308 loss_pq_vm:0.00336 loss_pq_va:0.10104 loss_pv_va:0.09619
INFO|2024-09-25 23:29:41: Epoch[087/100], iter[196/392], loss_total:0.30528, loss_equ:0.63496 loss_pq_vm:0.00324 loss_pq_va:0.10664 loss_pv_va:0.10278
INFO|2024-09-25 23:30:21: Epoch[087/100], iter[235/392], loss_total:0.33461, loss_equ:0.64313 loss_pq_vm:0.00344 loss_pq_va:0.12073 loss_pv_va:0.11521
INFO|2024-09-25 23:31:01: Epoch[087/100], iter[274/392], loss_total:0.27929, loss_equ:0.62836 loss_pq_vm:0.00315 loss_pq_va:0.09377 loss_pv_va:0.09120
INFO|2024-09-25 23:31:41: Epoch[087/100], iter[313/392], loss_total:0.30152, loss_equ:0.63687 loss_pq_vm:0.00327 loss_pq_va:0.10473 loss_pv_va:0.10045
INFO|2024-09-25 23:32:20: Epoch[087/100], iter[352/392], loss_total:0.30966, loss_equ:0.63888 loss_pq_vm:0.00331 loss_pq_va:0.10846 loss_pv_va:0.10425
INFO|2024-09-25 23:33:00: Epoch[087/100], iter[392/392], loss_total:0.29750, loss_equ:0.63653 loss_pq_vm:0.00320 loss_pq_va:0.10289 loss_pv_va:0.09900
INFO|2024-09-25 23:34:29: Epoch 86/100, lr:  0.00005071, eta: 1.75h, train_loss:  0.29946, valid_loss:  0.37412
INFO|2024-09-25 23:34:29: 	Train: PQ_Vm_rmse: 0.00011266  PQ_Va_rmse: 0.00428586  PV_Va_rmse: 0.00415037  delta_p: 0.00774788  delta_q: 0.00106091  
INFO|2024-09-25 23:34:29: 	ZTest: PQ_Vm_rmse: 0.00020769  PQ_Va_rmse: 0.00802718  PV_Va_rmse: 0.00778938  delta_p: 0.01263221  delta_q: 0.00176632  
INFO|2024-09-25 23:34:29: 	ZTest-ema: PQ_Vm_rmse: 0.000205  PQ_Va_rmse: 0.007806  PV_Va_rmse: 0.007575  delta_p: 0.012549  delta_q: 0.001757  
INFO|2024-09-25 23:34:29: 	           ValOfEMA:0.007806/0.007806,  Epoch:87/87
INFO|2024-09-25 23:34:30: 	Time(ep):485s,  Val(curr/best):0.008027/0.008027,  Epoch(curr/best):87/87
INFO|2024-09-25 23:34:30: -------------------- Epoch: 88 --------------------
INFO|2024-09-25 23:35:11: Epoch[088/100], iter[040/392], loss_total:0.30488, loss_equ:0.64072 loss_pq_vm:0.00327 loss_pq_va:0.10612 loss_pv_va:0.10196
INFO|2024-09-25 23:35:50: Epoch[088/100], iter[079/392], loss_total:0.31762, loss_equ:0.63570 loss_pq_vm:0.00321 loss_pq_va:0.11316 loss_pv_va:0.10880
INFO|2024-09-25 23:36:30: Epoch[088/100], iter[118/392], loss_total:0.30242, loss_equ:0.64045 loss_pq_vm:0.00330 loss_pq_va:0.10463 loss_pv_va:0.10077
INFO|2024-09-25 23:37:09: Epoch[088/100], iter[157/392], loss_total:0.30064, loss_equ:0.65054 loss_pq_vm:0.00332 loss_pq_va:0.10295 loss_pv_va:0.09938
INFO|2024-09-25 23:37:48: Epoch[088/100], iter[196/392], loss_total:0.30218, loss_equ:0.63651 loss_pq_vm:0.00324 loss_pq_va:0.10479 loss_pv_va:0.10133
INFO|2024-09-25 23:38:27: Epoch[088/100], iter[235/392], loss_total:0.28063, loss_equ:0.61282 loss_pq_vm:0.00318 loss_pq_va:0.09556 loss_pv_va:0.09196
INFO|2024-09-25 23:39:06: Epoch[088/100], iter[274/392], loss_total:0.29686, loss_equ:0.61984 loss_pq_vm:0.00313 loss_pq_va:0.10354 loss_pv_va:0.09999
INFO|2024-09-25 23:39:44: Epoch[088/100], iter[313/392], loss_total:0.29132, loss_equ:0.62237 loss_pq_vm:0.00320 loss_pq_va:0.10037 loss_pv_va:0.09676
INFO|2024-09-25 23:40:23: Epoch[088/100], iter[352/392], loss_total:0.29616, loss_equ:0.62985 loss_pq_vm:0.00328 loss_pq_va:0.10192 loss_pv_va:0.09842
INFO|2024-09-25 23:41:02: Epoch[088/100], iter[392/392], loss_total:0.29857, loss_equ:0.63667 loss_pq_vm:0.00328 loss_pq_va:0.10300 loss_pv_va:0.09908
INFO|2024-09-25 23:42:32: Epoch 87/100, lr:  0.00004476, eta: 1.61h, train_loss:  0.29857, valid_loss:  0.37338
INFO|2024-09-25 23:42:32: 	Train: PQ_Vm_rmse: 0.00010994  PQ_Va_rmse: 0.00419081  PV_Va_rmse: 0.00406742  delta_p: 0.00770980  delta_q: 0.00105783  
INFO|2024-09-25 23:42:32: 	ZTest: PQ_Vm_rmse: 0.00020596  PQ_Va_rmse: 0.00777846  PV_Va_rmse: 0.00754378  delta_p: 0.01272295  delta_q: 0.00180058  
INFO|2024-09-25 23:42:32: 	ZTest-ema: PQ_Vm_rmse: 0.000202  PQ_Va_rmse: 0.007638  PV_Va_rmse: 0.007398  delta_p: 0.012432  delta_q: 0.001734  
INFO|2024-09-25 23:42:32: 	           ValOfEMA:0.007638/0.007638,  Epoch:88/88
INFO|2024-09-25 23:42:33: 	Time(ep):482s,  Val(curr/best):0.007778/0.007778,  Epoch(curr/best):88/88
INFO|2024-09-25 23:42:33: -------------------- Epoch: 89 --------------------
INFO|2024-09-25 23:43:16: Epoch[089/100], iter[040/392], loss_total:0.29213, loss_equ:0.62109 loss_pq_vm:0.00314 loss_pq_va:0.10121 loss_pv_va:0.09741
INFO|2024-09-25 23:43:55: Epoch[089/100], iter[079/392], loss_total:0.32071, loss_equ:0.63859 loss_pq_vm:0.00334 loss_pq_va:0.11390 loss_pv_va:0.10953
INFO|2024-09-25 23:44:34: Epoch[089/100], iter[118/392], loss_total:0.28962, loss_equ:0.62380 loss_pq_vm:0.00325 loss_pq_va:0.09937 loss_pv_va:0.09541
INFO|2024-09-25 23:45:13: Epoch[089/100], iter[157/392], loss_total:0.30732, loss_equ:0.63564 loss_pq_vm:0.00322 loss_pq_va:0.10769 loss_pv_va:0.10386
INFO|2024-09-25 23:45:52: Epoch[089/100], iter[196/392], loss_total:0.30604, loss_equ:0.64394 loss_pq_vm:0.00326 loss_pq_va:0.10637 loss_pv_va:0.10265
INFO|2024-09-25 23:46:31: Epoch[089/100], iter[235/392], loss_total:0.28310, loss_equ:0.62399 loss_pq_vm:0.00317 loss_pq_va:0.09609 loss_pv_va:0.09293
INFO|2024-09-25 23:47:10: Epoch[089/100], iter[274/392], loss_total:0.28300, loss_equ:0.62146 loss_pq_vm:0.00318 loss_pq_va:0.09618 loss_pv_va:0.09285
INFO|2024-09-25 23:47:48: Epoch[089/100], iter[313/392], loss_total:0.29057, loss_equ:0.61895 loss_pq_vm:0.00320 loss_pq_va:0.10028 loss_pv_va:0.09640
INFO|2024-09-25 23:48:27: Epoch[089/100], iter[352/392], loss_total:0.30087, loss_equ:0.63730 loss_pq_vm:0.00324 loss_pq_va:0.10439 loss_pv_va:0.10034
INFO|2024-09-25 23:49:07: Epoch[089/100], iter[392/392], loss_total:0.28203, loss_equ:0.61858 loss_pq_vm:0.00317 loss_pq_va:0.09554 loss_pv_va:0.09292
INFO|2024-09-25 23:50:38: Epoch 88/100, lr:  0.00003926, eta: 1.48h, train_loss:  0.29830, valid_loss:  0.37156
INFO|2024-09-25 23:50:38: 	Train: PQ_Vm_rmse: 0.00011084  PQ_Va_rmse: 0.00419605  PV_Va_rmse: 0.00408053  delta_p: 0.00771464  delta_q: 0.00105465  
INFO|2024-09-25 23:50:38: 	ZTest: PQ_Vm_rmse: 0.00020297  PQ_Va_rmse: 0.00740649  PV_Va_rmse: 0.00720649  delta_p: 0.01274197  delta_q: 0.00178584  
INFO|2024-09-25 23:50:38: 	ZTest-ema: PQ_Vm_rmse: 0.000209  PQ_Va_rmse: 0.007621  PV_Va_rmse: 0.007393  delta_p: 0.012511  delta_q: 0.001745  
INFO|2024-09-25 23:50:38: 	           ValOfEMA:0.007621/0.007621,  Epoch:89/89
INFO|2024-09-25 23:50:39: 	Time(ep):484s,  Val(curr/best):0.007406/0.007406,  Epoch(curr/best):89/89
INFO|2024-09-25 23:50:39: -------------------- Epoch: 90 --------------------
INFO|2024-09-25 23:51:21: Epoch[090/100], iter[040/392], loss_total:0.30702, loss_equ:0.65101 loss_pq_vm:0.00329 loss_pq_va:0.10639 loss_pv_va:0.10267
INFO|2024-09-25 23:52:01: Epoch[090/100], iter[079/392], loss_total:0.29389, loss_equ:0.62212 loss_pq_vm:0.00321 loss_pq_va:0.10150 loss_pv_va:0.09807
INFO|2024-09-25 23:52:40: Epoch[090/100], iter[118/392], loss_total:0.29425, loss_equ:0.63105 loss_pq_vm:0.00327 loss_pq_va:0.10107 loss_pv_va:0.09733
INFO|2024-09-25 23:53:19: Epoch[090/100], iter[157/392], loss_total:0.29719, loss_equ:0.63879 loss_pq_vm:0.00329 loss_pq_va:0.10234 loss_pv_va:0.09803
INFO|2024-09-25 23:53:58: Epoch[090/100], iter[196/392], loss_total:0.28823, loss_equ:0.62462 loss_pq_vm:0.00318 loss_pq_va:0.09880 loss_pv_va:0.09520
INFO|2024-09-25 23:54:36: Epoch[090/100], iter[235/392], loss_total:0.30239, loss_equ:0.63589 loss_pq_vm:0.00322 loss_pq_va:0.10504 loss_pv_va:0.10151
INFO|2024-09-25 23:55:15: Epoch[090/100], iter[274/392], loss_total:0.30255, loss_equ:0.63292 loss_pq_vm:0.00331 loss_pq_va:0.10525 loss_pv_va:0.10088
INFO|2024-09-25 23:55:53: Epoch[090/100], iter[313/392], loss_total:0.29823, loss_equ:0.64714 loss_pq_vm:0.00327 loss_pq_va:0.10189 loss_pv_va:0.09896
INFO|2024-09-25 23:56:32: Epoch[090/100], iter[352/392], loss_total:0.31163, loss_equ:0.63236 loss_pq_vm:0.00325 loss_pq_va:0.11004 loss_pv_va:0.10586
INFO|2024-09-25 23:57:12: Epoch[090/100], iter[392/392], loss_total:0.29248, loss_equ:0.62897 loss_pq_vm:0.00320 loss_pq_va:0.10066 loss_pv_va:0.09688
INFO|2024-09-25 23:58:41: Epoch 89/100, lr:  0.00003423, eta: 1.34h, train_loss:  0.29681, valid_loss:  0.37234
INFO|2024-09-25 23:58:41: 	Train: PQ_Vm_rmse: 0.00011043  PQ_Va_rmse: 0.00416065  PV_Va_rmse: 0.00404587  delta_p: 0.00758900  delta_q: 0.00104183  
INFO|2024-09-25 23:58:41: 	ZTest: PQ_Vm_rmse: 0.00021652  PQ_Va_rmse: 0.00791137  PV_Va_rmse: 0.00766749  delta_p: 0.01278791  delta_q: 0.00178155  
INFO|2024-09-25 23:58:41: 	ZTest-ema: PQ_Vm_rmse: 0.000201  PQ_Va_rmse: 0.007603  PV_Va_rmse: 0.007376  delta_p: 0.012497  delta_q: 0.001743  
INFO|2024-09-25 23:58:41: 	           ValOfEMA:0.007603/0.007603,  Epoch:90/90
INFO|2024-09-25 23:58:41: 	Time(ep):482s,  Val(curr/best):0.007911/0.007406,  Epoch(curr/best):90/89
INFO|2024-09-25 23:58:41: -------------------- Epoch: 91 --------------------
INFO|2024-09-25 23:59:23: Epoch[091/100], iter[040/392], loss_total:0.29023, loss_equ:0.62294 loss_pq_vm:0.00314 loss_pq_va:0.10003 loss_pv_va:0.09647
INFO|2024-09-26 00:00:01: Epoch[091/100], iter[079/392], loss_total:0.30517, loss_equ:0.63499 loss_pq_vm:0.00324 loss_pq_va:0.10654 loss_pv_va:0.10275
INFO|2024-09-26 00:00:40: Epoch[091/100], iter[118/392], loss_total:0.29713, loss_equ:0.63505 loss_pq_vm:0.00322 loss_pq_va:0.10252 loss_pv_va:0.09895
INFO|2024-09-26 00:01:19: Epoch[091/100], iter[157/392], loss_total:0.29869, loss_equ:0.62550 loss_pq_vm:0.00323 loss_pq_va:0.10402 loss_pv_va:0.09986
INFO|2024-09-26 00:01:58: Epoch[091/100], iter[196/392], loss_total:0.28732, loss_equ:0.62950 loss_pq_vm:0.00326 loss_pq_va:0.09759 loss_pv_va:0.09421
INFO|2024-09-26 00:02:37: Epoch[091/100], iter[235/392], loss_total:0.30228, loss_equ:0.63693 loss_pq_vm:0.00323 loss_pq_va:0.10510 loss_pv_va:0.10116
INFO|2024-09-26 00:03:14: Epoch[091/100], iter[274/392], loss_total:0.30215, loss_equ:0.65318 loss_pq_vm:0.00323 loss_pq_va:0.10440 loss_pv_va:0.10010
INFO|2024-09-26 00:03:53: Epoch[091/100], iter[313/392], loss_total:0.30550, loss_equ:0.63443 loss_pq_vm:0.00323 loss_pq_va:0.10707 loss_pv_va:0.10267
INFO|2024-09-26 00:04:31: Epoch[091/100], iter[352/392], loss_total:0.29569, loss_equ:0.64532 loss_pq_vm:0.00323 loss_pq_va:0.10136 loss_pv_va:0.09753
INFO|2024-09-26 00:05:10: Epoch[091/100], iter[392/392], loss_total:0.30325, loss_equ:0.64198 loss_pq_vm:0.00332 loss_pq_va:0.10460 loss_pv_va:0.10122
INFO|2024-09-26 00:06:39: Epoch 90/100, lr:  0.00002965, eta: 1.2h, train_loss:  0.29602, valid_loss:  0.37099
INFO|2024-09-26 00:06:40: 	Train: PQ_Vm_rmse: 0.00011009  PQ_Va_rmse: 0.00408883  PV_Va_rmse: 0.00398235  delta_p: 0.00754090  delta_q: 0.00103615  
INFO|2024-09-26 00:06:40: 	ZTest: PQ_Vm_rmse: 0.00020385  PQ_Va_rmse: 0.00745935  PV_Va_rmse: 0.00726165  delta_p: 0.01255353  delta_q: 0.00180634  
INFO|2024-09-26 00:06:40: 	ZTest-ema: PQ_Vm_rmse: 0.000208  PQ_Va_rmse: 0.007521  PV_Va_rmse: 0.007301  delta_p: 0.012493  delta_q: 0.001747  
INFO|2024-09-26 00:06:40: 	           ValOfEMA:0.007521/0.007521,  Epoch:91/91
INFO|2024-09-26 00:06:40: 	Time(ep):478s,  Val(curr/best):0.007459/0.007406,  Epoch(curr/best):91/89
INFO|2024-09-26 00:06:40: -------------------- Epoch: 92 --------------------
INFO|2024-09-26 00:07:21: Epoch[092/100], iter[040/392], loss_total:0.30480, loss_equ:0.63102 loss_pq_vm:0.00327 loss_pq_va:0.10693 loss_pv_va:0.10204
INFO|2024-09-26 00:08:00: Epoch[092/100], iter[079/392], loss_total:0.28393, loss_equ:0.61945 loss_pq_vm:0.00315 loss_pq_va:0.09682 loss_pv_va:0.09371
INFO|2024-09-26 00:08:39: Epoch[092/100], iter[118/392], loss_total:0.28163, loss_equ:0.61690 loss_pq_vm:0.00316 loss_pq_va:0.09589 loss_pv_va:0.09241
INFO|2024-09-26 00:09:18: Epoch[092/100], iter[157/392], loss_total:0.29495, loss_equ:0.63421 loss_pq_vm:0.00324 loss_pq_va:0.10118 loss_pv_va:0.09791
INFO|2024-09-26 00:09:57: Epoch[092/100], iter[196/392], loss_total:0.28219, loss_equ:0.62605 loss_pq_vm:0.00323 loss_pq_va:0.09533 loss_pv_va:0.09194
INFO|2024-09-26 00:10:36: Epoch[092/100], iter[235/392], loss_total:0.29531, loss_equ:0.63372 loss_pq_vm:0.00328 loss_pq_va:0.10166 loss_pv_va:0.09749
INFO|2024-09-26 00:11:15: Epoch[092/100], iter[274/392], loss_total:0.30288, loss_equ:0.63394 loss_pq_vm:0.00323 loss_pq_va:0.10539 loss_pv_va:0.10178
INFO|2024-09-26 00:11:54: Epoch[092/100], iter[313/392], loss_total:0.27992, loss_equ:0.61755 loss_pq_vm:0.00318 loss_pq_va:0.09455 loss_pv_va:0.09181
INFO|2024-09-26 00:12:33: Epoch[092/100], iter[352/392], loss_total:0.28403, loss_equ:0.61901 loss_pq_vm:0.00314 loss_pq_va:0.09711 loss_pv_va:0.09366
INFO|2024-09-26 00:13:12: Epoch[092/100], iter[392/392], loss_total:0.29045, loss_equ:0.62395 loss_pq_vm:0.00314 loss_pq_va:0.09980 loss_pv_va:0.09687
INFO|2024-09-26 00:14:42: Epoch 91/100, lr:  0.00002555, eta: 1.07h, train_loss:  0.29503, valid_loss:  0.36977
INFO|2024-09-26 00:14:42: 	Train: PQ_Vm_rmse: 0.00011091  PQ_Va_rmse: 0.00406096  PV_Va_rmse: 0.00396083  delta_p: 0.00750822  delta_q: 0.00103714  
INFO|2024-09-26 00:14:42: 	ZTest: PQ_Vm_rmse: 0.00020494  PQ_Va_rmse: 0.00779458  PV_Va_rmse: 0.00756069  delta_p: 0.01266158  delta_q: 0.00176568  
INFO|2024-09-26 00:14:42: 	ZTest-ema: PQ_Vm_rmse: 0.000208  PQ_Va_rmse: 0.007726  PV_Va_rmse: 0.007500  delta_p: 0.012499  delta_q: 0.001757  
INFO|2024-09-26 00:14:42: 	           ValOfEMA:0.007726/0.007521,  Epoch:92/91
INFO|2024-09-26 00:14:42: 	Time(ep):481s,  Val(curr/best):0.007795/0.007406,  Epoch(curr/best):92/89
INFO|2024-09-26 00:14:42: -------------------- Epoch: 93 --------------------
INFO|2024-09-26 00:15:24: Epoch[093/100], iter[040/392], loss_total:0.31540, loss_equ:0.64184 loss_pq_vm:0.00326 loss_pq_va:0.11186 loss_pv_va:0.10678
INFO|2024-09-26 00:16:03: Epoch[093/100], iter[079/392], loss_total:0.29465, loss_equ:0.63227 loss_pq_vm:0.00316 loss_pq_va:0.10164 loss_pv_va:0.09822
INFO|2024-09-26 00:16:42: Epoch[093/100], iter[118/392], loss_total:0.28267, loss_equ:0.61855 loss_pq_vm:0.00316 loss_pq_va:0.09614 loss_pv_va:0.09312
INFO|2024-09-26 00:17:21: Epoch[093/100], iter[157/392], loss_total:0.28899, loss_equ:0.61921 loss_pq_vm:0.00317 loss_pq_va:0.09937 loss_pv_va:0.09599
INFO|2024-09-26 00:18:00: Epoch[093/100], iter[196/392], loss_total:0.30083, loss_equ:0.62087 loss_pq_vm:0.00321 loss_pq_va:0.10562 loss_pv_va:0.10099
INFO|2024-09-26 00:18:39: Epoch[093/100], iter[235/392], loss_total:0.29022, loss_equ:0.63202 loss_pq_vm:0.00320 loss_pq_va:0.09939 loss_pv_va:0.09564
INFO|2024-09-26 00:19:18: Epoch[093/100], iter[274/392], loss_total:0.29651, loss_equ:0.62211 loss_pq_vm:0.00318 loss_pq_va:0.10306 loss_pv_va:0.09942
INFO|2024-09-26 00:19:57: Epoch[093/100], iter[313/392], loss_total:0.29061, loss_equ:0.62458 loss_pq_vm:0.00320 loss_pq_va:0.09989 loss_pv_va:0.09623
INFO|2024-09-26 00:20:35: Epoch[093/100], iter[352/392], loss_total:0.29182, loss_equ:0.62393 loss_pq_vm:0.00323 loss_pq_va:0.10057 loss_pv_va:0.09653
INFO|2024-09-26 00:21:15: Epoch[093/100], iter[392/392], loss_total:0.27183, loss_equ:0.61269 loss_pq_vm:0.00317 loss_pq_va:0.09081 loss_pv_va:0.08803
INFO|2024-09-26 00:22:44: Epoch 92/100, lr:  0.00002192, eta: 0.94h, train_loss:  0.29447, valid_loss:  0.36963
INFO|2024-09-26 00:22:44: 	Train: PQ_Vm_rmse: 0.00011013  PQ_Va_rmse: 0.00410809  PV_Va_rmse: 0.00400344  delta_p: 0.00748120  delta_q: 0.00102717  
INFO|2024-09-26 00:22:44: 	ZTest: PQ_Vm_rmse: 0.00021290  PQ_Va_rmse: 0.00780701  PV_Va_rmse: 0.00757827  delta_p: 0.01264931  delta_q: 0.00176307  
INFO|2024-09-26 00:22:44: 	ZTest-ema: PQ_Vm_rmse: 0.000212  PQ_Va_rmse: 0.007828  PV_Va_rmse: 0.007604  delta_p: 0.012579  delta_q: 0.001760  
INFO|2024-09-26 00:22:44: 	           ValOfEMA:0.007828/0.007521,  Epoch:93/91
INFO|2024-09-26 00:22:45: 	Time(ep):482s,  Val(curr/best):0.007807/0.007406,  Epoch(curr/best):93/89
INFO|2024-09-26 00:22:45: -------------------- Epoch: 94 --------------------
INFO|2024-09-26 00:23:26: Epoch[094/100], iter[040/392], loss_total:0.28521, loss_equ:0.61939 loss_pq_vm:0.00318 loss_pq_va:0.09752 loss_pv_va:0.09391
INFO|2024-09-26 00:24:05: Epoch[094/100], iter[079/392], loss_total:0.28368, loss_equ:0.61203 loss_pq_vm:0.00315 loss_pq_va:0.09752 loss_pv_va:0.09344
INFO|2024-09-26 00:24:45: Epoch[094/100], iter[118/392], loss_total:0.27406, loss_equ:0.61138 loss_pq_vm:0.00309 loss_pq_va:0.09277 loss_pv_va:0.08922
INFO|2024-09-26 00:25:23: Epoch[094/100], iter[157/392], loss_total:0.32037, loss_equ:0.64333 loss_pq_vm:0.00327 loss_pq_va:0.11401 loss_pv_va:0.10932
INFO|2024-09-26 00:26:02: Epoch[094/100], iter[196/392], loss_total:0.29423, loss_equ:0.62635 loss_pq_vm:0.00325 loss_pq_va:0.10116 loss_pv_va:0.09798
INFO|2024-09-26 00:26:40: Epoch[094/100], iter[235/392], loss_total:0.27750, loss_equ:0.60334 loss_pq_vm:0.00312 loss_pq_va:0.09456 loss_pv_va:0.09137
INFO|2024-09-26 00:27:19: Epoch[094/100], iter[274/392], loss_total:0.29567, loss_equ:0.62919 loss_pq_vm:0.00320 loss_pq_va:0.10230 loss_pv_va:0.09841
INFO|2024-09-26 00:27:58: Epoch[094/100], iter[313/392], loss_total:0.29818, loss_equ:0.63121 loss_pq_vm:0.00322 loss_pq_va:0.10343 loss_pv_va:0.09947
INFO|2024-09-26 00:28:36: Epoch[094/100], iter[352/392], loss_total:0.29126, loss_equ:0.62060 loss_pq_vm:0.00324 loss_pq_va:0.10027 loss_pv_va:0.09652
INFO|2024-09-26 00:29:16: Epoch[094/100], iter[392/392], loss_total:0.28666, loss_equ:0.62509 loss_pq_vm:0.00322 loss_pq_va:0.09762 loss_pv_va:0.09433
INFO|2024-09-26 00:30:45: Epoch 93/100, lr:  0.00001877, eta: 0.8h, train_loss:  0.29401, valid_loss:  0.36769
INFO|2024-09-26 00:30:45: 	Train: PQ_Vm_rmse: 0.00011074  PQ_Va_rmse: 0.00414045  PV_Va_rmse: 0.00403430  delta_p: 0.00742623  delta_q: 0.00102357  
INFO|2024-09-26 00:30:45: 	ZTest: PQ_Vm_rmse: 0.00021063  PQ_Va_rmse: 0.00782612  PV_Va_rmse: 0.00759862  delta_p: 0.01245365  delta_q: 0.00174703  
INFO|2024-09-26 00:30:45: 	ZTest-ema: PQ_Vm_rmse: 0.000207  PQ_Va_rmse: 0.007762  PV_Va_rmse: 0.007518  delta_p: 0.012465  delta_q: 0.001749  
INFO|2024-09-26 00:30:45: 	           ValOfEMA:0.007762/0.007521,  Epoch:94/91
INFO|2024-09-26 00:30:46: 	Time(ep):480s,  Val(curr/best):0.007826/0.007406,  Epoch(curr/best):94/89
INFO|2024-09-26 00:30:46: -------------------- Epoch: 95 --------------------
INFO|2024-09-26 00:31:27: Epoch[095/100], iter[040/392], loss_total:0.30614, loss_equ:0.64253 loss_pq_vm:0.00327 loss_pq_va:0.10633 loss_pv_va:0.10289
INFO|2024-09-26 00:32:06: Epoch[095/100], iter[079/392], loss_total:0.27490, loss_equ:0.60369 loss_pq_vm:0.00306 loss_pq_va:0.09354 loss_pv_va:0.09039
INFO|2024-09-26 00:32:45: Epoch[095/100], iter[118/392], loss_total:0.30471, loss_equ:0.63593 loss_pq_vm:0.00325 loss_pq_va:0.10631 loss_pv_va:0.10226
INFO|2024-09-26 00:33:24: Epoch[095/100], iter[157/392], loss_total:0.30088, loss_equ:0.63582 loss_pq_vm:0.00330 loss_pq_va:0.10393 loss_pv_va:0.10036
INFO|2024-09-26 00:34:02: Epoch[095/100], iter[196/392], loss_total:0.29477, loss_equ:0.63016 loss_pq_vm:0.00321 loss_pq_va:0.10151 loss_pv_va:0.09811
INFO|2024-09-26 00:34:41: Epoch[095/100], iter[235/392], loss_total:0.28146, loss_equ:0.61436 loss_pq_vm:0.00310 loss_pq_va:0.09617 loss_pv_va:0.09288
INFO|2024-09-26 00:35:20: Epoch[095/100], iter[274/392], loss_total:0.30114, loss_equ:0.62666 loss_pq_vm:0.00323 loss_pq_va:0.10509 loss_pv_va:0.10108
INFO|2024-09-26 00:35:59: Epoch[095/100], iter[313/392], loss_total:0.30218, loss_equ:0.64600 loss_pq_vm:0.00317 loss_pq_va:0.10483 loss_pv_va:0.10104
INFO|2024-09-26 00:36:37: Epoch[095/100], iter[352/392], loss_total:0.29499, loss_equ:0.63337 loss_pq_vm:0.00316 loss_pq_va:0.10172 loss_pv_va:0.09834
INFO|2024-09-26 00:37:17: Epoch[095/100], iter[392/392], loss_total:0.29838, loss_equ:0.61742 loss_pq_vm:0.00317 loss_pq_va:0.10480 loss_pv_va:0.10009
INFO|2024-09-26 00:38:47: Epoch 94/100, lr:  0.00001609, eta: 0.67h, train_loss:  0.29311, valid_loss:  0.36801
INFO|2024-09-26 00:38:47: 	Train: PQ_Vm_rmse: 0.00011024  PQ_Va_rmse: 0.00408131  PV_Va_rmse: 0.00398059  delta_p: 0.00736033  delta_q: 0.00101537  
INFO|2024-09-26 00:38:47: 	ZTest: PQ_Vm_rmse: 0.00021447  PQ_Va_rmse: 0.00775744  PV_Va_rmse: 0.00753573  delta_p: 0.01250218  delta_q: 0.00175725  
INFO|2024-09-26 00:38:47: 	ZTest-ema: PQ_Vm_rmse: 0.000205  PQ_Va_rmse: 0.007873  PV_Va_rmse: 0.007642  delta_p: 0.012450  delta_q: 0.001745  
INFO|2024-09-26 00:38:47: 	           ValOfEMA:0.007873/0.007521,  Epoch:95/91
INFO|2024-09-26 00:38:47: 	Time(ep):481s,  Val(curr/best):0.007757/0.007406,  Epoch(curr/best):95/89
INFO|2024-09-26 00:38:47: -------------------- Epoch: 96 --------------------
INFO|2024-09-26 00:39:29: Epoch[096/100], iter[040/392], loss_total:0.28010, loss_equ:0.62026 loss_pq_vm:0.00313 loss_pq_va:0.09470 loss_pv_va:0.09211
INFO|2024-09-26 00:40:08: Epoch[096/100], iter[079/392], loss_total:0.30696, loss_equ:0.63557 loss_pq_vm:0.00324 loss_pq_va:0.10769 loss_pv_va:0.10332
INFO|2024-09-26 00:40:47: Epoch[096/100], iter[118/392], loss_total:0.28771, loss_equ:0.62884 loss_pq_vm:0.00317 loss_pq_va:0.09827 loss_pv_va:0.09490
INFO|2024-09-26 00:41:25: Epoch[096/100], iter[157/392], loss_total:0.28669, loss_equ:0.62163 loss_pq_vm:0.00314 loss_pq_va:0.09858 loss_pv_va:0.09450
INFO|2024-09-26 00:42:04: Epoch[096/100], iter[196/392], loss_total:0.29226, loss_equ:0.62594 loss_pq_vm:0.00321 loss_pq_va:0.10077 loss_pv_va:0.09679
INFO|2024-09-26 00:42:43: Epoch[096/100], iter[235/392], loss_total:0.29109, loss_equ:0.62337 loss_pq_vm:0.00318 loss_pq_va:0.10026 loss_pv_va:0.09670
INFO|2024-09-26 00:43:22: Epoch[096/100], iter[274/392], loss_total:0.29101, loss_equ:0.62812 loss_pq_vm:0.00317 loss_pq_va:0.10022 loss_pv_va:0.09626
INFO|2024-09-26 00:44:01: Epoch[096/100], iter[313/392], loss_total:0.28867, loss_equ:0.62414 loss_pq_vm:0.00309 loss_pq_va:0.09933 loss_pv_va:0.09599
INFO|2024-09-26 00:44:40: Epoch[096/100], iter[352/392], loss_total:0.29053, loss_equ:0.63853 loss_pq_vm:0.00315 loss_pq_va:0.09933 loss_pv_va:0.09581
INFO|2024-09-26 00:45:19: Epoch[096/100], iter[392/392], loss_total:0.30155, loss_equ:0.63078 loss_pq_vm:0.00318 loss_pq_va:0.10575 loss_pv_va:0.10096
INFO|2024-09-26 00:46:48: Epoch 95/100, lr:  0.00001390, eta: 0.53h, train_loss:  0.29267, valid_loss:  0.36773
INFO|2024-09-26 00:46:48: 	Train: PQ_Vm_rmse: 0.00010984  PQ_Va_rmse: 0.00404080  PV_Va_rmse: 0.00393968  delta_p: 0.00735027  delta_q: 0.00101252  
INFO|2024-09-26 00:46:48: 	ZTest: PQ_Vm_rmse: 0.00020578  PQ_Va_rmse: 0.00771239  PV_Va_rmse: 0.00748535  delta_p: 0.01274206  delta_q: 0.00177628  
INFO|2024-09-26 00:46:48: 	ZTest-ema: PQ_Vm_rmse: 0.000206  PQ_Va_rmse: 0.007632  PV_Va_rmse: 0.007414  delta_p: 0.012547  delta_q: 0.001757  
INFO|2024-09-26 00:46:48: 	           ValOfEMA:0.007632/0.007521,  Epoch:96/91
INFO|2024-09-26 00:46:49: 	Time(ep):480s,  Val(curr/best):0.007712/0.007406,  Epoch(curr/best):96/89
INFO|2024-09-26 00:46:49: -------------------- Epoch: 97 --------------------
INFO|2024-09-26 00:47:30: Epoch[097/100], iter[040/392], loss_total:0.29571, loss_equ:0.62258 loss_pq_vm:0.00320 loss_pq_va:0.10306 loss_pv_va:0.09844
INFO|2024-09-26 00:48:08: Epoch[097/100], iter[079/392], loss_total:0.29107, loss_equ:0.63288 loss_pq_vm:0.00318 loss_pq_va:0.09992 loss_pv_va:0.09604
INFO|2024-09-26 00:48:47: Epoch[097/100], iter[118/392], loss_total:0.28732, loss_equ:0.61322 loss_pq_vm:0.00314 loss_pq_va:0.09914 loss_pv_va:0.09546
INFO|2024-09-26 00:49:26: Epoch[097/100], iter[157/392], loss_total:0.29770, loss_equ:0.63110 loss_pq_vm:0.00321 loss_pq_va:0.10290 loss_pv_va:0.09955
INFO|2024-09-26 00:50:05: Epoch[097/100], iter[196/392], loss_total:0.29544, loss_equ:0.62230 loss_pq_vm:0.00316 loss_pq_va:0.10292 loss_pv_va:0.09868
INFO|2024-09-26 00:50:44: Epoch[097/100], iter[235/392], loss_total:0.29739, loss_equ:0.63707 loss_pq_vm:0.00320 loss_pq_va:0.10251 loss_pv_va:0.09919
INFO|2024-09-26 00:51:23: Epoch[097/100], iter[274/392], loss_total:0.28440, loss_equ:0.62306 loss_pq_vm:0.00320 loss_pq_va:0.09718 loss_pv_va:0.09287
INFO|2024-09-26 00:52:02: Epoch[097/100], iter[313/392], loss_total:0.28892, loss_equ:0.62567 loss_pq_vm:0.00322 loss_pq_va:0.09874 loss_pv_va:0.09542
INFO|2024-09-26 00:52:41: Epoch[097/100], iter[352/392], loss_total:0.30146, loss_equ:0.62077 loss_pq_vm:0.00323 loss_pq_va:0.10563 loss_pv_va:0.10146
INFO|2024-09-26 00:53:21: Epoch[097/100], iter[392/392], loss_total:0.29501, loss_equ:0.62182 loss_pq_vm:0.00313 loss_pq_va:0.10239 loss_pv_va:0.09915
INFO|2024-09-26 00:54:50: Epoch 96/100, lr:  0.00001220, eta: 0.4h, train_loss:  0.29220, valid_loss:  0.36747
INFO|2024-09-26 00:54:50: 	Train: PQ_Vm_rmse: 0.00010875  PQ_Va_rmse: 0.00400868  PV_Va_rmse: 0.00391268  delta_p: 0.00732526  delta_q: 0.00101175  
INFO|2024-09-26 00:54:50: 	ZTest: PQ_Vm_rmse: 0.00020459  PQ_Va_rmse: 0.00776564  PV_Va_rmse: 0.00755480  delta_p: 0.01258437  delta_q: 0.00176792  
INFO|2024-09-26 00:54:50: 	ZTest-ema: PQ_Vm_rmse: 0.000208  PQ_Va_rmse: 0.007827  PV_Va_rmse: 0.007610  delta_p: 0.012502  delta_q: 0.001751  
INFO|2024-09-26 00:54:50: 	           ValOfEMA:0.007827/0.007521,  Epoch:97/91
INFO|2024-09-26 00:54:50: 	Time(ep):481s,  Val(curr/best):0.007766/0.007406,  Epoch(curr/best):97/89
INFO|2024-09-26 00:54:50: -------------------- Epoch: 98 --------------------
INFO|2024-09-26 00:55:32: Epoch[098/100], iter[040/392], loss_total:0.29468, loss_equ:0.62752 loss_pq_vm:0.00322 loss_pq_va:0.10175 loss_pv_va:0.09800
INFO|2024-09-26 00:56:11: Epoch[098/100], iter[079/392], loss_total:0.29999, loss_equ:0.62791 loss_pq_vm:0.00320 loss_pq_va:0.10466 loss_pv_va:0.10059
INFO|2024-09-26 00:56:50: Epoch[098/100], iter[118/392], loss_total:0.30680, loss_equ:0.64575 loss_pq_vm:0.00323 loss_pq_va:0.10672 loss_pv_va:0.10323
INFO|2024-09-26 00:57:28: Epoch[098/100], iter[157/392], loss_total:0.29087, loss_equ:0.62282 loss_pq_vm:0.00312 loss_pq_va:0.10034 loss_pv_va:0.09705
INFO|2024-09-26 00:58:07: Epoch[098/100], iter[196/392], loss_total:0.28754, loss_equ:0.63460 loss_pq_vm:0.00321 loss_pq_va:0.09776 loss_pv_va:0.09419
INFO|2024-09-26 00:58:46: Epoch[098/100], iter[235/392], loss_total:0.29949, loss_equ:0.62299 loss_pq_vm:0.00322 loss_pq_va:0.10453 loss_pv_va:0.10048
INFO|2024-09-26 00:59:24: Epoch[098/100], iter[274/392], loss_total:0.30265, loss_equ:0.63071 loss_pq_vm:0.00323 loss_pq_va:0.10598 loss_pv_va:0.10133
INFO|2024-09-26 01:00:03: Epoch[098/100], iter[313/392], loss_total:0.27419, loss_equ:0.61364 loss_pq_vm:0.00311 loss_pq_va:0.09236 loss_pv_va:0.08941
INFO|2024-09-26 01:00:41: Epoch[098/100], iter[352/392], loss_total:0.30006, loss_equ:0.63004 loss_pq_vm:0.00326 loss_pq_va:0.10452 loss_pv_va:0.09990
INFO|2024-09-26 01:01:21: Epoch[098/100], iter[392/392], loss_total:0.28247, loss_equ:0.61602 loss_pq_vm:0.00313 loss_pq_va:0.09681 loss_pv_va:0.09276
INFO|2024-09-26 01:02:50: Epoch 97/100, lr:  0.00001098, eta: 0.27h, train_loss:  0.29175, valid_loss:  0.36702
INFO|2024-09-26 01:02:50: 	Train: PQ_Vm_rmse: 0.00011174  PQ_Va_rmse: 0.00405493  PV_Va_rmse: 0.00395464  delta_p: 0.00731797  delta_q: 0.00101109  
INFO|2024-09-26 01:02:50: 	ZTest: PQ_Vm_rmse: 0.00020937  PQ_Va_rmse: 0.00781817  PV_Va_rmse: 0.00758842  delta_p: 0.01253083  delta_q: 0.00176506  
INFO|2024-09-26 01:02:50: 	ZTest-ema: PQ_Vm_rmse: 0.000207  PQ_Va_rmse: 0.007805  PV_Va_rmse: 0.007573  delta_p: 0.012526  delta_q: 0.001758  
INFO|2024-09-26 01:02:50: 	           ValOfEMA:0.007805/0.007521,  Epoch:98/91
INFO|2024-09-26 01:02:51: 	Time(ep):479s,  Val(curr/best):0.007818/0.007406,  Epoch(curr/best):98/89
INFO|2024-09-26 01:02:51: -------------------- Epoch: 99 --------------------
INFO|2024-09-26 01:03:32: Epoch[099/100], iter[040/392], loss_total:0.30447, loss_equ:0.63422 loss_pq_vm:0.00326 loss_pq_va:0.10595 loss_pv_va:0.10252
INFO|2024-09-26 01:04:11: Epoch[099/100], iter[079/392], loss_total:0.28567, loss_equ:0.63159 loss_pq_vm:0.00311 loss_pq_va:0.09738 loss_pv_va:0.09404
INFO|2024-09-26 01:04:49: Epoch[099/100], iter[118/392], loss_total:0.29217, loss_equ:0.62024 loss_pq_vm:0.00312 loss_pq_va:0.10123 loss_pv_va:0.09768
INFO|2024-09-26 01:05:28: Epoch[099/100], iter[157/392], loss_total:0.28858, loss_equ:0.61559 loss_pq_vm:0.00315 loss_pq_va:0.09981 loss_pv_va:0.09570
INFO|2024-09-26 01:06:07: Epoch[099/100], iter[196/392], loss_total:0.27740, loss_equ:0.62202 loss_pq_vm:0.00317 loss_pq_va:0.09359 loss_pv_va:0.08991
INFO|2024-09-26 01:06:46: Epoch[099/100], iter[235/392], loss_total:0.28951, loss_equ:0.62585 loss_pq_vm:0.00313 loss_pq_va:0.09959 loss_pv_va:0.09604
INFO|2024-09-26 01:07:24: Epoch[099/100], iter[274/392], loss_total:0.29635, loss_equ:0.62896 loss_pq_vm:0.00317 loss_pq_va:0.10240 loss_pv_va:0.09932
INFO|2024-09-26 01:08:03: Epoch[099/100], iter[313/392], loss_total:0.28990, loss_equ:0.62233 loss_pq_vm:0.00315 loss_pq_va:0.09998 loss_pv_va:0.09617
INFO|2024-09-26 01:08:41: Epoch[099/100], iter[352/392], loss_total:0.29861, loss_equ:0.63893 loss_pq_vm:0.00324 loss_pq_va:0.10330 loss_pv_va:0.09897
INFO|2024-09-26 01:09:21: Epoch[099/100], iter[392/392], loss_total:0.29268, loss_equ:0.63045 loss_pq_vm:0.00317 loss_pq_va:0.10089 loss_pv_va:0.09708
INFO|2024-09-26 01:10:49: Epoch 98/100, lr:  0.00001024, eta: 0.13h, train_loss:  0.29138, valid_loss:  0.36660
INFO|2024-09-26 01:10:49: 	Train: PQ_Vm_rmse: 0.00011061  PQ_Va_rmse: 0.00406421  PV_Va_rmse: 0.00396425  delta_p: 0.00731034  delta_q: 0.00100969  
INFO|2024-09-26 01:10:49: 	ZTest: PQ_Vm_rmse: 0.00020806  PQ_Va_rmse: 0.00790960  PV_Va_rmse: 0.00768192  delta_p: 0.01259323  delta_q: 0.00176784  
INFO|2024-09-26 01:10:49: 	ZTest-ema: PQ_Vm_rmse: 0.000205  PQ_Va_rmse: 0.007824  PV_Va_rmse: 0.007603  delta_p: 0.012538  delta_q: 0.001763  
INFO|2024-09-26 01:10:49: 	           ValOfEMA:0.007824/0.007521,  Epoch:99/91
INFO|2024-09-26 01:10:50: 	Time(ep):478s,  Val(curr/best):0.007910/0.007406,  Epoch(curr/best):99/89
INFO|2024-09-26 01:10:50: -------------------- Epoch: 100 --------------------
INFO|2024-09-26 01:11:31: Epoch[100/100], iter[040/392], loss_total:0.30024, loss_equ:0.63890 loss_pq_vm:0.00322 loss_pq_va:0.10413 loss_pv_va:0.10004
INFO|2024-09-26 01:12:09: Epoch[100/100], iter[079/392], loss_total:0.28879, loss_equ:0.62620 loss_pq_vm:0.00314 loss_pq_va:0.09926 loss_pv_va:0.09557
INFO|2024-09-26 01:12:48: Epoch[100/100], iter[118/392], loss_total:0.27942, loss_equ:0.62162 loss_pq_vm:0.00319 loss_pq_va:0.09412 loss_pv_va:0.09125
INFO|2024-09-26 01:13:27: Epoch[100/100], iter[157/392], loss_total:0.31021, loss_equ:0.63922 loss_pq_vm:0.00319 loss_pq_va:0.10927 loss_pv_va:0.10513
INFO|2024-09-26 01:14:06: Epoch[100/100], iter[196/392], loss_total:0.28167, loss_equ:0.61241 loss_pq_vm:0.00316 loss_pq_va:0.09586 loss_pv_va:0.09298
INFO|2024-09-26 01:14:45: Epoch[100/100], iter[235/392], loss_total:0.28774, loss_equ:0.62391 loss_pq_vm:0.00312 loss_pq_va:0.09858 loss_pv_va:0.09556
INFO|2024-09-26 01:15:24: Epoch[100/100], iter[274/392], loss_total:0.29414, loss_equ:0.61917 loss_pq_vm:0.00319 loss_pq_va:0.10177 loss_pv_va:0.09854
INFO|2024-09-26 01:16:02: Epoch[100/100], iter[313/392], loss_total:0.28287, loss_equ:0.61429 loss_pq_vm:0.00310 loss_pq_va:0.09719 loss_pv_va:0.09328
INFO|2024-09-26 01:16:41: Epoch[100/100], iter[352/392], loss_total:0.29161, loss_equ:0.63233 loss_pq_vm:0.00318 loss_pq_va:0.10025 loss_pv_va:0.09635
INFO|2024-09-26 01:17:21: Epoch[100/100], iter[392/392], loss_total:0.28445, loss_equ:0.61503 loss_pq_vm:0.00314 loss_pq_va:0.09751 loss_pv_va:0.09401
INFO|2024-09-26 01:18:50: Epoch 99/100, lr:  0.00001000, eta: 0.0h, train_loss:  0.29119, valid_loss:  0.36632
INFO|2024-09-26 01:18:50: 	Train: PQ_Vm_rmse: 0.00010993  PQ_Va_rmse: 0.00404570  PV_Va_rmse: 0.00395148  delta_p: 0.00730666  delta_q: 0.00100937  
INFO|2024-09-26 01:18:50: 	ZTest: PQ_Vm_rmse: 0.00020668  PQ_Va_rmse: 0.00773633  PV_Va_rmse: 0.00753156  delta_p: 0.01245530  delta_q: 0.00174853  
INFO|2024-09-26 01:18:50: 	ZTest-ema: PQ_Vm_rmse: 0.000208  PQ_Va_rmse: 0.007691  PV_Va_rmse: 0.007484  delta_p: 0.012479  delta_q: 0.001753  
INFO|2024-09-26 01:18:50: 	           ValOfEMA:0.007691/0.007521,  Epoch:100/91
INFO|2024-09-26 01:18:50: 	Time(ep):479s,  Val(curr/best):0.007736/0.007406,  Epoch(curr/best):100/89
