INFO|2024-09-27 10:06:29: 
{'batch_size': 256,
 'config': '/home/bingxing2/ailab/zhaozhen/energy/senseflow/configs/test_senseflow_39.yaml',
 'data': {'batch_size': 256,
          'batch_size_test': 256,
          'meta': {'edge': [['PQ', 'default', 'PQ'],
                            ['PQ', 'default', 'PV'],
                            ['PQ', 'default', 'Slack'],
                            ['PV', 'default', 'PQ'],
                            ['PV', 'default', 'PV'],
                            ['PV', 'default', 'Slack'],
                            ['Slack', 'default', 'PQ'],
                            ['Slack', 'default', 'PV']],
                   'node': ['PQ', 'PV', 'Slack']},
          'num_workers': 4,
          'train': {'data_root': '/',
                    'dataset_type': 'PowerFlowDataset',
                    'mask_num': 0,
                    'pq_len': 29,
                    'pv_len': 9,
                    'slack_len': 1,
                    'split_txt': '/home/bingxing2/ailab/zhaozhen/energy/senseflow/data_json/processed/10w_case39_n_n_1.json'},
          'val': {'data_root': '/',
                  'dataset_type': 'PowerFlowDataset',
                  'mask_num': 0,
                  'pq_len': 29,
                  'pv_len': 9,
                  'slack_len': 1,
                  'split_txt': '/home/bingxing2/ailab/zhaozhen/energy/senseflow/data_json/processed/2w_case39_n_2.json'}},
 'distributed': False,
 'flag_return_losses': True,
 'local_rank': 0,
 'log_path': './results/test_senseflow_39/2024_09_27_10_06_28',
 'loss': {'aggr': 'abs', 'filt_type': True, 'type': 'bi_deltapq_loss'},
 'mask_num': 0,
 'model': {'batch_size': 256,
           'ema_decay_param': 0.99,
           'ema_warmup_epoch': 10,
           'flag_use_edge_feat': False,
           'flag_use_ema': True,
           'flag_weighted_loss': True,
           'heads_ca': 8,
           'hidden_channels': 128,
           'layers_per_graph': 2,
           'loss_type': 'l1',
           'loss_weight_equ': 0.1,
           'loss_weight_va': 1.0,
           'loss_weight_vm': 10.0,
           'matrix': 'vm_va',
           'num_block': 4,
           'num_loops_test': -1,
           'num_loops_train': 1,
           'resume_ckpt_path': '',
           'scaling_factor_va': 0.01,
           'scaling_factor_vm': 0.01,
           'type': 'senseflow',
           'with_norm': True},
 'ngpus': 1,
 'pq_len': 29,
 'pv_len': 9,
 'scheduler': {'eta_min': '1e-5', 'type': 'Cosine'},
 'seed': 2024,
 'slack_len': 1,
 'train': {'epochs': 100,
           'learning_rate': 0.001,
           'logs_freq': 10,
           'momentum': 0.9,
           'optimizer_type': 'Adam',
           'weight_decay': 0.0}}
INFO|2024-09-27 10:06:36: ==================== Total number of parameters: 5.548M
INFO|2024-09-27 10:06:36: -------------------- Epoch: 1 --------------------
INFO|2024-09-27 10:06:53: Epoch[001/100], iter[040/392], loss_total:0.76693, loss_equ:1.59306 loss_pq_vm:0.01547 loss_pq_va:0.21593 loss_pv_va:0.23696
INFO|2024-09-27 10:07:08: Epoch[001/100], iter[079/392], loss_total:0.61433, loss_equ:1.24014 loss_pq_vm:0.01108 loss_pq_va:0.17868 loss_pv_va:0.20080
INFO|2024-09-27 10:07:23: Epoch[001/100], iter[118/392], loss_total:0.61566, loss_equ:1.24342 loss_pq_vm:0.01205 loss_pq_va:0.17550 loss_pv_va:0.19527
INFO|2024-09-27 10:07:38: Epoch[001/100], iter[157/392], loss_total:0.48530, loss_equ:1.09949 loss_pq_vm:0.00728 loss_pq_va:0.14209 loss_pv_va:0.16050
INFO|2024-09-27 10:07:52: Epoch[001/100], iter[196/392], loss_total:0.47549, loss_equ:1.21749 loss_pq_vm:0.00881 loss_pq_va:0.12413 loss_pv_va:0.14148
INFO|2024-09-27 10:08:08: Epoch[001/100], iter[235/392], loss_total:0.34649, loss_equ:0.97566 loss_pq_vm:0.00801 loss_pq_va:0.07606 loss_pv_va:0.09276
INFO|2024-09-27 10:08:23: Epoch[001/100], iter[274/392], loss_total:0.36541, loss_equ:1.13123 loss_pq_vm:0.00703 loss_pq_va:0.08492 loss_pv_va:0.09711
INFO|2024-09-27 10:08:38: Epoch[001/100], iter[313/392], loss_total:0.32194, loss_equ:1.06490 loss_pq_vm:0.00686 loss_pq_va:0.06715 loss_pv_va:0.07967
INFO|2024-09-27 10:08:53: Epoch[001/100], iter[352/392], loss_total:0.26190, loss_equ:0.81824 loss_pq_vm:0.00535 loss_pq_va:0.05830 loss_pv_va:0.06828
INFO|2024-09-27 10:09:09: Epoch[001/100], iter[392/392], loss_total:0.24072, loss_equ:0.73359 loss_pq_vm:0.00686 loss_pq_va:0.04375 loss_pv_va:0.05505
INFO|2024-09-27 10:10:07: Epoch 0/100, lr:  0.00099976, eta: 5.82h, train_loss:  0.48720, valid_loss:  0.29994
INFO|2024-09-27 10:10:07: 	Train: PQ_Vm_rmse: 0.01339284  PQ_Va_rmse: 0.17197562  PV_Va_rmse: 0.19162124  delta_p: 0.75599628  delta_q: 0.30934527  
INFO|2024-09-27 10:10:07: 	ZTest: PQ_Vm_rmse: 0.01057568  PQ_Va_rmse: 0.10478232  PV_Va_rmse: 0.12396040  delta_p: 0.59898070  delta_q: 0.19498867  
INFO|2024-09-27 10:10:07: 	ZTest-ema: PQ_Vm_rmse: 0.010576  PQ_Va_rmse: 0.104782  PV_Va_rmse: 0.123960  delta_p: 0.598981  delta_q: 0.194989  
INFO|2024-09-27 10:10:07: 	           ValOfEMA:0.123960/0.123960,  Epoch:1/1
INFO|2024-09-27 10:10:09: 	Time(ep):211s,  Val(curr/best):0.123960/0.123960,  Epoch(curr/best):1/1
INFO|2024-09-27 10:10:09: -------------------- Epoch: 2 --------------------
INFO|2024-09-27 10:10:23: Epoch[002/100], iter[040/392], loss_total:0.27849, loss_equ:0.94133 loss_pq_vm:0.00517 loss_pq_va:0.05743 loss_pv_va:0.07525
INFO|2024-09-27 10:10:35: Epoch[002/100], iter[079/392], loss_total:0.23633, loss_equ:0.82854 loss_pq_vm:0.00557 loss_pq_va:0.04437 loss_pv_va:0.05346
INFO|2024-09-27 10:10:48: Epoch[002/100], iter[118/392], loss_total:0.23546, loss_equ:0.72190 loss_pq_vm:0.00512 loss_pq_va:0.05133 loss_pv_va:0.06069
INFO|2024-09-27 10:11:00: Epoch[002/100], iter[157/392], loss_total:0.21277, loss_equ:0.67330 loss_pq_vm:0.00545 loss_pq_va:0.04070 loss_pv_va:0.05028
INFO|2024-09-27 10:11:13: Epoch[002/100], iter[196/392], loss_total:0.25190, loss_equ:0.69148 loss_pq_vm:0.00663 loss_pq_va:0.05356 loss_pv_va:0.06287
INFO|2024-09-27 10:11:25: Epoch[002/100], iter[235/392], loss_total:0.20467, loss_equ:0.69559 loss_pq_vm:0.00489 loss_pq_va:0.03930 loss_pv_va:0.04691
INFO|2024-09-27 10:11:38: Epoch[002/100], iter[274/392], loss_total:0.27057, loss_equ:0.87333 loss_pq_vm:0.00950 loss_pq_va:0.03976 loss_pv_va:0.04851
INFO|2024-09-27 10:11:50: Epoch[002/100], iter[313/392], loss_total:0.24691, loss_equ:1.24488 loss_pq_vm:0.00455 loss_pq_va:0.03560 loss_pv_va:0.04130
INFO|2024-09-27 10:12:03: Epoch[002/100], iter[352/392], loss_total:0.19335, loss_equ:0.66478 loss_pq_vm:0.00440 loss_pq_va:0.03654 loss_pv_va:0.04632
INFO|2024-09-27 10:12:15: Epoch[002/100], iter[392/392], loss_total:0.19530, loss_equ:0.60780 loss_pq_vm:0.00514 loss_pq_va:0.03814 loss_pv_va:0.04494
INFO|2024-09-27 10:13:08: Epoch 1/100, lr:  0.00099902, eta: 4.86h, train_loss:  0.23502, valid_loss:  0.23139
INFO|2024-09-27 10:13:08: 	Train: PQ_Vm_rmse: 0.00764031  PQ_Va_rmse: 0.06813196  PV_Va_rmse: 0.08045704  delta_p: 0.52930020  delta_q: 0.18177199  
INFO|2024-09-27 10:13:08: 	ZTest: PQ_Vm_rmse: 0.00897786  PQ_Va_rmse: 0.08293920  PV_Va_rmse: 0.09610909  delta_p: 0.44369361  delta_q: 0.15769175  
INFO|2024-09-27 10:13:08: 	ZTest-ema: PQ_Vm_rmse: 0.008978  PQ_Va_rmse: 0.082939  PV_Va_rmse: 0.096109  delta_p: 0.443694  delta_q: 0.157692  
INFO|2024-09-27 10:13:08: 	           ValOfEMA:0.096109/0.096109,  Epoch:2/2
INFO|2024-09-27 10:13:09: 	Time(ep):178s,  Val(curr/best):0.096109/0.096109,  Epoch(curr/best):2/2
INFO|2024-09-27 10:13:09: -------------------- Epoch: 3 --------------------
INFO|2024-09-27 10:13:23: Epoch[003/100], iter[040/392], loss_total:0.18888, loss_equ:0.64937 loss_pq_vm:0.00433 loss_pq_va:0.03699 loss_pv_va:0.04366
INFO|2024-09-27 10:13:35: Epoch[003/100], iter[079/392], loss_total:0.17111, loss_equ:0.58092 loss_pq_vm:0.00409 loss_pq_va:0.03298 loss_pv_va:0.03909
INFO|2024-09-27 10:13:48: Epoch[003/100], iter[118/392], loss_total:0.20648, loss_equ:0.80609 loss_pq_vm:0.00426 loss_pq_va:0.03742 loss_pv_va:0.04586
INFO|2024-09-27 10:14:00: Epoch[003/100], iter[157/392], loss_total:0.19137, loss_equ:0.85264 loss_pq_vm:0.00405 loss_pq_va:0.03026 loss_pv_va:0.03536
INFO|2024-09-27 10:14:12: Epoch[003/100], iter[196/392], loss_total:0.17620, loss_equ:0.67216 loss_pq_vm:0.00457 loss_pq_va:0.02922 loss_pv_va:0.03409
INFO|2024-09-27 10:14:25: Epoch[003/100], iter[235/392], loss_total:0.15886, loss_equ:0.57811 loss_pq_vm:0.00393 loss_pq_va:0.02820 loss_pv_va:0.03354
INFO|2024-09-27 10:14:37: Epoch[003/100], iter[274/392], loss_total:0.14950, loss_equ:0.54081 loss_pq_vm:0.00328 loss_pq_va:0.02879 loss_pv_va:0.03379
INFO|2024-09-27 10:14:49: Epoch[003/100], iter[313/392], loss_total:0.15681, loss_equ:0.54843 loss_pq_vm:0.00387 loss_pq_va:0.03015 loss_pv_va:0.03312
INFO|2024-09-27 10:15:02: Epoch[003/100], iter[352/392], loss_total:0.16970, loss_equ:0.53612 loss_pq_vm:0.00453 loss_pq_va:0.03252 loss_pv_va:0.03823
INFO|2024-09-27 10:15:15: Epoch[003/100], iter[392/392], loss_total:0.15034, loss_equ:0.55903 loss_pq_vm:0.00359 loss_pq_va:0.02736 loss_pv_va:0.03119
INFO|2024-09-27 10:16:07: Epoch 2/100, lr:  0.00099780, eta: 4.81h, train_loss:  0.18345, valid_loss:  0.20196
INFO|2024-09-27 10:16:07: 	Train: PQ_Vm_rmse: 0.00630813  PQ_Va_rmse: 0.04899577  PV_Va_rmse: 0.05739992  delta_p: 0.43175636  delta_q: 0.15304208  
INFO|2024-09-27 10:16:07: 	ZTest: PQ_Vm_rmse: 0.00703500  PQ_Va_rmse: 0.07074919  PV_Va_rmse: 0.08288829  delta_p: 0.42757110  delta_q: 0.14854868  
INFO|2024-09-27 10:16:07: 	ZTest-ema: PQ_Vm_rmse: 0.007035  PQ_Va_rmse: 0.070749  PV_Va_rmse: 0.082888  delta_p: 0.427571  delta_q: 0.148549  
INFO|2024-09-27 10:16:07: 	           ValOfEMA:0.082888/0.082888,  Epoch:3/3
INFO|2024-09-27 10:16:09: 	Time(ep):178s,  Val(curr/best):0.082888/0.082888,  Epoch(curr/best):3/3
INFO|2024-09-27 10:16:09: -------------------- Epoch: 4 --------------------
INFO|2024-09-27 10:16:23: Epoch[004/100], iter[040/392], loss_total:0.16032, loss_equ:0.54387 loss_pq_vm:0.00379 loss_pq_va:0.03139 loss_pv_va:0.03660
INFO|2024-09-27 10:16:35: Epoch[004/100], iter[079/392], loss_total:0.16803, loss_equ:0.53312 loss_pq_vm:0.00517 loss_pq_va:0.02881 loss_pv_va:0.03417
INFO|2024-09-27 10:16:48: Epoch[004/100], iter[118/392], loss_total:0.14233, loss_equ:0.57097 loss_pq_vm:0.00325 loss_pq_va:0.02415 loss_pv_va:0.02855
INFO|2024-09-27 10:17:00: Epoch[004/100], iter[157/392], loss_total:0.13520, loss_equ:0.50703 loss_pq_vm:0.00376 loss_pq_va:0.02114 loss_pv_va:0.02570
INFO|2024-09-27 10:17:12: Epoch[004/100], iter[196/392], loss_total:0.14894, loss_equ:0.51222 loss_pq_vm:0.00303 loss_pq_va:0.03077 loss_pv_va:0.03668
INFO|2024-09-27 10:17:25: Epoch[004/100], iter[235/392], loss_total:0.18891, loss_equ:0.58326 loss_pq_vm:0.00626 loss_pq_va:0.03063 loss_pv_va:0.03739
INFO|2024-09-27 10:17:37: Epoch[004/100], iter[274/392], loss_total:0.14971, loss_equ:0.52417 loss_pq_vm:0.00386 loss_pq_va:0.02711 loss_pv_va:0.03162
INFO|2024-09-27 10:17:49: Epoch[004/100], iter[313/392], loss_total:0.14016, loss_equ:0.50466 loss_pq_vm:0.00328 loss_pq_va:0.02657 loss_pv_va:0.03029
INFO|2024-09-27 10:18:02: Epoch[004/100], iter[352/392], loss_total:0.14314, loss_equ:0.50431 loss_pq_vm:0.00364 loss_pq_va:0.02583 loss_pv_va:0.03045
INFO|2024-09-27 10:18:15: Epoch[004/100], iter[392/392], loss_total:0.19907, loss_equ:0.65194 loss_pq_vm:0.00663 loss_pq_va:0.02956 loss_pv_va:0.03797
INFO|2024-09-27 10:19:07: Epoch 3/100, lr:  0.00099610, eta: 4.75h, train_loss:  0.15340, valid_loss:  0.26747
INFO|2024-09-27 10:19:07: 	Train: PQ_Vm_rmse: 0.00526668  PQ_Va_rmse: 0.04027837  PV_Va_rmse: 0.04690823  delta_p: 0.36384577  delta_q: 0.12958638  
INFO|2024-09-27 10:19:07: 	ZTest: PQ_Vm_rmse: 0.01231933  PQ_Va_rmse: 0.07905226  PV_Va_rmse: 0.08949965  delta_p: 0.48079917  delta_q: 0.19828578  
INFO|2024-09-27 10:19:07: 	ZTest-ema: PQ_Vm_rmse: 0.012319  PQ_Va_rmse: 0.079052  PV_Va_rmse: 0.089500  delta_p: 0.480799  delta_q: 0.198286  
INFO|2024-09-27 10:19:07: 	           ValOfEMA:0.089500/0.082888,  Epoch:4/3
INFO|2024-09-27 10:19:07: 	Time(ep):178s,  Val(curr/best):0.089500/0.082888,  Epoch(curr/best):4/3
INFO|2024-09-27 10:19:08: -------------------- Epoch: 5 --------------------
INFO|2024-09-27 10:19:21: Epoch[005/100], iter[040/392], loss_total:0.14048, loss_equ:0.54383 loss_pq_vm:0.00336 loss_pq_va:0.02531 loss_pv_va:0.02716
INFO|2024-09-27 10:19:34: Epoch[005/100], iter[079/392], loss_total:0.13900, loss_equ:0.48425 loss_pq_vm:0.00313 loss_pq_va:0.02762 loss_pv_va:0.03166
INFO|2024-09-27 10:19:46: Epoch[005/100], iter[118/392], loss_total:0.16857, loss_equ:0.75542 loss_pq_vm:0.00402 loss_pq_va:0.02480 loss_pv_va:0.02803
INFO|2024-09-27 10:19:59: Epoch[005/100], iter[157/392], loss_total:0.14731, loss_equ:0.60763 loss_pq_vm:0.00355 loss_pq_va:0.02219 loss_pv_va:0.02889
INFO|2024-09-27 10:20:11: Epoch[005/100], iter[196/392], loss_total:0.12618, loss_equ:0.48376 loss_pq_vm:0.00258 loss_pq_va:0.02381 loss_pv_va:0.02824
INFO|2024-09-27 10:20:23: Epoch[005/100], iter[235/392], loss_total:0.12571, loss_equ:0.46446 loss_pq_vm:0.00271 loss_pq_va:0.02374 loss_pv_va:0.02841
INFO|2024-09-27 10:20:36: Epoch[005/100], iter[274/392], loss_total:0.25291, loss_equ:0.79904 loss_pq_vm:0.00484 loss_pq_va:0.06292 loss_pv_va:0.06165
INFO|2024-09-27 10:20:48: Epoch[005/100], iter[313/392], loss_total:0.14623, loss_equ:0.57222 loss_pq_vm:0.00331 loss_pq_va:0.02499 loss_pv_va:0.03092
INFO|2024-09-27 10:21:01: Epoch[005/100], iter[352/392], loss_total:0.18267, loss_equ:0.83660 loss_pq_vm:0.00426 loss_pq_va:0.02565 loss_pv_va:0.03075
INFO|2024-09-27 10:21:13: Epoch[005/100], iter[392/392], loss_total:0.17080, loss_equ:0.58478 loss_pq_vm:0.00518 loss_pq_va:0.02988 loss_pv_va:0.03068
INFO|2024-09-27 10:22:06: Epoch 4/100, lr:  0.00099391, eta: 4.72h, train_loss:  0.15857, valid_loss:  0.20182
INFO|2024-09-27 10:22:06: 	Train: PQ_Vm_rmse: 0.00539243  PQ_Va_rmse: 0.03809054  PV_Va_rmse: 0.04375474  delta_p: 0.40427149  delta_q: 0.13995960  
INFO|2024-09-27 10:22:06: 	ZTest: PQ_Vm_rmse: 0.00768077  PQ_Va_rmse: 0.07164766  PV_Va_rmse: 0.07812690  delta_p: 0.44131791  delta_q: 0.14117490  
INFO|2024-09-27 10:22:06: 	ZTest-ema: PQ_Vm_rmse: 0.007681  PQ_Va_rmse: 0.071648  PV_Va_rmse: 0.078127  delta_p: 0.441318  delta_q: 0.141175  
INFO|2024-09-27 10:22:06: 	           ValOfEMA:0.078127/0.078127,  Epoch:5/5
INFO|2024-09-27 10:22:08: 	Time(ep):178s,  Val(curr/best):0.078127/0.078127,  Epoch(curr/best):5/5
INFO|2024-09-27 10:22:08: -------------------- Epoch: 6 --------------------
INFO|2024-09-27 10:22:22: Epoch[006/100], iter[040/392], loss_total:0.13971, loss_equ:0.50402 loss_pq_vm:0.00450 loss_pq_va:0.02069 loss_pv_va:0.02365
INFO|2024-09-27 10:22:34: Epoch[006/100], iter[079/392], loss_total:0.13680, loss_equ:0.51360 loss_pq_vm:0.00352 loss_pq_va:0.02376 loss_pv_va:0.02650
INFO|2024-09-27 10:22:47: Epoch[006/100], iter[118/392], loss_total:0.23332, loss_equ:1.08704 loss_pq_vm:0.00464 loss_pq_va:0.03501 loss_pv_va:0.04323
INFO|2024-09-27 10:23:00: Epoch[006/100], iter[157/392], loss_total:0.16229, loss_equ:0.58730 loss_pq_vm:0.00329 loss_pq_va:0.03147 loss_pv_va:0.03920
INFO|2024-09-27 10:23:12: Epoch[006/100], iter[196/392], loss_total:0.13092, loss_equ:0.52918 loss_pq_vm:0.00334 loss_pq_va:0.02026 loss_pv_va:0.02431
INFO|2024-09-27 10:23:26: Epoch[006/100], iter[235/392], loss_total:0.12632, loss_equ:0.45798 loss_pq_vm:0.00303 loss_pq_va:0.02355 loss_pv_va:0.02663
INFO|2024-09-27 10:23:38: Epoch[006/100], iter[274/392], loss_total:0.12338, loss_equ:0.45250 loss_pq_vm:0.00266 loss_pq_va:0.02418 loss_pv_va:0.02733
INFO|2024-09-27 10:23:51: Epoch[006/100], iter[313/392], loss_total:0.14961, loss_equ:0.47049 loss_pq_vm:0.00611 loss_pq_va:0.01887 loss_pv_va:0.02262
INFO|2024-09-27 10:24:04: Epoch[006/100], iter[352/392], loss_total:0.12482, loss_equ:0.53817 loss_pq_vm:0.00305 loss_pq_va:0.01895 loss_pv_va:0.02160
INFO|2024-09-27 10:24:17: Epoch[006/100], iter[392/392], loss_total:0.16626, loss_equ:0.51023 loss_pq_vm:0.00419 loss_pq_va:0.03375 loss_pv_va:0.03962
INFO|2024-09-27 10:25:12: Epoch 5/100, lr:  0.00099123, eta: 4.8h, train_loss:  0.14290, valid_loss:  0.21841
INFO|2024-09-27 10:25:12: 	Train: PQ_Vm_rmse: 0.00499381  PQ_Va_rmse: 0.03448778  PV_Va_rmse: 0.03974645  delta_p: 0.35408140  delta_q: 0.12297631  
INFO|2024-09-27 10:25:12: 	ZTest: PQ_Vm_rmse: 0.00806268  PQ_Va_rmse: 0.06707762  PV_Va_rmse: 0.07593188  delta_p: 0.38806095  delta_q: 0.14893741  
INFO|2024-09-27 10:25:12: 	ZTest-ema: PQ_Vm_rmse: 0.008063  PQ_Va_rmse: 0.067078  PV_Va_rmse: 0.075932  delta_p: 0.388061  delta_q: 0.148937  
INFO|2024-09-27 10:25:12: 	           ValOfEMA:0.075932/0.075932,  Epoch:6/6
INFO|2024-09-27 10:25:13: 	Time(ep):183s,  Val(curr/best):0.075932/0.075932,  Epoch(curr/best):6/6
INFO|2024-09-27 10:25:13: -------------------- Epoch: 7 --------------------
INFO|2024-09-27 10:25:27: Epoch[007/100], iter[040/392], loss_total:0.11775, loss_equ:0.44802 loss_pq_vm:0.00264 loss_pq_va:0.02149 loss_pv_va:0.02504
INFO|2024-09-27 10:25:40: Epoch[007/100], iter[079/392], loss_total:0.11960, loss_equ:0.44990 loss_pq_vm:0.00283 loss_pq_va:0.02145 loss_pv_va:0.02487
INFO|2024-09-27 10:25:53: Epoch[007/100], iter[118/392], loss_total:0.11239, loss_equ:0.44355 loss_pq_vm:0.00234 loss_pq_va:0.02007 loss_pv_va:0.02455
INFO|2024-09-27 10:26:06: Epoch[007/100], iter[157/392], loss_total:0.12118, loss_equ:0.43991 loss_pq_vm:0.00255 loss_pq_va:0.02381 loss_pv_va:0.02783
INFO|2024-09-27 10:26:18: Epoch[007/100], iter[196/392], loss_total:0.13001, loss_equ:0.45718 loss_pq_vm:0.00332 loss_pq_va:0.02369 loss_pv_va:0.02743
INFO|2024-09-27 10:26:32: Epoch[007/100], iter[235/392], loss_total:0.12480, loss_equ:0.47040 loss_pq_vm:0.00289 loss_pq_va:0.02335 loss_pv_va:0.02554
INFO|2024-09-27 10:26:44: Epoch[007/100], iter[274/392], loss_total:0.11837, loss_equ:0.45342 loss_pq_vm:0.00267 loss_pq_va:0.02170 loss_pv_va:0.02461
INFO|2024-09-27 10:26:57: Epoch[007/100], iter[313/392], loss_total:0.15553, loss_equ:0.57516 loss_pq_vm:0.00356 loss_pq_va:0.02871 loss_pv_va:0.03370
INFO|2024-09-27 10:27:10: Epoch[007/100], iter[352/392], loss_total:0.12337, loss_equ:0.59960 loss_pq_vm:0.00244 loss_pq_va:0.01769 loss_pv_va:0.02137
INFO|2024-09-27 10:27:23: Epoch[007/100], iter[392/392], loss_total:0.12686, loss_equ:0.50095 loss_pq_vm:0.00358 loss_pq_va:0.01895 loss_pv_va:0.02202
INFO|2024-09-27 10:28:17: Epoch 6/100, lr:  0.00098808, eta: 4.77h, train_loss:  0.12677, valid_loss:  0.17191
INFO|2024-09-27 10:28:17: 	Train: PQ_Vm_rmse: 0.00401493  PQ_Va_rmse: 0.03149310  PV_Va_rmse: 0.03603483  delta_p: 0.33036026  delta_q: 0.11239796  
INFO|2024-09-27 10:28:17: 	ZTest: PQ_Vm_rmse: 0.00598262  PQ_Va_rmse: 0.05664763  PV_Va_rmse: 0.06737628  delta_p: 0.46776023  delta_q: 0.13371635  
INFO|2024-09-27 10:28:17: 	ZTest-ema: PQ_Vm_rmse: 0.005983  PQ_Va_rmse: 0.056648  PV_Va_rmse: 0.067376  delta_p: 0.467760  delta_q: 0.133716  
INFO|2024-09-27 10:28:17: 	           ValOfEMA:0.067376/0.067376,  Epoch:7/7
INFO|2024-09-27 10:28:19: 	Time(ep):184s,  Val(curr/best):0.067376/0.067376,  Epoch(curr/best):7/7
INFO|2024-09-27 10:28:19: -------------------- Epoch: 8 --------------------
INFO|2024-09-27 10:28:33: Epoch[008/100], iter[040/392], loss_total:0.14195, loss_equ:0.63686 loss_pq_vm:0.00300 loss_pq_va:0.02329 loss_pv_va:0.02496
INFO|2024-09-27 10:28:46: Epoch[008/100], iter[079/392], loss_total:0.14107, loss_equ:0.50268 loss_pq_vm:0.00433 loss_pq_va:0.02212 loss_pv_va:0.02538
INFO|2024-09-27 10:28:59: Epoch[008/100], iter[118/392], loss_total:0.12083, loss_equ:0.45294 loss_pq_vm:0.00319 loss_pq_va:0.02082 loss_pv_va:0.02280
INFO|2024-09-27 10:29:12: Epoch[008/100], iter[157/392], loss_total:0.11336, loss_equ:0.47128 loss_pq_vm:0.00233 loss_pq_va:0.01988 loss_pv_va:0.02304
INFO|2024-09-27 10:29:24: Epoch[008/100], iter[196/392], loss_total:0.12061, loss_equ:0.47249 loss_pq_vm:0.00253 loss_pq_va:0.02319 loss_pv_va:0.02492
INFO|2024-09-27 10:29:37: Epoch[008/100], iter[235/392], loss_total:0.10475, loss_equ:0.43291 loss_pq_vm:0.00242 loss_pq_va:0.01704 loss_pv_va:0.02022
INFO|2024-09-27 10:29:50: Epoch[008/100], iter[274/392], loss_total:0.15652, loss_equ:0.60438 loss_pq_vm:0.00374 loss_pq_va:0.02871 loss_pv_va:0.02998
INFO|2024-09-27 10:30:03: Epoch[008/100], iter[313/392], loss_total:0.11641, loss_equ:0.48272 loss_pq_vm:0.00246 loss_pq_va:0.02064 loss_pv_va:0.02291
INFO|2024-09-27 10:30:15: Epoch[008/100], iter[352/392], loss_total:0.11078, loss_equ:0.43999 loss_pq_vm:0.00240 loss_pq_va:0.02002 loss_pv_va:0.02279
INFO|2024-09-27 10:30:28: Epoch[008/100], iter[392/392], loss_total:0.11416, loss_equ:0.45450 loss_pq_vm:0.00228 loss_pq_va:0.02176 loss_pv_va:0.02416
INFO|2024-09-27 10:31:21: Epoch 7/100, lr:  0.00098445, eta: 4.66h, train_loss:  0.12771, valid_loss:  0.14903
INFO|2024-09-27 10:31:21: 	Train: PQ_Vm_rmse: 0.00418722  PQ_Va_rmse: 0.03071917  PV_Va_rmse: 0.03486730  delta_p: 0.32987867  delta_q: 0.11386501  
INFO|2024-09-27 10:31:21: 	ZTest: PQ_Vm_rmse: 0.00545368  PQ_Va_rmse: 0.05751373  PV_Va_rmse: 0.06542737  delta_p: 0.33186891  delta_q: 0.11413920  
INFO|2024-09-27 10:31:21: 	ZTest-ema: PQ_Vm_rmse: 0.005454  PQ_Va_rmse: 0.057514  PV_Va_rmse: 0.065427  delta_p: 0.331869  delta_q: 0.114139  
INFO|2024-09-27 10:31:21: 	           ValOfEMA:0.065427/0.065427,  Epoch:8/8
INFO|2024-09-27 10:31:23: 	Time(ep):182s,  Val(curr/best):0.065427/0.065427,  Epoch(curr/best):8/8
INFO|2024-09-27 10:31:23: -------------------- Epoch: 9 --------------------
INFO|2024-09-27 10:31:37: Epoch[009/100], iter[040/392], loss_total:0.12059, loss_equ:0.46734 loss_pq_vm:0.00375 loss_pq_va:0.01697 loss_pv_va:0.01939
INFO|2024-09-27 10:31:50: Epoch[009/100], iter[079/392], loss_total:0.12122, loss_equ:0.51728 loss_pq_vm:0.00231 loss_pq_va:0.02157 loss_pv_va:0.02484
INFO|2024-09-27 10:32:03: Epoch[009/100], iter[118/392], loss_total:0.11001, loss_equ:0.43525 loss_pq_vm:0.00261 loss_pq_va:0.01859 loss_pv_va:0.02174
INFO|2024-09-27 10:32:16: Epoch[009/100], iter[157/392], loss_total:0.12055, loss_equ:0.44605 loss_pq_vm:0.00218 loss_pq_va:0.02456 loss_pv_va:0.02955
INFO|2024-09-27 10:32:28: Epoch[009/100], iter[196/392], loss_total:0.10517, loss_equ:0.43676 loss_pq_vm:0.00264 loss_pq_va:0.01629 loss_pv_va:0.01883
INFO|2024-09-27 10:32:41: Epoch[009/100], iter[235/392], loss_total:0.13159, loss_equ:0.46177 loss_pq_vm:0.00365 loss_pq_va:0.02265 loss_pv_va:0.02628
INFO|2024-09-27 10:32:54: Epoch[009/100], iter[274/392], loss_total:0.12814, loss_equ:0.50712 loss_pq_vm:0.00354 loss_pq_va:0.02037 loss_pv_va:0.02164
INFO|2024-09-27 10:33:07: Epoch[009/100], iter[313/392], loss_total:0.11866, loss_equ:0.46937 loss_pq_vm:0.00294 loss_pq_va:0.02029 loss_pv_va:0.02200
INFO|2024-09-27 10:33:19: Epoch[009/100], iter[352/392], loss_total:0.11401, loss_equ:0.41970 loss_pq_vm:0.00290 loss_pq_va:0.02087 loss_pv_va:0.02215
INFO|2024-09-27 10:33:32: Epoch[009/100], iter[392/392], loss_total:0.11932, loss_equ:0.46089 loss_pq_vm:0.00317 loss_pq_va:0.01962 loss_pv_va:0.02194
INFO|2024-09-27 10:34:26: Epoch 8/100, lr:  0.00098035, eta: 4.65h, train_loss:  0.11747, valid_loss:  0.14858
INFO|2024-09-27 10:34:26: 	Train: PQ_Vm_rmse: 0.00384044  PQ_Va_rmse: 0.02741370  PV_Va_rmse: 0.03103902  delta_p: 0.31253647  delta_q: 0.10592071  
INFO|2024-09-27 10:34:26: 	ZTest: PQ_Vm_rmse: 0.00524868  PQ_Va_rmse: 0.05345751  PV_Va_rmse: 0.06162984  delta_p: 0.34686349  delta_q: 0.12890653  
INFO|2024-09-27 10:34:26: 	ZTest-ema: PQ_Vm_rmse: 0.005249  PQ_Va_rmse: 0.053458  PV_Va_rmse: 0.061630  delta_p: 0.346863  delta_q: 0.128907  
INFO|2024-09-27 10:34:26: 	           ValOfEMA:0.061630/0.061630,  Epoch:9/9
INFO|2024-09-27 10:34:28: 	Time(ep):183s,  Val(curr/best):0.061630/0.061630,  Epoch(curr/best):9/9
INFO|2024-09-27 10:34:28: -------------------- Epoch: 10 --------------------
INFO|2024-09-27 10:34:42: Epoch[010/100], iter[040/392], loss_total:0.12883, loss_equ:0.52793 loss_pq_vm:0.00259 loss_pq_va:0.02312 loss_pv_va:0.02701
INFO|2024-09-27 10:34:55: Epoch[010/100], iter[079/392], loss_total:0.12211, loss_equ:0.49587 loss_pq_vm:0.00356 loss_pq_va:0.01753 loss_pv_va:0.01941
INFO|2024-09-27 10:35:08: Epoch[010/100], iter[118/392], loss_total:0.11733, loss_equ:0.49100 loss_pq_vm:0.00258 loss_pq_va:0.02092 loss_pv_va:0.02150
INFO|2024-09-27 10:35:21: Epoch[010/100], iter[157/392], loss_total:0.11863, loss_equ:0.47553 loss_pq_vm:0.00251 loss_pq_va:0.01939 loss_pv_va:0.02660
INFO|2024-09-27 10:35:34: Epoch[010/100], iter[196/392], loss_total:0.10886, loss_equ:0.42627 loss_pq_vm:0.00286 loss_pq_va:0.01735 loss_pv_va:0.02033
INFO|2024-09-27 10:35:47: Epoch[010/100], iter[235/392], loss_total:0.10581, loss_equ:0.42499 loss_pq_vm:0.00243 loss_pq_va:0.01857 loss_pv_va:0.02049
INFO|2024-09-27 10:36:00: Epoch[010/100], iter[274/392], loss_total:0.09984, loss_equ:0.41452 loss_pq_vm:0.00221 loss_pq_va:0.01691 loss_pv_va:0.01936
INFO|2024-09-27 10:36:13: Epoch[010/100], iter[313/392], loss_total:0.10182, loss_equ:0.43877 loss_pq_vm:0.00243 loss_pq_va:0.01543 loss_pv_va:0.01819
INFO|2024-09-27 10:36:26: Epoch[010/100], iter[352/392], loss_total:0.11348, loss_equ:0.49840 loss_pq_vm:0.00253 loss_pq_va:0.01772 loss_pv_va:0.02057
INFO|2024-09-27 10:36:39: Epoch[010/100], iter[392/392], loss_total:0.10331, loss_equ:0.43067 loss_pq_vm:0.00231 loss_pq_va:0.01773 loss_pv_va:0.01937
INFO|2024-09-27 10:37:34: Epoch 9/100, lr:  0.00097577, eta: 4.66h, train_loss:  0.11632, valid_loss:  0.14328
INFO|2024-09-27 10:37:34: 	Train: PQ_Vm_rmse: 0.00370040  PQ_Va_rmse: 0.02686765  PV_Va_rmse: 0.03012579  delta_p: 0.32175348  delta_q: 0.10781388  
INFO|2024-09-27 10:37:34: 	ZTest: PQ_Vm_rmse: 0.00531737  PQ_Va_rmse: 0.05375509  PV_Va_rmse: 0.06127184  delta_p: 0.32546081  delta_q: 0.11378788  
INFO|2024-09-27 10:37:34: 	ZTest-ema: PQ_Vm_rmse: 0.005317  PQ_Va_rmse: 0.053755  PV_Va_rmse: 0.061272  delta_p: 0.325461  delta_q: 0.113788  
INFO|2024-09-27 10:37:34: 	           ValOfEMA:0.061272/0.061272,  Epoch:10/10
INFO|2024-09-27 10:37:35: 	Time(ep):186s,  Val(curr/best):0.061272/0.061272,  Epoch(curr/best):10/10
INFO|2024-09-27 10:37:35: -------------------- Epoch: 11 --------------------
INFO|2024-09-27 10:37:50: Epoch[011/100], iter[040/392], loss_total:0.10689, loss_equ:0.42192 loss_pq_vm:0.00243 loss_pq_va:0.01898 loss_pv_va:0.02138
INFO|2024-09-27 10:38:03: Epoch[011/100], iter[079/392], loss_total:0.10576, loss_equ:0.40730 loss_pq_vm:0.00293 loss_pq_va:0.01740 loss_pv_va:0.01829
INFO|2024-09-27 10:38:15: Epoch[011/100], iter[118/392], loss_total:0.12998, loss_equ:0.49942 loss_pq_vm:0.00400 loss_pq_va:0.01805 loss_pv_va:0.02198
INFO|2024-09-27 10:38:28: Epoch[011/100], iter[157/392], loss_total:0.14302, loss_equ:0.60272 loss_pq_vm:0.00361 loss_pq_va:0.02157 loss_pv_va:0.02507
INFO|2024-09-27 10:38:41: Epoch[011/100], iter[196/392], loss_total:0.10947, loss_equ:0.43112 loss_pq_vm:0.00234 loss_pq_va:0.02007 loss_pv_va:0.02286
INFO|2024-09-27 10:38:54: Epoch[011/100], iter[235/392], loss_total:0.12184, loss_equ:0.52139 loss_pq_vm:0.00270 loss_pq_va:0.02132 loss_pv_va:0.02134
INFO|2024-09-27 10:39:07: Epoch[011/100], iter[274/392], loss_total:0.11571, loss_equ:0.49900 loss_pq_vm:0.00280 loss_pq_va:0.01706 loss_pv_va:0.02075
INFO|2024-09-27 10:39:20: Epoch[011/100], iter[313/392], loss_total:0.10357, loss_equ:0.41720 loss_pq_vm:0.00214 loss_pq_va:0.01850 loss_pv_va:0.02192
INFO|2024-09-27 10:39:33: Epoch[011/100], iter[352/392], loss_total:0.09712, loss_equ:0.41926 loss_pq_vm:0.00205 loss_pq_va:0.01673 loss_pv_va:0.01801
INFO|2024-09-27 10:39:46: Epoch[011/100], iter[392/392], loss_total:0.10161, loss_equ:0.41602 loss_pq_vm:0.00209 loss_pq_va:0.01838 loss_pv_va:0.02074
INFO|2024-09-27 10:40:40: Epoch 10/100, lr:  0.00097074, eta: 4.57h, train_loss:  0.11069, valid_loss:  0.13708
INFO|2024-09-27 10:40:40: 	Train: PQ_Vm_rmse: 0.00359640  PQ_Va_rmse: 0.02565379  PV_Va_rmse: 0.02872092  delta_p: 0.29819125  delta_q: 0.10030103  
INFO|2024-09-27 10:40:40: 	ZTest: PQ_Vm_rmse: 0.00518486  PQ_Va_rmse: 0.05252119  PV_Va_rmse: 0.06066145  delta_p: 0.31524675  delta_q: 0.10599340  
INFO|2024-09-27 10:40:40: 	ZTest-ema: PQ_Vm_rmse: 0.005185  PQ_Va_rmse: 0.052521  PV_Va_rmse: 0.060661  delta_p: 0.315247  delta_q: 0.105993  
INFO|2024-09-27 10:40:40: 	           ValOfEMA:0.060661/0.060661,  Epoch:11/11
INFO|2024-09-27 10:40:41: 	Time(ep):184s,  Val(curr/best):0.060661/0.060661,  Epoch(curr/best):11/11
INFO|2024-09-27 10:40:41: -------------------- Epoch: 12 --------------------
INFO|2024-09-27 10:40:56: Epoch[012/100], iter[040/392], loss_total:0.11098, loss_equ:0.44227 loss_pq_vm:0.00229 loss_pq_va:0.01984 loss_pv_va:0.02407
INFO|2024-09-27 10:41:09: Epoch[012/100], iter[079/392], loss_total:0.10310, loss_equ:0.41941 loss_pq_vm:0.00218 loss_pq_va:0.01884 loss_pv_va:0.02047
INFO|2024-09-27 10:41:22: Epoch[012/100], iter[118/392], loss_total:0.10477, loss_equ:0.42093 loss_pq_vm:0.00236 loss_pq_va:0.01839 loss_pv_va:0.02073
INFO|2024-09-27 10:41:35: Epoch[012/100], iter[157/392], loss_total:0.11551, loss_equ:0.45332 loss_pq_vm:0.00350 loss_pq_va:0.01632 loss_pv_va:0.01888
INFO|2024-09-27 10:41:47: Epoch[012/100], iter[196/392], loss_total:0.11947, loss_equ:0.47975 loss_pq_vm:0.00259 loss_pq_va:0.02117 loss_pv_va:0.02443
INFO|2024-09-27 10:42:00: Epoch[012/100], iter[235/392], loss_total:0.09504, loss_equ:0.41327 loss_pq_vm:0.00198 loss_pq_va:0.01544 loss_pv_va:0.01850
INFO|2024-09-27 10:42:14: Epoch[012/100], iter[274/392], loss_total:0.10639, loss_equ:0.44299 loss_pq_vm:0.00260 loss_pq_va:0.01667 loss_pv_va:0.01941
INFO|2024-09-27 10:42:27: Epoch[012/100], iter[313/392], loss_total:0.10156, loss_equ:0.43062 loss_pq_vm:0.00254 loss_pq_va:0.01550 loss_pv_va:0.01762
INFO|2024-09-27 10:42:40: Epoch[012/100], iter[352/392], loss_total:0.11642, loss_equ:0.54907 loss_pq_vm:0.00265 loss_pq_va:0.01640 loss_pv_va:0.01857
INFO|2024-09-27 10:42:53: Epoch[012/100], iter[392/392], loss_total:0.11527, loss_equ:0.44872 loss_pq_vm:0.00256 loss_pq_va:0.02178 loss_pv_va:0.02301
INFO|2024-09-27 10:43:48: Epoch 11/100, lr:  0.00096524, eta: 4.56h, train_loss:  0.11159, valid_loss:  0.16214
INFO|2024-09-27 10:43:48: 	Train: PQ_Vm_rmse: 0.00364780  PQ_Va_rmse: 0.02523815  PV_Va_rmse: 0.02826110  delta_p: 0.30222226  delta_q: 0.10242648  
INFO|2024-09-27 10:43:48: 	ZTest: PQ_Vm_rmse: 0.00750639  PQ_Va_rmse: 0.05467300  PV_Va_rmse: 0.06140389  delta_p: 0.35913636  delta_q: 0.10902416  
INFO|2024-09-27 10:43:48: 	ZTest-ema: PQ_Vm_rmse: 0.005293  PQ_Va_rmse: 0.052003  PV_Va_rmse: 0.059278  delta_p: 0.302024  delta_q: 0.099649  
INFO|2024-09-27 10:43:48: 	           ValOfEMA:0.059278/0.059278,  Epoch:12/12
INFO|2024-09-27 10:43:48: 	Time(ep):186s,  Val(curr/best):0.061404/0.060661,  Epoch(curr/best):12/11
INFO|2024-09-27 10:43:48: -------------------- Epoch: 13 --------------------
INFO|2024-09-27 10:44:03: Epoch[013/100], iter[040/392], loss_total:0.11095, loss_equ:0.48641 loss_pq_vm:0.00263 loss_pq_va:0.01762 loss_pv_va:0.01840
INFO|2024-09-27 10:44:16: Epoch[013/100], iter[079/392], loss_total:0.09942, loss_equ:0.40943 loss_pq_vm:0.00187 loss_pq_va:0.01883 loss_pv_va:0.02090
INFO|2024-09-27 10:44:30: Epoch[013/100], iter[118/392], loss_total:0.09859, loss_equ:0.40335 loss_pq_vm:0.00197 loss_pq_va:0.01800 loss_pv_va:0.02059
INFO|2024-09-27 10:44:43: Epoch[013/100], iter[157/392], loss_total:0.12613, loss_equ:0.46814 loss_pq_vm:0.00233 loss_pq_va:0.02814 loss_pv_va:0.02784
INFO|2024-09-27 10:44:56: Epoch[013/100], iter[196/392], loss_total:0.11033, loss_equ:0.46754 loss_pq_vm:0.00268 loss_pq_va:0.01793 loss_pv_va:0.01889
INFO|2024-09-27 10:45:09: Epoch[013/100], iter[235/392], loss_total:0.09805, loss_equ:0.44745 loss_pq_vm:0.00199 loss_pq_va:0.01661 loss_pv_va:0.01675
INFO|2024-09-27 10:45:22: Epoch[013/100], iter[274/392], loss_total:0.14139, loss_equ:0.53395 loss_pq_vm:0.00497 loss_pq_va:0.01762 loss_pv_va:0.02064
INFO|2024-09-27 10:45:35: Epoch[013/100], iter[313/392], loss_total:0.12845, loss_equ:0.55585 loss_pq_vm:0.00305 loss_pq_va:0.02280 loss_pv_va:0.01955
INFO|2024-09-27 10:45:48: Epoch[013/100], iter[352/392], loss_total:0.10577, loss_equ:0.45466 loss_pq_vm:0.00201 loss_pq_va:0.02050 loss_pv_va:0.01968
INFO|2024-09-27 10:46:01: Epoch[013/100], iter[392/392], loss_total:0.09725, loss_equ:0.40567 loss_pq_vm:0.00203 loss_pq_va:0.01730 loss_pv_va:0.01910
INFO|2024-09-27 10:46:57: Epoch 12/100, lr:  0.00095929, eta: 4.55h, train_loss:  0.11346, valid_loss:  0.13463
INFO|2024-09-27 10:46:57: 	Train: PQ_Vm_rmse: 0.00352175  PQ_Va_rmse: 0.02579344  PV_Va_rmse: 0.02871273  delta_p: 0.32555628  delta_q: 0.10272089  
INFO|2024-09-27 10:46:57: 	ZTest: PQ_Vm_rmse: 0.00496486  PQ_Va_rmse: 0.05371208  PV_Va_rmse: 0.06097298  delta_p: 0.31075593  delta_q: 0.10327334  
INFO|2024-09-27 10:46:57: 	ZTest-ema: PQ_Vm_rmse: 0.005248  PQ_Va_rmse: 0.052050  PV_Va_rmse: 0.059319  delta_p: 0.301277  delta_q: 0.098669  
INFO|2024-09-27 10:46:57: 	           ValOfEMA:0.059319/0.059278,  Epoch:13/12
INFO|2024-09-27 10:46:58: 	Time(ep):188s,  Val(curr/best):0.060973/0.060661,  Epoch(curr/best):13/11
INFO|2024-09-27 10:46:58: -------------------- Epoch: 14 --------------------
INFO|2024-09-27 10:47:13: Epoch[014/100], iter[040/392], loss_total:0.10298, loss_equ:0.42164 loss_pq_vm:0.00216 loss_pq_va:0.01879 loss_pv_va:0.02041
INFO|2024-09-27 10:47:26: Epoch[014/100], iter[079/392], loss_total:0.10683, loss_equ:0.43237 loss_pq_vm:0.00215 loss_pq_va:0.01987 loss_pv_va:0.02224
INFO|2024-09-27 10:47:39: Epoch[014/100], iter[118/392], loss_total:0.12664, loss_equ:0.48112 loss_pq_vm:0.00459 loss_pq_va:0.01617 loss_pv_va:0.01641
INFO|2024-09-27 10:47:52: Epoch[014/100], iter[157/392], loss_total:0.11562, loss_equ:0.44905 loss_pq_vm:0.00225 loss_pq_va:0.02111 loss_pv_va:0.02714
INFO|2024-09-27 10:48:05: Epoch[014/100], iter[196/392], loss_total:0.11465, loss_equ:0.46360 loss_pq_vm:0.00225 loss_pq_va:0.02236 loss_pv_va:0.02342
INFO|2024-09-27 10:48:18: Epoch[014/100], iter[235/392], loss_total:0.12883, loss_equ:0.57773 loss_pq_vm:0.00314 loss_pq_va:0.01809 loss_pv_va:0.02158
INFO|2024-09-27 10:48:32: Epoch[014/100], iter[274/392], loss_total:0.10330, loss_equ:0.43466 loss_pq_vm:0.00246 loss_pq_va:0.01660 loss_pv_va:0.01867
INFO|2024-09-27 10:48:45: Epoch[014/100], iter[313/392], loss_total:0.11172, loss_equ:0.40801 loss_pq_vm:0.00347 loss_pq_va:0.01693 loss_pv_va:0.01924
INFO|2024-09-27 10:48:58: Epoch[014/100], iter[352/392], loss_total:0.14134, loss_equ:0.43558 loss_pq_vm:0.00284 loss_pq_va:0.03269 loss_pv_va:0.03665
INFO|2024-09-27 10:49:11: Epoch[014/100], iter[392/392], loss_total:0.10902, loss_equ:0.44526 loss_pq_vm:0.00267 loss_pq_va:0.01786 loss_pv_va:0.01996
INFO|2024-09-27 10:50:07: Epoch 13/100, lr:  0.00095289, eta: 4.53h, train_loss:  0.10875, valid_loss:  0.18589
INFO|2024-09-27 10:50:07: 	Train: PQ_Vm_rmse: 0.00344311  PQ_Va_rmse: 0.02517773  PV_Va_rmse: 0.02807558  delta_p: 0.29459244  delta_q: 0.09801197  
INFO|2024-09-27 10:50:07: 	ZTest: PQ_Vm_rmse: 0.00840539  PQ_Va_rmse: 0.06482790  PV_Va_rmse: 0.07051532  delta_p: 0.33233085  delta_q: 0.10454936  
INFO|2024-09-27 10:50:07: 	ZTest-ema: PQ_Vm_rmse: 0.005149  PQ_Va_rmse: 0.051652  PV_Va_rmse: 0.058904  delta_p: 0.297984  delta_q: 0.097155  
INFO|2024-09-27 10:50:07: 	           ValOfEMA:0.058904/0.058904,  Epoch:14/14
INFO|2024-09-27 10:50:08: 	Time(ep):189s,  Val(curr/best):0.070515/0.060661,  Epoch(curr/best):14/11
INFO|2024-09-27 10:50:08: -------------------- Epoch: 15 --------------------
INFO|2024-09-27 10:50:23: Epoch[015/100], iter[040/392], loss_total:0.09933, loss_equ:0.42234 loss_pq_vm:0.00241 loss_pq_va:0.01523 loss_pv_va:0.01778
INFO|2024-09-27 10:50:36: Epoch[015/100], iter[079/392], loss_total:0.11258, loss_equ:0.48352 loss_pq_vm:0.00244 loss_pq_va:0.01937 loss_pv_va:0.02051
INFO|2024-09-27 10:50:49: Epoch[015/100], iter[118/392], loss_total:0.12482, loss_equ:0.42558 loss_pq_vm:0.00382 loss_pq_va:0.02164 loss_pv_va:0.02239
INFO|2024-09-27 10:51:02: Epoch[015/100], iter[157/392], loss_total:0.09583, loss_equ:0.40890 loss_pq_vm:0.00195 loss_pq_va:0.01636 loss_pv_va:0.01904
INFO|2024-09-27 10:51:16: Epoch[015/100], iter[196/392], loss_total:0.10065, loss_equ:0.43408 loss_pq_vm:0.00237 loss_pq_va:0.01583 loss_pv_va:0.01768
INFO|2024-09-27 10:51:29: Epoch[015/100], iter[235/392], loss_total:0.10512, loss_equ:0.40569 loss_pq_vm:0.00276 loss_pq_va:0.01752 loss_pv_va:0.01943
INFO|2024-09-27 10:51:42: Epoch[015/100], iter[274/392], loss_total:0.09150, loss_equ:0.39851 loss_pq_vm:0.00186 loss_pq_va:0.01542 loss_pv_va:0.01759
INFO|2024-09-27 10:51:55: Epoch[015/100], iter[313/392], loss_total:0.09269, loss_equ:0.39725 loss_pq_vm:0.00194 loss_pq_va:0.01594 loss_pv_va:0.01762
INFO|2024-09-27 10:52:08: Epoch[015/100], iter[352/392], loss_total:0.09613, loss_equ:0.40042 loss_pq_vm:0.00196 loss_pq_va:0.01690 loss_pv_va:0.01962
INFO|2024-09-27 10:52:21: Epoch[015/100], iter[392/392], loss_total:0.09851, loss_equ:0.40187 loss_pq_vm:0.00282 loss_pq_va:0.01425 loss_pv_va:0.01589
INFO|2024-09-27 10:53:16: Epoch 14/100, lr:  0.00094605, eta: 4.43h, train_loss:  0.10588, valid_loss:  0.13406
INFO|2024-09-27 10:53:16: 	Train: PQ_Vm_rmse: 0.00334856  PQ_Va_rmse: 0.02454292  PV_Va_rmse: 0.02721469  delta_p: 0.29071402  delta_q: 0.09628094  
INFO|2024-09-27 10:53:16: 	ZTest: PQ_Vm_rmse: 0.00494334  PQ_Va_rmse: 0.05167314  PV_Va_rmse: 0.05851119  delta_p: 0.31253384  delta_q: 0.10453963  
INFO|2024-09-27 10:53:16: 	ZTest-ema: PQ_Vm_rmse: 0.005094  PQ_Va_rmse: 0.051417  PV_Va_rmse: 0.058592  delta_p: 0.295290  delta_q: 0.095824  
INFO|2024-09-27 10:53:16: 	           ValOfEMA:0.058592/0.058592,  Epoch:15/15
INFO|2024-09-27 10:53:17: 	Time(ep):187s,  Val(curr/best):0.058511/0.058511,  Epoch(curr/best):15/15
INFO|2024-09-27 10:53:17: -------------------- Epoch: 16 --------------------
INFO|2024-09-27 10:53:32: Epoch[016/100], iter[040/392], loss_total:0.13638, loss_equ:0.43853 loss_pq_vm:0.00441 loss_pq_va:0.02323 loss_pv_va:0.02517
INFO|2024-09-27 10:53:45: Epoch[016/100], iter[079/392], loss_total:0.11009, loss_equ:0.45375 loss_pq_vm:0.00302 loss_pq_va:0.01633 loss_pv_va:0.01821
INFO|2024-09-27 10:53:58: Epoch[016/100], iter[118/392], loss_total:0.11983, loss_equ:0.44076 loss_pq_vm:0.00256 loss_pq_va:0.02444 loss_pv_va:0.02571
INFO|2024-09-27 10:54:11: Epoch[016/100], iter[157/392], loss_total:0.10870, loss_equ:0.46591 loss_pq_vm:0.00241 loss_pq_va:0.01763 loss_pv_va:0.02042
INFO|2024-09-27 10:54:24: Epoch[016/100], iter[196/392], loss_total:0.10749, loss_equ:0.47600 loss_pq_vm:0.00265 loss_pq_va:0.01558 loss_pv_va:0.01786
INFO|2024-09-27 10:54:37: Epoch[016/100], iter[235/392], loss_total:0.11571, loss_equ:0.43531 loss_pq_vm:0.00261 loss_pq_va:0.02151 loss_pv_va:0.02459
INFO|2024-09-27 10:54:50: Epoch[016/100], iter[274/392], loss_total:0.10843, loss_equ:0.41843 loss_pq_vm:0.00211 loss_pq_va:0.02108 loss_pv_va:0.02443
INFO|2024-09-27 10:55:03: Epoch[016/100], iter[313/392], loss_total:0.12434, loss_equ:0.42018 loss_pq_vm:0.00301 loss_pq_va:0.02236 loss_pv_va:0.02991
INFO|2024-09-27 10:55:16: Epoch[016/100], iter[352/392], loss_total:0.12432, loss_equ:0.39643 loss_pq_vm:0.00286 loss_pq_va:0.02695 loss_pv_va:0.02914
INFO|2024-09-27 10:55:30: Epoch[016/100], iter[392/392], loss_total:0.10344, loss_equ:0.42677 loss_pq_vm:0.00228 loss_pq_va:0.01839 loss_pv_va:0.01954
INFO|2024-09-27 10:56:24: Epoch 15/100, lr:  0.00093877, eta: 4.36h, train_loss:  0.11380, valid_loss:  0.13614
INFO|2024-09-27 10:56:24: 	Train: PQ_Vm_rmse: 0.00373035  PQ_Va_rmse: 0.02605612  PV_Va_rmse: 0.02874227  delta_p: 0.30242369  delta_q: 0.09997078  
INFO|2024-09-27 10:56:24: 	ZTest: PQ_Vm_rmse: 0.00538533  PQ_Va_rmse: 0.05255013  PV_Va_rmse: 0.06019442  delta_p: 0.31032822  delta_q: 0.10651144  
INFO|2024-09-27 10:56:24: 	ZTest-ema: PQ_Vm_rmse: 0.005186  PQ_Va_rmse: 0.051540  PV_Va_rmse: 0.058710  delta_p: 0.296281  delta_q: 0.096182  
INFO|2024-09-27 10:56:24: 	           ValOfEMA:0.058710/0.058592,  Epoch:16/15
INFO|2024-09-27 10:56:25: 	Time(ep):186s,  Val(curr/best):0.060194/0.058511,  Epoch(curr/best):16/15
INFO|2024-09-27 10:56:25: -------------------- Epoch: 17 --------------------
INFO|2024-09-27 10:56:40: Epoch[017/100], iter[040/392], loss_total:0.10451, loss_equ:0.48933 loss_pq_vm:0.00217 loss_pq_va:0.01554 loss_pv_va:0.01835
INFO|2024-09-27 10:56:53: Epoch[017/100], iter[079/392], loss_total:0.11294, loss_equ:0.45050 loss_pq_vm:0.00281 loss_pq_va:0.01896 loss_pv_va:0.02083
INFO|2024-09-27 10:57:06: Epoch[017/100], iter[118/392], loss_total:0.10202, loss_equ:0.40889 loss_pq_vm:0.00212 loss_pq_va:0.01819 loss_pv_va:0.02177
INFO|2024-09-27 10:57:19: Epoch[017/100], iter[157/392], loss_total:0.09697, loss_equ:0.40408 loss_pq_vm:0.00262 loss_pq_va:0.01430 loss_pv_va:0.01603
INFO|2024-09-27 10:57:32: Epoch[017/100], iter[196/392], loss_total:0.13027, loss_equ:0.48279 loss_pq_vm:0.00449 loss_pq_va:0.01593 loss_pv_va:0.02115
INFO|2024-09-27 10:57:45: Epoch[017/100], iter[235/392], loss_total:0.10163, loss_equ:0.42438 loss_pq_vm:0.00201 loss_pq_va:0.01673 loss_pv_va:0.02235
INFO|2024-09-27 10:57:58: Epoch[017/100], iter[274/392], loss_total:0.09938, loss_equ:0.44214 loss_pq_vm:0.00254 loss_pq_va:0.01366 loss_pv_va:0.01607
INFO|2024-09-27 10:58:11: Epoch[017/100], iter[313/392], loss_total:0.09265, loss_equ:0.39226 loss_pq_vm:0.00189 loss_pq_va:0.01611 loss_pv_va:0.01845
INFO|2024-09-27 10:58:24: Epoch[017/100], iter[352/392], loss_total:0.09603, loss_equ:0.39840 loss_pq_vm:0.00207 loss_pq_va:0.01697 loss_pv_va:0.01850
INFO|2024-09-27 10:58:37: Epoch[017/100], iter[392/392], loss_total:0.08854, loss_equ:0.39988 loss_pq_vm:0.00186 loss_pq_va:0.01382 loss_pv_va:0.01610
INFO|2024-09-27 10:59:33: Epoch 16/100, lr:  0.00093107, eta: 4.33h, train_loss:  0.10337, valid_loss:  0.12927
INFO|2024-09-27 10:59:33: 	Train: PQ_Vm_rmse: 0.00327077  PQ_Va_rmse: 0.02343826  PV_Va_rmse: 0.02609609  delta_p: 0.28994861  delta_q: 0.09453902  
INFO|2024-09-27 10:59:33: 	ZTest: PQ_Vm_rmse: 0.00521179  PQ_Va_rmse: 0.05217759  PV_Va_rmse: 0.05925886  delta_p: 0.30295927  delta_q: 0.09785439  
INFO|2024-09-27 10:59:33: 	ZTest-ema: PQ_Vm_rmse: 0.005079  PQ_Va_rmse: 0.050873  PV_Va_rmse: 0.058059  delta_p: 0.293064  delta_q: 0.094698  
INFO|2024-09-27 10:59:33: 	           ValOfEMA:0.058059/0.058059,  Epoch:17/17
INFO|2024-09-27 10:59:33: 	Time(ep):187s,  Val(curr/best):0.059259/0.058511,  Epoch(curr/best):17/15
INFO|2024-09-27 10:59:33: -------------------- Epoch: 18 --------------------
INFO|2024-09-27 10:59:48: Epoch[018/100], iter[040/392], loss_total:0.09163, loss_equ:0.38932 loss_pq_vm:0.00185 loss_pq_va:0.01612 loss_pv_va:0.01811
INFO|2024-09-27 11:00:02: Epoch[018/100], iter[079/392], loss_total:0.08771, loss_equ:0.38015 loss_pq_vm:0.00177 loss_pq_va:0.01485 loss_pv_va:0.01710
INFO|2024-09-27 11:00:15: Epoch[018/100], iter[118/392], loss_total:0.09110, loss_equ:0.38328 loss_pq_vm:0.00200 loss_pq_va:0.01513 loss_pv_va:0.01764
INFO|2024-09-27 11:00:29: Epoch[018/100], iter[157/392], loss_total:0.10918, loss_equ:0.41050 loss_pq_vm:0.00345 loss_pq_va:0.01612 loss_pv_va:0.01749
INFO|2024-09-27 11:00:41: Epoch[018/100], iter[196/392], loss_total:0.10485, loss_equ:0.39520 loss_pq_vm:0.00209 loss_pq_va:0.02073 loss_pv_va:0.02365
INFO|2024-09-27 11:00:55: Epoch[018/100], iter[235/392], loss_total:0.10048, loss_equ:0.37758 loss_pq_vm:0.00202 loss_pq_va:0.02015 loss_pv_va:0.02238
INFO|2024-09-27 11:01:08: Epoch[018/100], iter[274/392], loss_total:0.11891, loss_equ:0.47582 loss_pq_vm:0.00332 loss_pq_va:0.01814 loss_pv_va:0.01996
INFO|2024-09-27 11:01:21: Epoch[018/100], iter[313/392], loss_total:0.11777, loss_equ:0.45294 loss_pq_vm:0.00230 loss_pq_va:0.02263 loss_pv_va:0.02682
INFO|2024-09-27 11:01:34: Epoch[018/100], iter[352/392], loss_total:0.10095, loss_equ:0.39219 loss_pq_vm:0.00190 loss_pq_va:0.02010 loss_pv_va:0.02264
INFO|2024-09-27 11:01:47: Epoch[018/100], iter[392/392], loss_total:0.09439, loss_equ:0.41121 loss_pq_vm:0.00198 loss_pq_va:0.01498 loss_pv_va:0.01847
INFO|2024-09-27 11:02:42: Epoch 17/100, lr:  0.00092294, eta: 4.29h, train_loss:  0.10191, valid_loss:  0.13114
INFO|2024-09-27 11:02:42: 	Train: PQ_Vm_rmse: 0.00311136  PQ_Va_rmse: 0.02447050  PV_Va_rmse: 0.02711319  delta_p: 0.27621091  delta_q: 0.09055796  
INFO|2024-09-27 11:02:42: 	ZTest: PQ_Vm_rmse: 0.00535308  PQ_Va_rmse: 0.05260903  PV_Va_rmse: 0.06025986  delta_p: 0.30447362  delta_q: 0.09848498  
INFO|2024-09-27 11:02:42: 	ZTest-ema: PQ_Vm_rmse: 0.005150  PQ_Va_rmse: 0.051093  PV_Va_rmse: 0.058288  delta_p: 0.292137  delta_q: 0.093993  
INFO|2024-09-27 11:02:42: 	           ValOfEMA:0.058288/0.058059,  Epoch:18/17
INFO|2024-09-27 11:02:43: 	Time(ep):188s,  Val(curr/best):0.060260/0.058511,  Epoch(curr/best):18/15
INFO|2024-09-27 11:02:43: -------------------- Epoch: 19 --------------------
INFO|2024-09-27 11:02:57: Epoch[019/100], iter[040/392], loss_total:0.10677, loss_equ:0.41115 loss_pq_vm:0.00244 loss_pq_va:0.02005 loss_pv_va:0.02125
INFO|2024-09-27 11:03:11: Epoch[019/100], iter[079/392], loss_total:0.10166, loss_equ:0.39689 loss_pq_vm:0.00212 loss_pq_va:0.01861 loss_pv_va:0.02219
INFO|2024-09-27 11:03:24: Epoch[019/100], iter[118/392], loss_total:0.09823, loss_equ:0.38577 loss_pq_vm:0.00210 loss_pq_va:0.01839 loss_pv_va:0.02025
INFO|2024-09-27 11:03:38: Epoch[019/100], iter[157/392], loss_total:0.08920, loss_equ:0.38440 loss_pq_vm:0.00206 loss_pq_va:0.01386 loss_pv_va:0.01631
INFO|2024-09-27 11:03:50: Epoch[019/100], iter[196/392], loss_total:0.08855, loss_equ:0.39694 loss_pq_vm:0.00190 loss_pq_va:0.01390 loss_pv_va:0.01600
INFO|2024-09-27 11:04:04: Epoch[019/100], iter[235/392], loss_total:0.09032, loss_equ:0.42000 loss_pq_vm:0.00177 loss_pq_va:0.01436 loss_pv_va:0.01626
INFO|2024-09-27 11:04:17: Epoch[019/100], iter[274/392], loss_total:0.09001, loss_equ:0.39728 loss_pq_vm:0.00208 loss_pq_va:0.01338 loss_pv_va:0.01609
INFO|2024-09-27 11:04:30: Epoch[019/100], iter[313/392], loss_total:0.08421, loss_equ:0.37711 loss_pq_vm:0.00175 loss_pq_va:0.01356 loss_pv_va:0.01543
INFO|2024-09-27 11:04:43: Epoch[019/100], iter[352/392], loss_total:0.09853, loss_equ:0.42190 loss_pq_vm:0.00204 loss_pq_va:0.01677 loss_pv_va:0.01917
INFO|2024-09-27 11:04:57: Epoch[019/100], iter[392/392], loss_total:0.09938, loss_equ:0.39314 loss_pq_vm:0.00194 loss_pq_va:0.01798 loss_pv_va:0.02271
INFO|2024-09-27 11:05:52: Epoch 18/100, lr:  0.00091440, eta: 4.26h, train_loss:  0.09709, valid_loss:  0.14122
INFO|2024-09-27 11:05:52: 	Train: PQ_Vm_rmse: 0.00295770  PQ_Va_rmse: 0.02234177  PV_Va_rmse: 0.02490747  delta_p: 0.27578542  delta_q: 0.08775059  
INFO|2024-09-27 11:05:52: 	ZTest: PQ_Vm_rmse: 0.00486681  PQ_Va_rmse: 0.05476639  PV_Va_rmse: 0.06365668  delta_p: 0.30530376  delta_q: 0.09738857  
INFO|2024-09-27 11:05:52: 	ZTest-ema: PQ_Vm_rmse: 0.005039  PQ_Va_rmse: 0.050178  PV_Va_rmse: 0.057347  delta_p: 0.289276  delta_q: 0.092719  
INFO|2024-09-27 11:05:52: 	           ValOfEMA:0.057347/0.057347,  Epoch:19/19
INFO|2024-09-27 11:05:53: 	Time(ep):189s,  Val(curr/best):0.063657/0.058511,  Epoch(curr/best):19/15
INFO|2024-09-27 11:05:53: -------------------- Epoch: 20 --------------------
INFO|2024-09-27 11:06:07: Epoch[020/100], iter[040/392], loss_total:0.09359, loss_equ:0.40641 loss_pq_vm:0.00220 loss_pq_va:0.01470 loss_pv_va:0.01624
INFO|2024-09-27 11:06:21: Epoch[020/100], iter[079/392], loss_total:0.09642, loss_equ:0.41931 loss_pq_vm:0.00255 loss_pq_va:0.01382 loss_pv_va:0.01514
INFO|2024-09-27 11:06:34: Epoch[020/100], iter[118/392], loss_total:0.08863, loss_equ:0.39263 loss_pq_vm:0.00182 loss_pq_va:0.01431 loss_pv_va:0.01689
INFO|2024-09-27 11:06:47: Epoch[020/100], iter[157/392], loss_total:0.08100, loss_equ:0.37212 loss_pq_vm:0.00169 loss_pq_va:0.01224 loss_pv_va:0.01467
INFO|2024-09-27 11:07:00: Epoch[020/100], iter[196/392], loss_total:0.07908, loss_equ:0.37046 loss_pq_vm:0.00169 loss_pq_va:0.01176 loss_pv_va:0.01336
INFO|2024-09-27 11:07:13: Epoch[020/100], iter[235/392], loss_total:0.08816, loss_equ:0.38057 loss_pq_vm:0.00176 loss_pq_va:0.01545 loss_pv_va:0.01703
INFO|2024-09-27 11:07:27: Epoch[020/100], iter[274/392], loss_total:0.08220, loss_equ:0.37800 loss_pq_vm:0.00170 loss_pq_va:0.01245 loss_pv_va:0.01493
INFO|2024-09-27 11:07:40: Epoch[020/100], iter[313/392], loss_total:0.08935, loss_equ:0.38553 loss_pq_vm:0.00189 loss_pq_va:0.01463 loss_pv_va:0.01727
INFO|2024-09-27 11:07:52: Epoch[020/100], iter[352/392], loss_total:0.08170, loss_equ:0.37456 loss_pq_vm:0.00160 loss_pq_va:0.01300 loss_pv_va:0.01523
INFO|2024-09-27 11:08:06: Epoch[020/100], iter[392/392], loss_total:0.08408, loss_equ:0.37160 loss_pq_vm:0.00170 loss_pq_va:0.01411 loss_pv_va:0.01579
INFO|2024-09-27 11:09:01: Epoch 19/100, lr:  0.00090546, eta: 4.2h, train_loss:  0.09003, valid_loss:  0.11937
INFO|2024-09-27 11:09:01: 	Train: PQ_Vm_rmse: 0.00262501  PQ_Va_rmse: 0.02067587  PV_Va_rmse: 0.02320732  delta_p: 0.26672468  delta_q: 0.08510447  
INFO|2024-09-27 11:09:01: 	ZTest: PQ_Vm_rmse: 0.00488754  PQ_Va_rmse: 0.04897325  PV_Va_rmse: 0.05624574  delta_p: 0.29344011  delta_q: 0.09331669  
INFO|2024-09-27 11:09:01: 	ZTest-ema: PQ_Vm_rmse: 0.004918  PQ_Va_rmse: 0.049543  PV_Va_rmse: 0.056674  delta_p: 0.286880  delta_q: 0.091441  
INFO|2024-09-27 11:09:01: 	           ValOfEMA:0.056674/0.056674,  Epoch:20/20
INFO|2024-09-27 11:09:03: 	Time(ep):188s,  Val(curr/best):0.056246/0.056246,  Epoch(curr/best):20/20
INFO|2024-09-27 11:09:03: -------------------- Epoch: 21 --------------------
INFO|2024-09-27 11:09:18: Epoch[021/100], iter[040/392], loss_total:0.08717, loss_equ:0.37914 loss_pq_vm:0.00176 loss_pq_va:0.01521 loss_pv_va:0.01640
INFO|2024-09-27 11:09:31: Epoch[021/100], iter[079/392], loss_total:0.08689, loss_equ:0.37678 loss_pq_vm:0.00198 loss_pq_va:0.01424 loss_pv_va:0.01517
INFO|2024-09-27 11:09:44: Epoch[021/100], iter[118/392], loss_total:0.08075, loss_equ:0.37674 loss_pq_vm:0.00176 loss_pq_va:0.01138 loss_pv_va:0.01412
INFO|2024-09-27 11:09:57: Epoch[021/100], iter[157/392], loss_total:0.10223, loss_equ:0.39023 loss_pq_vm:0.00239 loss_pq_va:0.01737 loss_pv_va:0.02196
INFO|2024-09-27 11:10:10: Epoch[021/100], iter[196/392], loss_total:0.11173, loss_equ:0.42217 loss_pq_vm:0.00322 loss_pq_va:0.01818 loss_pv_va:0.01914
INFO|2024-09-27 11:10:23: Epoch[021/100], iter[235/392], loss_total:0.08900, loss_equ:0.40112 loss_pq_vm:0.00194 loss_pq_va:0.01326 loss_pv_va:0.01627
INFO|2024-09-27 11:10:36: Epoch[021/100], iter[274/392], loss_total:0.08723, loss_equ:0.37958 loss_pq_vm:0.00233 loss_pq_va:0.01187 loss_pv_va:0.01411
INFO|2024-09-27 11:10:49: Epoch[021/100], iter[313/392], loss_total:0.08705, loss_equ:0.38566 loss_pq_vm:0.00199 loss_pq_va:0.01325 loss_pv_va:0.01530
INFO|2024-09-27 11:11:02: Epoch[021/100], iter[352/392], loss_total:0.08387, loss_equ:0.38254 loss_pq_vm:0.00169 loss_pq_va:0.01359 loss_pv_va:0.01513
INFO|2024-09-27 11:11:16: Epoch[021/100], iter[392/392], loss_total:0.08647, loss_equ:0.38222 loss_pq_vm:0.00169 loss_pq_va:0.01463 loss_pv_va:0.01667
INFO|2024-09-27 11:12:11: Epoch 20/100, lr:  0.00089613, eta: 4.12h, train_loss:  0.08956, valid_loss:  0.12964
INFO|2024-09-27 11:12:11: 	Train: PQ_Vm_rmse: 0.00271640  PQ_Va_rmse: 0.01981673  PV_Va_rmse: 0.02244559  delta_p: 0.26440348  delta_q: 0.08465276  
INFO|2024-09-27 11:12:11: 	ZTest: PQ_Vm_rmse: 0.00556455  PQ_Va_rmse: 0.05221290  PV_Va_rmse: 0.05973444  delta_p: 0.29365675  delta_q: 0.09369295  
INFO|2024-09-27 11:12:11: 	ZTest-ema: PQ_Vm_rmse: 0.004885  PQ_Va_rmse: 0.049324  PV_Va_rmse: 0.056487  delta_p: 0.286027  delta_q: 0.091094  
INFO|2024-09-27 11:12:11: 	           ValOfEMA:0.056487/0.056487,  Epoch:21/21
INFO|2024-09-27 11:12:12: 	Time(ep):187s,  Val(curr/best):0.059734/0.056246,  Epoch(curr/best):21/20
INFO|2024-09-27 11:12:12: -------------------- Epoch: 22 --------------------
INFO|2024-09-27 11:12:26: Epoch[022/100], iter[040/392], loss_total:0.08295, loss_equ:0.37022 loss_pq_vm:0.00168 loss_pq_va:0.01358 loss_pv_va:0.01552
INFO|2024-09-27 11:12:39: Epoch[022/100], iter[079/392], loss_total:0.08374, loss_equ:0.37043 loss_pq_vm:0.00189 loss_pq_va:0.01267 loss_pv_va:0.01507
INFO|2024-09-27 11:12:52: Epoch[022/100], iter[118/392], loss_total:0.08873, loss_equ:0.37764 loss_pq_vm:0.00208 loss_pq_va:0.01441 loss_pv_va:0.01572
INFO|2024-09-27 11:13:06: Epoch[022/100], iter[157/392], loss_total:0.08204, loss_equ:0.37539 loss_pq_vm:0.00159 loss_pq_va:0.01359 loss_pv_va:0.01503
INFO|2024-09-27 11:13:18: Epoch[022/100], iter[196/392], loss_total:0.08057, loss_equ:0.36990 loss_pq_vm:0.00173 loss_pq_va:0.01195 loss_pv_va:0.01438
INFO|2024-09-27 11:13:32: Epoch[022/100], iter[235/392], loss_total:0.08042, loss_equ:0.37757 loss_pq_vm:0.00161 loss_pq_va:0.01209 loss_pv_va:0.01448
INFO|2024-09-27 11:13:45: Epoch[022/100], iter[274/392], loss_total:0.08298, loss_equ:0.37594 loss_pq_vm:0.00180 loss_pq_va:0.01257 loss_pv_va:0.01477
INFO|2024-09-27 11:13:58: Epoch[022/100], iter[313/392], loss_total:0.09623, loss_equ:0.39322 loss_pq_vm:0.00218 loss_pq_va:0.01654 loss_pv_va:0.01858
INFO|2024-09-27 11:14:11: Epoch[022/100], iter[352/392], loss_total:0.08782, loss_equ:0.38366 loss_pq_vm:0.00185 loss_pq_va:0.01411 loss_pv_va:0.01688
INFO|2024-09-27 11:14:24: Epoch[022/100], iter[392/392], loss_total:0.09190, loss_equ:0.37556 loss_pq_vm:0.00194 loss_pq_va:0.01621 loss_pv_va:0.01873
INFO|2024-09-27 11:15:18: Epoch 21/100, lr:  0.00088640, eta: 4.05h, train_loss:  0.08456, valid_loss:  0.12905
INFO|2024-09-27 11:15:18: 	Train: PQ_Vm_rmse: 0.00248516  PQ_Va_rmse: 0.01852000  PV_Va_rmse: 0.02100013  delta_p: 0.25916880  delta_q: 0.08212093  
INFO|2024-09-27 11:15:18: 	ZTest: PQ_Vm_rmse: 0.00518542  PQ_Va_rmse: 0.05180675  PV_Va_rmse: 0.05990725  delta_p: 0.29258872  delta_q: 0.09455968  
INFO|2024-09-27 11:15:18: 	ZTest-ema: PQ_Vm_rmse: 0.004845  PQ_Va_rmse: 0.049024  PV_Va_rmse: 0.056151  delta_p: 0.284400  delta_q: 0.090048  
INFO|2024-09-27 11:15:18: 	           ValOfEMA:0.056151/0.056151,  Epoch:22/22
INFO|2024-09-27 11:15:19: 	Time(ep):186s,  Val(curr/best):0.059907/0.056246,  Epoch(curr/best):22/20
INFO|2024-09-27 11:15:19: -------------------- Epoch: 23 --------------------
INFO|2024-09-27 11:15:34: Epoch[023/100], iter[040/392], loss_total:0.10810, loss_equ:0.39893 loss_pq_vm:0.00408 loss_pq_va:0.01141 loss_pv_va:0.01602
INFO|2024-09-27 11:15:47: Epoch[023/100], iter[079/392], loss_total:0.10864, loss_equ:0.47073 loss_pq_vm:0.00216 loss_pq_va:0.02010 loss_pv_va:0.01989
INFO|2024-09-27 11:16:00: Epoch[023/100], iter[118/392], loss_total:0.09160, loss_equ:0.40278 loss_pq_vm:0.00205 loss_pq_va:0.01436 loss_pv_va:0.01649
INFO|2024-09-27 11:16:13: Epoch[023/100], iter[157/392], loss_total:0.09773, loss_equ:0.39247 loss_pq_vm:0.00289 loss_pq_va:0.01356 loss_pv_va:0.01604
INFO|2024-09-27 11:16:26: Epoch[023/100], iter[196/392], loss_total:0.08126, loss_equ:0.39215 loss_pq_vm:0.00174 loss_pq_va:0.01156 loss_pv_va:0.01309
INFO|2024-09-27 11:16:39: Epoch[023/100], iter[235/392], loss_total:0.08690, loss_equ:0.37228 loss_pq_vm:0.00179 loss_pq_va:0.01517 loss_pv_va:0.01662
INFO|2024-09-27 11:16:52: Epoch[023/100], iter[274/392], loss_total:0.09445, loss_equ:0.40783 loss_pq_vm:0.00193 loss_pq_va:0.01617 loss_pv_va:0.01820
INFO|2024-09-27 11:17:05: Epoch[023/100], iter[313/392], loss_total:0.08741, loss_equ:0.39183 loss_pq_vm:0.00197 loss_pq_va:0.01331 loss_pv_va:0.01524
INFO|2024-09-27 11:17:19: Epoch[023/100], iter[352/392], loss_total:0.09980, loss_equ:0.46398 loss_pq_vm:0.00258 loss_pq_va:0.01376 loss_pv_va:0.01386
INFO|2024-09-27 11:17:32: Epoch[023/100], iter[392/392], loss_total:0.09136, loss_equ:0.39782 loss_pq_vm:0.00206 loss_pq_va:0.01426 loss_pv_va:0.01667
INFO|2024-09-27 11:18:27: Epoch 22/100, lr:  0.00087630, eta: 4.03h, train_loss:  0.09691, valid_loss:  0.12493
INFO|2024-09-27 11:18:27: 	Train: PQ_Vm_rmse: 0.00313549  PQ_Va_rmse: 0.01989498  PV_Va_rmse: 0.02252640  delta_p: 0.28509276  delta_q: 0.09369775  
INFO|2024-09-27 11:18:27: 	ZTest: PQ_Vm_rmse: 0.00533124  PQ_Va_rmse: 0.04896002  PV_Va_rmse: 0.05653754  delta_p: 0.30465216  delta_q: 0.09963355  
INFO|2024-09-27 11:18:27: 	ZTest-ema: PQ_Vm_rmse: 0.004932  PQ_Va_rmse: 0.049156  PV_Va_rmse: 0.056316  delta_p: 0.286812  delta_q: 0.091096  
INFO|2024-09-27 11:18:27: 	           ValOfEMA:0.056316/0.056151,  Epoch:23/22
INFO|2024-09-27 11:18:28: 	Time(ep):188s,  Val(curr/best):0.056538/0.056246,  Epoch(curr/best):23/20
INFO|2024-09-27 11:18:28: -------------------- Epoch: 24 --------------------
INFO|2024-09-27 11:18:43: Epoch[024/100], iter[040/392], loss_total:0.08045, loss_equ:0.37689 loss_pq_vm:0.00168 loss_pq_va:0.01159 loss_pv_va:0.01437
INFO|2024-09-27 11:18:56: Epoch[024/100], iter[079/392], loss_total:0.08097, loss_equ:0.37815 loss_pq_vm:0.00160 loss_pq_va:0.01252 loss_pv_va:0.01460
INFO|2024-09-27 11:19:10: Epoch[024/100], iter[118/392], loss_total:0.08408, loss_equ:0.36503 loss_pq_vm:0.00174 loss_pq_va:0.01423 loss_pv_va:0.01593
INFO|2024-09-27 11:19:23: Epoch[024/100], iter[157/392], loss_total:0.07798, loss_equ:0.37016 loss_pq_vm:0.00175 loss_pq_va:0.01037 loss_pv_va:0.01312
INFO|2024-09-27 11:19:35: Epoch[024/100], iter[196/392], loss_total:0.09281, loss_equ:0.38322 loss_pq_vm:0.00210 loss_pq_va:0.01501 loss_pv_va:0.01850
INFO|2024-09-27 11:19:48: Epoch[024/100], iter[235/392], loss_total:0.12970, loss_equ:0.43209 loss_pq_vm:0.00491 loss_pq_va:0.01707 loss_pv_va:0.02035
INFO|2024-09-27 11:20:02: Epoch[024/100], iter[274/392], loss_total:0.11313, loss_equ:0.46597 loss_pq_vm:0.00225 loss_pq_va:0.02126 loss_pv_va:0.02277
INFO|2024-09-27 11:20:15: Epoch[024/100], iter[313/392], loss_total:0.08689, loss_equ:0.39425 loss_pq_vm:0.00190 loss_pq_va:0.01336 loss_pv_va:0.01513
INFO|2024-09-27 11:20:28: Epoch[024/100], iter[352/392], loss_total:0.08615, loss_equ:0.37936 loss_pq_vm:0.00162 loss_pq_va:0.01429 loss_pv_va:0.01772
INFO|2024-09-27 11:20:42: Epoch[024/100], iter[392/392], loss_total:0.08246, loss_equ:0.37633 loss_pq_vm:0.00176 loss_pq_va:0.01247 loss_pv_va:0.01480
INFO|2024-09-27 11:21:38: Epoch 23/100, lr:  0.00086584, eta: 4.01h, train_loss:  0.09053, valid_loss:  0.12647
INFO|2024-09-27 11:21:38: 	Train: PQ_Vm_rmse: 0.00281038  PQ_Va_rmse: 0.01946257  PV_Va_rmse: 0.02184837  delta_p: 0.26842818  delta_q: 0.08784693  
INFO|2024-09-27 11:21:38: 	ZTest: PQ_Vm_rmse: 0.00527786  PQ_Va_rmse: 0.05152295  PV_Va_rmse: 0.05823780  delta_p: 0.29198221  delta_q: 0.09295658  
INFO|2024-09-27 11:21:38: 	ZTest-ema: PQ_Vm_rmse: 0.004951  PQ_Va_rmse: 0.049175  PV_Va_rmse: 0.056338  delta_p: 0.285901  delta_q: 0.090727  
INFO|2024-09-27 11:21:38: 	           ValOfEMA:0.056338/0.056151,  Epoch:24/22
INFO|2024-09-27 11:21:39: 	Time(ep):190s,  Val(curr/best):0.058238/0.056246,  Epoch(curr/best):24/20
INFO|2024-09-27 11:21:39: -------------------- Epoch: 25 --------------------
INFO|2024-09-27 11:21:54: Epoch[025/100], iter[040/392], loss_total:0.08846, loss_equ:0.38303 loss_pq_vm:0.00172 loss_pq_va:0.01517 loss_pv_va:0.01776
INFO|2024-09-27 11:22:07: Epoch[025/100], iter[079/392], loss_total:0.08116, loss_equ:0.36659 loss_pq_vm:0.00167 loss_pq_va:0.01294 loss_pv_va:0.01487
INFO|2024-09-27 11:22:20: Epoch[025/100], iter[118/392], loss_total:0.09642, loss_equ:0.37910 loss_pq_vm:0.00259 loss_pq_va:0.01506 loss_pv_va:0.01756
INFO|2024-09-27 11:22:34: Epoch[025/100], iter[157/392], loss_total:0.07902, loss_equ:0.37730 loss_pq_vm:0.00175 loss_pq_va:0.01038 loss_pv_va:0.01342
INFO|2024-09-27 11:22:47: Epoch[025/100], iter[196/392], loss_total:0.09234, loss_equ:0.38602 loss_pq_vm:0.00219 loss_pq_va:0.01442 loss_pv_va:0.01739
INFO|2024-09-27 11:23:00: Epoch[025/100], iter[235/392], loss_total:0.08649, loss_equ:0.42204 loss_pq_vm:0.00191 loss_pq_va:0.01204 loss_pv_va:0.01315
INFO|2024-09-27 11:23:13: Epoch[025/100], iter[274/392], loss_total:0.08773, loss_equ:0.39652 loss_pq_vm:0.00248 loss_pq_va:0.01010 loss_pv_va:0.01315
INFO|2024-09-27 11:23:26: Epoch[025/100], iter[313/392], loss_total:0.08693, loss_equ:0.39652 loss_pq_vm:0.00249 loss_pq_va:0.01021 loss_pv_va:0.01219
INFO|2024-09-27 11:23:39: Epoch[025/100], iter[352/392], loss_total:0.07604, loss_equ:0.39159 loss_pq_vm:0.00170 loss_pq_va:0.00880 loss_pv_va:0.01112
INFO|2024-09-27 11:23:53: Epoch[025/100], iter[392/392], loss_total:0.08286, loss_equ:0.41414 loss_pq_vm:0.00177 loss_pq_va:0.01111 loss_pv_va:0.01260
INFO|2024-09-27 11:24:48: Epoch 24/100, lr:  0.00085502, eta: 3.93h, train_loss:  0.09204, valid_loss:  0.12737
INFO|2024-09-27 11:24:48: 	Train: PQ_Vm_rmse: 0.00289066  PQ_Va_rmse: 0.01949541  PV_Va_rmse: 0.02220028  delta_p: 0.27231248  delta_q: 0.08663946  
INFO|2024-09-27 11:24:48: 	ZTest: PQ_Vm_rmse: 0.00476982  PQ_Va_rmse: 0.04950590  PV_Va_rmse: 0.05635097  delta_p: 0.31145344  delta_q: 0.10963811  
INFO|2024-09-27 11:24:48: 	ZTest-ema: PQ_Vm_rmse: 0.004959  PQ_Va_rmse: 0.049023  PV_Va_rmse: 0.056249  delta_p: 0.285587  delta_q: 0.090334  
INFO|2024-09-27 11:24:48: 	           ValOfEMA:0.056249/0.056151,  Epoch:25/22
INFO|2024-09-27 11:24:48: 	Time(ep):188s,  Val(curr/best):0.056351/0.056246,  Epoch(curr/best):25/20
INFO|2024-09-27 11:24:48: -------------------- Epoch: 26 --------------------
INFO|2024-09-27 11:25:03: Epoch[026/100], iter[040/392], loss_total:0.10045, loss_equ:0.41274 loss_pq_vm:0.00279 loss_pq_va:0.01526 loss_pv_va:0.01600
INFO|2024-09-27 11:25:16: Epoch[026/100], iter[079/392], loss_total:0.09512, loss_equ:0.43056 loss_pq_vm:0.00253 loss_pq_va:0.01220 loss_pv_va:0.01455
INFO|2024-09-27 11:25:30: Epoch[026/100], iter[118/392], loss_total:0.10007, loss_equ:0.46459 loss_pq_vm:0.00257 loss_pq_va:0.01171 loss_pv_va:0.01618
INFO|2024-09-27 11:25:43: Epoch[026/100], iter[157/392], loss_total:0.10999, loss_equ:0.47317 loss_pq_vm:0.00205 loss_pq_va:0.01799 loss_pv_va:0.02416
INFO|2024-09-27 11:25:56: Epoch[026/100], iter[196/392], loss_total:0.08969, loss_equ:0.37749 loss_pq_vm:0.00253 loss_pq_va:0.01215 loss_pv_va:0.01450
INFO|2024-09-27 11:26:09: Epoch[026/100], iter[235/392], loss_total:0.08440, loss_equ:0.38623 loss_pq_vm:0.00206 loss_pq_va:0.01158 loss_pv_va:0.01360
INFO|2024-09-27 11:26:23: Epoch[026/100], iter[274/392], loss_total:0.08262, loss_equ:0.37485 loss_pq_vm:0.00173 loss_pq_va:0.01263 loss_pv_va:0.01525
INFO|2024-09-27 11:26:36: Epoch[026/100], iter[313/392], loss_total:0.08558, loss_equ:0.38244 loss_pq_vm:0.00172 loss_pq_va:0.01391 loss_pv_va:0.01624
INFO|2024-09-27 11:26:49: Epoch[026/100], iter[352/392], loss_total:0.08069, loss_equ:0.36926 loss_pq_vm:0.00172 loss_pq_va:0.01214 loss_pv_va:0.01446
INFO|2024-09-27 11:27:02: Epoch[026/100], iter[392/392], loss_total:0.08476, loss_equ:0.37749 loss_pq_vm:0.00166 loss_pq_va:0.01376 loss_pv_va:0.01667
INFO|2024-09-27 11:27:58: Epoch 25/100, lr:  0.00084385, eta: 3.89h, train_loss:  0.09230, valid_loss:  0.11609
INFO|2024-09-27 11:27:58: 	Train: PQ_Vm_rmse: 0.00288641  PQ_Va_rmse: 0.01895587  PV_Va_rmse: 0.02163030  delta_p: 0.28183512  delta_q: 0.08929660  
INFO|2024-09-27 11:27:58: 	ZTest: PQ_Vm_rmse: 0.00458015  PQ_Va_rmse: 0.04942844  PV_Va_rmse: 0.05682739  delta_p: 0.29179639  delta_q: 0.09243652  
INFO|2024-09-27 11:27:58: 	ZTest-ema: PQ_Vm_rmse: 0.004904  PQ_Va_rmse: 0.048928  PV_Va_rmse: 0.056112  delta_p: 0.284639  delta_q: 0.090179  
INFO|2024-09-27 11:27:58: 	           ValOfEMA:0.056112/0.056112,  Epoch:26/26
INFO|2024-09-27 11:27:59: 	Time(ep):189s,  Val(curr/best):0.056827/0.056246,  Epoch(curr/best):26/20
INFO|2024-09-27 11:27:59: -------------------- Epoch: 27 --------------------
INFO|2024-09-27 11:28:14: Epoch[027/100], iter[040/392], loss_total:0.08994, loss_equ:0.38708 loss_pq_vm:0.00238 loss_pq_va:0.01220 loss_pv_va:0.01524
INFO|2024-09-27 11:28:27: Epoch[027/100], iter[079/392], loss_total:0.07975, loss_equ:0.37328 loss_pq_vm:0.00164 loss_pq_va:0.01169 loss_pv_va:0.01429
INFO|2024-09-27 11:28:40: Epoch[027/100], iter[118/392], loss_total:0.07759, loss_equ:0.36408 loss_pq_vm:0.00170 loss_pq_va:0.01054 loss_pv_va:0.01361
INFO|2024-09-27 11:28:53: Epoch[027/100], iter[157/392], loss_total:0.07764, loss_equ:0.36335 loss_pq_vm:0.00161 loss_pq_va:0.01186 loss_pv_va:0.01333
INFO|2024-09-27 11:29:06: Epoch[027/100], iter[196/392], loss_total:0.07691, loss_equ:0.36750 loss_pq_vm:0.00159 loss_pq_va:0.01109 loss_pv_va:0.01317
INFO|2024-09-27 11:29:19: Epoch[027/100], iter[235/392], loss_total:0.10787, loss_equ:0.48147 loss_pq_vm:0.00259 loss_pq_va:0.01482 loss_pv_va:0.01902
INFO|2024-09-27 11:29:32: Epoch[027/100], iter[274/392], loss_total:0.09479, loss_equ:0.42946 loss_pq_vm:0.00186 loss_pq_va:0.01489 loss_pv_va:0.01835
INFO|2024-09-27 11:29:45: Epoch[027/100], iter[313/392], loss_total:0.10958, loss_equ:0.43253 loss_pq_vm:0.00296 loss_pq_va:0.01696 loss_pv_va:0.01974
INFO|2024-09-27 11:29:58: Epoch[027/100], iter[352/392], loss_total:0.10004, loss_equ:0.39613 loss_pq_vm:0.00264 loss_pq_va:0.01561 loss_pv_va:0.01839
INFO|2024-09-27 11:30:11: Epoch[027/100], iter[392/392], loss_total:0.09655, loss_equ:0.39001 loss_pq_vm:0.00198 loss_pq_va:0.01741 loss_pv_va:0.02034
INFO|2024-09-27 11:31:06: Epoch 26/100, lr:  0.00083235, eta: 3.79h, train_loss:  0.09659, valid_loss:  0.13300
INFO|2024-09-27 11:31:06: 	Train: PQ_Vm_rmse: 0.00308261  PQ_Va_rmse: 0.01996098  PV_Va_rmse: 0.02280760  delta_p: 0.28416648  delta_q: 0.09163397  
INFO|2024-09-27 11:31:06: 	ZTest: PQ_Vm_rmse: 0.00474851  PQ_Va_rmse: 0.05143885  PV_Va_rmse: 0.05937319  delta_p: 0.30191564  delta_q: 0.09738212  
INFO|2024-09-27 11:31:06: 	ZTest-ema: PQ_Vm_rmse: 0.005046  PQ_Va_rmse: 0.049606  PV_Va_rmse: 0.056958  delta_p: 0.286849  delta_q: 0.091137  
INFO|2024-09-27 11:31:06: 	           ValOfEMA:0.056958/0.056112,  Epoch:27/26
INFO|2024-09-27 11:31:07: 	Time(ep):186s,  Val(curr/best):0.059373/0.056246,  Epoch(curr/best):27/20
INFO|2024-09-27 11:31:07: -------------------- Epoch: 28 --------------------
INFO|2024-09-27 11:31:21: Epoch[028/100], iter[040/392], loss_total:0.10160, loss_equ:0.36955 loss_pq_vm:0.00207 loss_pq_va:0.02104 loss_pv_va:0.02290
INFO|2024-09-27 11:31:34: Epoch[028/100], iter[079/392], loss_total:0.09509, loss_equ:0.39342 loss_pq_vm:0.00285 loss_pq_va:0.01284 loss_pv_va:0.01436
INFO|2024-09-27 11:31:48: Epoch[028/100], iter[118/392], loss_total:0.10314, loss_equ:0.40982 loss_pq_vm:0.00304 loss_pq_va:0.01523 loss_pv_va:0.01649
INFO|2024-09-27 11:32:00: Epoch[028/100], iter[157/392], loss_total:0.09398, loss_equ:0.42657 loss_pq_vm:0.00240 loss_pq_va:0.01280 loss_pv_va:0.01449
INFO|2024-09-27 11:32:13: Epoch[028/100], iter[196/392], loss_total:0.08889, loss_equ:0.39404 loss_pq_vm:0.00246 loss_pq_va:0.01106 loss_pv_va:0.01382
INFO|2024-09-27 11:32:27: Epoch[028/100], iter[235/392], loss_total:0.11329, loss_equ:0.42081 loss_pq_vm:0.00257 loss_pq_va:0.02154 loss_pv_va:0.02395
INFO|2024-09-27 11:32:40: Epoch[028/100], iter[274/392], loss_total:0.09990, loss_equ:0.39054 loss_pq_vm:0.00223 loss_pq_va:0.01826 loss_pv_va:0.02025
INFO|2024-09-27 11:32:53: Epoch[028/100], iter[313/392], loss_total:0.09410, loss_equ:0.37401 loss_pq_vm:0.00221 loss_pq_va:0.01647 loss_pv_va:0.01817
INFO|2024-09-27 11:33:06: Epoch[028/100], iter[352/392], loss_total:0.09202, loss_equ:0.37606 loss_pq_vm:0.00195 loss_pq_va:0.01603 loss_pv_va:0.01892
INFO|2024-09-27 11:33:19: Epoch[028/100], iter[392/392], loss_total:0.10041, loss_equ:0.37382 loss_pq_vm:0.00242 loss_pq_va:0.01871 loss_pv_va:0.02009
INFO|2024-09-27 11:34:13: Epoch 27/100, lr:  0.00082052, eta: 3.74h, train_loss:  0.09607, valid_loss:  0.13643
INFO|2024-09-27 11:34:13: 	Train: PQ_Vm_rmse: 0.00301451  PQ_Va_rmse: 0.02150682  PV_Va_rmse: 0.02408430  delta_p: 0.26606823  delta_q: 0.08592035  
INFO|2024-09-27 11:34:13: 	ZTest: PQ_Vm_rmse: 0.00643083  PQ_Va_rmse: 0.05162235  PV_Va_rmse: 0.05855738  delta_p: 0.29020179  delta_q: 0.09220055  
INFO|2024-09-27 11:34:13: 	ZTest-ema: PQ_Vm_rmse: 0.004973  PQ_Va_rmse: 0.049438  PV_Va_rmse: 0.056646  delta_p: 0.285105  delta_q: 0.090192  
INFO|2024-09-27 11:34:13: 	           ValOfEMA:0.056646/0.056112,  Epoch:28/26
INFO|2024-09-27 11:34:14: 	Time(ep):186s,  Val(curr/best):0.058557/0.056246,  Epoch(curr/best):28/20
INFO|2024-09-27 11:34:14: -------------------- Epoch: 29 --------------------
INFO|2024-09-27 11:34:29: Epoch[029/100], iter[040/392], loss_total:0.08603, loss_equ:0.36644 loss_pq_vm:0.00172 loss_pq_va:0.01475 loss_pv_va:0.01744
INFO|2024-09-27 11:34:42: Epoch[029/100], iter[079/392], loss_total:0.09461, loss_equ:0.37392 loss_pq_vm:0.00237 loss_pq_va:0.01534 loss_pv_va:0.01815
INFO|2024-09-27 11:34:55: Epoch[029/100], iter[118/392], loss_total:0.07793, loss_equ:0.37229 loss_pq_vm:0.00167 loss_pq_va:0.01141 loss_pv_va:0.01263
INFO|2024-09-27 11:35:08: Epoch[029/100], iter[157/392], loss_total:0.14462, loss_equ:0.53766 loss_pq_vm:0.00472 loss_pq_va:0.01900 loss_pv_va:0.02469
INFO|2024-09-27 11:35:21: Epoch[029/100], iter[196/392], loss_total:0.09357, loss_equ:0.44933 loss_pq_vm:0.00181 loss_pq_va:0.01427 loss_pv_va:0.01631
INFO|2024-09-27 11:35:35: Epoch[029/100], iter[235/392], loss_total:0.09188, loss_equ:0.41226 loss_pq_vm:0.00201 loss_pq_va:0.01492 loss_pv_va:0.01561
INFO|2024-09-27 11:35:48: Epoch[029/100], iter[274/392], loss_total:0.10229, loss_equ:0.39533 loss_pq_vm:0.00281 loss_pq_va:0.01683 loss_pv_va:0.01786
INFO|2024-09-27 11:36:01: Epoch[029/100], iter[313/392], loss_total:0.08030, loss_equ:0.38909 loss_pq_vm:0.00203 loss_pq_va:0.00923 loss_pv_va:0.01190
INFO|2024-09-27 11:36:14: Epoch[029/100], iter[352/392], loss_total:0.08398, loss_equ:0.38737 loss_pq_vm:0.00170 loss_pq_va:0.01361 loss_pv_va:0.01459
INFO|2024-09-27 11:36:28: Epoch[029/100], iter[392/392], loss_total:0.08037, loss_equ:0.36615 loss_pq_vm:0.00168 loss_pq_va:0.01251 loss_pv_va:0.01443
INFO|2024-09-27 11:37:24: Epoch 28/100, lr:  0.00080839, eta: 3.73h, train_loss:  0.09181, valid_loss:  0.11743
INFO|2024-09-27 11:37:24: 	Train: PQ_Vm_rmse: 0.00291375  PQ_Va_rmse: 0.01909448  PV_Va_rmse: 0.02178795  delta_p: 0.27168759  delta_q: 0.08801784  
INFO|2024-09-27 11:37:24: 	ZTest: PQ_Vm_rmse: 0.00493020  PQ_Va_rmse: 0.04949884  PV_Va_rmse: 0.05704257  delta_p: 0.29246378  delta_q: 0.09296734  
INFO|2024-09-27 11:37:24: 	ZTest-ema: PQ_Vm_rmse: 0.004931  PQ_Va_rmse: 0.048763  PV_Va_rmse: 0.055915  delta_p: 0.284997  delta_q: 0.090044  
INFO|2024-09-27 11:37:24: 	           ValOfEMA:0.055915/0.055915,  Epoch:29/29
INFO|2024-09-27 11:37:24: 	Time(ep):189s,  Val(curr/best):0.057043/0.056246,  Epoch(curr/best):29/20
INFO|2024-09-27 11:37:24: -------------------- Epoch: 30 --------------------
INFO|2024-09-27 11:37:39: Epoch[030/100], iter[040/392], loss_total:0.13080, loss_equ:0.54995 loss_pq_vm:0.00360 loss_pq_va:0.02015 loss_pv_va:0.01962
INFO|2024-09-27 11:37:53: Epoch[030/100], iter[079/392], loss_total:0.11333, loss_equ:0.46673 loss_pq_vm:0.00221 loss_pq_va:0.02224 loss_pv_va:0.02234
INFO|2024-09-27 11:38:06: Epoch[030/100], iter[118/392], loss_total:0.13078, loss_equ:0.47026 loss_pq_vm:0.00305 loss_pq_va:0.02494 loss_pv_va:0.02832
INFO|2024-09-27 11:38:19: Epoch[030/100], iter[157/392], loss_total:0.08906, loss_equ:0.38637 loss_pq_vm:0.00195 loss_pq_va:0.01467 loss_pv_va:0.01622
INFO|2024-09-27 11:38:32: Epoch[030/100], iter[196/392], loss_total:0.08449, loss_equ:0.37837 loss_pq_vm:0.00187 loss_pq_va:0.01296 loss_pv_va:0.01494
INFO|2024-09-27 11:38:46: Epoch[030/100], iter[235/392], loss_total:0.08005, loss_equ:0.36425 loss_pq_vm:0.00176 loss_pq_va:0.01196 loss_pv_va:0.01402
INFO|2024-09-27 11:38:59: Epoch[030/100], iter[274/392], loss_total:0.08417, loss_equ:0.36826 loss_pq_vm:0.00207 loss_pq_va:0.01205 loss_pv_va:0.01460
INFO|2024-09-27 11:39:12: Epoch[030/100], iter[313/392], loss_total:0.09646, loss_equ:0.38242 loss_pq_vm:0.00234 loss_pq_va:0.01642 loss_pv_va:0.01836
INFO|2024-09-27 11:39:25: Epoch[030/100], iter[352/392], loss_total:0.10268, loss_equ:0.38020 loss_pq_vm:0.00326 loss_pq_va:0.01398 loss_pv_va:0.01809
INFO|2024-09-27 11:39:39: Epoch[030/100], iter[392/392], loss_total:0.08431, loss_equ:0.39365 loss_pq_vm:0.00171 loss_pq_va:0.01295 loss_pv_va:0.01494
INFO|2024-09-27 11:40:34: Epoch 29/100, lr:  0.00079595, eta: 3.68h, train_loss:  0.09769, valid_loss:  0.13030
INFO|2024-09-27 11:40:34: 	Train: PQ_Vm_rmse: 0.00312159  PQ_Va_rmse: 0.02100227  PV_Va_rmse: 0.02368063  delta_p: 0.27741497  delta_q: 0.08958524  
INFO|2024-09-27 11:40:34: 	ZTest: PQ_Vm_rmse: 0.00476957  PQ_Va_rmse: 0.05065075  PV_Va_rmse: 0.05756318  delta_p: 0.32181953  delta_q: 0.11531791  
INFO|2024-09-27 11:40:34: 	ZTest-ema: PQ_Vm_rmse: 0.004946  PQ_Va_rmse: 0.048935  PV_Va_rmse: 0.056122  delta_p: 0.285224  delta_q: 0.090128  
INFO|2024-09-27 11:40:34: 	           ValOfEMA:0.056122/0.055915,  Epoch:30/29
INFO|2024-09-27 11:40:34: 	Time(ep):189s,  Val(curr/best):0.057563/0.056246,  Epoch(curr/best):30/20
INFO|2024-09-27 11:40:34: -------------------- Epoch: 31 --------------------
INFO|2024-09-27 11:40:49: Epoch[031/100], iter[040/392], loss_total:0.08382, loss_equ:0.39912 loss_pq_vm:0.00203 loss_pq_va:0.01047 loss_pv_va:0.01318
INFO|2024-09-27 11:41:02: Epoch[031/100], iter[079/392], loss_total:0.09452, loss_equ:0.39353 loss_pq_vm:0.00220 loss_pq_va:0.01557 loss_pv_va:0.01759
INFO|2024-09-27 11:41:15: Epoch[031/100], iter[118/392], loss_total:0.09998, loss_equ:0.37172 loss_pq_vm:0.00196 loss_pq_va:0.02064 loss_pv_va:0.02255
INFO|2024-09-27 11:41:28: Epoch[031/100], iter[157/392], loss_total:0.10238, loss_equ:0.36911 loss_pq_vm:0.00173 loss_pq_va:0.02223 loss_pv_va:0.02590
INFO|2024-09-27 11:41:41: Epoch[031/100], iter[196/392], loss_total:0.09241, loss_equ:0.38276 loss_pq_vm:0.00263 loss_pq_va:0.01251 loss_pv_va:0.01534
INFO|2024-09-27 11:41:54: Epoch[031/100], iter[235/392], loss_total:0.08710, loss_equ:0.39544 loss_pq_vm:0.00234 loss_pq_va:0.01104 loss_pv_va:0.01313
INFO|2024-09-27 11:42:07: Epoch[031/100], iter[274/392], loss_total:0.08564, loss_equ:0.40479 loss_pq_vm:0.00173 loss_pq_va:0.01376 loss_pv_va:0.01406
INFO|2024-09-27 11:42:20: Epoch[031/100], iter[313/392], loss_total:0.07440, loss_equ:0.36841 loss_pq_vm:0.00167 loss_pq_va:0.00931 loss_pv_va:0.01158
INFO|2024-09-27 11:42:33: Epoch[031/100], iter[352/392], loss_total:0.07430, loss_equ:0.37017 loss_pq_vm:0.00154 loss_pq_va:0.00968 loss_pv_va:0.01219
INFO|2024-09-27 11:42:46: Epoch[031/100], iter[392/392], loss_total:0.08109, loss_equ:0.37693 loss_pq_vm:0.00178 loss_pq_va:0.01086 loss_pv_va:0.01478
INFO|2024-09-27 11:43:41: Epoch 30/100, lr:  0.00078323, eta: 3.59h, train_loss:  0.08821, valid_loss:  0.12152
INFO|2024-09-27 11:43:41: 	Train: PQ_Vm_rmse: 0.00269635  PQ_Va_rmse: 0.01869739  PV_Va_rmse: 0.02136369  delta_p: 0.26477217  delta_q: 0.08439701  
INFO|2024-09-27 11:43:41: 	ZTest: PQ_Vm_rmse: 0.00497892  PQ_Va_rmse: 0.04980166  PV_Va_rmse: 0.05765836  delta_p: 0.29697318  delta_q: 0.09301611  
INFO|2024-09-27 11:43:41: 	ZTest-ema: PQ_Vm_rmse: 0.004877  PQ_Va_rmse: 0.048660  PV_Va_rmse: 0.055849  delta_p: 0.283207  delta_q: 0.089211  
INFO|2024-09-27 11:43:41: 	           ValOfEMA:0.055849/0.055849,  Epoch:31/31
INFO|2024-09-27 11:43:42: 	Time(ep):187s,  Val(curr/best):0.057658/0.056246,  Epoch(curr/best):31/20
INFO|2024-09-27 11:43:42: -------------------- Epoch: 32 --------------------
INFO|2024-09-27 11:43:57: Epoch[032/100], iter[040/392], loss_total:0.07078, loss_equ:0.36052 loss_pq_vm:0.00156 loss_pq_va:0.00828 loss_pv_va:0.01084
INFO|2024-09-27 11:44:10: Epoch[032/100], iter[079/392], loss_total:0.07698, loss_equ:0.36112 loss_pq_vm:0.00153 loss_pq_va:0.01163 loss_pv_va:0.01394
INFO|2024-09-27 11:44:24: Epoch[032/100], iter[118/392], loss_total:0.07798, loss_equ:0.37091 loss_pq_vm:0.00160 loss_pq_va:0.01145 loss_pv_va:0.01341
INFO|2024-09-27 11:44:37: Epoch[032/100], iter[157/392], loss_total:0.10300, loss_equ:0.51047 loss_pq_vm:0.00224 loss_pq_va:0.01292 loss_pv_va:0.01668
INFO|2024-09-27 11:44:50: Epoch[032/100], iter[196/392], loss_total:0.09163, loss_equ:0.42089 loss_pq_vm:0.00204 loss_pq_va:0.01311 loss_pv_va:0.01606
INFO|2024-09-27 11:45:03: Epoch[032/100], iter[235/392], loss_total:0.08366, loss_equ:0.39696 loss_pq_vm:0.00187 loss_pq_va:0.01167 loss_pv_va:0.01359
INFO|2024-09-27 11:45:16: Epoch[032/100], iter[274/392], loss_total:0.08011, loss_equ:0.36684 loss_pq_vm:0.00186 loss_pq_va:0.01138 loss_pv_va:0.01342
INFO|2024-09-27 11:45:29: Epoch[032/100], iter[313/392], loss_total:0.07784, loss_equ:0.36667 loss_pq_vm:0.00167 loss_pq_va:0.01079 loss_pv_va:0.01364
INFO|2024-09-27 11:45:42: Epoch[032/100], iter[352/392], loss_total:0.08115, loss_equ:0.41019 loss_pq_vm:0.00185 loss_pq_va:0.01038 loss_pv_va:0.01122
INFO|2024-09-27 11:45:55: Epoch[032/100], iter[392/392], loss_total:0.09871, loss_equ:0.42063 loss_pq_vm:0.00236 loss_pq_va:0.01495 loss_pv_va:0.01814
INFO|2024-09-27 11:46:50: Epoch 31/100, lr:  0.00077023, eta: 3.54h, train_loss:  0.08762, valid_loss:  0.13097
INFO|2024-09-27 11:46:50: 	Train: PQ_Vm_rmse: 0.00262722  PQ_Va_rmse: 0.01825240  PV_Va_rmse: 0.02065249  delta_p: 0.27146472  delta_q: 0.08880985  
INFO|2024-09-27 11:46:50: 	ZTest: PQ_Vm_rmse: 0.00525390  PQ_Va_rmse: 0.05010455  PV_Va_rmse: 0.05892385  delta_p: 0.33273710  delta_q: 0.11418522  
INFO|2024-09-27 11:46:50: 	ZTest-ema: PQ_Vm_rmse: 0.004933  PQ_Va_rmse: 0.049160  PV_Va_rmse: 0.056377  delta_p: 0.282970  delta_q: 0.088715  
INFO|2024-09-27 11:46:50: 	           ValOfEMA:0.056377/0.055849,  Epoch:32/31
INFO|2024-09-27 11:46:50: 	Time(ep):187s,  Val(curr/best):0.058924/0.056246,  Epoch(curr/best):32/20
INFO|2024-09-27 11:46:50: -------------------- Epoch: 33 --------------------
INFO|2024-09-27 11:47:06: Epoch[033/100], iter[040/392], loss_total:0.07989, loss_equ:0.37289 loss_pq_vm:0.00182 loss_pq_va:0.01112 loss_pv_va:0.01328
INFO|2024-09-27 11:47:19: Epoch[033/100], iter[079/392], loss_total:0.09438, loss_equ:0.40229 loss_pq_vm:0.00293 loss_pq_va:0.01168 loss_pv_va:0.01317
INFO|2024-09-27 11:47:32: Epoch[033/100], iter[118/392], loss_total:0.09717, loss_equ:0.41539 loss_pq_vm:0.00231 loss_pq_va:0.01721 loss_pv_va:0.01532
INFO|2024-09-27 11:47:45: Epoch[033/100], iter[157/392], loss_total:0.08639, loss_equ:0.37257 loss_pq_vm:0.00176 loss_pq_va:0.01408 loss_pv_va:0.01744
INFO|2024-09-27 11:47:58: Epoch[033/100], iter[196/392], loss_total:0.07770, loss_equ:0.36475 loss_pq_vm:0.00169 loss_pq_va:0.01116 loss_pv_va:0.01311
INFO|2024-09-27 11:48:11: Epoch[033/100], iter[235/392], loss_total:0.07540, loss_equ:0.35953 loss_pq_vm:0.00155 loss_pq_va:0.01121 loss_pv_va:0.01278
INFO|2024-09-27 11:48:24: Epoch[033/100], iter[274/392], loss_total:0.07842, loss_equ:0.36849 loss_pq_vm:0.00177 loss_pq_va:0.01111 loss_pv_va:0.01276
INFO|2024-09-27 11:48:37: Epoch[033/100], iter[313/392], loss_total:0.08024, loss_equ:0.36045 loss_pq_vm:0.00168 loss_pq_va:0.01275 loss_pv_va:0.01468
INFO|2024-09-27 11:48:50: Epoch[033/100], iter[352/392], loss_total:0.07591, loss_equ:0.36107 loss_pq_vm:0.00174 loss_pq_va:0.01014 loss_pv_va:0.01231
INFO|2024-09-27 11:49:04: Epoch[033/100], iter[392/392], loss_total:0.08072, loss_equ:0.36379 loss_pq_vm:0.00168 loss_pq_va:0.01303 loss_pv_va:0.01453
INFO|2024-09-27 11:49:58: Epoch 32/100, lr:  0.00075698, eta: 3.49h, train_loss:  0.08504, valid_loss:  0.11155
INFO|2024-09-27 11:49:58: 	Train: PQ_Vm_rmse: 0.00266237  PQ_Va_rmse: 0.01669251  PV_Va_rmse: 0.01921101  delta_p: 0.26861892  delta_q: 0.08558711  
INFO|2024-09-27 11:49:58: 	ZTest: PQ_Vm_rmse: 0.00461082  PQ_Va_rmse: 0.04794556  PV_Va_rmse: 0.05515853  delta_p: 0.28894597  delta_q: 0.09145440  
INFO|2024-09-27 11:49:58: 	ZTest-ema: PQ_Vm_rmse: 0.004870  PQ_Va_rmse: 0.048512  PV_Va_rmse: 0.055685  delta_p: 0.282360  delta_q: 0.088548  
INFO|2024-09-27 11:49:58: 	           ValOfEMA:0.055685/0.055685,  Epoch:33/33
INFO|2024-09-27 11:49:59: 	Time(ep):187s,  Val(curr/best):0.055159/0.055159,  Epoch(curr/best):33/33
INFO|2024-09-27 11:49:59: -------------------- Epoch: 34 --------------------
INFO|2024-09-27 11:50:14: Epoch[034/100], iter[040/392], loss_total:0.07362, loss_equ:0.36031 loss_pq_vm:0.00185 loss_pq_va:0.00884 loss_pv_va:0.01023
INFO|2024-09-27 11:50:26: Epoch[034/100], iter[079/392], loss_total:0.13217, loss_equ:0.47637 loss_pq_vm:0.00424 loss_pq_va:0.01961 loss_pv_va:0.02256
INFO|2024-09-27 11:50:39: Epoch[034/100], iter[118/392], loss_total:0.10331, loss_equ:0.39532 loss_pq_vm:0.00212 loss_pq_va:0.01869 loss_pv_va:0.02385
INFO|2024-09-27 11:50:52: Epoch[034/100], iter[157/392], loss_total:0.07947, loss_equ:0.35826 loss_pq_vm:0.00186 loss_pq_va:0.01135 loss_pv_va:0.01369
INFO|2024-09-27 11:51:05: Epoch[034/100], iter[196/392], loss_total:0.09163, loss_equ:0.37519 loss_pq_vm:0.00181 loss_pq_va:0.01624 loss_pv_va:0.01975
INFO|2024-09-27 11:51:18: Epoch[034/100], iter[235/392], loss_total:0.09009, loss_equ:0.37577 loss_pq_vm:0.00188 loss_pq_va:0.01563 loss_pv_va:0.01811
INFO|2024-09-27 11:51:31: Epoch[034/100], iter[274/392], loss_total:0.08158, loss_equ:0.37529 loss_pq_vm:0.00186 loss_pq_va:0.01143 loss_pv_va:0.01407
INFO|2024-09-27 11:51:44: Epoch[034/100], iter[313/392], loss_total:0.07400, loss_equ:0.36886 loss_pq_vm:0.00157 loss_pq_va:0.00961 loss_pv_va:0.01177
INFO|2024-09-27 11:51:57: Epoch[034/100], iter[352/392], loss_total:0.07618, loss_equ:0.36617 loss_pq_vm:0.00153 loss_pq_va:0.01114 loss_pv_va:0.01313
INFO|2024-09-27 11:52:11: Epoch[034/100], iter[392/392], loss_total:0.07399, loss_equ:0.35900 loss_pq_vm:0.00150 loss_pq_va:0.01041 loss_pv_va:0.01273
INFO|2024-09-27 11:53:06: Epoch 33/100, lr:  0.00074347, eta: 3.42h, train_loss:  0.08800, valid_loss:  0.11907
INFO|2024-09-27 11:53:06: 	Train: PQ_Vm_rmse: 0.00265435  PQ_Va_rmse: 0.01893276  PV_Va_rmse: 0.02139305  delta_p: 0.26251041  delta_q: 0.08257341  
INFO|2024-09-27 11:53:06: 	ZTest: PQ_Vm_rmse: 0.00516075  PQ_Va_rmse: 0.05031810  PV_Va_rmse: 0.05729731  delta_p: 0.28467974  delta_q: 0.08924617  
INFO|2024-09-27 11:53:06: 	ZTest-ema: PQ_Vm_rmse: 0.004863  PQ_Va_rmse: 0.048506  PV_Va_rmse: 0.055654  delta_p: 0.281626  delta_q: 0.088222  
INFO|2024-09-27 11:53:06: 	           ValOfEMA:0.055654/0.055654,  Epoch:34/34
INFO|2024-09-27 11:53:06: 	Time(ep):186s,  Val(curr/best):0.057297/0.055159,  Epoch(curr/best):34/33
INFO|2024-09-27 11:53:06: -------------------- Epoch: 35 --------------------
INFO|2024-09-27 11:53:21: Epoch[035/100], iter[040/392], loss_total:0.06980, loss_equ:0.34901 loss_pq_vm:0.00150 loss_pq_va:0.00880 loss_pv_va:0.01108
INFO|2024-09-27 11:53:34: Epoch[035/100], iter[079/392], loss_total:0.08510, loss_equ:0.39496 loss_pq_vm:0.00168 loss_pq_va:0.01328 loss_pv_va:0.01555
INFO|2024-09-27 11:53:48: Epoch[035/100], iter[118/392], loss_total:0.09609, loss_equ:0.38142 loss_pq_vm:0.00214 loss_pq_va:0.01732 loss_pv_va:0.01922
INFO|2024-09-27 11:54:01: Epoch[035/100], iter[157/392], loss_total:0.07925, loss_equ:0.38597 loss_pq_vm:0.00180 loss_pq_va:0.01013 loss_pv_va:0.01249
INFO|2024-09-27 11:54:14: Epoch[035/100], iter[196/392], loss_total:0.08393, loss_equ:0.39768 loss_pq_vm:0.00219 loss_pq_va:0.00997 loss_pv_va:0.01230
INFO|2024-09-27 11:54:27: Epoch[035/100], iter[235/392], loss_total:0.07624, loss_equ:0.37769 loss_pq_vm:0.00171 loss_pq_va:0.00952 loss_pv_va:0.01185
INFO|2024-09-27 11:54:40: Epoch[035/100], iter[274/392], loss_total:0.12988, loss_equ:0.47212 loss_pq_vm:0.00386 loss_pq_va:0.02165 loss_pv_va:0.02245
INFO|2024-09-27 11:54:53: Epoch[035/100], iter[313/392], loss_total:0.09422, loss_equ:0.42006 loss_pq_vm:0.00198 loss_pq_va:0.01426 loss_pv_va:0.01813
INFO|2024-09-27 11:55:06: Epoch[035/100], iter[352/392], loss_total:0.09368, loss_equ:0.39707 loss_pq_vm:0.00165 loss_pq_va:0.01841 loss_pv_va:0.01909
INFO|2024-09-27 11:55:20: Epoch[035/100], iter[392/392], loss_total:0.09648, loss_equ:0.36850 loss_pq_vm:0.00193 loss_pq_va:0.01915 loss_pv_va:0.02120
INFO|2024-09-27 11:56:16: Epoch 34/100, lr:  0.00072973, eta: 3.42h, train_loss:  0.08910, valid_loss:  0.12983
INFO|2024-09-27 11:56:16: 	Train: PQ_Vm_rmse: 0.00280930  PQ_Va_rmse: 0.01832353  PV_Va_rmse: 0.02088709  delta_p: 0.27036974  delta_q: 0.08546563  
INFO|2024-09-27 11:56:16: 	ZTest: PQ_Vm_rmse: 0.00540063  PQ_Va_rmse: 0.05344562  PV_Va_rmse: 0.06103875  delta_p: 0.29530005  delta_q: 0.09260715  
INFO|2024-09-27 11:56:16: 	ZTest-ema: PQ_Vm_rmse: 0.004902  PQ_Va_rmse: 0.048681  PV_Va_rmse: 0.055833  delta_p: 0.282780  delta_q: 0.088568  
INFO|2024-09-27 11:56:16: 	           ValOfEMA:0.055833/0.055654,  Epoch:35/34
INFO|2024-09-27 11:56:16: 	Time(ep):189s,  Val(curr/best):0.061039/0.055159,  Epoch(curr/best):35/33
INFO|2024-09-27 11:56:16: -------------------- Epoch: 36 --------------------
INFO|2024-09-27 11:56:31: Epoch[036/100], iter[040/392], loss_total:0.07528, loss_equ:0.37128 loss_pq_vm:0.00154 loss_pq_va:0.01009 loss_pv_va:0.01269
INFO|2024-09-27 11:56:44: Epoch[036/100], iter[079/392], loss_total:0.07221, loss_equ:0.36232 loss_pq_vm:0.00150 loss_pq_va:0.00919 loss_pv_va:0.01177
INFO|2024-09-27 11:56:58: Epoch[036/100], iter[118/392], loss_total:0.07259, loss_equ:0.36155 loss_pq_vm:0.00157 loss_pq_va:0.00936 loss_pv_va:0.01133
INFO|2024-09-27 11:57:11: Epoch[036/100], iter[157/392], loss_total:0.07285, loss_equ:0.35850 loss_pq_vm:0.00149 loss_pq_va:0.01029 loss_pv_va:0.01177
INFO|2024-09-27 11:57:24: Epoch[036/100], iter[196/392], loss_total:0.07542, loss_equ:0.35661 loss_pq_vm:0.00160 loss_pq_va:0.01044 loss_pv_va:0.01333
INFO|2024-09-27 11:57:37: Epoch[036/100], iter[235/392], loss_total:0.08429, loss_equ:0.36179 loss_pq_vm:0.00163 loss_pq_va:0.01463 loss_pv_va:0.01714
INFO|2024-09-27 11:57:50: Epoch[036/100], iter[274/392], loss_total:0.07975, loss_equ:0.36721 loss_pq_vm:0.00166 loss_pq_va:0.01208 loss_pv_va:0.01436
INFO|2024-09-27 11:58:03: Epoch[036/100], iter[313/392], loss_total:0.08869, loss_equ:0.43139 loss_pq_vm:0.00222 loss_pq_va:0.01037 loss_pv_va:0.01301
INFO|2024-09-27 11:58:16: Epoch[036/100], iter[352/392], loss_total:0.08179, loss_equ:0.38516 loss_pq_vm:0.00223 loss_pq_va:0.00931 loss_pv_va:0.01169
INFO|2024-09-27 11:58:29: Epoch[036/100], iter[392/392], loss_total:0.09065, loss_equ:0.39733 loss_pq_vm:0.00184 loss_pq_va:0.01503 loss_pv_va:0.01749
INFO|2024-09-27 11:59:24: Epoch 35/100, lr:  0.00071576, eta: 3.33h, train_loss:  0.08092, valid_loss:  0.12246
INFO|2024-09-27 11:59:24: 	Train: PQ_Vm_rmse: 0.00243611  PQ_Va_rmse: 0.01635079  PV_Va_rmse: 0.01880612  delta_p: 0.25627921  delta_q: 0.08200500  
INFO|2024-09-27 11:59:24: 	ZTest: PQ_Vm_rmse: 0.00486403  PQ_Va_rmse: 0.05026193  PV_Va_rmse: 0.05751999  delta_p: 0.29281047  delta_q: 0.09793654  
INFO|2024-09-27 11:59:24: 	ZTest-ema: PQ_Vm_rmse: 0.004856  PQ_Va_rmse: 0.048530  PV_Va_rmse: 0.055759  delta_p: 0.280873  delta_q: 0.087708  
INFO|2024-09-27 11:59:24: 	           ValOfEMA:0.055759/0.055654,  Epoch:36/34
INFO|2024-09-27 11:59:25: 	Time(ep):187s,  Val(curr/best):0.057520/0.055159,  Epoch(curr/best):36/33
INFO|2024-09-27 11:59:25: -------------------- Epoch: 37 --------------------
INFO|2024-09-27 11:59:39: Epoch[037/100], iter[040/392], loss_total:0.08686, loss_equ:0.38759 loss_pq_vm:0.00168 loss_pq_va:0.01465 loss_pv_va:0.01664
INFO|2024-09-27 11:59:52: Epoch[037/100], iter[079/392], loss_total:0.08865, loss_equ:0.39379 loss_pq_vm:0.00212 loss_pq_va:0.01337 loss_pv_va:0.01474
INFO|2024-09-27 12:00:06: Epoch[037/100], iter[118/392], loss_total:0.11653, loss_equ:0.64599 loss_pq_vm:0.00209 loss_pq_va:0.01320 loss_pv_va:0.01781
INFO|2024-09-27 12:00:19: Epoch[037/100], iter[157/392], loss_total:0.09947, loss_equ:0.43253 loss_pq_vm:0.00239 loss_pq_va:0.01449 loss_pv_va:0.01784
INFO|2024-09-27 12:00:31: Epoch[037/100], iter[196/392], loss_total:0.08920, loss_equ:0.41543 loss_pq_vm:0.00208 loss_pq_va:0.01260 loss_pv_va:0.01427
INFO|2024-09-27 12:00:44: Epoch[037/100], iter[235/392], loss_total:0.11601, loss_equ:0.43467 loss_pq_vm:0.00493 loss_pq_va:0.01020 loss_pv_va:0.01302
INFO|2024-09-27 12:00:57: Epoch[037/100], iter[274/392], loss_total:0.08909, loss_equ:0.36984 loss_pq_vm:0.00231 loss_pq_va:0.01285 loss_pv_va:0.01614
INFO|2024-09-27 12:01:10: Epoch[037/100], iter[313/392], loss_total:0.08102, loss_equ:0.37401 loss_pq_vm:0.00172 loss_pq_va:0.01272 loss_pv_va:0.01371
INFO|2024-09-27 12:01:23: Epoch[037/100], iter[352/392], loss_total:0.07741, loss_equ:0.37071 loss_pq_vm:0.00173 loss_pq_va:0.01044 loss_pv_va:0.01255
INFO|2024-09-27 12:01:36: Epoch[037/100], iter[392/392], loss_total:0.07282, loss_equ:0.36247 loss_pq_vm:0.00161 loss_pq_va:0.00899 loss_pv_va:0.01146
INFO|2024-09-27 12:02:31: Epoch 36/100, lr:  0.00070159, eta: 3.26h, train_loss:  0.08798, valid_loss:  0.11565
INFO|2024-09-27 12:02:31: 	Train: PQ_Vm_rmse: 0.00272675  PQ_Va_rmse: 0.01778997  PV_Va_rmse: 0.02034675  delta_p: 0.27220377  delta_q: 0.08662123  
INFO|2024-09-27 12:02:31: 	ZTest: PQ_Vm_rmse: 0.00486529  PQ_Va_rmse: 0.04942277  PV_Va_rmse: 0.05668139  delta_p: 0.28679833  delta_q: 0.08956121  
INFO|2024-09-27 12:02:31: 	ZTest-ema: PQ_Vm_rmse: 0.004851  PQ_Va_rmse: 0.048399  PV_Va_rmse: 0.055616  delta_p: 0.281726  delta_q: 0.088033  
INFO|2024-09-27 12:02:31: 	           ValOfEMA:0.055616/0.055616,  Epoch:37/37
INFO|2024-09-27 12:02:32: 	Time(ep):186s,  Val(curr/best):0.056681/0.055159,  Epoch(curr/best):37/33
INFO|2024-09-27 12:02:32: -------------------- Epoch: 38 --------------------
INFO|2024-09-27 12:02:46: Epoch[038/100], iter[040/392], loss_total:0.07134, loss_equ:0.35849 loss_pq_vm:0.00149 loss_pq_va:0.00922 loss_pv_va:0.01142
INFO|2024-09-27 12:02:59: Epoch[038/100], iter[079/392], loss_total:0.07371, loss_equ:0.35487 loss_pq_vm:0.00187 loss_pq_va:0.00867 loss_pv_va:0.01086
INFO|2024-09-27 12:03:13: Epoch[038/100], iter[118/392], loss_total:0.09934, loss_equ:0.39338 loss_pq_vm:0.00220 loss_pq_va:0.01824 loss_pv_va:0.01975
INFO|2024-09-27 12:03:26: Epoch[038/100], iter[157/392], loss_total:0.11020, loss_equ:0.39369 loss_pq_vm:0.00223 loss_pq_va:0.02355 loss_pv_va:0.02497
INFO|2024-09-27 12:03:38: Epoch[038/100], iter[196/392], loss_total:0.09723, loss_equ:0.36512 loss_pq_vm:0.00208 loss_pq_va:0.01905 loss_pv_va:0.02083
INFO|2024-09-27 12:03:52: Epoch[038/100], iter[235/392], loss_total:0.08495, loss_equ:0.37911 loss_pq_vm:0.00198 loss_pq_va:0.01292 loss_pv_va:0.01436
INFO|2024-09-27 12:04:05: Epoch[038/100], iter[274/392], loss_total:0.12032, loss_equ:0.43188 loss_pq_vm:0.00299 loss_pq_va:0.02303 loss_pv_va:0.02425
INFO|2024-09-27 12:04:18: Epoch[038/100], iter[313/392], loss_total:0.08397, loss_equ:0.40426 loss_pq_vm:0.00183 loss_pq_va:0.01145 loss_pv_va:0.01378
INFO|2024-09-27 12:04:31: Epoch[038/100], iter[352/392], loss_total:0.09533, loss_equ:0.42653 loss_pq_vm:0.00270 loss_pq_va:0.01182 loss_pv_va:0.01388
INFO|2024-09-27 12:04:44: Epoch[038/100], iter[392/392], loss_total:0.07730, loss_equ:0.38671 loss_pq_vm:0.00182 loss_pq_va:0.00928 loss_pv_va:0.01120
INFO|2024-09-27 12:05:39: Epoch 37/100, lr:  0.00068722, eta: 3.22h, train_loss:  0.08641, valid_loss:  0.12999
INFO|2024-09-27 12:05:39: 	Train: PQ_Vm_rmse: 0.00263584  PQ_Va_rmse: 0.01794235  PV_Va_rmse: 0.02038682  delta_p: 0.26512453  delta_q: 0.08508562  
INFO|2024-09-27 12:05:39: 	ZTest: PQ_Vm_rmse: 0.00606325  PQ_Va_rmse: 0.04978681  PV_Va_rmse: 0.05658554  delta_p: 0.30007630  delta_q: 0.09325961  
INFO|2024-09-27 12:05:39: 	ZTest-ema: PQ_Vm_rmse: 0.004924  PQ_Va_rmse: 0.048529  PV_Va_rmse: 0.055707  delta_p: 0.281157  delta_q: 0.087817  
INFO|2024-09-27 12:05:39: 	           ValOfEMA:0.055707/0.055616,  Epoch:38/37
INFO|2024-09-27 12:05:40: 	Time(ep):187s,  Val(curr/best):0.056586/0.055159,  Epoch(curr/best):38/33
INFO|2024-09-27 12:05:40: -------------------- Epoch: 39 --------------------
INFO|2024-09-27 12:05:55: Epoch[039/100], iter[040/392], loss_total:0.08432, loss_equ:0.37683 loss_pq_vm:0.00225 loss_pq_va:0.01102 loss_pv_va:0.01314
INFO|2024-09-27 12:06:08: Epoch[039/100], iter[079/392], loss_total:0.09509, loss_equ:0.37379 loss_pq_vm:0.00174 loss_pq_va:0.01966 loss_pv_va:0.02062
INFO|2024-09-27 12:06:22: Epoch[039/100], iter[118/392], loss_total:0.09543, loss_equ:0.38049 loss_pq_vm:0.00338 loss_pq_va:0.01120 loss_pv_va:0.01239
INFO|2024-09-27 12:06:35: Epoch[039/100], iter[157/392], loss_total:0.08403, loss_equ:0.39993 loss_pq_vm:0.00190 loss_pq_va:0.01147 loss_pv_va:0.01360
INFO|2024-09-27 12:06:48: Epoch[039/100], iter[196/392], loss_total:0.08364, loss_equ:0.39091 loss_pq_vm:0.00222 loss_pq_va:0.00989 loss_pv_va:0.01251
INFO|2024-09-27 12:07:01: Epoch[039/100], iter[235/392], loss_total:0.07743, loss_equ:0.35896 loss_pq_vm:0.00152 loss_pq_va:0.01174 loss_pv_va:0.01456
INFO|2024-09-27 12:07:14: Epoch[039/100], iter[274/392], loss_total:0.09597, loss_equ:0.36546 loss_pq_vm:0.00250 loss_pq_va:0.01500 loss_pv_va:0.01942
INFO|2024-09-27 12:07:27: Epoch[039/100], iter[313/392], loss_total:0.09379, loss_equ:0.36828 loss_pq_vm:0.00179 loss_pq_va:0.01940 loss_pv_va:0.01971
INFO|2024-09-27 12:07:40: Epoch[039/100], iter[352/392], loss_total:0.08668, loss_equ:0.38040 loss_pq_vm:0.00235 loss_pq_va:0.01193 loss_pv_va:0.01319
INFO|2024-09-27 12:07:54: Epoch[039/100], iter[392/392], loss_total:0.08997, loss_equ:0.39514 loss_pq_vm:0.00208 loss_pq_va:0.01402 loss_pv_va:0.01566
INFO|2024-09-27 12:08:49: Epoch 38/100, lr:  0.00067268, eta: 3.19h, train_loss:  0.08676, valid_loss:  0.12631
INFO|2024-09-27 12:08:49: 	Train: PQ_Vm_rmse: 0.00281141  PQ_Va_rmse: 0.01710533  PV_Va_rmse: 0.01942861  delta_p: 0.26505127  delta_q: 0.08471302  
INFO|2024-09-27 12:08:49: 	ZTest: PQ_Vm_rmse: 0.00548697  PQ_Va_rmse: 0.05107454  PV_Va_rmse: 0.05857490  delta_p: 0.28892029  delta_q: 0.10103701  
INFO|2024-09-27 12:08:49: 	ZTest-ema: PQ_Vm_rmse: 0.004935  PQ_Va_rmse: 0.048547  PV_Va_rmse: 0.055711  delta_p: 0.280704  delta_q: 0.087752  
INFO|2024-09-27 12:08:49: 	           ValOfEMA:0.055711/0.055616,  Epoch:39/37
INFO|2024-09-27 12:08:49: 	Time(ep):188s,  Val(curr/best):0.058575/0.055159,  Epoch(curr/best):39/33
INFO|2024-09-27 12:08:49: -------------------- Epoch: 40 --------------------
INFO|2024-09-27 12:09:04: Epoch[040/100], iter[040/392], loss_total:0.08479, loss_equ:0.39283 loss_pq_vm:0.00226 loss_pq_va:0.00952 loss_pv_va:0.01342
INFO|2024-09-27 12:09:17: Epoch[040/100], iter[079/392], loss_total:0.08219, loss_equ:0.40478 loss_pq_vm:0.00173 loss_pq_va:0.00986 loss_pv_va:0.01452
INFO|2024-09-27 12:09:30: Epoch[040/100], iter[118/392], loss_total:0.07164, loss_equ:0.36241 loss_pq_vm:0.00159 loss_pq_va:0.00854 loss_pv_va:0.01098
INFO|2024-09-27 12:09:43: Epoch[040/100], iter[157/392], loss_total:0.06961, loss_equ:0.36139 loss_pq_vm:0.00146 loss_pq_va:0.00826 loss_pv_va:0.01065
INFO|2024-09-27 12:09:56: Epoch[040/100], iter[196/392], loss_total:0.07162, loss_equ:0.36174 loss_pq_vm:0.00153 loss_pq_va:0.00881 loss_pv_va:0.01136
INFO|2024-09-27 12:10:09: Epoch[040/100], iter[235/392], loss_total:0.09335, loss_equ:0.38477 loss_pq_vm:0.00248 loss_pq_va:0.01424 loss_pv_va:0.01581
INFO|2024-09-27 12:10:22: Epoch[040/100], iter[274/392], loss_total:0.10759, loss_equ:0.39017 loss_pq_vm:0.00228 loss_pq_va:0.02231 loss_pv_va:0.02342
INFO|2024-09-27 12:10:35: Epoch[040/100], iter[313/392], loss_total:0.09643, loss_equ:0.41921 loss_pq_vm:0.00335 loss_pq_va:0.00902 loss_pv_va:0.01204
INFO|2024-09-27 12:10:48: Epoch[040/100], iter[352/392], loss_total:0.08638, loss_equ:0.36559 loss_pq_vm:0.00195 loss_pq_va:0.01416 loss_pv_va:0.01616
INFO|2024-09-27 12:11:02: Epoch[040/100], iter[392/392], loss_total:0.08637, loss_equ:0.37086 loss_pq_vm:0.00182 loss_pq_va:0.01447 loss_pv_va:0.01659
INFO|2024-09-27 12:11:57: Epoch 39/100, lr:  0.00065796, eta: 3.13h, train_loss:  0.08100, valid_loss:  0.12537
INFO|2024-09-27 12:11:57: 	Train: PQ_Vm_rmse: 0.00245088  PQ_Va_rmse: 0.01612919  PV_Va_rmse: 0.01855167  delta_p: 0.26073708  delta_q: 0.08157958  
INFO|2024-09-27 12:11:57: 	ZTest: PQ_Vm_rmse: 0.00577753  PQ_Va_rmse: 0.04855047  PV_Va_rmse: 0.05550365  delta_p: 0.28992234  delta_q: 0.09285488  
INFO|2024-09-27 12:11:57: 	ZTest-ema: PQ_Vm_rmse: 0.004860  PQ_Va_rmse: 0.048190  PV_Va_rmse: 0.055345  delta_p: 0.279777  delta_q: 0.087140  
INFO|2024-09-27 12:11:57: 	           ValOfEMA:0.055345/0.055345,  Epoch:40/40
INFO|2024-09-27 12:11:58: 	Time(ep):187s,  Val(curr/best):0.055504/0.055159,  Epoch(curr/best):40/33
INFO|2024-09-27 12:11:58: -------------------- Epoch: 41 --------------------
INFO|2024-09-27 12:12:12: Epoch[041/100], iter[040/392], loss_total:0.08469, loss_equ:0.38244 loss_pq_vm:0.00192 loss_pq_va:0.01176 loss_pv_va:0.01545
INFO|2024-09-27 12:12:26: Epoch[041/100], iter[079/392], loss_total:0.08725, loss_equ:0.36252 loss_pq_vm:0.00257 loss_pq_va:0.01118 loss_pv_va:0.01413
INFO|2024-09-27 12:12:38: Epoch[041/100], iter[118/392], loss_total:0.07734, loss_equ:0.38597 loss_pq_vm:0.00166 loss_pq_va:0.01004 loss_pv_va:0.01207
INFO|2024-09-27 12:12:52: Epoch[041/100], iter[157/392], loss_total:0.08311, loss_equ:0.36257 loss_pq_vm:0.00167 loss_pq_va:0.01379 loss_pv_va:0.01632
INFO|2024-09-27 12:13:04: Epoch[041/100], iter[196/392], loss_total:0.07909, loss_equ:0.35904 loss_pq_vm:0.00152 loss_pq_va:0.01289 loss_pv_va:0.01506
INFO|2024-09-27 12:13:18: Epoch[041/100], iter[235/392], loss_total:0.07959, loss_equ:0.35939 loss_pq_vm:0.00163 loss_pq_va:0.01238 loss_pv_va:0.01494
INFO|2024-09-27 12:13:30: Epoch[041/100], iter[274/392], loss_total:0.07389, loss_equ:0.35920 loss_pq_vm:0.00149 loss_pq_va:0.01012 loss_pv_va:0.01298
INFO|2024-09-27 12:13:44: Epoch[041/100], iter[313/392], loss_total:0.08303, loss_equ:0.36413 loss_pq_vm:0.00210 loss_pq_va:0.01171 loss_pv_va:0.01387
INFO|2024-09-27 12:13:57: Epoch[041/100], iter[352/392], loss_total:0.07526, loss_equ:0.36051 loss_pq_vm:0.00165 loss_pq_va:0.01031 loss_pv_va:0.01238
INFO|2024-09-27 12:14:10: Epoch[041/100], iter[392/392], loss_total:0.08315, loss_equ:0.35359 loss_pq_vm:0.00180 loss_pq_va:0.01411 loss_pv_va:0.01566
INFO|2024-09-27 12:15:04: Epoch 40/100, lr:  0.00064310, eta: 3.05h, train_loss:  0.08346, valid_loss:  0.11998
INFO|2024-09-27 12:15:04: 	Train: PQ_Vm_rmse: 0.00251509  PQ_Va_rmse: 0.01753896  PV_Va_rmse: 0.01996702  delta_p: 0.25474241  delta_q: 0.07922849  
INFO|2024-09-27 12:15:04: 	ZTest: PQ_Vm_rmse: 0.00535139  PQ_Va_rmse: 0.04961002  PV_Va_rmse: 0.05655030  delta_p: 0.28361683  delta_q: 0.08848324  
INFO|2024-09-27 12:15:04: 	ZTest-ema: PQ_Vm_rmse: 0.004842  PQ_Va_rmse: 0.048333  PV_Va_rmse: 0.055499  delta_p: 0.279514  delta_q: 0.086942  
INFO|2024-09-27 12:15:04: 	           ValOfEMA:0.055499/0.055345,  Epoch:41/40
INFO|2024-09-27 12:15:05: 	Time(ep):186s,  Val(curr/best):0.056550/0.055159,  Epoch(curr/best):41/33
INFO|2024-09-27 12:15:05: -------------------- Epoch: 42 --------------------
INFO|2024-09-27 12:15:20: Epoch[042/100], iter[040/392], loss_total:0.07867, loss_equ:0.36473 loss_pq_vm:0.00173 loss_pq_va:0.01144 loss_pv_va:0.01344
INFO|2024-09-27 12:15:33: Epoch[042/100], iter[079/392], loss_total:0.07854, loss_equ:0.37467 loss_pq_vm:0.00182 loss_pq_va:0.01053 loss_pv_va:0.01238
INFO|2024-09-27 12:15:46: Epoch[042/100], iter[118/392], loss_total:0.08936, loss_equ:0.36088 loss_pq_vm:0.00186 loss_pq_va:0.01619 loss_pv_va:0.01849
INFO|2024-09-27 12:15:59: Epoch[042/100], iter[157/392], loss_total:0.08463, loss_equ:0.36021 loss_pq_vm:0.00159 loss_pq_va:0.01551 loss_pv_va:0.01723
INFO|2024-09-27 12:16:12: Epoch[042/100], iter[196/392], loss_total:0.08236, loss_equ:0.37374 loss_pq_vm:0.00167 loss_pq_va:0.01301 loss_pv_va:0.01532
INFO|2024-09-27 12:16:25: Epoch[042/100], iter[235/392], loss_total:0.08791, loss_equ:0.37433 loss_pq_vm:0.00202 loss_pq_va:0.01446 loss_pv_va:0.01587
INFO|2024-09-27 12:16:39: Epoch[042/100], iter[274/392], loss_total:0.08082, loss_equ:0.38896 loss_pq_vm:0.00180 loss_pq_va:0.01090 loss_pv_va:0.01301
INFO|2024-09-27 12:16:52: Epoch[042/100], iter[313/392], loss_total:0.08310, loss_equ:0.39925 loss_pq_vm:0.00193 loss_pq_va:0.01053 loss_pv_va:0.01339
INFO|2024-09-27 12:17:05: Epoch[042/100], iter[352/392], loss_total:0.08479, loss_equ:0.35904 loss_pq_vm:0.00160 loss_pq_va:0.01544 loss_pv_va:0.01746
INFO|2024-09-27 12:17:18: Epoch[042/100], iter[392/392], loss_total:0.07775, loss_equ:0.35502 loss_pq_vm:0.00146 loss_pq_va:0.01256 loss_pv_va:0.01505
INFO|2024-09-27 12:18:12: Epoch 41/100, lr:  0.00062810, eta: 3.02h, train_loss:  0.08240, valid_loss:  0.12114
INFO|2024-09-27 12:18:12: 	Train: PQ_Vm_rmse: 0.00245339  PQ_Va_rmse: 0.01711747  PV_Va_rmse: 0.01950869  delta_p: 0.25407065  delta_q: 0.08112803  
INFO|2024-09-27 12:18:12: 	ZTest: PQ_Vm_rmse: 0.00528424  PQ_Va_rmse: 0.05021688  PV_Va_rmse: 0.05716318  delta_p: 0.28305314  delta_q: 0.08808598  
INFO|2024-09-27 12:18:12: 	ZTest-ema: PQ_Vm_rmse: 0.004842  PQ_Va_rmse: 0.048457  PV_Va_rmse: 0.055671  delta_p: 0.279404  delta_q: 0.086869  
INFO|2024-09-27 12:18:12: 	           ValOfEMA:0.055671/0.055345,  Epoch:42/40
INFO|2024-09-27 12:18:13: 	Time(ep):187s,  Val(curr/best):0.057163/0.055159,  Epoch(curr/best):42/33
INFO|2024-09-27 12:18:13: -------------------- Epoch: 43 --------------------
INFO|2024-09-27 12:18:28: Epoch[043/100], iter[040/392], loss_total:0.08388, loss_equ:0.36413 loss_pq_vm:0.00168 loss_pq_va:0.01418 loss_pv_va:0.01647
INFO|2024-09-27 12:18:41: Epoch[043/100], iter[079/392], loss_total:0.08515, loss_equ:0.39562 loss_pq_vm:0.00183 loss_pq_va:0.01248 loss_pv_va:0.01484
INFO|2024-09-27 12:18:54: Epoch[043/100], iter[118/392], loss_total:0.07632, loss_equ:0.36137 loss_pq_vm:0.00155 loss_pq_va:0.01143 loss_pv_va:0.01324
INFO|2024-09-27 12:19:07: Epoch[043/100], iter[157/392], loss_total:0.08942, loss_equ:0.39817 loss_pq_vm:0.00216 loss_pq_va:0.01353 loss_pv_va:0.01452
INFO|2024-09-27 12:19:20: Epoch[043/100], iter[196/392], loss_total:0.07727, loss_equ:0.36458 loss_pq_vm:0.00156 loss_pq_va:0.01169 loss_pv_va:0.01353
INFO|2024-09-27 12:19:33: Epoch[043/100], iter[235/392], loss_total:0.07877, loss_equ:0.38827 loss_pq_vm:0.00163 loss_pq_va:0.01104 loss_pv_va:0.01258
INFO|2024-09-27 12:19:46: Epoch[043/100], iter[274/392], loss_total:0.08131, loss_equ:0.38611 loss_pq_vm:0.00184 loss_pq_va:0.01163 loss_pv_va:0.01267
INFO|2024-09-27 12:19:59: Epoch[043/100], iter[313/392], loss_total:0.08883, loss_equ:0.38441 loss_pq_vm:0.00205 loss_pq_va:0.01407 loss_pv_va:0.01583
INFO|2024-09-27 12:20:12: Epoch[043/100], iter[352/392], loss_total:0.07502, loss_equ:0.37528 loss_pq_vm:0.00174 loss_pq_va:0.00884 loss_pv_va:0.01123
INFO|2024-09-27 12:20:25: Epoch[043/100], iter[392/392], loss_total:0.07923, loss_equ:0.37367 loss_pq_vm:0.00187 loss_pq_va:0.01090 loss_pv_va:0.01226
INFO|2024-09-27 12:21:20: Epoch 42/100, lr:  0.00061298, eta: 2.96h, train_loss:  0.08419, valid_loss:  0.12616
INFO|2024-09-27 12:21:20: 	Train: PQ_Vm_rmse: 0.00260118  PQ_Va_rmse: 0.01682820  PV_Va_rmse: 0.01916552  delta_p: 0.26407247  delta_q: 0.08226393  
INFO|2024-09-27 12:21:20: 	ZTest: PQ_Vm_rmse: 0.00546970  PQ_Va_rmse: 0.04868167  PV_Va_rmse: 0.05599042  delta_p: 0.29411078  delta_q: 0.09486914  
INFO|2024-09-27 12:21:20: 	ZTest-ema: PQ_Vm_rmse: 0.004838  PQ_Va_rmse: 0.048306  PV_Va_rmse: 0.055462  delta_p: 0.279471  delta_q: 0.086832  
INFO|2024-09-27 12:21:20: 	           ValOfEMA:0.055462/0.055345,  Epoch:43/40
INFO|2024-09-27 12:21:21: 	Time(ep):186s,  Val(curr/best):0.055990/0.055159,  Epoch(curr/best):43/33
INFO|2024-09-27 12:21:21: -------------------- Epoch: 44 --------------------
INFO|2024-09-27 12:21:35: Epoch[044/100], iter[040/392], loss_total:0.08593, loss_equ:0.37058 loss_pq_vm:0.00167 loss_pq_va:0.01483 loss_pv_va:0.01732
INFO|2024-09-27 12:21:49: Epoch[044/100], iter[079/392], loss_total:0.07664, loss_equ:0.36608 loss_pq_vm:0.00170 loss_pq_va:0.01005 loss_pv_va:0.01298
INFO|2024-09-27 12:22:02: Epoch[044/100], iter[118/392], loss_total:0.07769, loss_equ:0.35729 loss_pq_vm:0.00165 loss_pq_va:0.01193 loss_pv_va:0.01353
INFO|2024-09-27 12:22:15: Epoch[044/100], iter[157/392], loss_total:0.08217, loss_equ:0.36204 loss_pq_vm:0.00167 loss_pq_va:0.01342 loss_pv_va:0.01586
INFO|2024-09-27 12:22:28: Epoch[044/100], iter[196/392], loss_total:0.07713, loss_equ:0.35185 loss_pq_vm:0.00156 loss_pq_va:0.01235 loss_pv_va:0.01398
INFO|2024-09-27 12:22:41: Epoch[044/100], iter[235/392], loss_total:0.07442, loss_equ:0.34777 loss_pq_vm:0.00150 loss_pq_va:0.01107 loss_pv_va:0.01355
INFO|2024-09-27 12:22:54: Epoch[044/100], iter[274/392], loss_total:0.08009, loss_equ:0.35382 loss_pq_vm:0.00164 loss_pq_va:0.01346 loss_pv_va:0.01490
INFO|2024-09-27 12:23:07: Epoch[044/100], iter[313/392], loss_total:0.08001, loss_equ:0.35725 loss_pq_vm:0.00165 loss_pq_va:0.01274 loss_pv_va:0.01505
INFO|2024-09-27 12:23:20: Epoch[044/100], iter[352/392], loss_total:0.07318, loss_equ:0.35485 loss_pq_vm:0.00164 loss_pq_va:0.00965 loss_pv_va:0.01168
INFO|2024-09-27 12:23:34: Epoch[044/100], iter[392/392], loss_total:0.07903, loss_equ:0.35671 loss_pq_vm:0.00155 loss_pq_va:0.01298 loss_pv_va:0.01486
INFO|2024-09-27 12:24:29: Epoch 43/100, lr:  0.00059775, eta: 2.93h, train_loss:  0.07941, valid_loss:  0.11243
INFO|2024-09-27 12:24:29: 	Train: PQ_Vm_rmse: 0.00227893  PQ_Va_rmse: 0.01696748  PV_Va_rmse: 0.01933738  delta_p: 0.24810704  delta_q: 0.07664192  
INFO|2024-09-27 12:24:29: 	ZTest: PQ_Vm_rmse: 0.00462628  PQ_Va_rmse: 0.04860607  PV_Va_rmse: 0.05561204  delta_p: 0.28458243  delta_q: 0.08784084  
INFO|2024-09-27 12:24:29: 	ZTest-ema: PQ_Vm_rmse: 0.004778  PQ_Va_rmse: 0.048244  PV_Va_rmse: 0.055363  delta_p: 0.278501  delta_q: 0.086227  
INFO|2024-09-27 12:24:29: 	           ValOfEMA:0.055363/0.055345,  Epoch:44/40
INFO|2024-09-27 12:24:30: 	Time(ep):188s,  Val(curr/best):0.055612/0.055159,  Epoch(curr/best):44/33
INFO|2024-09-27 12:24:30: -------------------- Epoch: 45 --------------------
INFO|2024-09-27 12:24:45: Epoch[045/100], iter[040/392], loss_total:0.08021, loss_equ:0.36850 loss_pq_vm:0.00230 loss_pq_va:0.00906 loss_pv_va:0.01130
INFO|2024-09-27 12:24:58: Epoch[045/100], iter[079/392], loss_total:0.07337, loss_equ:0.36456 loss_pq_vm:0.00174 loss_pq_va:0.00817 loss_pv_va:0.01130
INFO|2024-09-27 12:25:11: Epoch[045/100], iter[118/392], loss_total:0.07398, loss_equ:0.36504 loss_pq_vm:0.00183 loss_pq_va:0.00867 loss_pv_va:0.01049
INFO|2024-09-27 12:25:24: Epoch[045/100], iter[157/392], loss_total:0.07087, loss_equ:0.35717 loss_pq_vm:0.00155 loss_pq_va:0.00861 loss_pv_va:0.01105
INFO|2024-09-27 12:25:37: Epoch[045/100], iter[196/392], loss_total:0.07763, loss_equ:0.37534 loss_pq_vm:0.00172 loss_pq_va:0.01013 loss_pv_va:0.01278
INFO|2024-09-27 12:25:51: Epoch[045/100], iter[235/392], loss_total:0.06914, loss_equ:0.34899 loss_pq_vm:0.00140 loss_pq_va:0.00908 loss_pv_va:0.01117
INFO|2024-09-27 12:26:04: Epoch[045/100], iter[274/392], loss_total:0.07161, loss_equ:0.35822 loss_pq_vm:0.00145 loss_pq_va:0.00967 loss_pv_va:0.01157
INFO|2024-09-27 12:26:17: Epoch[045/100], iter[313/392], loss_total:0.07370, loss_equ:0.35491 loss_pq_vm:0.00164 loss_pq_va:0.01000 loss_pv_va:0.01186
INFO|2024-09-27 12:26:30: Epoch[045/100], iter[352/392], loss_total:0.07152, loss_equ:0.34994 loss_pq_vm:0.00144 loss_pq_va:0.00960 loss_pv_va:0.01257
INFO|2024-09-27 12:26:44: Epoch[045/100], iter[392/392], loss_total:0.07513, loss_equ:0.35902 loss_pq_vm:0.00171 loss_pq_va:0.01017 loss_pv_va:0.01199
INFO|2024-09-27 12:27:38: Epoch 44/100, lr:  0.00058244, eta: 2.88h, train_loss:  0.08121, valid_loss:  0.11549
INFO|2024-09-27 12:27:38: 	Train: PQ_Vm_rmse: 0.00247554  PQ_Va_rmse: 0.01654775  PV_Va_rmse: 0.01892613  delta_p: 0.25285946  delta_q: 0.07879867  
INFO|2024-09-27 12:27:38: 	ZTest: PQ_Vm_rmse: 0.00456532  PQ_Va_rmse: 0.04901251  PV_Va_rmse: 0.05600099  delta_p: 0.28739742  delta_q: 0.08949045  
INFO|2024-09-27 12:27:38: 	ZTest-ema: PQ_Vm_rmse: 0.004815  PQ_Va_rmse: 0.048343  PV_Va_rmse: 0.055477  delta_p: 0.278318  delta_q: 0.086119  
INFO|2024-09-27 12:27:38: 	           ValOfEMA:0.055477/0.055345,  Epoch:45/40
INFO|2024-09-27 12:27:39: 	Time(ep):188s,  Val(curr/best):0.056001/0.055159,  Epoch(curr/best):45/33
INFO|2024-09-27 12:27:39: -------------------- Epoch: 46 --------------------
INFO|2024-09-27 12:27:54: Epoch[046/100], iter[040/392], loss_total:0.07433, loss_equ:0.36872 loss_pq_vm:0.00170 loss_pq_va:0.00902 loss_pv_va:0.01147
INFO|2024-09-27 12:28:07: Epoch[046/100], iter[079/392], loss_total:0.08786, loss_equ:0.36246 loss_pq_vm:0.00274 loss_pq_va:0.01173 loss_pv_va:0.01254
INFO|2024-09-27 12:28:20: Epoch[046/100], iter[118/392], loss_total:0.09657, loss_equ:0.38424 loss_pq_vm:0.00208 loss_pq_va:0.01752 loss_pv_va:0.01979
INFO|2024-09-27 12:28:33: Epoch[046/100], iter[157/392], loss_total:0.08701, loss_equ:0.38088 loss_pq_vm:0.00172 loss_pq_va:0.01444 loss_pv_va:0.01724
INFO|2024-09-27 12:28:45: Epoch[046/100], iter[196/392], loss_total:0.09059, loss_equ:0.49011 loss_pq_vm:0.00193 loss_pq_va:0.01003 loss_pv_va:0.01226
INFO|2024-09-27 12:28:58: Epoch[046/100], iter[235/392], loss_total:0.10737, loss_equ:0.61986 loss_pq_vm:0.00194 loss_pq_va:0.01338 loss_pv_va:0.01263
INFO|2024-09-27 12:29:11: Epoch[046/100], iter[274/392], loss_total:0.08179, loss_equ:0.37426 loss_pq_vm:0.00176 loss_pq_va:0.01297 loss_pv_va:0.01385
INFO|2024-09-27 12:29:24: Epoch[046/100], iter[313/392], loss_total:0.09096, loss_equ:0.35682 loss_pq_vm:0.00164 loss_pq_va:0.01793 loss_pv_va:0.02096
INFO|2024-09-27 12:29:37: Epoch[046/100], iter[352/392], loss_total:0.08028, loss_equ:0.35635 loss_pq_vm:0.00171 loss_pq_va:0.01298 loss_pv_va:0.01462
INFO|2024-09-27 12:29:50: Epoch[046/100], iter[392/392], loss_total:0.07200, loss_equ:0.35419 loss_pq_vm:0.00144 loss_pq_va:0.01005 loss_pv_va:0.01214
INFO|2024-09-27 12:30:43: Epoch 45/100, lr:  0.00056704, eta: 2.76h, train_loss:  0.08343, valid_loss:  0.12024
INFO|2024-09-27 12:30:43: 	Train: PQ_Vm_rmse: 0.00247358  PQ_Va_rmse: 0.01679849  PV_Va_rmse: 0.01924118  delta_p: 0.26806288  delta_q: 0.08200897  
INFO|2024-09-27 12:30:43: 	ZTest: PQ_Vm_rmse: 0.00517627  PQ_Va_rmse: 0.05081590  PV_Va_rmse: 0.05786173  delta_p: 0.28223783  delta_q: 0.08746827  
INFO|2024-09-27 12:30:43: 	ZTest-ema: PQ_Vm_rmse: 0.004828  PQ_Va_rmse: 0.048281  PV_Va_rmse: 0.055442  delta_p: 0.279620  delta_q: 0.086338  
INFO|2024-09-27 12:30:43: 	           ValOfEMA:0.055442/0.055345,  Epoch:46/40
INFO|2024-09-27 12:30:44: 	Time(ep):184s,  Val(curr/best):0.057862/0.055159,  Epoch(curr/best):46/33
INFO|2024-09-27 12:30:44: -------------------- Epoch: 47 --------------------
INFO|2024-09-27 12:30:59: Epoch[047/100], iter[040/392], loss_total:0.07839, loss_equ:0.35519 loss_pq_vm:0.00148 loss_pq_va:0.01293 loss_pv_va:0.01510
INFO|2024-09-27 12:31:12: Epoch[047/100], iter[079/392], loss_total:0.08311, loss_equ:0.35862 loss_pq_vm:0.00185 loss_pq_va:0.01334 loss_pv_va:0.01540
INFO|2024-09-27 12:31:24: Epoch[047/100], iter[118/392], loss_total:0.07770, loss_equ:0.35403 loss_pq_vm:0.00154 loss_pq_va:0.01225 loss_pv_va:0.01469
INFO|2024-09-27 12:31:37: Epoch[047/100], iter[157/392], loss_total:0.06956, loss_equ:0.35889 loss_pq_vm:0.00146 loss_pq_va:0.00851 loss_pv_va:0.01052
INFO|2024-09-27 12:31:50: Epoch[047/100], iter[196/392], loss_total:0.08764, loss_equ:0.39945 loss_pq_vm:0.00272 loss_pq_va:0.00850 loss_pv_va:0.01203
INFO|2024-09-27 12:32:04: Epoch[047/100], iter[235/392], loss_total:0.08043, loss_equ:0.38483 loss_pq_vm:0.00159 loss_pq_va:0.01239 loss_pv_va:0.01370
INFO|2024-09-27 12:32:17: Epoch[047/100], iter[274/392], loss_total:0.08484, loss_equ:0.36531 loss_pq_vm:0.00212 loss_pq_va:0.01309 loss_pv_va:0.01403
INFO|2024-09-27 12:32:29: Epoch[047/100], iter[313/392], loss_total:0.07488, loss_equ:0.36067 loss_pq_vm:0.00158 loss_pq_va:0.01031 loss_pv_va:0.01271
INFO|2024-09-27 12:32:43: Epoch[047/100], iter[352/392], loss_total:0.08187, loss_equ:0.38559 loss_pq_vm:0.00182 loss_pq_va:0.01167 loss_pv_va:0.01343
INFO|2024-09-27 12:32:56: Epoch[047/100], iter[392/392], loss_total:0.08359, loss_equ:0.37220 loss_pq_vm:0.00197 loss_pq_va:0.01307 loss_pv_va:0.01358
INFO|2024-09-27 12:33:50: Epoch 46/100, lr:  0.00055158, eta: 2.74h, train_loss:  0.08105, valid_loss:  0.12774
INFO|2024-09-27 12:33:50: 	Train: PQ_Vm_rmse: 0.00255026  PQ_Va_rmse: 0.01608494  PV_Va_rmse: 0.01841471  delta_p: 0.25365432  delta_q: 0.07923840  
INFO|2024-09-27 12:33:50: 	ZTest: PQ_Vm_rmse: 0.00476482  PQ_Va_rmse: 0.05055889  PV_Va_rmse: 0.05641911  delta_p: 0.30954296  delta_q: 0.09489240  
INFO|2024-09-27 12:33:50: 	ZTest-ema: PQ_Vm_rmse: 0.004847  PQ_Va_rmse: 0.048195  PV_Va_rmse: 0.055311  delta_p: 0.278521  delta_q: 0.086106  
INFO|2024-09-27 12:33:50: 	           ValOfEMA:0.055311/0.055311,  Epoch:47/47
INFO|2024-09-27 12:33:51: 	Time(ep):186s,  Val(curr/best):0.056419/0.055159,  Epoch(curr/best):47/33
INFO|2024-09-27 12:33:51: -------------------- Epoch: 48 --------------------
INFO|2024-09-27 12:34:06: Epoch[048/100], iter[040/392], loss_total:0.08089, loss_equ:0.38284 loss_pq_vm:0.00189 loss_pq_va:0.01127 loss_pv_va:0.01242
INFO|2024-09-27 12:34:19: Epoch[048/100], iter[079/392], loss_total:0.09570, loss_equ:0.40551 loss_pq_vm:0.00244 loss_pq_va:0.01308 loss_pv_va:0.01764
INFO|2024-09-27 12:34:32: Epoch[048/100], iter[118/392], loss_total:0.07032, loss_equ:0.36304 loss_pq_vm:0.00171 loss_pq_va:0.00721 loss_pv_va:0.00973
INFO|2024-09-27 12:34:45: Epoch[048/100], iter[157/392], loss_total:0.06742, loss_equ:0.36034 loss_pq_vm:0.00151 loss_pq_va:0.00682 loss_pv_va:0.00942
INFO|2024-09-27 12:34:58: Epoch[048/100], iter[196/392], loss_total:0.06725, loss_equ:0.35013 loss_pq_vm:0.00143 loss_pq_va:0.00760 loss_pv_va:0.01034
INFO|2024-09-27 12:35:12: Epoch[048/100], iter[235/392], loss_total:0.08693, loss_equ:0.36189 loss_pq_vm:0.00188 loss_pq_va:0.01488 loss_pv_va:0.01702
INFO|2024-09-27 12:35:25: Epoch[048/100], iter[274/392], loss_total:0.07792, loss_equ:0.34709 loss_pq_vm:0.00160 loss_pq_va:0.01279 loss_pv_va:0.01440
INFO|2024-09-27 12:35:38: Epoch[048/100], iter[313/392], loss_total:0.08023, loss_equ:0.34971 loss_pq_vm:0.00155 loss_pq_va:0.01354 loss_pv_va:0.01619
INFO|2024-09-27 12:35:51: Epoch[048/100], iter[352/392], loss_total:0.07736, loss_equ:0.35343 loss_pq_vm:0.00156 loss_pq_va:0.01229 loss_pv_va:0.01409
INFO|2024-09-27 12:36:05: Epoch[048/100], iter[392/392], loss_total:0.07491, loss_equ:0.35298 loss_pq_vm:0.00151 loss_pq_va:0.01088 loss_pv_va:0.01360
INFO|2024-09-27 12:37:00: Epoch 47/100, lr:  0.00053608, eta: 2.73h, train_loss:  0.07716, valid_loss:  0.11789
INFO|2024-09-27 12:37:00: 	Train: PQ_Vm_rmse: 0.00229562  PQ_Va_rmse: 0.01521387  PV_Va_rmse: 0.01756549  delta_p: 0.25136326  delta_q: 0.07852310  
INFO|2024-09-27 12:37:00: 	ZTest: PQ_Vm_rmse: 0.00520266  PQ_Va_rmse: 0.04966861  PV_Va_rmse: 0.05669569  delta_p: 0.28051593  delta_q: 0.08695064  
INFO|2024-09-27 12:37:00: 	ZTest-ema: PQ_Vm_rmse: 0.004798  PQ_Va_rmse: 0.048053  PV_Va_rmse: 0.055198  delta_p: 0.277894  delta_q: 0.085851  
INFO|2024-09-27 12:37:00: 	           ValOfEMA:0.055198/0.055198,  Epoch:48/48
INFO|2024-09-27 12:37:00: 	Time(ep):188s,  Val(curr/best):0.056696/0.055159,  Epoch(curr/best):48/33
INFO|2024-09-27 12:37:00: -------------------- Epoch: 49 --------------------
INFO|2024-09-27 12:37:15: Epoch[049/100], iter[040/392], loss_total:0.07443, loss_equ:0.34983 loss_pq_vm:0.00152 loss_pq_va:0.01086 loss_pv_va:0.01339
INFO|2024-09-27 12:37:28: Epoch[049/100], iter[079/392], loss_total:0.08026, loss_equ:0.34663 loss_pq_vm:0.00164 loss_pq_va:0.01371 loss_pv_va:0.01547
INFO|2024-09-27 12:37:41: Epoch[049/100], iter[118/392], loss_total:0.07917, loss_equ:0.37369 loss_pq_vm:0.00171 loss_pq_va:0.01150 loss_pv_va:0.01316
INFO|2024-09-27 12:37:54: Epoch[049/100], iter[157/392], loss_total:0.10335, loss_equ:0.37057 loss_pq_vm:0.00211 loss_pq_va:0.02159 loss_pv_va:0.02363
INFO|2024-09-27 12:38:07: Epoch[049/100], iter[196/392], loss_total:0.07744, loss_equ:0.35496 loss_pq_vm:0.00183 loss_pq_va:0.01097 loss_pv_va:0.01269
INFO|2024-09-27 12:38:20: Epoch[049/100], iter[235/392], loss_total:0.08285, loss_equ:0.36289 loss_pq_vm:0.00207 loss_pq_va:0.01211 loss_pv_va:0.01373
INFO|2024-09-27 12:38:33: Epoch[049/100], iter[274/392], loss_total:0.08111, loss_equ:0.37244 loss_pq_vm:0.00232 loss_pq_va:0.00922 loss_pv_va:0.01148
INFO|2024-09-27 12:38:47: Epoch[049/100], iter[313/392], loss_total:0.07422, loss_equ:0.38725 loss_pq_vm:0.00152 loss_pq_va:0.00927 loss_pv_va:0.01101
INFO|2024-09-27 12:38:59: Epoch[049/100], iter[352/392], loss_total:0.08022, loss_equ:0.41672 loss_pq_vm:0.00188 loss_pq_va:0.00824 loss_pv_va:0.01147
INFO|2024-09-27 12:39:13: Epoch[049/100], iter[392/392], loss_total:0.07278, loss_equ:0.37233 loss_pq_vm:0.00163 loss_pq_va:0.00839 loss_pv_va:0.01085
INFO|2024-09-27 12:40:08: Epoch 48/100, lr:  0.00052055, eta: 2.66h, train_loss:  0.08073, valid_loss:  0.11179
INFO|2024-09-27 12:40:08: 	Train: PQ_Vm_rmse: 0.00239908  PQ_Va_rmse: 0.01610965  PV_Va_rmse: 0.01846055  delta_p: 0.26139030  delta_q: 0.07946912  
INFO|2024-09-27 12:40:08: 	ZTest: PQ_Vm_rmse: 0.00461110  PQ_Va_rmse: 0.04827634  PV_Va_rmse: 0.05526966  delta_p: 0.29356131  delta_q: 0.09048187  
INFO|2024-09-27 12:40:08: 	ZTest-ema: PQ_Vm_rmse: 0.004853  PQ_Va_rmse: 0.048254  PV_Va_rmse: 0.055409  delta_p: 0.278308  delta_q: 0.085859  
INFO|2024-09-27 12:40:08: 	           ValOfEMA:0.055409/0.055198,  Epoch:49/48
INFO|2024-09-27 12:40:09: 	Time(ep):187s,  Val(curr/best):0.055270/0.055159,  Epoch(curr/best):49/33
INFO|2024-09-27 12:40:09: -------------------- Epoch: 50 --------------------
INFO|2024-09-27 12:40:24: Epoch[050/100], iter[040/392], loss_total:0.07611, loss_equ:0.36395 loss_pq_vm:0.00227 loss_pq_va:0.00700 loss_pv_va:0.01004
INFO|2024-09-27 12:40:37: Epoch[050/100], iter[079/392], loss_total:0.07122, loss_equ:0.36299 loss_pq_vm:0.00149 loss_pq_va:0.00867 loss_pv_va:0.01136
INFO|2024-09-27 12:40:50: Epoch[050/100], iter[118/392], loss_total:0.06824, loss_equ:0.35269 loss_pq_vm:0.00148 loss_pq_va:0.00781 loss_pv_va:0.01037
INFO|2024-09-27 12:41:04: Epoch[050/100], iter[157/392], loss_total:0.07235, loss_equ:0.35253 loss_pq_vm:0.00143 loss_pq_va:0.01020 loss_pv_va:0.01256
INFO|2024-09-27 12:41:17: Epoch[050/100], iter[196/392], loss_total:0.07400, loss_equ:0.35194 loss_pq_vm:0.00156 loss_pq_va:0.01057 loss_pv_va:0.01262
INFO|2024-09-27 12:41:30: Epoch[050/100], iter[235/392], loss_total:0.07352, loss_equ:0.36510 loss_pq_vm:0.00153 loss_pq_va:0.00957 loss_pv_va:0.01218
INFO|2024-09-27 12:41:43: Epoch[050/100], iter[274/392], loss_total:0.09536, loss_equ:0.42828 loss_pq_vm:0.00230 loss_pq_va:0.01538 loss_pv_va:0.01420
INFO|2024-09-27 12:41:56: Epoch[050/100], iter[313/392], loss_total:0.08253, loss_equ:0.36377 loss_pq_vm:0.00175 loss_pq_va:0.01337 loss_pv_va:0.01526
INFO|2024-09-27 12:42:10: Epoch[050/100], iter[352/392], loss_total:0.07097, loss_equ:0.35739 loss_pq_vm:0.00160 loss_pq_va:0.00852 loss_pv_va:0.01069
INFO|2024-09-27 12:42:23: Epoch[050/100], iter[392/392], loss_total:0.08648, loss_equ:0.37081 loss_pq_vm:0.00198 loss_pq_va:0.01416 loss_pv_va:0.01549
INFO|2024-09-27 12:43:18: Epoch 49/100, lr:  0.00050500, eta: 2.63h, train_loss:  0.07862, valid_loss:  0.12073
INFO|2024-09-27 12:43:18: 	Train: PQ_Vm_rmse: 0.00231256  PQ_Va_rmse: 0.01594838  PV_Va_rmse: 0.01824813  delta_p: 0.25213961  delta_q: 0.07839942  
INFO|2024-09-27 12:43:18: 	ZTest: PQ_Vm_rmse: 0.00507981  PQ_Va_rmse: 0.04891447  PV_Va_rmse: 0.05589228  delta_p: 0.29512602  delta_q: 0.09614899  
INFO|2024-09-27 12:43:18: 	ZTest-ema: PQ_Vm_rmse: 0.004782  PQ_Va_rmse: 0.048149  PV_Va_rmse: 0.055275  delta_p: 0.277776  delta_q: 0.085665  
INFO|2024-09-27 12:43:18: 	           ValOfEMA:0.055275/0.055198,  Epoch:50/48
INFO|2024-09-27 12:43:19: 	Time(ep):189s,  Val(curr/best):0.055892/0.055159,  Epoch(curr/best):50/33
INFO|2024-09-27 12:43:19: -------------------- Epoch: 51 --------------------
INFO|2024-09-27 12:43:34: Epoch[051/100], iter[040/392], loss_total:0.07514, loss_equ:0.35992 loss_pq_vm:0.00153 loss_pq_va:0.01095 loss_pv_va:0.01291
INFO|2024-09-27 12:43:47: Epoch[051/100], iter[079/392], loss_total:0.07282, loss_equ:0.35495 loss_pq_vm:0.00185 loss_pq_va:0.00821 loss_pv_va:0.01066
INFO|2024-09-27 12:43:59: Epoch[051/100], iter[118/392], loss_total:0.06909, loss_equ:0.36021 loss_pq_vm:0.00148 loss_pq_va:0.00802 loss_pv_va:0.01027
INFO|2024-09-27 12:44:12: Epoch[051/100], iter[157/392], loss_total:0.08182, loss_equ:0.37194 loss_pq_vm:0.00208 loss_pq_va:0.01136 loss_pv_va:0.01249
INFO|2024-09-27 12:44:25: Epoch[051/100], iter[196/392], loss_total:0.09898, loss_equ:0.37416 loss_pq_vm:0.00340 loss_pq_va:0.01282 loss_pv_va:0.01478
INFO|2024-09-27 12:44:38: Epoch[051/100], iter[235/392], loss_total:0.07183, loss_equ:0.36309 loss_pq_vm:0.00160 loss_pq_va:0.00833 loss_pv_va:0.01119
INFO|2024-09-27 12:44:51: Epoch[051/100], iter[274/392], loss_total:0.07713, loss_equ:0.35189 loss_pq_vm:0.00151 loss_pq_va:0.01260 loss_pv_va:0.01422
INFO|2024-09-27 12:45:04: Epoch[051/100], iter[313/392], loss_total:0.07783, loss_equ:0.35279 loss_pq_vm:0.00151 loss_pq_va:0.01275 loss_pv_va:0.01472
INFO|2024-09-27 12:45:17: Epoch[051/100], iter[352/392], loss_total:0.07312, loss_equ:0.34480 loss_pq_vm:0.00148 loss_pq_va:0.01109 loss_pv_va:0.01276
INFO|2024-09-27 12:45:30: Epoch[051/100], iter[392/392], loss_total:0.07089, loss_equ:0.35658 loss_pq_vm:0.00150 loss_pq_va:0.00902 loss_pv_va:0.01122
INFO|2024-09-27 12:46:24: Epoch 50/100, lr:  0.00048945, eta: 2.52h, train_loss:  0.07592, valid_loss:  0.11941
INFO|2024-09-27 12:46:24: 	Train: PQ_Vm_rmse: 0.00225075  PQ_Va_rmse: 0.01488725  PV_Va_rmse: 0.01720528  delta_p: 0.24815048  delta_q: 0.07691456  
INFO|2024-09-27 12:46:24: 	ZTest: PQ_Vm_rmse: 0.00512299  PQ_Va_rmse: 0.05015828  PV_Va_rmse: 0.05731369  delta_p: 0.27991081  delta_q: 0.08681655  
INFO|2024-09-27 12:46:24: 	ZTest-ema: PQ_Vm_rmse: 0.004816  PQ_Va_rmse: 0.048104  PV_Va_rmse: 0.055208  delta_p: 0.276764  delta_q: 0.085423  
INFO|2024-09-27 12:46:24: 	           ValOfEMA:0.055208/0.055198,  Epoch:51/48
INFO|2024-09-27 12:46:25: 	Time(ep):185s,  Val(curr/best):0.057314/0.055159,  Epoch(curr/best):51/33
INFO|2024-09-27 12:46:25: -------------------- Epoch: 52 --------------------
INFO|2024-09-27 12:46:39: Epoch[052/100], iter[040/392], loss_total:0.07358, loss_equ:0.36581 loss_pq_vm:0.00171 loss_pq_va:0.00867 loss_pv_va:0.01124
INFO|2024-09-27 12:46:52: Epoch[052/100], iter[079/392], loss_total:0.07031, loss_equ:0.35866 loss_pq_vm:0.00178 loss_pq_va:0.00708 loss_pv_va:0.00954
INFO|2024-09-27 12:47:05: Epoch[052/100], iter[118/392], loss_total:0.07563, loss_equ:0.39197 loss_pq_vm:0.00155 loss_pq_va:0.00932 loss_pv_va:0.01160
INFO|2024-09-27 12:47:18: Epoch[052/100], iter[157/392], loss_total:0.08233, loss_equ:0.41736 loss_pq_vm:0.00177 loss_pq_va:0.00978 loss_pv_va:0.01311
INFO|2024-09-27 12:47:30: Epoch[052/100], iter[196/392], loss_total:0.07061, loss_equ:0.37020 loss_pq_vm:0.00146 loss_pq_va:0.00813 loss_pv_va:0.01084
INFO|2024-09-27 12:47:43: Epoch[052/100], iter[235/392], loss_total:0.06856, loss_equ:0.34565 loss_pq_vm:0.00147 loss_pq_va:0.00862 loss_pv_va:0.01063
INFO|2024-09-27 12:47:56: Epoch[052/100], iter[274/392], loss_total:0.07290, loss_equ:0.34633 loss_pq_vm:0.00148 loss_pq_va:0.01095 loss_pv_va:0.01252
INFO|2024-09-27 12:48:09: Epoch[052/100], iter[313/392], loss_total:0.07450, loss_equ:0.35032 loss_pq_vm:0.00152 loss_pq_va:0.01093 loss_pv_va:0.01331
INFO|2024-09-27 12:48:22: Epoch[052/100], iter[352/392], loss_total:0.07574, loss_equ:0.34437 loss_pq_vm:0.00155 loss_pq_va:0.01229 loss_pv_va:0.01354
INFO|2024-09-27 12:48:35: Epoch[052/100], iter[392/392], loss_total:0.07233, loss_equ:0.35389 loss_pq_vm:0.00143 loss_pq_va:0.01036 loss_pv_va:0.01225
INFO|2024-09-27 12:49:30: Epoch 51/100, lr:  0.00047392, eta: 2.46h, train_loss:  0.07470, valid_loss:  0.11077
INFO|2024-09-27 12:49:30: 	Train: PQ_Vm_rmse: 0.00219579  PQ_Va_rmse: 0.01421440  PV_Va_rmse: 0.01650424  delta_p: 0.25008757  delta_q: 0.07899262  
INFO|2024-09-27 12:49:30: 	ZTest: PQ_Vm_rmse: 0.00482902  PQ_Va_rmse: 0.04784475  PV_Va_rmse: 0.05495430  delta_p: 0.27993298  delta_q: 0.08643889  
INFO|2024-09-27 12:49:30: 	ZTest-ema: PQ_Vm_rmse: 0.004781  PQ_Va_rmse: 0.047969  PV_Va_rmse: 0.055107  delta_p: 0.276752  delta_q: 0.085424  
INFO|2024-09-27 12:49:30: 	           ValOfEMA:0.055107/0.055107,  Epoch:52/52
INFO|2024-09-27 12:49:31: 	Time(ep):184s,  Val(curr/best):0.054954/0.054954,  Epoch(curr/best):52/52
INFO|2024-09-27 12:49:31: -------------------- Epoch: 53 --------------------
INFO|2024-09-27 12:49:45: Epoch[053/100], iter[040/392], loss_total:0.06663, loss_equ:0.34133 loss_pq_vm:0.00149 loss_pq_va:0.00779 loss_pv_va:0.00983
INFO|2024-09-27 12:49:59: Epoch[053/100], iter[079/392], loss_total:0.06664, loss_equ:0.35026 loss_pq_vm:0.00140 loss_pq_va:0.00761 loss_pv_va:0.01003
INFO|2024-09-27 12:50:12: Epoch[053/100], iter[118/392], loss_total:0.07011, loss_equ:0.34058 loss_pq_vm:0.00141 loss_pq_va:0.01003 loss_pv_va:0.01192
INFO|2024-09-27 12:50:25: Epoch[053/100], iter[157/392], loss_total:0.06542, loss_equ:0.34516 loss_pq_vm:0.00150 loss_pq_va:0.00667 loss_pv_va:0.00924
INFO|2024-09-27 12:50:38: Epoch[053/100], iter[196/392], loss_total:0.07293, loss_equ:0.35064 loss_pq_vm:0.00167 loss_pq_va:0.00952 loss_pv_va:0.01167
INFO|2024-09-27 12:50:51: Epoch[053/100], iter[235/392], loss_total:0.07323, loss_equ:0.35249 loss_pq_vm:0.00170 loss_pq_va:0.00904 loss_pv_va:0.01196
INFO|2024-09-27 12:51:04: Epoch[053/100], iter[274/392], loss_total:0.07214, loss_equ:0.38628 loss_pq_vm:0.00181 loss_pq_va:0.00651 loss_pv_va:0.00890
INFO|2024-09-27 12:51:17: Epoch[053/100], iter[313/392], loss_total:0.07407, loss_equ:0.34939 loss_pq_vm:0.00190 loss_pq_va:0.00954 loss_pv_va:0.01062
INFO|2024-09-27 12:51:30: Epoch[053/100], iter[352/392], loss_total:0.09356, loss_equ:0.42495 loss_pq_vm:0.00212 loss_pq_va:0.01380 loss_pv_va:0.01608
INFO|2024-09-27 12:51:44: Epoch[053/100], iter[392/392], loss_total:0.07337, loss_equ:0.36543 loss_pq_vm:0.00172 loss_pq_va:0.00871 loss_pv_va:0.01087
INFO|2024-09-27 12:52:40: Epoch 52/100, lr:  0.00045842, eta: 2.47h, train_loss:  0.07595, valid_loss:  0.11840
INFO|2024-09-27 12:52:40: 	Train: PQ_Vm_rmse: 0.00226531  PQ_Va_rmse: 0.01486296  PV_Va_rmse: 0.01717783  delta_p: 0.24763953  delta_q: 0.07684900  
INFO|2024-09-27 12:52:40: 	ZTest: PQ_Vm_rmse: 0.00495169  PQ_Va_rmse: 0.05024285  PV_Va_rmse: 0.05711101  delta_p: 0.28887173  delta_q: 0.08976104  
INFO|2024-09-27 12:52:40: 	ZTest-ema: PQ_Vm_rmse: 0.004828  PQ_Va_rmse: 0.048055  PV_Va_rmse: 0.055207  delta_p: 0.276293  delta_q: 0.085053  
INFO|2024-09-27 12:52:40: 	           ValOfEMA:0.055207/0.055107,  Epoch:53/52
INFO|2024-09-27 12:52:41: 	Time(ep):189s,  Val(curr/best):0.057111/0.054954,  Epoch(curr/best):53/52
INFO|2024-09-27 12:52:41: -------------------- Epoch: 54 --------------------
INFO|2024-09-27 12:52:56: Epoch[054/100], iter[040/392], loss_total:0.07510, loss_equ:0.37720 loss_pq_vm:0.00162 loss_pq_va:0.00981 loss_pv_va:0.01138
INFO|2024-09-27 12:53:09: Epoch[054/100], iter[079/392], loss_total:0.07114, loss_equ:0.35556 loss_pq_vm:0.00155 loss_pq_va:0.00906 loss_pv_va:0.01104
INFO|2024-09-27 12:53:22: Epoch[054/100], iter[118/392], loss_total:0.07368, loss_equ:0.35932 loss_pq_vm:0.00175 loss_pq_va:0.00913 loss_pv_va:0.01111
INFO|2024-09-27 12:53:35: Epoch[054/100], iter[157/392], loss_total:0.10620, loss_equ:0.39604 loss_pq_vm:0.00309 loss_pq_va:0.01683 loss_pv_va:0.01887
INFO|2024-09-27 12:53:49: Epoch[054/100], iter[196/392], loss_total:0.07074, loss_equ:0.35598 loss_pq_vm:0.00163 loss_pq_va:0.00813 loss_pv_va:0.01067
INFO|2024-09-27 12:54:02: Epoch[054/100], iter[235/392], loss_total:0.07289, loss_equ:0.36209 loss_pq_vm:0.00151 loss_pq_va:0.00956 loss_pv_va:0.01205
INFO|2024-09-27 12:54:16: Epoch[054/100], iter[274/392], loss_total:0.08871, loss_equ:0.36338 loss_pq_vm:0.00169 loss_pq_va:0.01687 loss_pv_va:0.01864
INFO|2024-09-27 12:54:29: Epoch[054/100], iter[313/392], loss_total:0.08017, loss_equ:0.35004 loss_pq_vm:0.00162 loss_pq_va:0.01316 loss_pv_va:0.01579
INFO|2024-09-27 12:54:42: Epoch[054/100], iter[352/392], loss_total:0.07582, loss_equ:0.34492 loss_pq_vm:0.00149 loss_pq_va:0.01231 loss_pv_va:0.01407
INFO|2024-09-27 12:54:55: Epoch[054/100], iter[392/392], loss_total:0.07888, loss_equ:0.35076 loss_pq_vm:0.00171 loss_pq_va:0.01225 loss_pv_va:0.01446
INFO|2024-09-27 12:55:50: Epoch 53/100, lr:  0.00044296, eta: 2.42h, train_loss:  0.07637, valid_loss:  0.10910
INFO|2024-09-27 12:55:50: 	Train: PQ_Vm_rmse: 0.00230097  PQ_Va_rmse: 0.01480023  PV_Va_rmse: 0.01706423  delta_p: 0.24999304  delta_q: 0.07767186  
INFO|2024-09-27 12:55:50: 	ZTest: PQ_Vm_rmse: 0.00453999  PQ_Va_rmse: 0.04800171  PV_Va_rmse: 0.05516843  delta_p: 0.27846838  delta_q: 0.08595120  
INFO|2024-09-27 12:55:50: 	ZTest-ema: PQ_Vm_rmse: 0.004783  PQ_Va_rmse: 0.047929  PV_Va_rmse: 0.055071  delta_p: 0.276075  delta_q: 0.084995  
INFO|2024-09-27 12:55:50: 	           ValOfEMA:0.055071/0.055071,  Epoch:54/54
INFO|2024-09-27 12:55:51: 	Time(ep):189s,  Val(curr/best):0.055168/0.054954,  Epoch(curr/best):54/52
INFO|2024-09-27 12:55:51: -------------------- Epoch: 55 --------------------
INFO|2024-09-27 12:56:06: Epoch[055/100], iter[040/392], loss_total:0.07450, loss_equ:0.34631 loss_pq_vm:0.00155 loss_pq_va:0.01145 loss_pv_va:0.01290
INFO|2024-09-27 12:56:19: Epoch[055/100], iter[079/392], loss_total:0.06738, loss_equ:0.35790 loss_pq_vm:0.00147 loss_pq_va:0.00731 loss_pv_va:0.00960
INFO|2024-09-27 12:56:32: Epoch[055/100], iter[118/392], loss_total:0.07089, loss_equ:0.36887 loss_pq_vm:0.00157 loss_pq_va:0.00815 loss_pv_va:0.01015
INFO|2024-09-27 12:56:45: Epoch[055/100], iter[157/392], loss_total:0.07707, loss_equ:0.38113 loss_pq_vm:0.00165 loss_pq_va:0.01106 loss_pv_va:0.01141
INFO|2024-09-27 12:56:58: Epoch[055/100], iter[196/392], loss_total:0.07043, loss_equ:0.36317 loss_pq_vm:0.00151 loss_pq_va:0.00820 loss_pv_va:0.01078
INFO|2024-09-27 12:57:11: Epoch[055/100], iter[235/392], loss_total:0.08263, loss_equ:0.36626 loss_pq_vm:0.00243 loss_pq_va:0.01008 loss_pv_va:0.01163
INFO|2024-09-27 12:57:24: Epoch[055/100], iter[274/392], loss_total:0.07318, loss_equ:0.35812 loss_pq_vm:0.00153 loss_pq_va:0.00986 loss_pv_va:0.01221
INFO|2024-09-27 12:57:37: Epoch[055/100], iter[313/392], loss_total:0.07221, loss_equ:0.36411 loss_pq_vm:0.00164 loss_pq_va:0.00832 loss_pv_va:0.01113
INFO|2024-09-27 12:57:50: Epoch[055/100], iter[352/392], loss_total:0.07104, loss_equ:0.35706 loss_pq_vm:0.00151 loss_pq_va:0.00894 loss_pv_va:0.01126
INFO|2024-09-27 12:58:04: Epoch[055/100], iter[392/392], loss_total:0.07919, loss_equ:0.35151 loss_pq_vm:0.00219 loss_pq_va:0.00970 loss_pv_va:0.01247
INFO|2024-09-27 12:58:58: Epoch 54/100, lr:  0.00042756, eta: 2.34h, train_loss:  0.07386, valid_loss:  0.11707
INFO|2024-09-27 12:58:58: 	Train: PQ_Vm_rmse: 0.00216462  PQ_Va_rmse: 0.01395543  PV_Va_rmse: 0.01624717  delta_p: 0.25256374  delta_q: 0.07682413  
INFO|2024-09-27 12:58:58: 	ZTest: PQ_Vm_rmse: 0.00505938  PQ_Va_rmse: 0.04954176  PV_Va_rmse: 0.05716498  delta_p: 0.28303335  delta_q: 0.08908940  
INFO|2024-09-27 12:58:58: 	ZTest-ema: PQ_Vm_rmse: 0.004809  PQ_Va_rmse: 0.047965  PV_Va_rmse: 0.055120  delta_p: 0.275676  delta_q: 0.084677  
INFO|2024-09-27 12:58:58: 	           ValOfEMA:0.055120/0.055071,  Epoch:55/54
INFO|2024-09-27 12:58:59: 	Time(ep):187s,  Val(curr/best):0.057165/0.054954,  Epoch(curr/best):55/52
INFO|2024-09-27 12:58:59: -------------------- Epoch: 56 --------------------
INFO|2024-09-27 12:59:14: Epoch[056/100], iter[040/392], loss_total:0.06841, loss_equ:0.35647 loss_pq_vm:0.00149 loss_pq_va:0.00785 loss_pv_va:0.01000
INFO|2024-09-27 12:59:27: Epoch[056/100], iter[079/392], loss_total:0.06815, loss_equ:0.36152 loss_pq_vm:0.00156 loss_pq_va:0.00683 loss_pv_va:0.00962
INFO|2024-09-27 12:59:40: Epoch[056/100], iter[118/392], loss_total:0.07083, loss_equ:0.34854 loss_pq_vm:0.00156 loss_pq_va:0.00929 loss_pv_va:0.01113
INFO|2024-09-27 12:59:53: Epoch[056/100], iter[157/392], loss_total:0.07427, loss_equ:0.35943 loss_pq_vm:0.00155 loss_pq_va:0.01058 loss_pv_va:0.01228
INFO|2024-09-27 13:00:06: Epoch[056/100], iter[196/392], loss_total:0.08856, loss_equ:0.36042 loss_pq_vm:0.00231 loss_pq_va:0.01349 loss_pv_va:0.01596
INFO|2024-09-27 13:00:19: Epoch[056/100], iter[235/392], loss_total:0.07370, loss_equ:0.38458 loss_pq_vm:0.00177 loss_pq_va:0.00740 loss_pv_va:0.01015
INFO|2024-09-27 13:00:32: Epoch[056/100], iter[274/392], loss_total:0.08268, loss_equ:0.37072 loss_pq_vm:0.00177 loss_pq_va:0.01327 loss_pv_va:0.01463
INFO|2024-09-27 13:00:44: Epoch[056/100], iter[313/392], loss_total:0.09529, loss_equ:0.36947 loss_pq_vm:0.00184 loss_pq_va:0.01981 loss_pv_va:0.02012
INFO|2024-09-27 13:00:57: Epoch[056/100], iter[352/392], loss_total:0.07089, loss_equ:0.35049 loss_pq_vm:0.00175 loss_pq_va:0.00821 loss_pv_va:0.01016
INFO|2024-09-27 13:01:10: Epoch[056/100], iter[392/392], loss_total:0.08838, loss_equ:0.36247 loss_pq_vm:0.00221 loss_pq_va:0.01410 loss_pv_va:0.01593
INFO|2024-09-27 13:02:05: Epoch 55/100, lr:  0.00041225, eta: 2.27h, train_loss:  0.07606, valid_loss:  0.11747
INFO|2024-09-27 13:02:05: 	Train: PQ_Vm_rmse: 0.00227712  PQ_Va_rmse: 0.01475840  PV_Va_rmse: 0.01705844  delta_p: 0.25094750  delta_q: 0.07667053  
INFO|2024-09-27 13:02:05: 	ZTest: PQ_Vm_rmse: 0.00451152  PQ_Va_rmse: 0.04833508  PV_Va_rmse: 0.05539414  delta_p: 0.28691478  delta_q: 0.09599157  
INFO|2024-09-27 13:02:05: 	ZTest-ema: PQ_Vm_rmse: 0.004793  PQ_Va_rmse: 0.048035  PV_Va_rmse: 0.055189  delta_p: 0.275706  delta_q: 0.084590  
INFO|2024-09-27 13:02:05: 	           ValOfEMA:0.055189/0.055071,  Epoch:56/54
INFO|2024-09-27 13:02:06: 	Time(ep):185s,  Val(curr/best):0.055394/0.054954,  Epoch(curr/best):56/52
INFO|2024-09-27 13:02:06: -------------------- Epoch: 57 --------------------
INFO|2024-09-27 13:02:20: Epoch[057/100], iter[040/392], loss_total:0.07448, loss_equ:0.35589 loss_pq_vm:0.00179 loss_pq_va:0.00924 loss_pv_va:0.01176
INFO|2024-09-27 13:02:33: Epoch[057/100], iter[079/392], loss_total:0.07447, loss_equ:0.35052 loss_pq_vm:0.00159 loss_pq_va:0.01074 loss_pv_va:0.01279
INFO|2024-09-27 13:02:46: Epoch[057/100], iter[118/392], loss_total:0.06643, loss_equ:0.34579 loss_pq_vm:0.00136 loss_pq_va:0.00806 loss_pv_va:0.01022
INFO|2024-09-27 13:02:59: Epoch[057/100], iter[157/392], loss_total:0.07043, loss_equ:0.35560 loss_pq_vm:0.00156 loss_pq_va:0.00845 loss_pv_va:0.01085
INFO|2024-09-27 13:03:12: Epoch[057/100], iter[196/392], loss_total:0.08440, loss_equ:0.35708 loss_pq_vm:0.00188 loss_pq_va:0.01375 loss_pv_va:0.01610
INFO|2024-09-27 13:03:24: Epoch[057/100], iter[235/392], loss_total:0.07561, loss_equ:0.35227 loss_pq_vm:0.00170 loss_pq_va:0.01083 loss_pv_va:0.01254
INFO|2024-09-27 13:03:37: Epoch[057/100], iter[274/392], loss_total:0.06770, loss_equ:0.35049 loss_pq_vm:0.00140 loss_pq_va:0.00843 loss_pv_va:0.01026
INFO|2024-09-27 13:03:50: Epoch[057/100], iter[313/392], loss_total:0.06695, loss_equ:0.34437 loss_pq_vm:0.00141 loss_pq_va:0.00801 loss_pv_va:0.01037
INFO|2024-09-27 13:04:03: Epoch[057/100], iter[352/392], loss_total:0.06563, loss_equ:0.34394 loss_pq_vm:0.00140 loss_pq_va:0.00738 loss_pv_va:0.00983
INFO|2024-09-27 13:04:16: Epoch[057/100], iter[392/392], loss_total:0.06969, loss_equ:0.36303 loss_pq_vm:0.00157 loss_pq_va:0.00768 loss_pv_va:0.00998
INFO|2024-09-27 13:05:10: Epoch 56/100, lr:  0.00039702, eta: 2.2h, train_loss:  0.07230, valid_loss:  0.12563
INFO|2024-09-27 13:05:10: 	Train: PQ_Vm_rmse: 0.00216251  PQ_Va_rmse: 0.01340100  PV_Va_rmse: 0.01570225  delta_p: 0.24527190  delta_q: 0.07505260  
INFO|2024-09-27 13:05:10: 	ZTest: PQ_Vm_rmse: 0.00579794  PQ_Va_rmse: 0.04922753  PV_Va_rmse: 0.05694433  delta_p: 0.28652693  delta_q: 0.08904110  
INFO|2024-09-27 13:05:10: 	ZTest-ema: PQ_Vm_rmse: 0.004754  PQ_Va_rmse: 0.047899  PV_Va_rmse: 0.055032  delta_p: 0.275331  delta_q: 0.084445  
INFO|2024-09-27 13:05:10: 	           ValOfEMA:0.055032/0.055032,  Epoch:57/57
INFO|2024-09-27 13:05:11: 	Time(ep):184s,  Val(curr/best):0.056944/0.054954,  Epoch(curr/best):57/52
INFO|2024-09-27 13:05:11: -------------------- Epoch: 58 --------------------
INFO|2024-09-27 13:05:25: Epoch[058/100], iter[040/392], loss_total:0.07653, loss_equ:0.35856 loss_pq_vm:0.00173 loss_pq_va:0.00926 loss_pv_va:0.01408
INFO|2024-09-27 13:05:38: Epoch[058/100], iter[079/392], loss_total:0.06703, loss_equ:0.34865 loss_pq_vm:0.00151 loss_pq_va:0.00733 loss_pv_va:0.00969
INFO|2024-09-27 13:05:51: Epoch[058/100], iter[118/392], loss_total:0.06681, loss_equ:0.34133 loss_pq_vm:0.00148 loss_pq_va:0.00761 loss_pv_va:0.01026
INFO|2024-09-27 13:06:05: Epoch[058/100], iter[157/392], loss_total:0.06902, loss_equ:0.35563 loss_pq_vm:0.00148 loss_pq_va:0.00810 loss_pv_va:0.01059
INFO|2024-09-27 13:06:18: Epoch[058/100], iter[196/392], loss_total:0.06944, loss_equ:0.35520 loss_pq_vm:0.00143 loss_pq_va:0.00883 loss_pv_va:0.01082
INFO|2024-09-27 13:06:31: Epoch[058/100], iter[235/392], loss_total:0.07063, loss_equ:0.35679 loss_pq_vm:0.00151 loss_pq_va:0.00877 loss_pv_va:0.01112
INFO|2024-09-27 13:06:44: Epoch[058/100], iter[274/392], loss_total:0.07463, loss_equ:0.36716 loss_pq_vm:0.00156 loss_pq_va:0.00985 loss_pv_va:0.01251
INFO|2024-09-27 13:06:57: Epoch[058/100], iter[313/392], loss_total:0.07399, loss_equ:0.35273 loss_pq_vm:0.00159 loss_pq_va:0.01029 loss_pv_va:0.01257
INFO|2024-09-27 13:07:10: Epoch[058/100], iter[352/392], loss_total:0.08030, loss_equ:0.34648 loss_pq_vm:0.00160 loss_pq_va:0.01369 loss_pv_va:0.01597
INFO|2024-09-27 13:07:23: Epoch[058/100], iter[392/392], loss_total:0.07194, loss_equ:0.35386 loss_pq_vm:0.00152 loss_pq_va:0.00949 loss_pv_va:0.01190
INFO|2024-09-27 13:08:18: Epoch 57/100, lr:  0.00038190, eta: 2.18h, train_loss:  0.07257, valid_loss:  0.11641
INFO|2024-09-27 13:08:18: 	Train: PQ_Vm_rmse: 0.00215466  PQ_Va_rmse: 0.01350836  PV_Va_rmse: 0.01583834  delta_p: 0.24614396  delta_q: 0.07513696  
INFO|2024-09-27 13:08:18: 	ZTest: PQ_Vm_rmse: 0.00510453  PQ_Va_rmse: 0.04940338  PV_Va_rmse: 0.05653035  delta_p: 0.28138217  delta_q: 0.08644410  
INFO|2024-09-27 13:08:18: 	ZTest-ema: PQ_Vm_rmse: 0.004756  PQ_Va_rmse: 0.047875  PV_Va_rmse: 0.055013  delta_p: 0.275124  delta_q: 0.084302  
INFO|2024-09-27 13:08:18: 	           ValOfEMA:0.055013/0.055013,  Epoch:58/58
INFO|2024-09-27 13:08:18: 	Time(ep):186s,  Val(curr/best):0.056530/0.054954,  Epoch(curr/best):58/52
INFO|2024-09-27 13:08:18: -------------------- Epoch: 59 --------------------
INFO|2024-09-27 13:08:33: Epoch[059/100], iter[040/392], loss_total:0.07287, loss_equ:0.35716 loss_pq_vm:0.00146 loss_pq_va:0.01062 loss_pv_va:0.01197
INFO|2024-09-27 13:08:46: Epoch[059/100], iter[079/392], loss_total:0.06676, loss_equ:0.34442 loss_pq_vm:0.00139 loss_pq_va:0.00801 loss_pv_va:0.01044
INFO|2024-09-27 13:08:59: Epoch[059/100], iter[118/392], loss_total:0.07451, loss_equ:0.38248 loss_pq_vm:0.00157 loss_pq_va:0.00915 loss_pv_va:0.01141
INFO|2024-09-27 13:09:13: Epoch[059/100], iter[157/392], loss_total:0.08132, loss_equ:0.36564 loss_pq_vm:0.00254 loss_pq_va:0.00861 loss_pv_va:0.01078
INFO|2024-09-27 13:09:26: Epoch[059/100], iter[196/392], loss_total:0.07375, loss_equ:0.38006 loss_pq_vm:0.00162 loss_pq_va:0.00896 loss_pv_va:0.01055
INFO|2024-09-27 13:09:39: Epoch[059/100], iter[235/392], loss_total:0.07646, loss_equ:0.34252 loss_pq_vm:0.00161 loss_pq_va:0.01248 loss_pv_va:0.01366
INFO|2024-09-27 13:09:52: Epoch[059/100], iter[274/392], loss_total:0.07510, loss_equ:0.35107 loss_pq_vm:0.00168 loss_pq_va:0.01020 loss_pv_va:0.01295
INFO|2024-09-27 13:10:05: Epoch[059/100], iter[313/392], loss_total:0.06863, loss_equ:0.34921 loss_pq_vm:0.00145 loss_pq_va:0.00831 loss_pv_va:0.01087
INFO|2024-09-27 13:10:18: Epoch[059/100], iter[352/392], loss_total:0.06914, loss_equ:0.35479 loss_pq_vm:0.00145 loss_pq_va:0.00837 loss_pv_va:0.01084
INFO|2024-09-27 13:10:32: Epoch[059/100], iter[392/392], loss_total:0.07118, loss_equ:0.35165 loss_pq_vm:0.00154 loss_pq_va:0.00915 loss_pv_va:0.01152
INFO|2024-09-27 13:11:27: Epoch 58/100, lr:  0.00036690, eta: 2.16h, train_loss:  0.07228, valid_loss:  0.10942
INFO|2024-09-27 13:11:27: 	Train: PQ_Vm_rmse: 0.00212843  PQ_Va_rmse: 0.01353331  PV_Va_rmse: 0.01581497  delta_p: 0.24599892  delta_q: 0.07565398  
INFO|2024-09-27 13:11:27: 	ZTest: PQ_Vm_rmse: 0.00449625  PQ_Va_rmse: 0.04801327  PV_Va_rmse: 0.05509013  delta_p: 0.28102767  delta_q: 0.08683250  
INFO|2024-09-27 13:11:27: 	ZTest-ema: PQ_Vm_rmse: 0.004756  PQ_Va_rmse: 0.047787  PV_Va_rmse: 0.054916  delta_p: 0.274761  delta_q: 0.084261  
INFO|2024-09-27 13:11:27: 	           ValOfEMA:0.054916/0.054916,  Epoch:59/59
INFO|2024-09-27 13:11:28: 	Time(ep):189s,  Val(curr/best):0.055090/0.054954,  Epoch(curr/best):59/52
INFO|2024-09-27 13:11:28: -------------------- Epoch: 60 --------------------
INFO|2024-09-27 13:11:43: Epoch[060/100], iter[040/392], loss_total:0.08259, loss_equ:0.35635 loss_pq_vm:0.00144 loss_pq_va:0.01394 loss_pv_va:0.01857
INFO|2024-09-27 13:11:56: Epoch[060/100], iter[079/392], loss_total:0.06556, loss_equ:0.34699 loss_pq_vm:0.00138 loss_pq_va:0.00729 loss_pv_va:0.00976
INFO|2024-09-27 13:12:10: Epoch[060/100], iter[118/392], loss_total:0.07017, loss_equ:0.37843 loss_pq_vm:0.00150 loss_pq_va:0.00756 loss_pv_va:0.00978
INFO|2024-09-27 13:12:23: Epoch[060/100], iter[157/392], loss_total:0.06886, loss_equ:0.34459 loss_pq_vm:0.00139 loss_pq_va:0.00953 loss_pv_va:0.01101
INFO|2024-09-27 13:12:36: Epoch[060/100], iter[196/392], loss_total:0.07647, loss_equ:0.35412 loss_pq_vm:0.00182 loss_pq_va:0.01045 loss_pv_va:0.01240
INFO|2024-09-27 13:12:49: Epoch[060/100], iter[235/392], loss_total:0.07541, loss_equ:0.35111 loss_pq_vm:0.00166 loss_pq_va:0.01088 loss_pv_va:0.01277
INFO|2024-09-27 13:13:03: Epoch[060/100], iter[274/392], loss_total:0.06572, loss_equ:0.34765 loss_pq_vm:0.00136 loss_pq_va:0.00750 loss_pv_va:0.00986
INFO|2024-09-27 13:13:15: Epoch[060/100], iter[313/392], loss_total:0.08321, loss_equ:0.35726 loss_pq_vm:0.00267 loss_pq_va:0.00908 loss_pv_va:0.01171
INFO|2024-09-27 13:13:28: Epoch[060/100], iter[352/392], loss_total:0.07518, loss_equ:0.35654 loss_pq_vm:0.00176 loss_pq_va:0.00993 loss_pv_va:0.01196
INFO|2024-09-27 13:13:42: Epoch[060/100], iter[392/392], loss_total:0.07059, loss_equ:0.35340 loss_pq_vm:0.00152 loss_pq_va:0.00902 loss_pv_va:0.01103
INFO|2024-09-27 13:14:37: Epoch 59/100, lr:  0.00035204, eta: 2.1h, train_loss:  0.07235, valid_loss:  0.11864
INFO|2024-09-27 13:14:37: 	Train: PQ_Vm_rmse: 0.00215128  PQ_Va_rmse: 0.01330540  PV_Va_rmse: 0.01559949  delta_p: 0.24707624  delta_q: 0.07534603  
INFO|2024-09-27 13:14:37: 	ZTest: PQ_Vm_rmse: 0.00551855  PQ_Va_rmse: 0.04908174  PV_Va_rmse: 0.05624832  delta_p: 0.27951230  delta_q: 0.08625405  
INFO|2024-09-27 13:14:37: 	ZTest-ema: PQ_Vm_rmse: 0.004767  PQ_Va_rmse: 0.047889  PV_Va_rmse: 0.055042  delta_p: 0.275070  delta_q: 0.084168  
INFO|2024-09-27 13:14:37: 	           ValOfEMA:0.055042/0.054916,  Epoch:60/59
INFO|2024-09-27 13:14:37: 	Time(ep):188s,  Val(curr/best):0.056248/0.054954,  Epoch(curr/best):60/52
INFO|2024-09-27 13:14:37: -------------------- Epoch: 61 --------------------
INFO|2024-09-27 13:14:52: Epoch[061/100], iter[040/392], loss_total:0.08360, loss_equ:0.39651 loss_pq_vm:0.00185 loss_pq_va:0.01243 loss_pv_va:0.01299
INFO|2024-09-27 13:15:05: Epoch[061/100], iter[079/392], loss_total:0.07613, loss_equ:0.36215 loss_pq_vm:0.00168 loss_pq_va:0.01044 loss_pv_va:0.01264
INFO|2024-09-27 13:15:19: Epoch[061/100], iter[118/392], loss_total:0.07747, loss_equ:0.34859 loss_pq_vm:0.00172 loss_pq_va:0.01165 loss_pv_va:0.01372
INFO|2024-09-27 13:15:32: Epoch[061/100], iter[157/392], loss_total:0.06853, loss_equ:0.35389 loss_pq_vm:0.00143 loss_pq_va:0.00817 loss_pv_va:0.01066
INFO|2024-09-27 13:15:45: Epoch[061/100], iter[196/392], loss_total:0.06567, loss_equ:0.34694 loss_pq_vm:0.00139 loss_pq_va:0.00727 loss_pv_va:0.00981
INFO|2024-09-27 13:15:58: Epoch[061/100], iter[235/392], loss_total:0.09803, loss_equ:0.35931 loss_pq_vm:0.00302 loss_pq_va:0.01474 loss_pv_va:0.01714
INFO|2024-09-27 13:16:11: Epoch[061/100], iter[274/392], loss_total:0.07662, loss_equ:0.34955 loss_pq_vm:0.00184 loss_pq_va:0.01024 loss_pv_va:0.01304
INFO|2024-09-27 13:16:24: Epoch[061/100], iter[313/392], loss_total:0.07337, loss_equ:0.34727 loss_pq_vm:0.00179 loss_pq_va:0.00902 loss_pv_va:0.01167
INFO|2024-09-27 13:16:37: Epoch[061/100], iter[352/392], loss_total:0.06936, loss_equ:0.35285 loss_pq_vm:0.00147 loss_pq_va:0.00867 loss_pv_va:0.01070
INFO|2024-09-27 13:16:50: Epoch[061/100], iter[392/392], loss_total:0.06706, loss_equ:0.34917 loss_pq_vm:0.00136 loss_pq_va:0.00814 loss_pv_va:0.01045
INFO|2024-09-27 13:17:43: Epoch 60/100, lr:  0.00033732, eta: 2.02h, train_loss:  0.07163, valid_loss:  0.10898
INFO|2024-09-27 13:17:43: 	Train: PQ_Vm_rmse: 0.00215256  PQ_Va_rmse: 0.01313027  PV_Va_rmse: 0.01543970  delta_p: 0.24539093  delta_q: 0.07479262  
INFO|2024-09-27 13:17:43: 	ZTest: PQ_Vm_rmse: 0.00486125  PQ_Va_rmse: 0.04795896  PV_Va_rmse: 0.05511834  delta_p: 0.27694357  delta_q: 0.08484312  
INFO|2024-09-27 13:17:43: 	ZTest-ema: PQ_Vm_rmse: 0.004763  PQ_Va_rmse: 0.047809  PV_Va_rmse: 0.054946  delta_p: 0.274565  delta_q: 0.084080  
INFO|2024-09-27 13:17:43: 	           ValOfEMA:0.054946/0.054916,  Epoch:61/59
INFO|2024-09-27 13:17:44: 	Time(ep):186s,  Val(curr/best):0.055118/0.054954,  Epoch(curr/best):61/52
INFO|2024-09-27 13:17:44: -------------------- Epoch: 62 --------------------
INFO|2024-09-27 13:17:59: Epoch[062/100], iter[040/392], loss_total:0.06979, loss_equ:0.34126 loss_pq_vm:0.00147 loss_pq_va:0.00937 loss_pv_va:0.01160
INFO|2024-09-27 13:18:11: Epoch[062/100], iter[079/392], loss_total:0.06720, loss_equ:0.35322 loss_pq_vm:0.00141 loss_pq_va:0.00778 loss_pv_va:0.00994
INFO|2024-09-27 13:18:24: Epoch[062/100], iter[118/392], loss_total:0.07367, loss_equ:0.35875 loss_pq_vm:0.00176 loss_pq_va:0.00910 loss_pv_va:0.01110
INFO|2024-09-27 13:18:37: Epoch[062/100], iter[157/392], loss_total:0.07062, loss_equ:0.35032 loss_pq_vm:0.00143 loss_pq_va:0.00985 loss_pv_va:0.01146
INFO|2024-09-27 13:18:50: Epoch[062/100], iter[196/392], loss_total:0.06798, loss_equ:0.33730 loss_pq_vm:0.00141 loss_pq_va:0.00903 loss_pv_va:0.01116
INFO|2024-09-27 13:19:03: Epoch[062/100], iter[235/392], loss_total:0.06197, loss_equ:0.33818 loss_pq_vm:0.00134 loss_pq_va:0.00609 loss_pv_va:0.00865
INFO|2024-09-27 13:19:16: Epoch[062/100], iter[274/392], loss_total:0.11119, loss_equ:0.35007 loss_pq_vm:0.00273 loss_pq_va:0.02364 loss_pv_va:0.02523
INFO|2024-09-27 13:19:28: Epoch[062/100], iter[313/392], loss_total:0.06699, loss_equ:0.34349 loss_pq_vm:0.00139 loss_pq_va:0.00827 loss_pv_va:0.01043
INFO|2024-09-27 13:19:41: Epoch[062/100], iter[352/392], loss_total:0.07138, loss_equ:0.34589 loss_pq_vm:0.00155 loss_pq_va:0.00982 loss_pv_va:0.01148
INFO|2024-09-27 13:19:54: Epoch[062/100], iter[392/392], loss_total:0.06980, loss_equ:0.34931 loss_pq_vm:0.00155 loss_pq_va:0.00863 loss_pv_va:0.01072
INFO|2024-09-27 13:20:49: Epoch 61/100, lr:  0.00032278, eta: 1.95h, train_loss:  0.06978, valid_loss:  0.10792
INFO|2024-09-27 13:20:49: 	Train: PQ_Vm_rmse: 0.00203036  PQ_Va_rmse: 0.01296707  PV_Va_rmse: 0.01521001  delta_p: 0.24101680  delta_q: 0.07367476  
INFO|2024-09-27 13:20:49: 	ZTest: PQ_Vm_rmse: 0.00456471  PQ_Va_rmse: 0.04753097  PV_Va_rmse: 0.05462167  delta_p: 0.28092101  delta_q: 0.08694806  
INFO|2024-09-27 13:20:49: 	ZTest-ema: PQ_Vm_rmse: 0.004744  PQ_Va_rmse: 0.047886  PV_Va_rmse: 0.055030  delta_p: 0.274126  delta_q: 0.083792  
INFO|2024-09-27 13:20:49: 	           ValOfEMA:0.055030/0.054916,  Epoch:62/59
INFO|2024-09-27 13:20:50: 	Time(ep):184s,  Val(curr/best):0.054622/0.054622,  Epoch(curr/best):62/62
INFO|2024-09-27 13:20:50: -------------------- Epoch: 63 --------------------
INFO|2024-09-27 13:21:05: Epoch[063/100], iter[040/392], loss_total:0.06474, loss_equ:0.34651 loss_pq_vm:0.00140 loss_pq_va:0.00696 loss_pv_va:0.00916
INFO|2024-09-27 13:21:18: Epoch[063/100], iter[079/392], loss_total:0.06466, loss_equ:0.33986 loss_pq_vm:0.00136 loss_pq_va:0.00737 loss_pv_va:0.00967
INFO|2024-09-27 13:21:31: Epoch[063/100], iter[118/392], loss_total:0.06609, loss_equ:0.34825 loss_pq_vm:0.00138 loss_pq_va:0.00788 loss_pv_va:0.00959
INFO|2024-09-27 13:21:44: Epoch[063/100], iter[157/392], loss_total:0.07751, loss_equ:0.34953 loss_pq_vm:0.00155 loss_pq_va:0.01291 loss_pv_va:0.01414
INFO|2024-09-27 13:21:56: Epoch[063/100], iter[196/392], loss_total:0.07181, loss_equ:0.34274 loss_pq_vm:0.00173 loss_pq_va:0.00910 loss_pv_va:0.01112
INFO|2024-09-27 13:22:09: Epoch[063/100], iter[235/392], loss_total:0.07079, loss_equ:0.37363 loss_pq_vm:0.00151 loss_pq_va:0.00776 loss_pv_va:0.01058
INFO|2024-09-27 13:22:22: Epoch[063/100], iter[274/392], loss_total:0.06699, loss_equ:0.35053 loss_pq_vm:0.00142 loss_pq_va:0.00774 loss_pv_va:0.01002
INFO|2024-09-27 13:22:35: Epoch[063/100], iter[313/392], loss_total:0.07159, loss_equ:0.35228 loss_pq_vm:0.00168 loss_pq_va:0.00900 loss_pv_va:0.01058
INFO|2024-09-27 13:22:48: Epoch[063/100], iter[352/392], loss_total:0.07061, loss_equ:0.35134 loss_pq_vm:0.00150 loss_pq_va:0.00917 loss_pv_va:0.01129
INFO|2024-09-27 13:23:01: Epoch[063/100], iter[392/392], loss_total:0.06850, loss_equ:0.34968 loss_pq_vm:0.00149 loss_pq_va:0.00823 loss_pv_va:0.01042
INFO|2024-09-27 13:23:55: Epoch 62/100, lr:  0.00030841, eta: 1.9h, train_loss:  0.06977, valid_loss:  0.10679
INFO|2024-09-27 13:23:55: 	Train: PQ_Vm_rmse: 0.00203318  PQ_Va_rmse: 0.01236874  PV_Va_rmse: 0.01466887  delta_p: 0.24681782  delta_q: 0.07544541  
INFO|2024-09-27 13:23:55: 	ZTest: PQ_Vm_rmse: 0.00443133  PQ_Va_rmse: 0.04726833  PV_Va_rmse: 0.05430233  delta_p: 0.28095765  delta_q: 0.08678100  
INFO|2024-09-27 13:23:55: 	ZTest-ema: PQ_Vm_rmse: 0.004776  PQ_Va_rmse: 0.047884  PV_Va_rmse: 0.055005  delta_p: 0.274013  delta_q: 0.083693  
INFO|2024-09-27 13:23:55: 	           ValOfEMA:0.055005/0.054916,  Epoch:63/59
INFO|2024-09-27 13:23:57: 	Time(ep):185s,  Val(curr/best):0.054302/0.054302,  Epoch(curr/best):63/63
INFO|2024-09-27 13:23:57: -------------------- Epoch: 64 --------------------
INFO|2024-09-27 13:24:12: Epoch[064/100], iter[040/392], loss_total:0.06641, loss_equ:0.34452 loss_pq_vm:0.00139 loss_pq_va:0.00819 loss_pv_va:0.00988
INFO|2024-09-27 13:24:25: Epoch[064/100], iter[079/392], loss_total:0.06837, loss_equ:0.34689 loss_pq_vm:0.00144 loss_pq_va:0.00849 loss_pv_va:0.01075
INFO|2024-09-27 13:24:38: Epoch[064/100], iter[118/392], loss_total:0.07541, loss_equ:0.34415 loss_pq_vm:0.00178 loss_pq_va:0.01097 loss_pv_va:0.01221
INFO|2024-09-27 13:24:51: Epoch[064/100], iter[157/392], loss_total:0.06987, loss_equ:0.34800 loss_pq_vm:0.00147 loss_pq_va:0.00912 loss_pv_va:0.01129
INFO|2024-09-27 13:25:04: Epoch[064/100], iter[196/392], loss_total:0.07522, loss_equ:0.34892 loss_pq_vm:0.00154 loss_pq_va:0.01127 loss_pv_va:0.01370
INFO|2024-09-27 13:25:18: Epoch[064/100], iter[235/392], loss_total:0.06766, loss_equ:0.34539 loss_pq_vm:0.00144 loss_pq_va:0.00869 loss_pv_va:0.01002
INFO|2024-09-27 13:25:31: Epoch[064/100], iter[274/392], loss_total:0.07364, loss_equ:0.34693 loss_pq_vm:0.00151 loss_pq_va:0.01052 loss_pv_va:0.01335
INFO|2024-09-27 13:25:44: Epoch[064/100], iter[313/392], loss_total:0.06516, loss_equ:0.34592 loss_pq_vm:0.00134 loss_pq_va:0.00772 loss_pv_va:0.00944
INFO|2024-09-27 13:25:57: Epoch[064/100], iter[352/392], loss_total:0.06604, loss_equ:0.34139 loss_pq_vm:0.00138 loss_pq_va:0.00759 loss_pv_va:0.01050
INFO|2024-09-27 13:26:10: Epoch[064/100], iter[392/392], loss_total:0.06293, loss_equ:0.33871 loss_pq_vm:0.00129 loss_pq_va:0.00669 loss_pv_va:0.00942
INFO|2024-09-27 13:27:05: Epoch 63/100, lr:  0.00029424, eta: 1.88h, train_loss:  0.06864, valid_loss:  0.10739
INFO|2024-09-27 13:27:05: 	Train: PQ_Vm_rmse: 0.00198430  PQ_Va_rmse: 0.01246111  PV_Va_rmse: 0.01472321  delta_p: 0.23978880  delta_q: 0.07292933  
INFO|2024-09-27 13:27:05: 	ZTest: PQ_Vm_rmse: 0.00465988  PQ_Va_rmse: 0.04753047  PV_Va_rmse: 0.05468860  delta_p: 0.27513077  delta_q: 0.08428918  
INFO|2024-09-27 13:27:05: 	ZTest-ema: PQ_Vm_rmse: 0.004751  PQ_Va_rmse: 0.047852  PV_Va_rmse: 0.054971  delta_p: 0.273667  delta_q: 0.083556  
INFO|2024-09-27 13:27:05: 	           ValOfEMA:0.054971/0.054916,  Epoch:64/59
INFO|2024-09-27 13:27:05: 	Time(ep):187s,  Val(curr/best):0.054689/0.054302,  Epoch(curr/best):64/63
INFO|2024-09-27 13:27:05: -------------------- Epoch: 65 --------------------
INFO|2024-09-27 13:27:20: Epoch[065/100], iter[040/392], loss_total:0.06774, loss_equ:0.34083 loss_pq_vm:0.00139 loss_pq_va:0.00900 loss_pv_va:0.01075
INFO|2024-09-27 13:27:33: Epoch[065/100], iter[079/392], loss_total:0.06422, loss_equ:0.33646 loss_pq_vm:0.00136 loss_pq_va:0.00719 loss_pv_va:0.00973
INFO|2024-09-27 13:27:46: Epoch[065/100], iter[118/392], loss_total:0.06418, loss_equ:0.33948 loss_pq_vm:0.00133 loss_pq_va:0.00738 loss_pv_va:0.00958
INFO|2024-09-27 13:27:59: Epoch[065/100], iter[157/392], loss_total:0.06328, loss_equ:0.33635 loss_pq_vm:0.00143 loss_pq_va:0.00653 loss_pv_va:0.00886
INFO|2024-09-27 13:28:12: Epoch[065/100], iter[196/392], loss_total:0.07071, loss_equ:0.34095 loss_pq_vm:0.00175 loss_pq_va:0.00862 loss_pv_va:0.01048
INFO|2024-09-27 13:28:25: Epoch[065/100], iter[235/392], loss_total:0.07460, loss_equ:0.33932 loss_pq_vm:0.00167 loss_pq_va:0.01116 loss_pv_va:0.01280
INFO|2024-09-27 13:28:38: Epoch[065/100], iter[274/392], loss_total:0.07638, loss_equ:0.34740 loss_pq_vm:0.00194 loss_pq_va:0.00996 loss_pv_va:0.01224
INFO|2024-09-27 13:28:51: Epoch[065/100], iter[313/392], loss_total:0.06548, loss_equ:0.34248 loss_pq_vm:0.00131 loss_pq_va:0.00791 loss_pv_va:0.01018
INFO|2024-09-27 13:29:04: Epoch[065/100], iter[352/392], loss_total:0.06779, loss_equ:0.34245 loss_pq_vm:0.00169 loss_pq_va:0.00731 loss_pv_va:0.00932
INFO|2024-09-27 13:29:18: Epoch[065/100], iter[392/392], loss_total:0.06748, loss_equ:0.34632 loss_pq_vm:0.00165 loss_pq_va:0.00697 loss_pv_va:0.00942
INFO|2024-09-27 13:30:12: Epoch 64/100, lr:  0.00028027, eta: 1.81h, train_loss:  0.06768, valid_loss:  0.11087
INFO|2024-09-27 13:30:12: 	Train: PQ_Vm_rmse: 0.00201103  PQ_Va_rmse: 0.01180507  PV_Va_rmse: 0.01411945  delta_p: 0.23859390  delta_q: 0.07258891  
INFO|2024-09-27 13:30:12: 	ZTest: PQ_Vm_rmse: 0.00466898  PQ_Va_rmse: 0.04921811  PV_Va_rmse: 0.05650514  delta_p: 0.27567006  delta_q: 0.08561893  
INFO|2024-09-27 13:30:12: 	ZTest-ema: PQ_Vm_rmse: 0.004796  PQ_Va_rmse: 0.047836  PV_Va_rmse: 0.054974  delta_p: 0.273238  delta_q: 0.083354  
INFO|2024-09-27 13:30:12: 	           ValOfEMA:0.054974/0.054916,  Epoch:65/59
INFO|2024-09-27 13:30:13: 	Time(ep):186s,  Val(curr/best):0.056505/0.054302,  Epoch(curr/best):65/63
INFO|2024-09-27 13:30:13: -------------------- Epoch: 66 --------------------
INFO|2024-09-27 13:30:27: Epoch[066/100], iter[040/392], loss_total:0.08920, loss_equ:0.41759 loss_pq_vm:0.00205 loss_pq_va:0.01297 loss_pv_va:0.01395
INFO|2024-09-27 13:30:40: Epoch[066/100], iter[079/392], loss_total:0.06480, loss_equ:0.34170 loss_pq_vm:0.00148 loss_pq_va:0.00670 loss_pv_va:0.00913
INFO|2024-09-27 13:30:53: Epoch[066/100], iter[118/392], loss_total:0.06431, loss_equ:0.33840 loss_pq_vm:0.00136 loss_pq_va:0.00719 loss_pv_va:0.00968
INFO|2024-09-27 13:31:07: Epoch[066/100], iter[157/392], loss_total:0.06632, loss_equ:0.34601 loss_pq_vm:0.00152 loss_pq_va:0.00703 loss_pv_va:0.00950
INFO|2024-09-27 13:31:19: Epoch[066/100], iter[196/392], loss_total:0.07137, loss_equ:0.36158 loss_pq_vm:0.00152 loss_pq_va:0.00879 loss_pv_va:0.01126
INFO|2024-09-27 13:31:33: Epoch[066/100], iter[235/392], loss_total:0.06517, loss_equ:0.35240 loss_pq_vm:0.00145 loss_pq_va:0.00640 loss_pv_va:0.00907
INFO|2024-09-27 13:31:45: Epoch[066/100], iter[274/392], loss_total:0.07356, loss_equ:0.34850 loss_pq_vm:0.00186 loss_pq_va:0.00906 loss_pv_va:0.01101
INFO|2024-09-27 13:31:58: Epoch[066/100], iter[313/392], loss_total:0.08156, loss_equ:0.35084 loss_pq_vm:0.00149 loss_pq_va:0.01515 loss_pv_va:0.01645
INFO|2024-09-27 13:32:11: Epoch[066/100], iter[352/392], loss_total:0.06458, loss_equ:0.34237 loss_pq_vm:0.00131 loss_pq_va:0.00740 loss_pv_va:0.00983
INFO|2024-09-27 13:32:24: Epoch[066/100], iter[392/392], loss_total:0.06881, loss_equ:0.35142 loss_pq_vm:0.00147 loss_pq_va:0.00858 loss_pv_va:0.01044
INFO|2024-09-27 13:33:17: Epoch 65/100, lr:  0.00026653, eta: 1.74h, train_loss:  0.06887, valid_loss:  0.11247
INFO|2024-09-27 13:33:17: 	Train: PQ_Vm_rmse: 0.00199938  PQ_Va_rmse: 0.01223529  PV_Va_rmse: 0.01449782  delta_p: 0.24317688  delta_q: 0.07445403  
INFO|2024-09-27 13:33:17: 	ZTest: PQ_Vm_rmse: 0.00490016  PQ_Va_rmse: 0.04795262  PV_Va_rmse: 0.05512674  delta_p: 0.28378030  delta_q: 0.08665063  
INFO|2024-09-27 13:33:17: 	ZTest-ema: PQ_Vm_rmse: 0.004770  PQ_Va_rmse: 0.047898  PV_Va_rmse: 0.055028  delta_p: 0.273246  delta_q: 0.083385  
INFO|2024-09-27 13:33:17: 	           ValOfEMA:0.055028/0.054916,  Epoch:66/59
INFO|2024-09-27 13:33:18: 	Time(ep):184s,  Val(curr/best):0.055127/0.054302,  Epoch(curr/best):66/63
INFO|2024-09-27 13:33:18: -------------------- Epoch: 67 --------------------
INFO|2024-09-27 13:33:32: Epoch[067/100], iter[040/392], loss_total:0.07637, loss_equ:0.35582 loss_pq_vm:0.00149 loss_pq_va:0.01264 loss_pv_va:0.01323
INFO|2024-09-27 13:33:45: Epoch[067/100], iter[079/392], loss_total:0.06207, loss_equ:0.33593 loss_pq_vm:0.00137 loss_pq_va:0.00616 loss_pv_va:0.00859
INFO|2024-09-27 13:33:58: Epoch[067/100], iter[118/392], loss_total:0.06429, loss_equ:0.34899 loss_pq_vm:0.00130 loss_pq_va:0.00691 loss_pv_va:0.00949
INFO|2024-09-27 13:34:11: Epoch[067/100], iter[157/392], loss_total:0.06676, loss_equ:0.34542 loss_pq_vm:0.00145 loss_pq_va:0.00783 loss_pv_va:0.00987
INFO|2024-09-27 13:34:24: Epoch[067/100], iter[196/392], loss_total:0.06337, loss_equ:0.33563 loss_pq_vm:0.00136 loss_pq_va:0.00693 loss_pv_va:0.00925
INFO|2024-09-27 13:34:37: Epoch[067/100], iter[235/392], loss_total:0.06256, loss_equ:0.34216 loss_pq_vm:0.00139 loss_pq_va:0.00594 loss_pv_va:0.00854
INFO|2024-09-27 13:34:50: Epoch[067/100], iter[274/392], loss_total:0.06497, loss_equ:0.33641 loss_pq_vm:0.00139 loss_pq_va:0.00763 loss_pv_va:0.00977
INFO|2024-09-27 13:35:02: Epoch[067/100], iter[313/392], loss_total:0.06302, loss_equ:0.33938 loss_pq_vm:0.00137 loss_pq_va:0.00653 loss_pv_va:0.00890
INFO|2024-09-27 13:35:15: Epoch[067/100], iter[352/392], loss_total:0.06497, loss_equ:0.34426 loss_pq_vm:0.00140 loss_pq_va:0.00725 loss_pv_va:0.00929
INFO|2024-09-27 13:35:28: Epoch[067/100], iter[392/392], loss_total:0.06614, loss_equ:0.33967 loss_pq_vm:0.00141 loss_pq_va:0.00811 loss_pv_va:0.00996
INFO|2024-09-27 13:36:22: Epoch 66/100, lr:  0.00025302, eta: 1.69h, train_loss:  0.06607, valid_loss:  0.10823
INFO|2024-09-27 13:36:22: 	Train: PQ_Vm_rmse: 0.00190692  PQ_Va_rmse: 0.01138499  PV_Va_rmse: 0.01373110  delta_p: 0.23966121  delta_q: 0.07260289  
INFO|2024-09-27 13:36:22: 	ZTest: PQ_Vm_rmse: 0.00472698  PQ_Va_rmse: 0.04804861  PV_Va_rmse: 0.05525387  delta_p: 0.27569696  delta_q: 0.08440080  
INFO|2024-09-27 13:36:22: 	ZTest-ema: PQ_Vm_rmse: 0.004716  PQ_Va_rmse: 0.047700  PV_Va_rmse: 0.054861  delta_p: 0.272934  delta_q: 0.083242  
INFO|2024-09-27 13:36:22: 	           ValOfEMA:0.054861/0.054861,  Epoch:67/67
INFO|2024-09-27 13:36:23: 	Time(ep):184s,  Val(curr/best):0.055254/0.054302,  Epoch(curr/best):67/63
INFO|2024-09-27 13:36:23: -------------------- Epoch: 68 --------------------
INFO|2024-09-27 13:36:38: Epoch[068/100], iter[040/392], loss_total:0.06290, loss_equ:0.34151 loss_pq_vm:0.00135 loss_pq_va:0.00634 loss_pv_va:0.00886
INFO|2024-09-27 13:36:51: Epoch[068/100], iter[079/392], loss_total:0.07067, loss_equ:0.33947 loss_pq_vm:0.00186 loss_pq_va:0.00792 loss_pv_va:0.01019
INFO|2024-09-27 13:37:03: Epoch[068/100], iter[118/392], loss_total:0.06547, loss_equ:0.34883 loss_pq_vm:0.00164 loss_pq_va:0.00584 loss_pv_va:0.00833
INFO|2024-09-27 13:37:16: Epoch[068/100], iter[157/392], loss_total:0.06364, loss_equ:0.34207 loss_pq_vm:0.00135 loss_pq_va:0.00684 loss_pv_va:0.00909
INFO|2024-09-27 13:37:29: Epoch[068/100], iter[196/392], loss_total:0.07211, loss_equ:0.34261 loss_pq_vm:0.00135 loss_pq_va:0.01121 loss_pv_va:0.01318
INFO|2024-09-27 13:37:41: Epoch[068/100], iter[235/392], loss_total:0.06840, loss_equ:0.34737 loss_pq_vm:0.00139 loss_pq_va:0.00874 loss_pv_va:0.01098
INFO|2024-09-27 13:37:54: Epoch[068/100], iter[274/392], loss_total:0.06677, loss_equ:0.35039 loss_pq_vm:0.00143 loss_pq_va:0.00731 loss_pv_va:0.01011
INFO|2024-09-27 13:38:07: Epoch[068/100], iter[313/392], loss_total:0.06751, loss_equ:0.35809 loss_pq_vm:0.00157 loss_pq_va:0.00663 loss_pv_va:0.00941
INFO|2024-09-27 13:38:19: Epoch[068/100], iter[352/392], loss_total:0.06638, loss_equ:0.34248 loss_pq_vm:0.00160 loss_pq_va:0.00689 loss_pv_va:0.00928
INFO|2024-09-27 13:38:32: Epoch[068/100], iter[392/392], loss_total:0.06735, loss_equ:0.34729 loss_pq_vm:0.00141 loss_pq_va:0.00805 loss_pv_va:0.01050
INFO|2024-09-27 13:39:25: Epoch 67/100, lr:  0.00023977, eta: 1.62h, train_loss:  0.06594, valid_loss:  0.11221
INFO|2024-09-27 13:39:25: 	Train: PQ_Vm_rmse: 0.00190643  PQ_Va_rmse: 0.01133657  PV_Va_rmse: 0.01366988  delta_p: 0.23870225  delta_q: 0.07258750  
INFO|2024-09-27 13:39:25: 	ZTest: PQ_Vm_rmse: 0.00504035  PQ_Va_rmse: 0.04757224  PV_Va_rmse: 0.05494766  delta_p: 0.28341090  delta_q: 0.08883007  
INFO|2024-09-27 13:39:25: 	ZTest-ema: PQ_Vm_rmse: 0.004725  PQ_Va_rmse: 0.047745  PV_Va_rmse: 0.054888  delta_p: 0.272399  delta_q: 0.083108  
INFO|2024-09-27 13:39:25: 	           ValOfEMA:0.054888/0.054861,  Epoch:68/67
INFO|2024-09-27 13:39:26: 	Time(ep):182s,  Val(curr/best):0.054948/0.054302,  Epoch(curr/best):68/63
INFO|2024-09-27 13:39:26: -------------------- Epoch: 69 --------------------
INFO|2024-09-27 13:39:41: Epoch[069/100], iter[040/392], loss_total:0.06698, loss_equ:0.34112 loss_pq_vm:0.00137 loss_pq_va:0.00844 loss_pv_va:0.01070
INFO|2024-09-27 13:39:53: Epoch[069/100], iter[079/392], loss_total:0.06325, loss_equ:0.33215 loss_pq_vm:0.00132 loss_pq_va:0.00765 loss_pv_va:0.00916
INFO|2024-09-27 13:40:06: Epoch[069/100], iter[118/392], loss_total:0.06267, loss_equ:0.33905 loss_pq_vm:0.00132 loss_pq_va:0.00662 loss_pv_va:0.00898
INFO|2024-09-27 13:40:19: Epoch[069/100], iter[157/392], loss_total:0.06260, loss_equ:0.34159 loss_pq_vm:0.00137 loss_pq_va:0.00589 loss_pv_va:0.00882
INFO|2024-09-27 13:40:32: Epoch[069/100], iter[196/392], loss_total:0.07553, loss_equ:0.35305 loss_pq_vm:0.00243 loss_pq_va:0.00699 loss_pv_va:0.00896
INFO|2024-09-27 13:40:45: Epoch[069/100], iter[235/392], loss_total:0.06680, loss_equ:0.34791 loss_pq_vm:0.00134 loss_pq_va:0.00838 loss_pv_va:0.01025
INFO|2024-09-27 13:40:58: Epoch[069/100], iter[274/392], loss_total:0.06731, loss_equ:0.34331 loss_pq_vm:0.00151 loss_pq_va:0.00787 loss_pv_va:0.01000
INFO|2024-09-27 13:41:10: Epoch[069/100], iter[313/392], loss_total:0.06302, loss_equ:0.34243 loss_pq_vm:0.00135 loss_pq_va:0.00631 loss_pv_va:0.00892
INFO|2024-09-27 13:41:23: Epoch[069/100], iter[352/392], loss_total:0.06888, loss_equ:0.33917 loss_pq_vm:0.00138 loss_pq_va:0.00992 loss_pv_va:0.01129
INFO|2024-09-27 13:41:36: Epoch[069/100], iter[392/392], loss_total:0.06088, loss_equ:0.33948 loss_pq_vm:0.00129 loss_pq_va:0.00568 loss_pv_va:0.00831
INFO|2024-09-27 13:42:30: Epoch 68/100, lr:  0.00022677, eta: 1.58h, train_loss:  0.06678, valid_loss:  0.10877
INFO|2024-09-27 13:42:30: 	Train: PQ_Vm_rmse: 0.00195307  PQ_Va_rmse: 0.01161781  PV_Va_rmse: 0.01388549  delta_p: 0.23808548  delta_q: 0.07208658  
INFO|2024-09-27 13:42:30: 	ZTest: PQ_Vm_rmse: 0.00484769  PQ_Va_rmse: 0.04816377  PV_Va_rmse: 0.05543653  delta_p: 0.27532462  delta_q: 0.08399552  
INFO|2024-09-27 13:42:30: 	ZTest-ema: PQ_Vm_rmse: 0.004755  PQ_Va_rmse: 0.047855  PV_Va_rmse: 0.054997  delta_p: 0.272176  delta_q: 0.082985  
INFO|2024-09-27 13:42:30: 	           ValOfEMA:0.054997/0.054861,  Epoch:69/67
INFO|2024-09-27 13:42:31: 	Time(ep):183s,  Val(curr/best):0.055437/0.054302,  Epoch(curr/best):69/63
INFO|2024-09-27 13:42:31: -------------------- Epoch: 70 --------------------
INFO|2024-09-27 13:42:45: Epoch[070/100], iter[040/392], loss_total:0.06435, loss_equ:0.33607 loss_pq_vm:0.00139 loss_pq_va:0.00719 loss_pv_va:0.00967
INFO|2024-09-27 13:42:58: Epoch[070/100], iter[079/392], loss_total:0.06359, loss_equ:0.33471 loss_pq_vm:0.00136 loss_pq_va:0.00715 loss_pv_va:0.00936
INFO|2024-09-27 13:43:11: Epoch[070/100], iter[118/392], loss_total:0.07044, loss_equ:0.33992 loss_pq_vm:0.00177 loss_pq_va:0.00849 loss_pv_va:0.01030
INFO|2024-09-27 13:43:23: Epoch[070/100], iter[157/392], loss_total:0.06333, loss_equ:0.34127 loss_pq_vm:0.00141 loss_pq_va:0.00640 loss_pv_va:0.00875
INFO|2024-09-27 13:43:36: Epoch[070/100], iter[196/392], loss_total:0.06321, loss_equ:0.34157 loss_pq_vm:0.00134 loss_pq_va:0.00646 loss_pv_va:0.00918
INFO|2024-09-27 13:43:49: Epoch[070/100], iter[235/392], loss_total:0.06283, loss_equ:0.33834 loss_pq_vm:0.00131 loss_pq_va:0.00680 loss_pv_va:0.00907
INFO|2024-09-27 13:44:02: Epoch[070/100], iter[274/392], loss_total:0.06864, loss_equ:0.34400 loss_pq_vm:0.00152 loss_pq_va:0.00808 loss_pv_va:0.01091
INFO|2024-09-27 13:44:15: Epoch[070/100], iter[313/392], loss_total:0.06422, loss_equ:0.34216 loss_pq_vm:0.00136 loss_pq_va:0.00738 loss_pv_va:0.00901
INFO|2024-09-27 13:44:28: Epoch[070/100], iter[352/392], loss_total:0.06647, loss_equ:0.33671 loss_pq_vm:0.00131 loss_pq_va:0.00898 loss_pv_va:0.01073
INFO|2024-09-27 13:44:41: Epoch[070/100], iter[392/392], loss_total:0.06376, loss_equ:0.34367 loss_pq_vm:0.00137 loss_pq_va:0.00643 loss_pv_va:0.00924
INFO|2024-09-27 13:45:35: Epoch 69/100, lr:  0.00021405, eta: 1.54h, train_loss:  0.06527, valid_loss:  0.10613
INFO|2024-09-27 13:45:35: 	Train: PQ_Vm_rmse: 0.00188227  PQ_Va_rmse: 0.01118527  PV_Va_rmse: 0.01348426  delta_p: 0.23751550  delta_q: 0.07184553  
INFO|2024-09-27 13:45:35: 	ZTest: PQ_Vm_rmse: 0.00450961  PQ_Va_rmse: 0.04750983  PV_Va_rmse: 0.05451925  delta_p: 0.27673642  delta_q: 0.08513098  
INFO|2024-09-27 13:45:35: 	ZTest-ema: PQ_Vm_rmse: 0.004738  PQ_Va_rmse: 0.047765  PV_Va_rmse: 0.054862  delta_p: 0.272339  delta_q: 0.082866  
INFO|2024-09-27 13:45:35: 	           ValOfEMA:0.054862/0.054861,  Epoch:70/67
INFO|2024-09-27 13:45:36: 	Time(ep):184s,  Val(curr/best):0.054519/0.054302,  Epoch(curr/best):70/63
INFO|2024-09-27 13:45:36: -------------------- Epoch: 71 --------------------
INFO|2024-09-27 13:45:51: Epoch[071/100], iter[040/392], loss_total:0.06055, loss_equ:0.33402 loss_pq_vm:0.00129 loss_pq_va:0.00585 loss_pv_va:0.00845
INFO|2024-09-27 13:46:04: Epoch[071/100], iter[079/392], loss_total:0.06389, loss_equ:0.34491 loss_pq_vm:0.00131 loss_pq_va:0.00701 loss_pv_va:0.00929
INFO|2024-09-27 13:46:17: Epoch[071/100], iter[118/392], loss_total:0.06775, loss_equ:0.34253 loss_pq_vm:0.00164 loss_pq_va:0.00764 loss_pv_va:0.00941
INFO|2024-09-27 13:46:30: Epoch[071/100], iter[157/392], loss_total:0.06326, loss_equ:0.33434 loss_pq_vm:0.00136 loss_pq_va:0.00707 loss_pv_va:0.00916
INFO|2024-09-27 13:46:42: Epoch[071/100], iter[196/392], loss_total:0.06487, loss_equ:0.34464 loss_pq_vm:0.00137 loss_pq_va:0.00735 loss_pv_va:0.00940
INFO|2024-09-27 13:46:55: Epoch[071/100], iter[235/392], loss_total:0.06716, loss_equ:0.34232 loss_pq_vm:0.00139 loss_pq_va:0.00862 loss_pv_va:0.01045
INFO|2024-09-27 13:47:09: Epoch[071/100], iter[274/392], loss_total:0.06369, loss_equ:0.33579 loss_pq_vm:0.00132 loss_pq_va:0.00727 loss_pv_va:0.00961
INFO|2024-09-27 13:47:22: Epoch[071/100], iter[313/392], loss_total:0.06455, loss_equ:0.33978 loss_pq_vm:0.00137 loss_pq_va:0.00729 loss_pv_va:0.00960
INFO|2024-09-27 13:47:34: Epoch[071/100], iter[352/392], loss_total:0.06673, loss_equ:0.33926 loss_pq_vm:0.00163 loss_pq_va:0.00677 loss_pv_va:0.00971
INFO|2024-09-27 13:47:48: Epoch[071/100], iter[392/392], loss_total:0.06435, loss_equ:0.34293 loss_pq_vm:0.00137 loss_pq_va:0.00688 loss_pv_va:0.00944
INFO|2024-09-27 13:48:41: Epoch 70/100, lr:  0.00020161, eta: 1.49h, train_loss:  0.06537, valid_loss:  0.10623
INFO|2024-09-27 13:48:41: 	Train: PQ_Vm_rmse: 0.00190345  PQ_Va_rmse: 0.01105826  PV_Va_rmse: 0.01339018  delta_p: 0.23783588  delta_q: 0.07195279  
INFO|2024-09-27 13:48:41: 	ZTest: PQ_Vm_rmse: 0.00459532  PQ_Va_rmse: 0.04717373  PV_Va_rmse: 0.05425020  delta_p: 0.27616099  delta_q: 0.08431612  
INFO|2024-09-27 13:48:41: 	ZTest-ema: PQ_Vm_rmse: 0.004721  PQ_Va_rmse: 0.047688  PV_Va_rmse: 0.054786  delta_p: 0.272041  delta_q: 0.082879  
INFO|2024-09-27 13:48:41: 	           ValOfEMA:0.054786/0.054786,  Epoch:71/71
INFO|2024-09-27 13:48:42: 	Time(ep):184s,  Val(curr/best):0.054250/0.054250,  Epoch(curr/best):71/71
INFO|2024-09-27 13:48:42: -------------------- Epoch: 72 --------------------
INFO|2024-09-27 13:48:57: Epoch[072/100], iter[040/392], loss_total:0.06192, loss_equ:0.34081 loss_pq_vm:0.00127 loss_pq_va:0.00637 loss_pv_va:0.00878
INFO|2024-09-27 13:49:09: Epoch[072/100], iter[079/392], loss_total:0.06636, loss_equ:0.33674 loss_pq_vm:0.00130 loss_pq_va:0.00881 loss_pv_va:0.01093
INFO|2024-09-27 13:49:22: Epoch[072/100], iter[118/392], loss_total:0.06257, loss_equ:0.34167 loss_pq_vm:0.00129 loss_pq_va:0.00660 loss_pv_va:0.00894
INFO|2024-09-27 13:49:35: Epoch[072/100], iter[157/392], loss_total:0.07163, loss_equ:0.33078 loss_pq_vm:0.00163 loss_pq_va:0.01024 loss_pv_va:0.01202
INFO|2024-09-27 13:49:48: Epoch[072/100], iter[196/392], loss_total:0.06491, loss_equ:0.34245 loss_pq_vm:0.00142 loss_pq_va:0.00733 loss_pv_va:0.00917
INFO|2024-09-27 13:50:00: Epoch[072/100], iter[235/392], loss_total:0.06479, loss_equ:0.33636 loss_pq_vm:0.00132 loss_pq_va:0.00769 loss_pv_va:0.01031
INFO|2024-09-27 13:50:13: Epoch[072/100], iter[274/392], loss_total:0.06070, loss_equ:0.33977 loss_pq_vm:0.00132 loss_pq_va:0.00556 loss_pv_va:0.00800
INFO|2024-09-27 13:50:26: Epoch[072/100], iter[313/392], loss_total:0.06785, loss_equ:0.33400 loss_pq_vm:0.00138 loss_pq_va:0.00968 loss_pv_va:0.01093
INFO|2024-09-27 13:50:38: Epoch[072/100], iter[352/392], loss_total:0.06692, loss_equ:0.33015 loss_pq_vm:0.00131 loss_pq_va:0.00983 loss_pv_va:0.01099
INFO|2024-09-27 13:50:51: Epoch[072/100], iter[392/392], loss_total:0.07005, loss_equ:0.33841 loss_pq_vm:0.00140 loss_pq_va:0.01015 loss_pv_va:0.01210
INFO|2024-09-27 13:51:44: Epoch 71/100, lr:  0.00018948, eta: 1.41h, train_loss:  0.06458, valid_loss:  0.11463
INFO|2024-09-27 13:51:44: 	Train: PQ_Vm_rmse: 0.00181964  PQ_Va_rmse: 0.01116433  PV_Va_rmse: 0.01342783  delta_p: 0.23580595  delta_q: 0.07151516  
INFO|2024-09-27 13:51:44: 	ZTest: PQ_Vm_rmse: 0.00497834  PQ_Va_rmse: 0.04965337  PV_Va_rmse: 0.05677452  delta_p: 0.27272398  delta_q: 0.08299907  
INFO|2024-09-27 13:51:44: 	ZTest-ema: PQ_Vm_rmse: 0.004732  PQ_Va_rmse: 0.047749  PV_Va_rmse: 0.054851  delta_p: 0.271726  delta_q: 0.082717  
INFO|2024-09-27 13:51:44: 	           ValOfEMA:0.054851/0.054786,  Epoch:72/71
INFO|2024-09-27 13:51:44: 	Time(ep):181s,  Val(curr/best):0.056775/0.054250,  Epoch(curr/best):72/71
INFO|2024-09-27 13:51:44: -------------------- Epoch: 73 --------------------
INFO|2024-09-27 13:51:59: Epoch[073/100], iter[040/392], loss_total:0.05941, loss_equ:0.33619 loss_pq_vm:0.00127 loss_pq_va:0.00536 loss_pv_va:0.00769
INFO|2024-09-27 13:52:11: Epoch[073/100], iter[079/392], loss_total:0.06264, loss_equ:0.33292 loss_pq_vm:0.00136 loss_pq_va:0.00690 loss_pv_va:0.00882
INFO|2024-09-27 13:52:24: Epoch[073/100], iter[118/392], loss_total:0.06916, loss_equ:0.36893 loss_pq_vm:0.00158 loss_pq_va:0.00705 loss_pv_va:0.00938
INFO|2024-09-27 13:52:37: Epoch[073/100], iter[157/392], loss_total:0.06429, loss_equ:0.33710 loss_pq_vm:0.00129 loss_pq_va:0.00771 loss_pv_va:0.00996
INFO|2024-09-27 13:52:49: Epoch[073/100], iter[196/392], loss_total:0.06271, loss_equ:0.33435 loss_pq_vm:0.00138 loss_pq_va:0.00682 loss_pv_va:0.00868
INFO|2024-09-27 13:53:02: Epoch[073/100], iter[235/392], loss_total:0.06429, loss_equ:0.34021 loss_pq_vm:0.00141 loss_pq_va:0.00698 loss_pv_va:0.00921
INFO|2024-09-27 13:53:15: Epoch[073/100], iter[274/392], loss_total:0.07006, loss_equ:0.33923 loss_pq_vm:0.00140 loss_pq_va:0.00995 loss_pv_va:0.01216
INFO|2024-09-27 13:53:28: Epoch[073/100], iter[313/392], loss_total:0.06283, loss_equ:0.33874 loss_pq_vm:0.00134 loss_pq_va:0.00660 loss_pv_va:0.00897
INFO|2024-09-27 13:53:40: Epoch[073/100], iter[352/392], loss_total:0.06212, loss_equ:0.33429 loss_pq_vm:0.00130 loss_pq_va:0.00643 loss_pv_va:0.00923
INFO|2024-09-27 13:53:54: Epoch[073/100], iter[392/392], loss_total:0.06127, loss_equ:0.33308 loss_pq_vm:0.00130 loss_pq_va:0.00623 loss_pv_va:0.00873
INFO|2024-09-27 13:54:47: Epoch 72/100, lr:  0.00017765, eta: 1.37h, train_loss:  0.06443, valid_loss:  0.10631
INFO|2024-09-27 13:54:47: 	Train: PQ_Vm_rmse: 0.00185156  PQ_Va_rmse: 0.01066872  PV_Va_rmse: 0.01301622  delta_p: 0.23876669  delta_q: 0.07195660  
INFO|2024-09-27 13:54:47: 	ZTest: PQ_Vm_rmse: 0.00459617  PQ_Va_rmse: 0.04767512  PV_Va_rmse: 0.05489355  delta_p: 0.27461599  delta_q: 0.08412958  
INFO|2024-09-27 13:54:47: 	ZTest-ema: PQ_Vm_rmse: 0.004728  PQ_Va_rmse: 0.047712  PV_Va_rmse: 0.054835  delta_p: 0.271631  delta_q: 0.082701  
INFO|2024-09-27 13:54:47: 	           ValOfEMA:0.054835/0.054786,  Epoch:73/71
INFO|2024-09-27 13:54:48: 	Time(ep):182s,  Val(curr/best):0.054894/0.054250,  Epoch(curr/best):73/71
INFO|2024-09-27 13:54:48: -------------------- Epoch: 74 --------------------
INFO|2024-09-27 13:55:02: Epoch[074/100], iter[040/392], loss_total:0.06166, loss_equ:0.33892 loss_pq_vm:0.00128 loss_pq_va:0.00632 loss_pv_va:0.00863
INFO|2024-09-27 13:55:15: Epoch[074/100], iter[079/392], loss_total:0.06396, loss_equ:0.33619 loss_pq_vm:0.00130 loss_pq_va:0.00721 loss_pv_va:0.01010
INFO|2024-09-27 13:55:28: Epoch[074/100], iter[118/392], loss_total:0.06614, loss_equ:0.33630 loss_pq_vm:0.00135 loss_pq_va:0.00868 loss_pv_va:0.01030
INFO|2024-09-27 13:55:41: Epoch[074/100], iter[157/392], loss_total:0.06326, loss_equ:0.33466 loss_pq_vm:0.00132 loss_pq_va:0.00712 loss_pv_va:0.00945
INFO|2024-09-27 13:55:53: Epoch[074/100], iter[196/392], loss_total:0.06181, loss_equ:0.33365 loss_pq_vm:0.00137 loss_pq_va:0.00618 loss_pv_va:0.00855
INFO|2024-09-27 13:56:06: Epoch[074/100], iter[235/392], loss_total:0.06396, loss_equ:0.34491 loss_pq_vm:0.00137 loss_pq_va:0.00667 loss_pv_va:0.00911
INFO|2024-09-27 13:56:19: Epoch[074/100], iter[274/392], loss_total:0.07460, loss_equ:0.34632 loss_pq_vm:0.00173 loss_pq_va:0.01002 loss_pv_va:0.01262
INFO|2024-09-27 13:56:32: Epoch[074/100], iter[313/392], loss_total:0.06237, loss_equ:0.34467 loss_pq_vm:0.00134 loss_pq_va:0.00575 loss_pv_va:0.00871
INFO|2024-09-27 13:56:45: Epoch[074/100], iter[352/392], loss_total:0.06598, loss_equ:0.33825 loss_pq_vm:0.00139 loss_pq_va:0.00792 loss_pv_va:0.01030
INFO|2024-09-27 13:56:58: Epoch[074/100], iter[392/392], loss_total:0.06243, loss_equ:0.33601 loss_pq_vm:0.00133 loss_pq_va:0.00678 loss_pv_va:0.00874
INFO|2024-09-27 13:57:51: Epoch 73/100, lr:  0.00016615, eta: 1.32h, train_loss:  0.06397, valid_loss:  0.10604
INFO|2024-09-27 13:57:51: 	Train: PQ_Vm_rmse: 0.00185502  PQ_Va_rmse: 0.01064175  PV_Va_rmse: 0.01295729  delta_p: 0.23533816  delta_q: 0.07130524  
INFO|2024-09-27 13:57:51: 	ZTest: PQ_Vm_rmse: 0.00466994  PQ_Va_rmse: 0.04769985  PV_Va_rmse: 0.05480701  delta_p: 0.27232195  delta_q: 0.08303294  
INFO|2024-09-27 13:57:51: 	ZTest-ema: PQ_Vm_rmse: 0.004724  PQ_Va_rmse: 0.047731  PV_Va_rmse: 0.054845  delta_p: 0.271319  delta_q: 0.082567  
INFO|2024-09-27 13:57:51: 	           ValOfEMA:0.054845/0.054786,  Epoch:74/71
INFO|2024-09-27 13:57:52: 	Time(ep):182s,  Val(curr/best):0.054807/0.054250,  Epoch(curr/best):74/71
INFO|2024-09-27 13:57:52: -------------------- Epoch: 75 --------------------
INFO|2024-09-27 13:58:06: Epoch[075/100], iter[040/392], loss_total:0.06360, loss_equ:0.33141 loss_pq_vm:0.00140 loss_pq_va:0.00708 loss_pv_va:0.00936
INFO|2024-09-27 13:58:19: Epoch[075/100], iter[079/392], loss_total:0.06072, loss_equ:0.33549 loss_pq_vm:0.00124 loss_pq_va:0.00601 loss_pv_va:0.00873
INFO|2024-09-27 13:58:32: Epoch[075/100], iter[118/392], loss_total:0.05843, loss_equ:0.33162 loss_pq_vm:0.00124 loss_pq_va:0.00520 loss_pv_va:0.00767
INFO|2024-09-27 13:58:45: Epoch[075/100], iter[157/392], loss_total:0.06247, loss_equ:0.33703 loss_pq_vm:0.00128 loss_pq_va:0.00679 loss_pv_va:0.00920
INFO|2024-09-27 13:58:57: Epoch[075/100], iter[196/392], loss_total:0.06429, loss_equ:0.33875 loss_pq_vm:0.00130 loss_pq_va:0.00766 loss_pv_va:0.00973
INFO|2024-09-27 13:59:11: Epoch[075/100], iter[235/392], loss_total:0.06706, loss_equ:0.34130 loss_pq_vm:0.00181 loss_pq_va:0.00612 loss_pv_va:0.00873
INFO|2024-09-27 13:59:23: Epoch[075/100], iter[274/392], loss_total:0.06449, loss_equ:0.33945 loss_pq_vm:0.00150 loss_pq_va:0.00652 loss_pv_va:0.00901
INFO|2024-09-27 13:59:36: Epoch[075/100], iter[313/392], loss_total:0.06700, loss_equ:0.34372 loss_pq_vm:0.00132 loss_pq_va:0.00862 loss_pv_va:0.01080
INFO|2024-09-27 13:59:49: Epoch[075/100], iter[352/392], loss_total:0.06116, loss_equ:0.33456 loss_pq_vm:0.00128 loss_pq_va:0.00625 loss_pv_va:0.00867
INFO|2024-09-27 14:00:02: Epoch[075/100], iter[392/392], loss_total:0.06609, loss_equ:0.34308 loss_pq_vm:0.00149 loss_pq_va:0.00725 loss_pv_va:0.00965
INFO|2024-09-27 14:00:55: Epoch 74/100, lr:  0.00015498, eta: 1.27h, train_loss:  0.06305, valid_loss:  0.11008
INFO|2024-09-27 14:00:55: 	Train: PQ_Vm_rmse: 0.00181397  PQ_Va_rmse: 0.01037358  PV_Va_rmse: 0.01269899  delta_p: 0.23400191  delta_q: 0.07068251  
INFO|2024-09-27 14:00:55: 	ZTest: PQ_Vm_rmse: 0.00496779  PQ_Va_rmse: 0.04817266  PV_Va_rmse: 0.05508056  delta_p: 0.27431030  delta_q: 0.08362633  
INFO|2024-09-27 14:00:55: 	ZTest-ema: PQ_Vm_rmse: 0.004720  PQ_Va_rmse: 0.047692  PV_Va_rmse: 0.054788  delta_p: 0.270788  delta_q: 0.082416  
INFO|2024-09-27 14:00:55: 	           ValOfEMA:0.054788/0.054786,  Epoch:75/71
INFO|2024-09-27 14:00:56: 	Time(ep):183s,  Val(curr/best):0.055081/0.054250,  Epoch(curr/best):75/71
INFO|2024-09-27 14:00:56: -------------------- Epoch: 76 --------------------
INFO|2024-09-27 14:01:10: Epoch[076/100], iter[040/392], loss_total:0.06134, loss_equ:0.33356 loss_pq_vm:0.00132 loss_pq_va:0.00628 loss_pv_va:0.00846
INFO|2024-09-27 14:01:23: Epoch[076/100], iter[079/392], loss_total:0.05969, loss_equ:0.33054 loss_pq_vm:0.00126 loss_pq_va:0.00571 loss_pv_va:0.00837
INFO|2024-09-27 14:01:36: Epoch[076/100], iter[118/392], loss_total:0.06303, loss_equ:0.33568 loss_pq_vm:0.00139 loss_pq_va:0.00670 loss_pv_va:0.00884
INFO|2024-09-27 14:01:49: Epoch[076/100], iter[157/392], loss_total:0.06323, loss_equ:0.33581 loss_pq_vm:0.00145 loss_pq_va:0.00609 loss_pv_va:0.00902
INFO|2024-09-27 14:02:02: Epoch[076/100], iter[196/392], loss_total:0.06010, loss_equ:0.33723 loss_pq_vm:0.00128 loss_pq_va:0.00560 loss_pv_va:0.00793
INFO|2024-09-27 14:02:15: Epoch[076/100], iter[235/392], loss_total:0.05940, loss_equ:0.33107 loss_pq_vm:0.00126 loss_pq_va:0.00557 loss_pv_va:0.00815
INFO|2024-09-27 14:02:28: Epoch[076/100], iter[274/392], loss_total:0.06184, loss_equ:0.34130 loss_pq_vm:0.00132 loss_pq_va:0.00604 loss_pv_va:0.00842
INFO|2024-09-27 14:02:41: Epoch[076/100], iter[313/392], loss_total:0.06352, loss_equ:0.33585 loss_pq_vm:0.00138 loss_pq_va:0.00684 loss_pv_va:0.00926
INFO|2024-09-27 14:02:53: Epoch[076/100], iter[352/392], loss_total:0.06362, loss_equ:0.33813 loss_pq_vm:0.00134 loss_pq_va:0.00720 loss_pv_va:0.00923
INFO|2024-09-27 14:03:06: Epoch[076/100], iter[392/392], loss_total:0.06266, loss_equ:0.33456 loss_pq_vm:0.00127 loss_pq_va:0.00697 loss_pv_va:0.00949
INFO|2024-09-27 14:04:00: Epoch 75/100, lr:  0.00014416, eta: 1.23h, train_loss:  0.06196, valid_loss:  0.10691
INFO|2024-09-27 14:04:00: 	Train: PQ_Vm_rmse: 0.00176907  PQ_Va_rmse: 0.00996742  PV_Va_rmse: 0.01233732  delta_p: 0.23375076  delta_q: 0.07044053  
INFO|2024-09-27 14:04:00: 	ZTest: PQ_Vm_rmse: 0.00452303  PQ_Va_rmse: 0.04790950  PV_Va_rmse: 0.05512041  delta_p: 0.27484938  delta_q: 0.08381826  
INFO|2024-09-27 14:04:00: 	ZTest-ema: PQ_Vm_rmse: 0.004711  PQ_Va_rmse: 0.047685  PV_Va_rmse: 0.054805  delta_p: 0.270580  delta_q: 0.082299  
INFO|2024-09-27 14:04:00: 	           ValOfEMA:0.054805/0.054786,  Epoch:76/71
INFO|2024-09-27 14:04:01: 	Time(ep):184s,  Val(curr/best):0.055120/0.054250,  Epoch(curr/best):76/71
INFO|2024-09-27 14:04:01: -------------------- Epoch: 77 --------------------
INFO|2024-09-27 14:04:15: Epoch[077/100], iter[040/392], loss_total:0.06421, loss_equ:0.33450 loss_pq_vm:0.00150 loss_pq_va:0.00674 loss_pv_va:0.00904
INFO|2024-09-27 14:04:28: Epoch[077/100], iter[079/392], loss_total:0.06032, loss_equ:0.33381 loss_pq_vm:0.00126 loss_pq_va:0.00582 loss_pv_va:0.00848
INFO|2024-09-27 14:04:41: Epoch[077/100], iter[118/392], loss_total:0.06348, loss_equ:0.34512 loss_pq_vm:0.00138 loss_pq_va:0.00626 loss_pv_va:0.00894
INFO|2024-09-27 14:04:54: Epoch[077/100], iter[157/392], loss_total:0.06154, loss_equ:0.33016 loss_pq_vm:0.00129 loss_pq_va:0.00662 loss_pv_va:0.00900
INFO|2024-09-27 14:05:06: Epoch[077/100], iter[196/392], loss_total:0.05999, loss_equ:0.33181 loss_pq_vm:0.00127 loss_pq_va:0.00580 loss_pv_va:0.00833
INFO|2024-09-27 14:05:19: Epoch[077/100], iter[235/392], loss_total:0.06254, loss_equ:0.33581 loss_pq_vm:0.00146 loss_pq_va:0.00587 loss_pv_va:0.00847
INFO|2024-09-27 14:05:32: Epoch[077/100], iter[274/392], loss_total:0.05859, loss_equ:0.33289 loss_pq_vm:0.00125 loss_pq_va:0.00527 loss_pv_va:0.00752
INFO|2024-09-27 14:05:44: Epoch[077/100], iter[313/392], loss_total:0.06189, loss_equ:0.32952 loss_pq_vm:0.00130 loss_pq_va:0.00669 loss_pv_va:0.00927
INFO|2024-09-27 14:05:57: Epoch[077/100], iter[352/392], loss_total:0.06206, loss_equ:0.33577 loss_pq_vm:0.00133 loss_pq_va:0.00644 loss_pv_va:0.00879
INFO|2024-09-27 14:06:10: Epoch[077/100], iter[392/392], loss_total:0.06149, loss_equ:0.33302 loss_pq_vm:0.00129 loss_pq_va:0.00646 loss_pv_va:0.00882
INFO|2024-09-27 14:07:02: Epoch 76/100, lr:  0.00013370, eta: 1.16h, train_loss:  0.06207, valid_loss:  0.10678
INFO|2024-09-27 14:07:02: 	Train: PQ_Vm_rmse: 0.00177624  PQ_Va_rmse: 0.00999830  PV_Va_rmse: 0.01235395  delta_p: 0.23373998  delta_q: 0.07041706  
INFO|2024-09-27 14:07:02: 	ZTest: PQ_Vm_rmse: 0.00473820  PQ_Va_rmse: 0.04803756  PV_Va_rmse: 0.05513674  delta_p: 0.27176974  delta_q: 0.08250115  
INFO|2024-09-27 14:07:02: 	ZTest-ema: PQ_Vm_rmse: 0.004700  PQ_Va_rmse: 0.047618  PV_Va_rmse: 0.054739  delta_p: 0.270410  delta_q: 0.082247  
INFO|2024-09-27 14:07:02: 	           ValOfEMA:0.054739/0.054739,  Epoch:77/77
INFO|2024-09-27 14:07:03: 	Time(ep):181s,  Val(curr/best):0.055137/0.054250,  Epoch(curr/best):77/71
INFO|2024-09-27 14:07:03: -------------------- Epoch: 78 --------------------
INFO|2024-09-27 14:07:18: Epoch[078/100], iter[040/392], loss_total:0.06233, loss_equ:0.33441 loss_pq_vm:0.00137 loss_pq_va:0.00645 loss_pv_va:0.00870
INFO|2024-09-27 14:07:31: Epoch[078/100], iter[079/392], loss_total:0.05892, loss_equ:0.32526 loss_pq_vm:0.00123 loss_pq_va:0.00628 loss_pv_va:0.00782
INFO|2024-09-27 14:07:44: Epoch[078/100], iter[118/392], loss_total:0.06066, loss_equ:0.33236 loss_pq_vm:0.00130 loss_pq_va:0.00608 loss_pv_va:0.00834
INFO|2024-09-27 14:07:56: Epoch[078/100], iter[157/392], loss_total:0.05873, loss_equ:0.33056 loss_pq_vm:0.00128 loss_pq_va:0.00506 loss_pv_va:0.00778
INFO|2024-09-27 14:08:09: Epoch[078/100], iter[196/392], loss_total:0.06127, loss_equ:0.33990 loss_pq_vm:0.00128 loss_pq_va:0.00584 loss_pv_va:0.00861
INFO|2024-09-27 14:08:22: Epoch[078/100], iter[235/392], loss_total:0.06028, loss_equ:0.33185 loss_pq_vm:0.00134 loss_pq_va:0.00556 loss_pv_va:0.00812
INFO|2024-09-27 14:08:35: Epoch[078/100], iter[274/392], loss_total:0.06048, loss_equ:0.33403 loss_pq_vm:0.00126 loss_pq_va:0.00599 loss_pv_va:0.00852
INFO|2024-09-27 14:08:48: Epoch[078/100], iter[313/392], loss_total:0.06062, loss_equ:0.33040 loss_pq_vm:0.00129 loss_pq_va:0.00607 loss_pv_va:0.00864
INFO|2024-09-27 14:09:00: Epoch[078/100], iter[352/392], loss_total:0.05878, loss_equ:0.32831 loss_pq_vm:0.00127 loss_pq_va:0.00537 loss_pv_va:0.00793
INFO|2024-09-27 14:09:13: Epoch[078/100], iter[392/392], loss_total:0.06070, loss_equ:0.32641 loss_pq_vm:0.00128 loss_pq_va:0.00637 loss_pv_va:0.00892
INFO|2024-09-27 14:10:06: Epoch 77/100, lr:  0.00012360, eta: 1.11h, train_loss:  0.06135, valid_loss:  0.10647
INFO|2024-09-27 14:10:06: 	Train: PQ_Vm_rmse: 0.00176331  PQ_Va_rmse: 0.00963839  PV_Va_rmse: 0.01203515  delta_p: 0.23363433  delta_q: 0.07040272  
INFO|2024-09-27 14:10:06: 	ZTest: PQ_Vm_rmse: 0.00460548  PQ_Va_rmse: 0.04753043  PV_Va_rmse: 0.05467268  delta_p: 0.27307562  delta_q: 0.08303650  
INFO|2024-09-27 14:10:06: 	ZTest-ema: PQ_Vm_rmse: 0.004711  PQ_Va_rmse: 0.047670  PV_Va_rmse: 0.054775  delta_p: 0.270384  delta_q: 0.082129  
INFO|2024-09-27 14:10:06: 	           ValOfEMA:0.054775/0.054739,  Epoch:78/77
INFO|2024-09-27 14:10:06: 	Time(ep):182s,  Val(curr/best):0.054673/0.054250,  Epoch(curr/best):78/71
INFO|2024-09-27 14:10:06: -------------------- Epoch: 79 --------------------
INFO|2024-09-27 14:10:21: Epoch[079/100], iter[040/392], loss_total:0.05957, loss_equ:0.33609 loss_pq_vm:0.00127 loss_pq_va:0.00537 loss_pv_va:0.00792
INFO|2024-09-27 14:10:33: Epoch[079/100], iter[079/392], loss_total:0.06210, loss_equ:0.33438 loss_pq_vm:0.00132 loss_pq_va:0.00649 loss_pv_va:0.00901
INFO|2024-09-27 14:10:46: Epoch[079/100], iter[118/392], loss_total:0.05895, loss_equ:0.32853 loss_pq_vm:0.00126 loss_pq_va:0.00556 loss_pv_va:0.00789
INFO|2024-09-27 14:10:59: Epoch[079/100], iter[157/392], loss_total:0.06104, loss_equ:0.33270 loss_pq_vm:0.00129 loss_pq_va:0.00621 loss_pv_va:0.00865
INFO|2024-09-27 14:11:12: Epoch[079/100], iter[196/392], loss_total:0.06162, loss_equ:0.33250 loss_pq_vm:0.00132 loss_pq_va:0.00615 loss_pv_va:0.00900
INFO|2024-09-27 14:11:24: Epoch[079/100], iter[235/392], loss_total:0.06211, loss_equ:0.33752 loss_pq_vm:0.00140 loss_pq_va:0.00580 loss_pv_va:0.00851
INFO|2024-09-27 14:11:37: Epoch[079/100], iter[274/392], loss_total:0.06308, loss_equ:0.33349 loss_pq_vm:0.00134 loss_pq_va:0.00707 loss_pv_va:0.00922
INFO|2024-09-27 14:11:50: Epoch[079/100], iter[313/392], loss_total:0.06185, loss_equ:0.33059 loss_pq_vm:0.00134 loss_pq_va:0.00640 loss_pv_va:0.00895
INFO|2024-09-27 14:12:02: Epoch[079/100], iter[352/392], loss_total:0.06474, loss_equ:0.33332 loss_pq_vm:0.00132 loss_pq_va:0.00809 loss_pv_va:0.01016
INFO|2024-09-27 14:12:15: Epoch[079/100], iter[392/392], loss_total:0.05959, loss_equ:0.33294 loss_pq_vm:0.00123 loss_pq_va:0.00563 loss_pv_va:0.00833
INFO|2024-09-27 14:13:07: Epoch 78/100, lr:  0.00011387, eta: 1.06h, train_loss:  0.06071, valid_loss:  0.10593
INFO|2024-09-27 14:13:07: 	Train: PQ_Vm_rmse: 0.00173099  PQ_Va_rmse: 0.00938245  PV_Va_rmse: 0.01181187  delta_p: 0.23261755  delta_q: 0.07007056  
INFO|2024-09-27 14:13:07: 	ZTest: PQ_Vm_rmse: 0.00469709  PQ_Va_rmse: 0.04738493  PV_Va_rmse: 0.05452543  delta_p: 0.27197494  delta_q: 0.08324869  
INFO|2024-09-27 14:13:07: 	ZTest-ema: PQ_Vm_rmse: 0.004686  PQ_Va_rmse: 0.047443  PV_Va_rmse: 0.054551  delta_p: 0.269911  delta_q: 0.082009  
INFO|2024-09-27 14:13:07: 	           ValOfEMA:0.054551/0.054551,  Epoch:79/79
INFO|2024-09-27 14:13:08: 	Time(ep):181s,  Val(curr/best):0.054525/0.054250,  Epoch(curr/best):79/71
INFO|2024-09-27 14:13:08: -------------------- Epoch: 80 --------------------
INFO|2024-09-27 14:13:22: Epoch[080/100], iter[040/392], loss_total:0.06271, loss_equ:0.34482 loss_pq_vm:0.00139 loss_pq_va:0.00596 loss_pv_va:0.00836
INFO|2024-09-27 14:13:35: Epoch[080/100], iter[079/392], loss_total:0.05925, loss_equ:0.33541 loss_pq_vm:0.00125 loss_pq_va:0.00533 loss_pv_va:0.00787
INFO|2024-09-27 14:13:48: Epoch[080/100], iter[118/392], loss_total:0.05814, loss_equ:0.33356 loss_pq_vm:0.00122 loss_pq_va:0.00475 loss_pv_va:0.00784
INFO|2024-09-27 14:14:00: Epoch[080/100], iter[157/392], loss_total:0.05855, loss_equ:0.32894 loss_pq_vm:0.00126 loss_pq_va:0.00527 loss_pv_va:0.00782
INFO|2024-09-27 14:14:13: Epoch[080/100], iter[196/392], loss_total:0.05959, loss_equ:0.33028 loss_pq_vm:0.00124 loss_pq_va:0.00591 loss_pv_va:0.00825
INFO|2024-09-27 14:14:26: Epoch[080/100], iter[235/392], loss_total:0.05772, loss_equ:0.33154 loss_pq_vm:0.00122 loss_pq_va:0.00490 loss_pv_va:0.00749
INFO|2024-09-27 14:14:38: Epoch[080/100], iter[274/392], loss_total:0.05936, loss_equ:0.33744 loss_pq_vm:0.00129 loss_pq_va:0.00501 loss_pv_va:0.00774
INFO|2024-09-27 14:14:51: Epoch[080/100], iter[313/392], loss_total:0.06308, loss_equ:0.33630 loss_pq_vm:0.00133 loss_pq_va:0.00686 loss_pv_va:0.00931
INFO|2024-09-27 14:15:04: Epoch[080/100], iter[352/392], loss_total:0.05833, loss_equ:0.33361 loss_pq_vm:0.00125 loss_pq_va:0.00489 loss_pv_va:0.00757
INFO|2024-09-27 14:15:17: Epoch[080/100], iter[392/392], loss_total:0.06087, loss_equ:0.32961 loss_pq_vm:0.00127 loss_pq_va:0.00651 loss_pv_va:0.00870
INFO|2024-09-27 14:16:11: Epoch 79/100, lr:  0.00010454, eta: 1.02h, train_loss:  0.05930, valid_loss:  0.10520
INFO|2024-09-27 14:16:11: 	Train: PQ_Vm_rmse: 0.00170296  PQ_Va_rmse: 0.00839677  PV_Va_rmse: 0.01103644  delta_p: 0.23132279  delta_q: 0.06966465  
INFO|2024-09-27 14:16:11: 	ZTest: PQ_Vm_rmse: 0.00467064  PQ_Va_rmse: 0.04772069  PV_Va_rmse: 0.05479844  delta_p: 0.27104409  delta_q: 0.08241859  
INFO|2024-09-27 14:16:11: 	ZTest-ema: PQ_Vm_rmse: 0.004664  PQ_Va_rmse: 0.047188  PV_Va_rmse: 0.054349  delta_p: 0.269293  delta_q: 0.081895  
INFO|2024-09-27 14:16:11: 	           ValOfEMA:0.054349/0.054349,  Epoch:80/80
INFO|2024-09-27 14:16:12: 	Time(ep):182s,  Val(curr/best):0.054798/0.054250,  Epoch(curr/best):80/71
INFO|2024-09-27 14:16:12: -------------------- Epoch: 81 --------------------
INFO|2024-09-27 14:16:26: Epoch[081/100], iter[040/392], loss_total:0.05957, loss_equ:0.33944 loss_pq_vm:0.00132 loss_pq_va:0.00498 loss_pv_va:0.00749
INFO|2024-09-27 14:16:39: Epoch[081/100], iter[079/392], loss_total:0.05847, loss_equ:0.32684 loss_pq_vm:0.00131 loss_pq_va:0.00505 loss_pv_va:0.00766
INFO|2024-09-27 14:16:52: Epoch[081/100], iter[118/392], loss_total:0.06076, loss_equ:0.33214 loss_pq_vm:0.00125 loss_pq_va:0.00620 loss_pv_va:0.00882
INFO|2024-09-27 14:17:05: Epoch[081/100], iter[157/392], loss_total:0.05858, loss_equ:0.33130 loss_pq_vm:0.00124 loss_pq_va:0.00528 loss_pv_va:0.00777
INFO|2024-09-27 14:17:17: Epoch[081/100], iter[196/392], loss_total:0.05566, loss_equ:0.32287 loss_pq_vm:0.00121 loss_pq_va:0.00451 loss_pv_va:0.00681
INFO|2024-09-27 14:17:30: Epoch[081/100], iter[235/392], loss_total:0.05683, loss_equ:0.32615 loss_pq_vm:0.00118 loss_pq_va:0.00495 loss_pv_va:0.00745
INFO|2024-09-27 14:17:43: Epoch[081/100], iter[274/392], loss_total:0.05893, loss_equ:0.32401 loss_pq_vm:0.00123 loss_pq_va:0.00591 loss_pv_va:0.00829
INFO|2024-09-27 14:17:56: Epoch[081/100], iter[313/392], loss_total:0.05671, loss_equ:0.32894 loss_pq_vm:0.00121 loss_pq_va:0.00455 loss_pv_va:0.00713
INFO|2024-09-27 14:18:09: Epoch[081/100], iter[352/392], loss_total:0.05707, loss_equ:0.32989 loss_pq_vm:0.00120 loss_pq_va:0.00469 loss_pv_va:0.00744
INFO|2024-09-27 14:18:22: Epoch[081/100], iter[392/392], loss_total:0.06308, loss_equ:0.33028 loss_pq_vm:0.00133 loss_pq_va:0.00732 loss_pv_va:0.00939
INFO|2024-09-27 14:19:15: Epoch 80/100, lr:  0.00009560, eta: 0.97h, train_loss:  0.05866, valid_loss:  0.11223
INFO|2024-09-27 14:19:15: 	Train: PQ_Vm_rmse: 0.00169406  PQ_Va_rmse: 0.00801195  PV_Va_rmse: 0.01073140  delta_p: 0.23018299  delta_q: 0.06928840  
INFO|2024-09-27 14:19:15: 	ZTest: PQ_Vm_rmse: 0.00496526  PQ_Va_rmse: 0.04871738  PV_Va_rmse: 0.05580300  delta_p: 0.27328609  delta_q: 0.08403963  
INFO|2024-09-27 14:19:15: 	ZTest-ema: PQ_Vm_rmse: 0.004669  PQ_Va_rmse: 0.047175  PV_Va_rmse: 0.054332  delta_p: 0.268997  delta_q: 0.081799  
INFO|2024-09-27 14:19:15: 	           ValOfEMA:0.054332/0.054332,  Epoch:81/81
INFO|2024-09-27 14:19:16: 	Time(ep):183s,  Val(curr/best):0.055803/0.054250,  Epoch(curr/best):81/71
INFO|2024-09-27 14:19:16: -------------------- Epoch: 82 --------------------
INFO|2024-09-27 14:19:30: Epoch[082/100], iter[040/392], loss_total:0.06542, loss_equ:0.33087 loss_pq_vm:0.00127 loss_pq_va:0.00851 loss_pv_va:0.01111
INFO|2024-09-27 14:19:43: Epoch[082/100], iter[079/392], loss_total:0.06055, loss_equ:0.32664 loss_pq_vm:0.00127 loss_pq_va:0.00667 loss_pv_va:0.00848
INFO|2024-09-27 14:19:56: Epoch[082/100], iter[118/392], loss_total:0.05799, loss_equ:0.33167 loss_pq_vm:0.00123 loss_pq_va:0.00483 loss_pv_va:0.00769
INFO|2024-09-27 14:20:08: Epoch[082/100], iter[157/392], loss_total:0.05746, loss_equ:0.32977 loss_pq_vm:0.00125 loss_pq_va:0.00477 loss_pv_va:0.00718
INFO|2024-09-27 14:20:21: Epoch[082/100], iter[196/392], loss_total:0.06042, loss_equ:0.32986 loss_pq_vm:0.00129 loss_pq_va:0.00605 loss_pv_va:0.00848
INFO|2024-09-27 14:20:34: Epoch[082/100], iter[235/392], loss_total:0.05957, loss_equ:0.33037 loss_pq_vm:0.00128 loss_pq_va:0.00558 loss_pv_va:0.00820
INFO|2024-09-27 14:20:46: Epoch[082/100], iter[274/392], loss_total:0.05967, loss_equ:0.32728 loss_pq_vm:0.00121 loss_pq_va:0.00626 loss_pv_va:0.00862
INFO|2024-09-27 14:20:59: Epoch[082/100], iter[313/392], loss_total:0.05994, loss_equ:0.32898 loss_pq_vm:0.00124 loss_pq_va:0.00618 loss_pv_va:0.00844
INFO|2024-09-27 14:21:12: Epoch[082/100], iter[352/392], loss_total:0.05749, loss_equ:0.32969 loss_pq_vm:0.00125 loss_pq_va:0.00464 loss_pv_va:0.00741
INFO|2024-09-27 14:21:25: Epoch[082/100], iter[392/392], loss_total:0.05772, loss_equ:0.32774 loss_pq_vm:0.00130 loss_pq_va:0.00459 loss_pv_va:0.00736
INFO|2024-09-27 14:22:18: Epoch 81/100, lr:  0.00008706, eta: 0.91h, train_loss:  0.05951, valid_loss:  0.10218
INFO|2024-09-27 14:22:18: 	Train: PQ_Vm_rmse: 0.00168945  PQ_Va_rmse: 0.00858021  PV_Va_rmse: 0.01123913  delta_p: 0.22993557  delta_q: 0.06924833  
INFO|2024-09-27 14:22:18: 	ZTest: PQ_Vm_rmse: 0.00449442  PQ_Va_rmse: 0.04672046  PV_Va_rmse: 0.05388685  delta_p: 0.27019586  delta_q: 0.08251543  
INFO|2024-09-27 14:22:18: 	ZTest-ema: PQ_Vm_rmse: 0.004666  PQ_Va_rmse: 0.047122  PV_Va_rmse: 0.054300  delta_p: 0.268695  delta_q: 0.081747  
INFO|2024-09-27 14:22:18: 	           ValOfEMA:0.054300/0.054300,  Epoch:82/82
INFO|2024-09-27 14:22:19: 	Time(ep):182s,  Val(curr/best):0.053887/0.053887,  Epoch(curr/best):82/82
INFO|2024-09-27 14:22:19: -------------------- Epoch: 83 --------------------
INFO|2024-09-27 14:22:34: Epoch[083/100], iter[040/392], loss_total:0.06000, loss_equ:0.33733 loss_pq_vm:0.00121 loss_pq_va:0.00580 loss_pv_va:0.00837
INFO|2024-09-27 14:22:47: Epoch[083/100], iter[079/392], loss_total:0.05871, loss_equ:0.32590 loss_pq_vm:0.00132 loss_pq_va:0.00504 loss_pv_va:0.00789
INFO|2024-09-27 14:23:00: Epoch[083/100], iter[118/392], loss_total:0.05991, loss_equ:0.33508 loss_pq_vm:0.00131 loss_pq_va:0.00537 loss_pv_va:0.00793
INFO|2024-09-27 14:23:13: Epoch[083/100], iter[157/392], loss_total:0.05806, loss_equ:0.32824 loss_pq_vm:0.00126 loss_pq_va:0.00505 loss_pv_va:0.00763
INFO|2024-09-27 14:23:25: Epoch[083/100], iter[196/392], loss_total:0.05803, loss_equ:0.32936 loss_pq_vm:0.00129 loss_pq_va:0.00475 loss_pv_va:0.00746
INFO|2024-09-27 14:23:38: Epoch[083/100], iter[235/392], loss_total:0.05567, loss_equ:0.32244 loss_pq_vm:0.00120 loss_pq_va:0.00436 loss_pv_va:0.00705
INFO|2024-09-27 14:23:50: Epoch[083/100], iter[274/392], loss_total:0.05718, loss_equ:0.32680 loss_pq_vm:0.00121 loss_pq_va:0.00470 loss_pv_va:0.00765
INFO|2024-09-27 14:24:03: Epoch[083/100], iter[313/392], loss_total:0.05829, loss_equ:0.32641 loss_pq_vm:0.00121 loss_pq_va:0.00545 loss_pv_va:0.00805
INFO|2024-09-27 14:24:16: Epoch[083/100], iter[352/392], loss_total:0.05784, loss_equ:0.33155 loss_pq_vm:0.00125 loss_pq_va:0.00473 loss_pv_va:0.00748
INFO|2024-09-27 14:24:29: Epoch[083/100], iter[392/392], loss_total:0.05825, loss_equ:0.33540 loss_pq_vm:0.00124 loss_pq_va:0.00482 loss_pv_va:0.00747
INFO|2024-09-27 14:25:22: Epoch 82/100, lr:  0.00007893, eta: 0.86h, train_loss:  0.05827, valid_loss:  0.10540
INFO|2024-09-27 14:25:22: 	Train: PQ_Vm_rmse: 0.00168905  PQ_Va_rmse: 0.00766053  PV_Va_rmse: 0.01049603  delta_p: 0.23007039  delta_q: 0.06938994  
INFO|2024-09-27 14:25:22: 	ZTest: PQ_Vm_rmse: 0.00474867  PQ_Va_rmse: 0.04743181  PV_Va_rmse: 0.05455602  delta_p: 0.26971598  delta_q: 0.08222879  
INFO|2024-09-27 14:25:22: 	ZTest-ema: PQ_Vm_rmse: 0.004658  PQ_Va_rmse: 0.047060  PV_Va_rmse: 0.054229  delta_p: 0.268609  delta_q: 0.081689  
INFO|2024-09-27 14:25:22: 	           ValOfEMA:0.054229/0.054229,  Epoch:83/83
INFO|2024-09-27 14:25:23: 	Time(ep):182s,  Val(curr/best):0.054556/0.053887,  Epoch(curr/best):83/82
INFO|2024-09-27 14:25:23: -------------------- Epoch: 84 --------------------
INFO|2024-09-27 14:25:37: Epoch[084/100], iter[040/392], loss_total:0.05918, loss_equ:0.33215 loss_pq_vm:0.00128 loss_pq_va:0.00525 loss_pv_va:0.00795
INFO|2024-09-27 14:25:49: Epoch[084/100], iter[079/392], loss_total:0.05731, loss_equ:0.32685 loss_pq_vm:0.00127 loss_pq_va:0.00466 loss_pv_va:0.00727
INFO|2024-09-27 14:26:02: Epoch[084/100], iter[118/392], loss_total:0.06018, loss_equ:0.32707 loss_pq_vm:0.00134 loss_pq_va:0.00567 loss_pv_va:0.00839
INFO|2024-09-27 14:26:15: Epoch[084/100], iter[157/392], loss_total:0.05777, loss_equ:0.33572 loss_pq_vm:0.00124 loss_pq_va:0.00445 loss_pv_va:0.00737
INFO|2024-09-27 14:26:28: Epoch[084/100], iter[196/392], loss_total:0.05650, loss_equ:0.32365 loss_pq_vm:0.00121 loss_pq_va:0.00477 loss_pv_va:0.00729
INFO|2024-09-27 14:26:40: Epoch[084/100], iter[235/392], loss_total:0.05644, loss_equ:0.32760 loss_pq_vm:0.00127 loss_pq_va:0.00421 loss_pv_va:0.00679
INFO|2024-09-27 14:26:53: Epoch[084/100], iter[274/392], loss_total:0.05808, loss_equ:0.33355 loss_pq_vm:0.00127 loss_pq_va:0.00461 loss_pv_va:0.00743
INFO|2024-09-27 14:27:05: Epoch[084/100], iter[313/392], loss_total:0.05864, loss_equ:0.32750 loss_pq_vm:0.00134 loss_pq_va:0.00489 loss_pv_va:0.00755
INFO|2024-09-27 14:27:18: Epoch[084/100], iter[352/392], loss_total:0.05815, loss_equ:0.33218 loss_pq_vm:0.00126 loss_pq_va:0.00487 loss_pv_va:0.00747
INFO|2024-09-27 14:27:31: Epoch[084/100], iter[392/392], loss_total:0.05726, loss_equ:0.32243 loss_pq_vm:0.00119 loss_pq_va:0.00531 loss_pv_va:0.00781
INFO|2024-09-27 14:28:24: Epoch 83/100, lr:  0.00007123, eta: 0.8h, train_loss:  0.05805, valid_loss:  0.10610
INFO|2024-09-27 14:28:24: 	Train: PQ_Vm_rmse: 0.00168788  PQ_Va_rmse: 0.00751522  PV_Va_rmse: 0.01038879  delta_p: 0.22937425  delta_q: 0.06916846  
INFO|2024-09-27 14:28:24: 	ZTest: PQ_Vm_rmse: 0.00474291  PQ_Va_rmse: 0.04766666  PV_Va_rmse: 0.05480039  delta_p: 0.26925997  delta_q: 0.08190107  
INFO|2024-09-27 14:28:24: 	ZTest-ema: PQ_Vm_rmse: 0.004665  PQ_Va_rmse: 0.047043  PV_Va_rmse: 0.054223  delta_p: 0.268171  delta_q: 0.081544  
INFO|2024-09-27 14:28:24: 	           ValOfEMA:0.054223/0.054223,  Epoch:84/84
INFO|2024-09-27 14:28:24: 	Time(ep):180s,  Val(curr/best):0.054800/0.053887,  Epoch(curr/best):84/82
INFO|2024-09-27 14:28:24: -------------------- Epoch: 85 --------------------
INFO|2024-09-27 14:28:38: Epoch[085/100], iter[040/392], loss_total:0.05719, loss_equ:0.32625 loss_pq_vm:0.00121 loss_pq_va:0.00523 loss_pv_va:0.00727
INFO|2024-09-27 14:28:51: Epoch[085/100], iter[079/392], loss_total:0.05558, loss_equ:0.32506 loss_pq_vm:0.00117 loss_pq_va:0.00426 loss_pv_va:0.00712
INFO|2024-09-27 14:29:05: Epoch[085/100], iter[118/392], loss_total:0.05804, loss_equ:0.32681 loss_pq_vm:0.00124 loss_pq_va:0.00522 loss_pv_va:0.00777
INFO|2024-09-27 14:29:17: Epoch[085/100], iter[157/392], loss_total:0.05789, loss_equ:0.33138 loss_pq_vm:0.00120 loss_pq_va:0.00495 loss_pv_va:0.00775
INFO|2024-09-27 14:29:30: Epoch[085/100], iter[196/392], loss_total:0.05749, loss_equ:0.32423 loss_pq_vm:0.00120 loss_pq_va:0.00528 loss_pv_va:0.00781
INFO|2024-09-27 14:29:43: Epoch[085/100], iter[235/392], loss_total:0.05708, loss_equ:0.32881 loss_pq_vm:0.00125 loss_pq_va:0.00460 loss_pv_va:0.00716
INFO|2024-09-27 14:29:56: Epoch[085/100], iter[274/392], loss_total:0.05901, loss_equ:0.33079 loss_pq_vm:0.00124 loss_pq_va:0.00553 loss_pv_va:0.00801
INFO|2024-09-27 14:30:09: Epoch[085/100], iter[313/392], loss_total:0.05587, loss_equ:0.32627 loss_pq_vm:0.00118 loss_pq_va:0.00442 loss_pv_va:0.00700
INFO|2024-09-27 14:30:21: Epoch[085/100], iter[352/392], loss_total:0.05645, loss_equ:0.32686 loss_pq_vm:0.00123 loss_pq_va:0.00451 loss_pv_va:0.00697
INFO|2024-09-27 14:30:34: Epoch[085/100], iter[392/392], loss_total:0.05693, loss_equ:0.32836 loss_pq_vm:0.00123 loss_pq_va:0.00450 loss_pv_va:0.00730
INFO|2024-09-27 14:31:28: Epoch 84/100, lr:  0.00006395, eta: 0.77h, train_loss:  0.05758, valid_loss:  0.10254
INFO|2024-09-27 14:31:28: 	Train: PQ_Vm_rmse: 0.00165409  PQ_Va_rmse: 0.00745872  PV_Va_rmse: 0.01032294  delta_p: 0.22891843  delta_q: 0.06889979  
INFO|2024-09-27 14:31:28: 	ZTest: PQ_Vm_rmse: 0.00460241  PQ_Va_rmse: 0.04675481  PV_Va_rmse: 0.05396213  delta_p: 0.27091792  delta_q: 0.08199204  
INFO|2024-09-27 14:31:28: 	ZTest-ema: PQ_Vm_rmse: 0.004660  PQ_Va_rmse: 0.047074  PV_Va_rmse: 0.054248  delta_p: 0.268080  delta_q: 0.081561  
INFO|2024-09-27 14:31:28: 	           ValOfEMA:0.054248/0.054223,  Epoch:85/84
INFO|2024-09-27 14:31:29: 	Time(ep):183s,  Val(curr/best):0.053962/0.053887,  Epoch(curr/best):85/82
INFO|2024-09-27 14:31:29: -------------------- Epoch: 86 --------------------
INFO|2024-09-27 14:31:43: Epoch[086/100], iter[040/392], loss_total:0.05504, loss_equ:0.31892 loss_pq_vm:0.00115 loss_pq_va:0.00431 loss_pv_va:0.00730
INFO|2024-09-27 14:31:56: Epoch[086/100], iter[079/392], loss_total:0.05683, loss_equ:0.33035 loss_pq_vm:0.00125 loss_pq_va:0.00434 loss_pv_va:0.00695
INFO|2024-09-27 14:32:10: Epoch[086/100], iter[118/392], loss_total:0.05885, loss_equ:0.33256 loss_pq_vm:0.00122 loss_pq_va:0.00536 loss_pv_va:0.00808
INFO|2024-09-27 14:32:22: Epoch[086/100], iter[157/392], loss_total:0.05722, loss_equ:0.32494 loss_pq_vm:0.00124 loss_pq_va:0.00489 loss_pv_va:0.00743
INFO|2024-09-27 14:32:35: Epoch[086/100], iter[196/392], loss_total:0.06089, loss_equ:0.32308 loss_pq_vm:0.00122 loss_pq_va:0.00694 loss_pv_va:0.00940
INFO|2024-09-27 14:32:48: Epoch[086/100], iter[235/392], loss_total:0.05556, loss_equ:0.32265 loss_pq_vm:0.00120 loss_pq_va:0.00428 loss_pv_va:0.00699
INFO|2024-09-27 14:33:01: Epoch[086/100], iter[274/392], loss_total:0.05658, loss_equ:0.32392 loss_pq_vm:0.00120 loss_pq_va:0.00468 loss_pv_va:0.00746
INFO|2024-09-27 14:33:13: Epoch[086/100], iter[313/392], loss_total:0.05635, loss_equ:0.32553 loss_pq_vm:0.00118 loss_pq_va:0.00473 loss_pv_va:0.00726
INFO|2024-09-27 14:33:26: Epoch[086/100], iter[352/392], loss_total:0.05714, loss_equ:0.32873 loss_pq_vm:0.00124 loss_pq_va:0.00449 loss_pv_va:0.00735
INFO|2024-09-27 14:33:39: Epoch[086/100], iter[392/392], loss_total:0.05630, loss_equ:0.32252 loss_pq_vm:0.00123 loss_pq_va:0.00454 loss_pv_va:0.00725
INFO|2024-09-27 14:34:32: Epoch 85/100, lr:  0.00005711, eta: 0.71h, train_loss:  0.05742, valid_loss:  0.10516
INFO|2024-09-27 14:34:32: 	Train: PQ_Vm_rmse: 0.00165262  PQ_Va_rmse: 0.00734645  PV_Va_rmse: 0.01023721  delta_p: 0.22880918  delta_q: 0.06895409  
INFO|2024-09-27 14:34:32: 	ZTest: PQ_Vm_rmse: 0.00477821  PQ_Va_rmse: 0.04763763  PV_Va_rmse: 0.05479451  delta_p: 0.26932224  delta_q: 0.08168132  
INFO|2024-09-27 14:34:32: 	ZTest-ema: PQ_Vm_rmse: 0.004656  PQ_Va_rmse: 0.047049  PV_Va_rmse: 0.054228  delta_p: 0.267746  delta_q: 0.081453  
INFO|2024-09-27 14:34:32: 	           ValOfEMA:0.054228/0.054223,  Epoch:86/84
INFO|2024-09-27 14:34:33: 	Time(ep):183s,  Val(curr/best):0.054795/0.053887,  Epoch(curr/best):86/82
INFO|2024-09-27 14:34:33: -------------------- Epoch: 87 --------------------
INFO|2024-09-27 14:34:47: Epoch[087/100], iter[040/392], loss_total:0.05686, loss_equ:0.32886 loss_pq_vm:0.00122 loss_pq_va:0.00465 loss_pv_va:0.00712
INFO|2024-09-27 14:35:00: Epoch[087/100], iter[079/392], loss_total:0.05791, loss_equ:0.32428 loss_pq_vm:0.00123 loss_pq_va:0.00547 loss_pv_va:0.00774
INFO|2024-09-27 14:35:13: Epoch[087/100], iter[118/392], loss_total:0.05605, loss_equ:0.32672 loss_pq_vm:0.00119 loss_pq_va:0.00426 loss_pv_va:0.00719
INFO|2024-09-27 14:35:26: Epoch[087/100], iter[157/392], loss_total:0.05784, loss_equ:0.33139 loss_pq_vm:0.00120 loss_pq_va:0.00492 loss_pv_va:0.00776
INFO|2024-09-27 14:35:38: Epoch[087/100], iter[196/392], loss_total:0.05501, loss_equ:0.32048 loss_pq_vm:0.00117 loss_pq_va:0.00429 loss_pv_va:0.00697
INFO|2024-09-27 14:35:51: Epoch[087/100], iter[235/392], loss_total:0.05743, loss_equ:0.33126 loss_pq_vm:0.00129 loss_pq_va:0.00443 loss_pv_va:0.00700
INFO|2024-09-27 14:36:04: Epoch[087/100], iter[274/392], loss_total:0.05707, loss_equ:0.33232 loss_pq_vm:0.00121 loss_pq_va:0.00461 loss_pv_va:0.00712
INFO|2024-09-27 14:36:17: Epoch[087/100], iter[313/392], loss_total:0.05705, loss_equ:0.32628 loss_pq_vm:0.00127 loss_pq_va:0.00449 loss_pv_va:0.00725
INFO|2024-09-27 14:36:29: Epoch[087/100], iter[352/392], loss_total:0.05679, loss_equ:0.32455 loss_pq_vm:0.00117 loss_pq_va:0.00490 loss_pv_va:0.00777
INFO|2024-09-27 14:36:43: Epoch[087/100], iter[392/392], loss_total:0.05711, loss_equ:0.32354 loss_pq_vm:0.00122 loss_pq_va:0.00493 loss_pv_va:0.00760
INFO|2024-09-27 14:37:37: Epoch 86/100, lr:  0.00005071, eta: 0.66h, train_loss:  0.05704, valid_loss:  0.10171
INFO|2024-09-27 14:37:37: 	Train: PQ_Vm_rmse: 0.00165650  PQ_Va_rmse: 0.00707632  PV_Va_rmse: 0.01001939  delta_p: 0.22810499  delta_q: 0.06877664  
INFO|2024-09-27 14:37:37: 	ZTest: PQ_Vm_rmse: 0.00453724  PQ_Va_rmse: 0.04653547  PV_Va_rmse: 0.05373371  delta_p: 0.26873984  delta_q: 0.08184154  
INFO|2024-09-27 14:37:37: 	ZTest-ema: PQ_Vm_rmse: 0.004654  PQ_Va_rmse: 0.047031  PV_Va_rmse: 0.054211  delta_p: 0.267559  delta_q: 0.081410  
INFO|2024-09-27 14:37:37: 	           ValOfEMA:0.054211/0.054211,  Epoch:87/87
INFO|2024-09-27 14:37:38: 	Time(ep):184s,  Val(curr/best):0.053734/0.053734,  Epoch(curr/best):87/87
INFO|2024-09-27 14:37:38: -------------------- Epoch: 88 --------------------
INFO|2024-09-27 14:37:52: Epoch[088/100], iter[040/392], loss_total:0.05535, loss_equ:0.32656 loss_pq_vm:0.00116 loss_pq_va:0.00412 loss_pv_va:0.00694
INFO|2024-09-27 14:38:05: Epoch[088/100], iter[079/392], loss_total:0.05732, loss_equ:0.32883 loss_pq_vm:0.00126 loss_pq_va:0.00449 loss_pv_va:0.00737
INFO|2024-09-27 14:38:17: Epoch[088/100], iter[118/392], loss_total:0.05835, loss_equ:0.32117 loss_pq_vm:0.00122 loss_pq_va:0.00577 loss_pv_va:0.00822
INFO|2024-09-27 14:38:30: Epoch[088/100], iter[157/392], loss_total:0.05647, loss_equ:0.32484 loss_pq_vm:0.00122 loss_pq_va:0.00453 loss_pv_va:0.00725
INFO|2024-09-27 14:38:43: Epoch[088/100], iter[196/392], loss_total:0.05587, loss_equ:0.32763 loss_pq_vm:0.00118 loss_pq_va:0.00424 loss_pv_va:0.00711
INFO|2024-09-27 14:38:56: Epoch[088/100], iter[235/392], loss_total:0.05593, loss_equ:0.32327 loss_pq_vm:0.00123 loss_pq_va:0.00425 loss_pv_va:0.00709
INFO|2024-09-27 14:39:08: Epoch[088/100], iter[274/392], loss_total:0.05726, loss_equ:0.32800 loss_pq_vm:0.00122 loss_pq_va:0.00476 loss_pv_va:0.00749
INFO|2024-09-27 14:39:21: Epoch[088/100], iter[313/392], loss_total:0.05930, loss_equ:0.32504 loss_pq_vm:0.00123 loss_pq_va:0.00603 loss_pv_va:0.00849
INFO|2024-09-27 14:39:34: Epoch[088/100], iter[352/392], loss_total:0.05676, loss_equ:0.32479 loss_pq_vm:0.00125 loss_pq_va:0.00460 loss_pv_va:0.00722
INFO|2024-09-27 14:39:47: Epoch[088/100], iter[392/392], loss_total:0.05719, loss_equ:0.32112 loss_pq_vm:0.00124 loss_pq_va:0.00504 loss_pv_va:0.00765
INFO|2024-09-27 14:40:40: Epoch 87/100, lr:  0.00004476, eta: 0.61h, train_loss:  0.05659, valid_loss:  0.10468
INFO|2024-09-27 14:40:40: 	Train: PQ_Vm_rmse: 0.00163016  PQ_Va_rmse: 0.00701587  PV_Va_rmse: 0.00995655  delta_p: 0.22718929  delta_q: 0.06845554  
INFO|2024-09-27 14:40:40: 	ZTest: PQ_Vm_rmse: 0.00470152  PQ_Va_rmse: 0.04739490  PV_Va_rmse: 0.05456765  delta_p: 0.26825054  delta_q: 0.08165667  
INFO|2024-09-27 14:40:40: 	ZTest-ema: PQ_Vm_rmse: 0.004644  PQ_Va_rmse: 0.047004  PV_Va_rmse: 0.054189  delta_p: 0.267208  delta_q: 0.081326  
INFO|2024-09-27 14:40:40: 	           ValOfEMA:0.054189/0.054189,  Epoch:88/88
INFO|2024-09-27 14:40:40: 	Time(ep):181s,  Val(curr/best):0.054568/0.053734,  Epoch(curr/best):88/87
INFO|2024-09-27 14:40:40: -------------------- Epoch: 89 --------------------
INFO|2024-09-27 14:40:55: Epoch[089/100], iter[040/392], loss_total:0.05560, loss_equ:0.32710 loss_pq_vm:0.00121 loss_pq_va:0.00406 loss_pv_va:0.00673
INFO|2024-09-27 14:41:07: Epoch[089/100], iter[079/392], loss_total:0.05697, loss_equ:0.32453 loss_pq_vm:0.00121 loss_pq_va:0.00485 loss_pv_va:0.00756
INFO|2024-09-27 14:41:20: Epoch[089/100], iter[118/392], loss_total:0.05689, loss_equ:0.32686 loss_pq_vm:0.00126 loss_pq_va:0.00447 loss_pv_va:0.00712
INFO|2024-09-27 14:41:33: Epoch[089/100], iter[157/392], loss_total:0.05630, loss_equ:0.32528 loss_pq_vm:0.00120 loss_pq_va:0.00455 loss_pv_va:0.00720
INFO|2024-09-27 14:41:46: Epoch[089/100], iter[196/392], loss_total:0.05549, loss_equ:0.32059 loss_pq_vm:0.00119 loss_pq_va:0.00446 loss_pv_va:0.00710
INFO|2024-09-27 14:41:59: Epoch[089/100], iter[235/392], loss_total:0.05478, loss_equ:0.32400 loss_pq_vm:0.00120 loss_pq_va:0.00386 loss_pv_va:0.00650
INFO|2024-09-27 14:42:11: Epoch[089/100], iter[274/392], loss_total:0.05563, loss_equ:0.32617 loss_pq_vm:0.00121 loss_pq_va:0.00411 loss_pv_va:0.00679
INFO|2024-09-27 14:42:24: Epoch[089/100], iter[313/392], loss_total:0.05488, loss_equ:0.32355 loss_pq_vm:0.00120 loss_pq_va:0.00386 loss_pv_va:0.00669
INFO|2024-09-27 14:42:37: Epoch[089/100], iter[352/392], loss_total:0.05520, loss_equ:0.31699 loss_pq_vm:0.00120 loss_pq_va:0.00443 loss_pv_va:0.00712
INFO|2024-09-27 14:42:50: Epoch[089/100], iter[392/392], loss_total:0.05384, loss_equ:0.31942 loss_pq_vm:0.00116 loss_pq_va:0.00376 loss_pv_va:0.00657
INFO|2024-09-27 14:43:42: Epoch 88/100, lr:  0.00003926, eta: 0.55h, train_loss:  0.05629, valid_loss:  0.10190
INFO|2024-09-27 14:43:42: 	Train: PQ_Vm_rmse: 0.00162851  PQ_Va_rmse: 0.00679582  PV_Va_rmse: 0.00978752  delta_p: 0.22720200  delta_q: 0.06848470  
INFO|2024-09-27 14:43:42: 	ZTest: PQ_Vm_rmse: 0.00455581  PQ_Va_rmse: 0.04693604  PV_Va_rmse: 0.05409934  delta_p: 0.26728300  delta_q: 0.08143306  
INFO|2024-09-27 14:43:42: 	ZTest-ema: PQ_Vm_rmse: 0.004643  PQ_Va_rmse: 0.046962  PV_Va_rmse: 0.054146  delta_p: 0.267139  delta_q: 0.081291  
INFO|2024-09-27 14:43:42: 	           ValOfEMA:0.054146/0.054146,  Epoch:89/89
INFO|2024-09-27 14:43:43: 	Time(ep):181s,  Val(curr/best):0.054099/0.053734,  Epoch(curr/best):89/87
INFO|2024-09-27 14:43:43: -------------------- Epoch: 90 --------------------
INFO|2024-09-27 14:43:57: Epoch[090/100], iter[040/392], loss_total:0.05620, loss_equ:0.32202 loss_pq_vm:0.00119 loss_pq_va:0.00480 loss_pv_va:0.00725
INFO|2024-09-27 14:44:10: Epoch[090/100], iter[079/392], loss_total:0.05609, loss_equ:0.32234 loss_pq_vm:0.00124 loss_pq_va:0.00436 loss_pv_va:0.00707
INFO|2024-09-27 14:44:23: Epoch[090/100], iter[118/392], loss_total:0.05606, loss_equ:0.32338 loss_pq_vm:0.00122 loss_pq_va:0.00429 loss_pv_va:0.00718
INFO|2024-09-27 14:44:36: Epoch[090/100], iter[157/392], loss_total:0.05570, loss_equ:0.32405 loss_pq_vm:0.00121 loss_pq_va:0.00430 loss_pv_va:0.00694
INFO|2024-09-27 14:44:48: Epoch[090/100], iter[196/392], loss_total:0.05464, loss_equ:0.32192 loss_pq_vm:0.00117 loss_pq_va:0.00410 loss_pv_va:0.00667
INFO|2024-09-27 14:45:01: Epoch[090/100], iter[235/392], loss_total:0.05619, loss_equ:0.32381 loss_pq_vm:0.00119 loss_pq_va:0.00451 loss_pv_va:0.00738
INFO|2024-09-27 14:45:14: Epoch[090/100], iter[274/392], loss_total:0.05665, loss_equ:0.32969 loss_pq_vm:0.00126 loss_pq_va:0.00418 loss_pv_va:0.00687
INFO|2024-09-27 14:45:27: Epoch[090/100], iter[313/392], loss_total:0.05646, loss_equ:0.32583 loss_pq_vm:0.00125 loss_pq_va:0.00431 loss_pv_va:0.00710
INFO|2024-09-27 14:45:40: Epoch[090/100], iter[352/392], loss_total:0.05542, loss_equ:0.31934 loss_pq_vm:0.00122 loss_pq_va:0.00428 loss_pv_va:0.00702
INFO|2024-09-27 14:45:53: Epoch[090/100], iter[392/392], loss_total:0.05495, loss_equ:0.32389 loss_pq_vm:0.00117 loss_pq_va:0.00410 loss_pv_va:0.00680
INFO|2024-09-27 14:46:46: Epoch 89/100, lr:  0.00003423, eta: 0.51h, train_loss:  0.05613, valid_loss:  0.10244
INFO|2024-09-27 14:46:46: 	Train: PQ_Vm_rmse: 0.00162204  PQ_Va_rmse: 0.00675409  PV_Va_rmse: 0.00974709  delta_p: 0.22677886  delta_q: 0.06839567  
INFO|2024-09-27 14:46:46: 	ZTest: PQ_Vm_rmse: 0.00460941  PQ_Va_rmse: 0.04701122  PV_Va_rmse: 0.05419331  delta_p: 0.26713793  delta_q: 0.08138340  
INFO|2024-09-27 14:46:46: 	ZTest-ema: PQ_Vm_rmse: 0.004640  PQ_Va_rmse: 0.046976  PV_Va_rmse: 0.054156  delta_p: 0.266800  delta_q: 0.081207  
INFO|2024-09-27 14:46:46: 	           ValOfEMA:0.054156/0.054146,  Epoch:90/89
INFO|2024-09-27 14:46:46: 	Time(ep):182s,  Val(curr/best):0.054193/0.053734,  Epoch(curr/best):90/87
INFO|2024-09-27 14:46:46: -------------------- Epoch: 91 --------------------
INFO|2024-09-27 14:47:01: Epoch[091/100], iter[040/392], loss_total:0.05702, loss_equ:0.32583 loss_pq_vm:0.00126 loss_pq_va:0.00454 loss_pv_va:0.00731
INFO|2024-09-27 14:47:13: Epoch[091/100], iter[079/392], loss_total:0.05554, loss_equ:0.32706 loss_pq_vm:0.00122 loss_pq_va:0.00396 loss_pv_va:0.00671
INFO|2024-09-27 14:47:26: Epoch[091/100], iter[118/392], loss_total:0.05544, loss_equ:0.32553 loss_pq_vm:0.00119 loss_pq_va:0.00417 loss_pv_va:0.00681
INFO|2024-09-27 14:47:39: Epoch[091/100], iter[157/392], loss_total:0.05572, loss_equ:0.32055 loss_pq_vm:0.00121 loss_pq_va:0.00451 loss_pv_va:0.00705
INFO|2024-09-27 14:47:51: Epoch[091/100], iter[196/392], loss_total:0.05510, loss_equ:0.32353 loss_pq_vm:0.00119 loss_pq_va:0.00409 loss_pv_va:0.00679
INFO|2024-09-27 14:48:04: Epoch[091/100], iter[235/392], loss_total:0.05575, loss_equ:0.32226 loss_pq_vm:0.00121 loss_pq_va:0.00434 loss_pv_va:0.00705
INFO|2024-09-27 14:48:17: Epoch[091/100], iter[274/392], loss_total:0.05542, loss_equ:0.31453 loss_pq_vm:0.00119 loss_pq_va:0.00471 loss_pv_va:0.00733
INFO|2024-09-27 14:48:30: Epoch[091/100], iter[313/392], loss_total:0.05587, loss_equ:0.32663 loss_pq_vm:0.00122 loss_pq_va:0.00407 loss_pv_va:0.00690
INFO|2024-09-27 14:48:42: Epoch[091/100], iter[352/392], loss_total:0.05512, loss_equ:0.31922 loss_pq_vm:0.00120 loss_pq_va:0.00427 loss_pv_va:0.00693
INFO|2024-09-27 14:48:56: Epoch[091/100], iter[392/392], loss_total:0.05468, loss_equ:0.32412 loss_pq_vm:0.00114 loss_pq_va:0.00403 loss_pv_va:0.00680
INFO|2024-09-27 14:49:49: Epoch 90/100, lr:  0.00002965, eta: 0.46h, train_loss:  0.05583, valid_loss:  0.10236
INFO|2024-09-27 14:49:49: 	Train: PQ_Vm_rmse: 0.00161278  PQ_Va_rmse: 0.00665129  PV_Va_rmse: 0.00965150  delta_p: 0.22607465  delta_q: 0.06815890  
INFO|2024-09-27 14:49:49: 	ZTest: PQ_Vm_rmse: 0.00464091  PQ_Va_rmse: 0.04691042  PV_Va_rmse: 0.05409113  delta_p: 0.26695010  delta_q: 0.08123777  
INFO|2024-09-27 14:49:49: 	ZTest-ema: PQ_Vm_rmse: 0.004637  PQ_Va_rmse: 0.046956  PV_Va_rmse: 0.054135  delta_p: 0.266532  delta_q: 0.081158  
INFO|2024-09-27 14:49:49: 	           ValOfEMA:0.054135/0.054135,  Epoch:91/91
INFO|2024-09-27 14:49:50: 	Time(ep):182s,  Val(curr/best):0.054091/0.053734,  Epoch(curr/best):91/87
INFO|2024-09-27 14:49:50: -------------------- Epoch: 92 --------------------
INFO|2024-09-27 14:50:04: Epoch[092/100], iter[040/392], loss_total:0.05528, loss_equ:0.32147 loss_pq_vm:0.00122 loss_pq_va:0.00409 loss_pv_va:0.00687
INFO|2024-09-27 14:50:17: Epoch[092/100], iter[079/392], loss_total:0.05636, loss_equ:0.32384 loss_pq_vm:0.00124 loss_pq_va:0.00445 loss_pv_va:0.00717
INFO|2024-09-27 14:50:30: Epoch[092/100], iter[118/392], loss_total:0.05530, loss_equ:0.31943 loss_pq_vm:0.00117 loss_pq_va:0.00458 loss_pv_va:0.00709
INFO|2024-09-27 14:50:43: Epoch[092/100], iter[157/392], loss_total:0.05568, loss_equ:0.32480 loss_pq_vm:0.00119 loss_pq_va:0.00435 loss_pv_va:0.00699
INFO|2024-09-27 14:50:55: Epoch[092/100], iter[196/392], loss_total:0.05498, loss_equ:0.31896 loss_pq_vm:0.00120 loss_pq_va:0.00423 loss_pv_va:0.00686
INFO|2024-09-27 14:51:08: Epoch[092/100], iter[235/392], loss_total:0.05520, loss_equ:0.32149 loss_pq_vm:0.00118 loss_pq_va:0.00428 loss_pv_va:0.00693
INFO|2024-09-27 14:51:21: Epoch[092/100], iter[274/392], loss_total:0.05616, loss_equ:0.31980 loss_pq_vm:0.00121 loss_pq_va:0.00458 loss_pv_va:0.00752
INFO|2024-09-27 14:51:33: Epoch[092/100], iter[313/392], loss_total:0.05478, loss_equ:0.32281 loss_pq_vm:0.00117 loss_pq_va:0.00395 loss_pv_va:0.00687
INFO|2024-09-27 14:51:46: Epoch[092/100], iter[352/392], loss_total:0.05569, loss_equ:0.32645 loss_pq_vm:0.00123 loss_pq_va:0.00388 loss_pv_va:0.00689
INFO|2024-09-27 14:51:59: Epoch[092/100], iter[392/392], loss_total:0.05661, loss_equ:0.32854 loss_pq_vm:0.00123 loss_pq_va:0.00434 loss_pv_va:0.00716
INFO|2024-09-27 14:52:52: Epoch 91/100, lr:  0.00002555, eta: 0.4h, train_loss:  0.05575, valid_loss:  0.10239
INFO|2024-09-27 14:52:52: 	Train: PQ_Vm_rmse: 0.00160839  PQ_Va_rmse: 0.00664625  PV_Va_rmse: 0.00965336  delta_p: 0.22594702  delta_q: 0.06811697  
INFO|2024-09-27 14:52:52: 	ZTest: PQ_Vm_rmse: 0.00462714  PQ_Va_rmse: 0.04692455  PV_Va_rmse: 0.05409069  delta_p: 0.26673530  delta_q: 0.08128714  
INFO|2024-09-27 14:52:52: 	ZTest-ema: PQ_Vm_rmse: 0.004632  PQ_Va_rmse: 0.046920  PV_Va_rmse: 0.054096  delta_p: 0.266371  delta_q: 0.081130  
INFO|2024-09-27 14:52:52: 	           ValOfEMA:0.054096/0.054096,  Epoch:92/92
INFO|2024-09-27 14:52:53: 	Time(ep):182s,  Val(curr/best):0.054091/0.053734,  Epoch(curr/best):92/87
INFO|2024-09-27 14:52:53: -------------------- Epoch: 93 --------------------
INFO|2024-09-27 14:53:07: Epoch[093/100], iter[040/392], loss_total:0.05560, loss_equ:0.31806 loss_pq_vm:0.00116 loss_pq_va:0.00470 loss_pv_va:0.00748
INFO|2024-09-27 14:53:20: Epoch[093/100], iter[079/392], loss_total:0.05658, loss_equ:0.32310 loss_pq_vm:0.00120 loss_pq_va:0.00469 loss_pv_va:0.00757
INFO|2024-09-27 14:53:33: Epoch[093/100], iter[118/392], loss_total:0.05546, loss_equ:0.32461 loss_pq_vm:0.00119 loss_pq_va:0.00424 loss_pv_va:0.00691
INFO|2024-09-27 14:53:45: Epoch[093/100], iter[157/392], loss_total:0.05499, loss_equ:0.32349 loss_pq_vm:0.00121 loss_pq_va:0.00392 loss_pv_va:0.00659
INFO|2024-09-27 14:53:58: Epoch[093/100], iter[196/392], loss_total:0.05399, loss_equ:0.31740 loss_pq_vm:0.00117 loss_pq_va:0.00391 loss_pv_va:0.00664
INFO|2024-09-27 14:54:11: Epoch[093/100], iter[235/392], loss_total:0.05658, loss_equ:0.32824 loss_pq_vm:0.00121 loss_pq_va:0.00453 loss_pv_va:0.00714
INFO|2024-09-27 14:54:23: Epoch[093/100], iter[274/392], loss_total:0.05621, loss_equ:0.31828 loss_pq_vm:0.00121 loss_pq_va:0.00485 loss_pv_va:0.00747
INFO|2024-09-27 14:54:36: Epoch[093/100], iter[313/392], loss_total:0.05410, loss_equ:0.31802 loss_pq_vm:0.00117 loss_pq_va:0.00391 loss_pv_va:0.00673
INFO|2024-09-27 14:54:49: Epoch[093/100], iter[352/392], loss_total:0.05395, loss_equ:0.31659 loss_pq_vm:0.00115 loss_pq_va:0.00403 loss_pv_va:0.00672
INFO|2024-09-27 14:55:02: Epoch[093/100], iter[392/392], loss_total:0.05522, loss_equ:0.32244 loss_pq_vm:0.00119 loss_pq_va:0.00414 loss_pv_va:0.00690
INFO|2024-09-27 14:55:55: Epoch 92/100, lr:  0.00002192, eta: 0.35h, train_loss:  0.05560, valid_loss:  0.10266
INFO|2024-09-27 14:55:55: 	Train: PQ_Vm_rmse: 0.00160458  PQ_Va_rmse: 0.00660769  PV_Va_rmse: 0.00960536  delta_p: 0.22550920  delta_q: 0.06800522  
INFO|2024-09-27 14:55:55: 	ZTest: PQ_Vm_rmse: 0.00465555  PQ_Va_rmse: 0.04699012  PV_Va_rmse: 0.05417073  delta_p: 0.26664791  delta_q: 0.08124642  
INFO|2024-09-27 14:55:55: 	ZTest-ema: PQ_Vm_rmse: 0.004640  PQ_Va_rmse: 0.046953  PV_Va_rmse: 0.054132  delta_p: 0.266272  delta_q: 0.081107  
INFO|2024-09-27 14:55:55: 	           ValOfEMA:0.054132/0.054096,  Epoch:93/92
INFO|2024-09-27 14:55:55: 	Time(ep):181s,  Val(curr/best):0.054171/0.053734,  Epoch(curr/best):93/87
INFO|2024-09-27 14:55:55: -------------------- Epoch: 94 --------------------
INFO|2024-09-27 14:56:10: Epoch[094/100], iter[040/392], loss_total:0.05469, loss_equ:0.32297 loss_pq_vm:0.00115 loss_pq_va:0.00407 loss_pv_va:0.00679
INFO|2024-09-27 14:56:23: Epoch[094/100], iter[079/392], loss_total:0.05497, loss_equ:0.32304 loss_pq_vm:0.00119 loss_pq_va:0.00403 loss_pv_va:0.00673
INFO|2024-09-27 14:56:36: Epoch[094/100], iter[118/392], loss_total:0.05596, loss_equ:0.32541 loss_pq_vm:0.00121 loss_pq_va:0.00441 loss_pv_va:0.00694
INFO|2024-09-27 14:56:49: Epoch[094/100], iter[157/392], loss_total:0.05446, loss_equ:0.32264 loss_pq_vm:0.00116 loss_pq_va:0.00388 loss_pv_va:0.00677
INFO|2024-09-27 14:57:01: Epoch[094/100], iter[196/392], loss_total:0.05781, loss_equ:0.32321 loss_pq_vm:0.00125 loss_pq_va:0.00515 loss_pv_va:0.00788
INFO|2024-09-27 14:57:14: Epoch[094/100], iter[235/392], loss_total:0.05525, loss_equ:0.32378 loss_pq_vm:0.00119 loss_pq_va:0.00406 loss_pv_va:0.00689
INFO|2024-09-27 14:57:27: Epoch[094/100], iter[274/392], loss_total:0.05492, loss_equ:0.31896 loss_pq_vm:0.00121 loss_pq_va:0.00416 loss_pv_va:0.00674
INFO|2024-09-27 14:57:40: Epoch[094/100], iter[313/392], loss_total:0.05743, loss_equ:0.32907 loss_pq_vm:0.00121 loss_pq_va:0.00498 loss_pv_va:0.00745
INFO|2024-09-27 14:57:53: Epoch[094/100], iter[352/392], loss_total:0.05529, loss_equ:0.31958 loss_pq_vm:0.00117 loss_pq_va:0.00442 loss_pv_va:0.00717
INFO|2024-09-27 14:58:06: Epoch[094/100], iter[392/392], loss_total:0.05590, loss_equ:0.31915 loss_pq_vm:0.00124 loss_pq_va:0.00444 loss_pv_va:0.00719
INFO|2024-09-27 14:58:59: Epoch 93/100, lr:  0.00001877, eta: 0.31h, train_loss:  0.05528, valid_loss:  0.10306
INFO|2024-09-27 14:58:59: 	Train: PQ_Vm_rmse: 0.00159826  PQ_Va_rmse: 0.00640472  PV_Va_rmse: 0.00945834  delta_p: 0.22518039  delta_q: 0.06795201  
INFO|2024-09-27 14:58:59: 	ZTest: PQ_Vm_rmse: 0.00467858  PQ_Va_rmse: 0.04712400  PV_Va_rmse: 0.05430094  delta_p: 0.26662382  delta_q: 0.08117974  
INFO|2024-09-27 14:58:59: 	ZTest-ema: PQ_Vm_rmse: 0.004634  PQ_Va_rmse: 0.046926  PV_Va_rmse: 0.054106  delta_p: 0.265970  delta_q: 0.081044  
INFO|2024-09-27 14:58:59: 	           ValOfEMA:0.054106/0.054096,  Epoch:94/92
INFO|2024-09-27 14:59:00: 	Time(ep):183s,  Val(curr/best):0.054301/0.053734,  Epoch(curr/best):94/87
INFO|2024-09-27 14:59:00: -------------------- Epoch: 95 --------------------
INFO|2024-09-27 14:59:14: Epoch[095/100], iter[040/392], loss_total:0.05680, loss_equ:0.32487 loss_pq_vm:0.00120 loss_pq_va:0.00485 loss_pv_va:0.00751
INFO|2024-09-27 14:59:27: Epoch[095/100], iter[079/392], loss_total:0.05511, loss_equ:0.31916 loss_pq_vm:0.00117 loss_pq_va:0.00448 loss_pv_va:0.00700
INFO|2024-09-27 14:59:40: Epoch[095/100], iter[118/392], loss_total:0.05525, loss_equ:0.32321 loss_pq_vm:0.00121 loss_pq_va:0.00407 loss_pv_va:0.00680
INFO|2024-09-27 14:59:53: Epoch[095/100], iter[157/392], loss_total:0.05566, loss_equ:0.32426 loss_pq_vm:0.00121 loss_pq_va:0.00410 loss_pv_va:0.00700
INFO|2024-09-27 15:00:06: Epoch[095/100], iter[196/392], loss_total:0.05378, loss_equ:0.31976 loss_pq_vm:0.00114 loss_pq_va:0.00388 loss_pv_va:0.00648
INFO|2024-09-27 15:00:18: Epoch[095/100], iter[235/392], loss_total:0.05538, loss_equ:0.32243 loss_pq_vm:0.00118 loss_pq_va:0.00434 loss_pv_va:0.00696
INFO|2024-09-27 15:00:31: Epoch[095/100], iter[274/392], loss_total:0.05401, loss_equ:0.32088 loss_pq_vm:0.00117 loss_pq_va:0.00376 loss_pv_va:0.00650
INFO|2024-09-27 15:00:44: Epoch[095/100], iter[313/392], loss_total:0.05473, loss_equ:0.32095 loss_pq_vm:0.00116 loss_pq_va:0.00412 loss_pv_va:0.00692
INFO|2024-09-27 15:00:56: Epoch[095/100], iter[352/392], loss_total:0.05635, loss_equ:0.32425 loss_pq_vm:0.00119 loss_pq_va:0.00480 loss_pv_va:0.00719
INFO|2024-09-27 15:01:09: Epoch[095/100], iter[392/392], loss_total:0.05591, loss_equ:0.32152 loss_pq_vm:0.00120 loss_pq_va:0.00457 loss_pv_va:0.00722
INFO|2024-09-27 15:02:03: Epoch 94/100, lr:  0.00001609, eta: 0.25h, train_loss:  0.05521, valid_loss:  0.10334
INFO|2024-09-27 15:02:03: 	Train: PQ_Vm_rmse: 0.00159467  PQ_Va_rmse: 0.00640545  PV_Va_rmse: 0.00944813  delta_p: 0.22486696  delta_q: 0.06784960  
INFO|2024-09-27 15:02:03: 	ZTest: PQ_Vm_rmse: 0.00470595  PQ_Va_rmse: 0.04710820  PV_Va_rmse: 0.05436823  delta_p: 0.26614309  delta_q: 0.08107428  
INFO|2024-09-27 15:02:03: 	ZTest-ema: PQ_Vm_rmse: 0.004635  PQ_Va_rmse: 0.046925  PV_Va_rmse: 0.054114  delta_p: 0.265846  delta_q: 0.081006  
INFO|2024-09-27 15:02:03: 	           ValOfEMA:0.054114/0.054096,  Epoch:95/92
INFO|2024-09-27 15:02:03: 	Time(ep):183s,  Val(curr/best):0.054368/0.053734,  Epoch(curr/best):95/87
INFO|2024-09-27 15:02:03: -------------------- Epoch: 96 --------------------
INFO|2024-09-27 15:02:18: Epoch[096/100], iter[040/392], loss_total:0.05554, loss_equ:0.32296 loss_pq_vm:0.00124 loss_pq_va:0.00399 loss_pv_va:0.00681
INFO|2024-09-27 15:02:30: Epoch[096/100], iter[079/392], loss_total:0.05470, loss_equ:0.32523 loss_pq_vm:0.00118 loss_pq_va:0.00383 loss_pv_va:0.00654
INFO|2024-09-27 15:02:43: Epoch[096/100], iter[118/392], loss_total:0.05564, loss_equ:0.32273 loss_pq_vm:0.00119 loss_pq_va:0.00442 loss_pv_va:0.00706
INFO|2024-09-27 15:02:56: Epoch[096/100], iter[157/392], loss_total:0.05506, loss_equ:0.31977 loss_pq_vm:0.00118 loss_pq_va:0.00440 loss_pv_va:0.00690
INFO|2024-09-27 15:03:09: Epoch[096/100], iter[196/392], loss_total:0.05454, loss_equ:0.32485 loss_pq_vm:0.00113 loss_pq_va:0.00402 loss_pv_va:0.00674
INFO|2024-09-27 15:03:22: Epoch[096/100], iter[235/392], loss_total:0.05468, loss_equ:0.31660 loss_pq_vm:0.00117 loss_pq_va:0.00448 loss_pv_va:0.00683
INFO|2024-09-27 15:03:35: Epoch[096/100], iter[274/392], loss_total:0.05468, loss_equ:0.32475 loss_pq_vm:0.00121 loss_pq_va:0.00378 loss_pv_va:0.00634
INFO|2024-09-27 15:03:48: Epoch[096/100], iter[313/392], loss_total:0.05503, loss_equ:0.32137 loss_pq_vm:0.00119 loss_pq_va:0.00413 loss_pv_va:0.00685
INFO|2024-09-27 15:04:00: Epoch[096/100], iter[352/392], loss_total:0.05485, loss_equ:0.31830 loss_pq_vm:0.00123 loss_pq_va:0.00402 loss_pv_va:0.00672
INFO|2024-09-27 15:04:13: Epoch[096/100], iter[392/392], loss_total:0.05582, loss_equ:0.32563 loss_pq_vm:0.00120 loss_pq_va:0.00427 loss_pv_va:0.00703
INFO|2024-09-27 15:05:07: Epoch 95/100, lr:  0.00001390, eta: 0.2h, train_loss:  0.05514, valid_loss:  0.10125
INFO|2024-09-27 15:05:07: 	Train: PQ_Vm_rmse: 0.00159381  PQ_Va_rmse: 0.00640919  PV_Va_rmse: 0.00944841  delta_p: 0.22456065  delta_q: 0.06780085  
INFO|2024-09-27 15:05:07: 	ZTest: PQ_Vm_rmse: 0.00454951  PQ_Va_rmse: 0.04667698  PV_Va_rmse: 0.05387751  delta_p: 0.26613994  delta_q: 0.08112327  
INFO|2024-09-27 15:05:07: 	ZTest-ema: PQ_Vm_rmse: 0.004629  PQ_Va_rmse: 0.046909  PV_Va_rmse: 0.054091  delta_p: 0.265681  delta_q: 0.080962  
INFO|2024-09-27 15:05:07: 	           ValOfEMA:0.054091/0.054091,  Epoch:96/96
INFO|2024-09-27 15:05:07: 	Time(ep):183s,  Val(curr/best):0.053878/0.053734,  Epoch(curr/best):96/87
INFO|2024-09-27 15:05:07: -------------------- Epoch: 97 --------------------
INFO|2024-09-27 15:05:22: Epoch[097/100], iter[040/392], loss_total:0.05457, loss_equ:0.32138 loss_pq_vm:0.00116 loss_pq_va:0.00412 loss_pv_va:0.00674
INFO|2024-09-27 15:05:34: Epoch[097/100], iter[079/392], loss_total:0.05575, loss_equ:0.32486 loss_pq_vm:0.00118 loss_pq_va:0.00437 loss_pv_va:0.00708
INFO|2024-09-27 15:05:47: Epoch[097/100], iter[118/392], loss_total:0.05469, loss_equ:0.32024 loss_pq_vm:0.00119 loss_pq_va:0.00399 loss_pv_va:0.00674
INFO|2024-09-27 15:06:00: Epoch[097/100], iter[157/392], loss_total:0.05530, loss_equ:0.32622 loss_pq_vm:0.00117 loss_pq_va:0.00412 loss_pv_va:0.00686
INFO|2024-09-27 15:06:12: Epoch[097/100], iter[196/392], loss_total:0.05401, loss_equ:0.32159 loss_pq_vm:0.00117 loss_pq_va:0.00375 loss_pv_va:0.00637
INFO|2024-09-27 15:06:25: Epoch[097/100], iter[235/392], loss_total:0.05457, loss_equ:0.32024 loss_pq_vm:0.00120 loss_pq_va:0.00404 loss_pv_va:0.00653
INFO|2024-09-27 15:06:37: Epoch[097/100], iter[274/392], loss_total:0.05459, loss_equ:0.32193 loss_pq_vm:0.00121 loss_pq_va:0.00384 loss_pv_va:0.00650
INFO|2024-09-27 15:06:50: Epoch[097/100], iter[313/392], loss_total:0.05436, loss_equ:0.32013 loss_pq_vm:0.00115 loss_pq_va:0.00410 loss_pv_va:0.00672
INFO|2024-09-27 15:07:02: Epoch[097/100], iter[352/392], loss_total:0.05450, loss_equ:0.31890 loss_pq_vm:0.00121 loss_pq_va:0.00383 loss_pv_va:0.00665
INFO|2024-09-27 15:07:15: Epoch[097/100], iter[392/392], loss_total:0.05479, loss_equ:0.31888 loss_pq_vm:0.00116 loss_pq_va:0.00431 loss_pv_va:0.00696
INFO|2024-09-27 15:08:07: Epoch 96/100, lr:  0.00001220, eta: 0.15h, train_loss:  0.05497, valid_loss:  0.10243
INFO|2024-09-27 15:08:07: 	Train: PQ_Vm_rmse: 0.00158884  PQ_Va_rmse: 0.00632464  PV_Va_rmse: 0.00937681  delta_p: 0.22436348  delta_q: 0.06772184  
INFO|2024-09-27 15:08:07: 	ZTest: PQ_Vm_rmse: 0.00466637  PQ_Va_rmse: 0.04686871  PV_Va_rmse: 0.05405873  delta_p: 0.26570802  delta_q: 0.08095231  
INFO|2024-09-27 15:08:07: 	ZTest-ema: PQ_Vm_rmse: 0.004631  PQ_Va_rmse: 0.046883  PV_Va_rmse: 0.054057  delta_p: 0.265620  delta_q: 0.080951  
INFO|2024-09-27 15:08:07: 	           ValOfEMA:0.054057/0.054057,  Epoch:97/97
INFO|2024-09-27 15:08:08: 	Time(ep):179s,  Val(curr/best):0.054059/0.053734,  Epoch(curr/best):97/87
INFO|2024-09-27 15:08:08: -------------------- Epoch: 98 --------------------
INFO|2024-09-27 15:08:22: Epoch[098/100], iter[040/392], loss_total:0.05667, loss_equ:0.32582 loss_pq_vm:0.00124 loss_pq_va:0.00441 loss_pv_va:0.00726
INFO|2024-09-27 15:08:35: Epoch[098/100], iter[079/392], loss_total:0.05434, loss_equ:0.32350 loss_pq_vm:0.00114 loss_pq_va:0.00399 loss_pv_va:0.00661
INFO|2024-09-27 15:08:48: Epoch[098/100], iter[118/392], loss_total:0.05472, loss_equ:0.31865 loss_pq_vm:0.00118 loss_pq_va:0.00424 loss_pv_va:0.00680
INFO|2024-09-27 15:09:01: Epoch[098/100], iter[157/392], loss_total:0.05514, loss_equ:0.32104 loss_pq_vm:0.00113 loss_pq_va:0.00450 loss_pv_va:0.00723
INFO|2024-09-27 15:09:13: Epoch[098/100], iter[196/392], loss_total:0.05403, loss_equ:0.31559 loss_pq_vm:0.00117 loss_pq_va:0.00397 loss_pv_va:0.00677
INFO|2024-09-27 15:09:26: Epoch[098/100], iter[235/392], loss_total:0.05589, loss_equ:0.32548 loss_pq_vm:0.00121 loss_pq_va:0.00420 loss_pv_va:0.00705
INFO|2024-09-27 15:09:39: Epoch[098/100], iter[274/392], loss_total:0.05433, loss_equ:0.31746 loss_pq_vm:0.00116 loss_pq_va:0.00417 loss_pv_va:0.00679
INFO|2024-09-27 15:09:52: Epoch[098/100], iter[313/392], loss_total:0.05496, loss_equ:0.32180 loss_pq_vm:0.00120 loss_pq_va:0.00407 loss_pv_va:0.00669
INFO|2024-09-27 15:10:04: Epoch[098/100], iter[352/392], loss_total:0.05473, loss_equ:0.31942 loss_pq_vm:0.00119 loss_pq_va:0.00406 loss_pv_va:0.00677
INFO|2024-09-27 15:10:17: Epoch[098/100], iter[392/392], loss_total:0.05485, loss_equ:0.31957 loss_pq_vm:0.00122 loss_pq_va:0.00411 loss_pv_va:0.00659
INFO|2024-09-27 15:11:10: Epoch 97/100, lr:  0.00001098, eta: 0.1h, train_loss:  0.05494, valid_loss:  0.10209
INFO|2024-09-27 15:11:10: 	Train: PQ_Vm_rmse: 0.00158740  PQ_Va_rmse: 0.00634109  PV_Va_rmse: 0.00938892  delta_p: 0.22422099  delta_q: 0.06769499  
INFO|2024-09-27 15:11:10: 	ZTest: PQ_Vm_rmse: 0.00464179  PQ_Va_rmse: 0.04685709  PV_Va_rmse: 0.05402347  delta_p: 0.26557364  delta_q: 0.08101671  
INFO|2024-09-27 15:11:10: 	ZTest-ema: PQ_Vm_rmse: 0.004628  PQ_Va_rmse: 0.046902  PV_Va_rmse: 0.054082  delta_p: 0.265458  delta_q: 0.080923  
INFO|2024-09-27 15:11:10: 	           ValOfEMA:0.054082/0.054057,  Epoch:98/97
INFO|2024-09-27 15:11:11: 	Time(ep):182s,  Val(curr/best):0.054023/0.053734,  Epoch(curr/best):98/87
INFO|2024-09-27 15:11:11: -------------------- Epoch: 99 --------------------
INFO|2024-09-27 15:11:25: Epoch[099/100], iter[040/392], loss_total:0.05395, loss_equ:0.31815 loss_pq_vm:0.00119 loss_pq_va:0.00371 loss_pv_va:0.00649
INFO|2024-09-27 15:11:38: Epoch[099/100], iter[079/392], loss_total:0.05579, loss_equ:0.32540 loss_pq_vm:0.00118 loss_pq_va:0.00455 loss_pv_va:0.00692
INFO|2024-09-27 15:11:51: Epoch[099/100], iter[118/392], loss_total:0.05522, loss_equ:0.32210 loss_pq_vm:0.00118 loss_pq_va:0.00432 loss_pv_va:0.00693
INFO|2024-09-27 15:12:04: Epoch[099/100], iter[157/392], loss_total:0.05523, loss_equ:0.31983 loss_pq_vm:0.00119 loss_pq_va:0.00443 loss_pv_va:0.00695
INFO|2024-09-27 15:12:16: Epoch[099/100], iter[196/392], loss_total:0.05462, loss_equ:0.31491 loss_pq_vm:0.00120 loss_pq_va:0.00432 loss_pv_va:0.00682
INFO|2024-09-27 15:12:29: Epoch[099/100], iter[235/392], loss_total:0.05472, loss_equ:0.32235 loss_pq_vm:0.00117 loss_pq_va:0.00407 loss_pv_va:0.00671
INFO|2024-09-27 15:12:42: Epoch[099/100], iter[274/392], loss_total:0.05552, loss_equ:0.32386 loss_pq_vm:0.00120 loss_pq_va:0.00427 loss_pv_va:0.00689
INFO|2024-09-27 15:12:55: Epoch[099/100], iter[313/392], loss_total:0.05442, loss_equ:0.32195 loss_pq_vm:0.00115 loss_pq_va:0.00398 loss_pv_va:0.00669
INFO|2024-09-27 15:13:07: Epoch[099/100], iter[352/392], loss_total:0.05446, loss_equ:0.31761 loss_pq_vm:0.00119 loss_pq_va:0.00408 loss_pv_va:0.00673
INFO|2024-09-27 15:13:20: Epoch[099/100], iter[392/392], loss_total:0.05507, loss_equ:0.32403 loss_pq_vm:0.00122 loss_pq_va:0.00388 loss_pv_va:0.00662
INFO|2024-09-27 15:14:14: Epoch 98/100, lr:  0.00001024, eta: 0.05h, train_loss:  0.05487, valid_loss:  0.10237
INFO|2024-09-27 15:14:14: 	Train: PQ_Vm_rmse: 0.00158578  PQ_Va_rmse: 0.00630931  PV_Va_rmse: 0.00935637  delta_p: 0.22407870  delta_q: 0.06764716  
INFO|2024-09-27 15:14:14: 	ZTest: PQ_Vm_rmse: 0.00466661  PQ_Va_rmse: 0.04689856  PV_Va_rmse: 0.05407674  delta_p: 0.26530291  delta_q: 0.08099642  
INFO|2024-09-27 15:14:14: 	ZTest-ema: PQ_Vm_rmse: 0.004629  PQ_Va_rmse: 0.046888  PV_Va_rmse: 0.054069  delta_p: 0.265353  delta_q: 0.080890  
INFO|2024-09-27 15:14:14: 	           ValOfEMA:0.054069/0.054057,  Epoch:99/97
INFO|2024-09-27 15:14:15: 	Time(ep):182s,  Val(curr/best):0.054077/0.053734,  Epoch(curr/best):99/87
INFO|2024-09-27 15:14:15: -------------------- Epoch: 100 --------------------
INFO|2024-09-27 15:14:29: Epoch[100/100], iter[040/392], loss_total:0.05367, loss_equ:0.31629 loss_pq_vm:0.00116 loss_pq_va:0.00387 loss_pv_va:0.00659
INFO|2024-09-27 15:14:42: Epoch[100/100], iter[079/392], loss_total:0.05524, loss_equ:0.32290 loss_pq_vm:0.00119 loss_pq_va:0.00420 loss_pv_va:0.00689
INFO|2024-09-27 15:14:55: Epoch[100/100], iter[118/392], loss_total:0.05456, loss_equ:0.32037 loss_pq_vm:0.00120 loss_pq_va:0.00397 loss_pv_va:0.00654
INFO|2024-09-27 15:15:08: Epoch[100/100], iter[157/392], loss_total:0.05410, loss_equ:0.32132 loss_pq_vm:0.00117 loss_pq_va:0.00382 loss_pv_va:0.00646
INFO|2024-09-27 15:15:20: Epoch[100/100], iter[196/392], loss_total:0.05536, loss_equ:0.31902 loss_pq_vm:0.00120 loss_pq_va:0.00443 loss_pv_va:0.00698
INFO|2024-09-27 15:15:33: Epoch[100/100], iter[235/392], loss_total:0.05467, loss_equ:0.31965 loss_pq_vm:0.00117 loss_pq_va:0.00423 loss_pv_va:0.00673
INFO|2024-09-27 15:15:46: Epoch[100/100], iter[274/392], loss_total:0.05625, loss_equ:0.32383 loss_pq_vm:0.00119 loss_pq_va:0.00465 loss_pv_va:0.00734
INFO|2024-09-27 15:15:59: Epoch[100/100], iter[313/392], loss_total:0.05506, loss_equ:0.32035 loss_pq_vm:0.00117 loss_pq_va:0.00430 loss_pv_va:0.00700
INFO|2024-09-27 15:16:12: Epoch[100/100], iter[352/392], loss_total:0.05422, loss_equ:0.32203 loss_pq_vm:0.00116 loss_pq_va:0.00377 loss_pv_va:0.00660
INFO|2024-09-27 15:16:24: Epoch[100/100], iter[392/392], loss_total:0.05521, loss_equ:0.31947 loss_pq_vm:0.00116 loss_pq_va:0.00452 loss_pv_va:0.00713
INFO|2024-09-27 15:17:18: Epoch 99/100, lr:  0.00001000, eta: 0.0h, train_loss:  0.05485, valid_loss:  0.10230
INFO|2024-09-27 15:17:18: 	Train: PQ_Vm_rmse: 0.00158448  PQ_Va_rmse: 0.00631767  PV_Va_rmse: 0.00935976  delta_p: 0.22389143  delta_q: 0.06761947  
INFO|2024-09-27 15:17:18: 	ZTest: PQ_Vm_rmse: 0.00463959  PQ_Va_rmse: 0.04703319  PV_Va_rmse: 0.05417485  delta_p: 0.26526664  delta_q: 0.08087771  
INFO|2024-09-27 15:17:18: 	ZTest-ema: PQ_Vm_rmse: 0.004629  PQ_Va_rmse: 0.046905  PV_Va_rmse: 0.054090  delta_p: 0.265247  delta_q: 0.080868  
INFO|2024-09-27 15:17:18: 	           ValOfEMA:0.054090/0.054057,  Epoch:100/97
INFO|2024-09-27 15:17:19: 	Time(ep):183s,  Val(curr/best):0.054175/0.053734,  Epoch(curr/best):100/87
