INFO|2024-09-26 10:53:15: 
{'batch_size': 256,
 'config': '/home/bingxing2/ailab/zhaozhen/energy/senseflow/configs/test_senseflow_118_iter.yaml',
 'data': {'batch_size': 256,
          'batch_size_test': 256,
          'meta': {'edge': [['PQ', 'default', 'PQ'],
                            ['PQ', 'default', 'PV'],
                            ['PQ', 'default', 'Slack'],
                            ['PV', 'default', 'PQ'],
                            ['PV', 'default', 'PV'],
                            ['PV', 'default', 'Slack'],
                            ['Slack', 'default', 'PQ'],
                            ['Slack', 'default', 'PV']],
                   'node': ['PQ', 'PV', 'Slack']},
          'num_workers': 4,
          'train': {'data_root': '/',
                    'dataset_type': 'PowerFlowDataset',
                    'mask_num': 0,
                    'pq_len': 64,
                    'pv_len': 53,
                    'slack_len': 1,
                    'split_txt': '/home/bingxing2/ailab/zhaozhen/energy/senseflow/data_json/processed/10w_case118_n_n_1.json'},
          'val': {'data_root': '/',
                  'dataset_type': 'PowerFlowDataset',
                  'mask_num': 0,
                  'pq_len': 64,
                  'pv_len': 53,
                  'slack_len': 1,
                  'split_txt': '/home/bingxing2/ailab/zhaozhen/energy/senseflow/data_json/processed/2w_case118_n_2.json'}},
 'distributed': False,
 'flag_return_losses': True,
 'local_rank': 0,
 'log_path': './results/test_senseflow_118_iter/2024_09_26_10_53_14',
 'loss': {'aggr': 'abs', 'filt_type': True, 'type': 'bi_deltapq_loss'},
 'mask_num': 0,
 'model': {'batch_size': 256,
           'ema_decay_param': 0.99,
           'ema_warmup_epoch': 10,
           'flag_use_edge_feat': False,
           'flag_use_ema': True,
           'flag_weighted_loss': True,
           'heads_ca': 8,
           'hidden_channels': 128,
           'layers_per_graph': 2,
           'loss_type': 'l1',
           'loss_weight_equ': 0.1,
           'loss_weight_va': 1.0,
           'loss_weight_vm': 10.0,
           'matrix': 'vm_va',
           'num_block': 4,
           'num_loops_test': -1,
           'num_loops_train': 8,
           'resume_ckpt_path': '',
           'scaling_factor_va': 0.01,
           'scaling_factor_vm': 0.01,
           'type': 'senseflow',
           'with_norm': True},
 'ngpus': 1,
 'pq_len': 64,
 'pv_len': 53,
 'scheduler': {'eta_min': '1e-5', 'type': 'Cosine'},
 'seed': 2024,
 'slack_len': 1,
 'train': {'epochs': 100,
           'learning_rate': 0.001,
           'logs_freq': 10,
           'momentum': 0.9,
           'optimizer_type': 'Adam',
           'weight_decay': 0.0}}
INFO|2024-09-26 10:53:21: ==================== Total number of parameters: 5.548M
INFO|2024-09-26 10:53:21: -------------------- Epoch: 1 --------------------
INFO|2024-09-26 10:54:41: Epoch[001/100], iter[040/392], loss_total:3.60841, loss_equ:6.73067 loss_pq_vm:0.06868 loss_pq_va:1.15065 loss_pv_va:1.09790
INFO|2024-09-26 10:55:55: Epoch[001/100], iter[079/392], loss_total:3.03042, loss_equ:6.55087 loss_pq_vm:0.04966 loss_pq_va:0.94898 loss_pv_va:0.92972
INFO|2024-09-26 10:57:09: Epoch[001/100], iter[118/392], loss_total:2.46757, loss_equ:4.35269 loss_pq_vm:0.03143 loss_pq_va:0.86672 loss_pv_va:0.85130
INFO|2024-09-26 10:58:23: Epoch[001/100], iter[157/392], loss_total:2.62586, loss_equ:5.93734 loss_pq_vm:0.04047 loss_pq_va:0.82124 loss_pv_va:0.80618
INFO|2024-09-26 10:59:38: Epoch[001/100], iter[196/392], loss_total:2.36344, loss_equ:4.59932 loss_pq_vm:0.02992 loss_pq_va:0.80580 loss_pv_va:0.79850
INFO|2024-09-26 11:00:53: Epoch[001/100], iter[235/392], loss_total:2.25496, loss_equ:4.70216 loss_pq_vm:0.03097 loss_pq_va:0.73959 loss_pv_va:0.73541
INFO|2024-09-26 11:02:07: Epoch[001/100], iter[274/392], loss_total:1.74402, loss_equ:3.06999 loss_pq_vm:0.02025 loss_pq_va:0.62533 loss_pv_va:0.60915
INFO|2024-09-26 11:03:22: Epoch[001/100], iter[313/392], loss_total:2.08485, loss_equ:3.71008 loss_pq_vm:0.02176 loss_pq_va:0.75450 loss_pv_va:0.74171
INFO|2024-09-26 11:04:36: Epoch[001/100], iter[352/392], loss_total:1.76793, loss_equ:3.58945 loss_pq_vm:0.02661 loss_pq_va:0.57884 loss_pv_va:0.56401
INFO|2024-09-26 11:05:51: Epoch[001/100], iter[392/392], loss_total:1.87118, loss_equ:3.29360 loss_pq_vm:0.02441 loss_pq_va:0.65575 loss_pv_va:0.64197
INFO|2024-09-26 11:08:11: Epoch 0/100, lr:  0.00099976, eta: 24.47h, train_loss:  2.62783, valid_loss:  2.21936
INFO|2024-09-26 11:08:11: 	Train: PQ_Vm_rmse: 0.00475285  PQ_Va_rmse: 0.11278683  PV_Va_rmse: 0.11208430  delta_p: 0.34008781  delta_q: 0.08701062  
INFO|2024-09-26 11:08:11: 	ZTest: PQ_Vm_rmse: 0.00240128  PQ_Va_rmse: 0.09376908  PV_Va_rmse: 0.09251635  delta_p: 0.10577638  delta_q: 0.03804717  
INFO|2024-09-26 11:08:11: 	ZTest-ema: PQ_Vm_rmse: 0.002401  PQ_Va_rmse: 0.093769  PV_Va_rmse: 0.092516  delta_p: 0.105776  delta_q: 0.038047  
INFO|2024-09-26 11:08:11: 	           ValOfEMA:0.093769/0.093769,  Epoch:1/1
INFO|2024-09-26 11:08:12: 	Time(ep):889s,  Val(curr/best):0.093769/0.093769,  Epoch(curr/best):1/1
INFO|2024-09-26 11:08:12: -------------------- Epoch: 2 --------------------
INFO|2024-09-26 11:09:31: Epoch[002/100], iter[040/392], loss_total:1.49346, loss_equ:3.25111 loss_pq_vm:0.01847 loss_pq_va:0.49696 loss_pv_va:0.48674
INFO|2024-09-26 11:10:45: Epoch[002/100], iter[079/392], loss_total:1.95955, loss_equ:3.06743 loss_pq_vm:0.02100 loss_pq_va:0.72825 loss_pv_va:0.71457
INFO|2024-09-26 11:11:59: Epoch[002/100], iter[118/392], loss_total:1.54527, loss_equ:3.34995 loss_pq_vm:0.01943 loss_pq_va:0.51298 loss_pv_va:0.50302
INFO|2024-09-26 11:13:13: Epoch[002/100], iter[157/392], loss_total:1.46585, loss_equ:3.52776 loss_pq_vm:0.02468 loss_pq_va:0.43734 loss_pv_va:0.42894
INFO|2024-09-26 11:14:27: Epoch[002/100], iter[196/392], loss_total:1.62542, loss_equ:3.25632 loss_pq_vm:0.02058 loss_pq_va:0.55077 loss_pv_va:0.54319
INFO|2024-09-26 11:15:41: Epoch[002/100], iter[235/392], loss_total:1.26673, loss_equ:2.68697 loss_pq_vm:0.01591 loss_pq_va:0.42135 loss_pv_va:0.41755
INFO|2024-09-26 11:16:55: Epoch[002/100], iter[274/392], loss_total:1.45275, loss_equ:2.37243 loss_pq_vm:0.01479 loss_pq_va:0.53672 loss_pv_va:0.53084
INFO|2024-09-26 11:18:09: Epoch[002/100], iter[313/392], loss_total:1.08720, loss_equ:2.39592 loss_pq_vm:0.01846 loss_pq_va:0.33441 loss_pv_va:0.32860
INFO|2024-09-26 11:19:23: Epoch[002/100], iter[352/392], loss_total:1.73174, loss_equ:4.19089 loss_pq_vm:0.02236 loss_pq_va:0.55417 loss_pv_va:0.53483
INFO|2024-09-26 11:20:39: Epoch[002/100], iter[392/392], loss_total:1.33730, loss_equ:3.04717 loss_pq_vm:0.02412 loss_pq_va:0.39715 loss_pv_va:0.39419
INFO|2024-09-26 11:23:00: Epoch 1/100, lr:  0.00099902, eta: 24.15h, train_loss:  1.54067, valid_loss:  1.48154
INFO|2024-09-26 11:23:00: 	Train: PQ_Vm_rmse: 0.00174929  PQ_Va_rmse: 0.06067038  PV_Va_rmse: 0.05922982  delta_p: 0.20538332  delta_q: 0.03615810  
INFO|2024-09-26 11:23:00: 	ZTest: PQ_Vm_rmse: 0.00271903  PQ_Va_rmse: 0.04619320  PV_Va_rmse: 0.04467987  delta_p: 0.12930469  delta_q: 0.05495886  
INFO|2024-09-26 11:23:00: 	ZTest-ema: PQ_Vm_rmse: 0.002719  PQ_Va_rmse: 0.046193  PV_Va_rmse: 0.044680  delta_p: 0.129305  delta_q: 0.054959  
INFO|2024-09-26 11:23:00: 	           ValOfEMA:0.046193/0.046193,  Epoch:2/2
INFO|2024-09-26 11:23:01: 	Time(ep):887s,  Val(curr/best):0.046193/0.046193,  Epoch(curr/best):2/2
INFO|2024-09-26 11:23:01: -------------------- Epoch: 3 --------------------
INFO|2024-09-26 11:24:18: Epoch[003/100], iter[040/392], loss_total:1.03213, loss_equ:2.39475 loss_pq_vm:0.01346 loss_pq_va:0.32832 loss_pv_va:0.32969
INFO|2024-09-26 11:25:32: Epoch[003/100], iter[079/392], loss_total:0.92210, loss_equ:2.20348 loss_pq_vm:0.01380 loss_pq_va:0.28480 loss_pv_va:0.27894
INFO|2024-09-26 11:26:46: Epoch[003/100], iter[118/392], loss_total:1.15263, loss_equ:3.18788 loss_pq_vm:0.01867 loss_pq_va:0.32691 loss_pv_va:0.32026
INFO|2024-09-26 11:27:59: Epoch[003/100], iter[157/392], loss_total:0.81575, loss_equ:2.08012 loss_pq_vm:0.01241 loss_pq_va:0.24454 loss_pv_va:0.23908
INFO|2024-09-26 11:29:13: Epoch[003/100], iter[196/392], loss_total:1.32014, loss_equ:2.36751 loss_pq_vm:0.01701 loss_pq_va:0.44291 loss_pv_va:0.47042
INFO|2024-09-26 11:30:28: Epoch[003/100], iter[235/392], loss_total:0.90142, loss_equ:2.09916 loss_pq_vm:0.01243 loss_pq_va:0.28387 loss_pv_va:0.28331
INFO|2024-09-26 11:31:42: Epoch[003/100], iter[274/392], loss_total:0.82411, loss_equ:2.01601 loss_pq_vm:0.01502 loss_pq_va:0.23755 loss_pv_va:0.23474
INFO|2024-09-26 11:32:56: Epoch[003/100], iter[313/392], loss_total:0.85696, loss_equ:1.92416 loss_pq_vm:0.01125 loss_pq_va:0.27775 loss_pv_va:0.27430
INFO|2024-09-26 11:34:11: Epoch[003/100], iter[352/392], loss_total:0.97581, loss_equ:2.60434 loss_pq_vm:0.01363 loss_pq_va:0.29123 loss_pv_va:0.28784
INFO|2024-09-26 11:35:28: Epoch[003/100], iter[392/392], loss_total:0.95303, loss_equ:2.55104 loss_pq_vm:0.02014 loss_pq_va:0.24803 loss_pv_va:0.24845
INFO|2024-09-26 11:37:49: Epoch 2/100, lr:  0.00099780, eta: 23.93h, train_loss:  0.97886, valid_loss:  1.00771
INFO|2024-09-26 11:37:49: 	Train: PQ_Vm_rmse: 0.00107045  PQ_Va_rmse: 0.02674864  PV_Va_rmse: 0.02657302  delta_p: 0.12528430  delta_q: 0.02200062  
INFO|2024-09-26 11:37:49: 	ZTest: PQ_Vm_rmse: 0.00281140  PQ_Va_rmse: 0.03016861  PV_Va_rmse: 0.02850783  delta_p: 0.09337285  delta_q: 0.05707647  
INFO|2024-09-26 11:37:49: 	ZTest-ema: PQ_Vm_rmse: 0.002811  PQ_Va_rmse: 0.030169  PV_Va_rmse: 0.028508  delta_p: 0.093373  delta_q: 0.057077  
INFO|2024-09-26 11:37:49: 	           ValOfEMA:0.030169/0.030169,  Epoch:3/3
INFO|2024-09-26 11:37:50: 	Time(ep):888s,  Val(curr/best):0.030169/0.030169,  Epoch(curr/best):3/3
INFO|2024-09-26 11:37:50: -------------------- Epoch: 4 --------------------
INFO|2024-09-26 11:39:08: Epoch[004/100], iter[040/392], loss_total:0.74569, loss_equ:1.73679 loss_pq_vm:0.01321 loss_pq_va:0.21994 loss_pv_va:0.21992
INFO|2024-09-26 11:40:22: Epoch[004/100], iter[079/392], loss_total:0.80921, loss_equ:1.67866 loss_pq_vm:0.01149 loss_pq_va:0.26337 loss_pv_va:0.26310
INFO|2024-09-26 11:41:37: Epoch[004/100], iter[118/392], loss_total:0.69520, loss_equ:1.59510 loss_pq_vm:0.01131 loss_pq_va:0.21151 loss_pv_va:0.21105
INFO|2024-09-26 11:42:52: Epoch[004/100], iter[157/392], loss_total:0.79509, loss_equ:1.72831 loss_pq_vm:0.01135 loss_pq_va:0.25033 loss_pv_va:0.25848
INFO|2024-09-26 11:44:06: Epoch[004/100], iter[196/392], loss_total:1.10748, loss_equ:3.33455 loss_pq_vm:0.01216 loss_pq_va:0.31928 loss_pv_va:0.33310
INFO|2024-09-26 11:45:20: Epoch[004/100], iter[235/392], loss_total:1.01788, loss_equ:2.86489 loss_pq_vm:0.01385 loss_pq_va:0.29717 loss_pv_va:0.29575
INFO|2024-09-26 11:46:34: Epoch[004/100], iter[274/392], loss_total:0.86140, loss_equ:2.02899 loss_pq_vm:0.01062 loss_pq_va:0.27315 loss_pv_va:0.27919
INFO|2024-09-26 11:47:49: Epoch[004/100], iter[313/392], loss_total:1.02536, loss_equ:1.98857 loss_pq_vm:0.01144 loss_pq_va:0.34608 loss_pv_va:0.36605
INFO|2024-09-26 11:49:04: Epoch[004/100], iter[352/392], loss_total:1.01609, loss_equ:2.44732 loss_pq_vm:0.02065 loss_pq_va:0.28195 loss_pv_va:0.28287
INFO|2024-09-26 11:50:20: Epoch[004/100], iter[392/392], loss_total:1.03071, loss_equ:2.79293 loss_pq_vm:0.01336 loss_pq_va:0.31023 loss_pv_va:0.30755
INFO|2024-09-26 11:52:39: Epoch 3/100, lr:  0.00099610, eta: 23.71h, train_loss:  0.90750, valid_loss:  1.18215
INFO|2024-09-26 11:52:39: 	Train: PQ_Vm_rmse: 0.00107083  PQ_Va_rmse: 0.02484248  PV_Va_rmse: 0.02502702  delta_p: 0.11906710  delta_q: 0.02127439  
INFO|2024-09-26 11:52:39: 	ZTest: PQ_Vm_rmse: 0.00108836  PQ_Va_rmse: 0.04023100  PV_Va_rmse: 0.03956202  delta_p: 0.21059801  delta_q: 0.02365831  
INFO|2024-09-26 11:52:39: 	ZTest-ema: PQ_Vm_rmse: 0.001088  PQ_Va_rmse: 0.040231  PV_Va_rmse: 0.039562  delta_p: 0.210598  delta_q: 0.023658  
INFO|2024-09-26 11:52:39: 	           ValOfEMA:0.040231/0.030169,  Epoch:4/3
INFO|2024-09-26 11:52:40: 	Time(ep):889s,  Val(curr/best):0.040231/0.030169,  Epoch(curr/best):4/3
INFO|2024-09-26 11:52:40: -------------------- Epoch: 5 --------------------
INFO|2024-09-26 11:53:57: Epoch[005/100], iter[040/392], loss_total:0.82367, loss_equ:2.04465 loss_pq_vm:0.01022 loss_pq_va:0.26222 loss_pv_va:0.25477
INFO|2024-09-26 11:55:12: Epoch[005/100], iter[079/392], loss_total:0.75362, loss_equ:2.05056 loss_pq_vm:0.01120 loss_pq_va:0.21464 loss_pv_va:0.22192
INFO|2024-09-26 11:56:26: Epoch[005/100], iter[118/392], loss_total:0.70797, loss_equ:1.76623 loss_pq_vm:0.01090 loss_pq_va:0.21172 loss_pv_va:0.21067
INFO|2024-09-26 11:57:40: Epoch[005/100], iter[157/392], loss_total:0.72247, loss_equ:2.15687 loss_pq_vm:0.01228 loss_pq_va:0.18876 loss_pv_va:0.19526
INFO|2024-09-26 11:58:54: Epoch[005/100], iter[196/392], loss_total:0.92510, loss_equ:3.22812 loss_pq_vm:0.01330 loss_pq_va:0.23518 loss_pv_va:0.23412
INFO|2024-09-26 12:00:08: Epoch[005/100], iter[235/392], loss_total:0.79751, loss_equ:2.43628 loss_pq_vm:0.01746 loss_pq_va:0.19067 loss_pv_va:0.18864
INFO|2024-09-26 12:01:23: Epoch[005/100], iter[274/392], loss_total:0.66078, loss_equ:1.66766 loss_pq_vm:0.01077 loss_pq_va:0.19425 loss_pv_va:0.19207
INFO|2024-09-26 12:02:37: Epoch[005/100], iter[313/392], loss_total:0.56972, loss_equ:1.37513 loss_pq_vm:0.01038 loss_pq_va:0.16575 loss_pv_va:0.16264
INFO|2024-09-26 12:03:51: Epoch[005/100], iter[352/392], loss_total:0.62805, loss_equ:1.71068 loss_pq_vm:0.00903 loss_pq_va:0.18377 loss_pv_va:0.18291
INFO|2024-09-26 12:05:06: Epoch[005/100], iter[392/392], loss_total:0.56569, loss_equ:1.43548 loss_pq_vm:0.00806 loss_pq_va:0.17067 loss_pv_va:0.17090
INFO|2024-09-26 12:07:26: Epoch 4/100, lr:  0.00099391, eta: 23.38h, train_loss:  0.76185, valid_loss:  0.60372
INFO|2024-09-26 12:07:26: 	Train: PQ_Vm_rmse: 0.00078485  PQ_Va_rmse: 0.01807576  PV_Va_rmse: 0.01789389  delta_p: 0.10113111  delta_q: 0.01650206  
INFO|2024-09-26 12:07:26: 	ZTest: PQ_Vm_rmse: 0.00044867  PQ_Va_rmse: 0.01196540  PV_Va_rmse: 0.01187014  delta_p: 0.04387142  delta_q: 0.00680617  
INFO|2024-09-26 12:07:26: 	ZTest-ema: PQ_Vm_rmse: 0.000449  PQ_Va_rmse: 0.011965  PV_Va_rmse: 0.011870  delta_p: 0.043872  delta_q: 0.006806  
INFO|2024-09-26 12:07:26: 	           ValOfEMA:0.011965/0.011965,  Epoch:5/5
INFO|2024-09-26 12:07:28: 	Time(ep):886s,  Val(curr/best):0.011965/0.011965,  Epoch(curr/best):5/5
INFO|2024-09-26 12:07:28: -------------------- Epoch: 6 --------------------
INFO|2024-09-26 12:08:45: Epoch[006/100], iter[040/392], loss_total:0.51451, loss_equ:1.25118 loss_pq_vm:0.00777 loss_pq_va:0.15717 loss_pv_va:0.15450
INFO|2024-09-26 12:09:59: Epoch[006/100], iter[079/392], loss_total:0.52263, loss_equ:1.25751 loss_pq_vm:0.00782 loss_pq_va:0.16030 loss_pv_va:0.15841
INFO|2024-09-26 12:11:13: Epoch[006/100], iter[118/392], loss_total:0.51371, loss_equ:1.25376 loss_pq_vm:0.00811 loss_pq_va:0.15391 loss_pv_va:0.15331
INFO|2024-09-26 12:12:27: Epoch[006/100], iter[157/392], loss_total:0.65032, loss_equ:1.33002 loss_pq_vm:0.00955 loss_pq_va:0.21195 loss_pv_va:0.20990
INFO|2024-09-26 12:13:41: Epoch[006/100], iter[196/392], loss_total:0.83175, loss_equ:1.67698 loss_pq_vm:0.01828 loss_pq_va:0.24213 loss_pv_va:0.23914
INFO|2024-09-26 12:14:55: Epoch[006/100], iter[235/392], loss_total:0.76396, loss_equ:1.61277 loss_pq_vm:0.01205 loss_pq_va:0.23929 loss_pv_va:0.24292
INFO|2024-09-26 12:16:10: Epoch[006/100], iter[274/392], loss_total:0.82116, loss_equ:2.65564 loss_pq_vm:0.01289 loss_pq_va:0.20846 loss_pv_va:0.21826
INFO|2024-09-26 12:17:24: Epoch[006/100], iter[313/392], loss_total:0.93432, loss_equ:2.17521 loss_pq_vm:0.01063 loss_pq_va:0.29673 loss_pv_va:0.31380
INFO|2024-09-26 12:18:39: Epoch[006/100], iter[352/392], loss_total:1.00624, loss_equ:2.53823 loss_pq_vm:0.01642 loss_pq_va:0.28819 loss_pv_va:0.30005
INFO|2024-09-26 12:19:56: Epoch[006/100], iter[392/392], loss_total:0.86934, loss_equ:2.75854 loss_pq_vm:0.01700 loss_pq_va:0.20955 loss_pv_va:0.21396
INFO|2024-09-26 12:22:16: Epoch 5/100, lr:  0.00099123, eta: 23.19h, train_loss:  0.75660, valid_loss:  0.89469
INFO|2024-09-26 12:22:16: 	Train: PQ_Vm_rmse: 0.00085634  PQ_Va_rmse: 0.01814369  PV_Va_rmse: 0.01836958  delta_p: 0.08621182  delta_q: 0.01607857  
INFO|2024-09-26 12:22:16: 	ZTest: PQ_Vm_rmse: 0.00145638  PQ_Va_rmse: 0.01977226  PV_Va_rmse: 0.02060856  delta_p: 0.14365680  delta_q: 0.02340370  
INFO|2024-09-26 12:22:16: 	ZTest-ema: PQ_Vm_rmse: 0.001456  PQ_Va_rmse: 0.019772  PV_Va_rmse: 0.020609  delta_p: 0.143657  delta_q: 0.023404  
INFO|2024-09-26 12:22:16: 	           ValOfEMA:0.020609/0.011965,  Epoch:6/5
INFO|2024-09-26 12:22:16: 	Time(ep):888s,  Val(curr/best):0.020609/0.011965,  Epoch(curr/best):6/5
INFO|2024-09-26 12:22:16: -------------------- Epoch: 7 --------------------
INFO|2024-09-26 12:23:34: Epoch[007/100], iter[040/392], loss_total:0.93972, loss_equ:2.22953 loss_pq_vm:0.01244 loss_pq_va:0.30101 loss_pv_va:0.29137
INFO|2024-09-26 12:24:48: Epoch[007/100], iter[079/392], loss_total:0.61566, loss_equ:1.80885 loss_pq_vm:0.00932 loss_pq_va:0.16848 loss_pv_va:0.17310
INFO|2024-09-26 12:26:02: Epoch[007/100], iter[118/392], loss_total:0.58960, loss_equ:1.60875 loss_pq_vm:0.00995 loss_pq_va:0.16413 loss_pv_va:0.16506
INFO|2024-09-26 12:27:16: Epoch[007/100], iter[157/392], loss_total:0.74401, loss_equ:2.09763 loss_pq_vm:0.01591 loss_pq_va:0.18641 loss_pv_va:0.18871
INFO|2024-09-26 12:28:30: Epoch[007/100], iter[196/392], loss_total:0.65342, loss_equ:1.66481 loss_pq_vm:0.01441 loss_pq_va:0.17317 loss_pv_va:0.16961
INFO|2024-09-26 12:29:44: Epoch[007/100], iter[235/392], loss_total:0.57482, loss_equ:1.33881 loss_pq_vm:0.00798 loss_pq_va:0.18054 loss_pv_va:0.18063
INFO|2024-09-26 12:30:59: Epoch[007/100], iter[274/392], loss_total:0.49454, loss_equ:1.29976 loss_pq_vm:0.00976 loss_pq_va:0.13337 loss_pv_va:0.13365
INFO|2024-09-26 12:32:13: Epoch[007/100], iter[313/392], loss_total:0.61298, loss_equ:1.37300 loss_pq_vm:0.00863 loss_pq_va:0.19830 loss_pv_va:0.19110
INFO|2024-09-26 12:33:27: Epoch[007/100], iter[352/392], loss_total:0.86894, loss_equ:2.27221 loss_pq_vm:0.01564 loss_pq_va:0.24130 loss_pv_va:0.24400
INFO|2024-09-26 12:34:43: Epoch[007/100], iter[392/392], loss_total:0.75408, loss_equ:2.12254 loss_pq_vm:0.01313 loss_pq_va:0.20123 loss_pv_va:0.20934
INFO|2024-09-26 12:37:03: Epoch 6/100, lr:  0.00098808, eta: 22.9h, train_loss:  0.69315, valid_loss:  0.81732
INFO|2024-09-26 12:37:03: 	Train: PQ_Vm_rmse: 0.00079330  PQ_Va_rmse: 0.01446199  PV_Va_rmse: 0.01465868  delta_p: 0.07930822  delta_q: 0.01507373  
INFO|2024-09-26 12:37:03: 	ZTest: PQ_Vm_rmse: 0.00070657  PQ_Va_rmse: 0.01833324  PV_Va_rmse: 0.01864332  delta_p: 0.11233402  delta_q: 0.01661156  
INFO|2024-09-26 12:37:03: 	ZTest-ema: PQ_Vm_rmse: 0.000707  PQ_Va_rmse: 0.018333  PV_Va_rmse: 0.018643  delta_p: 0.112334  delta_q: 0.016612  
INFO|2024-09-26 12:37:03: 	           ValOfEMA:0.018643/0.011965,  Epoch:7/5
INFO|2024-09-26 12:37:04: 	Time(ep):886s,  Val(curr/best):0.018643/0.011965,  Epoch(curr/best):7/5
INFO|2024-09-26 12:37:04: -------------------- Epoch: 8 --------------------
INFO|2024-09-26 12:38:21: Epoch[008/100], iter[040/392], loss_total:0.86580, loss_equ:2.50802 loss_pq_vm:0.01974 loss_pq_va:0.20996 loss_pv_va:0.20759
INFO|2024-09-26 12:39:35: Epoch[008/100], iter[079/392], loss_total:0.93143, loss_equ:2.14213 loss_pq_vm:0.01222 loss_pq_va:0.28933 loss_pv_va:0.30573
INFO|2024-09-26 12:40:49: Epoch[008/100], iter[118/392], loss_total:0.60117, loss_equ:1.41689 loss_pq_vm:0.00840 loss_pq_va:0.18652 loss_pv_va:0.18896
INFO|2024-09-26 12:42:03: Epoch[008/100], iter[157/392], loss_total:0.52695, loss_equ:1.21096 loss_pq_vm:0.00718 loss_pq_va:0.16785 loss_pv_va:0.16615
INFO|2024-09-26 12:43:18: Epoch[008/100], iter[196/392], loss_total:0.60058, loss_equ:1.37548 loss_pq_vm:0.00855 loss_pq_va:0.19136 loss_pv_va:0.18618
INFO|2024-09-26 12:44:32: Epoch[008/100], iter[235/392], loss_total:0.54278, loss_equ:1.41217 loss_pq_vm:0.01003 loss_pq_va:0.14983 loss_pv_va:0.15147
INFO|2024-09-26 12:45:46: Epoch[008/100], iter[274/392], loss_total:0.78542, loss_equ:2.28083 loss_pq_vm:0.01126 loss_pq_va:0.22095 loss_pv_va:0.22381
INFO|2024-09-26 12:47:00: Epoch[008/100], iter[313/392], loss_total:1.00840, loss_equ:3.21974 loss_pq_vm:0.01315 loss_pq_va:0.28576 loss_pv_va:0.26913
INFO|2024-09-26 12:48:15: Epoch[008/100], iter[352/392], loss_total:0.75922, loss_equ:1.97356 loss_pq_vm:0.00973 loss_pq_va:0.23660 loss_pv_va:0.22793
INFO|2024-09-26 12:49:31: Epoch[008/100], iter[392/392], loss_total:0.51248, loss_equ:1.33816 loss_pq_vm:0.00731 loss_pq_va:0.15292 loss_pv_va:0.15268
INFO|2024-09-26 12:51:51: Epoch 7/100, lr:  0.00098445, eta: 22.67h, train_loss:  0.72322, valid_loss:  0.53627
INFO|2024-09-26 12:51:51: 	Train: PQ_Vm_rmse: 0.00085940  PQ_Va_rmse: 0.01663470  PV_Va_rmse: 0.01664652  delta_p: 0.09905302  delta_q: 0.01820447  
INFO|2024-09-26 12:51:51: 	ZTest: PQ_Vm_rmse: 0.00045789  PQ_Va_rmse: 0.00927590  PV_Va_rmse: 0.00954201  delta_p: 0.04742207  delta_q: 0.00803490  
INFO|2024-09-26 12:51:51: 	ZTest-ema: PQ_Vm_rmse: 0.000458  PQ_Va_rmse: 0.009276  PV_Va_rmse: 0.009542  delta_p: 0.047422  delta_q: 0.008035  
INFO|2024-09-26 12:51:51: 	           ValOfEMA:0.009542/0.009542,  Epoch:8/8
INFO|2024-09-26 12:51:52: 	Time(ep):887s,  Val(curr/best):0.009542/0.009542,  Epoch(curr/best):8/8
INFO|2024-09-26 12:51:52: -------------------- Epoch: 9 --------------------
INFO|2024-09-26 12:53:10: Epoch[009/100], iter[040/392], loss_total:0.65912, loss_equ:1.26247 loss_pq_vm:0.00845 loss_pq_va:0.22387 loss_pv_va:0.22449
INFO|2024-09-26 12:54:24: Epoch[009/100], iter[079/392], loss_total:0.50884, loss_equ:1.16436 loss_pq_vm:0.00732 loss_pq_va:0.16120 loss_pv_va:0.15804
INFO|2024-09-26 12:55:38: Epoch[009/100], iter[118/392], loss_total:0.86975, loss_equ:1.50259 loss_pq_vm:0.01039 loss_pq_va:0.30908 loss_pv_va:0.30650
INFO|2024-09-26 12:56:52: Epoch[009/100], iter[157/392], loss_total:0.66141, loss_equ:1.71089 loss_pq_vm:0.00807 loss_pq_va:0.20244 loss_pv_va:0.20720
INFO|2024-09-26 12:58:06: Epoch[009/100], iter[196/392], loss_total:0.55498, loss_equ:1.44164 loss_pq_vm:0.00705 loss_pq_va:0.16890 loss_pv_va:0.17143
INFO|2024-09-26 12:59:20: Epoch[009/100], iter[235/392], loss_total:0.60133, loss_equ:1.34862 loss_pq_vm:0.00693 loss_pq_va:0.19999 loss_pv_va:0.19718
INFO|2024-09-26 13:00:34: Epoch[009/100], iter[274/392], loss_total:0.60287, loss_equ:1.69752 loss_pq_vm:0.00990 loss_pq_va:0.16691 loss_pv_va:0.16721
INFO|2024-09-26 13:01:49: Epoch[009/100], iter[313/392], loss_total:0.58633, loss_equ:1.69052 loss_pq_vm:0.01087 loss_pq_va:0.15587 loss_pv_va:0.15274
INFO|2024-09-26 13:03:03: Epoch[009/100], iter[352/392], loss_total:0.64766, loss_equ:1.81282 loss_pq_vm:0.00962 loss_pq_va:0.18192 loss_pv_va:0.18828
INFO|2024-09-26 13:04:19: Epoch[009/100], iter[392/392], loss_total:0.51767, loss_equ:1.44732 loss_pq_vm:0.00959 loss_pq_va:0.13734 loss_pv_va:0.13970
INFO|2024-09-26 13:06:39: Epoch 8/100, lr:  0.00098035, eta: 22.42h, train_loss:  0.62114, valid_loss:  0.52830
INFO|2024-09-26 13:06:39: 	Train: PQ_Vm_rmse: 0.00056079  PQ_Va_rmse: 0.01397161  PV_Va_rmse: 0.01412178  delta_p: 0.06563519  delta_q: 0.01062201  
INFO|2024-09-26 13:06:39: 	ZTest: PQ_Vm_rmse: 0.00071131  PQ_Va_rmse: 0.00660035  PV_Va_rmse: 0.00652777  delta_p: 0.04023274  delta_q: 0.00955557  
INFO|2024-09-26 13:06:39: 	ZTest-ema: PQ_Vm_rmse: 0.000711  PQ_Va_rmse: 0.006600  PV_Va_rmse: 0.006528  delta_p: 0.040233  delta_q: 0.009556  
INFO|2024-09-26 13:06:39: 	           ValOfEMA:0.006600/0.006600,  Epoch:9/9
INFO|2024-09-26 13:06:40: 	Time(ep):886s,  Val(curr/best):0.006600/0.006600,  Epoch(curr/best):9/9
INFO|2024-09-26 13:06:40: -------------------- Epoch: 10 --------------------
INFO|2024-09-26 13:07:57: Epoch[010/100], iter[040/392], loss_total:0.51188, loss_equ:1.20932 loss_pq_vm:0.00701 loss_pq_va:0.16203 loss_pv_va:0.15886
INFO|2024-09-26 13:09:12: Epoch[010/100], iter[079/392], loss_total:0.75735, loss_equ:1.76510 loss_pq_vm:0.00712 loss_pq_va:0.26636 loss_pv_va:0.24326
INFO|2024-09-26 13:10:26: Epoch[010/100], iter[118/392], loss_total:1.14784, loss_equ:3.51300 loss_pq_vm:0.01777 loss_pq_va:0.30699 loss_pv_va:0.31184
INFO|2024-09-26 13:11:39: Epoch[010/100], iter[157/392], loss_total:0.62046, loss_equ:1.58999 loss_pq_vm:0.01084 loss_pq_va:0.17486 loss_pv_va:0.17821
INFO|2024-09-26 13:12:54: Epoch[010/100], iter[196/392], loss_total:0.65636, loss_equ:2.13039 loss_pq_vm:0.01043 loss_pq_va:0.17096 loss_pv_va:0.16811
INFO|2024-09-26 13:14:08: Epoch[010/100], iter[235/392], loss_total:0.56260, loss_equ:1.32367 loss_pq_vm:0.01135 loss_pq_va:0.15669 loss_pv_va:0.16007
INFO|2024-09-26 13:15:22: Epoch[010/100], iter[274/392], loss_total:0.47912, loss_equ:1.31239 loss_pq_vm:0.00841 loss_pq_va:0.13179 loss_pv_va:0.13200
INFO|2024-09-26 13:16:37: Epoch[010/100], iter[313/392], loss_total:0.58219, loss_equ:1.22365 loss_pq_vm:0.01008 loss_pq_va:0.18096 loss_pv_va:0.17805
INFO|2024-09-26 13:17:51: Epoch[010/100], iter[352/392], loss_total:0.90070, loss_equ:2.48063 loss_pq_vm:0.01016 loss_pq_va:0.27347 loss_pv_va:0.27760
INFO|2024-09-26 13:19:07: Epoch[010/100], iter[392/392], loss_total:0.93320, loss_equ:1.85193 loss_pq_vm:0.00862 loss_pq_va:0.33480 loss_pv_va:0.32703
INFO|2024-09-26 13:21:27: Epoch 9/100, lr:  0.00097577, eta: 22.17h, train_loss:  0.65122, valid_loss:  1.20207
INFO|2024-09-26 13:21:27: 	Train: PQ_Vm_rmse: 0.00064168  PQ_Va_rmse: 0.01429278  PV_Va_rmse: 0.01428660  delta_p: 0.07610854  delta_q: 0.01312928  
INFO|2024-09-26 13:21:27: 	ZTest: PQ_Vm_rmse: 0.00086573  PQ_Va_rmse: 0.04474446  PV_Va_rmse: 0.04401009  delta_p: 0.10682010  delta_q: 0.01161275  
INFO|2024-09-26 13:21:27: 	ZTest-ema: PQ_Vm_rmse: 0.000866  PQ_Va_rmse: 0.044744  PV_Va_rmse: 0.044010  delta_p: 0.106820  delta_q: 0.011613  
INFO|2024-09-26 13:21:27: 	           ValOfEMA:0.044744/0.006600,  Epoch:10/9
INFO|2024-09-26 13:21:28: 	Time(ep):886s,  Val(curr/best):0.044744/0.006600,  Epoch(curr/best):10/9
INFO|2024-09-26 13:21:28: -------------------- Epoch: 11 --------------------
INFO|2024-09-26 13:22:45: Epoch[011/100], iter[040/392], loss_total:0.69126, loss_equ:1.92013 loss_pq_vm:0.01306 loss_pq_va:0.18171 loss_pv_va:0.18699
INFO|2024-09-26 13:24:00: Epoch[011/100], iter[079/392], loss_total:0.60975, loss_equ:1.64300 loss_pq_vm:0.00929 loss_pq_va:0.17854 loss_pv_va:0.17400
INFO|2024-09-26 13:25:14: Epoch[011/100], iter[118/392], loss_total:0.49329, loss_equ:1.31980 loss_pq_vm:0.00719 loss_pq_va:0.14308 loss_pv_va:0.14634
INFO|2024-09-26 13:26:28: Epoch[011/100], iter[157/392], loss_total:0.43198, loss_equ:1.12194 loss_pq_vm:0.00658 loss_pq_va:0.12744 loss_pv_va:0.12654
INFO|2024-09-26 13:27:42: Epoch[011/100], iter[196/392], loss_total:0.46891, loss_equ:1.18245 loss_pq_vm:0.00842 loss_pq_va:0.13301 loss_pv_va:0.13342
INFO|2024-09-26 13:28:56: Epoch[011/100], iter[235/392], loss_total:0.43158, loss_equ:1.13719 loss_pq_vm:0.00714 loss_pq_va:0.12259 loss_pv_va:0.12384
INFO|2024-09-26 13:30:10: Epoch[011/100], iter[274/392], loss_total:0.48477, loss_equ:1.28201 loss_pq_vm:0.00686 loss_pq_va:0.14469 loss_pv_va:0.14329
INFO|2024-09-26 13:31:24: Epoch[011/100], iter[313/392], loss_total:0.42858, loss_equ:1.05993 loss_pq_vm:0.00606 loss_pq_va:0.13213 loss_pv_va:0.12984
INFO|2024-09-26 13:32:38: Epoch[011/100], iter[352/392], loss_total:0.40826, loss_equ:0.98431 loss_pq_vm:0.00598 loss_pq_va:0.12551 loss_pv_va:0.12453
INFO|2024-09-26 13:33:54: Epoch[011/100], iter[392/392], loss_total:0.36761, loss_equ:0.91791 loss_pq_vm:0.00578 loss_pq_va:0.10950 loss_pv_va:0.10857
INFO|2024-09-26 13:36:14: Epoch 10/100, lr:  0.00097074, eta: 21.89h, train_loss:  0.53271, valid_loss:  0.43262
INFO|2024-09-26 13:36:14: 	Train: PQ_Vm_rmse: 0.00047667  PQ_Va_rmse: 0.00951455  PV_Va_rmse: 0.00971864  delta_p: 0.05599414  delta_q: 0.00818524  
INFO|2024-09-26 13:36:14: 	ZTest: PQ_Vm_rmse: 0.00034927  PQ_Va_rmse: 0.00705269  PV_Va_rmse: 0.00682819  delta_p: 0.01808251  delta_q: 0.00337920  
INFO|2024-09-26 13:36:14: 	ZTest-ema: PQ_Vm_rmse: 0.000349  PQ_Va_rmse: 0.007053  PV_Va_rmse: 0.006828  delta_p: 0.018082  delta_q: 0.003379  
INFO|2024-09-26 13:36:14: 	           ValOfEMA:0.007053/0.006600,  Epoch:11/9
INFO|2024-09-26 13:36:14: 	Time(ep):885s,  Val(curr/best):0.007053/0.006600,  Epoch(curr/best):11/9
INFO|2024-09-26 13:36:14: -------------------- Epoch: 12 --------------------
INFO|2024-09-26 13:37:31: Epoch[012/100], iter[040/392], loss_total:0.43653, loss_equ:1.03996 loss_pq_vm:0.00766 loss_pq_va:0.12809 loss_pv_va:0.12783
INFO|2024-09-26 13:38:46: Epoch[012/100], iter[079/392], loss_total:0.44363, loss_equ:0.97418 loss_pq_vm:0.00769 loss_pq_va:0.13602 loss_pv_va:0.13326
INFO|2024-09-26 13:40:00: Epoch[012/100], iter[118/392], loss_total:0.44235, loss_equ:0.97859 loss_pq_vm:0.00821 loss_pq_va:0.13220 loss_pv_va:0.13016
INFO|2024-09-26 13:41:13: Epoch[012/100], iter[157/392], loss_total:0.43850, loss_equ:1.08139 loss_pq_vm:0.00768 loss_pq_va:0.13018 loss_pv_va:0.12342
INFO|2024-09-26 13:42:28: Epoch[012/100], iter[196/392], loss_total:0.43302, loss_equ:0.97321 loss_pq_vm:0.00738 loss_pq_va:0.13227 loss_pv_va:0.12966
INFO|2024-09-26 13:43:42: Epoch[012/100], iter[235/392], loss_total:0.55185, loss_equ:1.72270 loss_pq_vm:0.01417 loss_pq_va:0.12120 loss_pv_va:0.11667
INFO|2024-09-26 13:44:57: Epoch[012/100], iter[274/392], loss_total:0.65968, loss_equ:1.79426 loss_pq_vm:0.00956 loss_pq_va:0.20179 loss_pv_va:0.18287
INFO|2024-09-26 13:46:11: Epoch[012/100], iter[313/392], loss_total:0.64754, loss_equ:1.61424 loss_pq_vm:0.01279 loss_pq_va:0.17804 loss_pv_va:0.18018
INFO|2024-09-26 13:47:25: Epoch[012/100], iter[352/392], loss_total:0.83431, loss_equ:1.80343 loss_pq_vm:0.01021 loss_pq_va:0.27179 loss_pv_va:0.28011
INFO|2024-09-26 13:48:42: Epoch[012/100], iter[392/392], loss_total:0.68027, loss_equ:2.05626 loss_pq_vm:0.01091 loss_pq_va:0.17919 loss_pv_va:0.18631
INFO|2024-09-26 13:51:03: Epoch 11/100, lr:  0.00096524, eta: 21.71h, train_loss:  0.53442, valid_loss:  0.64313
INFO|2024-09-26 13:51:03: 	Train: PQ_Vm_rmse: 0.00076709  PQ_Va_rmse: 0.01244822  PV_Va_rmse: 0.01236828  delta_p: 0.06947380  delta_q: 0.01201193  
INFO|2024-09-26 13:51:03: 	ZTest: PQ_Vm_rmse: 0.00065005  PQ_Va_rmse: 0.01115538  PV_Va_rmse: 0.01343359  delta_p: 0.07794901  delta_q: 0.01476875  
INFO|2024-09-26 13:51:03: 	ZTest-ema: PQ_Vm_rmse: 0.000434  PQ_Va_rmse: 0.006643  PV_Va_rmse: 0.006650  delta_p: 0.044812  delta_q: 0.007885  
INFO|2024-09-26 13:51:03: 	           ValOfEMA:0.006650/0.006600,  Epoch:12/9
INFO|2024-09-26 13:51:03: 	Time(ep):888s,  Val(curr/best):0.013434/0.006600,  Epoch(curr/best):12/9
INFO|2024-09-26 13:51:03: -------------------- Epoch: 13 --------------------
INFO|2024-09-26 13:52:21: Epoch[013/100], iter[040/392], loss_total:0.61481, loss_equ:1.53846 loss_pq_vm:0.00945 loss_pq_va:0.18245 loss_pv_va:0.18400
INFO|2024-09-26 13:53:34: Epoch[013/100], iter[079/392], loss_total:0.56581, loss_equ:1.35324 loss_pq_vm:0.01013 loss_pq_va:0.16430 loss_pv_va:0.16486
INFO|2024-09-26 13:54:48: Epoch[013/100], iter[118/392], loss_total:0.49517, loss_equ:1.30494 loss_pq_vm:0.01243 loss_pq_va:0.11654 loss_pv_va:0.12381
INFO|2024-09-26 13:56:02: Epoch[013/100], iter[157/392], loss_total:0.62904, loss_equ:1.96959 loss_pq_vm:0.01015 loss_pq_va:0.14899 loss_pv_va:0.18156
INFO|2024-09-26 13:57:16: Epoch[013/100], iter[196/392], loss_total:0.73353, loss_equ:2.49709 loss_pq_vm:0.00829 loss_pq_va:0.19928 loss_pv_va:0.20167
INFO|2024-09-26 13:58:30: Epoch[013/100], iter[235/392], loss_total:0.54278, loss_equ:1.48910 loss_pq_vm:0.01090 loss_pq_va:0.14172 loss_pv_va:0.14318
INFO|2024-09-26 13:59:45: Epoch[013/100], iter[274/392], loss_total:0.40635, loss_equ:1.11732 loss_pq_vm:0.00820 loss_pq_va:0.10507 loss_pv_va:0.10752
INFO|2024-09-26 14:00:59: Epoch[013/100], iter[313/392], loss_total:0.39939, loss_equ:1.07087 loss_pq_vm:0.00722 loss_pq_va:0.10974 loss_pv_va:0.11032
INFO|2024-09-26 14:02:14: Epoch[013/100], iter[352/392], loss_total:0.46192, loss_equ:1.23821 loss_pq_vm:0.00929 loss_pq_va:0.12089 loss_pv_va:0.12428
INFO|2024-09-26 14:03:29: Epoch[013/100], iter[392/392], loss_total:0.43384, loss_equ:1.08646 loss_pq_vm:0.00698 loss_pq_va:0.12824 loss_pv_va:0.12718
INFO|2024-09-26 14:05:49: Epoch 12/100, lr:  0.00095929, eta: 21.39h, train_loss:  0.54729, valid_loss:  0.43669
INFO|2024-09-26 14:05:49: 	Train: PQ_Vm_rmse: 0.00084148  PQ_Va_rmse: 0.01126713  PV_Va_rmse: 0.01166946  delta_p: 0.06891958  delta_q: 0.01324924  
INFO|2024-09-26 14:05:49: 	ZTest: PQ_Vm_rmse: 0.00061582  PQ_Va_rmse: 0.00750266  PV_Va_rmse: 0.00743982  delta_p: 0.05134736  delta_q: 0.00837777  
INFO|2024-09-26 14:05:49: 	ZTest-ema: PQ_Vm_rmse: 0.000439  PQ_Va_rmse: 0.006328  PV_Va_rmse: 0.005973  delta_p: 0.044298  delta_q: 0.007135  
INFO|2024-09-26 14:05:49: 	           ValOfEMA:0.006328/0.006328,  Epoch:13/13
INFO|2024-09-26 14:05:49: 	Time(ep):885s,  Val(curr/best):0.007503/0.006600,  Epoch(curr/best):13/9
INFO|2024-09-26 14:05:49: -------------------- Epoch: 14 --------------------
INFO|2024-09-26 14:07:07: Epoch[014/100], iter[040/392], loss_total:0.69150, loss_equ:2.19912 loss_pq_vm:0.01161 loss_pq_va:0.16503 loss_pv_va:0.19042
INFO|2024-09-26 14:08:21: Epoch[014/100], iter[079/392], loss_total:0.48803, loss_equ:1.41481 loss_pq_vm:0.00970 loss_pq_va:0.12646 loss_pv_va:0.12304
INFO|2024-09-26 14:09:36: Epoch[014/100], iter[118/392], loss_total:0.48218, loss_equ:1.40713 loss_pq_vm:0.00914 loss_pq_va:0.12532 loss_pv_va:0.12474
INFO|2024-09-26 14:10:50: Epoch[014/100], iter[157/392], loss_total:0.41062, loss_equ:1.19218 loss_pq_vm:0.00799 loss_pq_va:0.10502 loss_pv_va:0.10650
INFO|2024-09-26 14:12:04: Epoch[014/100], iter[196/392], loss_total:0.39866, loss_equ:1.12986 loss_pq_vm:0.00629 loss_pq_va:0.11267 loss_pv_va:0.11006
INFO|2024-09-26 14:13:18: Epoch[014/100], iter[235/392], loss_total:0.37911, loss_equ:1.00071 loss_pq_vm:0.00651 loss_pq_va:0.10841 loss_pv_va:0.10548
INFO|2024-09-26 14:14:32: Epoch[014/100], iter[274/392], loss_total:0.37097, loss_equ:0.90449 loss_pq_vm:0.00607 loss_pq_va:0.11142 loss_pv_va:0.10838
INFO|2024-09-26 14:15:47: Epoch[014/100], iter[313/392], loss_total:0.36588, loss_equ:0.88425 loss_pq_vm:0.00670 loss_pq_va:0.10522 loss_pv_va:0.10527
INFO|2024-09-26 14:17:01: Epoch[014/100], iter[352/392], loss_total:0.44997, loss_equ:1.05508 loss_pq_vm:0.00681 loss_pq_va:0.14282 loss_pv_va:0.13350
INFO|2024-09-26 14:18:17: Epoch[014/100], iter[392/392], loss_total:0.39513, loss_equ:1.08689 loss_pq_vm:0.00703 loss_pq_va:0.10943 loss_pv_va:0.10672
INFO|2024-09-26 14:20:37: Epoch 13/100, lr:  0.00095289, eta: 21.2h, train_loss:  0.46030, valid_loss:  0.43799
INFO|2024-09-26 14:20:37: 	Train: PQ_Vm_rmse: 0.00052156  PQ_Va_rmse: 0.00872593  PV_Va_rmse: 0.00885347  delta_p: 0.07614683  delta_q: 0.01012095  
INFO|2024-09-26 14:20:37: 	ZTest: PQ_Vm_rmse: 0.00036887  PQ_Va_rmse: 0.00591265  PV_Va_rmse: 0.00625489  delta_p: 0.04571864  delta_q: 0.00546936  
INFO|2024-09-26 14:20:37: 	ZTest-ema: PQ_Vm_rmse: 0.000480  PQ_Va_rmse: 0.005744  PV_Va_rmse: 0.005565  delta_p: 0.016295  delta_q: 0.005932  
INFO|2024-09-26 14:20:37: 	           ValOfEMA:0.005744/0.005744,  Epoch:14/14
INFO|2024-09-26 14:20:38: 	Time(ep):887s,  Val(curr/best):0.006255/0.006255,  Epoch(curr/best):14/14
INFO|2024-09-26 14:20:38: -------------------- Epoch: 15 --------------------
INFO|2024-09-26 14:21:56: Epoch[015/100], iter[040/392], loss_total:0.39709, loss_equ:1.03844 loss_pq_vm:0.00860 loss_pq_va:0.10525 loss_pv_va:0.10203
INFO|2024-09-26 14:23:10: Epoch[015/100], iter[079/392], loss_total:0.44409, loss_equ:1.15861 loss_pq_vm:0.00806 loss_pq_va:0.12405 loss_pv_va:0.12356
INFO|2024-09-26 14:24:25: Epoch[015/100], iter[118/392], loss_total:0.55849, loss_equ:1.41532 loss_pq_vm:0.00786 loss_pq_va:0.15433 loss_pv_va:0.18398
INFO|2024-09-26 14:25:40: Epoch[015/100], iter[157/392], loss_total:0.44204, loss_equ:1.23427 loss_pq_vm:0.01170 loss_pq_va:0.09851 loss_pv_va:0.10312
INFO|2024-09-26 14:26:54: Epoch[015/100], iter[196/392], loss_total:0.62581, loss_equ:2.08035 loss_pq_vm:0.00976 loss_pq_va:0.15019 loss_pv_va:0.17003
INFO|2024-09-26 14:28:09: Epoch[015/100], iter[235/392], loss_total:0.75050, loss_equ:1.67645 loss_pq_vm:0.01344 loss_pq_va:0.22616 loss_pv_va:0.22229
INFO|2024-09-26 14:29:23: Epoch[015/100], iter[274/392], loss_total:0.42674, loss_equ:1.07558 loss_pq_vm:0.00700 loss_pq_va:0.12439 loss_pv_va:0.12480
INFO|2024-09-26 14:30:37: Epoch[015/100], iter[313/392], loss_total:0.37960, loss_equ:1.00071 loss_pq_vm:0.00645 loss_pq_va:0.10926 loss_pv_va:0.10575
INFO|2024-09-26 14:31:52: Epoch[015/100], iter[352/392], loss_total:0.37113, loss_equ:0.95540 loss_pq_vm:0.00594 loss_pq_va:0.11148 loss_pv_va:0.10476
INFO|2024-09-26 14:33:08: Epoch[015/100], iter[392/392], loss_total:0.33817, loss_equ:0.92997 loss_pq_vm:0.00621 loss_pq_va:0.09323 loss_pv_va:0.08986
INFO|2024-09-26 14:35:29: Epoch 14/100, lr:  0.00094605, eta: 21.03h, train_loss:  0.47209, valid_loss:  0.42497
INFO|2024-09-26 14:35:29: 	Train: PQ_Vm_rmse: 0.00073511  PQ_Va_rmse: 0.00890004  PV_Va_rmse: 0.00896645  delta_p: 0.05649486  delta_q: 0.01093929  
INFO|2024-09-26 14:35:29: 	ZTest: PQ_Vm_rmse: 0.00037488  PQ_Va_rmse: 0.00934612  PV_Va_rmse: 0.00876108  delta_p: 0.02277669  delta_q: 0.00584277  
INFO|2024-09-26 14:35:29: 	ZTest-ema: PQ_Vm_rmse: 0.000232  PQ_Va_rmse: 0.005697  PV_Va_rmse: 0.005440  delta_p: 0.021461  delta_q: 0.003976  
INFO|2024-09-26 14:35:29: 	           ValOfEMA:0.005697/0.005697,  Epoch:15/15
INFO|2024-09-26 14:35:30: 	Time(ep):890s,  Val(curr/best):0.009346/0.006255,  Epoch(curr/best):15/14
INFO|2024-09-26 14:35:30: -------------------- Epoch: 16 --------------------
INFO|2024-09-26 14:36:48: Epoch[016/100], iter[040/392], loss_total:0.72729, loss_equ:1.81710 loss_pq_vm:0.01572 loss_pq_va:0.18725 loss_pv_va:0.20111
INFO|2024-09-26 14:38:03: Epoch[016/100], iter[079/392], loss_total:0.43287, loss_equ:1.28288 loss_pq_vm:0.00738 loss_pq_va:0.11515 loss_pv_va:0.11561
INFO|2024-09-26 14:39:17: Epoch[016/100], iter[118/392], loss_total:0.43904, loss_equ:1.04865 loss_pq_vm:0.00824 loss_pq_va:0.12496 loss_pv_va:0.12683
INFO|2024-09-26 14:40:31: Epoch[016/100], iter[157/392], loss_total:0.43649, loss_equ:1.11564 loss_pq_vm:0.00660 loss_pq_va:0.12893 loss_pv_va:0.13001
INFO|2024-09-26 14:41:46: Epoch[016/100], iter[196/392], loss_total:0.53619, loss_equ:1.34067 loss_pq_vm:0.01081 loss_pq_va:0.14237 loss_pv_va:0.15169
INFO|2024-09-26 14:43:00: Epoch[016/100], iter[235/392], loss_total:0.60650, loss_equ:1.77580 loss_pq_vm:0.01010 loss_pq_va:0.15452 loss_pv_va:0.17345
INFO|2024-09-26 14:44:14: Epoch[016/100], iter[274/392], loss_total:0.43942, loss_equ:1.15240 loss_pq_vm:0.00656 loss_pq_va:0.12778 loss_pv_va:0.13085
INFO|2024-09-26 14:45:28: Epoch[016/100], iter[313/392], loss_total:0.36962, loss_equ:1.06841 loss_pq_vm:0.00600 loss_pq_va:0.10117 loss_pv_va:0.10158
INFO|2024-09-26 14:46:42: Epoch[016/100], iter[352/392], loss_total:0.35672, loss_equ:0.92226 loss_pq_vm:0.00589 loss_pq_va:0.10401 loss_pv_va:0.10157
INFO|2024-09-26 14:47:58: Epoch[016/100], iter[392/392], loss_total:0.33881, loss_equ:0.90974 loss_pq_vm:0.00493 loss_pq_va:0.10123 loss_pv_va:0.09727
INFO|2024-09-26 14:50:18: Epoch 15/100, lr:  0.00093877, eta: 20.72h, train_loss:  0.51277, valid_loss:  0.38566
INFO|2024-09-26 14:50:18: 	Train: PQ_Vm_rmse: 0.00056308  PQ_Va_rmse: 0.01161896  PV_Va_rmse: 0.01141767  delta_p: 0.07167538  delta_q: 0.01105528  
INFO|2024-09-26 14:50:18: 	ZTest: PQ_Vm_rmse: 0.00026689  PQ_Va_rmse: 0.00780904  PV_Va_rmse: 0.00740609  delta_p: 0.03447934  delta_q: 0.00439768  
INFO|2024-09-26 14:50:18: 	ZTest-ema: PQ_Vm_rmse: 0.000218  PQ_Va_rmse: 0.005787  PV_Va_rmse: 0.005611  delta_p: 0.021356  delta_q: 0.002546  
INFO|2024-09-26 14:50:18: 	           ValOfEMA:0.005787/0.005697,  Epoch:16/15
INFO|2024-09-26 14:50:18: 	Time(ep):887s,  Val(curr/best):0.007809/0.006255,  Epoch(curr/best):16/14
INFO|2024-09-26 14:50:18: -------------------- Epoch: 17 --------------------
INFO|2024-09-26 14:51:36: Epoch[017/100], iter[040/392], loss_total:0.60731, loss_equ:2.18151 loss_pq_vm:0.00865 loss_pq_va:0.15699 loss_pv_va:0.14566
INFO|2024-09-26 14:52:50: Epoch[017/100], iter[079/392], loss_total:0.75372, loss_equ:2.64724 loss_pq_vm:0.01868 loss_pq_va:0.14283 loss_pv_va:0.15938
INFO|2024-09-26 14:54:05: Epoch[017/100], iter[118/392], loss_total:0.49387, loss_equ:1.37352 loss_pq_vm:0.00801 loss_pq_va:0.14544 loss_pv_va:0.13094
INFO|2024-09-26 14:55:19: Epoch[017/100], iter[157/392], loss_total:0.39381, loss_equ:1.03389 loss_pq_vm:0.00611 loss_pq_va:0.11859 loss_pv_va:0.11071
INFO|2024-09-26 14:56:33: Epoch[017/100], iter[196/392], loss_total:0.53672, loss_equ:1.55279 loss_pq_vm:0.00727 loss_pq_va:0.14774 loss_pv_va:0.16098
INFO|2024-09-26 14:57:48: Epoch[017/100], iter[235/392], loss_total:0.42292, loss_equ:1.25492 loss_pq_vm:0.00721 loss_pq_va:0.11155 loss_pv_va:0.11377
INFO|2024-09-26 14:59:03: Epoch[017/100], iter[274/392], loss_total:0.35282, loss_equ:1.06245 loss_pq_vm:0.00628 loss_pq_va:0.09250 loss_pv_va:0.09122
INFO|2024-09-26 15:00:17: Epoch[017/100], iter[313/392], loss_total:0.44251, loss_equ:1.18139 loss_pq_vm:0.00712 loss_pq_va:0.12316 loss_pv_va:0.13005
INFO|2024-09-26 15:01:32: Epoch[017/100], iter[352/392], loss_total:0.38576, loss_equ:1.03770 loss_pq_vm:0.00564 loss_pq_va:0.11268 loss_pv_va:0.11295
INFO|2024-09-26 15:02:48: Epoch[017/100], iter[392/392], loss_total:0.39474, loss_equ:1.12346 loss_pq_vm:0.00715 loss_pq_va:0.10123 loss_pv_va:0.10968
INFO|2024-09-26 15:05:08: Epoch 16/100, lr:  0.00093107, eta: 20.51h, train_loss:  0.48667, valid_loss:  0.43282
INFO|2024-09-26 15:05:08: 	Train: PQ_Vm_rmse: 0.00052070  PQ_Va_rmse: 0.00976404  PV_Va_rmse: 0.00984735  delta_p: 0.07333322  delta_q: 0.01141530  
INFO|2024-09-26 15:05:08: 	ZTest: PQ_Vm_rmse: 0.00039702  PQ_Va_rmse: 0.01068382  PV_Va_rmse: 0.00926329  delta_p: 0.06799553  delta_q: 0.00645171  
INFO|2024-09-26 15:05:08: 	ZTest-ema: PQ_Vm_rmse: 0.000261  PQ_Va_rmse: 0.005347  PV_Va_rmse: 0.005254  delta_p: 0.015993  delta_q: 0.003248  
INFO|2024-09-26 15:05:08: 	           ValOfEMA:0.005347/0.005347,  Epoch:17/17
INFO|2024-09-26 15:05:09: 	Time(ep):889s,  Val(curr/best):0.010684/0.006255,  Epoch(curr/best):17/14
INFO|2024-09-26 15:05:09: -------------------- Epoch: 18 --------------------
INFO|2024-09-26 15:06:27: Epoch[018/100], iter[040/392], loss_total:0.39709, loss_equ:0.97371 loss_pq_vm:0.00786 loss_pq_va:0.11256 loss_pv_va:0.10856
INFO|2024-09-26 15:07:41: Epoch[018/100], iter[079/392], loss_total:0.41400, loss_equ:1.27545 loss_pq_vm:0.00787 loss_pq_va:0.10557 loss_pv_va:0.10224
INFO|2024-09-26 15:08:56: Epoch[018/100], iter[118/392], loss_total:0.47286, loss_equ:1.16491 loss_pq_vm:0.00808 loss_pq_va:0.13800 loss_pv_va:0.13755
INFO|2024-09-26 15:10:10: Epoch[018/100], iter[157/392], loss_total:0.46113, loss_equ:1.49628 loss_pq_vm:0.00855 loss_pq_va:0.11079 loss_pv_va:0.11520
INFO|2024-09-26 15:11:24: Epoch[018/100], iter[196/392], loss_total:0.39773, loss_equ:1.04653 loss_pq_vm:0.00619 loss_pq_va:0.11327 loss_pv_va:0.11788
INFO|2024-09-26 15:12:39: Epoch[018/100], iter[235/392], loss_total:0.34774, loss_equ:0.88183 loss_pq_vm:0.00633 loss_pq_va:0.09954 loss_pv_va:0.09667
INFO|2024-09-26 15:13:53: Epoch[018/100], iter[274/392], loss_total:0.35696, loss_equ:0.84671 loss_pq_vm:0.00518 loss_pq_va:0.10989 loss_pv_va:0.11062
INFO|2024-09-26 15:15:08: Epoch[018/100], iter[313/392], loss_total:0.40638, loss_equ:1.27745 loss_pq_vm:0.00719 loss_pq_va:0.10081 loss_pv_va:0.10590
INFO|2024-09-26 15:16:22: Epoch[018/100], iter[352/392], loss_total:0.56562, loss_equ:1.34979 loss_pq_vm:0.00920 loss_pq_va:0.16268 loss_pv_va:0.17596
INFO|2024-09-26 15:17:37: Epoch[018/100], iter[392/392], loss_total:0.46846, loss_equ:1.33815 loss_pq_vm:0.00871 loss_pq_va:0.11891 loss_pv_va:0.12861
INFO|2024-09-26 15:19:57: Epoch 17/100, lr:  0.00092294, eta: 20.24h, train_loss:  0.45246, valid_loss:  0.47047
INFO|2024-09-26 15:19:57: 	Train: PQ_Vm_rmse: 0.00053280  PQ_Va_rmse: 0.00855386  PV_Va_rmse: 0.00860567  delta_p: 0.04966783  delta_q: 0.00842871  
INFO|2024-09-26 15:19:57: 	ZTest: PQ_Vm_rmse: 0.00045732  PQ_Va_rmse: 0.00689799  PV_Va_rmse: 0.00676956  delta_p: 0.02908087  delta_q: 0.00645816  
INFO|2024-09-26 15:19:57: 	ZTest-ema: PQ_Vm_rmse: 0.000234  PQ_Va_rmse: 0.005264  PV_Va_rmse: 0.005221  delta_p: 0.020617  delta_q: 0.003493  
INFO|2024-09-26 15:19:57: 	           ValOfEMA:0.005264/0.005264,  Epoch:18/18
INFO|2024-09-26 15:19:58: 	Time(ep):888s,  Val(curr/best):0.006898/0.006255,  Epoch(curr/best):18/14
INFO|2024-09-26 15:19:58: -------------------- Epoch: 19 --------------------
INFO|2024-09-26 15:21:15: Epoch[019/100], iter[040/392], loss_total:0.36865, loss_equ:0.91804 loss_pq_vm:0.00577 loss_pq_va:0.11104 loss_pv_va:0.10812
INFO|2024-09-26 15:22:30: Epoch[019/100], iter[079/392], loss_total:0.32280, loss_equ:0.85416 loss_pq_vm:0.00558 loss_pq_va:0.09238 loss_pv_va:0.08920
INFO|2024-09-26 15:23:45: Epoch[019/100], iter[118/392], loss_total:0.35451, loss_equ:0.88354 loss_pq_vm:0.00601 loss_pq_va:0.10619 loss_pv_va:0.09985
INFO|2024-09-26 15:24:59: Epoch[019/100], iter[157/392], loss_total:0.42268, loss_equ:1.16328 loss_pq_vm:0.00907 loss_pq_va:0.11117 loss_pv_va:0.10445
INFO|2024-09-26 15:26:13: Epoch[019/100], iter[196/392], loss_total:0.68053, loss_equ:1.43926 loss_pq_vm:0.00997 loss_pq_va:0.22671 loss_pv_va:0.21023
INFO|2024-09-26 15:27:27: Epoch[019/100], iter[235/392], loss_total:0.46217, loss_equ:1.46410 loss_pq_vm:0.01105 loss_pq_va:0.10199 loss_pv_va:0.10323
INFO|2024-09-26 15:28:42: Epoch[019/100], iter[274/392], loss_total:0.39036, loss_equ:1.12221 loss_pq_vm:0.00863 loss_pq_va:0.09273 loss_pv_va:0.09912
INFO|2024-09-26 15:29:56: Epoch[019/100], iter[313/392], loss_total:0.38608, loss_equ:0.90796 loss_pq_vm:0.00592 loss_pq_va:0.11560 loss_pv_va:0.12051
INFO|2024-09-26 15:31:10: Epoch[019/100], iter[352/392], loss_total:0.40457, loss_equ:1.08041 loss_pq_vm:0.00825 loss_pq_va:0.10868 loss_pv_va:0.10539
INFO|2024-09-26 15:32:25: Epoch[019/100], iter[392/392], loss_total:0.38491, loss_equ:1.01750 loss_pq_vm:0.00631 loss_pq_va:0.10849 loss_pv_va:0.11154
INFO|2024-09-26 15:34:46: Epoch 18/100, lr:  0.00091440, eta: 19.97h, train_loss:  0.39893, valid_loss:  0.44407
INFO|2024-09-26 15:34:46: 	Train: PQ_Vm_rmse: 0.00049873  PQ_Va_rmse: 0.00624512  PV_Va_rmse: 0.00618662  delta_p: 0.04130662  delta_q: 0.00818546  
INFO|2024-09-26 15:34:46: 	ZTest: PQ_Vm_rmse: 0.00054459  PQ_Va_rmse: 0.01065717  PV_Va_rmse: 0.00973570  delta_p: 0.05763860  delta_q: 0.01168315  
INFO|2024-09-26 15:34:46: 	ZTest-ema: PQ_Vm_rmse: 0.000205  PQ_Va_rmse: 0.004247  PV_Va_rmse: 0.004239  delta_p: 0.019124  delta_q: 0.003464  
INFO|2024-09-26 15:34:46: 	           ValOfEMA:0.004247/0.004247,  Epoch:19/19
INFO|2024-09-26 15:34:46: 	Time(ep):887s,  Val(curr/best):0.010657/0.006255,  Epoch(curr/best):19/14
INFO|2024-09-26 15:34:46: -------------------- Epoch: 20 --------------------
INFO|2024-09-26 15:36:04: Epoch[020/100], iter[040/392], loss_total:0.34580, loss_equ:0.97122 loss_pq_vm:0.00824 loss_pq_va:0.08384 loss_pv_va:0.08241
INFO|2024-09-26 15:37:18: Epoch[020/100], iter[079/392], loss_total:0.35760, loss_equ:0.87197 loss_pq_vm:0.00542 loss_pq_va:0.11171 loss_pv_va:0.10450
INFO|2024-09-26 15:38:32: Epoch[020/100], iter[118/392], loss_total:0.41636, loss_equ:0.95366 loss_pq_vm:0.00770 loss_pq_va:0.12198 loss_pv_va:0.12200
INFO|2024-09-26 15:39:45: Epoch[020/100], iter[157/392], loss_total:0.93258, loss_equ:3.68034 loss_pq_vm:0.01652 loss_pq_va:0.19596 loss_pv_va:0.20340
INFO|2024-09-26 15:40:59: Epoch[020/100], iter[196/392], loss_total:0.58821, loss_equ:1.99631 loss_pq_vm:0.00902 loss_pq_va:0.15203 loss_pv_va:0.14635
INFO|2024-09-26 15:42:14: Epoch[020/100], iter[235/392], loss_total:0.54899, loss_equ:1.54052 loss_pq_vm:0.00736 loss_pq_va:0.15651 loss_pv_va:0.16481
INFO|2024-09-26 15:43:28: Epoch[020/100], iter[274/392], loss_total:0.39909, loss_equ:0.96174 loss_pq_vm:0.00520 loss_pq_va:0.12644 loss_pv_va:0.12450
INFO|2024-09-26 15:44:41: Epoch[020/100], iter[313/392], loss_total:0.38900, loss_equ:0.92820 loss_pq_vm:0.00613 loss_pq_va:0.11536 loss_pv_va:0.11950
INFO|2024-09-26 15:45:55: Epoch[020/100], iter[352/392], loss_total:0.44682, loss_equ:1.21859 loss_pq_vm:0.00585 loss_pq_va:0.12943 loss_pv_va:0.13703
INFO|2024-09-26 15:47:11: Epoch[020/100], iter[392/392], loss_total:0.39906, loss_equ:0.88287 loss_pq_vm:0.00535 loss_pq_va:0.13000 loss_pv_va:0.12722
INFO|2024-09-26 15:49:30: Epoch 19/100, lr:  0.00090546, eta: 19.65h, train_loss:  0.48910, valid_loss:  0.48107
INFO|2024-09-26 15:49:30: 	Train: PQ_Vm_rmse: 0.00054064  PQ_Va_rmse: 0.01101539  PV_Va_rmse: 0.01117686  delta_p: 0.06081287  delta_q: 0.01066742  
INFO|2024-09-26 15:49:30: 	ZTest: PQ_Vm_rmse: 0.00035663  PQ_Va_rmse: 0.01554533  PV_Va_rmse: 0.01550567  delta_p: 0.03963407  delta_q: 0.00594610  
INFO|2024-09-26 15:49:30: 	ZTest-ema: PQ_Vm_rmse: 0.000213  PQ_Va_rmse: 0.004645  PV_Va_rmse: 0.004645  delta_p: 0.015460  delta_q: 0.002484  
INFO|2024-09-26 15:49:30: 	           ValOfEMA:0.004645/0.004247,  Epoch:20/19
INFO|2024-09-26 15:49:31: 	Time(ep):884s,  Val(curr/best):0.015545/0.006255,  Epoch(curr/best):20/14
INFO|2024-09-26 15:49:31: -------------------- Epoch: 21 --------------------
INFO|2024-09-26 15:50:48: Epoch[021/100], iter[040/392], loss_total:0.42676, loss_equ:0.83525 loss_pq_vm:0.00483 loss_pq_va:0.14698 loss_pv_va:0.14797
INFO|2024-09-26 15:52:02: Epoch[021/100], iter[079/392], loss_total:0.33747, loss_equ:0.80438 loss_pq_vm:0.00540 loss_pq_va:0.10330 loss_pv_va:0.09973
INFO|2024-09-26 15:53:16: Epoch[021/100], iter[118/392], loss_total:0.46585, loss_equ:0.89880 loss_pq_vm:0.00767 loss_pq_va:0.15097 loss_pv_va:0.14831
INFO|2024-09-26 15:54:29: Epoch[021/100], iter[157/392], loss_total:0.31516, loss_equ:0.78710 loss_pq_vm:0.00628 loss_pq_va:0.08628 loss_pv_va:0.08734
INFO|2024-09-26 15:55:43: Epoch[021/100], iter[196/392], loss_total:0.31793, loss_equ:0.83835 loss_pq_vm:0.00612 loss_pq_va:0.08595 loss_pv_va:0.08699
INFO|2024-09-26 15:56:57: Epoch[021/100], iter[235/392], loss_total:0.35425, loss_equ:0.82135 loss_pq_vm:0.00559 loss_pq_va:0.10968 loss_pv_va:0.10657
INFO|2024-09-26 15:58:11: Epoch[021/100], iter[274/392], loss_total:0.32116, loss_equ:0.97478 loss_pq_vm:0.00642 loss_pq_va:0.07942 loss_pv_va:0.08004
INFO|2024-09-26 15:59:24: Epoch[021/100], iter[313/392], loss_total:0.32467, loss_equ:0.83492 loss_pq_vm:0.00749 loss_pq_va:0.08387 loss_pv_va:0.08243
INFO|2024-09-26 16:00:38: Epoch[021/100], iter[352/392], loss_total:0.34143, loss_equ:0.90245 loss_pq_vm:0.00920 loss_pq_va:0.08069 loss_pv_va:0.07854
INFO|2024-09-26 16:01:53: Epoch[021/100], iter[392/392], loss_total:0.72927, loss_equ:1.59239 loss_pq_vm:0.01280 loss_pq_va:0.20908 loss_pv_va:0.23295
INFO|2024-09-26 16:04:12: Epoch 20/100, lr:  0.00089613, eta: 19.34h, train_loss:  0.36379, valid_loss:  0.75927
INFO|2024-09-26 16:04:12: 	Train: PQ_Vm_rmse: 0.00054734  PQ_Va_rmse: 0.00659145  PV_Va_rmse: 0.00657485  delta_p: 0.03151587  delta_q: 0.00639050  
INFO|2024-09-26 16:04:12: 	ZTest: PQ_Vm_rmse: 0.00105950  PQ_Va_rmse: 0.02649306  PV_Va_rmse: 0.03199779  delta_p: 0.12619686  delta_q: 0.01510620  
INFO|2024-09-26 16:04:12: 	ZTest-ema: PQ_Vm_rmse: 0.000220  PQ_Va_rmse: 0.004078  PV_Va_rmse: 0.003943  delta_p: 0.015159  delta_q: 0.002125  
INFO|2024-09-26 16:04:12: 	           ValOfEMA:0.004078/0.004078,  Epoch:21/21
INFO|2024-09-26 16:04:13: 	Time(ep):881s,  Val(curr/best):0.031998/0.006255,  Epoch(curr/best):21/14
INFO|2024-09-26 16:04:13: -------------------- Epoch: 22 --------------------
INFO|2024-09-26 16:05:31: Epoch[022/100], iter[040/392], loss_total:0.56240, loss_equ:1.24181 loss_pq_vm:0.00724 loss_pq_va:0.18930 loss_pv_va:0.17647
INFO|2024-09-26 16:06:45: Epoch[022/100], iter[079/392], loss_total:0.42482, loss_equ:1.28586 loss_pq_vm:0.00854 loss_pq_va:0.10361 loss_pv_va:0.10720
INFO|2024-09-26 16:07:58: Epoch[022/100], iter[118/392], loss_total:0.46053, loss_equ:1.45564 loss_pq_vm:0.00822 loss_pq_va:0.11397 loss_pv_va:0.11881
INFO|2024-09-26 16:09:12: Epoch[022/100], iter[157/392], loss_total:0.42044, loss_equ:1.25132 loss_pq_vm:0.00733 loss_pq_va:0.10812 loss_pv_va:0.11390
INFO|2024-09-26 16:10:25: Epoch[022/100], iter[196/392], loss_total:0.37702, loss_equ:1.27986 loss_pq_vm:0.00689 loss_pq_va:0.09225 loss_pv_va:0.08786
INFO|2024-09-26 16:11:39: Epoch[022/100], iter[235/392], loss_total:0.34715, loss_equ:0.88395 loss_pq_vm:0.00552 loss_pq_va:0.10095 loss_pv_va:0.10258
INFO|2024-09-26 16:12:53: Epoch[022/100], iter[274/392], loss_total:0.31295, loss_equ:0.84486 loss_pq_vm:0.00556 loss_pq_va:0.08860 loss_pv_va:0.08429
INFO|2024-09-26 16:14:06: Epoch[022/100], iter[313/392], loss_total:0.29652, loss_equ:0.76386 loss_pq_vm:0.00564 loss_pq_va:0.08404 loss_pv_va:0.07969
INFO|2024-09-26 16:15:20: Epoch[022/100], iter[352/392], loss_total:0.30756, loss_equ:0.76255 loss_pq_vm:0.00595 loss_pq_va:0.08835 loss_pv_va:0.08343
INFO|2024-09-26 16:16:35: Epoch[022/100], iter[392/392], loss_total:0.30880, loss_equ:0.73907 loss_pq_vm:0.00602 loss_pq_va:0.08980 loss_pv_va:0.08492
INFO|2024-09-26 16:18:54: Epoch 21/100, lr:  0.00088640, eta: 19.09h, train_loss:  0.39546, valid_loss:  0.34501
INFO|2024-09-26 16:18:55: 	Train: PQ_Vm_rmse: 0.00040440  PQ_Va_rmse: 0.00669516  PV_Va_rmse: 0.00693362  delta_p: 0.05028848  delta_q: 0.00667473  
INFO|2024-09-26 16:18:55: 	ZTest: PQ_Vm_rmse: 0.00042237  PQ_Va_rmse: 0.00619972  PV_Va_rmse: 0.00580111  delta_p: 0.01731569  delta_q: 0.00308845  
INFO|2024-09-26 16:18:55: 	ZTest-ema: PQ_Vm_rmse: 0.000200  PQ_Va_rmse: 0.003779  PV_Va_rmse: 0.003653  delta_p: 0.011997  delta_q: 0.001986  
INFO|2024-09-26 16:18:55: 	           ValOfEMA:0.003779/0.003779,  Epoch:22/22
INFO|2024-09-26 16:18:56: 	Time(ep):881s,  Val(curr/best):0.006200/0.006200,  Epoch(curr/best):22/22
INFO|2024-09-26 16:18:56: -------------------- Epoch: 23 --------------------
INFO|2024-09-26 16:20:13: Epoch[023/100], iter[040/392], loss_total:0.39571, loss_equ:0.91275 loss_pq_vm:0.00604 loss_pq_va:0.12467 loss_pv_va:0.11937
INFO|2024-09-26 16:21:28: Epoch[023/100], iter[079/392], loss_total:0.32068, loss_equ:0.92896 loss_pq_vm:0.00581 loss_pq_va:0.08395 loss_pv_va:0.08576
INFO|2024-09-26 16:22:43: Epoch[023/100], iter[118/392], loss_total:0.35654, loss_equ:0.92181 loss_pq_vm:0.00643 loss_pq_va:0.10225 loss_pv_va:0.09782
INFO|2024-09-26 16:23:58: Epoch[023/100], iter[157/392], loss_total:0.36448, loss_equ:0.83278 loss_pq_vm:0.00460 loss_pq_va:0.11340 loss_pv_va:0.12179
INFO|2024-09-26 16:25:11: Epoch[023/100], iter[196/392], loss_total:0.43901, loss_equ:0.99854 loss_pq_vm:0.00515 loss_pq_va:0.14741 loss_pv_va:0.14022
INFO|2024-09-26 16:26:25: Epoch[023/100], iter[235/392], loss_total:0.32140, loss_equ:0.82026 loss_pq_vm:0.00536 loss_pq_va:0.09469 loss_pv_va:0.09104
INFO|2024-09-26 16:27:39: Epoch[023/100], iter[274/392], loss_total:0.61634, loss_equ:1.47881 loss_pq_vm:0.00836 loss_pq_va:0.20335 loss_pv_va:0.18156
INFO|2024-09-26 16:28:53: Epoch[023/100], iter[313/392], loss_total:0.57559, loss_equ:1.43444 loss_pq_vm:0.01462 loss_pq_va:0.13950 loss_pv_va:0.14645
INFO|2024-09-26 16:30:07: Epoch[023/100], iter[352/392], loss_total:0.44062, loss_equ:1.54627 loss_pq_vm:0.00739 loss_pq_va:0.10557 loss_pv_va:0.10652
INFO|2024-09-26 16:31:23: Epoch[023/100], iter[392/392], loss_total:0.55404, loss_equ:1.17059 loss_pq_vm:0.00623 loss_pq_va:0.18853 loss_pv_va:0.18618
INFO|2024-09-26 16:33:42: Epoch 22/100, lr:  0.00087630, eta: 18.95h, train_loss:  0.40313, valid_loss:  0.53609
INFO|2024-09-26 16:33:42: 	Train: PQ_Vm_rmse: 0.00039710  PQ_Va_rmse: 0.00772680  PV_Va_rmse: 0.00769461  delta_p: 0.04145809  delta_q: 0.00615001  
INFO|2024-09-26 16:33:42: 	ZTest: PQ_Vm_rmse: 0.00044112  PQ_Va_rmse: 0.01533247  PV_Va_rmse: 0.01586985  delta_p: 0.04881923  delta_q: 0.00620148  
INFO|2024-09-26 16:33:42: 	ZTest-ema: PQ_Vm_rmse: 0.000183  PQ_Va_rmse: 0.003709  PV_Va_rmse: 0.003625  delta_p: 0.019203  delta_q: 0.002299  
INFO|2024-09-26 16:33:42: 	           ValOfEMA:0.003709/0.003709,  Epoch:23/23
INFO|2024-09-26 16:33:43: 	Time(ep):886s,  Val(curr/best):0.015870/0.006200,  Epoch(curr/best):23/22
INFO|2024-09-26 16:33:43: -------------------- Epoch: 24 --------------------
INFO|2024-09-26 16:35:00: Epoch[024/100], iter[040/392], loss_total:0.31732, loss_equ:0.89662 loss_pq_vm:0.00582 loss_pq_va:0.08425 loss_pv_va:0.08524
INFO|2024-09-26 16:36:15: Epoch[024/100], iter[079/392], loss_total:0.33991, loss_equ:0.97342 loss_pq_vm:0.00540 loss_pq_va:0.09490 loss_pv_va:0.09366
INFO|2024-09-26 16:37:28: Epoch[024/100], iter[118/392], loss_total:0.35162, loss_equ:1.01133 loss_pq_vm:0.00718 loss_pq_va:0.09090 loss_pv_va:0.08774
INFO|2024-09-26 16:38:42: Epoch[024/100], iter[157/392], loss_total:0.29232, loss_equ:0.77808 loss_pq_vm:0.00504 loss_pq_va:0.08278 loss_pv_va:0.08134
INFO|2024-09-26 16:39:56: Epoch[024/100], iter[196/392], loss_total:0.29812, loss_equ:0.79822 loss_pq_vm:0.00517 loss_pq_va:0.08464 loss_pv_va:0.08196
INFO|2024-09-26 16:41:09: Epoch[024/100], iter[235/392], loss_total:0.31712, loss_equ:0.87568 loss_pq_vm:0.00543 loss_pq_va:0.08767 loss_pv_va:0.08762
INFO|2024-09-26 16:42:23: Epoch[024/100], iter[274/392], loss_total:0.49100, loss_equ:1.73119 loss_pq_vm:0.00616 loss_pq_va:0.12362 loss_pv_va:0.13263
INFO|2024-09-26 16:43:37: Epoch[024/100], iter[313/392], loss_total:0.54807, loss_equ:1.54516 loss_pq_vm:0.00852 loss_pq_va:0.16219 loss_pv_va:0.14621
INFO|2024-09-26 16:44:51: Epoch[024/100], iter[352/392], loss_total:0.39103, loss_equ:0.98689 loss_pq_vm:0.00497 loss_pq_va:0.12666 loss_pv_va:0.11596
INFO|2024-09-26 16:46:06: Epoch[024/100], iter[392/392], loss_total:0.38840, loss_equ:1.46102 loss_pq_vm:0.00609 loss_pq_va:0.08968 loss_pv_va:0.09172
INFO|2024-09-26 16:48:26: Epoch 23/100, lr:  0.00086584, eta: 18.64h, train_loss:  0.39160, valid_loss:  0.41366
INFO|2024-09-26 16:48:26: 	Train: PQ_Vm_rmse: 0.00032085  PQ_Va_rmse: 0.00759743  PV_Va_rmse: 0.00722512  delta_p: 0.04215745  delta_q: 0.00670442  
INFO|2024-09-26 16:48:26: 	ZTest: PQ_Vm_rmse: 0.00027702  PQ_Va_rmse: 0.00659097  PV_Va_rmse: 0.00552412  delta_p: 0.06658215  delta_q: 0.00597898  
INFO|2024-09-26 16:48:26: 	ZTest-ema: PQ_Vm_rmse: 0.000173  PQ_Va_rmse: 0.003882  PV_Va_rmse: 0.003512  delta_p: 0.040428  delta_q: 0.004038  
INFO|2024-09-26 16:48:26: 	           ValOfEMA:0.003882/0.003709,  Epoch:24/23
INFO|2024-09-26 16:48:27: 	Time(ep):883s,  Val(curr/best):0.006591/0.006200,  Epoch(curr/best):24/22
INFO|2024-09-26 16:48:27: -------------------- Epoch: 25 --------------------
INFO|2024-09-26 16:49:45: Epoch[025/100], iter[040/392], loss_total:0.44320, loss_equ:1.15543 loss_pq_vm:0.00727 loss_pq_va:0.13273 loss_pv_va:0.12219
INFO|2024-09-26 16:51:00: Epoch[025/100], iter[079/392], loss_total:0.30666, loss_equ:0.85960 loss_pq_vm:0.00578 loss_pq_va:0.08253 loss_pv_va:0.08041
INFO|2024-09-26 16:52:14: Epoch[025/100], iter[118/392], loss_total:0.32784, loss_equ:0.95604 loss_pq_vm:0.00627 loss_pq_va:0.08268 loss_pv_va:0.08681
INFO|2024-09-26 16:53:27: Epoch[025/100], iter[157/392], loss_total:0.33333, loss_equ:0.88786 loss_pq_vm:0.00718 loss_pq_va:0.08656 loss_pv_va:0.08622
INFO|2024-09-26 16:54:41: Epoch[025/100], iter[196/392], loss_total:0.43049, loss_equ:1.13093 loss_pq_vm:0.01006 loss_pq_va:0.11042 loss_pv_va:0.10632
INFO|2024-09-26 16:55:55: Epoch[025/100], iter[235/392], loss_total:0.35897, loss_equ:1.15894 loss_pq_vm:0.00558 loss_pq_va:0.09429 loss_pv_va:0.09293
INFO|2024-09-26 16:57:10: Epoch[025/100], iter[274/392], loss_total:0.44637, loss_equ:1.44930 loss_pq_vm:0.00706 loss_pq_va:0.11060 loss_pv_va:0.12025
INFO|2024-09-26 16:58:24: Epoch[025/100], iter[313/392], loss_total:0.32790, loss_equ:0.94967 loss_pq_vm:0.00531 loss_pq_va:0.08853 loss_pv_va:0.09132
INFO|2024-09-26 16:59:38: Epoch[025/100], iter[352/392], loss_total:0.51571, loss_equ:1.03632 loss_pq_vm:0.00567 loss_pq_va:0.18004 loss_pv_va:0.17533
INFO|2024-09-26 17:00:53: Epoch[025/100], iter[392/392], loss_total:0.33791, loss_equ:0.92197 loss_pq_vm:0.00617 loss_pq_va:0.09447 loss_pv_va:0.08950
INFO|2024-09-26 17:03:12: Epoch 24/100, lr:  0.00085502, eta: 18.44h, train_loss:  0.37321, valid_loss:  0.40684
INFO|2024-09-26 17:03:12: 	Train: PQ_Vm_rmse: 0.00037758  PQ_Va_rmse: 0.00573721  PV_Va_rmse: 0.00572062  delta_p: 0.04228194  delta_q: 0.00642501  
INFO|2024-09-26 17:03:12: 	ZTest: PQ_Vm_rmse: 0.00035778  PQ_Va_rmse: 0.01068407  PV_Va_rmse: 0.00981883  delta_p: 0.03293939  delta_q: 0.00700403  
INFO|2024-09-26 17:03:12: 	ZTest-ema: PQ_Vm_rmse: 0.000183  PQ_Va_rmse: 0.003158  PV_Va_rmse: 0.003133  delta_p: 0.013954  delta_q: 0.002365  
INFO|2024-09-26 17:03:12: 	           ValOfEMA:0.003158/0.003158,  Epoch:25/25
INFO|2024-09-26 17:03:13: 	Time(ep):884s,  Val(curr/best):0.010684/0.006200,  Epoch(curr/best):25/22
INFO|2024-09-26 17:03:13: -------------------- Epoch: 26 --------------------
INFO|2024-09-26 17:04:30: Epoch[026/100], iter[040/392], loss_total:0.32881, loss_equ:0.88478 loss_pq_vm:0.00463 loss_pq_va:0.10110 loss_pv_va:0.09291
INFO|2024-09-26 17:05:44: Epoch[026/100], iter[079/392], loss_total:0.38169, loss_equ:1.17334 loss_pq_vm:0.00481 loss_pq_va:0.10945 loss_pv_va:0.10682
INFO|2024-09-26 17:06:58: Epoch[026/100], iter[118/392], loss_total:0.27873, loss_equ:0.84099 loss_pq_vm:0.00445 loss_pq_va:0.07640 loss_pv_va:0.07372
INFO|2024-09-26 17:08:12: Epoch[026/100], iter[157/392], loss_total:0.30332, loss_equ:0.83531 loss_pq_vm:0.00644 loss_pq_va:0.07915 loss_pv_va:0.07624
INFO|2024-09-26 17:09:26: Epoch[026/100], iter[196/392], loss_total:0.47783, loss_equ:1.59011 loss_pq_vm:0.00596 loss_pq_va:0.12106 loss_pv_va:0.13818
INFO|2024-09-26 17:10:40: Epoch[026/100], iter[235/392], loss_total:0.44687, loss_equ:1.04250 loss_pq_vm:0.00932 loss_pq_va:0.12726 loss_pv_va:0.12213
INFO|2024-09-26 17:11:54: Epoch[026/100], iter[274/392], loss_total:0.38449, loss_equ:1.01422 loss_pq_vm:0.00520 loss_pq_va:0.12130 loss_pv_va:0.10977
INFO|2024-09-26 17:13:08: Epoch[026/100], iter[313/392], loss_total:0.32855, loss_equ:0.88958 loss_pq_vm:0.00563 loss_pq_va:0.09246 loss_pv_va:0.09083
INFO|2024-09-26 17:14:22: Epoch[026/100], iter[352/392], loss_total:0.31079, loss_equ:0.84508 loss_pq_vm:0.00686 loss_pq_va:0.07941 loss_pv_va:0.07825
INFO|2024-09-26 17:15:38: Epoch[026/100], iter[392/392], loss_total:0.30458, loss_equ:0.93780 loss_pq_vm:0.00539 loss_pq_va:0.07734 loss_pv_va:0.07952
INFO|2024-09-26 17:17:57: Epoch 25/100, lr:  0.00084385, eta: 18.17h, train_loss:  0.36216, valid_loss:  0.36800
INFO|2024-09-26 17:17:57: 	Train: PQ_Vm_rmse: 0.00034657  PQ_Va_rmse: 0.00592026  PV_Va_rmse: 0.00571936  delta_p: 0.03701605  delta_q: 0.00605039  
INFO|2024-09-26 17:17:57: 	ZTest: PQ_Vm_rmse: 0.00082254  PQ_Va_rmse: 0.00498328  PV_Va_rmse: 0.00483731  delta_p: 0.02986339  delta_q: 0.00983332  
INFO|2024-09-26 17:17:57: 	ZTest-ema: PQ_Vm_rmse: 0.000158  PQ_Va_rmse: 0.003004  PV_Va_rmse: 0.002987  delta_p: 0.021635  delta_q: 0.002320  
INFO|2024-09-26 17:17:57: 	           ValOfEMA:0.003004/0.003004,  Epoch:26/26
INFO|2024-09-26 17:17:58: 	Time(ep):883s,  Val(curr/best):0.004983/0.004983,  Epoch(curr/best):26/26
INFO|2024-09-26 17:17:58: -------------------- Epoch: 27 --------------------
INFO|2024-09-26 17:19:15: Epoch[027/100], iter[040/392], loss_total:0.27021, loss_equ:0.79020 loss_pq_vm:0.00516 loss_pq_va:0.07001 loss_pv_va:0.06958
INFO|2024-09-26 17:20:29: Epoch[027/100], iter[079/392], loss_total:0.28529, loss_equ:0.77948 loss_pq_vm:0.00656 loss_pq_va:0.07030 loss_pv_va:0.07141
INFO|2024-09-26 17:21:43: Epoch[027/100], iter[118/392], loss_total:0.29944, loss_equ:0.81871 loss_pq_vm:0.00560 loss_pq_va:0.07997 loss_pv_va:0.08159
INFO|2024-09-26 17:22:56: Epoch[027/100], iter[157/392], loss_total:0.26840, loss_equ:0.76271 loss_pq_vm:0.00474 loss_pq_va:0.07372 loss_pv_va:0.07105
INFO|2024-09-26 17:24:10: Epoch[027/100], iter[196/392], loss_total:0.25761, loss_equ:0.69360 loss_pq_vm:0.00455 loss_pq_va:0.07321 loss_pv_va:0.06957
INFO|2024-09-26 17:25:23: Epoch[027/100], iter[235/392], loss_total:0.26211, loss_equ:0.68595 loss_pq_vm:0.00560 loss_pq_va:0.06989 loss_pv_va:0.06759
INFO|2024-09-26 17:26:37: Epoch[027/100], iter[274/392], loss_total:0.40108, loss_equ:1.17180 loss_pq_vm:0.00584 loss_pq_va:0.11383 loss_pv_va:0.11165
INFO|2024-09-26 17:27:51: Epoch[027/100], iter[313/392], loss_total:0.43797, loss_equ:1.03935 loss_pq_vm:0.00587 loss_pq_va:0.14343 loss_pv_va:0.13186
INFO|2024-09-26 17:29:05: Epoch[027/100], iter[352/392], loss_total:0.32034, loss_equ:0.87526 loss_pq_vm:0.00653 loss_pq_va:0.08684 loss_pv_va:0.08068
INFO|2024-09-26 17:30:21: Epoch[027/100], iter[392/392], loss_total:0.34357, loss_equ:1.12594 loss_pq_vm:0.00648 loss_pq_va:0.08474 loss_pv_va:0.08144
INFO|2024-09-26 17:32:40: Epoch 26/100, lr:  0.00083235, eta: 17.88h, train_loss:  0.32213, valid_loss:  0.36391
INFO|2024-09-26 17:32:40: 	Train: PQ_Vm_rmse: 0.00029447  PQ_Va_rmse: 0.00502172  PV_Va_rmse: 0.00459920  delta_p: 0.03123674  delta_q: 0.00461428  
INFO|2024-09-26 17:32:40: 	ZTest: PQ_Vm_rmse: 0.00037185  PQ_Va_rmse: 0.00404171  PV_Va_rmse: 0.00357946  delta_p: 0.02887539  delta_q: 0.00676377  
INFO|2024-09-26 17:32:40: 	ZTest-ema: PQ_Vm_rmse: 0.000145  PQ_Va_rmse: 0.002952  PV_Va_rmse: 0.002627  delta_p: 0.028150  delta_q: 0.002966  
INFO|2024-09-26 17:32:40: 	           ValOfEMA:0.002952/0.002952,  Epoch:27/27
INFO|2024-09-26 17:32:42: 	Time(ep):881s,  Val(curr/best):0.004042/0.004042,  Epoch(curr/best):27/27
INFO|2024-09-26 17:32:42: -------------------- Epoch: 28 --------------------
INFO|2024-09-26 17:33:58: Epoch[028/100], iter[040/392], loss_total:0.31083, loss_equ:0.99313 loss_pq_vm:0.00677 loss_pq_va:0.07245 loss_pv_va:0.07139
INFO|2024-09-26 17:35:10: Epoch[028/100], iter[079/392], loss_total:0.33162, loss_equ:0.82695 loss_pq_vm:0.00582 loss_pq_va:0.09421 loss_pv_va:0.09652
INFO|2024-09-26 17:36:23: Epoch[028/100], iter[118/392], loss_total:0.31400, loss_equ:0.74733 loss_pq_vm:0.00604 loss_pq_va:0.08861 loss_pv_va:0.09021
INFO|2024-09-26 17:37:36: Epoch[028/100], iter[157/392], loss_total:0.38442, loss_equ:0.94987 loss_pq_vm:0.01344 loss_pq_va:0.07812 loss_pv_va:0.07694
INFO|2024-09-26 17:38:49: Epoch[028/100], iter[196/392], loss_total:0.32332, loss_equ:0.84898 loss_pq_vm:0.00545 loss_pq_va:0.09363 loss_pv_va:0.09031
INFO|2024-09-26 17:40:01: Epoch[028/100], iter[235/392], loss_total:0.29239, loss_equ:0.84605 loss_pq_vm:0.00578 loss_pq_va:0.07613 loss_pv_va:0.07381
INFO|2024-09-26 17:41:14: Epoch[028/100], iter[274/392], loss_total:0.34632, loss_equ:0.84454 loss_pq_vm:0.01114 loss_pq_va:0.07391 loss_pv_va:0.07660
INFO|2024-09-26 17:42:27: Epoch[028/100], iter[313/392], loss_total:0.56439, loss_equ:1.47782 loss_pq_vm:0.01289 loss_pq_va:0.14053 loss_pv_va:0.14717
INFO|2024-09-26 17:43:39: Epoch[028/100], iter[352/392], loss_total:0.35005, loss_equ:0.96233 loss_pq_vm:0.00643 loss_pq_va:0.09460 loss_pv_va:0.09493
INFO|2024-09-26 17:44:53: Epoch[028/100], iter[392/392], loss_total:0.26687, loss_equ:0.70845 loss_pq_vm:0.00464 loss_pq_va:0.07512 loss_pv_va:0.07454
INFO|2024-09-26 17:47:11: Epoch 27/100, lr:  0.00082052, eta: 17.38h, train_loss:  0.34740, valid_loss:  0.30903
INFO|2024-09-26 17:47:11: 	Train: PQ_Vm_rmse: 0.00036685  PQ_Va_rmse: 0.00531194  PV_Va_rmse: 0.00542449  delta_p: 0.02699050  delta_q: 0.00555103  
INFO|2024-09-26 17:47:11: 	ZTest: PQ_Vm_rmse: 0.00021028  PQ_Va_rmse: 0.00509291  PV_Va_rmse: 0.00498594  delta_p: 0.01738899  delta_q: 0.00246984  
INFO|2024-09-26 17:47:11: 	ZTest-ema: PQ_Vm_rmse: 0.000158  PQ_Va_rmse: 0.002749  PV_Va_rmse: 0.002793  delta_p: 0.012036  delta_q: 0.001898  
INFO|2024-09-26 17:47:11: 	           ValOfEMA:0.002793/0.002793,  Epoch:28/28
INFO|2024-09-26 17:47:11: 	Time(ep):869s,  Val(curr/best):0.005093/0.004042,  Epoch(curr/best):28/27
INFO|2024-09-26 17:47:11: -------------------- Epoch: 29 --------------------
INFO|2024-09-26 17:48:27: Epoch[029/100], iter[040/392], loss_total:0.24620, loss_equ:0.64501 loss_pq_vm:0.00437 loss_pq_va:0.06960 loss_pv_va:0.06839
INFO|2024-09-26 17:49:40: Epoch[029/100], iter[079/392], loss_total:0.24757, loss_equ:0.65823 loss_pq_vm:0.00444 loss_pq_va:0.06999 loss_pv_va:0.06733
INFO|2024-09-26 17:50:52: Epoch[029/100], iter[118/392], loss_total:0.36258, loss_equ:0.81166 loss_pq_vm:0.00516 loss_pq_va:0.11892 loss_pv_va:0.11085
INFO|2024-09-26 17:52:05: Epoch[029/100], iter[157/392], loss_total:0.35278, loss_equ:0.92969 loss_pq_vm:0.00513 loss_pq_va:0.10581 loss_pv_va:0.10271
INFO|2024-09-26 17:53:17: Epoch[029/100], iter[196/392], loss_total:0.29042, loss_equ:0.87285 loss_pq_vm:0.00471 loss_pq_va:0.07961 loss_pv_va:0.07648
INFO|2024-09-26 17:54:29: Epoch[029/100], iter[235/392], loss_total:0.26124, loss_equ:0.68734 loss_pq_vm:0.00519 loss_pq_va:0.07020 loss_pv_va:0.07038
INFO|2024-09-26 17:55:42: Epoch[029/100], iter[274/392], loss_total:0.24744, loss_equ:0.64202 loss_pq_vm:0.00477 loss_pq_va:0.06818 loss_pv_va:0.06731
INFO|2024-09-26 17:56:56: Epoch[029/100], iter[313/392], loss_total:0.26839, loss_equ:0.62919 loss_pq_vm:0.00460 loss_pq_va:0.08081 loss_pv_va:0.07864
INFO|2024-09-26 17:58:08: Epoch[029/100], iter[352/392], loss_total:0.27543, loss_equ:0.64448 loss_pq_vm:0.00467 loss_pq_va:0.08170 loss_pv_va:0.08263
INFO|2024-09-26 17:59:22: Epoch[029/100], iter[392/392], loss_total:0.32852, loss_equ:0.68524 loss_pq_vm:0.00463 loss_pq_va:0.10671 loss_pv_va:0.10694
INFO|2024-09-26 18:01:40: Epoch 28/100, lr:  0.00080839, eta: 17.14h, train_loss:  0.27665, valid_loss:  0.30959
INFO|2024-09-26 18:01:40: 	Train: PQ_Vm_rmse: 0.00020688  PQ_Va_rmse: 0.00451929  PV_Va_rmse: 0.00436721  delta_p: 0.01827322  delta_q: 0.00311076  
INFO|2024-09-26 18:01:40: 	ZTest: PQ_Vm_rmse: 0.00028636  PQ_Va_rmse: 0.00631735  PV_Va_rmse: 0.00612918  delta_p: 0.01543121  delta_q: 0.00462363  
INFO|2024-09-26 18:01:40: 	ZTest-ema: PQ_Vm_rmse: 0.000136  PQ_Va_rmse: 0.002255  PV_Va_rmse: 0.002225  delta_p: 0.007067  delta_q: 0.001502  
INFO|2024-09-26 18:01:40: 	           ValOfEMA:0.002255/0.002255,  Epoch:29/29
INFO|2024-09-26 18:01:41: 	Time(ep):868s,  Val(curr/best):0.006317/0.004042,  Epoch(curr/best):29/27
INFO|2024-09-26 18:01:41: -------------------- Epoch: 30 --------------------
INFO|2024-09-26 18:02:56: Epoch[030/100], iter[040/392], loss_total:0.30551, loss_equ:0.85450 loss_pq_vm:0.00464 loss_pq_va:0.09090 loss_pv_va:0.08279
INFO|2024-09-26 18:04:10: Epoch[030/100], iter[079/392], loss_total:0.30200, loss_equ:0.73659 loss_pq_vm:0.00693 loss_pq_va:0.07897 loss_pv_va:0.08007
INFO|2024-09-26 18:05:22: Epoch[030/100], iter[118/392], loss_total:0.50792, loss_equ:1.09981 loss_pq_vm:0.01189 loss_pq_va:0.13001 loss_pv_va:0.14903
INFO|2024-09-26 18:06:35: Epoch[030/100], iter[157/392], loss_total:0.38055, loss_equ:1.08179 loss_pq_vm:0.00621 loss_pq_va:0.10299 loss_pv_va:0.10729
INFO|2024-09-26 18:07:48: Epoch[030/100], iter[196/392], loss_total:0.27506, loss_equ:0.79773 loss_pq_vm:0.00526 loss_pq_va:0.07140 loss_pv_va:0.07132
INFO|2024-09-26 18:09:00: Epoch[030/100], iter[235/392], loss_total:0.32831, loss_equ:0.81245 loss_pq_vm:0.00825 loss_pq_va:0.08300 loss_pv_va:0.08157
INFO|2024-09-26 18:10:13: Epoch[030/100], iter[274/392], loss_total:0.28885, loss_equ:0.76262 loss_pq_vm:0.00490 loss_pq_va:0.08118 loss_pv_va:0.08239
INFO|2024-09-26 18:11:25: Epoch[030/100], iter[313/392], loss_total:0.35841, loss_equ:0.69341 loss_pq_vm:0.00435 loss_pq_va:0.12532 loss_pv_va:0.12030
INFO|2024-09-26 18:12:38: Epoch[030/100], iter[352/392], loss_total:0.36344, loss_equ:0.99561 loss_pq_vm:0.00478 loss_pq_va:0.10954 loss_pv_va:0.10652
INFO|2024-09-26 18:13:53: Epoch[030/100], iter[392/392], loss_total:0.28589, loss_equ:0.90917 loss_pq_vm:0.00471 loss_pq_va:0.07120 loss_pv_va:0.07666
INFO|2024-09-26 18:16:11: Epoch 29/100, lr:  0.00079595, eta: 16.91h, train_loss:  0.32375, valid_loss:  0.31955
INFO|2024-09-26 18:16:11: 	Train: PQ_Vm_rmse: 0.00029840  PQ_Va_rmse: 0.00541162  PV_Va_rmse: 0.00551044  delta_p: 0.02254843  delta_q: 0.00416896  
INFO|2024-09-26 18:16:11: 	ZTest: PQ_Vm_rmse: 0.00035968  PQ_Va_rmse: 0.00339963  PV_Va_rmse: 0.00338546  delta_p: 0.03404918  delta_q: 0.00349729  
INFO|2024-09-26 18:16:11: 	ZTest-ema: PQ_Vm_rmse: 0.000132  PQ_Va_rmse: 0.002470  PV_Va_rmse: 0.002439  delta_p: 0.010062  delta_q: 0.001401  
INFO|2024-09-26 18:16:11: 	           ValOfEMA:0.002470/0.002255,  Epoch:30/29
INFO|2024-09-26 18:16:12: 	Time(ep):869s,  Val(curr/best):0.003400/0.003400,  Epoch(curr/best):30/30
INFO|2024-09-26 18:16:12: -------------------- Epoch: 31 --------------------
INFO|2024-09-26 18:17:29: Epoch[031/100], iter[040/392], loss_total:0.66142, loss_equ:1.71223 loss_pq_vm:0.01642 loss_pq_va:0.15269 loss_pv_va:0.17330
INFO|2024-09-26 18:18:41: Epoch[031/100], iter[079/392], loss_total:0.33706, loss_equ:0.86312 loss_pq_vm:0.00562 loss_pq_va:0.09902 loss_pv_va:0.09553
INFO|2024-09-26 18:19:53: Epoch[031/100], iter[118/392], loss_total:0.34312, loss_equ:1.18180 loss_pq_vm:0.00608 loss_pq_va:0.08618 loss_pv_va:0.07796
INFO|2024-09-26 18:21:06: Epoch[031/100], iter[157/392], loss_total:0.29517, loss_equ:0.78893 loss_pq_vm:0.00503 loss_pq_va:0.08287 loss_pv_va:0.08313
INFO|2024-09-26 18:22:19: Epoch[031/100], iter[196/392], loss_total:0.29458, loss_equ:0.73072 loss_pq_vm:0.00557 loss_pq_va:0.08246 loss_pv_va:0.08339
INFO|2024-09-26 18:23:31: Epoch[031/100], iter[235/392], loss_total:0.27073, loss_equ:0.77287 loss_pq_vm:0.00461 loss_pq_va:0.07337 loss_pv_va:0.07398
INFO|2024-09-26 18:24:44: Epoch[031/100], iter[274/392], loss_total:0.42637, loss_equ:1.12534 loss_pq_vm:0.00606 loss_pq_va:0.12679 loss_pv_va:0.12644
INFO|2024-09-26 18:25:57: Epoch[031/100], iter[313/392], loss_total:0.28718, loss_equ:0.79303 loss_pq_vm:0.00507 loss_pq_va:0.07795 loss_pv_va:0.07919
INFO|2024-09-26 18:27:09: Epoch[031/100], iter[352/392], loss_total:0.29955, loss_equ:0.83580 loss_pq_vm:0.00731 loss_pq_va:0.07170 loss_pv_va:0.07118
INFO|2024-09-26 18:28:23: Epoch[031/100], iter[392/392], loss_total:0.31654, loss_equ:0.85249 loss_pq_vm:0.00793 loss_pq_va:0.07489 loss_pv_va:0.07713
INFO|2024-09-26 18:30:41: Epoch 30/100, lr:  0.00078323, eta: 16.65h, train_loss:  0.33138, valid_loss:  0.36130
INFO|2024-09-26 18:30:41: 	Train: PQ_Vm_rmse: 0.00030938  PQ_Va_rmse: 0.00467219  PV_Va_rmse: 0.00469073  delta_p: 0.02956252  delta_q: 0.00484135  
INFO|2024-09-26 18:30:41: 	ZTest: PQ_Vm_rmse: 0.00079988  PQ_Va_rmse: 0.00422352  PV_Va_rmse: 0.00491678  delta_p: 0.03547732  delta_q: 0.00613317  
INFO|2024-09-26 18:30:41: 	ZTest-ema: PQ_Vm_rmse: 0.000149  PQ_Va_rmse: 0.002561  PV_Va_rmse: 0.002576  delta_p: 0.012484  delta_q: 0.002119  
INFO|2024-09-26 18:30:41: 	           ValOfEMA:0.002576/0.002255,  Epoch:31/29
INFO|2024-09-26 18:30:42: 	Time(ep):868s,  Val(curr/best):0.004917/0.003400,  Epoch(curr/best):31/30
INFO|2024-09-26 18:30:42: -------------------- Epoch: 32 --------------------
INFO|2024-09-26 18:31:58: Epoch[032/100], iter[040/392], loss_total:0.29603, loss_equ:0.82957 loss_pq_vm:0.00778 loss_pq_va:0.06771 loss_pv_va:0.06758
INFO|2024-09-26 18:33:10: Epoch[032/100], iter[079/392], loss_total:0.24817, loss_equ:0.66189 loss_pq_vm:0.00436 loss_pq_va:0.07036 loss_pv_va:0.06804
INFO|2024-09-26 18:34:22: Epoch[032/100], iter[118/392], loss_total:0.24981, loss_equ:0.73939 loss_pq_vm:0.00435 loss_pq_va:0.06679 loss_pv_va:0.06553
INFO|2024-09-26 18:35:35: Epoch[032/100], iter[157/392], loss_total:0.22700, loss_equ:0.64176 loss_pq_vm:0.00404 loss_pq_va:0.06105 loss_pv_va:0.06137
INFO|2024-09-26 18:36:47: Epoch[032/100], iter[196/392], loss_total:0.26932, loss_equ:0.74868 loss_pq_vm:0.00664 loss_pq_va:0.06456 loss_pv_va:0.06348
INFO|2024-09-26 18:38:00: Epoch[032/100], iter[235/392], loss_total:0.30209, loss_equ:0.93332 loss_pq_vm:0.00612 loss_pq_va:0.07356 loss_pv_va:0.07403
INFO|2024-09-26 18:39:13: Epoch[032/100], iter[274/392], loss_total:0.29849, loss_equ:1.02451 loss_pq_vm:0.00429 loss_pq_va:0.07793 loss_pv_va:0.07522
INFO|2024-09-26 18:40:27: Epoch[032/100], iter[313/392], loss_total:0.29079, loss_equ:0.75020 loss_pq_vm:0.00565 loss_pq_va:0.07973 loss_pv_va:0.07957
INFO|2024-09-26 18:41:40: Epoch[032/100], iter[352/392], loss_total:0.30569, loss_equ:0.97951 loss_pq_vm:0.00622 loss_pq_va:0.07459 loss_pv_va:0.07096
INFO|2024-09-26 18:42:54: Epoch[032/100], iter[392/392], loss_total:0.31751, loss_equ:1.05705 loss_pq_vm:0.00504 loss_pq_va:0.08011 loss_pv_va:0.08127
INFO|2024-09-26 18:45:11: Epoch 31/100, lr:  0.00077023, eta: 16.42h, train_loss:  0.31217, valid_loss:  0.34973
INFO|2024-09-26 18:45:11: 	Train: PQ_Vm_rmse: 0.00025772  PQ_Va_rmse: 0.00503997  PV_Va_rmse: 0.00482456  delta_p: 0.02975731  delta_q: 0.00429650  
INFO|2024-09-26 18:45:11: 	ZTest: PQ_Vm_rmse: 0.00034786  PQ_Va_rmse: 0.00433185  PV_Va_rmse: 0.00516065  delta_p: 0.05144278  delta_q: 0.00488252  
INFO|2024-09-26 18:45:11: 	ZTest-ema: PQ_Vm_rmse: 0.000158  PQ_Va_rmse: 0.002313  PV_Va_rmse: 0.002206  delta_p: 0.033918  delta_q: 0.003057  
INFO|2024-09-26 18:45:11: 	           ValOfEMA:0.002313/0.002255,  Epoch:32/29
INFO|2024-09-26 18:45:12: 	Time(ep):869s,  Val(curr/best):0.005161/0.003400,  Epoch(curr/best):32/30
INFO|2024-09-26 18:45:12: -------------------- Epoch: 33 --------------------
INFO|2024-09-26 18:46:28: Epoch[033/100], iter[040/392], loss_total:0.28488, loss_equ:0.77377 loss_pq_vm:0.00464 loss_pq_va:0.08039 loss_pv_va:0.08070
INFO|2024-09-26 18:47:41: Epoch[033/100], iter[079/392], loss_total:0.22759, loss_equ:0.62282 loss_pq_vm:0.00493 loss_pq_va:0.05854 loss_pv_va:0.05747
INFO|2024-09-26 18:48:54: Epoch[033/100], iter[118/392], loss_total:0.28143, loss_equ:0.61572 loss_pq_vm:0.00503 loss_pq_va:0.08460 loss_pv_va:0.08492
INFO|2024-09-26 18:50:06: Epoch[033/100], iter[157/392], loss_total:0.27225, loss_equ:0.62440 loss_pq_vm:0.00539 loss_pq_va:0.07747 loss_pv_va:0.07844
INFO|2024-09-26 18:51:19: Epoch[033/100], iter[196/392], loss_total:0.33079, loss_equ:0.86615 loss_pq_vm:0.00503 loss_pq_va:0.10019 loss_pv_va:0.09369
INFO|2024-09-26 18:52:32: Epoch[033/100], iter[235/392], loss_total:0.30040, loss_equ:0.89845 loss_pq_vm:0.00670 loss_pq_va:0.07410 loss_pv_va:0.06940
INFO|2024-09-26 18:53:45: Epoch[033/100], iter[274/392], loss_total:0.31741, loss_equ:1.02890 loss_pq_vm:0.00904 loss_pq_va:0.06000 loss_pv_va:0.06411
INFO|2024-09-26 18:54:59: Epoch[033/100], iter[313/392], loss_total:0.24826, loss_equ:0.70565 loss_pq_vm:0.00517 loss_pq_va:0.06392 loss_pv_va:0.06211
INFO|2024-09-26 18:56:14: Epoch[033/100], iter[352/392], loss_total:0.55752, loss_equ:1.08623 loss_pq_vm:0.01649 loss_pq_va:0.13095 loss_pv_va:0.15302
INFO|2024-09-26 18:57:29: Epoch[033/100], iter[392/392], loss_total:0.30860, loss_equ:0.87193 loss_pq_vm:0.00537 loss_pq_va:0.08547 loss_pv_va:0.08225
INFO|2024-09-26 18:59:46: Epoch 32/100, lr:  0.00075698, eta: 16.28h, train_loss:  0.31133, valid_loss:  0.30373
INFO|2024-09-26 18:59:46: 	Train: PQ_Vm_rmse: 0.00030955  PQ_Va_rmse: 0.00455888  PV_Va_rmse: 0.00459184  delta_p: 0.02437587  delta_q: 0.00449233  
INFO|2024-09-26 18:59:46: 	ZTest: PQ_Vm_rmse: 0.00020196  PQ_Va_rmse: 0.00330354  PV_Va_rmse: 0.00314138  delta_p: 0.01815616  delta_q: 0.00266646  
INFO|2024-09-26 18:59:46: 	ZTest-ema: PQ_Vm_rmse: 0.000176  PQ_Va_rmse: 0.002251  PV_Va_rmse: 0.002222  delta_p: 0.013760  delta_q: 0.002207  
INFO|2024-09-26 18:59:46: 	           ValOfEMA:0.002251/0.002251,  Epoch:33/33
INFO|2024-09-26 18:59:47: 	Time(ep):874s,  Val(curr/best):0.003304/0.003304,  Epoch(curr/best):33/33
INFO|2024-09-26 18:59:47: -------------------- Epoch: 34 --------------------
INFO|2024-09-26 19:01:04: Epoch[034/100], iter[040/392], loss_total:0.33535, loss_equ:0.85568 loss_pq_vm:0.00482 loss_pq_va:0.10228 loss_pv_va:0.09931
INFO|2024-09-26 19:02:16: Epoch[034/100], iter[079/392], loss_total:0.25012, loss_equ:0.72920 loss_pq_vm:0.00573 loss_pq_va:0.06007 loss_pv_va:0.05979
INFO|2024-09-26 19:03:30: Epoch[034/100], iter[118/392], loss_total:0.35097, loss_equ:0.93196 loss_pq_vm:0.00507 loss_pq_va:0.10354 loss_pv_va:0.10355
INFO|2024-09-26 19:04:42: Epoch[034/100], iter[157/392], loss_total:0.37874, loss_equ:0.86423 loss_pq_vm:0.00605 loss_pq_va:0.11623 loss_pv_va:0.11560
INFO|2024-09-26 19:05:55: Epoch[034/100], iter[196/392], loss_total:0.29750, loss_equ:0.98560 loss_pq_vm:0.00535 loss_pq_va:0.07073 loss_pv_va:0.07475
INFO|2024-09-26 19:07:07: Epoch[034/100], iter[235/392], loss_total:0.25537, loss_equ:0.90574 loss_pq_vm:0.00492 loss_pq_va:0.05667 loss_pv_va:0.05896
INFO|2024-09-26 19:08:20: Epoch[034/100], iter[274/392], loss_total:0.42564, loss_equ:1.20059 loss_pq_vm:0.00839 loss_pq_va:0.10898 loss_pv_va:0.11267
INFO|2024-09-26 19:09:32: Epoch[034/100], iter[313/392], loss_total:0.30700, loss_equ:0.82448 loss_pq_vm:0.00595 loss_pq_va:0.08169 loss_pv_va:0.08338
INFO|2024-09-26 19:10:44: Epoch[034/100], iter[352/392], loss_total:0.44001, loss_equ:1.13468 loss_pq_vm:0.00569 loss_pq_va:0.12837 loss_pv_va:0.14129
INFO|2024-09-26 19:11:58: Epoch[034/100], iter[392/392], loss_total:0.30795, loss_equ:0.92021 loss_pq_vm:0.00523 loss_pq_va:0.07961 loss_pv_va:0.08406
INFO|2024-09-26 19:14:15: Epoch 33/100, lr:  0.00074347, eta: 15.91h, train_loss:  0.33751, valid_loss:  0.32992
INFO|2024-09-26 19:14:15: 	Train: PQ_Vm_rmse: 0.00024383  PQ_Va_rmse: 0.00585535  PV_Va_rmse: 0.00581957  delta_p: 0.03308952  delta_q: 0.00436729  
INFO|2024-09-26 19:14:15: 	ZTest: PQ_Vm_rmse: 0.00027809  PQ_Va_rmse: 0.00419849  PV_Va_rmse: 0.00421361  delta_p: 0.02026775  delta_q: 0.00377183  
INFO|2024-09-26 19:14:15: 	ZTest-ema: PQ_Vm_rmse: 0.000130  PQ_Va_rmse: 0.002217  PV_Va_rmse: 0.002247  delta_p: 0.013973  delta_q: 0.001809  
INFO|2024-09-26 19:14:15: 	           ValOfEMA:0.002247/0.002247,  Epoch:34/34
INFO|2024-09-26 19:14:17: 	Time(ep):867s,  Val(curr/best):0.004214/0.003304,  Epoch(curr/best):34/33
INFO|2024-09-26 19:14:17: -------------------- Epoch: 35 --------------------
INFO|2024-09-26 19:15:33: Epoch[035/100], iter[040/392], loss_total:0.29781, loss_equ:0.74778 loss_pq_vm:0.00562 loss_pq_va:0.08208 loss_pv_va:0.08473
INFO|2024-09-26 19:16:45: Epoch[035/100], iter[079/392], loss_total:0.26801, loss_equ:0.71686 loss_pq_vm:0.00679 loss_pq_va:0.06417 loss_pv_va:0.06426
INFO|2024-09-26 19:17:58: Epoch[035/100], iter[118/392], loss_total:0.28763, loss_equ:0.91310 loss_pq_vm:0.00488 loss_pq_va:0.07699 loss_pv_va:0.07050
INFO|2024-09-26 19:19:10: Epoch[035/100], iter[157/392], loss_total:0.24632, loss_equ:0.71275 loss_pq_vm:0.00477 loss_pq_va:0.06168 loss_pv_va:0.06570
INFO|2024-09-26 19:20:22: Epoch[035/100], iter[196/392], loss_total:0.42347, loss_equ:0.99133 loss_pq_vm:0.00638 loss_pq_va:0.12522 loss_pv_va:0.13531
INFO|2024-09-26 19:21:35: Epoch[035/100], iter[235/392], loss_total:0.22556, loss_equ:0.64369 loss_pq_vm:0.00433 loss_pq_va:0.05891 loss_pv_va:0.05897
INFO|2024-09-26 19:22:47: Epoch[035/100], iter[274/392], loss_total:0.26050, loss_equ:0.75948 loss_pq_vm:0.00491 loss_pq_va:0.07057 loss_pv_va:0.06490
INFO|2024-09-26 19:23:59: Epoch[035/100], iter[313/392], loss_total:0.30892, loss_equ:0.72762 loss_pq_vm:0.00507 loss_pq_va:0.09499 loss_pv_va:0.09045
INFO|2024-09-26 19:25:12: Epoch[035/100], iter[352/392], loss_total:0.32590, loss_equ:0.84741 loss_pq_vm:0.00482 loss_pq_va:0.09744 loss_pv_va:0.09550
INFO|2024-09-26 19:26:26: Epoch[035/100], iter[392/392], loss_total:0.36114, loss_equ:0.83452 loss_pq_vm:0.00534 loss_pq_va:0.10819 loss_pv_va:0.11608
INFO|2024-09-26 19:28:44: Epoch 34/100, lr:  0.00072973, eta: 15.67h, train_loss:  0.29199, valid_loss:  0.45076
INFO|2024-09-26 19:28:44: 	Train: PQ_Vm_rmse: 0.00028281  PQ_Va_rmse: 0.00413053  PV_Va_rmse: 0.00391142  delta_p: 0.02568082  delta_q: 0.00378304  
INFO|2024-09-26 19:28:44: 	ZTest: PQ_Vm_rmse: 0.00025849  PQ_Va_rmse: 0.01032959  PV_Va_rmse: 0.01079883  delta_p: 0.03473295  delta_q: 0.00393368  
INFO|2024-09-26 19:28:44: 	ZTest-ema: PQ_Vm_rmse: 0.000158  PQ_Va_rmse: 0.001968  PV_Va_rmse: 0.001937  delta_p: 0.019886  delta_q: 0.001678  
INFO|2024-09-26 19:28:44: 	           ValOfEMA:0.001968/0.001968,  Epoch:35/35
INFO|2024-09-26 19:28:45: 	Time(ep):867s,  Val(curr/best):0.010799/0.003304,  Epoch(curr/best):35/33
INFO|2024-09-26 19:28:45: -------------------- Epoch: 36 --------------------
INFO|2024-09-26 19:30:02: Epoch[036/100], iter[040/392], loss_total:0.29939, loss_equ:0.79348 loss_pq_vm:0.00411 loss_pq_va:0.08933 loss_pv_va:0.08956
INFO|2024-09-26 19:31:15: Epoch[036/100], iter[079/392], loss_total:0.27619, loss_equ:0.76372 loss_pq_vm:0.00411 loss_pq_va:0.07745 loss_pv_va:0.08126
INFO|2024-09-26 19:32:28: Epoch[036/100], iter[118/392], loss_total:0.28592, loss_equ:1.04624 loss_pq_vm:0.00427 loss_pq_va:0.06377 loss_pv_va:0.07484
INFO|2024-09-26 19:33:41: Epoch[036/100], iter[157/392], loss_total:0.23316, loss_equ:0.68257 loss_pq_vm:0.00401 loss_pq_va:0.06262 loss_pv_va:0.06222
INFO|2024-09-26 19:34:54: Epoch[036/100], iter[196/392], loss_total:0.26899, loss_equ:0.72736 loss_pq_vm:0.00411 loss_pq_va:0.07790 loss_pv_va:0.07725
INFO|2024-09-26 19:36:06: Epoch[036/100], iter[235/392], loss_total:0.22695, loss_equ:0.73577 loss_pq_vm:0.00400 loss_pq_va:0.05822 loss_pv_va:0.05519
INFO|2024-09-26 19:37:19: Epoch[036/100], iter[274/392], loss_total:0.23466, loss_equ:0.69940 loss_pq_vm:0.00416 loss_pq_va:0.06261 loss_pv_va:0.06052
INFO|2024-09-26 19:38:31: Epoch[036/100], iter[313/392], loss_total:0.24759, loss_equ:0.68094 loss_pq_vm:0.00418 loss_pq_va:0.07068 loss_pv_va:0.06706
INFO|2024-09-26 19:39:44: Epoch[036/100], iter[352/392], loss_total:0.35743, loss_equ:1.14810 loss_pq_vm:0.00857 loss_pq_va:0.07730 loss_pv_va:0.07962
INFO|2024-09-26 19:40:59: Epoch[036/100], iter[392/392], loss_total:0.27734, loss_equ:0.80193 loss_pq_vm:0.00840 loss_pq_va:0.05688 loss_pv_va:0.05629
INFO|2024-09-26 19:43:16: Epoch 35/100, lr:  0.00071576, eta: 15.48h, train_loss:  0.28069, valid_loss:  0.33567
INFO|2024-09-26 19:43:16: 	Train: PQ_Vm_rmse: 0.00020438  PQ_Va_rmse: 0.00394949  PV_Va_rmse: 0.00387189  delta_p: 0.02448224  delta_q: 0.00369022  
INFO|2024-09-26 19:43:16: 	ZTest: PQ_Vm_rmse: 0.00059163  PQ_Va_rmse: 0.00255551  PV_Va_rmse: 0.00250597  delta_p: 0.02584792  delta_q: 0.00456970  
INFO|2024-09-26 19:43:16: 	ZTest-ema: PQ_Vm_rmse: 0.000141  PQ_Va_rmse: 0.001828  PV_Va_rmse: 0.001852  delta_p: 0.023481  delta_q: 0.003246  
INFO|2024-09-26 19:43:16: 	           ValOfEMA:0.001852/0.001852,  Epoch:36/36
INFO|2024-09-26 19:43:18: 	Time(ep):871s,  Val(curr/best):0.002556/0.002556,  Epoch(curr/best):36/36
INFO|2024-09-26 19:43:18: -------------------- Epoch: 37 --------------------
INFO|2024-09-26 19:44:35: Epoch[037/100], iter[040/392], loss_total:0.23673, loss_equ:0.75149 loss_pq_vm:0.00482 loss_pq_va:0.05685 loss_pv_va:0.05657
INFO|2024-09-26 19:45:49: Epoch[037/100], iter[079/392], loss_total:0.21846, loss_equ:0.62316 loss_pq_vm:0.00438 loss_pq_va:0.05629 loss_pv_va:0.05607
INFO|2024-09-26 19:47:02: Epoch[037/100], iter[118/392], loss_total:0.22007, loss_equ:0.62197 loss_pq_vm:0.00533 loss_pq_va:0.05250 loss_pv_va:0.05207
INFO|2024-09-26 19:48:14: Epoch[037/100], iter[157/392], loss_total:0.24446, loss_equ:0.68064 loss_pq_vm:0.00415 loss_pq_va:0.06884 loss_pv_va:0.06608
INFO|2024-09-26 19:49:27: Epoch[037/100], iter[196/392], loss_total:0.22885, loss_equ:0.75574 loss_pq_vm:0.00393 loss_pq_va:0.05541 loss_pv_va:0.05857
INFO|2024-09-26 19:50:40: Epoch[037/100], iter[235/392], loss_total:0.31453, loss_equ:0.76308 loss_pq_vm:0.00630 loss_pq_va:0.08861 loss_pv_va:0.08663
INFO|2024-09-26 19:51:53: Epoch[037/100], iter[274/392], loss_total:0.26451, loss_equ:0.84780 loss_pq_vm:0.00502 loss_pq_va:0.06188 loss_pv_va:0.06767
INFO|2024-09-26 19:53:05: Epoch[037/100], iter[313/392], loss_total:0.25835, loss_equ:0.71148 loss_pq_vm:0.00480 loss_pq_va:0.06932 loss_pv_va:0.06990
INFO|2024-09-26 19:54:17: Epoch[037/100], iter[352/392], loss_total:0.29103, loss_equ:0.69654 loss_pq_vm:0.00536 loss_pq_va:0.08304 loss_pv_va:0.08472
INFO|2024-09-26 19:55:31: Epoch[037/100], iter[392/392], loss_total:0.32914, loss_equ:0.86689 loss_pq_vm:0.00930 loss_pq_va:0.07468 loss_pv_va:0.07480
INFO|2024-09-26 19:57:48: Epoch 36/100, lr:  0.00070159, eta: 15.23h, train_loss:  0.27970, valid_loss:  0.31497
INFO|2024-09-26 19:57:48: 	Train: PQ_Vm_rmse: 0.00024795  PQ_Va_rmse: 0.00325297  PV_Va_rmse: 0.00322253  delta_p: 0.02439467  delta_q: 0.00396549  
INFO|2024-09-26 19:57:48: 	ZTest: PQ_Vm_rmse: 0.00026714  PQ_Va_rmse: 0.00326641  PV_Va_rmse: 0.00374833  delta_p: 0.01611877  delta_q: 0.00454628  
INFO|2024-09-26 19:57:48: 	ZTest-ema: PQ_Vm_rmse: 0.000160  PQ_Va_rmse: 0.002132  PV_Va_rmse: 0.002123  delta_p: 0.009164  delta_q: 0.002348  
INFO|2024-09-26 19:57:48: 	           ValOfEMA:0.002132/0.001852,  Epoch:37/36
INFO|2024-09-26 19:57:49: 	Time(ep):870s,  Val(curr/best):0.003748/0.002556,  Epoch(curr/best):37/36
INFO|2024-09-26 19:57:49: -------------------- Epoch: 38 --------------------
INFO|2024-09-26 19:59:05: Epoch[038/100], iter[040/392], loss_total:0.29503, loss_equ:0.87444 loss_pq_vm:0.00536 loss_pq_va:0.08143 loss_pv_va:0.07258
INFO|2024-09-26 20:00:18: Epoch[038/100], iter[079/392], loss_total:0.50637, loss_equ:1.10342 loss_pq_vm:0.00914 loss_pq_va:0.14414 loss_pv_va:0.16052
INFO|2024-09-26 20:01:30: Epoch[038/100], iter[118/392], loss_total:0.25751, loss_equ:0.77906 loss_pq_vm:0.00511 loss_pq_va:0.06522 loss_pv_va:0.06334
INFO|2024-09-26 20:02:43: Epoch[038/100], iter[157/392], loss_total:0.22820, loss_equ:0.61015 loss_pq_vm:0.00453 loss_pq_va:0.06153 loss_pv_va:0.06036
INFO|2024-09-26 20:03:56: Epoch[038/100], iter[196/392], loss_total:0.25023, loss_equ:0.76703 loss_pq_vm:0.00497 loss_pq_va:0.06335 loss_pv_va:0.06050
INFO|2024-09-26 20:05:08: Epoch[038/100], iter[235/392], loss_total:0.30560, loss_equ:1.21299 loss_pq_vm:0.00521 loss_pq_va:0.06285 loss_pv_va:0.06937
INFO|2024-09-26 20:06:22: Epoch[038/100], iter[274/392], loss_total:0.35293, loss_equ:1.03002 loss_pq_vm:0.01108 loss_pq_va:0.06583 loss_pv_va:0.07328
INFO|2024-09-26 20:07:34: Epoch[038/100], iter[313/392], loss_total:0.39750, loss_equ:0.83781 loss_pq_vm:0.00502 loss_pq_va:0.13300 loss_pv_va:0.13052
INFO|2024-09-26 20:08:47: Epoch[038/100], iter[352/392], loss_total:0.27334, loss_equ:0.74494 loss_pq_vm:0.00416 loss_pq_va:0.07678 loss_pv_va:0.08051
INFO|2024-09-26 20:10:02: Epoch[038/100], iter[392/392], loss_total:0.25350, loss_equ:0.74327 loss_pq_vm:0.00455 loss_pq_va:0.06768 loss_pv_va:0.06598
INFO|2024-09-26 20:12:19: Epoch 37/100, lr:  0.00068722, eta: 14.97h, train_loss:  0.28570, valid_loss:  0.28076
INFO|2024-09-26 20:12:19: 	Train: PQ_Vm_rmse: 0.00025027  PQ_Va_rmse: 0.00416188  PV_Va_rmse: 0.00406923  delta_p: 0.02429220  delta_q: 0.00406551  
INFO|2024-09-26 20:12:19: 	ZTest: PQ_Vm_rmse: 0.00023979  PQ_Va_rmse: 0.00297731  PV_Va_rmse: 0.00295569  delta_p: 0.01997704  delta_q: 0.00238369  
INFO|2024-09-26 20:12:19: 	ZTest-ema: PQ_Vm_rmse: 0.000135  PQ_Va_rmse: 0.001693  PV_Va_rmse: 0.001796  delta_p: 0.021454  delta_q: 0.001728  
INFO|2024-09-26 20:12:19: 	           ValOfEMA:0.001796/0.001796,  Epoch:38/38
INFO|2024-09-26 20:12:20: 	Time(ep):869s,  Val(curr/best):0.002977/0.002556,  Epoch(curr/best):38/36
INFO|2024-09-26 20:12:20: -------------------- Epoch: 39 --------------------
INFO|2024-09-26 20:13:36: Epoch[039/100], iter[040/392], loss_total:0.24745, loss_equ:0.70247 loss_pq_vm:0.00623 loss_pq_va:0.05663 loss_pv_va:0.05827
INFO|2024-09-26 20:14:48: Epoch[039/100], iter[079/392], loss_total:0.26238, loss_equ:0.81429 loss_pq_vm:0.00424 loss_pq_va:0.06745 loss_pv_va:0.07107
INFO|2024-09-26 20:16:01: Epoch[039/100], iter[118/392], loss_total:0.24184, loss_equ:0.67802 loss_pq_vm:0.00388 loss_pq_va:0.06718 loss_pv_va:0.06804
INFO|2024-09-26 20:17:13: Epoch[039/100], iter[157/392], loss_total:0.29289, loss_equ:0.77051 loss_pq_vm:0.00542 loss_pq_va:0.08371 loss_pv_va:0.07794
INFO|2024-09-26 20:18:25: Epoch[039/100], iter[196/392], loss_total:0.27786, loss_equ:0.81534 loss_pq_vm:0.00542 loss_pq_va:0.07293 loss_pv_va:0.06918
INFO|2024-09-26 20:19:38: Epoch[039/100], iter[235/392], loss_total:0.21154, loss_equ:0.59825 loss_pq_vm:0.00399 loss_pq_va:0.05616 loss_pv_va:0.05566
INFO|2024-09-26 20:20:50: Epoch[039/100], iter[274/392], loss_total:0.25047, loss_equ:0.68435 loss_pq_vm:0.00438 loss_pq_va:0.06801 loss_pv_va:0.07027
INFO|2024-09-26 20:22:02: Epoch[039/100], iter[313/392], loss_total:0.24188, loss_equ:0.69920 loss_pq_vm:0.00467 loss_pq_va:0.06386 loss_pv_va:0.06139
INFO|2024-09-26 20:23:14: Epoch[039/100], iter[352/392], loss_total:0.21965, loss_equ:0.59934 loss_pq_vm:0.00396 loss_pq_va:0.06074 loss_pv_va:0.05934
INFO|2024-09-26 20:24:29: Epoch[039/100], iter[392/392], loss_total:0.26933, loss_equ:0.75423 loss_pq_vm:0.00403 loss_pq_va:0.07919 loss_pv_va:0.07442
INFO|2024-09-26 20:26:46: Epoch 38/100, lr:  0.00067268, eta: 14.67h, train_loss:  0.26012, valid_loss:  0.26371
INFO|2024-09-26 20:26:46: 	Train: PQ_Vm_rmse: 0.00022866  PQ_Va_rmse: 0.00327636  PV_Va_rmse: 0.00312442  delta_p: 0.02136076  delta_q: 0.00337652  
INFO|2024-09-26 20:26:46: 	ZTest: PQ_Vm_rmse: 0.00015287  PQ_Va_rmse: 0.00210380  PV_Va_rmse: 0.00216958  delta_p: 0.01669766  delta_q: 0.00256818  
INFO|2024-09-26 20:26:46: 	ZTest-ema: PQ_Vm_rmse: 0.000110  PQ_Va_rmse: 0.001496  PV_Va_rmse: 0.001518  delta_p: 0.010549  delta_q: 0.001446  
INFO|2024-09-26 20:26:46: 	           ValOfEMA:0.001518/0.001518,  Epoch:39/39
INFO|2024-09-26 20:26:47: 	Time(ep):865s,  Val(curr/best):0.002170/0.002170,  Epoch(curr/best):39/39
INFO|2024-09-26 20:26:47: -------------------- Epoch: 40 --------------------
INFO|2024-09-26 20:28:04: Epoch[040/100], iter[040/392], loss_total:0.23397, loss_equ:0.70151 loss_pq_vm:0.00412 loss_pq_va:0.06311 loss_pv_va:0.05951
INFO|2024-09-26 20:29:16: Epoch[040/100], iter[079/392], loss_total:0.41751, loss_equ:1.02775 loss_pq_vm:0.01968 loss_pq_va:0.05972 loss_pv_va:0.05824
INFO|2024-09-26 20:30:28: Epoch[040/100], iter[118/392], loss_total:0.22218, loss_equ:0.63247 loss_pq_vm:0.00440 loss_pq_va:0.05809 loss_pv_va:0.05684
INFO|2024-09-26 20:31:42: Epoch[040/100], iter[157/392], loss_total:0.30654, loss_equ:0.80455 loss_pq_vm:0.01161 loss_pq_va:0.05430 loss_pv_va:0.05566
INFO|2024-09-26 20:32:54: Epoch[040/100], iter[196/392], loss_total:0.22540, loss_equ:0.69910 loss_pq_vm:0.00553 loss_pq_va:0.05119 loss_pv_va:0.04895
INFO|2024-09-26 20:34:07: Epoch[040/100], iter[235/392], loss_total:0.26154, loss_equ:0.69674 loss_pq_vm:0.00400 loss_pq_va:0.07566 loss_pv_va:0.07620
INFO|2024-09-26 20:35:19: Epoch[040/100], iter[274/392], loss_total:0.46387, loss_equ:1.05850 loss_pq_vm:0.00661 loss_pq_va:0.15384 loss_pv_va:0.13811
INFO|2024-09-26 20:36:31: Epoch[040/100], iter[313/392], loss_total:0.23645, loss_equ:0.70487 loss_pq_vm:0.00550 loss_pq_va:0.05595 loss_pv_va:0.05499
INFO|2024-09-26 20:37:44: Epoch[040/100], iter[352/392], loss_total:0.27100, loss_equ:0.71780 loss_pq_vm:0.00897 loss_pq_va:0.05469 loss_pv_va:0.05479
INFO|2024-09-26 20:38:58: Epoch[040/100], iter[392/392], loss_total:0.26820, loss_equ:0.83195 loss_pq_vm:0.00459 loss_pq_va:0.06878 loss_pv_va:0.07032
INFO|2024-09-26 20:41:16: Epoch 39/100, lr:  0.00065796, eta: 14.48h, train_loss:  0.27241, valid_loss:  0.30065
INFO|2024-09-26 20:41:16: 	Train: PQ_Vm_rmse: 0.00030999  PQ_Va_rmse: 0.00317917  PV_Va_rmse: 0.00311442  delta_p: 0.02065312  delta_q: 0.00424156  
INFO|2024-09-26 20:41:16: 	ZTest: PQ_Vm_rmse: 0.00016529  PQ_Va_rmse: 0.00355135  PV_Va_rmse: 0.00369728  delta_p: 0.03171583  delta_q: 0.00484587  
INFO|2024-09-26 20:41:16: 	ZTest-ema: PQ_Vm_rmse: 0.000119  PQ_Va_rmse: 0.001661  PV_Va_rmse: 0.001702  delta_p: 0.010074  delta_q: 0.001719  
INFO|2024-09-26 20:41:16: 	           ValOfEMA:0.001702/0.001518,  Epoch:40/39
INFO|2024-09-26 20:41:17: 	Time(ep):868s,  Val(curr/best):0.003697/0.002170,  Epoch(curr/best):40/39
INFO|2024-09-26 20:41:17: -------------------- Epoch: 41 --------------------
INFO|2024-09-26 20:42:33: Epoch[041/100], iter[040/392], loss_total:0.24190, loss_equ:0.68127 loss_pq_vm:0.00424 loss_pq_va:0.06521 loss_pv_va:0.06611
INFO|2024-09-26 20:43:45: Epoch[041/100], iter[079/392], loss_total:0.20079, loss_equ:0.57860 loss_pq_vm:0.00365 loss_pq_va:0.05347 loss_pv_va:0.05297
INFO|2024-09-26 20:44:58: Epoch[041/100], iter[118/392], loss_total:0.19804, loss_equ:0.51835 loss_pq_vm:0.00371 loss_pq_va:0.05515 loss_pv_va:0.05398
INFO|2024-09-26 20:46:11: Epoch[041/100], iter[157/392], loss_total:0.20704, loss_equ:0.54042 loss_pq_vm:0.00382 loss_pq_va:0.05862 loss_pv_va:0.05615
INFO|2024-09-26 20:47:23: Epoch[041/100], iter[196/392], loss_total:0.19391, loss_equ:0.52043 loss_pq_vm:0.00406 loss_pq_va:0.05132 loss_pv_va:0.04998
INFO|2024-09-26 20:48:37: Epoch[041/100], iter[235/392], loss_total:0.22908, loss_equ:0.71855 loss_pq_vm:0.00466 loss_pq_va:0.05522 loss_pv_va:0.05545
INFO|2024-09-26 20:49:50: Epoch[041/100], iter[274/392], loss_total:0.28489, loss_equ:0.81241 loss_pq_vm:0.00500 loss_pq_va:0.07663 loss_pv_va:0.07699
INFO|2024-09-26 20:51:03: Epoch[041/100], iter[313/392], loss_total:0.21979, loss_equ:0.63505 loss_pq_vm:0.00361 loss_pq_va:0.06153 loss_pv_va:0.05868
INFO|2024-09-26 20:52:15: Epoch[041/100], iter[352/392], loss_total:0.31204, loss_equ:0.99395 loss_pq_vm:0.00470 loss_pq_va:0.08098 loss_pv_va:0.08467
INFO|2024-09-26 20:53:29: Epoch[041/100], iter[392/392], loss_total:0.24766, loss_equ:0.72490 loss_pq_vm:0.00384 loss_pq_va:0.06729 loss_pv_va:0.06947
INFO|2024-09-26 20:55:47: Epoch 40/100, lr:  0.00064310, eta: 14.27h, train_loss:  0.23771, valid_loss:  0.30060
INFO|2024-09-26 20:55:47: 	Train: PQ_Vm_rmse: 0.00016301  PQ_Va_rmse: 0.00273191  PV_Va_rmse: 0.00267441  delta_p: 0.01939468  delta_q: 0.00291810  
INFO|2024-09-26 20:55:47: 	ZTest: PQ_Vm_rmse: 0.00025757  PQ_Va_rmse: 0.00453686  PV_Va_rmse: 0.00366144  delta_p: 0.02716219  delta_q: 0.00217079  
INFO|2024-09-26 20:55:47: 	ZTest-ema: PQ_Vm_rmse: 0.000117  PQ_Va_rmse: 0.001608  PV_Va_rmse: 0.001488  delta_p: 0.024386  delta_q: 0.002293  
INFO|2024-09-26 20:55:47: 	           ValOfEMA:0.001608/0.001518,  Epoch:41/39
INFO|2024-09-26 20:55:48: 	Time(ep):870s,  Val(curr/best):0.004537/0.002170,  Epoch(curr/best):41/39
INFO|2024-09-26 20:55:48: -------------------- Epoch: 42 --------------------
INFO|2024-09-26 20:57:05: Epoch[042/100], iter[040/392], loss_total:0.23082, loss_equ:0.67199 loss_pq_vm:0.00505 loss_pq_va:0.05723 loss_pv_va:0.05591
INFO|2024-09-26 20:58:18: Epoch[042/100], iter[079/392], loss_total:0.21798, loss_equ:0.65235 loss_pq_vm:0.00394 loss_pq_va:0.05516 loss_pv_va:0.05823
INFO|2024-09-26 20:59:30: Epoch[042/100], iter[118/392], loss_total:0.24304, loss_equ:0.66916 loss_pq_vm:0.00578 loss_pq_va:0.05958 loss_pv_va:0.05880
INFO|2024-09-26 21:00:43: Epoch[042/100], iter[157/392], loss_total:0.21613, loss_equ:0.56054 loss_pq_vm:0.00405 loss_pq_va:0.06037 loss_pv_va:0.05921
INFO|2024-09-26 21:01:55: Epoch[042/100], iter[196/392], loss_total:0.23291, loss_equ:0.61419 loss_pq_vm:0.00562 loss_pq_va:0.05666 loss_pv_va:0.05861
INFO|2024-09-26 21:03:07: Epoch[042/100], iter[235/392], loss_total:0.26137, loss_equ:0.73140 loss_pq_vm:0.00435 loss_pq_va:0.07247 loss_pv_va:0.07227
INFO|2024-09-26 21:04:20: Epoch[042/100], iter[274/392], loss_total:0.21923, loss_equ:0.61825 loss_pq_vm:0.00524 loss_pq_va:0.05290 loss_pv_va:0.05209
INFO|2024-09-26 21:05:33: Epoch[042/100], iter[313/392], loss_total:0.21424, loss_equ:0.57142 loss_pq_vm:0.00433 loss_pq_va:0.05765 loss_pv_va:0.05618
INFO|2024-09-26 21:06:46: Epoch[042/100], iter[352/392], loss_total:0.23661, loss_equ:0.55584 loss_pq_vm:0.00386 loss_pq_va:0.07004 loss_pv_va:0.07241
INFO|2024-09-26 21:08:00: Epoch[042/100], iter[392/392], loss_total:0.25118, loss_equ:0.72365 loss_pq_vm:0.00467 loss_pq_va:0.06446 loss_pv_va:0.06763
INFO|2024-09-26 21:10:18: Epoch 41/100, lr:  0.00062810, eta: 14.01h, train_loss:  0.23917, valid_loss:  0.27160
INFO|2024-09-26 21:10:18: 	Train: PQ_Vm_rmse: 0.00021156  PQ_Va_rmse: 0.00304271  PV_Va_rmse: 0.00304596  delta_p: 0.01805217  delta_q: 0.00301503  
INFO|2024-09-26 21:10:18: 	ZTest: PQ_Vm_rmse: 0.00020142  PQ_Va_rmse: 0.00432392  PV_Va_rmse: 0.00403908  delta_p: 0.01533588  delta_q: 0.00227230  
INFO|2024-09-26 21:10:18: 	ZTest-ema: PQ_Vm_rmse: 0.000150  PQ_Va_rmse: 0.001307  PV_Va_rmse: 0.001343  delta_p: 0.009295  delta_q: 0.001557  
INFO|2024-09-26 21:10:18: 	           ValOfEMA:0.001343/0.001343,  Epoch:42/42
INFO|2024-09-26 21:10:19: 	Time(ep):869s,  Val(curr/best):0.004324/0.002170,  Epoch(curr/best):42/39
INFO|2024-09-26 21:10:19: -------------------- Epoch: 43 --------------------
INFO|2024-09-26 21:11:35: Epoch[043/100], iter[040/392], loss_total:0.69312, loss_equ:1.93815 loss_pq_vm:0.00992 loss_pq_va:0.19326 loss_pv_va:0.20687
INFO|2024-09-26 21:12:47: Epoch[043/100], iter[079/392], loss_total:0.26018, loss_equ:0.73314 loss_pq_vm:0.00495 loss_pq_va:0.06789 loss_pv_va:0.06946
INFO|2024-09-26 21:14:00: Epoch[043/100], iter[118/392], loss_total:0.29926, loss_equ:0.88271 loss_pq_vm:0.00528 loss_pq_va:0.07767 loss_pv_va:0.08048
INFO|2024-09-26 21:15:12: Epoch[043/100], iter[157/392], loss_total:0.24822, loss_equ:0.63450 loss_pq_vm:0.00493 loss_pq_va:0.06461 loss_pv_va:0.07089
INFO|2024-09-26 21:16:25: Epoch[043/100], iter[196/392], loss_total:0.23456, loss_equ:0.65790 loss_pq_vm:0.00487 loss_pq_va:0.05866 loss_pv_va:0.06144
INFO|2024-09-26 21:17:39: Epoch[043/100], iter[235/392], loss_total:0.20951, loss_equ:0.60101 loss_pq_vm:0.00466 loss_pq_va:0.05149 loss_pv_va:0.05133
INFO|2024-09-26 21:18:52: Epoch[043/100], iter[274/392], loss_total:0.20906, loss_equ:0.55311 loss_pq_vm:0.00407 loss_pq_va:0.05668 loss_pv_va:0.05636
INFO|2024-09-26 21:20:04: Epoch[043/100], iter[313/392], loss_total:0.20990, loss_equ:0.56025 loss_pq_vm:0.00377 loss_pq_va:0.05871 loss_pv_va:0.05747
INFO|2024-09-26 21:21:16: Epoch[043/100], iter[352/392], loss_total:0.23635, loss_equ:0.65557 loss_pq_vm:0.00567 loss_pq_va:0.05471 loss_pv_va:0.05941
INFO|2024-09-26 21:22:31: Epoch[043/100], iter[392/392], loss_total:0.28116, loss_equ:0.60673 loss_pq_vm:0.00442 loss_pq_va:0.08757 loss_pv_va:0.08875
INFO|2024-09-26 21:24:47: Epoch 42/100, lr:  0.00061298, eta: 13.75h, train_loss:  0.28151, valid_loss:  0.25637
INFO|2024-09-26 21:24:47: 	Train: PQ_Vm_rmse: 0.00025755  PQ_Va_rmse: 0.00486090  PV_Va_rmse: 0.00495481  delta_p: 0.02475871  delta_q: 0.00394288  
INFO|2024-09-26 21:24:47: 	ZTest: PQ_Vm_rmse: 0.00013918  PQ_Va_rmse: 0.00371543  PV_Va_rmse: 0.00392727  delta_p: 0.01145300  delta_q: 0.00208341  
INFO|2024-09-26 21:24:47: 	ZTest-ema: PQ_Vm_rmse: 0.000103  PQ_Va_rmse: 0.001489  PV_Va_rmse: 0.001524  delta_p: 0.007193  delta_q: 0.001180  
INFO|2024-09-26 21:24:47: 	           ValOfEMA:0.001524/0.001343,  Epoch:43/42
INFO|2024-09-26 21:24:48: 	Time(ep):868s,  Val(curr/best):0.003927/0.002170,  Epoch(curr/best):43/39
INFO|2024-09-26 21:24:48: -------------------- Epoch: 44 --------------------
INFO|2024-09-26 21:26:04: Epoch[044/100], iter[040/392], loss_total:0.21658, loss_equ:0.57981 loss_pq_vm:0.00417 loss_pq_va:0.05909 loss_pv_va:0.05778
INFO|2024-09-26 21:27:17: Epoch[044/100], iter[079/392], loss_total:0.25289, loss_equ:0.71645 loss_pq_vm:0.00605 loss_pq_va:0.06044 loss_pv_va:0.06032
INFO|2024-09-26 21:28:30: Epoch[044/100], iter[118/392], loss_total:0.29323, loss_equ:0.76194 loss_pq_vm:0.00469 loss_pq_va:0.08447 loss_pv_va:0.08568
INFO|2024-09-26 21:29:42: Epoch[044/100], iter[157/392], loss_total:0.30054, loss_equ:0.75262 loss_pq_vm:0.00469 loss_pq_va:0.08950 loss_pv_va:0.08888
INFO|2024-09-26 21:30:55: Epoch[044/100], iter[196/392], loss_total:0.26689, loss_equ:0.89614 loss_pq_vm:0.00537 loss_pq_va:0.05978 loss_pv_va:0.06379
INFO|2024-09-26 21:32:08: Epoch[044/100], iter[235/392], loss_total:0.24515, loss_equ:0.58701 loss_pq_vm:0.00423 loss_pq_va:0.07204 loss_pv_va:0.07206
INFO|2024-09-26 21:33:21: Epoch[044/100], iter[274/392], loss_total:0.22889, loss_equ:0.77173 loss_pq_vm:0.00399 loss_pq_va:0.05620 loss_pv_va:0.05560
INFO|2024-09-26 21:34:34: Epoch[044/100], iter[313/392], loss_total:0.21047, loss_equ:0.58449 loss_pq_vm:0.00406 loss_pq_va:0.05674 loss_pv_va:0.05471
INFO|2024-09-26 21:35:46: Epoch[044/100], iter[352/392], loss_total:0.19025, loss_equ:0.55571 loss_pq_vm:0.00409 loss_pq_va:0.04687 loss_pv_va:0.04690
INFO|2024-09-26 21:37:01: Epoch[044/100], iter[392/392], loss_total:0.20395, loss_equ:0.53136 loss_pq_vm:0.00355 loss_pq_va:0.05722 loss_pv_va:0.05813
INFO|2024-09-26 21:39:18: Epoch 43/100, lr:  0.00059775, eta: 13.54h, train_loss:  0.24353, valid_loss:  0.23032
INFO|2024-09-26 21:39:18: 	Train: PQ_Vm_rmse: 0.00018512  PQ_Va_rmse: 0.00310270  PV_Va_rmse: 0.00315008  delta_p: 0.01665850  delta_q: 0.00268413  
INFO|2024-09-26 21:39:19: 	ZTest: PQ_Vm_rmse: 0.00017499  PQ_Va_rmse: 0.00206485  PV_Va_rmse: 0.00229870  delta_p: 0.01555383  delta_q: 0.00140763  
INFO|2024-09-26 21:39:19: 	ZTest-ema: PQ_Vm_rmse: 0.000111  PQ_Va_rmse: 0.001338  PV_Va_rmse: 0.001383  delta_p: 0.007204  delta_q: 0.001432  
INFO|2024-09-26 21:39:19: 	           ValOfEMA:0.001383/0.001343,  Epoch:44/42
INFO|2024-09-26 21:39:19: 	Time(ep):870s,  Val(curr/best):0.002299/0.002170,  Epoch(curr/best):44/39
INFO|2024-09-26 21:39:19: -------------------- Epoch: 45 --------------------
INFO|2024-09-26 21:40:36: Epoch[045/100], iter[040/392], loss_total:0.26830, loss_equ:0.77769 loss_pq_vm:0.00442 loss_pq_va:0.07604 loss_pv_va:0.07031
INFO|2024-09-26 21:41:48: Epoch[045/100], iter[079/392], loss_total:0.25049, loss_equ:0.68405 loss_pq_vm:0.00529 loss_pq_va:0.06476 loss_pv_va:0.06445
INFO|2024-09-26 21:43:01: Epoch[045/100], iter[118/392], loss_total:0.27898, loss_equ:0.90339 loss_pq_vm:0.00415 loss_pq_va:0.07039 loss_pv_va:0.07675
INFO|2024-09-26 21:44:13: Epoch[045/100], iter[157/392], loss_total:0.27228, loss_equ:0.91684 loss_pq_vm:0.00388 loss_pq_va:0.07325 loss_pv_va:0.06856
INFO|2024-09-26 21:45:26: Epoch[045/100], iter[196/392], loss_total:0.22057, loss_equ:0.64462 loss_pq_vm:0.00340 loss_pq_va:0.06014 loss_pv_va:0.06195
INFO|2024-09-26 21:46:38: Epoch[045/100], iter[235/392], loss_total:0.24905, loss_equ:0.80940 loss_pq_vm:0.00366 loss_pq_va:0.06333 loss_pv_va:0.06819
INFO|2024-09-26 21:47:51: Epoch[045/100], iter[274/392], loss_total:0.29667, loss_equ:0.81224 loss_pq_vm:0.01020 loss_pq_va:0.05561 loss_pv_va:0.05783
INFO|2024-09-26 21:49:03: Epoch[045/100], iter[313/392], loss_total:0.30340, loss_equ:0.82344 loss_pq_vm:0.00844 loss_pq_va:0.06617 loss_pv_va:0.07050
INFO|2024-09-26 21:50:16: Epoch[045/100], iter[352/392], loss_total:0.20962, loss_equ:0.58857 loss_pq_vm:0.00430 loss_pq_va:0.05397 loss_pv_va:0.05375
INFO|2024-09-26 21:51:30: Epoch[045/100], iter[392/392], loss_total:0.23197, loss_equ:0.60164 loss_pq_vm:0.00498 loss_pq_va:0.05952 loss_pv_va:0.06252
INFO|2024-09-26 21:53:47: Epoch 44/100, lr:  0.00058244, eta: 13.25h, train_loss:  0.23992, valid_loss:  0.25176
INFO|2024-09-26 21:53:47: 	Train: PQ_Vm_rmse: 0.00017158  PQ_Va_rmse: 0.00291127  PV_Va_rmse: 0.00284974  delta_p: 0.01909926  delta_q: 0.00302627  
INFO|2024-09-26 21:53:47: 	ZTest: PQ_Vm_rmse: 0.00025189  PQ_Va_rmse: 0.00222032  PV_Va_rmse: 0.00238908  delta_p: 0.01474235  delta_q: 0.00392455  
INFO|2024-09-26 21:53:47: 	ZTest-ema: PQ_Vm_rmse: 0.000104  PQ_Va_rmse: 0.001268  PV_Va_rmse: 0.001286  delta_p: 0.007963  delta_q: 0.001393  
INFO|2024-09-26 21:53:47: 	           ValOfEMA:0.001286/0.001286,  Epoch:45/45
INFO|2024-09-26 21:53:47: 	Time(ep):867s,  Val(curr/best):0.002389/0.002170,  Epoch(curr/best):45/39
INFO|2024-09-26 21:53:47: -------------------- Epoch: 46 --------------------
INFO|2024-09-26 21:55:05: Epoch[046/100], iter[040/392], loss_total:0.26817, loss_equ:1.03622 loss_pq_vm:0.00511 loss_pq_va:0.05510 loss_pv_va:0.05831
INFO|2024-09-26 21:56:19: Epoch[046/100], iter[079/392], loss_total:0.27877, loss_equ:0.72643 loss_pq_vm:0.00536 loss_pq_va:0.07706 loss_pv_va:0.07547
INFO|2024-09-26 21:57:32: Epoch[046/100], iter[118/392], loss_total:0.25668, loss_equ:0.72560 loss_pq_vm:0.00636 loss_pq_va:0.06024 loss_pv_va:0.06028
INFO|2024-09-26 21:58:45: Epoch[046/100], iter[157/392], loss_total:0.21418, loss_equ:0.63283 loss_pq_vm:0.00409 loss_pq_va:0.05356 loss_pv_va:0.05641
INFO|2024-09-26 21:59:58: Epoch[046/100], iter[196/392], loss_total:0.26165, loss_equ:0.75811 loss_pq_vm:0.00577 loss_pq_va:0.06271 loss_pv_va:0.06543
INFO|2024-09-26 22:01:11: Epoch[046/100], iter[235/392], loss_total:0.27535, loss_equ:0.78519 loss_pq_vm:0.00587 loss_pq_va:0.06822 loss_pv_va:0.06994
INFO|2024-09-26 22:02:23: Epoch[046/100], iter[274/392], loss_total:0.21047, loss_equ:0.60622 loss_pq_vm:0.00395 loss_pq_va:0.05516 loss_pv_va:0.05523
INFO|2024-09-26 22:03:36: Epoch[046/100], iter[313/392], loss_total:0.20498, loss_equ:0.52291 loss_pq_vm:0.00394 loss_pq_va:0.05741 loss_pv_va:0.05593
INFO|2024-09-26 22:04:48: Epoch[046/100], iter[352/392], loss_total:0.21244, loss_equ:0.85659 loss_pq_vm:0.00346 loss_pq_va:0.04488 loss_pv_va:0.04727
INFO|2024-09-26 22:06:02: Epoch[046/100], iter[392/392], loss_total:0.27951, loss_equ:0.90961 loss_pq_vm:0.00538 loss_pq_va:0.06391 loss_pv_va:0.07084
INFO|2024-09-26 22:08:20: Epoch 45/100, lr:  0.00056704, eta: 13.09h, train_loss:  0.23823, valid_loss:  0.28494
INFO|2024-09-26 22:08:20: 	Train: PQ_Vm_rmse: 0.00021349  PQ_Va_rmse: 0.00235210  PV_Va_rmse: 0.00242820  delta_p: 0.02023995  delta_q: 0.00338975  
INFO|2024-09-26 22:08:20: 	ZTest: PQ_Vm_rmse: 0.00016652  PQ_Va_rmse: 0.00320808  PV_Va_rmse: 0.00251049  delta_p: 0.02361778  delta_q: 0.00245303  
INFO|2024-09-26 22:08:20: 	ZTest-ema: PQ_Vm_rmse: 0.000105  PQ_Va_rmse: 0.001243  PV_Va_rmse: 0.001277  delta_p: 0.010257  delta_q: 0.001252  
INFO|2024-09-26 22:08:20: 	           ValOfEMA:0.001277/0.001277,  Epoch:46/46
INFO|2024-09-26 22:08:21: 	Time(ep):872s,  Val(curr/best):0.003208/0.002170,  Epoch(curr/best):46/39
INFO|2024-09-26 22:08:21: -------------------- Epoch: 47 --------------------
INFO|2024-09-26 22:09:37: Epoch[047/100], iter[040/392], loss_total:0.22557, loss_equ:0.59423 loss_pq_vm:0.00414 loss_pq_va:0.06167 loss_pv_va:0.06305
INFO|2024-09-26 22:10:50: Epoch[047/100], iter[079/392], loss_total:0.24330, loss_equ:0.56724 loss_pq_vm:0.00484 loss_pq_va:0.07057 loss_pv_va:0.06765
INFO|2024-09-26 22:12:02: Epoch[047/100], iter[118/392], loss_total:0.19075, loss_equ:0.51791 loss_pq_vm:0.00348 loss_pq_va:0.05231 loss_pv_va:0.05189
INFO|2024-09-26 22:13:15: Epoch[047/100], iter[157/392], loss_total:0.19802, loss_equ:0.50452 loss_pq_vm:0.00363 loss_pq_va:0.05583 loss_pv_va:0.05549
INFO|2024-09-26 22:14:28: Epoch[047/100], iter[196/392], loss_total:0.18029, loss_equ:0.54938 loss_pq_vm:0.00376 loss_pq_va:0.04354 loss_pv_va:0.04418
INFO|2024-09-26 22:15:41: Epoch[047/100], iter[235/392], loss_total:0.22502, loss_equ:0.64009 loss_pq_vm:0.00484 loss_pq_va:0.05711 loss_pv_va:0.05546
INFO|2024-09-26 22:16:53: Epoch[047/100], iter[274/392], loss_total:0.22478, loss_equ:0.59858 loss_pq_vm:0.00444 loss_pq_va:0.06007 loss_pv_va:0.06045
INFO|2024-09-26 22:18:07: Epoch[047/100], iter[313/392], loss_total:0.23664, loss_equ:0.56038 loss_pq_vm:0.00481 loss_pq_va:0.06646 loss_pv_va:0.06609
INFO|2024-09-26 22:19:20: Epoch[047/100], iter[352/392], loss_total:0.21333, loss_equ:0.64507 loss_pq_vm:0.00395 loss_pq_va:0.05320 loss_pv_va:0.05616
INFO|2024-09-26 22:20:35: Epoch[047/100], iter[392/392], loss_total:0.28984, loss_equ:0.88954 loss_pq_vm:0.00421 loss_pq_va:0.07624 loss_pv_va:0.08257
INFO|2024-09-26 22:22:52: Epoch 46/100, lr:  0.00055158, eta: 12.82h, train_loss:  0.21730, valid_loss:  0.32136
INFO|2024-09-26 22:22:52: 	Train: PQ_Vm_rmse: 0.00017544  PQ_Va_rmse: 0.00239826  PV_Va_rmse: 0.00237211  delta_p: 0.01460315  delta_q: 0.00227862  
INFO|2024-09-26 22:22:52: 	ZTest: PQ_Vm_rmse: 0.00014324  PQ_Va_rmse: 0.00445830  PV_Va_rmse: 0.00554033  delta_p: 0.02251270  delta_q: 0.00327225  
INFO|2024-09-26 22:22:52: 	ZTest-ema: PQ_Vm_rmse: 0.000112  PQ_Va_rmse: 0.001290  PV_Va_rmse: 0.001328  delta_p: 0.008550  delta_q: 0.001274  
INFO|2024-09-26 22:22:52: 	           ValOfEMA:0.001328/0.001277,  Epoch:47/46
INFO|2024-09-26 22:22:53: 	Time(ep):870s,  Val(curr/best):0.005540/0.002170,  Epoch(curr/best):47/39
INFO|2024-09-26 22:22:53: -------------------- Epoch: 48 --------------------
INFO|2024-09-26 22:24:09: Epoch[048/100], iter[040/392], loss_total:0.26835, loss_equ:0.74531 loss_pq_vm:0.00462 loss_pq_va:0.07449 loss_pv_va:0.07312
INFO|2024-09-26 22:25:22: Epoch[048/100], iter[079/392], loss_total:0.22644, loss_equ:0.59833 loss_pq_vm:0.00412 loss_pq_va:0.06449 loss_pv_va:0.06088
INFO|2024-09-26 22:26:35: Epoch[048/100], iter[118/392], loss_total:0.25388, loss_equ:0.56863 loss_pq_vm:0.00328 loss_pq_va:0.08366 loss_pv_va:0.08057
INFO|2024-09-26 22:27:48: Epoch[048/100], iter[157/392], loss_total:0.20195, loss_equ:0.63052 loss_pq_vm:0.00347 loss_pq_va:0.05163 loss_pv_va:0.05257
INFO|2024-09-26 22:29:01: Epoch[048/100], iter[196/392], loss_total:0.20062, loss_equ:0.52301 loss_pq_vm:0.00346 loss_pq_va:0.05608 loss_pv_va:0.05759
INFO|2024-09-26 22:30:13: Epoch[048/100], iter[235/392], loss_total:0.23323, loss_equ:0.64272 loss_pq_vm:0.00574 loss_pq_va:0.05645 loss_pv_va:0.05512
INFO|2024-09-26 22:31:26: Epoch[048/100], iter[274/392], loss_total:0.31780, loss_equ:0.68257 loss_pq_vm:0.00503 loss_pq_va:0.10138 loss_pv_va:0.09791
INFO|2024-09-26 22:32:39: Epoch[048/100], iter[313/392], loss_total:0.24159, loss_equ:0.73006 loss_pq_vm:0.00331 loss_pq_va:0.06708 loss_pv_va:0.06841
INFO|2024-09-26 22:33:51: Epoch[048/100], iter[352/392], loss_total:0.20518, loss_equ:0.72581 loss_pq_vm:0.00399 loss_pq_va:0.04588 loss_pv_va:0.04686
INFO|2024-09-26 22:35:06: Epoch[048/100], iter[392/392], loss_total:0.22868, loss_equ:0.65976 loss_pq_vm:0.00391 loss_pq_va:0.06390 loss_pv_va:0.05969
INFO|2024-09-26 22:37:22: Epoch 47/100, lr:  0.00053608, eta: 12.56h, train_loss:  0.22946, valid_loss:  0.26289
INFO|2024-09-26 22:37:22: 	Train: PQ_Vm_rmse: 0.00013128  PQ_Va_rmse: 0.00321337  PV_Va_rmse: 0.00309047  delta_p: 0.01867891  delta_q: 0.00255865  
INFO|2024-09-26 22:37:22: 	ZTest: PQ_Vm_rmse: 0.00012648  PQ_Va_rmse: 0.00561204  PV_Va_rmse: 0.00464829  delta_p: 0.02625186  delta_q: 0.00337911  
INFO|2024-09-26 22:37:22: 	ZTest-ema: PQ_Vm_rmse: 0.000102  PQ_Va_rmse: 0.001270  PV_Va_rmse: 0.001302  delta_p: 0.013024  delta_q: 0.001683  
INFO|2024-09-26 22:37:22: 	           ValOfEMA:0.001302/0.001277,  Epoch:48/46
INFO|2024-09-26 22:37:23: 	Time(ep):869s,  Val(curr/best):0.005612/0.002170,  Epoch(curr/best):48/39
INFO|2024-09-26 22:37:23: -------------------- Epoch: 49 --------------------
INFO|2024-09-26 22:38:39: Epoch[049/100], iter[040/392], loss_total:0.20705, loss_equ:0.58962 loss_pq_vm:0.00352 loss_pq_va:0.05779 loss_pv_va:0.05512
INFO|2024-09-26 22:39:51: Epoch[049/100], iter[079/392], loss_total:0.26599, loss_equ:0.58350 loss_pq_vm:0.00393 loss_pq_va:0.08579 loss_pv_va:0.08256
INFO|2024-09-26 22:41:03: Epoch[049/100], iter[118/392], loss_total:0.18289, loss_equ:0.50809 loss_pq_vm:0.00369 loss_pq_va:0.04746 loss_pv_va:0.04775
INFO|2024-09-26 22:42:16: Epoch[049/100], iter[157/392], loss_total:0.20180, loss_equ:0.55249 loss_pq_vm:0.00499 loss_pq_va:0.04740 loss_pv_va:0.04926
INFO|2024-09-26 22:43:28: Epoch[049/100], iter[196/392], loss_total:0.21359, loss_equ:0.66482 loss_pq_vm:0.00349 loss_pq_va:0.05781 loss_pv_va:0.05439
INFO|2024-09-26 22:44:41: Epoch[049/100], iter[235/392], loss_total:0.20652, loss_equ:0.56077 loss_pq_vm:0.00356 loss_pq_va:0.05741 loss_pv_va:0.05743
INFO|2024-09-26 22:45:53: Epoch[049/100], iter[274/392], loss_total:0.20852, loss_equ:0.53590 loss_pq_vm:0.00347 loss_pq_va:0.05999 loss_pv_va:0.06020
INFO|2024-09-26 22:47:06: Epoch[049/100], iter[313/392], loss_total:0.17476, loss_equ:0.50120 loss_pq_vm:0.00369 loss_pq_va:0.04313 loss_pv_va:0.04460
INFO|2024-09-26 22:48:18: Epoch[049/100], iter[352/392], loss_total:0.19170, loss_equ:0.60566 loss_pq_vm:0.00455 loss_pq_va:0.04207 loss_pv_va:0.04356
INFO|2024-09-26 22:49:32: Epoch[049/100], iter[392/392], loss_total:0.18244, loss_equ:0.49203 loss_pq_vm:0.00359 loss_pq_va:0.04797 loss_pv_va:0.04932
INFO|2024-09-26 22:51:49: Epoch 48/100, lr:  0.00052055, eta: 12.27h, train_loss:  0.20952, valid_loss:  0.24790
INFO|2024-09-26 22:51:49: 	Train: PQ_Vm_rmse: 0.00014009  PQ_Va_rmse: 0.00243191  PV_Va_rmse: 0.00234452  delta_p: 0.01283449  delta_q: 0.00209924  
INFO|2024-09-26 22:51:49: 	ZTest: PQ_Vm_rmse: 0.00023324  PQ_Va_rmse: 0.00340079  PV_Va_rmse: 0.00349382  delta_p: 0.00914836  delta_q: 0.00338059  
INFO|2024-09-26 22:51:49: 	ZTest-ema: PQ_Vm_rmse: 0.000098  PQ_Va_rmse: 0.001227  PV_Va_rmse: 0.001252  delta_p: 0.008216  delta_q: 0.001069  
INFO|2024-09-26 22:51:49: 	           ValOfEMA:0.001252/0.001252,  Epoch:49/49
INFO|2024-09-26 22:51:50: 	Time(ep):866s,  Val(curr/best):0.003494/0.002170,  Epoch(curr/best):49/39
INFO|2024-09-26 22:51:50: -------------------- Epoch: 50 --------------------
INFO|2024-09-26 22:53:07: Epoch[050/100], iter[040/392], loss_total:0.18409, loss_equ:0.48037 loss_pq_vm:0.00327 loss_pq_va:0.05192 loss_pv_va:0.05142
INFO|2024-09-26 22:54:20: Epoch[050/100], iter[079/392], loss_total:0.25877, loss_equ:0.56074 loss_pq_vm:0.00515 loss_pq_va:0.07625 loss_pv_va:0.07494
INFO|2024-09-26 22:55:32: Epoch[050/100], iter[118/392], loss_total:0.21209, loss_equ:0.56950 loss_pq_vm:0.00509 loss_pq_va:0.05208 loss_pv_va:0.05212
INFO|2024-09-26 22:56:45: Epoch[050/100], iter[157/392], loss_total:0.26776, loss_equ:0.68964 loss_pq_vm:0.00532 loss_pq_va:0.07138 loss_pv_va:0.07417
INFO|2024-09-26 22:57:58: Epoch[050/100], iter[196/392], loss_total:0.23598, loss_equ:0.76055 loss_pq_vm:0.00412 loss_pq_va:0.05673 loss_pv_va:0.06199
INFO|2024-09-26 22:59:11: Epoch[050/100], iter[235/392], loss_total:0.20450, loss_equ:0.61031 loss_pq_vm:0.00329 loss_pq_va:0.05736 loss_pv_va:0.05325
INFO|2024-09-26 23:00:24: Epoch[050/100], iter[274/392], loss_total:0.21921, loss_equ:0.57459 loss_pq_vm:0.00361 loss_pq_va:0.06172 loss_pv_va:0.06393
INFO|2024-09-26 23:01:36: Epoch[050/100], iter[313/392], loss_total:0.19196, loss_equ:0.58407 loss_pq_vm:0.00451 loss_pq_va:0.04364 loss_pv_va:0.04479
INFO|2024-09-26 23:02:49: Epoch[050/100], iter[352/392], loss_total:0.21428, loss_equ:0.68458 loss_pq_vm:0.00405 loss_pq_va:0.05174 loss_pv_va:0.05362
INFO|2024-09-26 23:04:03: Epoch[050/100], iter[392/392], loss_total:0.23872, loss_equ:0.64602 loss_pq_vm:0.00743 loss_pq_va:0.04957 loss_pv_va:0.05028
INFO|2024-09-26 23:06:21: Epoch 49/100, lr:  0.00050500, eta: 12.09h, train_loss:  0.22524, valid_loss:  0.25183
INFO|2024-09-26 23:06:21: 	Train: PQ_Vm_rmse: 0.00016292  PQ_Va_rmse: 0.00280403  PV_Va_rmse: 0.00283856  delta_p: 0.01470695  delta_q: 0.00226564  
INFO|2024-09-26 23:06:21: 	ZTest: PQ_Vm_rmse: 0.00013888  PQ_Va_rmse: 0.00240921  PV_Va_rmse: 0.00257110  delta_p: 0.01370420  delta_q: 0.00158880  
INFO|2024-09-26 23:06:21: 	ZTest-ema: PQ_Vm_rmse: 0.000107  PQ_Va_rmse: 0.001380  PV_Va_rmse: 0.001423  delta_p: 0.008244  delta_q: 0.001598  
INFO|2024-09-26 23:06:21: 	           ValOfEMA:0.001423/0.001252,  Epoch:50/49
INFO|2024-09-26 23:06:21: 	Time(ep):870s,  Val(curr/best):0.002571/0.002170,  Epoch(curr/best):50/39
INFO|2024-09-26 23:06:21: -------------------- Epoch: 51 --------------------
INFO|2024-09-26 23:07:37: Epoch[051/100], iter[040/392], loss_total:0.21783, loss_equ:0.65697 loss_pq_vm:0.00597 loss_pq_va:0.04743 loss_pv_va:0.04498
INFO|2024-09-26 23:08:50: Epoch[051/100], iter[079/392], loss_total:0.21792, loss_equ:0.74691 loss_pq_vm:0.00337 loss_pq_va:0.05308 loss_pv_va:0.05649
INFO|2024-09-26 23:10:03: Epoch[051/100], iter[118/392], loss_total:0.20726, loss_equ:0.67408 loss_pq_vm:0.00435 loss_pq_va:0.04746 loss_pv_va:0.04886
INFO|2024-09-26 23:11:15: Epoch[051/100], iter[157/392], loss_total:0.25272, loss_equ:0.57865 loss_pq_vm:0.00472 loss_pq_va:0.07340 loss_pv_va:0.07423
INFO|2024-09-26 23:12:28: Epoch[051/100], iter[196/392], loss_total:0.19071, loss_equ:0.51603 loss_pq_vm:0.00417 loss_pq_va:0.04909 loss_pv_va:0.04829
INFO|2024-09-26 23:13:40: Epoch[051/100], iter[235/392], loss_total:0.20009, loss_equ:0.56139 loss_pq_vm:0.00421 loss_pq_va:0.05068 loss_pv_va:0.05120
INFO|2024-09-26 23:14:53: Epoch[051/100], iter[274/392], loss_total:0.21567, loss_equ:0.62733 loss_pq_vm:0.00592 loss_pq_va:0.04708 loss_pv_va:0.04669
INFO|2024-09-26 23:16:05: Epoch[051/100], iter[313/392], loss_total:0.19091, loss_equ:0.56452 loss_pq_vm:0.00374 loss_pq_va:0.05008 loss_pv_va:0.04699
INFO|2024-09-26 23:17:17: Epoch[051/100], iter[352/392], loss_total:0.19945, loss_equ:0.58894 loss_pq_vm:0.00420 loss_pq_va:0.04899 loss_pv_va:0.04954
INFO|2024-09-26 23:18:32: Epoch[051/100], iter[392/392], loss_total:0.22308, loss_equ:0.60909 loss_pq_vm:0.00338 loss_pq_va:0.06403 loss_pv_va:0.06431
INFO|2024-09-26 23:20:49: Epoch 50/100, lr:  0.00048945, eta: 11.81h, train_loss:  0.21824, valid_loss:  0.25279
INFO|2024-09-26 23:20:49: 	Train: PQ_Vm_rmse: 0.00018630  PQ_Va_rmse: 0.00242463  PV_Va_rmse: 0.00239618  delta_p: 0.01536161  delta_q: 0.00270239  
INFO|2024-09-26 23:20:49: 	ZTest: PQ_Vm_rmse: 0.00016869  PQ_Va_rmse: 0.00549508  PV_Va_rmse: 0.00554204  delta_p: 0.01097221  delta_q: 0.00274614  
INFO|2024-09-26 23:20:49: 	ZTest-ema: PQ_Vm_rmse: 0.000113  PQ_Va_rmse: 0.001256  PV_Va_rmse: 0.001334  delta_p: 0.010284  delta_q: 0.001068  
INFO|2024-09-26 23:20:49: 	           ValOfEMA:0.001334/0.001252,  Epoch:51/49
INFO|2024-09-26 23:20:50: 	Time(ep):867s,  Val(curr/best):0.005542/0.002170,  Epoch(curr/best):51/39
INFO|2024-09-26 23:20:50: -------------------- Epoch: 52 --------------------
INFO|2024-09-26 23:22:07: Epoch[052/100], iter[040/392], loss_total:0.18076, loss_equ:0.54128 loss_pq_vm:0.00363 loss_pq_va:0.04482 loss_pv_va:0.04554
INFO|2024-09-26 23:23:20: Epoch[052/100], iter[079/392], loss_total:0.20134, loss_equ:0.53505 loss_pq_vm:0.00377 loss_pq_va:0.05580 loss_pv_va:0.05435
INFO|2024-09-26 23:24:32: Epoch[052/100], iter[118/392], loss_total:0.20360, loss_equ:0.50373 loss_pq_vm:0.00364 loss_pq_va:0.05915 loss_pv_va:0.05765
INFO|2024-09-26 23:25:45: Epoch[052/100], iter[157/392], loss_total:0.21847, loss_equ:0.62324 loss_pq_vm:0.00387 loss_pq_va:0.06033 loss_pv_va:0.05712
INFO|2024-09-26 23:26:58: Epoch[052/100], iter[196/392], loss_total:0.16381, loss_equ:0.48330 loss_pq_vm:0.00328 loss_pq_va:0.04196 loss_pv_va:0.04074
INFO|2024-09-26 23:28:10: Epoch[052/100], iter[235/392], loss_total:0.17104, loss_equ:0.51867 loss_pq_vm:0.00342 loss_pq_va:0.04301 loss_pv_va:0.04200
INFO|2024-09-26 23:29:23: Epoch[052/100], iter[274/392], loss_total:0.22715, loss_equ:0.81025 loss_pq_vm:0.00342 loss_pq_va:0.04911 loss_pv_va:0.06281
INFO|2024-09-26 23:30:36: Epoch[052/100], iter[313/392], loss_total:0.19939, loss_equ:0.53469 loss_pq_vm:0.00350 loss_pq_va:0.05533 loss_pv_va:0.05563
INFO|2024-09-26 23:31:49: Epoch[052/100], iter[352/392], loss_total:0.22070, loss_equ:0.64819 loss_pq_vm:0.00333 loss_pq_va:0.06413 loss_pv_va:0.05849
INFO|2024-09-26 23:33:03: Epoch[052/100], iter[392/392], loss_total:0.38825, loss_equ:0.98654 loss_pq_vm:0.00667 loss_pq_va:0.10863 loss_pv_va:0.11427
INFO|2024-09-26 23:35:20: Epoch 51/100, lr:  0.00047392, eta: 11.6h, train_loss:  0.22264, valid_loss:  0.39705
INFO|2024-09-26 23:35:20: 	Train: PQ_Vm_rmse: 0.00015243  PQ_Va_rmse: 0.00295849  PV_Va_rmse: 0.00299812  delta_p: 0.01696566  delta_q: 0.00249582  
INFO|2024-09-26 23:35:20: 	ZTest: PQ_Vm_rmse: 0.00036232  PQ_Va_rmse: 0.00586590  PV_Va_rmse: 0.00630227  delta_p: 0.02902350  delta_q: 0.00490798  
INFO|2024-09-26 23:35:20: 	ZTest-ema: PQ_Vm_rmse: 0.000127  PQ_Va_rmse: 0.002167  PV_Va_rmse: 0.002144  delta_p: 0.007833  delta_q: 0.001555  
INFO|2024-09-26 23:35:20: 	           ValOfEMA:0.002167/0.001252,  Epoch:52/49
INFO|2024-09-26 23:35:21: 	Time(ep):870s,  Val(curr/best):0.006302/0.002170,  Epoch(curr/best):52/39
INFO|2024-09-26 23:35:21: -------------------- Epoch: 53 --------------------
INFO|2024-09-26 23:36:38: Epoch[053/100], iter[040/392], loss_total:0.20153, loss_equ:0.54538 loss_pq_vm:0.00407 loss_pq_va:0.05330 loss_pv_va:0.05296
INFO|2024-09-26 23:37:52: Epoch[053/100], iter[079/392], loss_total:0.17743, loss_equ:0.52179 loss_pq_vm:0.00367 loss_pq_va:0.04491 loss_pv_va:0.04363
INFO|2024-09-26 23:39:05: Epoch[053/100], iter[118/392], loss_total:0.20454, loss_equ:0.51580 loss_pq_vm:0.00461 loss_pq_va:0.05306 loss_pv_va:0.05380
INFO|2024-09-26 23:40:19: Epoch[053/100], iter[157/392], loss_total:0.17767, loss_equ:0.59484 loss_pq_vm:0.00328 loss_pq_va:0.04162 loss_pv_va:0.04379
INFO|2024-09-26 23:41:31: Epoch[053/100], iter[196/392], loss_total:0.18099, loss_equ:0.49489 loss_pq_vm:0.00322 loss_pq_va:0.04877 loss_pv_va:0.05057
INFO|2024-09-26 23:42:44: Epoch[053/100], iter[235/392], loss_total:0.22216, loss_equ:0.66222 loss_pq_vm:0.00448 loss_pq_va:0.05553 loss_pv_va:0.05564
INFO|2024-09-26 23:43:57: Epoch[053/100], iter[274/392], loss_total:0.21516, loss_equ:0.64481 loss_pq_vm:0.00469 loss_pq_va:0.05099 loss_pv_va:0.05279
INFO|2024-09-26 23:45:10: Epoch[053/100], iter[313/392], loss_total:0.19536, loss_equ:0.57263 loss_pq_vm:0.00350 loss_pq_va:0.05144 loss_pv_va:0.05167
INFO|2024-09-26 23:46:22: Epoch[053/100], iter[352/392], loss_total:0.18190, loss_equ:0.50630 loss_pq_vm:0.00369 loss_pq_va:0.04721 loss_pv_va:0.04719
INFO|2024-09-26 23:47:36: Epoch[053/100], iter[392/392], loss_total:0.18262, loss_equ:0.49597 loss_pq_vm:0.00443 loss_pq_va:0.04389 loss_pv_va:0.04479
INFO|2024-09-26 23:49:54: Epoch 52/100, lr:  0.00045842, eta: 11.4h, train_loss:  0.21182, valid_loss:  0.20018
INFO|2024-09-26 23:49:54: 	Train: PQ_Vm_rmse: 0.00016065  PQ_Va_rmse: 0.00223809  PV_Va_rmse: 0.00222309  delta_p: 0.01508117  delta_q: 0.00253677  
INFO|2024-09-26 23:49:54: 	ZTest: PQ_Vm_rmse: 0.00021360  PQ_Va_rmse: 0.00192075  PV_Va_rmse: 0.00169667  delta_p: 0.01479459  delta_q: 0.00381172  
INFO|2024-09-26 23:49:54: 	ZTest-ema: PQ_Vm_rmse: 0.000101  PQ_Va_rmse: 0.001330  PV_Va_rmse: 0.001377  delta_p: 0.006145  delta_q: 0.001084  
INFO|2024-09-26 23:49:54: 	           ValOfEMA:0.001377/0.001252,  Epoch:53/49
INFO|2024-09-26 23:49:56: 	Time(ep):873s,  Val(curr/best):0.001921/0.001921,  Epoch(curr/best):53/53
INFO|2024-09-26 23:49:56: -------------------- Epoch: 54 --------------------
INFO|2024-09-26 23:51:12: Epoch[054/100], iter[040/392], loss_total:0.20970, loss_equ:0.56422 loss_pq_vm:0.00504 loss_pq_va:0.05138 loss_pv_va:0.05150
INFO|2024-09-26 23:52:25: Epoch[054/100], iter[079/392], loss_total:0.20155, loss_equ:0.53106 loss_pq_vm:0.00354 loss_pq_va:0.05650 loss_pv_va:0.05658
INFO|2024-09-26 23:53:37: Epoch[054/100], iter[118/392], loss_total:0.17247, loss_equ:0.47819 loss_pq_vm:0.00331 loss_pq_va:0.04582 loss_pv_va:0.04576
INFO|2024-09-26 23:54:50: Epoch[054/100], iter[157/392], loss_total:0.27171, loss_equ:0.63339 loss_pq_vm:0.00720 loss_pq_va:0.06956 loss_pv_va:0.06684
INFO|2024-09-26 23:56:02: Epoch[054/100], iter[196/392], loss_total:0.22304, loss_equ:0.64853 loss_pq_vm:0.00523 loss_pq_va:0.05228 loss_pv_va:0.05357
INFO|2024-09-26 23:57:14: Epoch[054/100], iter[235/392], loss_total:0.20634, loss_equ:0.49648 loss_pq_vm:0.00362 loss_pq_va:0.06022 loss_pv_va:0.06027
INFO|2024-09-26 23:58:27: Epoch[054/100], iter[274/392], loss_total:0.18877, loss_equ:0.48472 loss_pq_vm:0.00357 loss_pq_va:0.05229 loss_pv_va:0.05226
INFO|2024-09-26 23:59:39: Epoch[054/100], iter[313/392], loss_total:0.19335, loss_equ:0.55108 loss_pq_vm:0.00305 loss_pq_va:0.05504 loss_pv_va:0.05267
INFO|2024-09-27 00:00:52: Epoch[054/100], iter[352/392], loss_total:0.22003, loss_equ:0.49039 loss_pq_vm:0.00317 loss_pq_va:0.07004 loss_pv_va:0.06925
INFO|2024-09-27 00:02:07: Epoch[054/100], iter[392/392], loss_total:0.18311, loss_equ:0.46846 loss_pq_vm:0.00351 loss_pq_va:0.05035 loss_pv_va:0.05078
INFO|2024-09-27 00:04:24: Epoch 53/100, lr:  0.00044296, eta: 11.1h, train_loss:  0.20199, valid_loss:  0.19393
INFO|2024-09-27 00:04:24: 	Train: PQ_Vm_rmse: 0.00015198  PQ_Va_rmse: 0.00234067  PV_Va_rmse: 0.00229302  delta_p: 0.01299348  delta_q: 0.00219891  
INFO|2024-09-27 00:04:24: 	ZTest: PQ_Vm_rmse: 0.00022526  PQ_Va_rmse: 0.00168468  PV_Va_rmse: 0.00161779  delta_p: 0.00858906  delta_q: 0.00315988  
INFO|2024-09-27 00:04:24: 	ZTest-ema: PQ_Vm_rmse: 0.000086  PQ_Va_rmse: 0.001344  PV_Va_rmse: 0.001354  delta_p: 0.005750  delta_q: 0.000848  
INFO|2024-09-27 00:04:24: 	           ValOfEMA:0.001354/0.001252,  Epoch:54/49
INFO|2024-09-27 00:04:26: 	Time(ep):868s,  Val(curr/best):0.001685/0.001685,  Epoch(curr/best):54/54
INFO|2024-09-27 00:04:26: -------------------- Epoch: 55 --------------------
INFO|2024-09-27 00:05:42: Epoch[055/100], iter[040/392], loss_total:0.20992, loss_equ:0.47614 loss_pq_vm:0.00319 loss_pq_va:0.06500 loss_pv_va:0.06539
INFO|2024-09-27 00:06:55: Epoch[055/100], iter[079/392], loss_total:0.16595, loss_equ:0.45767 loss_pq_vm:0.00299 loss_pq_va:0.04579 loss_pv_va:0.04452
INFO|2024-09-27 00:08:08: Epoch[055/100], iter[118/392], loss_total:0.22673, loss_equ:0.76505 loss_pq_vm:0.00314 loss_pq_va:0.05662 loss_pv_va:0.06222
INFO|2024-09-27 00:09:22: Epoch[055/100], iter[157/392], loss_total:0.18126, loss_equ:0.53727 loss_pq_vm:0.00441 loss_pq_va:0.04036 loss_pv_va:0.04304
INFO|2024-09-27 00:10:35: Epoch[055/100], iter[196/392], loss_total:0.18275, loss_equ:0.57631 loss_pq_vm:0.00402 loss_pq_va:0.04257 loss_pv_va:0.04234
INFO|2024-09-27 00:11:48: Epoch[055/100], iter[235/392], loss_total:0.23629, loss_equ:0.62674 loss_pq_vm:0.00324 loss_pq_va:0.07228 loss_pv_va:0.06890
INFO|2024-09-27 00:13:00: Epoch[055/100], iter[274/392], loss_total:0.19795, loss_equ:0.54336 loss_pq_vm:0.00334 loss_pq_va:0.05524 loss_pv_va:0.05499
INFO|2024-09-27 00:14:13: Epoch[055/100], iter[313/392], loss_total:0.19001, loss_equ:0.50045 loss_pq_vm:0.00376 loss_pq_va:0.05157 loss_pv_va:0.05075
INFO|2024-09-27 00:15:26: Epoch[055/100], iter[352/392], loss_total:0.19757, loss_equ:0.54547 loss_pq_vm:0.00358 loss_pq_va:0.05457 loss_pv_va:0.05262
INFO|2024-09-27 00:16:41: Epoch[055/100], iter[392/392], loss_total:0.22175, loss_equ:0.67203 loss_pq_vm:0.00437 loss_pq_va:0.05369 loss_pv_va:0.05712
INFO|2024-09-27 00:18:58: Epoch 54/100, lr:  0.00042756, eta: 10.91h, train_loss:  0.19031, valid_loss:  0.24197
INFO|2024-09-27 00:18:58: 	Train: PQ_Vm_rmse: 0.00011231  PQ_Va_rmse: 0.00202141  PV_Va_rmse: 0.00202571  delta_p: 0.01251731  delta_q: 0.00176941  
INFO|2024-09-27 00:18:58: 	ZTest: PQ_Vm_rmse: 0.00021417  PQ_Va_rmse: 0.00284669  PV_Va_rmse: 0.00300076  delta_p: 0.01484330  delta_q: 0.00205345  
INFO|2024-09-27 00:18:58: 	ZTest-ema: PQ_Vm_rmse: 0.000104  PQ_Va_rmse: 0.001426  PV_Va_rmse: 0.001443  delta_p: 0.008226  delta_q: 0.001383  
INFO|2024-09-27 00:18:58: 	           ValOfEMA:0.001443/0.001252,  Epoch:55/49
INFO|2024-09-27 00:18:59: 	Time(ep):872s,  Val(curr/best):0.003001/0.001685,  Epoch(curr/best):55/54
INFO|2024-09-27 00:18:59: -------------------- Epoch: 56 --------------------
INFO|2024-09-27 00:20:15: Epoch[056/100], iter[040/392], loss_total:0.23325, loss_equ:0.63436 loss_pq_vm:0.00449 loss_pq_va:0.06201 loss_pv_va:0.06290
INFO|2024-09-27 00:21:27: Epoch[056/100], iter[079/392], loss_total:0.20089, loss_equ:0.62374 loss_pq_vm:0.00448 loss_pq_va:0.04522 loss_pv_va:0.04855
INFO|2024-09-27 00:22:40: Epoch[056/100], iter[118/392], loss_total:0.17762, loss_equ:0.57593 loss_pq_vm:0.00389 loss_pq_va:0.04047 loss_pv_va:0.04066
INFO|2024-09-27 00:23:52: Epoch[056/100], iter[157/392], loss_total:0.20212, loss_equ:0.59177 loss_pq_vm:0.00328 loss_pq_va:0.05457 loss_pv_va:0.05562
INFO|2024-09-27 00:25:04: Epoch[056/100], iter[196/392], loss_total:0.16598, loss_equ:0.46498 loss_pq_vm:0.00381 loss_pq_va:0.04004 loss_pv_va:0.04137
INFO|2024-09-27 00:26:17: Epoch[056/100], iter[235/392], loss_total:0.15453, loss_equ:0.44507 loss_pq_vm:0.00327 loss_pq_va:0.03878 loss_pv_va:0.03859
INFO|2024-09-27 00:27:29: Epoch[056/100], iter[274/392], loss_total:0.15542, loss_equ:0.44135 loss_pq_vm:0.00340 loss_pq_va:0.03902 loss_pv_va:0.03821
INFO|2024-09-27 00:28:41: Epoch[056/100], iter[313/392], loss_total:0.19993, loss_equ:0.62488 loss_pq_vm:0.00330 loss_pq_va:0.04897 loss_pv_va:0.05545
INFO|2024-09-27 00:29:54: Epoch[056/100], iter[352/392], loss_total:0.17437, loss_equ:0.57905 loss_pq_vm:0.00306 loss_pq_va:0.04329 loss_pv_va:0.04261
INFO|2024-09-27 00:31:08: Epoch[056/100], iter[392/392], loss_total:0.15974, loss_equ:0.50958 loss_pq_vm:0.00340 loss_pq_va:0.03761 loss_pv_va:0.03723
INFO|2024-09-27 00:33:26: Epoch 55/100, lr:  0.00041225, eta: 10.59h, train_loss:  0.20485, valid_loss:  0.23069
INFO|2024-09-27 00:33:26: 	Train: PQ_Vm_rmse: 0.00012806  PQ_Va_rmse: 0.00215639  PV_Va_rmse: 0.00216386  delta_p: 0.01401731  delta_q: 0.00221907  
INFO|2024-09-27 00:33:26: 	ZTest: PQ_Vm_rmse: 0.00011603  PQ_Va_rmse: 0.00383662  PV_Va_rmse: 0.00339558  delta_p: 0.02065291  delta_q: 0.00290703  
INFO|2024-09-27 00:33:26: 	ZTest-ema: PQ_Vm_rmse: 0.000101  PQ_Va_rmse: 0.001309  PV_Va_rmse: 0.001353  delta_p: 0.007797  delta_q: 0.001065  
INFO|2024-09-27 00:33:26: 	           ValOfEMA:0.001353/0.001252,  Epoch:56/49
INFO|2024-09-27 00:33:26: 	Time(ep):866s,  Val(curr/best):0.003837/0.001685,  Epoch(curr/best):56/54
INFO|2024-09-27 00:33:26: -------------------- Epoch: 57 --------------------
INFO|2024-09-27 00:34:42: Epoch[057/100], iter[040/392], loss_total:0.20577, loss_equ:0.62699 loss_pq_vm:0.00416 loss_pq_va:0.04979 loss_pv_va:0.05165
INFO|2024-09-27 00:35:55: Epoch[057/100], iter[079/392], loss_total:0.19228, loss_equ:0.58459 loss_pq_vm:0.00294 loss_pq_va:0.05467 loss_pv_va:0.04973
INFO|2024-09-27 00:37:08: Epoch[057/100], iter[118/392], loss_total:0.20012, loss_equ:0.51339 loss_pq_vm:0.00309 loss_pq_va:0.05966 loss_pv_va:0.05826
INFO|2024-09-27 00:38:20: Epoch[057/100], iter[157/392], loss_total:0.16467, loss_equ:0.51875 loss_pq_vm:0.00326 loss_pq_va:0.04102 loss_pv_va:0.03920
INFO|2024-09-27 00:39:33: Epoch[057/100], iter[196/392], loss_total:0.17353, loss_equ:0.49317 loss_pq_vm:0.00389 loss_pq_va:0.04274 loss_pv_va:0.04255
INFO|2024-09-27 00:40:46: Epoch[057/100], iter[235/392], loss_total:0.16026, loss_equ:0.43244 loss_pq_vm:0.00285 loss_pq_va:0.04498 loss_pv_va:0.04358
INFO|2024-09-27 00:41:59: Epoch[057/100], iter[274/392], loss_total:0.22346, loss_equ:0.57185 loss_pq_vm:0.00395 loss_pq_va:0.06539 loss_pv_va:0.06142
INFO|2024-09-27 00:43:11: Epoch[057/100], iter[313/392], loss_total:0.16450, loss_equ:0.47571 loss_pq_vm:0.00322 loss_pq_va:0.04224 loss_pv_va:0.04249
INFO|2024-09-27 00:44:23: Epoch[057/100], iter[352/392], loss_total:0.18672, loss_equ:0.53689 loss_pq_vm:0.00476 loss_pq_va:0.04248 loss_pv_va:0.04296
INFO|2024-09-27 00:45:37: Epoch[057/100], iter[392/392], loss_total:0.16831, loss_equ:0.46829 loss_pq_vm:0.00371 loss_pq_va:0.04193 loss_pv_va:0.04243
INFO|2024-09-27 00:47:55: Epoch 56/100, lr:  0.00039702, eta: 10.38h, train_loss:  0.18257, valid_loss:  0.19079
INFO|2024-09-27 00:47:55: 	Train: PQ_Vm_rmse: 0.00010747  PQ_Va_rmse: 0.00189978  PV_Va_rmse: 0.00184354  delta_p: 0.01153742  delta_q: 0.00169794  
INFO|2024-09-27 00:47:55: 	ZTest: PQ_Vm_rmse: 0.00013235  PQ_Va_rmse: 0.00186876  PV_Va_rmse: 0.00207653  delta_p: 0.01096010  delta_q: 0.00181770  
INFO|2024-09-27 00:47:55: 	ZTest-ema: PQ_Vm_rmse: 0.000105  PQ_Va_rmse: 0.001185  PV_Va_rmse: 0.001243  delta_p: 0.008012  delta_q: 0.001450  
INFO|2024-09-27 00:47:55: 	           ValOfEMA:0.001243/0.001243,  Epoch:57/57
INFO|2024-09-27 00:47:56: 	Time(ep):868s,  Val(curr/best):0.002077/0.001685,  Epoch(curr/best):57/54
INFO|2024-09-27 00:47:56: -------------------- Epoch: 58 --------------------
INFO|2024-09-27 00:49:13: Epoch[058/100], iter[040/392], loss_total:0.17391, loss_equ:0.52447 loss_pq_vm:0.00312 loss_pq_va:0.04430 loss_pv_va:0.04594
INFO|2024-09-27 00:50:26: Epoch[058/100], iter[079/392], loss_total:0.15850, loss_equ:0.45950 loss_pq_vm:0.00340 loss_pq_va:0.04014 loss_pv_va:0.03841
INFO|2024-09-27 00:51:38: Epoch[058/100], iter[118/392], loss_total:0.19041, loss_equ:0.55741 loss_pq_vm:0.00446 loss_pq_va:0.04423 loss_pv_va:0.04582
INFO|2024-09-27 00:52:50: Epoch[058/100], iter[157/392], loss_total:0.20381, loss_equ:0.58612 loss_pq_vm:0.00490 loss_pq_va:0.04849 loss_pv_va:0.04769
INFO|2024-09-27 00:54:03: Epoch[058/100], iter[196/392], loss_total:0.17111, loss_equ:0.52248 loss_pq_vm:0.00322 loss_pq_va:0.04379 loss_pv_va:0.04288
INFO|2024-09-27 00:55:16: Epoch[058/100], iter[235/392], loss_total:0.21002, loss_equ:0.51004 loss_pq_vm:0.00346 loss_pq_va:0.06397 loss_pv_va:0.06048
INFO|2024-09-27 00:56:28: Epoch[058/100], iter[274/392], loss_total:0.17349, loss_equ:0.48788 loss_pq_vm:0.00347 loss_pq_va:0.04521 loss_pv_va:0.04484
INFO|2024-09-27 00:57:40: Epoch[058/100], iter[313/392], loss_total:0.21029, loss_equ:0.57364 loss_pq_vm:0.00552 loss_pq_va:0.04903 loss_pv_va:0.04869
INFO|2024-09-27 00:58:52: Epoch[058/100], iter[352/392], loss_total:0.17647, loss_equ:0.52111 loss_pq_vm:0.00523 loss_pq_va:0.03594 loss_pv_va:0.03617
INFO|2024-09-27 01:00:07: Epoch[058/100], iter[392/392], loss_total:0.23257, loss_equ:0.72895 loss_pq_vm:0.00575 loss_pq_va:0.05032 loss_pv_va:0.05190
INFO|2024-09-27 01:02:23: Epoch 57/100, lr:  0.00038190, eta: 10.12h, train_loss:  0.18678, valid_loss:  0.23636
INFO|2024-09-27 01:02:23: 	Train: PQ_Vm_rmse: 0.00013393  PQ_Va_rmse: 0.00185111  PV_Va_rmse: 0.00184881  delta_p: 0.01188371  delta_q: 0.00200396  
INFO|2024-09-27 01:02:23: 	ZTest: PQ_Vm_rmse: 0.00014450  PQ_Va_rmse: 0.00208503  PV_Va_rmse: 0.00212208  delta_p: 0.00831296  delta_q: 0.00157897  
INFO|2024-09-27 01:02:23: 	ZTest-ema: PQ_Vm_rmse: 0.000091  PQ_Va_rmse: 0.001266  PV_Va_rmse: 0.001307  delta_p: 0.005522  delta_q: 0.001017  
INFO|2024-09-27 01:02:23: 	           ValOfEMA:0.001307/0.001243,  Epoch:58/57
INFO|2024-09-27 01:02:24: 	Time(ep):867s,  Val(curr/best):0.002122/0.001685,  Epoch(curr/best):58/54
INFO|2024-09-27 01:02:24: -------------------- Epoch: 59 --------------------
INFO|2024-09-27 01:03:40: Epoch[059/100], iter[040/392], loss_total:0.18192, loss_equ:0.53304 loss_pq_vm:0.00455 loss_pq_va:0.04005 loss_pv_va:0.04305
INFO|2024-09-27 01:04:53: Epoch[059/100], iter[079/392], loss_total:0.23582, loss_equ:0.71597 loss_pq_vm:0.00733 loss_pq_va:0.04478 loss_pv_va:0.04616
INFO|2024-09-27 01:06:05: Epoch[059/100], iter[118/392], loss_total:0.16012, loss_equ:0.51093 loss_pq_vm:0.00324 loss_pq_va:0.03818 loss_pv_va:0.03848
INFO|2024-09-27 01:07:17: Epoch[059/100], iter[157/392], loss_total:0.15285, loss_equ:0.46892 loss_pq_vm:0.00317 loss_pq_va:0.03680 loss_pv_va:0.03749
INFO|2024-09-27 01:08:30: Epoch[059/100], iter[196/392], loss_total:0.16233, loss_equ:0.45841 loss_pq_vm:0.00299 loss_pq_va:0.04363 loss_pv_va:0.04299
INFO|2024-09-27 01:09:41: Epoch[059/100], iter[235/392], loss_total:0.16759, loss_equ:0.50770 loss_pq_vm:0.00300 loss_pq_va:0.04272 loss_pv_va:0.04406
INFO|2024-09-27 01:10:54: Epoch[059/100], iter[274/392], loss_total:0.16605, loss_equ:0.47211 loss_pq_vm:0.00326 loss_pq_va:0.04363 loss_pv_va:0.04259
INFO|2024-09-27 01:12:06: Epoch[059/100], iter[313/392], loss_total:0.17127, loss_equ:0.50036 loss_pq_vm:0.00361 loss_pq_va:0.04330 loss_pv_va:0.04186
INFO|2024-09-27 01:13:18: Epoch[059/100], iter[352/392], loss_total:0.18654, loss_equ:0.52046 loss_pq_vm:0.00361 loss_pq_va:0.04989 loss_pv_va:0.04848
INFO|2024-09-27 01:14:34: Epoch[059/100], iter[392/392], loss_total:0.18838, loss_equ:0.58556 loss_pq_vm:0.00285 loss_pq_va:0.05369 loss_pv_va:0.04762
INFO|2024-09-27 01:16:50: Epoch 58/100, lr:  0.00036690, eta: 9.86h, train_loss:  0.17429, valid_loss:  0.18777
INFO|2024-09-27 01:16:50: 	Train: PQ_Vm_rmse: 0.00011144  PQ_Va_rmse: 0.00173460  PV_Va_rmse: 0.00167843  delta_p: 0.01090758  delta_q: 0.00182556  
INFO|2024-09-27 01:16:50: 	ZTest: PQ_Vm_rmse: 0.00009755  PQ_Va_rmse: 0.00229401  PV_Va_rmse: 0.00204569  delta_p: 0.01025565  delta_q: 0.00144038  
INFO|2024-09-27 01:16:50: 	ZTest-ema: PQ_Vm_rmse: 0.000092  PQ_Va_rmse: 0.001423  PV_Va_rmse: 0.001447  delta_p: 0.006221  delta_q: 0.000927  
INFO|2024-09-27 01:16:50: 	           ValOfEMA:0.001447/0.001243,  Epoch:59/57
INFO|2024-09-27 01:16:51: 	Time(ep):866s,  Val(curr/best):0.002294/0.001685,  Epoch(curr/best):59/54
INFO|2024-09-27 01:16:51: -------------------- Epoch: 60 --------------------
INFO|2024-09-27 01:18:08: Epoch[060/100], iter[040/392], loss_total:0.16882, loss_equ:0.48023 loss_pq_vm:0.00324 loss_pq_va:0.04449 loss_pv_va:0.04388
INFO|2024-09-27 01:19:21: Epoch[060/100], iter[079/392], loss_total:0.16772, loss_equ:0.54679 loss_pq_vm:0.00298 loss_pq_va:0.04050 loss_pv_va:0.04276
INFO|2024-09-27 01:20:34: Epoch[060/100], iter[118/392], loss_total:0.16707, loss_equ:0.46529 loss_pq_vm:0.00318 loss_pq_va:0.04513 loss_pv_va:0.04366
INFO|2024-09-27 01:21:46: Epoch[060/100], iter[157/392], loss_total:0.17191, loss_equ:0.53390 loss_pq_vm:0.00300 loss_pq_va:0.04450 loss_pv_va:0.04405
INFO|2024-09-27 01:22:59: Epoch[060/100], iter[196/392], loss_total:0.19774, loss_equ:0.49402 loss_pq_vm:0.00345 loss_pq_va:0.05734 loss_pv_va:0.05646
INFO|2024-09-27 01:24:11: Epoch[060/100], iter[235/392], loss_total:0.23202, loss_equ:0.55570 loss_pq_vm:0.00591 loss_pq_va:0.05750 loss_pv_va:0.05981
INFO|2024-09-27 01:25:24: Epoch[060/100], iter[274/392], loss_total:0.22150, loss_equ:0.64439 loss_pq_vm:0.00692 loss_pq_va:0.04393 loss_pv_va:0.04389
INFO|2024-09-27 01:26:37: Epoch[060/100], iter[313/392], loss_total:0.15291, loss_equ:0.50062 loss_pq_vm:0.00332 loss_pq_va:0.03464 loss_pv_va:0.03498
INFO|2024-09-27 01:27:50: Epoch[060/100], iter[352/392], loss_total:0.14958, loss_equ:0.44087 loss_pq_vm:0.00403 loss_pq_va:0.03231 loss_pv_va:0.03287
INFO|2024-09-27 01:29:04: Epoch[060/100], iter[392/392], loss_total:0.19585, loss_equ:0.52697 loss_pq_vm:0.00409 loss_pq_va:0.05193 loss_pv_va:0.05030
INFO|2024-09-27 01:31:22: Epoch 59/100, lr:  0.00035204, eta: 9.68h, train_loss:  0.17576, valid_loss:  0.20256
INFO|2024-09-27 01:31:22: 	Train: PQ_Vm_rmse: 0.00010655  PQ_Va_rmse: 0.00172356  PV_Va_rmse: 0.00169239  delta_p: 0.01059127  delta_q: 0.00180596  
INFO|2024-09-27 01:31:22: 	ZTest: PQ_Vm_rmse: 0.00012217  PQ_Va_rmse: 0.00220341  PV_Va_rmse: 0.00234898  delta_p: 0.00643833  delta_q: 0.00154142  
INFO|2024-09-27 01:31:22: 	ZTest-ema: PQ_Vm_rmse: 0.000103  PQ_Va_rmse: 0.001438  PV_Va_rmse: 0.001480  delta_p: 0.007921  delta_q: 0.001532  
INFO|2024-09-27 01:31:22: 	           ValOfEMA:0.001480/0.001243,  Epoch:60/57
INFO|2024-09-27 01:31:23: 	Time(ep):871s,  Val(curr/best):0.002349/0.001685,  Epoch(curr/best):60/54
INFO|2024-09-27 01:31:23: -------------------- Epoch: 61 --------------------
INFO|2024-09-27 01:32:39: Epoch[061/100], iter[040/392], loss_total:0.16839, loss_equ:0.47001 loss_pq_vm:0.00364 loss_pq_va:0.04231 loss_pv_va:0.04272
INFO|2024-09-27 01:33:51: Epoch[061/100], iter[079/392], loss_total:0.17618, loss_equ:0.43990 loss_pq_vm:0.00280 loss_pq_va:0.05198 loss_pv_va:0.05220
INFO|2024-09-27 01:35:03: Epoch[061/100], iter[118/392], loss_total:0.22721, loss_equ:0.57454 loss_pq_vm:0.00340 loss_pq_va:0.06441 loss_pv_va:0.07132
INFO|2024-09-27 01:36:16: Epoch[061/100], iter[157/392], loss_total:0.20851, loss_equ:0.52798 loss_pq_vm:0.00322 loss_pq_va:0.06052 loss_pv_va:0.06303
INFO|2024-09-27 01:37:29: Epoch[061/100], iter[196/392], loss_total:0.17984, loss_equ:0.49021 loss_pq_vm:0.00283 loss_pq_va:0.05217 loss_pv_va:0.05034
INFO|2024-09-27 01:38:42: Epoch[061/100], iter[235/392], loss_total:0.16696, loss_equ:0.45429 loss_pq_vm:0.00339 loss_pq_va:0.04359 loss_pv_va:0.04404
INFO|2024-09-27 01:39:54: Epoch[061/100], iter[274/392], loss_total:0.15997, loss_equ:0.45655 loss_pq_vm:0.00370 loss_pq_va:0.03828 loss_pv_va:0.03901
INFO|2024-09-27 01:41:06: Epoch[061/100], iter[313/392], loss_total:0.17152, loss_equ:0.51538 loss_pq_vm:0.00382 loss_pq_va:0.04125 loss_pv_va:0.04049
INFO|2024-09-27 01:42:19: Epoch[061/100], iter[352/392], loss_total:0.18433, loss_equ:0.56764 loss_pq_vm:0.00381 loss_pq_va:0.04446 loss_pv_va:0.04497
INFO|2024-09-27 01:43:33: Epoch[061/100], iter[392/392], loss_total:0.16510, loss_equ:0.52147 loss_pq_vm:0.00343 loss_pq_va:0.03984 loss_pv_va:0.03887
INFO|2024-09-27 01:45:49: Epoch 60/100, lr:  0.00033732, eta: 9.38h, train_loss:  0.17930, valid_loss:  0.18304
INFO|2024-09-27 01:45:49: 	Train: PQ_Vm_rmse: 0.00010361  PQ_Va_rmse: 0.00183101  PV_Va_rmse: 0.00185656  delta_p: 0.01130227  delta_q: 0.00169582  
INFO|2024-09-27 01:45:49: 	ZTest: PQ_Vm_rmse: 0.00010218  PQ_Va_rmse: 0.00162730  PV_Va_rmse: 0.00162084  delta_p: 0.00917980  delta_q: 0.00116574  
INFO|2024-09-27 01:45:49: 	ZTest-ema: PQ_Vm_rmse: 0.000113  PQ_Va_rmse: 0.001429  PV_Va_rmse: 0.001461  delta_p: 0.009233  delta_q: 0.001299  
INFO|2024-09-27 01:45:49: 	           ValOfEMA:0.001461/0.001243,  Epoch:61/57
INFO|2024-09-27 01:45:50: 	Time(ep):865s,  Val(curr/best):0.001627/0.001627,  Epoch(curr/best):61/61
INFO|2024-09-27 01:45:50: -------------------- Epoch: 62 --------------------
INFO|2024-09-27 01:47:07: Epoch[062/100], iter[040/392], loss_total:0.18851, loss_equ:0.51960 loss_pq_vm:0.00356 loss_pq_va:0.04923 loss_pv_va:0.05174
INFO|2024-09-27 01:48:21: Epoch[062/100], iter[079/392], loss_total:0.17094, loss_equ:0.47101 loss_pq_vm:0.00319 loss_pq_va:0.04708 loss_pv_va:0.04484
INFO|2024-09-27 01:49:34: Epoch[062/100], iter[118/392], loss_total:0.17479, loss_equ:0.51049 loss_pq_vm:0.00458 loss_pq_va:0.04054 loss_pv_va:0.03735
INFO|2024-09-27 01:50:47: Epoch[062/100], iter[157/392], loss_total:0.16583, loss_equ:0.42181 loss_pq_vm:0.00362 loss_pq_va:0.04462 loss_pv_va:0.04285
INFO|2024-09-27 01:51:59: Epoch[062/100], iter[196/392], loss_total:0.16090, loss_equ:0.44479 loss_pq_vm:0.00397 loss_pq_va:0.03835 loss_pv_va:0.03840
INFO|2024-09-27 01:53:11: Epoch[062/100], iter[235/392], loss_total:0.15370, loss_equ:0.40763 loss_pq_vm:0.00310 loss_pq_va:0.04125 loss_pv_va:0.04064
INFO|2024-09-27 01:54:24: Epoch[062/100], iter[274/392], loss_total:0.17184, loss_equ:0.45435 loss_pq_vm:0.00288 loss_pq_va:0.04942 loss_pv_va:0.04817
INFO|2024-09-27 01:55:36: Epoch[062/100], iter[313/392], loss_total:0.18621, loss_equ:0.46352 loss_pq_vm:0.00337 loss_pq_va:0.05256 loss_pv_va:0.05365
INFO|2024-09-27 01:56:49: Epoch[062/100], iter[352/392], loss_total:0.20404, loss_equ:0.55017 loss_pq_vm:0.00348 loss_pq_va:0.05518 loss_pv_va:0.05907
INFO|2024-09-27 01:58:03: Epoch[062/100], iter[392/392], loss_total:0.15588, loss_equ:0.46546 loss_pq_vm:0.00347 loss_pq_va:0.03766 loss_pv_va:0.03702
INFO|2024-09-27 02:00:20: Epoch 61/100, lr:  0.00032278, eta: 9.19h, train_loss:  0.16856, valid_loss:  0.18475
INFO|2024-09-27 02:00:20: 	Train: PQ_Vm_rmse: 0.00011288  PQ_Va_rmse: 0.00157875  PV_Va_rmse: 0.00155987  delta_p: 0.00965296  delta_q: 0.00168087  
INFO|2024-09-27 02:00:21: 	ZTest: PQ_Vm_rmse: 0.00012671  PQ_Va_rmse: 0.00151763  PV_Va_rmse: 0.00156300  delta_p: 0.01211457  delta_q: 0.00203719  
INFO|2024-09-27 02:00:21: 	ZTest-ema: PQ_Vm_rmse: 0.000090  PQ_Va_rmse: 0.001235  PV_Va_rmse: 0.001232  delta_p: 0.006354  delta_q: 0.001119  
INFO|2024-09-27 02:00:21: 	           ValOfEMA:0.001235/0.001235,  Epoch:62/62
INFO|2024-09-27 02:00:22: 	Time(ep):870s,  Val(curr/best):0.001563/0.001563,  Epoch(curr/best):62/62
INFO|2024-09-27 02:00:22: -------------------- Epoch: 63 --------------------
INFO|2024-09-27 02:01:39: Epoch[063/100], iter[040/392], loss_total:0.15638, loss_equ:0.44267 loss_pq_vm:0.00321 loss_pq_va:0.03951 loss_pv_va:0.04055
INFO|2024-09-27 02:02:52: Epoch[063/100], iter[079/392], loss_total:0.15514, loss_equ:0.40795 loss_pq_vm:0.00289 loss_pq_va:0.04344 loss_pv_va:0.04203
INFO|2024-09-27 02:04:05: Epoch[063/100], iter[118/392], loss_total:0.14044, loss_equ:0.39629 loss_pq_vm:0.00297 loss_pq_va:0.03563 loss_pv_va:0.03549
INFO|2024-09-27 02:05:18: Epoch[063/100], iter[157/392], loss_total:0.19480, loss_equ:0.50301 loss_pq_vm:0.00305 loss_pq_va:0.05617 loss_pv_va:0.05785
INFO|2024-09-27 02:06:30: Epoch[063/100], iter[196/392], loss_total:0.18666, loss_equ:0.48595 loss_pq_vm:0.00403 loss_pq_va:0.04788 loss_pv_va:0.04990
INFO|2024-09-27 02:07:43: Epoch[063/100], iter[235/392], loss_total:0.16284, loss_equ:0.49685 loss_pq_vm:0.00289 loss_pq_va:0.04226 loss_pv_va:0.04201
INFO|2024-09-27 02:08:55: Epoch[063/100], iter[274/392], loss_total:0.15317, loss_equ:0.45609 loss_pq_vm:0.00310 loss_pq_va:0.03861 loss_pv_va:0.03796
INFO|2024-09-27 02:10:07: Epoch[063/100], iter[313/392], loss_total:0.14674, loss_equ:0.44722 loss_pq_vm:0.00380 loss_pq_va:0.03162 loss_pv_va:0.03243
INFO|2024-09-27 02:11:20: Epoch[063/100], iter[352/392], loss_total:0.18863, loss_equ:0.53293 loss_pq_vm:0.00465 loss_pq_va:0.04296 loss_pv_va:0.04587
INFO|2024-09-27 02:12:34: Epoch[063/100], iter[392/392], loss_total:0.16011, loss_equ:0.47875 loss_pq_vm:0.00379 loss_pq_va:0.03706 loss_pv_va:0.03732
INFO|2024-09-27 02:14:50: Epoch 62/100, lr:  0.00030841, eta: 8.93h, train_loss:  0.16337, valid_loss:  0.19831
INFO|2024-09-27 02:14:50: 	Train: PQ_Vm_rmse: 0.00011294  PQ_Va_rmse: 0.00141888  PV_Va_rmse: 0.00140412  delta_p: 0.00848045  delta_q: 0.00159784  
INFO|2024-09-27 02:14:50: 	ZTest: PQ_Vm_rmse: 0.00010778  PQ_Va_rmse: 0.00279536  PV_Va_rmse: 0.00260836  delta_p: 0.00656321  delta_q: 0.00148312  
INFO|2024-09-27 02:14:50: 	ZTest-ema: PQ_Vm_rmse: 0.000105  PQ_Va_rmse: 0.001427  PV_Va_rmse: 0.001449  delta_p: 0.005362  delta_q: 0.001191  
INFO|2024-09-27 02:14:50: 	           ValOfEMA:0.001449/0.001235,  Epoch:63/62
INFO|2024-09-27 02:14:51: 	Time(ep):868s,  Val(curr/best):0.002795/0.001563,  Epoch(curr/best):63/62
INFO|2024-09-27 02:14:51: -------------------- Epoch: 64 --------------------
INFO|2024-09-27 02:16:07: Epoch[064/100], iter[040/392], loss_total:0.16054, loss_equ:0.52587 loss_pq_vm:0.00311 loss_pq_va:0.03837 loss_pv_va:0.03847
INFO|2024-09-27 02:17:20: Epoch[064/100], iter[079/392], loss_total:0.22621, loss_equ:0.61021 loss_pq_vm:0.00466 loss_pq_va:0.05843 loss_pv_va:0.06011
INFO|2024-09-27 02:18:33: Epoch[064/100], iter[118/392], loss_total:0.18103, loss_equ:0.49988 loss_pq_vm:0.00292 loss_pq_va:0.05246 loss_pv_va:0.04941
INFO|2024-09-27 02:19:46: Epoch[064/100], iter[157/392], loss_total:0.16931, loss_equ:0.45316 loss_pq_vm:0.00333 loss_pq_va:0.04459 loss_pv_va:0.04608
INFO|2024-09-27 02:20:59: Epoch[064/100], iter[196/392], loss_total:0.18779, loss_equ:0.49451 loss_pq_vm:0.00391 loss_pq_va:0.04897 loss_pv_va:0.05028
INFO|2024-09-27 02:22:12: Epoch[064/100], iter[235/392], loss_total:0.16810, loss_equ:0.47701 loss_pq_vm:0.00381 loss_pq_va:0.04102 loss_pv_va:0.04131
INFO|2024-09-27 02:23:24: Epoch[064/100], iter[274/392], loss_total:0.14844, loss_equ:0.42080 loss_pq_vm:0.00276 loss_pq_va:0.03932 loss_pv_va:0.03940
INFO|2024-09-27 02:24:37: Epoch[064/100], iter[313/392], loss_total:0.14756, loss_equ:0.41347 loss_pq_vm:0.00286 loss_pq_va:0.03830 loss_pv_va:0.03936
INFO|2024-09-27 02:25:49: Epoch[064/100], iter[352/392], loss_total:0.15909, loss_equ:0.44615 loss_pq_vm:0.00314 loss_pq_va:0.04178 loss_pv_va:0.04134
INFO|2024-09-27 02:27:03: Epoch[064/100], iter[392/392], loss_total:0.19731, loss_equ:0.53949 loss_pq_vm:0.00594 loss_pq_va:0.04276 loss_pv_va:0.04117
INFO|2024-09-27 02:29:20: Epoch 63/100, lr:  0.00029424, eta: 8.68h, train_loss:  0.16997, valid_loss:  0.20691
INFO|2024-09-27 02:29:20: 	Train: PQ_Vm_rmse: 0.00011891  PQ_Va_rmse: 0.00159824  PV_Va_rmse: 0.00160439  delta_p: 0.00887110  delta_q: 0.00170469  
INFO|2024-09-27 02:29:20: 	ZTest: PQ_Vm_rmse: 0.00010688  PQ_Va_rmse: 0.00132855  PV_Va_rmse: 0.00136135  delta_p: 0.00663648  delta_q: 0.00125734  
INFO|2024-09-27 02:29:20: 	ZTest-ema: PQ_Vm_rmse: 0.000093  PQ_Va_rmse: 0.001229  PV_Va_rmse: 0.001243  delta_p: 0.005377  delta_q: 0.000764  
INFO|2024-09-27 02:29:20: 	           ValOfEMA:0.001243/0.001235,  Epoch:64/62
INFO|2024-09-27 02:29:21: 	Time(ep):868s,  Val(curr/best):0.001361/0.001361,  Epoch(curr/best):64/64
INFO|2024-09-27 02:29:21: -------------------- Epoch: 65 --------------------
INFO|2024-09-27 02:30:37: Epoch[065/100], iter[040/392], loss_total:0.15454, loss_equ:0.45559 loss_pq_vm:0.00279 loss_pq_va:0.04110 loss_pv_va:0.03995
INFO|2024-09-27 02:31:50: Epoch[065/100], iter[079/392], loss_total:0.20033, loss_equ:0.54010 loss_pq_vm:0.00315 loss_pq_va:0.05831 loss_pv_va:0.05648
INFO|2024-09-27 02:33:02: Epoch[065/100], iter[118/392], loss_total:0.14979, loss_equ:0.46830 loss_pq_vm:0.00307 loss_pq_va:0.03602 loss_pv_va:0.03629
INFO|2024-09-27 02:34:15: Epoch[065/100], iter[157/392], loss_total:0.14835, loss_equ:0.41345 loss_pq_vm:0.00330 loss_pq_va:0.03711 loss_pv_va:0.03692
INFO|2024-09-27 02:35:28: Epoch[065/100], iter[196/392], loss_total:0.13732, loss_equ:0.39212 loss_pq_vm:0.00277 loss_pq_va:0.03549 loss_pv_va:0.03496
INFO|2024-09-27 02:36:40: Epoch[065/100], iter[235/392], loss_total:0.14709, loss_equ:0.40561 loss_pq_vm:0.00366 loss_pq_va:0.03479 loss_pv_va:0.03513
INFO|2024-09-27 02:37:53: Epoch[065/100], iter[274/392], loss_total:0.14445, loss_equ:0.40853 loss_pq_vm:0.00327 loss_pq_va:0.03617 loss_pv_va:0.03471
INFO|2024-09-27 02:39:06: Epoch[065/100], iter[313/392], loss_total:0.16210, loss_equ:0.47393 loss_pq_vm:0.00359 loss_pq_va:0.03869 loss_pv_va:0.04009
INFO|2024-09-27 02:40:18: Epoch[065/100], iter[352/392], loss_total:0.13851, loss_equ:0.41376 loss_pq_vm:0.00291 loss_pq_va:0.03391 loss_pv_va:0.03416
INFO|2024-09-27 02:41:33: Epoch[065/100], iter[392/392], loss_total:0.14842, loss_equ:0.47400 loss_pq_vm:0.00278 loss_pq_va:0.03709 loss_pv_va:0.03616
INFO|2024-09-27 02:43:50: Epoch 64/100, lr:  0.00028027, eta: 8.45h, train_loss:  0.15390, valid_loss:  0.16808
INFO|2024-09-27 02:43:50: 	Train: PQ_Vm_rmse: 0.00009940  PQ_Va_rmse: 0.00125086  PV_Va_rmse: 0.00124807  delta_p: 0.00797394  delta_q: 0.00139734  
INFO|2024-09-27 02:43:50: 	ZTest: PQ_Vm_rmse: 0.00009346  PQ_Va_rmse: 0.00143452  PV_Va_rmse: 0.00160008  delta_p: 0.00930704  delta_q: 0.00138121  
INFO|2024-09-27 02:43:50: 	ZTest-ema: PQ_Vm_rmse: 0.000090  PQ_Va_rmse: 0.001333  PV_Va_rmse: 0.001389  delta_p: 0.004817  delta_q: 0.000754  
INFO|2024-09-27 02:43:50: 	           ValOfEMA:0.001389/0.001235,  Epoch:65/62
INFO|2024-09-27 02:43:51: 	Time(ep):869s,  Val(curr/best):0.001600/0.001361,  Epoch(curr/best):65/64
INFO|2024-09-27 02:43:51: -------------------- Epoch: 66 --------------------
INFO|2024-09-27 02:45:07: Epoch[066/100], iter[040/392], loss_total:0.25192, loss_equ:0.79846 loss_pq_vm:0.00595 loss_pq_va:0.05767 loss_pv_va:0.05495
INFO|2024-09-27 02:46:20: Epoch[066/100], iter[079/392], loss_total:0.14542, loss_equ:0.43298 loss_pq_vm:0.00294 loss_pq_va:0.03632 loss_pv_va:0.03643
INFO|2024-09-27 02:47:32: Epoch[066/100], iter[118/392], loss_total:0.13943, loss_equ:0.38452 loss_pq_vm:0.00264 loss_pq_va:0.03737 loss_pv_va:0.03726
INFO|2024-09-27 02:48:45: Epoch[066/100], iter[157/392], loss_total:0.13562, loss_equ:0.38885 loss_pq_vm:0.00282 loss_pq_va:0.03411 loss_pv_va:0.03443
INFO|2024-09-27 02:49:57: Epoch[066/100], iter[196/392], loss_total:0.15067, loss_equ:0.38712 loss_pq_vm:0.00292 loss_pq_va:0.04126 loss_pv_va:0.04145
INFO|2024-09-27 02:51:10: Epoch[066/100], iter[235/392], loss_total:0.14537, loss_equ:0.41945 loss_pq_vm:0.00266 loss_pq_va:0.03791 loss_pv_va:0.03889
INFO|2024-09-27 02:52:22: Epoch[066/100], iter[274/392], loss_total:0.15450, loss_equ:0.42389 loss_pq_vm:0.00318 loss_pq_va:0.04048 loss_pv_va:0.03982
INFO|2024-09-27 02:53:35: Epoch[066/100], iter[313/392], loss_total:0.14400, loss_equ:0.39923 loss_pq_vm:0.00278 loss_pq_va:0.03856 loss_pv_va:0.03771
INFO|2024-09-27 02:54:48: Epoch[066/100], iter[352/392], loss_total:0.13328, loss_equ:0.39735 loss_pq_vm:0.00307 loss_pq_va:0.03164 loss_pv_va:0.03117
INFO|2024-09-27 02:56:02: Epoch[066/100], iter[392/392], loss_total:0.16295, loss_equ:0.44019 loss_pq_vm:0.00404 loss_pq_va:0.03907 loss_pv_va:0.03949
INFO|2024-09-27 02:58:19: Epoch 65/100, lr:  0.00026653, eta: 8.2h, train_loss:  0.15210, valid_loss:  0.19732
INFO|2024-09-27 02:58:19: 	Train: PQ_Vm_rmse: 0.00008841  PQ_Va_rmse: 0.00138488  PV_Va_rmse: 0.00137737  delta_p: 0.00780323  delta_q: 0.00120628  
INFO|2024-09-27 02:58:19: 	ZTest: PQ_Vm_rmse: 0.00010578  PQ_Va_rmse: 0.00308897  PV_Va_rmse: 0.00307625  delta_p: 0.00562346  delta_q: 0.00110060  
INFO|2024-09-27 02:58:19: 	ZTest-ema: PQ_Vm_rmse: 0.000092  PQ_Va_rmse: 0.001130  PV_Va_rmse: 0.001176  delta_p: 0.005473  delta_q: 0.000952  
INFO|2024-09-27 02:58:20: 	           ValOfEMA:0.001176/0.001176,  Epoch:66/66
INFO|2024-09-27 02:58:20: 	Time(ep):868s,  Val(curr/best):0.003089/0.001361,  Epoch(curr/best):66/64
INFO|2024-09-27 02:58:20: -------------------- Epoch: 67 --------------------
INFO|2024-09-27 02:59:36: Epoch[067/100], iter[040/392], loss_total:0.15921, loss_equ:0.47752 loss_pq_vm:0.00368 loss_pq_va:0.03621 loss_pv_va:0.03847
INFO|2024-09-27 03:00:49: Epoch[067/100], iter[079/392], loss_total:0.14522, loss_equ:0.44896 loss_pq_vm:0.00270 loss_pq_va:0.03734 loss_pv_va:0.03598
INFO|2024-09-27 03:02:01: Epoch[067/100], iter[118/392], loss_total:0.15300, loss_equ:0.43582 loss_pq_vm:0.00308 loss_pq_va:0.03892 loss_pv_va:0.03973
INFO|2024-09-27 03:03:13: Epoch[067/100], iter[157/392], loss_total:0.14031, loss_equ:0.41424 loss_pq_vm:0.00313 loss_pq_va:0.03449 loss_pv_va:0.03312
INFO|2024-09-27 03:04:26: Epoch[067/100], iter[196/392], loss_total:0.13945, loss_equ:0.38831 loss_pq_vm:0.00271 loss_pq_va:0.03670 loss_pv_va:0.03687
INFO|2024-09-27 03:05:38: Epoch[067/100], iter[235/392], loss_total:0.17609, loss_equ:0.46045 loss_pq_vm:0.00269 loss_pq_va:0.05025 loss_pv_va:0.05293
INFO|2024-09-27 03:06:51: Epoch[067/100], iter[274/392], loss_total:0.15873, loss_equ:0.45381 loss_pq_vm:0.00317 loss_pq_va:0.04110 loss_pv_va:0.04056
INFO|2024-09-27 03:08:03: Epoch[067/100], iter[313/392], loss_total:0.15727, loss_equ:0.42320 loss_pq_vm:0.00262 loss_pq_va:0.04429 loss_pv_va:0.04442
INFO|2024-09-27 03:09:16: Epoch[067/100], iter[352/392], loss_total:0.15310, loss_equ:0.49591 loss_pq_vm:0.00271 loss_pq_va:0.03842 loss_pv_va:0.03799
INFO|2024-09-27 03:10:30: Epoch[067/100], iter[392/392], loss_total:0.16434, loss_equ:0.46598 loss_pq_vm:0.00447 loss_pq_va:0.03637 loss_pv_va:0.03666
INFO|2024-09-27 03:12:49: Epoch 66/100, lr:  0.00025302, eta: 7.96h, train_loss:  0.14887, valid_loss:  0.18012
INFO|2024-09-27 03:12:49: 	Train: PQ_Vm_rmse: 0.00007352  PQ_Va_rmse: 0.00138401  PV_Va_rmse: 0.00133363  delta_p: 0.00767387  delta_q: 0.00123115  
INFO|2024-09-27 03:12:49: 	ZTest: PQ_Vm_rmse: 0.00011238  PQ_Va_rmse: 0.00139601  PV_Va_rmse: 0.00145009  delta_p: 0.00936432  delta_q: 0.00209314  
INFO|2024-09-27 03:12:49: 	ZTest-ema: PQ_Vm_rmse: 0.000076  PQ_Va_rmse: 0.001076  PV_Va_rmse: 0.001116  delta_p: 0.004177  delta_q: 0.000639  
INFO|2024-09-27 03:12:49: 	           ValOfEMA:0.001116/0.001116,  Epoch:67/67
INFO|2024-09-27 03:12:49: 	Time(ep):868s,  Val(curr/best):0.001450/0.001361,  Epoch(curr/best):67/64
INFO|2024-09-27 03:12:49: -------------------- Epoch: 68 --------------------
INFO|2024-09-27 03:14:07: Epoch[068/100], iter[040/392], loss_total:0.15116, loss_equ:0.42467 loss_pq_vm:0.00358 loss_pq_va:0.03660 loss_pv_va:0.03627
INFO|2024-09-27 03:15:22: Epoch[068/100], iter[079/392], loss_total:0.14558, loss_equ:0.39334 loss_pq_vm:0.00284 loss_pq_va:0.03865 loss_pv_va:0.03922
INFO|2024-09-27 03:16:35: Epoch[068/100], iter[118/392], loss_total:0.13890, loss_equ:0.39922 loss_pq_vm:0.00360 loss_pq_va:0.03147 loss_pv_va:0.03150
INFO|2024-09-27 03:17:47: Epoch[068/100], iter[157/392], loss_total:0.17200, loss_equ:0.44559 loss_pq_vm:0.00305 loss_pq_va:0.04928 loss_pv_va:0.04766
INFO|2024-09-27 03:19:00: Epoch[068/100], iter[196/392], loss_total:0.17027, loss_equ:0.49346 loss_pq_vm:0.00394 loss_pq_va:0.04112 loss_pv_va:0.04039
INFO|2024-09-27 03:20:12: Epoch[068/100], iter[235/392], loss_total:0.16097, loss_equ:0.45646 loss_pq_vm:0.00309 loss_pq_va:0.04212 loss_pv_va:0.04232
INFO|2024-09-27 03:21:25: Epoch[068/100], iter[274/392], loss_total:0.14922, loss_equ:0.42442 loss_pq_vm:0.00295 loss_pq_va:0.03847 loss_pv_va:0.03878
INFO|2024-09-27 03:22:37: Epoch[068/100], iter[313/392], loss_total:0.15786, loss_equ:0.43498 loss_pq_vm:0.00299 loss_pq_va:0.04273 loss_pv_va:0.04171
INFO|2024-09-27 03:23:50: Epoch[068/100], iter[352/392], loss_total:0.13407, loss_equ:0.38846 loss_pq_vm:0.00274 loss_pq_va:0.03386 loss_pv_va:0.03397
INFO|2024-09-27 03:25:04: Epoch[068/100], iter[392/392], loss_total:0.13854, loss_equ:0.40675 loss_pq_vm:0.00344 loss_pq_va:0.03164 loss_pv_va:0.03183
INFO|2024-09-27 03:27:21: Epoch 67/100, lr:  0.00023977, eta: 7.75h, train_loss:  0.14912, valid_loss:  0.17509
INFO|2024-09-27 03:27:21: 	Train: PQ_Vm_rmse: 0.00009326  PQ_Va_rmse: 0.00110138  PV_Va_rmse: 0.00109891  delta_p: 0.00697440  delta_q: 0.00126510  
INFO|2024-09-27 03:27:21: 	ZTest: PQ_Vm_rmse: 0.00012046  PQ_Va_rmse: 0.00264120  PV_Va_rmse: 0.00265417  delta_p: 0.00509130  delta_q: 0.00122696  
INFO|2024-09-27 03:27:21: 	ZTest-ema: PQ_Vm_rmse: 0.000080  PQ_Va_rmse: 0.001129  PV_Va_rmse: 0.001161  delta_p: 0.004180  delta_q: 0.000610  
INFO|2024-09-27 03:27:21: 	           ValOfEMA:0.001161/0.001116,  Epoch:68/67
INFO|2024-09-27 03:27:22: 	Time(ep):871s,  Val(curr/best):0.002654/0.001361,  Epoch(curr/best):68/64
INFO|2024-09-27 03:27:22: -------------------- Epoch: 69 --------------------
INFO|2024-09-27 03:28:38: Epoch[069/100], iter[040/392], loss_total:0.14023, loss_equ:0.38813 loss_pq_vm:0.00326 loss_pq_va:0.03424 loss_pv_va:0.03461
INFO|2024-09-27 03:29:51: Epoch[069/100], iter[079/392], loss_total:0.12518, loss_equ:0.36431 loss_pq_vm:0.00259 loss_pq_va:0.03123 loss_pv_va:0.03159
INFO|2024-09-27 03:31:03: Epoch[069/100], iter[118/392], loss_total:0.12851, loss_equ:0.36332 loss_pq_vm:0.00274 loss_pq_va:0.03234 loss_pv_va:0.03248
INFO|2024-09-27 03:32:16: Epoch[069/100], iter[157/392], loss_total:0.14814, loss_equ:0.41910 loss_pq_vm:0.00350 loss_pq_va:0.03582 loss_pv_va:0.03539
INFO|2024-09-27 03:33:29: Epoch[069/100], iter[196/392], loss_total:0.12615, loss_equ:0.37624 loss_pq_vm:0.00269 loss_pq_va:0.03038 loss_pv_va:0.03121
INFO|2024-09-27 03:34:42: Epoch[069/100], iter[235/392], loss_total:0.13555, loss_equ:0.38691 loss_pq_vm:0.00294 loss_pq_va:0.03320 loss_pv_va:0.03422
INFO|2024-09-27 03:35:54: Epoch[069/100], iter[274/392], loss_total:0.15175, loss_equ:0.45592 loss_pq_vm:0.00293 loss_pq_va:0.03936 loss_pv_va:0.03750
INFO|2024-09-27 03:37:06: Epoch[069/100], iter[313/392], loss_total:0.15822, loss_equ:0.49854 loss_pq_vm:0.00398 loss_pq_va:0.03494 loss_pv_va:0.03360
INFO|2024-09-27 03:38:19: Epoch[069/100], iter[352/392], loss_total:0.15658, loss_equ:0.51506 loss_pq_vm:0.00375 loss_pq_va:0.03382 loss_pv_va:0.03373
INFO|2024-09-27 03:39:33: Epoch[069/100], iter[392/392], loss_total:0.15592, loss_equ:0.45078 loss_pq_vm:0.00355 loss_pq_va:0.03813 loss_pv_va:0.03726
INFO|2024-09-27 03:41:50: Epoch 68/100, lr:  0.00022677, eta: 7.48h, train_loss:  0.14051, valid_loss:  0.18133
INFO|2024-09-27 03:41:50: 	Train: PQ_Vm_rmse: 0.00007560  PQ_Va_rmse: 0.00109969  PV_Va_rmse: 0.00109116  delta_p: 0.00619186  delta_q: 0.00098745  
INFO|2024-09-27 03:41:50: 	ZTest: PQ_Vm_rmse: 0.00031056  PQ_Va_rmse: 0.00155938  PV_Va_rmse: 0.00164613  delta_p: 0.00590629  delta_q: 0.00309811  
INFO|2024-09-27 03:41:50: 	ZTest-ema: PQ_Vm_rmse: 0.000084  PQ_Va_rmse: 0.001273  PV_Va_rmse: 0.001299  delta_p: 0.006830  delta_q: 0.000688  
INFO|2024-09-27 03:41:50: 	           ValOfEMA:0.001299/0.001116,  Epoch:69/67
INFO|2024-09-27 03:41:51: 	Time(ep):868s,  Val(curr/best):0.001646/0.001361,  Epoch(curr/best):69/64
INFO|2024-09-27 03:41:51: -------------------- Epoch: 70 --------------------
INFO|2024-09-27 03:43:07: Epoch[070/100], iter[040/392], loss_total:0.23539, loss_equ:0.70704 loss_pq_vm:0.00787 loss_pq_va:0.04167 loss_pv_va:0.04431
INFO|2024-09-27 03:44:20: Epoch[070/100], iter[079/392], loss_total:0.18535, loss_equ:0.54931 loss_pq_vm:0.00434 loss_pq_va:0.04528 loss_pv_va:0.04171
INFO|2024-09-27 03:45:32: Epoch[070/100], iter[118/392], loss_total:0.13148, loss_equ:0.38729 loss_pq_vm:0.00285 loss_pq_va:0.03217 loss_pv_va:0.03210
INFO|2024-09-27 03:46:45: Epoch[070/100], iter[157/392], loss_total:0.12341, loss_equ:0.36381 loss_pq_vm:0.00258 loss_pq_va:0.03038 loss_pv_va:0.03088
INFO|2024-09-27 03:47:57: Epoch[070/100], iter[196/392], loss_total:0.14347, loss_equ:0.40046 loss_pq_vm:0.00326 loss_pq_va:0.03549 loss_pv_va:0.03529
INFO|2024-09-27 03:49:10: Epoch[070/100], iter[235/392], loss_total:0.13861, loss_equ:0.42115 loss_pq_vm:0.00317 loss_pq_va:0.03266 loss_pv_va:0.03210
INFO|2024-09-27 03:50:23: Epoch[070/100], iter[274/392], loss_total:0.13524, loss_equ:0.39360 loss_pq_vm:0.00325 loss_pq_va:0.03157 loss_pv_va:0.03183
INFO|2024-09-27 03:51:35: Epoch[070/100], iter[313/392], loss_total:0.13751, loss_equ:0.38665 loss_pq_vm:0.00263 loss_pq_va:0.03636 loss_pv_va:0.03620
INFO|2024-09-27 03:52:48: Epoch[070/100], iter[352/392], loss_total:0.12947, loss_equ:0.37148 loss_pq_vm:0.00255 loss_pq_va:0.03347 loss_pv_va:0.03335
INFO|2024-09-27 03:54:03: Epoch[070/100], iter[392/392], loss_total:0.13940, loss_equ:0.37641 loss_pq_vm:0.00268 loss_pq_va:0.03767 loss_pv_va:0.03733
INFO|2024-09-27 03:56:20: Epoch 69/100, lr:  0.00021405, eta: 7.24h, train_loss:  0.15012, valid_loss:  0.16403
INFO|2024-09-27 03:56:20: 	Train: PQ_Vm_rmse: 0.00010334  PQ_Va_rmse: 0.00107807  PV_Va_rmse: 0.00109427  delta_p: 0.00751970  delta_q: 0.00129092  
INFO|2024-09-27 03:56:20: 	ZTest: PQ_Vm_rmse: 0.00011164  PQ_Va_rmse: 0.00250527  PV_Va_rmse: 0.00246848  delta_p: 0.00589883  delta_q: 0.00126889  
INFO|2024-09-27 03:56:20: 	ZTest-ema: PQ_Vm_rmse: 0.000088  PQ_Va_rmse: 0.001076  PV_Va_rmse: 0.001122  delta_p: 0.005063  delta_q: 0.000779  
INFO|2024-09-27 03:56:20: 	           ValOfEMA:0.001122/0.001116,  Epoch:70/67
INFO|2024-09-27 03:56:21: 	Time(ep):868s,  Val(curr/best):0.002505/0.001361,  Epoch(curr/best):70/64
INFO|2024-09-27 03:56:21: -------------------- Epoch: 71 --------------------
INFO|2024-09-27 03:57:37: Epoch[071/100], iter[040/392], loss_total:0.14335, loss_equ:0.39543 loss_pq_vm:0.00269 loss_pq_va:0.03947 loss_pv_va:0.03746
INFO|2024-09-27 03:58:49: Epoch[071/100], iter[079/392], loss_total:0.13311, loss_equ:0.37897 loss_pq_vm:0.00262 loss_pq_va:0.03497 loss_pv_va:0.03407
INFO|2024-09-27 04:00:01: Epoch[071/100], iter[118/392], loss_total:0.12536, loss_equ:0.36476 loss_pq_vm:0.00284 loss_pq_va:0.03040 loss_pv_va:0.03008
INFO|2024-09-27 04:01:14: Epoch[071/100], iter[157/392], loss_total:0.14921, loss_equ:0.49412 loss_pq_vm:0.00306 loss_pq_va:0.03459 loss_pv_va:0.03461
INFO|2024-09-27 04:02:26: Epoch[071/100], iter[196/392], loss_total:0.14941, loss_equ:0.41892 loss_pq_vm:0.00351 loss_pq_va:0.03647 loss_pv_va:0.03594
INFO|2024-09-27 04:03:39: Epoch[071/100], iter[235/392], loss_total:0.14389, loss_equ:0.41281 loss_pq_vm:0.00297 loss_pq_va:0.03596 loss_pv_va:0.03695
INFO|2024-09-27 04:04:52: Epoch[071/100], iter[274/392], loss_total:0.12806, loss_equ:0.39418 loss_pq_vm:0.00267 loss_pq_va:0.03067 loss_pv_va:0.03130
INFO|2024-09-27 04:06:04: Epoch[071/100], iter[313/392], loss_total:0.13103, loss_equ:0.39844 loss_pq_vm:0.00289 loss_pq_va:0.03161 loss_pv_va:0.03066
INFO|2024-09-27 04:07:16: Epoch[071/100], iter[352/392], loss_total:0.13604, loss_equ:0.39085 loss_pq_vm:0.00273 loss_pq_va:0.03425 loss_pv_va:0.03536
INFO|2024-09-27 04:08:30: Epoch[071/100], iter[392/392], loss_total:0.13296, loss_equ:0.37763 loss_pq_vm:0.00265 loss_pq_va:0.03381 loss_pv_va:0.03488
INFO|2024-09-27 04:10:47: Epoch 70/100, lr:  0.00020161, eta: 6.98h, train_loss:  0.13970, valid_loss:  0.16423
INFO|2024-09-27 04:10:47: 	Train: PQ_Vm_rmse: 0.00007609  PQ_Va_rmse: 0.00119906  PV_Va_rmse: 0.00117898  delta_p: 0.00719081  delta_q: 0.00113668  
INFO|2024-09-27 04:10:47: 	ZTest: PQ_Vm_rmse: 0.00008975  PQ_Va_rmse: 0.00236149  PV_Va_rmse: 0.00250869  delta_p: 0.00463753  delta_q: 0.00086502  
INFO|2024-09-27 04:10:47: 	ZTest-ema: PQ_Vm_rmse: 0.000080  PQ_Va_rmse: 0.001115  PV_Va_rmse: 0.001164  delta_p: 0.004683  delta_q: 0.000661  
INFO|2024-09-27 04:10:47: 	           ValOfEMA:0.001164/0.001116,  Epoch:71/67
INFO|2024-09-27 04:10:48: 	Time(ep):866s,  Val(curr/best):0.002509/0.001361,  Epoch(curr/best):71/64
INFO|2024-09-27 04:10:48: -------------------- Epoch: 72 --------------------
INFO|2024-09-27 04:12:05: Epoch[072/100], iter[040/392], loss_total:0.13772, loss_equ:0.38387 loss_pq_vm:0.00264 loss_pq_va:0.03659 loss_pv_va:0.03630
INFO|2024-09-27 04:13:18: Epoch[072/100], iter[079/392], loss_total:0.13711, loss_equ:0.37847 loss_pq_vm:0.00258 loss_pq_va:0.03620 loss_pv_va:0.03727
INFO|2024-09-27 04:14:30: Epoch[072/100], iter[118/392], loss_total:0.16207, loss_equ:0.48373 loss_pq_vm:0.00310 loss_pq_va:0.04106 loss_pv_va:0.04159
INFO|2024-09-27 04:15:42: Epoch[072/100], iter[157/392], loss_total:0.14861, loss_equ:0.39543 loss_pq_vm:0.00293 loss_pq_va:0.04029 loss_pv_va:0.03949
INFO|2024-09-27 04:16:55: Epoch[072/100], iter[196/392], loss_total:0.14655, loss_equ:0.38521 loss_pq_vm:0.00265 loss_pq_va:0.04077 loss_pv_va:0.04077
INFO|2024-09-27 04:18:08: Epoch[072/100], iter[235/392], loss_total:0.13157, loss_equ:0.38799 loss_pq_vm:0.00267 loss_pq_va:0.03242 loss_pv_va:0.03366
INFO|2024-09-27 04:19:20: Epoch[072/100], iter[274/392], loss_total:0.12790, loss_equ:0.39521 loss_pq_vm:0.00300 loss_pq_va:0.02909 loss_pv_va:0.02925
INFO|2024-09-27 04:20:33: Epoch[072/100], iter[313/392], loss_total:0.12249, loss_equ:0.37322 loss_pq_vm:0.00262 loss_pq_va:0.02942 loss_pv_va:0.02953
INFO|2024-09-27 04:21:45: Epoch[072/100], iter[352/392], loss_total:0.12102, loss_equ:0.37450 loss_pq_vm:0.00248 loss_pq_va:0.02948 loss_pv_va:0.02930
INFO|2024-09-27 04:23:00: Epoch[072/100], iter[392/392], loss_total:0.13576, loss_equ:0.40473 loss_pq_vm:0.00261 loss_pq_va:0.03477 loss_pv_va:0.03445
INFO|2024-09-27 04:25:15: Epoch 71/100, lr:  0.00018948, eta: 6.74h, train_loss:  0.13385, valid_loss:  0.14638
INFO|2024-09-27 04:25:15: 	Train: PQ_Vm_rmse: 0.00005617  PQ_Va_rmse: 0.00101380  PV_Va_rmse: 0.00102026  delta_p: 0.00668995  delta_q: 0.00088887  
INFO|2024-09-27 04:25:15: 	ZTest: PQ_Vm_rmse: 0.00008885  PQ_Va_rmse: 0.00107819  PV_Va_rmse: 0.00110710  delta_p: 0.00563300  delta_q: 0.00078066  
INFO|2024-09-27 04:25:15: 	ZTest-ema: PQ_Vm_rmse: 0.000077  PQ_Va_rmse: 0.001089  PV_Va_rmse: 0.001149  delta_p: 0.003871  delta_q: 0.000559  
INFO|2024-09-27 04:25:15: 	           ValOfEMA:0.001149/0.001116,  Epoch:72/67
INFO|2024-09-27 04:25:17: 	Time(ep):867s,  Val(curr/best):0.001107/0.001107,  Epoch(curr/best):72/72
INFO|2024-09-27 04:25:17: -------------------- Epoch: 73 --------------------
INFO|2024-09-27 04:26:34: Epoch[073/100], iter[040/392], loss_total:0.13100, loss_equ:0.37667 loss_pq_vm:0.00271 loss_pq_va:0.03323 loss_pv_va:0.03297
INFO|2024-09-27 04:27:46: Epoch[073/100], iter[079/392], loss_total:0.12150, loss_equ:0.35812 loss_pq_vm:0.00256 loss_pq_va:0.03031 loss_pv_va:0.02977
INFO|2024-09-27 04:28:58: Epoch[073/100], iter[118/392], loss_total:0.12974, loss_equ:0.37827 loss_pq_vm:0.00347 loss_pq_va:0.02839 loss_pv_va:0.02884
INFO|2024-09-27 04:30:11: Epoch[073/100], iter[157/392], loss_total:0.12645, loss_equ:0.35412 loss_pq_vm:0.00297 loss_pq_va:0.03074 loss_pv_va:0.03064
INFO|2024-09-27 04:31:24: Epoch[073/100], iter[196/392], loss_total:0.12751, loss_equ:0.37401 loss_pq_vm:0.00306 loss_pq_va:0.02996 loss_pv_va:0.02954
INFO|2024-09-27 04:32:38: Epoch[073/100], iter[235/392], loss_total:0.12675, loss_equ:0.37187 loss_pq_vm:0.00285 loss_pq_va:0.03054 loss_pv_va:0.03051
INFO|2024-09-27 04:33:50: Epoch[073/100], iter[274/392], loss_total:0.11844, loss_equ:0.36323 loss_pq_vm:0.00263 loss_pq_va:0.02775 loss_pv_va:0.02807
INFO|2024-09-27 04:35:03: Epoch[073/100], iter[313/392], loss_total:0.12549, loss_equ:0.35589 loss_pq_vm:0.00255 loss_pq_va:0.03240 loss_pv_va:0.03200
INFO|2024-09-27 04:36:16: Epoch[073/100], iter[352/392], loss_total:0.12305, loss_equ:0.35223 loss_pq_vm:0.00278 loss_pq_va:0.02988 loss_pv_va:0.03015
INFO|2024-09-27 04:37:31: Epoch[073/100], iter[392/392], loss_total:0.13350, loss_equ:0.36045 loss_pq_vm:0.00285 loss_pq_va:0.03475 loss_pv_va:0.03418
INFO|2024-09-27 04:39:48: Epoch 72/100, lr:  0.00017765, eta: 6.54h, train_loss:  0.12635, valid_loss:  0.15667
INFO|2024-09-27 04:39:48: 	Train: PQ_Vm_rmse: 0.00007127  PQ_Va_rmse: 0.00083597  PV_Va_rmse: 0.00081618  delta_p: 0.00427265  delta_q: 0.00086039  
INFO|2024-09-27 04:39:48: 	ZTest: PQ_Vm_rmse: 0.00009318  PQ_Va_rmse: 0.00199945  PV_Va_rmse: 0.00203541  delta_p: 0.00612690  delta_q: 0.00059951  
INFO|2024-09-27 04:39:48: 	ZTest-ema: PQ_Vm_rmse: 0.000076  PQ_Va_rmse: 0.000997  PV_Va_rmse: 0.001044  delta_p: 0.003337  delta_q: 0.000464  
INFO|2024-09-27 04:39:48: 	           ValOfEMA:0.001044/0.001044,  Epoch:73/73
INFO|2024-09-27 04:39:49: 	Time(ep):871s,  Val(curr/best):0.002035/0.001107,  Epoch(curr/best):73/72
INFO|2024-09-27 04:39:49: -------------------- Epoch: 74 --------------------
INFO|2024-09-27 04:41:05: Epoch[074/100], iter[040/392], loss_total:0.11396, loss_equ:0.34418 loss_pq_vm:0.00255 loss_pq_va:0.02688 loss_pv_va:0.02719
INFO|2024-09-27 04:42:18: Epoch[074/100], iter[079/392], loss_total:0.12400, loss_equ:0.36192 loss_pq_vm:0.00263 loss_pq_va:0.03096 loss_pv_va:0.03055
INFO|2024-09-27 04:43:31: Epoch[074/100], iter[118/392], loss_total:0.12212, loss_equ:0.35680 loss_pq_vm:0.00259 loss_pq_va:0.03021 loss_pv_va:0.03034
INFO|2024-09-27 04:44:44: Epoch[074/100], iter[157/392], loss_total:0.12905, loss_equ:0.36853 loss_pq_vm:0.00327 loss_pq_va:0.02992 loss_pv_va:0.02954
INFO|2024-09-27 04:45:58: Epoch[074/100], iter[196/392], loss_total:0.12513, loss_equ:0.39278 loss_pq_vm:0.00274 loss_pq_va:0.02899 loss_pv_va:0.02946
INFO|2024-09-27 04:47:10: Epoch[074/100], iter[235/392], loss_total:0.12641, loss_equ:0.37342 loss_pq_vm:0.00266 loss_pq_va:0.03163 loss_pv_va:0.03079
INFO|2024-09-27 04:48:23: Epoch[074/100], iter[274/392], loss_total:0.12644, loss_equ:0.39350 loss_pq_vm:0.00267 loss_pq_va:0.03047 loss_pv_va:0.02989
INFO|2024-09-27 04:49:35: Epoch[074/100], iter[313/392], loss_total:0.12823, loss_equ:0.38325 loss_pq_vm:0.00293 loss_pq_va:0.02978 loss_pv_va:0.03080
INFO|2024-09-27 04:50:48: Epoch[074/100], iter[352/392], loss_total:0.11908, loss_equ:0.36695 loss_pq_vm:0.00297 loss_pq_va:0.02626 loss_pv_va:0.02638
INFO|2024-09-27 04:52:04: Epoch[074/100], iter[392/392], loss_total:0.16923, loss_equ:0.50294 loss_pq_vm:0.00469 loss_pq_va:0.03615 loss_pv_va:0.03585
INFO|2024-09-27 04:54:21: Epoch 73/100, lr:  0.00016615, eta: 6.3h, train_loss:  0.12858, valid_loss:  0.19177
INFO|2024-09-27 04:54:21: 	Train: PQ_Vm_rmse: 0.00006559  PQ_Va_rmse: 0.00079829  PV_Va_rmse: 0.00078862  delta_p: 0.00560146  delta_q: 0.00089727  
INFO|2024-09-27 04:54:21: 	ZTest: PQ_Vm_rmse: 0.00011156  PQ_Va_rmse: 0.00191747  PV_Va_rmse: 0.00200625  delta_p: 0.00667485  delta_q: 0.00116464  
INFO|2024-09-27 04:54:21: 	ZTest-ema: PQ_Vm_rmse: 0.000076  PQ_Va_rmse: 0.000937  PV_Va_rmse: 0.000992  delta_p: 0.006649  delta_q: 0.000869  
INFO|2024-09-27 04:54:21: 	           ValOfEMA:0.000992/0.000992,  Epoch:74/74
INFO|2024-09-27 04:54:22: 	Time(ep):871s,  Val(curr/best):0.002006/0.001107,  Epoch(curr/best):74/72
INFO|2024-09-27 04:54:22: -------------------- Epoch: 75 --------------------
INFO|2024-09-27 04:55:39: Epoch[075/100], iter[040/392], loss_total:0.12816, loss_equ:0.39636 loss_pq_vm:0.00303 loss_pq_va:0.02912 loss_pv_va:0.02909
INFO|2024-09-27 04:56:52: Epoch[075/100], iter[079/392], loss_total:0.12491, loss_equ:0.39688 loss_pq_vm:0.00275 loss_pq_va:0.02870 loss_pv_va:0.02903
INFO|2024-09-27 04:58:05: Epoch[075/100], iter[118/392], loss_total:0.11662, loss_equ:0.36166 loss_pq_vm:0.00245 loss_pq_va:0.02791 loss_pv_va:0.02810
INFO|2024-09-27 04:59:17: Epoch[075/100], iter[157/392], loss_total:0.13382, loss_equ:0.38996 loss_pq_vm:0.00275 loss_pq_va:0.03319 loss_pv_va:0.03416
INFO|2024-09-27 05:00:29: Epoch[075/100], iter[196/392], loss_total:0.14543, loss_equ:0.38122 loss_pq_vm:0.00261 loss_pq_va:0.04086 loss_pv_va:0.04038
INFO|2024-09-27 05:01:42: Epoch[075/100], iter[235/392], loss_total:0.18420, loss_equ:0.46778 loss_pq_vm:0.00276 loss_pq_va:0.05461 loss_pv_va:0.05526
INFO|2024-09-27 05:02:55: Epoch[075/100], iter[274/392], loss_total:0.14212, loss_equ:0.42964 loss_pq_vm:0.00270 loss_pq_va:0.03571 loss_pv_va:0.03648
INFO|2024-09-27 05:04:08: Epoch[075/100], iter[313/392], loss_total:0.11966, loss_equ:0.35789 loss_pq_vm:0.00259 loss_pq_va:0.02914 loss_pv_va:0.02882
INFO|2024-09-27 05:05:22: Epoch[075/100], iter[352/392], loss_total:0.12215, loss_equ:0.34847 loss_pq_vm:0.00257 loss_pq_va:0.03076 loss_pv_va:0.03084
INFO|2024-09-27 05:06:37: Epoch[075/100], iter[392/392], loss_total:0.13681, loss_equ:0.35679 loss_pq_vm:0.00312 loss_pq_va:0.03507 loss_pv_va:0.03490
INFO|2024-09-27 05:08:55: Epoch 74/100, lr:  0.00015498, eta: 6.06h, train_loss:  0.13293, valid_loss:  0.17371
INFO|2024-09-27 05:08:55: 	Train: PQ_Vm_rmse: 0.00006146  PQ_Va_rmse: 0.00097472  PV_Va_rmse: 0.00097448  delta_p: 0.00597252  delta_q: 0.00094102  
INFO|2024-09-27 05:08:55: 	ZTest: PQ_Vm_rmse: 0.00011170  PQ_Va_rmse: 0.00326588  PV_Va_rmse: 0.00330531  delta_p: 0.00430639  delta_q: 0.00088285  
INFO|2024-09-27 05:08:55: 	ZTest-ema: PQ_Vm_rmse: 0.000082  PQ_Va_rmse: 0.000994  PV_Va_rmse: 0.001075  delta_p: 0.003257  delta_q: 0.000561  
INFO|2024-09-27 05:08:55: 	           ValOfEMA:0.001075/0.000992,  Epoch:75/74
INFO|2024-09-27 05:08:56: 	Time(ep):872s,  Val(curr/best):0.003305/0.001107,  Epoch(curr/best):75/72
INFO|2024-09-27 05:08:56: -------------------- Epoch: 76 --------------------
INFO|2024-09-27 05:10:12: Epoch[076/100], iter[040/392], loss_total:0.12586, loss_equ:0.35148 loss_pq_vm:0.00258 loss_pq_va:0.03259 loss_pv_va:0.03233
INFO|2024-09-27 05:11:24: Epoch[076/100], iter[079/392], loss_total:0.11326, loss_equ:0.33753 loss_pq_vm:0.00249 loss_pq_va:0.02724 loss_pv_va:0.02733
INFO|2024-09-27 05:12:37: Epoch[076/100], iter[118/392], loss_total:0.11280, loss_equ:0.34789 loss_pq_vm:0.00250 loss_pq_va:0.02640 loss_pv_va:0.02662
INFO|2024-09-27 05:13:49: Epoch[076/100], iter[157/392], loss_total:0.13987, loss_equ:0.40795 loss_pq_vm:0.00255 loss_pq_va:0.03766 loss_pv_va:0.03594
INFO|2024-09-27 05:15:02: Epoch[076/100], iter[196/392], loss_total:0.13136, loss_equ:0.36982 loss_pq_vm:0.00273 loss_pq_va:0.03345 loss_pv_va:0.03359
INFO|2024-09-27 05:16:15: Epoch[076/100], iter[235/392], loss_total:0.12061, loss_equ:0.36741 loss_pq_vm:0.00263 loss_pq_va:0.02838 loss_pv_va:0.02916
INFO|2024-09-27 05:17:27: Epoch[076/100], iter[274/392], loss_total:0.12690, loss_equ:0.36862 loss_pq_vm:0.00314 loss_pq_va:0.02910 loss_pv_va:0.02951
INFO|2024-09-27 05:18:40: Epoch[076/100], iter[313/392], loss_total:0.12516, loss_equ:0.38678 loss_pq_vm:0.00254 loss_pq_va:0.03086 loss_pv_va:0.03024
INFO|2024-09-27 05:19:53: Epoch[076/100], iter[352/392], loss_total:0.12239, loss_equ:0.37206 loss_pq_vm:0.00291 loss_pq_va:0.02790 loss_pv_va:0.02821
INFO|2024-09-27 05:21:08: Epoch[076/100], iter[392/392], loss_total:0.12901, loss_equ:0.38514 loss_pq_vm:0.00317 loss_pq_va:0.02949 loss_pv_va:0.02935
INFO|2024-09-27 05:23:25: Epoch 75/100, lr:  0.00014416, eta: 5.8h, train_loss:  0.12536, valid_loss:  0.14694
INFO|2024-09-27 05:23:25: 	Train: PQ_Vm_rmse: 0.00005877  PQ_Va_rmse: 0.00094226  PV_Va_rmse: 0.00093215  delta_p: 0.00521041  delta_q: 0.00082012  
INFO|2024-09-27 05:23:25: 	ZTest: PQ_Vm_rmse: 0.00009817  PQ_Va_rmse: 0.00102664  PV_Va_rmse: 0.00103545  delta_p: 0.00370638  delta_q: 0.00088515  
INFO|2024-09-27 05:23:25: 	ZTest-ema: PQ_Vm_rmse: 0.000073  PQ_Va_rmse: 0.000980  PV_Va_rmse: 0.001017  delta_p: 0.003655  delta_q: 0.000577  
INFO|2024-09-27 05:23:25: 	           ValOfEMA:0.001017/0.000992,  Epoch:76/74
INFO|2024-09-27 05:23:27: 	Time(ep):869s,  Val(curr/best):0.001035/0.001035,  Epoch(curr/best):76/76
INFO|2024-09-27 05:23:27: -------------------- Epoch: 77 --------------------
INFO|2024-09-27 05:24:42: Epoch[077/100], iter[040/392], loss_total:0.12255, loss_equ:0.38550 loss_pq_vm:0.00279 loss_pq_va:0.02789 loss_pv_va:0.02823
INFO|2024-09-27 05:25:55: Epoch[077/100], iter[079/392], loss_total:0.12484, loss_equ:0.39845 loss_pq_vm:0.00246 loss_pq_va:0.02996 loss_pv_va:0.03045
INFO|2024-09-27 05:27:07: Epoch[077/100], iter[118/392], loss_total:0.12186, loss_equ:0.38115 loss_pq_vm:0.00287 loss_pq_va:0.02744 loss_pv_va:0.02759
INFO|2024-09-27 05:28:20: Epoch[077/100], iter[157/392], loss_total:0.12911, loss_equ:0.44578 loss_pq_vm:0.00255 loss_pq_va:0.02870 loss_pv_va:0.03032
INFO|2024-09-27 05:29:32: Epoch[077/100], iter[196/392], loss_total:0.12382, loss_equ:0.40791 loss_pq_vm:0.00269 loss_pq_va:0.02777 loss_pv_va:0.02834
INFO|2024-09-27 05:30:44: Epoch[077/100], iter[235/392], loss_total:0.12418, loss_equ:0.40409 loss_pq_vm:0.00249 loss_pq_va:0.02826 loss_pv_va:0.03063
INFO|2024-09-27 05:31:57: Epoch[077/100], iter[274/392], loss_total:0.13027, loss_equ:0.36190 loss_pq_vm:0.00255 loss_pq_va:0.03470 loss_pv_va:0.03384
INFO|2024-09-27 05:33:09: Epoch[077/100], iter[313/392], loss_total:0.12423, loss_equ:0.35150 loss_pq_vm:0.00258 loss_pq_va:0.03111 loss_pv_va:0.03216
INFO|2024-09-27 05:34:22: Epoch[077/100], iter[352/392], loss_total:0.10936, loss_equ:0.33027 loss_pq_vm:0.00240 loss_pq_va:0.02605 loss_pv_va:0.02631
INFO|2024-09-27 05:35:36: Epoch[077/100], iter[392/392], loss_total:0.11116, loss_equ:0.33947 loss_pq_vm:0.00245 loss_pq_va:0.02616 loss_pv_va:0.02657
INFO|2024-09-27 05:37:52: Epoch 76/100, lr:  0.00013370, eta: 5.53h, train_loss:  0.12249, valid_loss:  0.13653
INFO|2024-09-27 05:37:52: 	Train: PQ_Vm_rmse: 0.00005223  PQ_Va_rmse: 0.00064513  PV_Va_rmse: 0.00066313  delta_p: 0.00527885  delta_q: 0.00077348  
INFO|2024-09-27 05:37:52: 	ZTest: PQ_Vm_rmse: 0.00008825  PQ_Va_rmse: 0.00126595  PV_Va_rmse: 0.00126382  delta_p: 0.00376019  delta_q: 0.00061527  
INFO|2024-09-27 05:37:52: 	ZTest-ema: PQ_Vm_rmse: 0.000074  PQ_Va_rmse: 0.000937  PV_Va_rmse: 0.000939  delta_p: 0.003491  delta_q: 0.000546  
INFO|2024-09-27 05:37:52: 	           ValOfEMA:0.000939/0.000939,  Epoch:77/77
INFO|2024-09-27 05:37:53: 	Time(ep):865s,  Val(curr/best):0.001266/0.001035,  Epoch(curr/best):77/76
INFO|2024-09-27 05:37:53: -------------------- Epoch: 78 --------------------
INFO|2024-09-27 05:39:09: Epoch[078/100], iter[040/392], loss_total:0.11143, loss_equ:0.33478 loss_pq_vm:0.00246 loss_pq_va:0.02651 loss_pv_va:0.02689
INFO|2024-09-27 05:40:22: Epoch[078/100], iter[079/392], loss_total:0.12977, loss_equ:0.35781 loss_pq_vm:0.00268 loss_pq_va:0.03386 loss_pv_va:0.03337
INFO|2024-09-27 05:41:35: Epoch[078/100], iter[118/392], loss_total:0.10941, loss_equ:0.33489 loss_pq_vm:0.00242 loss_pq_va:0.02555 loss_pv_va:0.02614
INFO|2024-09-27 05:42:48: Epoch[078/100], iter[157/392], loss_total:0.11645, loss_equ:0.34440 loss_pq_vm:0.00255 loss_pq_va:0.02840 loss_pv_va:0.02815
INFO|2024-09-27 05:44:01: Epoch[078/100], iter[196/392], loss_total:0.11184, loss_equ:0.34146 loss_pq_vm:0.00246 loss_pq_va:0.02640 loss_pv_va:0.02673
INFO|2024-09-27 05:45:14: Epoch[078/100], iter[235/392], loss_total:0.11701, loss_equ:0.34174 loss_pq_vm:0.00253 loss_pq_va:0.02896 loss_pv_va:0.02854
INFO|2024-09-27 05:46:27: Epoch[078/100], iter[274/392], loss_total:0.11004, loss_equ:0.33283 loss_pq_vm:0.00246 loss_pq_va:0.02634 loss_pv_va:0.02579
INFO|2024-09-27 05:47:39: Epoch[078/100], iter[313/392], loss_total:0.11393, loss_equ:0.33800 loss_pq_vm:0.00246 loss_pq_va:0.02771 loss_pv_va:0.02778
INFO|2024-09-27 05:48:52: Epoch[078/100], iter[352/392], loss_total:0.11783, loss_equ:0.35626 loss_pq_vm:0.00288 loss_pq_va:0.02669 loss_pv_va:0.02668
INFO|2024-09-27 05:50:06: Epoch[078/100], iter[392/392], loss_total:0.12359, loss_equ:0.35035 loss_pq_vm:0.00281 loss_pq_va:0.03021 loss_pv_va:0.03023
INFO|2024-09-27 05:52:23: Epoch 77/100, lr:  0.00012360, eta: 5.32h, train_loss:  0.11856, valid_loss:  0.14830
INFO|2024-09-27 05:52:23: 	Train: PQ_Vm_rmse: 0.00005537  PQ_Va_rmse: 0.00086328  PV_Va_rmse: 0.00081657  delta_p: 0.00393542  delta_q: 0.00069216  
INFO|2024-09-27 05:52:23: 	ZTest: PQ_Vm_rmse: 0.00007897  PQ_Va_rmse: 0.00174838  PV_Va_rmse: 0.00171697  delta_p: 0.00453989  delta_q: 0.00082364  
INFO|2024-09-27 05:52:23: 	ZTest-ema: PQ_Vm_rmse: 0.000073  PQ_Va_rmse: 0.000987  PV_Va_rmse: 0.001049  delta_p: 0.002983  delta_q: 0.000545  
INFO|2024-09-27 05:52:23: 	           ValOfEMA:0.001049/0.000939,  Epoch:78/77
INFO|2024-09-27 05:52:24: 	Time(ep):869s,  Val(curr/best):0.001748/0.001035,  Epoch(curr/best):78/76
INFO|2024-09-27 05:52:24: -------------------- Epoch: 79 --------------------
INFO|2024-09-27 05:53:40: Epoch[079/100], iter[040/392], loss_total:0.11684, loss_equ:0.34302 loss_pq_vm:0.00262 loss_pq_va:0.02853 loss_pv_va:0.02779
INFO|2024-09-27 05:54:52: Epoch[079/100], iter[079/392], loss_total:0.11802, loss_equ:0.35136 loss_pq_vm:0.00292 loss_pq_va:0.02696 loss_pv_va:0.02675
INFO|2024-09-27 05:56:04: Epoch[079/100], iter[118/392], loss_total:0.11637, loss_equ:0.34778 loss_pq_vm:0.00251 loss_pq_va:0.02854 loss_pv_va:0.02798
INFO|2024-09-27 05:57:16: Epoch[079/100], iter[157/392], loss_total:0.11981, loss_equ:0.34153 loss_pq_vm:0.00254 loss_pq_va:0.03023 loss_pv_va:0.03002
INFO|2024-09-27 05:58:28: Epoch[079/100], iter[196/392], loss_total:0.11899, loss_equ:0.34895 loss_pq_vm:0.00250 loss_pq_va:0.02933 loss_pv_va:0.02979
INFO|2024-09-27 05:59:41: Epoch[079/100], iter[235/392], loss_total:0.13662, loss_equ:0.41129 loss_pq_vm:0.00273 loss_pq_va:0.03393 loss_pv_va:0.03422
INFO|2024-09-27 06:00:53: Epoch[079/100], iter[274/392], loss_total:0.12068, loss_equ:0.38454 loss_pq_vm:0.00262 loss_pq_va:0.02762 loss_pv_va:0.02837
INFO|2024-09-27 06:02:04: Epoch[079/100], iter[313/392], loss_total:0.11701, loss_equ:0.35433 loss_pq_vm:0.00259 loss_pq_va:0.02779 loss_pv_va:0.02790
INFO|2024-09-27 06:03:16: Epoch[079/100], iter[352/392], loss_total:0.14920, loss_equ:0.37750 loss_pq_vm:0.00309 loss_pq_va:0.03931 loss_pv_va:0.04120
INFO|2024-09-27 06:04:30: Epoch[079/100], iter[392/392], loss_total:0.14850, loss_equ:0.40791 loss_pq_vm:0.00278 loss_pq_va:0.03925 loss_pv_va:0.04066
INFO|2024-09-27 06:06:46: Epoch 78/100, lr:  0.00011387, eta: 5.03h, train_loss:  0.12794, valid_loss:  0.16896
INFO|2024-09-27 06:06:46: 	Train: PQ_Vm_rmse: 0.00004976  PQ_Va_rmse: 0.00091370  PV_Va_rmse: 0.00091994  delta_p: 0.00482826  delta_q: 0.00074518  
INFO|2024-09-27 06:06:46: 	ZTest: PQ_Vm_rmse: 0.00008270  PQ_Va_rmse: 0.00134278  PV_Va_rmse: 0.00147142  delta_p: 0.00736942  delta_q: 0.00091988  
INFO|2024-09-27 06:06:46: 	ZTest-ema: PQ_Vm_rmse: 0.000075  PQ_Va_rmse: 0.001121  PV_Va_rmse: 0.001190  delta_p: 0.004862  delta_q: 0.000624  
INFO|2024-09-27 06:06:46: 	           ValOfEMA:0.001190/0.000939,  Epoch:79/77
INFO|2024-09-27 06:06:47: 	Time(ep):862s,  Val(curr/best):0.001471/0.001035,  Epoch(curr/best):79/76
INFO|2024-09-27 06:06:47: -------------------- Epoch: 80 --------------------
INFO|2024-09-27 06:08:03: Epoch[080/100], iter[040/392], loss_total:0.11930, loss_equ:0.35811 loss_pq_vm:0.00253 loss_pq_va:0.02899 loss_pv_va:0.02920
INFO|2024-09-27 06:09:15: Epoch[080/100], iter[079/392], loss_total:0.12047, loss_equ:0.35587 loss_pq_vm:0.00249 loss_pq_va:0.03022 loss_pv_va:0.02973
INFO|2024-09-27 06:10:28: Epoch[080/100], iter[118/392], loss_total:0.11307, loss_equ:0.33605 loss_pq_vm:0.00242 loss_pq_va:0.02760 loss_pv_va:0.02762
INFO|2024-09-27 06:11:41: Epoch[080/100], iter[157/392], loss_total:0.11345, loss_equ:0.34019 loss_pq_vm:0.00242 loss_pq_va:0.02755 loss_pv_va:0.02763
INFO|2024-09-27 06:12:53: Epoch[080/100], iter[196/392], loss_total:0.12146, loss_equ:0.35083 loss_pq_vm:0.00346 loss_pq_va:0.02565 loss_pv_va:0.02608
INFO|2024-09-27 06:14:05: Epoch[080/100], iter[235/392], loss_total:0.12209, loss_equ:0.35219 loss_pq_vm:0.00300 loss_pq_va:0.02823 loss_pv_va:0.02862
INFO|2024-09-27 06:15:18: Epoch[080/100], iter[274/392], loss_total:0.11197, loss_equ:0.33702 loss_pq_vm:0.00248 loss_pq_va:0.02663 loss_pv_va:0.02683
INFO|2024-09-27 06:16:30: Epoch[080/100], iter[313/392], loss_total:0.10807, loss_equ:0.32331 loss_pq_vm:0.00242 loss_pq_va:0.02562 loss_pv_va:0.02595
INFO|2024-09-27 06:17:43: Epoch[080/100], iter[352/392], loss_total:0.11221, loss_equ:0.33452 loss_pq_vm:0.00238 loss_pq_va:0.02743 loss_pv_va:0.02754
INFO|2024-09-27 06:18:58: Epoch[080/100], iter[392/392], loss_total:0.11291, loss_equ:0.33802 loss_pq_vm:0.00244 loss_pq_va:0.02725 loss_pv_va:0.02741
INFO|2024-09-27 06:21:14: Epoch 79/100, lr:  0.00010454, eta: 4.82h, train_loss:  0.11486, valid_loss:  0.13712
INFO|2024-09-27 06:21:14: 	Train: PQ_Vm_rmse: 0.00004625  PQ_Va_rmse: 0.00051704  PV_Va_rmse: 0.00052632  delta_p: 0.00390857  delta_q: 0.00059813  
INFO|2024-09-27 06:21:14: 	ZTest: PQ_Vm_rmse: 0.00007373  PQ_Va_rmse: 0.00152383  PV_Va_rmse: 0.00153985  delta_p: 0.00298905  delta_q: 0.00056306  
INFO|2024-09-27 06:21:14: 	ZTest-ema: PQ_Vm_rmse: 0.000072  PQ_Va_rmse: 0.001031  PV_Va_rmse: 0.001083  delta_p: 0.002670  delta_q: 0.000422  
INFO|2024-09-27 06:21:14: 	           ValOfEMA:0.001083/0.000939,  Epoch:80/77
INFO|2024-09-27 06:21:15: 	Time(ep):866s,  Val(curr/best):0.001540/0.001035,  Epoch(curr/best):80/76
INFO|2024-09-27 06:21:15: -------------------- Epoch: 81 --------------------
INFO|2024-09-27 06:22:31: Epoch[081/100], iter[040/392], loss_total:0.10683, loss_equ:0.32219 loss_pq_vm:0.00233 loss_pq_va:0.02540 loss_pv_va:0.02589
INFO|2024-09-27 06:23:44: Epoch[081/100], iter[079/392], loss_total:0.11636, loss_equ:0.34333 loss_pq_vm:0.00274 loss_pq_va:0.02742 loss_pv_va:0.02721
INFO|2024-09-27 06:24:56: Epoch[081/100], iter[118/392], loss_total:0.11138, loss_equ:0.33100 loss_pq_vm:0.00241 loss_pq_va:0.02704 loss_pv_va:0.02715
INFO|2024-09-27 06:26:10: Epoch[081/100], iter[157/392], loss_total:0.11485, loss_equ:0.33310 loss_pq_vm:0.00245 loss_pq_va:0.02851 loss_pv_va:0.02849
INFO|2024-09-27 06:27:23: Epoch[081/100], iter[196/392], loss_total:0.11509, loss_equ:0.32989 loss_pq_vm:0.00237 loss_pq_va:0.02908 loss_pv_va:0.02930
INFO|2024-09-27 06:28:36: Epoch[081/100], iter[235/392], loss_total:0.11001, loss_equ:0.33567 loss_pq_vm:0.00264 loss_pq_va:0.02476 loss_pv_va:0.02526
INFO|2024-09-27 06:29:50: Epoch[081/100], iter[274/392], loss_total:0.10922, loss_equ:0.33330 loss_pq_vm:0.00246 loss_pq_va:0.02560 loss_pv_va:0.02574
INFO|2024-09-27 06:31:03: Epoch[081/100], iter[313/392], loss_total:0.10839, loss_equ:0.33418 loss_pq_vm:0.00238 loss_pq_va:0.02518 loss_pv_va:0.02594
INFO|2024-09-27 06:32:16: Epoch[081/100], iter[352/392], loss_total:0.10884, loss_equ:0.34856 loss_pq_vm:0.00244 loss_pq_va:0.02480 loss_pv_va:0.02479
INFO|2024-09-27 06:33:29: Epoch[081/100], iter[392/392], loss_total:0.11099, loss_equ:0.33984 loss_pq_vm:0.00240 loss_pq_va:0.02614 loss_pv_va:0.02682
INFO|2024-09-27 06:35:47: Epoch 80/100, lr:  0.00009560, eta: 4.61h, train_loss:  0.11279, valid_loss:  0.13528
INFO|2024-09-27 06:35:47: 	Train: PQ_Vm_rmse: 0.00004305  PQ_Va_rmse: 0.00065363  PV_Va_rmse: 0.00065240  delta_p: 0.00342890  delta_q: 0.00053787  
INFO|2024-09-27 06:35:47: 	ZTest: PQ_Vm_rmse: 0.00007268  PQ_Va_rmse: 0.00132029  PV_Va_rmse: 0.00128661  delta_p: 0.00394472  delta_q: 0.00059248  
INFO|2024-09-27 06:35:47: 	ZTest-ema: PQ_Vm_rmse: 0.000072  PQ_Va_rmse: 0.000991  PV_Va_rmse: 0.001050  delta_p: 0.003203  delta_q: 0.000455  
INFO|2024-09-27 06:35:47: 	           ValOfEMA:0.001050/0.000939,  Epoch:81/77
INFO|2024-09-27 06:35:48: 	Time(ep):872s,  Val(curr/best):0.001320/0.001035,  Epoch(curr/best):81/76
INFO|2024-09-27 06:35:48: -------------------- Epoch: 82 --------------------
INFO|2024-09-27 06:37:05: Epoch[082/100], iter[040/392], loss_total:0.12091, loss_equ:0.34372 loss_pq_vm:0.00280 loss_pq_va:0.02912 loss_pv_va:0.02942
INFO|2024-09-27 06:38:17: Epoch[082/100], iter[079/392], loss_total:0.11053, loss_equ:0.33709 loss_pq_vm:0.00244 loss_pq_va:0.02607 loss_pv_va:0.02637
INFO|2024-09-27 06:39:31: Epoch[082/100], iter[118/392], loss_total:0.10612, loss_equ:0.32497 loss_pq_vm:0.00248 loss_pq_va:0.02428 loss_pv_va:0.02453
INFO|2024-09-27 06:40:43: Epoch[082/100], iter[157/392], loss_total:0.11223, loss_equ:0.33739 loss_pq_vm:0.00243 loss_pq_va:0.02708 loss_pv_va:0.02712
INFO|2024-09-27 06:41:55: Epoch[082/100], iter[196/392], loss_total:0.11859, loss_equ:0.34681 loss_pq_vm:0.00263 loss_pq_va:0.02876 loss_pv_va:0.02884
INFO|2024-09-27 06:43:07: Epoch[082/100], iter[235/392], loss_total:0.11169, loss_equ:0.33555 loss_pq_vm:0.00247 loss_pq_va:0.02653 loss_pv_va:0.02695
INFO|2024-09-27 06:44:20: Epoch[082/100], iter[274/392], loss_total:0.11674, loss_equ:0.34003 loss_pq_vm:0.00244 loss_pq_va:0.02948 loss_pv_va:0.02884
INFO|2024-09-27 06:45:32: Epoch[082/100], iter[313/392], loss_total:0.10453, loss_equ:0.32206 loss_pq_vm:0.00242 loss_pq_va:0.02395 loss_pv_va:0.02412
INFO|2024-09-27 06:46:45: Epoch[082/100], iter[352/392], loss_total:0.10945, loss_equ:0.33241 loss_pq_vm:0.00240 loss_pq_va:0.02602 loss_pv_va:0.02618
INFO|2024-09-27 06:47:59: Epoch[082/100], iter[392/392], loss_total:0.10766, loss_equ:0.32915 loss_pq_vm:0.00240 loss_pq_va:0.02537 loss_pv_va:0.02534
INFO|2024-09-27 06:50:16: Epoch 81/100, lr:  0.00008706, eta: 4.34h, train_loss:  0.11040, valid_loss:  0.13048
INFO|2024-09-27 06:50:16: 	Train: PQ_Vm_rmse: 0.00004212  PQ_Va_rmse: 0.00050890  PV_Va_rmse: 0.00050419  delta_p: 0.00318869  delta_q: 0.00051744  
INFO|2024-09-27 06:50:16: 	ZTest: PQ_Vm_rmse: 0.00007790  PQ_Va_rmse: 0.00107389  PV_Va_rmse: 0.00111283  delta_p: 0.00286593  delta_q: 0.00049812  
INFO|2024-09-27 06:50:16: 	ZTest-ema: PQ_Vm_rmse: 0.000074  PQ_Va_rmse: 0.001048  PV_Va_rmse: 0.001065  delta_p: 0.002622  delta_q: 0.000416  
INFO|2024-09-27 06:50:16: 	           ValOfEMA:0.001065/0.000939,  Epoch:82/77
INFO|2024-09-27 06:50:16: 	Time(ep):867s,  Val(curr/best):0.001113/0.001035,  Epoch(curr/best):82/76
INFO|2024-09-27 06:50:16: -------------------- Epoch: 83 --------------------
INFO|2024-09-27 06:51:33: Epoch[083/100], iter[040/392], loss_total:0.10766, loss_equ:0.32887 loss_pq_vm:0.00246 loss_pq_va:0.02479 loss_pv_va:0.02543
INFO|2024-09-27 06:52:46: Epoch[083/100], iter[079/392], loss_total:0.10761, loss_equ:0.32648 loss_pq_vm:0.00238 loss_pq_va:0.02523 loss_pv_va:0.02596
INFO|2024-09-27 06:54:00: Epoch[083/100], iter[118/392], loss_total:0.10102, loss_equ:0.32690 loss_pq_vm:0.00241 loss_pq_va:0.02195 loss_pv_va:0.02233
INFO|2024-09-27 06:55:13: Epoch[083/100], iter[157/392], loss_total:0.10710, loss_equ:0.33406 loss_pq_vm:0.00236 loss_pq_va:0.02499 loss_pv_va:0.02509
INFO|2024-09-27 06:56:26: Epoch[083/100], iter[196/392], loss_total:0.11079, loss_equ:0.33127 loss_pq_vm:0.00244 loss_pq_va:0.02647 loss_pv_va:0.02674
INFO|2024-09-27 06:57:39: Epoch[083/100], iter[235/392], loss_total:0.11742, loss_equ:0.37305 loss_pq_vm:0.00253 loss_pq_va:0.02794 loss_pv_va:0.02682
INFO|2024-09-27 06:58:52: Epoch[083/100], iter[274/392], loss_total:0.10679, loss_equ:0.33477 loss_pq_vm:0.00242 loss_pq_va:0.02449 loss_pv_va:0.02467
INFO|2024-09-27 07:00:05: Epoch[083/100], iter[313/392], loss_total:0.11327, loss_equ:0.33157 loss_pq_vm:0.00238 loss_pq_va:0.02830 loss_pv_va:0.02798
INFO|2024-09-27 07:01:17: Epoch[083/100], iter[352/392], loss_total:0.10849, loss_equ:0.33225 loss_pq_vm:0.00246 loss_pq_va:0.02533 loss_pv_va:0.02535
INFO|2024-09-27 07:02:31: Epoch[083/100], iter[392/392], loss_total:0.10560, loss_equ:0.32638 loss_pq_vm:0.00235 loss_pq_va:0.02461 loss_pv_va:0.02490
INFO|2024-09-27 07:04:48: Epoch 82/100, lr:  0.00007893, eta: 4.11h, train_loss:  0.11059, valid_loss:  0.13218
INFO|2024-09-27 07:04:48: 	Train: PQ_Vm_rmse: 0.00004121  PQ_Va_rmse: 0.00048890  PV_Va_rmse: 0.00049425  delta_p: 0.00339477  delta_q: 0.00052450  
INFO|2024-09-27 07:04:48: 	ZTest: PQ_Vm_rmse: 0.00009227  PQ_Va_rmse: 0.00103149  PV_Va_rmse: 0.00109384  delta_p: 0.00384495  delta_q: 0.00059949  
INFO|2024-09-27 07:04:48: 	ZTest-ema: PQ_Vm_rmse: 0.000069  PQ_Va_rmse: 0.001023  PV_Va_rmse: 0.001078  delta_p: 0.003052  delta_q: 0.000453  
INFO|2024-09-27 07:04:48: 	           ValOfEMA:0.001078/0.000939,  Epoch:83/77
INFO|2024-09-27 07:04:48: 	Time(ep):871s,  Val(curr/best):0.001094/0.001035,  Epoch(curr/best):83/76
INFO|2024-09-27 07:04:48: -------------------- Epoch: 84 --------------------
INFO|2024-09-27 07:06:05: Epoch[084/100], iter[040/392], loss_total:0.10824, loss_equ:0.33077 loss_pq_vm:0.00242 loss_pq_va:0.02539 loss_pv_va:0.02562
INFO|2024-09-27 07:07:19: Epoch[084/100], iter[079/392], loss_total:0.10738, loss_equ:0.32830 loss_pq_vm:0.00247 loss_pq_va:0.02473 loss_pv_va:0.02515
INFO|2024-09-27 07:08:31: Epoch[084/100], iter[118/392], loss_total:0.11593, loss_equ:0.34138 loss_pq_vm:0.00239 loss_pq_va:0.02889 loss_pv_va:0.02898
INFO|2024-09-27 07:09:44: Epoch[084/100], iter[157/392], loss_total:0.10895, loss_equ:0.33438 loss_pq_vm:0.00253 loss_pq_va:0.02472 loss_pv_va:0.02549
INFO|2024-09-27 07:10:56: Epoch[084/100], iter[196/392], loss_total:0.10664, loss_equ:0.33131 loss_pq_vm:0.00242 loss_pq_va:0.02448 loss_pv_va:0.02483
INFO|2024-09-27 07:12:09: Epoch[084/100], iter[235/392], loss_total:0.11322, loss_equ:0.33512 loss_pq_vm:0.00248 loss_pq_va:0.02753 loss_pv_va:0.02735
INFO|2024-09-27 07:13:22: Epoch[084/100], iter[274/392], loss_total:0.11078, loss_equ:0.33393 loss_pq_vm:0.00243 loss_pq_va:0.02658 loss_pv_va:0.02651
INFO|2024-09-27 07:14:35: Epoch[084/100], iter[313/392], loss_total:0.11637, loss_equ:0.33775 loss_pq_vm:0.00247 loss_pq_va:0.02908 loss_pv_va:0.02883
INFO|2024-09-27 07:15:48: Epoch[084/100], iter[352/392], loss_total:0.10781, loss_equ:0.33128 loss_pq_vm:0.00239 loss_pq_va:0.02511 loss_pv_va:0.02568
INFO|2024-09-27 07:17:02: Epoch[084/100], iter[392/392], loss_total:0.11079, loss_equ:0.33394 loss_pq_vm:0.00258 loss_pq_va:0.02574 loss_pv_va:0.02585
INFO|2024-09-27 07:19:19: Epoch 83/100, lr:  0.00007123, eta: 3.87h, train_loss:  0.11009, valid_loss:  0.13203
INFO|2024-09-27 07:19:19: 	Train: PQ_Vm_rmse: 0.00004223  PQ_Va_rmse: 0.00047350  PV_Va_rmse: 0.00048040  delta_p: 0.00337423  delta_q: 0.00051375  
INFO|2024-09-27 07:19:19: 	ZTest: PQ_Vm_rmse: 0.00007391  PQ_Va_rmse: 0.00107346  PV_Va_rmse: 0.00117867  delta_p: 0.00449371  delta_q: 0.00057377  
INFO|2024-09-27 07:19:19: 	ZTest-ema: PQ_Vm_rmse: 0.000072  PQ_Va_rmse: 0.001011  PV_Va_rmse: 0.001070  delta_p: 0.002800  delta_q: 0.000415  
INFO|2024-09-27 07:19:19: 	           ValOfEMA:0.001070/0.000939,  Epoch:84/77
INFO|2024-09-27 07:19:20: 	Time(ep):870s,  Val(curr/best):0.001179/0.001035,  Epoch(curr/best):84/76
INFO|2024-09-27 07:19:20: -------------------- Epoch: 85 --------------------
INFO|2024-09-27 07:20:37: Epoch[085/100], iter[040/392], loss_total:0.10626, loss_equ:0.32480 loss_pq_vm:0.00238 loss_pq_va:0.02490 loss_pv_va:0.02505
INFO|2024-09-27 07:21:50: Epoch[085/100], iter[079/392], loss_total:0.10529, loss_equ:0.32498 loss_pq_vm:0.00238 loss_pq_va:0.02424 loss_pv_va:0.02471
INFO|2024-09-27 07:23:03: Epoch[085/100], iter[118/392], loss_total:0.10769, loss_equ:0.32498 loss_pq_vm:0.00241 loss_pq_va:0.02547 loss_pv_va:0.02558
INFO|2024-09-27 07:24:16: Epoch[085/100], iter[157/392], loss_total:0.10461, loss_equ:0.32710 loss_pq_vm:0.00238 loss_pq_va:0.02382 loss_pv_va:0.02424
INFO|2024-09-27 07:25:29: Epoch[085/100], iter[196/392], loss_total:0.10569, loss_equ:0.32067 loss_pq_vm:0.00237 loss_pq_va:0.02487 loss_pv_va:0.02507
INFO|2024-09-27 07:26:42: Epoch[085/100], iter[235/392], loss_total:0.10330, loss_equ:0.32074 loss_pq_vm:0.00236 loss_pq_va:0.02367 loss_pv_va:0.02396
INFO|2024-09-27 07:27:55: Epoch[085/100], iter[274/392], loss_total:0.10419, loss_equ:0.32552 loss_pq_vm:0.00236 loss_pq_va:0.02392 loss_pv_va:0.02416
INFO|2024-09-27 07:29:08: Epoch[085/100], iter[313/392], loss_total:0.10508, loss_equ:0.32439 loss_pq_vm:0.00236 loss_pq_va:0.02444 loss_pv_va:0.02459
INFO|2024-09-27 07:30:21: Epoch[085/100], iter[352/392], loss_total:0.10780, loss_equ:0.33464 loss_pq_vm:0.00243 loss_pq_va:0.02462 loss_pv_va:0.02540
INFO|2024-09-27 07:31:36: Epoch[085/100], iter[392/392], loss_total:0.10573, loss_equ:0.33029 loss_pq_vm:0.00250 loss_pq_va:0.02369 loss_pv_va:0.02406
INFO|2024-09-27 07:33:52: Epoch 84/100, lr:  0.00006395, eta: 3.64h, train_loss:  0.10703, valid_loss:  0.12934
INFO|2024-09-27 07:33:52: 	Train: PQ_Vm_rmse: 0.00003819  PQ_Va_rmse: 0.00038773  PV_Va_rmse: 0.00039295  delta_p: 0.00286554  delta_q: 0.00043455  
INFO|2024-09-27 07:33:52: 	ZTest: PQ_Vm_rmse: 0.00007387  PQ_Va_rmse: 0.00115264  PV_Va_rmse: 0.00118993  delta_p: 0.00301370  delta_q: 0.00045922  
INFO|2024-09-27 07:33:52: 	ZTest-ema: PQ_Vm_rmse: 0.000072  PQ_Va_rmse: 0.001044  PV_Va_rmse: 0.001121  delta_p: 0.002614  delta_q: 0.000392  
INFO|2024-09-27 07:33:52: 	           ValOfEMA:0.001121/0.000939,  Epoch:85/77
INFO|2024-09-27 07:33:53: 	Time(ep):872s,  Val(curr/best):0.001190/0.001035,  Epoch(curr/best):85/76
INFO|2024-09-27 07:33:53: -------------------- Epoch: 86 --------------------
INFO|2024-09-27 07:35:10: Epoch[086/100], iter[040/392], loss_total:0.10348, loss_equ:0.31994 loss_pq_vm:0.00237 loss_pq_va:0.02368 loss_pv_va:0.02409
INFO|2024-09-27 07:36:22: Epoch[086/100], iter[079/392], loss_total:0.10688, loss_equ:0.32417 loss_pq_vm:0.00237 loss_pq_va:0.02527 loss_pv_va:0.02548
INFO|2024-09-27 07:37:35: Epoch[086/100], iter[118/392], loss_total:0.10605, loss_equ:0.33246 loss_pq_vm:0.00239 loss_pq_va:0.02433 loss_pv_va:0.02452
INFO|2024-09-27 07:38:48: Epoch[086/100], iter[157/392], loss_total:0.10531, loss_equ:0.32476 loss_pq_vm:0.00241 loss_pq_va:0.02427 loss_pv_va:0.02442
INFO|2024-09-27 07:40:00: Epoch[086/100], iter[196/392], loss_total:0.10266, loss_equ:0.32060 loss_pq_vm:0.00235 loss_pq_va:0.02343 loss_pv_va:0.02368
INFO|2024-09-27 07:41:13: Epoch[086/100], iter[235/392], loss_total:0.10275, loss_equ:0.31918 loss_pq_vm:0.00241 loss_pq_va:0.02322 loss_pv_va:0.02349
INFO|2024-09-27 07:42:26: Epoch[086/100], iter[274/392], loss_total:0.10313, loss_equ:0.32835 loss_pq_vm:0.00235 loss_pq_va:0.02340 loss_pv_va:0.02340
INFO|2024-09-27 07:43:39: Epoch[086/100], iter[313/392], loss_total:0.11655, loss_equ:0.34003 loss_pq_vm:0.00247 loss_pq_va:0.02932 loss_pv_va:0.02851
INFO|2024-09-27 07:44:52: Epoch[086/100], iter[352/392], loss_total:0.11084, loss_equ:0.33377 loss_pq_vm:0.00239 loss_pq_va:0.02655 loss_pv_va:0.02698
INFO|2024-09-27 07:46:06: Epoch[086/100], iter[392/392], loss_total:0.10986, loss_equ:0.33578 loss_pq_vm:0.00243 loss_pq_va:0.02612 loss_pv_va:0.02589
INFO|2024-09-27 07:48:22: Epoch 85/100, lr:  0.00005711, eta: 3.38h, train_loss:  0.10674, valid_loss:  0.12997
INFO|2024-09-27 07:48:22: 	Train: PQ_Vm_rmse: 0.00003951  PQ_Va_rmse: 0.00040454  PV_Va_rmse: 0.00040924  delta_p: 0.00278257  delta_q: 0.00043131  
INFO|2024-09-27 07:48:22: 	ZTest: PQ_Vm_rmse: 0.00008576  PQ_Va_rmse: 0.00107842  PV_Va_rmse: 0.00114233  delta_p: 0.00317889  delta_q: 0.00072106  
INFO|2024-09-27 07:48:22: 	ZTest-ema: PQ_Vm_rmse: 0.000073  PQ_Va_rmse: 0.001062  PV_Va_rmse: 0.001148  delta_p: 0.002662  delta_q: 0.000397  
INFO|2024-09-27 07:48:22: 	           ValOfEMA:0.001148/0.000939,  Epoch:86/77
INFO|2024-09-27 07:48:23: 	Time(ep):868s,  Val(curr/best):0.001142/0.001035,  Epoch(curr/best):86/76
INFO|2024-09-27 07:48:23: -------------------- Epoch: 87 --------------------
INFO|2024-09-27 07:49:39: Epoch[087/100], iter[040/392], loss_total:0.10780, loss_equ:0.32836 loss_pq_vm:0.00239 loss_pq_va:0.02546 loss_pv_va:0.02563
INFO|2024-09-27 07:50:52: Epoch[087/100], iter[079/392], loss_total:0.10199, loss_equ:0.32322 loss_pq_vm:0.00234 loss_pq_va:0.02289 loss_pv_va:0.02341
INFO|2024-09-27 07:52:04: Epoch[087/100], iter[118/392], loss_total:0.10956, loss_equ:0.32958 loss_pq_vm:0.00241 loss_pq_va:0.02612 loss_pv_va:0.02636
INFO|2024-09-27 07:53:17: Epoch[087/100], iter[157/392], loss_total:0.10458, loss_equ:0.32523 loss_pq_vm:0.00241 loss_pq_va:0.02380 loss_pv_va:0.02412
INFO|2024-09-27 07:54:31: Epoch[087/100], iter[196/392], loss_total:0.11096, loss_equ:0.34526 loss_pq_vm:0.00243 loss_pq_va:0.02615 loss_pv_va:0.02596
INFO|2024-09-27 07:55:45: Epoch[087/100], iter[235/392], loss_total:0.11477, loss_equ:0.33252 loss_pq_vm:0.00241 loss_pq_va:0.02898 loss_pv_va:0.02847
INFO|2024-09-27 07:56:58: Epoch[087/100], iter[274/392], loss_total:0.10454, loss_equ:0.32663 loss_pq_vm:0.00244 loss_pq_va:0.02378 loss_pv_va:0.02367
INFO|2024-09-27 07:58:10: Epoch[087/100], iter[313/392], loss_total:0.10778, loss_equ:0.32762 loss_pq_vm:0.00239 loss_pq_va:0.02546 loss_pv_va:0.02562
INFO|2024-09-27 07:59:23: Epoch[087/100], iter[352/392], loss_total:0.10196, loss_equ:0.32506 loss_pq_vm:0.00232 loss_pq_va:0.02301 loss_pv_va:0.02325
INFO|2024-09-27 08:00:37: Epoch[087/100], iter[392/392], loss_total:0.11943, loss_equ:0.35795 loss_pq_vm:0.00250 loss_pq_va:0.02929 loss_pv_va:0.02934
INFO|2024-09-27 08:02:54: Epoch 86/100, lr:  0.00005071, eta: 3.15h, train_loss:  0.10663, valid_loss:  0.13072
INFO|2024-09-27 08:02:54: 	Train: PQ_Vm_rmse: 0.00003756  PQ_Va_rmse: 0.00038643  PV_Va_rmse: 0.00039459  delta_p: 0.00283961  delta_q: 0.00043757  
INFO|2024-09-27 08:02:54: 	ZTest: PQ_Vm_rmse: 0.00008052  PQ_Va_rmse: 0.00108880  PV_Va_rmse: 0.00123446  delta_p: 0.00322327  delta_q: 0.00059805  
INFO|2024-09-27 08:02:54: 	ZTest-ema: PQ_Vm_rmse: 0.000076  PQ_Va_rmse: 0.001048  PV_Va_rmse: 0.001133  delta_p: 0.002742  delta_q: 0.000407  
INFO|2024-09-27 08:02:54: 	           ValOfEMA:0.001133/0.000939,  Epoch:87/77
INFO|2024-09-27 08:02:54: 	Time(ep):871s,  Val(curr/best):0.001234/0.001035,  Epoch(curr/best):87/76
INFO|2024-09-27 08:02:54: -------------------- Epoch: 88 --------------------
INFO|2024-09-27 08:04:10: Epoch[088/100], iter[040/392], loss_total:0.10431, loss_equ:0.32856 loss_pq_vm:0.00245 loss_pq_va:0.02319 loss_pv_va:0.02376
INFO|2024-09-27 08:05:22: Epoch[088/100], iter[079/392], loss_total:0.10253, loss_equ:0.31948 loss_pq_vm:0.00236 loss_pq_va:0.02325 loss_pv_va:0.02372
INFO|2024-09-27 08:06:34: Epoch[088/100], iter[118/392], loss_total:0.10419, loss_equ:0.32559 loss_pq_vm:0.00239 loss_pq_va:0.02378 loss_pv_va:0.02395
INFO|2024-09-27 08:07:47: Epoch[088/100], iter[157/392], loss_total:0.10607, loss_equ:0.32231 loss_pq_vm:0.00243 loss_pq_va:0.02487 loss_pv_va:0.02465
INFO|2024-09-27 08:09:00: Epoch[088/100], iter[196/392], loss_total:0.10615, loss_equ:0.32767 loss_pq_vm:0.00238 loss_pq_va:0.02460 loss_pv_va:0.02502
INFO|2024-09-27 08:10:13: Epoch[088/100], iter[235/392], loss_total:0.11248, loss_equ:0.33489 loss_pq_vm:0.00239 loss_pq_va:0.02764 loss_pv_va:0.02746
INFO|2024-09-27 08:11:25: Epoch[088/100], iter[274/392], loss_total:0.10703, loss_equ:0.31942 loss_pq_vm:0.00234 loss_pq_va:0.02566 loss_pv_va:0.02600
INFO|2024-09-27 08:12:37: Epoch[088/100], iter[313/392], loss_total:0.10321, loss_equ:0.31959 loss_pq_vm:0.00237 loss_pq_va:0.02347 loss_pv_va:0.02406
INFO|2024-09-27 08:13:49: Epoch[088/100], iter[352/392], loss_total:0.10547, loss_equ:0.32306 loss_pq_vm:0.00233 loss_pq_va:0.02478 loss_pv_va:0.02511
INFO|2024-09-27 08:15:04: Epoch[088/100], iter[392/392], loss_total:0.10810, loss_equ:0.33012 loss_pq_vm:0.00246 loss_pq_va:0.02508 loss_pv_va:0.02537
INFO|2024-09-27 08:17:19: Epoch 87/100, lr:  0.00004476, eta: 2.88h, train_loss:  0.10566, valid_loss:  0.12807
INFO|2024-09-27 08:17:19: 	Train: PQ_Vm_rmse: 0.00003703  PQ_Va_rmse: 0.00037646  PV_Va_rmse: 0.00038588  delta_p: 0.00258261  delta_q: 0.00041262  
INFO|2024-09-27 08:17:19: 	ZTest: PQ_Vm_rmse: 0.00008058  PQ_Va_rmse: 0.00110844  PV_Va_rmse: 0.00117677  delta_p: 0.00286362  delta_q: 0.00040715  
INFO|2024-09-27 08:17:19: 	ZTest-ema: PQ_Vm_rmse: 0.000079  PQ_Va_rmse: 0.001043  PV_Va_rmse: 0.001114  delta_p: 0.002462  delta_q: 0.000382  
INFO|2024-09-27 08:17:19: 	           ValOfEMA:0.001114/0.000939,  Epoch:88/77
INFO|2024-09-27 08:17:19: 	Time(ep):864s,  Val(curr/best):0.001177/0.001035,  Epoch(curr/best):88/76
INFO|2024-09-27 08:17:19: -------------------- Epoch: 89 --------------------
INFO|2024-09-27 08:18:35: Epoch[089/100], iter[040/392], loss_total:0.10680, loss_equ:0.32796 loss_pq_vm:0.00238 loss_pq_va:0.02514 loss_pv_va:0.02507
INFO|2024-09-27 08:19:48: Epoch[089/100], iter[079/392], loss_total:0.09935, loss_equ:0.31906 loss_pq_vm:0.00227 loss_pq_va:0.02209 loss_pv_va:0.02266
INFO|2024-09-27 08:21:00: Epoch[089/100], iter[118/392], loss_total:0.10249, loss_equ:0.31669 loss_pq_vm:0.00235 loss_pq_va:0.02353 loss_pv_va:0.02383
INFO|2024-09-27 08:22:13: Epoch[089/100], iter[157/392], loss_total:0.10234, loss_equ:0.31707 loss_pq_vm:0.00246 loss_pq_va:0.02298 loss_pv_va:0.02308
INFO|2024-09-27 08:23:26: Epoch[089/100], iter[196/392], loss_total:0.10288, loss_equ:0.32316 loss_pq_vm:0.00240 loss_pq_va:0.02308 loss_pv_va:0.02350
INFO|2024-09-27 08:24:40: Epoch[089/100], iter[235/392], loss_total:0.10324, loss_equ:0.32322 loss_pq_vm:0.00235 loss_pq_va:0.02357 loss_pv_va:0.02385
INFO|2024-09-27 08:25:53: Epoch[089/100], iter[274/392], loss_total:0.10434, loss_equ:0.32268 loss_pq_vm:0.00237 loss_pq_va:0.02403 loss_pv_va:0.02431
INFO|2024-09-27 08:27:05: Epoch[089/100], iter[313/392], loss_total:0.10161, loss_equ:0.31872 loss_pq_vm:0.00237 loss_pq_va:0.02296 loss_pv_va:0.02310
INFO|2024-09-27 08:28:19: Epoch[089/100], iter[352/392], loss_total:0.10840, loss_equ:0.33047 loss_pq_vm:0.00243 loss_pq_va:0.02554 loss_pv_va:0.02554
INFO|2024-09-27 08:29:34: Epoch[089/100], iter[392/392], loss_total:0.10603, loss_equ:0.32658 loss_pq_vm:0.00236 loss_pq_va:0.02477 loss_pv_va:0.02500
INFO|2024-09-27 08:31:51: Epoch 88/100, lr:  0.00003926, eta: 2.66h, train_loss:  0.10488, valid_loss:  0.12700
INFO|2024-09-27 08:31:51: 	Train: PQ_Vm_rmse: 0.00003516  PQ_Va_rmse: 0.00033364  PV_Va_rmse: 0.00034608  delta_p: 0.00254314  delta_q: 0.00038165  
INFO|2024-09-27 08:31:51: 	ZTest: PQ_Vm_rmse: 0.00007703  PQ_Va_rmse: 0.00110404  PV_Va_rmse: 0.00113869  delta_p: 0.00255208  delta_q: 0.00038499  
INFO|2024-09-27 08:31:51: 	ZTest-ema: PQ_Vm_rmse: 0.000075  PQ_Va_rmse: 0.001049  PV_Va_rmse: 0.001099  delta_p: 0.002498  delta_q: 0.000376  
INFO|2024-09-27 08:31:51: 	           ValOfEMA:0.001099/0.000939,  Epoch:89/77
INFO|2024-09-27 08:31:51: 	Time(ep):871s,  Val(curr/best):0.001139/0.001035,  Epoch(curr/best):89/76
INFO|2024-09-27 08:31:51: -------------------- Epoch: 90 --------------------
INFO|2024-09-27 08:33:07: Epoch[090/100], iter[040/392], loss_total:0.10708, loss_equ:0.33121 loss_pq_vm:0.00243 loss_pq_va:0.02461 loss_pv_va:0.02511
INFO|2024-09-27 08:34:20: Epoch[090/100], iter[079/392], loss_total:0.10146, loss_equ:0.31460 loss_pq_vm:0.00236 loss_pq_va:0.02311 loss_pv_va:0.02327
INFO|2024-09-27 08:35:32: Epoch[090/100], iter[118/392], loss_total:0.10452, loss_equ:0.31910 loss_pq_vm:0.00239 loss_pq_va:0.02446 loss_pv_va:0.02429
INFO|2024-09-27 08:36:44: Epoch[090/100], iter[157/392], loss_total:0.10176, loss_equ:0.32305 loss_pq_vm:0.00235 loss_pq_va:0.02286 loss_pv_va:0.02310
INFO|2024-09-27 08:37:57: Epoch[090/100], iter[196/392], loss_total:0.10440, loss_equ:0.32868 loss_pq_vm:0.00235 loss_pq_va:0.02388 loss_pv_va:0.02419
INFO|2024-09-27 08:39:10: Epoch[090/100], iter[235/392], loss_total:0.10893, loss_equ:0.33154 loss_pq_vm:0.00243 loss_pq_va:0.02571 loss_pv_va:0.02580
INFO|2024-09-27 08:40:23: Epoch[090/100], iter[274/392], loss_total:0.10621, loss_equ:0.33226 loss_pq_vm:0.00238 loss_pq_va:0.02448 loss_pv_va:0.02468
INFO|2024-09-27 08:41:36: Epoch[090/100], iter[313/392], loss_total:0.10306, loss_equ:0.32022 loss_pq_vm:0.00235 loss_pq_va:0.02361 loss_pv_va:0.02390
INFO|2024-09-27 08:42:48: Epoch[090/100], iter[352/392], loss_total:0.10672, loss_equ:0.32852 loss_pq_vm:0.00244 loss_pq_va:0.02473 loss_pv_va:0.02478
INFO|2024-09-27 08:44:02: Epoch[090/100], iter[392/392], loss_total:0.10428, loss_equ:0.31935 loss_pq_vm:0.00233 loss_pq_va:0.02448 loss_pv_va:0.02453
INFO|2024-09-27 08:46:19: Epoch 89/100, lr:  0.00003423, eta: 2.41h, train_loss:  0.10452, valid_loss:  0.12709
INFO|2024-09-27 08:46:19: 	Train: PQ_Vm_rmse: 0.00003501  PQ_Va_rmse: 0.00033355  PV_Va_rmse: 0.00034452  delta_p: 0.00239817  delta_q: 0.00036645  
INFO|2024-09-27 08:46:19: 	ZTest: PQ_Vm_rmse: 0.00007120  PQ_Va_rmse: 0.00104651  PV_Va_rmse: 0.00110792  delta_p: 0.00237179  delta_q: 0.00037403  
INFO|2024-09-27 08:46:19: 	ZTest-ema: PQ_Vm_rmse: 0.000074  PQ_Va_rmse: 0.001033  PV_Va_rmse: 0.001080  delta_p: 0.002405  delta_q: 0.000368  
INFO|2024-09-27 08:46:19: 	           ValOfEMA:0.001080/0.000939,  Epoch:90/77
INFO|2024-09-27 08:46:20: 	Time(ep):867s,  Val(curr/best):0.001108/0.001035,  Epoch(curr/best):90/76
INFO|2024-09-27 08:46:20: -------------------- Epoch: 91 --------------------
INFO|2024-09-27 08:47:35: Epoch[091/100], iter[040/392], loss_total:0.10707, loss_equ:0.33322 loss_pq_vm:0.00241 loss_pq_va:0.02488 loss_pv_va:0.02479
INFO|2024-09-27 08:48:47: Epoch[091/100], iter[079/392], loss_total:0.11294, loss_equ:0.33829 loss_pq_vm:0.00243 loss_pq_va:0.02744 loss_pv_va:0.02736
INFO|2024-09-27 08:50:00: Epoch[091/100], iter[118/392], loss_total:0.09969, loss_equ:0.31352 loss_pq_vm:0.00233 loss_pq_va:0.02234 loss_pv_va:0.02269
INFO|2024-09-27 08:51:12: Epoch[091/100], iter[157/392], loss_total:0.10491, loss_equ:0.32806 loss_pq_vm:0.00241 loss_pq_va:0.02372 loss_pv_va:0.02426
INFO|2024-09-27 08:52:24: Epoch[091/100], iter[196/392], loss_total:0.09754, loss_equ:0.30884 loss_pq_vm:0.00234 loss_pq_va:0.02140 loss_pv_va:0.02186
INFO|2024-09-27 08:53:36: Epoch[091/100], iter[235/392], loss_total:0.10093, loss_equ:0.31872 loss_pq_vm:0.00234 loss_pq_va:0.02276 loss_pv_va:0.02291
INFO|2024-09-27 08:54:48: Epoch[091/100], iter[274/392], loss_total:0.10438, loss_equ:0.31879 loss_pq_vm:0.00237 loss_pq_va:0.02417 loss_pv_va:0.02462
INFO|2024-09-27 08:56:00: Epoch[091/100], iter[313/392], loss_total:0.10496, loss_equ:0.32561 loss_pq_vm:0.00239 loss_pq_va:0.02420 loss_pv_va:0.02427
INFO|2024-09-27 08:57:13: Epoch[091/100], iter[352/392], loss_total:0.10573, loss_equ:0.32292 loss_pq_vm:0.00239 loss_pq_va:0.02467 loss_pv_va:0.02489
INFO|2024-09-27 08:58:27: Epoch[091/100], iter[392/392], loss_total:0.10358, loss_equ:0.31564 loss_pq_vm:0.00233 loss_pq_va:0.02423 loss_pv_va:0.02448
INFO|2024-09-27 09:00:43: Epoch 90/100, lr:  0.00002965, eta: 2.16h, train_loss:  0.10409, valid_loss:  0.12615
INFO|2024-09-27 09:00:43: 	Train: PQ_Vm_rmse: 0.00003411  PQ_Va_rmse: 0.00031716  PV_Va_rmse: 0.00033073  delta_p: 0.00231502  delta_q: 0.00034838  
INFO|2024-09-27 09:00:43: 	ZTest: PQ_Vm_rmse: 0.00007284  PQ_Va_rmse: 0.00100349  PV_Va_rmse: 0.00105217  delta_p: 0.00240337  delta_q: 0.00036951  
INFO|2024-09-27 09:00:43: 	ZTest-ema: PQ_Vm_rmse: 0.000074  PQ_Va_rmse: 0.001045  PV_Va_rmse: 0.001082  delta_p: 0.002413  delta_q: 0.000366  
INFO|2024-09-27 09:00:43: 	           ValOfEMA:0.001082/0.000939,  Epoch:91/77
INFO|2024-09-27 09:00:43: 	Time(ep):863s,  Val(curr/best):0.001052/0.001035,  Epoch(curr/best):91/76
INFO|2024-09-27 09:00:43: -------------------- Epoch: 92 --------------------
INFO|2024-09-27 09:01:59: Epoch[092/100], iter[040/392], loss_total:0.10256, loss_equ:0.31546 loss_pq_vm:0.00238 loss_pq_va:0.02358 loss_pv_va:0.02368
INFO|2024-09-27 09:03:12: Epoch[092/100], iter[079/392], loss_total:0.10166, loss_equ:0.31369 loss_pq_vm:0.00237 loss_pq_va:0.02311 loss_pv_va:0.02347
INFO|2024-09-27 09:04:25: Epoch[092/100], iter[118/392], loss_total:0.10513, loss_equ:0.32357 loss_pq_vm:0.00240 loss_pq_va:0.02434 loss_pv_va:0.02444
INFO|2024-09-27 09:05:37: Epoch[092/100], iter[157/392], loss_total:0.10168, loss_equ:0.32118 loss_pq_vm:0.00232 loss_pq_va:0.02285 loss_pv_va:0.02349
INFO|2024-09-27 09:06:50: Epoch[092/100], iter[196/392], loss_total:0.09888, loss_equ:0.31305 loss_pq_vm:0.00235 loss_pq_va:0.02187 loss_pv_va:0.02218
INFO|2024-09-27 09:08:03: Epoch[092/100], iter[235/392], loss_total:0.10920, loss_equ:0.32478 loss_pq_vm:0.00240 loss_pq_va:0.02637 loss_pv_va:0.02635
INFO|2024-09-27 09:09:15: Epoch[092/100], iter[274/392], loss_total:0.10381, loss_equ:0.32345 loss_pq_vm:0.00238 loss_pq_va:0.02382 loss_pv_va:0.02385
INFO|2024-09-27 09:10:29: Epoch[092/100], iter[313/392], loss_total:0.10084, loss_equ:0.32100 loss_pq_vm:0.00234 loss_pq_va:0.02248 loss_pv_va:0.02285
INFO|2024-09-27 09:11:42: Epoch[092/100], iter[352/392], loss_total:0.09720, loss_equ:0.30644 loss_pq_vm:0.00231 loss_pq_va:0.02149 loss_pv_va:0.02193
INFO|2024-09-27 09:12:56: Epoch[092/100], iter[392/392], loss_total:0.10932, loss_equ:0.32892 loss_pq_vm:0.00242 loss_pq_va:0.02618 loss_pv_va:0.02606
INFO|2024-09-27 09:15:13: Epoch 91/100, lr:  0.00002555, eta: 1.93h, train_loss:  0.10391, valid_loss:  0.12638
INFO|2024-09-27 09:15:13: 	Train: PQ_Vm_rmse: 0.00003435  PQ_Va_rmse: 0.00031673  PV_Va_rmse: 0.00032996  delta_p: 0.00225490  delta_q: 0.00034559  
INFO|2024-09-27 09:15:13: 	ZTest: PQ_Vm_rmse: 0.00007670  PQ_Va_rmse: 0.00109452  PV_Va_rmse: 0.00113479  delta_p: 0.00244282  delta_q: 0.00038045  
INFO|2024-09-27 09:15:13: 	ZTest-ema: PQ_Vm_rmse: 0.000075  PQ_Va_rmse: 0.001030  PV_Va_rmse: 0.001083  delta_p: 0.002364  delta_q: 0.000361  
INFO|2024-09-27 09:15:13: 	           ValOfEMA:0.001083/0.000939,  Epoch:92/77
INFO|2024-09-27 09:15:14: 	Time(ep):869s,  Val(curr/best):0.001135/0.001035,  Epoch(curr/best):92/76
INFO|2024-09-27 09:15:14: -------------------- Epoch: 93 --------------------
INFO|2024-09-27 09:16:30: Epoch[093/100], iter[040/392], loss_total:0.10347, loss_equ:0.31581 loss_pq_vm:0.00239 loss_pq_va:0.02407 loss_pv_va:0.02396
INFO|2024-09-27 09:17:47: Epoch[093/100], iter[079/392], loss_total:0.10424, loss_equ:0.32375 loss_pq_vm:0.00238 loss_pq_va:0.02395 loss_pv_va:0.02413
INFO|2024-09-27 09:19:00: Epoch[093/100], iter[118/392], loss_total:0.10278, loss_equ:0.32314 loss_pq_vm:0.00236 loss_pq_va:0.02326 loss_pv_va:0.02359
INFO|2024-09-27 09:20:13: Epoch[093/100], iter[157/392], loss_total:0.10425, loss_equ:0.32096 loss_pq_vm:0.00236 loss_pq_va:0.02396 loss_pv_va:0.02455
INFO|2024-09-27 09:21:25: Epoch[093/100], iter[196/392], loss_total:0.11379, loss_equ:0.33404 loss_pq_vm:0.00247 loss_pq_va:0.02805 loss_pv_va:0.02761
INFO|2024-09-27 09:22:38: Epoch[093/100], iter[235/392], loss_total:0.10003, loss_equ:0.31751 loss_pq_vm:0.00234 loss_pq_va:0.02244 loss_pv_va:0.02246
INFO|2024-09-27 09:23:51: Epoch[093/100], iter[274/392], loss_total:0.10687, loss_equ:0.32454 loss_pq_vm:0.00242 loss_pq_va:0.02503 loss_pv_va:0.02521
INFO|2024-09-27 09:25:03: Epoch[093/100], iter[313/392], loss_total:0.10245, loss_equ:0.32207 loss_pq_vm:0.00240 loss_pq_va:0.02287 loss_pv_va:0.02335
INFO|2024-09-27 09:26:16: Epoch[093/100], iter[352/392], loss_total:0.10254, loss_equ:0.32174 loss_pq_vm:0.00240 loss_pq_va:0.02302 loss_pv_va:0.02333
INFO|2024-09-27 09:27:30: Epoch[093/100], iter[392/392], loss_total:0.10631, loss_equ:0.32367 loss_pq_vm:0.00246 loss_pq_va:0.02470 loss_pv_va:0.02466
INFO|2024-09-27 09:29:46: Epoch 92/100, lr:  0.00002192, eta: 1.7h, train_loss:  0.10383, valid_loss:  0.12626
INFO|2024-09-27 09:29:46: 	Train: PQ_Vm_rmse: 0.00003421  PQ_Va_rmse: 0.00031364  PV_Va_rmse: 0.00032549  delta_p: 0.00226449  delta_q: 0.00034303  
INFO|2024-09-27 09:29:47: 	ZTest: PQ_Vm_rmse: 0.00007337  PQ_Va_rmse: 0.00104035  PV_Va_rmse: 0.00110450  delta_p: 0.00249291  delta_q: 0.00038242  
INFO|2024-09-27 09:29:47: 	ZTest-ema: PQ_Vm_rmse: 0.000074  PQ_Va_rmse: 0.001020  PV_Va_rmse: 0.001082  delta_p: 0.002372  delta_q: 0.000361  
INFO|2024-09-27 09:29:47: 	           ValOfEMA:0.001082/0.000939,  Epoch:93/77
INFO|2024-09-27 09:29:47: 	Time(ep):872s,  Val(curr/best):0.001104/0.001035,  Epoch(curr/best):93/76
INFO|2024-09-27 09:29:47: -------------------- Epoch: 94 --------------------
INFO|2024-09-27 09:31:03: Epoch[094/100], iter[040/392], loss_total:0.10368, loss_equ:0.31951 loss_pq_vm:0.00239 loss_pq_va:0.02375 loss_pv_va:0.02408
INFO|2024-09-27 09:32:16: Epoch[094/100], iter[079/392], loss_total:0.10439, loss_equ:0.32687 loss_pq_vm:0.00239 loss_pq_va:0.02376 loss_pv_va:0.02401
INFO|2024-09-27 09:33:29: Epoch[094/100], iter[118/392], loss_total:0.10528, loss_equ:0.32880 loss_pq_vm:0.00237 loss_pq_va:0.02434 loss_pv_va:0.02438
INFO|2024-09-27 09:34:41: Epoch[094/100], iter[157/392], loss_total:0.10361, loss_equ:0.32684 loss_pq_vm:0.00238 loss_pq_va:0.02347 loss_pv_va:0.02370
INFO|2024-09-27 09:35:53: Epoch[094/100], iter[196/392], loss_total:0.10463, loss_equ:0.31929 loss_pq_vm:0.00237 loss_pq_va:0.02421 loss_pv_va:0.02475
INFO|2024-09-27 09:37:05: Epoch[094/100], iter[235/392], loss_total:0.10435, loss_equ:0.32394 loss_pq_vm:0.00237 loss_pq_va:0.02385 loss_pv_va:0.02440
INFO|2024-09-27 09:38:18: Epoch[094/100], iter[274/392], loss_total:0.10714, loss_equ:0.32878 loss_pq_vm:0.00240 loss_pq_va:0.02514 loss_pv_va:0.02515
INFO|2024-09-27 09:39:30: Epoch[094/100], iter[313/392], loss_total:0.09879, loss_equ:0.31625 loss_pq_vm:0.00237 loss_pq_va:0.02154 loss_pv_va:0.02195
INFO|2024-09-27 09:40:43: Epoch[094/100], iter[352/392], loss_total:0.09972, loss_equ:0.31380 loss_pq_vm:0.00235 loss_pq_va:0.02234 loss_pv_va:0.02252
INFO|2024-09-27 09:41:57: Epoch[094/100], iter[392/392], loss_total:0.10894, loss_equ:0.32532 loss_pq_vm:0.00239 loss_pq_va:0.02614 loss_pv_va:0.02641
INFO|2024-09-27 09:44:14: Epoch 93/100, lr:  0.00001877, eta: 1.44h, train_loss:  0.10359, valid_loss:  0.12943
INFO|2024-09-27 09:44:14: 	Train: PQ_Vm_rmse: 0.00003387  PQ_Va_rmse: 0.00030164  PV_Va_rmse: 0.00031708  delta_p: 0.00221034  delta_q: 0.00033423  
INFO|2024-09-27 09:44:14: 	ZTest: PQ_Vm_rmse: 0.00007596  PQ_Va_rmse: 0.00119346  PV_Va_rmse: 0.00129443  delta_p: 0.00281930  delta_q: 0.00040599  
INFO|2024-09-27 09:44:14: 	ZTest-ema: PQ_Vm_rmse: 0.000076  PQ_Va_rmse: 0.001081  PV_Va_rmse: 0.001150  delta_p: 0.002387  delta_q: 0.000361  
INFO|2024-09-27 09:44:14: 	           ValOfEMA:0.001150/0.000939,  Epoch:94/77
INFO|2024-09-27 09:44:14: 	Time(ep):866s,  Val(curr/best):0.001294/0.001035,  Epoch(curr/best):94/76
INFO|2024-09-27 09:44:14: -------------------- Epoch: 95 --------------------
INFO|2024-09-27 09:45:31: Epoch[095/100], iter[040/392], loss_total:0.10226, loss_equ:0.31678 loss_pq_vm:0.00240 loss_pq_va:0.02302 loss_pv_va:0.02355
INFO|2024-09-27 09:46:43: Epoch[095/100], iter[079/392], loss_total:0.10725, loss_equ:0.32864 loss_pq_vm:0.00241 loss_pq_va:0.02495 loss_pv_va:0.02533
INFO|2024-09-27 09:47:56: Epoch[095/100], iter[118/392], loss_total:0.10206, loss_equ:0.32209 loss_pq_vm:0.00236 loss_pq_va:0.02285 loss_pv_va:0.02340
INFO|2024-09-27 09:49:09: Epoch[095/100], iter[157/392], loss_total:0.10278, loss_equ:0.31995 loss_pq_vm:0.00238 loss_pq_va:0.02331 loss_pv_va:0.02364
INFO|2024-09-27 09:50:22: Epoch[095/100], iter[196/392], loss_total:0.10150, loss_equ:0.31809 loss_pq_vm:0.00235 loss_pq_va:0.02292 loss_pv_va:0.02330
INFO|2024-09-27 09:51:35: Epoch[095/100], iter[235/392], loss_total:0.10528, loss_equ:0.32300 loss_pq_vm:0.00239 loss_pq_va:0.02447 loss_pv_va:0.02461
INFO|2024-09-27 09:52:48: Epoch[095/100], iter[274/392], loss_total:0.10352, loss_equ:0.32293 loss_pq_vm:0.00238 loss_pq_va:0.02372 loss_pv_va:0.02373
INFO|2024-09-27 09:54:01: Epoch[095/100], iter[313/392], loss_total:0.10316, loss_equ:0.32310 loss_pq_vm:0.00241 loss_pq_va:0.02336 loss_pv_va:0.02344
INFO|2024-09-27 09:55:15: Epoch[095/100], iter[352/392], loss_total:0.10304, loss_equ:0.32212 loss_pq_vm:0.00239 loss_pq_va:0.02330 loss_pv_va:0.02360
INFO|2024-09-27 09:56:29: Epoch[095/100], iter[392/392], loss_total:0.10158, loss_equ:0.32359 loss_pq_vm:0.00236 loss_pq_va:0.02253 loss_pv_va:0.02313
INFO|2024-09-27 09:58:46: Epoch 94/100, lr:  0.00001609, eta: 1.21h, train_loss:  0.10349, valid_loss:  0.12585
INFO|2024-09-27 09:58:46: 	Train: PQ_Vm_rmse: 0.00003387  PQ_Va_rmse: 0.00029890  PV_Va_rmse: 0.00031674  delta_p: 0.00216886  delta_q: 0.00033045  
INFO|2024-09-27 09:58:46: 	ZTest: PQ_Vm_rmse: 0.00007370  PQ_Va_rmse: 0.00104671  PV_Va_rmse: 0.00109469  delta_p: 0.00249314  delta_q: 0.00035769  
INFO|2024-09-27 09:58:47: 	ZTest-ema: PQ_Vm_rmse: 0.000076  PQ_Va_rmse: 0.001071  PV_Va_rmse: 0.001136  delta_p: 0.002340  delta_q: 0.000358  
INFO|2024-09-27 09:58:47: 	           ValOfEMA:0.001136/0.000939,  Epoch:95/77
INFO|2024-09-27 09:58:47: 	Time(ep):871s,  Val(curr/best):0.001095/0.001035,  Epoch(curr/best):95/76
INFO|2024-09-27 09:58:47: -------------------- Epoch: 96 --------------------
INFO|2024-09-27 10:00:05: Epoch[096/100], iter[040/392], loss_total:0.09931, loss_equ:0.31641 loss_pq_vm:0.00238 loss_pq_va:0.02157 loss_pv_va:0.02235
INFO|2024-09-27 10:01:18: Epoch[096/100], iter[079/392], loss_total:0.10290, loss_equ:0.32425 loss_pq_vm:0.00241 loss_pq_va:0.02321 loss_pv_va:0.02320
INFO|2024-09-27 10:02:30: Epoch[096/100], iter[118/392], loss_total:0.10127, loss_equ:0.31931 loss_pq_vm:0.00233 loss_pq_va:0.02297 loss_pv_va:0.02308
INFO|2024-09-27 10:03:42: Epoch[096/100], iter[157/392], loss_total:0.09996, loss_equ:0.31561 loss_pq_vm:0.00238 loss_pq_va:0.02219 loss_pv_va:0.02245
INFO|2024-09-27 10:04:55: Epoch[096/100], iter[196/392], loss_total:0.10390, loss_equ:0.32591 loss_pq_vm:0.00237 loss_pq_va:0.02375 loss_pv_va:0.02390
INFO|2024-09-27 10:06:07: Epoch[096/100], iter[235/392], loss_total:0.10024, loss_equ:0.31328 loss_pq_vm:0.00238 loss_pq_va:0.02235 loss_pv_va:0.02276
INFO|2024-09-27 10:07:19: Epoch[096/100], iter[274/392], loss_total:0.10284, loss_equ:0.32186 loss_pq_vm:0.00236 loss_pq_va:0.02322 loss_pv_va:0.02380
INFO|2024-09-27 10:08:31: Epoch[096/100], iter[313/392], loss_total:0.09999, loss_equ:0.31758 loss_pq_vm:0.00235 loss_pq_va:0.02225 loss_pv_va:0.02244
INFO|2024-09-27 10:09:43: Epoch[096/100], iter[352/392], loss_total:0.10306, loss_equ:0.31768 loss_pq_vm:0.00236 loss_pq_va:0.02394 loss_pv_va:0.02371
INFO|2024-09-27 10:10:57: Epoch[096/100], iter[392/392], loss_total:0.09968, loss_equ:0.31521 loss_pq_vm:0.00236 loss_pq_va:0.02204 loss_pv_va:0.02247
INFO|2024-09-27 10:13:13: Epoch 95/100, lr:  0.00001390, eta: 0.96h, train_loss:  0.10320, valid_loss:  0.12573
INFO|2024-09-27 10:13:13: 	Train: PQ_Vm_rmse: 0.00003381  PQ_Va_rmse: 0.00028821  PV_Va_rmse: 0.00030506  delta_p: 0.00211882  delta_q: 0.00032392  
INFO|2024-09-27 10:13:13: 	ZTest: PQ_Vm_rmse: 0.00007809  PQ_Va_rmse: 0.00112258  PV_Va_rmse: 0.00120498  delta_p: 0.00247090  delta_q: 0.00036081  
INFO|2024-09-27 10:13:13: 	ZTest-ema: PQ_Vm_rmse: 0.000078  PQ_Va_rmse: 0.001118  PV_Va_rmse: 0.001208  delta_p: 0.002385  delta_q: 0.000358  
INFO|2024-09-27 10:13:13: 	           ValOfEMA:0.001208/0.000939,  Epoch:96/77
INFO|2024-09-27 10:13:13: 	Time(ep):865s,  Val(curr/best):0.001205/0.001035,  Epoch(curr/best):96/76
INFO|2024-09-27 10:13:13: -------------------- Epoch: 97 --------------------
INFO|2024-09-27 10:14:29: Epoch[097/100], iter[040/392], loss_total:0.10090, loss_equ:0.31333 loss_pq_vm:0.00237 loss_pq_va:0.02267 loss_pv_va:0.02323
INFO|2024-09-27 10:15:42: Epoch[097/100], iter[079/392], loss_total:0.10678, loss_equ:0.32922 loss_pq_vm:0.00243 loss_pq_va:0.02470 loss_pv_va:0.02485
INFO|2024-09-27 10:16:55: Epoch[097/100], iter[118/392], loss_total:0.09949, loss_equ:0.31174 loss_pq_vm:0.00237 loss_pq_va:0.02222 loss_pv_va:0.02240
INFO|2024-09-27 10:18:07: Epoch[097/100], iter[157/392], loss_total:0.10272, loss_equ:0.31899 loss_pq_vm:0.00236 loss_pq_va:0.02351 loss_pv_va:0.02368
INFO|2024-09-27 10:19:20: Epoch[097/100], iter[196/392], loss_total:0.09992, loss_equ:0.31622 loss_pq_vm:0.00237 loss_pq_va:0.02202 loss_pv_va:0.02260
INFO|2024-09-27 10:20:33: Epoch[097/100], iter[235/392], loss_total:0.09714, loss_equ:0.31318 loss_pq_vm:0.00234 loss_pq_va:0.02102 loss_pv_va:0.02142
INFO|2024-09-27 10:21:46: Epoch[097/100], iter[274/392], loss_total:0.10109, loss_equ:0.31999 loss_pq_vm:0.00240 loss_pq_va:0.02238 loss_pv_va:0.02272
INFO|2024-09-27 10:22:59: Epoch[097/100], iter[313/392], loss_total:0.10669, loss_equ:0.33147 loss_pq_vm:0.00239 loss_pq_va:0.02492 loss_pv_va:0.02474
INFO|2024-09-27 10:24:12: Epoch[097/100], iter[352/392], loss_total:0.10568, loss_equ:0.32679 loss_pq_vm:0.00243 loss_pq_va:0.02427 loss_pv_va:0.02444
INFO|2024-09-27 10:25:27: Epoch[097/100], iter[392/392], loss_total:0.10383, loss_equ:0.32446 loss_pq_vm:0.00243 loss_pq_va:0.02351 loss_pv_va:0.02358
INFO|2024-09-27 10:27:43: Epoch 96/100, lr:  0.00001220, eta: 0.72h, train_loss:  0.10310, valid_loss:  0.12536
INFO|2024-09-27 10:27:43: 	Train: PQ_Vm_rmse: 0.00003374  PQ_Va_rmse: 0.00028442  PV_Va_rmse: 0.00030115  delta_p: 0.00210907  delta_q: 0.00032198  
INFO|2024-09-27 10:27:43: 	ZTest: PQ_Vm_rmse: 0.00007695  PQ_Va_rmse: 0.00109741  PV_Va_rmse: 0.00116701  delta_p: 0.00236739  delta_q: 0.00036528  
INFO|2024-09-27 10:27:43: 	ZTest-ema: PQ_Vm_rmse: 0.000077  PQ_Va_rmse: 0.001105  PV_Va_rmse: 0.001169  delta_p: 0.002355  delta_q: 0.000357  
INFO|2024-09-27 10:27:43: 	           ValOfEMA:0.001169/0.000939,  Epoch:97/77
INFO|2024-09-27 10:27:43: 	Time(ep):869s,  Val(curr/best):0.001167/0.001035,  Epoch(curr/best):97/76
INFO|2024-09-27 10:27:43: -------------------- Epoch: 98 --------------------
INFO|2024-09-27 10:28:59: Epoch[098/100], iter[040/392], loss_total:0.10270, loss_equ:0.32320 loss_pq_vm:0.00239 loss_pq_va:0.02301 loss_pv_va:0.02343
INFO|2024-09-27 10:30:11: Epoch[098/100], iter[079/392], loss_total:0.09791, loss_equ:0.31481 loss_pq_vm:0.00236 loss_pq_va:0.02123 loss_pv_va:0.02165
INFO|2024-09-27 10:31:23: Epoch[098/100], iter[118/392], loss_total:0.10033, loss_equ:0.31948 loss_pq_vm:0.00238 loss_pq_va:0.02205 loss_pv_va:0.02251
INFO|2024-09-27 10:32:36: Epoch[098/100], iter[157/392], loss_total:0.10148, loss_equ:0.31966 loss_pq_vm:0.00237 loss_pq_va:0.02265 loss_pv_va:0.02315
INFO|2024-09-27 10:33:48: Epoch[098/100], iter[196/392], loss_total:0.10303, loss_equ:0.31682 loss_pq_vm:0.00240 loss_pq_va:0.02366 loss_pv_va:0.02373
INFO|2024-09-27 10:35:01: Epoch[098/100], iter[235/392], loss_total:0.10134, loss_equ:0.32048 loss_pq_vm:0.00239 loss_pq_va:0.02248 loss_pv_va:0.02292
INFO|2024-09-27 10:36:13: Epoch[098/100], iter[274/392], loss_total:0.10617, loss_equ:0.32428 loss_pq_vm:0.00242 loss_pq_va:0.02467 loss_pv_va:0.02483
INFO|2024-09-27 10:37:26: Epoch[098/100], iter[313/392], loss_total:0.10263, loss_equ:0.32402 loss_pq_vm:0.00239 loss_pq_va:0.02311 loss_pv_va:0.02324
INFO|2024-09-27 10:38:38: Epoch[098/100], iter[352/392], loss_total:0.10324, loss_equ:0.31598 loss_pq_vm:0.00239 loss_pq_va:0.02360 loss_pv_va:0.02409
INFO|2024-09-27 10:39:53: Epoch[098/100], iter[392/392], loss_total:0.10305, loss_equ:0.32241 loss_pq_vm:0.00244 loss_pq_va:0.02309 loss_pv_va:0.02328
INFO|2024-09-27 10:42:10: Epoch 97/100, lr:  0.00001098, eta: 0.48h, train_loss:  0.10303, valid_loss:  0.12566
INFO|2024-09-27 10:42:10: 	Train: PQ_Vm_rmse: 0.00003382  PQ_Va_rmse: 0.00029015  PV_Va_rmse: 0.00030786  delta_p: 0.00208290  delta_q: 0.00031796  
INFO|2024-09-27 10:42:10: 	ZTest: PQ_Vm_rmse: 0.00007789  PQ_Va_rmse: 0.00111777  PV_Va_rmse: 0.00117059  delta_p: 0.00233593  delta_q: 0.00036150  
INFO|2024-09-27 10:42:10: 	ZTest-ema: PQ_Vm_rmse: 0.000076  PQ_Va_rmse: 0.001078  PV_Va_rmse: 0.001130  delta_p: 0.002318  delta_q: 0.000354  
INFO|2024-09-27 10:42:10: 	           ValOfEMA:0.001130/0.000939,  Epoch:98/77
INFO|2024-09-27 10:42:11: 	Time(ep):866s,  Val(curr/best):0.001171/0.001035,  Epoch(curr/best):98/76
INFO|2024-09-27 10:42:11: -------------------- Epoch: 99 --------------------
INFO|2024-09-27 10:43:28: Epoch[099/100], iter[040/392], loss_total:0.10235, loss_equ:0.32193 loss_pq_vm:0.00239 loss_pq_va:0.02300 loss_pv_va:0.02330
INFO|2024-09-27 10:44:42: Epoch[099/100], iter[079/392], loss_total:0.10303, loss_equ:0.31700 loss_pq_vm:0.00242 loss_pq_va:0.02345 loss_pv_va:0.02369
INFO|2024-09-27 10:45:55: Epoch[099/100], iter[118/392], loss_total:0.10346, loss_equ:0.31995 loss_pq_vm:0.00242 loss_pq_va:0.02351 loss_pv_va:0.02378
INFO|2024-09-27 10:47:07: Epoch[099/100], iter[157/392], loss_total:0.10285, loss_equ:0.32264 loss_pq_vm:0.00238 loss_pq_va:0.02326 loss_pv_va:0.02349
INFO|2024-09-27 10:48:19: Epoch[099/100], iter[196/392], loss_total:0.09952, loss_equ:0.31301 loss_pq_vm:0.00236 loss_pq_va:0.02218 loss_pv_va:0.02244
INFO|2024-09-27 10:49:32: Epoch[099/100], iter[235/392], loss_total:0.10802, loss_equ:0.32652 loss_pq_vm:0.00243 loss_pq_va:0.02559 loss_pv_va:0.02548
INFO|2024-09-27 10:50:44: Epoch[099/100], iter[274/392], loss_total:0.10391, loss_equ:0.32054 loss_pq_vm:0.00244 loss_pq_va:0.02355 loss_pv_va:0.02390
INFO|2024-09-27 10:51:55: Epoch[099/100], iter[313/392], loss_total:0.10324, loss_equ:0.31966 loss_pq_vm:0.00239 loss_pq_va:0.02380 loss_pv_va:0.02362
INFO|2024-09-27 10:53:08: Epoch[099/100], iter[352/392], loss_total:0.10511, loss_equ:0.32523 loss_pq_vm:0.00235 loss_pq_va:0.02429 loss_pv_va:0.02479
INFO|2024-09-27 10:54:21: Epoch[099/100], iter[392/392], loss_total:0.10346, loss_equ:0.32184 loss_pq_vm:0.00237 loss_pq_va:0.02379 loss_pv_va:0.02382
INFO|2024-09-27 10:56:37: Epoch 98/100, lr:  0.00001024, eta: 0.24h, train_loss:  0.10292, valid_loss:  0.12522
INFO|2024-09-27 10:56:37: 	Train: PQ_Vm_rmse: 0.00003374  PQ_Va_rmse: 0.00028841  PV_Va_rmse: 0.00030656  delta_p: 0.00207435  delta_q: 0.00031601  
INFO|2024-09-27 10:56:37: 	ZTest: PQ_Vm_rmse: 0.00007332  PQ_Va_rmse: 0.00105268  PV_Va_rmse: 0.00110311  delta_p: 0.00234270  delta_q: 0.00035908  
INFO|2024-09-27 10:56:37: 	ZTest-ema: PQ_Vm_rmse: 0.000074  PQ_Va_rmse: 0.001051  PV_Va_rmse: 0.001093  delta_p: 0.002295  delta_q: 0.000351  
INFO|2024-09-27 10:56:37: 	           ValOfEMA:0.001093/0.000939,  Epoch:99/77
INFO|2024-09-27 10:56:38: 	Time(ep):865s,  Val(curr/best):0.001103/0.001035,  Epoch(curr/best):99/76
INFO|2024-09-27 10:56:38: -------------------- Epoch: 100 --------------------
INFO|2024-09-27 10:57:55: Epoch[100/100], iter[040/392], loss_total:0.09746, loss_equ:0.31180 loss_pq_vm:0.00239 loss_pq_va:0.02107 loss_pv_va:0.02133
INFO|2024-09-27 10:59:08: Epoch[100/100], iter[079/392], loss_total:0.10767, loss_equ:0.32947 loss_pq_vm:0.00240 loss_pq_va:0.02535 loss_pv_va:0.02534
INFO|2024-09-27 11:00:21: Epoch[100/100], iter[118/392], loss_total:0.10014, loss_equ:0.31409 loss_pq_vm:0.00238 loss_pq_va:0.02230 loss_pv_va:0.02260
INFO|2024-09-27 11:01:34: Epoch[100/100], iter[157/392], loss_total:0.10383, loss_equ:0.32962 loss_pq_vm:0.00241 loss_pq_va:0.02326 loss_pv_va:0.02354
INFO|2024-09-27 11:02:47: Epoch[100/100], iter[196/392], loss_total:0.10003, loss_equ:0.31477 loss_pq_vm:0.00236 loss_pq_va:0.02232 loss_pv_va:0.02263
INFO|2024-09-27 11:04:00: Epoch[100/100], iter[235/392], loss_total:0.09926, loss_equ:0.31296 loss_pq_vm:0.00231 loss_pq_va:0.02227 loss_pv_va:0.02263
INFO|2024-09-27 11:05:12: Epoch[100/100], iter[274/392], loss_total:0.10085, loss_equ:0.31939 loss_pq_vm:0.00237 loss_pq_va:0.02235 loss_pv_va:0.02286
INFO|2024-09-27 11:06:25: Epoch[100/100], iter[313/392], loss_total:0.10399, loss_equ:0.31980 loss_pq_vm:0.00237 loss_pq_va:0.02391 loss_pv_va:0.02443
INFO|2024-09-27 11:07:38: Epoch[100/100], iter[352/392], loss_total:0.09879, loss_equ:0.31446 loss_pq_vm:0.00236 loss_pq_va:0.02164 loss_pv_va:0.02207
INFO|2024-09-27 11:08:53: Epoch[100/100], iter[392/392], loss_total:0.10444, loss_equ:0.32260 loss_pq_vm:0.00240 loss_pq_va:0.02412 loss_pv_va:0.02408
INFO|2024-09-27 11:11:10: Epoch 99/100, lr:  0.00001000, eta: 0.0h, train_loss:  0.10278, valid_loss:  0.12532
INFO|2024-09-27 11:11:10: 	Train: PQ_Vm_rmse: 0.00003378  PQ_Va_rmse: 0.00028101  PV_Va_rmse: 0.00029937  delta_p: 0.00205021  delta_q: 0.00031316  
INFO|2024-09-27 11:11:10: 	ZTest: PQ_Vm_rmse: 0.00007498  PQ_Va_rmse: 0.00108092  PV_Va_rmse: 0.00113529  delta_p: 0.00231123  delta_q: 0.00035382  
INFO|2024-09-27 11:11:10: 	ZTest-ema: PQ_Vm_rmse: 0.000074  PQ_Va_rmse: 0.001068  PV_Va_rmse: 0.001127  delta_p: 0.002300  delta_q: 0.000351  
INFO|2024-09-27 11:11:10: 	           ValOfEMA:0.001127/0.000939,  Epoch:100/77
INFO|2024-09-27 11:11:11: 	Time(ep):872s,  Val(curr/best):0.001135/0.001035,  Epoch(curr/best):100/76
