INFO|2024-09-25 22:49:50: 
{'batch_size': 256,
 'config': '/home/bingxing2/ailab/zhaozhen/energy/senseflow/configs/senseflow_loop_v5.yaml',
 'data': {'batch_size': 256,
          'batch_size_test': 256,
          'meta': {'edge': [['PQ', 'default', 'PQ'],
                            ['PQ', 'default', 'PV'],
                            ['PQ', 'default', 'Slack'],
                            ['PV', 'default', 'PQ'],
                            ['PV', 'default', 'PV'],
                            ['PV', 'default', 'Slack'],
                            ['Slack', 'default', 'PQ'],
                            ['Slack', 'default', 'PV']],
                   'node': ['PQ', 'PV', 'Slack']},
          'num_workers': 4,
          'train': {'data_root': '/',
                    'dataset_type': 'PowerFlowDataset',
                    'mask_num': 0,
                    'pq_len': 29,
                    'pv_len': 9,
                    'slack_len': 1,
                    'split_txt': '/home/bingxing2/ailab/zhaozhen/energy/senseflow/data_json/processed/10w_case39_n_n_1.json'},
          'val': {'data_root': '/',
                  'dataset_type': 'PowerFlowDataset',
                  'mask_num': 0,
                  'pq_len': 29,
                  'pv_len': 9,
                  'slack_len': 1,
                  'split_txt': '/home/bingxing2/ailab/zhaozhen/energy/senseflow/data_json/processed/2w_case39_n_2.json'}},
 'distributed': False,
 'flag_return_losses': True,
 'local_rank': 0,
 'log_path': './results/senseflow_loop_v5/2024_09_25_22_49_49',
 'loss': {'aggr': 'abs', 'filt_type': True, 'type': 'bi_deltapq_loss'},
 'mask_num': 0,
 'model': {'batch_size': 256,
           'ema_decay_param': 0.996,
           'ema_warmup_epoch': 10,
           'flag_use_edge_feat': False,
           'flag_use_ema': True,
           'flag_weighted_loss': True,
           'heads_ca': 8,
           'hidden_channels': 128,
           'layers_per_graph': 2,
           'loss_type': 'l1',
           'loss_weight_equ': 0.1,
           'loss_weight_va': 1.0,
           'loss_weight_vm': 10.0,
           'matrix': 'vm_va',
           'num_block': 4,
           'num_loops_test': -1,
           'num_loops_train': 8,
           'resume_ckpt_path': '',
           'scaling_factor_va': 0.01,
           'scaling_factor_vm': 0.01,
           'type': 'senseflow',
           'with_norm': True},
 'ngpus': 1,
 'pq_len': 29,
 'pv_len': 9,
 'scheduler': {'eta_min': '1e-5', 'type': 'Cosine'},
 'seed': 2024,
 'slack_len': 1,
 'train': {'epochs': 100,
           'learning_rate': 0.001,
           'logs_freq': 10,
           'momentum': 0.9,
           'optimizer_type': 'Adam',
           'weight_decay': 0.0}}
INFO|2024-09-25 22:49:56: ==================== Total number of parameters: 5.548M
INFO|2024-09-25 22:49:56: -------------------- Epoch: 1 --------------------
INFO|2024-09-25 22:51:08: Epoch[001/100], iter[040/392], loss_total:5.41674, loss_equ:11.91318 loss_pq_vm:0.08725 loss_pq_va:1.61844 loss_pv_va:1.73447
INFO|2024-09-25 22:52:16: Epoch[001/100], iter[079/392], loss_total:4.25576, loss_equ:10.69675 loss_pq_vm:0.07670 loss_pq_va:1.15292 loss_pv_va:1.26617
INFO|2024-09-25 22:53:24: Epoch[001/100], iter[118/392], loss_total:4.04227, loss_equ:13.28343 loss_pq_vm:0.07531 loss_pq_va:0.92912 loss_pv_va:1.03167
INFO|2024-09-25 22:54:32: Epoch[001/100], iter[157/392], loss_total:3.16713, loss_equ:9.57969 loss_pq_vm:0.05825 loss_pq_va:0.77002 loss_pv_va:0.85665
INFO|2024-09-25 22:55:39: Epoch[001/100], iter[196/392], loss_total:2.66216, loss_equ:8.95881 loss_pq_vm:0.04487 loss_pq_va:0.63864 loss_pv_va:0.67897
INFO|2024-09-25 22:56:47: Epoch[001/100], iter[235/392], loss_total:2.26064, loss_equ:7.92575 loss_pq_vm:0.04003 loss_pq_va:0.50913 loss_pv_va:0.55867
INFO|2024-09-25 22:57:54: Epoch[001/100], iter[274/392], loss_total:2.19248, loss_equ:7.17168 loss_pq_vm:0.04224 loss_pq_va:0.50858 loss_pv_va:0.54436
INFO|2024-09-25 22:59:02: Epoch[001/100], iter[313/392], loss_total:2.37812, loss_equ:8.01710 loss_pq_vm:0.05671 loss_pq_va:0.48033 loss_pv_va:0.52893
INFO|2024-09-25 23:00:10: Epoch[001/100], iter[352/392], loss_total:1.94648, loss_equ:8.43010 loss_pq_vm:0.03592 loss_pq_va:0.34113 loss_pv_va:0.40309
INFO|2024-09-25 23:01:20: Epoch[001/100], iter[392/392], loss_total:1.62027, loss_equ:5.77633 loss_pq_vm:0.03347 loss_pq_va:0.32479 loss_pv_va:0.38310
INFO|2024-09-25 23:03:27: Epoch 0/100, lr:  0.00099976, eta: 22.3h, train_loss:  3.29357, valid_loss:  2.03902
INFO|2024-09-25 23:03:27: 	Train: PQ_Vm_rmse: 0.00759376  PQ_Va_rmse: 0.08326147  PV_Va_rmse: 0.09176063  delta_p: 0.47800391  delta_q: 0.20545978  
INFO|2024-09-25 23:03:27: 	ZTest: PQ_Vm_rmse: 0.00393346  PQ_Va_rmse: 0.04268504  PV_Va_rmse: 0.04973157  delta_p: 0.14158366  delta_q: 0.05564031  
INFO|2024-09-25 23:03:27: 	ZTest-ema: PQ_Vm_rmse: 0.003933  PQ_Va_rmse: 0.042685  PV_Va_rmse: 0.049732  delta_p: 0.141583  delta_q: 0.055640  
INFO|2024-09-25 23:03:27: 	           ValOfEMA:0.049732/0.049732,  Epoch:1/1
INFO|2024-09-25 23:03:30: 	Time(ep):810s,  Val(curr/best):0.049732/0.049732,  Epoch(curr/best):1/1
INFO|2024-09-25 23:03:30: -------------------- Epoch: 2 --------------------
INFO|2024-09-25 23:04:41: Epoch[002/100], iter[040/392], loss_total:2.36127, loss_equ:9.14878 loss_pq_vm:0.04326 loss_pq_va:0.48717 loss_pv_va:0.52667
INFO|2024-09-25 23:05:49: Epoch[002/100], iter[079/392], loss_total:1.44970, loss_equ:5.46959 loss_pq_vm:0.03164 loss_pq_va:0.28301 loss_pv_va:0.30336
INFO|2024-09-25 23:06:57: Epoch[002/100], iter[118/392], loss_total:1.79268, loss_equ:5.92970 loss_pq_vm:0.03884 loss_pq_va:0.36997 loss_pv_va:0.44135
INFO|2024-09-25 23:08:05: Epoch[002/100], iter[157/392], loss_total:2.08152, loss_equ:8.69014 loss_pq_vm:0.04034 loss_pq_va:0.39532 loss_pv_va:0.41383
INFO|2024-09-25 23:09:12: Epoch[002/100], iter[196/392], loss_total:1.48489, loss_equ:6.35343 loss_pq_vm:0.02886 loss_pq_va:0.26366 loss_pv_va:0.29731
INFO|2024-09-25 23:10:20: Epoch[002/100], iter[235/392], loss_total:1.28037, loss_equ:5.03435 loss_pq_vm:0.02531 loss_pq_va:0.24592 loss_pv_va:0.27791
INFO|2024-09-25 23:11:28: Epoch[002/100], iter[274/392], loss_total:1.13130, loss_equ:4.25188 loss_pq_vm:0.02301 loss_pq_va:0.22428 loss_pv_va:0.25178
INFO|2024-09-25 23:12:35: Epoch[002/100], iter[313/392], loss_total:1.19960, loss_equ:4.52108 loss_pq_vm:0.02258 loss_pq_va:0.24058 loss_pv_va:0.28111
INFO|2024-09-25 23:13:43: Epoch[002/100], iter[352/392], loss_total:1.23274, loss_equ:4.54001 loss_pq_vm:0.02424 loss_pq_va:0.24779 loss_pv_va:0.28858
INFO|2024-09-25 23:14:52: Epoch[002/100], iter[392/392], loss_total:1.16554, loss_equ:4.90730 loss_pq_vm:0.02325 loss_pq_va:0.20649 loss_pv_va:0.23586
INFO|2024-09-25 23:17:01: Epoch 1/100, lr:  0.00099902, eta: 22.09h, train_loss:  1.51576, valid_loss:  1.42818
INFO|2024-09-25 23:17:01: 	Train: PQ_Vm_rmse: 0.00207654  PQ_Va_rmse: 0.01639738  PV_Va_rmse: 0.01867552  delta_p: 0.22953535  delta_q: 0.07070767  
INFO|2024-09-25 23:17:01: 	ZTest: PQ_Vm_rmse: 0.00210919  PQ_Va_rmse: 0.02062190  PV_Va_rmse: 0.02360382  delta_p: 0.16456712  delta_q: 0.05997145  
INFO|2024-09-25 23:17:01: 	ZTest-ema: PQ_Vm_rmse: 0.002109  PQ_Va_rmse: 0.020622  PV_Va_rmse: 0.023604  delta_p: 0.164567  delta_q: 0.059972  
INFO|2024-09-25 23:17:01: 	           ValOfEMA:0.023604/0.023604,  Epoch:2/2
INFO|2024-09-25 23:17:02: 	Time(ep):811s,  Val(curr/best):0.023604/0.023604,  Epoch(curr/best):2/2
INFO|2024-09-25 23:17:02: -------------------- Epoch: 3 --------------------
INFO|2024-09-25 23:18:14: Epoch[003/100], iter[040/392], loss_total:1.00592, loss_equ:3.72838 loss_pq_vm:0.02239 loss_pq_va:0.18891 loss_pv_va:0.22028
INFO|2024-09-25 23:19:22: Epoch[003/100], iter[079/392], loss_total:1.13702, loss_equ:3.69048 loss_pq_vm:0.02118 loss_pq_va:0.26246 loss_pv_va:0.29371
INFO|2024-09-25 23:20:30: Epoch[003/100], iter[118/392], loss_total:1.12626, loss_equ:3.94401 loss_pq_vm:0.02677 loss_pq_va:0.21614 loss_pv_va:0.24798
INFO|2024-09-25 23:21:38: Epoch[003/100], iter[157/392], loss_total:1.18333, loss_equ:3.61077 loss_pq_vm:0.02158 loss_pq_va:0.28775 loss_pv_va:0.31871
INFO|2024-09-25 23:22:47: Epoch[003/100], iter[196/392], loss_total:1.63002, loss_equ:6.82530 loss_pq_vm:0.04156 loss_pq_va:0.25092 loss_pv_va:0.28099
INFO|2024-09-25 23:23:54: Epoch[003/100], iter[235/392], loss_total:1.33529, loss_equ:5.19106 loss_pq_vm:0.03258 loss_pq_va:0.22600 loss_pv_va:0.26437
INFO|2024-09-25 23:25:02: Epoch[003/100], iter[274/392], loss_total:1.05993, loss_equ:3.61936 loss_pq_vm:0.02134 loss_pq_va:0.22807 loss_pv_va:0.25657
INFO|2024-09-25 23:26:10: Epoch[003/100], iter[313/392], loss_total:1.31307, loss_equ:4.00715 loss_pq_vm:0.02872 loss_pq_va:0.29515 loss_pv_va:0.33004
INFO|2024-09-25 23:27:18: Epoch[003/100], iter[352/392], loss_total:1.26364, loss_equ:4.25769 loss_pq_vm:0.02546 loss_pq_va:0.26929 loss_pv_va:0.31395
INFO|2024-09-25 23:28:28: Epoch[003/100], iter[392/392], loss_total:1.11524, loss_equ:4.50183 loss_pq_vm:0.02390 loss_pq_va:0.19308 loss_pv_va:0.23303
INFO|2024-09-25 23:30:37: Epoch 2/100, lr:  0.00099780, eta: 21.94h, train_loss:  1.17991, valid_loss:  1.32714
INFO|2024-09-25 23:30:37: 	Train: PQ_Vm_rmse: 0.00164262  PQ_Va_rmse: 0.01156257  PV_Va_rmse: 0.01290744  delta_p: 0.11640446  delta_q: 0.04328322  
INFO|2024-09-25 23:30:37: 	ZTest: PQ_Vm_rmse: 0.00207803  PQ_Va_rmse: 0.01997827  PV_Va_rmse: 0.02264537  delta_p: 0.19023061  delta_q: 0.03428666  
INFO|2024-09-25 23:30:37: 	ZTest-ema: PQ_Vm_rmse: 0.002078  PQ_Va_rmse: 0.019978  PV_Va_rmse: 0.022645  delta_p: 0.190230  delta_q: 0.034287  
INFO|2024-09-25 23:30:37: 	           ValOfEMA:0.022645/0.022645,  Epoch:3/3
INFO|2024-09-25 23:30:39: 	Time(ep):814s,  Val(curr/best):0.022645/0.022645,  Epoch(curr/best):3/3
INFO|2024-09-25 23:30:39: -------------------- Epoch: 4 --------------------
INFO|2024-09-25 23:31:50: Epoch[004/100], iter[040/392], loss_total:1.06864, loss_equ:3.55435 loss_pq_vm:0.02103 loss_pq_va:0.23351 loss_pv_va:0.26937
INFO|2024-09-25 23:32:58: Epoch[004/100], iter[079/392], loss_total:0.99725, loss_equ:3.33351 loss_pq_vm:0.02429 loss_pq_va:0.19445 loss_pv_va:0.22653
INFO|2024-09-25 23:34:06: Epoch[004/100], iter[118/392], loss_total:1.34635, loss_equ:5.87266 loss_pq_vm:0.03475 loss_pq_va:0.18209 loss_pv_va:0.22954
INFO|2024-09-25 23:35:14: Epoch[004/100], iter[157/392], loss_total:0.84508, loss_equ:3.33015 loss_pq_vm:0.01888 loss_pq_va:0.14974 loss_pv_va:0.17355
INFO|2024-09-25 23:36:23: Epoch[004/100], iter[196/392], loss_total:0.86554, loss_equ:3.07430 loss_pq_vm:0.01842 loss_pq_va:0.17262 loss_pv_va:0.20133
INFO|2024-09-25 23:37:31: Epoch[004/100], iter[235/392], loss_total:0.95172, loss_equ:3.78557 loss_pq_vm:0.02006 loss_pq_va:0.17479 loss_pv_va:0.19773
INFO|2024-09-25 23:38:39: Epoch[004/100], iter[274/392], loss_total:0.82784, loss_equ:3.17682 loss_pq_vm:0.01743 loss_pq_va:0.15982 loss_pv_va:0.17604
INFO|2024-09-25 23:39:47: Epoch[004/100], iter[313/392], loss_total:0.90532, loss_equ:3.29177 loss_pq_vm:0.02290 loss_pq_va:0.16496 loss_pv_va:0.18219
INFO|2024-09-25 23:40:55: Epoch[004/100], iter[352/392], loss_total:0.81164, loss_equ:3.31673 loss_pq_vm:0.01748 loss_pq_va:0.14157 loss_pv_va:0.16357
INFO|2024-09-25 23:42:04: Epoch[004/100], iter[392/392], loss_total:1.42644, loss_equ:4.57269 loss_pq_vm:0.02606 loss_pq_va:0.31393 loss_pv_va:0.39460
INFO|2024-09-25 23:44:13: Epoch 3/100, lr:  0.00099610, eta: 21.72h, train_loss:  0.99095, valid_loss:  1.56146
INFO|2024-09-25 23:44:13: 	Train: PQ_Vm_rmse: 0.00118265  PQ_Va_rmse: 0.00776182  PV_Va_rmse: 0.00878024  delta_p: 0.10192049  delta_q: 0.03085695  
INFO|2024-09-25 23:44:13: 	ZTest: PQ_Vm_rmse: 0.00253906  PQ_Va_rmse: 0.02473839  PV_Va_rmse: 0.02851408  delta_p: 0.15379148  delta_q: 0.05687565  
INFO|2024-09-25 23:44:13: 	ZTest-ema: PQ_Vm_rmse: 0.002539  PQ_Va_rmse: 0.024738  PV_Va_rmse: 0.028514  delta_p: 0.153791  delta_q: 0.056876  
INFO|2024-09-25 23:44:13: 	           ValOfEMA:0.028514/0.022645,  Epoch:4/3
INFO|2024-09-25 23:44:14: 	Time(ep):814s,  Val(curr/best):0.028514/0.022645,  Epoch(curr/best):4/3
INFO|2024-09-25 23:44:14: -------------------- Epoch: 5 --------------------
INFO|2024-09-25 23:45:25: Epoch[005/100], iter[040/392], loss_total:1.00957, loss_equ:4.22650 loss_pq_vm:0.02388 loss_pq_va:0.16169 loss_pv_va:0.18641
INFO|2024-09-25 23:46:33: Epoch[005/100], iter[079/392], loss_total:1.06578, loss_equ:3.61377 loss_pq_vm:0.02461 loss_pq_va:0.21417 loss_pv_va:0.24419
INFO|2024-09-25 23:47:41: Epoch[005/100], iter[118/392], loss_total:0.93926, loss_equ:3.10169 loss_pq_vm:0.01886 loss_pq_va:0.20522 loss_pv_va:0.23526
INFO|2024-09-25 23:48:49: Epoch[005/100], iter[157/392], loss_total:0.94783, loss_equ:3.19868 loss_pq_vm:0.02185 loss_pq_va:0.19299 loss_pv_va:0.21644
INFO|2024-09-25 23:49:57: Epoch[005/100], iter[196/392], loss_total:0.76688, loss_equ:2.61939 loss_pq_vm:0.01628 loss_pq_va:0.15809 loss_pv_va:0.18408
INFO|2024-09-25 23:51:05: Epoch[005/100], iter[235/392], loss_total:0.74228, loss_equ:2.55219 loss_pq_vm:0.01465 loss_pq_va:0.15718 loss_pv_va:0.18341
INFO|2024-09-25 23:52:13: Epoch[005/100], iter[274/392], loss_total:0.92896, loss_equ:2.91358 loss_pq_vm:0.02354 loss_pq_va:0.18792 loss_pv_va:0.21424
INFO|2024-09-25 23:53:21: Epoch[005/100], iter[313/392], loss_total:0.76350, loss_equ:2.87117 loss_pq_vm:0.01855 loss_pq_va:0.13182 loss_pv_va:0.15909
INFO|2024-09-25 23:54:29: Epoch[005/100], iter[352/392], loss_total:0.73620, loss_equ:2.59920 loss_pq_vm:0.01779 loss_pq_va:0.13873 loss_pv_va:0.15961
INFO|2024-09-25 23:55:39: Epoch[005/100], iter[392/392], loss_total:0.77235, loss_equ:2.61635 loss_pq_vm:0.01928 loss_pq_va:0.14591 loss_pv_va:0.17205
INFO|2024-09-25 23:57:47: Epoch 4/100, lr:  0.00099391, eta: 21.47h, train_loss:  0.89368, valid_loss:  0.98931
INFO|2024-09-25 23:57:47: 	Train: PQ_Vm_rmse: 0.00120823  PQ_Va_rmse: 0.00700664  PV_Va_rmse: 0.00790506  delta_p: 0.06282678  delta_q: 0.02634055  
INFO|2024-09-25 23:57:47: 	ZTest: PQ_Vm_rmse: 0.00195603  PQ_Va_rmse: 0.01573360  PV_Va_rmse: 0.01766279  delta_p: 0.05026083  delta_q: 0.02446326  
INFO|2024-09-25 23:57:47: 	ZTest-ema: PQ_Vm_rmse: 0.001956  PQ_Va_rmse: 0.015734  PV_Va_rmse: 0.017663  delta_p: 0.050261  delta_q: 0.024463  
INFO|2024-09-25 23:57:47: 	           ValOfEMA:0.017663/0.017663,  Epoch:5/5
INFO|2024-09-25 23:57:49: 	Time(ep):813s,  Val(curr/best):0.017663/0.017663,  Epoch(curr/best):5/5
INFO|2024-09-25 23:57:49: -------------------- Epoch: 6 --------------------
INFO|2024-09-25 23:59:00: Epoch[006/100], iter[040/392], loss_total:0.74259, loss_equ:2.72631 loss_pq_vm:0.02107 loss_pq_va:0.12115 loss_pv_va:0.13811
INFO|2024-09-26 00:00:08: Epoch[006/100], iter[079/392], loss_total:0.89226, loss_equ:3.17527 loss_pq_vm:0.02240 loss_pq_va:0.16182 loss_pv_va:0.18896
INFO|2024-09-26 00:01:16: Epoch[006/100], iter[118/392], loss_total:1.08109, loss_equ:3.84631 loss_pq_vm:0.02089 loss_pq_va:0.24218 loss_pv_va:0.24541
INFO|2024-09-26 00:02:25: Epoch[006/100], iter[157/392], loss_total:1.16838, loss_equ:5.22980 loss_pq_vm:0.02448 loss_pq_va:0.19493 loss_pv_va:0.20566
INFO|2024-09-26 00:03:33: Epoch[006/100], iter[196/392], loss_total:0.93755, loss_equ:3.39753 loss_pq_vm:0.02180 loss_pq_va:0.17945 loss_pv_va:0.20037
INFO|2024-09-26 00:04:41: Epoch[006/100], iter[235/392], loss_total:0.72179, loss_equ:2.93533 loss_pq_vm:0.01582 loss_pq_va:0.12467 loss_pv_va:0.14536
INFO|2024-09-26 00:05:49: Epoch[006/100], iter[274/392], loss_total:1.27230, loss_equ:6.17447 loss_pq_vm:0.02779 loss_pq_va:0.16984 loss_pv_va:0.20713
INFO|2024-09-26 00:06:57: Epoch[006/100], iter[313/392], loss_total:0.92680, loss_equ:3.60435 loss_pq_vm:0.02550 loss_pq_va:0.14349 loss_pv_va:0.16785
INFO|2024-09-26 00:08:05: Epoch[006/100], iter[352/392], loss_total:0.99232, loss_equ:3.13974 loss_pq_vm:0.01935 loss_pq_va:0.22900 loss_pv_va:0.25588
INFO|2024-09-26 00:09:14: Epoch[006/100], iter[392/392], loss_total:1.02417, loss_equ:2.91399 loss_pq_vm:0.01896 loss_pq_va:0.24693 loss_pv_va:0.29621
INFO|2024-09-26 00:11:23: Epoch 5/100, lr:  0.00099123, eta: 21.26h, train_loss:  0.98922, valid_loss:  1.25412
INFO|2024-09-26 00:11:23: 	Train: PQ_Vm_rmse: 0.00127226  PQ_Va_rmse: 0.00826643  PV_Va_rmse: 0.00922529  delta_p: 0.11328483  delta_q: 0.03673572  
INFO|2024-09-26 00:11:23: 	ZTest: PQ_Vm_rmse: 0.00199350  PQ_Va_rmse: 0.02888580  PV_Va_rmse: 0.03400920  delta_p: 0.07887881  delta_q: 0.02928497  
INFO|2024-09-26 00:11:23: 	ZTest-ema: PQ_Vm_rmse: 0.001994  PQ_Va_rmse: 0.028886  PV_Va_rmse: 0.034009  delta_p: 0.078879  delta_q: 0.029285  
INFO|2024-09-26 00:11:23: 	           ValOfEMA:0.034009/0.017663,  Epoch:6/5
INFO|2024-09-26 00:11:24: 	Time(ep):814s,  Val(curr/best):0.034009/0.017663,  Epoch(curr/best):6/5
INFO|2024-09-26 00:11:24: -------------------- Epoch: 7 --------------------
INFO|2024-09-26 00:12:35: Epoch[007/100], iter[040/392], loss_total:0.92185, loss_equ:3.62928 loss_pq_vm:0.01878 loss_pq_va:0.17269 loss_pv_va:0.19841
INFO|2024-09-26 00:13:43: Epoch[007/100], iter[079/392], loss_total:0.82172, loss_equ:3.12687 loss_pq_vm:0.01895 loss_pq_va:0.14988 loss_pv_va:0.16961
INFO|2024-09-26 00:14:51: Epoch[007/100], iter[118/392], loss_total:0.71632, loss_equ:2.51433 loss_pq_vm:0.01696 loss_pq_va:0.13325 loss_pv_va:0.16200
INFO|2024-09-26 00:15:58: Epoch[007/100], iter[157/392], loss_total:0.63178, loss_equ:2.36565 loss_pq_vm:0.01637 loss_pq_va:0.10483 loss_pv_va:0.12668
INFO|2024-09-26 00:17:06: Epoch[007/100], iter[196/392], loss_total:0.67707, loss_equ:2.55985 loss_pq_vm:0.01511 loss_pq_va:0.12059 loss_pv_va:0.14942
INFO|2024-09-26 00:18:14: Epoch[007/100], iter[235/392], loss_total:0.74819, loss_equ:3.04529 loss_pq_vm:0.01621 loss_pq_va:0.13181 loss_pv_va:0.14975
INFO|2024-09-26 00:19:22: Epoch[007/100], iter[274/392], loss_total:0.77227, loss_equ:2.53958 loss_pq_vm:0.01810 loss_pq_va:0.15415 loss_pv_va:0.18320
INFO|2024-09-26 00:20:30: Epoch[007/100], iter[313/392], loss_total:0.65688, loss_equ:2.22004 loss_pq_vm:0.01444 loss_pq_va:0.13360 loss_pv_va:0.15690
INFO|2024-09-26 00:21:38: Epoch[007/100], iter[352/392], loss_total:0.69269, loss_equ:2.50021 loss_pq_vm:0.01658 loss_pq_va:0.13007 loss_pv_va:0.14676
INFO|2024-09-26 00:22:48: Epoch[007/100], iter[392/392], loss_total:0.67552, loss_equ:2.43247 loss_pq_vm:0.01444 loss_pq_va:0.13066 loss_pv_va:0.15716
INFO|2024-09-26 00:24:57: Epoch 6/100, lr:  0.00098808, eta: 21.0h, train_loss:  0.78173, valid_loss:  0.91011
INFO|2024-09-26 00:24:57: 	Train: PQ_Vm_rmse: 0.00090297  PQ_Va_rmse: 0.00670333  PV_Va_rmse: 0.00756891  delta_p: 0.05507420  delta_q: 0.02001096  
INFO|2024-09-26 00:24:57: 	ZTest: PQ_Vm_rmse: 0.00151798  PQ_Va_rmse: 0.01248091  PV_Va_rmse: 0.01420421  delta_p: 0.05406703  delta_q: 0.02425302  
INFO|2024-09-26 00:24:57: 	ZTest-ema: PQ_Vm_rmse: 0.001518  PQ_Va_rmse: 0.012481  PV_Va_rmse: 0.014204  delta_p: 0.054067  delta_q: 0.024253  
INFO|2024-09-26 00:24:57: 	           ValOfEMA:0.014204/0.014204,  Epoch:7/7
INFO|2024-09-26 00:24:58: 	Time(ep):812s,  Val(curr/best):0.014204/0.014204,  Epoch(curr/best):7/7
INFO|2024-09-26 00:24:58: -------------------- Epoch: 8 --------------------
INFO|2024-09-26 00:26:09: Epoch[008/100], iter[040/392], loss_total:0.77049, loss_equ:2.59468 loss_pq_vm:0.01500 loss_pq_va:0.16274 loss_pv_va:0.19829
INFO|2024-09-26 00:27:18: Epoch[008/100], iter[079/392], loss_total:1.01257, loss_equ:4.60519 loss_pq_vm:0.01875 loss_pq_va:0.17921 loss_pv_va:0.18535
INFO|2024-09-26 00:28:26: Epoch[008/100], iter[118/392], loss_total:0.87179, loss_equ:3.98430 loss_pq_vm:0.02060 loss_pq_va:0.12252 loss_pv_va:0.14483
INFO|2024-09-26 00:29:34: Epoch[008/100], iter[157/392], loss_total:0.71366, loss_equ:2.73195 loss_pq_vm:0.01511 loss_pq_va:0.13230 loss_pv_va:0.15705
INFO|2024-09-26 00:30:41: Epoch[008/100], iter[196/392], loss_total:0.82939, loss_equ:3.29294 loss_pq_vm:0.01749 loss_pq_va:0.15379 loss_pv_va:0.17141
INFO|2024-09-26 00:31:49: Epoch[008/100], iter[235/392], loss_total:0.71601, loss_equ:3.07578 loss_pq_vm:0.01416 loss_pq_va:0.12582 loss_pv_va:0.14098
INFO|2024-09-26 00:32:58: Epoch[008/100], iter[274/392], loss_total:0.69610, loss_equ:2.77673 loss_pq_vm:0.01487 loss_pq_va:0.12497 loss_pv_va:0.14472
INFO|2024-09-26 00:34:06: Epoch[008/100], iter[313/392], loss_total:0.73497, loss_equ:2.97253 loss_pq_vm:0.01655 loss_pq_va:0.12423 loss_pv_va:0.14796
INFO|2024-09-26 00:35:14: Epoch[008/100], iter[352/392], loss_total:0.63986, loss_equ:2.40761 loss_pq_vm:0.01568 loss_pq_va:0.11141 loss_pv_va:0.13087
INFO|2024-09-26 00:36:23: Epoch[008/100], iter[392/392], loss_total:0.73012, loss_equ:2.64711 loss_pq_vm:0.01516 loss_pq_va:0.14837 loss_pv_va:0.16541
INFO|2024-09-26 00:38:32: Epoch 7/100, lr:  0.00098445, eta: 20.8h, train_loss:  0.77709, valid_loss:  0.84384
INFO|2024-09-26 00:38:32: 	Train: PQ_Vm_rmse: 0.00078774  PQ_Va_rmse: 0.00578866  PV_Va_rmse: 0.00651023  delta_p: 0.06712724  delta_q: 0.02260079  
INFO|2024-09-26 00:38:32: 	ZTest: PQ_Vm_rmse: 0.00139363  PQ_Va_rmse: 0.01121312  PV_Va_rmse: 0.01242804  delta_p: 0.04773350  delta_q: 0.03180303  
INFO|2024-09-26 00:38:32: 	ZTest-ema: PQ_Vm_rmse: 0.001394  PQ_Va_rmse: 0.011213  PV_Va_rmse: 0.012428  delta_p: 0.047734  delta_q: 0.031803  
INFO|2024-09-26 00:38:32: 	           ValOfEMA:0.012428/0.012428,  Epoch:8/8
INFO|2024-09-26 00:38:34: 	Time(ep):814s,  Val(curr/best):0.012428/0.012428,  Epoch(curr/best):8/8
INFO|2024-09-26 00:38:34: -------------------- Epoch: 9 --------------------
INFO|2024-09-26 00:39:45: Epoch[009/100], iter[040/392], loss_total:0.64118, loss_equ:2.54314 loss_pq_vm:0.01339 loss_pq_va:0.11703 loss_pv_va:0.13598
INFO|2024-09-26 00:40:53: Epoch[009/100], iter[079/392], loss_total:0.87617, loss_equ:2.70665 loss_pq_vm:0.02073 loss_pq_va:0.19364 loss_pv_va:0.20459
INFO|2024-09-26 00:42:01: Epoch[009/100], iter[118/392], loss_total:0.66964, loss_equ:2.61084 loss_pq_vm:0.01618 loss_pq_va:0.11387 loss_pv_va:0.13289
INFO|2024-09-26 00:43:08: Epoch[009/100], iter[157/392], loss_total:0.84913, loss_equ:3.27151 loss_pq_vm:0.01974 loss_pq_va:0.14907 loss_pv_va:0.17553
INFO|2024-09-26 00:44:16: Epoch[009/100], iter[196/392], loss_total:0.87959, loss_equ:2.79267 loss_pq_vm:0.01746 loss_pq_va:0.20269 loss_pv_va:0.22303
INFO|2024-09-26 00:45:24: Epoch[009/100], iter[235/392], loss_total:0.66346, loss_equ:2.54947 loss_pq_vm:0.01431 loss_pq_va:0.12378 loss_pv_va:0.14163
INFO|2024-09-26 00:46:32: Epoch[009/100], iter[274/392], loss_total:0.76143, loss_equ:3.31967 loss_pq_vm:0.01774 loss_pq_va:0.11272 loss_pv_va:0.13934
INFO|2024-09-26 00:47:40: Epoch[009/100], iter[313/392], loss_total:0.67332, loss_equ:2.68732 loss_pq_vm:0.01586 loss_pq_va:0.11415 loss_pv_va:0.13179
INFO|2024-09-26 00:48:48: Epoch[009/100], iter[352/392], loss_total:0.77081, loss_equ:2.85922 loss_pq_vm:0.02347 loss_pq_va:0.11655 loss_pv_va:0.13366
INFO|2024-09-26 00:49:58: Epoch[009/100], iter[392/392], loss_total:0.57134, loss_equ:2.21769 loss_pq_vm:0.01259 loss_pq_va:0.10161 loss_pv_va:0.12206
INFO|2024-09-26 00:52:06: Epoch 8/100, lr:  0.00098035, eta: 20.53h, train_loss:  0.74907, valid_loss:  0.83797
INFO|2024-09-26 00:52:06: 	Train: PQ_Vm_rmse: 0.00086149  PQ_Va_rmse: 0.00632749  PV_Va_rmse: 0.00702227  delta_p: 0.05504256  delta_q: 0.01955932  
INFO|2024-09-26 00:52:06: 	ZTest: PQ_Vm_rmse: 0.00175471  PQ_Va_rmse: 0.01301490  PV_Va_rmse: 0.01432892  delta_p: 0.03126907  delta_q: 0.01473408  
INFO|2024-09-26 00:52:06: 	ZTest-ema: PQ_Vm_rmse: 0.001755  PQ_Va_rmse: 0.013015  PV_Va_rmse: 0.014329  delta_p: 0.031269  delta_q: 0.014734  
INFO|2024-09-26 00:52:06: 	           ValOfEMA:0.014329/0.012428,  Epoch:9/8
INFO|2024-09-26 00:52:07: 	Time(ep):812s,  Val(curr/best):0.014329/0.012428,  Epoch(curr/best):9/8
INFO|2024-09-26 00:52:07: -------------------- Epoch: 10 --------------------
INFO|2024-09-26 00:53:17: Epoch[010/100], iter[040/392], loss_total:0.59587, loss_equ:2.40181 loss_pq_vm:0.01310 loss_pq_va:0.09841 loss_pv_va:0.12629
INFO|2024-09-26 00:54:25: Epoch[010/100], iter[079/392], loss_total:0.58666, loss_equ:2.42764 loss_pq_vm:0.01290 loss_pq_va:0.09886 loss_pv_va:0.11604
INFO|2024-09-26 00:55:33: Epoch[010/100], iter[118/392], loss_total:0.89983, loss_equ:4.13904 loss_pq_vm:0.01814 loss_pq_va:0.14676 loss_pv_va:0.15776
INFO|2024-09-26 00:56:41: Epoch[010/100], iter[157/392], loss_total:0.65556, loss_equ:2.89533 loss_pq_vm:0.01436 loss_pq_va:0.09893 loss_pv_va:0.12346
INFO|2024-09-26 00:57:49: Epoch[010/100], iter[196/392], loss_total:0.70313, loss_equ:2.42975 loss_pq_vm:0.01483 loss_pq_va:0.14182 loss_pv_va:0.17000
INFO|2024-09-26 00:58:57: Epoch[010/100], iter[235/392], loss_total:0.65915, loss_equ:2.54621 loss_pq_vm:0.01516 loss_pq_va:0.12140 loss_pv_va:0.13156
INFO|2024-09-26 01:00:05: Epoch[010/100], iter[274/392], loss_total:0.59811, loss_equ:2.23449 loss_pq_vm:0.01421 loss_pq_va:0.10688 loss_pv_va:0.12571
INFO|2024-09-26 01:01:13: Epoch[010/100], iter[313/392], loss_total:0.68207, loss_equ:2.66851 loss_pq_vm:0.01365 loss_pq_va:0.13136 loss_pv_va:0.14733
INFO|2024-09-26 01:02:21: Epoch[010/100], iter[352/392], loss_total:0.62021, loss_equ:2.46896 loss_pq_vm:0.01565 loss_pq_va:0.09856 loss_pv_va:0.11824
INFO|2024-09-26 01:03:30: Epoch[010/100], iter[392/392], loss_total:0.50884, loss_equ:1.95946 loss_pq_vm:0.01164 loss_pq_va:0.08781 loss_pv_va:0.10868
INFO|2024-09-26 01:05:39: Epoch 9/100, lr:  0.00097577, eta: 20.3h, train_loss:  0.65797, valid_loss:  0.69793
INFO|2024-09-26 01:05:39: 	Train: PQ_Vm_rmse: 0.00060766  PQ_Va_rmse: 0.00410938  PV_Va_rmse: 0.00449724  delta_p: 0.04928969  delta_q: 0.01480362  
INFO|2024-09-26 01:05:39: 	ZTest: PQ_Vm_rmse: 0.00120929  PQ_Va_rmse: 0.01166790  PV_Va_rmse: 0.01304906  delta_p: 0.03070146  delta_q: 0.01227149  
INFO|2024-09-26 01:05:39: 	ZTest-ema: PQ_Vm_rmse: 0.001209  PQ_Va_rmse: 0.011668  PV_Va_rmse: 0.013049  delta_p: 0.030702  delta_q: 0.012271  
INFO|2024-09-26 01:05:39: 	           ValOfEMA:0.013049/0.012428,  Epoch:10/8
INFO|2024-09-26 01:05:40: 	Time(ep):811s,  Val(curr/best):0.013049/0.012428,  Epoch(curr/best):10/8
INFO|2024-09-26 01:05:40: -------------------- Epoch: 11 --------------------
INFO|2024-09-26 01:06:51: Epoch[011/100], iter[040/392], loss_total:0.71690, loss_equ:2.85865 loss_pq_vm:0.01557 loss_pq_va:0.13585 loss_pv_va:0.13949
INFO|2024-09-26 01:07:59: Epoch[011/100], iter[079/392], loss_total:1.07862, loss_equ:5.34357 loss_pq_vm:0.02228 loss_pq_va:0.16116 loss_pv_va:0.16034
INFO|2024-09-26 01:09:07: Epoch[011/100], iter[118/392], loss_total:0.85288, loss_equ:3.47795 loss_pq_vm:0.01994 loss_pq_va:0.14259 loss_pv_va:0.16308
INFO|2024-09-26 01:10:15: Epoch[011/100], iter[157/392], loss_total:0.63826, loss_equ:2.75026 loss_pq_vm:0.01521 loss_pq_va:0.10012 loss_pv_va:0.11104
INFO|2024-09-26 01:11:24: Epoch[011/100], iter[196/392], loss_total:0.67005, loss_equ:2.27162 loss_pq_vm:0.01545 loss_pq_va:0.13655 loss_pv_va:0.15186
INFO|2024-09-26 01:12:32: Epoch[011/100], iter[235/392], loss_total:0.72775, loss_equ:2.43386 loss_pq_vm:0.01960 loss_pq_va:0.13667 loss_pv_va:0.15166
INFO|2024-09-26 01:13:39: Epoch[011/100], iter[274/392], loss_total:0.78744, loss_equ:3.21319 loss_pq_vm:0.02012 loss_pq_va:0.11978 loss_pv_va:0.14512
INFO|2024-09-26 01:14:47: Epoch[011/100], iter[313/392], loss_total:0.66017, loss_equ:2.79108 loss_pq_vm:0.01448 loss_pq_va:0.10960 loss_pv_va:0.12663
INFO|2024-09-26 01:15:56: Epoch[011/100], iter[352/392], loss_total:0.64321, loss_equ:2.94080 loss_pq_vm:0.01428 loss_pq_va:0.09080 loss_pv_va:0.11558
INFO|2024-09-26 01:17:05: Epoch[011/100], iter[392/392], loss_total:0.57053, loss_equ:2.46868 loss_pq_vm:0.01252 loss_pq_va:0.08967 loss_pv_va:0.10883
INFO|2024-09-26 01:19:13: Epoch 10/100, lr:  0.00097074, eta: 20.12h, train_loss:  0.72909, valid_loss:  0.75637
INFO|2024-09-26 01:19:14: 	Train: PQ_Vm_rmse: 0.00076322  PQ_Va_rmse: 0.00495278  PV_Va_rmse: 0.00544165  delta_p: 0.06831368  delta_q: 0.02135523  
INFO|2024-09-26 01:19:14: 	ZTest: PQ_Vm_rmse: 0.00134844  PQ_Va_rmse: 0.01112439  PV_Va_rmse: 0.01212446  delta_p: 0.06080609  delta_q: 0.01814152  
INFO|2024-09-26 01:19:14: 	ZTest-ema: PQ_Vm_rmse: 0.001348  PQ_Va_rmse: 0.011124  PV_Va_rmse: 0.012124  delta_p: 0.060806  delta_q: 0.018142  
INFO|2024-09-26 01:19:14: 	           ValOfEMA:0.012124/0.012124,  Epoch:11/11
INFO|2024-09-26 01:19:15: 	Time(ep):813s,  Val(curr/best):0.012124/0.012124,  Epoch(curr/best):11/11
INFO|2024-09-26 01:19:15: -------------------- Epoch: 12 --------------------
INFO|2024-09-26 01:20:26: Epoch[012/100], iter[040/392], loss_total:0.69312, loss_equ:2.88813 loss_pq_vm:0.01702 loss_pq_va:0.11181 loss_pv_va:0.12230
INFO|2024-09-26 01:21:34: Epoch[012/100], iter[079/392], loss_total:0.60883, loss_equ:2.41044 loss_pq_vm:0.01491 loss_pq_va:0.09808 loss_pv_va:0.12055
INFO|2024-09-26 01:22:42: Epoch[012/100], iter[118/392], loss_total:0.82866, loss_equ:2.81730 loss_pq_vm:0.02538 loss_pq_va:0.12740 loss_pv_va:0.16575
INFO|2024-09-26 01:23:50: Epoch[012/100], iter[157/392], loss_total:0.57031, loss_equ:2.24003 loss_pq_vm:0.01467 loss_pq_va:0.09287 loss_pv_va:0.10671
INFO|2024-09-26 01:24:57: Epoch[012/100], iter[196/392], loss_total:0.53400, loss_equ:2.09365 loss_pq_vm:0.01233 loss_pq_va:0.09397 loss_pv_va:0.10731
INFO|2024-09-26 01:26:05: Epoch[012/100], iter[235/392], loss_total:0.59160, loss_equ:2.47924 loss_pq_vm:0.01324 loss_pq_va:0.10373 loss_pv_va:0.10757
INFO|2024-09-26 01:27:14: Epoch[012/100], iter[274/392], loss_total:0.73915, loss_equ:2.58871 loss_pq_vm:0.01678 loss_pq_va:0.14760 loss_pv_va:0.16484
INFO|2024-09-26 01:28:21: Epoch[012/100], iter[313/392], loss_total:0.62248, loss_equ:2.19319 loss_pq_vm:0.02056 loss_pq_va:0.08998 loss_pv_va:0.10756
INFO|2024-09-26 01:29:29: Epoch[012/100], iter[352/392], loss_total:0.55485, loss_equ:2.29682 loss_pq_vm:0.01522 loss_pq_va:0.07682 loss_pv_va:0.09612
INFO|2024-09-26 01:30:39: Epoch[012/100], iter[392/392], loss_total:0.47340, loss_equ:1.89890 loss_pq_vm:0.01143 loss_pq_va:0.07590 loss_pv_va:0.09327
INFO|2024-09-26 01:32:47: Epoch 11/100, lr:  0.00096524, eta: 19.86h, train_loss:  0.62518, valid_loss:  0.65867
INFO|2024-09-26 01:32:47: 	Train: PQ_Vm_rmse: 0.00122725  PQ_Va_rmse: 0.00530773  PV_Va_rmse: 0.00563000  delta_p: 0.05900355  delta_q: 0.01967837  
INFO|2024-09-26 01:32:47: 	ZTest: PQ_Vm_rmse: 0.00127809  PQ_Va_rmse: 0.01095327  PV_Va_rmse: 0.01222909  delta_p: 0.03443927  delta_q: 0.01142820  
INFO|2024-09-26 01:32:47: 	ZTest-ema: PQ_Vm_rmse: 0.001156  PQ_Va_rmse: 0.010127  PV_Va_rmse: 0.011220  delta_p: 0.027322  delta_q: 0.009913  
INFO|2024-09-26 01:32:47: 	           ValOfEMA:0.011220/0.011220,  Epoch:12/12
INFO|2024-09-26 01:32:48: 	Time(ep):812s,  Val(curr/best):0.012229/0.012124,  Epoch(curr/best):12/11
INFO|2024-09-26 01:32:48: -------------------- Epoch: 13 --------------------
INFO|2024-09-26 01:33:59: Epoch[013/100], iter[040/392], loss_total:0.60344, loss_equ:2.18671 loss_pq_vm:0.01362 loss_pq_va:0.11390 loss_pv_va:0.13464
INFO|2024-09-26 01:35:07: Epoch[013/100], iter[079/392], loss_total:0.72871, loss_equ:2.08569 loss_pq_vm:0.01298 loss_pq_va:0.18600 loss_pv_va:0.20430
INFO|2024-09-26 01:36:15: Epoch[013/100], iter[118/392], loss_total:0.54245, loss_equ:2.16649 loss_pq_vm:0.01312 loss_pq_va:0.08705 loss_pv_va:0.10759
INFO|2024-09-26 01:37:23: Epoch[013/100], iter[157/392], loss_total:0.73258, loss_equ:2.49764 loss_pq_vm:0.02204 loss_pq_va:0.12427 loss_pv_va:0.13819
INFO|2024-09-26 01:38:31: Epoch[013/100], iter[196/392], loss_total:0.79054, loss_equ:2.99659 loss_pq_vm:0.02312 loss_pq_va:0.11516 loss_pv_va:0.14448
INFO|2024-09-26 01:39:39: Epoch[013/100], iter[235/392], loss_total:0.55492, loss_equ:2.24468 loss_pq_vm:0.01254 loss_pq_va:0.09208 loss_pv_va:0.11295
INFO|2024-09-26 01:40:47: Epoch[013/100], iter[274/392], loss_total:0.72915, loss_equ:3.05739 loss_pq_vm:0.01826 loss_pq_va:0.10611 loss_pv_va:0.13466
INFO|2024-09-26 01:41:55: Epoch[013/100], iter[313/392], loss_total:0.51416, loss_equ:2.08008 loss_pq_vm:0.01223 loss_pq_va:0.08388 loss_pv_va:0.09997
INFO|2024-09-26 01:43:03: Epoch[013/100], iter[352/392], loss_total:0.67928, loss_equ:2.22331 loss_pq_vm:0.01505 loss_pq_va:0.14746 loss_pv_va:0.15903
INFO|2024-09-26 01:44:13: Epoch[013/100], iter[392/392], loss_total:0.63494, loss_equ:2.49548 loss_pq_vm:0.01865 loss_pq_va:0.08908 loss_pv_va:0.10983
INFO|2024-09-26 01:46:22: Epoch 12/100, lr:  0.00095929, eta: 19.67h, train_loss:  0.64322, valid_loss:  0.80007
INFO|2024-09-26 01:46:22: 	Train: PQ_Vm_rmse: 0.00121995  PQ_Va_rmse: 0.00531327  PV_Va_rmse: 0.00604445  delta_p: 0.05922461  delta_q: 0.02082113  
INFO|2024-09-26 01:46:22: 	ZTest: PQ_Vm_rmse: 0.00142760  PQ_Va_rmse: 0.01184767  PV_Va_rmse: 0.01320887  delta_p: 0.06761327  delta_q: 0.02322257  
INFO|2024-09-26 01:46:22: 	ZTest-ema: PQ_Vm_rmse: 0.001127  PQ_Va_rmse: 0.009634  PV_Va_rmse: 0.010798  delta_p: 0.033972  delta_q: 0.010963  
INFO|2024-09-26 01:46:22: 	           ValOfEMA:0.010798/0.010798,  Epoch:13/13
INFO|2024-09-26 01:46:23: 	Time(ep):813s,  Val(curr/best):0.013209/0.012124,  Epoch(curr/best):13/11
INFO|2024-09-26 01:46:23: -------------------- Epoch: 14 --------------------
INFO|2024-09-26 01:47:34: Epoch[014/100], iter[040/392], loss_total:0.49307, loss_equ:1.89937 loss_pq_vm:0.01241 loss_pq_va:0.08081 loss_pv_va:0.09817
INFO|2024-09-26 01:48:42: Epoch[014/100], iter[079/392], loss_total:0.56468, loss_equ:2.10221 loss_pq_vm:0.01288 loss_pq_va:0.10505 loss_pv_va:0.12057
INFO|2024-09-26 01:49:50: Epoch[014/100], iter[118/392], loss_total:0.49831, loss_equ:1.97639 loss_pq_vm:0.01258 loss_pq_va:0.08123 loss_pv_va:0.09365
INFO|2024-09-26 01:50:58: Epoch[014/100], iter[157/392], loss_total:0.52435, loss_equ:2.25610 loss_pq_vm:0.01235 loss_pq_va:0.07489 loss_pv_va:0.10035
INFO|2024-09-26 01:52:06: Epoch[014/100], iter[196/392], loss_total:0.54317, loss_equ:1.97584 loss_pq_vm:0.01642 loss_pq_va:0.08029 loss_pv_va:0.10110
INFO|2024-09-26 01:53:14: Epoch[014/100], iter[235/392], loss_total:0.74725, loss_equ:2.86510 loss_pq_vm:0.01836 loss_pq_va:0.12748 loss_pv_va:0.14968
INFO|2024-09-26 01:54:22: Epoch[014/100], iter[274/392], loss_total:0.89482, loss_equ:3.66110 loss_pq_vm:0.01553 loss_pq_va:0.18419 loss_pv_va:0.18921
INFO|2024-09-26 01:55:30: Epoch[014/100], iter[313/392], loss_total:0.58955, loss_equ:2.55877 loss_pq_vm:0.01331 loss_pq_va:0.09255 loss_pv_va:0.10803
INFO|2024-09-26 01:56:39: Epoch[014/100], iter[352/392], loss_total:0.57625, loss_equ:2.52797 loss_pq_vm:0.01364 loss_pq_va:0.08593 loss_pv_va:0.10110
INFO|2024-09-26 01:57:48: Epoch[014/100], iter[392/392], loss_total:0.49826, loss_equ:1.92816 loss_pq_vm:0.01360 loss_pq_va:0.08009 loss_pv_va:0.08934
INFO|2024-09-26 01:59:57: Epoch 13/100, lr:  0.00095289, eta: 19.45h, train_loss:  0.62516, valid_loss:  0.71803
INFO|2024-09-26 01:59:57: 	Train: PQ_Vm_rmse: 0.00095703  PQ_Va_rmse: 0.00552363  PV_Va_rmse: 0.00602528  delta_p: 0.06154257  delta_q: 0.01797425  
INFO|2024-09-26 01:59:57: 	ZTest: PQ_Vm_rmse: 0.00110143  PQ_Va_rmse: 0.01183766  PV_Va_rmse: 0.01341304  delta_p: 0.04188007  delta_q: 0.01209964  
INFO|2024-09-26 01:59:57: 	ZTest-ema: PQ_Vm_rmse: 0.001101  PQ_Va_rmse: 0.009831  PV_Va_rmse: 0.011011  delta_p: 0.022521  delta_q: 0.009116  
INFO|2024-09-26 01:59:57: 	           ValOfEMA:0.011011/0.010798,  Epoch:14/13
INFO|2024-09-26 01:59:57: 	Time(ep):814s,  Val(curr/best):0.013413/0.012124,  Epoch(curr/best):14/11
INFO|2024-09-26 01:59:57: -------------------- Epoch: 15 --------------------
INFO|2024-09-26 02:01:09: Epoch[015/100], iter[040/392], loss_total:0.51168, loss_equ:1.86318 loss_pq_vm:0.01132 loss_pq_va:0.10123 loss_pv_va:0.11091
INFO|2024-09-26 02:02:17: Epoch[015/100], iter[079/392], loss_total:0.50001, loss_equ:1.93865 loss_pq_vm:0.01252 loss_pq_va:0.08462 loss_pv_va:0.09629
INFO|2024-09-26 02:03:25: Epoch[015/100], iter[118/392], loss_total:0.58467, loss_equ:1.88804 loss_pq_vm:0.01194 loss_pq_va:0.12456 loss_pv_va:0.15187
INFO|2024-09-26 02:04:33: Epoch[015/100], iter[157/392], loss_total:0.53082, loss_equ:1.99476 loss_pq_vm:0.01550 loss_pq_va:0.08024 loss_pv_va:0.09608
INFO|2024-09-26 02:05:41: Epoch[015/100], iter[196/392], loss_total:0.48424, loss_equ:1.87553 loss_pq_vm:0.01379 loss_pq_va:0.07092 loss_pv_va:0.08790
INFO|2024-09-26 02:06:49: Epoch[015/100], iter[235/392], loss_total:0.44679, loss_equ:1.67192 loss_pq_vm:0.01093 loss_pq_va:0.07902 loss_pv_va:0.09131
INFO|2024-09-26 02:07:57: Epoch[015/100], iter[274/392], loss_total:0.45287, loss_equ:1.84617 loss_pq_vm:0.01191 loss_pq_va:0.06806 loss_pv_va:0.08111
INFO|2024-09-26 02:09:05: Epoch[015/100], iter[313/392], loss_total:0.51778, loss_equ:1.80064 loss_pq_vm:0.01693 loss_pq_va:0.07679 loss_pv_va:0.09162
INFO|2024-09-26 02:10:13: Epoch[015/100], iter[352/392], loss_total:0.58004, loss_equ:1.96007 loss_pq_vm:0.01444 loss_pq_va:0.11069 loss_pv_va:0.12894
INFO|2024-09-26 02:11:23: Epoch[015/100], iter[392/392], loss_total:0.78005, loss_equ:3.43951 loss_pq_vm:0.01494 loss_pq_va:0.12053 loss_pv_va:0.16621
INFO|2024-09-26 02:13:32: Epoch 14/100, lr:  0.00094605, eta: 19.22h, train_loss:  0.53528, valid_loss:  1.03282
INFO|2024-09-26 02:13:32: 	Train: PQ_Vm_rmse: 0.00076202  PQ_Va_rmse: 0.00452946  PV_Va_rmse: 0.00505339  delta_p: 0.03650466  delta_q: 0.01199717  
INFO|2024-09-26 02:13:32: 	ZTest: PQ_Vm_rmse: 0.00196991  PQ_Va_rmse: 0.01789988  PV_Va_rmse: 0.02148073  delta_p: 0.18448593  delta_q: 0.03262551  
INFO|2024-09-26 02:13:32: 	ZTest-ema: PQ_Vm_rmse: 0.001073  PQ_Va_rmse: 0.009357  PV_Va_rmse: 0.010510  delta_p: 0.015186  delta_q: 0.008018  
INFO|2024-09-26 02:13:32: 	           ValOfEMA:0.010510/0.010510,  Epoch:15/15
INFO|2024-09-26 02:13:32: 	Time(ep):814s,  Val(curr/best):0.021481/0.012124,  Epoch(curr/best):15/11
INFO|2024-09-26 02:13:32: -------------------- Epoch: 16 --------------------
INFO|2024-09-26 02:14:43: Epoch[016/100], iter[040/392], loss_total:0.52257, loss_equ:2.19560 loss_pq_vm:0.01440 loss_pq_va:0.07216 loss_pv_va:0.08683
INFO|2024-09-26 02:15:52: Epoch[016/100], iter[079/392], loss_total:0.45536, loss_equ:1.80308 loss_pq_vm:0.01110 loss_pq_va:0.07427 loss_pv_va:0.08982
INFO|2024-09-26 02:16:59: Epoch[016/100], iter[118/392], loss_total:0.48713, loss_equ:1.84929 loss_pq_vm:0.01277 loss_pq_va:0.07988 loss_pv_va:0.09461
INFO|2024-09-26 02:18:07: Epoch[016/100], iter[157/392], loss_total:0.51883, loss_equ:2.17432 loss_pq_vm:0.01378 loss_pq_va:0.07213 loss_pv_va:0.09144
INFO|2024-09-26 02:19:15: Epoch[016/100], iter[196/392], loss_total:0.49019, loss_equ:1.99968 loss_pq_vm:0.01097 loss_pq_va:0.08133 loss_pv_va:0.09919
INFO|2024-09-26 02:20:23: Epoch[016/100], iter[235/392], loss_total:0.58473, loss_equ:2.47256 loss_pq_vm:0.01341 loss_pq_va:0.09156 loss_pv_va:0.11177
INFO|2024-09-26 02:21:31: Epoch[016/100], iter[274/392], loss_total:0.62321, loss_equ:2.20889 loss_pq_vm:0.02113 loss_pq_va:0.08648 loss_pv_va:0.10452
INFO|2024-09-26 02:22:39: Epoch[016/100], iter[313/392], loss_total:0.52165, loss_equ:2.31612 loss_pq_vm:0.01292 loss_pq_va:0.07457 loss_pv_va:0.08627
INFO|2024-09-26 02:23:47: Epoch[016/100], iter[352/392], loss_total:0.50326, loss_equ:1.96486 loss_pq_vm:0.01366 loss_pq_va:0.07596 loss_pv_va:0.09424
INFO|2024-09-26 02:24:57: Epoch[016/100], iter[392/392], loss_total:0.57252, loss_equ:2.19699 loss_pq_vm:0.01510 loss_pq_va:0.09366 loss_pv_va:0.10816
INFO|2024-09-26 02:27:06: Epoch 15/100, lr:  0.00093877, eta: 18.97h, train_loss:  0.55798, valid_loss:  0.75079
INFO|2024-09-26 02:27:06: 	Train: PQ_Vm_rmse: 0.00079078  PQ_Va_rmse: 0.00385429  PV_Va_rmse: 0.00462196  delta_p: 0.05614277  delta_q: 0.01316715  
INFO|2024-09-26 02:27:06: 	ZTest: PQ_Vm_rmse: 0.00182705  PQ_Va_rmse: 0.01271906  PV_Va_rmse: 0.01457518  delta_p: 0.08708674  delta_q: 0.02606473  
INFO|2024-09-26 02:27:06: 	ZTest-ema: PQ_Vm_rmse: 0.001051  PQ_Va_rmse: 0.009109  PV_Va_rmse: 0.010210  delta_p: 0.024057  delta_q: 0.007223  
INFO|2024-09-26 02:27:06: 	           ValOfEMA:0.010210/0.010210,  Epoch:16/16
INFO|2024-09-26 02:27:07: 	Time(ep):813s,  Val(curr/best):0.014575/0.012124,  Epoch(curr/best):16/11
INFO|2024-09-26 02:27:07: -------------------- Epoch: 17 --------------------
INFO|2024-09-26 02:28:18: Epoch[017/100], iter[040/392], loss_total:0.48853, loss_equ:2.01185 loss_pq_vm:0.01205 loss_pq_va:0.07388 loss_pv_va:0.09301
INFO|2024-09-26 02:29:26: Epoch[017/100], iter[079/392], loss_total:0.80695, loss_equ:3.22456 loss_pq_vm:0.02030 loss_pq_va:0.12681 loss_pv_va:0.15467
INFO|2024-09-26 02:30:34: Epoch[017/100], iter[118/392], loss_total:0.60991, loss_equ:2.12182 loss_pq_vm:0.01387 loss_pq_va:0.11491 loss_pv_va:0.14415
INFO|2024-09-26 02:31:42: Epoch[017/100], iter[157/392], loss_total:0.60937, loss_equ:1.85797 loss_pq_vm:0.01499 loss_pq_va:0.12523 loss_pv_va:0.14843
INFO|2024-09-26 02:32:50: Epoch[017/100], iter[196/392], loss_total:0.47405, loss_equ:1.74972 loss_pq_vm:0.01306 loss_pq_va:0.07694 loss_pv_va:0.09155
INFO|2024-09-26 02:33:58: Epoch[017/100], iter[235/392], loss_total:0.53485, loss_equ:1.96251 loss_pq_vm:0.01236 loss_pq_va:0.10395 loss_pv_va:0.11102
INFO|2024-09-26 02:35:07: Epoch[017/100], iter[274/392], loss_total:0.50193, loss_equ:1.91731 loss_pq_vm:0.01179 loss_pq_va:0.08844 loss_pv_va:0.10384
INFO|2024-09-26 02:36:14: Epoch[017/100], iter[313/392], loss_total:0.60106, loss_equ:2.14156 loss_pq_vm:0.01367 loss_pq_va:0.11319 loss_pv_va:0.13700
INFO|2024-09-26 02:37:22: Epoch[017/100], iter[352/392], loss_total:0.57002, loss_equ:2.13996 loss_pq_vm:0.01569 loss_pq_va:0.08987 loss_pv_va:0.10927
INFO|2024-09-26 02:38:32: Epoch[017/100], iter[392/392], loss_total:0.49713, loss_equ:1.76092 loss_pq_vm:0.01665 loss_pq_va:0.06979 loss_pv_va:0.08471
INFO|2024-09-26 02:40:40: Epoch 16/100, lr:  0.00093107, eta: 18.75h, train_loss:  0.55101, valid_loss:  0.63523
INFO|2024-09-26 02:40:40: 	Train: PQ_Vm_rmse: 0.00080522  PQ_Va_rmse: 0.00484412  PV_Va_rmse: 0.00555406  delta_p: 0.04194426  delta_q: 0.01242237  
INFO|2024-09-26 02:40:40: 	ZTest: PQ_Vm_rmse: 0.00133247  PQ_Va_rmse: 0.00990556  PV_Va_rmse: 0.01123658  delta_p: 0.04128153  delta_q: 0.01330350  
INFO|2024-09-26 02:40:40: 	ZTest-ema: PQ_Vm_rmse: 0.001063  PQ_Va_rmse: 0.008884  PV_Va_rmse: 0.009987  delta_p: 0.019495  delta_q: 0.006977  
INFO|2024-09-26 02:40:40: 	           ValOfEMA:0.009987/0.009987,  Epoch:17/17
INFO|2024-09-26 02:40:42: 	Time(ep):813s,  Val(curr/best):0.011237/0.011237,  Epoch(curr/best):17/17
INFO|2024-09-26 02:40:42: -------------------- Epoch: 18 --------------------
INFO|2024-09-26 02:41:53: Epoch[018/100], iter[040/392], loss_total:0.54369, loss_equ:2.24417 loss_pq_vm:0.01582 loss_pq_va:0.06666 loss_pv_va:0.09438
INFO|2024-09-26 02:43:01: Epoch[018/100], iter[079/392], loss_total:0.73997, loss_equ:2.87009 loss_pq_vm:0.02061 loss_pq_va:0.11318 loss_pv_va:0.13365
INFO|2024-09-26 02:44:09: Epoch[018/100], iter[118/392], loss_total:0.55883, loss_equ:2.56625 loss_pq_vm:0.01487 loss_pq_va:0.07001 loss_pv_va:0.08352
INFO|2024-09-26 02:45:17: Epoch[018/100], iter[157/392], loss_total:0.46391, loss_equ:1.79390 loss_pq_vm:0.00961 loss_pq_va:0.08384 loss_pv_va:0.10456
INFO|2024-09-26 02:46:25: Epoch[018/100], iter[196/392], loss_total:0.49496, loss_equ:1.79696 loss_pq_vm:0.01536 loss_pq_va:0.07337 loss_pv_va:0.08826
INFO|2024-09-26 02:47:33: Epoch[018/100], iter[235/392], loss_total:0.51780, loss_equ:1.88674 loss_pq_vm:0.01245 loss_pq_va:0.09812 loss_pv_va:0.10656
INFO|2024-09-26 02:48:41: Epoch[018/100], iter[274/392], loss_total:0.47405, loss_equ:1.81219 loss_pq_vm:0.01067 loss_pq_va:0.08972 loss_pv_va:0.09637
INFO|2024-09-26 02:49:48: Epoch[018/100], iter[313/392], loss_total:0.52282, loss_equ:1.83553 loss_pq_vm:0.01235 loss_pq_va:0.10129 loss_pv_va:0.11448
INFO|2024-09-26 02:50:56: Epoch[018/100], iter[352/392], loss_total:0.51026, loss_equ:1.86542 loss_pq_vm:0.01158 loss_pq_va:0.10058 loss_pv_va:0.10733
INFO|2024-09-26 02:52:06: Epoch[018/100], iter[392/392], loss_total:0.55258, loss_equ:2.37234 loss_pq_vm:0.01419 loss_pq_va:0.08223 loss_pv_va:0.09126
INFO|2024-09-26 02:54:15: Epoch 17/100, lr:  0.00092294, eta: 18.52h, train_loss:  0.54102, valid_loss:  0.71932
INFO|2024-09-26 02:54:15: 	Train: PQ_Vm_rmse: 0.00085180  PQ_Va_rmse: 0.00371224  PV_Va_rmse: 0.00409626  delta_p: 0.05213120  delta_q: 0.01415412  
INFO|2024-09-26 02:54:15: 	ZTest: PQ_Vm_rmse: 0.00114841  PQ_Va_rmse: 0.00969869  PV_Va_rmse: 0.01054028  delta_p: 0.05198143  delta_q: 0.01391463  
INFO|2024-09-26 02:54:15: 	ZTest-ema: PQ_Vm_rmse: 0.001031  PQ_Va_rmse: 0.008703  PV_Va_rmse: 0.009722  delta_p: 0.026536  delta_q: 0.006905  
INFO|2024-09-26 02:54:15: 	           ValOfEMA:0.009722/0.009722,  Epoch:18/18
INFO|2024-09-26 02:54:16: 	Time(ep):812s,  Val(curr/best):0.010540/0.010540,  Epoch(curr/best):18/18
INFO|2024-09-26 02:54:16: -------------------- Epoch: 19 --------------------
INFO|2024-09-26 02:55:27: Epoch[019/100], iter[040/392], loss_total:0.51010, loss_equ:1.90571 loss_pq_vm:0.01440 loss_pq_va:0.07864 loss_pv_va:0.09692
INFO|2024-09-26 02:56:35: Epoch[019/100], iter[079/392], loss_total:0.50904, loss_equ:1.89202 loss_pq_vm:0.01594 loss_pq_va:0.07524 loss_pv_va:0.08522
INFO|2024-09-26 02:57:43: Epoch[019/100], iter[118/392], loss_total:0.47644, loss_equ:1.71581 loss_pq_vm:0.01123 loss_pq_va:0.09002 loss_pv_va:0.10250
INFO|2024-09-26 02:58:51: Epoch[019/100], iter[157/392], loss_total:0.58594, loss_equ:2.65184 loss_pq_vm:0.01606 loss_pq_va:0.07156 loss_pv_va:0.08859
INFO|2024-09-26 02:59:59: Epoch[019/100], iter[196/392], loss_total:0.45696, loss_equ:1.83597 loss_pq_vm:0.01210 loss_pq_va:0.07039 loss_pv_va:0.08194
INFO|2024-09-26 03:01:07: Epoch[019/100], iter[235/392], loss_total:0.42905, loss_equ:1.75507 loss_pq_vm:0.01077 loss_pq_va:0.06556 loss_pv_va:0.08028
INFO|2024-09-26 03:02:15: Epoch[019/100], iter[274/392], loss_total:0.65692, loss_equ:1.94100 loss_pq_vm:0.02105 loss_pq_va:0.11736 loss_pv_va:0.13498
INFO|2024-09-26 03:03:23: Epoch[019/100], iter[313/392], loss_total:0.42267, loss_equ:1.60697 loss_pq_vm:0.01141 loss_pq_va:0.06570 loss_pv_va:0.08222
INFO|2024-09-26 03:04:31: Epoch[019/100], iter[352/392], loss_total:0.44954, loss_equ:1.81385 loss_pq_vm:0.01141 loss_pq_va:0.06891 loss_pv_va:0.08510
INFO|2024-09-26 03:05:41: Epoch[019/100], iter[392/392], loss_total:0.50997, loss_equ:1.90282 loss_pq_vm:0.01418 loss_pq_va:0.07940 loss_pv_va:0.09850
INFO|2024-09-26 03:07:49: Epoch 18/100, lr:  0.00091440, eta: 18.29h, train_loss:  0.53066, valid_loss:  0.65989
INFO|2024-09-26 03:07:49: 	Train: PQ_Vm_rmse: 0.00081511  PQ_Va_rmse: 0.00407809  PV_Va_rmse: 0.00438871  delta_p: 0.04271061  delta_q: 0.01139789  
INFO|2024-09-26 03:07:49: 	ZTest: PQ_Vm_rmse: 0.00131610  PQ_Va_rmse: 0.00923465  PV_Va_rmse: 0.01036520  delta_p: 0.04272143  delta_q: 0.01294903  
INFO|2024-09-26 03:07:49: 	ZTest-ema: PQ_Vm_rmse: 0.001069  PQ_Va_rmse: 0.008567  PV_Va_rmse: 0.009617  delta_p: 0.018773  delta_q: 0.006469  
INFO|2024-09-26 03:07:49: 	           ValOfEMA:0.009617/0.009617,  Epoch:19/19
INFO|2024-09-26 03:07:50: 	Time(ep):812s,  Val(curr/best):0.010365/0.010365,  Epoch(curr/best):19/19
INFO|2024-09-26 03:07:50: -------------------- Epoch: 20 --------------------
INFO|2024-09-26 03:09:01: Epoch[020/100], iter[040/392], loss_total:0.44111, loss_equ:1.75999 loss_pq_vm:0.01092 loss_pq_va:0.07420 loss_pv_va:0.08172
INFO|2024-09-26 03:10:09: Epoch[020/100], iter[079/392], loss_total:0.69449, loss_equ:2.76571 loss_pq_vm:0.01630 loss_pq_va:0.10921 loss_pv_va:0.14573
INFO|2024-09-26 03:11:17: Epoch[020/100], iter[118/392], loss_total:0.63211, loss_equ:2.55371 loss_pq_vm:0.01426 loss_pq_va:0.10459 loss_pv_va:0.12959
INFO|2024-09-26 03:12:24: Epoch[020/100], iter[157/392], loss_total:0.57037, loss_equ:2.21537 loss_pq_vm:0.01405 loss_pq_va:0.10137 loss_pv_va:0.10701
INFO|2024-09-26 03:13:32: Epoch[020/100], iter[196/392], loss_total:0.47444, loss_equ:1.88611 loss_pq_vm:0.01018 loss_pq_va:0.08927 loss_pv_va:0.09479
INFO|2024-09-26 03:14:41: Epoch[020/100], iter[235/392], loss_total:0.48030, loss_equ:2.06458 loss_pq_vm:0.01248 loss_pq_va:0.06481 loss_pv_va:0.08424
INFO|2024-09-26 03:15:49: Epoch[020/100], iter[274/392], loss_total:0.53203, loss_equ:2.36207 loss_pq_vm:0.01238 loss_pq_va:0.07681 loss_pv_va:0.09521
INFO|2024-09-26 03:16:56: Epoch[020/100], iter[313/392], loss_total:0.48300, loss_equ:1.76293 loss_pq_vm:0.01155 loss_pq_va:0.08846 loss_pv_va:0.10277
INFO|2024-09-26 03:18:04: Epoch[020/100], iter[352/392], loss_total:0.71827, loss_equ:1.77857 loss_pq_vm:0.01209 loss_pq_va:0.19700 loss_pv_va:0.22250
INFO|2024-09-26 03:19:13: Epoch[020/100], iter[392/392], loss_total:0.48419, loss_equ:1.77005 loss_pq_vm:0.01205 loss_pq_va:0.08613 loss_pv_va:0.10059
INFO|2024-09-26 03:21:22: Epoch 19/100, lr:  0.00090546, eta: 18.05h, train_loss:  0.54041, valid_loss:  0.62980
INFO|2024-09-26 03:21:22: 	Train: PQ_Vm_rmse: 0.00082261  PQ_Va_rmse: 0.00408284  PV_Va_rmse: 0.00431714  delta_p: 0.04794224  delta_q: 0.01275635  
INFO|2024-09-26 03:21:22: 	ZTest: PQ_Vm_rmse: 0.00120614  PQ_Va_rmse: 0.01046206  PV_Va_rmse: 0.01182744  delta_p: 0.02127366  delta_q: 0.00878978  
INFO|2024-09-26 03:21:22: 	ZTest-ema: PQ_Vm_rmse: 0.001000  PQ_Va_rmse: 0.008758  PV_Va_rmse: 0.009807  delta_p: 0.014957  delta_q: 0.005672  
INFO|2024-09-26 03:21:22: 	           ValOfEMA:0.009807/0.009617,  Epoch:20/19
INFO|2024-09-26 03:21:23: 	Time(ep):812s,  Val(curr/best):0.011827/0.010365,  Epoch(curr/best):20/19
INFO|2024-09-26 03:21:23: -------------------- Epoch: 21 --------------------
INFO|2024-09-26 03:22:34: Epoch[021/100], iter[040/392], loss_total:0.49003, loss_equ:2.05125 loss_pq_vm:0.00993 loss_pq_va:0.08763 loss_pv_va:0.09796
INFO|2024-09-26 03:23:42: Epoch[021/100], iter[079/392], loss_total:0.40546, loss_equ:1.63816 loss_pq_vm:0.00989 loss_pq_va:0.06716 loss_pv_va:0.07556
INFO|2024-09-26 03:24:50: Epoch[021/100], iter[118/392], loss_total:0.43876, loss_equ:1.64547 loss_pq_vm:0.01085 loss_pq_va:0.07328 loss_pv_va:0.09246
INFO|2024-09-26 03:25:58: Epoch[021/100], iter[157/392], loss_total:0.45286, loss_equ:1.68919 loss_pq_vm:0.01082 loss_pq_va:0.08310 loss_pv_va:0.09263
INFO|2024-09-26 03:27:06: Epoch[021/100], iter[196/392], loss_total:0.44524, loss_equ:1.57841 loss_pq_vm:0.01185 loss_pq_va:0.07754 loss_pv_va:0.09139
INFO|2024-09-26 03:28:14: Epoch[021/100], iter[235/392], loss_total:0.46354, loss_equ:1.93506 loss_pq_vm:0.01207 loss_pq_va:0.06804 loss_pv_va:0.08130
INFO|2024-09-26 03:29:23: Epoch[021/100], iter[274/392], loss_total:0.43451, loss_equ:1.68501 loss_pq_vm:0.01200 loss_pq_va:0.06876 loss_pv_va:0.07729
INFO|2024-09-26 03:30:30: Epoch[021/100], iter[313/392], loss_total:0.41736, loss_equ:1.54857 loss_pq_vm:0.01184 loss_pq_va:0.06416 loss_pv_va:0.07997
INFO|2024-09-26 03:31:38: Epoch[021/100], iter[352/392], loss_total:0.45960, loss_equ:2.14982 loss_pq_vm:0.01054 loss_pq_va:0.06021 loss_pv_va:0.07903
INFO|2024-09-26 03:32:48: Epoch[021/100], iter[392/392], loss_total:0.82885, loss_equ:3.58540 loss_pq_vm:0.01999 loss_pq_va:0.12760 loss_pv_va:0.14284
INFO|2024-09-26 03:34:56: Epoch 20/100, lr:  0.00089613, eta: 17.84h, train_loss:  0.48337, valid_loss:  0.89226
INFO|2024-09-26 03:34:56: 	Train: PQ_Vm_rmse: 0.00059806  PQ_Va_rmse: 0.00352600  PV_Va_rmse: 0.00360004  delta_p: 0.03623647  delta_q: 0.00918815  
INFO|2024-09-26 03:34:56: 	ZTest: PQ_Vm_rmse: 0.00114063  PQ_Va_rmse: 0.00705921  PV_Va_rmse: 0.00840853  delta_p: 0.08087131  delta_q: 0.01964349  
INFO|2024-09-26 03:34:56: 	ZTest-ema: PQ_Vm_rmse: 0.000988  PQ_Va_rmse: 0.008470  PV_Va_rmse: 0.009458  delta_p: 0.019443  delta_q: 0.005408  
INFO|2024-09-26 03:34:56: 	           ValOfEMA:0.009458/0.009458,  Epoch:21/21
INFO|2024-09-26 03:34:57: 	Time(ep):812s,  Val(curr/best):0.008409/0.008409,  Epoch(curr/best):21/21
INFO|2024-09-26 03:34:57: -------------------- Epoch: 22 --------------------
INFO|2024-09-26 03:36:08: Epoch[022/100], iter[040/392], loss_total:0.54241, loss_equ:2.08351 loss_pq_vm:0.01227 loss_pq_va:0.09559 loss_pv_va:0.11574
INFO|2024-09-26 03:37:16: Epoch[022/100], iter[079/392], loss_total:0.36931, loss_equ:1.52493 loss_pq_vm:0.00884 loss_pq_va:0.05911 loss_pv_va:0.06929
INFO|2024-09-26 03:38:23: Epoch[022/100], iter[118/392], loss_total:0.67171, loss_equ:2.57617 loss_pq_vm:0.02135 loss_pq_va:0.07970 loss_pv_va:0.12093
INFO|2024-09-26 03:39:31: Epoch[022/100], iter[157/392], loss_total:0.66243, loss_equ:3.06450 loss_pq_vm:0.01509 loss_pq_va:0.10217 loss_pv_va:0.10290
INFO|2024-09-26 03:40:39: Epoch[022/100], iter[196/392], loss_total:0.46655, loss_equ:2.00310 loss_pq_vm:0.01385 loss_pq_va:0.05789 loss_pv_va:0.06986
INFO|2024-09-26 03:41:47: Epoch[022/100], iter[235/392], loss_total:0.65513, loss_equ:1.93994 loss_pq_vm:0.01240 loss_pq_va:0.16614 loss_pv_va:0.17103
INFO|2024-09-26 03:42:55: Epoch[022/100], iter[274/392], loss_total:0.51483, loss_equ:2.09565 loss_pq_vm:0.01084 loss_pq_va:0.09383 loss_pv_va:0.10306
INFO|2024-09-26 03:44:03: Epoch[022/100], iter[313/392], loss_total:0.57422, loss_equ:2.39983 loss_pq_vm:0.01303 loss_pq_va:0.09246 loss_pv_va:0.11145
INFO|2024-09-26 03:45:11: Epoch[022/100], iter[352/392], loss_total:0.53038, loss_equ:1.88145 loss_pq_vm:0.01463 loss_pq_va:0.09167 loss_pv_va:0.10424
INFO|2024-09-26 03:46:20: Epoch[022/100], iter[392/392], loss_total:0.40245, loss_equ:1.75976 loss_pq_vm:0.01043 loss_pq_va:0.05514 loss_pv_va:0.06706
INFO|2024-09-26 03:48:29: Epoch 21/100, lr:  0.00088640, eta: 17.58h, train_loss:  0.53101, valid_loss:  0.54901
INFO|2024-09-26 03:48:29: 	Train: PQ_Vm_rmse: 0.00061865  PQ_Va_rmse: 0.00379630  PV_Va_rmse: 0.00397836  delta_p: 0.04836132  delta_q: 0.01085867  
INFO|2024-09-26 03:48:29: 	ZTest: PQ_Vm_rmse: 0.00099365  PQ_Va_rmse: 0.00809835  PV_Va_rmse: 0.00900253  delta_p: 0.05620081  delta_q: 0.01119736  
INFO|2024-09-26 03:48:29: 	ZTest-ema: PQ_Vm_rmse: 0.000992  PQ_Va_rmse: 0.008653  PV_Va_rmse: 0.009653  delta_p: 0.025069  delta_q: 0.005541  
INFO|2024-09-26 03:48:29: 	           ValOfEMA:0.009653/0.009458,  Epoch:22/21
INFO|2024-09-26 03:48:30: 	Time(ep):811s,  Val(curr/best):0.009003/0.008409,  Epoch(curr/best):22/21
INFO|2024-09-26 03:48:30: -------------------- Epoch: 23 --------------------
INFO|2024-09-26 03:49:41: Epoch[023/100], iter[040/392], loss_total:0.58294, loss_equ:2.00656 loss_pq_vm:0.01230 loss_pq_va:0.12300 loss_pv_va:0.13624
INFO|2024-09-26 03:50:49: Epoch[023/100], iter[079/392], loss_total:0.42755, loss_equ:1.82847 loss_pq_vm:0.01182 loss_pq_va:0.05686 loss_pv_va:0.06964
INFO|2024-09-26 03:51:57: Epoch[023/100], iter[118/392], loss_total:0.48375, loss_equ:1.88033 loss_pq_vm:0.01063 loss_pq_va:0.08746 loss_pv_va:0.10194
INFO|2024-09-26 03:53:04: Epoch[023/100], iter[157/392], loss_total:0.46753, loss_equ:1.61917 loss_pq_vm:0.01185 loss_pq_va:0.09033 loss_pv_va:0.09680
INFO|2024-09-26 03:54:12: Epoch[023/100], iter[196/392], loss_total:0.46330, loss_equ:1.59794 loss_pq_vm:0.01007 loss_pq_va:0.09266 loss_pv_va:0.11014
INFO|2024-09-26 03:55:20: Epoch[023/100], iter[235/392], loss_total:0.45059, loss_equ:1.83206 loss_pq_vm:0.01280 loss_pq_va:0.06438 loss_pv_va:0.07496
INFO|2024-09-26 03:56:28: Epoch[023/100], iter[274/392], loss_total:0.38906, loss_equ:1.50681 loss_pq_vm:0.00969 loss_pq_va:0.06521 loss_pv_va:0.07627
INFO|2024-09-26 03:57:36: Epoch[023/100], iter[313/392], loss_total:0.51779, loss_equ:2.14742 loss_pq_vm:0.01068 loss_pq_va:0.09264 loss_pv_va:0.10359
INFO|2024-09-26 03:58:44: Epoch[023/100], iter[352/392], loss_total:0.49010, loss_equ:1.72804 loss_pq_vm:0.01616 loss_pq_va:0.07347 loss_pv_va:0.08222
INFO|2024-09-26 03:59:54: Epoch[023/100], iter[392/392], loss_total:0.54629, loss_equ:2.33670 loss_pq_vm:0.01410 loss_pq_va:0.08378 loss_pv_va:0.08786
INFO|2024-09-26 04:02:02: Epoch 22/100, lr:  0.00087630, eta: 17.38h, train_loss:  0.48925, valid_loss:  0.80939
INFO|2024-09-26 04:02:02: 	Train: PQ_Vm_rmse: 0.00072624  PQ_Va_rmse: 0.00400822  PV_Va_rmse: 0.00423384  delta_p: 0.03889725  delta_q: 0.01092566  
INFO|2024-09-26 04:02:02: 	ZTest: PQ_Vm_rmse: 0.00129995  PQ_Va_rmse: 0.01073992  PV_Va_rmse: 0.01164590  delta_p: 0.06035483  delta_q: 0.02245184  
INFO|2024-09-26 04:02:02: 	ZTest-ema: PQ_Vm_rmse: 0.000986  PQ_Va_rmse: 0.008378  PV_Va_rmse: 0.009393  delta_p: 0.013882  delta_q: 0.005386  
INFO|2024-09-26 04:02:02: 	           ValOfEMA:0.009393/0.009393,  Epoch:23/23
INFO|2024-09-26 04:02:03: 	Time(ep):812s,  Val(curr/best):0.011646/0.008409,  Epoch(curr/best):23/21
INFO|2024-09-26 04:02:03: -------------------- Epoch: 24 --------------------
INFO|2024-09-26 04:03:14: Epoch[024/100], iter[040/392], loss_total:0.44511, loss_equ:1.76816 loss_pq_vm:0.01143 loss_pq_va:0.07052 loss_pv_va:0.08347
INFO|2024-09-26 04:04:22: Epoch[024/100], iter[079/392], loss_total:0.38681, loss_equ:1.48127 loss_pq_vm:0.00963 loss_pq_va:0.06517 loss_pv_va:0.07725
INFO|2024-09-26 04:05:30: Epoch[024/100], iter[118/392], loss_total:0.58626, loss_equ:1.77300 loss_pq_vm:0.01965 loss_pq_va:0.09950 loss_pv_va:0.11299
INFO|2024-09-26 04:06:38: Epoch[024/100], iter[157/392], loss_total:0.43368, loss_equ:1.66124 loss_pq_vm:0.01210 loss_pq_va:0.06661 loss_pv_va:0.07993
INFO|2024-09-26 04:07:46: Epoch[024/100], iter[196/392], loss_total:0.52512, loss_equ:1.84237 loss_pq_vm:0.01816 loss_pq_va:0.07449 loss_pv_va:0.08477
INFO|2024-09-26 04:08:54: Epoch[024/100], iter[235/392], loss_total:0.51259, loss_equ:1.81987 loss_pq_vm:0.01563 loss_pq_va:0.08098 loss_pv_va:0.09330
INFO|2024-09-26 04:10:02: Epoch[024/100], iter[274/392], loss_total:0.53094, loss_equ:2.01011 loss_pq_vm:0.01573 loss_pq_va:0.07830 loss_pv_va:0.09435
INFO|2024-09-26 04:11:09: Epoch[024/100], iter[313/392], loss_total:0.41991, loss_equ:1.62987 loss_pq_vm:0.01064 loss_pq_va:0.07255 loss_pv_va:0.07795
INFO|2024-09-26 04:12:17: Epoch[024/100], iter[352/392], loss_total:0.39763, loss_equ:1.45341 loss_pq_vm:0.00967 loss_pq_va:0.06998 loss_pv_va:0.08556
INFO|2024-09-26 04:13:27: Epoch[024/100], iter[392/392], loss_total:0.39277, loss_equ:1.42164 loss_pq_vm:0.00903 loss_pq_va:0.07506 loss_pv_va:0.08526
INFO|2024-09-26 04:15:35: Epoch 23/100, lr:  0.00086584, eta: 17.15h, train_loss:  0.48468, valid_loss:  0.52863
INFO|2024-09-26 04:15:35: 	Train: PQ_Vm_rmse: 0.00070339  PQ_Va_rmse: 0.00349183  PV_Va_rmse: 0.00374485  delta_p: 0.02809412  delta_q: 0.01072586  
INFO|2024-09-26 04:15:35: 	ZTest: PQ_Vm_rmse: 0.00097531  PQ_Va_rmse: 0.00886071  PV_Va_rmse: 0.00964478  delta_p: 0.02574497  delta_q: 0.00752410  
INFO|2024-09-26 04:15:35: 	ZTest-ema: PQ_Vm_rmse: 0.000990  PQ_Va_rmse: 0.008367  PV_Va_rmse: 0.009394  delta_p: 0.011766  delta_q: 0.005359  
INFO|2024-09-26 04:15:35: 	           ValOfEMA:0.009394/0.009393,  Epoch:24/23
INFO|2024-09-26 04:15:36: 	Time(ep):812s,  Val(curr/best):0.009645/0.008409,  Epoch(curr/best):24/21
INFO|2024-09-26 04:15:36: -------------------- Epoch: 25 --------------------
INFO|2024-09-26 04:16:47: Epoch[025/100], iter[040/392], loss_total:0.43625, loss_equ:1.52947 loss_pq_vm:0.01120 loss_pq_va:0.07815 loss_pv_va:0.09317
INFO|2024-09-26 04:17:56: Epoch[025/100], iter[079/392], loss_total:0.40652, loss_equ:1.55607 loss_pq_vm:0.01223 loss_pq_va:0.06069 loss_pv_va:0.06794
INFO|2024-09-26 04:19:04: Epoch[025/100], iter[118/392], loss_total:0.56787, loss_equ:1.92721 loss_pq_vm:0.01732 loss_pq_va:0.09779 loss_pv_va:0.10417
INFO|2024-09-26 04:20:12: Epoch[025/100], iter[157/392], loss_total:0.37682, loss_equ:1.55528 loss_pq_vm:0.00908 loss_pq_va:0.05953 loss_pv_va:0.07091
INFO|2024-09-26 04:21:20: Epoch[025/100], iter[196/392], loss_total:0.35138, loss_equ:1.40866 loss_pq_vm:0.00877 loss_pq_va:0.05792 loss_pv_va:0.06492
INFO|2024-09-26 04:22:28: Epoch[025/100], iter[235/392], loss_total:0.54525, loss_equ:1.97210 loss_pq_vm:0.01226 loss_pq_va:0.10767 loss_pv_va:0.11773
INFO|2024-09-26 04:23:36: Epoch[025/100], iter[274/392], loss_total:0.44512, loss_equ:1.86187 loss_pq_vm:0.01075 loss_pq_va:0.06907 loss_pv_va:0.08239
INFO|2024-09-26 04:24:44: Epoch[025/100], iter[313/392], loss_total:0.39375, loss_equ:1.52545 loss_pq_vm:0.01022 loss_pq_va:0.06523 loss_pv_va:0.07378
INFO|2024-09-26 04:25:52: Epoch[025/100], iter[352/392], loss_total:0.71069, loss_equ:2.49387 loss_pq_vm:0.01894 loss_pq_va:0.12962 loss_pv_va:0.14232
INFO|2024-09-26 04:27:01: Epoch[025/100], iter[392/392], loss_total:0.67563, loss_equ:2.46811 loss_pq_vm:0.01340 loss_pq_va:0.13264 loss_pv_va:0.16221
INFO|2024-09-26 04:29:09: Epoch 24/100, lr:  0.00085502, eta: 16.95h, train_loss:  0.51524, valid_loss:  0.94698
INFO|2024-09-26 04:29:09: 	Train: PQ_Vm_rmse: 0.00067198  PQ_Va_rmse: 0.00405234  PV_Va_rmse: 0.00446348  delta_p: 0.03333265  delta_q: 0.01216211  
INFO|2024-09-26 04:29:09: 	ZTest: PQ_Vm_rmse: 0.00117101  PQ_Va_rmse: 0.01388314  PV_Va_rmse: 0.01766381  delta_p: 0.07548694  delta_q: 0.02467069  
INFO|2024-09-26 04:29:09: 	ZTest-ema: PQ_Vm_rmse: 0.000987  PQ_Va_rmse: 0.008816  PV_Va_rmse: 0.009873  delta_p: 0.016334  delta_q: 0.005018  
INFO|2024-09-26 04:29:09: 	           ValOfEMA:0.009873/0.009393,  Epoch:25/23
INFO|2024-09-26 04:29:10: 	Time(ep):813s,  Val(curr/best):0.017664/0.008409,  Epoch(curr/best):25/21
INFO|2024-09-26 04:29:10: -------------------- Epoch: 26 --------------------
INFO|2024-09-26 04:30:21: Epoch[026/100], iter[040/392], loss_total:0.48863, loss_equ:1.89095 loss_pq_vm:0.01142 loss_pq_va:0.08720 loss_pv_va:0.09809
INFO|2024-09-26 04:31:29: Epoch[026/100], iter[079/392], loss_total:0.41977, loss_equ:1.61929 loss_pq_vm:0.01311 loss_pq_va:0.05799 loss_pv_va:0.06874
INFO|2024-09-26 04:32:36: Epoch[026/100], iter[118/392], loss_total:0.47111, loss_equ:1.74986 loss_pq_vm:0.01067 loss_pq_va:0.08629 loss_pv_va:0.10311
INFO|2024-09-26 04:33:44: Epoch[026/100], iter[157/392], loss_total:0.45231, loss_equ:2.01004 loss_pq_vm:0.00932 loss_pq_va:0.07904 loss_pv_va:0.07908
INFO|2024-09-26 04:34:52: Epoch[026/100], iter[196/392], loss_total:0.40064, loss_equ:1.65579 loss_pq_vm:0.01011 loss_pq_va:0.06089 loss_pv_va:0.07309
INFO|2024-09-26 04:36:00: Epoch[026/100], iter[235/392], loss_total:0.40348, loss_equ:1.51736 loss_pq_vm:0.00888 loss_pq_va:0.07243 loss_pv_va:0.09055
INFO|2024-09-26 04:37:08: Epoch[026/100], iter[274/392], loss_total:0.42965, loss_equ:1.68494 loss_pq_vm:0.01159 loss_pq_va:0.06692 loss_pv_va:0.07829
INFO|2024-09-26 04:38:16: Epoch[026/100], iter[313/392], loss_total:0.64368, loss_equ:2.41693 loss_pq_vm:0.01691 loss_pq_va:0.09940 loss_pv_va:0.13348
INFO|2024-09-26 04:39:24: Epoch[026/100], iter[352/392], loss_total:0.37697, loss_equ:1.62158 loss_pq_vm:0.00887 loss_pq_va:0.06015 loss_pv_va:0.06593
INFO|2024-09-26 04:40:34: Epoch[026/100], iter[392/392], loss_total:0.46647, loss_equ:1.73420 loss_pq_vm:0.00951 loss_pq_va:0.09777 loss_pv_va:0.10022
INFO|2024-09-26 04:42:42: Epoch 25/100, lr:  0.00084385, eta: 16.69h, train_loss:  0.46637, valid_loss:  0.59408
INFO|2024-09-26 04:42:42: 	Train: PQ_Vm_rmse: 0.00051426  PQ_Va_rmse: 0.00310655  PV_Va_rmse: 0.00353406  delta_p: 0.03871547  delta_q: 0.00919262  
INFO|2024-09-26 04:42:42: 	ZTest: PQ_Vm_rmse: 0.00122671  PQ_Va_rmse: 0.01164927  PV_Va_rmse: 0.01324324  delta_p: 0.05916018  delta_q: 0.01392887  
INFO|2024-09-26 04:42:42: 	ZTest-ema: PQ_Vm_rmse: 0.000952  PQ_Va_rmse: 0.008390  PV_Va_rmse: 0.009384  delta_p: 0.023037  delta_q: 0.004976  
INFO|2024-09-26 04:42:42: 	           ValOfEMA:0.009384/0.009384,  Epoch:26/26
INFO|2024-09-26 04:42:43: 	Time(ep):812s,  Val(curr/best):0.013243/0.008409,  Epoch(curr/best):26/21
INFO|2024-09-26 04:42:43: -------------------- Epoch: 27 --------------------
INFO|2024-09-26 04:43:54: Epoch[027/100], iter[040/392], loss_total:0.48361, loss_equ:1.70810 loss_pq_vm:0.01269 loss_pq_va:0.08568 loss_pv_va:0.10025
INFO|2024-09-26 04:45:02: Epoch[027/100], iter[079/392], loss_total:0.54870, loss_equ:2.00331 loss_pq_vm:0.01498 loss_pq_va:0.08638 loss_pv_va:0.11217
INFO|2024-09-26 04:46:10: Epoch[027/100], iter[118/392], loss_total:0.41538, loss_equ:1.65612 loss_pq_vm:0.01166 loss_pq_va:0.06110 loss_pv_va:0.07205
INFO|2024-09-26 04:47:19: Epoch[027/100], iter[157/392], loss_total:0.40576, loss_equ:1.43289 loss_pq_vm:0.01293 loss_pq_va:0.06247 loss_pv_va:0.07068
INFO|2024-09-26 04:48:26: Epoch[027/100], iter[196/392], loss_total:0.47219, loss_equ:2.18652 loss_pq_vm:0.01133 loss_pq_va:0.05998 loss_pv_va:0.08027
INFO|2024-09-26 04:49:34: Epoch[027/100], iter[235/392], loss_total:0.58690, loss_equ:2.09849 loss_pq_vm:0.01649 loss_pq_va:0.10499 loss_pv_va:0.10714
INFO|2024-09-26 04:50:43: Epoch[027/100], iter[274/392], loss_total:0.46334, loss_equ:1.63992 loss_pq_vm:0.01313 loss_pq_va:0.08181 loss_pv_va:0.08628
INFO|2024-09-26 04:51:51: Epoch[027/100], iter[313/392], loss_total:0.43967, loss_equ:1.55162 loss_pq_vm:0.01068 loss_pq_va:0.07982 loss_pv_va:0.09792
INFO|2024-09-26 04:52:58: Epoch[027/100], iter[352/392], loss_total:0.40358, loss_equ:1.72375 loss_pq_vm:0.00981 loss_pq_va:0.06159 loss_pv_va:0.07156
INFO|2024-09-26 04:54:08: Epoch[027/100], iter[392/392], loss_total:0.43416, loss_equ:2.03256 loss_pq_vm:0.00981 loss_pq_va:0.06236 loss_pv_va:0.07047
INFO|2024-09-26 04:56:17: Epoch 26/100, lr:  0.00083235, eta: 16.51h, train_loss:  0.45426, valid_loss:  0.57913
INFO|2024-09-26 04:56:17: 	Train: PQ_Vm_rmse: 0.00054301  PQ_Va_rmse: 0.00357304  PV_Va_rmse: 0.00386227  delta_p: 0.03421467  delta_q: 0.00881263  
INFO|2024-09-26 04:56:17: 	ZTest: PQ_Vm_rmse: 0.00097570  PQ_Va_rmse: 0.00810239  PV_Va_rmse: 0.00855546  delta_p: 0.10167443  delta_q: 0.01109151  
INFO|2024-09-26 04:56:17: 	ZTest-ema: PQ_Vm_rmse: 0.000916  PQ_Va_rmse: 0.008077  PV_Va_rmse: 0.009008  delta_p: 0.014991  delta_q: 0.004427  
INFO|2024-09-26 04:56:17: 	           ValOfEMA:0.009008/0.009008,  Epoch:27/27
INFO|2024-09-26 04:56:18: 	Time(ep):814s,  Val(curr/best):0.008555/0.008409,  Epoch(curr/best):27/21
INFO|2024-09-26 04:56:18: -------------------- Epoch: 28 --------------------
INFO|2024-09-26 04:57:29: Epoch[028/100], iter[040/392], loss_total:0.39002, loss_equ:1.37924 loss_pq_vm:0.00844 loss_pq_va:0.07772 loss_pv_va:0.08995
INFO|2024-09-26 04:58:37: Epoch[028/100], iter[079/392], loss_total:0.52773, loss_equ:1.58676 loss_pq_vm:0.02058 loss_pq_va:0.07304 loss_pv_va:0.09023
INFO|2024-09-26 04:59:45: Epoch[028/100], iter[118/392], loss_total:0.37581, loss_equ:1.54295 loss_pq_vm:0.01113 loss_pq_va:0.05067 loss_pv_va:0.05959
INFO|2024-09-26 05:00:53: Epoch[028/100], iter[157/392], loss_total:0.37470, loss_equ:1.39549 loss_pq_vm:0.01222 loss_pq_va:0.05145 loss_pv_va:0.06147
INFO|2024-09-26 05:02:01: Epoch[028/100], iter[196/392], loss_total:0.52358, loss_equ:1.86566 loss_pq_vm:0.01160 loss_pq_va:0.10280 loss_pv_va:0.11825
INFO|2024-09-26 05:03:09: Epoch[028/100], iter[235/392], loss_total:0.44309, loss_equ:1.93487 loss_pq_vm:0.01131 loss_pq_va:0.06360 loss_pv_va:0.07289
INFO|2024-09-26 05:04:18: Epoch[028/100], iter[274/392], loss_total:0.39911, loss_equ:1.48251 loss_pq_vm:0.00957 loss_pq_va:0.07287 loss_pv_va:0.08230
INFO|2024-09-26 05:05:26: Epoch[028/100], iter[313/392], loss_total:0.43605, loss_equ:1.54858 loss_pq_vm:0.01004 loss_pq_va:0.08736 loss_pv_va:0.09341
INFO|2024-09-26 05:06:34: Epoch[028/100], iter[352/392], loss_total:0.35850, loss_equ:1.37016 loss_pq_vm:0.00855 loss_pq_va:0.06486 loss_pv_va:0.07115
INFO|2024-09-26 05:07:43: Epoch[028/100], iter[392/392], loss_total:0.35707, loss_equ:1.48923 loss_pq_vm:0.00922 loss_pq_va:0.05320 loss_pv_va:0.06273
INFO|2024-09-26 05:09:52: Epoch 27/100, lr:  0.00082052, eta: 16.28h, train_loss:  0.41611, valid_loss:  0.54712
INFO|2024-09-26 05:09:52: 	Train: PQ_Vm_rmse: 0.00055953  PQ_Va_rmse: 0.00247265  PV_Va_rmse: 0.00274323  delta_p: 0.02702145  delta_q: 0.00788282  
INFO|2024-09-26 05:09:52: 	ZTest: PQ_Vm_rmse: 0.00099333  PQ_Va_rmse: 0.00899249  PV_Va_rmse: 0.01041380  delta_p: 0.03268891  delta_q: 0.00728081  
INFO|2024-09-26 05:09:52: 	ZTest-ema: PQ_Vm_rmse: 0.000911  PQ_Va_rmse: 0.007743  PV_Va_rmse: 0.008643  delta_p: 0.010916  delta_q: 0.004034  
INFO|2024-09-26 05:09:52: 	           ValOfEMA:0.008643/0.008643,  Epoch:28/28
INFO|2024-09-26 05:09:53: 	Time(ep):813s,  Val(curr/best):0.010414/0.008409,  Epoch(curr/best):28/21
INFO|2024-09-26 05:09:53: -------------------- Epoch: 29 --------------------
INFO|2024-09-26 05:11:04: Epoch[029/100], iter[040/392], loss_total:0.50559, loss_equ:1.89018 loss_pq_vm:0.01184 loss_pq_va:0.09514 loss_pv_va:0.10307
INFO|2024-09-26 05:12:12: Epoch[029/100], iter[079/392], loss_total:0.40533, loss_equ:1.54175 loss_pq_vm:0.00921 loss_pq_va:0.07440 loss_pv_va:0.08470
INFO|2024-09-26 05:13:20: Epoch[029/100], iter[118/392], loss_total:0.47423, loss_equ:2.09184 loss_pq_vm:0.01232 loss_pq_va:0.07094 loss_pv_va:0.07085
INFO|2024-09-26 05:14:28: Epoch[029/100], iter[157/392], loss_total:0.52378, loss_equ:1.80672 loss_pq_vm:0.01199 loss_pq_va:0.10679 loss_pv_va:0.11644
INFO|2024-09-26 05:15:36: Epoch[029/100], iter[196/392], loss_total:0.34588, loss_equ:1.44755 loss_pq_vm:0.00875 loss_pq_va:0.05144 loss_pv_va:0.06214
INFO|2024-09-26 05:16:44: Epoch[029/100], iter[235/392], loss_total:0.36627, loss_equ:1.46578 loss_pq_vm:0.01050 loss_pq_va:0.05292 loss_pv_va:0.06181
INFO|2024-09-26 05:17:52: Epoch[029/100], iter[274/392], loss_total:0.34007, loss_equ:1.45683 loss_pq_vm:0.00817 loss_pq_va:0.05024 loss_pv_va:0.06249
INFO|2024-09-26 05:19:00: Epoch[029/100], iter[313/392], loss_total:0.47529, loss_equ:1.78631 loss_pq_vm:0.01421 loss_pq_va:0.07271 loss_pv_va:0.08181
INFO|2024-09-26 05:20:08: Epoch[029/100], iter[352/392], loss_total:0.42407, loss_equ:1.80194 loss_pq_vm:0.01111 loss_pq_va:0.06068 loss_pv_va:0.07211
INFO|2024-09-26 05:21:18: Epoch[029/100], iter[392/392], loss_total:0.34712, loss_equ:1.38947 loss_pq_vm:0.00816 loss_pq_va:0.05860 loss_pv_va:0.06797
INFO|2024-09-26 05:23:26: Epoch 28/100, lr:  0.00080839, eta: 16.05h, train_loss:  0.42622, valid_loss:  0.48905
INFO|2024-09-26 05:23:26: 	Train: PQ_Vm_rmse: 0.00046691  PQ_Va_rmse: 0.00266661  PV_Va_rmse: 0.00297993  delta_p: 0.03164922  delta_q: 0.00733985  
INFO|2024-09-26 05:23:26: 	ZTest: PQ_Vm_rmse: 0.00110019  PQ_Va_rmse: 0.00724835  PV_Va_rmse: 0.00809278  delta_p: 0.01600329  delta_q: 0.00814019  
INFO|2024-09-26 05:23:26: 	ZTest-ema: PQ_Vm_rmse: 0.000917  PQ_Va_rmse: 0.007844  PV_Va_rmse: 0.008747  delta_p: 0.017836  delta_q: 0.004294  
INFO|2024-09-26 05:23:26: 	           ValOfEMA:0.008747/0.008643,  Epoch:29/28
INFO|2024-09-26 05:23:27: 	Time(ep):813s,  Val(curr/best):0.008093/0.008093,  Epoch(curr/best):29/29
INFO|2024-09-26 05:23:27: -------------------- Epoch: 30 --------------------
INFO|2024-09-26 05:24:38: Epoch[030/100], iter[040/392], loss_total:0.48585, loss_equ:1.68932 loss_pq_vm:0.01652 loss_pq_va:0.06977 loss_pv_va:0.08196
INFO|2024-09-26 05:25:47: Epoch[030/100], iter[079/392], loss_total:0.51068, loss_equ:1.83293 loss_pq_vm:0.01441 loss_pq_va:0.08514 loss_pv_va:0.09816
INFO|2024-09-26 05:26:55: Epoch[030/100], iter[118/392], loss_total:0.38348, loss_equ:1.65469 loss_pq_vm:0.00876 loss_pq_va:0.06027 loss_pv_va:0.07009
INFO|2024-09-26 05:28:03: Epoch[030/100], iter[157/392], loss_total:0.46725, loss_equ:1.73525 loss_pq_vm:0.01112 loss_pq_va:0.08719 loss_pv_va:0.09538
INFO|2024-09-26 05:29:11: Epoch[030/100], iter[196/392], loss_total:0.48844, loss_equ:1.76654 loss_pq_vm:0.01658 loss_pq_va:0.06750 loss_pv_va:0.07851
INFO|2024-09-26 05:30:18: Epoch[030/100], iter[235/392], loss_total:0.42887, loss_equ:1.40963 loss_pq_vm:0.00980 loss_pq_va:0.08892 loss_pv_va:0.10101
INFO|2024-09-26 05:31:26: Epoch[030/100], iter[274/392], loss_total:0.39014, loss_equ:1.62876 loss_pq_vm:0.00898 loss_pq_va:0.06820 loss_pv_va:0.06928
INFO|2024-09-26 05:32:34: Epoch[030/100], iter[313/392], loss_total:0.39037, loss_equ:1.51256 loss_pq_vm:0.01223 loss_pq_va:0.05447 loss_pv_va:0.06237
INFO|2024-09-26 05:33:42: Epoch[030/100], iter[352/392], loss_total:0.37037, loss_equ:1.52205 loss_pq_vm:0.01079 loss_pq_va:0.05175 loss_pv_va:0.05848
INFO|2024-09-26 05:34:52: Epoch[030/100], iter[392/392], loss_total:0.43498, loss_equ:1.50835 loss_pq_vm:0.01035 loss_pq_va:0.08165 loss_pv_va:0.09899
INFO|2024-09-26 05:37:00: Epoch 29/100, lr:  0.00079595, eta: 15.8h, train_loss:  0.42272, valid_loss:  0.56655
INFO|2024-09-26 05:37:00: 	Train: PQ_Vm_rmse: 0.00055450  PQ_Va_rmse: 0.00289285  PV_Va_rmse: 0.00316677  delta_p: 0.02803177  delta_q: 0.00839686  
INFO|2024-09-26 05:37:00: 	ZTest: PQ_Vm_rmse: 0.00136020  PQ_Va_rmse: 0.01326893  PV_Va_rmse: 0.01532681  delta_p: 0.03457356  delta_q: 0.01227732  
INFO|2024-09-26 05:37:00: 	ZTest-ema: PQ_Vm_rmse: 0.000907  PQ_Va_rmse: 0.007706  PV_Va_rmse: 0.008586  delta_p: 0.013281  delta_q: 0.004540  
INFO|2024-09-26 05:37:00: 	           ValOfEMA:0.008586/0.008586,  Epoch:30/30
INFO|2024-09-26 05:37:01: 	Time(ep):812s,  Val(curr/best):0.015327/0.008093,  Epoch(curr/best):30/29
INFO|2024-09-26 05:37:01: -------------------- Epoch: 31 --------------------
INFO|2024-09-26 05:38:12: Epoch[031/100], iter[040/392], loss_total:0.38167, loss_equ:1.46415 loss_pq_vm:0.00915 loss_pq_va:0.06671 loss_pv_va:0.07702
INFO|2024-09-26 05:39:20: Epoch[031/100], iter[079/392], loss_total:0.40884, loss_equ:1.39121 loss_pq_vm:0.01313 loss_pq_va:0.06454 loss_pv_va:0.07383
INFO|2024-09-26 05:40:28: Epoch[031/100], iter[118/392], loss_total:0.45345, loss_equ:1.77484 loss_pq_vm:0.01234 loss_pq_va:0.07281 loss_pv_va:0.07974
INFO|2024-09-26 05:41:36: Epoch[031/100], iter[157/392], loss_total:0.66168, loss_equ:2.58466 loss_pq_vm:0.01770 loss_pq_va:0.10076 loss_pv_va:0.12542
INFO|2024-09-26 05:42:43: Epoch[031/100], iter[196/392], loss_total:0.45218, loss_equ:1.98329 loss_pq_vm:0.01125 loss_pq_va:0.06275 loss_pv_va:0.07861
INFO|2024-09-26 05:43:51: Epoch[031/100], iter[235/392], loss_total:0.50528, loss_equ:1.88788 loss_pq_vm:0.01167 loss_pq_va:0.09519 loss_pv_va:0.10462
INFO|2024-09-26 05:44:59: Epoch[031/100], iter[274/392], loss_total:0.46670, loss_equ:1.52879 loss_pq_vm:0.01555 loss_pq_va:0.07406 loss_pv_va:0.08425
INFO|2024-09-26 05:46:07: Epoch[031/100], iter[313/392], loss_total:0.38025, loss_equ:1.41304 loss_pq_vm:0.00920 loss_pq_va:0.06734 loss_pv_va:0.07964
INFO|2024-09-26 05:47:14: Epoch[031/100], iter[352/392], loss_total:0.43650, loss_equ:1.45026 loss_pq_vm:0.01035 loss_pq_va:0.08571 loss_pv_va:0.10222
INFO|2024-09-26 05:48:24: Epoch[031/100], iter[392/392], loss_total:0.34772, loss_equ:1.34757 loss_pq_vm:0.00820 loss_pq_va:0.06170 loss_pv_va:0.06922
INFO|2024-09-26 05:50:32: Epoch 30/100, lr:  0.00078323, eta: 15.55h, train_loss:  0.44717, valid_loss:  0.48482
INFO|2024-09-26 05:50:32: 	Train: PQ_Vm_rmse: 0.00058834  PQ_Va_rmse: 0.00304648  PV_Va_rmse: 0.00333296  delta_p: 0.02641772  delta_q: 0.00878176  
INFO|2024-09-26 05:50:32: 	ZTest: PQ_Vm_rmse: 0.00102548  PQ_Va_rmse: 0.00849064  PV_Va_rmse: 0.00957254  delta_p: 0.01739738  delta_q: 0.00771273  
INFO|2024-09-26 05:50:32: 	ZTest-ema: PQ_Vm_rmse: 0.000928  PQ_Va_rmse: 0.007849  PV_Va_rmse: 0.008769  delta_p: 0.009805  delta_q: 0.004202  
INFO|2024-09-26 05:50:32: 	           ValOfEMA:0.008769/0.008586,  Epoch:31/30
INFO|2024-09-26 05:50:33: 	Time(ep):811s,  Val(curr/best):0.009573/0.008093,  Epoch(curr/best):31/29
INFO|2024-09-26 05:50:33: -------------------- Epoch: 32 --------------------
INFO|2024-09-26 05:51:44: Epoch[032/100], iter[040/392], loss_total:0.48832, loss_equ:1.84651 loss_pq_vm:0.01115 loss_pq_va:0.08684 loss_pv_va:0.10537
INFO|2024-09-26 05:52:52: Epoch[032/100], iter[079/392], loss_total:0.48367, loss_equ:1.92508 loss_pq_vm:0.01454 loss_pq_va:0.06134 loss_pv_va:0.08447
INFO|2024-09-26 05:54:00: Epoch[032/100], iter[118/392], loss_total:0.49180, loss_equ:1.79338 loss_pq_vm:0.01272 loss_pq_va:0.08691 loss_pv_va:0.09833
INFO|2024-09-26 05:55:08: Epoch[032/100], iter[157/392], loss_total:0.53271, loss_equ:1.44503 loss_pq_vm:0.01497 loss_pq_va:0.11315 loss_pv_va:0.12538
INFO|2024-09-26 05:56:15: Epoch[032/100], iter[196/392], loss_total:0.46406, loss_equ:1.41425 loss_pq_vm:0.01038 loss_pq_va:0.10135 loss_pv_va:0.11752
INFO|2024-09-26 05:57:23: Epoch[032/100], iter[235/392], loss_total:0.37087, loss_equ:1.27871 loss_pq_vm:0.00843 loss_pq_va:0.07430 loss_pv_va:0.08441
INFO|2024-09-26 05:58:31: Epoch[032/100], iter[274/392], loss_total:0.37630, loss_equ:1.31071 loss_pq_vm:0.01098 loss_pq_va:0.06238 loss_pv_va:0.07304
INFO|2024-09-26 05:59:39: Epoch[032/100], iter[313/392], loss_total:0.34705, loss_equ:1.27662 loss_pq_vm:0.01129 loss_pq_va:0.04940 loss_pv_va:0.05708
INFO|2024-09-26 06:00:47: Epoch[032/100], iter[352/392], loss_total:0.37448, loss_equ:1.49164 loss_pq_vm:0.01036 loss_pq_va:0.05705 loss_pv_va:0.06470
INFO|2024-09-26 06:01:56: Epoch[032/100], iter[392/392], loss_total:0.42228, loss_equ:1.47785 loss_pq_vm:0.01088 loss_pq_va:0.07914 loss_pv_va:0.08653
INFO|2024-09-26 06:04:05: Epoch 31/100, lr:  0.00077023, eta: 15.33h, train_loss:  0.40172, valid_loss:  0.49981
INFO|2024-09-26 06:04:05: 	Train: PQ_Vm_rmse: 0.00052203  PQ_Va_rmse: 0.00297101  PV_Va_rmse: 0.00317555  delta_p: 0.02284480  delta_q: 0.00712728  
INFO|2024-09-26 06:04:05: 	ZTest: PQ_Vm_rmse: 0.00101311  PQ_Va_rmse: 0.00856644  PV_Va_rmse: 0.00978964  delta_p: 0.01390358  delta_q: 0.00589333  
INFO|2024-09-26 06:04:05: 	ZTest-ema: PQ_Vm_rmse: 0.000900  PQ_Va_rmse: 0.007601  PV_Va_rmse: 0.008509  delta_p: 0.008648  delta_q: 0.003923  
INFO|2024-09-26 06:04:05: 	           ValOfEMA:0.008509/0.008509,  Epoch:32/32
INFO|2024-09-26 06:04:06: 	Time(ep):811s,  Val(curr/best):0.009790/0.008093,  Epoch(curr/best):32/29
INFO|2024-09-26 06:04:06: -------------------- Epoch: 33 --------------------
INFO|2024-09-26 06:05:17: Epoch[033/100], iter[040/392], loss_total:0.33184, loss_equ:1.27086 loss_pq_vm:0.00855 loss_pq_va:0.05569 loss_pv_va:0.06355
INFO|2024-09-26 06:06:24: Epoch[033/100], iter[079/392], loss_total:0.46134, loss_equ:2.07365 loss_pq_vm:0.01090 loss_pq_va:0.06681 loss_pv_va:0.07812
INFO|2024-09-26 06:07:32: Epoch[033/100], iter[118/392], loss_total:0.43047, loss_equ:1.76011 loss_pq_vm:0.00993 loss_pq_va:0.07139 loss_pv_va:0.08377
INFO|2024-09-26 06:08:40: Epoch[033/100], iter[157/392], loss_total:0.34913, loss_equ:1.39766 loss_pq_vm:0.00995 loss_pq_va:0.04987 loss_pv_va:0.05997
INFO|2024-09-26 06:09:48: Epoch[033/100], iter[196/392], loss_total:0.38087, loss_equ:1.28747 loss_pq_vm:0.01041 loss_pq_va:0.06665 loss_pv_va:0.08137
INFO|2024-09-26 06:10:55: Epoch[033/100], iter[235/392], loss_total:0.39264, loss_equ:1.57054 loss_pq_vm:0.01020 loss_pq_va:0.06135 loss_pv_va:0.07220
INFO|2024-09-26 06:12:03: Epoch[033/100], iter[274/392], loss_total:0.39676, loss_equ:1.54722 loss_pq_vm:0.00988 loss_pq_va:0.07061 loss_pv_va:0.07258
INFO|2024-09-26 06:13:11: Epoch[033/100], iter[313/392], loss_total:0.39698, loss_equ:1.47289 loss_pq_vm:0.00899 loss_pq_va:0.07425 loss_pv_va:0.08552
INFO|2024-09-26 06:14:19: Epoch[033/100], iter[352/392], loss_total:0.51405, loss_equ:1.73027 loss_pq_vm:0.01162 loss_pq_va:0.09942 loss_pv_va:0.12544
INFO|2024-09-26 06:15:29: Epoch[033/100], iter[392/392], loss_total:0.38834, loss_equ:1.53132 loss_pq_vm:0.00842 loss_pq_va:0.07035 loss_pv_va:0.08066
INFO|2024-09-26 06:17:38: Epoch 32/100, lr:  0.00075698, eta: 15.11h, train_loss:  0.40551, valid_loss:  0.53879
INFO|2024-09-26 06:17:38: 	Train: PQ_Vm_rmse: 0.00045847  PQ_Va_rmse: 0.00274470  PV_Va_rmse: 0.00304565  delta_p: 0.02406430  delta_q: 0.00694387  
INFO|2024-09-26 06:17:38: 	ZTest: PQ_Vm_rmse: 0.00109610  PQ_Va_rmse: 0.00831513  PV_Va_rmse: 0.00934347  delta_p: 0.02569591  delta_q: 0.00937183  
INFO|2024-09-26 06:17:38: 	ZTest-ema: PQ_Vm_rmse: 0.000873  PQ_Va_rmse: 0.007348  PV_Va_rmse: 0.008222  delta_p: 0.016016  delta_q: 0.004030  
INFO|2024-09-26 06:17:38: 	           ValOfEMA:0.008222/0.008222,  Epoch:33/33
INFO|2024-09-26 06:17:39: 	Time(ep):811s,  Val(curr/best):0.009343/0.008093,  Epoch(curr/best):33/29
INFO|2024-09-26 06:17:39: -------------------- Epoch: 34 --------------------
INFO|2024-09-26 06:18:50: Epoch[034/100], iter[040/392], loss_total:0.33703, loss_equ:1.35353 loss_pq_vm:0.00816 loss_pq_va:0.05212 loss_pv_va:0.06793
INFO|2024-09-26 06:19:58: Epoch[034/100], iter[079/392], loss_total:0.41528, loss_equ:1.34405 loss_pq_vm:0.01456 loss_pq_va:0.06524 loss_pv_va:0.07004
INFO|2024-09-26 06:21:06: Epoch[034/100], iter[118/392], loss_total:0.36299, loss_equ:1.31938 loss_pq_vm:0.00879 loss_pq_va:0.06480 loss_pv_va:0.07836
INFO|2024-09-26 06:22:14: Epoch[034/100], iter[157/392], loss_total:0.32842, loss_equ:1.33779 loss_pq_vm:0.00917 loss_pq_va:0.04739 loss_pv_va:0.05555
INFO|2024-09-26 06:23:21: Epoch[034/100], iter[196/392], loss_total:0.42796, loss_equ:1.43096 loss_pq_vm:0.01288 loss_pq_va:0.07263 loss_pv_va:0.08340
INFO|2024-09-26 06:24:29: Epoch[034/100], iter[235/392], loss_total:0.35335, loss_equ:1.34084 loss_pq_vm:0.01022 loss_pq_va:0.05435 loss_pv_va:0.06272
INFO|2024-09-26 06:25:37: Epoch[034/100], iter[274/392], loss_total:0.33810, loss_equ:1.23409 loss_pq_vm:0.00844 loss_pq_va:0.05983 loss_pv_va:0.07051
INFO|2024-09-26 06:26:44: Epoch[034/100], iter[313/392], loss_total:0.35556, loss_equ:1.23848 loss_pq_vm:0.00982 loss_pq_va:0.06480 loss_pv_va:0.06876
INFO|2024-09-26 06:27:52: Epoch[034/100], iter[352/392], loss_total:0.36783, loss_equ:1.35501 loss_pq_vm:0.00912 loss_pq_va:0.06573 loss_pv_va:0.07540
INFO|2024-09-26 06:29:02: Epoch[034/100], iter[392/392], loss_total:0.45090, loss_equ:1.47054 loss_pq_vm:0.01450 loss_pq_va:0.06859 loss_pv_va:0.09027
INFO|2024-09-26 06:31:10: Epoch 33/100, lr:  0.00074347, eta: 14.88h, train_loss:  0.36838, valid_loss:  0.52626
INFO|2024-09-26 06:31:10: 	Train: PQ_Vm_rmse: 0.00042337  PQ_Va_rmse: 0.00281362  PV_Va_rmse: 0.00307549  delta_p: 0.02001941  delta_q: 0.00587421  
INFO|2024-09-26 06:31:10: 	ZTest: PQ_Vm_rmse: 0.00132293  PQ_Va_rmse: 0.00710139  PV_Va_rmse: 0.00806397  delta_p: 0.02637460  delta_q: 0.00858944  
INFO|2024-09-26 06:31:10: 	ZTest-ema: PQ_Vm_rmse: 0.000856  PQ_Va_rmse: 0.007454  PV_Va_rmse: 0.008327  delta_p: 0.008029  delta_q: 0.003535  
INFO|2024-09-26 06:31:10: 	           ValOfEMA:0.008327/0.008222,  Epoch:34/33
INFO|2024-09-26 06:31:12: 	Time(ep):811s,  Val(curr/best):0.008064/0.008064,  Epoch(curr/best):34/34
INFO|2024-09-26 06:31:12: -------------------- Epoch: 35 --------------------
INFO|2024-09-26 06:32:23: Epoch[035/100], iter[040/392], loss_total:0.44707, loss_equ:1.66442 loss_pq_vm:0.01139 loss_pq_va:0.08034 loss_pv_va:0.08643
INFO|2024-09-26 06:33:31: Epoch[035/100], iter[079/392], loss_total:0.42915, loss_equ:1.62464 loss_pq_vm:0.00951 loss_pq_va:0.07779 loss_pv_va:0.09375
INFO|2024-09-26 06:34:39: Epoch[035/100], iter[118/392], loss_total:0.37951, loss_equ:1.47038 loss_pq_vm:0.01100 loss_pq_va:0.05631 loss_pv_va:0.06612
INFO|2024-09-26 06:35:47: Epoch[035/100], iter[157/392], loss_total:0.37824, loss_equ:1.33956 loss_pq_vm:0.00826 loss_pq_va:0.07539 loss_pv_va:0.08628
INFO|2024-09-26 06:36:54: Epoch[035/100], iter[196/392], loss_total:0.34070, loss_equ:1.33003 loss_pq_vm:0.00936 loss_pq_va:0.05225 loss_pv_va:0.06186
INFO|2024-09-26 06:38:02: Epoch[035/100], iter[235/392], loss_total:0.40956, loss_equ:1.50856 loss_pq_vm:0.00942 loss_pq_va:0.07631 loss_pv_va:0.08818
INFO|2024-09-26 06:39:10: Epoch[035/100], iter[274/392], loss_total:0.30887, loss_equ:1.23763 loss_pq_vm:0.00840 loss_pq_va:0.04623 loss_pv_va:0.05484
INFO|2024-09-26 06:40:18: Epoch[035/100], iter[313/392], loss_total:0.39625, loss_equ:1.28749 loss_pq_vm:0.00805 loss_pq_va:0.08869 loss_pv_va:0.09830
INFO|2024-09-26 06:41:26: Epoch[035/100], iter[352/392], loss_total:0.59503, loss_equ:2.12469 loss_pq_vm:0.01495 loss_pq_va:0.11251 loss_pv_va:0.12060
INFO|2024-09-26 06:42:35: Epoch[035/100], iter[392/392], loss_total:0.34332, loss_equ:1.48462 loss_pq_vm:0.00862 loss_pq_va:0.05073 loss_pv_va:0.05789
INFO|2024-09-26 06:44:43: Epoch 34/100, lr:  0.00072973, eta: 14.65h, train_loss:  0.40910, valid_loss:  0.48201
INFO|2024-09-26 06:44:43: 	Train: PQ_Vm_rmse: 0.00041537  PQ_Va_rmse: 0.00259984  PV_Va_rmse: 0.00284104  delta_p: 0.02636825  delta_q: 0.00715359  
INFO|2024-09-26 06:44:43: 	ZTest: PQ_Vm_rmse: 0.00088042  PQ_Va_rmse: 0.00790597  PV_Va_rmse: 0.00898981  delta_p: 0.01357369  delta_q: 0.00749269  
INFO|2024-09-26 06:44:43: 	ZTest-ema: PQ_Vm_rmse: 0.000875  PQ_Va_rmse: 0.007830  PV_Va_rmse: 0.008734  delta_p: 0.009359  delta_q: 0.003649  
INFO|2024-09-26 06:44:43: 	           ValOfEMA:0.008734/0.008222,  Epoch:35/33
INFO|2024-09-26 06:44:44: 	Time(ep):811s,  Val(curr/best):0.008990/0.008064,  Epoch(curr/best):35/34
INFO|2024-09-26 06:44:44: -------------------- Epoch: 36 --------------------
INFO|2024-09-26 06:45:55: Epoch[036/100], iter[040/392], loss_total:0.36184, loss_equ:1.31271 loss_pq_vm:0.01245 loss_pq_va:0.04925 loss_pv_va:0.05686
INFO|2024-09-26 06:47:02: Epoch[036/100], iter[079/392], loss_total:0.32639, loss_equ:1.23489 loss_pq_vm:0.00926 loss_pq_va:0.05001 loss_pv_va:0.06025
INFO|2024-09-26 06:48:10: Epoch[036/100], iter[118/392], loss_total:0.40247, loss_equ:1.93474 loss_pq_vm:0.00862 loss_pq_va:0.05830 loss_pv_va:0.06450
INFO|2024-09-26 06:49:18: Epoch[036/100], iter[157/392], loss_total:0.35675, loss_equ:1.52227 loss_pq_vm:0.00792 loss_pq_va:0.05571 loss_pv_va:0.06963
INFO|2024-09-26 06:50:25: Epoch[036/100], iter[196/392], loss_total:0.36586, loss_equ:1.44842 loss_pq_vm:0.00809 loss_pq_va:0.06732 loss_pv_va:0.07276
INFO|2024-09-26 06:51:33: Epoch[036/100], iter[235/392], loss_total:0.37759, loss_equ:1.26870 loss_pq_vm:0.00789 loss_pq_va:0.08124 loss_pv_va:0.09053
INFO|2024-09-26 06:52:40: Epoch[036/100], iter[274/392], loss_total:0.31162, loss_equ:1.24043 loss_pq_vm:0.00818 loss_pq_va:0.04920 loss_pv_va:0.05655
INFO|2024-09-26 06:53:48: Epoch[036/100], iter[313/392], loss_total:0.31546, loss_equ:1.31092 loss_pq_vm:0.00770 loss_pq_va:0.05136 loss_pv_va:0.05597
INFO|2024-09-26 06:54:56: Epoch[036/100], iter[352/392], loss_total:0.33391, loss_equ:1.43742 loss_pq_vm:0.00832 loss_pq_va:0.04795 loss_pv_va:0.05898
INFO|2024-09-26 06:56:06: Epoch[036/100], iter[392/392], loss_total:0.34857, loss_equ:1.30082 loss_pq_vm:0.01035 loss_pq_va:0.05235 loss_pv_va:0.06268
INFO|2024-09-26 06:58:15: Epoch 35/100, lr:  0.00071576, eta: 14.41h, train_loss:  0.35457, valid_loss:  0.48779
INFO|2024-09-26 06:58:15: 	Train: PQ_Vm_rmse: 0.00035343  PQ_Va_rmse: 0.00218162  PV_Va_rmse: 0.00235560  delta_p: 0.02490455  delta_q: 0.00573567  
INFO|2024-09-26 06:58:15: 	ZTest: PQ_Vm_rmse: 0.00105799  PQ_Va_rmse: 0.01014543  PV_Va_rmse: 0.01139493  delta_p: 0.02363942  delta_q: 0.00819939  
INFO|2024-09-26 06:58:15: 	ZTest-ema: PQ_Vm_rmse: 0.000860  PQ_Va_rmse: 0.007666  PV_Va_rmse: 0.008536  delta_p: 0.010641  delta_q: 0.003468  
INFO|2024-09-26 06:58:15: 	           ValOfEMA:0.008536/0.008222,  Epoch:36/33
INFO|2024-09-26 06:58:15: 	Time(ep):810s,  Val(curr/best):0.011395/0.008064,  Epoch(curr/best):36/34
INFO|2024-09-26 06:58:15: -------------------- Epoch: 37 --------------------
INFO|2024-09-26 06:59:26: Epoch[037/100], iter[040/392], loss_total:0.34616, loss_equ:1.30142 loss_pq_vm:0.00799 loss_pq_va:0.06421 loss_pv_va:0.07186
INFO|2024-09-26 07:00:34: Epoch[037/100], iter[079/392], loss_total:0.32002, loss_equ:1.21813 loss_pq_vm:0.00900 loss_pq_va:0.05115 loss_pv_va:0.05707
INFO|2024-09-26 07:01:42: Epoch[037/100], iter[118/392], loss_total:0.44664, loss_equ:1.29625 loss_pq_vm:0.00875 loss_pq_va:0.10795 loss_pv_va:0.12153
INFO|2024-09-26 07:02:50: Epoch[037/100], iter[157/392], loss_total:0.30078, loss_equ:1.21114 loss_pq_vm:0.00774 loss_pq_va:0.04861 loss_pv_va:0.05370
INFO|2024-09-26 07:03:58: Epoch[037/100], iter[196/392], loss_total:0.40058, loss_equ:1.89005 loss_pq_vm:0.00945 loss_pq_va:0.04913 loss_pv_va:0.06796
INFO|2024-09-26 07:05:05: Epoch[037/100], iter[235/392], loss_total:0.48970, loss_equ:1.99849 loss_pq_vm:0.01389 loss_pq_va:0.07184 loss_pv_va:0.07913
INFO|2024-09-26 07:06:13: Epoch[037/100], iter[274/392], loss_total:0.32956, loss_equ:1.39894 loss_pq_vm:0.00791 loss_pq_va:0.05068 loss_pv_va:0.05984
INFO|2024-09-26 07:07:21: Epoch[037/100], iter[313/392], loss_total:0.33493, loss_equ:1.27389 loss_pq_vm:0.01067 loss_pq_va:0.04628 loss_pv_va:0.05459
INFO|2024-09-26 07:08:28: Epoch[037/100], iter[352/392], loss_total:0.30720, loss_equ:1.17599 loss_pq_vm:0.00824 loss_pq_va:0.04946 loss_pv_va:0.05771
INFO|2024-09-26 07:09:38: Epoch[037/100], iter[392/392], loss_total:0.42925, loss_equ:1.91624 loss_pq_vm:0.01069 loss_pq_va:0.05442 loss_pv_va:0.07632
INFO|2024-09-26 07:11:46: Epoch 36/100, lr:  0.00070159, eta: 14.19h, train_loss:  0.36660, valid_loss:  0.54590
INFO|2024-09-26 07:11:46: 	Train: PQ_Vm_rmse: 0.00035738  PQ_Va_rmse: 0.00210517  PV_Va_rmse: 0.00232916  delta_p: 0.02754760  delta_q: 0.00642570  
INFO|2024-09-26 07:11:46: 	ZTest: PQ_Vm_rmse: 0.00097591  PQ_Va_rmse: 0.00867816  PV_Va_rmse: 0.00989646  delta_p: 0.02493467  delta_q: 0.01360743  
INFO|2024-09-26 07:11:46: 	ZTest-ema: PQ_Vm_rmse: 0.000855  PQ_Va_rmse: 0.007473  PV_Va_rmse: 0.008314  delta_p: 0.010513  delta_q: 0.003559  
INFO|2024-09-26 07:11:46: 	           ValOfEMA:0.008314/0.008222,  Epoch:37/33
INFO|2024-09-26 07:11:47: 	Time(ep):810s,  Val(curr/best):0.009896/0.008064,  Epoch(curr/best):37/34
INFO|2024-09-26 07:11:47: -------------------- Epoch: 38 --------------------
INFO|2024-09-26 07:12:58: Epoch[038/100], iter[040/392], loss_total:0.35856, loss_equ:1.51714 loss_pq_vm:0.01003 loss_pq_va:0.04759 loss_pv_va:0.05897
INFO|2024-09-26 07:14:05: Epoch[038/100], iter[079/392], loss_total:0.31554, loss_equ:1.35171 loss_pq_vm:0.00800 loss_pq_va:0.04584 loss_pv_va:0.05456
INFO|2024-09-26 07:15:13: Epoch[038/100], iter[118/392], loss_total:0.30456, loss_equ:1.24425 loss_pq_vm:0.00909 loss_pq_va:0.04113 loss_pv_va:0.04807
INFO|2024-09-26 07:16:21: Epoch[038/100], iter[157/392], loss_total:0.28579, loss_equ:1.20091 loss_pq_vm:0.00688 loss_pq_va:0.04449 loss_pv_va:0.05245
INFO|2024-09-26 07:17:29: Epoch[038/100], iter[196/392], loss_total:0.30491, loss_equ:1.19423 loss_pq_vm:0.00768 loss_pq_va:0.05192 loss_pv_va:0.05679
INFO|2024-09-26 07:18:37: Epoch[038/100], iter[235/392], loss_total:0.35192, loss_equ:1.74141 loss_pq_vm:0.00735 loss_pq_va:0.04708 loss_pv_va:0.05719
INFO|2024-09-26 07:19:45: Epoch[038/100], iter[274/392], loss_total:0.46555, loss_equ:1.96431 loss_pq_vm:0.01260 loss_pq_va:0.06010 loss_pv_va:0.08297
INFO|2024-09-26 07:20:52: Epoch[038/100], iter[313/392], loss_total:0.43848, loss_equ:1.63218 loss_pq_vm:0.01036 loss_pq_va:0.08419 loss_pv_va:0.08747
INFO|2024-09-26 07:22:00: Epoch[038/100], iter[352/392], loss_total:0.40359, loss_equ:1.45421 loss_pq_vm:0.00857 loss_pq_va:0.08388 loss_pv_va:0.08856
INFO|2024-09-26 07:23:09: Epoch[038/100], iter[392/392], loss_total:0.37681, loss_equ:1.37757 loss_pq_vm:0.01009 loss_pq_va:0.06522 loss_pv_va:0.07297
INFO|2024-09-26 07:25:18: Epoch 37/100, lr:  0.00068722, eta: 13.97h, train_loss:  0.38074, valid_loss:  0.51951
INFO|2024-09-26 07:25:18: 	Train: PQ_Vm_rmse: 0.00035494  PQ_Va_rmse: 0.00238371  PV_Va_rmse: 0.00251470  delta_p: 0.02594057  delta_q: 0.00672650  
INFO|2024-09-26 07:25:18: 	ZTest: PQ_Vm_rmse: 0.00109468  PQ_Va_rmse: 0.01035203  PV_Va_rmse: 0.01156847  delta_p: 0.02227812  delta_q: 0.00787735  
INFO|2024-09-26 07:25:18: 	ZTest-ema: PQ_Vm_rmse: 0.000874  PQ_Va_rmse: 0.007427  PV_Va_rmse: 0.008280  delta_p: 0.017400  delta_q: 0.004078  
INFO|2024-09-26 07:25:18: 	           ValOfEMA:0.008280/0.008222,  Epoch:38/33
INFO|2024-09-26 07:25:19: 	Time(ep):810s,  Val(curr/best):0.011568/0.008064,  Epoch(curr/best):38/34
INFO|2024-09-26 07:25:19: -------------------- Epoch: 39 --------------------
INFO|2024-09-26 07:26:29: Epoch[039/100], iter[040/392], loss_total:0.31823, loss_equ:1.32200 loss_pq_vm:0.00820 loss_pq_va:0.04785 loss_pv_va:0.05621
INFO|2024-09-26 07:27:37: Epoch[039/100], iter[079/392], loss_total:0.33328, loss_equ:1.25632 loss_pq_vm:0.00736 loss_pq_va:0.06165 loss_pv_va:0.07244
INFO|2024-09-26 07:28:45: Epoch[039/100], iter[118/392], loss_total:0.34487, loss_equ:1.26453 loss_pq_vm:0.00796 loss_pq_va:0.06592 loss_pv_va:0.07290
INFO|2024-09-26 07:29:52: Epoch[039/100], iter[157/392], loss_total:0.31255, loss_equ:1.33270 loss_pq_vm:0.00744 loss_pq_va:0.04836 loss_pv_va:0.05653
INFO|2024-09-26 07:31:01: Epoch[039/100], iter[196/392], loss_total:0.54279, loss_equ:1.69580 loss_pq_vm:0.01115 loss_pq_va:0.12608 loss_pv_va:0.13563
INFO|2024-09-26 07:32:08: Epoch[039/100], iter[235/392], loss_total:0.35479, loss_equ:1.46631 loss_pq_vm:0.00849 loss_pq_va:0.05713 loss_pv_va:0.06617
INFO|2024-09-26 07:33:16: Epoch[039/100], iter[274/392], loss_total:0.30674, loss_equ:1.18207 loss_pq_vm:0.00660 loss_pq_va:0.05770 loss_pv_va:0.06486
INFO|2024-09-26 07:34:24: Epoch[039/100], iter[313/392], loss_total:0.34471, loss_equ:1.32837 loss_pq_vm:0.01199 loss_pq_va:0.04325 loss_pv_va:0.04874
INFO|2024-09-26 07:35:31: Epoch[039/100], iter[352/392], loss_total:0.36049, loss_equ:1.46976 loss_pq_vm:0.01117 loss_pq_va:0.04580 loss_pv_va:0.05603
INFO|2024-09-26 07:36:41: Epoch[039/100], iter[392/392], loss_total:0.36906, loss_equ:1.22417 loss_pq_vm:0.00759 loss_pq_va:0.07824 loss_pv_va:0.09254
INFO|2024-09-26 07:38:49: Epoch 38/100, lr:  0.00067268, eta: 13.73h, train_loss:  0.36722, valid_loss:  0.54168
INFO|2024-09-26 07:38:49: 	Train: PQ_Vm_rmse: 0.00037554  PQ_Va_rmse: 0.00264292  PV_Va_rmse: 0.00280943  delta_p: 0.02216027  delta_q: 0.00564010  
INFO|2024-09-26 07:38:49: 	ZTest: PQ_Vm_rmse: 0.00097376  PQ_Va_rmse: 0.01062609  PV_Va_rmse: 0.01176219  delta_p: 0.01586602  delta_q: 0.00630890  
INFO|2024-09-26 07:38:49: 	ZTest-ema: PQ_Vm_rmse: 0.000859  PQ_Va_rmse: 0.007435  PV_Va_rmse: 0.008279  delta_p: 0.008800  delta_q: 0.003642  
INFO|2024-09-26 07:38:49: 	           ValOfEMA:0.008279/0.008222,  Epoch:39/33
INFO|2024-09-26 07:38:50: 	Time(ep):810s,  Val(curr/best):0.011762/0.008064,  Epoch(curr/best):39/34
INFO|2024-09-26 07:38:50: -------------------- Epoch: 40 --------------------
INFO|2024-09-26 07:40:01: Epoch[040/100], iter[040/392], loss_total:0.44884, loss_equ:1.83992 loss_pq_vm:0.01048 loss_pq_va:0.07466 loss_pv_va:0.08544
INFO|2024-09-26 07:41:09: Epoch[040/100], iter[079/392], loss_total:0.34781, loss_equ:1.38118 loss_pq_vm:0.00903 loss_pq_va:0.05414 loss_pv_va:0.06528
INFO|2024-09-26 07:42:17: Epoch[040/100], iter[118/392], loss_total:0.37465, loss_equ:1.30040 loss_pq_vm:0.00818 loss_pq_va:0.07526 loss_pv_va:0.08754
INFO|2024-09-26 07:43:24: Epoch[040/100], iter[157/392], loss_total:0.30406, loss_equ:1.18545 loss_pq_vm:0.00843 loss_pq_va:0.04669 loss_pv_va:0.05455
INFO|2024-09-26 07:44:32: Epoch[040/100], iter[196/392], loss_total:0.30542, loss_equ:1.25219 loss_pq_vm:0.00754 loss_pq_va:0.04833 loss_pv_va:0.05646
INFO|2024-09-26 07:45:39: Epoch[040/100], iter[235/392], loss_total:0.34996, loss_equ:1.24173 loss_pq_vm:0.01003 loss_pq_va:0.05780 loss_pv_va:0.06766
INFO|2024-09-26 07:46:47: Epoch[040/100], iter[274/392], loss_total:0.31952, loss_equ:1.23872 loss_pq_vm:0.00904 loss_pq_va:0.04798 loss_pv_va:0.05729
INFO|2024-09-26 07:47:54: Epoch[040/100], iter[313/392], loss_total:0.37406, loss_equ:1.23127 loss_pq_vm:0.01334 loss_pq_va:0.05401 loss_pv_va:0.06351
INFO|2024-09-26 07:49:02: Epoch[040/100], iter[352/392], loss_total:0.34515, loss_equ:1.25781 loss_pq_vm:0.00919 loss_pq_va:0.06341 loss_pv_va:0.06411
INFO|2024-09-26 07:50:12: Epoch[040/100], iter[392/392], loss_total:0.35622, loss_equ:1.39191 loss_pq_vm:0.00922 loss_pq_va:0.05520 loss_pv_va:0.06961
INFO|2024-09-26 07:52:20: Epoch 39/100, lr:  0.00065796, eta: 13.5h, train_loss:  0.37054, valid_loss:  0.44333
INFO|2024-09-26 07:52:20: 	Train: PQ_Vm_rmse: 0.00043765  PQ_Va_rmse: 0.00281895  PV_Va_rmse: 0.00310763  delta_p: 0.01746323  delta_q: 0.00739527  
INFO|2024-09-26 07:52:20: 	ZTest: PQ_Vm_rmse: 0.00084495  PQ_Va_rmse: 0.00700461  PV_Va_rmse: 0.00775616  delta_p: 0.01321215  delta_q: 0.00520488  
INFO|2024-09-26 07:52:20: 	ZTest-ema: PQ_Vm_rmse: 0.000855  PQ_Va_rmse: 0.007322  PV_Va_rmse: 0.008132  delta_p: 0.007948  delta_q: 0.003445  
INFO|2024-09-26 07:52:20: 	           ValOfEMA:0.008132/0.008132,  Epoch:40/40
INFO|2024-09-26 07:52:21: 	Time(ep):810s,  Val(curr/best):0.007756/0.007756,  Epoch(curr/best):40/40
INFO|2024-09-26 07:52:21: -------------------- Epoch: 41 --------------------
INFO|2024-09-26 07:53:32: Epoch[041/100], iter[040/392], loss_total:0.33517, loss_equ:1.33065 loss_pq_vm:0.00879 loss_pq_va:0.05312 loss_pv_va:0.06112
INFO|2024-09-26 07:54:39: Epoch[041/100], iter[079/392], loss_total:0.33097, loss_equ:1.16797 loss_pq_vm:0.00763 loss_pq_va:0.06499 loss_pv_va:0.07291
INFO|2024-09-26 07:55:46: Epoch[041/100], iter[118/392], loss_total:0.32061, loss_equ:1.41803 loss_pq_vm:0.00756 loss_pq_va:0.04607 loss_pv_va:0.05717
INFO|2024-09-26 07:56:54: Epoch[041/100], iter[157/392], loss_total:0.37755, loss_equ:1.52205 loss_pq_vm:0.00991 loss_pq_va:0.05999 loss_pv_va:0.06626
INFO|2024-09-26 07:58:02: Epoch[041/100], iter[196/392], loss_total:0.28570, loss_equ:1.24316 loss_pq_vm:0.00715 loss_pq_va:0.04127 loss_pv_va:0.04861
INFO|2024-09-26 07:59:10: Epoch[041/100], iter[235/392], loss_total:0.35306, loss_equ:1.33957 loss_pq_vm:0.00964 loss_pq_va:0.05799 loss_pv_va:0.06473
INFO|2024-09-26 08:00:18: Epoch[041/100], iter[274/392], loss_total:0.27553, loss_equ:1.14140 loss_pq_vm:0.00723 loss_pq_va:0.04187 loss_pv_va:0.04725
INFO|2024-09-26 08:01:26: Epoch[041/100], iter[313/392], loss_total:0.49193, loss_equ:1.31684 loss_pq_vm:0.00887 loss_pq_va:0.12679 loss_pv_va:0.14477
INFO|2024-09-26 08:02:34: Epoch[041/100], iter[352/392], loss_total:0.45617, loss_equ:1.86585 loss_pq_vm:0.01310 loss_pq_va:0.06215 loss_pv_va:0.07643
INFO|2024-09-26 08:03:43: Epoch[041/100], iter[392/392], loss_total:0.39730, loss_equ:1.62638 loss_pq_vm:0.00877 loss_pq_va:0.07558 loss_pv_va:0.07138
INFO|2024-09-26 08:05:52: Epoch 40/100, lr:  0.00064310, eta: 13.28h, train_loss:  0.34712, valid_loss:  0.48399
INFO|2024-09-26 08:05:52: 	Train: PQ_Vm_rmse: 0.00033852  PQ_Va_rmse: 0.00226480  PV_Va_rmse: 0.00247630  delta_p: 0.02225462  delta_q: 0.00500949  
INFO|2024-09-26 08:05:52: 	ZTest: PQ_Vm_rmse: 0.00078161  PQ_Va_rmse: 0.00608600  PV_Va_rmse: 0.00609802  delta_p: 0.04783570  delta_q: 0.00737418  
INFO|2024-09-26 08:05:52: 	ZTest-ema: PQ_Vm_rmse: 0.000851  PQ_Va_rmse: 0.007461  PV_Va_rmse: 0.008283  delta_p: 0.009900  delta_q: 0.003349  
INFO|2024-09-26 08:05:52: 	           ValOfEMA:0.008283/0.008132,  Epoch:41/40
INFO|2024-09-26 08:05:53: 	Time(ep):810s,  Val(curr/best):0.006098/0.006098,  Epoch(curr/best):41/41
INFO|2024-09-26 08:05:53: -------------------- Epoch: 42 --------------------
INFO|2024-09-26 08:07:04: Epoch[042/100], iter[040/392], loss_total:0.39279, loss_equ:1.36327 loss_pq_vm:0.00830 loss_pq_va:0.08385 loss_pv_va:0.08959
INFO|2024-09-26 08:08:12: Epoch[042/100], iter[079/392], loss_total:0.28632, loss_equ:1.15055 loss_pq_vm:0.00705 loss_pq_va:0.04649 loss_pv_va:0.05433
INFO|2024-09-26 08:09:20: Epoch[042/100], iter[118/392], loss_total:0.39986, loss_equ:1.38474 loss_pq_vm:0.00838 loss_pq_va:0.08055 loss_pv_va:0.09704
INFO|2024-09-26 08:10:27: Epoch[042/100], iter[157/392], loss_total:0.28831, loss_equ:1.19401 loss_pq_vm:0.00676 loss_pq_va:0.04758 loss_pv_va:0.05370
INFO|2024-09-26 08:11:35: Epoch[042/100], iter[196/392], loss_total:0.30278, loss_equ:1.21116 loss_pq_vm:0.00839 loss_pq_va:0.04502 loss_pv_va:0.05274
INFO|2024-09-26 08:12:43: Epoch[042/100], iter[235/392], loss_total:0.33156, loss_equ:1.24551 loss_pq_vm:0.00824 loss_pq_va:0.05608 loss_pv_va:0.06849
INFO|2024-09-26 08:13:51: Epoch[042/100], iter[274/392], loss_total:0.43250, loss_equ:1.26279 loss_pq_vm:0.00852 loss_pq_va:0.10649 loss_pv_va:0.11453
INFO|2024-09-26 08:14:59: Epoch[042/100], iter[313/392], loss_total:0.53894, loss_equ:2.06553 loss_pq_vm:0.01073 loss_pq_va:0.09602 loss_pv_va:0.12910
INFO|2024-09-26 08:16:07: Epoch[042/100], iter[352/392], loss_total:0.49553, loss_equ:2.02608 loss_pq_vm:0.01086 loss_pq_va:0.08983 loss_pv_va:0.09450
INFO|2024-09-26 08:17:16: Epoch[042/100], iter[392/392], loss_total:0.33293, loss_equ:1.47791 loss_pq_vm:0.00810 loss_pq_va:0.04988 loss_pv_va:0.05423
INFO|2024-09-26 08:19:25: Epoch 41/100, lr:  0.00062810, eta: 13.07h, train_loss:  0.37292, valid_loss:  0.48771
INFO|2024-09-26 08:19:25: 	Train: PQ_Vm_rmse: 0.00034356  PQ_Va_rmse: 0.00243889  PV_Va_rmse: 0.00263781  delta_p: 0.01971861  delta_q: 0.00580669  
INFO|2024-09-26 08:19:25: 	ZTest: PQ_Vm_rmse: 0.00107410  PQ_Va_rmse: 0.00872556  PV_Va_rmse: 0.00982564  delta_p: 0.02194779  delta_q: 0.00674518  
INFO|2024-09-26 08:19:25: 	ZTest-ema: PQ_Vm_rmse: 0.000876  PQ_Va_rmse: 0.007654  PV_Va_rmse: 0.008527  delta_p: 0.008625  delta_q: 0.003587  
INFO|2024-09-26 08:19:25: 	           ValOfEMA:0.008527/0.008132,  Epoch:42/40
INFO|2024-09-26 08:19:25: 	Time(ep):811s,  Val(curr/best):0.009826/0.006098,  Epoch(curr/best):42/41
INFO|2024-09-26 08:19:25: -------------------- Epoch: 43 --------------------
INFO|2024-09-26 08:20:36: Epoch[043/100], iter[040/392], loss_total:0.31078, loss_equ:1.16640 loss_pq_vm:0.00698 loss_pq_va:0.05688 loss_pv_va:0.06744
INFO|2024-09-26 08:21:44: Epoch[043/100], iter[079/392], loss_total:0.32349, loss_equ:1.50726 loss_pq_vm:0.00831 loss_pq_va:0.03885 loss_pv_va:0.05086
INFO|2024-09-26 08:22:52: Epoch[043/100], iter[118/392], loss_total:0.38937, loss_equ:1.25569 loss_pq_vm:0.00874 loss_pq_va:0.08053 loss_pv_va:0.09589
INFO|2024-09-26 08:24:00: Epoch[043/100], iter[157/392], loss_total:0.29239, loss_equ:1.14285 loss_pq_vm:0.00690 loss_pq_va:0.05151 loss_pv_va:0.05761
INFO|2024-09-26 08:25:08: Epoch[043/100], iter[196/392], loss_total:0.29729, loss_equ:1.27952 loss_pq_vm:0.00671 loss_pq_va:0.05117 loss_pv_va:0.05107
INFO|2024-09-26 08:26:16: Epoch[043/100], iter[235/392], loss_total:0.43316, loss_equ:1.32021 loss_pq_vm:0.01302 loss_pq_va:0.07994 loss_pv_va:0.09104
INFO|2024-09-26 08:27:24: Epoch[043/100], iter[274/392], loss_total:0.40131, loss_equ:1.48575 loss_pq_vm:0.00991 loss_pq_va:0.07623 loss_pv_va:0.07736
INFO|2024-09-26 08:28:32: Epoch[043/100], iter[313/392], loss_total:0.31683, loss_equ:1.26986 loss_pq_vm:0.00797 loss_pq_va:0.05285 loss_pv_va:0.05726
INFO|2024-09-26 08:29:40: Epoch[043/100], iter[352/392], loss_total:0.29583, loss_equ:1.15143 loss_pq_vm:0.00676 loss_pq_va:0.05272 loss_pv_va:0.06038
INFO|2024-09-26 08:30:50: Epoch[043/100], iter[392/392], loss_total:0.46547, loss_equ:1.72502 loss_pq_vm:0.01204 loss_pq_va:0.07231 loss_pv_va:0.10020
INFO|2024-09-26 08:32:58: Epoch 42/100, lr:  0.00061298, eta: 12.87h, train_loss:  0.32371, valid_loss:  0.56833
INFO|2024-09-26 08:32:58: 	Train: PQ_Vm_rmse: 0.00030993  PQ_Va_rmse: 0.00207407  PV_Va_rmse: 0.00218100  delta_p: 0.01966467  delta_q: 0.00476829  
INFO|2024-09-26 08:32:58: 	ZTest: PQ_Vm_rmse: 0.00086201  PQ_Va_rmse: 0.00678265  PV_Va_rmse: 0.00796936  delta_p: 0.06513456  delta_q: 0.00958795  
INFO|2024-09-26 08:32:58: 	ZTest-ema: PQ_Vm_rmse: 0.000928  PQ_Va_rmse: 0.007568  PV_Va_rmse: 0.008394  delta_p: 0.008937  delta_q: 0.003562  
INFO|2024-09-26 08:32:58: 	           ValOfEMA:0.008394/0.008132,  Epoch:43/40
INFO|2024-09-26 08:32:59: 	Time(ep):813s,  Val(curr/best):0.007969/0.006098,  Epoch(curr/best):43/41
INFO|2024-09-26 08:32:59: -------------------- Epoch: 44 --------------------
INFO|2024-09-26 08:34:10: Epoch[044/100], iter[040/392], loss_total:0.31664, loss_equ:1.27323 loss_pq_vm:0.00859 loss_pq_va:0.04758 loss_pv_va:0.05586
INFO|2024-09-26 08:35:18: Epoch[044/100], iter[079/392], loss_total:0.40240, loss_equ:1.29555 loss_pq_vm:0.00803 loss_pq_va:0.09154 loss_pv_va:0.10104
INFO|2024-09-26 08:36:26: Epoch[044/100], iter[118/392], loss_total:0.29967, loss_equ:1.13917 loss_pq_vm:0.00687 loss_pq_va:0.05347 loss_pv_va:0.06361
INFO|2024-09-26 08:37:34: Epoch[044/100], iter[157/392], loss_total:0.38430, loss_equ:1.27530 loss_pq_vm:0.01134 loss_pq_va:0.06694 loss_pv_va:0.07641
INFO|2024-09-26 08:38:42: Epoch[044/100], iter[196/392], loss_total:0.36466, loss_equ:1.27075 loss_pq_vm:0.01167 loss_pq_va:0.05756 loss_pv_va:0.06329
INFO|2024-09-26 08:39:50: Epoch[044/100], iter[235/392], loss_total:0.32629, loss_equ:1.22005 loss_pq_vm:0.00770 loss_pq_va:0.05732 loss_pv_va:0.06991
INFO|2024-09-26 08:40:58: Epoch[044/100], iter[274/392], loss_total:0.31981, loss_equ:1.21590 loss_pq_vm:0.00802 loss_pq_va:0.05388 loss_pv_va:0.06412
INFO|2024-09-26 08:42:06: Epoch[044/100], iter[313/392], loss_total:0.32719, loss_equ:1.09980 loss_pq_vm:0.00873 loss_pq_va:0.06150 loss_pv_va:0.06843
INFO|2024-09-26 08:43:14: Epoch[044/100], iter[352/392], loss_total:0.34655, loss_equ:1.18039 loss_pq_vm:0.00725 loss_pq_va:0.07221 loss_pv_va:0.08385
INFO|2024-09-26 08:44:23: Epoch[044/100], iter[392/392], loss_total:0.32705, loss_equ:1.37201 loss_pq_vm:0.00844 loss_pq_va:0.04946 loss_pv_va:0.05601
INFO|2024-09-26 08:46:32: Epoch 43/100, lr:  0.00059775, eta: 12.64h, train_loss:  0.32333, valid_loss:  0.44498
INFO|2024-09-26 08:46:32: 	Train: PQ_Vm_rmse: 0.00035365  PQ_Va_rmse: 0.00213131  PV_Va_rmse: 0.00229588  delta_p: 0.01533680  delta_q: 0.00479985  
INFO|2024-09-26 08:46:32: 	ZTest: PQ_Vm_rmse: 0.00104046  PQ_Va_rmse: 0.00890173  PV_Va_rmse: 0.00977651  delta_p: 0.03261131  delta_q: 0.00975943  
INFO|2024-09-26 08:46:32: 	ZTest-ema: PQ_Vm_rmse: 0.000882  PQ_Va_rmse: 0.007513  PV_Va_rmse: 0.008325  delta_p: 0.006495  delta_q: 0.003475  
INFO|2024-09-26 08:46:32: 	           ValOfEMA:0.008325/0.008132,  Epoch:44/40
INFO|2024-09-26 08:46:33: 	Time(ep):812s,  Val(curr/best):0.009777/0.006098,  Epoch(curr/best):44/41
INFO|2024-09-26 08:46:33: -------------------- Epoch: 45 --------------------
INFO|2024-09-26 08:47:44: Epoch[045/100], iter[040/392], loss_total:0.29740, loss_equ:1.31778 loss_pq_vm:0.00709 loss_pq_va:0.04407 loss_pv_va:0.05066
INFO|2024-09-26 08:48:52: Epoch[045/100], iter[079/392], loss_total:0.31827, loss_equ:1.08458 loss_pq_vm:0.00698 loss_pq_va:0.06628 loss_pv_va:0.07372
INFO|2024-09-26 08:49:59: Epoch[045/100], iter[118/392], loss_total:0.27015, loss_equ:1.12489 loss_pq_vm:0.00689 loss_pq_va:0.04245 loss_pv_va:0.04630
INFO|2024-09-26 08:51:07: Epoch[045/100], iter[157/392], loss_total:0.30029, loss_equ:1.35010 loss_pq_vm:0.00757 loss_pq_va:0.04408 loss_pv_va:0.04547
INFO|2024-09-26 08:52:15: Epoch[045/100], iter[196/392], loss_total:0.30206, loss_equ:1.25710 loss_pq_vm:0.00717 loss_pq_va:0.04929 loss_pv_va:0.05532
INFO|2024-09-26 08:53:23: Epoch[045/100], iter[235/392], loss_total:0.34235, loss_equ:1.12710 loss_pq_vm:0.00719 loss_pq_va:0.07322 loss_pv_va:0.08455
INFO|2024-09-26 08:54:31: Epoch[045/100], iter[274/392], loss_total:0.39270, loss_equ:1.65036 loss_pq_vm:0.01090 loss_pq_va:0.05696 loss_pv_va:0.06166
INFO|2024-09-26 08:55:39: Epoch[045/100], iter[313/392], loss_total:0.32700, loss_equ:1.20280 loss_pq_vm:0.00774 loss_pq_va:0.06045 loss_pv_va:0.06891
INFO|2024-09-26 08:56:46: Epoch[045/100], iter[352/392], loss_total:0.26189, loss_equ:1.09316 loss_pq_vm:0.00652 loss_pq_va:0.04052 loss_pv_va:0.04684
INFO|2024-09-26 08:57:56: Epoch[045/100], iter[392/392], loss_total:0.29762, loss_equ:1.11589 loss_pq_vm:0.00797 loss_pq_va:0.04975 loss_pv_va:0.05654
INFO|2024-09-26 09:00:04: Epoch 44/100, lr:  0.00058244, eta: 12.4h, train_loss:  0.32317, valid_loss:  0.43165
INFO|2024-09-26 09:00:04: 	Train: PQ_Vm_rmse: 0.00030379  PQ_Va_rmse: 0.00206007  PV_Va_rmse: 0.00218954  delta_p: 0.01704883  delta_q: 0.00487092  
INFO|2024-09-26 09:00:04: 	ZTest: PQ_Vm_rmse: 0.00111279  PQ_Va_rmse: 0.00701647  PV_Va_rmse: 0.00767168  delta_p: 0.01631458  delta_q: 0.00820462  
INFO|2024-09-26 09:00:04: 	ZTest-ema: PQ_Vm_rmse: 0.000883  PQ_Va_rmse: 0.007660  PV_Va_rmse: 0.008494  delta_p: 0.008226  delta_q: 0.003417  
INFO|2024-09-26 09:00:04: 	           ValOfEMA:0.008494/0.008132,  Epoch:45/40
INFO|2024-09-26 09:00:05: 	Time(ep):811s,  Val(curr/best):0.007672/0.006098,  Epoch(curr/best):45/41
INFO|2024-09-26 09:00:05: -------------------- Epoch: 46 --------------------
INFO|2024-09-26 09:01:16: Epoch[046/100], iter[040/392], loss_total:0.33786, loss_equ:1.15940 loss_pq_vm:0.01094 loss_pq_va:0.05173 loss_pv_va:0.06079
INFO|2024-09-26 09:02:24: Epoch[046/100], iter[079/392], loss_total:0.30548, loss_equ:1.17663 loss_pq_vm:0.00749 loss_pq_va:0.05387 loss_pv_va:0.05907
INFO|2024-09-26 09:03:32: Epoch[046/100], iter[118/392], loss_total:0.32739, loss_equ:1.20694 loss_pq_vm:0.00804 loss_pq_va:0.06155 loss_pv_va:0.06472
INFO|2024-09-26 09:04:40: Epoch[046/100], iter[157/392], loss_total:0.30300, loss_equ:1.05852 loss_pq_vm:0.00699 loss_pq_va:0.05801 loss_pv_va:0.06929
INFO|2024-09-26 09:05:47: Epoch[046/100], iter[196/392], loss_total:0.28010, loss_equ:1.10299 loss_pq_vm:0.00818 loss_pq_va:0.04066 loss_pv_va:0.04736
INFO|2024-09-26 09:06:55: Epoch[046/100], iter[235/392], loss_total:0.35777, loss_equ:1.42289 loss_pq_vm:0.00970 loss_pq_va:0.05568 loss_pv_va:0.06278
INFO|2024-09-26 09:08:03: Epoch[046/100], iter[274/392], loss_total:0.32643, loss_equ:1.24122 loss_pq_vm:0.00766 loss_pq_va:0.05893 loss_pv_va:0.06677
INFO|2024-09-26 09:09:11: Epoch[046/100], iter[313/392], loss_total:0.42793, loss_equ:1.20371 loss_pq_vm:0.00806 loss_pq_va:0.10760 loss_pv_va:0.11935
INFO|2024-09-26 09:10:18: Epoch[046/100], iter[352/392], loss_total:0.31501, loss_equ:1.12151 loss_pq_vm:0.00800 loss_pq_va:0.05718 loss_pv_va:0.06572
INFO|2024-09-26 09:11:28: Epoch[046/100], iter[392/392], loss_total:0.38188, loss_equ:1.15354 loss_pq_vm:0.00868 loss_pq_va:0.08462 loss_pv_va:0.09507
INFO|2024-09-26 09:13:36: Epoch 45/100, lr:  0.00056704, eta: 12.17h, train_loss:  0.31499, valid_loss:  0.56440
INFO|2024-09-26 09:13:36: 	Train: PQ_Vm_rmse: 0.00029973  PQ_Va_rmse: 0.00186478  PV_Va_rmse: 0.00199596  delta_p: 0.01100331  delta_q: 0.00446268  
INFO|2024-09-26 09:13:36: 	ZTest: PQ_Vm_rmse: 0.00105020  PQ_Va_rmse: 0.01181816  PV_Va_rmse: 0.01300162  delta_p: 0.01340583  delta_q: 0.00768732  
INFO|2024-09-26 09:13:36: 	ZTest-ema: PQ_Vm_rmse: 0.000894  PQ_Va_rmse: 0.007605  PV_Va_rmse: 0.008433  delta_p: 0.006503  delta_q: 0.003459  
INFO|2024-09-26 09:13:36: 	           ValOfEMA:0.008433/0.008132,  Epoch:46/40
INFO|2024-09-26 09:13:37: 	Time(ep):811s,  Val(curr/best):0.013002/0.006098,  Epoch(curr/best):46/41
INFO|2024-09-26 09:13:37: -------------------- Epoch: 47 --------------------
INFO|2024-09-26 09:14:48: Epoch[047/100], iter[040/392], loss_total:0.39923, loss_equ:1.43617 loss_pq_vm:0.01020 loss_pq_va:0.07056 loss_pv_va:0.08309
INFO|2024-09-26 09:15:56: Epoch[047/100], iter[079/392], loss_total:0.33840, loss_equ:1.39315 loss_pq_vm:0.00797 loss_pq_va:0.05268 loss_pv_va:0.06665
INFO|2024-09-26 09:17:04: Epoch[047/100], iter[118/392], loss_total:0.27444, loss_equ:1.07639 loss_pq_vm:0.00729 loss_pq_va:0.04297 loss_pv_va:0.05092
INFO|2024-09-26 09:18:12: Epoch[047/100], iter[157/392], loss_total:0.32454, loss_equ:1.13047 loss_pq_vm:0.00683 loss_pq_va:0.06495 loss_pv_va:0.07827
INFO|2024-09-26 09:19:20: Epoch[047/100], iter[196/392], loss_total:0.29236, loss_equ:1.24335 loss_pq_vm:0.00611 loss_pq_va:0.04538 loss_pv_va:0.06154
INFO|2024-09-26 09:20:27: Epoch[047/100], iter[235/392], loss_total:0.36727, loss_equ:1.47781 loss_pq_vm:0.00979 loss_pq_va:0.05853 loss_pv_va:0.06303
INFO|2024-09-26 09:21:35: Epoch[047/100], iter[274/392], loss_total:0.36008, loss_equ:1.31030 loss_pq_vm:0.00849 loss_pq_va:0.06990 loss_pv_va:0.07421
INFO|2024-09-26 09:22:43: Epoch[047/100], iter[313/392], loss_total:0.41580, loss_equ:1.67497 loss_pq_vm:0.01374 loss_pq_va:0.05033 loss_pv_va:0.06054
INFO|2024-09-26 09:23:51: Epoch[047/100], iter[352/392], loss_total:0.29742, loss_equ:1.35703 loss_pq_vm:0.00658 loss_pq_va:0.04458 loss_pv_va:0.05134
INFO|2024-09-26 09:25:00: Epoch[047/100], iter[392/392], loss_total:0.26243, loss_equ:1.07800 loss_pq_vm:0.00625 loss_pq_va:0.04377 loss_pv_va:0.04835
INFO|2024-09-26 09:27:09: Epoch 46/100, lr:  0.00055158, eta: 11.95h, train_loss:  0.34188, valid_loss:  0.39271
INFO|2024-09-26 09:27:09: 	Train: PQ_Vm_rmse: 0.00027560  PQ_Va_rmse: 0.00203493  PV_Va_rmse: 0.00225809  delta_p: 0.01927334  delta_q: 0.00543721  
INFO|2024-09-26 09:27:09: 	ZTest: PQ_Vm_rmse: 0.00093029  PQ_Va_rmse: 0.00845614  PV_Va_rmse: 0.00932861  delta_p: 0.01560488  delta_q: 0.00455946  
INFO|2024-09-26 09:27:09: 	ZTest-ema: PQ_Vm_rmse: 0.000907  PQ_Va_rmse: 0.007576  PV_Va_rmse: 0.008391  delta_p: 0.011815  delta_q: 0.003625  
INFO|2024-09-26 09:27:09: 	           ValOfEMA:0.008391/0.008132,  Epoch:47/40
INFO|2024-09-26 09:27:10: 	Time(ep):811s,  Val(curr/best):0.009329/0.006098,  Epoch(curr/best):47/41
INFO|2024-09-26 09:27:10: -------------------- Epoch: 48 --------------------
INFO|2024-09-26 09:28:20: Epoch[048/100], iter[040/392], loss_total:0.29689, loss_equ:1.07588 loss_pq_vm:0.00642 loss_pq_va:0.05778 loss_pv_va:0.06733
INFO|2024-09-26 09:29:28: Epoch[048/100], iter[079/392], loss_total:0.28432, loss_equ:1.09194 loss_pq_vm:0.00713 loss_pq_va:0.04890 loss_pv_va:0.05496
INFO|2024-09-26 09:30:36: Epoch[048/100], iter[118/392], loss_total:0.30076, loss_equ:1.13013 loss_pq_vm:0.00881 loss_pq_va:0.04782 loss_pv_va:0.05180
INFO|2024-09-26 09:31:44: Epoch[048/100], iter[157/392], loss_total:0.29760, loss_equ:1.11527 loss_pq_vm:0.00922 loss_pq_va:0.04368 loss_pv_va:0.05021
INFO|2024-09-26 09:32:52: Epoch[048/100], iter[196/392], loss_total:0.25981, loss_equ:1.07169 loss_pq_vm:0.00629 loss_pq_va:0.03990 loss_pv_va:0.04980
INFO|2024-09-26 09:33:59: Epoch[048/100], iter[235/392], loss_total:0.33561, loss_equ:1.29785 loss_pq_vm:0.00862 loss_pq_va:0.05362 loss_pv_va:0.06606
INFO|2024-09-26 09:35:07: Epoch[048/100], iter[274/392], loss_total:0.31051, loss_equ:1.17604 loss_pq_vm:0.00785 loss_pq_va:0.05339 loss_pv_va:0.06097
INFO|2024-09-26 09:36:15: Epoch[048/100], iter[313/392], loss_total:0.32188, loss_equ:1.31466 loss_pq_vm:0.00803 loss_pq_va:0.05111 loss_pv_va:0.05897
INFO|2024-09-26 09:37:23: Epoch[048/100], iter[352/392], loss_total:0.29653, loss_equ:1.14120 loss_pq_vm:0.00670 loss_pq_va:0.05295 loss_pv_va:0.06245
INFO|2024-09-26 09:38:32: Epoch[048/100], iter[392/392], loss_total:0.27983, loss_equ:1.12854 loss_pq_vm:0.00716 loss_pq_va:0.04395 loss_pv_va:0.05146
INFO|2024-09-26 09:40:41: Epoch 47/100, lr:  0.00053608, eta: 11.71h, train_loss:  0.30778, valid_loss:  0.38336
INFO|2024-09-26 09:40:41: 	Train: PQ_Vm_rmse: 0.00026191  PQ_Va_rmse: 0.00195062  PV_Va_rmse: 0.00211288  delta_p: 0.01656170  delta_q: 0.00404695  
INFO|2024-09-26 09:40:41: 	ZTest: PQ_Vm_rmse: 0.00085023  PQ_Va_rmse: 0.00764249  PV_Va_rmse: 0.00848598  delta_p: 0.01533432  delta_q: 0.00458934  
INFO|2024-09-26 09:40:41: 	ZTest-ema: PQ_Vm_rmse: 0.000829  PQ_Va_rmse: 0.007348  PV_Va_rmse: 0.008182  delta_p: 0.010075  delta_q: 0.003234  
INFO|2024-09-26 09:40:41: 	           ValOfEMA:0.008182/0.008132,  Epoch:48/40
INFO|2024-09-26 09:40:41: 	Time(ep):810s,  Val(curr/best):0.008486/0.006098,  Epoch(curr/best):48/41
INFO|2024-09-26 09:40:41: -------------------- Epoch: 49 --------------------
INFO|2024-09-26 09:41:52: Epoch[049/100], iter[040/392], loss_total:0.26289, loss_equ:1.04402 loss_pq_vm:0.00597 loss_pq_va:0.04541 loss_pv_va:0.05341
INFO|2024-09-26 09:43:00: Epoch[049/100], iter[079/392], loss_total:0.31311, loss_equ:1.11769 loss_pq_vm:0.00722 loss_pq_va:0.05957 loss_pv_va:0.06956
INFO|2024-09-26 09:44:08: Epoch[049/100], iter[118/392], loss_total:0.31718, loss_equ:1.13449 loss_pq_vm:0.00697 loss_pq_va:0.06323 loss_pv_va:0.07075
INFO|2024-09-26 09:45:15: Epoch[049/100], iter[157/392], loss_total:0.30525, loss_equ:1.20668 loss_pq_vm:0.00646 loss_pq_va:0.05681 loss_pv_va:0.06323
INFO|2024-09-26 09:46:23: Epoch[049/100], iter[196/392], loss_total:0.31107, loss_equ:1.22938 loss_pq_vm:0.00673 loss_pq_va:0.05884 loss_pv_va:0.06201
INFO|2024-09-26 09:47:31: Epoch[049/100], iter[235/392], loss_total:0.29671, loss_equ:1.37085 loss_pq_vm:0.00648 loss_pq_va:0.04398 loss_pv_va:0.05086
INFO|2024-09-26 09:48:38: Epoch[049/100], iter[274/392], loss_total:0.32910, loss_equ:1.36094 loss_pq_vm:0.00801 loss_pq_va:0.05010 loss_pv_va:0.06278
INFO|2024-09-26 09:49:46: Epoch[049/100], iter[313/392], loss_total:0.36908, loss_equ:1.34761 loss_pq_vm:0.01055 loss_pq_va:0.06415 loss_pv_va:0.06471
INFO|2024-09-26 09:50:53: Epoch[049/100], iter[352/392], loss_total:0.33016, loss_equ:1.34829 loss_pq_vm:0.00756 loss_pq_va:0.05407 loss_pv_va:0.06567
INFO|2024-09-26 09:52:03: Epoch[049/100], iter[392/392], loss_total:0.27037, loss_equ:1.13229 loss_pq_vm:0.00662 loss_pq_va:0.04258 loss_pv_va:0.04833
INFO|2024-09-26 09:54:11: Epoch 48/100, lr:  0.00052055, eta: 11.47h, train_loss:  0.31995, valid_loss:  0.38672
INFO|2024-09-26 09:54:11: 	Train: PQ_Vm_rmse: 0.00024770  PQ_Va_rmse: 0.00195215  PV_Va_rmse: 0.00208492  delta_p: 0.01666078  delta_q: 0.00413227  
INFO|2024-09-26 09:54:11: 	ZTest: PQ_Vm_rmse: 0.00086989  PQ_Va_rmse: 0.00780970  PV_Va_rmse: 0.00865103  delta_p: 0.01293053  delta_q: 0.00441875  
INFO|2024-09-26 09:54:11: 	ZTest-ema: PQ_Vm_rmse: 0.000817  PQ_Va_rmse: 0.007358  PV_Va_rmse: 0.008200  delta_p: 0.012162  delta_q: 0.003476  
INFO|2024-09-26 09:54:11: 	           ValOfEMA:0.008200/0.008132,  Epoch:49/40
INFO|2024-09-26 09:54:12: 	Time(ep):809s,  Val(curr/best):0.008651/0.006098,  Epoch(curr/best):49/41
INFO|2024-09-26 09:54:12: -------------------- Epoch: 50 --------------------
INFO|2024-09-26 09:55:23: Epoch[050/100], iter[040/392], loss_total:0.30936, loss_equ:1.14985 loss_pq_vm:0.00761 loss_pq_va:0.05436 loss_pv_va:0.06388
INFO|2024-09-26 09:56:31: Epoch[050/100], iter[079/392], loss_total:0.26106, loss_equ:1.10898 loss_pq_vm:0.00627 loss_pq_va:0.04046 loss_pv_va:0.04698
INFO|2024-09-26 09:57:38: Epoch[050/100], iter[118/392], loss_total:0.27546, loss_equ:1.06226 loss_pq_vm:0.00742 loss_pq_va:0.04365 loss_pv_va:0.05142
INFO|2024-09-26 09:58:46: Epoch[050/100], iter[157/392], loss_total:0.27110, loss_equ:1.07982 loss_pq_vm:0.00785 loss_pq_va:0.03918 loss_pv_va:0.04548
INFO|2024-09-26 09:59:54: Epoch[050/100], iter[196/392], loss_total:0.23300, loss_equ:0.98150 loss_pq_vm:0.00571 loss_pq_va:0.03564 loss_pv_va:0.04209
INFO|2024-09-26 10:01:01: Epoch[050/100], iter[235/392], loss_total:0.29606, loss_equ:1.11940 loss_pq_vm:0.00704 loss_pq_va:0.05345 loss_pv_va:0.06029
INFO|2024-09-26 10:02:09: Epoch[050/100], iter[274/392], loss_total:0.26833, loss_equ:1.08261 loss_pq_vm:0.00754 loss_pq_va:0.03890 loss_pv_va:0.04581
INFO|2024-09-26 10:03:16: Epoch[050/100], iter[313/392], loss_total:0.26579, loss_equ:1.03807 loss_pq_vm:0.00617 loss_pq_va:0.04699 loss_pv_va:0.05334
INFO|2024-09-26 10:04:24: Epoch[050/100], iter[352/392], loss_total:0.28928, loss_equ:1.05652 loss_pq_vm:0.00606 loss_pq_va:0.05735 loss_pv_va:0.06570
INFO|2024-09-26 10:05:33: Epoch[050/100], iter[392/392], loss_total:0.28538, loss_equ:1.17349 loss_pq_vm:0.00800 loss_pq_va:0.04172 loss_pv_va:0.04635
INFO|2024-09-26 10:07:41: Epoch 49/100, lr:  0.00050500, eta: 11.23h, train_loss:  0.28763, valid_loss:  0.38803
INFO|2024-09-26 10:07:41: 	Train: PQ_Vm_rmse: 0.00024043  PQ_Va_rmse: 0.00155023  PV_Va_rmse: 0.00168327  delta_p: 0.01331010  delta_q: 0.00377799  
INFO|2024-09-26 10:07:41: 	ZTest: PQ_Vm_rmse: 0.00090702  PQ_Va_rmse: 0.00710210  PV_Va_rmse: 0.00776246  delta_p: 0.01579447  delta_q: 0.00654377  
INFO|2024-09-26 10:07:41: 	ZTest-ema: PQ_Vm_rmse: 0.000833  PQ_Va_rmse: 0.007229  PV_Va_rmse: 0.008047  delta_p: 0.009485  delta_q: 0.003399  
INFO|2024-09-26 10:07:41: 	           ValOfEMA:0.008047/0.008047,  Epoch:50/50
INFO|2024-09-26 10:07:41: 	Time(ep):808s,  Val(curr/best):0.007762/0.006098,  Epoch(curr/best):50/41
INFO|2024-09-26 10:07:41: -------------------- Epoch: 51 --------------------
INFO|2024-09-26 10:08:52: Epoch[051/100], iter[040/392], loss_total:0.24787, loss_equ:1.04348 loss_pq_vm:0.00610 loss_pq_va:0.03878 loss_pv_va:0.04374
INFO|2024-09-26 10:10:00: Epoch[051/100], iter[079/392], loss_total:0.26989, loss_equ:1.11492 loss_pq_vm:0.00666 loss_pq_va:0.04198 loss_pv_va:0.04982
INFO|2024-09-26 10:11:08: Epoch[051/100], iter[118/392], loss_total:0.28862, loss_equ:1.11339 loss_pq_vm:0.00725 loss_pq_va:0.05039 loss_pv_va:0.05441
INFO|2024-09-26 10:12:15: Epoch[051/100], iter[157/392], loss_total:0.35418, loss_equ:1.21973 loss_pq_vm:0.00927 loss_pq_va:0.06633 loss_pv_va:0.07318
INFO|2024-09-26 10:13:23: Epoch[051/100], iter[196/392], loss_total:0.36722, loss_equ:1.61755 loss_pq_vm:0.00917 loss_pq_va:0.05298 loss_pv_va:0.06078
INFO|2024-09-26 10:14:31: Epoch[051/100], iter[235/392], loss_total:0.40871, loss_equ:1.44761 loss_pq_vm:0.01410 loss_pq_va:0.05789 loss_pv_va:0.06505
INFO|2024-09-26 10:15:38: Epoch[051/100], iter[274/392], loss_total:0.38361, loss_equ:1.63793 loss_pq_vm:0.00930 loss_pq_va:0.06321 loss_pv_va:0.06359
INFO|2024-09-26 10:16:46: Epoch[051/100], iter[313/392], loss_total:0.27395, loss_equ:1.21169 loss_pq_vm:0.00697 loss_pq_va:0.03926 loss_pv_va:0.04381
INFO|2024-09-26 10:17:54: Epoch[051/100], iter[352/392], loss_total:0.28145, loss_equ:1.18619 loss_pq_vm:0.00719 loss_pq_va:0.04256 loss_pv_va:0.04837
INFO|2024-09-26 10:19:03: Epoch[051/100], iter[392/392], loss_total:0.27152, loss_equ:1.07119 loss_pq_vm:0.00633 loss_pq_va:0.04681 loss_pv_va:0.05432
INFO|2024-09-26 10:21:11: Epoch 50/100, lr:  0.00048945, eta: 11.03h, train_loss:  0.32299, valid_loss:  0.38631
INFO|2024-09-26 10:21:12: 	Train: PQ_Vm_rmse: 0.00027216  PQ_Va_rmse: 0.00174506  PV_Va_rmse: 0.00186091  delta_p: 0.01911535  delta_q: 0.00600446  
INFO|2024-09-26 10:21:12: 	ZTest: PQ_Vm_rmse: 0.00087471  PQ_Va_rmse: 0.00743476  PV_Va_rmse: 0.00825920  delta_p: 0.01727756  delta_q: 0.00477760  
INFO|2024-09-26 10:21:12: 	ZTest-ema: PQ_Vm_rmse: 0.000836  PQ_Va_rmse: 0.007256  PV_Va_rmse: 0.008066  delta_p: 0.015212  delta_q: 0.004158  
INFO|2024-09-26 10:21:12: 	           ValOfEMA:0.008066/0.008047,  Epoch:51/50
INFO|2024-09-26 10:21:12: 	Time(ep):810s,  Val(curr/best):0.008259/0.006098,  Epoch(curr/best):51/41
INFO|2024-09-26 10:21:12: -------------------- Epoch: 52 --------------------
INFO|2024-09-26 10:22:23: Epoch[052/100], iter[040/392], loss_total:0.24683, loss_equ:1.04268 loss_pq_vm:0.00615 loss_pq_va:0.03731 loss_pv_va:0.04371
INFO|2024-09-26 10:23:30: Epoch[052/100], iter[079/392], loss_total:0.26253, loss_equ:1.04158 loss_pq_vm:0.00682 loss_pq_va:0.04110 loss_pv_va:0.04910
INFO|2024-09-26 10:24:38: Epoch[052/100], iter[118/392], loss_total:0.24944, loss_equ:1.13601 loss_pq_vm:0.00556 loss_pq_va:0.03661 loss_pv_va:0.04360
INFO|2024-09-26 10:25:45: Epoch[052/100], iter[157/392], loss_total:0.27499, loss_equ:1.03827 loss_pq_vm:0.00743 loss_pq_va:0.04458 loss_pv_va:0.05233
INFO|2024-09-26 10:26:54: Epoch[052/100], iter[196/392], loss_total:0.26104, loss_equ:1.02225 loss_pq_vm:0.00615 loss_pq_va:0.04618 loss_pv_va:0.05111
INFO|2024-09-26 10:28:02: Epoch[052/100], iter[235/392], loss_total:0.21331, loss_equ:0.97595 loss_pq_vm:0.00507 loss_pq_va:0.02956 loss_pv_va:0.03549
INFO|2024-09-26 10:29:10: Epoch[052/100], iter[274/392], loss_total:0.27909, loss_equ:1.07126 loss_pq_vm:0.00849 loss_pq_va:0.03996 loss_pv_va:0.04715
INFO|2024-09-26 10:30:17: Epoch[052/100], iter[313/392], loss_total:0.50151, loss_equ:2.18616 loss_pq_vm:0.01089 loss_pq_va:0.08482 loss_pv_va:0.08914
INFO|2024-09-26 10:31:25: Epoch[052/100], iter[352/392], loss_total:0.28163, loss_equ:1.20480 loss_pq_vm:0.00725 loss_pq_va:0.04136 loss_pv_va:0.04728
INFO|2024-09-26 10:32:34: Epoch[052/100], iter[392/392], loss_total:0.25173, loss_equ:1.03308 loss_pq_vm:0.00630 loss_pq_va:0.04063 loss_pv_va:0.04481
INFO|2024-09-26 10:34:43: Epoch 51/100, lr:  0.00047392, eta: 10.81h, train_loss:  0.29460, valid_loss:  0.37309
INFO|2024-09-26 10:34:43: 	Train: PQ_Vm_rmse: 0.00023397  PQ_Va_rmse: 0.00163350  PV_Va_rmse: 0.00176345  delta_p: 0.01858947  delta_q: 0.00456968  
INFO|2024-09-26 10:34:43: 	ZTest: PQ_Vm_rmse: 0.00085275  PQ_Va_rmse: 0.00719918  PV_Va_rmse: 0.00798331  delta_p: 0.00966099  delta_q: 0.00418529  
INFO|2024-09-26 10:34:43: 	ZTest-ema: PQ_Vm_rmse: 0.000848  PQ_Va_rmse: 0.007353  PV_Va_rmse: 0.008179  delta_p: 0.009204  delta_q: 0.003419  
INFO|2024-09-26 10:34:43: 	           ValOfEMA:0.008179/0.008047,  Epoch:52/50
INFO|2024-09-26 10:34:44: 	Time(ep):810s,  Val(curr/best):0.007983/0.006098,  Epoch(curr/best):52/41
INFO|2024-09-26 10:34:44: -------------------- Epoch: 53 --------------------
INFO|2024-09-26 10:35:54: Epoch[053/100], iter[040/392], loss_total:0.24777, loss_equ:1.02133 loss_pq_vm:0.00608 loss_pq_va:0.03964 loss_pv_va:0.04521
INFO|2024-09-26 10:37:02: Epoch[053/100], iter[079/392], loss_total:0.26012, loss_equ:1.03254 loss_pq_vm:0.00707 loss_pq_va:0.04082 loss_pv_va:0.04531
INFO|2024-09-26 10:38:10: Epoch[053/100], iter[118/392], loss_total:0.24089, loss_equ:1.01475 loss_pq_vm:0.00646 loss_pq_va:0.03492 loss_pv_va:0.03990
INFO|2024-09-26 10:39:18: Epoch[053/100], iter[157/392], loss_total:0.24204, loss_equ:1.00565 loss_pq_vm:0.00628 loss_pq_va:0.03614 loss_pv_va:0.04249
INFO|2024-09-26 10:40:26: Epoch[053/100], iter[196/392], loss_total:0.38397, loss_equ:1.57210 loss_pq_vm:0.00885 loss_pq_va:0.06172 loss_pv_va:0.07650
INFO|2024-09-26 10:41:34: Epoch[053/100], iter[235/392], loss_total:0.49386, loss_equ:1.48005 loss_pq_vm:0.01036 loss_pq_va:0.11711 loss_pv_va:0.12511
INFO|2024-09-26 10:42:42: Epoch[053/100], iter[274/392], loss_total:0.28182, loss_equ:1.08570 loss_pq_vm:0.00694 loss_pq_va:0.04805 loss_pv_va:0.05576
INFO|2024-09-26 10:43:50: Epoch[053/100], iter[313/392], loss_total:0.27227, loss_equ:1.03788 loss_pq_vm:0.00628 loss_pq_va:0.04789 loss_pv_va:0.05777
INFO|2024-09-26 10:44:57: Epoch[053/100], iter[352/392], loss_total:0.25442, loss_equ:1.04943 loss_pq_vm:0.00599 loss_pq_va:0.04032 loss_pv_va:0.04923
INFO|2024-09-26 10:46:07: Epoch[053/100], iter[392/392], loss_total:0.25038, loss_equ:1.05234 loss_pq_vm:0.00599 loss_pq_va:0.03940 loss_pv_va:0.04580
INFO|2024-09-26 10:48:15: Epoch 52/100, lr:  0.00045842, eta: 10.6h, train_loss:  0.28640, valid_loss:  0.39165
INFO|2024-09-26 10:48:15: 	Train: PQ_Vm_rmse: 0.00022160  PQ_Va_rmse: 0.00180166  PV_Va_rmse: 0.00195965  delta_p: 0.01327428  delta_q: 0.00378473  
INFO|2024-09-26 10:48:15: 	ZTest: PQ_Vm_rmse: 0.00085001  PQ_Va_rmse: 0.00783174  PV_Va_rmse: 0.00879674  delta_p: 0.01538782  delta_q: 0.00549355  
INFO|2024-09-26 10:48:15: 	ZTest-ema: PQ_Vm_rmse: 0.000828  PQ_Va_rmse: 0.007266  PV_Va_rmse: 0.008081  delta_p: 0.007314  delta_q: 0.002893  
INFO|2024-09-26 10:48:15: 	           ValOfEMA:0.008081/0.008047,  Epoch:53/50
INFO|2024-09-26 10:48:16: 	Time(ep):811s,  Val(curr/best):0.008797/0.006098,  Epoch(curr/best):53/41
INFO|2024-09-26 10:48:16: -------------------- Epoch: 54 --------------------
INFO|2024-09-26 10:49:27: Epoch[054/100], iter[040/392], loss_total:0.26234, loss_equ:1.00183 loss_pq_vm:0.00572 loss_pq_va:0.05098 loss_pv_va:0.05394
INFO|2024-09-26 10:50:35: Epoch[054/100], iter[079/392], loss_total:0.26579, loss_equ:0.98381 loss_pq_vm:0.00606 loss_pq_va:0.05000 loss_pv_va:0.05681
INFO|2024-09-26 10:51:42: Epoch[054/100], iter[118/392], loss_total:0.26313, loss_equ:1.03265 loss_pq_vm:0.00610 loss_pq_va:0.04634 loss_pv_va:0.05251
INFO|2024-09-26 10:52:50: Epoch[054/100], iter[157/392], loss_total:0.25968, loss_equ:1.02351 loss_pq_vm:0.00582 loss_pq_va:0.04476 loss_pv_va:0.05435
INFO|2024-09-26 10:53:58: Epoch[054/100], iter[196/392], loss_total:0.28669, loss_equ:1.20544 loss_pq_vm:0.00646 loss_pq_va:0.04301 loss_pv_va:0.05848
INFO|2024-09-26 10:55:06: Epoch[054/100], iter[235/392], loss_total:0.23087, loss_equ:0.95564 loss_pq_vm:0.00535 loss_pq_va:0.03865 loss_pv_va:0.04317
INFO|2024-09-26 10:56:13: Epoch[054/100], iter[274/392], loss_total:0.26081, loss_equ:1.01048 loss_pq_vm:0.00668 loss_pq_va:0.04337 loss_pv_va:0.04957
INFO|2024-09-26 10:57:21: Epoch[054/100], iter[313/392], loss_total:0.24789, loss_equ:1.06174 loss_pq_vm:0.00637 loss_pq_va:0.03590 loss_pv_va:0.04212
INFO|2024-09-26 10:58:29: Epoch[054/100], iter[352/392], loss_total:0.22353, loss_equ:0.93871 loss_pq_vm:0.00523 loss_pq_va:0.03627 loss_pv_va:0.04110
INFO|2024-09-26 10:59:38: Epoch[054/100], iter[392/392], loss_total:0.28610, loss_equ:1.04030 loss_pq_vm:0.00695 loss_pq_va:0.05221 loss_pv_va:0.06039
INFO|2024-09-26 11:01:46: Epoch 53/100, lr:  0.00044296, eta: 10.35h, train_loss:  0.25869, valid_loss:  0.42013
INFO|2024-09-26 11:01:46: 	Train: PQ_Vm_rmse: 0.00019470  PQ_Va_rmse: 0.00143272  PV_Va_rmse: 0.00155965  delta_p: 0.01206411  delta_q: 0.00282439  
INFO|2024-09-26 11:01:46: 	ZTest: PQ_Vm_rmse: 0.00090358  PQ_Va_rmse: 0.00787233  PV_Va_rmse: 0.00883253  delta_p: 0.01563006  delta_q: 0.00501466  
INFO|2024-09-26 11:01:46: 	ZTest-ema: PQ_Vm_rmse: 0.000799  PQ_Va_rmse: 0.007252  PV_Va_rmse: 0.008059  delta_p: 0.009138  delta_q: 0.002699  
INFO|2024-09-26 11:01:46: 	           ValOfEMA:0.008059/0.008047,  Epoch:54/50
INFO|2024-09-26 11:01:47: 	Time(ep):810s,  Val(curr/best):0.008833/0.006098,  Epoch(curr/best):54/41
INFO|2024-09-26 11:01:47: -------------------- Epoch: 55 --------------------
INFO|2024-09-26 11:02:58: Epoch[055/100], iter[040/392], loss_total:0.27941, loss_equ:0.99721 loss_pq_vm:0.00743 loss_pq_va:0.04926 loss_pv_va:0.05617
INFO|2024-09-26 11:04:05: Epoch[055/100], iter[079/392], loss_total:0.32741, loss_equ:1.44278 loss_pq_vm:0.00743 loss_pq_va:0.04322 loss_pv_va:0.06564
INFO|2024-09-26 11:05:13: Epoch[055/100], iter[118/392], loss_total:0.27110, loss_equ:1.06322 loss_pq_vm:0.00636 loss_pq_va:0.04746 loss_pv_va:0.05375
INFO|2024-09-26 11:06:21: Epoch[055/100], iter[157/392], loss_total:0.23712, loss_equ:0.98086 loss_pq_vm:0.00576 loss_pq_va:0.03772 loss_pv_va:0.04376
INFO|2024-09-26 11:07:28: Epoch[055/100], iter[196/392], loss_total:0.24657, loss_equ:0.99368 loss_pq_vm:0.00616 loss_pq_va:0.04027 loss_pv_va:0.04538
INFO|2024-09-26 11:08:36: Epoch[055/100], iter[235/392], loss_total:0.25732, loss_equ:1.00744 loss_pq_vm:0.00634 loss_pq_va:0.04338 loss_pv_va:0.04975
INFO|2024-09-26 11:09:44: Epoch[055/100], iter[274/392], loss_total:0.25379, loss_equ:1.02562 loss_pq_vm:0.00677 loss_pq_va:0.03975 loss_pv_va:0.04375
INFO|2024-09-26 11:10:51: Epoch[055/100], iter[313/392], loss_total:0.26029, loss_equ:0.97052 loss_pq_vm:0.00625 loss_pq_va:0.04773 loss_pv_va:0.05303
INFO|2024-09-26 11:11:59: Epoch[055/100], iter[352/392], loss_total:0.25025, loss_equ:1.02004 loss_pq_vm:0.00665 loss_pq_va:0.03823 loss_pv_va:0.04355
INFO|2024-09-26 11:13:08: Epoch[055/100], iter[392/392], loss_total:0.23671, loss_equ:0.94002 loss_pq_vm:0.00556 loss_pq_va:0.03989 loss_pv_va:0.04723
INFO|2024-09-26 11:15:17: Epoch 54/100, lr:  0.00042756, eta: 10.12h, train_loss:  0.26572, valid_loss:  0.40736
INFO|2024-09-26 11:15:17: 	Train: PQ_Vm_rmse: 0.00020730  PQ_Va_rmse: 0.00152104  PV_Va_rmse: 0.00165511  delta_p: 0.01210503  delta_q: 0.00327830  
INFO|2024-09-26 11:15:17: 	ZTest: PQ_Vm_rmse: 0.00083063  PQ_Va_rmse: 0.00824043  PV_Va_rmse: 0.00932715  delta_p: 0.01378241  delta_q: 0.00369991  
INFO|2024-09-26 11:15:17: 	ZTest-ema: PQ_Vm_rmse: 0.000818  PQ_Va_rmse: 0.007133  PV_Va_rmse: 0.007918  delta_p: 0.005314  delta_q: 0.002652  
INFO|2024-09-26 11:15:17: 	           ValOfEMA:0.007918/0.007918,  Epoch:55/55
INFO|2024-09-26 11:15:18: 	Time(ep):809s,  Val(curr/best):0.009327/0.006098,  Epoch(curr/best):55/41
INFO|2024-09-26 11:15:18: -------------------- Epoch: 56 --------------------
INFO|2024-09-26 11:16:28: Epoch[056/100], iter[040/392], loss_total:0.24739, loss_equ:1.05239 loss_pq_vm:0.00626 loss_pq_va:0.03769 loss_pv_va:0.04188
INFO|2024-09-26 11:17:36: Epoch[056/100], iter[079/392], loss_total:0.31464, loss_equ:1.09042 loss_pq_vm:0.00839 loss_pq_va:0.05374 loss_pv_va:0.06797
INFO|2024-09-26 11:18:44: Epoch[056/100], iter[118/392], loss_total:0.28263, loss_equ:1.09650 loss_pq_vm:0.00642 loss_pq_va:0.05100 loss_pv_va:0.05778
INFO|2024-09-26 11:19:52: Epoch[056/100], iter[157/392], loss_total:0.34045, loss_equ:1.32386 loss_pq_vm:0.00779 loss_pq_va:0.06122 loss_pv_va:0.06899
INFO|2024-09-26 11:21:00: Epoch[056/100], iter[196/392], loss_total:0.28964, loss_equ:1.14403 loss_pq_vm:0.00739 loss_pq_va:0.04767 loss_pv_va:0.05367
INFO|2024-09-26 11:22:07: Epoch[056/100], iter[235/392], loss_total:0.24765, loss_equ:0.99452 loss_pq_vm:0.00694 loss_pq_va:0.03676 loss_pv_va:0.04207
INFO|2024-09-26 11:23:15: Epoch[056/100], iter[274/392], loss_total:0.24669, loss_equ:1.04163 loss_pq_vm:0.00645 loss_pq_va:0.03529 loss_pv_va:0.04274
INFO|2024-09-26 11:24:23: Epoch[056/100], iter[313/392], loss_total:0.24208, loss_equ:0.95763 loss_pq_vm:0.00608 loss_pq_va:0.03997 loss_pv_va:0.04555
INFO|2024-09-26 11:25:30: Epoch[056/100], iter[352/392], loss_total:0.29640, loss_equ:0.98734 loss_pq_vm:0.00595 loss_pq_va:0.06300 loss_pv_va:0.07514
INFO|2024-09-26 11:26:40: Epoch[056/100], iter[392/392], loss_total:0.23194, loss_equ:0.95941 loss_pq_vm:0.00585 loss_pq_va:0.03618 loss_pv_va:0.04135
INFO|2024-09-26 11:28:48: Epoch 55/100, lr:  0.00041225, eta: 9.91h, train_loss:  0.27105, valid_loss:  0.35593
INFO|2024-09-26 11:28:48: 	Train: PQ_Vm_rmse: 0.00021249  PQ_Va_rmse: 0.00131814  PV_Va_rmse: 0.00143531  delta_p: 0.01061806  delta_q: 0.00319365  
INFO|2024-09-26 11:28:48: 	ZTest: PQ_Vm_rmse: 0.00077072  PQ_Va_rmse: 0.00735076  PV_Va_rmse: 0.00808405  delta_p: 0.01104083  delta_q: 0.00383276  
INFO|2024-09-26 11:28:48: 	ZTest-ema: PQ_Vm_rmse: 0.000802  PQ_Va_rmse: 0.007150  PV_Va_rmse: 0.007955  delta_p: 0.006486  delta_q: 0.002830  
INFO|2024-09-26 11:28:48: 	           ValOfEMA:0.007955/0.007918,  Epoch:56/55
INFO|2024-09-26 11:28:49: 	Time(ep):810s,  Val(curr/best):0.008084/0.006098,  Epoch(curr/best):56/41
INFO|2024-09-26 11:28:49: -------------------- Epoch: 57 --------------------
INFO|2024-09-26 11:30:00: Epoch[057/100], iter[040/392], loss_total:0.21844, loss_equ:0.92014 loss_pq_vm:0.00534 loss_pq_va:0.03420 loss_pv_va:0.03882
INFO|2024-09-26 11:31:08: Epoch[057/100], iter[079/392], loss_total:0.23639, loss_equ:1.02156 loss_pq_vm:0.00556 loss_pq_va:0.03562 loss_pv_va:0.04303
INFO|2024-09-26 11:32:15: Epoch[057/100], iter[118/392], loss_total:0.28038, loss_equ:1.12260 loss_pq_vm:0.00567 loss_pq_va:0.05246 loss_pv_va:0.05893
INFO|2024-09-26 11:33:23: Epoch[057/100], iter[157/392], loss_total:0.22577, loss_equ:0.92526 loss_pq_vm:0.00635 loss_pq_va:0.03217 loss_pv_va:0.03755
INFO|2024-09-26 11:34:31: Epoch[057/100], iter[196/392], loss_total:0.25572, loss_equ:1.02848 loss_pq_vm:0.00567 loss_pq_va:0.04510 loss_pv_va:0.05107
INFO|2024-09-26 11:35:39: Epoch[057/100], iter[235/392], loss_total:0.23924, loss_equ:1.01067 loss_pq_vm:0.00591 loss_pq_va:0.03602 loss_pv_va:0.04306
INFO|2024-09-26 11:36:47: Epoch[057/100], iter[274/392], loss_total:0.25119, loss_equ:1.08993 loss_pq_vm:0.00607 loss_pq_va:0.03808 loss_pv_va:0.04347
INFO|2024-09-26 11:37:55: Epoch[057/100], iter[313/392], loss_total:0.23845, loss_equ:1.01323 loss_pq_vm:0.00529 loss_pq_va:0.03917 loss_pv_va:0.04504
INFO|2024-09-26 11:39:03: Epoch[057/100], iter[352/392], loss_total:0.25175, loss_equ:1.01758 loss_pq_vm:0.00590 loss_pq_va:0.04074 loss_pv_va:0.05022
INFO|2024-09-26 11:40:12: Epoch[057/100], iter[392/392], loss_total:0.36571, loss_equ:1.38452 loss_pq_vm:0.00801 loss_pq_va:0.06889 loss_pv_va:0.07821
INFO|2024-09-26 11:42:21: Epoch 56/100, lr:  0.00039702, eta: 9.69h, train_loss:  0.25651, valid_loss:  0.46763
INFO|2024-09-26 11:42:21: 	Train: PQ_Vm_rmse: 0.00016216  PQ_Va_rmse: 0.00125078  PV_Va_rmse: 0.00141983  delta_p: 0.01301478  delta_q: 0.00278747  
INFO|2024-09-26 11:42:21: 	ZTest: PQ_Vm_rmse: 0.00078086  PQ_Va_rmse: 0.00698775  PV_Va_rmse: 0.00794165  delta_p: 0.01694008  delta_q: 0.00606295  
INFO|2024-09-26 11:42:21: 	ZTest-ema: PQ_Vm_rmse: 0.000826  PQ_Va_rmse: 0.007090  PV_Va_rmse: 0.007900  delta_p: 0.014015  delta_q: 0.003014  
INFO|2024-09-26 11:42:21: 	           ValOfEMA:0.007900/0.007900,  Epoch:57/57
INFO|2024-09-26 11:42:21: 	Time(ep):811s,  Val(curr/best):0.007942/0.006098,  Epoch(curr/best):57/41
INFO|2024-09-26 11:42:21: -------------------- Epoch: 58 --------------------
INFO|2024-09-26 11:43:32: Epoch[058/100], iter[040/392], loss_total:0.33231, loss_equ:1.40624 loss_pq_vm:0.00692 loss_pq_va:0.05248 loss_pv_va:0.07003
INFO|2024-09-26 11:44:40: Epoch[058/100], iter[079/392], loss_total:0.24008, loss_equ:1.09902 loss_pq_vm:0.00580 loss_pq_va:0.03313 loss_pv_va:0.03908
INFO|2024-09-26 11:45:48: Epoch[058/100], iter[118/392], loss_total:0.23776, loss_equ:0.96932 loss_pq_vm:0.00540 loss_pq_va:0.03972 loss_pv_va:0.04709
INFO|2024-09-26 11:46:56: Epoch[058/100], iter[157/392], loss_total:0.22890, loss_equ:0.97525 loss_pq_vm:0.00613 loss_pq_va:0.03222 loss_pv_va:0.03788
INFO|2024-09-26 11:48:04: Epoch[058/100], iter[196/392], loss_total:0.24898, loss_equ:1.12403 loss_pq_vm:0.00560 loss_pq_va:0.04044 loss_pv_va:0.04009
INFO|2024-09-26 11:49:11: Epoch[058/100], iter[235/392], loss_total:0.24831, loss_equ:0.97471 loss_pq_vm:0.00549 loss_pq_va:0.04582 loss_pv_va:0.05012
INFO|2024-09-26 11:50:19: Epoch[058/100], iter[274/392], loss_total:0.24467, loss_equ:0.97367 loss_pq_vm:0.00662 loss_pq_va:0.03772 loss_pv_va:0.04340
INFO|2024-09-26 11:51:27: Epoch[058/100], iter[313/392], loss_total:0.23799, loss_equ:0.95279 loss_pq_vm:0.00634 loss_pq_va:0.03658 loss_pv_va:0.04272
INFO|2024-09-26 11:52:34: Epoch[058/100], iter[352/392], loss_total:0.23350, loss_equ:0.92250 loss_pq_vm:0.00565 loss_pq_va:0.03954 loss_pv_va:0.04520
INFO|2024-09-26 11:53:44: Epoch[058/100], iter[392/392], loss_total:0.24332, loss_equ:0.93698 loss_pq_vm:0.00520 loss_pq_va:0.04599 loss_pv_va:0.05167
INFO|2024-09-26 11:55:52: Epoch 57/100, lr:  0.00038190, eta: 9.45h, train_loss:  0.25482, valid_loss:  0.35984
INFO|2024-09-26 11:55:52: 	Train: PQ_Vm_rmse: 0.00020182  PQ_Va_rmse: 0.00120808  PV_Va_rmse: 0.00133803  delta_p: 0.01339450  delta_q: 0.00338297  
INFO|2024-09-26 11:55:52: 	ZTest: PQ_Vm_rmse: 0.00086836  PQ_Va_rmse: 0.00820273  PV_Va_rmse: 0.00906655  delta_p: 0.01053613  delta_q: 0.00419005  
INFO|2024-09-26 11:55:52: 	ZTest-ema: PQ_Vm_rmse: 0.000805  PQ_Va_rmse: 0.007141  PV_Va_rmse: 0.007936  delta_p: 0.005846  delta_q: 0.002795  
INFO|2024-09-26 11:55:52: 	           ValOfEMA:0.007936/0.007900,  Epoch:58/57
INFO|2024-09-26 11:55:53: 	Time(ep):810s,  Val(curr/best):0.009067/0.006098,  Epoch(curr/best):58/41
INFO|2024-09-26 11:55:53: -------------------- Epoch: 59 --------------------
INFO|2024-09-26 11:57:04: Epoch[059/100], iter[040/392], loss_total:0.28564, loss_equ:1.19027 loss_pq_vm:0.00692 loss_pq_va:0.04347 loss_pv_va:0.05397
INFO|2024-09-26 11:58:11: Epoch[059/100], iter[079/392], loss_total:0.26459, loss_equ:1.03616 loss_pq_vm:0.00817 loss_pq_va:0.03561 loss_pv_va:0.04366
INFO|2024-09-26 11:59:19: Epoch[059/100], iter[118/392], loss_total:0.23771, loss_equ:0.95838 loss_pq_vm:0.00580 loss_pq_va:0.03922 loss_pv_va:0.04465
INFO|2024-09-26 12:00:27: Epoch[059/100], iter[157/392], loss_total:0.23837, loss_equ:0.98768 loss_pq_vm:0.00636 loss_pq_va:0.03548 loss_pv_va:0.04056
INFO|2024-09-26 12:01:35: Epoch[059/100], iter[196/392], loss_total:0.22809, loss_equ:0.97739 loss_pq_vm:0.00541 loss_pq_va:0.03560 loss_pv_va:0.04066
INFO|2024-09-26 12:02:43: Epoch[059/100], iter[235/392], loss_total:0.23517, loss_equ:1.08015 loss_pq_vm:0.00571 loss_pq_va:0.03307 loss_pv_va:0.03694
INFO|2024-09-26 12:03:51: Epoch[059/100], iter[274/392], loss_total:0.21560, loss_equ:0.92392 loss_pq_vm:0.00515 loss_pq_va:0.03306 loss_pv_va:0.03864
INFO|2024-09-26 12:04:59: Epoch[059/100], iter[313/392], loss_total:0.21909, loss_equ:0.92207 loss_pq_vm:0.00556 loss_pq_va:0.03277 loss_pv_va:0.03851
INFO|2024-09-26 12:06:07: Epoch[059/100], iter[352/392], loss_total:0.26213, loss_equ:1.01753 loss_pq_vm:0.00617 loss_pq_va:0.04669 loss_pv_va:0.05203
INFO|2024-09-26 12:07:16: Epoch[059/100], iter[392/392], loss_total:0.27604, loss_equ:1.02879 loss_pq_vm:0.00801 loss_pq_va:0.04216 loss_pv_va:0.05087
INFO|2024-09-26 12:09:24: Epoch 58/100, lr:  0.00036690, eta: 9.24h, train_loss:  0.25109, valid_loss:  0.39047
INFO|2024-09-26 12:09:24: 	Train: PQ_Vm_rmse: 0.00019731  PQ_Va_rmse: 0.00105816  PV_Va_rmse: 0.00118009  delta_p: 0.01045601  delta_q: 0.00283282  
INFO|2024-09-26 12:09:24: 	ZTest: PQ_Vm_rmse: 0.00086615  PQ_Va_rmse: 0.00880937  PV_Va_rmse: 0.00970462  delta_p: 0.01325918  delta_q: 0.00558658  
INFO|2024-09-26 12:09:24: 	ZTest-ema: PQ_Vm_rmse: 0.000814  PQ_Va_rmse: 0.007136  PV_Va_rmse: 0.007924  delta_p: 0.006247  delta_q: 0.002865  
INFO|2024-09-26 12:09:24: 	           ValOfEMA:0.007924/0.007900,  Epoch:59/57
INFO|2024-09-26 12:09:25: 	Time(ep):811s,  Val(curr/best):0.009705/0.006098,  Epoch(curr/best):59/41
INFO|2024-09-26 12:09:25: -------------------- Epoch: 60 --------------------
INFO|2024-09-26 12:10:36: Epoch[060/100], iter[040/392], loss_total:0.27041, loss_equ:1.04368 loss_pq_vm:0.00768 loss_pq_va:0.04082 loss_pv_va:0.04841
INFO|2024-09-26 12:11:44: Epoch[060/100], iter[079/392], loss_total:0.26460, loss_equ:0.96094 loss_pq_vm:0.00546 loss_pq_va:0.05220 loss_pv_va:0.06171
INFO|2024-09-26 12:12:52: Epoch[060/100], iter[118/392], loss_total:0.23642, loss_equ:0.97087 loss_pq_vm:0.00540 loss_pq_va:0.04005 loss_pv_va:0.04526
INFO|2024-09-26 12:14:00: Epoch[060/100], iter[157/392], loss_total:0.23564, loss_equ:0.91211 loss_pq_vm:0.00557 loss_pq_va:0.04116 loss_pv_va:0.04752
INFO|2024-09-26 12:15:08: Epoch[060/100], iter[196/392], loss_total:0.25296, loss_equ:1.01389 loss_pq_vm:0.00606 loss_pq_va:0.04036 loss_pv_va:0.05065
INFO|2024-09-26 12:16:16: Epoch[060/100], iter[235/392], loss_total:0.25394, loss_equ:1.07311 loss_pq_vm:0.00567 loss_pq_va:0.04313 loss_pv_va:0.04675
INFO|2024-09-26 12:17:24: Epoch[060/100], iter[274/392], loss_total:0.26613, loss_equ:0.96983 loss_pq_vm:0.00715 loss_pq_va:0.04555 loss_pv_va:0.05208
INFO|2024-09-26 12:18:31: Epoch[060/100], iter[313/392], loss_total:0.23087, loss_equ:0.99810 loss_pq_vm:0.00579 loss_pq_va:0.03366 loss_pv_va:0.03947
INFO|2024-09-26 12:19:39: Epoch[060/100], iter[352/392], loss_total:0.40754, loss_equ:1.51828 loss_pq_vm:0.01160 loss_pq_va:0.06727 loss_pv_va:0.07248
INFO|2024-09-26 12:20:49: Epoch[060/100], iter[392/392], loss_total:0.26676, loss_equ:1.12440 loss_pq_vm:0.00676 loss_pq_va:0.04081 loss_pv_va:0.04595
INFO|2024-09-26 12:22:57: Epoch 59/100, lr:  0.00035204, eta: 9.02h, train_loss:  0.27260, valid_loss:  0.39700
INFO|2024-09-26 12:22:57: 	Train: PQ_Vm_rmse: 0.00019371  PQ_Va_rmse: 0.00156578  PV_Va_rmse: 0.00174701  delta_p: 0.01204399  delta_q: 0.00363608  
INFO|2024-09-26 12:22:57: 	ZTest: PQ_Vm_rmse: 0.00086065  PQ_Va_rmse: 0.00815264  PV_Va_rmse: 0.00900713  delta_p: 0.00941990  delta_q: 0.00500042  
INFO|2024-09-26 12:22:57: 	ZTest-ema: PQ_Vm_rmse: 0.000812  PQ_Va_rmse: 0.007249  PV_Va_rmse: 0.008059  delta_p: 0.007583  delta_q: 0.003011  
INFO|2024-09-26 12:22:57: 	           ValOfEMA:0.008059/0.007900,  Epoch:60/57
INFO|2024-09-26 12:22:58: 	Time(ep):811s,  Val(curr/best):0.009007/0.006098,  Epoch(curr/best):60/41
INFO|2024-09-26 12:22:58: -------------------- Epoch: 61 --------------------
INFO|2024-09-26 12:24:08: Epoch[061/100], iter[040/392], loss_total:0.26909, loss_equ:1.00842 loss_pq_vm:0.00826 loss_pq_va:0.03933 loss_pv_va:0.04631
INFO|2024-09-26 12:25:16: Epoch[061/100], iter[079/392], loss_total:0.23286, loss_equ:0.92337 loss_pq_vm:0.00548 loss_pq_va:0.04009 loss_pv_va:0.04563
INFO|2024-09-26 12:26:24: Epoch[061/100], iter[118/392], loss_total:0.21397, loss_equ:0.93485 loss_pq_vm:0.00497 loss_pq_va:0.03250 loss_pv_va:0.03831
INFO|2024-09-26 12:27:32: Epoch[061/100], iter[157/392], loss_total:0.23090, loss_equ:0.93039 loss_pq_vm:0.00575 loss_pq_va:0.03774 loss_pv_va:0.04266
INFO|2024-09-26 12:28:40: Epoch[061/100], iter[196/392], loss_total:0.21918, loss_equ:0.92518 loss_pq_vm:0.00550 loss_pq_va:0.03329 loss_pv_va:0.03840
INFO|2024-09-26 12:29:48: Epoch[061/100], iter[235/392], loss_total:0.24374, loss_equ:0.97387 loss_pq_vm:0.00588 loss_pq_va:0.04112 loss_pv_va:0.04644
INFO|2024-09-26 12:30:56: Epoch[061/100], iter[274/392], loss_total:0.24885, loss_equ:0.95972 loss_pq_vm:0.00732 loss_pq_va:0.03672 loss_pv_va:0.04294
INFO|2024-09-26 12:32:04: Epoch[061/100], iter[313/392], loss_total:0.22194, loss_equ:0.89217 loss_pq_vm:0.00562 loss_pq_va:0.03548 loss_pv_va:0.04107
INFO|2024-09-26 12:33:11: Epoch[061/100], iter[352/392], loss_total:0.24937, loss_equ:1.16278 loss_pq_vm:0.00548 loss_pq_va:0.03448 loss_pv_va:0.04377
INFO|2024-09-26 12:34:21: Epoch[061/100], iter[392/392], loss_total:0.24204, loss_equ:1.00101 loss_pq_vm:0.00583 loss_pq_va:0.03929 loss_pv_va:0.04431
INFO|2024-09-26 12:36:29: Epoch 60/100, lr:  0.00033732, eta: 8.79h, train_loss:  0.24286, valid_loss:  0.35462
INFO|2024-09-26 12:36:29: 	Train: PQ_Vm_rmse: 0.00016821  PQ_Va_rmse: 0.00111323  PV_Va_rmse: 0.00122903  delta_p: 0.01013436  delta_q: 0.00277796  
INFO|2024-09-26 12:36:29: 	ZTest: PQ_Vm_rmse: 0.00080481  PQ_Va_rmse: 0.00770583  PV_Va_rmse: 0.00855451  delta_p: 0.00778938  delta_q: 0.00373598  
INFO|2024-09-26 12:36:29: 	ZTest-ema: PQ_Vm_rmse: 0.000806  PQ_Va_rmse: 0.007151  PV_Va_rmse: 0.007918  delta_p: 0.005751  delta_q: 0.002643  
INFO|2024-09-26 12:36:29: 	           ValOfEMA:0.007918/0.007900,  Epoch:61/57
INFO|2024-09-26 12:36:30: 	Time(ep):811s,  Val(curr/best):0.008555/0.006098,  Epoch(curr/best):61/41
INFO|2024-09-26 12:36:30: -------------------- Epoch: 62 --------------------
INFO|2024-09-26 12:37:41: Epoch[062/100], iter[040/392], loss_total:0.23939, loss_equ:0.90991 loss_pq_vm:0.00580 loss_pq_va:0.04154 loss_pv_va:0.04881
INFO|2024-09-26 12:38:49: Epoch[062/100], iter[079/392], loss_total:0.27853, loss_equ:0.99407 loss_pq_vm:0.00692 loss_pq_va:0.05144 loss_pv_va:0.05845
INFO|2024-09-26 12:39:56: Epoch[062/100], iter[118/392], loss_total:0.22216, loss_equ:0.90715 loss_pq_vm:0.00586 loss_pq_va:0.03417 loss_pv_va:0.03869
INFO|2024-09-26 12:41:04: Epoch[062/100], iter[157/392], loss_total:0.22657, loss_equ:0.90866 loss_pq_vm:0.00626 loss_pq_va:0.03350 loss_pv_va:0.03956
INFO|2024-09-26 12:42:12: Epoch[062/100], iter[196/392], loss_total:0.21069, loss_equ:0.90492 loss_pq_vm:0.00577 loss_pq_va:0.02890 loss_pv_va:0.03357
INFO|2024-09-26 12:43:20: Epoch[062/100], iter[235/392], loss_total:0.22503, loss_equ:0.91737 loss_pq_vm:0.00602 loss_pq_va:0.03426 loss_pv_va:0.03887
INFO|2024-09-26 12:44:27: Epoch[062/100], iter[274/392], loss_total:0.22645, loss_equ:0.88339 loss_pq_vm:0.00502 loss_pq_va:0.04138 loss_pv_va:0.04655
INFO|2024-09-26 12:45:35: Epoch[062/100], iter[313/392], loss_total:0.22151, loss_equ:0.89734 loss_pq_vm:0.00496 loss_pq_va:0.03788 loss_pv_va:0.04430
INFO|2024-09-26 12:46:43: Epoch[062/100], iter[352/392], loss_total:0.24200, loss_equ:1.01801 loss_pq_vm:0.00551 loss_pq_va:0.03994 loss_pv_va:0.04520
INFO|2024-09-26 12:47:53: Epoch[062/100], iter[392/392], loss_total:0.23384, loss_equ:0.98586 loss_pq_vm:0.00546 loss_pq_va:0.03660 loss_pv_va:0.04403
INFO|2024-09-26 12:50:01: Epoch 61/100, lr:  0.00032278, eta: 8.56h, train_loss:  0.23328, valid_loss:  0.34225
INFO|2024-09-26 12:50:01: 	Train: PQ_Vm_rmse: 0.00015801  PQ_Va_rmse: 0.00095669  PV_Va_rmse: 0.00102875  delta_p: 0.00762772  delta_q: 0.00240594  
INFO|2024-09-26 12:50:01: 	ZTest: PQ_Vm_rmse: 0.00078878  PQ_Va_rmse: 0.00697565  PV_Va_rmse: 0.00775915  delta_p: 0.01168411  delta_q: 0.00355539  
INFO|2024-09-26 12:50:01: 	ZTest-ema: PQ_Vm_rmse: 0.000813  PQ_Va_rmse: 0.007139  PV_Va_rmse: 0.007915  delta_p: 0.007322  delta_q: 0.002769  
INFO|2024-09-26 12:50:01: 	           ValOfEMA:0.007915/0.007900,  Epoch:62/57
INFO|2024-09-26 12:50:02: 	Time(ep):811s,  Val(curr/best):0.007759/0.006098,  Epoch(curr/best):62/41
INFO|2024-09-26 12:50:02: -------------------- Epoch: 63 --------------------
INFO|2024-09-26 12:51:13: Epoch[063/100], iter[040/392], loss_total:0.21730, loss_equ:0.90989 loss_pq_vm:0.00516 loss_pq_va:0.03496 loss_pv_va:0.03970
INFO|2024-09-26 12:52:20: Epoch[063/100], iter[079/392], loss_total:0.23265, loss_equ:0.92011 loss_pq_vm:0.00500 loss_pq_va:0.04171 loss_pv_va:0.04890
INFO|2024-09-26 12:53:28: Epoch[063/100], iter[118/392], loss_total:0.22525, loss_equ:0.98577 loss_pq_vm:0.00564 loss_pq_va:0.03229 loss_pv_va:0.03800
INFO|2024-09-26 12:54:36: Epoch[063/100], iter[157/392], loss_total:0.23707, loss_equ:0.92561 loss_pq_vm:0.00657 loss_pq_va:0.03668 loss_pv_va:0.04216
INFO|2024-09-26 12:55:44: Epoch[063/100], iter[196/392], loss_total:0.21600, loss_equ:0.93603 loss_pq_vm:0.00500 loss_pq_va:0.03295 loss_pv_va:0.03947
INFO|2024-09-26 12:56:51: Epoch[063/100], iter[235/392], loss_total:0.23917, loss_equ:0.93172 loss_pq_vm:0.00605 loss_pq_va:0.03945 loss_pv_va:0.04607
INFO|2024-09-26 12:57:59: Epoch[063/100], iter[274/392], loss_total:0.21271, loss_equ:0.87407 loss_pq_vm:0.00556 loss_pq_va:0.03218 loss_pv_va:0.03752
INFO|2024-09-26 12:59:06: Epoch[063/100], iter[313/392], loss_total:0.20916, loss_equ:0.88842 loss_pq_vm:0.00483 loss_pq_va:0.03401 loss_pv_va:0.03804
INFO|2024-09-26 13:00:14: Epoch[063/100], iter[352/392], loss_total:0.23649, loss_equ:1.01352 loss_pq_vm:0.00526 loss_pq_va:0.04170 loss_pv_va:0.04083
INFO|2024-09-26 13:01:24: Epoch[063/100], iter[392/392], loss_total:0.22149, loss_equ:0.93826 loss_pq_vm:0.00529 loss_pq_va:0.03553 loss_pv_va:0.03928
INFO|2024-09-26 13:03:32: Epoch 62/100, lr:  0.00030841, eta: 8.33h, train_loss:  0.22792, valid_loss:  0.34200
INFO|2024-09-26 13:03:32: 	Train: PQ_Vm_rmse: 0.00015464  PQ_Va_rmse: 0.00105674  PV_Va_rmse: 0.00117278  delta_p: 0.01129647  delta_q: 0.00239169  
INFO|2024-09-26 13:03:32: 	ZTest: PQ_Vm_rmse: 0.00084266  PQ_Va_rmse: 0.00761973  PV_Va_rmse: 0.00845395  delta_p: 0.00845077  delta_q: 0.00400349  
INFO|2024-09-26 13:03:32: 	ZTest-ema: PQ_Vm_rmse: 0.000777  PQ_Va_rmse: 0.007174  PV_Va_rmse: 0.007955  delta_p: 0.005517  delta_q: 0.002300  
INFO|2024-09-26 13:03:32: 	           ValOfEMA:0.007955/0.007900,  Epoch:63/57
INFO|2024-09-26 13:03:33: 	Time(ep):810s,  Val(curr/best):0.008454/0.006098,  Epoch(curr/best):63/41
INFO|2024-09-26 13:03:33: -------------------- Epoch: 64 --------------------
INFO|2024-09-26 13:04:44: Epoch[064/100], iter[040/392], loss_total:0.20692, loss_equ:0.88504 loss_pq_vm:0.00505 loss_pq_va:0.03194 loss_pv_va:0.03600
INFO|2024-09-26 13:05:51: Epoch[064/100], iter[079/392], loss_total:0.20548, loss_equ:0.89999 loss_pq_vm:0.00503 loss_pq_va:0.03023 loss_pv_va:0.03492
INFO|2024-09-26 13:06:59: Epoch[064/100], iter[118/392], loss_total:0.23685, loss_equ:0.93830 loss_pq_vm:0.00524 loss_pq_va:0.04204 loss_pv_va:0.04855
INFO|2024-09-26 13:08:07: Epoch[064/100], iter[157/392], loss_total:0.26775, loss_equ:1.07808 loss_pq_vm:0.00565 loss_pq_va:0.04470 loss_pv_va:0.05869
INFO|2024-09-26 13:09:14: Epoch[064/100], iter[196/392], loss_total:0.27133, loss_equ:0.96891 loss_pq_vm:0.00639 loss_pq_va:0.05232 loss_pv_va:0.05818
INFO|2024-09-26 13:10:23: Epoch[064/100], iter[235/392], loss_total:0.29555, loss_equ:0.91490 loss_pq_vm:0.00555 loss_pq_va:0.06997 loss_pv_va:0.07861
INFO|2024-09-26 13:11:31: Epoch[064/100], iter[274/392], loss_total:0.26184, loss_equ:1.02147 loss_pq_vm:0.00608 loss_pq_va:0.04631 loss_pv_va:0.05260
INFO|2024-09-26 13:12:38: Epoch[064/100], iter[313/392], loss_total:0.22395, loss_equ:0.96993 loss_pq_vm:0.00576 loss_pq_va:0.03238 loss_pv_va:0.03697
INFO|2024-09-26 13:13:46: Epoch[064/100], iter[352/392], loss_total:0.22519, loss_equ:0.91107 loss_pq_vm:0.00560 loss_pq_va:0.03692 loss_pv_va:0.04121
INFO|2024-09-26 13:14:55: Epoch[064/100], iter[392/392], loss_total:0.22731, loss_equ:0.93658 loss_pq_vm:0.00628 loss_pq_va:0.03274 loss_pv_va:0.03809
INFO|2024-09-26 13:17:04: Epoch 63/100, lr:  0.00029424, eta: 8.11h, train_loss:  0.24208, valid_loss:  0.34032
INFO|2024-09-26 13:17:04: 	Train: PQ_Vm_rmse: 0.00015809  PQ_Va_rmse: 0.00126665  PV_Va_rmse: 0.00137048  delta_p: 0.00830539  delta_q: 0.00252432  
INFO|2024-09-26 13:17:04: 	ZTest: PQ_Vm_rmse: 0.00081180  PQ_Va_rmse: 0.00782154  PV_Va_rmse: 0.00854917  delta_p: 0.01831710  delta_q: 0.00342128  
INFO|2024-09-26 13:17:04: 	ZTest-ema: PQ_Vm_rmse: 0.000778  PQ_Va_rmse: 0.007328  PV_Va_rmse: 0.008117  delta_p: 0.005479  delta_q: 0.002391  
INFO|2024-09-26 13:17:04: 	           ValOfEMA:0.008117/0.007900,  Epoch:64/57
INFO|2024-09-26 13:17:05: 	Time(ep):810s,  Val(curr/best):0.008549/0.006098,  Epoch(curr/best):64/41
INFO|2024-09-26 13:17:05: -------------------- Epoch: 65 --------------------
INFO|2024-09-26 13:18:15: Epoch[065/100], iter[040/392], loss_total:0.23140, loss_equ:1.05781 loss_pq_vm:0.00543 loss_pq_va:0.03423 loss_pv_va:0.03704
INFO|2024-09-26 13:19:23: Epoch[065/100], iter[079/392], loss_total:0.20104, loss_equ:0.89789 loss_pq_vm:0.00469 loss_pq_va:0.02996 loss_pv_va:0.03438
INFO|2024-09-26 13:20:30: Epoch[065/100], iter[118/392], loss_total:0.27481, loss_equ:0.93281 loss_pq_vm:0.00666 loss_pq_va:0.05375 loss_pv_va:0.06122
INFO|2024-09-26 13:21:38: Epoch[065/100], iter[157/392], loss_total:0.27539, loss_equ:1.05790 loss_pq_vm:0.00714 loss_pq_va:0.04549 loss_pv_va:0.05276
INFO|2024-09-26 13:22:46: Epoch[065/100], iter[196/392], loss_total:0.24493, loss_equ:0.95880 loss_pq_vm:0.00659 loss_pq_va:0.03895 loss_pv_va:0.04424
INFO|2024-09-26 13:23:54: Epoch[065/100], iter[235/392], loss_total:0.21499, loss_equ:0.88371 loss_pq_vm:0.00568 loss_pq_va:0.03241 loss_pv_va:0.03742
INFO|2024-09-26 13:25:01: Epoch[065/100], iter[274/392], loss_total:0.20984, loss_equ:0.90656 loss_pq_vm:0.00487 loss_pq_va:0.03151 loss_pv_va:0.03895
INFO|2024-09-26 13:26:09: Epoch[065/100], iter[313/392], loss_total:0.23786, loss_equ:1.01027 loss_pq_vm:0.00584 loss_pq_va:0.03658 loss_pv_va:0.04183
INFO|2024-09-26 13:27:17: Epoch[065/100], iter[352/392], loss_total:0.29055, loss_equ:1.06889 loss_pq_vm:0.00740 loss_pq_va:0.05081 loss_pv_va:0.05886
INFO|2024-09-26 13:28:27: Epoch[065/100], iter[392/392], loss_total:0.23549, loss_equ:0.93486 loss_pq_vm:0.00510 loss_pq_va:0.04197 loss_pv_va:0.04905
INFO|2024-09-26 13:30:36: Epoch 64/100, lr:  0.00028027, eta: 7.89h, train_loss:  0.23960, valid_loss:  0.35698
INFO|2024-09-26 13:30:36: 	Train: PQ_Vm_rmse: 0.00013489  PQ_Va_rmse: 0.00099562  PV_Va_rmse: 0.00111212  delta_p: 0.00879309  delta_q: 0.00275143  
INFO|2024-09-26 13:30:36: 	ZTest: PQ_Vm_rmse: 0.00077901  PQ_Va_rmse: 0.00673107  PV_Va_rmse: 0.00750207  delta_p: 0.00775229  delta_q: 0.00314317  
INFO|2024-09-26 13:30:36: 	ZTest-ema: PQ_Vm_rmse: 0.000788  PQ_Va_rmse: 0.007385  PV_Va_rmse: 0.008190  delta_p: 0.006536  delta_q: 0.002666  
INFO|2024-09-26 13:30:36: 	           ValOfEMA:0.008190/0.007900,  Epoch:65/57
INFO|2024-09-26 13:30:37: 	Time(ep):811s,  Val(curr/best):0.007502/0.006098,  Epoch(curr/best):65/41
INFO|2024-09-26 13:30:37: -------------------- Epoch: 66 --------------------
INFO|2024-09-26 13:31:47: Epoch[066/100], iter[040/392], loss_total:0.21869, loss_equ:0.92482 loss_pq_vm:0.00588 loss_pq_va:0.03087 loss_pv_va:0.03656
INFO|2024-09-26 13:32:55: Epoch[066/100], iter[079/392], loss_total:0.23409, loss_equ:0.99227 loss_pq_vm:0.00553 loss_pq_va:0.03612 loss_pv_va:0.04349
INFO|2024-09-26 13:34:03: Epoch[066/100], iter[118/392], loss_total:0.21264, loss_equ:0.88958 loss_pq_vm:0.00551 loss_pq_va:0.03209 loss_pv_va:0.03648
INFO|2024-09-26 13:35:11: Epoch[066/100], iter[157/392], loss_total:0.21345, loss_equ:0.89122 loss_pq_vm:0.00491 loss_pq_va:0.03537 loss_pv_va:0.03984
INFO|2024-09-26 13:36:19: Epoch[066/100], iter[196/392], loss_total:0.20075, loss_equ:0.87148 loss_pq_vm:0.00506 loss_pq_va:0.02881 loss_pv_va:0.03414
INFO|2024-09-26 13:37:27: Epoch[066/100], iter[235/392], loss_total:0.20606, loss_equ:0.85827 loss_pq_vm:0.00556 loss_pq_va:0.02954 loss_pv_va:0.03513
INFO|2024-09-26 13:38:35: Epoch[066/100], iter[274/392], loss_total:0.19716, loss_equ:0.85546 loss_pq_vm:0.00457 loss_pq_va:0.03083 loss_pv_va:0.03509
INFO|2024-09-26 13:39:43: Epoch[066/100], iter[313/392], loss_total:0.19374, loss_equ:0.85376 loss_pq_vm:0.00474 loss_pq_va:0.02839 loss_pv_va:0.03259
INFO|2024-09-26 13:40:50: Epoch[066/100], iter[352/392], loss_total:0.22831, loss_equ:0.85602 loss_pq_vm:0.00528 loss_pq_va:0.04208 loss_pv_va:0.04780
INFO|2024-09-26 13:42:00: Epoch[066/100], iter[392/392], loss_total:0.19572, loss_equ:0.83721 loss_pq_vm:0.00492 loss_pq_va:0.02922 loss_pv_va:0.03356
INFO|2024-09-26 13:44:09: Epoch 65/100, lr:  0.00026653, eta: 7.67h, train_loss:  0.21543, valid_loss:  0.33580
INFO|2024-09-26 13:44:09: 	Train: PQ_Vm_rmse: 0.00013244  PQ_Va_rmse: 0.00080280  PV_Va_rmse: 0.00090355  delta_p: 0.00822820  delta_q: 0.00224702  
INFO|2024-09-26 13:44:09: 	ZTest: PQ_Vm_rmse: 0.00088425  PQ_Va_rmse: 0.00810092  PV_Va_rmse: 0.00906478  delta_p: 0.00936407  delta_q: 0.00319405  
INFO|2024-09-26 13:44:09: 	ZTest-ema: PQ_Vm_rmse: 0.000836  PQ_Va_rmse: 0.007339  PV_Va_rmse: 0.008165  delta_p: 0.005157  delta_q: 0.002497  
INFO|2024-09-26 13:44:09: 	           ValOfEMA:0.008165/0.007900,  Epoch:66/57
INFO|2024-09-26 13:44:10: 	Time(ep):812s,  Val(curr/best):0.009065/0.006098,  Epoch(curr/best):66/41
INFO|2024-09-26 13:44:10: -------------------- Epoch: 67 --------------------
INFO|2024-09-26 13:45:21: Epoch[067/100], iter[040/392], loss_total:0.22846, loss_equ:0.98411 loss_pq_vm:0.00531 loss_pq_va:0.03695 loss_pv_va:0.03995
INFO|2024-09-26 13:46:28: Epoch[067/100], iter[079/392], loss_total:0.19972, loss_equ:0.87896 loss_pq_vm:0.00473 loss_pq_va:0.03098 loss_pv_va:0.03358
INFO|2024-09-26 13:47:36: Epoch[067/100], iter[118/392], loss_total:0.19782, loss_equ:0.88199 loss_pq_vm:0.00471 loss_pq_va:0.02866 loss_pv_va:0.03388
INFO|2024-09-26 13:48:44: Epoch[067/100], iter[157/392], loss_total:0.20959, loss_equ:0.84486 loss_pq_vm:0.00486 loss_pq_va:0.03563 loss_pv_va:0.04082
INFO|2024-09-26 13:49:52: Epoch[067/100], iter[196/392], loss_total:0.21217, loss_equ:0.85966 loss_pq_vm:0.00525 loss_pq_va:0.03388 loss_pv_va:0.03978
INFO|2024-09-26 13:51:00: Epoch[067/100], iter[235/392], loss_total:0.22254, loss_equ:0.87604 loss_pq_vm:0.00542 loss_pq_va:0.03804 loss_pv_va:0.04266
INFO|2024-09-26 13:52:07: Epoch[067/100], iter[274/392], loss_total:0.19109, loss_equ:0.83092 loss_pq_vm:0.00475 loss_pq_va:0.02790 loss_pv_va:0.03259
INFO|2024-09-26 13:53:15: Epoch[067/100], iter[313/392], loss_total:0.19920, loss_equ:0.83369 loss_pq_vm:0.00505 loss_pq_va:0.03017 loss_pv_va:0.03516
INFO|2024-09-26 13:54:22: Epoch[067/100], iter[352/392], loss_total:0.22386, loss_equ:0.85864 loss_pq_vm:0.00466 loss_pq_va:0.04272 loss_pv_va:0.04870
INFO|2024-09-26 13:55:32: Epoch[067/100], iter[392/392], loss_total:0.19798, loss_equ:0.83100 loss_pq_vm:0.00489 loss_pq_va:0.03125 loss_pv_va:0.03474
INFO|2024-09-26 13:57:40: Epoch 66/100, lr:  0.00025302, eta: 7.43h, train_loss:  0.21151, valid_loss:  0.31597
INFO|2024-09-26 13:57:40: 	Train: PQ_Vm_rmse: 0.00012398  PQ_Va_rmse: 0.00085357  PV_Va_rmse: 0.00093578  delta_p: 0.00572840  delta_q: 0.00187682  
INFO|2024-09-26 13:57:40: 	ZTest: PQ_Vm_rmse: 0.00085721  PQ_Va_rmse: 0.00675438  PV_Va_rmse: 0.00751056  delta_p: 0.00622194  delta_q: 0.00357408  
INFO|2024-09-26 13:57:40: 	ZTest-ema: PQ_Vm_rmse: 0.000838  PQ_Va_rmse: 0.007253  PV_Va_rmse: 0.008090  delta_p: 0.004958  delta_q: 0.002323  
INFO|2024-09-26 13:57:40: 	           ValOfEMA:0.008090/0.007900,  Epoch:67/57
INFO|2024-09-26 13:57:41: 	Time(ep):810s,  Val(curr/best):0.007511/0.006098,  Epoch(curr/best):67/41
INFO|2024-09-26 13:57:41: -------------------- Epoch: 68 --------------------
INFO|2024-09-26 13:58:52: Epoch[068/100], iter[040/392], loss_total:0.21590, loss_equ:0.85956 loss_pq_vm:0.00538 loss_pq_va:0.03532 loss_pv_va:0.04082
INFO|2024-09-26 13:59:59: Epoch[068/100], iter[079/392], loss_total:0.20577, loss_equ:0.87202 loss_pq_vm:0.00484 loss_pq_va:0.03234 loss_pv_va:0.03785
INFO|2024-09-26 14:01:07: Epoch[068/100], iter[118/392], loss_total:0.24408, loss_equ:1.01318 loss_pq_vm:0.00550 loss_pq_va:0.04099 loss_pv_va:0.04679
INFO|2024-09-26 14:02:15: Epoch[068/100], iter[157/392], loss_total:0.23962, loss_equ:1.09049 loss_pq_vm:0.00540 loss_pq_va:0.03346 loss_pv_va:0.04309
INFO|2024-09-26 14:03:23: Epoch[068/100], iter[196/392], loss_total:0.20905, loss_equ:0.91643 loss_pq_vm:0.00495 loss_pq_va:0.03164 loss_pv_va:0.03628
INFO|2024-09-26 14:04:31: Epoch[068/100], iter[235/392], loss_total:0.22478, loss_equ:0.87460 loss_pq_vm:0.00519 loss_pq_va:0.04013 loss_pv_va:0.04527
INFO|2024-09-26 14:05:39: Epoch[068/100], iter[274/392], loss_total:0.27058, loss_equ:0.88533 loss_pq_vm:0.00558 loss_pq_va:0.05893 loss_pv_va:0.06730
INFO|2024-09-26 14:06:46: Epoch[068/100], iter[313/392], loss_total:0.22060, loss_equ:0.96821 loss_pq_vm:0.00509 loss_pq_va:0.03472 loss_pv_va:0.03820
INFO|2024-09-26 14:07:54: Epoch[068/100], iter[352/392], loss_total:0.22100, loss_equ:0.90899 loss_pq_vm:0.00480 loss_pq_va:0.03853 loss_pv_va:0.04361
INFO|2024-09-26 14:09:03: Epoch[068/100], iter[392/392], loss_total:0.19536, loss_equ:0.85203 loss_pq_vm:0.00493 loss_pq_va:0.02791 loss_pv_va:0.03300
INFO|2024-09-26 14:11:12: Epoch 67/100, lr:  0.00023977, eta: 7.21h, train_loss:  0.22266, valid_loss:  0.31266
INFO|2024-09-26 14:11:12: 	Train: PQ_Vm_rmse: 0.00012287  PQ_Va_rmse: 0.00091290  PV_Va_rmse: 0.00103479  delta_p: 0.00800171  delta_q: 0.00213231  
INFO|2024-09-26 14:11:12: 	ZTest: PQ_Vm_rmse: 0.00083393  PQ_Va_rmse: 0.00682393  PV_Va_rmse: 0.00760987  delta_p: 0.00631986  delta_q: 0.00285185  
INFO|2024-09-26 14:11:12: 	ZTest-ema: PQ_Vm_rmse: 0.000831  PQ_Va_rmse: 0.007308  PV_Va_rmse: 0.008136  delta_p: 0.007735  delta_q: 0.002471  
INFO|2024-09-26 14:11:12: 	           ValOfEMA:0.008136/0.007900,  Epoch:68/57
INFO|2024-09-26 14:11:12: 	Time(ep):811s,  Val(curr/best):0.007610/0.006098,  Epoch(curr/best):68/41
INFO|2024-09-26 14:11:12: -------------------- Epoch: 69 --------------------
INFO|2024-09-26 14:12:24: Epoch[069/100], iter[040/392], loss_total:0.20190, loss_equ:0.84521 loss_pq_vm:0.00469 loss_pq_va:0.03258 loss_pv_va:0.03785
INFO|2024-09-26 14:13:31: Epoch[069/100], iter[079/392], loss_total:0.24510, loss_equ:0.86363 loss_pq_vm:0.00576 loss_pq_va:0.04756 loss_pv_va:0.05354
INFO|2024-09-26 14:14:39: Epoch[069/100], iter[118/392], loss_total:0.21043, loss_equ:0.86798 loss_pq_vm:0.00476 loss_pq_va:0.03572 loss_pv_va:0.04036
INFO|2024-09-26 14:15:47: Epoch[069/100], iter[157/392], loss_total:0.20398, loss_equ:0.83110 loss_pq_vm:0.00483 loss_pq_va:0.03385 loss_pv_va:0.03871
INFO|2024-09-26 14:16:55: Epoch[069/100], iter[196/392], loss_total:0.19483, loss_equ:0.84834 loss_pq_vm:0.00455 loss_pq_va:0.03001 loss_pv_va:0.03451
INFO|2024-09-26 14:18:03: Epoch[069/100], iter[235/392], loss_total:0.21434, loss_equ:0.91372 loss_pq_vm:0.00534 loss_pq_va:0.03121 loss_pv_va:0.03836
INFO|2024-09-26 14:19:11: Epoch[069/100], iter[274/392], loss_total:0.20589, loss_equ:0.88281 loss_pq_vm:0.00464 loss_pq_va:0.03323 loss_pv_va:0.03802
INFO|2024-09-26 14:20:19: Epoch[069/100], iter[313/392], loss_total:0.19131, loss_equ:0.83949 loss_pq_vm:0.00430 loss_pq_va:0.02954 loss_pv_va:0.03487
INFO|2024-09-26 14:21:26: Epoch[069/100], iter[352/392], loss_total:0.18705, loss_equ:0.82551 loss_pq_vm:0.00437 loss_pq_va:0.02802 loss_pv_va:0.03278
INFO|2024-09-26 14:22:36: Epoch[069/100], iter[392/392], loss_total:0.19260, loss_equ:0.82279 loss_pq_vm:0.00464 loss_pq_va:0.02971 loss_pv_va:0.03419
INFO|2024-09-26 14:24:44: Epoch 68/100, lr:  0.00022677, eta: 6.99h, train_loss:  0.20245, valid_loss:  0.30896
INFO|2024-09-26 14:24:44: 	Train: PQ_Vm_rmse: 0.00010440  PQ_Va_rmse: 0.00078309  PV_Va_rmse: 0.00087608  delta_p: 0.00703585  delta_q: 0.00166374  
INFO|2024-09-26 14:24:44: 	ZTest: PQ_Vm_rmse: 0.00082078  PQ_Va_rmse: 0.00705634  PV_Va_rmse: 0.00782656  delta_p: 0.00576510  delta_q: 0.00277001  
INFO|2024-09-26 14:24:44: 	ZTest-ema: PQ_Vm_rmse: 0.000827  PQ_Va_rmse: 0.007278  PV_Va_rmse: 0.008097  delta_p: 0.005312  delta_q: 0.002214  
INFO|2024-09-26 14:24:44: 	           ValOfEMA:0.008097/0.007900,  Epoch:69/57
INFO|2024-09-26 14:24:45: 	Time(ep):811s,  Val(curr/best):0.007827/0.006098,  Epoch(curr/best):69/41
INFO|2024-09-26 14:24:45: -------------------- Epoch: 70 --------------------
INFO|2024-09-26 14:25:56: Epoch[070/100], iter[040/392], loss_total:0.19458, loss_equ:0.81887 loss_pq_vm:0.00505 loss_pq_va:0.02859 loss_pv_va:0.03358
INFO|2024-09-26 14:27:04: Epoch[070/100], iter[079/392], loss_total:0.19715, loss_equ:0.81841 loss_pq_vm:0.00501 loss_pq_va:0.03049 loss_pv_va:0.03473
INFO|2024-09-26 14:28:12: Epoch[070/100], iter[118/392], loss_total:0.19922, loss_equ:0.83263 loss_pq_vm:0.00463 loss_pq_va:0.03256 loss_pv_va:0.03713
INFO|2024-09-26 14:29:20: Epoch[070/100], iter[157/392], loss_total:0.21296, loss_equ:0.95279 loss_pq_vm:0.00472 loss_pq_va:0.03301 loss_pv_va:0.03745
INFO|2024-09-26 14:30:28: Epoch[070/100], iter[196/392], loss_total:0.20039, loss_equ:0.90773 loss_pq_vm:0.00477 loss_pq_va:0.02824 loss_pv_va:0.03369
INFO|2024-09-26 14:31:35: Epoch[070/100], iter[235/392], loss_total:0.20140, loss_equ:0.83895 loss_pq_vm:0.00480 loss_pq_va:0.03279 loss_pv_va:0.03676
INFO|2024-09-26 14:32:43: Epoch[070/100], iter[274/392], loss_total:0.19403, loss_equ:0.86175 loss_pq_vm:0.00434 loss_pq_va:0.02927 loss_pv_va:0.03515
INFO|2024-09-26 14:33:51: Epoch[070/100], iter[313/392], loss_total:0.20570, loss_equ:0.86684 loss_pq_vm:0.00447 loss_pq_va:0.03435 loss_pv_va:0.03998
INFO|2024-09-26 14:34:58: Epoch[070/100], iter[352/392], loss_total:0.21876, loss_equ:0.87644 loss_pq_vm:0.00566 loss_pq_va:0.03461 loss_pv_va:0.03994
INFO|2024-09-26 14:36:07: Epoch[070/100], iter[392/392], loss_total:0.22133, loss_equ:0.88558 loss_pq_vm:0.00494 loss_pq_va:0.03897 loss_pv_va:0.04437
INFO|2024-09-26 14:38:16: Epoch 69/100, lr:  0.00021405, eta: 6.75h, train_loss:  0.20586, valid_loss:  0.32722
INFO|2024-09-26 14:38:16: 	Train: PQ_Vm_rmse: 0.00011067  PQ_Va_rmse: 0.00079844  PV_Va_rmse: 0.00089823  delta_p: 0.00607748  delta_q: 0.00183940  
INFO|2024-09-26 14:38:16: 	ZTest: PQ_Vm_rmse: 0.00085027  PQ_Va_rmse: 0.00773367  PV_Va_rmse: 0.00851325  delta_p: 0.00819018  delta_q: 0.00288341  
INFO|2024-09-26 14:38:16: 	ZTest-ema: PQ_Vm_rmse: 0.000866  PQ_Va_rmse: 0.007569  PV_Va_rmse: 0.008299  delta_p: 0.007274  delta_q: 0.002364  
INFO|2024-09-26 14:38:16: 	           ValOfEMA:0.008299/0.007900,  Epoch:70/57
INFO|2024-09-26 14:38:17: 	Time(ep):810s,  Val(curr/best):0.008513/0.006098,  Epoch(curr/best):70/41
INFO|2024-09-26 14:38:17: -------------------- Epoch: 71 --------------------
INFO|2024-09-26 14:39:27: Epoch[071/100], iter[040/392], loss_total:0.19822, loss_equ:0.85096 loss_pq_vm:0.00458 loss_pq_va:0.03115 loss_pv_va:0.03612
INFO|2024-09-26 14:40:35: Epoch[071/100], iter[079/392], loss_total:0.19245, loss_equ:0.82841 loss_pq_vm:0.00427 loss_pq_va:0.03152 loss_pv_va:0.03537
INFO|2024-09-26 14:41:43: Epoch[071/100], iter[118/392], loss_total:0.18682, loss_equ:0.81759 loss_pq_vm:0.00447 loss_pq_va:0.02787 loss_pv_va:0.03249
INFO|2024-09-26 14:42:50: Epoch[071/100], iter[157/392], loss_total:0.18922, loss_equ:0.82560 loss_pq_vm:0.00447 loss_pq_va:0.02882 loss_pv_va:0.03311
INFO|2024-09-26 14:43:57: Epoch[071/100], iter[196/392], loss_total:0.19355, loss_equ:0.83910 loss_pq_vm:0.00454 loss_pq_va:0.02993 loss_pv_va:0.03429
INFO|2024-09-26 14:45:05: Epoch[071/100], iter[235/392], loss_total:0.18972, loss_equ:0.86513 loss_pq_vm:0.00432 loss_pq_va:0.02761 loss_pv_va:0.03236
INFO|2024-09-26 14:46:13: Epoch[071/100], iter[274/392], loss_total:0.20989, loss_equ:0.86849 loss_pq_vm:0.00567 loss_pq_va:0.03054 loss_pv_va:0.03582
INFO|2024-09-26 14:47:20: Epoch[071/100], iter[313/392], loss_total:0.22171, loss_equ:0.87924 loss_pq_vm:0.00511 loss_pq_va:0.03903 loss_pv_va:0.04361
INFO|2024-09-26 14:48:28: Epoch[071/100], iter[352/392], loss_total:0.21580, loss_equ:0.90374 loss_pq_vm:0.00488 loss_pq_va:0.03726 loss_pv_va:0.03933
INFO|2024-09-26 14:49:38: Epoch[071/100], iter[392/392], loss_total:0.20220, loss_equ:0.85552 loss_pq_vm:0.00512 loss_pq_va:0.03061 loss_pv_va:0.03481
INFO|2024-09-26 14:51:47: Epoch 70/100, lr:  0.00020161, eta: 6.52h, train_loss:  0.19867, valid_loss:  0.31232
INFO|2024-09-26 14:51:47: 	Train: PQ_Vm_rmse: 0.00009862  PQ_Va_rmse: 0.00064046  PV_Va_rmse: 0.00069545  delta_p: 0.00709278  delta_q: 0.00166153  
INFO|2024-09-26 14:51:47: 	ZTest: PQ_Vm_rmse: 0.00084942  PQ_Va_rmse: 0.00745933  PV_Va_rmse: 0.00812864  delta_p: 0.00591926  delta_q: 0.00314480  
INFO|2024-09-26 14:51:47: 	ZTest-ema: PQ_Vm_rmse: 0.000847  PQ_Va_rmse: 0.007454  PV_Va_rmse: 0.008149  delta_p: 0.005719  delta_q: 0.002237  
INFO|2024-09-26 14:51:47: 	           ValOfEMA:0.008149/0.007900,  Epoch:71/57
INFO|2024-09-26 14:51:47: 	Time(ep):809s,  Val(curr/best):0.008129/0.006098,  Epoch(curr/best):71/41
INFO|2024-09-26 14:51:47: -------------------- Epoch: 72 --------------------
INFO|2024-09-26 14:52:58: Epoch[072/100], iter[040/392], loss_total:0.18483, loss_equ:0.85332 loss_pq_vm:0.00422 loss_pq_va:0.02623 loss_pv_va:0.03111
INFO|2024-09-26 14:54:06: Epoch[072/100], iter[079/392], loss_total:0.18833, loss_equ:0.82363 loss_pq_vm:0.00418 loss_pq_va:0.02935 loss_pv_va:0.03484
INFO|2024-09-26 14:55:14: Epoch[072/100], iter[118/392], loss_total:0.21259, loss_equ:0.91243 loss_pq_vm:0.00497 loss_pq_va:0.03380 loss_pv_va:0.03779
INFO|2024-09-26 14:56:22: Epoch[072/100], iter[157/392], loss_total:0.18493, loss_equ:0.81983 loss_pq_vm:0.00434 loss_pq_va:0.02755 loss_pv_va:0.03199
INFO|2024-09-26 14:57:29: Epoch[072/100], iter[196/392], loss_total:0.18528, loss_equ:0.81996 loss_pq_vm:0.00456 loss_pq_va:0.02691 loss_pv_va:0.03077
INFO|2024-09-26 14:58:37: Epoch[072/100], iter[235/392], loss_total:0.18952, loss_equ:0.82138 loss_pq_vm:0.00466 loss_pq_va:0.02818 loss_pv_va:0.03256
INFO|2024-09-26 14:59:45: Epoch[072/100], iter[274/392], loss_total:0.18731, loss_equ:0.84221 loss_pq_vm:0.00436 loss_pq_va:0.02756 loss_pv_va:0.03197
INFO|2024-09-26 15:00:53: Epoch[072/100], iter[313/392], loss_total:0.21137, loss_equ:0.84555 loss_pq_vm:0.00486 loss_pq_va:0.03679 loss_pv_va:0.04138
INFO|2024-09-26 15:02:01: Epoch[072/100], iter[352/392], loss_total:0.20494, loss_equ:0.81543 loss_pq_vm:0.00550 loss_pq_va:0.03215 loss_pv_va:0.03628
INFO|2024-09-26 15:03:11: Epoch[072/100], iter[392/392], loss_total:0.22922, loss_equ:0.87421 loss_pq_vm:0.00471 loss_pq_va:0.04436 loss_pv_va:0.05035
INFO|2024-09-26 15:05:19: Epoch 71/100, lr:  0.00018948, eta: 6.31h, train_loss:  0.19936, valid_loss:  0.32864
INFO|2024-09-26 15:05:19: 	Train: PQ_Vm_rmse: 0.00011072  PQ_Va_rmse: 0.00074069  PV_Va_rmse: 0.00081639  delta_p: 0.00694093  delta_q: 0.00183116  
INFO|2024-09-26 15:05:19: 	ZTest: PQ_Vm_rmse: 0.00085047  PQ_Va_rmse: 0.00739517  PV_Va_rmse: 0.00822591  delta_p: 0.00763799  delta_q: 0.00411218  
INFO|2024-09-26 15:05:19: 	ZTest-ema: PQ_Vm_rmse: 0.000820  PQ_Va_rmse: 0.007243  PV_Va_rmse: 0.008037  delta_p: 0.004838  delta_q: 0.002217  
INFO|2024-09-26 15:05:19: 	           ValOfEMA:0.008037/0.007900,  Epoch:72/57
INFO|2024-09-26 15:05:20: 	Time(ep):811s,  Val(curr/best):0.008226/0.006098,  Epoch(curr/best):72/41
INFO|2024-09-26 15:05:20: -------------------- Epoch: 73 --------------------
INFO|2024-09-26 15:06:30: Epoch[073/100], iter[040/392], loss_total:0.20177, loss_equ:0.84752 loss_pq_vm:0.00427 loss_pq_va:0.03459 loss_pv_va:0.03976
INFO|2024-09-26 15:07:38: Epoch[073/100], iter[079/392], loss_total:0.21762, loss_equ:0.87199 loss_pq_vm:0.00543 loss_pq_va:0.03597 loss_pv_va:0.04019
INFO|2024-09-26 15:08:46: Epoch[073/100], iter[118/392], loss_total:0.19044, loss_equ:0.81662 loss_pq_vm:0.00450 loss_pq_va:0.02956 loss_pv_va:0.03420
INFO|2024-09-26 15:09:54: Epoch[073/100], iter[157/392], loss_total:0.19572, loss_equ:0.88964 loss_pq_vm:0.00451 loss_pq_va:0.02871 loss_pv_va:0.03298
INFO|2024-09-26 15:11:02: Epoch[073/100], iter[196/392], loss_total:0.20080, loss_equ:0.84377 loss_pq_vm:0.00446 loss_pq_va:0.03274 loss_pv_va:0.03910
INFO|2024-09-26 15:12:09: Epoch[073/100], iter[235/392], loss_total:0.22648, loss_equ:0.87815 loss_pq_vm:0.00575 loss_pq_va:0.03656 loss_pv_va:0.04459
INFO|2024-09-26 15:13:17: Epoch[073/100], iter[274/392], loss_total:0.20318, loss_equ:0.86617 loss_pq_vm:0.00472 loss_pq_va:0.03293 loss_pv_va:0.03642
INFO|2024-09-26 15:14:24: Epoch[073/100], iter[313/392], loss_total:0.19297, loss_equ:0.85139 loss_pq_vm:0.00443 loss_pq_va:0.02916 loss_pv_va:0.03439
INFO|2024-09-26 15:15:32: Epoch[073/100], iter[352/392], loss_total:0.19405, loss_equ:0.83859 loss_pq_vm:0.00450 loss_pq_va:0.03066 loss_pv_va:0.03452
INFO|2024-09-26 15:16:42: Epoch[073/100], iter[392/392], loss_total:0.19401, loss_equ:0.82305 loss_pq_vm:0.00445 loss_pq_va:0.03238 loss_pv_va:0.03487
INFO|2024-09-26 15:18:50: Epoch 72/100, lr:  0.00017765, eta: 6.08h, train_loss:  0.20265, valid_loss:  0.30667
INFO|2024-09-26 15:18:50: 	Train: PQ_Vm_rmse: 0.00011809  PQ_Va_rmse: 0.00069350  PV_Va_rmse: 0.00076923  delta_p: 0.00603845  delta_q: 0.00189009  
INFO|2024-09-26 15:18:50: 	ZTest: PQ_Vm_rmse: 0.00084312  PQ_Va_rmse: 0.00717597  PV_Va_rmse: 0.00796481  delta_p: 0.00543091  delta_q: 0.00257647  
INFO|2024-09-26 15:18:50: 	ZTest-ema: PQ_Vm_rmse: 0.000856  PQ_Va_rmse: 0.007263  PV_Va_rmse: 0.008052  delta_p: 0.005554  delta_q: 0.002399  
INFO|2024-09-26 15:18:50: 	           ValOfEMA:0.008052/0.007900,  Epoch:73/57
INFO|2024-09-26 15:18:51: 	Time(ep):810s,  Val(curr/best):0.007965/0.006098,  Epoch(curr/best):73/41
INFO|2024-09-26 15:18:51: -------------------- Epoch: 74 --------------------
INFO|2024-09-26 15:20:02: Epoch[074/100], iter[040/392], loss_total:0.21192, loss_equ:0.87680 loss_pq_vm:0.00451 loss_pq_va:0.03814 loss_pv_va:0.04098
INFO|2024-09-26 15:21:10: Epoch[074/100], iter[079/392], loss_total:0.22060, loss_equ:0.84891 loss_pq_vm:0.00511 loss_pq_va:0.03909 loss_pv_va:0.04556
INFO|2024-09-26 15:22:17: Epoch[074/100], iter[118/392], loss_total:0.20195, loss_equ:0.85005 loss_pq_vm:0.00453 loss_pq_va:0.03324 loss_pv_va:0.03837
INFO|2024-09-26 15:23:25: Epoch[074/100], iter[157/392], loss_total:0.19647, loss_equ:0.82939 loss_pq_vm:0.00431 loss_pq_va:0.03284 loss_pv_va:0.03757
INFO|2024-09-26 15:24:32: Epoch[074/100], iter[196/392], loss_total:0.17925, loss_equ:0.81909 loss_pq_vm:0.00388 loss_pq_va:0.02696 loss_pv_va:0.03157
INFO|2024-09-26 15:25:40: Epoch[074/100], iter[235/392], loss_total:0.17911, loss_equ:0.82415 loss_pq_vm:0.00405 loss_pq_va:0.02572 loss_pv_va:0.03046
INFO|2024-09-26 15:26:48: Epoch[074/100], iter[274/392], loss_total:0.18440, loss_equ:0.80115 loss_pq_vm:0.00425 loss_pq_va:0.02864 loss_pv_va:0.03318
INFO|2024-09-26 15:27:56: Epoch[074/100], iter[313/392], loss_total:0.17738, loss_equ:0.80011 loss_pq_vm:0.00417 loss_pq_va:0.02570 loss_pv_va:0.02999
INFO|2024-09-26 15:29:04: Epoch[074/100], iter[352/392], loss_total:0.19529, loss_equ:0.84635 loss_pq_vm:0.00448 loss_pq_va:0.03031 loss_pv_va:0.03554
INFO|2024-09-26 15:30:13: Epoch[074/100], iter[392/392], loss_total:0.17895, loss_equ:0.80222 loss_pq_vm:0.00425 loss_pq_va:0.02629 loss_pv_va:0.02996
INFO|2024-09-26 15:32:22: Epoch 73/100, lr:  0.00016615, eta: 5.85h, train_loss:  0.19034, valid_loss:  0.29899
INFO|2024-09-26 15:32:22: 	Train: PQ_Vm_rmse: 0.00008313  PQ_Va_rmse: 0.00054220  PV_Va_rmse: 0.00059962  delta_p: 0.00605210  delta_q: 0.00148594  
INFO|2024-09-26 15:32:22: 	ZTest: PQ_Vm_rmse: 0.00085215  PQ_Va_rmse: 0.00717604  PV_Va_rmse: 0.00796136  delta_p: 0.00610866  delta_q: 0.00250349  
INFO|2024-09-26 15:32:22: 	ZTest-ema: PQ_Vm_rmse: 0.000843  PQ_Va_rmse: 0.007251  PV_Va_rmse: 0.008053  delta_p: 0.004821  delta_q: 0.002273  
INFO|2024-09-26 15:32:22: 	           ValOfEMA:0.008053/0.007900,  Epoch:74/57
INFO|2024-09-26 15:32:22: 	Time(ep):810s,  Val(curr/best):0.007961/0.006098,  Epoch(curr/best):74/41
INFO|2024-09-26 15:32:22: -------------------- Epoch: 75 --------------------
INFO|2024-09-26 15:33:33: Epoch[075/100], iter[040/392], loss_total:0.18820, loss_equ:0.80705 loss_pq_vm:0.00422 loss_pq_va:0.03066 loss_pv_va:0.03461
INFO|2024-09-26 15:34:41: Epoch[075/100], iter[079/392], loss_total:0.17876, loss_equ:0.79817 loss_pq_vm:0.00411 loss_pq_va:0.02656 loss_pv_va:0.03132
INFO|2024-09-26 15:35:49: Epoch[075/100], iter[118/392], loss_total:0.17449, loss_equ:0.78968 loss_pq_vm:0.00415 loss_pq_va:0.02485 loss_pv_va:0.02913
INFO|2024-09-26 15:36:57: Epoch[075/100], iter[157/392], loss_total:0.22723, loss_equ:1.04795 loss_pq_vm:0.00479 loss_pq_va:0.03227 loss_pv_va:0.04225
INFO|2024-09-26 15:38:05: Epoch[075/100], iter[196/392], loss_total:0.19204, loss_equ:0.84983 loss_pq_vm:0.00430 loss_pq_va:0.02959 loss_pv_va:0.03450
INFO|2024-09-26 15:39:12: Epoch[075/100], iter[235/392], loss_total:0.18574, loss_equ:0.85149 loss_pq_vm:0.00418 loss_pq_va:0.02640 loss_pv_va:0.03234
INFO|2024-09-26 15:40:20: Epoch[075/100], iter[274/392], loss_total:0.19144, loss_equ:0.86770 loss_pq_vm:0.00409 loss_pq_va:0.02957 loss_pv_va:0.03419
INFO|2024-09-26 15:41:28: Epoch[075/100], iter[313/392], loss_total:0.18961, loss_equ:0.83341 loss_pq_vm:0.00450 loss_pq_va:0.02843 loss_pv_va:0.03284
INFO|2024-09-26 15:42:36: Epoch[075/100], iter[352/392], loss_total:0.17986, loss_equ:0.80642 loss_pq_vm:0.00413 loss_pq_va:0.02662 loss_pv_va:0.03128
INFO|2024-09-26 15:43:45: Epoch[075/100], iter[392/392], loss_total:0.18444, loss_equ:0.81789 loss_pq_vm:0.00426 loss_pq_va:0.02779 loss_pv_va:0.03227
INFO|2024-09-26 15:45:54: Epoch 74/100, lr:  0.00015498, eta: 5.63h, train_loss:  0.18938, valid_loss:  0.30142
INFO|2024-09-26 15:45:54: 	Train: PQ_Vm_rmse: 0.00007381  PQ_Va_rmse: 0.00050590  PV_Va_rmse: 0.00058425  delta_p: 0.00678734  delta_q: 0.00145733  
INFO|2024-09-26 15:45:54: 	ZTest: PQ_Vm_rmse: 0.00084507  PQ_Va_rmse: 0.00742209  PV_Va_rmse: 0.00824875  delta_p: 0.00755536  delta_q: 0.00233911  
INFO|2024-09-26 15:45:54: 	ZTest-ema: PQ_Vm_rmse: 0.000851  PQ_Va_rmse: 0.007339  PV_Va_rmse: 0.008154  delta_p: 0.007094  delta_q: 0.002269  
INFO|2024-09-26 15:45:54: 	           ValOfEMA:0.008154/0.007900,  Epoch:75/57
INFO|2024-09-26 15:45:55: 	Time(ep):811s,  Val(curr/best):0.008249/0.006098,  Epoch(curr/best):75/41
INFO|2024-09-26 15:45:55: -------------------- Epoch: 76 --------------------
INFO|2024-09-26 15:47:06: Epoch[076/100], iter[040/392], loss_total:0.17737, loss_equ:0.80345 loss_pq_vm:0.00388 loss_pq_va:0.02685 loss_pv_va:0.03134
INFO|2024-09-26 15:48:13: Epoch[076/100], iter[079/392], loss_total:0.18116, loss_equ:0.81234 loss_pq_vm:0.00399 loss_pq_va:0.02767 loss_pv_va:0.03233
INFO|2024-09-26 15:49:21: Epoch[076/100], iter[118/392], loss_total:0.19066, loss_equ:0.82350 loss_pq_vm:0.00410 loss_pq_va:0.03129 loss_pv_va:0.03600
INFO|2024-09-26 15:50:29: Epoch[076/100], iter[157/392], loss_total:0.18479, loss_equ:0.80803 loss_pq_vm:0.00427 loss_pq_va:0.02790 loss_pv_va:0.03333
INFO|2024-09-26 15:51:37: Epoch[076/100], iter[196/392], loss_total:0.18882, loss_equ:0.81790 loss_pq_vm:0.00457 loss_pq_va:0.02805 loss_pv_va:0.03331
INFO|2024-09-26 15:52:45: Epoch[076/100], iter[235/392], loss_total:0.17422, loss_equ:0.80307 loss_pq_vm:0.00388 loss_pq_va:0.02519 loss_pv_va:0.02996
INFO|2024-09-26 15:53:52: Epoch[076/100], iter[274/392], loss_total:0.19713, loss_equ:0.84137 loss_pq_vm:0.00458 loss_pq_va:0.03151 loss_pv_va:0.03567
INFO|2024-09-26 15:55:00: Epoch[076/100], iter[313/392], loss_total:0.18724, loss_equ:0.83985 loss_pq_vm:0.00444 loss_pq_va:0.02690 loss_pv_va:0.03193
INFO|2024-09-26 15:56:08: Epoch[076/100], iter[352/392], loss_total:0.18862, loss_equ:0.87747 loss_pq_vm:0.00410 loss_pq_va:0.02684 loss_pv_va:0.03300
INFO|2024-09-26 15:57:18: Epoch[076/100], iter[392/392], loss_total:0.17717, loss_equ:0.82339 loss_pq_vm:0.00409 loss_pq_va:0.02486 loss_pv_va:0.02904
INFO|2024-09-26 15:59:26: Epoch 75/100, lr:  0.00014416, eta: 5.41h, train_loss:  0.18384, valid_loss:  0.29841
INFO|2024-09-26 15:59:26: 	Train: PQ_Vm_rmse: 0.00007511  PQ_Va_rmse: 0.00046952  PV_Va_rmse: 0.00053827  delta_p: 0.00611045  delta_q: 0.00141034  
INFO|2024-09-26 15:59:26: 	ZTest: PQ_Vm_rmse: 0.00089306  PQ_Va_rmse: 0.00750651  PV_Va_rmse: 0.00834170  delta_p: 0.00658930  delta_q: 0.00266471  
INFO|2024-09-26 15:59:26: 	ZTest-ema: PQ_Vm_rmse: 0.000859  PQ_Va_rmse: 0.007390  PV_Va_rmse: 0.008181  delta_p: 0.004740  delta_q: 0.002054  
INFO|2024-09-26 15:59:26: 	           ValOfEMA:0.008181/0.007900,  Epoch:76/57
INFO|2024-09-26 15:59:26: 	Time(ep):810s,  Val(curr/best):0.008342/0.006098,  Epoch(curr/best):76/41
INFO|2024-09-26 15:59:26: -------------------- Epoch: 77 --------------------
INFO|2024-09-26 16:00:37: Epoch[077/100], iter[040/392], loss_total:0.17607, loss_equ:0.79874 loss_pq_vm:0.00412 loss_pq_va:0.02562 loss_pv_va:0.02940
INFO|2024-09-26 16:01:45: Epoch[077/100], iter[079/392], loss_total:0.18995, loss_equ:0.80508 loss_pq_vm:0.00500 loss_pq_va:0.02804 loss_pv_va:0.03139
INFO|2024-09-26 16:02:53: Epoch[077/100], iter[118/392], loss_total:0.19363, loss_equ:0.82218 loss_pq_vm:0.00446 loss_pq_va:0.03096 loss_pv_va:0.03585
INFO|2024-09-26 16:04:01: Epoch[077/100], iter[157/392], loss_total:0.17402, loss_equ:0.79425 loss_pq_vm:0.00402 loss_pq_va:0.02502 loss_pv_va:0.02939
INFO|2024-09-26 16:05:09: Epoch[077/100], iter[196/392], loss_total:0.17638, loss_equ:0.80640 loss_pq_vm:0.00423 loss_pq_va:0.02494 loss_pv_va:0.02849
INFO|2024-09-26 16:06:16: Epoch[077/100], iter[235/392], loss_total:0.17205, loss_equ:0.79414 loss_pq_vm:0.00389 loss_pq_va:0.02495 loss_pv_va:0.02880
INFO|2024-09-26 16:07:24: Epoch[077/100], iter[274/392], loss_total:0.17257, loss_equ:0.78865 loss_pq_vm:0.00386 loss_pq_va:0.02537 loss_pv_va:0.02972
INFO|2024-09-26 16:08:32: Epoch[077/100], iter[313/392], loss_total:0.18909, loss_equ:0.81147 loss_pq_vm:0.00437 loss_pq_va:0.02985 loss_pv_va:0.03437
INFO|2024-09-26 16:09:40: Epoch[077/100], iter[352/392], loss_total:0.18455, loss_equ:0.83280 loss_pq_vm:0.00430 loss_pq_va:0.02744 loss_pv_va:0.03083
INFO|2024-09-26 16:10:49: Epoch[077/100], iter[392/392], loss_total:0.18210, loss_equ:0.79866 loss_pq_vm:0.00413 loss_pq_va:0.02849 loss_pv_va:0.03246
INFO|2024-09-26 16:12:58: Epoch 76/100, lr:  0.00013370, eta: 5.19h, train_loss:  0.18400, valid_loss:  0.30745
INFO|2024-09-26 16:12:58: 	Train: PQ_Vm_rmse: 0.00006984  PQ_Va_rmse: 0.00047330  PV_Va_rmse: 0.00050257  delta_p: 0.00435626  delta_q: 0.00129682  
INFO|2024-09-26 16:12:58: 	ZTest: PQ_Vm_rmse: 0.00091048  PQ_Va_rmse: 0.00760989  PV_Va_rmse: 0.00844806  delta_p: 0.00585927  delta_q: 0.00234354  
INFO|2024-09-26 16:12:58: 	ZTest-ema: PQ_Vm_rmse: 0.000864  PQ_Va_rmse: 0.007417  PV_Va_rmse: 0.008243  delta_p: 0.004985  delta_q: 0.002119  
INFO|2024-09-26 16:12:58: 	           ValOfEMA:0.008243/0.007900,  Epoch:77/57
INFO|2024-09-26 16:12:59: 	Time(ep):811s,  Val(curr/best):0.008448/0.006098,  Epoch(curr/best):77/41
INFO|2024-09-26 16:12:59: -------------------- Epoch: 78 --------------------
INFO|2024-09-26 16:14:10: Epoch[078/100], iter[040/392], loss_total:0.17545, loss_equ:0.78827 loss_pq_vm:0.00388 loss_pq_va:0.02687 loss_pv_va:0.03093
INFO|2024-09-26 16:15:18: Epoch[078/100], iter[079/392], loss_total:0.18135, loss_equ:0.83268 loss_pq_vm:0.00379 loss_pq_va:0.02917 loss_pv_va:0.03099
INFO|2024-09-26 16:16:26: Epoch[078/100], iter[118/392], loss_total:0.18225, loss_equ:0.81404 loss_pq_vm:0.00408 loss_pq_va:0.02819 loss_pv_va:0.03189
INFO|2024-09-26 16:17:34: Epoch[078/100], iter[157/392], loss_total:0.17834, loss_equ:0.79553 loss_pq_vm:0.00417 loss_pq_va:0.02645 loss_pv_va:0.03063
INFO|2024-09-26 16:18:42: Epoch[078/100], iter[196/392], loss_total:0.18178, loss_equ:0.79512 loss_pq_vm:0.00415 loss_pq_va:0.02829 loss_pv_va:0.03247
INFO|2024-09-26 16:19:49: Epoch[078/100], iter[235/392], loss_total:0.16633, loss_equ:0.79082 loss_pq_vm:0.00379 loss_pq_va:0.02255 loss_pv_va:0.02675
INFO|2024-09-26 16:20:57: Epoch[078/100], iter[274/392], loss_total:0.17755, loss_equ:0.79867 loss_pq_vm:0.00407 loss_pq_va:0.02645 loss_pv_va:0.03053
INFO|2024-09-26 16:22:05: Epoch[078/100], iter[313/392], loss_total:0.18380, loss_equ:0.80896 loss_pq_vm:0.00404 loss_pq_va:0.02944 loss_pv_va:0.03302
INFO|2024-09-26 16:23:13: Epoch[078/100], iter[352/392], loss_total:0.18375, loss_equ:0.79017 loss_pq_vm:0.00416 loss_pq_va:0.02948 loss_pv_va:0.03364
INFO|2024-09-26 16:24:22: Epoch[078/100], iter[392/392], loss_total:0.18276, loss_equ:0.78398 loss_pq_vm:0.00397 loss_pq_va:0.03001 loss_pv_va:0.03466
INFO|2024-09-26 16:26:30: Epoch 77/100, lr:  0.00012360, eta: 4.96h, train_loss:  0.17859, valid_loss:  0.30061
INFO|2024-09-26 16:26:30: 	Train: PQ_Vm_rmse: 0.00006241  PQ_Va_rmse: 0.00041852  PV_Va_rmse: 0.00045928  delta_p: 0.00395133  delta_q: 0.00117549  
INFO|2024-09-26 16:26:30: 	ZTest: PQ_Vm_rmse: 0.00093072  PQ_Va_rmse: 0.00774629  PV_Va_rmse: 0.00851104  delta_p: 0.00543603  delta_q: 0.00213292  
INFO|2024-09-26 16:26:30: 	ZTest-ema: PQ_Vm_rmse: 0.000909  PQ_Va_rmse: 0.007520  PV_Va_rmse: 0.008339  delta_p: 0.004867  delta_q: 0.002051  
INFO|2024-09-26 16:26:30: 	           ValOfEMA:0.008339/0.007900,  Epoch:78/57
INFO|2024-09-26 16:26:31: 	Time(ep):810s,  Val(curr/best):0.008511/0.006098,  Epoch(curr/best):78/41
INFO|2024-09-26 16:26:31: -------------------- Epoch: 79 --------------------
INFO|2024-09-26 16:27:42: Epoch[079/100], iter[040/392], loss_total:0.17551, loss_equ:0.79782 loss_pq_vm:0.00395 loss_pq_va:0.02598 loss_pv_va:0.03025
INFO|2024-09-26 16:28:50: Epoch[079/100], iter[079/392], loss_total:0.19067, loss_equ:0.81318 loss_pq_vm:0.00451 loss_pq_va:0.02970 loss_pv_va:0.03456
INFO|2024-09-26 16:29:58: Epoch[079/100], iter[118/392], loss_total:0.17804, loss_equ:0.78195 loss_pq_vm:0.00392 loss_pq_va:0.02845 loss_pv_va:0.03221
INFO|2024-09-26 16:31:05: Epoch[079/100], iter[157/392], loss_total:0.18648, loss_equ:0.81632 loss_pq_vm:0.00420 loss_pq_va:0.02913 loss_pv_va:0.03367
INFO|2024-09-26 16:32:13: Epoch[079/100], iter[196/392], loss_total:0.16936, loss_equ:0.78296 loss_pq_vm:0.00379 loss_pq_va:0.02448 loss_pv_va:0.02870
INFO|2024-09-26 16:33:21: Epoch[079/100], iter[235/392], loss_total:0.17571, loss_equ:0.79426 loss_pq_vm:0.00391 loss_pq_va:0.02648 loss_pv_va:0.03067
INFO|2024-09-26 16:34:28: Epoch[079/100], iter[274/392], loss_total:0.17667, loss_equ:0.81644 loss_pq_vm:0.00396 loss_pq_va:0.02558 loss_pv_va:0.02983
INFO|2024-09-26 16:35:36: Epoch[079/100], iter[313/392], loss_total:0.17654, loss_equ:0.81301 loss_pq_vm:0.00407 loss_pq_va:0.02504 loss_pv_va:0.02945
INFO|2024-09-26 16:36:44: Epoch[079/100], iter[352/392], loss_total:0.17757, loss_equ:0.82118 loss_pq_vm:0.00411 loss_pq_va:0.02541 loss_pv_va:0.02895
INFO|2024-09-26 16:37:53: Epoch[079/100], iter[392/392], loss_total:0.17633, loss_equ:0.79854 loss_pq_vm:0.00379 loss_pq_va:0.02715 loss_pv_va:0.03144
INFO|2024-09-26 16:40:02: Epoch 78/100, lr:  0.00011387, eta: 4.73h, train_loss:  0.17754, valid_loss:  0.29733
INFO|2024-09-26 16:40:02: 	Train: PQ_Vm_rmse: 0.00005525  PQ_Va_rmse: 0.00039330  PV_Va_rmse: 0.00042958  delta_p: 0.00387428  delta_q: 0.00110792  
INFO|2024-09-26 16:40:02: 	ZTest: PQ_Vm_rmse: 0.00090253  PQ_Va_rmse: 0.00759215  PV_Va_rmse: 0.00845608  delta_p: 0.00490800  delta_q: 0.00209481  
INFO|2024-09-26 16:40:02: 	ZTest-ema: PQ_Vm_rmse: 0.000901  PQ_Va_rmse: 0.007519  PV_Va_rmse: 0.008360  delta_p: 0.004928  delta_q: 0.002032  
INFO|2024-09-26 16:40:02: 	           ValOfEMA:0.008360/0.007900,  Epoch:79/57
INFO|2024-09-26 16:40:02: 	Time(ep):810s,  Val(curr/best):0.008456/0.006098,  Epoch(curr/best):79/41
INFO|2024-09-26 16:40:02: -------------------- Epoch: 80 --------------------
INFO|2024-09-26 16:41:13: Epoch[080/100], iter[040/392], loss_total:0.18012, loss_equ:0.81206 loss_pq_vm:0.00407 loss_pq_va:0.02701 loss_pv_va:0.03117
INFO|2024-09-26 16:42:21: Epoch[080/100], iter[079/392], loss_total:0.17697, loss_equ:0.79785 loss_pq_vm:0.00391 loss_pq_va:0.02740 loss_pv_va:0.03072
INFO|2024-09-26 16:43:29: Epoch[080/100], iter[118/392], loss_total:0.18809, loss_equ:0.83120 loss_pq_vm:0.00459 loss_pq_va:0.02743 loss_pv_va:0.03166
INFO|2024-09-26 16:44:37: Epoch[080/100], iter[157/392], loss_total:0.17388, loss_equ:0.80121 loss_pq_vm:0.00389 loss_pq_va:0.02509 loss_pv_va:0.02977
INFO|2024-09-26 16:45:44: Epoch[080/100], iter[196/392], loss_total:0.18214, loss_equ:0.80414 loss_pq_vm:0.00413 loss_pq_va:0.02794 loss_pv_va:0.03252
INFO|2024-09-26 16:46:52: Epoch[080/100], iter[235/392], loss_total:0.17421, loss_equ:0.79657 loss_pq_vm:0.00399 loss_pq_va:0.02562 loss_pv_va:0.02903
INFO|2024-09-26 16:47:59: Epoch[080/100], iter[274/392], loss_total:0.18797, loss_equ:0.85564 loss_pq_vm:0.00411 loss_pq_va:0.02808 loss_pv_va:0.03322
INFO|2024-09-26 16:49:07: Epoch[080/100], iter[313/392], loss_total:0.18406, loss_equ:0.83700 loss_pq_vm:0.00412 loss_pq_va:0.02731 loss_pv_va:0.03188
INFO|2024-09-26 16:50:15: Epoch[080/100], iter[352/392], loss_total:0.17641, loss_equ:0.81518 loss_pq_vm:0.00391 loss_pq_va:0.02581 loss_pv_va:0.02995
INFO|2024-09-26 16:51:24: Epoch[080/100], iter[392/392], loss_total:0.17614, loss_equ:0.79285 loss_pq_vm:0.00398 loss_pq_va:0.02694 loss_pv_va:0.03015
INFO|2024-09-26 16:53:33: Epoch 79/100, lr:  0.00010454, eta: 4.5h, train_loss:  0.17650, valid_loss:  0.29209
INFO|2024-09-26 16:53:33: 	Train: PQ_Vm_rmse: 0.00005616  PQ_Va_rmse: 0.00034138  PV_Va_rmse: 0.00037849  delta_p: 0.00383526  delta_q: 0.00115938  
INFO|2024-09-26 16:53:33: 	ZTest: PQ_Vm_rmse: 0.00089561  PQ_Va_rmse: 0.00757577  PV_Va_rmse: 0.00839556  delta_p: 0.00507709  delta_q: 0.00221439  
INFO|2024-09-26 16:53:33: 	ZTest-ema: PQ_Vm_rmse: 0.000891  PQ_Va_rmse: 0.007558  PV_Va_rmse: 0.008399  delta_p: 0.004944  delta_q: 0.001999  
INFO|2024-09-26 16:53:33: 	           ValOfEMA:0.008399/0.007900,  Epoch:80/57
INFO|2024-09-26 16:53:34: 	Time(ep):810s,  Val(curr/best):0.008396/0.006098,  Epoch(curr/best):80/41
INFO|2024-09-26 16:53:34: -------------------- Epoch: 81 --------------------
INFO|2024-09-26 16:54:45: Epoch[081/100], iter[040/392], loss_total:0.19022, loss_equ:0.82589 loss_pq_vm:0.00440 loss_pq_va:0.02967 loss_pv_va:0.03392
INFO|2024-09-26 16:55:53: Epoch[081/100], iter[079/392], loss_total:0.18412, loss_equ:0.81225 loss_pq_vm:0.00431 loss_pq_va:0.02797 loss_pv_va:0.03186
INFO|2024-09-26 16:57:00: Epoch[081/100], iter[118/392], loss_total:0.17445, loss_equ:0.78683 loss_pq_vm:0.00410 loss_pq_va:0.02525 loss_pv_va:0.02957
INFO|2024-09-26 16:58:08: Epoch[081/100], iter[157/392], loss_total:0.18218, loss_equ:0.81081 loss_pq_vm:0.00399 loss_pq_va:0.02845 loss_pv_va:0.03280
INFO|2024-09-26 16:59:15: Epoch[081/100], iter[196/392], loss_total:0.17358, loss_equ:0.81144 loss_pq_vm:0.00369 loss_pq_va:0.02505 loss_pv_va:0.03045
INFO|2024-09-26 17:00:23: Epoch[081/100], iter[235/392], loss_total:0.16598, loss_equ:0.77841 loss_pq_vm:0.00367 loss_pq_va:0.02344 loss_pv_va:0.02796
INFO|2024-09-26 17:01:31: Epoch[081/100], iter[274/392], loss_total:0.17633, loss_equ:0.79182 loss_pq_vm:0.00402 loss_pq_va:0.02647 loss_pv_va:0.03052
INFO|2024-09-26 17:02:38: Epoch[081/100], iter[313/392], loss_total:0.16404, loss_equ:0.77600 loss_pq_vm:0.00370 loss_pq_va:0.02265 loss_pv_va:0.02677
INFO|2024-09-26 17:03:45: Epoch[081/100], iter[352/392], loss_total:0.17832, loss_equ:0.78889 loss_pq_vm:0.00394 loss_pq_va:0.02789 loss_pv_va:0.03214
INFO|2024-09-26 17:04:55: Epoch[081/100], iter[392/392], loss_total:0.17008, loss_equ:0.79169 loss_pq_vm:0.00398 loss_pq_va:0.02363 loss_pv_va:0.02752
INFO|2024-09-26 17:07:03: Epoch 80/100, lr:  0.00009560, eta: 4.27h, train_loss:  0.17593, valid_loss:  0.29693
INFO|2024-09-26 17:07:03: 	Train: PQ_Vm_rmse: 0.00005412  PQ_Va_rmse: 0.00035924  PV_Va_rmse: 0.00039475  delta_p: 0.00366514  delta_q: 0.00112573  
INFO|2024-09-26 17:07:03: 	ZTest: PQ_Vm_rmse: 0.00089979  PQ_Va_rmse: 0.00766389  PV_Va_rmse: 0.00850405  delta_p: 0.00768336  delta_q: 0.00239942  
INFO|2024-09-26 17:07:03: 	ZTest-ema: PQ_Vm_rmse: 0.000880  PQ_Va_rmse: 0.007446  PV_Va_rmse: 0.008277  delta_p: 0.004680  delta_q: 0.001965  
INFO|2024-09-26 17:07:03: 	           ValOfEMA:0.008277/0.007900,  Epoch:81/57
INFO|2024-09-26 17:07:04: 	Time(ep):809s,  Val(curr/best):0.008504/0.006098,  Epoch(curr/best):81/41
INFO|2024-09-26 17:07:04: -------------------- Epoch: 82 --------------------
INFO|2024-09-26 17:08:15: Epoch[082/100], iter[040/392], loss_total:0.17483, loss_equ:0.78625 loss_pq_vm:0.00398 loss_pq_va:0.02594 loss_pv_va:0.03049
INFO|2024-09-26 17:09:23: Epoch[082/100], iter[079/392], loss_total:0.16710, loss_equ:0.78988 loss_pq_vm:0.00375 loss_pq_va:0.02288 loss_pv_va:0.02774
INFO|2024-09-26 17:10:30: Epoch[082/100], iter[118/392], loss_total:0.17033, loss_equ:0.78856 loss_pq_vm:0.00398 loss_pq_va:0.02389 loss_pv_va:0.02780
INFO|2024-09-26 17:11:38: Epoch[082/100], iter[157/392], loss_total:0.16754, loss_equ:0.78852 loss_pq_vm:0.00385 loss_pq_va:0.02298 loss_pv_va:0.02717
INFO|2024-09-26 17:12:46: Epoch[082/100], iter[196/392], loss_total:0.16146, loss_equ:0.77651 loss_pq_vm:0.00362 loss_pq_va:0.02177 loss_pv_va:0.02581
INFO|2024-09-26 17:13:54: Epoch[082/100], iter[235/392], loss_total:0.17117, loss_equ:0.78953 loss_pq_vm:0.00395 loss_pq_va:0.02452 loss_pv_va:0.02819
INFO|2024-09-26 17:15:02: Epoch[082/100], iter[274/392], loss_total:0.17725, loss_equ:0.81615 loss_pq_vm:0.00391 loss_pq_va:0.02619 loss_pv_va:0.03038
INFO|2024-09-26 17:16:09: Epoch[082/100], iter[313/392], loss_total:0.17846, loss_equ:0.78862 loss_pq_vm:0.00396 loss_pq_va:0.02795 loss_pv_va:0.03204
INFO|2024-09-26 17:17:17: Epoch[082/100], iter[352/392], loss_total:0.17003, loss_equ:0.79182 loss_pq_vm:0.00372 loss_pq_va:0.02497 loss_pv_va:0.02873
INFO|2024-09-26 17:18:26: Epoch[082/100], iter[392/392], loss_total:0.17310, loss_equ:0.80348 loss_pq_vm:0.00391 loss_pq_va:0.02482 loss_pv_va:0.02880
INFO|2024-09-26 17:20:35: Epoch 81/100, lr:  0.00008706, eta: 4.06h, train_loss:  0.17275, valid_loss:  0.28932
INFO|2024-09-26 17:20:35: 	Train: PQ_Vm_rmse: 0.00004674  PQ_Va_rmse: 0.00031585  PV_Va_rmse: 0.00034654  delta_p: 0.00376366  delta_q: 0.00104324  
INFO|2024-09-26 17:20:35: 	ZTest: PQ_Vm_rmse: 0.00086055  PQ_Va_rmse: 0.00730280  PV_Va_rmse: 0.00812098  delta_p: 0.00630874  delta_q: 0.00196708  
INFO|2024-09-26 17:20:35: 	ZTest-ema: PQ_Vm_rmse: 0.000869  PQ_Va_rmse: 0.007417  PV_Va_rmse: 0.008238  delta_p: 0.005093  delta_q: 0.001918  
INFO|2024-09-26 17:20:35: 	           ValOfEMA:0.008238/0.007900,  Epoch:82/57
INFO|2024-09-26 17:20:35: 	Time(ep):811s,  Val(curr/best):0.008121/0.006098,  Epoch(curr/best):82/41
INFO|2024-09-26 17:20:35: -------------------- Epoch: 83 --------------------
INFO|2024-09-26 17:21:47: Epoch[083/100], iter[040/392], loss_total:0.17966, loss_equ:0.81612 loss_pq_vm:0.00403 loss_pq_va:0.02667 loss_pv_va:0.03110
INFO|2024-09-26 17:22:54: Epoch[083/100], iter[079/392], loss_total:0.17158, loss_equ:0.78306 loss_pq_vm:0.00367 loss_pq_va:0.02610 loss_pv_va:0.03044
INFO|2024-09-26 17:24:02: Epoch[083/100], iter[118/392], loss_total:0.17715, loss_equ:0.81001 loss_pq_vm:0.00396 loss_pq_va:0.02647 loss_pv_va:0.03010
INFO|2024-09-26 17:25:10: Epoch[083/100], iter[157/392], loss_total:0.17390, loss_equ:0.79301 loss_pq_vm:0.00423 loss_pq_va:0.02457 loss_pv_va:0.02769
INFO|2024-09-26 17:26:18: Epoch[083/100], iter[196/392], loss_total:0.16681, loss_equ:0.78247 loss_pq_vm:0.00372 loss_pq_va:0.02345 loss_pv_va:0.02787
INFO|2024-09-26 17:27:26: Epoch[083/100], iter[235/392], loss_total:0.16766, loss_equ:0.77795 loss_pq_vm:0.00367 loss_pq_va:0.02456 loss_pv_va:0.02859
INFO|2024-09-26 17:28:34: Epoch[083/100], iter[274/392], loss_total:0.17749, loss_equ:0.79354 loss_pq_vm:0.00399 loss_pq_va:0.02680 loss_pv_va:0.03146
INFO|2024-09-26 17:29:41: Epoch[083/100], iter[313/392], loss_total:0.17049, loss_equ:0.79501 loss_pq_vm:0.00383 loss_pq_va:0.02439 loss_pv_va:0.02828
INFO|2024-09-26 17:30:49: Epoch[083/100], iter[352/392], loss_total:0.18202, loss_equ:0.81183 loss_pq_vm:0.00412 loss_pq_va:0.02770 loss_pv_va:0.03198
INFO|2024-09-26 17:31:58: Epoch[083/100], iter[392/392], loss_total:0.17955, loss_equ:0.82643 loss_pq_vm:0.00405 loss_pq_va:0.02602 loss_pv_va:0.03037
INFO|2024-09-26 17:34:07: Epoch 82/100, lr:  0.00007893, eta: 3.83h, train_loss:  0.17287, valid_loss:  0.29024
INFO|2024-09-26 17:34:07: 	Train: PQ_Vm_rmse: 0.00004649  PQ_Va_rmse: 0.00030705  PV_Va_rmse: 0.00034261  delta_p: 0.00393723  delta_q: 0.00109923  
INFO|2024-09-26 17:34:07: 	ZTest: PQ_Vm_rmse: 0.00086183  PQ_Va_rmse: 0.00745582  PV_Va_rmse: 0.00827401  delta_p: 0.00482267  delta_q: 0.00207853  
INFO|2024-09-26 17:34:07: 	ZTest-ema: PQ_Vm_rmse: 0.000853  PQ_Va_rmse: 0.007432  PV_Va_rmse: 0.008251  delta_p: 0.004568  delta_q: 0.001916  
INFO|2024-09-26 17:34:07: 	           ValOfEMA:0.008251/0.007900,  Epoch:83/57
INFO|2024-09-26 17:34:07: 	Time(ep):811s,  Val(curr/best):0.008274/0.006098,  Epoch(curr/best):83/41
INFO|2024-09-26 17:34:07: -------------------- Epoch: 84 --------------------
INFO|2024-09-26 17:35:18: Epoch[084/100], iter[040/392], loss_total:0.18221, loss_equ:0.79833 loss_pq_vm:0.00419 loss_pq_va:0.02816 loss_pv_va:0.03230
INFO|2024-09-26 17:36:26: Epoch[084/100], iter[079/392], loss_total:0.16879, loss_equ:0.78380 loss_pq_vm:0.00372 loss_pq_va:0.02433 loss_pv_va:0.02886
INFO|2024-09-26 17:37:33: Epoch[084/100], iter[118/392], loss_total:0.17656, loss_equ:0.79007 loss_pq_vm:0.00392 loss_pq_va:0.02723 loss_pv_va:0.03114
INFO|2024-09-26 17:38:41: Epoch[084/100], iter[157/392], loss_total:0.17055, loss_equ:0.80447 loss_pq_vm:0.00384 loss_pq_va:0.02357 loss_pv_va:0.02809
INFO|2024-09-26 17:39:49: Epoch[084/100], iter[196/392], loss_total:0.17171, loss_equ:0.78310 loss_pq_vm:0.00387 loss_pq_va:0.02532 loss_pv_va:0.02935
INFO|2024-09-26 17:40:57: Epoch[084/100], iter[235/392], loss_total:0.17158, loss_equ:0.78301 loss_pq_vm:0.00378 loss_pq_va:0.02573 loss_pv_va:0.02970
INFO|2024-09-26 17:42:05: Epoch[084/100], iter[274/392], loss_total:0.17562, loss_equ:0.79527 loss_pq_vm:0.00393 loss_pq_va:0.02624 loss_pv_va:0.03055
INFO|2024-09-26 17:43:13: Epoch[084/100], iter[313/392], loss_total:0.18524, loss_equ:0.80034 loss_pq_vm:0.00408 loss_pq_va:0.03001 loss_pv_va:0.03436
INFO|2024-09-26 17:44:21: Epoch[084/100], iter[352/392], loss_total:0.17219, loss_equ:0.78963 loss_pq_vm:0.00377 loss_pq_va:0.02561 loss_pv_va:0.02994
INFO|2024-09-26 17:45:30: Epoch[084/100], iter[392/392], loss_total:0.16247, loss_equ:0.76082 loss_pq_vm:0.00367 loss_pq_va:0.02326 loss_pv_va:0.02646
INFO|2024-09-26 17:47:39: Epoch 83/100, lr:  0.00007123, eta: 3.61h, train_loss:  0.17075, valid_loss:  0.28945
INFO|2024-09-26 17:47:39: 	Train: PQ_Vm_rmse: 0.00004485  PQ_Va_rmse: 0.00029762  PV_Va_rmse: 0.00032848  delta_p: 0.00284412  delta_q: 0.00097692  
INFO|2024-09-26 17:47:39: 	ZTest: PQ_Vm_rmse: 0.00086460  PQ_Va_rmse: 0.00757014  PV_Va_rmse: 0.00839089  delta_p: 0.00445343  delta_q: 0.00227688  
INFO|2024-09-26 17:47:39: 	ZTest-ema: PQ_Vm_rmse: 0.000861  PQ_Va_rmse: 0.007526  PV_Va_rmse: 0.008353  delta_p: 0.004152  delta_q: 0.001825  
INFO|2024-09-26 17:47:39: 	           ValOfEMA:0.008353/0.007900,  Epoch:84/57
INFO|2024-09-26 17:47:39: 	Time(ep):811s,  Val(curr/best):0.008391/0.006098,  Epoch(curr/best):84/41
INFO|2024-09-26 17:47:39: -------------------- Epoch: 85 --------------------
INFO|2024-09-26 17:48:50: Epoch[085/100], iter[040/392], loss_total:0.16517, loss_equ:0.76563 loss_pq_vm:0.00376 loss_pq_va:0.02379 loss_pv_va:0.02720
INFO|2024-09-26 17:49:58: Epoch[085/100], iter[079/392], loss_total:0.16290, loss_equ:0.76826 loss_pq_vm:0.00353 loss_pq_va:0.02343 loss_pv_va:0.02734
INFO|2024-09-26 17:51:06: Epoch[085/100], iter[118/392], loss_total:0.17450, loss_equ:0.78830 loss_pq_vm:0.00379 loss_pq_va:0.02719 loss_pv_va:0.03054
INFO|2024-09-26 17:52:14: Epoch[085/100], iter[157/392], loss_total:0.16943, loss_equ:0.79644 loss_pq_vm:0.00370 loss_pq_va:0.02408 loss_pv_va:0.02875
INFO|2024-09-26 17:53:22: Epoch[085/100], iter[196/392], loss_total:0.16191, loss_equ:0.76589 loss_pq_vm:0.00358 loss_pq_va:0.02270 loss_pv_va:0.02686
INFO|2024-09-26 17:54:30: Epoch[085/100], iter[235/392], loss_total:0.17801, loss_equ:0.79891 loss_pq_vm:0.00384 loss_pq_va:0.02781 loss_pv_va:0.03186
INFO|2024-09-26 17:55:38: Epoch[085/100], iter[274/392], loss_total:0.17049, loss_equ:0.78682 loss_pq_vm:0.00373 loss_pq_va:0.02534 loss_pv_va:0.02919
INFO|2024-09-26 17:56:46: Epoch[085/100], iter[313/392], loss_total:0.16633, loss_equ:0.78940 loss_pq_vm:0.00373 loss_pq_va:0.02295 loss_pv_va:0.02716
INFO|2024-09-26 17:57:54: Epoch[085/100], iter[352/392], loss_total:0.16497, loss_equ:0.76214 loss_pq_vm:0.00365 loss_pq_va:0.02456 loss_pv_va:0.02774
INFO|2024-09-26 17:59:04: Epoch[085/100], iter[392/392], loss_total:0.17121, loss_equ:0.79464 loss_pq_vm:0.00389 loss_pq_va:0.02410 loss_pv_va:0.02878
INFO|2024-09-26 18:01:12: Epoch 84/100, lr:  0.00006395, eta: 3.38h, train_loss:  0.17022, valid_loss:  0.28869
INFO|2024-09-26 18:01:12: 	Train: PQ_Vm_rmse: 0.00004153  PQ_Va_rmse: 0.00026978  PV_Va_rmse: 0.00029683  delta_p: 0.00252920  delta_q: 0.00094437  
INFO|2024-09-26 18:01:12: 	ZTest: PQ_Vm_rmse: 0.00086839  PQ_Va_rmse: 0.00764413  PV_Va_rmse: 0.00848749  delta_p: 0.00429509  delta_q: 0.00188477  
INFO|2024-09-26 18:01:12: 	ZTest-ema: PQ_Vm_rmse: 0.000866  PQ_Va_rmse: 0.007623  PV_Va_rmse: 0.008467  delta_p: 0.004130  delta_q: 0.001846  
INFO|2024-09-26 18:01:12: 	           ValOfEMA:0.008467/0.007900,  Epoch:85/57
INFO|2024-09-26 18:01:13: 	Time(ep):812s,  Val(curr/best):0.008487/0.006098,  Epoch(curr/best):85/41
INFO|2024-09-26 18:01:13: -------------------- Epoch: 86 --------------------
INFO|2024-09-26 18:02:24: Epoch[086/100], iter[040/392], loss_total:0.16056, loss_equ:0.77081 loss_pq_vm:0.00358 loss_pq_va:0.02183 loss_pv_va:0.02583
INFO|2024-09-26 18:03:31: Epoch[086/100], iter[079/392], loss_total:0.17287, loss_equ:0.80991 loss_pq_vm:0.00386 loss_pq_va:0.02467 loss_pv_va:0.02863
INFO|2024-09-26 18:04:39: Epoch[086/100], iter[118/392], loss_total:0.18039, loss_equ:0.81986 loss_pq_vm:0.00397 loss_pq_va:0.02706 loss_pv_va:0.03164
INFO|2024-09-26 18:05:47: Epoch[086/100], iter[157/392], loss_total:0.16658, loss_equ:0.77900 loss_pq_vm:0.00367 loss_pq_va:0.02406 loss_pv_va:0.02790
INFO|2024-09-26 18:06:55: Epoch[086/100], iter[196/392], loss_total:0.16358, loss_equ:0.76733 loss_pq_vm:0.00365 loss_pq_va:0.02334 loss_pv_va:0.02705
INFO|2024-09-26 18:08:03: Epoch[086/100], iter[235/392], loss_total:0.16919, loss_equ:0.77971 loss_pq_vm:0.00363 loss_pq_va:0.02526 loss_pv_va:0.02962
INFO|2024-09-26 18:09:11: Epoch[086/100], iter[274/392], loss_total:0.16865, loss_equ:0.78182 loss_pq_vm:0.00378 loss_pq_va:0.02428 loss_pv_va:0.02836
INFO|2024-09-26 18:10:19: Epoch[086/100], iter[313/392], loss_total:0.16413, loss_equ:0.78061 loss_pq_vm:0.00365 loss_pq_va:0.02306 loss_pv_va:0.02655
INFO|2024-09-26 18:11:26: Epoch[086/100], iter[352/392], loss_total:0.16448, loss_equ:0.78879 loss_pq_vm:0.00368 loss_pq_va:0.02264 loss_pv_va:0.02616
INFO|2024-09-26 18:12:36: Epoch[086/100], iter[392/392], loss_total:0.17215, loss_equ:0.78465 loss_pq_vm:0.00372 loss_pq_va:0.02626 loss_pv_va:0.03024
INFO|2024-09-26 18:14:44: Epoch 85/100, lr:  0.00005711, eta: 3.16h, train_loss:  0.16945, valid_loss:  0.29078
INFO|2024-09-26 18:14:44: 	Train: PQ_Vm_rmse: 0.00003330  PQ_Va_rmse: 0.00021688  PV_Va_rmse: 0.00023785  delta_p: 0.00295856  delta_q: 0.00090109  
INFO|2024-09-26 18:14:44: 	ZTest: PQ_Vm_rmse: 0.00087359  PQ_Va_rmse: 0.00780746  PV_Va_rmse: 0.00869134  delta_p: 0.00558801  delta_q: 0.00191798  
INFO|2024-09-26 18:14:44: 	ZTest-ema: PQ_Vm_rmse: 0.000868  PQ_Va_rmse: 0.007690  PV_Va_rmse: 0.008544  delta_p: 0.004181  delta_q: 0.001836  
INFO|2024-09-26 18:14:44: 	           ValOfEMA:0.008544/0.007900,  Epoch:86/57
INFO|2024-09-26 18:14:45: 	Time(ep):811s,  Val(curr/best):0.008691/0.006098,  Epoch(curr/best):86/41
INFO|2024-09-26 18:14:45: -------------------- Epoch: 87 --------------------
INFO|2024-09-26 18:15:56: Epoch[087/100], iter[040/392], loss_total:0.16663, loss_equ:0.79623 loss_pq_vm:0.00364 loss_pq_va:0.02284 loss_pv_va:0.02774
INFO|2024-09-26 18:17:04: Epoch[087/100], iter[079/392], loss_total:0.16792, loss_equ:0.77805 loss_pq_vm:0.00383 loss_pq_va:0.02390 loss_pv_va:0.02792
INFO|2024-09-26 18:18:12: Epoch[087/100], iter[118/392], loss_total:0.16321, loss_equ:0.77553 loss_pq_vm:0.00360 loss_pq_va:0.02298 loss_pv_va:0.02672
INFO|2024-09-26 18:19:19: Epoch[087/100], iter[157/392], loss_total:0.16324, loss_equ:0.78444 loss_pq_vm:0.00352 loss_pq_va:0.02287 loss_pv_va:0.02670
INFO|2024-09-26 18:20:27: Epoch[087/100], iter[196/392], loss_total:0.16832, loss_equ:0.78008 loss_pq_vm:0.00389 loss_pq_va:0.02389 loss_pv_va:0.02754
INFO|2024-09-26 18:21:35: Epoch[087/100], iter[235/392], loss_total:0.16544, loss_equ:0.78512 loss_pq_vm:0.00368 loss_pq_va:0.02326 loss_pv_va:0.02683
INFO|2024-09-26 18:22:43: Epoch[087/100], iter[274/392], loss_total:0.17500, loss_equ:0.79273 loss_pq_vm:0.00374 loss_pq_va:0.02720 loss_pv_va:0.03117
INFO|2024-09-26 18:23:50: Epoch[087/100], iter[313/392], loss_total:0.17076, loss_equ:0.78785 loss_pq_vm:0.00389 loss_pq_va:0.02445 loss_pv_va:0.02863
INFO|2024-09-26 18:24:58: Epoch[087/100], iter[352/392], loss_total:0.16579, loss_equ:0.79042 loss_pq_vm:0.00352 loss_pq_va:0.02344 loss_pv_va:0.02810
INFO|2024-09-26 18:26:08: Epoch[087/100], iter[392/392], loss_total:0.16501, loss_equ:0.77959 loss_pq_vm:0.00376 loss_pq_va:0.02275 loss_pv_va:0.02675
INFO|2024-09-26 18:28:16: Epoch 86/100, lr:  0.00005071, eta: 2.93h, train_loss:  0.16861, valid_loss:  0.28822
INFO|2024-09-26 18:28:16: 	Train: PQ_Vm_rmse: 0.00003569  PQ_Va_rmse: 0.00021391  PV_Va_rmse: 0.00023785  delta_p: 0.00255313  delta_q: 0.00089510  
INFO|2024-09-26 18:28:16: 	ZTest: PQ_Vm_rmse: 0.00086223  PQ_Va_rmse: 0.00774274  PV_Va_rmse: 0.00860547  delta_p: 0.00458216  delta_q: 0.00200422  
INFO|2024-09-26 18:28:16: 	ZTest-ema: PQ_Vm_rmse: 0.000863  PQ_Va_rmse: 0.007684  PV_Va_rmse: 0.008536  delta_p: 0.004157  delta_q: 0.001797  
INFO|2024-09-26 18:28:16: 	           ValOfEMA:0.008536/0.007900,  Epoch:87/57
INFO|2024-09-26 18:28:17: 	Time(ep):810s,  Val(curr/best):0.008605/0.006098,  Epoch(curr/best):87/41
INFO|2024-09-26 18:28:17: -------------------- Epoch: 88 --------------------
INFO|2024-09-26 18:29:27: Epoch[088/100], iter[040/392], loss_total:0.16524, loss_equ:0.78755 loss_pq_vm:0.00367 loss_pq_va:0.02290 loss_pv_va:0.02689
INFO|2024-09-26 18:30:35: Epoch[088/100], iter[079/392], loss_total:0.16814, loss_equ:0.79122 loss_pq_vm:0.00380 loss_pq_va:0.02338 loss_pv_va:0.02766
INFO|2024-09-26 18:31:43: Epoch[088/100], iter[118/392], loss_total:0.16485, loss_equ:0.78504 loss_pq_vm:0.00381 loss_pq_va:0.02195 loss_pv_va:0.02631
INFO|2024-09-26 18:32:51: Epoch[088/100], iter[157/392], loss_total:0.16690, loss_equ:0.78877 loss_pq_vm:0.00378 loss_pq_va:0.02292 loss_pv_va:0.02729
INFO|2024-09-26 18:33:59: Epoch[088/100], iter[196/392], loss_total:0.16800, loss_equ:0.79337 loss_pq_vm:0.00374 loss_pq_va:0.02341 loss_pv_va:0.02784
INFO|2024-09-26 18:35:06: Epoch[088/100], iter[235/392], loss_total:0.16545, loss_equ:0.78451 loss_pq_vm:0.00369 loss_pq_va:0.02295 loss_pv_va:0.02718
INFO|2024-09-26 18:36:14: Epoch[088/100], iter[274/392], loss_total:0.16767, loss_equ:0.78176 loss_pq_vm:0.00381 loss_pq_va:0.02368 loss_pv_va:0.02775
INFO|2024-09-26 18:37:22: Epoch[088/100], iter[313/392], loss_total:0.16417, loss_equ:0.77344 loss_pq_vm:0.00364 loss_pq_va:0.02353 loss_pv_va:0.02693
INFO|2024-09-26 18:38:30: Epoch[088/100], iter[352/392], loss_total:0.17617, loss_equ:0.80730 loss_pq_vm:0.00391 loss_pq_va:0.02584 loss_pv_va:0.03054
INFO|2024-09-26 18:39:39: Epoch[088/100], iter[392/392], loss_total:0.15722, loss_equ:0.75432 loss_pq_vm:0.00336 loss_pq_va:0.02236 loss_pv_va:0.02579
INFO|2024-09-26 18:41:47: Epoch 87/100, lr:  0.00004476, eta: 2.7h, train_loss:  0.16882, valid_loss:  0.29047
INFO|2024-09-26 18:41:47: 	Train: PQ_Vm_rmse: 0.00003687  PQ_Va_rmse: 0.00018577  PV_Va_rmse: 0.00020966  delta_p: 0.00258464  delta_q: 0.00094578  
INFO|2024-09-26 18:41:47: 	ZTest: PQ_Vm_rmse: 0.00088389  PQ_Va_rmse: 0.00795122  PV_Va_rmse: 0.00883393  delta_p: 0.00610748  delta_q: 0.00204507  
INFO|2024-09-26 18:41:47: 	ZTest-ema: PQ_Vm_rmse: 0.000867  PQ_Va_rmse: 0.007735  PV_Va_rmse: 0.008592  delta_p: 0.004073  delta_q: 0.001815  
INFO|2024-09-26 18:41:47: 	           ValOfEMA:0.008592/0.007900,  Epoch:88/57
INFO|2024-09-26 18:41:48: 	Time(ep):810s,  Val(curr/best):0.008834/0.006098,  Epoch(curr/best):88/41
INFO|2024-09-26 18:41:48: -------------------- Epoch: 89 --------------------
INFO|2024-09-26 18:42:59: Epoch[089/100], iter[040/392], loss_total:0.16949, loss_equ:0.79650 loss_pq_vm:0.00368 loss_pq_va:0.02442 loss_pv_va:0.02866
INFO|2024-09-26 18:44:07: Epoch[089/100], iter[079/392], loss_total:0.16987, loss_equ:0.79614 loss_pq_vm:0.00378 loss_pq_va:0.02394 loss_pv_va:0.02848
INFO|2024-09-26 18:45:15: Epoch[089/100], iter[118/392], loss_total:0.16969, loss_equ:0.80073 loss_pq_vm:0.00387 loss_pq_va:0.02342 loss_pv_va:0.02747
INFO|2024-09-26 18:46:23: Epoch[089/100], iter[157/392], loss_total:0.16920, loss_equ:0.79317 loss_pq_vm:0.00368 loss_pq_va:0.02463 loss_pv_va:0.02847
INFO|2024-09-26 18:47:30: Epoch[089/100], iter[196/392], loss_total:0.16263, loss_equ:0.77419 loss_pq_vm:0.00366 loss_pq_va:0.02262 loss_pv_va:0.02600
INFO|2024-09-26 18:48:38: Epoch[089/100], iter[235/392], loss_total:0.16912, loss_equ:0.79731 loss_pq_vm:0.00371 loss_pq_va:0.02404 loss_pv_va:0.02822
INFO|2024-09-26 18:49:46: Epoch[089/100], iter[274/392], loss_total:0.16541, loss_equ:0.78733 loss_pq_vm:0.00353 loss_pq_va:0.02380 loss_pv_va:0.02754
INFO|2024-09-26 18:50:53: Epoch[089/100], iter[313/392], loss_total:0.16042, loss_equ:0.77568 loss_pq_vm:0.00353 loss_pq_va:0.02202 loss_pv_va:0.02553
INFO|2024-09-26 18:52:01: Epoch[089/100], iter[352/392], loss_total:0.15750, loss_equ:0.76681 loss_pq_vm:0.00352 loss_pq_va:0.02101 loss_pv_va:0.02459
INFO|2024-09-26 18:53:11: Epoch[089/100], iter[392/392], loss_total:0.16077, loss_equ:0.76621 loss_pq_vm:0.00359 loss_pq_va:0.02239 loss_pv_va:0.02590
INFO|2024-09-26 18:55:19: Epoch 88/100, lr:  0.00003926, eta: 2.48h, train_loss:  0.16872, valid_loss:  0.28783
INFO|2024-09-26 18:55:19: 	Train: PQ_Vm_rmse: 0.00002736  PQ_Va_rmse: 0.00016521  PV_Va_rmse: 0.00019065  delta_p: 0.00284025  delta_q: 0.00090756  
INFO|2024-09-26 18:55:19: 	ZTest: PQ_Vm_rmse: 0.00086790  PQ_Va_rmse: 0.00776569  PV_Va_rmse: 0.00863172  delta_p: 0.00416613  delta_q: 0.00186601  
INFO|2024-09-26 18:55:19: 	ZTest-ema: PQ_Vm_rmse: 0.000871  PQ_Va_rmse: 0.007787  PV_Va_rmse: 0.008653  delta_p: 0.004125  delta_q: 0.001802  
INFO|2024-09-26 18:55:19: 	           ValOfEMA:0.008653/0.007900,  Epoch:89/57
INFO|2024-09-26 18:55:20: 	Time(ep):810s,  Val(curr/best):0.008632/0.006098,  Epoch(curr/best):89/41
INFO|2024-09-26 18:55:20: -------------------- Epoch: 90 --------------------
INFO|2024-09-26 18:56:30: Epoch[090/100], iter[040/392], loss_total:0.16670, loss_equ:0.79024 loss_pq_vm:0.00367 loss_pq_va:0.02317 loss_pv_va:0.02776
INFO|2024-09-26 18:57:38: Epoch[090/100], iter[079/392], loss_total:0.16802, loss_equ:0.77418 loss_pq_vm:0.00361 loss_pq_va:0.02497 loss_pv_va:0.02957
INFO|2024-09-26 18:58:45: Epoch[090/100], iter[118/392], loss_total:0.16537, loss_equ:0.78167 loss_pq_vm:0.00376 loss_pq_va:0.02282 loss_pv_va:0.02676
INFO|2024-09-26 18:59:53: Epoch[090/100], iter[157/392], loss_total:0.16093, loss_equ:0.77801 loss_pq_vm:0.00362 loss_pq_va:0.02164 loss_pv_va:0.02527
INFO|2024-09-26 19:01:00: Epoch[090/100], iter[196/392], loss_total:0.17114, loss_equ:0.80038 loss_pq_vm:0.00372 loss_pq_va:0.02472 loss_pv_va:0.02917
INFO|2024-09-26 19:02:08: Epoch[090/100], iter[235/392], loss_total:0.16624, loss_equ:0.80094 loss_pq_vm:0.00365 loss_pq_va:0.02289 loss_pv_va:0.02678
INFO|2024-09-26 19:03:15: Epoch[090/100], iter[274/392], loss_total:0.16884, loss_equ:0.79272 loss_pq_vm:0.00377 loss_pq_va:0.02403 loss_pv_va:0.02783
INFO|2024-09-26 19:04:23: Epoch[090/100], iter[313/392], loss_total:0.17705, loss_equ:0.81635 loss_pq_vm:0.00387 loss_pq_va:0.02605 loss_pv_va:0.03066
INFO|2024-09-26 19:05:30: Epoch[090/100], iter[352/392], loss_total:0.16236, loss_equ:0.77374 loss_pq_vm:0.00364 loss_pq_va:0.02233 loss_pv_va:0.02627
INFO|2024-09-26 19:06:40: Epoch[090/100], iter[392/392], loss_total:0.16806, loss_equ:0.78899 loss_pq_vm:0.00373 loss_pq_va:0.02412 loss_pv_va:0.02777
INFO|2024-09-26 19:08:48: Epoch 89/100, lr:  0.00003423, eta: 2.25h, train_loss:  0.16763, valid_loss:  0.28877
INFO|2024-09-26 19:08:48: 	Train: PQ_Vm_rmse: 0.00002659  PQ_Va_rmse: 0.00016829  PV_Va_rmse: 0.00018824  delta_p: 0.00238092  delta_q: 0.00084391  
INFO|2024-09-26 19:08:48: 	ZTest: PQ_Vm_rmse: 0.00088575  PQ_Va_rmse: 0.00782899  PV_Va_rmse: 0.00871537  delta_p: 0.00428878  delta_q: 0.00181829  
INFO|2024-09-26 19:08:48: 	ZTest-ema: PQ_Vm_rmse: 0.000887  PQ_Va_rmse: 0.007860  PV_Va_rmse: 0.008725  delta_p: 0.004175  delta_q: 0.001793  
INFO|2024-09-26 19:08:48: 	           ValOfEMA:0.008725/0.007900,  Epoch:90/57
INFO|2024-09-26 19:08:49: 	Time(ep):808s,  Val(curr/best):0.008715/0.006098,  Epoch(curr/best):90/41
INFO|2024-09-26 19:08:49: -------------------- Epoch: 91 --------------------
INFO|2024-09-26 19:10:00: Epoch[091/100], iter[040/392], loss_total:0.17292, loss_equ:0.81357 loss_pq_vm:0.00386 loss_pq_va:0.02391 loss_pv_va:0.02910
INFO|2024-09-26 19:11:08: Epoch[091/100], iter[079/392], loss_total:0.17537, loss_equ:0.80806 loss_pq_vm:0.00376 loss_pq_va:0.02640 loss_pv_va:0.03052
INFO|2024-09-26 19:12:15: Epoch[091/100], iter[118/392], loss_total:0.16791, loss_equ:0.78574 loss_pq_vm:0.00374 loss_pq_va:0.02419 loss_pv_va:0.02779
INFO|2024-09-26 19:13:23: Epoch[091/100], iter[157/392], loss_total:0.16527, loss_equ:0.79705 loss_pq_vm:0.00374 loss_pq_va:0.02184 loss_pv_va:0.02633
INFO|2024-09-26 19:14:31: Epoch[091/100], iter[196/392], loss_total:0.16302, loss_equ:0.79731 loss_pq_vm:0.00371 loss_pq_va:0.02125 loss_pv_va:0.02497
INFO|2024-09-26 19:15:39: Epoch[091/100], iter[235/392], loss_total:0.16409, loss_equ:0.76690 loss_pq_vm:0.00378 loss_pq_va:0.02299 loss_pv_va:0.02666
INFO|2024-09-26 19:16:47: Epoch[091/100], iter[274/392], loss_total:0.16682, loss_equ:0.79396 loss_pq_vm:0.00361 loss_pq_va:0.02365 loss_pv_va:0.02770
INFO|2024-09-26 19:17:55: Epoch[091/100], iter[313/392], loss_total:0.16567, loss_equ:0.79917 loss_pq_vm:0.00353 loss_pq_va:0.02322 loss_pv_va:0.02720
INFO|2024-09-26 19:19:02: Epoch[091/100], iter[352/392], loss_total:0.16231, loss_equ:0.77721 loss_pq_vm:0.00355 loss_pq_va:0.02245 loss_pv_va:0.02662
INFO|2024-09-26 19:20:12: Epoch[091/100], iter[392/392], loss_total:0.16538, loss_equ:0.77276 loss_pq_vm:0.00369 loss_pq_va:0.02363 loss_pv_va:0.02757
INFO|2024-09-26 19:22:20: Epoch 90/100, lr:  0.00002965, eta: 2.03h, train_loss:  0.16744, valid_loss:  0.28784
INFO|2024-09-26 19:22:20: 	Train: PQ_Vm_rmse: 0.00002496  PQ_Va_rmse: 0.00014050  PV_Va_rmse: 0.00016137  delta_p: 0.00244270  delta_q: 0.00083497  
INFO|2024-09-26 19:22:20: 	ZTest: PQ_Vm_rmse: 0.00087849  PQ_Va_rmse: 0.00786970  PV_Va_rmse: 0.00875865  delta_p: 0.00418954  delta_q: 0.00184149  
INFO|2024-09-26 19:22:20: 	ZTest-ema: PQ_Vm_rmse: 0.000873  PQ_Va_rmse: 0.007797  PV_Va_rmse: 0.008673  delta_p: 0.004081  delta_q: 0.001775  
INFO|2024-09-26 19:22:20: 	           ValOfEMA:0.008673/0.007900,  Epoch:91/57
INFO|2024-09-26 19:22:21: 	Time(ep):810s,  Val(curr/best):0.008759/0.006098,  Epoch(curr/best):91/41
INFO|2024-09-26 19:22:21: -------------------- Epoch: 92 --------------------
INFO|2024-09-26 19:23:32: Epoch[092/100], iter[040/392], loss_total:0.16770, loss_equ:0.77959 loss_pq_vm:0.00373 loss_pq_va:0.02428 loss_pv_va:0.02811
INFO|2024-09-26 19:24:40: Epoch[092/100], iter[079/392], loss_total:0.16296, loss_equ:0.78231 loss_pq_vm:0.00370 loss_pq_va:0.02182 loss_pv_va:0.02587
INFO|2024-09-26 19:25:48: Epoch[092/100], iter[118/392], loss_total:0.16918, loss_equ:0.79139 loss_pq_vm:0.00385 loss_pq_va:0.02378 loss_pv_va:0.02781
INFO|2024-09-26 19:26:56: Epoch[092/100], iter[157/392], loss_total:0.17377, loss_equ:0.80905 loss_pq_vm:0.00384 loss_pq_va:0.02526 loss_pv_va:0.02920
INFO|2024-09-26 19:28:04: Epoch[092/100], iter[196/392], loss_total:0.16002, loss_equ:0.76893 loss_pq_vm:0.00347 loss_pq_va:0.02237 loss_pv_va:0.02600
INFO|2024-09-26 19:29:11: Epoch[092/100], iter[235/392], loss_total:0.16857, loss_equ:0.80308 loss_pq_vm:0.00364 loss_pq_va:0.02383 loss_pv_va:0.02806
INFO|2024-09-26 19:30:19: Epoch[092/100], iter[274/392], loss_total:0.16311, loss_equ:0.77075 loss_pq_vm:0.00363 loss_pq_va:0.02300 loss_pv_va:0.02673
INFO|2024-09-26 19:31:27: Epoch[092/100], iter[313/392], loss_total:0.16211, loss_equ:0.77824 loss_pq_vm:0.00355 loss_pq_va:0.02246 loss_pv_va:0.02631
INFO|2024-09-26 19:32:35: Epoch[092/100], iter[352/392], loss_total:0.16886, loss_equ:0.81690 loss_pq_vm:0.00359 loss_pq_va:0.02304 loss_pv_va:0.02820
INFO|2024-09-26 19:33:44: Epoch[092/100], iter[392/392], loss_total:0.17667, loss_equ:0.81863 loss_pq_vm:0.00392 loss_pq_va:0.02549 loss_pv_va:0.03012
INFO|2024-09-26 19:35:53: Epoch 91/100, lr:  0.00002555, eta: 1.8h, train_loss:  0.16769, valid_loss:  0.29070
INFO|2024-09-26 19:35:53: 	Train: PQ_Vm_rmse: 0.00002468  PQ_Va_rmse: 0.00014062  PV_Va_rmse: 0.00016066  delta_p: 0.00239595  delta_q: 0.00084259  
INFO|2024-09-26 19:35:53: 	ZTest: PQ_Vm_rmse: 0.00088370  PQ_Va_rmse: 0.00792552  PV_Va_rmse: 0.00882549  delta_p: 0.00423694  delta_q: 0.00187502  
INFO|2024-09-26 19:35:53: 	ZTest-ema: PQ_Vm_rmse: 0.000882  PQ_Va_rmse: 0.007891  PV_Va_rmse: 0.008782  delta_p: 0.004066  delta_q: 0.001780  
INFO|2024-09-26 19:35:53: 	           ValOfEMA:0.008782/0.007900,  Epoch:92/57
INFO|2024-09-26 19:35:54: 	Time(ep):812s,  Val(curr/best):0.008825/0.006098,  Epoch(curr/best):92/41
INFO|2024-09-26 19:35:54: -------------------- Epoch: 93 --------------------
INFO|2024-09-26 19:37:05: Epoch[093/100], iter[040/392], loss_total:0.15945, loss_equ:0.76805 loss_pq_vm:0.00350 loss_pq_va:0.02185 loss_pv_va:0.02578
INFO|2024-09-26 19:38:13: Epoch[093/100], iter[079/392], loss_total:0.16991, loss_equ:0.78924 loss_pq_vm:0.00380 loss_pq_va:0.02436 loss_pv_va:0.02862
INFO|2024-09-26 19:39:21: Epoch[093/100], iter[118/392], loss_total:0.17229, loss_equ:0.79772 loss_pq_vm:0.00380 loss_pq_va:0.02554 loss_pv_va:0.02897
INFO|2024-09-26 19:40:29: Epoch[093/100], iter[157/392], loss_total:0.16630, loss_equ:0.78560 loss_pq_vm:0.00363 loss_pq_va:0.02361 loss_pv_va:0.02781
INFO|2024-09-26 19:41:36: Epoch[093/100], iter[196/392], loss_total:0.16661, loss_equ:0.79067 loss_pq_vm:0.00368 loss_pq_va:0.02334 loss_pv_va:0.02736
INFO|2024-09-26 19:42:44: Epoch[093/100], iter[235/392], loss_total:0.17651, loss_equ:0.82269 loss_pq_vm:0.00392 loss_pq_va:0.02528 loss_pv_va:0.02974
INFO|2024-09-26 19:43:52: Epoch[093/100], iter[274/392], loss_total:0.16640, loss_equ:0.78583 loss_pq_vm:0.00374 loss_pq_va:0.02320 loss_pv_va:0.02718
INFO|2024-09-26 19:44:59: Epoch[093/100], iter[313/392], loss_total:0.16680, loss_equ:0.79748 loss_pq_vm:0.00367 loss_pq_va:0.02312 loss_pv_va:0.02721
INFO|2024-09-26 19:46:07: Epoch[093/100], iter[352/392], loss_total:0.16070, loss_equ:0.77337 loss_pq_vm:0.00348 loss_pq_va:0.02244 loss_pv_va:0.02611
INFO|2024-09-26 19:47:16: Epoch[093/100], iter[392/392], loss_total:0.16506, loss_equ:0.79712 loss_pq_vm:0.00364 loss_pq_va:0.02258 loss_pv_va:0.02639
INFO|2024-09-26 19:49:24: Epoch 92/100, lr:  0.00002192, eta: 1.58h, train_loss:  0.16750, valid_loss:  0.28907
INFO|2024-09-26 19:49:24: 	Train: PQ_Vm_rmse: 0.00002345  PQ_Va_rmse: 0.00012810  PV_Va_rmse: 0.00014790  delta_p: 0.00230240  delta_q: 0.00083363  
INFO|2024-09-26 19:49:24: 	ZTest: PQ_Vm_rmse: 0.00089600  PQ_Va_rmse: 0.00804702  PV_Va_rmse: 0.00896519  delta_p: 0.00441944  delta_q: 0.00182189  
INFO|2024-09-26 19:49:24: 	ZTest-ema: PQ_Vm_rmse: 0.000890  PQ_Va_rmse: 0.007961  PV_Va_rmse: 0.008866  delta_p: 0.004039  delta_q: 0.001783  
INFO|2024-09-26 19:49:24: 	           ValOfEMA:0.008866/0.007900,  Epoch:93/57
INFO|2024-09-26 19:49:25: 	Time(ep):810s,  Val(curr/best):0.008965/0.006098,  Epoch(curr/best):93/41
INFO|2024-09-26 19:49:25: -------------------- Epoch: 94 --------------------
INFO|2024-09-26 19:50:35: Epoch[094/100], iter[040/392], loss_total:0.16205, loss_equ:0.78958 loss_pq_vm:0.00354 loss_pq_va:0.02185 loss_pv_va:0.02585
INFO|2024-09-26 19:51:43: Epoch[094/100], iter[079/392], loss_total:0.16285, loss_equ:0.80101 loss_pq_vm:0.00356 loss_pq_va:0.02148 loss_pv_va:0.02565
INFO|2024-09-26 19:52:51: Epoch[094/100], iter[118/392], loss_total:0.16952, loss_equ:0.80363 loss_pq_vm:0.00366 loss_pq_va:0.02406 loss_pv_va:0.02845
INFO|2024-09-26 19:53:59: Epoch[094/100], iter[157/392], loss_total:0.16109, loss_equ:0.78781 loss_pq_vm:0.00354 loss_pq_va:0.02130 loss_pv_va:0.02561
INFO|2024-09-26 19:55:07: Epoch[094/100], iter[196/392], loss_total:0.17039, loss_equ:0.79773 loss_pq_vm:0.00387 loss_pq_va:0.02398 loss_pv_va:0.02798
INFO|2024-09-26 19:56:15: Epoch[094/100], iter[235/392], loss_total:0.16811, loss_equ:0.81205 loss_pq_vm:0.00368 loss_pq_va:0.02286 loss_pv_va:0.02724
INFO|2024-09-26 19:57:23: Epoch[094/100], iter[274/392], loss_total:0.17531, loss_equ:0.81909 loss_pq_vm:0.00391 loss_pq_va:0.02511 loss_pv_va:0.02922
INFO|2024-09-26 19:58:31: Epoch[094/100], iter[313/392], loss_total:0.17745, loss_equ:0.79807 loss_pq_vm:0.00377 loss_pq_va:0.02793 loss_pv_va:0.03203
INFO|2024-09-26 19:59:38: Epoch[094/100], iter[352/392], loss_total:0.16616, loss_equ:0.79228 loss_pq_vm:0.00364 loss_pq_va:0.02332 loss_pv_va:0.02725
INFO|2024-09-26 20:00:48: Epoch[094/100], iter[392/392], loss_total:0.16477, loss_equ:0.78674 loss_pq_vm:0.00370 loss_pq_va:0.02241 loss_pv_va:0.02669
INFO|2024-09-26 20:02:56: Epoch 93/100, lr:  0.00001877, eta: 1.35h, train_loss:  0.16777, valid_loss:  0.29023
INFO|2024-09-26 20:02:56: 	Train: PQ_Vm_rmse: 0.00002327  PQ_Va_rmse: 0.00012583  PV_Va_rmse: 0.00014457  delta_p: 0.00223764  delta_q: 0.00082913  
INFO|2024-09-26 20:02:56: 	ZTest: PQ_Vm_rmse: 0.00090239  PQ_Va_rmse: 0.00807944  PV_Va_rmse: 0.00899458  delta_p: 0.00413922  delta_q: 0.00181149  
INFO|2024-09-26 20:02:56: 	ZTest-ema: PQ_Vm_rmse: 0.000895  PQ_Va_rmse: 0.007993  PV_Va_rmse: 0.008901  delta_p: 0.004042  delta_q: 0.001795  
INFO|2024-09-26 20:02:56: 	           ValOfEMA:0.008901/0.007900,  Epoch:94/57
INFO|2024-09-26 20:02:57: 	Time(ep):811s,  Val(curr/best):0.008995/0.006098,  Epoch(curr/best):94/41
INFO|2024-09-26 20:02:57: -------------------- Epoch: 95 --------------------
INFO|2024-09-26 20:04:08: Epoch[095/100], iter[040/392], loss_total:0.17243, loss_equ:0.81149 loss_pq_vm:0.00380 loss_pq_va:0.02466 loss_pv_va:0.02859
INFO|2024-09-26 20:05:16: Epoch[095/100], iter[079/392], loss_total:0.16133, loss_equ:0.77422 loss_pq_vm:0.00356 loss_pq_va:0.02194 loss_pv_va:0.02633
INFO|2024-09-26 20:06:23: Epoch[095/100], iter[118/392], loss_total:0.16899, loss_equ:0.79927 loss_pq_vm:0.00382 loss_pq_va:0.02362 loss_pv_va:0.02722
INFO|2024-09-26 20:07:31: Epoch[095/100], iter[157/392], loss_total:0.17174, loss_equ:0.81100 loss_pq_vm:0.00380 loss_pq_va:0.02408 loss_pv_va:0.02856
INFO|2024-09-26 20:08:39: Epoch[095/100], iter[196/392], loss_total:0.16447, loss_equ:0.79566 loss_pq_vm:0.00368 loss_pq_va:0.02174 loss_pv_va:0.02635
INFO|2024-09-26 20:09:46: Epoch[095/100], iter[235/392], loss_total:0.16628, loss_equ:0.79923 loss_pq_vm:0.00361 loss_pq_va:0.02332 loss_pv_va:0.02696
INFO|2024-09-26 20:10:54: Epoch[095/100], iter[274/392], loss_total:0.16237, loss_equ:0.78544 loss_pq_vm:0.00358 loss_pq_va:0.02217 loss_pv_va:0.02583
INFO|2024-09-26 20:12:02: Epoch[095/100], iter[313/392], loss_total:0.17117, loss_equ:0.79311 loss_pq_vm:0.00378 loss_pq_va:0.02508 loss_pv_va:0.02901
INFO|2024-09-26 20:13:09: Epoch[095/100], iter[352/392], loss_total:0.16356, loss_equ:0.77391 loss_pq_vm:0.00353 loss_pq_va:0.02327 loss_pv_va:0.02761
INFO|2024-09-26 20:14:19: Epoch[095/100], iter[392/392], loss_total:0.16651, loss_equ:0.80182 loss_pq_vm:0.00371 loss_pq_va:0.02259 loss_pv_va:0.02666
INFO|2024-09-26 20:16:27: Epoch 94/100, lr:  0.00001609, eta: 1.12h, train_loss:  0.16769, valid_loss:  0.28932
INFO|2024-09-26 20:16:27: 	Train: PQ_Vm_rmse: 0.00002248  PQ_Va_rmse: 0.00011950  PV_Va_rmse: 0.00013784  delta_p: 0.00222215  delta_q: 0.00082320  
INFO|2024-09-26 20:16:27: 	ZTest: PQ_Vm_rmse: 0.00089801  PQ_Va_rmse: 0.00797705  PV_Va_rmse: 0.00888422  delta_p: 0.00402741  delta_q: 0.00181510  
INFO|2024-09-26 20:16:27: 	ZTest-ema: PQ_Vm_rmse: 0.000902  PQ_Va_rmse: 0.008022  PV_Va_rmse: 0.008934  delta_p: 0.004032  delta_q: 0.001798  
INFO|2024-09-26 20:16:27: 	           ValOfEMA:0.008934/0.007900,  Epoch:95/57
INFO|2024-09-26 20:16:28: 	Time(ep):809s,  Val(curr/best):0.008884/0.006098,  Epoch(curr/best):95/41
INFO|2024-09-26 20:16:28: -------------------- Epoch: 96 --------------------
INFO|2024-09-26 20:17:38: Epoch[096/100], iter[040/392], loss_total:0.16056, loss_equ:0.77123 loss_pq_vm:0.00364 loss_pq_va:0.02158 loss_pv_va:0.02543
INFO|2024-09-26 20:18:46: Epoch[096/100], iter[079/392], loss_total:0.16477, loss_equ:0.79862 loss_pq_vm:0.00368 loss_pq_va:0.02196 loss_pv_va:0.02611
INFO|2024-09-26 20:19:54: Epoch[096/100], iter[118/392], loss_total:0.16899, loss_equ:0.79548 loss_pq_vm:0.00367 loss_pq_va:0.02420 loss_pv_va:0.02852
INFO|2024-09-26 20:21:02: Epoch[096/100], iter[157/392], loss_total:0.15967, loss_equ:0.77246 loss_pq_vm:0.00358 loss_pq_va:0.02134 loss_pv_va:0.02526
INFO|2024-09-26 20:22:10: Epoch[096/100], iter[196/392], loss_total:0.16532, loss_equ:0.79687 loss_pq_vm:0.00363 loss_pq_va:0.02271 loss_pv_va:0.02657
INFO|2024-09-26 20:23:18: Epoch[096/100], iter[235/392], loss_total:0.17009, loss_equ:0.79965 loss_pq_vm:0.00364 loss_pq_va:0.02462 loss_pv_va:0.02913
INFO|2024-09-26 20:24:26: Epoch[096/100], iter[274/392], loss_total:0.16984, loss_equ:0.80457 loss_pq_vm:0.00367 loss_pq_va:0.02450 loss_pv_va:0.02824
INFO|2024-09-26 20:25:33: Epoch[096/100], iter[313/392], loss_total:0.16375, loss_equ:0.77476 loss_pq_vm:0.00364 loss_pq_va:0.02306 loss_pv_va:0.02682
INFO|2024-09-26 20:26:41: Epoch[096/100], iter[352/392], loss_total:0.17079, loss_equ:0.79073 loss_pq_vm:0.00381 loss_pq_va:0.02511 loss_pv_va:0.02851
INFO|2024-09-26 20:27:51: Epoch[096/100], iter[392/392], loss_total:0.17005, loss_equ:0.80404 loss_pq_vm:0.00364 loss_pq_va:0.02474 loss_pv_va:0.02847
INFO|2024-09-26 20:29:59: Epoch 95/100, lr:  0.00001390, eta: 0.9h, train_loss:  0.16788, valid_loss:  0.28977
INFO|2024-09-26 20:29:59: 	Train: PQ_Vm_rmse: 0.00002193  PQ_Va_rmse: 0.00011587  PV_Va_rmse: 0.00013409  delta_p: 0.00216007  delta_q: 0.00081967  
INFO|2024-09-26 20:29:59: 	ZTest: PQ_Vm_rmse: 0.00090528  PQ_Va_rmse: 0.00802601  PV_Va_rmse: 0.00893588  delta_p: 0.00408287  delta_q: 0.00184822  
INFO|2024-09-26 20:29:59: 	ZTest-ema: PQ_Vm_rmse: 0.000904  PQ_Va_rmse: 0.008035  PV_Va_rmse: 0.008951  delta_p: 0.004026  delta_q: 0.001807  
INFO|2024-09-26 20:29:59: 	           ValOfEMA:0.008951/0.007900,  Epoch:96/57
INFO|2024-09-26 20:29:59: 	Time(ep):811s,  Val(curr/best):0.008936/0.006098,  Epoch(curr/best):96/41
INFO|2024-09-26 20:29:59: -------------------- Epoch: 97 --------------------
INFO|2024-09-26 20:31:10: Epoch[097/100], iter[040/392], loss_total:0.17205, loss_equ:0.80386 loss_pq_vm:0.00368 loss_pq_va:0.02554 loss_pv_va:0.02932
INFO|2024-09-26 20:32:17: Epoch[097/100], iter[079/392], loss_total:0.17010, loss_equ:0.80774 loss_pq_vm:0.00378 loss_pq_va:0.02358 loss_pv_va:0.02798
INFO|2024-09-26 20:33:25: Epoch[097/100], iter[118/392], loss_total:0.16623, loss_equ:0.78703 loss_pq_vm:0.00369 loss_pq_va:0.02315 loss_pv_va:0.02748
INFO|2024-09-26 20:34:33: Epoch[097/100], iter[157/392], loss_total:0.16752, loss_equ:0.78688 loss_pq_vm:0.00368 loss_pq_va:0.02407 loss_pv_va:0.02798
INFO|2024-09-26 20:35:41: Epoch[097/100], iter[196/392], loss_total:0.16881, loss_equ:0.79111 loss_pq_vm:0.00375 loss_pq_va:0.02385 loss_pv_va:0.02837
INFO|2024-09-26 20:36:49: Epoch[097/100], iter[235/392], loss_total:0.16021, loss_equ:0.78669 loss_pq_vm:0.00355 loss_pq_va:0.02115 loss_pv_va:0.02491
INFO|2024-09-26 20:37:56: Epoch[097/100], iter[274/392], loss_total:0.17136, loss_equ:0.81561 loss_pq_vm:0.00386 loss_pq_va:0.02368 loss_pv_va:0.02748
INFO|2024-09-26 20:39:04: Epoch[097/100], iter[313/392], loss_total:0.16973, loss_equ:0.80297 loss_pq_vm:0.00369 loss_pq_va:0.02422 loss_pv_va:0.02829
INFO|2024-09-26 20:40:12: Epoch[097/100], iter[352/392], loss_total:0.16223, loss_equ:0.78962 loss_pq_vm:0.00363 loss_pq_va:0.02147 loss_pv_va:0.02548
INFO|2024-09-26 20:41:21: Epoch[097/100], iter[392/392], loss_total:0.16846, loss_equ:0.79636 loss_pq_vm:0.00369 loss_pq_va:0.02373 loss_pv_va:0.02815
INFO|2024-09-26 20:43:29: Epoch 96/100, lr:  0.00001220, eta: 0.67h, train_loss:  0.16804, valid_loss:  0.29124
INFO|2024-09-26 20:43:29: 	Train: PQ_Vm_rmse: 0.00002202  PQ_Va_rmse: 0.00010916  PV_Va_rmse: 0.00012704  delta_p: 0.00216195  delta_q: 0.00082221  
INFO|2024-09-26 20:43:29: 	ZTest: PQ_Vm_rmse: 0.00091554  PQ_Va_rmse: 0.00818775  PV_Va_rmse: 0.00911614  delta_p: 0.00406308  delta_q: 0.00183117  
INFO|2024-09-26 20:43:29: 	ZTest-ema: PQ_Vm_rmse: 0.000913  PQ_Va_rmse: 0.008129  PV_Va_rmse: 0.009053  delta_p: 0.004047  delta_q: 0.001814  
INFO|2024-09-26 20:43:29: 	           ValOfEMA:0.009053/0.007900,  Epoch:97/57
INFO|2024-09-26 20:43:30: 	Time(ep):809s,  Val(curr/best):0.009116/0.006098,  Epoch(curr/best):97/41
INFO|2024-09-26 20:43:30: -------------------- Epoch: 98 --------------------
INFO|2024-09-26 20:44:41: Epoch[098/100], iter[040/392], loss_total:0.17625, loss_equ:0.81797 loss_pq_vm:0.00389 loss_pq_va:0.02554 loss_pv_va:0.03003
INFO|2024-09-26 20:45:49: Epoch[098/100], iter[079/392], loss_total:0.17357, loss_equ:0.80127 loss_pq_vm:0.00388 loss_pq_va:0.02528 loss_pv_va:0.02936
INFO|2024-09-26 20:46:56: Epoch[098/100], iter[118/392], loss_total:0.16851, loss_equ:0.80952 loss_pq_vm:0.00370 loss_pq_va:0.02295 loss_pv_va:0.02762
INFO|2024-09-26 20:48:04: Epoch[098/100], iter[157/392], loss_total:0.16470, loss_equ:0.79853 loss_pq_vm:0.00366 loss_pq_va:0.02197 loss_pv_va:0.02630
INFO|2024-09-26 20:49:11: Epoch[098/100], iter[196/392], loss_total:0.16169, loss_equ:0.77459 loss_pq_vm:0.00355 loss_pq_va:0.02250 loss_pv_va:0.02627
INFO|2024-09-26 20:50:19: Epoch[098/100], iter[235/392], loss_total:0.17417, loss_equ:0.81148 loss_pq_vm:0.00385 loss_pq_va:0.02514 loss_pv_va:0.02936
INFO|2024-09-26 20:51:27: Epoch[098/100], iter[274/392], loss_total:0.16731, loss_equ:0.81245 loss_pq_vm:0.00369 loss_pq_va:0.02248 loss_pv_va:0.02670
INFO|2024-09-26 20:52:35: Epoch[098/100], iter[313/392], loss_total:0.16538, loss_equ:0.78194 loss_pq_vm:0.00359 loss_pq_va:0.02379 loss_pv_va:0.02749
INFO|2024-09-26 20:53:43: Epoch[098/100], iter[352/392], loss_total:0.16381, loss_equ:0.79684 loss_pq_vm:0.00364 loss_pq_va:0.02157 loss_pv_va:0.02612
INFO|2024-09-26 20:54:52: Epoch[098/100], iter[392/392], loss_total:0.17254, loss_equ:0.82380 loss_pq_vm:0.00386 loss_pq_va:0.02354 loss_pv_va:0.02798
INFO|2024-09-26 20:57:01: Epoch 97/100, lr:  0.00001098, eta: 0.45h, train_loss:  0.16799, valid_loss:  0.29090
INFO|2024-09-26 20:57:01: 	Train: PQ_Vm_rmse: 0.00002142  PQ_Va_rmse: 0.00010384  PV_Va_rmse: 0.00012154  delta_p: 0.00213146  delta_q: 0.00081796  
INFO|2024-09-26 20:57:01: 	ZTest: PQ_Vm_rmse: 0.00091399  PQ_Va_rmse: 0.00815155  PV_Va_rmse: 0.00908000  delta_p: 0.00410013  delta_q: 0.00182347  
INFO|2024-09-26 20:57:01: 	ZTest-ema: PQ_Vm_rmse: 0.000915  PQ_Va_rmse: 0.008167  PV_Va_rmse: 0.009093  delta_p: 0.004043  delta_q: 0.001816  
INFO|2024-09-26 20:57:01: 	           ValOfEMA:0.009093/0.007900,  Epoch:98/57
INFO|2024-09-26 20:57:02: 	Time(ep):811s,  Val(curr/best):0.009080/0.006098,  Epoch(curr/best):98/41
INFO|2024-09-26 20:57:02: -------------------- Epoch: 99 --------------------
INFO|2024-09-26 20:58:13: Epoch[099/100], iter[040/392], loss_total:0.16008, loss_equ:0.78666 loss_pq_vm:0.00345 loss_pq_va:0.02153 loss_pv_va:0.02534
INFO|2024-09-26 20:59:20: Epoch[099/100], iter[079/392], loss_total:0.17858, loss_equ:0.82734 loss_pq_vm:0.00400 loss_pq_va:0.02562 loss_pv_va:0.03026
INFO|2024-09-26 21:00:28: Epoch[099/100], iter[118/392], loss_total:0.17495, loss_equ:0.80183 loss_pq_vm:0.00390 loss_pq_va:0.02592 loss_pv_va:0.02983
INFO|2024-09-26 21:01:36: Epoch[099/100], iter[157/392], loss_total:0.16533, loss_equ:0.78163 loss_pq_vm:0.00361 loss_pq_va:0.02366 loss_pv_va:0.02740
INFO|2024-09-26 21:02:44: Epoch[099/100], iter[196/392], loss_total:0.16641, loss_equ:0.79414 loss_pq_vm:0.00370 loss_pq_va:0.02308 loss_pv_va:0.02691
INFO|2024-09-26 21:03:52: Epoch[099/100], iter[235/392], loss_total:0.16803, loss_equ:0.80559 loss_pq_vm:0.00375 loss_pq_va:0.02318 loss_pv_va:0.02683
INFO|2024-09-26 21:04:59: Epoch[099/100], iter[274/392], loss_total:0.18042, loss_equ:0.82632 loss_pq_vm:0.00403 loss_pq_va:0.02653 loss_pv_va:0.03093
INFO|2024-09-26 21:06:07: Epoch[099/100], iter[313/392], loss_total:0.17010, loss_equ:0.80492 loss_pq_vm:0.00367 loss_pq_va:0.02430 loss_pv_va:0.02861
INFO|2024-09-26 21:07:15: Epoch[099/100], iter[352/392], loss_total:0.16216, loss_equ:0.78104 loss_pq_vm:0.00350 loss_pq_va:0.02266 loss_pv_va:0.02637
INFO|2024-09-26 21:08:25: Epoch[099/100], iter[392/392], loss_total:0.16553, loss_equ:0.77625 loss_pq_vm:0.00379 loss_pq_va:0.02275 loss_pv_va:0.02729
INFO|2024-09-26 21:10:33: Epoch 98/100, lr:  0.00001024, eta: 0.23h, train_loss:  0.16813, valid_loss:  0.29193
INFO|2024-09-26 21:10:33: 	Train: PQ_Vm_rmse: 0.00002091  PQ_Va_rmse: 0.00010337  PV_Va_rmse: 0.00012064  delta_p: 0.00213632  delta_q: 0.00081413  
INFO|2024-09-26 21:10:33: 	ZTest: PQ_Vm_rmse: 0.00092199  PQ_Va_rmse: 0.00827041  PV_Va_rmse: 0.00920629  delta_p: 0.00414192  delta_q: 0.00184472  
INFO|2024-09-26 21:10:33: 	ZTest-ema: PQ_Vm_rmse: 0.000917  PQ_Va_rmse: 0.008187  PV_Va_rmse: 0.009113  delta_p: 0.004048  delta_q: 0.001818  
INFO|2024-09-26 21:10:33: 	           ValOfEMA:0.009113/0.007900,  Epoch:99/57
INFO|2024-09-26 21:10:34: 	Time(ep):810s,  Val(curr/best):0.009206/0.006098,  Epoch(curr/best):99/41
INFO|2024-09-26 21:10:34: -------------------- Epoch: 100 --------------------
INFO|2024-09-26 21:11:45: Epoch[100/100], iter[040/392], loss_total:0.15569, loss_equ:0.77734 loss_pq_vm:0.00345 loss_pq_va:0.01978 loss_pv_va:0.02368
INFO|2024-09-26 21:12:53: Epoch[100/100], iter[079/392], loss_total:0.16485, loss_equ:0.79463 loss_pq_vm:0.00376 loss_pq_va:0.02181 loss_pv_va:0.02594
INFO|2024-09-26 21:14:01: Epoch[100/100], iter[118/392], loss_total:0.17130, loss_equ:0.79999 loss_pq_vm:0.00369 loss_pq_va:0.02516 loss_pv_va:0.02921
INFO|2024-09-26 21:15:09: Epoch[100/100], iter[157/392], loss_total:0.16466, loss_equ:0.79436 loss_pq_vm:0.00373 loss_pq_va:0.02190 loss_pv_va:0.02607
INFO|2024-09-26 21:16:17: Epoch[100/100], iter[196/392], loss_total:0.16510, loss_equ:0.79173 loss_pq_vm:0.00358 loss_pq_va:0.02316 loss_pv_va:0.02699
INFO|2024-09-26 21:17:25: Epoch[100/100], iter[235/392], loss_total:0.16508, loss_equ:0.77616 loss_pq_vm:0.00357 loss_pq_va:0.02379 loss_pv_va:0.02800
INFO|2024-09-26 21:18:32: Epoch[100/100], iter[274/392], loss_total:0.17420, loss_equ:0.81809 loss_pq_vm:0.00390 loss_pq_va:0.02435 loss_pv_va:0.02904
INFO|2024-09-26 21:19:40: Epoch[100/100], iter[313/392], loss_total:0.16736, loss_equ:0.80974 loss_pq_vm:0.00360 loss_pq_va:0.02292 loss_pv_va:0.02748
INFO|2024-09-26 21:20:48: Epoch[100/100], iter[352/392], loss_total:0.17136, loss_equ:0.80683 loss_pq_vm:0.00379 loss_pq_va:0.02434 loss_pv_va:0.02849
INFO|2024-09-26 21:21:57: Epoch[100/100], iter[392/392], loss_total:0.16858, loss_equ:0.79560 loss_pq_vm:0.00365 loss_pq_va:0.02367 loss_pv_va:0.02882
INFO|2024-09-26 21:24:06: Epoch 99/100, lr:  0.00001000, eta: 0.0h, train_loss:  0.16815, valid_loss:  0.29118
INFO|2024-09-26 21:24:06: 	Train: PQ_Vm_rmse: 0.00002095  PQ_Va_rmse: 0.00010264  PV_Va_rmse: 0.00012020  delta_p: 0.00212964  delta_q: 0.00081614  
INFO|2024-09-26 21:24:06: 	ZTest: PQ_Vm_rmse: 0.00091599  PQ_Va_rmse: 0.00815111  PV_Va_rmse: 0.00907932  delta_p: 0.00412925  delta_q: 0.00183982  
INFO|2024-09-26 21:24:06: 	ZTest-ema: PQ_Vm_rmse: 0.000920  PQ_Va_rmse: 0.008201  PV_Va_rmse: 0.009131  delta_p: 0.004051  delta_q: 0.001829  
INFO|2024-09-26 21:24:06: 	           ValOfEMA:0.009131/0.007900,  Epoch:100/57
INFO|2024-09-26 21:24:07: 	Time(ep):812s,  Val(curr/best):0.009079/0.006098,  Epoch(curr/best):100/41
