INFO|2024-09-25 13:41:58: 
{'batch_size': 256,
 'config': '/home/bingxing2/ailab/zhaozhen/energy/senseflow/configs/test_gnns_transformerconv_v2_1.yaml',
 'data': {'batch_size': 256,
          'batch_size_test': 256,
          'meta': {'edge': [['PQ', 'default', 'PQ'],
                            ['PQ', 'default', 'PV'],
                            ['PQ', 'default', 'Slack'],
                            ['PV', 'default', 'PQ'],
                            ['PV', 'default', 'PV'],
                            ['PV', 'default', 'Slack'],
                            ['Slack', 'default', 'PQ'],
                            ['Slack', 'default', 'PV']],
                   'node': ['PQ', 'PV', 'Slack']},
          'num_workers': 4,
          'train': {'data_root': '/',
                    'dataset_type': 'PowerFlowDataset',
                    'mask_num': 0,
                    'pq_len': 29,
                    'pv_len': 9,
                    'slack_len': 1,
                    'split_txt': '/home/bingxing2/ailab/zhaozhen/energy/senseflow/data_json/processed/10w_case39_n_n_1.json'},
          'val': {'data_root': '/',
                  'dataset_type': 'PowerFlowDataset',
                  'mask_num': 0,
                  'pq_len': 29,
                  'pv_len': 9,
                  'slack_len': 1,
                  'split_txt': '/home/bingxing2/ailab/zhaozhen/energy/senseflow/data_json/processed/2w_case39_n_2.json'}},
 'distributed': False,
 'flag_return_losses': True,
 'local_rank': 0,
 'log_path': './results/test_gnns_transformerconv_v2_1/2024_09_25_13_41_58',
 'loss': {'aggr': 'abs', 'filt_type': True, 'type': 'bi_deltapq_loss'},
 'mask_num': 0,
 'model': {'batch_size': 256,
           'ema_decay_param': 0.99,
           'ema_warmup_epoch': 10,
           'flag_use_edge_feat': False,
           'flag_use_ema': True,
           'flag_use_ffn': False,
           'flag_use_fusion': False,
           'flag_weighted_loss': True,
           'gcn_type': 'transformerconv',
           'heads_num': 4,
           'hidden_channels': 128,
           'loss_type': 'l1',
           'loss_weight_equ': 0.1,
           'loss_weight_va': 1.0,
           'loss_weight_vm': 10.0,
           'matrix': 'vm_va',
           'num_block': 8,
           'num_loops_test': -1,
           'num_loops_train': 8,
           'resume_ckpt_path': '',
           'scaling_factor_va': 0.01,
           'scaling_factor_vm': 0.01,
           'type': 'test_gnn',
           'with_norm': True},
 'ngpus': 1,
 'pq_len': 29,
 'pv_len': 9,
 'scheduler': {'eta_min': '1e-5', 'type': 'Cosine'},
 'seed': 2024,
 'slack_len': 1,
 'train': {'epochs': 100,
           'learning_rate': 0.001,
           'logs_freq': 10,
           'momentum': 0.9,
           'optimizer_type': 'Adam',
           'weight_decay': 0.0}}
INFO|2024-09-25 13:42:05: ==================== Total number of parameters: 13.910M
INFO|2024-09-25 13:42:05: -------------------- Epoch: 1 --------------------
INFO|2024-09-25 13:43:25: Epoch[001/100], iter[040/392], loss_total:5.95789, loss_equ:11.51465 loss_pq_vm:0.11846 loss_pq_va:1.74707 loss_pv_va:1.87478
INFO|2024-09-25 13:44:42: Epoch[001/100], iter[079/392], loss_total:5.86298, loss_equ:11.09287 loss_pq_vm:0.11301 loss_pq_va:1.74542 loss_pv_va:1.87822
INFO|2024-09-25 13:45:58: Epoch[001/100], iter[118/392], loss_total:5.15662, loss_equ:9.57833 loss_pq_vm:0.08666 loss_pq_va:1.61115 loss_pv_va:1.72100
INFO|2024-09-25 13:47:14: Epoch[001/100], iter[157/392], loss_total:4.73805, loss_equ:10.35944 loss_pq_vm:0.07546 loss_pq_va:1.43295 loss_pv_va:1.51458
INFO|2024-09-25 13:48:30: Epoch[001/100], iter[196/392], loss_total:4.26309, loss_equ:6.98532 loss_pq_vm:0.07073 loss_pq_va:1.37213 loss_pv_va:1.48516
INFO|2024-09-25 13:49:46: Epoch[001/100], iter[235/392], loss_total:4.54353, loss_equ:8.43520 loss_pq_vm:0.06115 loss_pq_va:1.48520 loss_pv_va:1.60335
INFO|2024-09-25 13:51:02: Epoch[001/100], iter[274/392], loss_total:3.64961, loss_equ:7.34386 loss_pq_vm:0.05787 loss_pq_va:1.12609 loss_pv_va:1.21045
INFO|2024-09-25 13:52:18: Epoch[001/100], iter[313/392], loss_total:3.71156, loss_equ:7.60628 loss_pq_vm:0.06680 loss_pq_va:1.08802 loss_pv_va:1.19493
INFO|2024-09-25 13:53:34: Epoch[001/100], iter[352/392], loss_total:3.32576, loss_equ:7.87072 loss_pq_vm:0.04973 loss_pq_va:0.97986 loss_pv_va:1.06156
INFO|2024-09-25 13:54:52: Epoch[001/100], iter[392/392], loss_total:3.17215, loss_equ:6.31354 loss_pq_vm:0.05063 loss_pq_va:0.97489 loss_pv_va:1.05963
INFO|2024-09-25 13:57:19: Epoch 0/100, lr:  0.00099976, eta: 25.15h, train_loss:  4.60159, valid_loss:  3.27625
INFO|2024-09-25 13:57:19: 	Train: PQ_Vm_rmse: 0.01092552  PQ_Va_rmse: 0.15674455  PV_Va_rmse: 0.17099997  delta_p: 0.50152899  delta_q: 0.21095049  
INFO|2024-09-25 13:57:19: 	ZTest: PQ_Vm_rmse: 0.00684604  PQ_Va_rmse: 0.07325439  PV_Va_rmse: 0.08260730  delta_p: 0.34451479  delta_q: 0.07837921  
INFO|2024-09-25 13:57:19: 	ZTest-ema: PQ_Vm_rmse: 0.006846  PQ_Va_rmse: 0.073254  PV_Va_rmse: 0.082607  delta_p: 0.344510  delta_q: 0.078380  
INFO|2024-09-25 13:57:19: 	           ValOfEMA:0.082607/0.082607,  Epoch:1/1
INFO|2024-09-25 13:57:21: 	Time(ep):914s,  Val(curr/best):0.082607/0.082607,  Epoch(curr/best):1/1
INFO|2024-09-25 13:57:21: -------------------- Epoch: 2 --------------------
INFO|2024-09-25 13:58:40: Epoch[002/100], iter[040/392], loss_total:3.02547, loss_equ:5.42423 loss_pq_vm:0.04889 loss_pq_va:0.95565 loss_pv_va:1.03846
INFO|2024-09-25 13:59:57: Epoch[002/100], iter[079/392], loss_total:2.83392, loss_equ:6.33224 loss_pq_vm:0.04858 loss_pq_va:0.81985 loss_pv_va:0.89504
INFO|2024-09-25 14:01:13: Epoch[002/100], iter[118/392], loss_total:3.89559, loss_equ:8.81533 loss_pq_vm:0.06403 loss_pq_va:1.13434 loss_pv_va:1.23939
INFO|2024-09-25 14:02:29: Epoch[002/100], iter[157/392], loss_total:2.99313, loss_equ:6.45013 loss_pq_vm:0.05235 loss_pq_va:0.87180 loss_pv_va:0.95283
INFO|2024-09-25 14:03:45: Epoch[002/100], iter[196/392], loss_total:2.63356, loss_equ:5.98011 loss_pq_vm:0.04463 loss_pq_va:0.76353 loss_pv_va:0.82572
INFO|2024-09-25 14:05:02: Epoch[002/100], iter[235/392], loss_total:2.44882, loss_equ:5.38501 loss_pq_vm:0.04302 loss_pq_va:0.70759 loss_pv_va:0.77253
INFO|2024-09-25 14:06:18: Epoch[002/100], iter[274/392], loss_total:2.49212, loss_equ:5.11666 loss_pq_vm:0.04040 loss_pq_va:0.75569 loss_pv_va:0.82074
INFO|2024-09-25 14:07:34: Epoch[002/100], iter[313/392], loss_total:2.58788, loss_equ:5.45050 loss_pq_vm:0.05169 loss_pq_va:0.73323 loss_pv_va:0.79269
INFO|2024-09-25 14:08:50: Epoch[002/100], iter[352/392], loss_total:2.48685, loss_equ:5.86876 loss_pq_vm:0.04309 loss_pq_va:0.69608 loss_pv_va:0.77295
INFO|2024-09-25 14:10:08: Epoch[002/100], iter[392/392], loss_total:2.46730, loss_equ:5.46213 loss_pq_vm:0.04141 loss_pq_va:0.71993 loss_pv_va:0.78704
INFO|2024-09-25 14:12:36: Epoch 1/100, lr:  0.00099902, eta: 24.91h, train_loss:  2.81446, valid_loss:  3.02287
INFO|2024-09-25 14:12:36: 	Train: PQ_Vm_rmse: 0.00534730  PQ_Va_rmse: 0.06304131  PV_Va_rmse: 0.06905603  delta_p: 0.32323438  delta_q: 0.08255614  
INFO|2024-09-25 14:12:36: 	ZTest: PQ_Vm_rmse: 0.00542110  PQ_Va_rmse: 0.09005330  PV_Va_rmse: 0.09796940  delta_p: 0.36177794  delta_q: 0.09334240  
INFO|2024-09-25 14:12:36: 	ZTest-ema: PQ_Vm_rmse: 0.005421  PQ_Va_rmse: 0.090053  PV_Va_rmse: 0.097969  delta_p: 0.361779  delta_q: 0.093344  
INFO|2024-09-25 14:12:36: 	           ValOfEMA:0.097969/0.082607,  Epoch:2/1
INFO|2024-09-25 14:12:37: 	Time(ep):915s,  Val(curr/best):0.097969/0.082607,  Epoch(curr/best):2/1
INFO|2024-09-25 14:12:37: -------------------- Epoch: 3 --------------------
INFO|2024-09-25 14:13:56: Epoch[003/100], iter[040/392], loss_total:2.24676, loss_equ:5.23595 loss_pq_vm:0.03977 loss_pq_va:0.63535 loss_pv_va:0.69012
INFO|2024-09-25 14:15:12: Epoch[003/100], iter[079/392], loss_total:2.59635, loss_equ:6.00593 loss_pq_vm:0.04000 loss_pq_va:0.76746 loss_pv_va:0.82826
INFO|2024-09-25 14:16:28: Epoch[003/100], iter[118/392], loss_total:2.56009, loss_equ:6.25393 loss_pq_vm:0.04148 loss_pq_va:0.73337 loss_pv_va:0.78651
INFO|2024-09-25 14:17:45: Epoch[003/100], iter[157/392], loss_total:2.19152, loss_equ:4.83767 loss_pq_vm:0.03636 loss_pq_va:0.63873 loss_pv_va:0.70541
INFO|2024-09-25 14:19:01: Epoch[003/100], iter[196/392], loss_total:2.04402, loss_equ:5.12594 loss_pq_vm:0.03767 loss_pq_va:0.55484 loss_pv_va:0.59986
INFO|2024-09-25 14:20:17: Epoch[003/100], iter[235/392], loss_total:2.42735, loss_equ:5.60497 loss_pq_vm:0.04173 loss_pq_va:0.68573 loss_pv_va:0.76379
INFO|2024-09-25 14:21:33: Epoch[003/100], iter[274/392], loss_total:2.28859, loss_equ:5.09771 loss_pq_vm:0.03752 loss_pq_va:0.66765 loss_pv_va:0.73600
INFO|2024-09-25 14:22:49: Epoch[003/100], iter[313/392], loss_total:2.28106, loss_equ:6.12554 loss_pq_vm:0.03998 loss_pq_va:0.61136 loss_pv_va:0.65736
INFO|2024-09-25 14:24:05: Epoch[003/100], iter[352/392], loss_total:2.49231, loss_equ:4.76730 loss_pq_vm:0.03903 loss_pq_va:0.77551 loss_pv_va:0.84974
INFO|2024-09-25 14:25:23: Epoch[003/100], iter[392/392], loss_total:2.83884, loss_equ:6.36766 loss_pq_vm:0.06551 loss_pq_va:0.73661 loss_pv_va:0.81040
INFO|2024-09-25 14:27:50: Epoch 2/100, lr:  0.00099780, eta: 24.62h, train_loss:  2.42999, valid_loss:  2.96156
INFO|2024-09-25 14:27:50: 	Train: PQ_Vm_rmse: 0.00430416  PQ_Va_rmse: 0.05086368  PV_Va_rmse: 0.05508783  delta_p: 0.28084381  delta_q: 0.07103657  
INFO|2024-09-25 14:27:50: 	ZTest: PQ_Vm_rmse: 0.00677667  PQ_Va_rmse: 0.08055579  PV_Va_rmse: 0.08838239  delta_p: 0.43905675  delta_q: 0.12528933  
INFO|2024-09-25 14:27:50: 	ZTest-ema: PQ_Vm_rmse: 0.006777  PQ_Va_rmse: 0.080555  PV_Va_rmse: 0.088381  delta_p: 0.439064  delta_q: 0.125290  
INFO|2024-09-25 14:27:50: 	           ValOfEMA:0.088381/0.082607,  Epoch:3/1
INFO|2024-09-25 14:27:51: 	Time(ep):913s,  Val(curr/best):0.088382/0.082607,  Epoch(curr/best):3/1
INFO|2024-09-25 14:27:51: -------------------- Epoch: 4 --------------------
INFO|2024-09-25 14:29:11: Epoch[004/100], iter[040/392], loss_total:2.43824, loss_equ:6.01940 loss_pq_vm:0.04132 loss_pq_va:0.67882 loss_pv_va:0.74431
INFO|2024-09-25 14:30:27: Epoch[004/100], iter[079/392], loss_total:1.99354, loss_equ:4.92649 loss_pq_vm:0.03713 loss_pq_va:0.53736 loss_pv_va:0.59218
INFO|2024-09-25 14:31:44: Epoch[004/100], iter[118/392], loss_total:1.92644, loss_equ:4.94373 loss_pq_vm:0.03376 loss_pq_va:0.52114 loss_pv_va:0.57329
INFO|2024-09-25 14:33:00: Epoch[004/100], iter[157/392], loss_total:2.00642, loss_equ:5.18007 loss_pq_vm:0.03594 loss_pq_va:0.54065 loss_pv_va:0.58837
INFO|2024-09-25 14:34:17: Epoch[004/100], iter[196/392], loss_total:1.79309, loss_equ:4.37056 loss_pq_vm:0.03339 loss_pq_va:0.48794 loss_pv_va:0.53418
INFO|2024-09-25 14:35:33: Epoch[004/100], iter[235/392], loss_total:2.13414, loss_equ:5.27267 loss_pq_vm:0.04592 loss_pq_va:0.54881 loss_pv_va:0.59884
INFO|2024-09-25 14:36:49: Epoch[004/100], iter[274/392], loss_total:2.44464, loss_equ:7.36215 loss_pq_vm:0.04801 loss_pq_va:0.58286 loss_pv_va:0.64549
INFO|2024-09-25 14:38:06: Epoch[004/100], iter[313/392], loss_total:2.15611, loss_equ:5.25470 loss_pq_vm:0.03943 loss_pq_va:0.59142 loss_pv_va:0.64493
INFO|2024-09-25 14:39:22: Epoch[004/100], iter[352/392], loss_total:1.91962, loss_equ:4.56624 loss_pq_vm:0.03738 loss_pq_va:0.51761 loss_pv_va:0.57161
INFO|2024-09-25 14:40:40: Epoch[004/100], iter[392/392], loss_total:1.69826, loss_equ:4.29887 loss_pq_vm:0.03140 loss_pq_va:0.45489 loss_pv_va:0.49950
INFO|2024-09-25 14:43:07: Epoch 3/100, lr:  0.00099610, eta: 24.41h, train_loss:  2.15409, valid_loss:  1.97225
INFO|2024-09-25 14:43:07: 	Train: PQ_Vm_rmse: 0.00360581  PQ_Va_rmse: 0.04132332  PV_Va_rmse: 0.04467605  delta_p: 0.23440244  delta_q: 0.06043528  
INFO|2024-09-25 14:43:07: 	ZTest: PQ_Vm_rmse: 0.00286974  PQ_Va_rmse: 0.03164364  PV_Va_rmse: 0.03352258  delta_p: 0.14071262  delta_q: 0.03347303  
INFO|2024-09-25 14:43:07: 	ZTest-ema: PQ_Vm_rmse: 0.002870  PQ_Va_rmse: 0.031644  PV_Va_rmse: 0.033523  delta_p: 0.140713  delta_q: 0.033473  
INFO|2024-09-25 14:43:07: 	           ValOfEMA:0.033523/0.033523,  Epoch:4/4
INFO|2024-09-25 14:43:08: 	Time(ep):915s,  Val(curr/best):0.033523/0.033523,  Epoch(curr/best):4/4
INFO|2024-09-25 14:43:08: -------------------- Epoch: 5 --------------------
INFO|2024-09-25 14:44:28: Epoch[005/100], iter[040/392], loss_total:2.03571, loss_equ:4.82715 loss_pq_vm:0.04464 loss_pq_va:0.53087 loss_pv_va:0.57567
INFO|2024-09-25 14:45:45: Epoch[005/100], iter[079/392], loss_total:1.92301, loss_equ:4.49700 loss_pq_vm:0.03318 loss_pq_va:0.54122 loss_pv_va:0.60033
INFO|2024-09-25 14:47:01: Epoch[005/100], iter[118/392], loss_total:1.76508, loss_equ:4.83790 loss_pq_vm:0.03058 loss_pq_va:0.46274 loss_pv_va:0.51276
INFO|2024-09-25 14:48:17: Epoch[005/100], iter[157/392], loss_total:1.71838, loss_equ:4.31966 loss_pq_vm:0.03123 loss_pq_va:0.46994 loss_pv_va:0.50420
INFO|2024-09-25 14:49:33: Epoch[005/100], iter[196/392], loss_total:1.81989, loss_equ:3.96647 loss_pq_vm:0.03326 loss_pq_va:0.52651 loss_pv_va:0.56416
INFO|2024-09-25 14:50:50: Epoch[005/100], iter[235/392], loss_total:1.65303, loss_equ:4.53179 loss_pq_vm:0.02846 loss_pq_va:0.43590 loss_pv_va:0.47932
INFO|2024-09-25 14:52:06: Epoch[005/100], iter[274/392], loss_total:1.93880, loss_equ:4.20602 loss_pq_vm:0.03468 loss_pq_va:0.56374 loss_pv_va:0.60766
INFO|2024-09-25 14:53:22: Epoch[005/100], iter[313/392], loss_total:1.65527, loss_equ:4.45629 loss_pq_vm:0.02799 loss_pq_va:0.44230 loss_pv_va:0.48748
INFO|2024-09-25 14:54:38: Epoch[005/100], iter[352/392], loss_total:1.95256, loss_equ:3.93467 loss_pq_vm:0.04426 loss_pq_va:0.52977 loss_pv_va:0.58676
INFO|2024-09-25 14:55:56: Epoch[005/100], iter[392/392], loss_total:2.73723, loss_equ:4.52044 loss_pq_vm:0.05161 loss_pq_va:0.84765 loss_pv_va:0.92142
INFO|2024-09-25 14:58:24: Epoch 4/100, lr:  0.00099391, eta: 24.15h, train_loss:  1.92470, valid_loss:  3.04233
INFO|2024-09-25 14:58:24: 	Train: PQ_Vm_rmse: 0.00319678  PQ_Va_rmse: 0.03632669  PV_Va_rmse: 0.03890845  delta_p: 0.18261151  delta_q: 0.04751279  
INFO|2024-09-25 14:58:24: 	ZTest: PQ_Vm_rmse: 0.00758599  PQ_Va_rmse: 0.11591520  PV_Va_rmse: 0.12606740  delta_p: 0.26739603  delta_q: 0.07217096  
INFO|2024-09-25 14:58:24: 	ZTest-ema: PQ_Vm_rmse: 0.007586  PQ_Va_rmse: 0.115915  PV_Va_rmse: 0.126067  delta_p: 0.267396  delta_q: 0.072171  
INFO|2024-09-25 14:58:24: 	           ValOfEMA:0.126067/0.033523,  Epoch:5/4
INFO|2024-09-25 14:58:24: 	Time(ep):915s,  Val(curr/best):0.126067/0.033523,  Epoch(curr/best):5/4
INFO|2024-09-25 14:58:24: -------------------- Epoch: 6 --------------------
INFO|2024-09-25 14:59:44: Epoch[006/100], iter[040/392], loss_total:2.18059, loss_equ:4.80896 loss_pq_vm:0.05329 loss_pq_va:0.55572 loss_pv_va:0.61108
INFO|2024-09-25 15:01:00: Epoch[006/100], iter[079/392], loss_total:1.61472, loss_equ:4.24823 loss_pq_vm:0.02948 loss_pq_va:0.42276 loss_pv_va:0.47233
INFO|2024-09-25 15:02:17: Epoch[006/100], iter[118/392], loss_total:1.65145, loss_equ:4.32067 loss_pq_vm:0.02957 loss_pq_va:0.43918 loss_pv_va:0.48454
INFO|2024-09-25 15:03:33: Epoch[006/100], iter[157/392], loss_total:2.02978, loss_equ:4.14883 loss_pq_vm:0.03662 loss_pq_va:0.59328 loss_pv_va:0.65544
INFO|2024-09-25 15:04:49: Epoch[006/100], iter[196/392], loss_total:1.89803, loss_equ:4.41600 loss_pq_vm:0.03610 loss_pq_va:0.51790 loss_pv_va:0.57748
INFO|2024-09-25 15:06:05: Epoch[006/100], iter[235/392], loss_total:1.59258, loss_equ:4.06953 loss_pq_vm:0.03045 loss_pq_va:0.41680 loss_pv_va:0.46428
INFO|2024-09-25 15:07:21: Epoch[006/100], iter[274/392], loss_total:1.82942, loss_equ:4.41378 loss_pq_vm:0.03858 loss_pq_va:0.47963 loss_pv_va:0.52261
INFO|2024-09-25 15:08:37: Epoch[006/100], iter[313/392], loss_total:2.01256, loss_equ:4.27207 loss_pq_vm:0.03377 loss_pq_va:0.58925 loss_pv_va:0.65838
INFO|2024-09-25 15:09:53: Epoch[006/100], iter[352/392], loss_total:2.65943, loss_equ:3.54260 loss_pq_vm:0.03604 loss_pq_va:0.93037 loss_pv_va:1.01437
INFO|2024-09-25 15:11:11: Epoch[006/100], iter[392/392], loss_total:1.77738, loss_equ:4.81109 loss_pq_vm:0.03342 loss_pq_va:0.45723 loss_pv_va:0.50481
INFO|2024-09-25 15:13:38: Epoch 5/100, lr:  0.00099123, eta: 23.86h, train_loss:  1.98736, valid_loss:  2.13393
INFO|2024-09-25 15:13:38: 	Train: PQ_Vm_rmse: 0.00364512  PQ_Va_rmse: 0.04241225  PV_Va_rmse: 0.04594815  delta_p: 0.19443155  delta_q: 0.04891072  
INFO|2024-09-25 15:13:38: 	ZTest: PQ_Vm_rmse: 0.00406496  PQ_Va_rmse: 0.03412292  PV_Va_rmse: 0.03755084  delta_p: 0.21249826  delta_q: 0.05065889  
INFO|2024-09-25 15:13:38: 	ZTest-ema: PQ_Vm_rmse: 0.004065  PQ_Va_rmse: 0.034123  PV_Va_rmse: 0.037551  delta_p: 0.212500  delta_q: 0.050660  
INFO|2024-09-25 15:13:38: 	           ValOfEMA:0.037551/0.033523,  Epoch:6/4
INFO|2024-09-25 15:13:39: 	Time(ep):913s,  Val(curr/best):0.037551/0.033523,  Epoch(curr/best):6/4
INFO|2024-09-25 15:13:39: -------------------- Epoch: 7 --------------------
INFO|2024-09-25 15:14:59: Epoch[007/100], iter[040/392], loss_total:1.87326, loss_equ:4.77205 loss_pq_vm:0.03357 loss_pq_va:0.51020 loss_pv_va:0.55017
INFO|2024-09-25 15:16:15: Epoch[007/100], iter[079/392], loss_total:1.83440, loss_equ:4.01207 loss_pq_vm:0.03064 loss_pq_va:0.53294 loss_pv_va:0.59389
INFO|2024-09-25 15:17:31: Epoch[007/100], iter[118/392], loss_total:1.62491, loss_equ:4.37859 loss_pq_vm:0.02881 loss_pq_va:0.42202 loss_pv_va:0.47693
INFO|2024-09-25 15:18:48: Epoch[007/100], iter[157/392], loss_total:1.48739, loss_equ:3.95315 loss_pq_vm:0.02659 loss_pq_va:0.38911 loss_pv_va:0.43705
INFO|2024-09-25 15:20:04: Epoch[007/100], iter[196/392], loss_total:1.46430, loss_equ:3.84628 loss_pq_vm:0.02747 loss_pq_va:0.37976 loss_pv_va:0.42523
INFO|2024-09-25 15:21:20: Epoch[007/100], iter[235/392], loss_total:1.50582, loss_equ:3.76324 loss_pq_vm:0.02941 loss_pq_va:0.39143 loss_pv_va:0.44400
INFO|2024-09-25 15:22:36: Epoch[007/100], iter[274/392], loss_total:2.04450, loss_equ:3.87677 loss_pq_vm:0.03413 loss_pq_va:0.62562 loss_pv_va:0.68989
INFO|2024-09-25 15:23:53: Epoch[007/100], iter[313/392], loss_total:1.87109, loss_equ:4.38733 loss_pq_vm:0.03193 loss_pq_va:0.53269 loss_pv_va:0.58032
INFO|2024-09-25 15:25:09: Epoch[007/100], iter[352/392], loss_total:1.61476, loss_equ:3.78317 loss_pq_vm:0.03155 loss_pq_va:0.43505 loss_pv_va:0.48592
INFO|2024-09-25 15:26:28: Epoch[007/100], iter[392/392], loss_total:1.37248, loss_equ:3.45963 loss_pq_vm:0.03058 loss_pq_va:0.33940 loss_pv_va:0.38126
INFO|2024-09-25 15:28:55: Epoch 6/100, lr:  0.00098808, eta: 23.66h, train_loss:  1.65885, valid_loss:  1.71065
INFO|2024-09-25 15:28:55: 	Train: PQ_Vm_rmse: 0.00248136  PQ_Va_rmse: 0.02783957  PV_Va_rmse: 0.02999196  delta_p: 0.14398410  delta_q: 0.03313429  
INFO|2024-09-25 15:28:55: 	ZTest: PQ_Vm_rmse: 0.00239323  PQ_Va_rmse: 0.02771360  PV_Va_rmse: 0.03044611  delta_p: 0.10170185  delta_q: 0.03238018  
INFO|2024-09-25 15:28:55: 	ZTest-ema: PQ_Vm_rmse: 0.002393  PQ_Va_rmse: 0.027714  PV_Va_rmse: 0.030446  delta_p: 0.101702  delta_q: 0.032380  
INFO|2024-09-25 15:28:55: 	           ValOfEMA:0.030446/0.030446,  Epoch:7/7
INFO|2024-09-25 15:28:57: 	Time(ep):916s,  Val(curr/best):0.030446/0.030446,  Epoch(curr/best):7/7
INFO|2024-09-25 15:28:57: -------------------- Epoch: 8 --------------------
INFO|2024-09-25 15:30:16: Epoch[008/100], iter[040/392], loss_total:1.65194, loss_equ:4.11818 loss_pq_vm:0.02713 loss_pq_va:0.46810 loss_pv_va:0.50072
INFO|2024-09-25 15:31:32: Epoch[008/100], iter[079/392], loss_total:1.64014, loss_equ:4.31239 loss_pq_vm:0.03340 loss_pq_va:0.43217 loss_pv_va:0.44275
INFO|2024-09-25 15:32:49: Epoch[008/100], iter[118/392], loss_total:1.78481, loss_equ:4.94022 loss_pq_vm:0.03575 loss_pq_va:0.44164 loss_pv_va:0.49166
INFO|2024-09-25 15:34:05: Epoch[008/100], iter[157/392], loss_total:1.74035, loss_equ:4.63812 loss_pq_vm:0.03267 loss_pq_va:0.44548 loss_pv_va:0.50432
INFO|2024-09-25 15:35:21: Epoch[008/100], iter[196/392], loss_total:2.06926, loss_equ:3.71506 loss_pq_vm:0.03457 loss_pq_va:0.64823 loss_pv_va:0.70384
INFO|2024-09-25 15:36:37: Epoch[008/100], iter[235/392], loss_total:1.60977, loss_equ:3.66066 loss_pq_vm:0.03333 loss_pq_va:0.42301 loss_pv_va:0.48738
INFO|2024-09-25 15:37:53: Epoch[008/100], iter[274/392], loss_total:1.41230, loss_equ:3.99165 loss_pq_vm:0.02720 loss_pq_va:0.34768 loss_pv_va:0.39350
INFO|2024-09-25 15:39:10: Epoch[008/100], iter[313/392], loss_total:1.42139, loss_equ:3.74924 loss_pq_vm:0.02907 loss_pq_va:0.35487 loss_pv_va:0.40086
INFO|2024-09-25 15:40:26: Epoch[008/100], iter[352/392], loss_total:2.06213, loss_equ:4.23673 loss_pq_vm:0.03734 loss_pq_va:0.59864 loss_pv_va:0.66638
INFO|2024-09-25 15:41:44: Epoch[008/100], iter[392/392], loss_total:1.48011, loss_equ:3.99808 loss_pq_vm:0.02712 loss_pq_va:0.37714 loss_pv_va:0.43197
INFO|2024-09-25 15:44:11: Epoch 7/100, lr:  0.00098445, eta: 23.36h, train_loss:  1.66186, valid_loss:  1.70679
INFO|2024-09-25 15:44:11: 	Train: PQ_Vm_rmse: 0.00270027  PQ_Va_rmse: 0.02975142  PV_Va_rmse: 0.03225726  delta_p: 0.14852983  delta_q: 0.03638935  
INFO|2024-09-25 15:44:11: 	ZTest: PQ_Vm_rmse: 0.00249253  PQ_Va_rmse: 0.02750537  PV_Va_rmse: 0.03157946  delta_p: 0.20657123  delta_q: 0.04232682  
INFO|2024-09-25 15:44:11: 	ZTest-ema: PQ_Vm_rmse: 0.002493  PQ_Va_rmse: 0.027505  PV_Va_rmse: 0.031579  delta_p: 0.206572  delta_q: 0.042327  
INFO|2024-09-25 15:44:11: 	           ValOfEMA:0.031579/0.030446,  Epoch:8/7
INFO|2024-09-25 15:44:12: 	Time(ep):914s,  Val(curr/best):0.031579/0.030446,  Epoch(curr/best):8/7
INFO|2024-09-25 15:44:12: -------------------- Epoch: 9 --------------------
INFO|2024-09-25 15:45:31: Epoch[009/100], iter[040/392], loss_total:1.43502, loss_equ:3.57290 loss_pq_vm:0.03094 loss_pq_va:0.36260 loss_pv_va:0.40575
INFO|2024-09-25 15:46:48: Epoch[009/100], iter[079/392], loss_total:1.48480, loss_equ:3.56179 loss_pq_vm:0.03344 loss_pq_va:0.37446 loss_pv_va:0.41975
INFO|2024-09-25 15:48:04: Epoch[009/100], iter[118/392], loss_total:1.39959, loss_equ:3.47960 loss_pq_vm:0.02641 loss_pq_va:0.37013 loss_pv_va:0.41736
INFO|2024-09-25 15:49:20: Epoch[009/100], iter[157/392], loss_total:1.50144, loss_equ:4.17462 loss_pq_vm:0.02739 loss_pq_va:0.38453 loss_pv_va:0.42558
INFO|2024-09-25 15:50:37: Epoch[009/100], iter[196/392], loss_total:1.24838, loss_equ:3.24514 loss_pq_vm:0.02313 loss_pq_va:0.32581 loss_pv_va:0.36674
INFO|2024-09-25 15:51:53: Epoch[009/100], iter[235/392], loss_total:1.34292, loss_equ:3.68753 loss_pq_vm:0.02438 loss_pq_va:0.34140 loss_pv_va:0.38897
INFO|2024-09-25 15:53:09: Epoch[009/100], iter[274/392], loss_total:1.63628, loss_equ:4.11224 loss_pq_vm:0.03193 loss_pq_va:0.42692 loss_pv_va:0.47889
INFO|2024-09-25 15:54:25: Epoch[009/100], iter[313/392], loss_total:1.68304, loss_equ:3.75394 loss_pq_vm:0.03139 loss_pq_va:0.46855 loss_pv_va:0.52517
INFO|2024-09-25 15:55:41: Epoch[009/100], iter[352/392], loss_total:1.83306, loss_equ:3.59052 loss_pq_vm:0.02875 loss_pq_va:0.56112 loss_pv_va:0.62541
INFO|2024-09-25 15:57:00: Epoch[009/100], iter[392/392], loss_total:1.49088, loss_equ:3.85699 loss_pq_vm:0.03177 loss_pq_va:0.36973 loss_pv_va:0.41774
INFO|2024-09-25 15:59:27: Epoch 8/100, lr:  0.00098035, eta: 23.13h, train_loss:  1.54485, valid_loss:  1.88478
INFO|2024-09-25 15:59:27: 	Train: PQ_Vm_rmse: 0.00222041  PQ_Va_rmse: 0.02651643  PV_Va_rmse: 0.02899270  delta_p: 0.12742124  delta_q: 0.02948932  
INFO|2024-09-25 15:59:27: 	ZTest: PQ_Vm_rmse: 0.00282860  PQ_Va_rmse: 0.02533663  PV_Va_rmse: 0.02709730  delta_p: 0.08277241  delta_q: 0.02610264  
INFO|2024-09-25 15:59:27: 	ZTest-ema: PQ_Vm_rmse: 0.002829  PQ_Va_rmse: 0.025336  PV_Va_rmse: 0.027097  delta_p: 0.082772  delta_q: 0.026103  
INFO|2024-09-25 15:59:27: 	           ValOfEMA:0.027097/0.027097,  Epoch:9/9
INFO|2024-09-25 15:59:29: 	Time(ep):915s,  Val(curr/best):0.027097/0.027097,  Epoch(curr/best):9/9
INFO|2024-09-25 15:59:29: -------------------- Epoch: 10 --------------------
INFO|2024-09-25 16:00:48: Epoch[010/100], iter[040/392], loss_total:1.52766, loss_equ:4.51421 loss_pq_vm:0.02824 loss_pq_va:0.37484 loss_pv_va:0.41900
INFO|2024-09-25 16:02:04: Epoch[010/100], iter[079/392], loss_total:1.41945, loss_equ:3.69617 loss_pq_vm:0.02824 loss_pq_va:0.35860 loss_pv_va:0.40885
INFO|2024-09-25 16:03:21: Epoch[010/100], iter[118/392], loss_total:1.24229, loss_equ:3.15658 loss_pq_vm:0.02269 loss_pq_va:0.32974 loss_pv_va:0.37003
INFO|2024-09-25 16:04:37: Epoch[010/100], iter[157/392], loss_total:1.19584, loss_equ:3.11576 loss_pq_vm:0.02280 loss_pq_va:0.30801 loss_pv_va:0.34822
INFO|2024-09-25 16:05:53: Epoch[010/100], iter[196/392], loss_total:1.37733, loss_equ:3.58455 loss_pq_vm:0.02634 loss_pq_va:0.35217 loss_pv_va:0.40327
INFO|2024-09-25 16:07:08: Epoch[010/100], iter[235/392], loss_total:1.30668, loss_equ:3.38148 loss_pq_vm:0.02647 loss_pq_va:0.33094 loss_pv_va:0.37285
INFO|2024-09-25 16:08:25: Epoch[010/100], iter[274/392], loss_total:1.20083, loss_equ:3.26509 loss_pq_vm:0.02119 loss_pq_va:0.31097 loss_pv_va:0.35143
INFO|2024-09-25 16:09:41: Epoch[010/100], iter[313/392], loss_total:1.76357, loss_equ:3.27487 loss_pq_vm:0.02710 loss_pq_va:0.54892 loss_pv_va:0.61620
INFO|2024-09-25 16:10:57: Epoch[010/100], iter[352/392], loss_total:1.44200, loss_equ:3.85409 loss_pq_vm:0.03113 loss_pq_va:0.34940 loss_pv_va:0.39592
INFO|2024-09-25 16:12:15: Epoch[010/100], iter[392/392], loss_total:1.50910, loss_equ:3.39091 loss_pq_vm:0.02452 loss_pq_va:0.43526 loss_pv_va:0.48959
INFO|2024-09-25 16:14:42: Epoch 9/100, lr:  0.00097577, eta: 22.84h, train_loss:  1.43943, valid_loss:  1.48797
INFO|2024-09-25 16:14:42: 	Train: PQ_Vm_rmse: 0.00207698  PQ_Va_rmse: 0.02269983  PV_Va_rmse: 0.02466865  delta_p: 0.11051781  delta_q: 0.02743946  
INFO|2024-09-25 16:14:42: 	ZTest: PQ_Vm_rmse: 0.00196898  PQ_Va_rmse: 0.02287403  PV_Va_rmse: 0.02555247  delta_p: 0.12643380  delta_q: 0.02759880  
INFO|2024-09-25 16:14:42: 	ZTest-ema: PQ_Vm_rmse: 0.001969  PQ_Va_rmse: 0.022873  PV_Va_rmse: 0.025552  delta_p: 0.126435  delta_q: 0.027599  
INFO|2024-09-25 16:14:42: 	           ValOfEMA:0.025552/0.025552,  Epoch:10/10
INFO|2024-09-25 16:14:44: 	Time(ep):913s,  Val(curr/best):0.025552/0.025552,  Epoch(curr/best):10/10
INFO|2024-09-25 16:14:44: -------------------- Epoch: 11 --------------------
INFO|2024-09-25 16:16:03: Epoch[011/100], iter[040/392], loss_total:1.80626, loss_equ:4.07347 loss_pq_vm:0.03930 loss_pq_va:0.47540 loss_pv_va:0.53049
INFO|2024-09-25 16:17:19: Epoch[011/100], iter[079/392], loss_total:1.85608, loss_equ:3.84987 loss_pq_vm:0.03553 loss_pq_va:0.52880 loss_pv_va:0.58702
INFO|2024-09-25 16:18:36: Epoch[011/100], iter[118/392], loss_total:1.36698, loss_equ:3.45539 loss_pq_vm:0.02470 loss_pq_va:0.37149 loss_pv_va:0.40291
INFO|2024-09-25 16:19:52: Epoch[011/100], iter[157/392], loss_total:1.38898, loss_equ:3.93364 loss_pq_vm:0.02558 loss_pq_va:0.34139 loss_pv_va:0.39845
INFO|2024-09-25 16:21:08: Epoch[011/100], iter[196/392], loss_total:1.42176, loss_equ:3.83381 loss_pq_vm:0.02495 loss_pq_va:0.37212 loss_pv_va:0.41676
INFO|2024-09-25 16:22:24: Epoch[011/100], iter[235/392], loss_total:2.08959, loss_equ:4.83283 loss_pq_vm:0.03384 loss_pq_va:0.60341 loss_pv_va:0.66449
INFO|2024-09-25 16:23:40: Epoch[011/100], iter[274/392], loss_total:1.71166, loss_equ:4.38030 loss_pq_vm:0.03602 loss_pq_va:0.43126 loss_pv_va:0.48213
INFO|2024-09-25 16:24:56: Epoch[011/100], iter[313/392], loss_total:1.55054, loss_equ:3.70124 loss_pq_vm:0.02921 loss_pq_va:0.41950 loss_pv_va:0.46884
INFO|2024-09-25 16:26:12: Epoch[011/100], iter[352/392], loss_total:1.22416, loss_equ:3.26036 loss_pq_vm:0.02206 loss_pq_va:0.31650 loss_pv_va:0.36106
INFO|2024-09-25 16:27:31: Epoch[011/100], iter[392/392], loss_total:1.44851, loss_equ:3.86972 loss_pq_vm:0.02976 loss_pq_va:0.36231 loss_pv_va:0.40163
INFO|2024-09-25 16:29:58: Epoch 10/100, lr:  0.00097074, eta: 22.6h, train_loss:  1.60223, valid_loss:  1.58143
INFO|2024-09-25 16:29:58: 	Train: PQ_Vm_rmse: 0.00240820  PQ_Va_rmse: 0.02851201  PV_Va_rmse: 0.03108884  delta_p: 0.14560660  delta_q: 0.03418839  
INFO|2024-09-25 16:29:58: 	ZTest: PQ_Vm_rmse: 0.00245099  PQ_Va_rmse: 0.02253806  PV_Va_rmse: 0.02488433  delta_p: 0.14198581  delta_q: 0.04709771  
INFO|2024-09-25 16:29:58: 	ZTest-ema: PQ_Vm_rmse: 0.002451  PQ_Va_rmse: 0.022538  PV_Va_rmse: 0.024884  delta_p: 0.141985  delta_q: 0.047098  
INFO|2024-09-25 16:29:58: 	           ValOfEMA:0.024884/0.024884,  Epoch:11/11
INFO|2024-09-25 16:30:00: 	Time(ep):914s,  Val(curr/best):0.024884/0.024884,  Epoch(curr/best):11/11
INFO|2024-09-25 16:30:00: -------------------- Epoch: 12 --------------------
INFO|2024-09-25 16:31:20: Epoch[012/100], iter[040/392], loss_total:1.35999, loss_equ:3.70636 loss_pq_vm:0.02420 loss_pq_va:0.35529 loss_pv_va:0.39209
INFO|2024-09-25 16:32:36: Epoch[012/100], iter[079/392], loss_total:1.18569, loss_equ:3.37648 loss_pq_vm:0.02246 loss_pq_va:0.29707 loss_pv_va:0.32638
INFO|2024-09-25 16:33:52: Epoch[012/100], iter[118/392], loss_total:1.36853, loss_equ:3.95696 loss_pq_vm:0.02897 loss_pq_va:0.32292 loss_pv_va:0.36025
INFO|2024-09-25 16:35:08: Epoch[012/100], iter[157/392], loss_total:1.42002, loss_equ:4.09289 loss_pq_vm:0.02689 loss_pq_va:0.34923 loss_pv_va:0.39261
INFO|2024-09-25 16:36:24: Epoch[012/100], iter[196/392], loss_total:1.49290, loss_equ:4.49631 loss_pq_vm:0.02923 loss_pq_va:0.34892 loss_pv_va:0.40206
INFO|2024-09-25 16:37:40: Epoch[012/100], iter[235/392], loss_total:1.20916, loss_equ:3.57554 loss_pq_vm:0.02236 loss_pq_va:0.29463 loss_pv_va:0.33337
INFO|2024-09-25 16:38:56: Epoch[012/100], iter[274/392], loss_total:1.32741, loss_equ:3.48772 loss_pq_vm:0.02358 loss_pq_va:0.34209 loss_pv_va:0.40077
INFO|2024-09-25 16:40:12: Epoch[012/100], iter[313/392], loss_total:1.61223, loss_equ:3.38206 loss_pq_vm:0.02769 loss_pq_va:0.47166 loss_pv_va:0.52546
INFO|2024-09-25 16:41:28: Epoch[012/100], iter[352/392], loss_total:1.17345, loss_equ:3.05833 loss_pq_vm:0.02117 loss_pq_va:0.30491 loss_pv_va:0.35100
INFO|2024-09-25 16:42:46: Epoch[012/100], iter[392/392], loss_total:1.45830, loss_equ:3.59619 loss_pq_vm:0.02473 loss_pq_va:0.39626 loss_pv_va:0.45510
INFO|2024-09-25 16:45:14: Epoch 11/100, lr:  0.00096524, eta: 22.34h, train_loss:  1.30759, valid_loss:  1.71804
INFO|2024-09-25 16:45:14: 	Train: PQ_Vm_rmse: 0.00163591  PQ_Va_rmse: 0.01711666  PV_Va_rmse: 0.01914638  delta_p: 0.12347434  delta_q: 0.02560677  
INFO|2024-09-25 16:45:14: 	ZTest: PQ_Vm_rmse: 0.00251133  PQ_Va_rmse: 0.03371849  PV_Va_rmse: 0.03593917  delta_p: 0.11534056  delta_q: 0.02970859  
INFO|2024-09-25 16:45:14: 	ZTest-ema: PQ_Vm_rmse: 0.001744  PQ_Va_rmse: 0.017332  PV_Va_rmse: 0.018625  delta_p: 0.073667  delta_q: 0.016935  
INFO|2024-09-25 16:45:14: 	           ValOfEMA:0.018625/0.018625,  Epoch:12/12
INFO|2024-09-25 16:45:15: 	Time(ep):913s,  Val(curr/best):0.035939/0.024884,  Epoch(curr/best):12/11
INFO|2024-09-25 16:45:15: -------------------- Epoch: 13 --------------------
INFO|2024-09-25 16:46:34: Epoch[013/100], iter[040/392], loss_total:1.29002, loss_equ:3.26436 loss_pq_vm:0.02188 loss_pq_va:0.35220 loss_pv_va:0.39256
INFO|2024-09-25 16:47:50: Epoch[013/100], iter[079/392], loss_total:1.21275, loss_equ:3.52945 loss_pq_vm:0.02398 loss_pq_va:0.28321 loss_pv_va:0.33678
INFO|2024-09-25 16:49:07: Epoch[013/100], iter[118/392], loss_total:1.21231, loss_equ:3.31388 loss_pq_vm:0.02584 loss_pq_va:0.28984 loss_pv_va:0.33269
INFO|2024-09-25 16:50:23: Epoch[013/100], iter[157/392], loss_total:1.33630, loss_equ:3.61102 loss_pq_vm:0.02956 loss_pq_va:0.32360 loss_pv_va:0.35603
INFO|2024-09-25 16:51:39: Epoch[013/100], iter[196/392], loss_total:1.23011, loss_equ:3.67453 loss_pq_vm:0.02217 loss_pq_va:0.30389 loss_pv_va:0.33703
INFO|2024-09-25 16:52:55: Epoch[013/100], iter[235/392], loss_total:1.13393, loss_equ:2.94583 loss_pq_vm:0.01986 loss_pq_va:0.30317 loss_pv_va:0.33754
INFO|2024-09-25 16:54:12: Epoch[013/100], iter[274/392], loss_total:1.28123, loss_equ:3.68664 loss_pq_vm:0.02392 loss_pq_va:0.31545 loss_pv_va:0.35788
INFO|2024-09-25 16:55:28: Epoch[013/100], iter[313/392], loss_total:2.50696, loss_equ:4.98179 loss_pq_vm:0.04660 loss_pq_va:0.70584 loss_pv_va:0.83692
INFO|2024-09-25 16:56:44: Epoch[013/100], iter[352/392], loss_total:1.25895, loss_equ:3.58398 loss_pq_vm:0.02302 loss_pq_va:0.31743 loss_pv_va:0.35288
INFO|2024-09-25 16:58:02: Epoch[013/100], iter[392/392], loss_total:1.24507, loss_equ:3.14995 loss_pq_vm:0.02127 loss_pq_va:0.34331 loss_pv_va:0.37401
INFO|2024-09-25 17:00:29: Epoch 12/100, lr:  0.00095929, eta: 22.11h, train_loss:  1.31499, valid_loss:  1.42483
INFO|2024-09-25 17:00:29: 	Train: PQ_Vm_rmse: 0.00154746  PQ_Va_rmse: 0.01837829  PV_Va_rmse: 0.02013557  delta_p: 0.10967838  delta_q: 0.02093272  
INFO|2024-09-25 17:00:29: 	ZTest: PQ_Vm_rmse: 0.00213715  PQ_Va_rmse: 0.01964964  PV_Va_rmse: 0.02147709  delta_p: 0.11320037  delta_q: 0.02465949  
INFO|2024-09-25 17:00:29: 	ZTest-ema: PQ_Vm_rmse: 0.001699  PQ_Va_rmse: 0.017542  PV_Va_rmse: 0.018976  delta_p: 0.084231  delta_q: 0.017956  
INFO|2024-09-25 17:00:29: 	           ValOfEMA:0.018976/0.018625,  Epoch:13/12
INFO|2024-09-25 17:00:31: 	Time(ep):914s,  Val(curr/best):0.021477/0.021477,  Epoch(curr/best):13/13
INFO|2024-09-25 17:00:31: -------------------- Epoch: 14 --------------------
INFO|2024-09-25 17:01:50: Epoch[014/100], iter[040/392], loss_total:1.12589, loss_equ:2.90187 loss_pq_vm:0.01977 loss_pq_va:0.30111 loss_pv_va:0.33689
INFO|2024-09-25 17:03:06: Epoch[014/100], iter[079/392], loss_total:1.20571, loss_equ:2.94101 loss_pq_vm:0.02632 loss_pq_va:0.30528 loss_pv_va:0.34308
INFO|2024-09-25 17:04:23: Epoch[014/100], iter[118/392], loss_total:1.67918, loss_equ:3.23937 loss_pq_vm:0.02723 loss_pq_va:0.50167 loss_pv_va:0.58125
INFO|2024-09-25 17:05:39: Epoch[014/100], iter[157/392], loss_total:1.06835, loss_equ:2.93025 loss_pq_vm:0.01958 loss_pq_va:0.26851 loss_pv_va:0.31106
INFO|2024-09-25 17:06:55: Epoch[014/100], iter[196/392], loss_total:1.07313, loss_equ:2.74569 loss_pq_vm:0.01880 loss_pq_va:0.28693 loss_pv_va:0.32359
INFO|2024-09-25 17:08:11: Epoch[014/100], iter[235/392], loss_total:1.17012, loss_equ:3.03161 loss_pq_vm:0.02356 loss_pq_va:0.29328 loss_pv_va:0.33805
INFO|2024-09-25 17:09:28: Epoch[014/100], iter[274/392], loss_total:1.25434, loss_equ:2.80193 loss_pq_vm:0.02032 loss_pq_va:0.35886 loss_pv_va:0.41204
INFO|2024-09-25 17:10:44: Epoch[014/100], iter[313/392], loss_total:1.08754, loss_equ:2.67743 loss_pq_vm:0.02045 loss_pq_va:0.29046 loss_pv_va:0.32485
INFO|2024-09-25 17:12:00: Epoch[014/100], iter[352/392], loss_total:2.19080, loss_equ:3.36207 loss_pq_vm:0.05103 loss_pq_va:0.62523 loss_pv_va:0.71902
INFO|2024-09-25 17:13:18: Epoch[014/100], iter[392/392], loss_total:1.54509, loss_equ:3.30771 loss_pq_vm:0.04633 loss_pq_va:0.35443 loss_pv_va:0.39662
INFO|2024-09-25 17:15:46: Epoch 13/100, lr:  0.00095289, eta: 21.85h, train_loss:  1.25251, valid_loss:  1.87358
INFO|2024-09-25 17:15:46: 	Train: PQ_Vm_rmse: 0.00195319  PQ_Va_rmse: 0.01917441  PV_Va_rmse: 0.02099470  delta_p: 0.08015076  delta_q: 0.02053893  
INFO|2024-09-25 17:15:46: 	ZTest: PQ_Vm_rmse: 0.00495566  PQ_Va_rmse: 0.03810932  PV_Va_rmse: 0.04182936  delta_p: 0.12878113  delta_q: 0.04434171  
INFO|2024-09-25 17:15:46: 	ZTest-ema: PQ_Vm_rmse: 0.001999  PQ_Va_rmse: 0.017919  PV_Va_rmse: 0.019489  delta_p: 0.081187  delta_q: 0.023928  
INFO|2024-09-25 17:15:46: 	           ValOfEMA:0.019489/0.018625,  Epoch:14/12
INFO|2024-09-25 17:15:47: 	Time(ep):914s,  Val(curr/best):0.041829/0.021477,  Epoch(curr/best):14/13
INFO|2024-09-25 17:15:47: -------------------- Epoch: 15 --------------------
INFO|2024-09-25 17:17:06: Epoch[015/100], iter[040/392], loss_total:1.49283, loss_equ:3.15834 loss_pq_vm:0.04866 loss_pq_va:0.32395 loss_pv_va:0.36642
INFO|2024-09-25 17:18:22: Epoch[015/100], iter[079/392], loss_total:1.36858, loss_equ:3.43513 loss_pq_vm:0.02414 loss_pq_va:0.37033 loss_pv_va:0.41331
INFO|2024-09-25 17:19:39: Epoch[015/100], iter[118/392], loss_total:1.07249, loss_equ:2.96100 loss_pq_vm:0.02040 loss_pq_va:0.26661 loss_pv_va:0.30576
INFO|2024-09-25 17:20:55: Epoch[015/100], iter[157/392], loss_total:1.10730, loss_equ:2.88911 loss_pq_vm:0.02133 loss_pq_va:0.28192 loss_pv_va:0.32320
INFO|2024-09-25 17:22:11: Epoch[015/100], iter[196/392], loss_total:1.41991, loss_equ:3.65028 loss_pq_vm:0.03050 loss_pq_va:0.35850 loss_pv_va:0.39135
INFO|2024-09-25 17:23:27: Epoch[015/100], iter[235/392], loss_total:1.15509, loss_equ:3.00532 loss_pq_vm:0.02328 loss_pq_va:0.28934 loss_pv_va:0.33245
INFO|2024-09-25 17:24:44: Epoch[015/100], iter[274/392], loss_total:1.73361, loss_equ:3.76817 loss_pq_vm:0.05449 loss_pq_va:0.37884 loss_pv_va:0.43308
INFO|2024-09-25 17:25:59: Epoch[015/100], iter[313/392], loss_total:1.93006, loss_equ:3.49946 loss_pq_vm:0.03460 loss_pq_va:0.58258 loss_pv_va:0.65153
INFO|2024-09-25 17:27:16: Epoch[015/100], iter[352/392], loss_total:1.18425, loss_equ:3.17845 loss_pq_vm:0.02495 loss_pq_va:0.28319 loss_pv_va:0.33371
INFO|2024-09-25 17:28:34: Epoch[015/100], iter[392/392], loss_total:1.06678, loss_equ:2.81877 loss_pq_vm:0.02299 loss_pq_va:0.25926 loss_pv_va:0.29577
INFO|2024-09-25 17:31:02: Epoch 14/100, lr:  0.00094605, eta: 21.62h, train_loss:  1.27390, valid_loss:  1.29512
INFO|2024-09-25 17:31:02: 	Train: PQ_Vm_rmse: 0.00193541  PQ_Va_rmse: 0.01863017  PV_Va_rmse: 0.02064280  delta_p: 0.08607610  delta_q: 0.02391393  
INFO|2024-09-25 17:31:02: 	ZTest: PQ_Vm_rmse: 0.00187454  PQ_Va_rmse: 0.01734481  PV_Va_rmse: 0.01868386  delta_p: 0.09215511  delta_q: 0.02193609  
INFO|2024-09-25 17:31:02: 	ZTest-ema: PQ_Vm_rmse: 0.001666  PQ_Va_rmse: 0.016279  PV_Va_rmse: 0.017588  delta_p: 0.065451  delta_q: 0.016397  
INFO|2024-09-25 17:31:02: 	           ValOfEMA:0.017588/0.017588,  Epoch:15/15
INFO|2024-09-25 17:31:04: 	Time(ep):915s,  Val(curr/best):0.018684/0.018684,  Epoch(curr/best):15/15
INFO|2024-09-25 17:31:04: -------------------- Epoch: 16 --------------------
INFO|2024-09-25 17:32:23: Epoch[016/100], iter[040/392], loss_total:1.04906, loss_equ:2.91084 loss_pq_vm:0.01899 loss_pq_va:0.26806 loss_pv_va:0.29997
INFO|2024-09-25 17:33:40: Epoch[016/100], iter[079/392], loss_total:1.03116, loss_equ:2.68189 loss_pq_vm:0.02078 loss_pq_va:0.25974 loss_pv_va:0.29541
INFO|2024-09-25 17:34:56: Epoch[016/100], iter[118/392], loss_total:1.08578, loss_equ:2.89991 loss_pq_vm:0.02157 loss_pq_va:0.26877 loss_pv_va:0.31136
INFO|2024-09-25 17:36:12: Epoch[016/100], iter[157/392], loss_total:1.04365, loss_equ:2.97280 loss_pq_vm:0.01919 loss_pq_va:0.25786 loss_pv_va:0.29662
INFO|2024-09-25 17:37:28: Epoch[016/100], iter[196/392], loss_total:0.99765, loss_equ:2.75431 loss_pq_vm:0.01756 loss_pq_va:0.25605 loss_pv_va:0.29060
INFO|2024-09-25 17:38:44: Epoch[016/100], iter[235/392], loss_total:1.06466, loss_equ:2.72758 loss_pq_vm:0.01893 loss_pq_va:0.28513 loss_pv_va:0.31751
INFO|2024-09-25 17:40:00: Epoch[016/100], iter[274/392], loss_total:1.04099, loss_equ:2.62240 loss_pq_vm:0.01860 loss_pq_va:0.27887 loss_pv_va:0.31383
INFO|2024-09-25 17:41:16: Epoch[016/100], iter[313/392], loss_total:0.95649, loss_equ:2.50659 loss_pq_vm:0.01859 loss_pq_va:0.24534 loss_pv_va:0.27464
INFO|2024-09-25 17:42:33: Epoch[016/100], iter[352/392], loss_total:1.01449, loss_equ:2.68042 loss_pq_vm:0.01909 loss_pq_va:0.26071 loss_pv_va:0.29483
INFO|2024-09-25 17:43:51: Epoch[016/100], iter[392/392], loss_total:1.28422, loss_equ:2.95934 loss_pq_vm:0.02503 loss_pq_va:0.34694 loss_pv_va:0.39104
INFO|2024-09-25 17:46:18: Epoch 15/100, lr:  0.00093877, eta: 21.33h, train_loss:  1.05749, valid_loss:  1.30796
INFO|2024-09-25 17:46:18: 	Train: PQ_Vm_rmse: 0.00119897  PQ_Va_rmse: 0.01199038  PV_Va_rmse: 0.01324557  delta_p: 0.06137901  delta_q: 0.01346808  
INFO|2024-09-25 17:46:18: 	ZTest: PQ_Vm_rmse: 0.00172345  PQ_Va_rmse: 0.02520978  PV_Va_rmse: 0.02777132  delta_p: 0.08015866  delta_q: 0.01693707  
INFO|2024-09-25 17:46:18: 	ZTest-ema: PQ_Vm_rmse: 0.001506  PQ_Va_rmse: 0.015009  PV_Va_rmse: 0.016297  delta_p: 0.066256  delta_q: 0.014975  
INFO|2024-09-25 17:46:18: 	           ValOfEMA:0.016297/0.016297,  Epoch:16/16
INFO|2024-09-25 17:46:19: 	Time(ep):914s,  Val(curr/best):0.027771/0.018684,  Epoch(curr/best):16/15
INFO|2024-09-25 17:46:19: -------------------- Epoch: 17 --------------------
INFO|2024-09-25 17:47:38: Epoch[017/100], iter[040/392], loss_total:0.99800, loss_equ:2.73069 loss_pq_vm:0.01969 loss_pq_va:0.24603 loss_pv_va:0.28200
INFO|2024-09-25 17:48:55: Epoch[017/100], iter[079/392], loss_total:1.01954, loss_equ:2.55810 loss_pq_vm:0.02031 loss_pq_va:0.26377 loss_pv_va:0.29686
INFO|2024-09-25 17:50:11: Epoch[017/100], iter[118/392], loss_total:0.97881, loss_equ:2.78650 loss_pq_vm:0.01756 loss_pq_va:0.24314 loss_pv_va:0.28141
INFO|2024-09-25 17:51:27: Epoch[017/100], iter[157/392], loss_total:1.25091, loss_equ:3.06497 loss_pq_vm:0.01970 loss_pq_va:0.35908 loss_pv_va:0.38833
INFO|2024-09-25 17:52:44: Epoch[017/100], iter[196/392], loss_total:1.21595, loss_equ:3.43318 loss_pq_vm:0.02140 loss_pq_va:0.30649 loss_pv_va:0.35212
INFO|2024-09-25 17:54:00: Epoch[017/100], iter[235/392], loss_total:1.07834, loss_equ:3.05474 loss_pq_vm:0.01957 loss_pq_va:0.27044 loss_pv_va:0.30676
INFO|2024-09-25 17:55:16: Epoch[017/100], iter[274/392], loss_total:1.03127, loss_equ:2.83051 loss_pq_vm:0.02472 loss_pq_va:0.23572 loss_pv_va:0.26526
INFO|2024-09-25 17:56:33: Epoch[017/100], iter[313/392], loss_total:1.04501, loss_equ:3.04508 loss_pq_vm:0.02032 loss_pq_va:0.25188 loss_pv_va:0.28546
INFO|2024-09-25 17:57:49: Epoch[017/100], iter[352/392], loss_total:0.99350, loss_equ:2.64981 loss_pq_vm:0.01904 loss_pq_va:0.25068 loss_pv_va:0.28739
INFO|2024-09-25 17:59:07: Epoch[017/100], iter[392/392], loss_total:1.07558, loss_equ:2.74242 loss_pq_vm:0.02329 loss_pq_va:0.26418 loss_pv_va:0.30423
INFO|2024-09-25 18:01:35: Epoch 16/100, lr:  0.00093107, eta: 21.12h, train_loss:  1.14489, valid_loss:  1.26404
INFO|2024-09-25 18:01:35: 	Train: PQ_Vm_rmse: 0.00140796  PQ_Va_rmse: 0.01492580  PV_Va_rmse: 0.01661075  delta_p: 0.07697996  delta_q: 0.01601845  
INFO|2024-09-25 18:01:35: 	ZTest: PQ_Vm_rmse: 0.00186609  PQ_Va_rmse: 0.01843666  PV_Va_rmse: 0.02020679  delta_p: 0.09445210  delta_q: 0.02344800  
INFO|2024-09-25 18:01:35: 	ZTest-ema: PQ_Vm_rmse: 0.001552  PQ_Va_rmse: 0.015858  PV_Va_rmse: 0.017308  delta_p: 0.067335  delta_q: 0.015871  
INFO|2024-09-25 18:01:35: 	           ValOfEMA:0.017308/0.016297,  Epoch:17/16
INFO|2024-09-25 18:01:36: 	Time(ep):916s,  Val(curr/best):0.020207/0.018684,  Epoch(curr/best):17/15
INFO|2024-09-25 18:01:36: -------------------- Epoch: 18 --------------------
INFO|2024-09-25 18:02:55: Epoch[018/100], iter[040/392], loss_total:1.06549, loss_equ:2.64678 loss_pq_vm:0.01989 loss_pq_va:0.28270 loss_pv_va:0.31919
INFO|2024-09-25 18:04:11: Epoch[018/100], iter[079/392], loss_total:1.70103, loss_equ:3.28878 loss_pq_vm:0.02881 loss_pq_va:0.51238 loss_pv_va:0.57165
INFO|2024-09-25 18:05:27: Epoch[018/100], iter[118/392], loss_total:1.03601, loss_equ:2.60807 loss_pq_vm:0.01883 loss_pq_va:0.27414 loss_pv_va:0.31274
INFO|2024-09-25 18:06:43: Epoch[018/100], iter[157/392], loss_total:0.94446, loss_equ:2.71186 loss_pq_vm:0.01762 loss_pq_va:0.23051 loss_pv_va:0.26659
INFO|2024-09-25 18:08:00: Epoch[018/100], iter[196/392], loss_total:1.04247, loss_equ:3.17776 loss_pq_vm:0.01930 loss_pq_va:0.24985 loss_pv_va:0.28187
INFO|2024-09-25 18:09:16: Epoch[018/100], iter[235/392], loss_total:0.99717, loss_equ:2.71530 loss_pq_vm:0.01781 loss_pq_va:0.25449 loss_pv_va:0.29302
INFO|2024-09-25 18:10:32: Epoch[018/100], iter[274/392], loss_total:1.13709, loss_equ:3.14034 loss_pq_vm:0.02658 loss_pq_va:0.25937 loss_pv_va:0.29785
INFO|2024-09-25 18:11:48: Epoch[018/100], iter[313/392], loss_total:1.47144, loss_equ:3.15166 loss_pq_vm:0.04139 loss_pq_va:0.34989 loss_pv_va:0.39251
INFO|2024-09-25 18:13:05: Epoch[018/100], iter[352/392], loss_total:1.76897, loss_equ:3.62994 loss_pq_vm:0.04328 loss_pq_va:0.46029 loss_pv_va:0.51285
INFO|2024-09-25 18:14:23: Epoch[018/100], iter[392/392], loss_total:2.02610, loss_equ:3.52821 loss_pq_vm:0.05337 loss_pq_va:0.54195 loss_pv_va:0.59766
INFO|2024-09-25 18:16:51: Epoch 17/100, lr:  0.00092294, eta: 20.85h, train_loss:  1.25226, valid_loss:  2.16429
INFO|2024-09-25 18:16:51: 	Train: PQ_Vm_rmse: 0.00197009  PQ_Va_rmse: 0.01962894  PV_Va_rmse: 0.02164255  delta_p: 0.07751084  delta_q: 0.02108529  
INFO|2024-09-25 18:16:51: 	ZTest: PQ_Vm_rmse: 0.00536339  PQ_Va_rmse: 0.05198584  PV_Va_rmse: 0.05617907  delta_p: 0.14136492  delta_q: 0.05016694  
INFO|2024-09-25 18:16:51: 	ZTest-ema: PQ_Vm_rmse: 0.001934  PQ_Va_rmse: 0.018194  PV_Va_rmse: 0.019769  delta_p: 0.076477  delta_q: 0.020413  
INFO|2024-09-25 18:16:51: 	           ValOfEMA:0.019769/0.016297,  Epoch:18/16
INFO|2024-09-25 18:16:52: 	Time(ep):915s,  Val(curr/best):0.056179/0.018684,  Epoch(curr/best):18/15
INFO|2024-09-25 18:16:52: -------------------- Epoch: 19 --------------------
INFO|2024-09-25 18:18:11: Epoch[019/100], iter[040/392], loss_total:1.67435, loss_equ:3.44893 loss_pq_vm:0.04958 loss_pq_va:0.39530 loss_pv_va:0.43839
INFO|2024-09-25 18:19:27: Epoch[019/100], iter[079/392], loss_total:1.15761, loss_equ:3.18574 loss_pq_vm:0.02358 loss_pq_va:0.28102 loss_pv_va:0.32219
INFO|2024-09-25 18:20:43: Epoch[019/100], iter[118/392], loss_total:1.21413, loss_equ:3.03328 loss_pq_vm:0.02712 loss_pq_va:0.30312 loss_pv_va:0.33644
INFO|2024-09-25 18:21:59: Epoch[019/100], iter[157/392], loss_total:1.38323, loss_equ:3.95903 loss_pq_vm:0.02995 loss_pq_va:0.32496 loss_pv_va:0.36289
INFO|2024-09-25 18:23:16: Epoch[019/100], iter[196/392], loss_total:1.21874, loss_equ:2.99523 loss_pq_vm:0.02254 loss_pq_va:0.32460 loss_pv_va:0.36924
INFO|2024-09-25 18:24:32: Epoch[019/100], iter[235/392], loss_total:1.11789, loss_equ:3.30715 loss_pq_vm:0.02035 loss_pq_va:0.27134 loss_pv_va:0.31236
INFO|2024-09-25 18:25:48: Epoch[019/100], iter[274/392], loss_total:1.03862, loss_equ:2.89282 loss_pq_vm:0.01865 loss_pq_va:0.26364 loss_pv_va:0.29915
INFO|2024-09-25 18:27:04: Epoch[019/100], iter[313/392], loss_total:0.99347, loss_equ:2.54448 loss_pq_vm:0.01854 loss_pq_va:0.25945 loss_pv_va:0.29417
INFO|2024-09-25 18:28:19: Epoch[019/100], iter[352/392], loss_total:0.99297, loss_equ:2.54645 loss_pq_vm:0.01748 loss_pq_va:0.26530 loss_pv_va:0.29823
INFO|2024-09-25 18:29:38: Epoch[019/100], iter[392/392], loss_total:1.14944, loss_equ:3.24647 loss_pq_vm:0.02214 loss_pq_va:0.28217 loss_pv_va:0.32123
INFO|2024-09-25 18:32:05: Epoch 18/100, lr:  0.00091440, eta: 20.54h, train_loss:  1.27834, valid_loss:  1.33825
INFO|2024-09-25 18:32:05: 	Train: PQ_Vm_rmse: 0.00200630  PQ_Va_rmse: 0.02044923  PV_Va_rmse: 0.02262610  delta_p: 0.08657361  delta_q: 0.02444132  
INFO|2024-09-25 18:32:05: 	ZTest: PQ_Vm_rmse: 0.00194069  PQ_Va_rmse: 0.02001178  PV_Va_rmse: 0.02245307  delta_p: 0.08308371  delta_q: 0.01904138  
INFO|2024-09-25 18:32:05: 	ZTest-ema: PQ_Vm_rmse: 0.001545  PQ_Va_rmse: 0.015905  PV_Va_rmse: 0.017259  delta_p: 0.058977  delta_q: 0.013895  
INFO|2024-09-25 18:32:05: 	           ValOfEMA:0.017259/0.016297,  Epoch:19/16
INFO|2024-09-25 18:32:06: 	Time(ep):913s,  Val(curr/best):0.022453/0.018684,  Epoch(curr/best):19/15
INFO|2024-09-25 18:32:06: -------------------- Epoch: 20 --------------------
INFO|2024-09-25 18:33:25: Epoch[020/100], iter[040/392], loss_total:0.95601, loss_equ:2.57318 loss_pq_vm:0.02000 loss_pq_va:0.23235 loss_pv_va:0.26638
INFO|2024-09-25 18:34:41: Epoch[020/100], iter[079/392], loss_total:1.10869, loss_equ:2.70578 loss_pq_vm:0.02164 loss_pq_va:0.29127 loss_pv_va:0.33041
INFO|2024-09-25 18:35:57: Epoch[020/100], iter[118/392], loss_total:1.74433, loss_equ:4.39236 loss_pq_vm:0.03307 loss_pq_va:0.47248 loss_pv_va:0.50192
INFO|2024-09-25 18:37:13: Epoch[020/100], iter[157/392], loss_total:1.01005, loss_equ:2.63162 loss_pq_vm:0.01827 loss_pq_va:0.26582 loss_pv_va:0.29838
INFO|2024-09-25 18:38:30: Epoch[020/100], iter[196/392], loss_total:1.23894, loss_equ:3.50249 loss_pq_vm:0.02164 loss_pq_va:0.32165 loss_pv_va:0.35067
INFO|2024-09-25 18:39:48: Epoch[020/100], iter[235/392], loss_total:0.96739, loss_equ:2.69107 loss_pq_vm:0.01979 loss_pq_va:0.23405 loss_pv_va:0.26630
INFO|2024-09-25 18:41:06: Epoch[020/100], iter[274/392], loss_total:1.00195, loss_equ:2.59185 loss_pq_vm:0.01950 loss_pq_va:0.26022 loss_pv_va:0.28750
INFO|2024-09-25 18:42:23: Epoch[020/100], iter[313/392], loss_total:1.06341, loss_equ:2.57583 loss_pq_vm:0.01900 loss_pq_va:0.29045 loss_pv_va:0.32540
INFO|2024-09-25 18:43:41: Epoch[020/100], iter[352/392], loss_total:1.21690, loss_equ:3.23611 loss_pq_vm:0.02188 loss_pq_va:0.31247 loss_pv_va:0.36198
INFO|2024-09-25 18:45:01: Epoch[020/100], iter[392/392], loss_total:1.32837, loss_equ:3.42862 loss_pq_vm:0.02742 loss_pq_va:0.33312 loss_pv_va:0.37817
INFO|2024-09-25 18:47:32: Epoch 19/100, lr:  0.00090546, eta: 20.59h, train_loss:  1.14391, valid_loss:  1.56114
INFO|2024-09-25 18:47:32: 	Train: PQ_Vm_rmse: 0.00152117  PQ_Va_rmse: 0.01516589  PV_Va_rmse: 0.01669295  delta_p: 0.06606139  delta_q: 0.01736846  
INFO|2024-09-25 18:47:32: 	ZTest: PQ_Vm_rmse: 0.00227830  PQ_Va_rmse: 0.02532083  PV_Va_rmse: 0.02748256  delta_p: 0.14172451  delta_q: 0.02823732  
INFO|2024-09-25 18:47:32: 	ZTest-ema: PQ_Vm_rmse: 0.001512  PQ_Va_rmse: 0.015016  PV_Va_rmse: 0.016272  delta_p: 0.050406  delta_q: 0.011873  
INFO|2024-09-25 18:47:32: 	           ValOfEMA:0.016272/0.016272,  Epoch:20/20
INFO|2024-09-25 18:47:33: 	Time(ep):926s,  Val(curr/best):0.027483/0.018684,  Epoch(curr/best):20/15
INFO|2024-09-25 18:47:33: -------------------- Epoch: 21 --------------------
INFO|2024-09-25 18:48:55: Epoch[021/100], iter[040/392], loss_total:1.20713, loss_equ:2.60196 loss_pq_vm:0.01946 loss_pq_va:0.34742 loss_pv_va:0.40490
INFO|2024-09-25 18:50:13: Epoch[021/100], iter[079/392], loss_total:0.93928, loss_equ:2.52191 loss_pq_vm:0.02018 loss_pq_va:0.22668 loss_pv_va:0.25859
INFO|2024-09-25 18:51:31: Epoch[021/100], iter[118/392], loss_total:1.24156, loss_equ:2.69233 loss_pq_vm:0.03011 loss_pq_va:0.32014 loss_pv_va:0.35108
INFO|2024-09-25 18:52:50: Epoch[021/100], iter[157/392], loss_total:1.02689, loss_equ:2.71501 loss_pq_vm:0.01922 loss_pq_va:0.26708 loss_pv_va:0.29609
INFO|2024-09-25 18:54:08: Epoch[021/100], iter[196/392], loss_total:0.89144, loss_equ:2.68812 loss_pq_vm:0.01545 loss_pq_va:0.21987 loss_pv_va:0.24823
INFO|2024-09-25 18:55:26: Epoch[021/100], iter[235/392], loss_total:1.12057, loss_equ:2.86020 loss_pq_vm:0.01948 loss_pq_va:0.29975 loss_pv_va:0.33996
INFO|2024-09-25 18:56:44: Epoch[021/100], iter[274/392], loss_total:0.97905, loss_equ:2.62260 loss_pq_vm:0.01963 loss_pq_va:0.24120 loss_pv_va:0.27929
INFO|2024-09-25 18:58:03: Epoch[021/100], iter[313/392], loss_total:0.92265, loss_equ:2.39343 loss_pq_vm:0.01651 loss_pq_va:0.23980 loss_pv_va:0.27840
INFO|2024-09-25 18:59:20: Epoch[021/100], iter[352/392], loss_total:1.02174, loss_equ:2.71866 loss_pq_vm:0.02218 loss_pq_va:0.24523 loss_pv_va:0.28287
INFO|2024-09-25 19:00:39: Epoch[021/100], iter[392/392], loss_total:1.02776, loss_equ:2.71465 loss_pq_vm:0.01874 loss_pq_va:0.26666 loss_pv_va:0.30222
INFO|2024-09-25 19:03:08: Epoch 20/100, lr:  0.00089613, eta: 20.52h, train_loss:  1.04650, valid_loss:  1.21616
INFO|2024-09-25 19:03:08: 	Train: PQ_Vm_rmse: 0.00121547  PQ_Va_rmse: 0.01271131  PV_Va_rmse: 0.01421688  delta_p: 0.06213809  delta_q: 0.01338687  
INFO|2024-09-25 19:03:08: 	ZTest: PQ_Vm_rmse: 0.00164459  PQ_Va_rmse: 0.01671498  PV_Va_rmse: 0.01825483  delta_p: 0.07171212  delta_q: 0.01644587  
INFO|2024-09-25 19:03:08: 	ZTest-ema: PQ_Vm_rmse: 0.001448  PQ_Va_rmse: 0.014601  PV_Va_rmse: 0.015885  delta_p: 0.054870  delta_q: 0.012668  
INFO|2024-09-25 19:03:08: 	           ValOfEMA:0.015885/0.015885,  Epoch:21/21
INFO|2024-09-25 19:03:10: 	Time(ep):935s,  Val(curr/best):0.018255/0.018255,  Epoch(curr/best):21/21
INFO|2024-09-25 19:03:10: -------------------- Epoch: 22 --------------------
INFO|2024-09-25 19:04:30: Epoch[022/100], iter[040/392], loss_total:0.96160, loss_equ:2.40769 loss_pq_vm:0.01797 loss_pq_va:0.25506 loss_pv_va:0.28606
INFO|2024-09-25 19:05:47: Epoch[022/100], iter[079/392], loss_total:0.95267, loss_equ:2.60276 loss_pq_vm:0.02159 loss_pq_va:0.22200 loss_pv_va:0.25447
INFO|2024-09-25 19:07:04: Epoch[022/100], iter[118/392], loss_total:1.55077, loss_equ:3.15464 loss_pq_vm:0.02393 loss_pq_va:0.46406 loss_pv_va:0.53199
INFO|2024-09-25 19:08:21: Epoch[022/100], iter[157/392], loss_total:1.07314, loss_equ:3.02965 loss_pq_vm:0.02319 loss_pq_va:0.25286 loss_pv_va:0.28546
INFO|2024-09-25 19:09:39: Epoch[022/100], iter[196/392], loss_total:1.06461, loss_equ:3.24731 loss_pq_vm:0.02054 loss_pq_va:0.24833 loss_pv_va:0.28610
INFO|2024-09-25 19:10:57: Epoch[022/100], iter[235/392], loss_total:1.29975, loss_equ:2.84711 loss_pq_vm:0.02181 loss_pq_va:0.38052 loss_pv_va:0.41645
INFO|2024-09-25 19:12:15: Epoch[022/100], iter[274/392], loss_total:0.96183, loss_equ:2.55207 loss_pq_vm:0.02141 loss_pq_va:0.23051 loss_pv_va:0.26197
INFO|2024-09-25 19:13:33: Epoch[022/100], iter[313/392], loss_total:1.06720, loss_equ:2.49106 loss_pq_vm:0.01876 loss_pq_va:0.29664 loss_pv_va:0.33388
INFO|2024-09-25 19:14:51: Epoch[022/100], iter[352/392], loss_total:1.33024, loss_equ:3.25522 loss_pq_vm:0.02532 loss_pq_va:0.35259 loss_pv_va:0.39897
INFO|2024-09-25 19:16:11: Epoch[022/100], iter[392/392], loss_total:1.02504, loss_equ:2.71332 loss_pq_vm:0.02004 loss_pq_va:0.26022 loss_pv_va:0.29309
INFO|2024-09-25 19:18:42: Epoch 21/100, lr:  0.00088640, eta: 20.19h, train_loss:  1.13938, valid_loss:  1.22546
INFO|2024-09-25 19:18:42: 	Train: PQ_Vm_rmse: 0.00133452  PQ_Va_rmse: 0.01688429  PV_Va_rmse: 0.01878223  delta_p: 0.06767205  delta_q: 0.01569295  
INFO|2024-09-25 19:18:42: 	ZTest: PQ_Vm_rmse: 0.00198558  PQ_Va_rmse: 0.01944017  PV_Va_rmse: 0.02114300  delta_p: 0.07952219  delta_q: 0.01891898  
INFO|2024-09-25 19:18:42: 	ZTest-ema: PQ_Vm_rmse: 0.001551  PQ_Va_rmse: 0.016156  PV_Va_rmse: 0.017505  delta_p: 0.065102  delta_q: 0.015815  
INFO|2024-09-25 19:18:42: 	           ValOfEMA:0.017505/0.015885,  Epoch:22/21
INFO|2024-09-25 19:18:43: 	Time(ep):931s,  Val(curr/best):0.021143/0.018255,  Epoch(curr/best):22/21
INFO|2024-09-25 19:18:43: -------------------- Epoch: 23 --------------------
INFO|2024-09-25 19:20:04: Epoch[023/100], iter[040/392], loss_total:1.09747, loss_equ:2.82466 loss_pq_vm:0.01865 loss_pq_va:0.29444 loss_pv_va:0.33406
INFO|2024-09-25 19:21:22: Epoch[023/100], iter[079/392], loss_total:0.98385, loss_equ:2.55527 loss_pq_vm:0.01753 loss_pq_va:0.25796 loss_pv_va:0.29504
INFO|2024-09-25 19:22:39: Epoch[023/100], iter[118/392], loss_total:1.02398, loss_equ:2.75740 loss_pq_vm:0.01894 loss_pq_va:0.26118 loss_pv_va:0.29767
INFO|2024-09-25 19:23:57: Epoch[023/100], iter[157/392], loss_total:0.94482, loss_equ:2.35754 loss_pq_vm:0.01773 loss_pq_va:0.24914 loss_pv_va:0.28262
INFO|2024-09-25 19:25:16: Epoch[023/100], iter[196/392], loss_total:0.90845, loss_equ:2.33426 loss_pq_vm:0.01790 loss_pq_va:0.23288 loss_pv_va:0.26319
INFO|2024-09-25 19:26:34: Epoch[023/100], iter[235/392], loss_total:1.18152, loss_equ:2.44115 loss_pq_vm:0.02487 loss_pq_va:0.32380 loss_pv_va:0.36486
INFO|2024-09-25 19:27:51: Epoch[023/100], iter[274/392], loss_total:1.22310, loss_equ:3.63289 loss_pq_vm:0.03193 loss_pq_va:0.26097 loss_pv_va:0.27954
INFO|2024-09-25 19:29:10: Epoch[023/100], iter[313/392], loss_total:1.16970, loss_equ:3.68952 loss_pq_vm:0.02382 loss_pq_va:0.26987 loss_pv_va:0.29268
INFO|2024-09-25 19:30:28: Epoch[023/100], iter[352/392], loss_total:1.02240, loss_equ:2.63767 loss_pq_vm:0.01795 loss_pq_va:0.27226 loss_pv_va:0.30685
INFO|2024-09-25 19:31:48: Epoch[023/100], iter[392/392], loss_total:1.08308, loss_equ:2.48677 loss_pq_vm:0.02468 loss_pq_va:0.27948 loss_pv_va:0.30811
INFO|2024-09-25 19:34:18: Epoch 22/100, lr:  0.00087630, eta: 20.01h, train_loss:  1.05076, valid_loss:  1.61649
INFO|2024-09-25 19:34:18: 	Train: PQ_Vm_rmse: 0.00124269  PQ_Va_rmse: 0.01294052  PV_Va_rmse: 0.01417052  delta_p: 0.06664758  delta_q: 0.01594085  
INFO|2024-09-25 19:34:18: 	ZTest: PQ_Vm_rmse: 0.00288914  PQ_Va_rmse: 0.03587295  PV_Va_rmse: 0.03841057  delta_p: 0.06971646  delta_q: 0.01578596  
INFO|2024-09-25 19:34:18: 	ZTest-ema: PQ_Vm_rmse: 0.001478  PQ_Va_rmse: 0.015146  PV_Va_rmse: 0.016196  delta_p: 0.046701  delta_q: 0.011140  
INFO|2024-09-25 19:34:18: 	           ValOfEMA:0.016196/0.015885,  Epoch:23/21
INFO|2024-09-25 19:34:19: 	Time(ep):935s,  Val(curr/best):0.038411/0.018255,  Epoch(curr/best):23/21
INFO|2024-09-25 19:34:19: -------------------- Epoch: 24 --------------------
INFO|2024-09-25 19:35:42: Epoch[024/100], iter[040/392], loss_total:0.89731, loss_equ:2.42341 loss_pq_vm:0.01780 loss_pq_va:0.22329 loss_pv_va:0.25363
INFO|2024-09-25 19:37:01: Epoch[024/100], iter[079/392], loss_total:0.95330, loss_equ:2.37566 loss_pq_vm:0.01719 loss_pq_va:0.25262 loss_pv_va:0.29122
INFO|2024-09-25 19:38:19: Epoch[024/100], iter[118/392], loss_total:0.89688, loss_equ:2.40588 loss_pq_vm:0.01541 loss_pq_va:0.23338 loss_pv_va:0.26884
INFO|2024-09-25 19:39:37: Epoch[024/100], iter[157/392], loss_total:0.85079, loss_equ:2.25868 loss_pq_vm:0.01594 loss_pq_va:0.21866 loss_pv_va:0.24691
INFO|2024-09-25 19:40:55: Epoch[024/100], iter[196/392], loss_total:1.22228, loss_equ:2.85786 loss_pq_vm:0.02242 loss_pq_va:0.33373 loss_pv_va:0.37853
INFO|2024-09-25 19:42:14: Epoch[024/100], iter[235/392], loss_total:0.96177, loss_equ:2.58945 loss_pq_vm:0.01717 loss_pq_va:0.24667 loss_pv_va:0.28442
INFO|2024-09-25 19:43:32: Epoch[024/100], iter[274/392], loss_total:1.11231, loss_equ:2.57352 loss_pq_vm:0.01727 loss_pq_va:0.32771 loss_pv_va:0.35458
INFO|2024-09-25 19:44:50: Epoch[024/100], iter[313/392], loss_total:0.88272, loss_equ:2.36315 loss_pq_vm:0.01734 loss_pq_va:0.22124 loss_pv_va:0.25181
INFO|2024-09-25 19:46:09: Epoch[024/100], iter[352/392], loss_total:0.85811, loss_equ:2.25624 loss_pq_vm:0.01692 loss_pq_va:0.21547 loss_pv_va:0.24785
INFO|2024-09-25 19:47:29: Epoch[024/100], iter[392/392], loss_total:0.89128, loss_equ:2.21550 loss_pq_vm:0.01839 loss_pq_va:0.22777 loss_pv_va:0.25802
INFO|2024-09-25 19:49:59: Epoch 23/100, lr:  0.00086584, eta: 19.84h, train_loss:  0.98796, valid_loss:  1.16131
INFO|2024-09-25 19:49:59: 	Train: PQ_Vm_rmse: 0.00112461  PQ_Va_rmse: 0.01208181  PV_Va_rmse: 0.01338185  delta_p: 0.04822539  delta_q: 0.01225183  
INFO|2024-09-25 19:49:59: 	ZTest: PQ_Vm_rmse: 0.00202985  PQ_Va_rmse: 0.01831920  PV_Va_rmse: 0.01972124  delta_p: 0.06058191  delta_q: 0.01760665  
INFO|2024-09-25 19:49:59: 	ZTest-ema: PQ_Vm_rmse: 0.001555  PQ_Va_rmse: 0.015014  PV_Va_rmse: 0.016206  delta_p: 0.055160  delta_q: 0.014704  
INFO|2024-09-25 19:49:59: 	           ValOfEMA:0.016206/0.015885,  Epoch:24/21
INFO|2024-09-25 19:50:00: 	Time(ep):939s,  Val(curr/best):0.019721/0.018255,  Epoch(curr/best):24/21
INFO|2024-09-25 19:50:00: -------------------- Epoch: 25 --------------------
INFO|2024-09-25 19:51:22: Epoch[025/100], iter[040/392], loss_total:0.96287, loss_equ:2.31227 loss_pq_vm:0.02097 loss_pq_va:0.24503 loss_pv_va:0.27694
INFO|2024-09-25 19:52:40: Epoch[025/100], iter[079/392], loss_total:0.88658, loss_equ:2.21703 loss_pq_vm:0.01836 loss_pq_va:0.22643 loss_pv_va:0.25484
INFO|2024-09-25 19:53:58: Epoch[025/100], iter[118/392], loss_total:0.89563, loss_equ:2.26196 loss_pq_vm:0.01818 loss_pq_va:0.22841 loss_pv_va:0.25920
INFO|2024-09-25 19:55:17: Epoch[025/100], iter[157/392], loss_total:1.26737, loss_equ:2.73520 loss_pq_vm:0.03216 loss_pq_va:0.31705 loss_pv_va:0.35522
INFO|2024-09-25 19:56:34: Epoch[025/100], iter[196/392], loss_total:1.18909, loss_equ:2.55873 loss_pq_vm:0.02768 loss_pq_va:0.30752 loss_pv_va:0.34886
INFO|2024-09-25 19:57:51: Epoch[025/100], iter[235/392], loss_total:1.38276, loss_equ:2.79768 loss_pq_vm:0.02744 loss_pq_va:0.39493 loss_pv_va:0.43366
INFO|2024-09-25 19:59:08: Epoch[025/100], iter[274/392], loss_total:1.18820, loss_equ:2.74202 loss_pq_vm:0.02013 loss_pq_va:0.34122 loss_pv_va:0.37148
INFO|2024-09-25 20:00:24: Epoch[025/100], iter[313/392], loss_total:1.01478, loss_equ:2.34070 loss_pq_vm:0.02238 loss_pq_va:0.26210 loss_pv_va:0.29484
INFO|2024-09-25 20:01:41: Epoch[025/100], iter[352/392], loss_total:0.91292, loss_equ:2.43041 loss_pq_vm:0.01720 loss_pq_va:0.23341 loss_pv_va:0.26443
INFO|2024-09-25 20:03:01: Epoch[025/100], iter[392/392], loss_total:0.90999, loss_equ:2.34524 loss_pq_vm:0.01837 loss_pq_va:0.23081 loss_pv_va:0.26098
INFO|2024-09-25 20:05:32: Epoch 24/100, lr:  0.00085502, eta: 19.41h, train_loss:  1.05746, valid_loss:  1.16275
INFO|2024-09-25 20:05:32: 	Train: PQ_Vm_rmse: 0.00166169  PQ_Va_rmse: 0.01472823  PV_Va_rmse: 0.01617483  delta_p: 0.05360219  delta_q: 0.01676105  
INFO|2024-09-25 20:05:32: 	ZTest: PQ_Vm_rmse: 0.00198607  PQ_Va_rmse: 0.01990043  PV_Va_rmse: 0.02201509  delta_p: 0.08294944  delta_q: 0.02299952  
INFO|2024-09-25 20:05:32: 	ZTest-ema: PQ_Vm_rmse: 0.001499  PQ_Va_rmse: 0.014805  PV_Va_rmse: 0.016251  delta_p: 0.052682  delta_q: 0.013342  
INFO|2024-09-25 20:05:32: 	           ValOfEMA:0.016251/0.015885,  Epoch:25/21
INFO|2024-09-25 20:05:33: 	Time(ep):931s,  Val(curr/best):0.022015/0.018255,  Epoch(curr/best):25/21
INFO|2024-09-25 20:05:33: -------------------- Epoch: 26 --------------------
INFO|2024-09-25 20:06:54: Epoch[026/100], iter[040/392], loss_total:0.92725, loss_equ:2.45147 loss_pq_vm:0.01724 loss_pq_va:0.23682 loss_pv_va:0.27286
INFO|2024-09-25 20:08:13: Epoch[026/100], iter[079/392], loss_total:0.84161, loss_equ:2.35547 loss_pq_vm:0.01741 loss_pq_va:0.20103 loss_pv_va:0.23098
INFO|2024-09-25 20:09:30: Epoch[026/100], iter[118/392], loss_total:0.89440, loss_equ:2.55896 loss_pq_vm:0.01564 loss_pq_va:0.22509 loss_pv_va:0.25703
INFO|2024-09-25 20:10:48: Epoch[026/100], iter[157/392], loss_total:0.98219, loss_equ:2.61643 loss_pq_vm:0.01784 loss_pq_va:0.25459 loss_pv_va:0.28757
INFO|2024-09-25 20:12:06: Epoch[026/100], iter[196/392], loss_total:1.04956, loss_equ:2.94285 loss_pq_vm:0.02116 loss_pq_va:0.25451 loss_pv_va:0.28917
INFO|2024-09-25 20:13:23: Epoch[026/100], iter[235/392], loss_total:0.85426, loss_equ:2.40371 loss_pq_vm:0.01636 loss_pq_va:0.20859 loss_pv_va:0.24174
INFO|2024-09-25 20:14:42: Epoch[026/100], iter[274/392], loss_total:0.87840, loss_equ:2.24418 loss_pq_vm:0.01667 loss_pq_va:0.22719 loss_pv_va:0.26006
INFO|2024-09-25 20:16:00: Epoch[026/100], iter[313/392], loss_total:0.89185, loss_equ:2.45874 loss_pq_vm:0.01700 loss_pq_va:0.22277 loss_pv_va:0.25320
INFO|2024-09-25 20:17:19: Epoch[026/100], iter[352/392], loss_total:1.06630, loss_equ:2.80670 loss_pq_vm:0.02273 loss_pq_va:0.26259 loss_pv_va:0.29576
INFO|2024-09-25 20:18:39: Epoch[026/100], iter[392/392], loss_total:1.00658, loss_equ:2.59224 loss_pq_vm:0.02267 loss_pq_va:0.24338 loss_pv_va:0.27727
INFO|2024-09-25 20:21:09: Epoch 25/100, lr:  0.00084385, eta: 19.25h, train_loss:  0.95987, valid_loss:  1.16667
INFO|2024-09-25 20:21:09: 	Train: PQ_Vm_rmse: 0.00100621  PQ_Va_rmse: 0.01078092  PV_Va_rmse: 0.01209803  delta_p: 0.05413570  delta_q: 0.01105921  
INFO|2024-09-25 20:21:09: 	ZTest: PQ_Vm_rmse: 0.00180974  PQ_Va_rmse: 0.01649023  PV_Va_rmse: 0.01831335  delta_p: 0.08955028  delta_q: 0.01947429  
INFO|2024-09-25 20:21:09: 	ZTest-ema: PQ_Vm_rmse: 0.001384  PQ_Va_rmse: 0.014074  PV_Va_rmse: 0.015401  delta_p: 0.055803  delta_q: 0.012432  
INFO|2024-09-25 20:21:09: 	           ValOfEMA:0.015401/0.015401,  Epoch:26/26
INFO|2024-09-25 20:21:10: 	Time(ep):936s,  Val(curr/best):0.018313/0.018255,  Epoch(curr/best):26/21
INFO|2024-09-25 20:21:10: -------------------- Epoch: 27 --------------------
INFO|2024-09-25 20:22:31: Epoch[027/100], iter[040/392], loss_total:0.87835, loss_equ:2.37115 loss_pq_vm:0.01640 loss_pq_va:0.22408 loss_pv_va:0.25311
INFO|2024-09-25 20:23:49: Epoch[027/100], iter[079/392], loss_total:1.06948, loss_equ:3.19069 loss_pq_vm:0.01863 loss_pq_va:0.25999 loss_pv_va:0.30409
INFO|2024-09-25 20:25:07: Epoch[027/100], iter[118/392], loss_total:0.92993, loss_equ:2.71327 loss_pq_vm:0.01583 loss_pq_va:0.23055 loss_pv_va:0.26976
INFO|2024-09-25 20:26:26: Epoch[027/100], iter[157/392], loss_total:0.90670, loss_equ:2.48707 loss_pq_vm:0.01711 loss_pq_va:0.22821 loss_pv_va:0.25867
INFO|2024-09-25 20:27:44: Epoch[027/100], iter[196/392], loss_total:0.90521, loss_equ:2.75391 loss_pq_vm:0.01627 loss_pq_va:0.22214 loss_pv_va:0.24495
INFO|2024-09-25 20:29:02: Epoch[027/100], iter[235/392], loss_total:1.12495, loss_equ:2.64969 loss_pq_vm:0.01902 loss_pq_va:0.31122 loss_pv_va:0.35858
INFO|2024-09-25 20:30:20: Epoch[027/100], iter[274/392], loss_total:0.94741, loss_equ:2.46091 loss_pq_vm:0.01779 loss_pq_va:0.24675 loss_pv_va:0.27662
INFO|2024-09-25 20:31:37: Epoch[027/100], iter[313/392], loss_total:0.84395, loss_equ:2.19222 loss_pq_vm:0.01632 loss_pq_va:0.21630 loss_pv_va:0.24527
INFO|2024-09-25 20:32:54: Epoch[027/100], iter[352/392], loss_total:0.85027, loss_equ:2.34855 loss_pq_vm:0.01684 loss_pq_va:0.20679 loss_pv_va:0.24023
INFO|2024-09-25 20:34:13: Epoch[027/100], iter[392/392], loss_total:1.01643, loss_equ:2.37792 loss_pq_vm:0.01612 loss_pq_va:0.29111 loss_pv_va:0.32628
INFO|2024-09-25 20:36:44: Epoch 26/100, lr:  0.00083235, eta: 18.93h, train_loss:  0.94244, valid_loss:  1.11136
INFO|2024-09-25 20:36:44: 	Train: PQ_Vm_rmse: 0.00093979  PQ_Va_rmse: 0.01026905  PV_Va_rmse: 0.01144101  delta_p: 0.05263117  delta_q: 0.01076620  
INFO|2024-09-25 20:36:44: 	ZTest: PQ_Vm_rmse: 0.00144057  PQ_Va_rmse: 0.01551295  PV_Va_rmse: 0.01705614  delta_p: 0.05026309  delta_q: 0.01349063  
INFO|2024-09-25 20:36:44: 	ZTest-ema: PQ_Vm_rmse: 0.001343  PQ_Va_rmse: 0.013509  PV_Va_rmse: 0.014661  delta_p: 0.045497  delta_q: 0.010960  
INFO|2024-09-25 20:36:44: 	           ValOfEMA:0.014661/0.014661,  Epoch:27/27
INFO|2024-09-25 20:36:45: 	Time(ep):933s,  Val(curr/best):0.017056/0.017056,  Epoch(curr/best):27/27
INFO|2024-09-25 20:36:45: -------------------- Epoch: 28 --------------------
INFO|2024-09-25 20:38:07: Epoch[028/100], iter[040/392], loss_total:0.95704, loss_equ:2.67012 loss_pq_vm:0.01860 loss_pq_va:0.23585 loss_pv_va:0.26816
INFO|2024-09-25 20:39:25: Epoch[028/100], iter[079/392], loss_total:0.91419, loss_equ:2.49657 loss_pq_vm:0.02064 loss_pq_va:0.21213 loss_pv_va:0.24597
INFO|2024-09-25 20:40:43: Epoch[028/100], iter[118/392], loss_total:0.92103, loss_equ:2.33455 loss_pq_vm:0.01544 loss_pq_va:0.25076 loss_pv_va:0.28240
INFO|2024-09-25 20:42:01: Epoch[028/100], iter[157/392], loss_total:0.86224, loss_equ:2.27870 loss_pq_vm:0.01606 loss_pq_va:0.22199 loss_pv_va:0.25177
INFO|2024-09-25 20:43:18: Epoch[028/100], iter[196/392], loss_total:1.12631, loss_equ:3.21314 loss_pq_vm:0.02988 loss_pq_va:0.23433 loss_pv_va:0.27190
INFO|2024-09-25 20:44:34: Epoch[028/100], iter[235/392], loss_total:1.00255, loss_equ:2.58352 loss_pq_vm:0.01912 loss_pq_va:0.25884 loss_pv_va:0.29418
INFO|2024-09-25 20:45:52: Epoch[028/100], iter[274/392], loss_total:1.12378, loss_equ:2.41001 loss_pq_vm:0.02370 loss_pq_va:0.30604 loss_pv_va:0.33975
INFO|2024-09-25 20:47:10: Epoch[028/100], iter[313/392], loss_total:0.90523, loss_equ:2.27736 loss_pq_vm:0.01565 loss_pq_va:0.24449 loss_pv_va:0.27648
INFO|2024-09-25 20:48:28: Epoch[028/100], iter[352/392], loss_total:0.92155, loss_equ:2.25885 loss_pq_vm:0.01609 loss_pq_va:0.24961 loss_pv_va:0.28514
INFO|2024-09-25 20:49:48: Epoch[028/100], iter[392/392], loss_total:0.94747, loss_equ:2.38574 loss_pq_vm:0.01589 loss_pq_va:0.25693 loss_pv_va:0.29311
INFO|2024-09-25 20:52:18: Epoch 27/100, lr:  0.00082052, eta: 18.66h, train_loss:  0.96070, valid_loss:  1.26220
INFO|2024-09-25 20:52:18: 	Train: PQ_Vm_rmse: 0.00108460  PQ_Va_rmse: 0.01115029  PV_Va_rmse: 0.01239509  delta_p: 0.05046602  delta_q: 0.01197876  
INFO|2024-09-25 20:52:18: 	ZTest: PQ_Vm_rmse: 0.00182990  PQ_Va_rmse: 0.02557010  PV_Va_rmse: 0.02807263  delta_p: 0.06560283  delta_q: 0.01640260  
INFO|2024-09-25 20:52:18: 	ZTest-ema: PQ_Vm_rmse: 0.001335  PQ_Va_rmse: 0.013237  PV_Va_rmse: 0.014407  delta_p: 0.044610  delta_q: 0.010842  
INFO|2024-09-25 20:52:18: 	           ValOfEMA:0.014407/0.014407,  Epoch:28/28
INFO|2024-09-25 20:52:19: 	Time(ep):932s,  Val(curr/best):0.028073/0.017056,  Epoch(curr/best):28/27
INFO|2024-09-25 20:52:19: -------------------- Epoch: 29 --------------------
INFO|2024-09-25 20:53:41: Epoch[029/100], iter[040/392], loss_total:0.87322, loss_equ:2.25741 loss_pq_vm:0.01603 loss_pq_va:0.22850 loss_pv_va:0.25871
INFO|2024-09-25 20:55:00: Epoch[029/100], iter[079/392], loss_total:1.02843, loss_equ:2.30516 loss_pq_vm:0.01784 loss_pq_va:0.29102 loss_pv_va:0.32849
INFO|2024-09-25 20:56:19: Epoch[029/100], iter[118/392], loss_total:0.98810, loss_equ:2.51024 loss_pq_vm:0.02080 loss_pq_va:0.24540 loss_pv_va:0.28372
INFO|2024-09-25 20:57:37: Epoch[029/100], iter[157/392], loss_total:1.22352, loss_equ:3.60538 loss_pq_vm:0.02962 loss_pq_va:0.26821 loss_pv_va:0.29859
INFO|2024-09-25 20:58:56: Epoch[029/100], iter[196/392], loss_total:0.87001, loss_equ:2.36132 loss_pq_vm:0.01523 loss_pq_va:0.22356 loss_pv_va:0.25803
INFO|2024-09-25 21:00:15: Epoch[029/100], iter[235/392], loss_total:0.82426, loss_equ:2.30198 loss_pq_vm:0.01458 loss_pq_va:0.21016 loss_pv_va:0.23808
INFO|2024-09-25 21:01:33: Epoch[029/100], iter[274/392], loss_total:1.06410, loss_equ:2.46564 loss_pq_vm:0.01648 loss_pq_va:0.30070 loss_pv_va:0.35202
INFO|2024-09-25 21:02:51: Epoch[029/100], iter[313/392], loss_total:0.91207, loss_equ:2.48187 loss_pq_vm:0.01689 loss_pq_va:0.22997 loss_pv_va:0.26500
INFO|2024-09-25 21:04:09: Epoch[029/100], iter[352/392], loss_total:1.12484, loss_equ:2.98235 loss_pq_vm:0.01924 loss_pq_va:0.30089 loss_pv_va:0.33330
INFO|2024-09-25 21:05:28: Epoch[029/100], iter[392/392], loss_total:1.01766, loss_equ:2.40595 loss_pq_vm:0.01968 loss_pq_va:0.27411 loss_pv_va:0.30615
INFO|2024-09-25 21:07:59: Epoch 28/100, lr:  0.00080839, eta: 18.54h, train_loss:  1.02131, valid_loss:  1.27034
INFO|2024-09-25 21:07:59: 	Train: PQ_Vm_rmse: 0.00106534  PQ_Va_rmse: 0.01397244  PV_Va_rmse: 0.01573504  delta_p: 0.05360543  delta_q: 0.01274592  
INFO|2024-09-25 21:07:59: 	ZTest: PQ_Vm_rmse: 0.00167323  PQ_Va_rmse: 0.02745377  PV_Va_rmse: 0.03012012  delta_p: 0.07847011  delta_q: 0.01877099  
INFO|2024-09-25 21:07:59: 	ZTest-ema: PQ_Vm_rmse: 0.001423  PQ_Va_rmse: 0.014959  PV_Va_rmse: 0.016234  delta_p: 0.049724  delta_q: 0.011535  
INFO|2024-09-25 21:07:59: 	           ValOfEMA:0.016234/0.014407,  Epoch:29/28
INFO|2024-09-25 21:08:00: 	Time(ep):939s,  Val(curr/best):0.030120/0.017056,  Epoch(curr/best):29/27
INFO|2024-09-25 21:08:00: -------------------- Epoch: 30 --------------------
INFO|2024-09-25 21:09:22: Epoch[030/100], iter[040/392], loss_total:0.92311, loss_equ:2.42035 loss_pq_vm:0.01916 loss_pq_va:0.22813 loss_pv_va:0.26136
INFO|2024-09-25 21:10:41: Epoch[030/100], iter[079/392], loss_total:0.98304, loss_equ:2.22693 loss_pq_vm:0.02488 loss_pq_va:0.24214 loss_pv_va:0.26944
INFO|2024-09-25 21:11:59: Epoch[030/100], iter[118/392], loss_total:0.80056, loss_equ:2.11427 loss_pq_vm:0.01402 loss_pq_va:0.20900 loss_pv_va:0.23996
INFO|2024-09-25 21:13:17: Epoch[030/100], iter[157/392], loss_total:0.88899, loss_equ:2.24836 loss_pq_vm:0.01635 loss_pq_va:0.23442 loss_pv_va:0.26622
INFO|2024-09-25 21:14:36: Epoch[030/100], iter[196/392], loss_total:0.79457, loss_equ:2.12318 loss_pq_vm:0.01635 loss_pq_va:0.19454 loss_pv_va:0.22424
INFO|2024-09-25 21:15:54: Epoch[030/100], iter[235/392], loss_total:0.86870, loss_equ:2.39488 loss_pq_vm:0.01654 loss_pq_va:0.21695 loss_pv_va:0.24684
INFO|2024-09-25 21:17:11: Epoch[030/100], iter[274/392], loss_total:0.94860, loss_equ:2.47239 loss_pq_vm:0.01724 loss_pq_va:0.25183 loss_pv_va:0.27710
INFO|2024-09-25 21:18:28: Epoch[030/100], iter[313/392], loss_total:0.90884, loss_equ:2.40347 loss_pq_vm:0.01824 loss_pq_va:0.22457 loss_pv_va:0.26156
INFO|2024-09-25 21:19:44: Epoch[030/100], iter[352/392], loss_total:0.85200, loss_equ:2.19052 loss_pq_vm:0.01574 loss_pq_va:0.22322 loss_pv_va:0.25232
INFO|2024-09-25 21:21:03: Epoch[030/100], iter[392/392], loss_total:0.82325, loss_equ:2.15425 loss_pq_vm:0.01631 loss_pq_va:0.20647 loss_pv_va:0.23825
INFO|2024-09-25 21:23:33: Epoch 29/100, lr:  0.00079595, eta: 18.14h, train_loss:  0.88979, valid_loss:  1.09395
INFO|2024-09-25 21:23:33: 	Train: PQ_Vm_rmse: 0.00092294  PQ_Va_rmse: 0.00978706  PV_Va_rmse: 0.01085929  delta_p: 0.04112152  delta_q: 0.00975031  
INFO|2024-09-25 21:23:33: 	ZTest: PQ_Vm_rmse: 0.00162161  PQ_Va_rmse: 0.01939447  PV_Va_rmse: 0.02087005  delta_p: 0.05450437  delta_q: 0.01256244  
INFO|2024-09-25 21:23:33: 	ZTest-ema: PQ_Vm_rmse: 0.001293  PQ_Va_rmse: 0.013049  PV_Va_rmse: 0.014110  delta_p: 0.042746  delta_q: 0.010024  
INFO|2024-09-25 21:23:33: 	           ValOfEMA:0.014110/0.014110,  Epoch:30/30
INFO|2024-09-25 21:23:34: 	Time(ep):933s,  Val(curr/best):0.020870/0.017056,  Epoch(curr/best):30/27
INFO|2024-09-25 21:23:34: -------------------- Epoch: 31 --------------------
INFO|2024-09-25 21:24:56: Epoch[031/100], iter[040/392], loss_total:0.82290, loss_equ:2.17075 loss_pq_vm:0.01440 loss_pq_va:0.21625 loss_pv_va:0.24555
INFO|2024-09-25 21:26:15: Epoch[031/100], iter[079/392], loss_total:0.90063, loss_equ:2.20925 loss_pq_vm:0.01840 loss_pq_va:0.23234 loss_pv_va:0.26333
INFO|2024-09-25 21:27:33: Epoch[031/100], iter[118/392], loss_total:0.91199, loss_equ:2.72160 loss_pq_vm:0.01570 loss_pq_va:0.21947 loss_pv_va:0.26332
INFO|2024-09-25 21:28:52: Epoch[031/100], iter[157/392], loss_total:0.82399, loss_equ:2.32123 loss_pq_vm:0.01545 loss_pq_va:0.20455 loss_pv_va:0.23286
INFO|2024-09-25 21:30:10: Epoch[031/100], iter[196/392], loss_total:0.81139, loss_equ:2.19924 loss_pq_vm:0.01487 loss_pq_va:0.20572 loss_pv_va:0.23701
INFO|2024-09-25 21:31:28: Epoch[031/100], iter[235/392], loss_total:0.87503, loss_equ:2.33764 loss_pq_vm:0.01676 loss_pq_va:0.22131 loss_pv_va:0.25237
INFO|2024-09-25 21:32:46: Epoch[031/100], iter[274/392], loss_total:0.89017, loss_equ:2.51154 loss_pq_vm:0.01762 loss_pq_va:0.21551 loss_pv_va:0.24730
INFO|2024-09-25 21:34:04: Epoch[031/100], iter[313/392], loss_total:0.82966, loss_equ:2.38557 loss_pq_vm:0.01413 loss_pq_va:0.20750 loss_pv_va:0.24225
INFO|2024-09-25 21:35:23: Epoch[031/100], iter[352/392], loss_total:0.77721, loss_equ:2.12817 loss_pq_vm:0.01389 loss_pq_va:0.19689 loss_pv_va:0.22862
INFO|2024-09-25 21:36:43: Epoch[031/100], iter[392/392], loss_total:0.78601, loss_equ:2.12331 loss_pq_vm:0.01625 loss_pq_va:0.19130 loss_pv_va:0.21984
INFO|2024-09-25 21:39:13: Epoch 30/100, lr:  0.00078323, eta: 18.0h, train_loss:  0.89372, valid_loss:  1.03509
INFO|2024-09-25 21:39:13: 	Train: PQ_Vm_rmse: 0.00086301  PQ_Va_rmse: 0.00988897  PV_Va_rmse: 0.01114567  delta_p: 0.04000478  delta_q: 0.00949517  
INFO|2024-09-25 21:39:13: 	ZTest: PQ_Vm_rmse: 0.00148127  PQ_Va_rmse: 0.01383401  PV_Va_rmse: 0.01521511  delta_p: 0.05141602  delta_q: 0.01422336  
INFO|2024-09-25 21:39:13: 	ZTest-ema: PQ_Vm_rmse: 0.001302  PQ_Va_rmse: 0.013553  PV_Va_rmse: 0.014767  delta_p: 0.044957  delta_q: 0.010408  
INFO|2024-09-25 21:39:13: 	           ValOfEMA:0.014767/0.014110,  Epoch:31/30
INFO|2024-09-25 21:39:15: 	Time(ep):939s,  Val(curr/best):0.015215/0.015215,  Epoch(curr/best):31/31
INFO|2024-09-25 21:39:15: -------------------- Epoch: 32 --------------------
INFO|2024-09-25 21:40:37: Epoch[032/100], iter[040/392], loss_total:0.81714, loss_equ:2.24921 loss_pq_vm:0.01461 loss_pq_va:0.20615 loss_pv_va:0.23999
INFO|2024-09-25 21:41:55: Epoch[032/100], iter[079/392], loss_total:0.96093, loss_equ:2.23957 loss_pq_vm:0.01534 loss_pq_va:0.27234 loss_pv_va:0.31123
INFO|2024-09-25 21:43:14: Epoch[032/100], iter[118/392], loss_total:0.75802, loss_equ:2.11591 loss_pq_vm:0.01294 loss_pq_va:0.19317 loss_pv_va:0.22391
INFO|2024-09-25 21:44:31: Epoch[032/100], iter[157/392], loss_total:0.82333, loss_equ:2.09000 loss_pq_vm:0.01468 loss_pq_va:0.21953 loss_pv_va:0.24802
INFO|2024-09-25 21:45:48: Epoch[032/100], iter[196/392], loss_total:1.02408, loss_equ:2.56549 loss_pq_vm:0.01559 loss_pq_va:0.27920 loss_pv_va:0.33242
INFO|2024-09-25 21:47:06: Epoch[032/100], iter[235/392], loss_total:0.74884, loss_equ:2.15221 loss_pq_vm:0.01447 loss_pq_va:0.18026 loss_pv_va:0.20870
INFO|2024-09-25 21:48:23: Epoch[032/100], iter[274/392], loss_total:0.79816, loss_equ:2.24303 loss_pq_vm:0.01401 loss_pq_va:0.20120 loss_pv_va:0.23259
INFO|2024-09-25 21:49:41: Epoch[032/100], iter[313/392], loss_total:0.81346, loss_equ:2.15972 loss_pq_vm:0.01859 loss_pq_va:0.18982 loss_pv_va:0.22172
INFO|2024-09-25 21:50:58: Epoch[032/100], iter[352/392], loss_total:0.98148, loss_equ:2.74443 loss_pq_vm:0.01863 loss_pq_va:0.24086 loss_pv_va:0.27989
INFO|2024-09-25 21:52:17: Epoch[032/100], iter[392/392], loss_total:0.92427, loss_equ:2.91780 loss_pq_vm:0.01622 loss_pq_va:0.21772 loss_pv_va:0.25262
INFO|2024-09-25 21:54:47: Epoch 31/100, lr:  0.00077023, eta: 17.59h, train_loss:  0.88061, valid_loss:  1.13583
INFO|2024-09-25 21:54:47: 	Train: PQ_Vm_rmse: 0.00081505  PQ_Va_rmse: 0.00931926  PV_Va_rmse: 0.01053222  delta_p: 0.04151661  delta_q: 0.00935483  
INFO|2024-09-25 21:54:47: 	ZTest: PQ_Vm_rmse: 0.00145853  PQ_Va_rmse: 0.01621770  PV_Va_rmse: 0.01795871  delta_p: 0.05668302  delta_q: 0.01421381  
INFO|2024-09-25 21:54:47: 	ZTest-ema: PQ_Vm_rmse: 0.001272  PQ_Va_rmse: 0.013469  PV_Va_rmse: 0.014684  delta_p: 0.039726  delta_q: 0.009323  
INFO|2024-09-25 21:54:47: 	           ValOfEMA:0.014684/0.014110,  Epoch:32/30
INFO|2024-09-25 21:54:47: 	Time(ep):931s,  Val(curr/best):0.017959/0.015215,  Epoch(curr/best):32/31
INFO|2024-09-25 21:54:47: -------------------- Epoch: 33 --------------------
INFO|2024-09-25 21:56:09: Epoch[033/100], iter[040/392], loss_total:0.86707, loss_equ:2.36419 loss_pq_vm:0.01987 loss_pq_va:0.20024 loss_pv_va:0.23170
INFO|2024-09-25 21:57:28: Epoch[033/100], iter[079/392], loss_total:1.08760, loss_equ:2.89564 loss_pq_vm:0.01974 loss_pq_va:0.28481 loss_pv_va:0.31586
INFO|2024-09-25 21:58:46: Epoch[033/100], iter[118/392], loss_total:0.90696, loss_equ:2.42237 loss_pq_vm:0.01736 loss_pq_va:0.22728 loss_pv_va:0.26382
INFO|2024-09-25 22:00:05: Epoch[033/100], iter[157/392], loss_total:1.24608, loss_equ:2.88224 loss_pq_vm:0.03042 loss_pq_va:0.31010 loss_pv_va:0.34353
INFO|2024-09-25 22:01:22: Epoch[033/100], iter[196/392], loss_total:1.01539, loss_equ:2.97431 loss_pq_vm:0.02075 loss_pq_va:0.23962 loss_pv_va:0.27087
INFO|2024-09-25 22:02:39: Epoch[033/100], iter[235/392], loss_total:0.94491, loss_equ:2.45046 loss_pq_vm:0.02082 loss_pq_va:0.23248 loss_pv_va:0.25920
INFO|2024-09-25 22:03:57: Epoch[033/100], iter[274/392], loss_total:0.86709, loss_equ:2.29993 loss_pq_vm:0.01554 loss_pq_va:0.22611 loss_pv_va:0.25554
INFO|2024-09-25 22:05:15: Epoch[033/100], iter[313/392], loss_total:0.78030, loss_equ:2.25725 loss_pq_vm:0.01424 loss_pq_va:0.19040 loss_pv_va:0.22181
INFO|2024-09-25 22:06:33: Epoch[033/100], iter[352/392], loss_total:0.81514, loss_equ:2.30767 loss_pq_vm:0.01514 loss_pq_va:0.20168 loss_pv_va:0.23129
INFO|2024-09-25 22:07:52: Epoch[033/100], iter[392/392], loss_total:0.79879, loss_equ:2.24926 loss_pq_vm:0.01481 loss_pq_va:0.19889 loss_pv_va:0.22687
INFO|2024-09-25 22:10:23: Epoch 32/100, lr:  0.00075698, eta: 17.41h, train_loss:  0.96313, valid_loss:  1.03445
INFO|2024-09-25 22:10:23: 	Train: PQ_Vm_rmse: 0.00101846  PQ_Va_rmse: 0.01137268  PV_Va_rmse: 0.01275205  delta_p: 0.05443343  delta_q: 0.01230881  
INFO|2024-09-25 22:10:23: 	ZTest: PQ_Vm_rmse: 0.00135054  PQ_Va_rmse: 0.01434873  PV_Va_rmse: 0.01581637  delta_p: 0.06357613  delta_q: 0.01425400  
INFO|2024-09-25 22:10:23: 	ZTest-ema: PQ_Vm_rmse: 0.001276  PQ_Va_rmse: 0.013286  PV_Va_rmse: 0.014427  delta_p: 0.045144  delta_q: 0.009750  
INFO|2024-09-25 22:10:23: 	           ValOfEMA:0.014427/0.014110,  Epoch:33/30
INFO|2024-09-25 22:10:24: 	Time(ep):935s,  Val(curr/best):0.015816/0.015215,  Epoch(curr/best):33/31
INFO|2024-09-25 22:10:24: -------------------- Epoch: 34 --------------------
INFO|2024-09-25 22:11:46: Epoch[034/100], iter[040/392], loss_total:0.82308, loss_equ:2.19485 loss_pq_vm:0.01390 loss_pq_va:0.21520 loss_pv_va:0.24937
INFO|2024-09-25 22:13:05: Epoch[034/100], iter[079/392], loss_total:0.80808, loss_equ:2.48358 loss_pq_vm:0.01361 loss_pq_va:0.20201 loss_pv_va:0.22165
INFO|2024-09-25 22:14:24: Epoch[034/100], iter[118/392], loss_total:0.94406, loss_equ:2.56686 loss_pq_vm:0.02060 loss_pq_va:0.22248 loss_pv_va:0.25890
INFO|2024-09-25 22:15:42: Epoch[034/100], iter[157/392], loss_total:0.78990, loss_equ:2.20403 loss_pq_vm:0.01625 loss_pq_va:0.18838 loss_pv_va:0.21858
INFO|2024-09-25 22:17:01: Epoch[034/100], iter[196/392], loss_total:0.77958, loss_equ:2.14323 loss_pq_vm:0.01459 loss_pq_va:0.19629 loss_pv_va:0.22311
INFO|2024-09-25 22:18:19: Epoch[034/100], iter[235/392], loss_total:0.75847, loss_equ:2.14643 loss_pq_vm:0.01383 loss_pq_va:0.18871 loss_pv_va:0.21677
INFO|2024-09-25 22:19:37: Epoch[034/100], iter[274/392], loss_total:0.79935, loss_equ:2.13692 loss_pq_vm:0.01360 loss_pq_va:0.21149 loss_pv_va:0.23820
INFO|2024-09-25 22:20:55: Epoch[034/100], iter[313/392], loss_total:0.80719, loss_equ:2.12358 loss_pq_vm:0.01578 loss_pq_va:0.20331 loss_pv_va:0.23375
INFO|2024-09-25 22:22:13: Epoch[034/100], iter[352/392], loss_total:0.81342, loss_equ:2.10005 loss_pq_vm:0.01609 loss_pq_va:0.20564 loss_pv_va:0.23683
INFO|2024-09-25 22:23:32: Epoch[034/100], iter[392/392], loss_total:0.79997, loss_equ:2.07698 loss_pq_vm:0.01413 loss_pq_va:0.20950 loss_pv_va:0.24144
INFO|2024-09-25 22:26:02: Epoch 33/100, lr:  0.00074347, eta: 17.2h, train_loss:  0.81350, valid_loss:  0.98297
INFO|2024-09-25 22:26:02: 	Train: PQ_Vm_rmse: 0.00074962  PQ_Va_rmse: 0.00745075  PV_Va_rmse: 0.00831475  delta_p: 0.03929912  delta_q: 0.00811394  
INFO|2024-09-25 22:26:02: 	ZTest: PQ_Vm_rmse: 0.00134336  PQ_Va_rmse: 0.01262063  PV_Va_rmse: 0.01382854  delta_p: 0.04118348  delta_q: 0.01037272  
INFO|2024-09-25 22:26:02: 	ZTest-ema: PQ_Vm_rmse: 0.001233  PQ_Va_rmse: 0.012354  PV_Va_rmse: 0.013560  delta_p: 0.038144  delta_q: 0.008976  
INFO|2024-09-25 22:26:02: 	           ValOfEMA:0.013560/0.013560,  Epoch:34/34
INFO|2024-09-25 22:26:04: 	Time(ep):938s,  Val(curr/best):0.013829/0.013829,  Epoch(curr/best):34/34
INFO|2024-09-25 22:26:04: -------------------- Epoch: 35 --------------------
INFO|2024-09-25 22:27:25: Epoch[035/100], iter[040/392], loss_total:0.76531, loss_equ:2.07441 loss_pq_vm:0.01432 loss_pq_va:0.19366 loss_pv_va:0.22099
INFO|2024-09-25 22:28:44: Epoch[035/100], iter[079/392], loss_total:0.89426, loss_equ:2.61941 loss_pq_vm:0.01700 loss_pq_va:0.21895 loss_pv_va:0.24340
INFO|2024-09-25 22:30:02: Epoch[035/100], iter[118/392], loss_total:0.88714, loss_equ:2.22454 loss_pq_vm:0.01704 loss_pq_va:0.22833 loss_pv_va:0.26596
INFO|2024-09-25 22:31:20: Epoch[035/100], iter[157/392], loss_total:0.84538, loss_equ:2.24139 loss_pq_vm:0.01547 loss_pq_va:0.21398 loss_pv_va:0.25258
INFO|2024-09-25 22:32:39: Epoch[035/100], iter[196/392], loss_total:0.81105, loss_equ:2.33392 loss_pq_vm:0.01524 loss_pq_va:0.19500 loss_pv_va:0.23028
INFO|2024-09-25 22:33:57: Epoch[035/100], iter[235/392], loss_total:0.83369, loss_equ:2.35100 loss_pq_vm:0.01425 loss_pq_va:0.21228 loss_pv_va:0.24378
INFO|2024-09-25 22:35:15: Epoch[035/100], iter[274/392], loss_total:1.15111, loss_equ:2.72939 loss_pq_vm:0.02784 loss_pq_va:0.28357 loss_pv_va:0.31623
INFO|2024-09-25 22:36:32: Epoch[035/100], iter[313/392], loss_total:0.96004, loss_equ:2.82402 loss_pq_vm:0.01925 loss_pq_va:0.22310 loss_pv_va:0.26200
INFO|2024-09-25 22:37:49: Epoch[035/100], iter[352/392], loss_total:0.90194, loss_equ:2.62043 loss_pq_vm:0.01992 loss_pq_va:0.20204 loss_pv_va:0.23869
INFO|2024-09-25 22:39:08: Epoch[035/100], iter[392/392], loss_total:0.77744, loss_equ:2.10342 loss_pq_vm:0.01366 loss_pq_va:0.19916 loss_pv_va:0.23133
INFO|2024-09-25 22:41:38: Epoch 34/100, lr:  0.00072973, eta: 16.86h, train_loss:  0.85514, valid_loss:  0.98489
INFO|2024-09-25 22:41:38: 	Train: PQ_Vm_rmse: 0.00080621  PQ_Va_rmse: 0.00832888  PV_Va_rmse: 0.00932018  delta_p: 0.03803291  delta_q: 0.00924507  
INFO|2024-09-25 22:41:38: 	ZTest: PQ_Vm_rmse: 0.00129862  PQ_Va_rmse: 0.01245083  PV_Va_rmse: 0.01363622  delta_p: 0.04275406  delta_q: 0.01179127  
INFO|2024-09-25 22:41:38: 	ZTest-ema: PQ_Vm_rmse: 0.001215  PQ_Va_rmse: 0.012868  PV_Va_rmse: 0.013951  delta_p: 0.038078  delta_q: 0.009010  
INFO|2024-09-25 22:41:38: 	           ValOfEMA:0.013951/0.013560,  Epoch:35/34
INFO|2024-09-25 22:41:40: 	Time(ep):934s,  Val(curr/best):0.013636/0.013636,  Epoch(curr/best):35/35
INFO|2024-09-25 22:41:40: -------------------- Epoch: 36 --------------------
INFO|2024-09-25 22:43:00: Epoch[036/100], iter[040/392], loss_total:0.70812, loss_equ:1.93792 loss_pq_vm:0.01325 loss_pq_va:0.17771 loss_pv_va:0.20412
INFO|2024-09-25 22:44:17: Epoch[036/100], iter[079/392], loss_total:0.72724, loss_equ:1.97475 loss_pq_vm:0.01413 loss_pq_va:0.18128 loss_pv_va:0.20721
INFO|2024-09-25 22:45:35: Epoch[036/100], iter[118/392], loss_total:0.76013, loss_equ:1.99607 loss_pq_vm:0.01619 loss_pq_va:0.18556 loss_pv_va:0.21301
INFO|2024-09-25 22:46:53: Epoch[036/100], iter[157/392], loss_total:0.79221, loss_equ:2.10123 loss_pq_vm:0.01569 loss_pq_va:0.19769 loss_pv_va:0.22753
INFO|2024-09-25 22:48:10: Epoch[036/100], iter[196/392], loss_total:0.73546, loss_equ:1.91546 loss_pq_vm:0.01314 loss_pq_va:0.19199 loss_pv_va:0.22049
INFO|2024-09-25 22:49:28: Epoch[036/100], iter[235/392], loss_total:1.26606, loss_equ:2.98572 loss_pq_vm:0.01982 loss_pq_va:0.37546 loss_pv_va:0.39378
INFO|2024-09-25 22:50:47: Epoch[036/100], iter[274/392], loss_total:0.73834, loss_equ:2.05558 loss_pq_vm:0.01381 loss_pq_va:0.18213 loss_pv_va:0.21259
INFO|2024-09-25 22:52:06: Epoch[036/100], iter[313/392], loss_total:0.92384, loss_equ:2.65250 loss_pq_vm:0.01626 loss_pq_va:0.23898 loss_pv_va:0.25706
INFO|2024-09-25 22:53:25: Epoch[036/100], iter[352/392], loss_total:0.83143, loss_equ:2.32767 loss_pq_vm:0.01653 loss_pq_va:0.20144 loss_pv_va:0.23189
INFO|2024-09-25 22:54:45: Epoch[036/100], iter[392/392], loss_total:0.79683, loss_equ:2.15776 loss_pq_vm:0.01389 loss_pq_va:0.20059 loss_pv_va:0.24153
INFO|2024-09-25 22:57:16: Epoch 35/100, lr:  0.00071576, eta: 16.64h, train_loss:  0.81264, valid_loss:  1.00786
INFO|2024-09-25 22:57:16: 	Train: PQ_Vm_rmse: 0.00079829  PQ_Va_rmse: 0.00778921  PV_Va_rmse: 0.00870894  delta_p: 0.03588879  delta_q: 0.00834024  
INFO|2024-09-25 22:57:16: 	ZTest: PQ_Vm_rmse: 0.00131439  PQ_Va_rmse: 0.01402310  PV_Va_rmse: 0.01577152  delta_p: 0.06376238  delta_q: 0.01093134  
INFO|2024-09-25 22:57:16: 	ZTest-ema: PQ_Vm_rmse: 0.001206  PQ_Va_rmse: 0.012473  PV_Va_rmse: 0.013646  delta_p: 0.038681  delta_q: 0.008563  
INFO|2024-09-25 22:57:16: 	           ValOfEMA:0.013646/0.013560,  Epoch:36/34
INFO|2024-09-25 22:57:17: 	Time(ep):936s,  Val(curr/best):0.015772/0.013636,  Epoch(curr/best):36/35
INFO|2024-09-25 22:57:17: -------------------- Epoch: 37 --------------------
INFO|2024-09-25 22:58:38: Epoch[037/100], iter[040/392], loss_total:0.73358, loss_equ:2.06378 loss_pq_vm:0.01326 loss_pq_va:0.18349 loss_pv_va:0.21106
INFO|2024-09-25 22:59:57: Epoch[037/100], iter[079/392], loss_total:1.00616, loss_equ:2.38312 loss_pq_vm:0.02046 loss_pq_va:0.26524 loss_pv_va:0.29796
INFO|2024-09-25 23:01:15: Epoch[037/100], iter[118/392], loss_total:0.82949, loss_equ:2.28098 loss_pq_vm:0.01835 loss_pq_va:0.19048 loss_pv_va:0.22745
INFO|2024-09-25 23:02:33: Epoch[037/100], iter[157/392], loss_total:0.84204, loss_equ:2.54007 loss_pq_vm:0.01618 loss_pq_va:0.20090 loss_pv_va:0.22537
INFO|2024-09-25 23:03:51: Epoch[037/100], iter[196/392], loss_total:0.83749, loss_equ:2.39396 loss_pq_vm:0.01742 loss_pq_va:0.19559 loss_pv_va:0.22831
INFO|2024-09-25 23:05:09: Epoch[037/100], iter[235/392], loss_total:0.80361, loss_equ:2.37953 loss_pq_vm:0.01379 loss_pq_va:0.20013 loss_pv_va:0.22767
INFO|2024-09-25 23:06:27: Epoch[037/100], iter[274/392], loss_total:0.75185, loss_equ:2.21997 loss_pq_vm:0.01423 loss_pq_va:0.17862 loss_pv_va:0.20896
INFO|2024-09-25 23:07:44: Epoch[037/100], iter[313/392], loss_total:0.96648, loss_equ:2.68036 loss_pq_vm:0.02138 loss_pq_va:0.22733 loss_pv_va:0.25731
INFO|2024-09-25 23:09:02: Epoch[037/100], iter[352/392], loss_total:0.72765, loss_equ:2.05919 loss_pq_vm:0.01351 loss_pq_va:0.17942 loss_pv_va:0.20721
INFO|2024-09-25 23:10:20: Epoch[037/100], iter[392/392], loss_total:0.78010, loss_equ:2.11855 loss_pq_vm:0.01376 loss_pq_va:0.20364 loss_pv_va:0.22698
INFO|2024-09-25 23:12:52: Epoch 36/100, lr:  0.00070159, eta: 16.37h, train_loss:  0.84508, valid_loss:  0.99674
INFO|2024-09-25 23:12:52: 	Train: PQ_Vm_rmse: 0.00077494  PQ_Va_rmse: 0.00807633  PV_Va_rmse: 0.00911456  delta_p: 0.04178532  delta_q: 0.00899364  
INFO|2024-09-25 23:12:52: 	ZTest: PQ_Vm_rmse: 0.00118410  PQ_Va_rmse: 0.01420632  PV_Va_rmse: 0.01564657  delta_p: 0.04043182  delta_q: 0.01019347  
INFO|2024-09-25 23:12:52: 	ZTest-ema: PQ_Vm_rmse: 0.001173  PQ_Va_rmse: 0.012724  PV_Va_rmse: 0.013925  delta_p: 0.037189  delta_q: 0.008581  
INFO|2024-09-25 23:12:52: 	           ValOfEMA:0.013925/0.013560,  Epoch:37/34
INFO|2024-09-25 23:12:53: 	Time(ep):935s,  Val(curr/best):0.015647/0.013636,  Epoch(curr/best):37/35
INFO|2024-09-25 23:12:53: -------------------- Epoch: 38 --------------------
INFO|2024-09-25 23:14:15: Epoch[038/100], iter[040/392], loss_total:0.83948, loss_equ:2.20898 loss_pq_vm:0.01568 loss_pq_va:0.21424 loss_pv_va:0.24758
INFO|2024-09-25 23:15:34: Epoch[038/100], iter[079/392], loss_total:0.73014, loss_equ:2.08874 loss_pq_vm:0.01318 loss_pq_va:0.18026 loss_pv_va:0.20917
INFO|2024-09-25 23:16:52: Epoch[038/100], iter[118/392], loss_total:0.81013, loss_equ:2.22363 loss_pq_vm:0.01521 loss_pq_va:0.20248 loss_pv_va:0.23321
INFO|2024-09-25 23:18:10: Epoch[038/100], iter[157/392], loss_total:0.70742, loss_equ:2.01169 loss_pq_vm:0.01210 loss_pq_va:0.17695 loss_pv_va:0.20833
INFO|2024-09-25 23:19:29: Epoch[038/100], iter[196/392], loss_total:0.71492, loss_equ:1.94051 loss_pq_vm:0.01314 loss_pq_va:0.18034 loss_pv_va:0.20911
INFO|2024-09-25 23:20:48: Epoch[038/100], iter[235/392], loss_total:0.78123, loss_equ:2.09252 loss_pq_vm:0.01405 loss_pq_va:0.19859 loss_pv_va:0.23290
INFO|2024-09-25 23:22:06: Epoch[038/100], iter[274/392], loss_total:0.89402, loss_equ:2.29223 loss_pq_vm:0.01562 loss_pq_va:0.23513 loss_pv_va:0.27350
INFO|2024-09-25 23:23:23: Epoch[038/100], iter[313/392], loss_total:0.81171, loss_equ:2.38820 loss_pq_vm:0.01421 loss_pq_va:0.20305 loss_pv_va:0.22773
INFO|2024-09-25 23:24:40: Epoch[038/100], iter[352/392], loss_total:0.82699, loss_equ:2.01392 loss_pq_vm:0.01308 loss_pq_va:0.22782 loss_pv_va:0.26699
INFO|2024-09-25 23:26:00: Epoch[038/100], iter[392/392], loss_total:0.73728, loss_equ:2.07069 loss_pq_vm:0.01304 loss_pq_va:0.18602 loss_pv_va:0.21379
INFO|2024-09-25 23:28:31: Epoch 37/100, lr:  0.00068722, eta: 16.15h, train_loss:  0.78842, valid_loss:  0.97637
INFO|2024-09-25 23:28:31: 	Train: PQ_Vm_rmse: 0.00065730  PQ_Va_rmse: 0.00761581  PV_Va_rmse: 0.00862136  delta_p: 0.03172932  delta_q: 0.00728363  
INFO|2024-09-25 23:28:31: 	ZTest: PQ_Vm_rmse: 0.00128855  PQ_Va_rmse: 0.01502451  PV_Va_rmse: 0.01658808  delta_p: 0.04015109  delta_q: 0.00929360  
INFO|2024-09-25 23:28:31: 	ZTest-ema: PQ_Vm_rmse: 0.001177  PQ_Va_rmse: 0.012375  PV_Va_rmse: 0.013622  delta_p: 0.038691  delta_q: 0.009128  
INFO|2024-09-25 23:28:31: 	           ValOfEMA:0.013622/0.013560,  Epoch:38/34
INFO|2024-09-25 23:28:32: 	Time(ep):937s,  Val(curr/best):0.016588/0.013636,  Epoch(curr/best):38/35
INFO|2024-09-25 23:28:32: -------------------- Epoch: 39 --------------------
INFO|2024-09-25 23:29:53: Epoch[039/100], iter[040/392], loss_total:0.85824, loss_equ:2.06874 loss_pq_vm:0.01539 loss_pq_va:0.23332 loss_pv_va:0.26414
INFO|2024-09-25 23:31:11: Epoch[039/100], iter[079/392], loss_total:0.77381, loss_equ:2.23403 loss_pq_vm:0.01383 loss_pq_va:0.19121 loss_pv_va:0.22085
INFO|2024-09-25 23:32:29: Epoch[039/100], iter[118/392], loss_total:0.73758, loss_equ:2.04982 loss_pq_vm:0.01363 loss_pq_va:0.18525 loss_pv_va:0.21104
INFO|2024-09-25 23:33:47: Epoch[039/100], iter[157/392], loss_total:0.95368, loss_equ:2.49329 loss_pq_vm:0.01793 loss_pq_va:0.24892 loss_pv_va:0.27615
INFO|2024-09-25 23:35:04: Epoch[039/100], iter[196/392], loss_total:0.85246, loss_equ:2.24893 loss_pq_vm:0.01657 loss_pq_va:0.21631 loss_pv_va:0.24552
INFO|2024-09-25 23:36:21: Epoch[039/100], iter[235/392], loss_total:0.80062, loss_equ:2.01576 loss_pq_vm:0.01692 loss_pq_va:0.20078 loss_pv_va:0.22903
INFO|2024-09-25 23:37:39: Epoch[039/100], iter[274/392], loss_total:0.79474, loss_equ:2.01885 loss_pq_vm:0.01775 loss_pq_va:0.19352 loss_pv_va:0.22183
INFO|2024-09-25 23:38:56: Epoch[039/100], iter[313/392], loss_total:0.72423, loss_equ:1.94574 loss_pq_vm:0.01406 loss_pq_va:0.18127 loss_pv_va:0.20776
INFO|2024-09-25 23:40:14: Epoch[039/100], iter[352/392], loss_total:0.77395, loss_equ:2.06543 loss_pq_vm:0.01555 loss_pq_va:0.19086 loss_pv_va:0.22100
INFO|2024-09-25 23:41:35: Epoch[039/100], iter[392/392], loss_total:0.78430, loss_equ:2.19427 loss_pq_vm:0.01480 loss_pq_va:0.19294 loss_pv_va:0.22397
INFO|2024-09-25 23:44:05: Epoch 38/100, lr:  0.00067268, eta: 15.81h, train_loss:  0.77973, valid_loss:  1.13462
INFO|2024-09-25 23:44:05: 	Train: PQ_Vm_rmse: 0.00072192  PQ_Va_rmse: 0.00701563  PV_Va_rmse: 0.00788532  delta_p: 0.03134888  delta_q: 0.00760493  
INFO|2024-09-25 23:44:05: 	ZTest: PQ_Vm_rmse: 0.00194719  PQ_Va_rmse: 0.01789239  PV_Va_rmse: 0.01983127  delta_p: 0.05475400  delta_q: 0.01609069  
INFO|2024-09-25 23:44:05: 	ZTest-ema: PQ_Vm_rmse: 0.001126  PQ_Va_rmse: 0.011652  PV_Va_rmse: 0.012762  delta_p: 0.033484  delta_q: 0.008423  
INFO|2024-09-25 23:44:05: 	           ValOfEMA:0.012762/0.012762,  Epoch:39/39
INFO|2024-09-25 23:44:06: 	Time(ep):933s,  Val(curr/best):0.019831/0.013636,  Epoch(curr/best):39/35
INFO|2024-09-25 23:44:06: -------------------- Epoch: 40 --------------------
INFO|2024-09-25 23:45:26: Epoch[040/100], iter[040/392], loss_total:0.79399, loss_equ:2.26790 loss_pq_vm:0.01532 loss_pq_va:0.19243 loss_pv_va:0.22160
INFO|2024-09-25 23:46:44: Epoch[040/100], iter[079/392], loss_total:0.91305, loss_equ:2.77334 loss_pq_vm:0.01782 loss_pq_va:0.21352 loss_pv_va:0.24398
INFO|2024-09-25 23:48:03: Epoch[040/100], iter[118/392], loss_total:0.94611, loss_equ:2.85700 loss_pq_vm:0.02054 loss_pq_va:0.21679 loss_pv_va:0.23826
INFO|2024-09-25 23:49:21: Epoch[040/100], iter[157/392], loss_total:0.99060, loss_equ:2.50235 loss_pq_vm:0.02254 loss_pq_va:0.24089 loss_pv_va:0.27404
INFO|2024-09-25 23:50:39: Epoch[040/100], iter[196/392], loss_total:0.80513, loss_equ:2.11572 loss_pq_vm:0.01407 loss_pq_va:0.21222 loss_pv_va:0.24066
INFO|2024-09-25 23:51:58: Epoch[040/100], iter[235/392], loss_total:0.69197, loss_equ:1.87374 loss_pq_vm:0.01299 loss_pq_va:0.17316 loss_pv_va:0.20152
INFO|2024-09-25 23:53:16: Epoch[040/100], iter[274/392], loss_total:0.70233, loss_equ:1.90266 loss_pq_vm:0.01258 loss_pq_va:0.18067 loss_pv_va:0.20561
INFO|2024-09-25 23:54:35: Epoch[040/100], iter[313/392], loss_total:0.79392, loss_equ:2.10223 loss_pq_vm:0.01451 loss_pq_va:0.20373 loss_pv_va:0.23487
INFO|2024-09-25 23:55:54: Epoch[040/100], iter[352/392], loss_total:0.74061, loss_equ:1.97657 loss_pq_vm:0.01535 loss_pq_va:0.18221 loss_pv_va:0.20720
INFO|2024-09-25 23:57:14: Epoch[040/100], iter[392/392], loss_total:0.88225, loss_equ:2.09200 loss_pq_vm:0.01410 loss_pq_va:0.24571 loss_pv_va:0.28634
INFO|2024-09-25 23:59:45: Epoch 39/100, lr:  0.00065796, eta: 15.66h, train_loss:  0.83844, valid_loss:  1.11370
INFO|2024-09-25 23:59:45: 	Train: PQ_Vm_rmse: 0.00081195  PQ_Va_rmse: 0.00798997  PV_Va_rmse: 0.00884563  delta_p: 0.03858827  delta_q: 0.00911446  
INFO|2024-09-25 23:59:45: 	ZTest: PQ_Vm_rmse: 0.00147128  PQ_Va_rmse: 0.01962905  PV_Va_rmse: 0.02191717  delta_p: 0.05304618  delta_q: 0.01197454  
INFO|2024-09-25 23:59:45: 	ZTest-ema: PQ_Vm_rmse: 0.001162  PQ_Va_rmse: 0.011883  PV_Va_rmse: 0.012905  delta_p: 0.034478  delta_q: 0.008098  
INFO|2024-09-25 23:59:45: 	           ValOfEMA:0.012905/0.012762,  Epoch:40/39
INFO|2024-09-25 23:59:46: 	Time(ep):939s,  Val(curr/best):0.021917/0.013636,  Epoch(curr/best):40/35
INFO|2024-09-25 23:59:46: -------------------- Epoch: 41 --------------------
INFO|2024-09-26 00:01:08: Epoch[041/100], iter[040/392], loss_total:0.81214, loss_equ:2.05826 loss_pq_vm:0.01615 loss_pq_va:0.20860 loss_pv_va:0.23625
INFO|2024-09-26 00:02:26: Epoch[041/100], iter[079/392], loss_total:0.70491, loss_equ:1.88685 loss_pq_vm:0.01260 loss_pq_va:0.18114 loss_pv_va:0.20904
INFO|2024-09-26 00:03:44: Epoch[041/100], iter[118/392], loss_total:0.71098, loss_equ:1.92651 loss_pq_vm:0.01273 loss_pq_va:0.18033 loss_pv_va:0.21066
INFO|2024-09-26 00:05:01: Epoch[041/100], iter[157/392], loss_total:0.70674, loss_equ:1.98892 loss_pq_vm:0.01316 loss_pq_va:0.17450 loss_pv_va:0.20177
INFO|2024-09-26 00:06:19: Epoch[041/100], iter[196/392], loss_total:0.93101, loss_equ:2.09591 loss_pq_vm:0.01963 loss_pq_va:0.25119 loss_pv_va:0.27397
INFO|2024-09-26 00:07:36: Epoch[041/100], iter[235/392], loss_total:0.73445, loss_equ:2.10685 loss_pq_vm:0.01377 loss_pq_va:0.17779 loss_pv_va:0.20830
INFO|2024-09-26 00:08:54: Epoch[041/100], iter[274/392], loss_total:0.73714, loss_equ:1.97613 loss_pq_vm:0.01395 loss_pq_va:0.18552 loss_pv_va:0.21448
INFO|2024-09-26 00:10:11: Epoch[041/100], iter[313/392], loss_total:0.74819, loss_equ:2.04182 loss_pq_vm:0.01383 loss_pq_va:0.18882 loss_pv_va:0.21685
INFO|2024-09-26 00:11:28: Epoch[041/100], iter[352/392], loss_total:0.74830, loss_equ:1.97710 loss_pq_vm:0.01425 loss_pq_va:0.19109 loss_pv_va:0.21698
INFO|2024-09-26 00:12:48: Epoch[041/100], iter[392/392], loss_total:0.73081, loss_equ:2.04212 loss_pq_vm:0.01382 loss_pq_va:0.17984 loss_pv_va:0.20859
INFO|2024-09-26 00:15:20: Epoch 40/100, lr:  0.00064310, eta: 15.3h, train_loss:  0.76217, valid_loss:  0.95784
INFO|2024-09-26 00:15:20: 	Train: PQ_Vm_rmse: 0.00061440  PQ_Va_rmse: 0.00657391  PV_Va_rmse: 0.00729035  delta_p: 0.02851534  delta_q: 0.00653481  
INFO|2024-09-26 00:15:20: 	ZTest: PQ_Vm_rmse: 0.00128846  PQ_Va_rmse: 0.01346216  PV_Va_rmse: 0.01472871  delta_p: 0.04676826  delta_q: 0.01098828  
INFO|2024-09-26 00:15:20: 	ZTest-ema: PQ_Vm_rmse: 0.001138  PQ_Va_rmse: 0.011916  PV_Va_rmse: 0.012933  delta_p: 0.037833  delta_q: 0.008344  
INFO|2024-09-26 00:15:20: 	           ValOfEMA:0.012933/0.012762,  Epoch:41/39
INFO|2024-09-26 00:15:20: 	Time(ep):933s,  Val(curr/best):0.014729/0.013636,  Epoch(curr/best):41/35
INFO|2024-09-26 00:15:20: -------------------- Epoch: 42 --------------------
INFO|2024-09-26 00:16:43: Epoch[042/100], iter[040/392], loss_total:0.75755, loss_equ:2.01954 loss_pq_vm:0.01377 loss_pq_va:0.19356 loss_pv_va:0.22430
INFO|2024-09-26 00:18:01: Epoch[042/100], iter[079/392], loss_total:0.86279, loss_equ:2.12662 loss_pq_vm:0.01756 loss_pq_va:0.21908 loss_pv_va:0.25546
INFO|2024-09-26 00:19:18: Epoch[042/100], iter[118/392], loss_total:0.72454, loss_equ:1.97415 loss_pq_vm:0.01479 loss_pq_va:0.17507 loss_pv_va:0.20413
INFO|2024-09-26 00:20:34: Epoch[042/100], iter[157/392], loss_total:0.71513, loss_equ:2.07687 loss_pq_vm:0.01274 loss_pq_va:0.17469 loss_pv_va:0.20539
INFO|2024-09-26 00:21:52: Epoch[042/100], iter[196/392], loss_total:0.75594, loss_equ:2.09972 loss_pq_vm:0.01537 loss_pq_va:0.18199 loss_pv_va:0.21029
INFO|2024-09-26 00:23:10: Epoch[042/100], iter[235/392], loss_total:0.79030, loss_equ:2.30740 loss_pq_vm:0.01525 loss_pq_va:0.18810 loss_pv_va:0.21895
INFO|2024-09-26 00:24:28: Epoch[042/100], iter[274/392], loss_total:0.69245, loss_equ:2.03211 loss_pq_vm:0.01277 loss_pq_va:0.16577 loss_pv_va:0.19581
INFO|2024-09-26 00:25:46: Epoch[042/100], iter[313/392], loss_total:0.84100, loss_equ:2.18906 loss_pq_vm:0.01398 loss_pq_va:0.22042 loss_pv_va:0.26183
INFO|2024-09-26 00:27:05: Epoch[042/100], iter[352/392], loss_total:0.97292, loss_equ:2.35361 loss_pq_vm:0.01766 loss_pq_va:0.26476 loss_pv_va:0.29615
INFO|2024-09-26 00:28:24: Epoch[042/100], iter[392/392], loss_total:0.78971, loss_equ:2.07733 loss_pq_vm:0.01784 loss_pq_va:0.18630 loss_pv_va:0.21728
INFO|2024-09-26 00:30:55: Epoch 41/100, lr:  0.00062810, eta: 15.05h, train_loss:  0.77523, valid_loss:  1.00588
INFO|2024-09-26 00:30:55: 	Train: PQ_Vm_rmse: 0.00073059  PQ_Va_rmse: 0.00668076  PV_Va_rmse: 0.00752917  delta_p: 0.03310547  delta_q: 0.00768164  
INFO|2024-09-26 00:30:55: 	ZTest: PQ_Vm_rmse: 0.00138299  PQ_Va_rmse: 0.01226060  PV_Va_rmse: 0.01357675  delta_p: 0.04981426  delta_q: 0.01218673  
INFO|2024-09-26 00:30:55: 	ZTest-ema: PQ_Vm_rmse: 0.001128  PQ_Va_rmse: 0.011814  PV_Va_rmse: 0.012931  delta_p: 0.039881  delta_q: 0.008482  
INFO|2024-09-26 00:30:55: 	           ValOfEMA:0.012931/0.012762,  Epoch:42/39
INFO|2024-09-26 00:30:56: 	Time(ep):934s,  Val(curr/best):0.013577/0.013577,  Epoch(curr/best):42/42
INFO|2024-09-26 00:30:56: -------------------- Epoch: 43 --------------------
INFO|2024-09-26 00:32:18: Epoch[043/100], iter[040/392], loss_total:0.82366, loss_equ:2.33144 loss_pq_vm:0.01485 loss_pq_va:0.20221 loss_pv_va:0.23982
INFO|2024-09-26 00:33:36: Epoch[043/100], iter[079/392], loss_total:0.91850, loss_equ:2.04175 loss_pq_vm:0.01561 loss_pq_va:0.26202 loss_pv_va:0.29619
INFO|2024-09-26 00:34:54: Epoch[043/100], iter[118/392], loss_total:0.78684, loss_equ:1.99864 loss_pq_vm:0.01598 loss_pq_va:0.19760 loss_pv_va:0.22954
INFO|2024-09-26 00:36:12: Epoch[043/100], iter[157/392], loss_total:0.69741, loss_equ:1.96870 loss_pq_vm:0.01257 loss_pq_va:0.17274 loss_pv_va:0.20213
INFO|2024-09-26 00:37:30: Epoch[043/100], iter[196/392], loss_total:0.70742, loss_equ:2.05972 loss_pq_vm:0.01273 loss_pq_va:0.17269 loss_pv_va:0.20141
INFO|2024-09-26 00:38:48: Epoch[043/100], iter[235/392], loss_total:0.74287, loss_equ:1.97362 loss_pq_vm:0.01661 loss_pq_va:0.17386 loss_pv_va:0.20553
INFO|2024-09-26 00:40:06: Epoch[043/100], iter[274/392], loss_total:0.64193, loss_equ:1.82832 loss_pq_vm:0.01177 loss_pq_va:0.15730 loss_pv_va:0.18406
INFO|2024-09-26 00:41:25: Epoch[043/100], iter[313/392], loss_total:0.71820, loss_equ:1.89396 loss_pq_vm:0.01266 loss_pq_va:0.18571 loss_pv_va:0.21646
INFO|2024-09-26 00:42:43: Epoch[043/100], iter[352/392], loss_total:0.83766, loss_equ:2.15474 loss_pq_vm:0.01460 loss_pq_va:0.22205 loss_pv_va:0.25410
INFO|2024-09-26 00:44:03: Epoch[043/100], iter[392/392], loss_total:1.02520, loss_equ:2.61741 loss_pq_vm:0.03009 loss_pq_va:0.21699 loss_pv_va:0.24555
INFO|2024-09-26 00:46:34: Epoch 42/100, lr:  0.00061298, eta: 14.84h, train_loss:  0.78262, valid_loss:  1.18980
INFO|2024-09-26 00:46:34: 	Train: PQ_Vm_rmse: 0.00069440  PQ_Va_rmse: 0.00710070  PV_Va_rmse: 0.00795622  delta_p: 0.02983002  delta_q: 0.00734802  
INFO|2024-09-26 00:46:34: 	ZTest: PQ_Vm_rmse: 0.00208830  PQ_Va_rmse: 0.01547537  PV_Va_rmse: 0.01702021  delta_p: 0.07294211  delta_q: 0.02540882  
INFO|2024-09-26 00:46:34: 	ZTest-ema: PQ_Vm_rmse: 0.001142  PQ_Va_rmse: 0.011653  PV_Va_rmse: 0.012755  delta_p: 0.035364  delta_q: 0.008434  
INFO|2024-09-26 00:46:34: 	           ValOfEMA:0.012755/0.012755,  Epoch:43/43
INFO|2024-09-26 00:46:35: 	Time(ep):937s,  Val(curr/best):0.017020/0.013577,  Epoch(curr/best):43/42
INFO|2024-09-26 00:46:35: -------------------- Epoch: 44 --------------------
INFO|2024-09-26 00:47:57: Epoch[044/100], iter[040/392], loss_total:0.79391, loss_equ:2.22213 loss_pq_vm:0.01603 loss_pq_va:0.19033 loss_pv_va:0.22103
INFO|2024-09-26 00:49:16: Epoch[044/100], iter[079/392], loss_total:0.72177, loss_equ:2.03502 loss_pq_vm:0.01409 loss_pq_va:0.17429 loss_pv_va:0.20313
INFO|2024-09-26 00:50:34: Epoch[044/100], iter[118/392], loss_total:1.06635, loss_equ:2.28120 loss_pq_vm:0.02066 loss_pq_va:0.29922 loss_pv_va:0.33240
INFO|2024-09-26 00:51:53: Epoch[044/100], iter[157/392], loss_total:0.85434, loss_equ:2.07059 loss_pq_vm:0.01808 loss_pq_va:0.21924 loss_pv_va:0.24727
INFO|2024-09-26 00:53:11: Epoch[044/100], iter[196/392], loss_total:0.69422, loss_equ:1.88102 loss_pq_vm:0.01264 loss_pq_va:0.17580 loss_pv_va:0.20391
INFO|2024-09-26 00:54:30: Epoch[044/100], iter[235/392], loss_total:0.73779, loss_equ:1.97580 loss_pq_vm:0.01646 loss_pq_va:0.17443 loss_pv_va:0.20113
INFO|2024-09-26 00:55:49: Epoch[044/100], iter[274/392], loss_total:0.91421, loss_equ:2.37815 loss_pq_vm:0.02314 loss_pq_va:0.20580 loss_pv_va:0.23920
INFO|2024-09-26 00:57:07: Epoch[044/100], iter[313/392], loss_total:0.74072, loss_equ:2.08669 loss_pq_vm:0.01359 loss_pq_va:0.18426 loss_pv_va:0.21192
INFO|2024-09-26 00:58:24: Epoch[044/100], iter[352/392], loss_total:0.73481, loss_equ:1.98254 loss_pq_vm:0.01470 loss_pq_va:0.17994 loss_pv_va:0.20964
INFO|2024-09-26 00:59:45: Epoch[044/100], iter[392/392], loss_total:0.69261, loss_equ:1.87852 loss_pq_vm:0.01446 loss_pq_va:0.16552 loss_pv_va:0.19459
INFO|2024-09-26 01:02:16: Epoch 43/100, lr:  0.00059775, eta: 14.65h, train_loss:  0.79468, valid_loss:  0.91067
INFO|2024-09-26 01:02:16: 	Train: PQ_Vm_rmse: 0.00081796  PQ_Va_rmse: 0.00801033  PV_Va_rmse: 0.00884435  delta_p: 0.03127611  delta_q: 0.00834224  
INFO|2024-09-26 01:02:16: 	ZTest: PQ_Vm_rmse: 0.00117425  PQ_Va_rmse: 0.01152032  PV_Va_rmse: 0.01254250  delta_p: 0.03477267  delta_q: 0.00912554  
INFO|2024-09-26 01:02:16: 	ZTest-ema: PQ_Vm_rmse: 0.001126  PQ_Va_rmse: 0.011677  PV_Va_rmse: 0.012752  delta_p: 0.032509  delta_q: 0.007676  
INFO|2024-09-26 01:02:16: 	           ValOfEMA:0.012752/0.012752,  Epoch:44/44
INFO|2024-09-26 01:02:18: 	Time(ep):941s,  Val(curr/best):0.012543/0.012543,  Epoch(curr/best):44/44
INFO|2024-09-26 01:02:18: -------------------- Epoch: 45 --------------------
INFO|2024-09-26 01:03:39: Epoch[045/100], iter[040/392], loss_total:0.68389, loss_equ:1.88839 loss_pq_vm:0.01201 loss_pq_va:0.17330 loss_pv_va:0.20162
INFO|2024-09-26 01:04:58: Epoch[045/100], iter[079/392], loss_total:0.74113, loss_equ:1.98935 loss_pq_vm:0.01382 loss_pq_va:0.18757 loss_pv_va:0.21637
INFO|2024-09-26 01:06:16: Epoch[045/100], iter[118/392], loss_total:0.72057, loss_equ:1.95163 loss_pq_vm:0.01329 loss_pq_va:0.18204 loss_pv_va:0.21048
INFO|2024-09-26 01:07:34: Epoch[045/100], iter[157/392], loss_total:0.69290, loss_equ:1.94482 loss_pq_vm:0.01265 loss_pq_va:0.17109 loss_pv_va:0.20085
INFO|2024-09-26 01:08:53: Epoch[045/100], iter[196/392], loss_total:0.70326, loss_equ:2.02859 loss_pq_vm:0.01264 loss_pq_va:0.17399 loss_pv_va:0.20002
INFO|2024-09-26 01:10:10: Epoch[045/100], iter[235/392], loss_total:0.73297, loss_equ:1.95397 loss_pq_vm:0.01595 loss_pq_va:0.17530 loss_pv_va:0.20276
INFO|2024-09-26 01:11:28: Epoch[045/100], iter[274/392], loss_total:0.70815, loss_equ:1.89700 loss_pq_vm:0.01532 loss_pq_va:0.16938 loss_pv_va:0.19584
INFO|2024-09-26 01:12:47: Epoch[045/100], iter[313/392], loss_total:0.67481, loss_equ:1.84470 loss_pq_vm:0.01231 loss_pq_va:0.17003 loss_pv_va:0.19717
INFO|2024-09-26 01:14:05: Epoch[045/100], iter[352/392], loss_total:0.64896, loss_equ:1.84732 loss_pq_vm:0.01123 loss_pq_va:0.16061 loss_pv_va:0.19129
INFO|2024-09-26 01:15:25: Epoch[045/100], iter[392/392], loss_total:0.77082, loss_equ:2.10823 loss_pq_vm:0.01544 loss_pq_va:0.19031 loss_pv_va:0.21528
INFO|2024-09-26 01:17:57: Epoch 44/100, lr:  0.00058244, eta: 14.35h, train_loss:  0.71178, valid_loss:  0.97968
INFO|2024-09-26 01:17:57: 	Train: PQ_Vm_rmse: 0.00054908  PQ_Va_rmse: 0.00568422  PV_Va_rmse: 0.00641863  delta_p: 0.02433149  delta_q: 0.00573137  
INFO|2024-09-26 01:17:57: 	ZTest: PQ_Vm_rmse: 0.00128932  PQ_Va_rmse: 0.01148204  PV_Va_rmse: 0.01266564  delta_p: 0.03857232  delta_q: 0.01138362  
INFO|2024-09-26 01:17:57: 	ZTest-ema: PQ_Vm_rmse: 0.001106  PQ_Va_rmse: 0.011271  PV_Va_rmse: 0.012326  delta_p: 0.031903  delta_q: 0.007312  
INFO|2024-09-26 01:17:57: 	           ValOfEMA:0.012326/0.012326,  Epoch:45/45
INFO|2024-09-26 01:17:58: 	Time(ep):939s,  Val(curr/best):0.012666/0.012543,  Epoch(curr/best):45/44
INFO|2024-09-26 01:17:58: -------------------- Epoch: 46 --------------------
INFO|2024-09-26 01:19:20: Epoch[046/100], iter[040/392], loss_total:0.67653, loss_equ:1.96312 loss_pq_vm:0.01194 loss_pq_va:0.16531 loss_pv_va:0.19548
INFO|2024-09-26 01:20:38: Epoch[046/100], iter[079/392], loss_total:0.65175, loss_equ:1.91172 loss_pq_vm:0.01172 loss_pq_va:0.15759 loss_pv_va:0.18583
INFO|2024-09-26 01:21:56: Epoch[046/100], iter[118/392], loss_total:0.64681, loss_equ:1.78848 loss_pq_vm:0.01314 loss_pq_va:0.15486 loss_pv_va:0.18176
INFO|2024-09-26 01:23:15: Epoch[046/100], iter[157/392], loss_total:0.78412, loss_equ:2.01172 loss_pq_vm:0.01373 loss_pq_va:0.20640 loss_pv_va:0.23928
INFO|2024-09-26 01:24:33: Epoch[046/100], iter[196/392], loss_total:0.77417, loss_equ:1.96916 loss_pq_vm:0.01241 loss_pq_va:0.21119 loss_pv_va:0.24199
INFO|2024-09-26 01:25:51: Epoch[046/100], iter[235/392], loss_total:0.71263, loss_equ:1.96632 loss_pq_vm:0.01304 loss_pq_va:0.17868 loss_pv_va:0.20696
INFO|2024-09-26 01:27:09: Epoch[046/100], iter[274/392], loss_total:0.80379, loss_equ:2.06012 loss_pq_vm:0.01420 loss_pq_va:0.21580 loss_pv_va:0.23994
INFO|2024-09-26 01:28:27: Epoch[046/100], iter[313/392], loss_total:0.75515, loss_equ:2.09302 loss_pq_vm:0.01381 loss_pq_va:0.18731 loss_pv_va:0.22043
INFO|2024-09-26 01:29:46: Epoch[046/100], iter[352/392], loss_total:1.01559, loss_equ:3.16194 loss_pq_vm:0.01833 loss_pq_va:0.24666 loss_pv_va:0.26942
INFO|2024-09-26 01:31:05: Epoch[046/100], iter[392/392], loss_total:0.85330, loss_equ:2.46288 loss_pq_vm:0.01558 loss_pq_va:0.21329 loss_pv_va:0.23793
INFO|2024-09-26 01:33:37: Epoch 45/100, lr:  0.00056704, eta: 14.09h, train_loss:  0.76093, valid_loss:  1.03376
INFO|2024-09-26 01:33:37: 	Train: PQ_Vm_rmse: 0.00060339  PQ_Va_rmse: 0.00663108  PV_Va_rmse: 0.00747636  delta_p: 0.02705783  delta_q: 0.00654744  
INFO|2024-09-26 01:33:37: 	ZTest: PQ_Vm_rmse: 0.00125819  PQ_Va_rmse: 0.01173315  PV_Va_rmse: 0.01286298  delta_p: 0.03996246  delta_q: 0.01104298  
INFO|2024-09-26 01:33:37: 	ZTest-ema: PQ_Vm_rmse: 0.001107  PQ_Va_rmse: 0.011758  PV_Va_rmse: 0.012813  delta_p: 0.030946  delta_q: 0.006981  
INFO|2024-09-26 01:33:37: 	           ValOfEMA:0.012813/0.012326,  Epoch:46/45
INFO|2024-09-26 01:33:38: 	Time(ep):939s,  Val(curr/best):0.012863/0.012543,  Epoch(curr/best):46/44
INFO|2024-09-26 01:33:38: -------------------- Epoch: 47 --------------------
INFO|2024-09-26 01:34:59: Epoch[047/100], iter[040/392], loss_total:0.75162, loss_equ:1.99523 loss_pq_vm:0.01466 loss_pq_va:0.19010 loss_pv_va:0.21537
INFO|2024-09-26 01:36:15: Epoch[047/100], iter[079/392], loss_total:0.72072, loss_equ:2.12869 loss_pq_vm:0.01310 loss_pq_va:0.17314 loss_pv_va:0.20373
INFO|2024-09-26 01:37:33: Epoch[047/100], iter[118/392], loss_total:0.67054, loss_equ:1.91779 loss_pq_vm:0.01229 loss_pq_va:0.16338 loss_pv_va:0.19245
INFO|2024-09-26 01:38:51: Epoch[047/100], iter[157/392], loss_total:0.78456, loss_equ:1.92165 loss_pq_vm:0.01596 loss_pq_va:0.20192 loss_pv_va:0.23085
INFO|2024-09-26 01:40:09: Epoch[047/100], iter[196/392], loss_total:0.75948, loss_equ:2.07360 loss_pq_vm:0.01626 loss_pq_va:0.17930 loss_pv_va:0.21017
INFO|2024-09-26 01:41:27: Epoch[047/100], iter[235/392], loss_total:0.73097, loss_equ:2.11604 loss_pq_vm:0.01256 loss_pq_va:0.18352 loss_pv_va:0.21023
INFO|2024-09-26 01:42:45: Epoch[047/100], iter[274/392], loss_total:0.84909, loss_equ:2.26303 loss_pq_vm:0.01901 loss_pq_va:0.19785 loss_pv_va:0.23484
INFO|2024-09-26 01:44:03: Epoch[047/100], iter[313/392], loss_total:0.70666, loss_equ:1.94412 loss_pq_vm:0.01247 loss_pq_va:0.18028 loss_pv_va:0.20725
INFO|2024-09-26 01:45:21: Epoch[047/100], iter[352/392], loss_total:0.80760, loss_equ:2.26675 loss_pq_vm:0.01815 loss_pq_va:0.18827 loss_pv_va:0.21117
INFO|2024-09-26 01:46:41: Epoch[047/100], iter[392/392], loss_total:0.70234, loss_equ:1.93431 loss_pq_vm:0.01309 loss_pq_va:0.17525 loss_pv_va:0.20272
INFO|2024-09-26 01:49:12: Epoch 46/100, lr:  0.00055158, eta: 13.75h, train_loss:  0.73565, valid_loss:  0.92302
INFO|2024-09-26 01:49:12: 	Train: PQ_Vm_rmse: 0.00056854  PQ_Va_rmse: 0.00599978  PV_Va_rmse: 0.00670427  delta_p: 0.02911612  delta_q: 0.00636339  
INFO|2024-09-26 01:49:12: 	ZTest: PQ_Vm_rmse: 0.00116330  PQ_Va_rmse: 0.01220733  PV_Va_rmse: 0.01328577  delta_p: 0.04613072  delta_q: 0.00971765  
INFO|2024-09-26 01:49:12: 	ZTest-ema: PQ_Vm_rmse: 0.001080  PQ_Va_rmse: 0.011573  PV_Va_rmse: 0.012670  delta_p: 0.034159  delta_q: 0.007770  
INFO|2024-09-26 01:49:12: 	           ValOfEMA:0.012670/0.012326,  Epoch:47/45
INFO|2024-09-26 01:49:13: 	Time(ep):934s,  Val(curr/best):0.013286/0.012543,  Epoch(curr/best):47/44
INFO|2024-09-26 01:49:13: -------------------- Epoch: 48 --------------------
INFO|2024-09-26 01:50:34: Epoch[048/100], iter[040/392], loss_total:0.69516, loss_equ:1.88126 loss_pq_vm:0.01267 loss_pq_va:0.17518 loss_pv_va:0.20518
INFO|2024-09-26 01:51:53: Epoch[048/100], iter[079/392], loss_total:0.72223, loss_equ:1.89979 loss_pq_vm:0.01272 loss_pq_va:0.18609 loss_pv_va:0.21893
INFO|2024-09-26 01:53:12: Epoch[048/100], iter[118/392], loss_total:0.67919, loss_equ:1.89797 loss_pq_vm:0.01206 loss_pq_va:0.17018 loss_pv_va:0.19862
INFO|2024-09-26 01:54:30: Epoch[048/100], iter[157/392], loss_total:0.66642, loss_equ:1.83742 loss_pq_vm:0.01210 loss_pq_va:0.16651 loss_pv_va:0.19512
INFO|2024-09-26 01:55:49: Epoch[048/100], iter[196/392], loss_total:0.74860, loss_equ:1.92956 loss_pq_vm:0.01194 loss_pq_va:0.20291 loss_pv_va:0.23333
INFO|2024-09-26 01:57:07: Epoch[048/100], iter[235/392], loss_total:1.02520, loss_equ:2.58094 loss_pq_vm:0.02712 loss_pq_va:0.22746 loss_pv_va:0.26849
INFO|2024-09-26 01:58:26: Epoch[048/100], iter[274/392], loss_total:0.97309, loss_equ:2.48661 loss_pq_vm:0.01452 loss_pq_va:0.27069 loss_pv_va:0.30857
INFO|2024-09-26 01:59:44: Epoch[048/100], iter[313/392], loss_total:0.78822, loss_equ:2.08187 loss_pq_vm:0.01464 loss_pq_va:0.20140 loss_pv_va:0.23220
INFO|2024-09-26 02:01:03: Epoch[048/100], iter[352/392], loss_total:0.69657, loss_equ:1.89487 loss_pq_vm:0.01392 loss_pq_va:0.16945 loss_pv_va:0.19846
INFO|2024-09-26 02:02:23: Epoch[048/100], iter[392/392], loss_total:0.71000, loss_equ:2.06193 loss_pq_vm:0.01253 loss_pq_va:0.17193 loss_pv_va:0.20659
INFO|2024-09-26 02:04:54: Epoch 47/100, lr:  0.00053608, eta: 13.59h, train_loss:  0.74752, valid_loss:  0.95176
INFO|2024-09-26 02:04:54: 	Train: PQ_Vm_rmse: 0.00067226  PQ_Va_rmse: 0.00632999  PV_Va_rmse: 0.00717117  delta_p: 0.02650539  delta_q: 0.00739568  
INFO|2024-09-26 02:04:54: 	ZTest: PQ_Vm_rmse: 0.00124890  PQ_Va_rmse: 0.01370298  PV_Va_rmse: 0.01528499  delta_p: 0.04927505  delta_q: 0.01298255  
INFO|2024-09-26 02:04:54: 	ZTest-ema: PQ_Vm_rmse: 0.001079  PQ_Va_rmse: 0.011667  PV_Va_rmse: 0.012843  delta_p: 0.031591  delta_q: 0.007902  
INFO|2024-09-26 02:04:54: 	           ValOfEMA:0.012843/0.012326,  Epoch:48/45
INFO|2024-09-26 02:04:55: 	Time(ep):940s,  Val(curr/best):0.015285/0.012543,  Epoch(curr/best):48/44
INFO|2024-09-26 02:04:55: -------------------- Epoch: 49 --------------------
INFO|2024-09-26 02:06:17: Epoch[049/100], iter[040/392], loss_total:0.65670, loss_equ:1.88441 loss_pq_vm:0.01156 loss_pq_va:0.16129 loss_pv_va:0.19134
INFO|2024-09-26 02:07:36: Epoch[049/100], iter[079/392], loss_total:0.78145, loss_equ:1.95556 loss_pq_vm:0.01271 loss_pq_va:0.21023 loss_pv_va:0.24858
INFO|2024-09-26 02:08:54: Epoch[049/100], iter[118/392], loss_total:0.67927, loss_equ:1.85770 loss_pq_vm:0.01226 loss_pq_va:0.16956 loss_pv_va:0.20137
INFO|2024-09-26 02:10:13: Epoch[049/100], iter[157/392], loss_total:0.65063, loss_equ:1.84579 loss_pq_vm:0.01178 loss_pq_va:0.15967 loss_pv_va:0.18859
INFO|2024-09-26 02:11:31: Epoch[049/100], iter[196/392], loss_total:0.62469, loss_equ:1.82826 loss_pq_vm:0.01075 loss_pq_va:0.15212 loss_pv_va:0.18224
INFO|2024-09-26 02:12:49: Epoch[049/100], iter[235/392], loss_total:0.67676, loss_equ:1.91928 loss_pq_vm:0.01273 loss_pq_va:0.16428 loss_pv_va:0.19320
INFO|2024-09-26 02:14:07: Epoch[049/100], iter[274/392], loss_total:0.74729, loss_equ:2.08501 loss_pq_vm:0.01398 loss_pq_va:0.18497 loss_pv_va:0.21400
INFO|2024-09-26 02:15:25: Epoch[049/100], iter[313/392], loss_total:0.62739, loss_equ:1.85860 loss_pq_vm:0.01121 loss_pq_va:0.15034 loss_pv_va:0.17908
INFO|2024-09-26 02:16:44: Epoch[049/100], iter[352/392], loss_total:0.70410, loss_equ:2.01611 loss_pq_vm:0.01408 loss_pq_va:0.16777 loss_pv_va:0.19395
INFO|2024-09-26 02:18:04: Epoch[049/100], iter[392/392], loss_total:0.65411, loss_equ:1.83095 loss_pq_vm:0.01186 loss_pq_va:0.16118 loss_pv_va:0.19123
INFO|2024-09-26 02:20:34: Epoch 48/100, lr:  0.00052055, eta: 13.3h, train_loss:  0.70227, valid_loss:  0.93764
INFO|2024-09-26 02:20:34: 	Train: PQ_Vm_rmse: 0.00055381  PQ_Va_rmse: 0.00541328  PV_Va_rmse: 0.00617458  delta_p: 0.02523538  delta_q: 0.00568752  
INFO|2024-09-26 02:20:34: 	ZTest: PQ_Vm_rmse: 0.00119525  PQ_Va_rmse: 0.01224687  PV_Va_rmse: 0.01359565  delta_p: 0.03076044  delta_q: 0.00843669  
INFO|2024-09-26 02:20:34: 	ZTest-ema: PQ_Vm_rmse: 0.001072  PQ_Va_rmse: 0.011510  PV_Va_rmse: 0.012645  delta_p: 0.029237  delta_q: 0.006850  
INFO|2024-09-26 02:20:34: 	           ValOfEMA:0.012645/0.012326,  Epoch:49/45
INFO|2024-09-26 02:20:35: 	Time(ep):938s,  Val(curr/best):0.013596/0.012543,  Epoch(curr/best):49/44
INFO|2024-09-26 02:20:35: -------------------- Epoch: 50 --------------------
INFO|2024-09-26 02:21:55: Epoch[050/100], iter[040/392], loss_total:0.83126, loss_equ:2.06876 loss_pq_vm:0.01718 loss_pq_va:0.20847 loss_pv_va:0.24413
INFO|2024-09-26 02:23:13: Epoch[050/100], iter[079/392], loss_total:0.63786, loss_equ:1.77256 loss_pq_vm:0.01224 loss_pq_va:0.15585 loss_pv_va:0.18238
INFO|2024-09-26 02:24:30: Epoch[050/100], iter[118/392], loss_total:0.69037, loss_equ:1.87654 loss_pq_vm:0.01277 loss_pq_va:0.17215 loss_pv_va:0.20285
INFO|2024-09-26 02:25:47: Epoch[050/100], iter[157/392], loss_total:0.62613, loss_equ:1.85234 loss_pq_vm:0.01093 loss_pq_va:0.15240 loss_pv_va:0.17922
INFO|2024-09-26 02:27:04: Epoch[050/100], iter[196/392], loss_total:0.68625, loss_equ:1.85952 loss_pq_vm:0.01374 loss_pq_va:0.16730 loss_pv_va:0.19555
INFO|2024-09-26 02:28:21: Epoch[050/100], iter[235/392], loss_total:0.62631, loss_equ:1.78826 loss_pq_vm:0.01078 loss_pq_va:0.15521 loss_pv_va:0.18444
INFO|2024-09-26 02:29:38: Epoch[050/100], iter[274/392], loss_total:0.67068, loss_equ:1.93681 loss_pq_vm:0.01219 loss_pq_va:0.16446 loss_pv_va:0.19060
INFO|2024-09-26 02:30:54: Epoch[050/100], iter[313/392], loss_total:0.75415, loss_equ:2.07249 loss_pq_vm:0.01355 loss_pq_va:0.19122 loss_pv_va:0.22022
INFO|2024-09-26 02:32:11: Epoch[050/100], iter[352/392], loss_total:0.77437, loss_equ:2.28854 loss_pq_vm:0.01349 loss_pq_va:0.19114 loss_pv_va:0.21947
INFO|2024-09-26 02:33:31: Epoch[050/100], iter[392/392], loss_total:0.69034, loss_equ:2.04823 loss_pq_vm:0.01244 loss_pq_va:0.16570 loss_pv_va:0.19538
INFO|2024-09-26 02:36:03: Epoch 49/100, lr:  0.00050500, eta: 12.9h, train_loss:  0.71764, valid_loss:  0.97810
INFO|2024-09-26 02:36:03: 	Train: PQ_Vm_rmse: 0.00060935  PQ_Va_rmse: 0.00570169  PV_Va_rmse: 0.00637436  delta_p: 0.02475435  delta_q: 0.00630419  
INFO|2024-09-26 02:36:03: 	ZTest: PQ_Vm_rmse: 0.00131952  PQ_Va_rmse: 0.01391529  PV_Va_rmse: 0.01534230  delta_p: 0.03676362  delta_q: 0.00805401  
INFO|2024-09-26 02:36:03: 	ZTest-ema: PQ_Vm_rmse: 0.001066  PQ_Va_rmse: 0.011251  PV_Va_rmse: 0.012259  delta_p: 0.030712  delta_q: 0.006969  
INFO|2024-09-26 02:36:03: 	           ValOfEMA:0.012259/0.012259,  Epoch:50/50
INFO|2024-09-26 02:36:04: 	Time(ep):928s,  Val(curr/best):0.015342/0.012543,  Epoch(curr/best):50/44
INFO|2024-09-26 02:36:04: -------------------- Epoch: 51 --------------------
INFO|2024-09-26 02:37:26: Epoch[051/100], iter[040/392], loss_total:0.69571, loss_equ:2.01808 loss_pq_vm:0.01295 loss_pq_va:0.16548 loss_pv_va:0.19897
INFO|2024-09-26 02:38:43: Epoch[051/100], iter[079/392], loss_total:0.62059, loss_equ:1.78510 loss_pq_vm:0.01083 loss_pq_va:0.15268 loss_pv_va:0.18106
INFO|2024-09-26 02:40:00: Epoch[051/100], iter[118/392], loss_total:0.62863, loss_equ:1.74779 loss_pq_vm:0.01025 loss_pq_va:0.16116 loss_pv_va:0.19023
INFO|2024-09-26 02:41:17: Epoch[051/100], iter[157/392], loss_total:0.68693, loss_equ:1.81264 loss_pq_vm:0.01229 loss_pq_va:0.17598 loss_pv_va:0.20678
INFO|2024-09-26 02:42:35: Epoch[051/100], iter[196/392], loss_total:0.63875, loss_equ:1.74669 loss_pq_vm:0.01313 loss_pq_va:0.15198 loss_pv_va:0.18077
INFO|2024-09-26 02:43:54: Epoch[051/100], iter[235/392], loss_total:0.66109, loss_equ:1.90450 loss_pq_vm:0.01355 loss_pq_va:0.15276 loss_pv_va:0.18239
INFO|2024-09-26 02:45:13: Epoch[051/100], iter[274/392], loss_total:0.69400, loss_equ:2.02259 loss_pq_vm:0.01323 loss_pq_va:0.16440 loss_pv_va:0.19507
INFO|2024-09-26 02:46:31: Epoch[051/100], iter[313/392], loss_total:0.69033, loss_equ:1.89148 loss_pq_vm:0.01243 loss_pq_va:0.17495 loss_pv_va:0.20194
INFO|2024-09-26 02:47:50: Epoch[051/100], iter[352/392], loss_total:0.64070, loss_equ:1.77886 loss_pq_vm:0.01240 loss_pq_va:0.15614 loss_pv_va:0.18270
INFO|2024-09-26 02:49:10: Epoch[051/100], iter[392/392], loss_total:0.62718, loss_equ:1.75329 loss_pq_vm:0.01078 loss_pq_va:0.15843 loss_pv_va:0.18565
INFO|2024-09-26 02:51:40: Epoch 50/100, lr:  0.00048945, eta: 12.74h, train_loss:  0.67303, valid_loss:  0.88228
INFO|2024-09-26 02:51:40: 	Train: PQ_Vm_rmse: 0.00052703  PQ_Va_rmse: 0.00452724  PV_Va_rmse: 0.00512618  delta_p: 0.01979198  delta_q: 0.00546726  
INFO|2024-09-26 02:51:40: 	ZTest: PQ_Vm_rmse: 0.00109016  PQ_Va_rmse: 0.01248583  PV_Va_rmse: 0.01374378  delta_p: 0.02941665  delta_q: 0.00748833  
INFO|2024-09-26 02:51:40: 	ZTest-ema: PQ_Vm_rmse: 0.001030  PQ_Va_rmse: 0.011008  PV_Va_rmse: 0.012118  delta_p: 0.026489  delta_q: 0.006366  
INFO|2024-09-26 02:51:40: 	           ValOfEMA:0.012118/0.012118,  Epoch:51/51
INFO|2024-09-26 02:51:41: 	Time(ep):936s,  Val(curr/best):0.013744/0.012543,  Epoch(curr/best):51/44
INFO|2024-09-26 02:51:41: -------------------- Epoch: 52 --------------------
INFO|2024-09-26 02:53:03: Epoch[052/100], iter[040/392], loss_total:0.67936, loss_equ:1.82201 loss_pq_vm:0.01175 loss_pq_va:0.17488 loss_pv_va:0.20482
INFO|2024-09-26 02:54:20: Epoch[052/100], iter[079/392], loss_total:0.67718, loss_equ:1.81425 loss_pq_vm:0.01522 loss_pq_va:0.15788 loss_pv_va:0.18572
INFO|2024-09-26 02:55:36: Epoch[052/100], iter[118/392], loss_total:0.69533, loss_equ:1.90089 loss_pq_vm:0.01365 loss_pq_va:0.17151 loss_pv_va:0.19726
INFO|2024-09-26 02:56:52: Epoch[052/100], iter[157/392], loss_total:0.70645, loss_equ:2.02524 loss_pq_vm:0.01303 loss_pq_va:0.17286 loss_pv_va:0.20073
INFO|2024-09-26 02:58:09: Epoch[052/100], iter[196/392], loss_total:0.59929, loss_equ:1.74288 loss_pq_vm:0.01048 loss_pq_va:0.14759 loss_pv_va:0.17257
INFO|2024-09-26 02:59:25: Epoch[052/100], iter[235/392], loss_total:0.64831, loss_equ:1.81255 loss_pq_vm:0.01188 loss_pq_va:0.16014 loss_pv_va:0.18816
INFO|2024-09-26 03:00:42: Epoch[052/100], iter[274/392], loss_total:0.63957, loss_equ:1.97360 loss_pq_vm:0.01119 loss_pq_va:0.15292 loss_pv_va:0.17741
INFO|2024-09-26 03:02:00: Epoch[052/100], iter[313/392], loss_total:0.77079, loss_equ:2.00529 loss_pq_vm:0.02157 loss_pq_va:0.16311 loss_pv_va:0.19150
INFO|2024-09-26 03:03:18: Epoch[052/100], iter[352/392], loss_total:0.68445, loss_equ:1.91112 loss_pq_vm:0.01261 loss_pq_va:0.16860 loss_pv_va:0.19863
INFO|2024-09-26 03:04:38: Epoch[052/100], iter[392/392], loss_total:0.63959, loss_equ:1.78734 loss_pq_vm:0.01212 loss_pq_va:0.15643 loss_pv_va:0.18322
INFO|2024-09-26 03:07:09: Epoch 51/100, lr:  0.00047392, eta: 12.37h, train_loss:  0.67929, valid_loss:  0.87783
INFO|2024-09-26 03:07:09: 	Train: PQ_Vm_rmse: 0.00052350  PQ_Va_rmse: 0.00499703  PV_Va_rmse: 0.00567836  delta_p: 0.02199497  delta_q: 0.00543791  
INFO|2024-09-26 03:07:09: 	ZTest: PQ_Vm_rmse: 0.00118311  PQ_Va_rmse: 0.01204894  PV_Va_rmse: 0.01320225  delta_p: 0.03563494  delta_q: 0.00873096  
INFO|2024-09-26 03:07:09: 	ZTest-ema: PQ_Vm_rmse: 0.001037  PQ_Va_rmse: 0.010903  PV_Va_rmse: 0.011967  delta_p: 0.027879  delta_q: 0.006410  
INFO|2024-09-26 03:07:09: 	           ValOfEMA:0.011967/0.011967,  Epoch:52/52
INFO|2024-09-26 03:07:10: 	Time(ep):927s,  Val(curr/best):0.013202/0.012543,  Epoch(curr/best):52/44
INFO|2024-09-26 03:07:10: -------------------- Epoch: 53 --------------------
INFO|2024-09-26 03:08:32: Epoch[053/100], iter[040/392], loss_total:0.72005, loss_equ:1.80435 loss_pq_vm:0.01224 loss_pq_va:0.19279 loss_pv_va:0.22444
INFO|2024-09-26 03:09:50: Epoch[053/100], iter[079/392], loss_total:0.63711, loss_equ:1.74263 loss_pq_vm:0.01132 loss_pq_va:0.16080 loss_pv_va:0.18882
INFO|2024-09-26 03:11:09: Epoch[053/100], iter[118/392], loss_total:0.64398, loss_equ:1.83281 loss_pq_vm:0.01306 loss_pq_va:0.15171 loss_pv_va:0.17833
INFO|2024-09-26 03:12:28: Epoch[053/100], iter[157/392], loss_total:0.67439, loss_equ:1.80235 loss_pq_vm:0.01219 loss_pq_va:0.17179 loss_pv_va:0.20050
INFO|2024-09-26 03:13:46: Epoch[053/100], iter[196/392], loss_total:0.63821, loss_equ:1.79701 loss_pq_vm:0.01189 loss_pq_va:0.15509 loss_pv_va:0.18448
INFO|2024-09-26 03:15:05: Epoch[053/100], iter[235/392], loss_total:0.88961, loss_equ:2.16639 loss_pq_vm:0.01773 loss_pq_va:0.23395 loss_pv_va:0.26174
INFO|2024-09-26 03:16:23: Epoch[053/100], iter[274/392], loss_total:0.69632, loss_equ:1.82006 loss_pq_vm:0.01264 loss_pq_va:0.17771 loss_pv_va:0.21019
INFO|2024-09-26 03:17:42: Epoch[053/100], iter[313/392], loss_total:0.75002, loss_equ:2.11181 loss_pq_vm:0.01440 loss_pq_va:0.18216 loss_pv_va:0.21270
INFO|2024-09-26 03:19:00: Epoch[053/100], iter[352/392], loss_total:0.69254, loss_equ:1.84515 loss_pq_vm:0.01198 loss_pq_va:0.17807 loss_pv_va:0.21018
INFO|2024-09-26 03:20:21: Epoch[053/100], iter[392/392], loss_total:0.65569, loss_equ:1.89114 loss_pq_vm:0.01174 loss_pq_va:0.15971 loss_pv_va:0.18949
INFO|2024-09-26 03:22:51: Epoch 52/100, lr:  0.00045842, eta: 12.29h, train_loss:  0.66672, valid_loss:  0.90263
INFO|2024-09-26 03:22:51: 	Train: PQ_Vm_rmse: 0.00048681  PQ_Va_rmse: 0.00478837  PV_Va_rmse: 0.00546846  delta_p: 0.01863132  delta_q: 0.00503826  
INFO|2024-09-26 03:22:51: 	ZTest: PQ_Vm_rmse: 0.00107798  PQ_Va_rmse: 0.01093771  PV_Va_rmse: 0.01201204  delta_p: 0.02840381  delta_q: 0.00773216  
INFO|2024-09-26 03:22:51: 	ZTest-ema: PQ_Vm_rmse: 0.001027  PQ_Va_rmse: 0.010825  PV_Va_rmse: 0.011937  delta_p: 0.028423  delta_q: 0.006912  
INFO|2024-09-26 03:22:51: 	           ValOfEMA:0.011937/0.011937,  Epoch:53/53
INFO|2024-09-26 03:22:53: 	Time(ep):941s,  Val(curr/best):0.012012/0.012012,  Epoch(curr/best):53/53
INFO|2024-09-26 03:22:53: -------------------- Epoch: 54 --------------------
INFO|2024-09-26 03:24:13: Epoch[054/100], iter[040/392], loss_total:0.65904, loss_equ:1.86730 loss_pq_vm:0.01131 loss_pq_va:0.16810 loss_pv_va:0.19106
INFO|2024-09-26 03:25:31: Epoch[054/100], iter[079/392], loss_total:0.63165, loss_equ:1.84597 loss_pq_vm:0.01055 loss_pq_va:0.15456 loss_pv_va:0.18701
INFO|2024-09-26 03:26:49: Epoch[054/100], iter[118/392], loss_total:0.61734, loss_equ:1.77370 loss_pq_vm:0.01023 loss_pq_va:0.15349 loss_pv_va:0.18415
INFO|2024-09-26 03:28:08: Epoch[054/100], iter[157/392], loss_total:0.90674, loss_equ:2.17666 loss_pq_vm:0.01874 loss_pq_va:0.23950 loss_pv_va:0.26223
INFO|2024-09-26 03:29:26: Epoch[054/100], iter[196/392], loss_total:0.63359, loss_equ:1.83908 loss_pq_vm:0.01095 loss_pq_va:0.15510 loss_pv_va:0.18508
INFO|2024-09-26 03:30:45: Epoch[054/100], iter[235/392], loss_total:0.63609, loss_equ:1.78726 loss_pq_vm:0.01140 loss_pq_va:0.15712 loss_pv_va:0.18621
INFO|2024-09-26 03:32:03: Epoch[054/100], iter[274/392], loss_total:0.60547, loss_equ:1.69384 loss_pq_vm:0.01140 loss_pq_va:0.14681 loss_pv_va:0.17526
INFO|2024-09-26 03:33:21: Epoch[054/100], iter[313/392], loss_total:0.65898, loss_equ:1.78227 loss_pq_vm:0.01218 loss_pq_va:0.16539 loss_pv_va:0.19357
INFO|2024-09-26 03:34:38: Epoch[054/100], iter[352/392], loss_total:0.62608, loss_equ:1.73845 loss_pq_vm:0.01140 loss_pq_va:0.15336 loss_pv_va:0.18487
INFO|2024-09-26 03:35:58: Epoch[054/100], iter[392/392], loss_total:0.60092, loss_equ:1.71505 loss_pq_vm:0.01111 loss_pq_va:0.14504 loss_pv_va:0.17326
INFO|2024-09-26 03:38:30: Epoch 53/100, lr:  0.00044296, eta: 11.97h, train_loss:  0.66400, valid_loss:  0.85759
INFO|2024-09-26 03:38:30: 	Train: PQ_Vm_rmse: 0.00050750  PQ_Va_rmse: 0.00509899  PV_Va_rmse: 0.00573798  delta_p: 0.02151144  delta_q: 0.00504640  
INFO|2024-09-26 03:38:30: 	ZTest: PQ_Vm_rmse: 0.00114698  PQ_Va_rmse: 0.01209747  PV_Va_rmse: 0.01331018  delta_p: 0.03229279  delta_q: 0.00809384  
INFO|2024-09-26 03:38:30: 	ZTest-ema: PQ_Vm_rmse: 0.001036  PQ_Va_rmse: 0.010895  PV_Va_rmse: 0.011940  delta_p: 0.027369  delta_q: 0.006785  
INFO|2024-09-26 03:38:30: 	           ValOfEMA:0.011940/0.011937,  Epoch:54/53
INFO|2024-09-26 03:38:31: 	Time(ep):936s,  Val(curr/best):0.013310/0.012012,  Epoch(curr/best):54/53
INFO|2024-09-26 03:38:31: -------------------- Epoch: 55 --------------------
INFO|2024-09-26 03:39:52: Epoch[055/100], iter[040/392], loss_total:0.61029, loss_equ:1.79163 loss_pq_vm:0.01106 loss_pq_va:0.14512 loss_pv_va:0.17536
INFO|2024-09-26 03:41:11: Epoch[055/100], iter[079/392], loss_total:0.63448, loss_equ:1.73074 loss_pq_vm:0.01149 loss_pq_va:0.15806 loss_pv_va:0.18847
INFO|2024-09-26 03:42:29: Epoch[055/100], iter[118/392], loss_total:0.66428, loss_equ:1.85448 loss_pq_vm:0.01222 loss_pq_va:0.16321 loss_pv_va:0.19342
INFO|2024-09-26 03:43:48: Epoch[055/100], iter[157/392], loss_total:0.62706, loss_equ:1.77758 loss_pq_vm:0.01054 loss_pq_va:0.15819 loss_pv_va:0.18568
INFO|2024-09-26 03:45:06: Epoch[055/100], iter[196/392], loss_total:0.63185, loss_equ:1.78997 loss_pq_vm:0.01191 loss_pq_va:0.15254 loss_pv_va:0.18123
INFO|2024-09-26 03:46:24: Epoch[055/100], iter[235/392], loss_total:0.72644, loss_equ:1.90422 loss_pq_vm:0.01238 loss_pq_va:0.19084 loss_pv_va:0.22141
INFO|2024-09-26 03:47:42: Epoch[055/100], iter[274/392], loss_total:0.70960, loss_equ:1.86603 loss_pq_vm:0.01243 loss_pq_va:0.18457 loss_pv_va:0.21418
INFO|2024-09-26 03:49:00: Epoch[055/100], iter[313/392], loss_total:0.71736, loss_equ:1.83132 loss_pq_vm:0.01341 loss_pq_va:0.18598 loss_pv_va:0.21414
INFO|2024-09-26 03:50:18: Epoch[055/100], iter[352/392], loss_total:0.71141, loss_equ:1.72868 loss_pq_vm:0.01294 loss_pq_va:0.18922 loss_pv_va:0.21994
INFO|2024-09-26 03:51:38: Epoch[055/100], iter[392/392], loss_total:0.68378, loss_equ:1.92125 loss_pq_vm:0.01234 loss_pq_va:0.16751 loss_pv_va:0.20079
INFO|2024-09-26 03:54:09: Epoch 54/100, lr:  0.00042756, eta: 11.73h, train_loss:  0.66147, valid_loss:  0.89557
INFO|2024-09-26 03:54:09: 	Train: PQ_Vm_rmse: 0.00049209  PQ_Va_rmse: 0.00492405  PV_Va_rmse: 0.00560003  delta_p: 0.01889170  delta_q: 0.00505621  
INFO|2024-09-26 03:54:09: 	ZTest: PQ_Vm_rmse: 0.00117973  PQ_Va_rmse: 0.01091055  PV_Va_rmse: 0.01203227  delta_p: 0.02850907  delta_q: 0.00944988  
INFO|2024-09-26 03:54:09: 	ZTest-ema: PQ_Vm_rmse: 0.001047  PQ_Va_rmse: 0.010836  PV_Va_rmse: 0.011888  delta_p: 0.026657  delta_q: 0.006473  
INFO|2024-09-26 03:54:09: 	           ValOfEMA:0.011888/0.011888,  Epoch:55/55
INFO|2024-09-26 03:54:10: 	Time(ep):938s,  Val(curr/best):0.012032/0.012012,  Epoch(curr/best):55/53
INFO|2024-09-26 03:54:10: -------------------- Epoch: 56 --------------------
INFO|2024-09-26 03:55:31: Epoch[056/100], iter[040/392], loss_total:0.62860, loss_equ:1.69952 loss_pq_vm:0.01153 loss_pq_va:0.15697 loss_pv_va:0.18637
INFO|2024-09-26 03:56:49: Epoch[056/100], iter[079/392], loss_total:0.68046, loss_equ:1.94927 loss_pq_vm:0.01251 loss_pq_va:0.16537 loss_pv_va:0.19505
INFO|2024-09-26 03:58:07: Epoch[056/100], iter[118/392], loss_total:0.62538, loss_equ:1.73265 loss_pq_vm:0.01091 loss_pq_va:0.15858 loss_pv_va:0.18442
INFO|2024-09-26 03:59:26: Epoch[056/100], iter[157/392], loss_total:0.59059, loss_equ:1.72838 loss_pq_vm:0.01069 loss_pq_va:0.14152 loss_pv_va:0.16928
INFO|2024-09-26 04:00:44: Epoch[056/100], iter[196/392], loss_total:0.88620, loss_equ:2.24333 loss_pq_vm:0.01882 loss_pq_va:0.21960 loss_pv_va:0.25410
INFO|2024-09-26 04:02:02: Epoch[056/100], iter[235/392], loss_total:0.66392, loss_equ:1.78990 loss_pq_vm:0.01124 loss_pq_va:0.17264 loss_pv_va:0.19987
INFO|2024-09-26 04:03:21: Epoch[056/100], iter[274/392], loss_total:0.72129, loss_equ:1.84726 loss_pq_vm:0.01183 loss_pq_va:0.19452 loss_pv_va:0.22378
INFO|2024-09-26 04:04:39: Epoch[056/100], iter[313/392], loss_total:0.63015, loss_equ:1.74980 loss_pq_vm:0.01101 loss_pq_va:0.15750 loss_pv_va:0.18759
INFO|2024-09-26 04:05:58: Epoch[056/100], iter[352/392], loss_total:0.62344, loss_equ:1.78378 loss_pq_vm:0.01150 loss_pq_va:0.15185 loss_pv_va:0.17824
INFO|2024-09-26 04:07:18: Epoch[056/100], iter[392/392], loss_total:0.64046, loss_equ:1.76861 loss_pq_vm:0.01282 loss_pq_va:0.15505 loss_pv_va:0.18035
INFO|2024-09-26 04:09:49: Epoch 55/100, lr:  0.00041225, eta: 11.48h, train_loss:  0.67133, valid_loss:  0.84860
INFO|2024-09-26 04:09:49: 	Train: PQ_Vm_rmse: 0.00046787  PQ_Va_rmse: 0.00550601  PV_Va_rmse: 0.00625617  delta_p: 0.02003768  delta_q: 0.00493573  
INFO|2024-09-26 04:09:49: 	ZTest: PQ_Vm_rmse: 0.00112737  PQ_Va_rmse: 0.01074708  PV_Va_rmse: 0.01181149  delta_p: 0.03151423  delta_q: 0.00727637  
INFO|2024-09-26 04:09:49: 	ZTest-ema: PQ_Vm_rmse: 0.001013  PQ_Va_rmse: 0.010909  PV_Va_rmse: 0.011955  delta_p: 0.026596  delta_q: 0.006189  
INFO|2024-09-26 04:09:49: 	           ValOfEMA:0.011955/0.011888,  Epoch:56/55
INFO|2024-09-26 04:09:51: 	Time(ep):939s,  Val(curr/best):0.011811/0.011811,  Epoch(curr/best):56/56
INFO|2024-09-26 04:09:51: -------------------- Epoch: 57 --------------------
INFO|2024-09-26 04:11:12: Epoch[057/100], iter[040/392], loss_total:0.67762, loss_equ:1.76198 loss_pq_vm:0.01191 loss_pq_va:0.17681 loss_pv_va:0.20548
INFO|2024-09-26 04:12:31: Epoch[057/100], iter[079/392], loss_total:0.69019, loss_equ:1.90373 loss_pq_vm:0.01394 loss_pq_va:0.16602 loss_pv_va:0.19436
INFO|2024-09-26 04:13:49: Epoch[057/100], iter[118/392], loss_total:0.64970, loss_equ:1.78674 loss_pq_vm:0.01162 loss_pq_va:0.16272 loss_pv_va:0.19213
INFO|2024-09-26 04:15:07: Epoch[057/100], iter[157/392], loss_total:0.58528, loss_equ:1.72793 loss_pq_vm:0.00995 loss_pq_va:0.14260 loss_pv_va:0.17036
INFO|2024-09-26 04:16:25: Epoch[057/100], iter[196/392], loss_total:0.62067, loss_equ:1.71772 loss_pq_vm:0.01191 loss_pq_va:0.15221 loss_pv_va:0.17759
INFO|2024-09-26 04:17:43: Epoch[057/100], iter[235/392], loss_total:0.62460, loss_equ:1.76885 loss_pq_vm:0.01054 loss_pq_va:0.15718 loss_pv_va:0.18513
INFO|2024-09-26 04:19:01: Epoch[057/100], iter[274/392], loss_total:0.65992, loss_equ:1.82884 loss_pq_vm:0.01166 loss_pq_va:0.16524 loss_pv_va:0.19514
INFO|2024-09-26 04:20:19: Epoch[057/100], iter[313/392], loss_total:0.61315, loss_equ:1.78618 loss_pq_vm:0.01059 loss_pq_va:0.14993 loss_pv_va:0.17866
INFO|2024-09-26 04:21:37: Epoch[057/100], iter[352/392], loss_total:0.62457, loss_equ:1.73332 loss_pq_vm:0.01111 loss_pq_va:0.15542 loss_pv_va:0.18471
INFO|2024-09-26 04:22:57: Epoch[057/100], iter[392/392], loss_total:0.58427, loss_equ:1.68837 loss_pq_vm:0.01063 loss_pq_va:0.14082 loss_pv_va:0.16831
INFO|2024-09-26 04:25:28: Epoch 56/100, lr:  0.00039702, eta: 11.19h, train_loss:  0.63358, valid_loss:  0.84396
INFO|2024-09-26 04:25:28: 	Train: PQ_Vm_rmse: 0.00043379  PQ_Va_rmse: 0.00421424  PV_Va_rmse: 0.00480947  delta_p: 0.01736532  delta_q: 0.00431327  
INFO|2024-09-26 04:25:28: 	ZTest: PQ_Vm_rmse: 0.00108450  PQ_Va_rmse: 0.01149181  PV_Va_rmse: 0.01273940  delta_p: 0.03398649  delta_q: 0.00817995  
INFO|2024-09-26 04:25:28: 	ZTest-ema: PQ_Vm_rmse: 0.001010  PQ_Va_rmse: 0.010565  PV_Va_rmse: 0.011654  delta_p: 0.025231  delta_q: 0.005927  
INFO|2024-09-26 04:25:28: 	           ValOfEMA:0.011654/0.011654,  Epoch:57/57
INFO|2024-09-26 04:25:29: 	Time(ep):936s,  Val(curr/best):0.012739/0.011811,  Epoch(curr/best):57/56
INFO|2024-09-26 04:25:29: -------------------- Epoch: 58 --------------------
INFO|2024-09-26 04:26:50: Epoch[058/100], iter[040/392], loss_total:0.62756, loss_equ:1.75886 loss_pq_vm:0.01136 loss_pq_va:0.15450 loss_pv_va:0.18356
INFO|2024-09-26 04:28:08: Epoch[058/100], iter[079/392], loss_total:0.60123, loss_equ:1.68890 loss_pq_vm:0.01143 loss_pq_va:0.14490 loss_pv_va:0.17311
INFO|2024-09-26 04:29:26: Epoch[058/100], iter[118/392], loss_total:0.61994, loss_equ:1.80210 loss_pq_vm:0.01119 loss_pq_va:0.15039 loss_pv_va:0.17745
INFO|2024-09-26 04:30:44: Epoch[058/100], iter[157/392], loss_total:0.59363, loss_equ:1.71452 loss_pq_vm:0.01041 loss_pq_va:0.14390 loss_pv_va:0.17416
INFO|2024-09-26 04:32:02: Epoch[058/100], iter[196/392], loss_total:0.58973, loss_equ:1.72076 loss_pq_vm:0.01044 loss_pq_va:0.14399 loss_pv_va:0.16922
INFO|2024-09-26 04:33:20: Epoch[058/100], iter[235/392], loss_total:0.57715, loss_equ:1.67014 loss_pq_vm:0.01002 loss_pq_va:0.14258 loss_pv_va:0.16736
INFO|2024-09-26 04:34:38: Epoch[058/100], iter[274/392], loss_total:0.69434, loss_equ:1.88043 loss_pq_vm:0.01173 loss_pq_va:0.18049 loss_pv_va:0.20851
INFO|2024-09-26 04:35:55: Epoch[058/100], iter[313/392], loss_total:0.64705, loss_equ:1.69597 loss_pq_vm:0.01089 loss_pq_va:0.16955 loss_pv_va:0.19902
INFO|2024-09-26 04:37:12: Epoch[058/100], iter[352/392], loss_total:0.61849, loss_equ:1.81957 loss_pq_vm:0.01043 loss_pq_va:0.15169 loss_pv_va:0.18056
INFO|2024-09-26 04:38:30: Epoch[058/100], iter[392/392], loss_total:0.64888, loss_equ:1.71725 loss_pq_vm:0.01118 loss_pq_va:0.16774 loss_pv_va:0.19761
INFO|2024-09-26 04:41:01: Epoch 57/100, lr:  0.00038190, eta: 10.88h, train_loss:  0.63054, valid_loss:  0.84623
INFO|2024-09-26 04:41:01: 	Train: PQ_Vm_rmse: 0.00041379  PQ_Va_rmse: 0.00415897  PV_Va_rmse: 0.00472934  delta_p: 0.01740393  delta_q: 0.00413466  
INFO|2024-09-26 04:41:01: 	ZTest: PQ_Vm_rmse: 0.00110075  PQ_Va_rmse: 0.01168920  PV_Va_rmse: 0.01280645  delta_p: 0.02733863  delta_q: 0.00649428  
INFO|2024-09-26 04:41:01: 	ZTest-ema: PQ_Vm_rmse: 0.000991  PQ_Va_rmse: 0.010621  PV_Va_rmse: 0.011646  delta_p: 0.024172  delta_q: 0.005836  
INFO|2024-09-26 04:41:01: 	           ValOfEMA:0.011646/0.011646,  Epoch:58/58
INFO|2024-09-26 04:41:02: 	Time(ep):932s,  Val(curr/best):0.012806/0.011811,  Epoch(curr/best):58/56
INFO|2024-09-26 04:41:02: -------------------- Epoch: 59 --------------------
INFO|2024-09-26 04:42:24: Epoch[059/100], iter[040/392], loss_total:0.58994, loss_equ:1.65454 loss_pq_vm:0.01021 loss_pq_va:0.14667 loss_pv_va:0.17575
INFO|2024-09-26 04:43:42: Epoch[059/100], iter[079/392], loss_total:0.58814, loss_equ:1.76166 loss_pq_vm:0.01035 loss_pq_va:0.14129 loss_pv_va:0.16716
INFO|2024-09-26 04:45:01: Epoch[059/100], iter[118/392], loss_total:0.63437, loss_equ:1.75036 loss_pq_vm:0.01207 loss_pq_va:0.15571 loss_pv_va:0.18294
INFO|2024-09-26 04:46:19: Epoch[059/100], iter[157/392], loss_total:0.64210, loss_equ:1.71673 loss_pq_vm:0.01110 loss_pq_va:0.16451 loss_pv_va:0.19497
INFO|2024-09-26 04:47:37: Epoch[059/100], iter[196/392], loss_total:0.58798, loss_equ:1.65542 loss_pq_vm:0.01018 loss_pq_va:0.14528 loss_pv_va:0.17533
INFO|2024-09-26 04:48:55: Epoch[059/100], iter[235/392], loss_total:0.61227, loss_equ:1.66119 loss_pq_vm:0.01116 loss_pq_va:0.15343 loss_pv_va:0.18113
INFO|2024-09-26 04:50:14: Epoch[059/100], iter[274/392], loss_total:0.57091, loss_equ:1.65609 loss_pq_vm:0.01016 loss_pq_va:0.13893 loss_pv_va:0.16474
INFO|2024-09-26 04:51:32: Epoch[059/100], iter[313/392], loss_total:0.54858, loss_equ:1.56476 loss_pq_vm:0.00939 loss_pq_va:0.13565 loss_pv_va:0.16251
INFO|2024-09-26 04:52:50: Epoch[059/100], iter[352/392], loss_total:0.59750, loss_equ:1.63754 loss_pq_vm:0.00998 loss_pq_va:0.15380 loss_pv_va:0.18013
INFO|2024-09-26 04:54:10: Epoch[059/100], iter[392/392], loss_total:0.69712, loss_equ:1.78657 loss_pq_vm:0.01189 loss_pq_va:0.18391 loss_pv_va:0.21563
INFO|2024-09-26 04:56:41: Epoch 58/100, lr:  0.00036690, eta: 10.7h, train_loss:  0.60920, valid_loss:  0.91258
INFO|2024-09-26 04:56:41: 	Train: PQ_Vm_rmse: 0.00037170  PQ_Va_rmse: 0.00373993  PV_Va_rmse: 0.00427934  delta_p: 0.01452523  delta_q: 0.00382925  
INFO|2024-09-26 04:56:41: 	ZTest: PQ_Vm_rmse: 0.00118572  PQ_Va_rmse: 0.01384856  PV_Va_rmse: 0.01508603  delta_p: 0.03113899  delta_q: 0.00899454  
INFO|2024-09-26 04:56:41: 	ZTest-ema: PQ_Vm_rmse: 0.000993  PQ_Va_rmse: 0.010436  PV_Va_rmse: 0.011438  delta_p: 0.025263  delta_q: 0.006207  
INFO|2024-09-26 04:56:41: 	           ValOfEMA:0.011438/0.011438,  Epoch:59/59
INFO|2024-09-26 04:56:42: 	Time(ep):939s,  Val(curr/best):0.015086/0.011811,  Epoch(curr/best):59/56
INFO|2024-09-26 04:56:42: -------------------- Epoch: 60 --------------------
INFO|2024-09-26 04:58:03: Epoch[060/100], iter[040/392], loss_total:0.58273, loss_equ:1.72517 loss_pq_vm:0.01014 loss_pq_va:0.14091 loss_pv_va:0.16789
INFO|2024-09-26 04:59:21: Epoch[060/100], iter[079/392], loss_total:0.63048, loss_equ:1.74702 loss_pq_vm:0.01189 loss_pq_va:0.15408 loss_pv_va:0.18282
INFO|2024-09-26 05:00:39: Epoch[060/100], iter[118/392], loss_total:0.66398, loss_equ:1.77523 loss_pq_vm:0.01090 loss_pq_va:0.17197 loss_pv_va:0.20544
INFO|2024-09-26 05:01:57: Epoch[060/100], iter[157/392], loss_total:0.56211, loss_equ:1.70274 loss_pq_vm:0.00960 loss_pq_va:0.13515 loss_pv_va:0.16066
INFO|2024-09-26 05:03:14: Epoch[060/100], iter[196/392], loss_total:0.61207, loss_equ:1.73148 loss_pq_vm:0.01084 loss_pq_va:0.15168 loss_pv_va:0.17883
INFO|2024-09-26 05:04:32: Epoch[060/100], iter[235/392], loss_total:0.60722, loss_equ:1.71466 loss_pq_vm:0.01018 loss_pq_va:0.15384 loss_pv_va:0.18007
INFO|2024-09-26 05:05:50: Epoch[060/100], iter[274/392], loss_total:0.59085, loss_equ:1.70579 loss_pq_vm:0.00980 loss_pq_va:0.14592 loss_pv_va:0.17631
INFO|2024-09-26 05:07:08: Epoch[060/100], iter[313/392], loss_total:0.68735, loss_equ:1.90859 loss_pq_vm:0.01153 loss_pq_va:0.17519 loss_pv_va:0.20601
INFO|2024-09-26 05:08:26: Epoch[060/100], iter[352/392], loss_total:0.61119, loss_equ:1.67763 loss_pq_vm:0.01052 loss_pq_va:0.15572 loss_pv_va:0.18246
INFO|2024-09-26 05:09:46: Epoch[060/100], iter[392/392], loss_total:0.62368, loss_equ:1.69290 loss_pq_vm:0.01179 loss_pq_va:0.15496 loss_pv_va:0.18149
INFO|2024-09-26 05:12:18: Epoch 59/100, lr:  0.00035204, eta: 10.4h, train_loss:  0.61689, valid_loss:  0.83239
INFO|2024-09-26 05:12:18: 	Train: PQ_Vm_rmse: 0.00038737  PQ_Va_rmse: 0.00384979  PV_Va_rmse: 0.00440637  delta_p: 0.01757933  delta_q: 0.00411450  
INFO|2024-09-26 05:12:18: 	ZTest: PQ_Vm_rmse: 0.00106733  PQ_Va_rmse: 0.01008525  PV_Va_rmse: 0.01118416  delta_p: 0.02692221  delta_q: 0.00792387  
INFO|2024-09-26 05:12:18: 	ZTest-ema: PQ_Vm_rmse: 0.000969  PQ_Va_rmse: 0.010315  PV_Va_rmse: 0.011287  delta_p: 0.023620  delta_q: 0.005539  
INFO|2024-09-26 05:12:18: 	           ValOfEMA:0.011287/0.011287,  Epoch:60/60
INFO|2024-09-26 05:12:19: 	Time(ep):935s,  Val(curr/best):0.011184/0.011184,  Epoch(curr/best):60/60
INFO|2024-09-26 05:12:19: -------------------- Epoch: 61 --------------------
INFO|2024-09-26 05:13:41: Epoch[061/100], iter[040/392], loss_total:0.70263, loss_equ:1.88518 loss_pq_vm:0.01252 loss_pq_va:0.17844 loss_pv_va:0.21050
INFO|2024-09-26 05:15:00: Epoch[061/100], iter[079/392], loss_total:0.59688, loss_equ:1.69331 loss_pq_vm:0.01065 loss_pq_va:0.14710 loss_pv_va:0.17399
INFO|2024-09-26 05:16:17: Epoch[061/100], iter[118/392], loss_total:0.60276, loss_equ:1.72709 loss_pq_vm:0.01093 loss_pq_va:0.14608 loss_pv_va:0.17469
INFO|2024-09-26 05:17:35: Epoch[061/100], iter[157/392], loss_total:0.64078, loss_equ:1.85391 loss_pq_vm:0.01113 loss_pq_va:0.15623 loss_pv_va:0.18785
INFO|2024-09-26 05:18:53: Epoch[061/100], iter[196/392], loss_total:0.63262, loss_equ:1.76605 loss_pq_vm:0.01136 loss_pq_va:0.15688 loss_pv_va:0.18556
INFO|2024-09-26 05:20:11: Epoch[061/100], iter[235/392], loss_total:0.63715, loss_equ:1.81492 loss_pq_vm:0.01250 loss_pq_va:0.15284 loss_pv_va:0.17778
INFO|2024-09-26 05:21:28: Epoch[061/100], iter[274/392], loss_total:0.63865, loss_equ:1.81667 loss_pq_vm:0.01102 loss_pq_va:0.15909 loss_pv_va:0.18772
INFO|2024-09-26 05:22:44: Epoch[061/100], iter[313/392], loss_total:0.57071, loss_equ:1.63313 loss_pq_vm:0.01001 loss_pq_va:0.13993 loss_pv_va:0.16738
INFO|2024-09-26 05:24:00: Epoch[061/100], iter[352/392], loss_total:0.62167, loss_equ:1.65848 loss_pq_vm:0.01085 loss_pq_va:0.15931 loss_pv_va:0.18797
INFO|2024-09-26 05:25:19: Epoch[061/100], iter[392/392], loss_total:0.63749, loss_equ:1.73344 loss_pq_vm:0.01249 loss_pq_va:0.15600 loss_pv_va:0.18329
INFO|2024-09-26 05:27:49: Epoch 60/100, lr:  0.00033732, eta: 10.07h, train_loss:  0.65306, valid_loss:  0.87331
INFO|2024-09-26 05:27:49: 	Train: PQ_Vm_rmse: 0.00048788  PQ_Va_rmse: 0.00496589  PV_Va_rmse: 0.00565843  delta_p: 0.02018833  delta_q: 0.00506653  
INFO|2024-09-26 05:27:49: 	ZTest: PQ_Vm_rmse: 0.00125563  PQ_Va_rmse: 0.01122365  PV_Va_rmse: 0.01206674  delta_p: 0.02966426  delta_q: 0.00845205  
INFO|2024-09-26 05:27:49: 	ZTest-ema: PQ_Vm_rmse: 0.000994  PQ_Va_rmse: 0.010561  PV_Va_rmse: 0.011646  delta_p: 0.025228  delta_q: 0.006056  
INFO|2024-09-26 05:27:49: 	           ValOfEMA:0.011646/0.011287,  Epoch:61/60
INFO|2024-09-26 05:27:50: 	Time(ep):929s,  Val(curr/best):0.012067/0.011184,  Epoch(curr/best):61/60
INFO|2024-09-26 05:27:50: -------------------- Epoch: 62 --------------------
INFO|2024-09-26 05:29:11: Epoch[062/100], iter[040/392], loss_total:0.63592, loss_equ:1.75730 loss_pq_vm:0.01126 loss_pq_va:0.15866 loss_pv_va:0.18894
INFO|2024-09-26 05:30:29: Epoch[062/100], iter[079/392], loss_total:0.70830, loss_equ:1.88781 loss_pq_vm:0.01385 loss_pq_va:0.17612 loss_pv_va:0.20486
INFO|2024-09-26 05:31:48: Epoch[062/100], iter[118/392], loss_total:0.60357, loss_equ:1.75648 loss_pq_vm:0.01197 loss_pq_va:0.13972 loss_pv_va:0.16850
INFO|2024-09-26 05:33:06: Epoch[062/100], iter[157/392], loss_total:0.60244, loss_equ:1.69786 loss_pq_vm:0.01011 loss_pq_va:0.15145 loss_pv_va:0.18010
INFO|2024-09-26 05:34:24: Epoch[062/100], iter[196/392], loss_total:0.60462, loss_equ:1.65664 loss_pq_vm:0.01070 loss_pq_va:0.15289 loss_pv_va:0.17906
INFO|2024-09-26 05:35:41: Epoch[062/100], iter[235/392], loss_total:0.60776, loss_equ:1.63304 loss_pq_vm:0.01241 loss_pq_va:0.14607 loss_pv_va:0.17432
INFO|2024-09-26 05:36:59: Epoch[062/100], iter[274/392], loss_total:0.62507, loss_equ:1.69287 loss_pq_vm:0.01129 loss_pq_va:0.15692 loss_pv_va:0.18596
INFO|2024-09-26 05:38:18: Epoch[062/100], iter[313/392], loss_total:0.59169, loss_equ:1.68479 loss_pq_vm:0.01028 loss_pq_va:0.14616 loss_pv_va:0.17430
INFO|2024-09-26 05:39:36: Epoch[062/100], iter[352/392], loss_total:0.58352, loss_equ:1.60453 loss_pq_vm:0.01073 loss_pq_va:0.14438 loss_pv_va:0.17140
INFO|2024-09-26 05:40:56: Epoch[062/100], iter[392/392], loss_total:0.60527, loss_equ:1.74543 loss_pq_vm:0.01150 loss_pq_va:0.14466 loss_pv_va:0.17105
INFO|2024-09-26 05:43:28: Epoch 61/100, lr:  0.00032278, eta: 9.9h, train_loss:  0.62164, valid_loss:  0.82404
INFO|2024-09-26 05:43:28: 	Train: PQ_Vm_rmse: 0.00040822  PQ_Va_rmse: 0.00419530  PV_Va_rmse: 0.00476448  delta_p: 0.01496524  delta_q: 0.00413091  
INFO|2024-09-26 05:43:28: 	ZTest: PQ_Vm_rmse: 0.00100389  PQ_Va_rmse: 0.01070720  PV_Va_rmse: 0.01176230  delta_p: 0.02792940  delta_q: 0.00656116  
INFO|2024-09-26 05:43:28: 	ZTest-ema: PQ_Vm_rmse: 0.000962  PQ_Va_rmse: 0.010258  PV_Va_rmse: 0.011286  delta_p: 0.023838  delta_q: 0.005765  
INFO|2024-09-26 05:43:28: 	           ValOfEMA:0.011286/0.011286,  Epoch:62/62
INFO|2024-09-26 05:43:29: 	Time(ep):938s,  Val(curr/best):0.011762/0.011184,  Epoch(curr/best):62/60
INFO|2024-09-26 05:43:29: -------------------- Epoch: 63 --------------------
INFO|2024-09-26 05:44:50: Epoch[063/100], iter[040/392], loss_total:0.65412, loss_equ:1.84154 loss_pq_vm:0.01108 loss_pq_va:0.16016 loss_pv_va:0.19896
INFO|2024-09-26 05:46:08: Epoch[063/100], iter[079/392], loss_total:0.60452, loss_equ:1.70164 loss_pq_vm:0.01056 loss_pq_va:0.15025 loss_pv_va:0.17853
INFO|2024-09-26 05:47:27: Epoch[063/100], iter[118/392], loss_total:0.60875, loss_equ:1.71181 loss_pq_vm:0.01079 loss_pq_va:0.15006 loss_pv_va:0.17957
INFO|2024-09-26 05:48:45: Epoch[063/100], iter[157/392], loss_total:0.55261, loss_equ:1.59790 loss_pq_vm:0.00955 loss_pq_va:0.13609 loss_pv_va:0.16127
INFO|2024-09-26 05:50:04: Epoch[063/100], iter[196/392], loss_total:0.59595, loss_equ:1.64642 loss_pq_vm:0.01082 loss_pq_va:0.14659 loss_pv_va:0.17653
INFO|2024-09-26 05:51:22: Epoch[063/100], iter[235/392], loss_total:0.58310, loss_equ:1.68385 loss_pq_vm:0.01011 loss_pq_va:0.14287 loss_pv_va:0.17074
INFO|2024-09-26 05:52:40: Epoch[063/100], iter[274/392], loss_total:0.60014, loss_equ:1.67265 loss_pq_vm:0.01062 loss_pq_va:0.14960 loss_pv_va:0.17708
INFO|2024-09-26 05:53:58: Epoch[063/100], iter[313/392], loss_total:0.70418, loss_equ:1.78791 loss_pq_vm:0.01755 loss_pq_va:0.16167 loss_pv_va:0.18826
INFO|2024-09-26 05:55:17: Epoch[063/100], iter[352/392], loss_total:0.64261, loss_equ:1.74751 loss_pq_vm:0.01121 loss_pq_va:0.16219 loss_pv_va:0.19362
INFO|2024-09-26 05:56:37: Epoch[063/100], iter[392/392], loss_total:0.63291, loss_equ:1.76595 loss_pq_vm:0.01063 loss_pq_va:0.16250 loss_pv_va:0.18756
INFO|2024-09-26 05:59:08: Epoch 62/100, lr:  0.00030841, eta: 9.66h, train_loss:  0.61202, valid_loss:  0.84972
INFO|2024-09-26 05:59:08: 	Train: PQ_Vm_rmse: 0.00039201  PQ_Va_rmse: 0.00366246  PV_Va_rmse: 0.00416411  delta_p: 0.01574590  delta_q: 0.00398199  
INFO|2024-09-26 05:59:08: 	ZTest: PQ_Vm_rmse: 0.00086707  PQ_Va_rmse: 0.00917627  PV_Va_rmse: 0.01005978  delta_p: 0.02525240  delta_q: 0.00578532  
INFO|2024-09-26 05:59:08: 	ZTest-ema: PQ_Vm_rmse: 0.000969  PQ_Va_rmse: 0.010489  PV_Va_rmse: 0.011542  delta_p: 0.023707  delta_q: 0.005781  
INFO|2024-09-26 05:59:08: 	           ValOfEMA:0.011542/0.011286,  Epoch:63/62
INFO|2024-09-26 05:59:10: 	Time(ep):939s,  Val(curr/best):0.010060/0.010060,  Epoch(curr/best):63/63
INFO|2024-09-26 05:59:10: -------------------- Epoch: 64 --------------------
INFO|2024-09-26 06:00:32: Epoch[064/100], iter[040/392], loss_total:0.57073, loss_equ:1.63451 loss_pq_vm:0.00964 loss_pq_va:0.14129 loss_pv_va:0.16957
INFO|2024-09-26 06:01:50: Epoch[064/100], iter[079/392], loss_total:0.57139, loss_equ:1.68366 loss_pq_vm:0.00930 loss_pq_va:0.13922 loss_pv_va:0.17082
INFO|2024-09-26 06:03:08: Epoch[064/100], iter[118/392], loss_total:0.56686, loss_equ:1.66650 loss_pq_vm:0.00933 loss_pq_va:0.13969 loss_pv_va:0.16717
INFO|2024-09-26 06:04:27: Epoch[064/100], iter[157/392], loss_total:0.56771, loss_equ:1.60899 loss_pq_vm:0.00951 loss_pq_va:0.14069 loss_pv_va:0.17097
INFO|2024-09-26 06:05:45: Epoch[064/100], iter[196/392], loss_total:0.57666, loss_equ:1.64359 loss_pq_vm:0.00976 loss_pq_va:0.14259 loss_pv_va:0.17208
INFO|2024-09-26 06:07:04: Epoch[064/100], iter[235/392], loss_total:0.55777, loss_equ:1.57895 loss_pq_vm:0.01010 loss_pq_va:0.13579 loss_pv_va:0.16305
INFO|2024-09-26 06:08:22: Epoch[064/100], iter[274/392], loss_total:0.55301, loss_equ:1.56797 loss_pq_vm:0.00912 loss_pq_va:0.13815 loss_pv_va:0.16687
INFO|2024-09-26 06:09:41: Epoch[064/100], iter[313/392], loss_total:0.55875, loss_equ:1.60239 loss_pq_vm:0.00953 loss_pq_va:0.13814 loss_pv_va:0.16507
INFO|2024-09-26 06:10:59: Epoch[064/100], iter[352/392], loss_total:0.59941, loss_equ:1.70626 loss_pq_vm:0.01176 loss_pq_va:0.14334 loss_pv_va:0.16780
INFO|2024-09-26 06:12:19: Epoch[064/100], iter[392/392], loss_total:0.56919, loss_equ:1.67539 loss_pq_vm:0.00937 loss_pq_va:0.13961 loss_pv_va:0.16830
INFO|2024-09-26 06:14:49: Epoch 63/100, lr:  0.00029424, eta: 9.39h, train_loss:  0.58241, valid_loss:  0.81564
INFO|2024-09-26 06:14:49: 	Train: PQ_Vm_rmse: 0.00032467  PQ_Va_rmse: 0.00335882  PV_Va_rmse: 0.00388278  delta_p: 0.01420148  delta_q: 0.00331344  
INFO|2024-09-26 06:14:49: 	ZTest: PQ_Vm_rmse: 0.00099145  PQ_Va_rmse: 0.01052571  PV_Va_rmse: 0.01162549  delta_p: 0.02691345  delta_q: 0.00652265  
INFO|2024-09-26 06:14:49: 	ZTest-ema: PQ_Vm_rmse: 0.000965  PQ_Va_rmse: 0.010271  PV_Va_rmse: 0.011257  delta_p: 0.022786  delta_q: 0.005406  
INFO|2024-09-26 06:14:49: 	           ValOfEMA:0.011257/0.011257,  Epoch:64/64
INFO|2024-09-26 06:14:50: 	Time(ep):938s,  Val(curr/best):0.011625/0.010060,  Epoch(curr/best):64/63
INFO|2024-09-26 06:14:50: -------------------- Epoch: 65 --------------------
INFO|2024-09-26 06:16:11: Epoch[065/100], iter[040/392], loss_total:0.56729, loss_equ:1.63036 loss_pq_vm:0.00967 loss_pq_va:0.13974 loss_pv_va:0.16781
INFO|2024-09-26 06:17:29: Epoch[065/100], iter[079/392], loss_total:0.59076, loss_equ:1.61295 loss_pq_vm:0.00958 loss_pq_va:0.15219 loss_pv_va:0.18148
INFO|2024-09-26 06:18:48: Epoch[065/100], iter[118/392], loss_total:0.60020, loss_equ:1.70957 loss_pq_vm:0.01075 loss_pq_va:0.14659 loss_pv_va:0.17511
INFO|2024-09-26 06:20:06: Epoch[065/100], iter[157/392], loss_total:0.58346, loss_equ:1.62308 loss_pq_vm:0.00994 loss_pq_va:0.14636 loss_pv_va:0.17539
INFO|2024-09-26 06:21:24: Epoch[065/100], iter[196/392], loss_total:0.55005, loss_equ:1.60405 loss_pq_vm:0.00882 loss_pq_va:0.13606 loss_pv_va:0.16542
INFO|2024-09-26 06:22:42: Epoch[065/100], iter[235/392], loss_total:0.54702, loss_equ:1.60102 loss_pq_vm:0.01001 loss_pq_va:0.13038 loss_pv_va:0.15643
INFO|2024-09-26 06:24:01: Epoch[065/100], iter[274/392], loss_total:0.54688, loss_equ:1.62239 loss_pq_vm:0.00912 loss_pq_va:0.13261 loss_pv_va:0.16085
INFO|2024-09-26 06:25:19: Epoch[065/100], iter[313/392], loss_total:0.57409, loss_equ:1.70203 loss_pq_vm:0.00961 loss_pq_va:0.14018 loss_pv_va:0.16758
INFO|2024-09-26 06:26:38: Epoch[065/100], iter[352/392], loss_total:0.67480, loss_equ:1.86377 loss_pq_vm:0.01129 loss_pq_va:0.17535 loss_pv_va:0.20013
INFO|2024-09-26 06:27:58: Epoch[065/100], iter[392/392], loss_total:0.66352, loss_equ:1.74824 loss_pq_vm:0.01114 loss_pq_va:0.17360 loss_pv_va:0.20371
INFO|2024-09-26 06:30:30: Epoch 64/100, lr:  0.00028027, eta: 9.14h, train_loss:  0.57979, valid_loss:  0.81107
INFO|2024-09-26 06:30:30: 	Train: PQ_Vm_rmse: 0.00033626  PQ_Va_rmse: 0.00320654  PV_Va_rmse: 0.00371002  delta_p: 0.01330874  delta_q: 0.00343572  
INFO|2024-09-26 06:30:30: 	ZTest: PQ_Vm_rmse: 0.00100477  PQ_Va_rmse: 0.01107466  PV_Va_rmse: 0.01224088  delta_p: 0.03100869  delta_q: 0.00733529  
INFO|2024-09-26 06:30:30: 	ZTest-ema: PQ_Vm_rmse: 0.000975  PQ_Va_rmse: 0.010307  PV_Va_rmse: 0.011357  delta_p: 0.025009  delta_q: 0.006036  
INFO|2024-09-26 06:30:30: 	           ValOfEMA:0.011357/0.011257,  Epoch:65/64
INFO|2024-09-26 06:30:31: 	Time(ep):939s,  Val(curr/best):0.012241/0.010060,  Epoch(curr/best):65/63
INFO|2024-09-26 06:30:31: -------------------- Epoch: 66 --------------------
INFO|2024-09-26 06:31:52: Epoch[066/100], iter[040/392], loss_total:0.54659, loss_equ:1.57189 loss_pq_vm:0.00926 loss_pq_va:0.13381 loss_pv_va:0.16302
INFO|2024-09-26 06:33:11: Epoch[066/100], iter[079/392], loss_total:0.57351, loss_equ:1.58205 loss_pq_vm:0.00986 loss_pq_va:0.14357 loss_pv_va:0.17311
INFO|2024-09-26 06:34:28: Epoch[066/100], iter[118/392], loss_total:0.55786, loss_equ:1.61487 loss_pq_vm:0.00955 loss_pq_va:0.13598 loss_pv_va:0.16487
INFO|2024-09-26 06:35:45: Epoch[066/100], iter[157/392], loss_total:0.58894, loss_equ:1.66019 loss_pq_vm:0.01117 loss_pq_va:0.14078 loss_pv_va:0.17049
INFO|2024-09-26 06:37:02: Epoch[066/100], iter[196/392], loss_total:0.59804, loss_equ:1.73383 loss_pq_vm:0.01131 loss_pq_va:0.14168 loss_pv_va:0.16989
INFO|2024-09-26 06:38:19: Epoch[066/100], iter[235/392], loss_total:0.58797, loss_equ:1.71819 loss_pq_vm:0.01039 loss_pq_va:0.14109 loss_pv_va:0.17119
INFO|2024-09-26 06:39:36: Epoch[066/100], iter[274/392], loss_total:0.53472, loss_equ:1.60468 loss_pq_vm:0.00949 loss_pq_va:0.12761 loss_pv_va:0.15171
INFO|2024-09-26 06:40:54: Epoch[066/100], iter[313/392], loss_total:0.57649, loss_equ:1.69954 loss_pq_vm:0.01000 loss_pq_va:0.13977 loss_pv_va:0.16673
INFO|2024-09-26 06:42:12: Epoch[066/100], iter[352/392], loss_total:0.57578, loss_equ:1.70256 loss_pq_vm:0.01120 loss_pq_va:0.13350 loss_pv_va:0.16000
INFO|2024-09-26 06:43:32: Epoch[066/100], iter[392/392], loss_total:0.64011, loss_equ:1.75870 loss_pq_vm:0.01348 loss_pq_va:0.14987 loss_pv_va:0.17957
INFO|2024-09-26 06:46:04: Epoch 65/100, lr:  0.00026653, eta: 8.81h, train_loss:  0.58443, valid_loss:  0.83929
INFO|2024-09-26 06:46:04: 	Train: PQ_Vm_rmse: 0.00036061  PQ_Va_rmse: 0.00345671  PV_Va_rmse: 0.00399331  delta_p: 0.01447723  delta_q: 0.00354148  
INFO|2024-09-26 06:46:04: 	ZTest: PQ_Vm_rmse: 0.00107318  PQ_Va_rmse: 0.01036057  PV_Va_rmse: 0.01143108  delta_p: 0.03260637  delta_q: 0.00950352  
INFO|2024-09-26 06:46:04: 	ZTest-ema: PQ_Vm_rmse: 0.000931  PQ_Va_rmse: 0.009870  PV_Va_rmse: 0.010857  delta_p: 0.025819  delta_q: 0.005839  
INFO|2024-09-26 06:46:04: 	           ValOfEMA:0.010857/0.010857,  Epoch:66/66
INFO|2024-09-26 06:46:05: 	Time(ep):932s,  Val(curr/best):0.011431/0.010060,  Epoch(curr/best):66/63
INFO|2024-09-26 06:46:05: -------------------- Epoch: 67 --------------------
INFO|2024-09-26 06:47:27: Epoch[067/100], iter[040/392], loss_total:0.56556, loss_equ:1.60859 loss_pq_vm:0.01149 loss_pq_va:0.13209 loss_pv_va:0.15774
INFO|2024-09-26 06:48:45: Epoch[067/100], iter[079/392], loss_total:0.55384, loss_equ:1.55446 loss_pq_vm:0.00900 loss_pq_va:0.14030 loss_pv_va:0.16811
INFO|2024-09-26 06:50:02: Epoch[067/100], iter[118/392], loss_total:0.54918, loss_equ:1.64771 loss_pq_vm:0.00968 loss_pq_va:0.12964 loss_pv_va:0.15797
INFO|2024-09-26 06:51:19: Epoch[067/100], iter[157/392], loss_total:0.56253, loss_equ:1.59751 loss_pq_vm:0.01005 loss_pq_va:0.13643 loss_pv_va:0.16582
INFO|2024-09-26 06:52:36: Epoch[067/100], iter[196/392], loss_total:0.55624, loss_equ:1.60006 loss_pq_vm:0.00955 loss_pq_va:0.13589 loss_pv_va:0.16481
INFO|2024-09-26 06:53:53: Epoch[067/100], iter[235/392], loss_total:0.60660, loss_equ:1.70918 loss_pq_vm:0.01056 loss_pq_va:0.14877 loss_pv_va:0.18136
INFO|2024-09-26 06:55:11: Epoch[067/100], iter[274/392], loss_total:0.57489, loss_equ:1.65297 loss_pq_vm:0.00960 loss_pq_va:0.14258 loss_pv_va:0.17100
INFO|2024-09-26 06:56:28: Epoch[067/100], iter[313/392], loss_total:0.60494, loss_equ:1.71883 loss_pq_vm:0.01193 loss_pq_va:0.14128 loss_pv_va:0.17248
INFO|2024-09-26 06:57:45: Epoch[067/100], iter[352/392], loss_total:0.70189, loss_equ:1.77445 loss_pq_vm:0.01251 loss_pq_va:0.18507 loss_pv_va:0.21427
INFO|2024-09-26 06:59:06: Epoch[067/100], iter[392/392], loss_total:0.58311, loss_equ:1.64442 loss_pq_vm:0.00984 loss_pq_va:0.14558 loss_pv_va:0.17465
INFO|2024-09-26 07:01:37: Epoch 66/100, lr:  0.00025302, eta: 8.55h, train_loss:  0.57850, valid_loss:  0.79441
INFO|2024-09-26 07:01:37: 	Train: PQ_Vm_rmse: 0.00032268  PQ_Va_rmse: 0.00324499  PV_Va_rmse: 0.00377765  delta_p: 0.01374087  delta_q: 0.00339627  
INFO|2024-09-26 07:01:37: 	ZTest: PQ_Vm_rmse: 0.00095036  PQ_Va_rmse: 0.01043586  PV_Va_rmse: 0.01151638  delta_p: 0.02463562  delta_q: 0.00590495  
INFO|2024-09-26 07:01:37: 	ZTest-ema: PQ_Vm_rmse: 0.000967  PQ_Va_rmse: 0.010355  PV_Va_rmse: 0.011408  delta_p: 0.022530  delta_q: 0.005423  
INFO|2024-09-26 07:01:37: 	           ValOfEMA:0.011408/0.010857,  Epoch:67/66
INFO|2024-09-26 07:01:38: 	Time(ep):932s,  Val(curr/best):0.011516/0.010060,  Epoch(curr/best):67/63
INFO|2024-09-26 07:01:38: -------------------- Epoch: 68 --------------------
INFO|2024-09-26 07:02:58: Epoch[068/100], iter[040/392], loss_total:0.59842, loss_equ:1.65077 loss_pq_vm:0.01065 loss_pq_va:0.14990 loss_pv_va:0.17691
INFO|2024-09-26 07:04:16: Epoch[068/100], iter[079/392], loss_total:0.55920, loss_equ:1.61507 loss_pq_vm:0.00986 loss_pq_va:0.13607 loss_pv_va:0.16298
INFO|2024-09-26 07:05:34: Epoch[068/100], iter[118/392], loss_total:0.58291, loss_equ:1.62045 loss_pq_vm:0.01029 loss_pq_va:0.14497 loss_pv_va:0.17294
INFO|2024-09-26 07:06:53: Epoch[068/100], iter[157/392], loss_total:0.55406, loss_equ:1.56493 loss_pq_vm:0.00948 loss_pq_va:0.13718 loss_pv_va:0.16558
INFO|2024-09-26 07:08:10: Epoch[068/100], iter[196/392], loss_total:0.57574, loss_equ:1.62160 loss_pq_vm:0.01169 loss_pq_va:0.13499 loss_pv_va:0.16168
INFO|2024-09-26 07:09:28: Epoch[068/100], iter[235/392], loss_total:0.74949, loss_equ:2.24845 loss_pq_vm:0.01375 loss_pq_va:0.17235 loss_pv_va:0.21480
INFO|2024-09-26 07:10:46: Epoch[068/100], iter[274/392], loss_total:0.72418, loss_equ:2.20997 loss_pq_vm:0.01393 loss_pq_va:0.16649 loss_pv_va:0.19739
INFO|2024-09-26 07:12:04: Epoch[068/100], iter[313/392], loss_total:0.53498, loss_equ:1.61668 loss_pq_vm:0.00914 loss_pq_va:0.12769 loss_pv_va:0.15424
INFO|2024-09-26 07:13:23: Epoch[068/100], iter[352/392], loss_total:0.56097, loss_equ:1.63243 loss_pq_vm:0.00958 loss_pq_va:0.13552 loss_pv_va:0.16637
INFO|2024-09-26 07:14:43: Epoch[068/100], iter[392/392], loss_total:0.54355, loss_equ:1.59451 loss_pq_vm:0.00895 loss_pq_va:0.13393 loss_pv_va:0.16064
INFO|2024-09-26 07:17:13: Epoch 67/100, lr:  0.00023977, eta: 8.31h, train_loss:  0.58815, valid_loss:  0.80552
INFO|2024-09-26 07:17:13: 	Train: PQ_Vm_rmse: 0.00037119  PQ_Va_rmse: 0.00321662  PV_Va_rmse: 0.00378196  delta_p: 0.01473281  delta_q: 0.00381490  
INFO|2024-09-26 07:17:13: 	ZTest: PQ_Vm_rmse: 0.00103543  PQ_Va_rmse: 0.01109274  PV_Va_rmse: 0.01227683  delta_p: 0.02673510  delta_q: 0.00584192  
INFO|2024-09-26 07:17:13: 	ZTest-ema: PQ_Vm_rmse: 0.000961  PQ_Va_rmse: 0.010229  PV_Va_rmse: 0.011211  delta_p: 0.021664  delta_q: 0.005174  
INFO|2024-09-26 07:17:13: 	           ValOfEMA:0.011211/0.010857,  Epoch:68/66
INFO|2024-09-26 07:17:14: 	Time(ep):934s,  Val(curr/best):0.012277/0.010060,  Epoch(curr/best):68/63
INFO|2024-09-26 07:17:14: -------------------- Epoch: 69 --------------------
INFO|2024-09-26 07:18:36: Epoch[069/100], iter[040/392], loss_total:0.54862, loss_equ:1.58860 loss_pq_vm:0.00936 loss_pq_va:0.13297 loss_pv_va:0.16314
INFO|2024-09-26 07:19:54: Epoch[069/100], iter[079/392], loss_total:0.54678, loss_equ:1.60462 loss_pq_vm:0.00953 loss_pq_va:0.13175 loss_pv_va:0.15930
INFO|2024-09-26 07:21:12: Epoch[069/100], iter[118/392], loss_total:0.55673, loss_equ:1.62722 loss_pq_vm:0.00916 loss_pq_va:0.13620 loss_pv_va:0.16616
INFO|2024-09-26 07:22:31: Epoch[069/100], iter[157/392], loss_total:0.63186, loss_equ:1.65136 loss_pq_vm:0.01039 loss_pq_va:0.16642 loss_pv_va:0.19639
INFO|2024-09-26 07:23:49: Epoch[069/100], iter[196/392], loss_total:0.55144, loss_equ:1.59355 loss_pq_vm:0.00989 loss_pq_va:0.13323 loss_pv_va:0.15994
INFO|2024-09-26 07:25:08: Epoch[069/100], iter[235/392], loss_total:0.55236, loss_equ:1.53667 loss_pq_vm:0.00931 loss_pq_va:0.13895 loss_pv_va:0.16668
INFO|2024-09-26 07:26:26: Epoch[069/100], iter[274/392], loss_total:0.54605, loss_equ:1.56506 loss_pq_vm:0.00910 loss_pq_va:0.13568 loss_pv_va:0.16291
INFO|2024-09-26 07:27:44: Epoch[069/100], iter[313/392], loss_total:0.57925, loss_equ:1.59723 loss_pq_vm:0.00985 loss_pq_va:0.14591 loss_pv_va:0.17513
INFO|2024-09-26 07:29:03: Epoch[069/100], iter[352/392], loss_total:0.53544, loss_equ:1.54744 loss_pq_vm:0.00901 loss_pq_va:0.13170 loss_pv_va:0.15885
INFO|2024-09-26 07:30:23: Epoch[069/100], iter[392/392], loss_total:0.53330, loss_equ:1.57050 loss_pq_vm:0.00901 loss_pq_va:0.12971 loss_pv_va:0.15639
INFO|2024-09-26 07:32:54: Epoch 68/100, lr:  0.00022677, eta: 8.1h, train_loss:  0.55858, valid_loss:  0.80130
INFO|2024-09-26 07:32:54: 	Train: PQ_Vm_rmse: 0.00029306  PQ_Va_rmse: 0.00292132  PV_Va_rmse: 0.00343131  delta_p: 0.01186376  delta_q: 0.00290736  
INFO|2024-09-26 07:32:54: 	ZTest: PQ_Vm_rmse: 0.00099987  PQ_Va_rmse: 0.01094694  PV_Va_rmse: 0.01200242  delta_p: 0.02597232  delta_q: 0.00573365  
INFO|2024-09-26 07:32:54: 	ZTest-ema: PQ_Vm_rmse: 0.000961  PQ_Va_rmse: 0.010243  PV_Va_rmse: 0.011228  delta_p: 0.021581  delta_q: 0.005166  
INFO|2024-09-26 07:32:54: 	           ValOfEMA:0.011228/0.010857,  Epoch:69/66
INFO|2024-09-26 07:32:55: 	Time(ep):940s,  Val(curr/best):0.012002/0.010060,  Epoch(curr/best):69/63
INFO|2024-09-26 07:32:55: -------------------- Epoch: 70 --------------------
INFO|2024-09-26 07:34:17: Epoch[070/100], iter[040/392], loss_total:0.54998, loss_equ:1.57701 loss_pq_vm:0.00945 loss_pq_va:0.13406 loss_pv_va:0.16375
INFO|2024-09-26 07:35:35: Epoch[070/100], iter[079/392], loss_total:0.52540, loss_equ:1.56989 loss_pq_vm:0.00850 loss_pq_va:0.12785 loss_pv_va:0.15552
INFO|2024-09-26 07:36:53: Epoch[070/100], iter[118/392], loss_total:0.51176, loss_equ:1.51673 loss_pq_vm:0.00854 loss_pq_va:0.12490 loss_pv_va:0.14984
INFO|2024-09-26 07:38:12: Epoch[070/100], iter[157/392], loss_total:0.56700, loss_equ:1.60819 loss_pq_vm:0.00978 loss_pq_va:0.13965 loss_pv_va:0.16875
INFO|2024-09-26 07:39:30: Epoch[070/100], iter[196/392], loss_total:0.55743, loss_equ:1.58915 loss_pq_vm:0.00907 loss_pq_va:0.14092 loss_pv_va:0.16691
INFO|2024-09-26 07:40:48: Epoch[070/100], iter[235/392], loss_total:0.52204, loss_equ:1.55294 loss_pq_vm:0.00849 loss_pq_va:0.12800 loss_pv_va:0.15388
INFO|2024-09-26 07:42:06: Epoch[070/100], iter[274/392], loss_total:0.54016, loss_equ:1.56535 loss_pq_vm:0.00914 loss_pq_va:0.13348 loss_pv_va:0.15872
INFO|2024-09-26 07:43:25: Epoch[070/100], iter[313/392], loss_total:0.77836, loss_equ:1.94287 loss_pq_vm:0.01296 loss_pq_va:0.20854 loss_pv_va:0.24596
INFO|2024-09-26 07:44:43: Epoch[070/100], iter[352/392], loss_total:0.58212, loss_equ:1.67145 loss_pq_vm:0.00978 loss_pq_va:0.14496 loss_pv_va:0.17223
INFO|2024-09-26 07:46:03: Epoch[070/100], iter[392/392], loss_total:0.52819, loss_equ:1.54912 loss_pq_vm:0.00906 loss_pq_va:0.12807 loss_pv_va:0.15462
INFO|2024-09-26 07:48:35: Epoch 69/100, lr:  0.00021405, eta: 7.83h, train_loss:  0.55935, valid_loss:  0.80459
INFO|2024-09-26 07:48:35: 	Train: PQ_Vm_rmse: 0.00027664  PQ_Va_rmse: 0.00276228  PV_Va_rmse: 0.00320785  delta_p: 0.01189088  delta_q: 0.00297213  
INFO|2024-09-26 07:48:35: 	ZTest: PQ_Vm_rmse: 0.00106083  PQ_Va_rmse: 0.01076657  PV_Va_rmse: 0.01175744  delta_p: 0.02317067  delta_q: 0.00592955  
INFO|2024-09-26 07:48:35: 	ZTest-ema: PQ_Vm_rmse: 0.000984  PQ_Va_rmse: 0.010343  PV_Va_rmse: 0.011275  delta_p: 0.021820  delta_q: 0.005298  
INFO|2024-09-26 07:48:35: 	           ValOfEMA:0.011275/0.010857,  Epoch:70/66
INFO|2024-09-26 07:48:36: 	Time(ep):939s,  Val(curr/best):0.011757/0.010060,  Epoch(curr/best):70/63
INFO|2024-09-26 07:48:36: -------------------- Epoch: 71 --------------------
INFO|2024-09-26 07:49:58: Epoch[071/100], iter[040/392], loss_total:0.57497, loss_equ:1.61761 loss_pq_vm:0.01008 loss_pq_va:0.14139 loss_pv_va:0.17102
INFO|2024-09-26 07:51:16: Epoch[071/100], iter[079/392], loss_total:0.54669, loss_equ:1.53917 loss_pq_vm:0.00932 loss_pq_va:0.13697 loss_pv_va:0.16263
INFO|2024-09-26 07:52:34: Epoch[071/100], iter[118/392], loss_total:0.56446, loss_equ:1.58687 loss_pq_vm:0.00984 loss_pq_va:0.13916 loss_pv_va:0.16826
INFO|2024-09-26 07:53:52: Epoch[071/100], iter[157/392], loss_total:0.53708, loss_equ:1.56527 loss_pq_vm:0.00939 loss_pq_va:0.12952 loss_pv_va:0.15714
INFO|2024-09-26 07:55:10: Epoch[071/100], iter[196/392], loss_total:0.55051, loss_equ:1.55079 loss_pq_vm:0.00993 loss_pq_va:0.13462 loss_pv_va:0.16147
INFO|2024-09-26 07:56:28: Epoch[071/100], iter[235/392], loss_total:0.53884, loss_equ:1.57577 loss_pq_vm:0.00950 loss_pq_va:0.12831 loss_pv_va:0.15791
INFO|2024-09-26 07:57:47: Epoch[071/100], iter[274/392], loss_total:0.55184, loss_equ:1.62366 loss_pq_vm:0.00925 loss_pq_va:0.13465 loss_pv_va:0.16234
INFO|2024-09-26 07:59:04: Epoch[071/100], iter[313/392], loss_total:0.54194, loss_equ:1.57888 loss_pq_vm:0.00897 loss_pq_va:0.13308 loss_pv_va:0.16129
INFO|2024-09-26 08:00:22: Epoch[071/100], iter[352/392], loss_total:0.56578, loss_equ:1.59064 loss_pq_vm:0.00997 loss_pq_va:0.13983 loss_pv_va:0.16722
INFO|2024-09-26 08:01:42: Epoch[071/100], iter[392/392], loss_total:0.58336, loss_equ:1.62644 loss_pq_vm:0.00965 loss_pq_va:0.14768 loss_pv_va:0.17651
INFO|2024-09-26 08:04:13: Epoch 70/100, lr:  0.00020161, eta: 7.55h, train_loss:  0.54942, valid_loss:  0.78198
INFO|2024-09-26 08:04:13: 	Train: PQ_Vm_rmse: 0.00028530  PQ_Va_rmse: 0.00277142  PV_Va_rmse: 0.00325383  delta_p: 0.01140870  delta_q: 0.00285087  
INFO|2024-09-26 08:04:13: 	ZTest: PQ_Vm_rmse: 0.00095564  PQ_Va_rmse: 0.00994109  PV_Va_rmse: 0.01082466  delta_p: 0.02141085  delta_q: 0.00531960  
INFO|2024-09-26 08:04:13: 	ZTest-ema: PQ_Vm_rmse: 0.000948  PQ_Va_rmse: 0.010189  PV_Va_rmse: 0.011085  delta_p: 0.020686  delta_q: 0.005056  
INFO|2024-09-26 08:04:13: 	           ValOfEMA:0.011085/0.010857,  Epoch:71/66
INFO|2024-09-26 08:04:14: 	Time(ep):936s,  Val(curr/best):0.010825/0.010060,  Epoch(curr/best):71/63
INFO|2024-09-26 08:04:14: -------------------- Epoch: 72 --------------------
INFO|2024-09-26 08:05:36: Epoch[072/100], iter[040/392], loss_total:0.51849, loss_equ:1.55470 loss_pq_vm:0.00901 loss_pq_va:0.12322 loss_pv_va:0.14971
INFO|2024-09-26 08:06:54: Epoch[072/100], iter[079/392], loss_total:0.57543, loss_equ:1.56599 loss_pq_vm:0.00981 loss_pq_va:0.14686 loss_pv_va:0.17385
INFO|2024-09-26 08:08:12: Epoch[072/100], iter[118/392], loss_total:0.55542, loss_equ:1.59784 loss_pq_vm:0.00962 loss_pq_va:0.13500 loss_pv_va:0.16445
INFO|2024-09-26 08:09:31: Epoch[072/100], iter[157/392], loss_total:0.53287, loss_equ:1.52269 loss_pq_vm:0.00952 loss_pq_va:0.12858 loss_pv_va:0.15685
INFO|2024-09-26 08:10:49: Epoch[072/100], iter[196/392], loss_total:0.55481, loss_equ:1.57319 loss_pq_vm:0.00961 loss_pq_va:0.13729 loss_pv_va:0.16410
INFO|2024-09-26 08:12:08: Epoch[072/100], iter[235/392], loss_total:0.53190, loss_equ:1.55076 loss_pq_vm:0.00899 loss_pq_va:0.12934 loss_pv_va:0.15758
INFO|2024-09-26 08:13:27: Epoch[072/100], iter[274/392], loss_total:0.52215, loss_equ:1.51993 loss_pq_vm:0.00918 loss_pq_va:0.12601 loss_pv_va:0.15238
INFO|2024-09-26 08:14:45: Epoch[072/100], iter[313/392], loss_total:0.55178, loss_equ:1.57975 loss_pq_vm:0.00954 loss_pq_va:0.13492 loss_pv_va:0.16344
INFO|2024-09-26 08:16:03: Epoch[072/100], iter[352/392], loss_total:0.53077, loss_equ:1.54867 loss_pq_vm:0.00934 loss_pq_va:0.12721 loss_pv_va:0.15532
INFO|2024-09-26 08:17:24: Epoch[072/100], iter[392/392], loss_total:0.52676, loss_equ:1.55452 loss_pq_vm:0.00867 loss_pq_va:0.12890 loss_pv_va:0.15574
INFO|2024-09-26 08:19:54: Epoch 71/100, lr:  0.00018948, eta: 7.31h, train_loss:  0.54341, valid_loss:  0.78749
INFO|2024-09-26 08:19:54: 	Train: PQ_Vm_rmse: 0.00028592  PQ_Va_rmse: 0.00269555  PV_Va_rmse: 0.00312669  delta_p: 0.01012345  delta_q: 0.00272054  
INFO|2024-09-26 08:19:54: 	ZTest: PQ_Vm_rmse: 0.00095153  PQ_Va_rmse: 0.00995517  PV_Va_rmse: 0.01085300  delta_p: 0.01988456  delta_q: 0.00564721  
INFO|2024-09-26 08:19:54: 	ZTest-ema: PQ_Vm_rmse: 0.000936  PQ_Va_rmse: 0.010195  PV_Va_rmse: 0.011095  delta_p: 0.020179  delta_q: 0.004927  
INFO|2024-09-26 08:19:54: 	           ValOfEMA:0.011095/0.010857,  Epoch:72/66
INFO|2024-09-26 08:19:55: 	Time(ep):940s,  Val(curr/best):0.010853/0.010060,  Epoch(curr/best):72/63
INFO|2024-09-26 08:19:55: -------------------- Epoch: 73 --------------------
INFO|2024-09-26 08:21:18: Epoch[073/100], iter[040/392], loss_total:0.55408, loss_equ:1.57326 loss_pq_vm:0.00911 loss_pq_va:0.13841 loss_pv_va:0.16724
INFO|2024-09-26 08:22:36: Epoch[073/100], iter[079/392], loss_total:0.54007, loss_equ:1.57619 loss_pq_vm:0.00922 loss_pq_va:0.13095 loss_pv_va:0.15927
INFO|2024-09-26 08:23:54: Epoch[073/100], iter[118/392], loss_total:0.62401, loss_equ:1.58599 loss_pq_vm:0.01099 loss_pq_va:0.16336 loss_pv_va:0.19219
INFO|2024-09-26 08:25:12: Epoch[073/100], iter[157/392], loss_total:0.64149, loss_equ:1.70046 loss_pq_vm:0.01363 loss_pq_va:0.15382 loss_pv_va:0.18136
INFO|2024-09-26 08:26:30: Epoch[073/100], iter[196/392], loss_total:0.59682, loss_equ:1.59238 loss_pq_vm:0.00993 loss_pq_va:0.15518 loss_pv_va:0.18314
INFO|2024-09-26 08:27:48: Epoch[073/100], iter[235/392], loss_total:0.51870, loss_equ:1.51877 loss_pq_vm:0.00928 loss_pq_va:0.12296 loss_pv_va:0.15101
INFO|2024-09-26 08:29:06: Epoch[073/100], iter[274/392], loss_total:0.61831, loss_equ:1.71509 loss_pq_vm:0.01100 loss_pq_va:0.15108 loss_pv_va:0.18569
INFO|2024-09-26 08:30:24: Epoch[073/100], iter[313/392], loss_total:0.56539, loss_equ:1.58173 loss_pq_vm:0.00936 loss_pq_va:0.14239 loss_pv_va:0.17119
INFO|2024-09-26 08:31:42: Epoch[073/100], iter[352/392], loss_total:0.52952, loss_equ:1.56741 loss_pq_vm:0.00941 loss_pq_va:0.12442 loss_pv_va:0.15429
INFO|2024-09-26 08:33:02: Epoch[073/100], iter[392/392], loss_total:0.52039, loss_equ:1.53476 loss_pq_vm:0.00883 loss_pq_va:0.12623 loss_pv_va:0.15239
INFO|2024-09-26 08:35:34: Epoch 72/100, lr:  0.00017765, eta: 7.04h, train_loss:  0.56479, valid_loss:  0.77508
INFO|2024-09-26 08:35:34: 	Train: PQ_Vm_rmse: 0.00034732  PQ_Va_rmse: 0.00341701  PV_Va_rmse: 0.00391601  delta_p: 0.01251262  delta_q: 0.00342133  
INFO|2024-09-26 08:35:34: 	ZTest: PQ_Vm_rmse: 0.00092254  PQ_Va_rmse: 0.00993527  PV_Va_rmse: 0.01082060  delta_p: 0.02327516  delta_q: 0.00495188  
INFO|2024-09-26 08:35:34: 	ZTest-ema: PQ_Vm_rmse: 0.000936  PQ_Va_rmse: 0.010089  PV_Va_rmse: 0.011001  delta_p: 0.020449  delta_q: 0.004986  
INFO|2024-09-26 08:35:34: 	           ValOfEMA:0.011001/0.010857,  Epoch:73/66
INFO|2024-09-26 08:35:35: 	Time(ep):938s,  Val(curr/best):0.010821/0.010060,  Epoch(curr/best):73/63
INFO|2024-09-26 08:35:35: -------------------- Epoch: 74 --------------------
INFO|2024-09-26 08:36:57: Epoch[074/100], iter[040/392], loss_total:0.54208, loss_equ:1.58776 loss_pq_vm:0.00922 loss_pq_va:0.13107 loss_pv_va:0.16006
INFO|2024-09-26 08:38:15: Epoch[074/100], iter[079/392], loss_total:0.53419, loss_equ:1.57085 loss_pq_vm:0.00891 loss_pq_va:0.13031 loss_pv_va:0.15767
INFO|2024-09-26 08:39:33: Epoch[074/100], iter[118/392], loss_total:0.49620, loss_equ:1.52014 loss_pq_vm:0.00794 loss_pq_va:0.11933 loss_pv_va:0.14547
INFO|2024-09-26 08:40:52: Epoch[074/100], iter[157/392], loss_total:0.53340, loss_equ:1.55984 loss_pq_vm:0.00901 loss_pq_va:0.12983 loss_pv_va:0.15754
INFO|2024-09-26 08:42:10: Epoch[074/100], iter[196/392], loss_total:0.52404, loss_equ:1.55711 loss_pq_vm:0.00894 loss_pq_va:0.12578 loss_pv_va:0.15311
INFO|2024-09-26 08:43:29: Epoch[074/100], iter[235/392], loss_total:0.56627, loss_equ:1.59039 loss_pq_vm:0.00967 loss_pq_va:0.14106 loss_pv_va:0.16944
INFO|2024-09-26 08:44:47: Epoch[074/100], iter[274/392], loss_total:0.54173, loss_equ:1.51896 loss_pq_vm:0.00962 loss_pq_va:0.13353 loss_pv_va:0.16006
INFO|2024-09-26 08:46:05: Epoch[074/100], iter[313/392], loss_total:0.54984, loss_equ:1.53769 loss_pq_vm:0.01021 loss_pq_va:0.13283 loss_pv_va:0.16112
INFO|2024-09-26 08:47:24: Epoch[074/100], iter[352/392], loss_total:0.51951, loss_equ:1.54055 loss_pq_vm:0.00847 loss_pq_va:0.12633 loss_pv_va:0.15438
INFO|2024-09-26 08:48:44: Epoch[074/100], iter[392/392], loss_total:0.53523, loss_equ:1.57810 loss_pq_vm:0.00888 loss_pq_va:0.13086 loss_pv_va:0.15776
INFO|2024-09-26 08:51:15: Epoch 73/100, lr:  0.00016615, eta: 6.79h, train_loss:  0.53353, valid_loss:  0.77746
INFO|2024-09-26 08:51:15: 	Train: PQ_Vm_rmse: 0.00024407  PQ_Va_rmse: 0.00238440  PV_Va_rmse: 0.00279679  delta_p: 0.01099319  delta_q: 0.00237750  
INFO|2024-09-26 08:51:15: 	ZTest: PQ_Vm_rmse: 0.00096711  PQ_Va_rmse: 0.01049008  PV_Va_rmse: 0.01141360  delta_p: 0.02077292  delta_q: 0.00490756  
INFO|2024-09-26 08:51:15: 	ZTest-ema: PQ_Vm_rmse: 0.000947  PQ_Va_rmse: 0.010244  PV_Va_rmse: 0.011167  delta_p: 0.020228  delta_q: 0.004724  
INFO|2024-09-26 08:51:15: 	           ValOfEMA:0.011167/0.010857,  Epoch:74/66
INFO|2024-09-26 08:51:16: 	Time(ep):939s,  Val(curr/best):0.011414/0.010060,  Epoch(curr/best):74/63
INFO|2024-09-26 08:51:16: -------------------- Epoch: 75 --------------------
INFO|2024-09-26 08:52:37: Epoch[075/100], iter[040/392], loss_total:0.54448, loss_equ:1.55332 loss_pq_vm:0.00970 loss_pq_va:0.13267 loss_pv_va:0.15948
INFO|2024-09-26 08:53:53: Epoch[075/100], iter[079/392], loss_total:0.53842, loss_equ:1.57009 loss_pq_vm:0.00896 loss_pq_va:0.13307 loss_pv_va:0.15873
INFO|2024-09-26 08:55:10: Epoch[075/100], iter[118/392], loss_total:0.51791, loss_equ:1.56945 loss_pq_vm:0.00906 loss_pq_va:0.12214 loss_pv_va:0.14825
INFO|2024-09-26 08:56:28: Epoch[075/100], iter[157/392], loss_total:0.51822, loss_equ:1.54798 loss_pq_vm:0.00837 loss_pq_va:0.12484 loss_pv_va:0.15484
INFO|2024-09-26 08:57:46: Epoch[075/100], iter[196/392], loss_total:0.51035, loss_equ:1.58777 loss_pq_vm:0.00868 loss_pq_va:0.11870 loss_pv_va:0.14605
INFO|2024-09-26 08:59:04: Epoch[075/100], iter[235/392], loss_total:0.53831, loss_equ:1.55714 loss_pq_vm:0.00889 loss_pq_va:0.13220 loss_pv_va:0.16146
INFO|2024-09-26 09:00:22: Epoch[075/100], iter[274/392], loss_total:0.53505, loss_equ:1.56405 loss_pq_vm:0.00928 loss_pq_va:0.12760 loss_pv_va:0.15821
INFO|2024-09-26 09:01:39: Epoch[075/100], iter[313/392], loss_total:0.52323, loss_equ:1.53618 loss_pq_vm:0.00918 loss_pq_va:0.12404 loss_pv_va:0.15375
INFO|2024-09-26 09:02:56: Epoch[075/100], iter[352/392], loss_total:0.53128, loss_equ:1.53339 loss_pq_vm:0.00900 loss_pq_va:0.13064 loss_pv_va:0.15729
INFO|2024-09-26 09:04:15: Epoch[075/100], iter[392/392], loss_total:0.48317, loss_equ:1.45165 loss_pq_vm:0.00779 loss_pq_va:0.11707 loss_pv_va:0.14306
INFO|2024-09-26 09:06:47: Epoch 74/100, lr:  0.00015498, eta: 6.47h, train_loss:  0.52864, valid_loss:  0.78715
INFO|2024-09-26 09:06:47: 	Train: PQ_Vm_rmse: 0.00023514  PQ_Va_rmse: 0.00224809  PV_Va_rmse: 0.00263197  delta_p: 0.01129311  delta_q: 0.00238712  
INFO|2024-09-26 09:06:47: 	ZTest: PQ_Vm_rmse: 0.00098846  PQ_Va_rmse: 0.01109458  PV_Va_rmse: 0.01208526  delta_p: 0.02095721  delta_q: 0.00487792  
INFO|2024-09-26 09:06:47: 	ZTest-ema: PQ_Vm_rmse: 0.000950  PQ_Va_rmse: 0.010315  PV_Va_rmse: 0.011238  delta_p: 0.019098  delta_q: 0.004575  
INFO|2024-09-26 09:06:47: 	           ValOfEMA:0.011238/0.010857,  Epoch:75/66
INFO|2024-09-26 09:06:48: 	Time(ep):931s,  Val(curr/best):0.012085/0.010060,  Epoch(curr/best):75/63
INFO|2024-09-26 09:06:48: -------------------- Epoch: 76 --------------------
INFO|2024-09-26 09:08:10: Epoch[076/100], iter[040/392], loss_total:0.53214, loss_equ:1.54561 loss_pq_vm:0.00871 loss_pq_va:0.13046 loss_pv_va:0.16003
INFO|2024-09-26 09:09:28: Epoch[076/100], iter[079/392], loss_total:0.55480, loss_equ:1.57468 loss_pq_vm:0.00941 loss_pq_va:0.13796 loss_pv_va:0.16530
INFO|2024-09-26 09:10:47: Epoch[076/100], iter[118/392], loss_total:0.57482, loss_equ:1.54214 loss_pq_vm:0.01004 loss_pq_va:0.14583 loss_pv_va:0.17438
INFO|2024-09-26 09:12:05: Epoch[076/100], iter[157/392], loss_total:0.52645, loss_equ:1.55140 loss_pq_vm:0.00864 loss_pq_va:0.12798 loss_pv_va:0.15697
INFO|2024-09-26 09:13:24: Epoch[076/100], iter[196/392], loss_total:0.52959, loss_equ:1.55322 loss_pq_vm:0.00887 loss_pq_va:0.12828 loss_pv_va:0.15732
INFO|2024-09-26 09:14:42: Epoch[076/100], iter[235/392], loss_total:0.53107, loss_equ:1.59113 loss_pq_vm:0.00883 loss_pq_va:0.12928 loss_pv_va:0.15435
INFO|2024-09-26 09:16:00: Epoch[076/100], iter[274/392], loss_total:0.53819, loss_equ:1.55730 loss_pq_vm:0.00850 loss_pq_va:0.13518 loss_pv_va:0.16228
INFO|2024-09-26 09:17:19: Epoch[076/100], iter[313/392], loss_total:0.54246, loss_equ:1.60178 loss_pq_vm:0.00902 loss_pq_va:0.13114 loss_pv_va:0.16090
INFO|2024-09-26 09:18:38: Epoch[076/100], iter[352/392], loss_total:0.52575, loss_equ:1.55569 loss_pq_vm:0.00893 loss_pq_va:0.12613 loss_pv_va:0.15474
INFO|2024-09-26 09:19:57: Epoch[076/100], iter[392/392], loss_total:0.51382, loss_equ:1.52037 loss_pq_vm:0.00845 loss_pq_va:0.12574 loss_pv_va:0.15151
INFO|2024-09-26 09:22:29: Epoch 75/100, lr:  0.00014416, eta: 6.27h, train_loss:  0.52649, valid_loss:  0.77200
INFO|2024-09-26 09:22:29: 	Train: PQ_Vm_rmse: 0.00023256  PQ_Va_rmse: 0.00229632  PV_Va_rmse: 0.00269096  delta_p: 0.01051941  delta_q: 0.00232964  
INFO|2024-09-26 09:22:29: 	ZTest: PQ_Vm_rmse: 0.00095462  PQ_Va_rmse: 0.01035270  PV_Va_rmse: 0.01123529  delta_p: 0.02318111  delta_q: 0.00538293  
INFO|2024-09-26 09:22:29: 	ZTest-ema: PQ_Vm_rmse: 0.000944  PQ_Va_rmse: 0.010160  PV_Va_rmse: 0.011053  delta_p: 0.021277  delta_q: 0.004900  
INFO|2024-09-26 09:22:29: 	           ValOfEMA:0.011053/0.010857,  Epoch:76/66
INFO|2024-09-26 09:22:30: 	Time(ep):940s,  Val(curr/best):0.011235/0.010060,  Epoch(curr/best):76/63
INFO|2024-09-26 09:22:30: -------------------- Epoch: 77 --------------------
INFO|2024-09-26 09:23:50: Epoch[077/100], iter[040/392], loss_total:0.50181, loss_equ:1.52847 loss_pq_vm:0.00810 loss_pq_va:0.12111 loss_pv_va:0.14687
INFO|2024-09-26 09:25:07: Epoch[077/100], iter[079/392], loss_total:0.53100, loss_equ:1.53697 loss_pq_vm:0.00909 loss_pq_va:0.13001 loss_pv_va:0.15634
INFO|2024-09-26 09:26:24: Epoch[077/100], iter[118/392], loss_total:0.50211, loss_equ:1.50142 loss_pq_vm:0.00850 loss_pq_va:0.11957 loss_pv_va:0.14743
INFO|2024-09-26 09:27:41: Epoch[077/100], iter[157/392], loss_total:0.50185, loss_equ:1.51217 loss_pq_vm:0.00836 loss_pq_va:0.12154 loss_pv_va:0.14545
INFO|2024-09-26 09:28:59: Epoch[077/100], iter[196/392], loss_total:0.52734, loss_equ:1.54583 loss_pq_vm:0.00891 loss_pq_va:0.12813 loss_pv_va:0.15552
INFO|2024-09-26 09:30:16: Epoch[077/100], iter[235/392], loss_total:0.53199, loss_equ:1.53386 loss_pq_vm:0.00877 loss_pq_va:0.13243 loss_pv_va:0.15844
INFO|2024-09-26 09:31:34: Epoch[077/100], iter[274/392], loss_total:0.53598, loss_equ:1.56202 loss_pq_vm:0.00885 loss_pq_va:0.13140 loss_pv_va:0.15988
INFO|2024-09-26 09:32:52: Epoch[077/100], iter[313/392], loss_total:0.50108, loss_equ:1.50708 loss_pq_vm:0.00835 loss_pq_va:0.12097 loss_pv_va:0.14587
INFO|2024-09-26 09:34:10: Epoch[077/100], iter[352/392], loss_total:0.51944, loss_equ:1.53320 loss_pq_vm:0.00846 loss_pq_va:0.12661 loss_pv_va:0.15492
INFO|2024-09-26 09:35:31: Epoch[077/100], iter[392/392], loss_total:0.51774, loss_equ:1.54077 loss_pq_vm:0.00850 loss_pq_va:0.12470 loss_pv_va:0.15395
INFO|2024-09-26 09:38:03: Epoch 76/100, lr:  0.00013370, eta: 5.96h, train_loss:  0.52077, valid_loss:  0.76617
INFO|2024-09-26 09:38:03: 	Train: PQ_Vm_rmse: 0.00022036  PQ_Va_rmse: 0.00214687  PV_Va_rmse: 0.00252682  delta_p: 0.01074511  delta_q: 0.00221187  
INFO|2024-09-26 09:38:03: 	ZTest: PQ_Vm_rmse: 0.00091972  PQ_Va_rmse: 0.01032407  PV_Va_rmse: 0.01129239  delta_p: 0.02410371  delta_q: 0.00483746  
INFO|2024-09-26 09:38:03: 	ZTest-ema: PQ_Vm_rmse: 0.000932  PQ_Va_rmse: 0.010085  PV_Va_rmse: 0.010954  delta_p: 0.020075  delta_q: 0.004636  
INFO|2024-09-26 09:38:03: 	           ValOfEMA:0.010954/0.010857,  Epoch:77/66
INFO|2024-09-26 09:38:04: 	Time(ep):933s,  Val(curr/best):0.011292/0.010060,  Epoch(curr/best):77/63
INFO|2024-09-26 09:38:04: -------------------- Epoch: 78 --------------------
INFO|2024-09-26 09:39:26: Epoch[078/100], iter[040/392], loss_total:0.47923, loss_equ:1.47117 loss_pq_vm:0.00774 loss_pq_va:0.11487 loss_pv_va:0.13985
INFO|2024-09-26 09:40:44: Epoch[078/100], iter[079/392], loss_total:0.50250, loss_equ:1.49202 loss_pq_vm:0.00819 loss_pq_va:0.12158 loss_pv_va:0.14984
INFO|2024-09-26 09:42:03: Epoch[078/100], iter[118/392], loss_total:0.51567, loss_equ:1.50766 loss_pq_vm:0.00853 loss_pq_va:0.12607 loss_pv_va:0.15351
INFO|2024-09-26 09:43:21: Epoch[078/100], iter[157/392], loss_total:0.52346, loss_equ:1.52025 loss_pq_vm:0.00899 loss_pq_va:0.12715 loss_pv_va:0.15437
INFO|2024-09-26 09:44:39: Epoch[078/100], iter[196/392], loss_total:0.53229, loss_equ:1.54143 loss_pq_vm:0.00902 loss_pq_va:0.13020 loss_pv_va:0.15773
INFO|2024-09-26 09:45:58: Epoch[078/100], iter[235/392], loss_total:0.51876, loss_equ:1.52421 loss_pq_vm:0.00908 loss_pq_va:0.12403 loss_pv_va:0.15154
INFO|2024-09-26 09:47:17: Epoch[078/100], iter[274/392], loss_total:0.50548, loss_equ:1.48701 loss_pq_vm:0.00867 loss_pq_va:0.12250 loss_pv_va:0.14763
INFO|2024-09-26 09:48:35: Epoch[078/100], iter[313/392], loss_total:0.51796, loss_equ:1.52451 loss_pq_vm:0.00829 loss_pq_va:0.12705 loss_pv_va:0.15560
INFO|2024-09-26 09:49:54: Epoch[078/100], iter[352/392], loss_total:0.51636, loss_equ:1.50541 loss_pq_vm:0.00840 loss_pq_va:0.12740 loss_pv_va:0.15447
INFO|2024-09-26 09:51:13: Epoch[078/100], iter[392/392], loss_total:0.51590, loss_equ:1.52700 loss_pq_vm:0.00880 loss_pq_va:0.12330 loss_pv_va:0.15186
INFO|2024-09-26 09:53:44: Epoch 77/100, lr:  0.00012360, eta: 5.75h, train_loss:  0.51954, valid_loss:  0.76784
INFO|2024-09-26 09:53:44: 	Train: PQ_Vm_rmse: 0.00023245  PQ_Va_rmse: 0.00224029  PV_Va_rmse: 0.00262181  delta_p: 0.00928165  delta_q: 0.00219867  
INFO|2024-09-26 09:53:44: 	ZTest: PQ_Vm_rmse: 0.00096474  PQ_Va_rmse: 0.01045271  PV_Va_rmse: 0.01138040  delta_p: 0.02027751  delta_q: 0.00494024  
INFO|2024-09-26 09:53:44: 	ZTest-ema: PQ_Vm_rmse: 0.000945  PQ_Va_rmse: 0.010294  PV_Va_rmse: 0.011207  delta_p: 0.019367  delta_q: 0.004693  
INFO|2024-09-26 09:53:44: 	           ValOfEMA:0.011207/0.010857,  Epoch:78/66
INFO|2024-09-26 09:53:45: 	Time(ep):940s,  Val(curr/best):0.011380/0.010060,  Epoch(curr/best):78/63
INFO|2024-09-26 09:53:45: -------------------- Epoch: 79 --------------------
INFO|2024-09-26 09:55:07: Epoch[079/100], iter[040/392], loss_total:0.52954, loss_equ:1.53534 loss_pq_vm:0.00891 loss_pq_va:0.12951 loss_pv_va:0.15739
INFO|2024-09-26 09:56:25: Epoch[079/100], iter[079/392], loss_total:0.54266, loss_equ:1.54239 loss_pq_vm:0.00885 loss_pq_va:0.13582 loss_pv_va:0.16413
INFO|2024-09-26 09:57:43: Epoch[079/100], iter[118/392], loss_total:0.52722, loss_equ:1.54352 loss_pq_vm:0.00892 loss_pq_va:0.12740 loss_pv_va:0.15623
INFO|2024-09-26 09:58:59: Epoch[079/100], iter[157/392], loss_total:0.51153, loss_equ:1.50774 loss_pq_vm:0.00832 loss_pq_va:0.12474 loss_pv_va:0.15280
INFO|2024-09-26 10:00:17: Epoch[079/100], iter[196/392], loss_total:0.52118, loss_equ:1.54650 loss_pq_vm:0.00889 loss_pq_va:0.12539 loss_pv_va:0.15227
INFO|2024-09-26 10:01:35: Epoch[079/100], iter[235/392], loss_total:0.53159, loss_equ:1.52663 loss_pq_vm:0.00917 loss_pq_va:0.13006 loss_pv_va:0.15720
INFO|2024-09-26 10:02:53: Epoch[079/100], iter[274/392], loss_total:0.59109, loss_equ:1.53610 loss_pq_vm:0.01059 loss_pq_va:0.15163 loss_pv_va:0.17994
INFO|2024-09-26 10:04:12: Epoch[079/100], iter[313/392], loss_total:0.48864, loss_equ:1.47310 loss_pq_vm:0.00810 loss_pq_va:0.11675 loss_pv_va:0.14356
INFO|2024-09-26 10:05:30: Epoch[079/100], iter[352/392], loss_total:0.49518, loss_equ:1.46257 loss_pq_vm:0.00825 loss_pq_va:0.12088 loss_pv_va:0.14558
INFO|2024-09-26 10:06:50: Epoch[079/100], iter[392/392], loss_total:0.51164, loss_equ:1.53827 loss_pq_vm:0.00861 loss_pq_va:0.12224 loss_pv_va:0.14947
INFO|2024-09-26 10:09:21: Epoch 78/100, lr:  0.00011387, eta: 5.46h, train_loss:  0.51528, valid_loss:  0.76324
INFO|2024-09-26 10:09:21: 	Train: PQ_Vm_rmse: 0.00022626  PQ_Va_rmse: 0.00220709  PV_Va_rmse: 0.00260999  delta_p: 0.00862552  delta_q: 0.00214986  
INFO|2024-09-26 10:09:21: 	ZTest: PQ_Vm_rmse: 0.00094715  PQ_Va_rmse: 0.01018723  PV_Va_rmse: 0.01109018  delta_p: 0.01971606  delta_q: 0.00475686  
INFO|2024-09-26 10:09:21: 	ZTest-ema: PQ_Vm_rmse: 0.000940  PQ_Va_rmse: 0.010211  PV_Va_rmse: 0.011087  delta_p: 0.019003  delta_q: 0.004610  
INFO|2024-09-26 10:09:21: 	           ValOfEMA:0.011087/0.010857,  Epoch:79/66
INFO|2024-09-26 10:09:22: 	Time(ep):935s,  Val(curr/best):0.011090/0.010060,  Epoch(curr/best):79/63
INFO|2024-09-26 10:09:22: -------------------- Epoch: 80 --------------------
INFO|2024-09-26 10:10:44: Epoch[080/100], iter[040/392], loss_total:0.49646, loss_equ:1.48622 loss_pq_vm:0.00846 loss_pq_va:0.11943 loss_pv_va:0.14377
INFO|2024-09-26 10:12:02: Epoch[080/100], iter[079/392], loss_total:0.53432, loss_equ:1.51898 loss_pq_vm:0.00952 loss_pq_va:0.12959 loss_pv_va:0.15763
INFO|2024-09-26 10:13:21: Epoch[080/100], iter[118/392], loss_total:0.52595, loss_equ:1.52238 loss_pq_vm:0.00874 loss_pq_va:0.12860 loss_pv_va:0.15771
INFO|2024-09-26 10:14:39: Epoch[080/100], iter[157/392], loss_total:0.50717, loss_equ:1.49662 loss_pq_vm:0.00848 loss_pq_va:0.12253 loss_pv_va:0.15015
INFO|2024-09-26 10:15:58: Epoch[080/100], iter[196/392], loss_total:0.51447, loss_equ:1.53816 loss_pq_vm:0.00934 loss_pq_va:0.11973 loss_pv_va:0.14749
INFO|2024-09-26 10:17:16: Epoch[080/100], iter[235/392], loss_total:0.51527, loss_equ:1.50133 loss_pq_vm:0.00871 loss_pq_va:0.12580 loss_pv_va:0.15218
INFO|2024-09-26 10:18:34: Epoch[080/100], iter[274/392], loss_total:0.52594, loss_equ:1.51501 loss_pq_vm:0.00888 loss_pq_va:0.12887 loss_pv_va:0.15678
INFO|2024-09-26 10:19:51: Epoch[080/100], iter[313/392], loss_total:0.53719, loss_equ:1.56254 loss_pq_vm:0.00875 loss_pq_va:0.13244 loss_pv_va:0.16096
INFO|2024-09-26 10:21:08: Epoch[080/100], iter[352/392], loss_total:0.49222, loss_equ:1.46854 loss_pq_vm:0.00809 loss_pq_va:0.11790 loss_pv_va:0.14661
INFO|2024-09-26 10:22:27: Epoch[080/100], iter[392/392], loss_total:0.53292, loss_equ:1.53832 loss_pq_vm:0.00897 loss_pq_va:0.13073 loss_pv_va:0.15869
INFO|2024-09-26 10:24:58: Epoch 79/100, lr:  0.00010454, eta: 5.2h, train_loss:  0.51630, valid_loss:  0.75904
INFO|2024-09-26 10:24:58: 	Train: PQ_Vm_rmse: 0.00023583  PQ_Va_rmse: 0.00223109  PV_Va_rmse: 0.00264025  delta_p: 0.00914686  delta_q: 0.00225400  
INFO|2024-09-26 10:24:58: 	ZTest: PQ_Vm_rmse: 0.00094196  PQ_Va_rmse: 0.01029698  PV_Va_rmse: 0.01116690  delta_p: 0.01918325  delta_q: 0.00469203  
INFO|2024-09-26 10:24:58: 	ZTest-ema: PQ_Vm_rmse: 0.000933  PQ_Va_rmse: 0.010265  PV_Va_rmse: 0.011156  delta_p: 0.018971  delta_q: 0.004597  
INFO|2024-09-26 10:24:58: 	           ValOfEMA:0.011156/0.010857,  Epoch:80/66
INFO|2024-09-26 10:24:58: 	Time(ep):935s,  Val(curr/best):0.011167/0.010060,  Epoch(curr/best):80/63
INFO|2024-09-26 10:24:58: -------------------- Epoch: 81 --------------------
INFO|2024-09-26 10:26:20: Epoch[081/100], iter[040/392], loss_total:0.47105, loss_equ:1.42555 loss_pq_vm:0.00800 loss_pq_va:0.11196 loss_pv_va:0.13657
INFO|2024-09-26 10:27:38: Epoch[081/100], iter[079/392], loss_total:0.50747, loss_equ:1.47996 loss_pq_vm:0.00878 loss_pq_va:0.12255 loss_pv_va:0.14913
INFO|2024-09-26 10:28:55: Epoch[081/100], iter[118/392], loss_total:0.49876, loss_equ:1.47850 loss_pq_vm:0.00830 loss_pq_va:0.12217 loss_pv_va:0.14572
INFO|2024-09-26 10:30:14: Epoch[081/100], iter[157/392], loss_total:0.50268, loss_equ:1.50319 loss_pq_vm:0.00848 loss_pq_va:0.12037 loss_pv_va:0.14720
INFO|2024-09-26 10:31:32: Epoch[081/100], iter[196/392], loss_total:0.52149, loss_equ:1.50725 loss_pq_vm:0.00903 loss_pq_va:0.12637 loss_pv_va:0.15409
INFO|2024-09-26 10:32:51: Epoch[081/100], iter[235/392], loss_total:0.57479, loss_equ:1.58499 loss_pq_vm:0.00974 loss_pq_va:0.14474 loss_pv_va:0.17415
INFO|2024-09-26 10:34:09: Epoch[081/100], iter[274/392], loss_total:0.50826, loss_equ:1.49558 loss_pq_vm:0.00824 loss_pq_va:0.12356 loss_pv_va:0.15279
INFO|2024-09-26 10:35:27: Epoch[081/100], iter[313/392], loss_total:0.49728, loss_equ:1.50931 loss_pq_vm:0.00857 loss_pq_va:0.11680 loss_pv_va:0.14384
INFO|2024-09-26 10:36:46: Epoch[081/100], iter[352/392], loss_total:0.51351, loss_equ:1.51064 loss_pq_vm:0.00836 loss_pq_va:0.12612 loss_pv_va:0.15277
INFO|2024-09-26 10:38:06: Epoch[081/100], iter[392/392], loss_total:0.51807, loss_equ:1.52361 loss_pq_vm:0.00896 loss_pq_va:0.12515 loss_pv_va:0.15092
INFO|2024-09-26 10:40:37: Epoch 80/100, lr:  0.00009560, eta: 4.95h, train_loss:  0.51128, valid_loss:  0.76642
INFO|2024-09-26 10:40:37: 	Train: PQ_Vm_rmse: 0.00022159  PQ_Va_rmse: 0.00214024  PV_Va_rmse: 0.00253586  delta_p: 0.00885787  delta_q: 0.00211575  
INFO|2024-09-26 10:40:37: 	ZTest: PQ_Vm_rmse: 0.00096816  PQ_Va_rmse: 0.01039725  PV_Va_rmse: 0.01128905  delta_p: 0.01927668  delta_q: 0.00476507  
INFO|2024-09-26 10:40:37: 	ZTest-ema: PQ_Vm_rmse: 0.000921  PQ_Va_rmse: 0.010142  PV_Va_rmse: 0.011007  delta_p: 0.018321  delta_q: 0.004459  
INFO|2024-09-26 10:40:37: 	           ValOfEMA:0.011007/0.010857,  Epoch:81/66
INFO|2024-09-26 10:40:38: 	Time(ep):938s,  Val(curr/best):0.011289/0.010060,  Epoch(curr/best):81/63
INFO|2024-09-26 10:40:38: -------------------- Epoch: 82 --------------------
INFO|2024-09-26 10:41:58: Epoch[082/100], iter[040/392], loss_total:0.51912, loss_equ:1.49560 loss_pq_vm:0.00878 loss_pq_va:0.12738 loss_pv_va:0.15442
INFO|2024-09-26 10:43:16: Epoch[082/100], iter[079/392], loss_total:0.53000, loss_equ:1.50802 loss_pq_vm:0.00911 loss_pq_va:0.13046 loss_pv_va:0.15760
INFO|2024-09-26 10:44:34: Epoch[082/100], iter[118/392], loss_total:0.50949, loss_equ:1.50581 loss_pq_vm:0.00840 loss_pq_va:0.12373 loss_pv_va:0.15122
INFO|2024-09-26 10:45:52: Epoch[082/100], iter[157/392], loss_total:0.51713, loss_equ:1.53557 loss_pq_vm:0.00867 loss_pq_va:0.12511 loss_pv_va:0.15174
INFO|2024-09-26 10:47:10: Epoch[082/100], iter[196/392], loss_total:0.51599, loss_equ:1.52777 loss_pq_vm:0.00856 loss_pq_va:0.12491 loss_pv_va:0.15268
INFO|2024-09-26 10:48:29: Epoch[082/100], iter[235/392], loss_total:0.50301, loss_equ:1.49850 loss_pq_vm:0.00827 loss_pq_va:0.12141 loss_pv_va:0.14905
INFO|2024-09-26 10:49:47: Epoch[082/100], iter[274/392], loss_total:0.53563, loss_equ:1.54657 loss_pq_vm:0.00867 loss_pq_va:0.13272 loss_pv_va:0.16151
INFO|2024-09-26 10:51:04: Epoch[082/100], iter[313/392], loss_total:0.51436, loss_equ:1.51760 loss_pq_vm:0.00866 loss_pq_va:0.12419 loss_pv_va:0.15180
INFO|2024-09-26 10:52:22: Epoch[082/100], iter[352/392], loss_total:0.49837, loss_equ:1.50407 loss_pq_vm:0.00804 loss_pq_va:0.11974 loss_pv_va:0.14779
INFO|2024-09-26 10:53:42: Epoch[082/100], iter[392/392], loss_total:0.51579, loss_equ:1.50107 loss_pq_vm:0.00910 loss_pq_va:0.12448 loss_pv_va:0.15022
INFO|2024-09-26 10:56:13: Epoch 81/100, lr:  0.00008706, eta: 4.68h, train_loss:  0.50770, valid_loss:  0.76220
INFO|2024-09-26 10:56:13: 	Train: PQ_Vm_rmse: 0.00021473  PQ_Va_rmse: 0.00210051  PV_Va_rmse: 0.00249545  delta_p: 0.00851698  delta_q: 0.00202484  
INFO|2024-09-26 10:56:13: 	ZTest: PQ_Vm_rmse: 0.00096114  PQ_Va_rmse: 0.01036086  PV_Va_rmse: 0.01127151  delta_p: 0.02186042  delta_q: 0.00488533  
INFO|2024-09-26 10:56:13: 	ZTest-ema: PQ_Vm_rmse: 0.000921  PQ_Va_rmse: 0.010049  PV_Va_rmse: 0.010912  delta_p: 0.018205  delta_q: 0.004419  
INFO|2024-09-26 10:56:13: 	           ValOfEMA:0.010912/0.010857,  Epoch:82/66
INFO|2024-09-26 10:56:14: 	Time(ep):935s,  Val(curr/best):0.011272/0.010060,  Epoch(curr/best):82/63
INFO|2024-09-26 10:56:14: -------------------- Epoch: 83 --------------------
INFO|2024-09-26 10:57:36: Epoch[083/100], iter[040/392], loss_total:0.50105, loss_equ:1.46092 loss_pq_vm:0.00833 loss_pq_va:0.12283 loss_pv_va:0.14878
INFO|2024-09-26 10:58:54: Epoch[083/100], iter[079/392], loss_total:0.50608, loss_equ:1.50067 loss_pq_vm:0.00810 loss_pq_va:0.12312 loss_pv_va:0.15193
INFO|2024-09-26 11:00:13: Epoch[083/100], iter[118/392], loss_total:0.48785, loss_equ:1.49747 loss_pq_vm:0.00803 loss_pq_va:0.11555 loss_pv_va:0.14224
INFO|2024-09-26 11:01:32: Epoch[083/100], iter[157/392], loss_total:0.54066, loss_equ:1.51567 loss_pq_vm:0.00964 loss_pq_va:0.13132 loss_pv_va:0.16139
INFO|2024-09-26 11:02:50: Epoch[083/100], iter[196/392], loss_total:0.48836, loss_equ:1.42935 loss_pq_vm:0.00810 loss_pq_va:0.12036 loss_pv_va:0.14405
INFO|2024-09-26 11:04:09: Epoch[083/100], iter[235/392], loss_total:0.50332, loss_equ:1.51911 loss_pq_vm:0.00835 loss_pq_va:0.11979 loss_pv_va:0.14816
INFO|2024-09-26 11:05:28: Epoch[083/100], iter[274/392], loss_total:0.49189, loss_equ:1.46794 loss_pq_vm:0.00794 loss_pq_va:0.11861 loss_pv_va:0.14704
INFO|2024-09-26 11:06:46: Epoch[083/100], iter[313/392], loss_total:0.53186, loss_equ:1.54866 loss_pq_vm:0.00898 loss_pq_va:0.12977 loss_pv_va:0.15748
INFO|2024-09-26 11:08:03: Epoch[083/100], iter[352/392], loss_total:0.50882, loss_equ:1.51918 loss_pq_vm:0.00862 loss_pq_va:0.12105 loss_pv_va:0.14964
INFO|2024-09-26 11:09:22: Epoch[083/100], iter[392/392], loss_total:0.48834, loss_equ:1.48647 loss_pq_vm:0.00835 loss_pq_va:0.11565 loss_pv_va:0.14053
INFO|2024-09-26 11:11:53: Epoch 82/100, lr:  0.00007893, eta: 4.43h, train_loss:  0.50448, valid_loss:  0.74920
INFO|2024-09-26 11:11:53: 	Train: PQ_Vm_rmse: 0.00020387  PQ_Va_rmse: 0.00194767  PV_Va_rmse: 0.00233887  delta_p: 0.00901639  delta_q: 0.00197763  
INFO|2024-09-26 11:11:53: 	ZTest: PQ_Vm_rmse: 0.00093150  PQ_Va_rmse: 0.01005545  PV_Va_rmse: 0.01089431  delta_p: 0.01880109  delta_q: 0.00440583  
INFO|2024-09-26 11:11:53: 	ZTest-ema: PQ_Vm_rmse: 0.000930  PQ_Va_rmse: 0.010201  PV_Va_rmse: 0.011035  delta_p: 0.018155  delta_q: 0.004320  
INFO|2024-09-26 11:11:53: 	           ValOfEMA:0.011035/0.010857,  Epoch:83/66
INFO|2024-09-26 11:11:54: 	Time(ep):938s,  Val(curr/best):0.010894/0.010060,  Epoch(curr/best):83/63
INFO|2024-09-26 11:11:54: -------------------- Epoch: 84 --------------------
INFO|2024-09-26 11:13:15: Epoch[084/100], iter[040/392], loss_total:0.49438, loss_equ:1.50143 loss_pq_vm:0.00832 loss_pq_va:0.11744 loss_pv_va:0.14358
INFO|2024-09-26 11:14:34: Epoch[084/100], iter[079/392], loss_total:0.52300, loss_equ:1.55827 loss_pq_vm:0.00862 loss_pq_va:0.12546 loss_pv_va:0.15552
INFO|2024-09-26 11:15:53: Epoch[084/100], iter[118/392], loss_total:0.50986, loss_equ:1.52647 loss_pq_vm:0.00822 loss_pq_va:0.12330 loss_pv_va:0.15170
INFO|2024-09-26 11:17:11: Epoch[084/100], iter[157/392], loss_total:0.50663, loss_equ:1.52114 loss_pq_vm:0.00830 loss_pq_va:0.12078 loss_pv_va:0.15070
INFO|2024-09-26 11:18:29: Epoch[084/100], iter[196/392], loss_total:0.47374, loss_equ:1.45806 loss_pq_vm:0.00743 loss_pq_va:0.11398 loss_pv_va:0.13961
INFO|2024-09-26 11:19:47: Epoch[084/100], iter[235/392], loss_total:0.48538, loss_equ:1.48507 loss_pq_vm:0.00774 loss_pq_va:0.11597 loss_pv_va:0.14349
INFO|2024-09-26 11:21:05: Epoch[084/100], iter[274/392], loss_total:0.50806, loss_equ:1.52322 loss_pq_vm:0.00836 loss_pq_va:0.12225 loss_pv_va:0.14985
INFO|2024-09-26 11:22:23: Epoch[084/100], iter[313/392], loss_total:0.50203, loss_equ:1.49264 loss_pq_vm:0.00811 loss_pq_va:0.12132 loss_pv_va:0.15031
INFO|2024-09-26 11:23:41: Epoch[084/100], iter[352/392], loss_total:0.51347, loss_equ:1.53325 loss_pq_vm:0.00848 loss_pq_va:0.12348 loss_pv_va:0.15181
INFO|2024-09-26 11:25:01: Epoch[084/100], iter[392/392], loss_total:0.50292, loss_equ:1.49618 loss_pq_vm:0.00827 loss_pq_va:0.12163 loss_pv_va:0.14899
INFO|2024-09-26 11:27:32: Epoch 83/100, lr:  0.00007123, eta: 4.17h, train_loss:  0.50085, valid_loss:  0.74904
INFO|2024-09-26 11:27:32: 	Train: PQ_Vm_rmse: 0.00019442  PQ_Va_rmse: 0.00187949  PV_Va_rmse: 0.00223474  delta_p: 0.00843466  delta_q: 0.00188732  
INFO|2024-09-26 11:27:32: 	ZTest: PQ_Vm_rmse: 0.00091452  PQ_Va_rmse: 0.01007977  PV_Va_rmse: 0.01088927  delta_p: 0.01857198  delta_q: 0.00423306  
INFO|2024-09-26 11:27:32: 	ZTest-ema: PQ_Vm_rmse: 0.000939  PQ_Va_rmse: 0.010291  PV_Va_rmse: 0.011114  delta_p: 0.018222  delta_q: 0.004363  
INFO|2024-09-26 11:27:32: 	           ValOfEMA:0.011114/0.010857,  Epoch:84/66
INFO|2024-09-26 11:27:33: 	Time(ep):937s,  Val(curr/best):0.010889/0.010060,  Epoch(curr/best):84/63
INFO|2024-09-26 11:27:33: -------------------- Epoch: 85 --------------------
INFO|2024-09-26 11:28:54: Epoch[085/100], iter[040/392], loss_total:0.46945, loss_equ:1.43491 loss_pq_vm:0.00783 loss_pq_va:0.11059 loss_pv_va:0.13710
INFO|2024-09-26 11:30:12: Epoch[085/100], iter[079/392], loss_total:0.50060, loss_equ:1.49910 loss_pq_vm:0.00851 loss_pq_va:0.11911 loss_pv_va:0.14644
INFO|2024-09-26 11:31:30: Epoch[085/100], iter[118/392], loss_total:0.48529, loss_equ:1.49112 loss_pq_vm:0.00772 loss_pq_va:0.11648 loss_pv_va:0.14249
INFO|2024-09-26 11:32:49: Epoch[085/100], iter[157/392], loss_total:0.49140, loss_equ:1.47295 loss_pq_vm:0.00803 loss_pq_va:0.11889 loss_pv_va:0.14491
INFO|2024-09-26 11:34:07: Epoch[085/100], iter[196/392], loss_total:0.51321, loss_equ:1.53167 loss_pq_vm:0.00875 loss_pq_va:0.12411 loss_pv_va:0.14843
INFO|2024-09-26 11:35:25: Epoch[085/100], iter[235/392], loss_total:0.49084, loss_equ:1.50835 loss_pq_vm:0.00796 loss_pq_va:0.11711 loss_pv_va:0.14329
INFO|2024-09-26 11:36:44: Epoch[085/100], iter[274/392], loss_total:0.48825, loss_equ:1.45294 loss_pq_vm:0.00795 loss_pq_va:0.11834 loss_pv_va:0.14514
INFO|2024-09-26 11:38:02: Epoch[085/100], iter[313/392], loss_total:0.48417, loss_equ:1.45850 loss_pq_vm:0.00786 loss_pq_va:0.11697 loss_pv_va:0.14273
INFO|2024-09-26 11:39:21: Epoch[085/100], iter[352/392], loss_total:0.48670, loss_equ:1.48278 loss_pq_vm:0.00791 loss_pq_va:0.11577 loss_pv_va:0.14355
INFO|2024-09-26 11:40:41: Epoch[085/100], iter[392/392], loss_total:0.50407, loss_equ:1.48142 loss_pq_vm:0.00845 loss_pq_va:0.12265 loss_pv_va:0.14875
INFO|2024-09-26 11:43:13: Epoch 84/100, lr:  0.00006395, eta: 3.92h, train_loss:  0.49998, valid_loss:  0.74943
INFO|2024-09-26 11:43:13: 	Train: PQ_Vm_rmse: 0.00020016  PQ_Va_rmse: 0.00193344  PV_Va_rmse: 0.00228496  delta_p: 0.00822510  delta_q: 0.00190748  
INFO|2024-09-26 11:43:13: 	ZTest: PQ_Vm_rmse: 0.00092718  PQ_Va_rmse: 0.01019688  PV_Va_rmse: 0.01099862  delta_p: 0.01766824  delta_q: 0.00435591  
INFO|2024-09-26 11:43:13: 	ZTest-ema: PQ_Vm_rmse: 0.000940  PQ_Va_rmse: 0.010224  PV_Va_rmse: 0.011025  delta_p: 0.017636  delta_q: 0.004277  
INFO|2024-09-26 11:43:13: 	           ValOfEMA:0.011025/0.010857,  Epoch:85/66
INFO|2024-09-26 11:43:14: 	Time(ep):940s,  Val(curr/best):0.010999/0.010060,  Epoch(curr/best):85/63
INFO|2024-09-26 11:43:14: -------------------- Epoch: 86 --------------------
INFO|2024-09-26 11:44:35: Epoch[086/100], iter[040/392], loss_total:0.50235, loss_equ:1.48510 loss_pq_vm:0.00838 loss_pq_va:0.12128 loss_pv_va:0.14876
INFO|2024-09-26 11:45:53: Epoch[086/100], iter[079/392], loss_total:0.48800, loss_equ:1.46225 loss_pq_vm:0.00805 loss_pq_va:0.11835 loss_pv_va:0.14291
INFO|2024-09-26 11:47:10: Epoch[086/100], iter[118/392], loss_total:0.49842, loss_equ:1.48803 loss_pq_vm:0.00833 loss_pq_va:0.11924 loss_pv_va:0.14706
INFO|2024-09-26 11:48:26: Epoch[086/100], iter[157/392], loss_total:0.50154, loss_equ:1.48562 loss_pq_vm:0.00840 loss_pq_va:0.12097 loss_pv_va:0.14806
INFO|2024-09-26 11:49:43: Epoch[086/100], iter[196/392], loss_total:0.47685, loss_equ:1.45386 loss_pq_vm:0.00767 loss_pq_va:0.11522 loss_pv_va:0.13956
INFO|2024-09-26 11:51:00: Epoch[086/100], iter[235/392], loss_total:0.49172, loss_equ:1.50846 loss_pq_vm:0.00809 loss_pq_va:0.11701 loss_pv_va:0.14294
INFO|2024-09-26 11:52:17: Epoch[086/100], iter[274/392], loss_total:0.48527, loss_equ:1.49307 loss_pq_vm:0.00779 loss_pq_va:0.11471 loss_pv_va:0.14331
INFO|2024-09-26 11:53:34: Epoch[086/100], iter[313/392], loss_total:0.51185, loss_equ:1.51655 loss_pq_vm:0.00832 loss_pq_va:0.12454 loss_pv_va:0.15245
INFO|2024-09-26 11:54:50: Epoch[086/100], iter[352/392], loss_total:0.49238, loss_equ:1.46196 loss_pq_vm:0.00815 loss_pq_va:0.11887 loss_pv_va:0.14584
INFO|2024-09-26 11:56:09: Epoch[086/100], iter[392/392], loss_total:0.50418, loss_equ:1.47739 loss_pq_vm:0.00856 loss_pq_va:0.12251 loss_pv_va:0.14837
INFO|2024-09-26 11:58:39: Epoch 85/100, lr:  0.00005711, eta: 3.6h, train_loss:  0.49808, valid_loss:  0.74644
INFO|2024-09-26 11:58:39: 	Train: PQ_Vm_rmse: 0.00019618  PQ_Va_rmse: 0.00190042  PV_Va_rmse: 0.00226051  delta_p: 0.00799041  delta_q: 0.00187463  
INFO|2024-09-26 11:58:39: 	ZTest: PQ_Vm_rmse: 0.00091797  PQ_Va_rmse: 0.01015173  PV_Va_rmse: 0.01097427  delta_p: 0.01846769  delta_q: 0.00425610  
INFO|2024-09-26 11:58:39: 	ZTest-ema: PQ_Vm_rmse: 0.000931  PQ_Va_rmse: 0.010278  PV_Va_rmse: 0.011100  delta_p: 0.017746  delta_q: 0.004287  
INFO|2024-09-26 11:58:39: 	           ValOfEMA:0.011100/0.010857,  Epoch:86/66
INFO|2024-09-26 11:58:40: 	Time(ep):925s,  Val(curr/best):0.010974/0.010060,  Epoch(curr/best):86/63
INFO|2024-09-26 11:58:40: -------------------- Epoch: 87 --------------------
INFO|2024-09-26 12:00:01: Epoch[087/100], iter[040/392], loss_total:0.49150, loss_equ:1.46758 loss_pq_vm:0.00787 loss_pq_va:0.11975 loss_pv_va:0.14632
INFO|2024-09-26 12:01:20: Epoch[087/100], iter[079/392], loss_total:0.50223, loss_equ:1.53832 loss_pq_vm:0.00835 loss_pq_va:0.11898 loss_pv_va:0.14589
INFO|2024-09-26 12:02:38: Epoch[087/100], iter[118/392], loss_total:0.49362, loss_equ:1.49349 loss_pq_vm:0.00828 loss_pq_va:0.11589 loss_pv_va:0.14563
INFO|2024-09-26 12:03:55: Epoch[087/100], iter[157/392], loss_total:0.54122, loss_equ:1.53175 loss_pq_vm:0.00903 loss_pq_va:0.13405 loss_pv_va:0.16369
INFO|2024-09-26 12:05:13: Epoch[087/100], iter[196/392], loss_total:0.49440, loss_equ:1.49501 loss_pq_vm:0.00809 loss_pq_va:0.11849 loss_pv_va:0.14548
INFO|2024-09-26 12:06:31: Epoch[087/100], iter[235/392], loss_total:0.50885, loss_equ:1.52360 loss_pq_vm:0.00819 loss_pq_va:0.12287 loss_pv_va:0.15166
INFO|2024-09-26 12:07:49: Epoch[087/100], iter[274/392], loss_total:0.48879, loss_equ:1.45116 loss_pq_vm:0.00813 loss_pq_va:0.11785 loss_pv_va:0.14448
INFO|2024-09-26 12:09:07: Epoch[087/100], iter[313/392], loss_total:0.50069, loss_equ:1.48717 loss_pq_vm:0.00843 loss_pq_va:0.11971 loss_pv_va:0.14794
INFO|2024-09-26 12:10:26: Epoch[087/100], iter[352/392], loss_total:0.48784, loss_equ:1.47849 loss_pq_vm:0.00790 loss_pq_va:0.11768 loss_pv_va:0.14326
INFO|2024-09-26 12:11:46: Epoch[087/100], iter[392/392], loss_total:0.49166, loss_equ:1.50860 loss_pq_vm:0.00808 loss_pq_va:0.11646 loss_pv_va:0.14350
INFO|2024-09-26 12:14:18: Epoch 86/100, lr:  0.00005071, eta: 3.39h, train_loss:  0.49575, valid_loss:  0.74817
INFO|2024-09-26 12:14:18: 	Train: PQ_Vm_rmse: 0.00019295  PQ_Va_rmse: 0.00186363  PV_Va_rmse: 0.00222141  delta_p: 0.00814720  delta_q: 0.00186805  
INFO|2024-09-26 12:14:18: 	ZTest: PQ_Vm_rmse: 0.00093478  PQ_Va_rmse: 0.01027180  PV_Va_rmse: 0.01107579  delta_p: 0.01727958  delta_q: 0.00423025  
INFO|2024-09-26 12:14:18: 	ZTest-ema: PQ_Vm_rmse: 0.000941  PQ_Va_rmse: 0.010326  PV_Va_rmse: 0.011125  delta_p: 0.017506  delta_q: 0.004227  
INFO|2024-09-26 12:14:18: 	           ValOfEMA:0.011125/0.010857,  Epoch:87/66
INFO|2024-09-26 12:14:19: 	Time(ep):938s,  Val(curr/best):0.011076/0.010060,  Epoch(curr/best):87/63
INFO|2024-09-26 12:14:19: -------------------- Epoch: 88 --------------------
INFO|2024-09-26 12:15:41: Epoch[088/100], iter[040/392], loss_total:0.50126, loss_equ:1.48454 loss_pq_vm:0.00818 loss_pq_va:0.12157 loss_pv_va:0.14944
INFO|2024-09-26 12:17:00: Epoch[088/100], iter[079/392], loss_total:0.48924, loss_equ:1.48709 loss_pq_vm:0.00785 loss_pq_va:0.11831 loss_pv_va:0.14373
INFO|2024-09-26 12:18:19: Epoch[088/100], iter[118/392], loss_total:0.50724, loss_equ:1.51889 loss_pq_vm:0.00861 loss_pq_va:0.12102 loss_pv_va:0.14824
INFO|2024-09-26 12:19:38: Epoch[088/100], iter[157/392], loss_total:0.49866, loss_equ:1.50262 loss_pq_vm:0.00814 loss_pq_va:0.11895 loss_pv_va:0.14806
INFO|2024-09-26 12:20:57: Epoch[088/100], iter[196/392], loss_total:0.50236, loss_equ:1.49927 loss_pq_vm:0.00863 loss_pq_va:0.11986 loss_pv_va:0.14631
INFO|2024-09-26 12:22:15: Epoch[088/100], iter[235/392], loss_total:0.50287, loss_equ:1.51063 loss_pq_vm:0.00837 loss_pq_va:0.12134 loss_pv_va:0.14678
INFO|2024-09-26 12:23:33: Epoch[088/100], iter[274/392], loss_total:0.47731, loss_equ:1.48588 loss_pq_vm:0.00772 loss_pq_va:0.11251 loss_pv_va:0.13897
INFO|2024-09-26 12:24:52: Epoch[088/100], iter[313/392], loss_total:0.49817, loss_equ:1.47985 loss_pq_vm:0.00817 loss_pq_va:0.11955 loss_pv_va:0.14895
INFO|2024-09-26 12:26:11: Epoch[088/100], iter[352/392], loss_total:0.50047, loss_equ:1.51136 loss_pq_vm:0.00832 loss_pq_va:0.11954 loss_pv_va:0.14655
INFO|2024-09-26 12:27:31: Epoch[088/100], iter[392/392], loss_total:0.48349, loss_equ:1.46066 loss_pq_vm:0.00754 loss_pq_va:0.11797 loss_pv_va:0.14409
INFO|2024-09-26 12:30:01: Epoch 87/100, lr:  0.00004476, eta: 3.14h, train_loss:  0.49424, valid_loss:  0.74889
INFO|2024-09-26 12:30:01: 	Train: PQ_Vm_rmse: 0.00019197  PQ_Va_rmse: 0.00185334  PV_Va_rmse: 0.00221183  delta_p: 0.00767943  delta_q: 0.00180659  
INFO|2024-09-26 12:30:01: 	ZTest: PQ_Vm_rmse: 0.00094287  PQ_Va_rmse: 0.01043214  PV_Va_rmse: 0.01127486  delta_p: 0.01772740  delta_q: 0.00424264  
INFO|2024-09-26 12:30:01: 	ZTest-ema: PQ_Vm_rmse: 0.000943  PQ_Va_rmse: 0.010337  PV_Va_rmse: 0.011155  delta_p: 0.017526  delta_q: 0.004258  
INFO|2024-09-26 12:30:01: 	           ValOfEMA:0.011155/0.010857,  Epoch:88/66
INFO|2024-09-26 12:30:02: 	Time(ep):942s,  Val(curr/best):0.011275/0.010060,  Epoch(curr/best):88/63
INFO|2024-09-26 12:30:02: -------------------- Epoch: 89 --------------------
INFO|2024-09-26 12:31:24: Epoch[089/100], iter[040/392], loss_total:0.50877, loss_equ:1.50422 loss_pq_vm:0.00833 loss_pq_va:0.12299 loss_pv_va:0.15203
INFO|2024-09-26 12:32:43: Epoch[089/100], iter[079/392], loss_total:0.50460, loss_equ:1.48037 loss_pq_vm:0.00838 loss_pq_va:0.12368 loss_pv_va:0.14906
INFO|2024-09-26 12:34:01: Epoch[089/100], iter[118/392], loss_total:0.46462, loss_equ:1.47296 loss_pq_vm:0.00704 loss_pq_va:0.10851 loss_pv_va:0.13840
INFO|2024-09-26 12:35:19: Epoch[089/100], iter[157/392], loss_total:0.51706, loss_equ:1.49504 loss_pq_vm:0.00854 loss_pq_va:0.12717 loss_pv_va:0.15500
INFO|2024-09-26 12:36:37: Epoch[089/100], iter[196/392], loss_total:0.48008, loss_equ:1.47841 loss_pq_vm:0.00747 loss_pq_va:0.11474 loss_pv_va:0.14278
INFO|2024-09-26 12:37:55: Epoch[089/100], iter[235/392], loss_total:0.48678, loss_equ:1.48241 loss_pq_vm:0.00796 loss_pq_va:0.11528 loss_pv_va:0.14361
INFO|2024-09-26 12:39:13: Epoch[089/100], iter[274/392], loss_total:0.50642, loss_equ:1.51606 loss_pq_vm:0.00844 loss_pq_va:0.12143 loss_pv_va:0.14903
INFO|2024-09-26 12:40:32: Epoch[089/100], iter[313/392], loss_total:0.50719, loss_equ:1.48190 loss_pq_vm:0.00823 loss_pq_va:0.12519 loss_pv_va:0.15152
INFO|2024-09-26 12:41:50: Epoch[089/100], iter[352/392], loss_total:0.48379, loss_equ:1.46364 loss_pq_vm:0.00788 loss_pq_va:0.11598 loss_pv_va:0.14263
INFO|2024-09-26 12:43:10: Epoch[089/100], iter[392/392], loss_total:0.50820, loss_equ:1.51266 loss_pq_vm:0.00852 loss_pq_va:0.12197 loss_pv_va:0.14973
INFO|2024-09-26 12:45:41: Epoch 88/100, lr:  0.00003926, eta: 2.87h, train_loss:  0.49350, valid_loss:  0.74608
INFO|2024-09-26 12:45:41: 	Train: PQ_Vm_rmse: 0.00019533  PQ_Va_rmse: 0.00185666  PV_Va_rmse: 0.00221757  delta_p: 0.00755178  delta_q: 0.00181933  
INFO|2024-09-26 12:45:41: 	ZTest: PQ_Vm_rmse: 0.00094756  PQ_Va_rmse: 0.01039871  PV_Va_rmse: 0.01122218  delta_p: 0.01756635  delta_q: 0.00431521  
INFO|2024-09-26 12:45:41: 	ZTest-ema: PQ_Vm_rmse: 0.000936  PQ_Va_rmse: 0.010299  PV_Va_rmse: 0.011124  delta_p: 0.017312  delta_q: 0.004224  
INFO|2024-09-26 12:45:41: 	           ValOfEMA:0.011124/0.010857,  Epoch:89/66
INFO|2024-09-26 12:45:42: 	Time(ep):938s,  Val(curr/best):0.011222/0.010060,  Epoch(curr/best):89/63
INFO|2024-09-26 12:45:42: -------------------- Epoch: 90 --------------------
INFO|2024-09-26 12:47:04: Epoch[090/100], iter[040/392], loss_total:0.47719, loss_equ:1.48637 loss_pq_vm:0.00758 loss_pq_va:0.11238 loss_pv_va:0.14034
INFO|2024-09-26 12:48:23: Epoch[090/100], iter[079/392], loss_total:0.46994, loss_equ:1.44064 loss_pq_vm:0.00756 loss_pq_va:0.11178 loss_pv_va:0.13844
INFO|2024-09-26 12:49:42: Epoch[090/100], iter[118/392], loss_total:0.50818, loss_equ:1.48245 loss_pq_vm:0.00852 loss_pq_va:0.12390 loss_pv_va:0.15085
INFO|2024-09-26 12:51:01: Epoch[090/100], iter[157/392], loss_total:0.50224, loss_equ:1.51141 loss_pq_vm:0.00827 loss_pq_va:0.12035 loss_pv_va:0.14807
INFO|2024-09-26 12:52:19: Epoch[090/100], iter[196/392], loss_total:0.47158, loss_equ:1.46630 loss_pq_vm:0.00749 loss_pq_va:0.11217 loss_pv_va:0.13791
INFO|2024-09-26 12:53:37: Epoch[090/100], iter[235/392], loss_total:0.47416, loss_equ:1.42294 loss_pq_vm:0.00785 loss_pq_va:0.11414 loss_pv_va:0.13922
INFO|2024-09-26 12:54:55: Epoch[090/100], iter[274/392], loss_total:0.47843, loss_equ:1.46558 loss_pq_vm:0.00789 loss_pq_va:0.11242 loss_pv_va:0.14055
INFO|2024-09-26 12:56:14: Epoch[090/100], iter[313/392], loss_total:0.49483, loss_equ:1.49411 loss_pq_vm:0.00791 loss_pq_va:0.11928 loss_pv_va:0.14700
INFO|2024-09-26 12:57:33: Epoch[090/100], iter[352/392], loss_total:0.48934, loss_equ:1.46131 loss_pq_vm:0.00808 loss_pq_va:0.11822 loss_pv_va:0.14421
INFO|2024-09-26 12:58:54: Epoch[090/100], iter[392/392], loss_total:0.48929, loss_equ:1.48759 loss_pq_vm:0.00803 loss_pq_va:0.11611 loss_pv_va:0.14414
INFO|2024-09-26 13:01:25: Epoch 89/100, lr:  0.00003423, eta: 2.62h, train_loss:  0.49331, valid_loss:  0.74628
INFO|2024-09-26 13:01:25: 	Train: PQ_Vm_rmse: 0.00019244  PQ_Va_rmse: 0.00186391  PV_Va_rmse: 0.00223631  delta_p: 0.00749518  delta_q: 0.00182607  
INFO|2024-09-26 13:01:25: 	ZTest: PQ_Vm_rmse: 0.00094413  PQ_Va_rmse: 0.01030524  PV_Va_rmse: 0.01117026  delta_p: 0.01729327  delta_q: 0.00414931  
INFO|2024-09-26 13:01:25: 	ZTest-ema: PQ_Vm_rmse: 0.000936  PQ_Va_rmse: 0.010343  PV_Va_rmse: 0.011212  delta_p: 0.017109  delta_q: 0.004180  
INFO|2024-09-26 13:01:25: 	           ValOfEMA:0.011212/0.010857,  Epoch:90/66
INFO|2024-09-26 13:01:26: 	Time(ep):943s,  Val(curr/best):0.011170/0.010060,  Epoch(curr/best):90/63
INFO|2024-09-26 13:01:26: -------------------- Epoch: 91 --------------------
INFO|2024-09-26 13:02:49: Epoch[091/100], iter[040/392], loss_total:0.49338, loss_equ:1.46377 loss_pq_vm:0.00819 loss_pq_va:0.11984 loss_pv_va:0.14530
INFO|2024-09-26 13:04:07: Epoch[091/100], iter[079/392], loss_total:0.51078, loss_equ:1.48063 loss_pq_vm:0.00869 loss_pq_va:0.12417 loss_pv_va:0.15160
INFO|2024-09-26 13:05:26: Epoch[091/100], iter[118/392], loss_total:0.51274, loss_equ:1.53032 loss_pq_vm:0.00836 loss_pq_va:0.12468 loss_pv_va:0.15139
INFO|2024-09-26 13:06:44: Epoch[091/100], iter[157/392], loss_total:0.47265, loss_equ:1.46227 loss_pq_vm:0.00757 loss_pq_va:0.11242 loss_pv_va:0.13828
INFO|2024-09-26 13:08:01: Epoch[091/100], iter[196/392], loss_total:0.50433, loss_equ:1.52085 loss_pq_vm:0.00814 loss_pq_va:0.12063 loss_pv_va:0.15025
INFO|2024-09-26 13:09:18: Epoch[091/100], iter[235/392], loss_total:0.47294, loss_equ:1.43252 loss_pq_vm:0.00757 loss_pq_va:0.11316 loss_pv_va:0.14086
INFO|2024-09-26 13:10:35: Epoch[091/100], iter[274/392], loss_total:0.48999, loss_equ:1.50577 loss_pq_vm:0.00780 loss_pq_va:0.11618 loss_pv_va:0.14520
INFO|2024-09-26 13:11:53: Epoch[091/100], iter[313/392], loss_total:0.49918, loss_equ:1.44010 loss_pq_vm:0.00841 loss_pq_va:0.12192 loss_pv_va:0.14913
INFO|2024-09-26 13:13:09: Epoch[091/100], iter[352/392], loss_total:0.49400, loss_equ:1.48522 loss_pq_vm:0.00807 loss_pq_va:0.11925 loss_pv_va:0.14551
INFO|2024-09-26 13:14:28: Epoch[091/100], iter[392/392], loss_total:0.48809, loss_equ:1.45678 loss_pq_vm:0.00829 loss_pq_va:0.11614 loss_pv_va:0.14337
INFO|2024-09-26 13:16:59: Epoch 90/100, lr:  0.00002965, eta: 2.33h, train_loss:  0.49057, valid_loss:  0.74312
INFO|2024-09-26 13:16:59: 	Train: PQ_Vm_rmse: 0.00018945  PQ_Va_rmse: 0.00183483  PV_Va_rmse: 0.00220358  delta_p: 0.00737908  delta_q: 0.00177949  
INFO|2024-09-26 13:16:59: 	ZTest: PQ_Vm_rmse: 0.00093077  PQ_Va_rmse: 0.01042315  PV_Va_rmse: 0.01127604  delta_p: 0.01744453  delta_q: 0.00423063  
INFO|2024-09-26 13:16:59: 	ZTest-ema: PQ_Vm_rmse: 0.000937  PQ_Va_rmse: 0.010419  PV_Va_rmse: 0.011250  delta_p: 0.016971  delta_q: 0.004144  
INFO|2024-09-26 13:16:59: 	           ValOfEMA:0.011250/0.010857,  Epoch:91/66
INFO|2024-09-26 13:17:00: 	Time(ep):932s,  Val(curr/best):0.011276/0.010060,  Epoch(curr/best):91/63
INFO|2024-09-26 13:17:00: -------------------- Epoch: 92 --------------------
INFO|2024-09-26 13:18:21: Epoch[092/100], iter[040/392], loss_total:0.49412, loss_equ:1.44317 loss_pq_vm:0.00841 loss_pq_va:0.11909 loss_pv_va:0.14657
INFO|2024-09-26 13:19:39: Epoch[092/100], iter[079/392], loss_total:0.50383, loss_equ:1.49871 loss_pq_vm:0.00822 loss_pq_va:0.12219 loss_pv_va:0.14962
INFO|2024-09-26 13:20:58: Epoch[092/100], iter[118/392], loss_total:0.47318, loss_equ:1.46073 loss_pq_vm:0.00720 loss_pq_va:0.11310 loss_pv_va:0.14203
INFO|2024-09-26 13:22:17: Epoch[092/100], iter[157/392], loss_total:0.47428, loss_equ:1.46650 loss_pq_vm:0.00746 loss_pq_va:0.11389 loss_pv_va:0.13915
INFO|2024-09-26 13:23:35: Epoch[092/100], iter[196/392], loss_total:0.48686, loss_equ:1.48729 loss_pq_vm:0.00791 loss_pq_va:0.11586 loss_pv_va:0.14316
INFO|2024-09-26 13:24:54: Epoch[092/100], iter[235/392], loss_total:0.47691, loss_equ:1.46232 loss_pq_vm:0.00763 loss_pq_va:0.11407 loss_pv_va:0.14031
INFO|2024-09-26 13:26:12: Epoch[092/100], iter[274/392], loss_total:0.49810, loss_equ:1.50470 loss_pq_vm:0.00828 loss_pq_va:0.11832 loss_pv_va:0.14654
INFO|2024-09-26 13:27:30: Epoch[092/100], iter[313/392], loss_total:0.45721, loss_equ:1.43606 loss_pq_vm:0.00739 loss_pq_va:0.10729 loss_pv_va:0.13238
INFO|2024-09-26 13:28:48: Epoch[092/100], iter[352/392], loss_total:0.47602, loss_equ:1.49346 loss_pq_vm:0.00765 loss_pq_va:0.11199 loss_pv_va:0.13814
INFO|2024-09-26 13:30:09: Epoch[092/100], iter[392/392], loss_total:0.47898, loss_equ:1.46446 loss_pq_vm:0.00780 loss_pq_va:0.11337 loss_pv_va:0.14111
INFO|2024-09-26 13:32:40: Epoch 91/100, lr:  0.00002555, eta: 2.09h, train_loss:  0.48992, valid_loss:  0.74557
INFO|2024-09-26 13:32:40: 	Train: PQ_Vm_rmse: 0.00018882  PQ_Va_rmse: 0.00180749  PV_Va_rmse: 0.00217076  delta_p: 0.00726263  delta_q: 0.00175611  
INFO|2024-09-26 13:32:40: 	ZTest: PQ_Vm_rmse: 0.00095095  PQ_Va_rmse: 0.01052901  PV_Va_rmse: 0.01137914  delta_p: 0.01739694  delta_q: 0.00425842  
INFO|2024-09-26 13:32:40: 	ZTest-ema: PQ_Vm_rmse: 0.000944  PQ_Va_rmse: 0.010608  PV_Va_rmse: 0.011457  delta_p: 0.017048  delta_q: 0.004174  
INFO|2024-09-26 13:32:40: 	           ValOfEMA:0.011457/0.010857,  Epoch:92/66
INFO|2024-09-26 13:32:41: 	Time(ep):940s,  Val(curr/best):0.011379/0.010060,  Epoch(curr/best):92/63
INFO|2024-09-26 13:32:41: -------------------- Epoch: 93 --------------------
INFO|2024-09-26 13:34:03: Epoch[093/100], iter[040/392], loss_total:0.49778, loss_equ:1.50278 loss_pq_vm:0.00837 loss_pq_va:0.11793 loss_pv_va:0.14590
INFO|2024-09-26 13:35:21: Epoch[093/100], iter[079/392], loss_total:0.49168, loss_equ:1.45017 loss_pq_vm:0.00817 loss_pq_va:0.11800 loss_pv_va:0.14696
INFO|2024-09-26 13:36:40: Epoch[093/100], iter[118/392], loss_total:0.48801, loss_equ:1.48098 loss_pq_vm:0.00787 loss_pq_va:0.11494 loss_pv_va:0.14630
INFO|2024-09-26 13:37:58: Epoch[093/100], iter[157/392], loss_total:0.46902, loss_equ:1.43935 loss_pq_vm:0.00777 loss_pq_va:0.11080 loss_pv_va:0.13654
INFO|2024-09-26 13:39:17: Epoch[093/100], iter[196/392], loss_total:0.50320, loss_equ:1.48003 loss_pq_vm:0.00850 loss_pq_va:0.12155 loss_pv_va:0.14863
INFO|2024-09-26 13:40:35: Epoch[093/100], iter[235/392], loss_total:0.50613, loss_equ:1.49351 loss_pq_vm:0.00849 loss_pq_va:0.12302 loss_pv_va:0.14882
INFO|2024-09-26 13:41:54: Epoch[093/100], iter[274/392], loss_total:0.47790, loss_equ:1.45578 loss_pq_vm:0.00746 loss_pq_va:0.11488 loss_pv_va:0.14288
INFO|2024-09-26 13:43:13: Epoch[093/100], iter[313/392], loss_total:0.49684, loss_equ:1.46477 loss_pq_vm:0.00827 loss_pq_va:0.12052 loss_pv_va:0.14715
INFO|2024-09-26 13:44:31: Epoch[093/100], iter[352/392], loss_total:0.48372, loss_equ:1.47989 loss_pq_vm:0.00789 loss_pq_va:0.11448 loss_pv_va:0.14234
INFO|2024-09-26 13:45:52: Epoch[093/100], iter[392/392], loss_total:0.48811, loss_equ:1.46679 loss_pq_vm:0.00793 loss_pq_va:0.11803 loss_pv_va:0.14407
INFO|2024-09-26 13:48:23: Epoch 92/100, lr:  0.00002192, eta: 1.83h, train_loss:  0.48935, valid_loss:  0.74405
INFO|2024-09-26 13:48:23: 	Train: PQ_Vm_rmse: 0.00018727  PQ_Va_rmse: 0.00180154  PV_Va_rmse: 0.00216859  delta_p: 0.00722209  delta_q: 0.00175264  
INFO|2024-09-26 13:48:23: 	ZTest: PQ_Vm_rmse: 0.00093634  PQ_Va_rmse: 0.01040753  PV_Va_rmse: 0.01124609  delta_p: 0.01740361  delta_q: 0.00422711  
INFO|2024-09-26 13:48:23: 	ZTest-ema: PQ_Vm_rmse: 0.000941  PQ_Va_rmse: 0.010394  PV_Va_rmse: 0.011257  delta_p: 0.017061  delta_q: 0.004180  
INFO|2024-09-26 13:48:23: 	           ValOfEMA:0.011257/0.010857,  Epoch:93/66
INFO|2024-09-26 13:48:24: 	Time(ep):942s,  Val(curr/best):0.011246/0.010060,  Epoch(curr/best):93/63
INFO|2024-09-26 13:48:24: -------------------- Epoch: 94 --------------------
INFO|2024-09-26 13:49:47: Epoch[094/100], iter[040/392], loss_total:0.47218, loss_equ:1.44529 loss_pq_vm:0.00750 loss_pq_va:0.11253 loss_pv_va:0.14014
INFO|2024-09-26 13:51:06: Epoch[094/100], iter[079/392], loss_total:0.46461, loss_equ:1.44178 loss_pq_vm:0.00754 loss_pq_va:0.10851 loss_pv_va:0.13652
INFO|2024-09-26 13:52:24: Epoch[094/100], iter[118/392], loss_total:0.48986, loss_equ:1.48083 loss_pq_vm:0.00776 loss_pq_va:0.11752 loss_pv_va:0.14668
INFO|2024-09-26 13:53:43: Epoch[094/100], iter[157/392], loss_total:0.49234, loss_equ:1.51612 loss_pq_vm:0.00773 loss_pq_va:0.11713 loss_pv_va:0.14631
INFO|2024-09-26 13:55:01: Epoch[094/100], iter[196/392], loss_total:0.48569, loss_equ:1.47951 loss_pq_vm:0.00787 loss_pq_va:0.11700 loss_pv_va:0.14205
INFO|2024-09-26 13:56:19: Epoch[094/100], iter[235/392], loss_total:0.50089, loss_equ:1.49233 loss_pq_vm:0.00822 loss_pq_va:0.12147 loss_pv_va:0.14795
INFO|2024-09-26 13:57:37: Epoch[094/100], iter[274/392], loss_total:0.48837, loss_equ:1.48569 loss_pq_vm:0.00819 loss_pq_va:0.11632 loss_pv_va:0.14161
INFO|2024-09-26 13:58:54: Epoch[094/100], iter[313/392], loss_total:0.50936, loss_equ:1.53775 loss_pq_vm:0.00797 loss_pq_va:0.12380 loss_pv_va:0.15209
INFO|2024-09-26 14:00:11: Epoch[094/100], iter[352/392], loss_total:0.48696, loss_equ:1.49201 loss_pq_vm:0.00784 loss_pq_va:0.11502 loss_pv_va:0.14435
INFO|2024-09-26 14:01:30: Epoch[094/100], iter[392/392], loss_total:0.48202, loss_equ:1.45939 loss_pq_vm:0.00752 loss_pq_va:0.11659 loss_pv_va:0.14426
INFO|2024-09-26 14:04:01: Epoch 93/100, lr:  0.00001877, eta: 1.56h, train_loss:  0.48905, valid_loss:  0.74488
INFO|2024-09-26 14:04:01: 	Train: PQ_Vm_rmse: 0.00018478  PQ_Va_rmse: 0.00179426  PV_Va_rmse: 0.00215832  delta_p: 0.00712360  delta_q: 0.00174867  
INFO|2024-09-26 14:04:01: 	ZTest: PQ_Vm_rmse: 0.00095241  PQ_Va_rmse: 0.01079451  PV_Va_rmse: 0.01163486  delta_p: 0.01702694  delta_q: 0.00419265  
INFO|2024-09-26 14:04:01: 	ZTest-ema: PQ_Vm_rmse: 0.000951  PQ_Va_rmse: 0.010644  PV_Va_rmse: 0.011508  delta_p: 0.017047  delta_q: 0.004195  
INFO|2024-09-26 14:04:01: 	           ValOfEMA:0.011508/0.010857,  Epoch:94/66
INFO|2024-09-26 14:04:03: 	Time(ep):936s,  Val(curr/best):0.011635/0.010060,  Epoch(curr/best):94/63
INFO|2024-09-26 14:04:03: -------------------- Epoch: 95 --------------------
INFO|2024-09-26 14:05:23: Epoch[095/100], iter[040/392], loss_total:0.49385, loss_equ:1.47483 loss_pq_vm:0.00802 loss_pq_va:0.11810 loss_pv_va:0.14810
INFO|2024-09-26 14:06:41: Epoch[095/100], iter[079/392], loss_total:0.47519, loss_equ:1.45579 loss_pq_vm:0.00784 loss_pq_va:0.11218 loss_pv_va:0.13901
INFO|2024-09-26 14:07:59: Epoch[095/100], iter[118/392], loss_total:0.51154, loss_equ:1.53042 loss_pq_vm:0.00852 loss_pq_va:0.12289 loss_pv_va:0.15044
INFO|2024-09-26 14:09:18: Epoch[095/100], iter[157/392], loss_total:0.51125, loss_equ:1.49826 loss_pq_vm:0.00839 loss_pq_va:0.12454 loss_pv_va:0.15303
INFO|2024-09-26 14:10:37: Epoch[095/100], iter[196/392], loss_total:0.47392, loss_equ:1.44643 loss_pq_vm:0.00768 loss_pq_va:0.11378 loss_pv_va:0.13874
INFO|2024-09-26 14:11:55: Epoch[095/100], iter[235/392], loss_total:0.47923, loss_equ:1.47299 loss_pq_vm:0.00789 loss_pq_va:0.11401 loss_pv_va:0.13902
INFO|2024-09-26 14:13:14: Epoch[095/100], iter[274/392], loss_total:0.52116, loss_equ:1.51720 loss_pq_vm:0.00864 loss_pq_va:0.12685 loss_pv_va:0.15624
INFO|2024-09-26 14:14:32: Epoch[095/100], iter[313/392], loss_total:0.49353, loss_equ:1.49776 loss_pq_vm:0.00797 loss_pq_va:0.11878 loss_pv_va:0.14528
INFO|2024-09-26 14:15:48: Epoch[095/100], iter[352/392], loss_total:0.50237, loss_equ:1.46750 loss_pq_vm:0.00868 loss_pq_va:0.12077 loss_pv_va:0.14801
INFO|2024-09-26 14:17:08: Epoch[095/100], iter[392/392], loss_total:0.48565, loss_equ:1.46541 loss_pq_vm:0.00776 loss_pq_va:0.11780 loss_pv_va:0.14370
INFO|2024-09-26 14:19:39: Epoch 94/100, lr:  0.00001609, eta: 1.3h, train_loss:  0.48813, valid_loss:  0.74495
INFO|2024-09-26 14:19:39: 	Train: PQ_Vm_rmse: 0.00018458  PQ_Va_rmse: 0.00178360  PV_Va_rmse: 0.00214466  delta_p: 0.00706654  delta_q: 0.00173860  
INFO|2024-09-26 14:19:39: 	ZTest: PQ_Vm_rmse: 0.00095460  PQ_Va_rmse: 0.01065237  PV_Va_rmse: 0.01148087  delta_p: 0.01697696  delta_q: 0.00417568  
INFO|2024-09-26 14:19:39: 	ZTest-ema: PQ_Vm_rmse: 0.000953  PQ_Va_rmse: 0.010655  PV_Va_rmse: 0.011502  delta_p: 0.016916  delta_q: 0.004170  
INFO|2024-09-26 14:19:39: 	           ValOfEMA:0.011502/0.010857,  Epoch:95/66
INFO|2024-09-26 14:19:40: 	Time(ep):936s,  Val(curr/best):0.011481/0.010060,  Epoch(curr/best):95/63
INFO|2024-09-26 14:19:40: -------------------- Epoch: 96 --------------------
INFO|2024-09-26 14:21:02: Epoch[096/100], iter[040/392], loss_total:0.48548, loss_equ:1.48223 loss_pq_vm:0.00785 loss_pq_va:0.11635 loss_pv_va:0.14237
INFO|2024-09-26 14:22:20: Epoch[096/100], iter[079/392], loss_total:0.48657, loss_equ:1.50244 loss_pq_vm:0.00756 loss_pq_va:0.11622 loss_pv_va:0.14450
INFO|2024-09-26 14:23:39: Epoch[096/100], iter[118/392], loss_total:0.51187, loss_equ:1.50623 loss_pq_vm:0.00853 loss_pq_va:0.12424 loss_pv_va:0.15171
INFO|2024-09-26 14:24:57: Epoch[096/100], iter[157/392], loss_total:0.49856, loss_equ:1.49401 loss_pq_vm:0.00842 loss_pq_va:0.11968 loss_pv_va:0.14524
INFO|2024-09-26 14:26:16: Epoch[096/100], iter[196/392], loss_total:0.48212, loss_equ:1.46920 loss_pq_vm:0.00765 loss_pq_va:0.11657 loss_pv_va:0.14215
INFO|2024-09-26 14:27:34: Epoch[096/100], iter[235/392], loss_total:0.50900, loss_equ:1.50760 loss_pq_vm:0.00832 loss_pq_va:0.12364 loss_pv_va:0.15141
INFO|2024-09-26 14:28:52: Epoch[096/100], iter[274/392], loss_total:0.48986, loss_equ:1.46531 loss_pq_vm:0.00790 loss_pq_va:0.11880 loss_pv_va:0.14554
INFO|2024-09-26 14:30:09: Epoch[096/100], iter[313/392], loss_total:0.50762, loss_equ:1.53691 loss_pq_vm:0.00808 loss_pq_va:0.12253 loss_pv_va:0.15064
INFO|2024-09-26 14:31:27: Epoch[096/100], iter[352/392], loss_total:0.48891, loss_equ:1.48471 loss_pq_vm:0.00778 loss_pq_va:0.11699 loss_pv_va:0.14569
INFO|2024-09-26 14:32:47: Epoch[096/100], iter[392/392], loss_total:0.48065, loss_equ:1.47896 loss_pq_vm:0.00774 loss_pq_va:0.11383 loss_pv_va:0.14155
INFO|2024-09-26 14:35:19: Epoch 95/100, lr:  0.00001390, eta: 1.04h, train_loss:  0.48792, valid_loss:  0.74245
INFO|2024-09-26 14:35:19: 	Train: PQ_Vm_rmse: 0.00018546  PQ_Va_rmse: 0.00178861  PV_Va_rmse: 0.00215144  delta_p: 0.00701229  delta_q: 0.00173733  
INFO|2024-09-26 14:35:19: 	ZTest: PQ_Vm_rmse: 0.00096268  PQ_Va_rmse: 0.01077870  PV_Va_rmse: 0.01159891  delta_p: 0.01668620  delta_q: 0.00412735  
INFO|2024-09-26 14:35:19: 	ZTest-ema: PQ_Vm_rmse: 0.000964  PQ_Va_rmse: 0.010742  PV_Va_rmse: 0.011573  delta_p: 0.016681  delta_q: 0.004123  
INFO|2024-09-26 14:35:19: 	           ValOfEMA:0.011573/0.010857,  Epoch:96/66
INFO|2024-09-26 14:35:20: 	Time(ep):938s,  Val(curr/best):0.011599/0.010060,  Epoch(curr/best):96/63
INFO|2024-09-26 14:35:20: -------------------- Epoch: 97 --------------------
INFO|2024-09-26 14:36:41: Epoch[097/100], iter[040/392], loss_total:0.49024, loss_equ:1.46766 loss_pq_vm:0.00788 loss_pq_va:0.11706 loss_pv_va:0.14762
INFO|2024-09-26 14:38:00: Epoch[097/100], iter[079/392], loss_total:0.47808, loss_equ:1.47764 loss_pq_vm:0.00783 loss_pq_va:0.11368 loss_pv_va:0.13835
INFO|2024-09-26 14:39:18: Epoch[097/100], iter[118/392], loss_total:0.46564, loss_equ:1.43554 loss_pq_vm:0.00765 loss_pq_va:0.11001 loss_pv_va:0.13561
INFO|2024-09-26 14:40:36: Epoch[097/100], iter[157/392], loss_total:0.48371, loss_equ:1.47758 loss_pq_vm:0.00765 loss_pq_va:0.11622 loss_pv_va:0.14319
INFO|2024-09-26 14:41:53: Epoch[097/100], iter[196/392], loss_total:0.47157, loss_equ:1.45632 loss_pq_vm:0.00771 loss_pq_va:0.11128 loss_pv_va:0.13751
INFO|2024-09-26 14:43:10: Epoch[097/100], iter[235/392], loss_total:0.48602, loss_equ:1.48397 loss_pq_vm:0.00775 loss_pq_va:0.11689 loss_pv_va:0.14322
INFO|2024-09-26 14:44:26: Epoch[097/100], iter[274/392], loss_total:0.46958, loss_equ:1.46014 loss_pq_vm:0.00756 loss_pq_va:0.11072 loss_pv_va:0.13721
INFO|2024-09-26 14:45:44: Epoch[097/100], iter[313/392], loss_total:0.46569, loss_equ:1.43731 loss_pq_vm:0.00758 loss_pq_va:0.11007 loss_pv_va:0.13608
INFO|2024-09-26 14:47:02: Epoch[097/100], iter[352/392], loss_total:0.49958, loss_equ:1.46938 loss_pq_vm:0.00848 loss_pq_va:0.12103 loss_pv_va:0.14680
INFO|2024-09-26 14:48:22: Epoch[097/100], iter[392/392], loss_total:0.47347, loss_equ:1.44593 loss_pq_vm:0.00768 loss_pq_va:0.11269 loss_pv_va:0.13942
INFO|2024-09-26 14:50:52: Epoch 96/100, lr:  0.00001220, eta: 0.78h, train_loss:  0.48688, valid_loss:  0.74295
INFO|2024-09-26 14:50:52: 	Train: PQ_Vm_rmse: 0.00018252  PQ_Va_rmse: 0.00176378  PV_Va_rmse: 0.00212551  delta_p: 0.00691797  delta_q: 0.00171508  
INFO|2024-09-26 14:50:52: 	ZTest: PQ_Vm_rmse: 0.00095002  PQ_Va_rmse: 0.01052183  PV_Va_rmse: 0.01133885  delta_p: 0.01687186  delta_q: 0.00416784  
INFO|2024-09-26 14:50:52: 	ZTest-ema: PQ_Vm_rmse: 0.000948  PQ_Va_rmse: 0.010469  PV_Va_rmse: 0.011301  delta_p: 0.016768  delta_q: 0.004144  
INFO|2024-09-26 14:50:52: 	           ValOfEMA:0.011301/0.010857,  Epoch:97/66
INFO|2024-09-26 14:50:53: 	Time(ep):932s,  Val(curr/best):0.011339/0.010060,  Epoch(curr/best):97/63
INFO|2024-09-26 14:50:53: -------------------- Epoch: 98 --------------------
INFO|2024-09-26 14:52:14: Epoch[098/100], iter[040/392], loss_total:0.49029, loss_equ:1.46276 loss_pq_vm:0.00812 loss_pq_va:0.11876 loss_pv_va:0.14405
INFO|2024-09-26 14:53:32: Epoch[098/100], iter[079/392], loss_total:0.47003, loss_equ:1.43415 loss_pq_vm:0.00780 loss_pq_va:0.11098 loss_pv_va:0.13761
INFO|2024-09-26 14:54:50: Epoch[098/100], iter[118/392], loss_total:0.46425, loss_equ:1.45960 loss_pq_vm:0.00718 loss_pq_va:0.10954 loss_pv_va:0.13691
INFO|2024-09-26 14:56:08: Epoch[098/100], iter[157/392], loss_total:0.47252, loss_equ:1.48006 loss_pq_vm:0.00758 loss_pq_va:0.10997 loss_pv_va:0.13875
INFO|2024-09-26 14:57:26: Epoch[098/100], iter[196/392], loss_total:0.49158, loss_equ:1.47200 loss_pq_vm:0.00782 loss_pq_va:0.11961 loss_pv_va:0.14658
INFO|2024-09-26 14:58:44: Epoch[098/100], iter[235/392], loss_total:0.48710, loss_equ:1.46917 loss_pq_vm:0.00826 loss_pq_va:0.11523 loss_pv_va:0.14235
INFO|2024-09-26 15:00:01: Epoch[098/100], iter[274/392], loss_total:0.48932, loss_equ:1.46886 loss_pq_vm:0.00780 loss_pq_va:0.11784 loss_pv_va:0.14655
INFO|2024-09-26 15:01:18: Epoch[098/100], iter[313/392], loss_total:0.49316, loss_equ:1.47008 loss_pq_vm:0.00792 loss_pq_va:0.11976 loss_pv_va:0.14717
INFO|2024-09-26 15:02:34: Epoch[098/100], iter[352/392], loss_total:0.48849, loss_equ:1.46718 loss_pq_vm:0.00811 loss_pq_va:0.11743 loss_pv_va:0.14326
INFO|2024-09-26 15:03:53: Epoch[098/100], iter[392/392], loss_total:0.49678, loss_equ:1.48303 loss_pq_vm:0.00793 loss_pq_va:0.12147 loss_pv_va:0.14769
INFO|2024-09-26 15:06:24: Epoch 97/100, lr:  0.00001098, eta: 0.52h, train_loss:  0.48658, valid_loss:  0.74106
INFO|2024-09-26 15:06:24: 	Train: PQ_Vm_rmse: 0.00018341  PQ_Va_rmse: 0.00178821  PV_Va_rmse: 0.00216237  delta_p: 0.00701333  delta_q: 0.00173535  
INFO|2024-09-26 15:06:24: 	ZTest: PQ_Vm_rmse: 0.00094039  PQ_Va_rmse: 0.01046625  PV_Va_rmse: 0.01128531  delta_p: 0.01663166  delta_q: 0.00411575  
INFO|2024-09-26 15:06:24: 	ZTest-ema: PQ_Vm_rmse: 0.000945  PQ_Va_rmse: 0.010512  PV_Va_rmse: 0.011345  delta_p: 0.016653  delta_q: 0.004123  
INFO|2024-09-26 15:06:24: 	           ValOfEMA:0.011345/0.010857,  Epoch:98/66
INFO|2024-09-26 15:06:25: 	Time(ep):931s,  Val(curr/best):0.011285/0.010060,  Epoch(curr/best):98/63
INFO|2024-09-26 15:06:25: -------------------- Epoch: 99 --------------------
INFO|2024-09-26 15:07:46: Epoch[099/100], iter[040/392], loss_total:0.48142, loss_equ:1.46280 loss_pq_vm:0.00765 loss_pq_va:0.11515 loss_pv_va:0.14343
INFO|2024-09-26 15:09:05: Epoch[099/100], iter[079/392], loss_total:0.49004, loss_equ:1.45242 loss_pq_vm:0.00815 loss_pq_va:0.11878 loss_pv_va:0.14451
INFO|2024-09-26 15:10:23: Epoch[099/100], iter[118/392], loss_total:0.49402, loss_equ:1.49764 loss_pq_vm:0.00799 loss_pq_va:0.11896 loss_pv_va:0.14538
INFO|2024-09-26 15:11:41: Epoch[099/100], iter[157/392], loss_total:0.50119, loss_equ:1.51172 loss_pq_vm:0.00818 loss_pq_va:0.12072 loss_pv_va:0.14748
INFO|2024-09-26 15:12:59: Epoch[099/100], iter[196/392], loss_total:0.48596, loss_equ:1.49015 loss_pq_vm:0.00785 loss_pq_va:0.11541 loss_pv_va:0.14304
INFO|2024-09-26 15:14:17: Epoch[099/100], iter[235/392], loss_total:0.50742, loss_equ:1.50647 loss_pq_vm:0.00807 loss_pq_va:0.12363 loss_pv_va:0.15246
INFO|2024-09-26 15:15:35: Epoch[099/100], iter[274/392], loss_total:0.49366, loss_equ:1.49242 loss_pq_vm:0.00801 loss_pq_va:0.11824 loss_pv_va:0.14608
INFO|2024-09-26 15:16:52: Epoch[099/100], iter[313/392], loss_total:0.49904, loss_equ:1.48527 loss_pq_vm:0.00851 loss_pq_va:0.11906 loss_pv_va:0.14640
INFO|2024-09-26 15:18:09: Epoch[099/100], iter[352/392], loss_total:0.48364, loss_equ:1.50863 loss_pq_vm:0.00762 loss_pq_va:0.11485 loss_pv_va:0.14173
INFO|2024-09-26 15:19:28: Epoch[099/100], iter[392/392], loss_total:0.47786, loss_equ:1.47701 loss_pq_vm:0.00765 loss_pq_va:0.11326 loss_pv_va:0.14035
INFO|2024-09-26 15:21:59: Epoch 98/100, lr:  0.00001024, eta: 0.26h, train_loss:  0.48658, valid_loss:  0.74264
INFO|2024-09-26 15:21:59: 	Train: PQ_Vm_rmse: 0.00018311  PQ_Va_rmse: 0.00178427  PV_Va_rmse: 0.00216256  delta_p: 0.00694598  delta_q: 0.00172797  
INFO|2024-09-26 15:21:59: 	ZTest: PQ_Vm_rmse: 0.00094316  PQ_Va_rmse: 0.01052107  PV_Va_rmse: 0.01136378  delta_p: 0.01692830  delta_q: 0.00417262  
INFO|2024-09-26 15:21:59: 	ZTest-ema: PQ_Vm_rmse: 0.000950  PQ_Va_rmse: 0.010529  PV_Va_rmse: 0.011353  delta_p: 0.016615  delta_q: 0.004119  
INFO|2024-09-26 15:21:59: 	           ValOfEMA:0.011353/0.010857,  Epoch:99/66
INFO|2024-09-26 15:22:00: 	Time(ep):933s,  Val(curr/best):0.011364/0.010060,  Epoch(curr/best):99/63
INFO|2024-09-26 15:22:00: -------------------- Epoch: 100 --------------------
INFO|2024-09-26 15:23:22: Epoch[100/100], iter[040/392], loss_total:0.48841, loss_equ:1.48010 loss_pq_vm:0.00813 loss_pq_va:0.11624 loss_pv_va:0.14288
INFO|2024-09-26 15:24:40: Epoch[100/100], iter[079/392], loss_total:0.46794, loss_equ:1.46116 loss_pq_vm:0.00727 loss_pq_va:0.11103 loss_pv_va:0.13809
INFO|2024-09-26 15:25:59: Epoch[100/100], iter[118/392], loss_total:0.47319, loss_equ:1.43065 loss_pq_vm:0.00768 loss_pq_va:0.11422 loss_pv_va:0.13906
INFO|2024-09-26 15:27:17: Epoch[100/100], iter[157/392], loss_total:0.46967, loss_equ:1.46836 loss_pq_vm:0.00743 loss_pq_va:0.11038 loss_pv_va:0.13812
INFO|2024-09-26 15:28:35: Epoch[100/100], iter[196/392], loss_total:0.48441, loss_equ:1.43375 loss_pq_vm:0.00792 loss_pq_va:0.11710 loss_pv_va:0.14472
INFO|2024-09-26 15:29:53: Epoch[100/100], iter[235/392], loss_total:0.48415, loss_equ:1.49970 loss_pq_vm:0.00779 loss_pq_va:0.11373 loss_pv_va:0.14257
INFO|2024-09-26 15:31:12: Epoch[100/100], iter[274/392], loss_total:0.47035, loss_equ:1.45032 loss_pq_vm:0.00789 loss_pq_va:0.11132 loss_pv_va:0.13510
INFO|2024-09-26 15:32:31: Epoch[100/100], iter[313/392], loss_total:0.48516, loss_equ:1.47700 loss_pq_vm:0.00772 loss_pq_va:0.11643 loss_pv_va:0.14381
INFO|2024-09-26 15:33:50: Epoch[100/100], iter[352/392], loss_total:0.48508, loss_equ:1.46235 loss_pq_vm:0.00777 loss_pq_va:0.11722 loss_pv_va:0.14388
INFO|2024-09-26 15:35:10: Epoch[100/100], iter[392/392], loss_total:0.49418, loss_equ:1.45787 loss_pq_vm:0.00808 loss_pq_va:0.11911 loss_pv_va:0.14848
INFO|2024-09-26 15:37:40: Epoch 99/100, lr:  0.00001000, eta: 0.0h, train_loss:  0.48603, valid_loss:  0.74270
INFO|2024-09-26 15:37:40: 	Train: PQ_Vm_rmse: 0.00018229  PQ_Va_rmse: 0.00177472  PV_Va_rmse: 0.00214726  delta_p: 0.00690940  delta_q: 0.00171669  
INFO|2024-09-26 15:37:40: 	ZTest: PQ_Vm_rmse: 0.00094519  PQ_Va_rmse: 0.01044076  PV_Va_rmse: 0.01127098  delta_p: 0.01668074  delta_q: 0.00411264  
INFO|2024-09-26 15:37:40: 	ZTest-ema: PQ_Vm_rmse: 0.000946  PQ_Va_rmse: 0.010426  PV_Va_rmse: 0.011261  delta_p: 0.016658  delta_q: 0.004128  
INFO|2024-09-26 15:37:40: 	           ValOfEMA:0.011261/0.010857,  Epoch:100/66
INFO|2024-09-26 15:37:41: 	Time(ep):940s,  Val(curr/best):0.011271/0.010060,  Epoch(curr/best):100/63
